version 1
nodes
0 "ValveBiped.Bip01_Pelvis" -1
1 "ValveBiped.Bip01_Spine" 0
2 "ValveBiped.Bip01_Spine1" 1
3 "ValveBiped.Bip01_Spine2" 2
4 "ValveBiped.Bip01_Spine4" 3
5 "ValveBiped.Bip01_Neck1" 4
6 "ValveBiped.Bip01_Head1" 5
7 "ValveBiped.forward" 6
8 "ValveBiped.Bip01_R_Clavicle" 4
9 "ValveBiped.Bip01_R_UpperArm" 8
10 "ValveBiped.Bip01_R_Forearm" 9
11 "ValveBiped.Bip01_R_Hand" 10
12 "ValveBiped.Anim_Attachment_RH" 11
13 "ValveBiped.Bip01_R_Finger4" 11
14 "ValveBiped.Bip01_R_Finger41" 13
15 "ValveBiped.Bip01_R_Finger42" 14
16 "ValveBiped.Bip01_R_Finger3" 11
17 "ValveBiped.Bip01_R_Finger31" 16
18 "ValveBiped.Bip01_R_Finger32" 17
19 "ValveBiped.Bip01_R_Finger2" 11
20 "ValveBiped.Bip01_R_Finger21" 19
21 "ValveBiped.Bip01_R_Finger22" 20
22 "ValveBiped.Bip01_R_Finger1" 11
23 "ValveBiped.Bip01_R_Finger11" 22
24 "ValveBiped.Bip01_R_Finger12" 23
25 "ValveBiped.Bip01_R_Finger0" 11
26 "ValveBiped.Bip01_R_Finger01" 25
27 "ValveBiped.Bip01_R_Finger02" 26
28 "ValveBiped.Bip01_R_Ulna" 10
29 "ValveBiped.Bip01_R_Wrist" 10
30 "ValveBiped.Bip01_R_Shoulder" 9
31 "ValveBiped.Bip01_R_Bicep" 9
32 "ValveBiped.Bip01_R_Elbow" 9
33 "ValveBiped.Bip01_R_Trapezius" 8
34 "ValveBiped.Bip01_L_Clavicle" 4
35 "ValveBiped.Bip01_L_UpperArm" 34
36 "ValveBiped.Bip01_L_Forearm" 35
37 "ValveBiped.Bip01_L_Hand" 36
38 "ValveBiped.Anim_Attachment_LH" 37
39 "ValveBiped.Bip01_L_Finger4" 37
40 "ValveBiped.Bip01_L_Finger41" 39
41 "ValveBiped.Bip01_L_Finger42" 40
42 "ValveBiped.Bip01_L_Finger3" 37
43 "ValveBiped.Bip01_L_Finger31" 42
44 "ValveBiped.Bip01_L_Finger32" 43
45 "ValveBiped.Bip01_L_Finger2" 37
46 "ValveBiped.Bip01_L_Finger21" 45
47 "ValveBiped.Bip01_L_Finger22" 46
48 "ValveBiped.Bip01_L_Finger1" 37
49 "ValveBiped.Bip01_L_Finger11" 48
50 "ValveBiped.Bip01_L_Finger12" 49
51 "ValveBiped.Bip01_L_Finger0" 37
52 "ValveBiped.Bip01_L_Finger01" 51
53 "ValveBiped.Bip01_L_Finger02" 52
54 "ValveBiped.Bip01_L_Ulna" 36
55 "ValveBiped.Bip01_L_Wrist" 36
56 "ValveBiped.Bip01_L_Shoulder" 35
57 "ValveBiped.Bip01_L_Bicep" 35
58 "ValveBiped.Bip01_L_Elbow" 35
59 "ValveBiped.Bip01_L_Trapezius" 34
60 "ValveBiped.Bip01_L_Pectoral" 3
61 "ValveBiped.Bip01_R_Thigh" 0
62 "ValveBiped.Bip01_R_Calf" 61
63 "ValveBiped.Bip01_R_Foot" 62
64 "ValveBiped.Bip01_R_Toe0" 63
65 "ValveBiped.Bip01_L_Thigh" 0
66 "ValveBiped.Bip01_L_Calf" 65
67 "ValveBiped.Bip01_L_Foot" 66
68 "ValveBiped.Bip01_L_Toe0" 67
69 "root" -1
end
skeleton
time 0
0  -0.000005 -0.533615 38.566917  1.570796 -0.000000 0.000000
1  0.000005 3.345128 -2.981901  1.570797 0.086281 1.570793
2  4.018299 -0.000046 -0.000024  -0.000000 -0.000005 -0.029254
3  3.518552 -0.000017 -0.000026  0.000000 -0.000038 0.100330
4  8.942608 0.000031 -0.000404  0.000008 0.000043 0.194101
5  3.307233 -0.000009 -0.000005  3.141592 -0.000000 0.400485
6  3.593704 0.000034 0.000008  -0.000000 0.000003 0.406601
7  1.999972 -3.000012 0.000013  -1.570791 -0.000002 -1.326473
8  2.033312 1.000779 -1.937615  1.473075 1.855095 -0.198683
9  6.028141 0.000076 0.000076  1.590091 -0.099554 0.273382
10  11.692575 0.000185 0.000026  -0.001733 0.013681 -0.311253
11  11.481683 0.000130 -0.000020  -1.564929 0.106608 0.044206
12  2.676071 -1.712444 0.000006  -1.570805 0.000004 -1.570866
13  3.859641 -0.132581 1.193103  0.366277 -0.149869 -0.332024
14  1.312549 0.000020 0.000012  0.148500 0.140467 -0.017314
15  0.729386 0.000006 0.000004  0.000019 -0.006136 -0.244267
16  3.942250 0.050328 0.431038  0.129736 -0.110552 -0.545309
17  1.539097 -0.000022 -0.000008  0.034174 0.141240 0.546460
18  1.196305 -0.000037 0.000004  -0.000011 -0.009654 -0.430766
19  3.883633 -0.050343 -0.431044  -0.103682 -0.052854 -0.146756
20  1.719593 0.000013 -0.000017  -0.007600 0.030959 -0.099111
21  1.209156 0.000015 -0.000036  -0.000016 -0.004428 -0.216387
22  3.859833 -0.148930 -1.331283  -0.345580 0.028176 -0.268446
23  1.719427 0.000014 0.000026  -0.019999 -0.090356 0.128402
24  1.099685 -0.000010 -0.000000  -0.000015 -0.004185 -0.244327
25  0.805999 -0.359831 -1.318331  1.258258 0.364081 -0.444372
26  1.789772 0.000002 0.000043  0.019255 -0.120173 0.075542
27  1.206988 -0.000011 0.000007  0.000007 -0.009611 0.362901
28  5.740846 0.000060 0.000007  0.000077 0.000001 0.000021
29  11.481683 0.000130 -0.000020  0.000139 -0.000001 0.000027
30  1.500009 0.000020 0.000000  0.000000 0.000001 0.000016
31  5.560012 0.000085 -0.000008  0.000000 0.000000 0.000033
32  -19.260180 -3.788715 58.446075  -0.055227 -3.134983 -0.042925
33  5.166969 0.000065 0.000065  0.000003 -0.000009 -0.000000
34  2.033360 1.000758 1.937656  -1.544918 -1.855090 -0.198677
35  6.028137 0.000086 -0.000077  -1.520705 0.080000 0.279606
36  11.692540 -0.000563 0.000006  0.001831 -0.014042 -0.318127
37  11.481676 0.000720 0.000002  1.573192 -0.106604 0.044271
38  2.676105 -1.712411 0.000074  1.570781 0.000028 1.570678
39  3.859726 -0.142370 -1.191921  -0.373249 0.084822 -0.392600
40  1.312554 -0.000020 0.000023  -0.033214 -0.054309 0.096968
41  0.729370 -0.000025 -0.000010  0.000028 0.004979 -0.244292
42  3.942331 0.046805 -0.431393  -0.117932 0.118570 -0.428287
43  1.539076 -0.000008 -0.000012  -0.020012 -0.129392 0.326111
44  1.196315 0.000073 -0.000008  0.000007 0.007363 -0.430805
45  3.883712 -0.046702 0.431492  0.093520 0.039461 -0.340179
46  1.719578 -0.000000 -0.000007  0.034075 -0.016610 0.192356
47  1.209166 0.000014 -0.000024  -0.000005 0.003105 -0.216389
48  3.859861 -0.137861 1.332519  0.348571 -0.036149 -0.383829
49  1.719410 0.000008 -0.000031  0.108426 0.085476 0.261803
50  1.099665 0.000023 0.000003  -0.000006 0.002602 -0.244324
51  0.806038 -0.348881 1.321285  -1.284113 -0.334962 -0.484562
52  1.789779 0.000011 0.000008  0.019425 0.057121 0.062852
53  1.207005 0.000025 -0.000027  0.000007 0.011267 0.362853
54  5.740851 0.000363 0.000027  0.000676 -0.000001 0.000052
55  11.481727 0.000724 0.000044  0.001276 0.000001 0.000073
56  1.499979 -0.000073 -0.000004  -0.000001 -0.000000 -0.000049
57  5.559987 -0.000267 -0.000032  -0.000001 -0.000000 -0.000088
58  4.062572 -5.479746 -58.253586  -0.054828 -0.009851 -0.101875
59  5.166952 0.000076 -0.000064  0.000001 -0.000013 0.000004
60  -46.802299 -2.343235 1.027571  -0.010044 -1.570749 -3.116311
61  -3.890452 0.000004 0.000007  -1.570795 0.051843 -1.576021
62  17.848209 0.000154 -0.000006  -0.000003 -0.000000 0.034048
63  16.525280 0.002481 0.000008  0.038612 0.040781 -1.071485
64  6.879457 0.000009 0.000021  -0.081333 -0.002950 -0.584375
65  3.890452 -0.000004 -0.000003  -1.570798 0.051843 -1.565574
66  17.848141 0.000031 -0.000001  0.000007 -0.000000 0.034171
67  16.525267 0.000498 -0.000008  -0.027917 -0.040784 -1.071627
68  3.991918 2.504525 2.697958  1.559987 -0.937024 -0.583297
69  0.000000 0.000000 0.000000  0.000000 -0.000000 0.000000
end
triangles
barc_straps
0  3.909363 -4.765184 45.868767  -0.150377 0.982225 0.112347  0.751674 0.727226 1 2 1.000000
0  3.069248 -4.808075 45.135040  -0.148696 0.982425 0.112828  0.783862 0.756131 1 2 1.000000
0  2.657429 -4.958394 45.869217  -0.159724 0.980045 0.118326  0.799999 0.727022 1 2 1.000000
barc_straps
0  3.069248 -4.808075 45.135040  -0.148696 0.982425 0.112828  0.783862 0.756131 1 2 1.000000
0  2.640953 -4.706148 43.667564  -0.147354 0.982805 0.111269  0.799894 0.814110 1 2 1.000000
0  1.389015 -4.893861 43.667618  -0.157438 0.980361 0.118763  0.848240 0.813941 1 2 1.000000
barc_straps
0  3.069248 -4.808075 45.135040  -0.148696 0.982425 0.112828  0.783862 0.756131 1 2 1.000000
0  3.909363 -4.765184 45.868767  -0.150377 0.982225 0.112347  0.751674 0.727226 1 2 1.000000
0  3.892895 -4.518436 43.667511  -0.147354 0.982805 0.111269  0.751547 0.814278 1 2 1.000000
barc_straps
0  2.245621 -5.119709 46.604202  -0.169994 0.977743 0.122969  0.816093 0.697840 1 2 1.000000
0  2.673923 -5.232633 48.072502  -0.172004 0.977092 0.125320  0.800020 0.639789 1 2 1.000000
0  3.925835 -5.011930 48.070004  -0.162044 0.979714 0.117905  0.751799 0.640174 2 2 0.998607 3 0.001393
barc_straps
0  2.245621 -5.119709 46.604202  -0.169994 0.977743 0.122969  0.816093 0.697840 1 2 1.000000
0  1.405514 -5.173598 45.871307  -0.169497 0.977590 0.124856  0.848240 0.726672 1 2 1.000000
0  1.422012 -5.453334 48.074986  -0.172004 0.977092 0.125320  0.848240 0.639404 1 2 1.000000
barc_straps
0  1.405514 -5.173598 45.871307  -0.169497 0.977590 0.124856  0.848240 0.726672 1 2 1.000000
0  2.245621 -5.119709 46.604202  -0.169994 0.977743 0.122969  0.816093 0.697840 1 2 1.000000
0  2.657429 -4.958394 45.869217  -0.159724 0.980045 0.118326  0.799999 0.727022 1 2 1.000000
barc_straps
0  3.909363 -4.765184 45.868767  -0.150377 0.982225 0.112347  0.751674 0.727226 1 2 1.000000
0  2.657429 -4.958394 45.869217  -0.159724 0.980045 0.118326  0.799999 0.727022 1 2 1.000000
0  3.925835 -5.011930 48.070004  -0.162044 0.979714 0.117905  0.751799 0.640174 2 2 0.998607 3 0.001393
barc_straps
0  3.069248 -4.808075 45.135040  -0.148696 0.982425 0.112828  0.783862 0.756131 1 2 1.000000
0  1.389015 -4.893861 43.667618  -0.157438 0.980361 0.118763  0.848240 0.813941 1 2 1.000000
0  2.657429 -4.958394 45.869217  -0.159724 0.980045 0.118326  0.799999 0.727022 1 2 1.000000
barc_straps
0  3.069248 -4.808075 45.135040  -0.148696 0.982425 0.112828  0.783862 0.756131 1 2 1.000000
0  3.892895 -4.518436 43.667511  -0.147354 0.982805 0.111269  0.751547 0.814278 1 2 1.000000
0  2.640953 -4.706148 43.667564  -0.147354 0.982805 0.111269  0.799894 0.814110 1 2 1.000000
barc_straps
0  2.245621 -5.119709 46.604202  -0.169994 0.977743 0.122969  0.816093 0.697840 1 2 1.000000
0  3.925835 -5.011930 48.070004  -0.162044 0.979714 0.117905  0.751799 0.640174 2 2 0.998607 3 0.001393
0  2.657429 -4.958394 45.869217  -0.159724 0.980045 0.118326  0.799999 0.727022 1 2 1.000000
barc_straps
0  2.245621 -5.119709 46.604202  -0.169994 0.977743 0.122969  0.816093 0.697840 1 2 1.000000
0  1.422012 -5.453334 48.074986  -0.172004 0.977092 0.125320  0.848240 0.639404 1 2 1.000000
0  2.673923 -5.232633 48.072502  -0.172004 0.977092 0.125320  0.800020 0.639789 1 2 1.000000
barc_straps
0  1.405514 -5.173598 45.871307  -0.169497 0.977590 0.124856  0.848240 0.726672 1 2 1.000000
0  2.657429 -4.958394 45.869217  -0.159724 0.980045 0.118326  0.799999 0.727022 1 2 1.000000
0  1.389015 -4.893861 43.667618  -0.157438 0.980361 0.118763  0.848240 0.813941 1 2 1.000000
barc_straps
0  2.673923 -5.232633 48.072502  0.110371 -0.615005 0.780761  0.931109 0.914244 1 2 1.000000
0  2.304348 -5.555575 47.870724  0.110579 -0.614562 0.781080  0.942589 0.930871 1 2 1.000000
0  2.742317 -5.611053 47.764523  0.112412 -0.617582 0.778431  0.948084 0.914402 1 2 1.000000
barc_straps
0  2.304348 -5.555575 47.870724  0.110579 -0.614562 0.781080  0.942589 0.930871 1 2 1.000000
0  1.493607 -5.827400 47.771080  0.109803 -0.614008 0.781625  0.948750 0.964124 1 2 1.000000
0  1.565199 -6.201466 47.467175  0.112385 -0.616827 0.779034  0.965550 0.964124 1 2 1.000000
barc_straps
0  2.304348 -5.555575 47.870724  0.110579 -0.614562 0.781080  0.942589 0.930871 1 2 1.000000
0  2.673923 -5.232633 48.072502  0.110371 -0.615005 0.780761  0.931109 0.914244 1 2 1.000000
0  1.422012 -5.453334 48.074986  0.109809 -0.614009 0.781623  0.931949 0.964124 1 2 1.000000
barc_straps
0  3.173883 -5.675237 47.650173  0.114221 -0.620527 0.775822  0.953928 0.898248 1 2 1.000000
0  3.978222 -5.412123 47.741676  0.114954 -0.621034 0.775307  0.948117 0.865311 1 2 1.000000
0  3.925835 -5.011930 48.070004  0.112552 -0.618454 0.777719  0.930269 0.864365 2 2 0.998607 3 0.001393
barc_straps
0  3.173883 -5.675237 47.650173  0.114221 -0.620527 0.775822  0.953928 0.898248 1 2 1.000000
0  2.797905 -6.006892 47.440262  0.114798 -0.620374 0.775860  0.965758 0.915190 1 2 1.000000
0  4.030613 -5.812315 47.413345  0.114955 -0.621035 0.775307  0.965965 0.866257 1 2 1.000000
barc_straps
0  2.797905 -6.006892 47.440262  0.114798 -0.620374 0.775860  0.965758 0.915190 1 2 1.000000
0  3.173883 -5.675237 47.650173  0.114221 -0.620527 0.775822  0.953928 0.898248 1 2 1.000000
0  2.742317 -5.611053 47.764523  0.112412 -0.617582 0.778431  0.948084 0.914402 1 2 1.000000
barc_straps
0  2.673923 -5.232633 48.072502  0.110371 -0.615005 0.780761  0.931109 0.914244 1 2 1.000000
0  2.742317 -5.611053 47.764523  0.112412 -0.617582 0.778431  0.948084 0.914402 1 2 1.000000
0  3.925835 -5.011930 48.070004  0.112552 -0.618454 0.777719  0.930269 0.864365 2 2 0.998607 3 0.001393
barc_straps
0  2.304348 -5.555575 47.870724  0.110579 -0.614562 0.781080  0.942589 0.930871 1 2 1.000000
0  1.565199 -6.201466 47.467175  0.112385 -0.616827 0.779034  0.965550 0.964124 1 2 1.000000
0  2.742317 -5.611053 47.764523  0.112412 -0.617582 0.778431  0.948084 0.914402 1 2 1.000000
barc_straps
0  2.304348 -5.555575 47.870724  0.110579 -0.614562 0.781080  0.942589 0.930871 1 2 1.000000
0  1.422012 -5.453334 48.074986  0.109809 -0.614009 0.781623  0.931949 0.964124 1 2 1.000000
0  1.493607 -5.827400 47.771080  0.109803 -0.614008 0.781625  0.948750 0.964124 1 2 1.000000
barc_straps
0  3.173883 -5.675237 47.650173  0.114221 -0.620527 0.775822  0.953928 0.898248 1 2 1.000000
0  3.925835 -5.011930 48.070004  0.112552 -0.618454 0.777719  0.930269 0.864365 2 2 0.998607 3 0.001393
0  2.742317 -5.611053 47.764523  0.112412 -0.617582 0.778431  0.948084 0.914402 1 2 1.000000
barc_straps
0  3.173883 -5.675237 47.650173  0.114221 -0.620527 0.775822  0.953928 0.898248 1 2 1.000000
0  4.030613 -5.812315 47.413345  0.114955 -0.621035 0.775307  0.965965 0.866257 1 2 1.000000
0  3.978222 -5.412123 47.741676  0.114954 -0.621034 0.775307  0.948117 0.865311 1 2 1.000000
barc_straps
0  2.797905 -6.006892 47.440262  0.114798 -0.620374 0.775860  0.965758 0.915190 1 2 1.000000
0  2.742317 -5.611053 47.764523  0.112412 -0.617582 0.778431  0.948084 0.914402 1 2 1.000000
0  1.565199 -6.201466 47.467175  0.112385 -0.616827 0.779034  0.965550 0.964124 1 2 1.000000
barc_straps
0  1.747658 -5.630533 44.018326  0.167440 -0.977653 -0.127114  0.832766 0.817530 1 2 1.000000
0  1.776636 -5.635191 44.092331  0.167461 -0.977649 -0.127121  0.831666 0.820458 1 2 1.000000
0  1.748600 -5.639459 44.088219  0.151413 -0.981382 -0.118169  0.832761 0.820297 1 2 1.000000
barc_straps
0  1.748600 -5.639459 44.088219  0.151413 -0.981382 -0.118169  0.832761 0.820297 1 2 1.000000
0  1.776636 -5.635191 44.092331  0.167461 -0.977649 -0.127121  0.831666 0.820458 1 2 1.000000
0  1.833651 -5.635584 44.170456  0.167438 -0.977657 -0.127087  0.829470 0.823548 1 2 1.000000
barc_straps
0  1.776636 -5.635191 44.092331  0.167461 -0.977649 -0.127121  0.831666 0.820458 1 2 1.000000
0  1.747658 -5.630533 44.018326  0.167440 -0.977653 -0.127114  0.832766 0.817530 1 2 1.000000
0  1.832706 -5.626661 44.100578  0.167433 -0.977657 -0.127092  0.829475 0.820782 1 2 1.000000
barc_straps
0  3.079422 -5.676167 45.115669  0.165393 -0.978187 -0.125677  0.037493 0.817804 1 2 1.000000
0  2.771717 -5.634613 44.391251  0.165811 -0.978052 -0.126178  0.049208 0.789139 1 2 1.000000
0  3.687613 -5.438930 44.090950  0.167218 -0.977710 -0.126967  0.013228 0.777197 1 2 1.000000
barc_straps
0  3.079422 -5.676167 45.115669  0.165393 -0.978187 -0.125677  0.037493 0.817804 1 2 1.000000
0  2.777458 -5.790984 45.620171  0.159802 -0.979492 -0.122717  0.049542 0.837787 1 2 1.000000
0  1.858757 -5.809471 44.563057  0.161271 -0.979340 -0.122002  0.085020 0.795980 1 2 1.000000
barc_straps
0  2.777458 -5.790984 45.620171  0.159802 -0.979492 -0.122717  0.049542 0.837787 1 2 1.000000
0  3.079422 -5.676167 45.115669  0.165393 -0.978187 -0.125677  0.037493 0.817804 1 2 1.000000
0  3.691753 -5.629350 45.561119  0.165528 -0.978068 -0.126427  0.013731 0.835406 1 2 1.000000
barc_straps
0  2.769428 -5.530808 43.588860  0.167218 -0.977722 -0.126881  0.048935 0.757370 1 2 1.000000
0  3.075489 -5.500184 43.756226  0.167215 -0.977722 -0.126881  0.037032 0.763979 1 2 1.000000
0  2.658817 -5.582065 43.838058  0.167218 -0.977721 -0.126882  0.053376 0.767242 1 2 1.000000
barc_straps
0  3.075489 -5.500184 43.756226  0.167215 -0.977722 -0.126881  0.037032 0.763979 1 2 1.000000
0  3.658218 -5.409787 43.827629  0.167219 -0.977722 -0.126874  0.014259 0.766774 1 2 1.000000
0  3.687613 -5.438930 44.090950  0.167218 -0.977710 -0.126967  0.013228 0.777197 1 2 1.000000
barc_straps
0  3.075489 -5.500184 43.756226  0.167215 -0.977722 -0.126881  0.037032 0.763979 1 2 1.000000
0  2.769428 -5.530808 43.588860  0.167218 -0.977722 -0.126881  0.048935 0.757370 1 2 1.000000
0  4.019855 -5.317478 43.592903  0.167083 -0.977736 -0.126948  0.000000 0.757460 1 2 1.000000
barc_straps
0  2.479759 -5.898203 46.108940  0.153053 -0.981102 -0.118378  0.061424 0.857132 1 2 1.000000
0  2.777458 -5.790984 45.620171  0.159802 -0.979492 -0.122717  0.049542 0.837787 1 2 1.000000
0  3.695892 -5.819773 47.031281  0.158467 -0.979718 -0.122637  0.014234 0.893614 1 2 1.000000
barc_straps
0  2.777458 -5.790984 45.620171  0.159802 -0.979492 -0.122717  0.049542 0.837787 1 2 1.000000
0  2.479759 -5.898203 46.108940  0.153053 -0.981102 -0.118378  0.061424 0.857132 1 2 1.000000
0  1.871693 -5.937417 45.647766  0.154180 -0.980946 -0.118213  0.085018 0.838891 1 2 1.000000
barc_straps
0  2.479759 -5.898203 46.108940  0.153053 -0.981102 -0.118378  0.061424 0.857132 1 2 1.000000
0  2.792259 -5.962405 47.051010  0.152333 -0.981331 -0.117409  0.049626 0.894398 1 2 1.000000
0  1.888626 -6.105039 47.070747  0.152333 -0.981331 -0.117409  0.085018 0.895182 1 2 1.000000
barc_straps
0  1.782726 -5.671008 44.040565  -0.676950 -0.197054 0.709160  0.831957 0.634129 1 2 1.000000
0  1.757740 -5.693176 44.010544  -0.676934 -0.197065 0.709172  0.832795 0.635332 1 2 1.000000
0  1.852871 -5.751948 44.085014  -0.676889 -0.197086 0.709210  0.835307 0.631955 1 2 1.000000
barc_straps
0  1.757740 -5.693176 44.010544  -0.676934 -0.197065 0.709172  0.832795 0.635332 1 2 1.000000
0  1.782726 -5.671008 44.040565  -0.676950 -0.197054 0.709160  0.831957 0.634129 1 2 1.000000
0  1.747658 -5.630533 44.018326  -0.676956 -0.196997 0.709170  0.830282 0.635216 1 2 1.000000
barc_straps
0  1.782726 -5.671008 44.040565  -0.676950 -0.197054 0.709160  0.831957 0.634129 1 2 1.000000
0  1.842789 -5.689303 44.092796  -0.676829 -0.197041 0.709279  0.832795 0.631839 1 2 1.000000
0  1.832706 -5.626661 44.100578  -0.676855 -0.196985 0.709270  0.830282 0.631723 1 2 1.000000
barc_straps
0  2.771717 -5.634613 44.391251  0.165811 -0.978052 -0.126178  0.049208 0.789139 1 2 1.000000
0  2.465080 -5.653558 44.133583  0.166135 -0.978452 -0.122600  0.061092 0.778954 1 2 1.000000
0  2.589682 -5.622361 44.057449  0.167204 -0.977713 -0.126965  0.056181 0.775933 1 2 1.000000
barc_straps
0  2.465080 -5.653558 44.133583  0.166135 -0.978452 -0.122600  0.061092 0.778954 1 2 1.000000
0  1.853813 -5.760872 44.154900  0.167619 -0.978551 -0.119761  0.085024 0.779832 1 2 1.000000
0  1.852871 -5.751948 44.085014  0.167211 -0.977712 -0.126963  0.085029 0.777065 1 2 1.000000
barc_straps
0  2.465080 -5.653558 44.133583  0.166135 -0.978452 -0.122600  0.061092 0.778954 1 2 1.000000
0  2.771717 -5.634613 44.391251  0.165811 -0.978052 -0.126178  0.049208 0.789139 1 2 1.000000
0  1.858757 -5.809471 44.563057  0.161271 -0.979340 -0.122002  0.085020 0.795980 1 2 1.000000
barc_straps
0  3.849911 -5.382561 43.870461  0.167237 -0.977719 -0.126874  0.006777 0.768458 1 2 1.000000
0  3.931061 -5.354374 43.760208  0.167001 -0.977744 -0.126992  0.003551 0.764089 1 2 1.000000
0  3.842262 -5.391272 43.927513  0.167039 -0.977739 -0.126980  0.007102 0.770718 1 2 1.000000
barc_straps
0  3.931061 -5.354374 43.760208  0.167001 -0.977744 -0.126992  0.003551 0.764089 1 2 1.000000
0  3.849911 -5.382561 43.870461  0.167237 -0.977719 -0.126874  0.006777 0.768458 1 2 1.000000
0  3.658218 -5.409787 43.827629  0.167219 -0.977722 -0.126874  0.014259 0.766774 1 2 1.000000
barc_straps
0  3.658218 -5.409787 43.827629  0.167219 -0.977722 -0.126874  0.014259 0.766774 1 2 1.000000
0  3.849911 -5.382561 43.870461  0.167237 -0.977719 -0.126874  0.006777 0.768458 1 2 1.000000
0  3.764938 -5.415101 44.009239  0.167224 -0.977722 -0.126869  0.010165 0.773958 1 2 1.000000
barc_straps
0  1.852478 -5.723253 43.863373  0.167217 -0.977723 -0.126875  0.084944 0.768290 1 2 1.000000
0  1.684879 -5.751928 43.863449  0.167226 -0.977722 -0.126869  0.091503 0.768302 1 2 1.000000
0  1.600885 -5.751917 43.752655  0.151696 -0.981181 -0.119463  0.094740 0.763921 1 2 1.000000
barc_straps
0  1.684879 -5.751928 43.863449  0.167226 -0.977722 -0.126869  0.091503 0.768302 1 2 1.000000
0  1.767822 -5.755821 44.002762  0.167229 -0.977720 -0.126878  0.088320 0.773813 1 2 1.000000
0  1.682770 -5.759694 43.920517  0.148065 -0.981947 -0.117717  0.091612 0.770562 1 2 1.000000
barc_straps
0  1.767822 -5.755821 44.002762  0.167229 -0.977720 -0.126878  0.088320 0.773813 1 2 1.000000
0  1.684879 -5.751928 43.863449  0.167226 -0.977722 -0.126869  0.091503 0.768302 1 2 1.000000
0  1.852478 -5.723253 43.863373  0.167217 -0.977723 -0.126875  0.084944 0.768290 1 2 1.000000
barc_straps
0  2.353161 -5.645006 43.920258  0.167211 -0.977723 -0.126882  0.065375 0.770514 1 2 1.000000
0  2.589682 -5.622361 44.057449  0.167204 -0.977713 -0.126965  0.056181 0.775933 1 2 1.000000
0  1.852871 -5.751948 44.085014  0.167211 -0.977712 -0.126963  0.085029 0.777065 1 2 1.000000
barc_straps
0  2.589682 -5.622361 44.057449  0.167204 -0.977713 -0.126965  0.056181 0.775933 1 2 1.000000
0  2.353161 -5.645006 43.920258  0.167211 -0.977723 -0.126882  0.065375 0.770514 1 2 1.000000
0  2.658817 -5.582065 43.838058  0.167218 -0.977721 -0.126882  0.053376 0.767242 1 2 1.000000
barc_straps
0  2.353161 -5.645006 43.920258  0.167211 -0.977723 -0.126882  0.065375 0.770514 1 2 1.000000
0  1.852478 -5.723253 43.863373  0.167217 -0.977723 -0.126875  0.084944 0.768290 1 2 1.000000
0  1.518999 -5.744139 43.584801  0.162684 -0.978765 -0.124715  0.097869 0.757279 1 2 1.000000
barc_straps
0  1.757740 -5.693176 44.010544  -0.676934 -0.197065 0.709172  0.832795 0.635332 1 2 1.000000
0  1.732750 -5.715351 43.980537  -0.676884 -0.197010 0.709235  0.833632 0.636536 1 2 1.000000
0  1.767822 -5.755821 44.002762  -0.676887 -0.197052 0.709221  0.835307 0.635448 1 2 1.000000
barc_straps
0  1.732750 -5.715351 43.980537  -0.676884 -0.197010 0.709235  0.833632 0.636536 1 2 1.000000
0  1.672689 -5.697050 43.928299  -0.676890 -0.196975 0.709240  0.832795 0.638826 1 2 1.000000
0  1.682770 -5.759694 43.920517  -0.676897 -0.197046 0.709213  0.835307 0.638942 1 2 1.000000
barc_straps
0  1.732750 -5.715351 43.980537  -0.676884 -0.197010 0.709235  0.833632 0.636536 1 2 1.000000
0  1.757740 -5.693176 44.010544  -0.676934 -0.197065 0.709172  0.832795 0.635332 1 2 1.000000
0  1.662609 -5.634405 43.936073  -0.676891 -0.196973 0.709239  0.830282 0.638710 1 2 1.000000
barc_straps
0  1.747658 -5.630533 44.018326  0.167440 -0.977653 -0.127114  0.832766 0.817530 1 2 1.000000
0  1.748600 -5.639459 44.088219  0.151413 -0.981382 -0.118169  0.832761 0.820297 1 2 1.000000
0  1.662609 -5.634405 43.936073  0.150677 -0.981544 -0.117764  0.836057 0.814278 1 2 1.000000
barc_straps
0  1.748600 -5.639459 44.088219  0.151413 -0.981382 -0.118169  0.832761 0.820297 1 2 1.000000
0  1.833651 -5.635584 44.170456  0.167438 -0.977657 -0.127087  0.829470 0.823548 1 2 1.000000
0  1.834597 -5.644507 44.240341  0.150259 -0.981637 -0.117522  0.829464 0.826315 1 2 1.000000
barc_straps
0  1.776636 -5.635191 44.092331  0.167461 -0.977649 -0.127121  0.831666 0.820458 1 2 1.000000
0  1.832706 -5.626661 44.100578  0.167433 -0.977657 -0.127092  0.829475 0.820782 1 2 1.000000
0  1.833651 -5.635584 44.170456  0.167438 -0.977657 -0.127087  0.829470 0.823548 1 2 1.000000
barc_straps
0  3.079422 -5.676167 45.115669  0.165393 -0.978187 -0.125677  0.037493 0.817804 1 2 1.000000
0  3.687613 -5.438930 44.090950  0.167218 -0.977710 -0.126967  0.013228 0.777197 1 2 1.000000
0  3.691753 -5.629350 45.561119  0.165528 -0.978068 -0.126427  0.013731 0.835406 1 2 1.000000
barc_straps
0  3.079422 -5.676167 45.115669  0.165393 -0.978187 -0.125677  0.037493 0.817804 1 2 1.000000
0  1.858757 -5.809471 44.563057  0.161271 -0.979340 -0.122002  0.085020 0.795980 1 2 1.000000
0  2.771717 -5.634613 44.391251  0.165811 -0.978052 -0.126178  0.049208 0.789139 1 2 1.000000
barc_straps
0  2.777458 -5.790984 45.620171  0.159802 -0.979492 -0.122717  0.049542 0.837787 1 2 1.000000
0  3.691753 -5.629350 45.561119  0.165528 -0.978068 -0.126427  0.013731 0.835406 1 2 1.000000
0  3.695892 -5.819773 47.031281  0.158467 -0.979718 -0.122637  0.014234 0.893614 1 2 1.000000
barc_straps
0  2.769428 -5.530808 43.588860  0.167218 -0.977722 -0.126881  0.048935 0.757370 1 2 1.000000
0  2.658817 -5.582065 43.838058  0.167218 -0.977721 -0.126882  0.053376 0.767242 1 2 1.000000
0  1.518999 -5.744139 43.584801  0.162684 -0.978765 -0.124715  0.097869 0.757279 1 2 1.000000
barc_straps
0  3.075489 -5.500184 43.756226  0.167215 -0.977722 -0.126881  0.037032 0.763979 1 2 1.000000
0  3.687613 -5.438930 44.090950  0.167218 -0.977710 -0.126967  0.013228 0.777197 1 2 1.000000
0  2.658817 -5.582065 43.838058  0.167218 -0.977721 -0.126882  0.053376 0.767242 1 2 1.000000
barc_straps
0  3.075489 -5.500184 43.756226  0.167215 -0.977722 -0.126881  0.037032 0.763979 1 2 1.000000
0  4.019855 -5.317478 43.592903  0.167083 -0.977736 -0.126948  0.000000 0.757460 1 2 1.000000
0  3.658218 -5.409787 43.827629  0.167219 -0.977722 -0.126874  0.014259 0.766774 1 2 1.000000
barc_straps
0  2.479759 -5.898203 46.108940  0.153053 -0.981102 -0.118378  0.061424 0.857132 1 2 1.000000
0  3.695892 -5.819773 47.031281  0.158467 -0.979718 -0.122637  0.014234 0.893614 1 2 1.000000
0  2.792259 -5.962405 47.051010  0.152333 -0.981331 -0.117409  0.049626 0.894398 1 2 1.000000
barc_straps
0  2.777458 -5.790984 45.620171  0.159802 -0.979492 -0.122717  0.049542 0.837787 1 2 1.000000
0  1.871693 -5.937417 45.647766  0.154180 -0.980946 -0.118213  0.085018 0.838891 1 2 1.000000
0  1.858757 -5.809471 44.563057  0.161271 -0.979340 -0.122002  0.085020 0.795980 1 2 1.000000
barc_straps
0  2.479759 -5.898203 46.108940  0.153053 -0.981102 -0.118378  0.061424 0.857132 1 2 1.000000
0  1.888626 -6.105039 47.070747  0.152333 -0.981331 -0.117409  0.085018 0.895182 1 2 1.000000
0  1.871693 -5.937417 45.647766  0.154180 -0.980946 -0.118213  0.085018 0.838891 1 2 1.000000
barc_straps
0  1.782726 -5.671008 44.040565  -0.676950 -0.197054 0.709160  0.831957 0.634129 1 2 1.000000
0  1.852871 -5.751948 44.085014  -0.676889 -0.197086 0.709210  0.835307 0.631955 1 2 1.000000
0  1.842789 -5.689303 44.092796  -0.676829 -0.197041 0.709279  0.832795 0.631839 1 2 1.000000
barc_straps
0  1.757740 -5.693176 44.010544  -0.676934 -0.197065 0.709172  0.832795 0.635332 1 2 1.000000
0  1.747658 -5.630533 44.018326  -0.676956 -0.196997 0.709170  0.830282 0.635216 1 2 1.000000
0  1.662609 -5.634405 43.936073  -0.676891 -0.196973 0.709239  0.830282 0.638710 1 2 1.000000
barc_straps
0  1.782726 -5.671008 44.040565  -0.676950 -0.197054 0.709160  0.831957 0.634129 1 2 1.000000
0  1.832706 -5.626661 44.100578  -0.676855 -0.196985 0.709270  0.830282 0.631723 1 2 1.000000
0  1.747658 -5.630533 44.018326  -0.676956 -0.196997 0.709170  0.830282 0.635216 1 2 1.000000
barc_straps
0  2.771717 -5.634613 44.391251  0.165811 -0.978052 -0.126178  0.049208 0.789139 1 2 1.000000
0  2.589682 -5.622361 44.057449  0.167204 -0.977713 -0.126965  0.056181 0.775933 1 2 1.000000
0  3.687613 -5.438930 44.090950  0.167218 -0.977710 -0.126967  0.013228 0.777197 1 2 1.000000
barc_straps
0  2.465080 -5.653558 44.133583  0.166135 -0.978452 -0.122600  0.061092 0.778954 1 2 1.000000
0  1.852871 -5.751948 44.085014  0.167211 -0.977712 -0.126963  0.085029 0.777065 1 2 1.000000
0  2.589682 -5.622361 44.057449  0.167204 -0.977713 -0.126965  0.056181 0.775933 1 2 1.000000
barc_straps
0  2.465080 -5.653558 44.133583  0.166135 -0.978452 -0.122600  0.061092 0.778954 1 2 1.000000
0  1.858757 -5.809471 44.563057  0.161271 -0.979340 -0.122002  0.085020 0.795980 1 2 1.000000
0  1.853813 -5.760872 44.154900  0.167619 -0.978551 -0.119761  0.085024 0.779832 1 2 1.000000
barc_straps
0  3.849911 -5.382561 43.870461  0.167237 -0.977719 -0.126874  0.006777 0.768458 1 2 1.000000
0  3.842262 -5.391272 43.927513  0.167039 -0.977739 -0.126980  0.007102 0.770718 1 2 1.000000
0  3.764938 -5.415101 44.009239  0.167224 -0.977722 -0.126869  0.010165 0.773958 1 2 1.000000
barc_straps
0  3.931061 -5.354374 43.760208  0.167001 -0.977744 -0.126992  0.003551 0.764089 1 2 1.000000
0  3.658218 -5.409787 43.827629  0.167219 -0.977722 -0.126874  0.014259 0.766774 1 2 1.000000
0  4.019855 -5.317478 43.592903  0.167083 -0.977736 -0.126948  0.000000 0.757460 1 2 1.000000
barc_straps
0  3.658218 -5.409787 43.827629  0.167219 -0.977722 -0.126874  0.014259 0.766774 1 2 1.000000
0  3.764938 -5.415101 44.009239  0.167224 -0.977722 -0.126869  0.010165 0.773958 1 2 1.000000
0  3.687613 -5.438930 44.090950  0.167218 -0.977710 -0.126967  0.013228 0.777197 1 2 1.000000
barc_straps
0  1.852478 -5.723253 43.863373  0.167217 -0.977723 -0.126875  0.084944 0.768290 1 2 1.000000
0  1.600885 -5.751917 43.752655  0.151696 -0.981181 -0.119463  0.094740 0.763921 1 2 1.000000
0  1.518999 -5.744139 43.584801  0.162684 -0.978765 -0.124715  0.097869 0.757279 1 2 1.000000
barc_straps
0  1.684879 -5.751928 43.863449  0.167226 -0.977722 -0.126869  0.091503 0.768302 1 2 1.000000
0  1.682770 -5.759694 43.920517  0.148065 -0.981947 -0.117717  0.091612 0.770562 1 2 1.000000
0  1.600885 -5.751917 43.752655  0.151696 -0.981181 -0.119463  0.094740 0.763921 1 2 1.000000
barc_straps
0  1.767822 -5.755821 44.002762  0.167229 -0.977720 -0.126878  0.088320 0.773813 1 2 1.000000
0  1.852478 -5.723253 43.863373  0.167217 -0.977723 -0.126875  0.084944 0.768290 1 2 1.000000
0  1.852871 -5.751948 44.085014  0.167211 -0.977712 -0.126963  0.085029 0.777065 1 2 1.000000
barc_straps
0  2.353161 -5.645006 43.920258  0.167211 -0.977723 -0.126882  0.065375 0.770514 1 2 1.000000
0  1.852871 -5.751948 44.085014  0.167211 -0.977712 -0.126963  0.085029 0.777065 1 2 1.000000
0  1.852478 -5.723253 43.863373  0.167217 -0.977723 -0.126875  0.084944 0.768290 1 2 1.000000
barc_straps
0  2.589682 -5.622361 44.057449  0.167204 -0.977713 -0.126965  0.056181 0.775933 1 2 1.000000
0  2.658817 -5.582065 43.838058  0.167218 -0.977721 -0.126882  0.053376 0.767242 1 2 1.000000
0  3.687613 -5.438930 44.090950  0.167218 -0.977710 -0.126967  0.013228 0.777197 1 2 1.000000
barc_straps
0  2.353161 -5.645006 43.920258  0.167211 -0.977723 -0.126882  0.065375 0.770514 1 2 1.000000
0  1.518999 -5.744139 43.584801  0.162684 -0.978765 -0.124715  0.097869 0.757279 1 2 1.000000
0  2.658817 -5.582065 43.838058  0.167218 -0.977721 -0.126882  0.053376 0.767242 1 2 1.000000
barc_straps
0  1.757740 -5.693176 44.010544  -0.676934 -0.197065 0.709172  0.832795 0.635332 1 2 1.000000
0  1.767822 -5.755821 44.002762  -0.676887 -0.197052 0.709221  0.835307 0.635448 1 2 1.000000
0  1.852871 -5.751948 44.085014  -0.676889 -0.197086 0.709210  0.835307 0.631955 1 2 1.000000
barc_straps
0  1.732750 -5.715351 43.980537  -0.676884 -0.197010 0.709235  0.833632 0.636536 1 2 1.000000
0  1.682770 -5.759694 43.920517  -0.676897 -0.197046 0.709213  0.835307 0.638942 1 2 1.000000
0  1.767822 -5.755821 44.002762  -0.676887 -0.197052 0.709221  0.835307 0.635448 1 2 1.000000
barc_straps
0  1.732750 -5.715351 43.980537  -0.676884 -0.197010 0.709235  0.833632 0.636536 1 2 1.000000
0  1.662609 -5.634405 43.936073  -0.676891 -0.196973 0.709239  0.830282 0.638710 1 2 1.000000
0  1.672689 -5.697050 43.928299  -0.676890 -0.196975 0.709240  0.832795 0.638826 1 2 1.000000
barc_straps
0  1.542099 -5.972802 45.525986  0.147458 -0.982072 -0.117435  0.097869 0.834071 1 2 1.000000
0  1.588989 -5.901768 44.990829  0.147458 -0.982071 -0.117438  0.095783 0.812901 1 2 1.000000
0  1.623459 -5.975379 45.649689  0.147467 -0.982070 -0.117439  0.094740 0.838965 1 2 1.000000
barc_straps
0  1.588989 -5.901768 44.990829  0.147458 -0.982071 -0.117438  0.095783 0.812901 1 2 1.000000
0  1.600885 -5.751917 43.752655  0.151696 -0.981181 -0.119463  0.094740 0.763921 1 2 1.000000
0  1.682770 -5.759694 43.920517  0.148065 -0.981947 -0.117717  0.091612 0.770562 1 2 1.000000
barc_straps
0  1.588989 -5.901768 44.990829  0.147458 -0.982071 -0.117438  0.095783 0.812901 1 2 1.000000
0  1.542099 -5.972802 45.525986  0.147458 -0.982072 -0.117435  0.097869 0.834071 1 2 1.000000
0  1.518999 -5.744139 43.584801  0.162684 -0.978765 -0.124715  0.097869 0.757279 1 2 1.000000
barc_straps
0  1.656878 -6.038587 46.220215  0.147471 -0.982069 -0.117439  0.093697 0.861535 1 2 1.000000
0  1.643932 -6.178031 47.370064  0.149975 -0.981936 -0.115364  0.094740 0.907021 1 2 1.000000
0  1.565199 -6.201466 47.467175  0.150245 -0.981921 -0.115143  0.097869 0.910862 1 2 1.000000
barc_straps
0  1.656878 -6.038587 46.220215  0.147471 -0.982069 -0.117439  0.093697 0.861535 1 2 1.000000
0  1.702717 -5.957144 45.596733  0.147478 -0.982068 -0.117439  0.091612 0.836871 1 2 1.000000
0  1.722664 -6.154596 47.272949  0.149891 -0.981941 -0.115434  0.091612 0.903181 1 2 1.000000
barc_straps
0  1.702717 -5.957144 45.596733  0.147478 -0.982068 -0.117439  0.091612 0.836871 1 2 1.000000
0  1.656878 -6.038587 46.220215  0.147471 -0.982069 -0.117439  0.093697 0.861535 1 2 1.000000
0  1.623459 -5.975379 45.649689  0.147467 -0.982070 -0.117439  0.094740 0.838965 1 2 1.000000
barc_straps
0  1.542099 -5.972802 45.525986  0.147458 -0.982072 -0.117435  0.097869 0.834071 1 2 1.000000
0  1.623459 -5.975379 45.649689  0.147467 -0.982070 -0.117439  0.094740 0.838965 1 2 1.000000
0  1.565199 -6.201466 47.467175  0.150245 -0.981921 -0.115143  0.097869 0.910862 1 2 1.000000
barc_straps
0  1.588989 -5.901768 44.990829  0.147458 -0.982071 -0.117438  0.095783 0.812901 1 2 1.000000
0  1.682770 -5.759694 43.920517  0.148065 -0.981947 -0.117717  0.091612 0.770562 1 2 1.000000
0  1.623459 -5.975379 45.649689  0.147467 -0.982070 -0.117439  0.094740 0.838965 1 2 1.000000
barc_straps
0  1.588989 -5.901768 44.990829  0.147458 -0.982071 -0.117438  0.095783 0.812901 1 2 1.000000
0  1.518999 -5.744139 43.584801  0.162684 -0.978765 -0.124715  0.097869 0.757279 1 2 1.000000
0  1.600885 -5.751917 43.752655  0.151696 -0.981181 -0.119463  0.094740 0.763921 1 2 1.000000
barc_straps
0  1.656878 -6.038587 46.220215  0.147471 -0.982069 -0.117439  0.093697 0.861535 1 2 1.000000
0  1.565199 -6.201466 47.467175  0.150245 -0.981921 -0.115143  0.097869 0.910862 1 2 1.000000
0  1.623459 -5.975379 45.649689  0.147467 -0.982070 -0.117439  0.094740 0.838965 1 2 1.000000
barc_straps
0  1.656878 -6.038587 46.220215  0.147471 -0.982069 -0.117439  0.093697 0.861535 1 2 1.000000
0  1.722664 -6.154596 47.272949  0.149891 -0.981941 -0.115434  0.091612 0.903181 1 2 1.000000
0  1.643932 -6.178031 47.370064  0.149975 -0.981936 -0.115364  0.094740 0.907021 1 2 1.000000
barc_straps
0  1.702717 -5.957144 45.596733  0.147478 -0.982068 -0.117439  0.091612 0.836871 1 2 1.000000
0  1.623459 -5.975379 45.649689  0.147467 -0.982070 -0.117439  0.094740 0.838965 1 2 1.000000
0  1.682770 -5.759694 43.920517  0.148065 -0.981947 -0.117717  0.091612 0.770562 1 2 1.000000
barc_straps
0  2.769428 -5.530808 43.588860  -0.013021 0.094426 -0.995447  0.966791 0.914065 1 2 1.000000
0  2.309290 -5.318491 43.615105  -0.013132 0.094616 -0.995427  0.977860 0.930631 1 2 1.000000
0  2.704685 -5.109940 43.629578  -0.013302 0.092925 -0.995584  0.983638 0.914081 1 2 1.000000
barc_straps
0  2.309290 -5.318491 43.615105  -0.013132 0.094616 -0.995427  0.977860 0.930631 1 2 1.000000
0  1.454006 -5.318999 43.626205  -0.012969 0.094969 -0.995396  0.982983 0.963765 1 2 1.000000
0  1.389015 -4.893861 43.667618  -0.013419 0.093239 -0.995553  1.000000 0.963765 1 2 1.000000
barc_straps
0  2.309290 -5.318491 43.615105  -0.013132 0.094616 -0.995427  0.977860 0.930631 1 2 1.000000
0  2.769428 -5.530808 43.588860  -0.013021 0.094426 -0.995447  0.966791 0.914065 1 2 1.000000
0  1.518999 -5.744139 43.584801  -0.012970 0.094955 -0.995397  0.965965 0.963765 1 2 1.000000
barc_straps
0  3.100586 -4.909925 43.642685  -0.013479 0.091189 -0.995742  0.989077 0.897564 1 2 1.000000
0  3.956375 -4.917957 43.630211  -0.013663 0.090807 -0.995775  0.983615 0.864463 1 2 1.000000
0  4.019855 -5.317478 43.592903  -0.013235 0.092505 -0.995624  0.967616 0.864365 1 2 1.000000
barc_straps
0  3.100586 -4.909925 43.642685  -0.013479 0.091189 -0.995742  0.989077 0.897564 1 2 1.000000
0  2.640953 -4.706148 43.667564  -0.013946 0.090607 -0.995789  0.999807 0.914163 1 2 1.000000
0  3.892895 -4.518436 43.667511  -0.013661 0.090793 -0.995776  0.999615 0.864561 1 2 1.000000
barc_straps
0  2.640953 -4.706148 43.667564  -0.013946 0.090607 -0.995789  0.999807 0.914163 1 2 1.000000
0  3.100586 -4.909925 43.642685  -0.013479 0.091189 -0.995742  0.989077 0.897564 1 2 1.000000
0  2.704685 -5.109940 43.629578  -0.013302 0.092925 -0.995584  0.983638 0.914081 1 2 1.000000
barc_straps
0  2.769428 -5.530808 43.588860  -0.013021 0.094426 -0.995447  0.966791 0.914065 1 2 1.000000
0  2.704685 -5.109940 43.629578  -0.013302 0.092925 -0.995584  0.983638 0.914081 1 2 1.000000
0  4.019855 -5.317478 43.592903  -0.013235 0.092505 -0.995624  0.967616 0.864365 1 2 1.000000
barc_straps
0  2.309290 -5.318491 43.615105  -0.013132 0.094616 -0.995427  0.977860 0.930631 1 2 1.000000
0  1.389015 -4.893861 43.667618  -0.013419 0.093239 -0.995553  1.000000 0.963765 1 2 1.000000
0  2.704685 -5.109940 43.629578  -0.013302 0.092925 -0.995584  0.983638 0.914081 1 2 1.000000
barc_straps
0  2.309290 -5.318491 43.615105  -0.013132 0.094616 -0.995427  0.977860 0.930631 1 2 1.000000
0  1.518999 -5.744139 43.584801  -0.012970 0.094955 -0.995397  0.965965 0.963765 1 2 1.000000
0  1.454006 -5.318999 43.626205  -0.012969 0.094969 -0.995396  0.982983 0.963765 1 2 1.000000
barc_straps
0  3.100586 -4.909925 43.642685  -0.013479 0.091189 -0.995742  0.989077 0.897564 1 2 1.000000
0  4.019855 -5.317478 43.592903  -0.013235 0.092505 -0.995624  0.967616 0.864365 1 2 1.000000
0  2.704685 -5.109940 43.629578  -0.013302 0.092925 -0.995584  0.983638 0.914081 1 2 1.000000
barc_straps
0  3.100586 -4.909925 43.642685  -0.013479 0.091189 -0.995742  0.989077 0.897564 1 2 1.000000
0  3.892895 -4.518436 43.667511  -0.013661 0.090793 -0.995776  0.999615 0.864561 1 2 1.000000
0  3.956375 -4.917957 43.630211  -0.013663 0.090807 -0.995775  0.983615 0.864463 1 2 1.000000
barc_straps
0  2.640953 -4.706148 43.667564  -0.013946 0.090607 -0.995789  0.999807 0.914163 1 2 1.000000
0  2.704685 -5.109940 43.629578  -0.013302 0.092925 -0.995584  0.983638 0.914081 1 2 1.000000
0  1.389015 -4.893861 43.667618  -0.013419 0.093239 -0.995553  1.000000 0.963765 1 2 1.000000
barc_straps
0  1.491070 -5.613155 44.906532  -0.988237 -0.152754 -0.007280  0.904794 0.866940 1 2 1.000000
0  1.476006 -5.556177 45.611145  -0.986362 -0.164243 -0.010680  0.910507 0.894057 1 2 1.000000
0  1.389015 -4.893861 43.667618  -0.986854 -0.161272 -0.010495  0.926717 0.815779 1 2 1.000000
barc_straps
0  1.476006 -5.556177 45.611145  -0.986362 -0.164243 -0.010680  0.910507 0.894057 1 2 1.000000
0  1.491070 -5.613155 44.906532  -0.988237 -0.152754 -0.007280  0.904794 0.866940 1 2 1.000000
0  1.542099 -5.972802 45.525986  -0.988044 -0.154018 -0.006915  0.893832 0.892521 1 2 1.000000
barc_straps
0  1.491070 -5.613155 44.906532  -0.988237 -0.152754 -0.007280  0.904794 0.866940 1 2 1.000000
0  1.454006 -5.318999 43.626205  -0.988585 -0.150545 -0.005969  0.909926 0.815986 1 2 1.000000
0  1.518999 -5.744139 43.584801  -0.988585 -0.150547 -0.005970  0.893135 0.816193 1 2 1.000000
barc_straps
0  1.476006 -5.556177 45.611145  -0.986362 -0.164243 -0.010680  0.910507 0.894057 1 2 1.000000
0  1.458742 -5.516221 46.403259  -0.984420 -0.175245 -0.014370  0.915988 0.924660 1 2 1.000000
0  1.405514 -5.173598 45.871307  -0.984743 -0.173416 -0.014402  0.926717 0.902566 1 2 1.000000
barc_straps
0  1.458742 -5.516221 46.403259  -0.984420 -0.175245 -0.014370  0.915988 0.924660 1 2 1.000000
0  1.493607 -5.827400 47.771080  -0.984241 -0.176193 -0.014996  0.910623 0.979101 1 2 1.000000
0  1.422012 -5.453334 48.074986  -0.984241 -0.176195 -0.014997  0.926717 0.989353 1 2 1.000000
barc_straps
0  1.458742 -5.516221 46.403259  -0.984420 -0.175245 -0.014370  0.915988 0.924660 1 2 1.000000
0  1.476006 -5.556177 45.611145  -0.986362 -0.164243 -0.010680  0.910507 0.894057 1 2 1.000000
0  1.565199 -6.201466 47.467175  -0.985938 -0.166755 -0.010911  0.894529 0.968849 1 2 1.000000
barc_straps
0  1.491070 -5.613155 44.906532  -0.988237 -0.152754 -0.007280  0.904794 0.866940 1 2 1.000000
0  1.389015 -4.893861 43.667618  -0.986854 -0.161272 -0.010495  0.926717 0.815779 1 2 1.000000
0  1.454006 -5.318999 43.626205  -0.988585 -0.150545 -0.005969  0.909926 0.815986 1 2 1.000000
barc_straps
0  1.476006 -5.556177 45.611145  -0.986362 -0.164243 -0.010680  0.910507 0.894057 1 2 1.000000
0  1.542099 -5.972802 45.525986  -0.988044 -0.154018 -0.006915  0.893832 0.892521 1 2 1.000000
0  1.565199 -6.201466 47.467175  -0.985938 -0.166755 -0.010911  0.894529 0.968849 1 2 1.000000
barc_straps
0  1.491070 -5.613155 44.906532  -0.988237 -0.152754 -0.007280  0.904794 0.866940 1 2 1.000000
0  1.518999 -5.744139 43.584801  -0.988585 -0.150547 -0.005970  0.893135 0.816193 1 2 1.000000
0  1.542099 -5.972802 45.525986  -0.988044 -0.154018 -0.006915  0.893832 0.892521 1 2 1.000000
barc_straps
0  1.476006 -5.556177 45.611145  -0.986362 -0.164243 -0.010680  0.910507 0.894057 1 2 1.000000
0  1.405514 -5.173598 45.871307  -0.984743 -0.173416 -0.014402  0.926717 0.902566 1 2 1.000000
0  1.389015 -4.893861 43.667618  -0.986854 -0.161272 -0.010495  0.926717 0.815779 1 2 1.000000
barc_straps
0  1.458742 -5.516221 46.403259  -0.984420 -0.175245 -0.014370  0.915988 0.924660 1 2 1.000000
0  1.422012 -5.453334 48.074986  -0.984241 -0.176195 -0.014997  0.926717 0.989353 1 2 1.000000
0  1.405514 -5.173598 45.871307  -0.984743 -0.173416 -0.014402  0.926717 0.902566 1 2 1.000000
barc_straps
0  1.458742 -5.516221 46.403259  -0.984420 -0.175245 -0.014370  0.915988 0.924660 1 2 1.000000
0  1.565199 -6.201466 47.467175  -0.985938 -0.166755 -0.010911  0.894529 0.968849 1 2 1.000000
0  1.493607 -5.827400 47.771080  -0.984241 -0.176193 -0.014996  0.910623 0.979101 1 2 1.000000
barc_straps
0  3.909363 -4.765184 45.868767  0.991818 0.127469 0.007027  0.964271 0.777303 1 2 1.000000
0  3.949780 -5.114228 46.383621  0.991958 0.126331 0.007776  0.952937 0.755674 1 2 1.000000
0  3.963600 -5.165265 45.588936  0.990222 0.139029 0.011488  0.947489 0.786497 1 2 1.000000
barc_straps
0  3.949780 -5.114228 46.383621  0.991958 0.126331 0.007776  0.952937 0.755674 1 2 1.000000
0  3.978222 -5.412123 47.741676  0.992195 0.124524 0.006535  0.947270 0.701329 1 2 1.000000
0  4.030613 -5.812315 47.413345  0.990775 0.135059 0.011135  0.930269 0.712417 1 2 1.000000
barc_straps
0  3.949780 -5.114228 46.383621  0.991958 0.126331 0.007776  0.952937 0.755674 1 2 1.000000
0  3.909363 -4.765184 45.868767  0.991818 0.127469 0.007027  0.964271 0.777303 1 2 1.000000
0  3.925835 -5.011930 48.070004  0.992195 0.124523 0.006535  0.964271 0.690242 2 2 0.998607 3 0.001393
barc_straps
0  3.981121 -5.216077 44.891258  0.988027 0.153428 0.016235  0.942481 0.813531 1 2 1.000000
0  3.956375 -4.917957 43.630211  0.987712 0.155320 0.017336  0.948587 0.864088 1 2 1.000000
0  3.892895 -4.518436 43.667511  0.989856 0.141600 0.011603  0.964271 0.864365 1 2 1.000000
barc_straps
0  3.981121 -5.216077 44.891258  0.988027 0.153428 0.016235  0.942481 0.813531 1 2 1.000000
0  4.025234 -5.564898 45.503128  0.988368 0.151198 0.016379  0.931585 0.788114 1 2 1.000000
0  4.019855 -5.317478 43.592903  0.987712 0.155320 0.017336  0.932902 0.863811 1 2 1.000000
barc_straps
0  4.025234 -5.564898 45.503128  0.988368 0.151198 0.016379  0.931585 0.788114 1 2 1.000000
0  3.981121 -5.216077 44.891258  0.988027 0.153428 0.016235  0.942481 0.813531 1 2 1.000000
0  3.963600 -5.165265 45.588936  0.990222 0.139029 0.011488  0.947489 0.786497 1 2 1.000000
barc_straps
0  3.909363 -4.765184 45.868767  0.991818 0.127469 0.007027  0.964271 0.777303 1 2 1.000000
0  3.963600 -5.165265 45.588936  0.990222 0.139029 0.011488  0.947489 0.786497 1 2 1.000000
0  3.892895 -4.518436 43.667511  0.989856 0.141600 0.011603  0.964271 0.864365 1 2 1.000000
barc_straps
0  3.949780 -5.114228 46.383621  0.991958 0.126331 0.007776  0.952937 0.755674 1 2 1.000000
0  4.030613 -5.812315 47.413345  0.990775 0.135059 0.011135  0.930269 0.712417 1 2 1.000000
0  3.963600 -5.165265 45.588936  0.990222 0.139029 0.011488  0.947489 0.786497 1 2 1.000000
barc_straps
0  3.949780 -5.114228 46.383621  0.991958 0.126331 0.007776  0.952937 0.755674 1 2 1.000000
0  3.925835 -5.011930 48.070004  0.992195 0.124523 0.006535  0.964271 0.690242 2 2 0.998607 3 0.001393
0  3.978222 -5.412123 47.741676  0.992195 0.124524 0.006535  0.947270 0.701329 1 2 1.000000
barc_straps
0  3.981121 -5.216077 44.891258  0.988027 0.153428 0.016235  0.942481 0.813531 1 2 1.000000
0  3.892895 -4.518436 43.667511  0.989856 0.141600 0.011603  0.964271 0.864365 1 2 1.000000
0  3.963600 -5.165265 45.588936  0.990222 0.139029 0.011488  0.947489 0.786497 1 2 1.000000
barc_straps
0  3.981121 -5.216077 44.891258  0.988027 0.153428 0.016235  0.942481 0.813531 1 2 1.000000
0  4.019855 -5.317478 43.592903  0.987712 0.155320 0.017336  0.932902 0.863811 1 2 1.000000
0  3.956375 -4.917957 43.630211  0.987712 0.155320 0.017336  0.948587 0.864088 1 2 1.000000
barc_straps
0  4.025234 -5.564898 45.503128  0.988368 0.151198 0.016379  0.931585 0.788114 1 2 1.000000
0  3.963600 -5.165265 45.588936  0.990222 0.139029 0.011488  0.947489 0.786497 1 2 1.000000
0  4.030613 -5.812315 47.413345  0.990775 0.135059 0.011135  0.930269 0.712417 1 2 1.000000
barc_straps
0  3.908142 -5.674051 46.189110  0.166780 -0.977766 -0.127114  0.005546 0.860258 1 2 1.000000
0  3.936314 -5.596165 45.626968  0.166774 -0.977767 -0.127113  0.004189 0.838000 1 2 1.000000
0  4.030613 -5.812315 47.413345  0.162606 -0.978986 -0.123065  0.001307 0.908723 1 2 1.000000
barc_straps
0  3.936314 -5.596165 45.626968  0.166774 -0.977767 -0.127113  0.004189 0.838000 1 2 1.000000
0  3.908142 -5.674051 46.189110  0.166780 -0.977766 -0.127114  0.005546 0.860258 1 2 1.000000
0  3.846905 -5.604918 45.576996  0.166768 -0.977768 -0.127114  0.007666 0.836026 1 2 1.000000
barc_straps
0  3.908142 -5.674051 46.189110  0.166780 -0.977766 -0.127114  0.005546 0.860258 1 2 1.000000
0  3.941082 -5.815440 47.319901  0.159654 -0.979827 -0.120209  0.004769 0.905028 1 2 1.000000
0  3.851551 -5.818564 47.226463  0.158513 -0.980145 -0.119116  0.008230 0.901333 1 2 1.000000
barc_straps
0  3.936314 -5.596165 45.626968  0.166774 -0.977767 -0.127113  0.004189 0.838000 1 2 1.000000
0  3.964243 -5.507022 44.977921  0.166785 -0.977765 -0.127113  0.002803 0.812300 1 2 1.000000
0  4.025234 -5.564898 45.503128  0.166775 -0.977767 -0.127112  0.000653 0.833091 1 2 1.000000
barc_straps
0  3.964243 -5.507022 44.977921  0.166785 -0.977765 -0.127113  0.002803 0.812300 1 2 1.000000
0  3.931061 -5.354374 43.760208  0.167001 -0.977744 -0.126992  0.003551 0.764089 1 2 1.000000
0  4.019855 -5.317478 43.592903  0.167083 -0.977736 -0.126948  0.000000 0.757460 1 2 1.000000
barc_straps
0  3.964243 -5.507022 44.977921  0.166785 -0.977765 -0.127113  0.002803 0.812300 1 2 1.000000
0  3.936314 -5.596165 45.626968  0.166774 -0.977767 -0.127113  0.004189 0.838000 1 2 1.000000
0  3.842262 -5.391272 43.927513  0.167039 -0.977739 -0.126980  0.007102 0.770718 1 2 1.000000
barc_straps
0  3.908142 -5.674051 46.189110  0.166780 -0.977766 -0.127114  0.005546 0.860258 1 2 1.000000
0  4.030613 -5.812315 47.413345  0.162606 -0.978986 -0.123065  0.001307 0.908723 1 2 1.000000
0  3.941082 -5.815440 47.319901  0.159654 -0.979827 -0.120209  0.004769 0.905028 1 2 1.000000
barc_straps
0  3.936314 -5.596165 45.626968  0.166774 -0.977767 -0.127113  0.004189 0.838000 1 2 1.000000
0  3.846905 -5.604918 45.576996  0.166768 -0.977768 -0.127114  0.007666 0.836026 1 2 1.000000
0  3.842262 -5.391272 43.927513  0.167039 -0.977739 -0.126980  0.007102 0.770718 1 2 1.000000
barc_straps
0  3.908142 -5.674051 46.189110  0.166780 -0.977766 -0.127114  0.005546 0.860258 1 2 1.000000
0  3.851551 -5.818564 47.226463  0.158513 -0.980145 -0.119116  0.008230 0.901333 1 2 1.000000
0  3.846905 -5.604918 45.576996  0.166768 -0.977768 -0.127114  0.007666 0.836026 1 2 1.000000
barc_straps
0  3.936314 -5.596165 45.626968  0.166774 -0.977767 -0.127113  0.004189 0.838000 1 2 1.000000
0  4.025234 -5.564898 45.503128  0.166775 -0.977767 -0.127112  0.000653 0.833091 1 2 1.000000
0  4.030613 -5.812315 47.413345  0.162606 -0.978986 -0.123065  0.001307 0.908723 1 2 1.000000
barc_straps
0  3.964243 -5.507022 44.977921  0.166785 -0.977765 -0.127113  0.002803 0.812300 1 2 1.000000
0  4.019855 -5.317478 43.592903  0.167083 -0.977736 -0.126948  0.000000 0.757460 1 2 1.000000
0  4.025234 -5.564898 45.503128  0.166775 -0.977767 -0.127112  0.000653 0.833091 1 2 1.000000
barc_straps
0  3.964243 -5.507022 44.977921  0.166785 -0.977765 -0.127113  0.002803 0.812300 1 2 1.000000
0  3.842262 -5.391272 43.927513  0.167039 -0.977739 -0.126980  0.007102 0.770718 1 2 1.000000
0  3.931061 -5.354374 43.760208  0.167001 -0.977744 -0.126992  0.003551 0.764089 1 2 1.000000
barc_straps
0  1.702717 -5.957144 45.596733  0.987407 0.158053 0.006867  0.097869 0.823654 1 2 1.000000
0  1.689346 -5.849566 45.043182  0.987408 0.158044 0.006867  0.099514 0.845754 1 2 1.000000
0  1.692636 -5.894502 45.604515  0.987407 0.158054 0.006868  0.100337 0.823635 1 2 1.000000
barc_straps
0  1.689346 -5.849566 45.043182  0.987408 0.158044 0.006867  0.099514 0.845754 1 2 1.000000
0  1.672689 -5.697050 43.928299  0.987409 0.158038 0.006867  0.100337 0.889973 1 2 1.000000
0  1.662609 -5.634405 43.936073  0.987410 0.158030 0.006866  0.102804 0.889954 1 2 1.000000
barc_straps
0  1.689346 -5.849566 45.043182  0.987408 0.158044 0.006867  0.099514 0.845754 1 2 1.000000
0  1.702717 -5.957144 45.596733  0.987407 0.158053 0.006867  0.097869 0.823654 1 2 1.000000
0  1.682770 -5.759694 43.920517  0.987408 0.158048 0.006868  0.097869 0.889992 1 2 1.000000
barc_straps
0  1.695923 -5.939437 46.165840  0.987407 0.158053 0.006867  0.101159 0.801517 1 2 1.000000
0  1.712584 -6.091950 47.280724  0.987410 0.158034 0.006863  0.100337 0.757298 1 2 1.000000
0  1.722664 -6.154596 47.272949  0.987410 0.158031 0.006862  0.097869 0.757316 1 2 1.000000
barc_straps
0  1.695923 -5.939437 46.165840  0.987407 0.158053 0.006867  0.101159 0.801517 1 2 1.000000
0  1.682554 -5.831857 45.612297  0.987406 0.158055 0.006870  0.102804 0.823617 1 2 1.000000
0  1.702503 -6.029306 47.288506  0.987409 0.158040 0.006864  0.102804 0.757279 1 2 1.000000
barc_straps
0  1.682554 -5.831857 45.612297  0.987406 0.158055 0.006870  0.102804 0.823617 1 2 1.000000
0  1.695923 -5.939437 46.165840  0.987407 0.158053 0.006867  0.101159 0.801517 1 2 1.000000
0  1.692636 -5.894502 45.604515  0.987407 0.158054 0.006868  0.100337 0.823635 1 2 1.000000
barc_straps
0  1.702717 -5.957144 45.596733  0.987407 0.158053 0.006867  0.097869 0.823654 1 2 1.000000
0  1.692636 -5.894502 45.604515  0.987407 0.158054 0.006868  0.100337 0.823635 1 2 1.000000
0  1.722664 -6.154596 47.272949  0.987410 0.158031 0.006862  0.097869 0.757316 1 2 1.000000
barc_straps
0  1.689346 -5.849566 45.043182  0.987408 0.158044 0.006867  0.099514 0.845754 1 2 1.000000
0  1.662609 -5.634405 43.936073  0.987410 0.158030 0.006866  0.102804 0.889954 1 2 1.000000
0  1.692636 -5.894502 45.604515  0.987407 0.158054 0.006868  0.100337 0.823635 1 2 1.000000
barc_straps
0  1.689346 -5.849566 45.043182  0.987408 0.158044 0.006867  0.099514 0.845754 1 2 1.000000
0  1.682770 -5.759694 43.920517  0.987408 0.158048 0.006868  0.097869 0.889992 1 2 1.000000
0  1.672689 -5.697050 43.928299  0.987409 0.158038 0.006867  0.100337 0.889973 1 2 1.000000
barc_straps
0  1.695923 -5.939437 46.165840  0.987407 0.158053 0.006867  0.101159 0.801517 1 2 1.000000
0  1.722664 -6.154596 47.272949  0.987410 0.158031 0.006862  0.097869 0.757316 1 2 1.000000
0  1.692636 -5.894502 45.604515  0.987407 0.158054 0.006868  0.100337 0.823635 1 2 1.000000
barc_straps
0  1.695923 -5.939437 46.165840  0.987407 0.158053 0.006867  0.101159 0.801517 1 2 1.000000
0  1.702503 -6.029306 47.288506  0.987409 0.158040 0.006864  0.102804 0.757279 1 2 1.000000
0  1.712584 -6.091950 47.280724  0.987410 0.158034 0.006863  0.100337 0.757298 1 2 1.000000
barc_straps
0  1.682554 -5.831857 45.612297  0.987406 0.158055 0.006870  0.102804 0.823617 1 2 1.000000
0  1.692636 -5.894502 45.604515  0.987407 0.158054 0.006868  0.100337 0.823635 1 2 1.000000
0  1.662609 -5.634405 43.936073  0.987410 0.158030 0.006866  0.102804 0.889954 1 2 1.000000
barc_straps
0  3.777271 -5.323633 43.992371  0.721665 0.030229 0.691582  0.561433 0.547289 1 2 1.000000
0  3.754856 -5.352457 44.017021  0.721636 0.030216 0.691613  0.560407 0.546169 1 2 1.000000
0  3.842262 -5.391272 43.927513  0.721652 0.030234 0.691596  0.558549 0.549457 1 2 1.000000
barc_straps
0  3.754856 -5.352457 44.017021  0.721636 0.030216 0.691613  0.560407 0.546169 1 2 1.000000
0  3.777271 -5.323633 43.992371  0.721665 0.030229 0.691582  0.561433 0.547289 1 2 1.000000
0  3.744774 -5.289813 44.024803  0.721645 0.030217 0.691604  0.562875 0.546205 1 2 1.000000
barc_straps
0  3.777271 -5.323633 43.992371  0.721665 0.030229 0.691582  0.561433 0.547289 1 2 1.000000
0  3.832180 -5.328628 43.935295  0.721660 0.030228 0.691588  0.561017 0.549494 1 2 1.000000
0  3.822098 -5.265984 43.943077  0.721650 0.030219 0.691598  0.563484 0.549530 1 2 1.000000
barc_straps
0  3.754856 -5.352457 44.017021  0.721636 0.030216 0.691613  0.560407 0.546169 1 2 1.000000
0  3.732441 -5.381281 44.041664  0.721600 0.030189 0.691651  0.559381 0.545049 1 2 1.000000
0  3.764938 -5.415101 44.009239  0.721613 0.030222 0.691637  0.557940 0.546133 1 2 1.000000
barc_straps
0  3.732441 -5.381281 44.041664  0.721600 0.030189 0.691651  0.559381 0.545049 1 2 1.000000
0  3.677532 -5.376286 44.098740  0.721638 0.030186 0.691612  0.559798 0.542845 1 2 1.000000
0  3.687613 -5.438930 44.090950  0.721595 0.030160 0.691658  0.557330 0.542808 1 2 1.000000
barc_straps
0  3.732441 -5.381281 44.041664  0.721600 0.030189 0.691651  0.559381 0.545049 1 2 1.000000
0  3.754856 -5.352457 44.017021  0.721636 0.030216 0.691613  0.560407 0.546169 1 2 1.000000
0  3.667450 -5.313642 44.106522  0.721631 0.030210 0.691619  0.562265 0.542881 1 2 1.000000
barc_straps
0  3.777271 -5.323633 43.992371  0.721665 0.030229 0.691582  0.561433 0.547289 1 2 1.000000
0  3.842262 -5.391272 43.927513  0.721652 0.030234 0.691596  0.558549 0.549457 1 2 1.000000
0  3.832180 -5.328628 43.935295  0.721660 0.030228 0.691588  0.561017 0.549494 1 2 1.000000
barc_straps
0  3.754856 -5.352457 44.017021  0.721636 0.030216 0.691613  0.560407 0.546169 1 2 1.000000
0  3.744774 -5.289813 44.024803  0.721645 0.030217 0.691604  0.562875 0.546205 1 2 1.000000
0  3.667450 -5.313642 44.106522  0.721631 0.030210 0.691619  0.562265 0.542881 1 2 1.000000
barc_straps
0  3.777271 -5.323633 43.992371  0.721665 0.030229 0.691582  0.561433 0.547289 1 2 1.000000
0  3.822098 -5.265984 43.943077  0.721650 0.030219 0.691598  0.563484 0.549530 1 2 1.000000
0  3.744774 -5.289813 44.024803  0.721645 0.030217 0.691604  0.562875 0.546205 1 2 1.000000
barc_straps
0  3.754856 -5.352457 44.017021  0.721636 0.030216 0.691613  0.560407 0.546169 1 2 1.000000
0  3.764938 -5.415101 44.009239  0.721613 0.030222 0.691637  0.557940 0.546133 1 2 1.000000
0  3.842262 -5.391272 43.927513  0.721652 0.030234 0.691596  0.558549 0.549457 1 2 1.000000
barc_straps
0  3.732441 -5.381281 44.041664  0.721600 0.030189 0.691651  0.559381 0.545049 1 2 1.000000
0  3.687613 -5.438930 44.090950  0.721595 0.030160 0.691658  0.557330 0.542808 1 2 1.000000
0  3.764938 -5.415101 44.009239  0.721613 0.030222 0.691637  0.557940 0.546133 1 2 1.000000
barc_straps
0  3.732441 -5.381281 44.041664  0.721600 0.030189 0.691651  0.559381 0.545049 1 2 1.000000
0  3.667450 -5.313642 44.106522  0.721631 0.030210 0.691619  0.562265 0.542881 1 2 1.000000
0  3.677532 -5.376286 44.098740  0.721638 0.030186 0.691612  0.559798 0.542845 1 2 1.000000
barc_straps
0  2.418850 -5.959061 47.267830  -0.040100 0.116731 -0.992354  0.554756 0.918830 1 2 1.000000
0  2.777025 -5.923938 47.257492  -0.040108 0.116817 -0.992343  0.555596 0.932883 1 2 1.000000
0  1.722664 -6.154596 47.272949  -0.040072 0.116712 -0.992357  0.558113 0.890746 1 2 1.000000
barc_straps
0  2.777025 -5.923938 47.257492  -0.040108 0.116817 -0.992343  0.555596 0.932883 1 2 1.000000
0  2.418850 -5.959061 47.267830  -0.040100 0.116731 -0.992354  0.554756 0.918830 1 2 1.000000
0  2.766945 -5.861291 47.265266  -0.040096 0.116700 -0.992357  0.553078 0.932873 1 2 1.000000
barc_straps
0  2.418850 -5.959061 47.267830  -0.040100 0.116731 -0.992354  0.554756 0.918830 1 2 1.000000
0  1.712584 -6.091950 47.280724  -0.040080 0.116761 -0.992351  0.555596 0.890735 1 2 1.000000
0  1.702503 -6.029306 47.288506  -0.040091 0.116818 -0.992344  0.553078 0.890724 1 2 1.000000
barc_straps
0  2.777025 -5.923938 47.257492  -0.040108 0.116817 -0.992343  0.555596 0.932883 1 2 1.000000
0  3.135201 -5.888813 47.247154  -0.040121 0.116880 -0.992335  0.556435 0.946936 1 2 1.000000
0  2.787107 -5.986580 47.249702  -0.040119 0.116944 -0.992328  0.558113 0.932894 1 2 1.000000
barc_straps
0  3.135201 -5.888813 47.247154  -0.040121 0.116880 -0.992335  0.556435 0.946936 1 2 1.000000
0  3.841469 -5.755921 47.234245  -0.040116 0.116818 -0.992343  0.555596 0.975032 1 2 1.000000
0  3.851551 -5.818564 47.226463  -0.040122 0.116827 -0.992342  0.558113 0.975042 1 2 1.000000
barc_straps
0  3.135201 -5.888813 47.247154  -0.040121 0.116880 -0.992335  0.556435 0.946936 1 2 1.000000
0  2.777025 -5.923938 47.257492  -0.040108 0.116817 -0.992343  0.555596 0.932883 1 2 1.000000
0  3.831387 -5.693277 47.242027  -0.040110 0.116810 -0.992344  0.553078 0.975021 1 2 1.000000
barc_straps
0  2.418850 -5.959061 47.267830  -0.040100 0.116731 -0.992354  0.554756 0.918830 1 2 1.000000
0  1.722664 -6.154596 47.272949  -0.040072 0.116712 -0.992357  0.558113 0.890746 1 2 1.000000
0  1.712584 -6.091950 47.280724  -0.040080 0.116761 -0.992351  0.555596 0.890735 1 2 1.000000
barc_straps
0  2.777025 -5.923938 47.257492  -0.040108 0.116817 -0.992343  0.555596 0.932883 1 2 1.000000
0  2.766945 -5.861291 47.265266  -0.040096 0.116700 -0.992357  0.553078 0.932873 1 2 1.000000
0  3.831387 -5.693277 47.242027  -0.040110 0.116810 -0.992344  0.553078 0.975021 1 2 1.000000
barc_straps
0  2.418850 -5.959061 47.267830  -0.040100 0.116731 -0.992354  0.554756 0.918830 1 2 1.000000
0  1.702503 -6.029306 47.288506  -0.040091 0.116818 -0.992344  0.553078 0.890724 1 2 1.000000
0  2.766945 -5.861291 47.265266  -0.040096 0.116700 -0.992357  0.553078 0.932873 1 2 1.000000
barc_straps
0  2.777025 -5.923938 47.257492  -0.040108 0.116817 -0.992343  0.555596 0.932883 1 2 1.000000
0  2.787107 -5.986580 47.249702  -0.040119 0.116944 -0.992328  0.558113 0.932894 1 2 1.000000
0  1.722664 -6.154596 47.272949  -0.040072 0.116712 -0.992357  0.558113 0.890746 1 2 1.000000
barc_straps
0  3.135201 -5.888813 47.247154  -0.040121 0.116880 -0.992335  0.556435 0.946936 1 2 1.000000
0  3.851551 -5.818564 47.226463  -0.040122 0.116827 -0.992342  0.558113 0.975042 1 2 1.000000
0  2.787107 -5.986580 47.249702  -0.040119 0.116944 -0.992328  0.558113 0.932894 1 2 1.000000
barc_straps
0  3.135201 -5.888813 47.247154  -0.040121 0.116880 -0.992335  0.556435 0.946936 1 2 1.000000
0  3.831387 -5.693277 47.242027  -0.040110 0.116810 -0.992344  0.553078 0.975021 1 2 1.000000
0  3.841469 -5.755921 47.234245  -0.040116 0.116818 -0.992343  0.555596 0.975032 1 2 1.000000
barc_straps
0  2.379805 -6.058208 47.322197  0.152508 -0.981787 -0.113292  0.065904 0.905125 1 2 1.000000
0  2.736420 -6.005588 47.346207  0.152497 -0.981790 -0.113287  0.051951 0.906073 1 2 1.000000
0  1.565199 -6.201466 47.467175  0.150245 -0.981921 -0.115143  0.097869 0.910862 1 2 1.000000
barc_straps
0  2.736420 -6.005588 47.346207  0.152497 -0.981790 -0.113287  0.051951 0.906073 1 2 1.000000
0  2.379805 -6.058208 47.322197  0.152508 -0.981787 -0.113292  0.065904 0.905125 1 2 1.000000
0  2.787107 -5.986580 47.249702  0.152499 -0.981790 -0.113279  0.049921 0.902257 1 2 1.000000
barc_straps
0  2.379805 -6.058208 47.322197  0.152508 -0.981787 -0.113292  0.065904 0.905125 1 2 1.000000
0  1.643932 -6.178031 47.370064  0.149975 -0.981936 -0.115364  0.094740 0.907021 1 2 1.000000
0  1.722664 -6.154596 47.272949  0.149891 -0.981941 -0.115434  0.091612 0.903181 1 2 1.000000
barc_straps
0  2.736420 -6.005588 47.346207  0.152497 -0.981790 -0.113287  0.051951 0.906073 1 2 1.000000
0  3.149120 -5.944116 47.368996  0.152495 -0.981790 -0.113285  0.035802 0.906973 1 2 1.000000
0  2.797905 -6.006892 47.440262  0.152495 -0.981789 -0.113298  0.049588 0.909792 1 2 1.000000
barc_straps
0  3.149120 -5.944116 47.368996  0.152495 -0.981790 -0.113285  0.035802 0.906973 1 2 1.000000
0  3.941082 -5.815440 47.319901  0.159654 -0.979827 -0.120209  0.004769 0.905028 1 2 1.000000
0  4.030613 -5.812315 47.413345  0.162606 -0.978986 -0.123065  0.001307 0.908723 1 2 1.000000
barc_straps
0  3.149120 -5.944116 47.368996  0.152495 -0.981790 -0.113285  0.035802 0.906973 1 2 1.000000
0  2.736420 -6.005588 47.346207  0.152497 -0.981790 -0.113287  0.051951 0.906073 1 2 1.000000
0  3.851551 -5.818564 47.226463  0.158513 -0.980145 -0.119116  0.008230 0.901333 1 2 1.000000
barc_straps
0  2.379805 -6.058208 47.322197  0.152508 -0.981787 -0.113292  0.065904 0.905125 1 2 1.000000
0  1.565199 -6.201466 47.467175  0.150245 -0.981921 -0.115143  0.097869 0.910862 1 2 1.000000
0  1.643932 -6.178031 47.370064  0.149975 -0.981936 -0.115364  0.094740 0.907021 1 2 1.000000
barc_straps
0  2.736420 -6.005588 47.346207  0.152497 -0.981790 -0.113287  0.051951 0.906073 1 2 1.000000
0  2.787107 -5.986580 47.249702  0.152499 -0.981790 -0.113279  0.049921 0.902257 1 2 1.000000
0  3.851551 -5.818564 47.226463  0.158513 -0.980145 -0.119116  0.008230 0.901333 1 2 1.000000
barc_straps
0  2.379805 -6.058208 47.322197  0.152508 -0.981787 -0.113292  0.065904 0.905125 1 2 1.000000
0  1.722664 -6.154596 47.272949  0.149891 -0.981941 -0.115434  0.091612 0.903181 1 2 1.000000
0  2.787107 -5.986580 47.249702  0.152499 -0.981790 -0.113279  0.049921 0.902257 1 2 1.000000
barc_straps
0  2.736420 -6.005588 47.346207  0.152497 -0.981790 -0.113287  0.051951 0.906073 1 2 1.000000
0  2.797905 -6.006892 47.440262  0.152495 -0.981789 -0.113298  0.049588 0.909792 1 2 1.000000
0  1.565199 -6.201466 47.467175  0.150245 -0.981921 -0.115143  0.097869 0.910862 1 2 1.000000
barc_straps
0  3.149120 -5.944116 47.368996  0.152495 -0.981790 -0.113285  0.035802 0.906973 1 2 1.000000
0  4.030613 -5.812315 47.413345  0.162606 -0.978986 -0.123065  0.001307 0.908723 1 2 1.000000
0  2.797905 -6.006892 47.440262  0.152495 -0.981789 -0.113298  0.049588 0.909792 1 2 1.000000
barc_straps
0  3.149120 -5.944116 47.368996  0.152495 -0.981790 -0.113285  0.035802 0.906973 1 2 1.000000
0  3.851551 -5.818564 47.226463  0.158513 -0.980145 -0.119116  0.008230 0.901333 1 2 1.000000
0  3.941082 -5.815440 47.319901  0.159654 -0.979827 -0.120209  0.004769 0.905028 1 2 1.000000
barc_straps
0  2.772095 -5.837118 47.066582  0.152407 -0.981549 -0.115474  0.794072 0.938115 1 2 1.000000
0  3.125193 -5.789172 47.125069  0.152413 -0.981547 -0.115480  0.780273 0.940426 1 2 1.000000
0  2.823122 -5.840745 47.164757  0.152408 -0.981550 -0.115465  0.792120 0.941997 1 2 1.000000
barc_straps
0  3.125193 -5.789172 47.125069  0.152413 -0.981547 -0.115480  0.780273 0.940426 1 2 1.000000
0  3.753559 -5.693880 47.144432  0.160803 -0.979395 -0.122177  0.755678 0.941190 1 2 1.000000
0  3.831387 -5.693277 47.242027  0.158587 -0.979976 -0.120405  0.752676 0.945050 1 2 1.000000
barc_straps
0  3.125193 -5.789172 47.125069  0.152413 -0.981547 -0.115480  0.780273 0.940426 1 2 1.000000
0  2.772095 -5.837118 47.066582  0.152407 -0.981549 -0.115474  0.794072 0.938115 1 2 1.000000
0  3.675728 -5.694485 47.046844  0.162548 -0.978932 -0.123574  0.758679 0.937330 1 2 1.000000
barc_straps
0  2.467449 -5.900780 47.205620  0.152417 -0.981549 -0.115456  0.806066 0.943615 1 2 1.000000
0  1.785482 -6.004529 47.187416  0.151240 -0.981614 -0.116447  0.832761 0.942898 1 2 1.000000
0  1.868462 -5.979751 47.086311  0.151199 -0.981617 -0.116480  0.829464 0.938899 1 2 1.000000
barc_straps
0  2.467449 -5.900780 47.205620  0.152417 -0.981549 -0.115456  0.806066 0.943615 1 2 1.000000
0  2.766945 -5.861291 47.265266  0.152407 -0.981551 -0.115453  0.794367 0.945973 1 2 1.000000
0  1.702503 -6.029306 47.288506  0.151357 -0.981608 -0.116347  0.836057 0.946897 1 2 1.000000
barc_straps
0  2.766945 -5.861291 47.265266  0.152407 -0.981551 -0.115453  0.794367 0.945973 1 2 1.000000
0  2.467449 -5.900780 47.205620  0.152417 -0.981549 -0.115456  0.806066 0.943615 1 2 1.000000
0  2.823122 -5.840745 47.164757  0.152408 -0.981550 -0.115465  0.792120 0.941997 1 2 1.000000
barc_straps
0  2.772095 -5.837118 47.066582  0.152407 -0.981549 -0.115474  0.794072 0.938115 1 2 1.000000
0  2.823122 -5.840745 47.164757  0.152408 -0.981550 -0.115465  0.792120 0.941997 1 2 1.000000
0  1.868462 -5.979751 47.086311  0.151199 -0.981617 -0.116480  0.829464 0.938899 1 2 1.000000
barc_straps
0  3.125193 -5.789172 47.125069  0.152413 -0.981547 -0.115480  0.780273 0.940426 1 2 1.000000
0  3.831387 -5.693277 47.242027  0.158587 -0.979976 -0.120405  0.752676 0.945050 1 2 1.000000
0  2.823122 -5.840745 47.164757  0.152408 -0.981550 -0.115465  0.792120 0.941997 1 2 1.000000
barc_straps
0  3.125193 -5.789172 47.125069  0.152413 -0.981547 -0.115480  0.780273 0.940426 1 2 1.000000
0  3.675728 -5.694485 47.046844  0.162548 -0.978932 -0.123574  0.758679 0.937330 1 2 1.000000
0  3.753559 -5.693880 47.144432  0.160803 -0.979395 -0.122177  0.755678 0.941190 1 2 1.000000
barc_straps
0  2.467449 -5.900780 47.205620  0.152417 -0.981549 -0.115456  0.806066 0.943615 1 2 1.000000
0  1.868462 -5.979751 47.086311  0.151199 -0.981617 -0.116480  0.829464 0.938899 1 2 1.000000
0  2.823122 -5.840745 47.164757  0.152408 -0.981550 -0.115465  0.792120 0.941997 1 2 1.000000
barc_straps
0  2.467449 -5.900780 47.205620  0.152417 -0.981549 -0.115456  0.806066 0.943615 1 2 1.000000
0  1.702503 -6.029306 47.288506  0.151357 -0.981608 -0.116347  0.836057 0.946897 1 2 1.000000
0  1.785482 -6.004529 47.187416  0.151240 -0.981614 -0.116447  0.832761 0.942898 1 2 1.000000
barc_straps
0  2.766945 -5.861291 47.265266  0.152407 -0.981551 -0.115453  0.794367 0.945973 1 2 1.000000
0  2.823122 -5.840745 47.164757  0.152408 -0.981550 -0.115465  0.792120 0.941997 1 2 1.000000
0  3.831387 -5.693277 47.242027  0.158587 -0.979976 -0.120405  0.752676 0.945050 1 2 1.000000
barc_straps
0  1.682554 -5.831857 45.612297  0.150084 -0.981675 -0.117424  0.836057 0.880587 1 2 1.000000
0  1.733236 -5.769407 45.154976  0.150079 -0.981676 -0.117423  0.833860 0.862497 1 2 1.000000
0  1.768047 -5.831936 45.722221  0.150079 -0.981676 -0.117424  0.832761 0.884936 1 2 1.000000
barc_straps
0  1.733236 -5.769407 45.154976  0.150079 -0.981676 -0.117423  0.833860 0.862497 1 2 1.000000
0  1.748600 -5.639459 44.088219  0.151413 -0.981382 -0.118169  0.832761 0.820297 1 2 1.000000
0  1.834597 -5.644507 44.240341  0.150259 -0.981637 -0.117522  0.829464 0.826315 1 2 1.000000
barc_straps
0  1.733236 -5.769407 45.154976  0.150079 -0.981676 -0.117423  0.833860 0.862497 1 2 1.000000
0  1.682554 -5.831857 45.612297  0.150084 -0.981675 -0.117424  0.836057 0.880587 1 2 1.000000
0  1.662609 -5.634405 43.936073  0.150677 -0.981544 -0.117764  0.836057 0.814278 1 2 1.000000
barc_straps
0  1.801853 -5.884523 46.205055  0.150066 -0.981678 -0.117424  0.831662 0.904037 1 2 1.000000
0  1.785482 -6.004529 47.187416  0.151240 -0.981614 -0.116447  0.832761 0.942898 1 2 1.000000
0  1.702503 -6.029306 47.288506  0.151357 -0.981608 -0.116347  0.836057 0.946897 1 2 1.000000
barc_straps
0  1.801853 -5.884523 46.205055  0.150066 -0.981678 -0.117424  0.831662 0.904037 1 2 1.000000
0  1.851528 -5.812129 45.663330  0.150072 -0.981677 -0.117424  0.829464 0.882607 1 2 1.000000
0  1.868462 -5.979751 47.086311  0.151199 -0.981617 -0.116480  0.829464 0.938899 1 2 1.000000
barc_straps
0  1.851528 -5.812129 45.663330  0.150072 -0.981677 -0.117424  0.829464 0.882607 1 2 1.000000
0  1.801853 -5.884523 46.205055  0.150066 -0.981678 -0.117424  0.831662 0.904037 1 2 1.000000
0  1.768047 -5.831936 45.722221  0.150079 -0.981676 -0.117424  0.832761 0.884936 1 2 1.000000
barc_straps
0  1.682554 -5.831857 45.612297  0.150084 -0.981675 -0.117424  0.836057 0.880587 1 2 1.000000
0  1.768047 -5.831936 45.722221  0.150079 -0.981676 -0.117424  0.832761 0.884936 1 2 1.000000
0  1.702503 -6.029306 47.288506  0.151357 -0.981608 -0.116347  0.836057 0.946897 1 2 1.000000
barc_straps
0  1.733236 -5.769407 45.154976  0.150079 -0.981676 -0.117423  0.833860 0.862497 1 2 1.000000
0  1.834597 -5.644507 44.240341  0.150259 -0.981637 -0.117522  0.829464 0.826315 1 2 1.000000
0  1.768047 -5.831936 45.722221  0.150079 -0.981676 -0.117424  0.832761 0.884936 1 2 1.000000
barc_straps
0  1.733236 -5.769407 45.154976  0.150079 -0.981676 -0.117423  0.833860 0.862497 1 2 1.000000
0  1.662609 -5.634405 43.936073  0.150677 -0.981544 -0.117764  0.836057 0.814278 1 2 1.000000
0  1.748600 -5.639459 44.088219  0.151413 -0.981382 -0.118169  0.832761 0.820297 1 2 1.000000
barc_straps
0  1.801853 -5.884523 46.205055  0.150066 -0.981678 -0.117424  0.831662 0.904037 1 2 1.000000
0  1.702503 -6.029306 47.288506  0.151357 -0.981608 -0.116347  0.836057 0.946897 1 2 1.000000
0  1.768047 -5.831936 45.722221  0.150079 -0.981676 -0.117424  0.832761 0.884936 1 2 1.000000
barc_straps
0  1.801853 -5.884523 46.205055  0.150066 -0.981678 -0.117424  0.831662 0.904037 1 2 1.000000
0  1.868462 -5.979751 47.086311  0.151199 -0.981617 -0.116480  0.829464 0.938899 1 2 1.000000
0  1.785482 -6.004529 47.187416  0.151240 -0.981614 -0.116447  0.832761 0.942898 1 2 1.000000
barc_straps
0  1.851528 -5.812129 45.663330  0.150072 -0.981677 -0.117424  0.829464 0.882607 1 2 1.000000
0  1.768047 -5.831936 45.722221  0.150079 -0.981676 -0.117424  0.832761 0.884936 1 2 1.000000
0  1.834597 -5.644507 44.240341  0.150259 -0.981637 -0.117522  0.829464 0.826315 1 2 1.000000
barc_straps
0  3.826744 -5.479630 45.592552  0.166965 -0.977735 -0.127109  0.752112 0.879742 1 2 1.000000
0  3.776405 -5.551249 46.077324  0.166960 -0.977736 -0.127110  0.754301 0.898938 1 2 1.000000
0  3.748997 -5.484105 45.524849  0.166968 -0.977734 -0.127110  0.755124 0.877065 1 2 1.000000
barc_straps
0  3.776405 -5.551249 46.077324  0.166960 -0.977736 -0.127110  0.754301 0.898938 1 2 1.000000
0  3.753559 -5.693880 47.144432  0.160803 -0.979395 -0.122177  0.755678 0.941190 1 2 1.000000
0  3.675728 -5.694485 47.046844  0.162548 -0.978932 -0.123574  0.758679 0.937330 1 2 1.000000
barc_straps
0  3.776405 -5.551249 46.077324  0.166960 -0.977736 -0.127110  0.754301 0.898938 1 2 1.000000
0  3.826744 -5.479630 45.592552  0.166965 -0.977735 -0.127109  0.752112 0.879742 1 2 1.000000
0  3.831387 -5.693277 47.242027  0.158587 -0.979976 -0.120405  0.752676 0.945050 1 2 1.000000
barc_straps
0  3.721760 -5.424702 45.032143  0.166959 -0.977736 -0.127110  0.755967 0.857559 1 2 1.000000
0  3.744774 -5.289813 44.024803  0.166968 -0.977735 -0.127111  0.754611 0.817674 1 2 1.000000
0  3.822098 -5.265984 43.943077  0.166964 -0.977735 -0.127111  0.751547 0.814434 1 2 1.000000
barc_straps
0  3.721760 -5.424702 45.032143  0.166959 -0.977736 -0.127110  0.755967 0.857559 1 2 1.000000
0  3.671589 -5.504063 45.576683  0.166974 -0.977734 -0.127110  0.758177 0.879122 1 2 1.000000
0  3.667450 -5.313642 44.106522  0.166977 -0.977733 -0.127111  0.757674 0.820914 1 2 1.000000
barc_straps
0  3.671589 -5.504063 45.576683  0.166974 -0.977734 -0.127110  0.758177 0.879122 1 2 1.000000
0  3.721760 -5.424702 45.032143  0.166959 -0.977736 -0.127110  0.755967 0.857559 1 2 1.000000
0  3.748997 -5.484105 45.524849  0.166968 -0.977734 -0.127110  0.755124 0.877065 1 2 1.000000
barc_straps
0  3.826744 -5.479630 45.592552  0.166965 -0.977735 -0.127109  0.752112 0.879742 1 2 1.000000
0  3.748997 -5.484105 45.524849  0.166968 -0.977734 -0.127110  0.755124 0.877065 1 2 1.000000
0  3.822098 -5.265984 43.943077  0.166964 -0.977735 -0.127111  0.751547 0.814434 1 2 1.000000
barc_straps
0  3.776405 -5.551249 46.077324  0.166960 -0.977736 -0.127110  0.754301 0.898938 1 2 1.000000
0  3.675728 -5.694485 47.046844  0.162548 -0.978932 -0.123574  0.758679 0.937330 1 2 1.000000
0  3.748997 -5.484105 45.524849  0.166968 -0.977734 -0.127110  0.755124 0.877065 1 2 1.000000
barc_straps
0  3.776405 -5.551249 46.077324  0.166960 -0.977736 -0.127110  0.754301 0.898938 1 2 1.000000
0  3.831387 -5.693277 47.242027  0.158587 -0.979976 -0.120405  0.752676 0.945050 1 2 1.000000
0  3.753559 -5.693880 47.144432  0.160803 -0.979395 -0.122177  0.755678 0.941190 1 2 1.000000
barc_straps
0  3.721760 -5.424702 45.032143  0.166959 -0.977736 -0.127110  0.755967 0.857559 1 2 1.000000
0  3.822098 -5.265984 43.943077  0.166964 -0.977735 -0.127111  0.751547 0.814434 1 2 1.000000
0  3.748997 -5.484105 45.524849  0.166968 -0.977734 -0.127110  0.755124 0.877065 1 2 1.000000
barc_straps
0  3.721760 -5.424702 45.032143  0.166959 -0.977736 -0.127110  0.755967 0.857559 1 2 1.000000
0  3.667450 -5.313642 44.106522  0.166977 -0.977733 -0.127111  0.757674 0.820914 1 2 1.000000
0  3.744774 -5.289813 44.024803  0.166968 -0.977735 -0.127111  0.754611 0.817674 1 2 1.000000
barc_straps
0  3.671589 -5.504063 45.576683  0.166974 -0.977734 -0.127110  0.758177 0.879122 1 2 1.000000
0  3.748997 -5.484105 45.524849  0.166968 -0.977734 -0.127110  0.755124 0.877065 1 2 1.000000
0  3.675728 -5.694485 47.046844  0.162548 -0.978932 -0.123574  0.758679 0.937330 1 2 1.000000
barc_straps
0  2.792259 -5.962405 47.051010  0.040137 -0.116942 0.992327  0.173757 0.936525 1 2 1.000000
0  3.086746 -5.873099 47.049629  0.040121 -0.116880 0.992335  0.175434 0.948466 1 2 1.000000
0  2.782177 -5.899763 47.058800  0.040119 -0.116875 0.992336  0.176272 0.936502 1 2 1.000000
barc_straps
0  3.086746 -5.873099 47.049629  0.040121 -0.116880 0.992335  0.175434 0.948466 1 2 1.000000
0  3.685810 -5.757129 47.039062  0.040114 -0.116817 0.992343  0.176272 0.972373 1 2 1.000000
0  3.675728 -5.694485 47.046844  0.040108 -0.116815 0.992343  0.178787 0.972350 1 2 1.000000
barc_straps
0  3.086746 -5.873099 47.049629  0.040121 -0.116880 0.992335  0.175434 0.948466 1 2 1.000000
0  2.792259 -5.962405 47.051010  0.040137 -0.116942 0.992327  0.173757 0.936525 1 2 1.000000
0  3.695892 -5.819773 47.031281  0.040120 -0.116825 0.992342  0.173757 0.972395 1 2 1.000000
barc_straps
0  2.477604 -5.926426 47.067970  0.040107 -0.116818 0.992343  0.177111 0.924537 1 2 1.000000
0  1.878544 -6.042395 47.078529  0.040096 -0.116820 0.992343  0.176272 0.900631 1 2 1.000000
0  1.888626 -6.105039 47.070747  0.040098 -0.116824 0.992343  0.173757 0.900654 1 2 1.000000
barc_straps
0  2.477604 -5.926426 47.067970  0.040107 -0.116818 0.992343  0.177111 0.924537 1 2 1.000000
0  2.772095 -5.837118 47.066582  0.040102 -0.116818 0.992343  0.178787 0.936479 1 2 1.000000
0  1.868462 -5.979751 47.086311  0.040097 -0.116821 0.992343  0.178787 0.900608 1 2 1.000000
barc_straps
0  2.772095 -5.837118 47.066582  0.040102 -0.116818 0.992343  0.178787 0.936479 1 2 1.000000
0  2.477604 -5.926426 47.067970  0.040107 -0.116818 0.992343  0.177111 0.924537 1 2 1.000000
0  2.782177 -5.899763 47.058800  0.040119 -0.116875 0.992336  0.176272 0.936502 1 2 1.000000
barc_straps
0  2.792259 -5.962405 47.051010  0.040137 -0.116942 0.992327  0.173757 0.936525 1 2 1.000000
0  2.782177 -5.899763 47.058800  0.040119 -0.116875 0.992336  0.176272 0.936502 1 2 1.000000
0  1.888626 -6.105039 47.070747  0.040098 -0.116824 0.992343  0.173757 0.900654 1 2 1.000000
barc_straps
0  3.086746 -5.873099 47.049629  0.040121 -0.116880 0.992335  0.175434 0.948466 1 2 1.000000
0  3.675728 -5.694485 47.046844  0.040108 -0.116815 0.992343  0.178787 0.972350 1 2 1.000000
0  2.782177 -5.899763 47.058800  0.040119 -0.116875 0.992336  0.176272 0.936502 1 2 1.000000
barc_straps
0  3.086746 -5.873099 47.049629  0.040121 -0.116880 0.992335  0.175434 0.948466 1 2 1.000000
0  3.695892 -5.819773 47.031281  0.040120 -0.116825 0.992342  0.173757 0.972395 1 2 1.000000
0  3.685810 -5.757129 47.039062  0.040114 -0.116817 0.992343  0.176272 0.972373 1 2 1.000000
barc_straps
0  2.477604 -5.926426 47.067970  0.040107 -0.116818 0.992343  0.177111 0.924537 1 2 1.000000
0  1.888626 -6.105039 47.070747  0.040098 -0.116824 0.992343  0.173757 0.900654 1 2 1.000000
0  2.782177 -5.899763 47.058800  0.040119 -0.116875 0.992336  0.176272 0.936502 1 2 1.000000
barc_straps
0  2.477604 -5.926426 47.067970  0.040107 -0.116818 0.992343  0.177111 0.924537 1 2 1.000000
0  1.868462 -5.979751 47.086311  0.040097 -0.116821 0.992343  0.178787 0.900608 1 2 1.000000
0  1.878544 -6.042395 47.078529  0.040096 -0.116820 0.992343  0.176272 0.900631 1 2 1.000000
barc_straps
0  2.772095 -5.837118 47.066582  0.040102 -0.116818 0.992343  0.178787 0.936479 1 2 1.000000
0  2.782177 -5.899763 47.058800  0.040119 -0.116875 0.992336  0.176272 0.936502 1 2 1.000000
0  3.675728 -5.694485 47.046844  0.040108 -0.116815 0.992343  0.178787 0.972350 1 2 1.000000
barc_straps
0  3.676931 -5.482352 45.081444  0.987484 0.156740 0.017522  0.561026 0.504014 1 2 1.000000
0  3.681671 -5.566708 45.568901  0.987483 0.156747 0.017524  0.560407 0.484580 1 2 1.000000
0  3.687613 -5.438930 44.090950  0.987486 0.156732 0.017521  0.557330 0.542808 1 2 1.000000
barc_straps
0  3.681671 -5.566708 45.568901  0.987483 0.156747 0.017524  0.560407 0.484580 1 2 1.000000
0  3.676931 -5.482352 45.081444  0.987484 0.156740 0.017522  0.561026 0.504014 1 2 1.000000
0  3.671589 -5.504063 45.576683  0.987483 0.156747 0.017523  0.562875 0.484616 1 2 1.000000
barc_straps
0  3.676931 -5.482352 45.081444  0.987484 0.156740 0.017522  0.561026 0.504014 1 2 1.000000
0  3.677532 -5.376286 44.098740  0.987484 0.156741 0.017521  0.559798 0.542845 1 2 1.000000
0  3.667450 -5.313642 44.106522  0.987483 0.156750 0.017523  0.562265 0.542881 1 2 1.000000
barc_straps
0  3.681671 -5.566708 45.568901  0.987483 0.156747 0.017524  0.560407 0.484580 1 2 1.000000
0  3.686409 -5.651064 46.056366  0.987484 0.156745 0.017524  0.559788 0.465146 1 2 1.000000
0  3.691753 -5.629350 45.561119  0.987482 0.156752 0.017525  0.557940 0.484544 1 2 1.000000
barc_straps
0  3.686409 -5.651064 46.056366  0.987484 0.156745 0.017524  0.559788 0.465146 1 2 1.000000
0  3.685810 -5.757129 47.039062  0.987482 0.156755 0.017520  0.561017 0.426316 1 2 1.000000
0  3.695892 -5.819773 47.031281  0.987482 0.156756 0.017521  0.558549 0.426279 1 2 1.000000
barc_straps
0  3.686409 -5.651064 46.056366  0.987484 0.156745 0.017524  0.559788 0.465146 1 2 1.000000
0  3.681671 -5.566708 45.568901  0.987483 0.156747 0.017524  0.560407 0.484580 1 2 1.000000
0  3.675728 -5.694485 47.046844  0.987482 0.156752 0.017520  0.563484 0.426352 1 2 1.000000
barc_straps
0  3.676931 -5.482352 45.081444  0.987484 0.156740 0.017522  0.561026 0.504014 1 2 1.000000
0  3.687613 -5.438930 44.090950  0.987486 0.156732 0.017521  0.557330 0.542808 1 2 1.000000
0  3.677532 -5.376286 44.098740  0.987484 0.156741 0.017521  0.559798 0.542845 1 2 1.000000
barc_straps
0  3.681671 -5.566708 45.568901  0.987483 0.156747 0.017524  0.560407 0.484580 1 2 1.000000
0  3.671589 -5.504063 45.576683  0.987483 0.156747 0.017523  0.562875 0.484616 1 2 1.000000
0  3.675728 -5.694485 47.046844  0.987482 0.156752 0.017520  0.563484 0.426352 1 2 1.000000
barc_straps
0  3.676931 -5.482352 45.081444  0.987484 0.156740 0.017522  0.561026 0.504014 1 2 1.000000
0  3.667450 -5.313642 44.106522  0.987483 0.156750 0.017523  0.562265 0.542881 1 2 1.000000
0  3.671589 -5.504063 45.576683  0.987483 0.156747 0.017523  0.562875 0.484616 1 2 1.000000
barc_straps
0  3.681671 -5.566708 45.568901  0.987483 0.156747 0.017524  0.560407 0.484580 1 2 1.000000
0  3.691753 -5.629350 45.561119  0.987482 0.156752 0.017525  0.557940 0.484544 1 2 1.000000
0  3.687613 -5.438930 44.090950  0.987486 0.156732 0.017521  0.557330 0.542808 1 2 1.000000
barc_straps
0  3.686409 -5.651064 46.056366  0.987484 0.156745 0.017524  0.559788 0.465146 1 2 1.000000
0  3.695892 -5.819773 47.031281  0.987482 0.156756 0.017521  0.558549 0.426279 1 2 1.000000
0  3.691753 -5.629350 45.561119  0.987482 0.156752 0.017525  0.557940 0.484544 1 2 1.000000
barc_straps
0  3.686409 -5.651064 46.056366  0.987484 0.156745 0.017524  0.559788 0.465146 1 2 1.000000
0  3.675728 -5.694485 47.046844  0.987482 0.156752 0.017520  0.563484 0.426352 1 2 1.000000
0  3.685810 -5.757129 47.039062  0.987482 0.156755 0.017520  0.561017 0.426316 1 2 1.000000
barc_straps
0  1.863895 -5.909765 46.132462  -0.987405 -0.158061 -0.006868  0.858672 0.946123 1 2 1.000000
0  1.861610 -5.874773 45.655548  -0.987405 -0.158067 -0.006869  0.857836 0.927452 1 2 1.000000
0  1.888626 -6.105039 47.070747  -0.987405 -0.158063 -0.006870  0.855380 0.983349 1 2 1.000000
barc_straps
0  1.861610 -5.874773 45.655548  -0.987405 -0.158067 -0.006869  0.857836 0.927452 1 2 1.000000
0  1.863895 -5.909765 46.132462  -0.987405 -0.158061 -0.006868  0.858672 0.946123 1 2 1.000000
0  1.851528 -5.812129 45.663330  -0.987405 -0.158063 -0.006868  0.860318 0.927510 1 2 1.000000
barc_straps
0  1.863895 -5.909765 46.132462  -0.987405 -0.158061 -0.006868  0.858672 0.946123 1 2 1.000000
0  1.878544 -6.042395 47.078529  -0.987405 -0.158061 -0.006870  0.857862 0.983407 1 2 1.000000
0  1.868462 -5.979751 47.086311  -0.987406 -0.158060 -0.006870  0.860344 0.983465 1 2 1.000000
barc_straps
0  1.853813 -5.760872 44.154900  -0.987407 -0.158050 -0.006853  0.855354 0.868689 1 2 1.000000
0  1.847408 -5.722085 44.183380  -0.987407 -0.158053 -0.006822  0.857000 0.869645 1 2 1.000000
0  1.843731 -5.698230 44.162682  -0.987406 -0.158061 -0.006832  0.857836 0.868747 1 2 1.000000
barc_straps
0  1.847408 -5.722085 44.183380  -0.987407 -0.158053 -0.006822  0.857000 0.869645 1 2 1.000000
0  1.849022 -5.744043 44.456779  -0.987408 -0.158042 -0.006864  0.857405 0.880355 1 2 1.000000
0  1.834597 -5.644507 44.240341  -0.987410 -0.158032 -0.006842  0.860292 0.871556 1 2 1.000000
barc_straps
0  1.849022 -5.744043 44.456779  -0.987408 -0.158042 -0.006864  0.857405 0.880355 1 2 1.000000
0  1.847408 -5.722085 44.183380  -0.987407 -0.158053 -0.006822  0.857000 0.869645 1 2 1.000000
0  1.853813 -5.760872 44.154900  -0.987407 -0.158050 -0.006853  0.855354 0.868689 1 2 1.000000
barc_straps
0  1.861610 -5.874773 45.655548  -0.987405 -0.158067 -0.006869  0.857836 0.927452 1 2 1.000000
0  1.859325 -5.839782 45.178635  -0.987405 -0.158061 -0.006868  0.857000 0.908782 1 2 1.000000
0  1.871693 -5.937417 45.647766  -0.987403 -0.158074 -0.006869  0.855354 0.927394 1 2 1.000000
barc_straps
0  1.859325 -5.839782 45.178635  -0.987405 -0.158061 -0.006868  0.857000 0.908782 1 2 1.000000
0  1.849022 -5.744043 44.456779  -0.987408 -0.158042 -0.006864  0.857405 0.880355 1 2 1.000000
0  1.858757 -5.809471 44.563057  -0.987403 -0.158075 -0.006871  0.855341 0.884741 1 2 1.000000
barc_straps
0  1.859325 -5.839782 45.178635  -0.987405 -0.158061 -0.006868  0.857000 0.908782 1 2 1.000000
0  1.861610 -5.874773 45.655548  -0.987405 -0.158067 -0.006869  0.857836 0.927452 1 2 1.000000
0  1.834597 -5.644507 44.240341  -0.987410 -0.158032 -0.006842  0.860292 0.871556 1 2 1.000000
barc_straps
0  1.843731 -5.698230 44.162682  -0.987406 -0.158061 -0.006832  0.857836 0.868747 1 2 1.000000
0  1.840057 -5.674373 44.141983  -0.987408 -0.158045 -0.006862  0.858672 0.867850 1 2 1.000000
0  1.842789 -5.689303 44.092796  -0.987405 -0.158062 -0.006874  0.857862 0.865996 1 2 1.000000
barc_straps
0  1.840057 -5.674373 44.141983  -0.987408 -0.158045 -0.006862  0.858672 0.867850 1 2 1.000000
0  1.833651 -5.635584 44.170456  -0.987410 -0.158036 -0.006828  0.860318 0.868805 1 2 1.000000
0  1.832706 -5.626661 44.100578  -0.987404 -0.158074 -0.006847  0.860344 0.866055 1 2 1.000000
barc_straps
0  1.833651 -5.635584 44.170456  -0.987410 -0.158036 -0.006828  0.860318 0.868805 1 2 1.000000
0  1.840057 -5.674373 44.141983  -0.987408 -0.158045 -0.006862  0.858672 0.867850 1 2 1.000000
0  1.843731 -5.698230 44.162682  -0.987406 -0.158061 -0.006832  0.857836 0.868747 1 2 1.000000
barc_straps
0  1.863895 -5.909765 46.132462  -0.987405 -0.158061 -0.006868  0.858672 0.946123 1 2 1.000000
0  1.888626 -6.105039 47.070747  -0.987405 -0.158063 -0.006870  0.855380 0.983349 1 2 1.000000
0  1.878544 -6.042395 47.078529  -0.987405 -0.158061 -0.006870  0.857862 0.983407 1 2 1.000000
barc_straps
0  1.861610 -5.874773 45.655548  -0.987405 -0.158067 -0.006869  0.857836 0.927452 1 2 1.000000
0  1.851528 -5.812129 45.663330  -0.987405 -0.158063 -0.006868  0.860318 0.927510 1 2 1.000000
0  1.834597 -5.644507 44.240341  -0.987410 -0.158032 -0.006842  0.860292 0.871556 1 2 1.000000
barc_straps
0  1.863895 -5.909765 46.132462  -0.987405 -0.158061 -0.006868  0.858672 0.946123 1 2 1.000000
0  1.868462 -5.979751 47.086311  -0.987406 -0.158060 -0.006870  0.860344 0.983465 1 2 1.000000
0  1.851528 -5.812129 45.663330  -0.987405 -0.158063 -0.006868  0.860318 0.927510 1 2 1.000000
barc_straps
0  1.853813 -5.760872 44.154900  -0.987407 -0.158050 -0.006853  0.855354 0.868689 1 2 1.000000
0  1.843731 -5.698230 44.162682  -0.987406 -0.158061 -0.006832  0.857836 0.868747 1 2 1.000000
0  1.852871 -5.751948 44.085014  -0.987406 -0.158057 -0.006877  0.855380 0.865938 1 2 1.000000
barc_straps
0  1.847408 -5.722085 44.183380  -0.987407 -0.158053 -0.006822  0.857000 0.869645 1 2 1.000000
0  1.834597 -5.644507 44.240341  -0.987410 -0.158032 -0.006842  0.860292 0.871556 1 2 1.000000
0  1.843731 -5.698230 44.162682  -0.987406 -0.158061 -0.006832  0.857836 0.868747 1 2 1.000000
barc_straps
0  1.849022 -5.744043 44.456779  -0.987408 -0.158042 -0.006864  0.857405 0.880355 1 2 1.000000
0  1.853813 -5.760872 44.154900  -0.987407 -0.158050 -0.006853  0.855354 0.868689 1 2 1.000000
0  1.858757 -5.809471 44.563057  -0.987403 -0.158075 -0.006871  0.855341 0.884741 1 2 1.000000
barc_straps
0  1.861610 -5.874773 45.655548  -0.987405 -0.158067 -0.006869  0.857836 0.927452 1 2 1.000000
0  1.871693 -5.937417 45.647766  -0.987403 -0.158074 -0.006869  0.855354 0.927394 1 2 1.000000
0  1.888626 -6.105039 47.070747  -0.987405 -0.158063 -0.006870  0.855380 0.983349 1 2 1.000000
barc_straps
0  1.859325 -5.839782 45.178635  -0.987405 -0.158061 -0.006868  0.857000 0.908782 1 2 1.000000
0  1.858757 -5.809471 44.563057  -0.987403 -0.158075 -0.006871  0.855341 0.884741 1 2 1.000000
0  1.871693 -5.937417 45.647766  -0.987403 -0.158074 -0.006869  0.855354 0.927394 1 2 1.000000
barc_straps
0  1.859325 -5.839782 45.178635  -0.987405 -0.158061 -0.006868  0.857000 0.908782 1 2 1.000000
0  1.834597 -5.644507 44.240341  -0.987410 -0.158032 -0.006842  0.860292 0.871556 1 2 1.000000
0  1.849022 -5.744043 44.456779  -0.987408 -0.158042 -0.006864  0.857405 0.880355 1 2 1.000000
barc_straps
0  1.843731 -5.698230 44.162682  -0.987406 -0.158061 -0.006832  0.857836 0.868747 1 2 1.000000
0  1.842789 -5.689303 44.092796  -0.987405 -0.158062 -0.006874  0.857862 0.865996 1 2 1.000000
0  1.852871 -5.751948 44.085014  -0.987406 -0.158057 -0.006877  0.855380 0.865938 1 2 1.000000
barc_straps
0  1.840057 -5.674373 44.141983  -0.987408 -0.158045 -0.006862  0.858672 0.867850 1 2 1.000000
0  1.832706 -5.626661 44.100578  -0.987404 -0.158074 -0.006847  0.860344 0.866055 1 2 1.000000
0  1.842789 -5.689303 44.092796  -0.987405 -0.158062 -0.006874  0.857862 0.865996 1 2 1.000000
barc_straps
0  1.833651 -5.635584 44.170456  -0.987410 -0.158036 -0.006828  0.860318 0.868805 1 2 1.000000
0  1.843731 -5.698230 44.162682  -0.987406 -0.158061 -0.006832  0.857836 0.868747 1 2 1.000000
0  1.834597 -5.644507 44.240341  -0.987410 -0.158032 -0.006842  0.860292 0.871556 1 2 1.000000
barc_straps
0  3.846905 -5.604918 45.576996  -0.987485 -0.156738 -0.017521  0.382906 0.914693 1 2 1.000000
0  3.841732 -5.634371 46.132004  -0.987483 -0.156751 -0.017521  0.384561 0.936384 1 2 1.000000
0  3.836824 -5.542274 45.584778  -0.987486 -0.156729 -0.017520  0.385388 0.914723 1 2 1.000000
barc_straps
0  3.841732 -5.634371 46.132004  -0.987483 -0.156751 -0.017521  0.384561 0.936384 1 2 1.000000
0  3.841469 -5.755921 47.234245  -0.987483 -0.156750 -0.017522  0.385388 0.979736 1 2 1.000000
0  3.831387 -5.693277 47.242027  -0.987483 -0.156750 -0.017521  0.387871 0.979766 1 2 1.000000
barc_straps
0  3.841732 -5.634371 46.132004  -0.987483 -0.156751 -0.017521  0.384561 0.936384 1 2 1.000000
0  3.846905 -5.604918 45.576996  -0.987485 -0.156738 -0.017521  0.382906 0.914693 1 2 1.000000
0  3.851551 -5.818564 47.226463  -0.987483 -0.156749 -0.017522  0.382906 0.979705 1 2 1.000000
barc_straps
0  3.831915 -5.450179 45.037544  -0.987487 -0.156726 -0.017520  0.386216 0.893062 1 2 1.000000
0  3.832180 -5.328628 43.935295  -0.987482 -0.156753 -0.017523  0.385388 0.849710 1 2 1.000000
0  3.842262 -5.391272 43.927513  -0.987483 -0.156749 -0.017523  0.382906 0.849680 1 2 1.000000
barc_straps
0  3.831915 -5.450179 45.037544  -0.987487 -0.156726 -0.017520  0.386216 0.893062 1 2 1.000000
0  3.826744 -5.479630 45.592552  -0.987488 -0.156720 -0.017518  0.387871 0.914753 1 2 1.000000
0  3.822098 -5.265984 43.943077  -0.987482 -0.156755 -0.017523  0.387871 0.849740 1 2 1.000000
barc_straps
0  3.826744 -5.479630 45.592552  -0.987488 -0.156720 -0.017518  0.387871 0.914753 1 2 1.000000
0  3.831915 -5.450179 45.037544  -0.987487 -0.156726 -0.017520  0.386216 0.893062 1 2 1.000000
0  3.836824 -5.542274 45.584778  -0.987486 -0.156729 -0.017520  0.385388 0.914723 1 2 1.000000
barc_straps
0  3.846905 -5.604918 45.576996  -0.987485 -0.156738 -0.017521  0.382906 0.914693 1 2 1.000000
0  3.836824 -5.542274 45.584778  -0.987486 -0.156729 -0.017520  0.385388 0.914723 1 2 1.000000
0  3.842262 -5.391272 43.927513  -0.987483 -0.156749 -0.017523  0.382906 0.849680 1 2 1.000000
barc_straps
0  3.841732 -5.634371 46.132004  -0.987483 -0.156751 -0.017521  0.384561 0.936384 1 2 1.000000
0  3.831387 -5.693277 47.242027  -0.987483 -0.156750 -0.017521  0.387871 0.979766 1 2 1.000000
0  3.836824 -5.542274 45.584778  -0.987486 -0.156729 -0.017520  0.385388 0.914723 1 2 1.000000
barc_straps
0  3.841732 -5.634371 46.132004  -0.987483 -0.156751 -0.017521  0.384561 0.936384 1 2 1.000000
0  3.851551 -5.818564 47.226463  -0.987483 -0.156749 -0.017522  0.382906 0.979705 1 2 1.000000
0  3.841469 -5.755921 47.234245  -0.987483 -0.156750 -0.017522  0.385388 0.979736 1 2 1.000000
barc_straps
0  3.831915 -5.450179 45.037544  -0.987487 -0.156726 -0.017520  0.386216 0.893062 1 2 1.000000
0  3.842262 -5.391272 43.927513  -0.987483 -0.156749 -0.017523  0.382906 0.849680 1 2 1.000000
0  3.836824 -5.542274 45.584778  -0.987486 -0.156729 -0.017520  0.385388 0.914723 1 2 1.000000
barc_straps
0  3.831915 -5.450179 45.037544  -0.987487 -0.156726 -0.017520  0.386216 0.893062 1 2 1.000000
0  3.822098 -5.265984 43.943077  -0.987482 -0.156755 -0.017523  0.387871 0.849740 1 2 1.000000
0  3.832180 -5.328628 43.935295  -0.987482 -0.156753 -0.017523  0.385388 0.849710 1 2 1.000000
barc_straps
0  3.826744 -5.479630 45.592552  -0.987488 -0.156720 -0.017518  0.387871 0.914753 1 2 1.000000
0  3.836824 -5.542274 45.584778  -0.987486 -0.156729 -0.017520  0.385388 0.914723 1 2 1.000000
0  3.831387 -5.693277 47.242027  -0.987483 -0.156750 -0.017521  0.387871 0.979766 1 2 1.000000
barc_straps
0  -5.206630 -0.661487 60.081947  0.498673 -0.629870 0.595474  0.116987 0.522154 4 4 0.032554 36 0.000005 3 0.004882 9 0.962559
0  -5.400495 -0.914360 59.957836  0.389944 -0.738782 0.549677  0.112804 0.512706 4 4 0.039687 36 0.000004 3 0.005187 9 0.955122
0  -5.088342 -0.871047 59.722572  0.456585 -0.769061 0.447297  0.124497 0.511250 4 4 0.034914 36 0.000009 3 0.003915 9 0.961162
barc_straps
0  -5.400495 -0.914360 59.957836  0.389944 -0.738782 0.549677  0.112804 0.512706 4 4 0.039687 36 0.000004 3 0.005187 9 0.955122
0  -5.206630 -0.661487 60.081947  0.498673 -0.629870 0.595474  0.116987 0.522154 4 4 0.032554 36 0.000005 3 0.004882 9 0.962559
0  -5.314125 -0.516901 60.286293  0.526245 -0.532432 0.663010  0.111820 0.528507 4 4 0.028118 36 0.000007 3 0.004323 9 0.967552
barc_straps
0  -5.314125 -0.516901 60.286293  0.526245 -0.532432 0.663010  0.111820 0.528507 4 4 0.028118 36 0.000007 3 0.004323 9 0.967552
0  -5.206630 -0.661487 60.081947  0.498673 -0.629870 0.595474  0.116987 0.522154 4 4 0.032554 36 0.000005 3 0.004882 9 0.962559
0  -4.896219 -0.497862 59.977085  0.546167 -0.498893 0.672909  0.127283 0.526493 4 4 0.035168 36 0.000002 3 0.006416 9 0.958414
barc_straps
0  -5.381087 -1.106813 59.423183  0.245271 -0.935030 0.256048  0.119849 0.497084 4 4 0.046468 36 0.000008 3 0.004198 9 0.949326
0  -5.529878 -1.067456 59.712685  0.264356 -0.903092 0.338440  0.112177 0.503308 4 4 0.041723 36 0.000022 3 0.002399 9 0.955856
0  -5.794080 -1.134793 59.625565  0.098474 -0.954340 0.282027  0.105988 0.497464 4 4 0.040053 36 0.000012 3 0.003442 9 0.956493
barc_straps
0  -5.529878 -1.067456 59.712685  0.264356 -0.903092 0.338440  0.112177 0.503308 4 4 0.041723 36 0.000022 3 0.002399 9 0.955856
0  -5.400495 -0.914360 59.957836  0.389944 -0.738782 0.549677  0.112804 0.512706 4 4 0.039687 36 0.000004 3 0.005187 9 0.955122
0  -5.832622 -0.927386 60.200893  0.247111 -0.835674 0.490494  0.098512 0.513854 4 4 0.029411 36 0.000025 3 0.002047 9 0.968517
barc_straps
0  -5.529878 -1.067456 59.712685  0.264356 -0.903092 0.338440  0.112177 0.503308 4 4 0.041723 36 0.000022 3 0.002399 9 0.955856
0  -5.381087 -1.106813 59.423183  0.245271 -0.935030 0.256048  0.119849 0.497084 4 4 0.046468 36 0.000008 3 0.004198 9 0.949326
0  -5.088342 -0.871047 59.722572  0.456585 -0.769061 0.447297  0.124497 0.511250 4 4 0.034914 36 0.000009 3 0.003915 9 0.961162
barc_straps
0  -6.228572 -1.319287 58.948959  0.027300 -0.973430 0.227352  0.101171 0.472932 4 4 0.061393 36 0.000061 3 0.000211 9 0.938335
0  -6.094855 -1.209106 59.396545  0.056130 -0.971806 0.229004  0.100139 0.487511 4 4 0.040424 36 0.000073 3 0.000399 9 0.959104
0  -6.294250 -1.164542 59.607777  0.034540 -0.964265 0.262678  0.092286 0.491508 4 4 0.046772 36 0.000050 3 0.001106 9 0.952072
barc_straps
0  -6.294250 -1.164542 59.607777  0.034540 -0.964265 0.262678  0.092286 0.491508 4 4 0.046772 36 0.000050 3 0.001106 9 0.952072
0  -6.094855 -1.209106 59.396545  0.056130 -0.971806 0.229004  0.100139 0.487511 4 4 0.040424 36 0.000073 3 0.000399 9 0.959104
0  -5.794080 -1.134793 59.625565  0.098474 -0.954340 0.282027  0.105988 0.497464 4 4 0.040053 36 0.000012 3 0.003442 9 0.956493
barc_straps
0  -6.094855 -1.209106 59.396545  0.056130 -0.971806 0.229004  0.100139 0.487511 4 4 0.040424 36 0.000073 3 0.000399 9 0.959104
0  -6.228572 -1.319287 58.948959  0.027300 -0.973430 0.227352  0.101171 0.472932 4 4 0.061393 36 0.000061 3 0.000211 9 0.938335
0  -5.764479 -1.243462 59.143719  0.108855 -0.968549 0.223748  0.112301 0.483900 4 4 0.054464 36 0.000019 3 0.002408 9 0.943109
barc_straps
0  -7.741508 -1.328823 58.936031  -0.013914 -0.975618 0.219035  0.057211 0.457811 3 4 0.049707 36 0.000342 9 0.949951
0  -7.495893 -1.197025 59.540916  -0.004855 -0.975587 0.219558  0.058801 0.478110 3 4 0.023997 36 0.000360 9 0.975643
0  -7.869016 -1.108703 59.892593  -0.019292 -0.963757 0.266085  0.044816 0.485314 3 4 0.034629 36 0.000283 9 0.965088
barc_straps
0  -7.869016 -1.108703 59.892593  -0.019292 -0.963757 0.266085  0.044816 0.485314 3 4 0.034629 36 0.000283 9 0.965088
0  -7.495893 -1.197025 59.540916  -0.004855 -0.975587 0.219558  0.058801 0.478110 3 4 0.023997 36 0.000360 9 0.975643
0  -6.938811 -1.147694 59.758621  0.017529 -0.965218 0.260859  0.072741 0.489489 3 4 0.033118 36 0.000171 9 0.966711
barc_straps
0  -7.495893 -1.197025 59.540916  -0.004855 -0.975587 0.219558  0.058801 0.478110 3 4 0.023997 36 0.000360 9 0.975643
0  -7.741508 -1.328823 58.936031  -0.013914 -0.975618 0.219035  0.057211 0.457811 3 4 0.049707 36 0.000342 9 0.949951
0  -6.859017 -1.344379 58.869537  0.009162 -0.975546 0.219606  0.083753 0.464069 3 4 0.062474 36 0.000143 9 0.937383
barc_straps
0  -6.938811 -1.147694 59.758621  0.017529 -0.965218 0.260859  0.072741 0.489489 3 4 0.033118 36 0.000171 9 0.966711
0  -6.294250 -1.164542 59.607777  0.034540 -0.964265 0.262678  0.092286 0.491508 4 4 0.046772 36 0.000050 3 0.001106 9 0.952072
0  -6.392976 -0.917919 60.432892  0.121204 -0.873282 0.471898  0.081156 0.514292 3 4 0.016961 36 0.000170 9 0.982869
barc_straps
0  -5.833940 -0.510883 60.695797  0.367752 -0.652138 0.662929  0.093078 0.531871 4 4 0.020969 36 0.000027 3 0.001725 9 0.977279
0  -6.392976 -0.917919 60.432892  0.121204 -0.873282 0.471898  0.081156 0.514292 3 4 0.016961 36 0.000170 9 0.982869
0  -5.832622 -0.927386 60.200893  0.247111 -0.835674 0.490494  0.098512 0.513854 4 4 0.029411 36 0.000025 3 0.002047 9 0.968517
barc_straps
0  -5.274058 0.006101 60.635208  0.625224 -0.327305 0.708496  0.109278 0.547289 4 4 0.021747 36 0.000005 3 0.004466 9 0.973782
0  -5.468018 -0.361402 60.562363  0.511623 -0.561234 0.650583  0.104382 0.535661 4 4 0.023200 36 0.000010 3 0.003477 9 0.973313
0  -5.314125 -0.516901 60.286293  0.526245 -0.532432 0.663010  0.111820 0.528507 4 4 0.028118 36 0.000007 3 0.004323 9 0.967552
barc_straps
0  -5.468018 -0.361402 60.562363  0.511623 -0.561234 0.650583  0.104382 0.535661 4 4 0.023200 36 0.000010 3 0.003477 9 0.973313
0  -5.833940 -0.510883 60.695797  0.367752 -0.652138 0.662929  0.093078 0.531871 4 4 0.020969 36 0.000027 3 0.001725 9 0.977279
0  -5.832622 -0.927386 60.200893  0.247111 -0.835674 0.490494  0.098512 0.513854 4 4 0.029411 36 0.000025 3 0.002047 9 0.968517
barc_straps
0  -5.468018 -0.361402 60.562363  0.511623 -0.561234 0.650583  0.104382 0.535661 4 4 0.023200 36 0.000010 3 0.003477 9 0.973313
0  -5.274058 0.006101 60.635208  0.625224 -0.327305 0.708496  0.109278 0.547289 4 4 0.021747 36 0.000005 3 0.004466 9 0.973782
0  -5.819680 0.028557 61.089729  0.534711 -0.384577 0.752453  0.089433 0.550771 4 4 0.015472 36 0.000027 3 0.001367 9 0.983134
barc_straps
0  -5.205569 0.757292 60.787964  0.672698 -0.152085 0.724119  0.110734 0.570760 4 4 0.018020 36 0.000004 3 0.005096 9 0.976880
0  -5.051610 0.481275 60.583065  0.667540 -0.207272 0.715143  0.117030 0.561356 4 4 0.028357 36 0.000001 3 0.009040 9 0.962602
0  -4.666318 0.741665 60.281483  0.683874 -0.122291 0.719278  0.132577 0.567997 4 4 0.022039 36 0.000003 3 0.006054 9 0.971904
barc_straps
0  -5.051610 0.481275 60.583065  0.667540 -0.207272 0.715143  0.117030 0.561356 4 4 0.028357 36 0.000001 3 0.009040 9 0.962602
0  -5.274058 0.006101 60.635208  0.625224 -0.327305 0.708496  0.109278 0.547289 4 4 0.021747 36 0.000005 3 0.004466 9 0.973782
0  -4.767838 0.032966 60.169220  0.636371 -0.334800 0.694940  0.129645 0.544832 4 4 0.031007 36 0.000001 3 0.007537 9 0.961455
barc_straps
0  -5.274058 0.006101 60.635208  0.625224 -0.327305 0.708496  0.109278 0.547289 4 4 0.021747 36 0.000005 3 0.004466 9 0.973782
0  -5.051610 0.481275 60.583065  0.667540 -0.207272 0.715143  0.117030 0.561356 4 4 0.028357 36 0.000001 3 0.009040 9 0.962602
0  -5.205569 0.757292 60.787964  0.672698 -0.152085 0.724119  0.110734 0.570760 4 4 0.018020 36 0.000004 3 0.005096 9 0.976880
barc_straps
0  -6.227005 4.337461 59.465263  0.061877 0.975789 0.209777  0.105281 0.703634 3 4 0.013974 36 0.000037 9 0.985989
0  -6.041745 4.371845 59.232822  0.059364 0.980314 0.188308  0.113441 0.707342 3 4 0.023179 36 0.000034 9 0.976787
0  -6.217457 4.474118 58.750847  0.042098 0.981334 0.187649  0.115504 0.723132 3 4 0.017147 36 0.000028 9 0.982825
barc_straps
0  -6.041745 4.371845 59.232822  0.059364 0.980314 0.188308  0.113441 0.707342 3 4 0.023179 36 0.000034 9 0.976787
0  -5.725015 4.309030 59.455040  0.088317 0.968697 0.232005  0.118618 0.696784 5 4 0.020792 36 0.000014 2 0.000012 3 0.000932 9 0.978250
0  -5.743513 4.413597 58.917442  0.088711 0.978456 0.186426  0.125986 0.711654 4 4 0.014894 36 0.000017 3 0.000669 9 0.984420
barc_straps
0  -5.725015 4.309030 59.455040  0.088317 0.968697 0.232005  0.118618 0.696784 5 4 0.020792 36 0.000014 2 0.000012 3 0.000932 9 0.978250
0  -6.041745 4.371845 59.232822  0.059364 0.980314 0.188308  0.113441 0.707342 3 4 0.023179 36 0.000034 9 0.976787
0  -6.227005 4.337461 59.465263  0.061877 0.975789 0.209777  0.105281 0.703634 3 4 0.013974 36 0.000037 9 0.985989
barc_straps
0  -5.468507 4.260082 59.527622  0.242028 0.930989 0.273281  0.124135 0.690907 4 4 0.014665 36 0.000009 3 0.002053 9 0.983273
0  -5.327346 4.123682 59.793758  0.402947 0.786838 0.467460  0.123702 0.681119 4 4 0.015347 36 0.000003 3 0.004118 9 0.980532
0  -5.061537 4.102971 59.508041  0.464749 0.808959 0.359991  0.135159 0.683495 4 4 0.012963 36 0.000007 3 0.002857 9 0.984173
barc_straps
0  -5.468507 4.260082 59.527622  0.242028 0.930989 0.273281  0.124135 0.690907 4 4 0.014665 36 0.000009 3 0.002053 9 0.983273
0  -5.725015 4.309030 59.455040  0.088317 0.968697 0.232005  0.118618 0.696784 5 4 0.020792 36 0.000014 2 0.000012 3 0.000932 9 0.978250
0  -5.719347 4.122033 60.080215  0.247225 0.871709 0.423087  0.109772 0.679845 4 4 0.010664 36 0.000019 3 0.000882 9 0.988435
barc_straps
0  -5.725015 4.309030 59.455040  0.088317 0.968697 0.232005  0.118618 0.696784 5 4 0.020792 36 0.000014 2 0.000012 3 0.000932 9 0.978250
0  -5.468507 4.260082 59.527622  0.242028 0.930989 0.273281  0.124135 0.690907 4 4 0.014665 36 0.000009 3 0.002053 9 0.983273
0  -5.357612 4.306476 59.193031  0.211788 0.955691 0.204453  0.132181 0.698028 4 4 0.017566 36 0.000006 3 0.002371 9 0.980057
barc_straps
0  -4.857083 3.753300 59.792866  0.607548 0.538866 0.583531  0.136360 0.667977 4 4 0.014626 36 0.000002 3 0.005560 9 0.979812
0  -5.134832 3.891298 59.927505  0.537049 0.677117 0.503082  0.126784 0.671695 4 4 0.011673 36 0.000006 3 0.003628 9 0.984693
0  -5.223627 3.751423 60.154415  0.567108 0.544078 0.618360  0.121199 0.665443 4 4 0.012792 36 0.000004 3 0.004022 9 0.983182
barc_straps
0  -5.223627 3.751423 60.154415  0.567108 0.544078 0.618360  0.121199 0.665443 4 4 0.012792 36 0.000004 3 0.004022 9 0.983182
0  -5.134832 3.891298 59.927505  0.537049 0.677117 0.503082  0.126784 0.671695 4 4 0.011673 36 0.000006 3 0.003628 9 0.984693
0  -5.327346 4.123682 59.793758  0.402947 0.786838 0.467460  0.123702 0.681119 4 4 0.015347 36 0.000003 3 0.004118 9 0.980532
barc_straps
0  -5.134832 3.891298 59.927505  0.537049 0.677117 0.503082  0.126784 0.671695 4 4 0.011673 36 0.000006 3 0.003628 9 0.984693
0  -4.857083 3.753300 59.792866  0.607548 0.538866 0.583531  0.136360 0.667977 4 4 0.014626 36 0.000002 3 0.005560 9 0.979812
0  -5.061537 4.102971 59.508041  0.464749 0.808959 0.359991  0.135159 0.683495 4 4 0.012963 36 0.000007 3 0.002857 9 0.984173
barc_straps
0  -5.722157 3.762117 60.562794  0.418716 0.629993 0.654053  0.102831 0.663931 4 4 0.007600 36 0.000018 3 0.001005 9 0.991377
0  -5.198390 3.259852 60.502338  0.634317 0.343829 0.692404  0.116843 0.647971 4 4 0.010888 36 0.000004 3 0.003978 9 0.985130
0  -5.223627 3.751423 60.154415  0.567108 0.544078 0.618360  0.121199 0.665443 4 4 0.012792 36 0.000004 3 0.004022 9 0.983182
barc_straps
0  -5.719347 4.122033 60.080215  0.247225 0.871709 0.423087  0.109772 0.679845 4 4 0.010664 36 0.000019 3 0.000882 9 0.988435
0  -5.722157 3.762117 60.562794  0.418716 0.629993 0.654053  0.102831 0.663931 4 4 0.007600 36 0.000018 3 0.001005 9 0.991377
0  -5.223627 3.751423 60.154415  0.567108 0.544078 0.618360  0.121199 0.665443 4 4 0.012792 36 0.000004 3 0.004022 9 0.983182
barc_straps
0  -4.638332 2.434922 60.208206  0.696976 0.151208 0.700972  0.136601 0.622822 4 4 0.018333 36 0.000001 3 0.008466 9 0.973200
0  -5.000217 2.740542 60.483097  0.689370 0.220744 0.689957  0.122504 0.631975 4 4 0.012109 36 0.000003 3 0.004856 9 0.983032
0  -5.159986 2.452538 60.711861  0.684344 0.172027 0.708576  0.115009 0.622554 4 4 0.013047 36 0.000002 3 0.005702 9 0.981249
barc_straps
0  -5.159986 2.452538 60.711861  0.684344 0.172027 0.708576  0.115009 0.622554 4 4 0.013047 36 0.000002 3 0.005702 9 0.981249
0  -5.000217 2.740542 60.483097  0.689370 0.220744 0.689957  0.122504 0.631975 4 4 0.012109 36 0.000003 3 0.004856 9 0.983032
0  -5.198390 3.259852 60.502338  0.634317 0.343829 0.692404  0.116843 0.647971 4 4 0.010888 36 0.000004 3 0.003978 9 0.985130
barc_straps
0  -5.000217 2.740542 60.483097  0.689370 0.220744 0.689957  0.122504 0.631975 4 4 0.012109 36 0.000003 3 0.004856 9 0.983032
0  -4.638332 2.434922 60.208206  0.696976 0.151208 0.700972  0.136601 0.622822 4 4 0.018333 36 0.000001 3 0.008466 9 0.973200
0  -4.723073 3.212330 60.031578  0.674791 0.342903 0.653509  0.136795 0.648606 4 4 0.015193 36 0.000001 3 0.006866 9 0.977940
barc_straps
0  -5.159986 2.452538 60.711861  0.684344 0.172027 0.708576  0.115009 0.622554 4 4 0.013047 36 0.000002 3 0.005702 9 0.981249
0  -5.723298 2.480079 61.256203  0.619188 0.224988 0.752321  0.092767 0.622831 4 4 0.008597 36 0.000025 3 0.000832 9 0.990546
0  -5.249088 1.602614 60.976597  0.710979 0.010521 0.703135  0.107805 0.596676 4 4 0.011242 36 0.000006 3 0.003746 9 0.985006
barc_straps
0  -5.770393 0.799315 61.324776  0.601110 -0.199049 0.773981  0.088858 0.574043 4 4 0.011771 36 0.000024 3 0.001204 9 0.987001
0  -5.249088 1.602614 60.976597  0.710979 0.010521 0.703135  0.107805 0.596676 4 4 0.011242 36 0.000006 3 0.003746 9 0.985006
0  -5.841161 1.642759 61.514202  0.598147 0.015246 0.801242  0.085612 0.598617 4 4 0.007751 36 0.000018 3 0.001070 9 0.991161
barc_straps
0  -6.368573 0.835832 61.719105  0.446225 -0.225140 0.866138  0.069558 0.576380 3 4 0.008068 36 0.000073 9 0.991859
0  -6.403762 0.054213 61.469456  0.386775 -0.462822 0.797622  0.070587 0.553326 3 4 0.010973 36 0.000083 9 0.988944
0  -5.770393 0.799315 61.324776  0.601110 -0.199049 0.773981  0.088858 0.574043 4 4 0.011771 36 0.000024 3 0.001204 9 0.987001
barc_straps
0  -6.413796 -0.485500 60.988117  0.274038 -0.698233 0.661342  0.074987 0.533463 4 4 0.019383 36 0.000063 3 0.000028 9 0.980526
0  -6.403762 0.054213 61.469456  0.386775 -0.462822 0.797622  0.070587 0.553326 3 4 0.010973 36 0.000083 9 0.988944
0  -7.065541 -0.448128 61.260727  0.115352 -0.741493 0.660970  0.055501 0.534880 3 4 0.012346 36 0.000106 9 0.987548
barc_straps
0  -7.065541 -0.448128 61.260727  0.115352 -0.741493 0.660970  0.055501 0.534880 3 4 0.012346 36 0.000106 9 0.987548
0  -7.948855 -0.831009 60.718994  -0.036216 -0.890556 0.453430  0.035574 0.509990 3 4 0.012653 36 0.000336 9 0.987011
0  -7.052358 -0.880917 60.635437  0.085199 -0.879912 0.467436  0.061483 0.513999 4 4 0.023092 36 0.000086 3 0.000181 9 0.976641
barc_straps
0  -7.869016 -1.108703 59.892593  -0.019292 -0.963757 0.266085  0.044816 0.485314 3 4 0.034629 36 0.000283 9 0.965088
0  -8.225498 -1.011420 60.203259  -0.050447 -0.942314 0.330906  0.031818 0.491976 3 4 0.016361 36 0.000579 9 0.983060
0  -8.582023 -1.034499 60.035149  -0.070804 -0.956932 0.281547  0.022630 0.484172 3 4 0.016870 36 0.000441 9 0.982689
barc_straps
0  -8.225498 -1.011420 60.203259  -0.050447 -0.942314 0.330906  0.031818 0.491976 3 4 0.016361 36 0.000579 9 0.983060
0  -7.948855 -0.831009 60.718994  -0.036216 -0.890556 0.453430  0.035574 0.509990 3 4 0.012653 36 0.000336 9 0.987011
0  -8.543984 -0.774750 60.736019  -0.072321 -0.900323 0.429171  0.017776 0.506860 3 4 0.010303 36 0.000513 9 0.989184
barc_straps
0  -7.948855 -0.831009 60.718994  -0.036216 -0.890556 0.453430  0.035574 0.509990 3 4 0.012653 36 0.000336 9 0.987011
0  -8.225498 -1.011420 60.203259  -0.050447 -0.942314 0.330906  0.031818 0.491976 3 4 0.016361 36 0.000579 9 0.983060
0  -7.869016 -1.108703 59.892593  -0.019292 -0.963757 0.266085  0.044816 0.485314 3 4 0.034629 36 0.000283 9 0.965088
barc_straps
0  -7.733497 4.358912 59.711155  -0.003118 0.977656 0.210189  0.061460 0.716232 3 4 0.007960 36 0.000158 9 0.991882
0  -8.103444 4.283241 60.037357  -0.041374 0.963994 0.262686  0.047303 0.711094 3 4 0.004200 36 0.000195 9 0.995605
0  -8.004230 4.125851 60.569427  0.000220 0.928991 0.370101  0.043850 0.694478 3 4 0.005503 36 0.000204 9 0.994293
barc_straps
0  -8.103444 4.283241 60.037357  -0.041374 0.963994 0.262686  0.047303 0.711094 3 4 0.004200 36 0.000195 9 0.995605
0  -8.473766 4.295452 59.864799  -0.064408 0.976153 0.207308  0.038782 0.720186 3 4 0.004428 36 0.000275 9 0.995297
0  -8.458180 4.189494 60.251987  -0.084030 0.956607 0.279001  0.034578 0.708500 3 4 0.005177 36 0.000263 9 0.994560
barc_straps
0  -7.733497 4.358912 59.711155  -0.003118 0.977656 0.210189  0.061460 0.716232 3 4 0.007960 36 0.000158 9 0.991882
0  -7.391495 4.415937 59.361500  0.024593 0.986513 0.161825  0.075242 0.721787 3 4 0.015154 36 0.000128 9 0.984718
0  -7.639305 4.514174 58.770962  0.001821 0.987275 0.159012  0.075835 0.741568 3 4 0.011333 36 0.000118 9 0.988549
barc_straps
0  -7.391495 4.415937 59.361500  0.024593 0.986513 0.161825  0.075242 0.721787 3 4 0.015154 36 0.000128 9 0.984718
0  -6.865825 4.361526 59.583889  0.050238 0.977852 0.203179  0.086746 0.709013 3 4 0.021572 36 0.000066 9 0.978362
0  -6.831910 4.502742 58.699821  0.041082 0.985561 0.164263  0.099346 0.733055 3 4 0.011489 36 0.000077 9 0.988434
barc_straps
0  -6.865825 4.361526 59.583889  0.050238 0.977852 0.203179  0.086746 0.709013 3 4 0.021572 36 0.000066 9 0.978362
0  -7.391495 4.415937 59.361500  0.024593 0.986513 0.161825  0.075242 0.721787 3 4 0.015154 36 0.000128 9 0.984718
0  -7.733497 4.358912 59.711155  -0.003118 0.977656 0.210189  0.061460 0.716232 3 4 0.007960 36 0.000158 9 0.991882
barc_straps
0  -6.865825 4.361526 59.583889  0.050238 0.977852 0.203179  0.086746 0.709013 3 4 0.021572 36 0.000066 9 0.978362
0  -6.282523 4.149741 60.280708  0.182245 0.890965 0.415895  0.092896 0.682508 3 4 0.008515 36 0.000045 9 0.991440
0  -6.227005 4.337461 59.465263  0.061877 0.975789 0.209777  0.105281 0.703634 3 4 0.013974 36 0.000037 9 0.985989
barc_straps
0  -6.309942 3.771970 60.824932  0.292566 0.708890 0.641779  0.084958 0.665358 3 4 0.006600 36 0.000050 9 0.993350
0  -5.722157 3.762117 60.562794  0.418716 0.629993 0.654053  0.102831 0.663931 4 4 0.007600 36 0.000018 3 0.001005 9 0.991377
0  -6.282523 4.149741 60.280708  0.182245 0.890965 0.415895  0.092896 0.682508 3 4 0.008515 36 0.000045 9 0.991440
barc_straps
0  -6.960321 3.664960 61.229744  0.162506 0.761239 0.627780  0.063757 0.662079 3 4 0.004041 36 0.000096 9 0.995863
0  -6.888623 3.110463 61.704330  0.289250 0.493841 0.820034  0.059665 0.642038 3 4 0.004448 36 0.000095 9 0.995457
0  -6.322912 3.235308 61.364895  0.409656 0.522057 0.748090  0.077410 0.645339 3 4 0.005537 36 0.000056 9 0.994407
barc_straps
0  -6.994319 4.141031 60.520489  0.101918 0.906188 0.410410  0.071709 0.685063 3 4 0.006146 36 0.000092 9 0.993762
0  -6.960321 3.664960 61.229744  0.162506 0.761239 0.627780  0.063757 0.662079 3 4 0.004041 36 0.000096 9 0.995863
0  -6.309942 3.771970 60.824932  0.292566 0.708890 0.641779  0.084958 0.665358 3 4 0.006600 36 0.000050 9 0.993350
barc_straps
0  -5.723298 2.480079 61.256203  0.619188 0.224988 0.752321  0.092767 0.622831 4 4 0.008597 36 0.000025 3 0.000832 9 0.990546
0  -6.322912 3.235308 61.364895  0.409656 0.522057 0.748090  0.077410 0.645339 3 4 0.005537 36 0.000056 9 0.994407
0  -6.329528 2.457094 61.683010  0.498236 0.230322 0.835890  0.072669 0.622216 3 4 0.006031 36 0.000044 9 0.993925
barc_straps
0  -6.329528 2.457094 61.683010  0.498236 0.230322 0.835890  0.072669 0.622216 3 4 0.006031 36 0.000044 9 0.993925
0  -7.015017 2.477042 62.007500  0.278193 0.248912 0.927713  0.052505 0.623555 3 4 0.003841 36 0.000134 9 0.996025
0  -6.469546 1.669975 61.914173  0.462138 0.032647 0.886207  0.065764 0.600215 3 4 0.004944 36 0.000078 9 0.994978
barc_straps
0  -7.055035 0.866721 62.037773  0.247559 -0.251250 0.935729  0.049315 0.578087 3 4 0.005369 36 0.000133 9 0.994498
0  -6.469546 1.669975 61.914173  0.462138 0.032647 0.886207  0.065764 0.600215 3 4 0.004944 36 0.000078 9 0.994978
0  -7.208269 1.700388 62.198730  0.215748 0.031079 0.975954  0.044776 0.601910 3 4 0.003724 36 0.000109 9 0.996167
barc_straps
0  -5.841161 1.642759 61.514202  0.598147 0.015246 0.801242  0.085612 0.598617 4 4 0.007751 36 0.000018 3 0.001070 9 0.991161
0  -6.469546 1.669975 61.914173  0.462138 0.032647 0.886207  0.065764 0.600215 3 4 0.004944 36 0.000078 9 0.994978
0  -6.368573 0.835832 61.719105  0.446225 -0.225140 0.866138  0.069558 0.576380 3 4 0.008068 36 0.000073 9 0.991859
barc_straps
0  -7.055035 0.866721 62.037773  0.247559 -0.251250 0.935729  0.049315 0.578087 3 4 0.005369 36 0.000133 9 0.994498
0  -7.906575 0.115589 61.861786  0.059631 -0.528242 0.846997  0.027656 0.553673 3 4 0.005209 36 0.000253 9 0.994538
0  -7.061596 0.095861 61.754021  0.211600 -0.502774 0.838119  0.051324 0.555057 3 4 0.007564 36 0.000147 9 0.992289
barc_straps
0  -7.951211 -0.397189 61.336929  0.021453 -0.794564 0.606802  0.030247 0.531897 3 4 0.009797 36 0.000247 9 0.989956
0  -8.235758 -0.236959 61.544613  -0.016980 -0.685633 0.727750  0.020515 0.538106 3 4 0.005681 36 0.000396 9 0.993923
0  -8.497683 -0.257004 61.494476  -0.065619 -0.760077 0.646512  0.012995 0.535149 3 4 0.005973 36 0.000330 9 0.993697
barc_straps
0  -8.235758 -0.236959 61.544613  -0.016980 -0.685633 0.727750  0.020515 0.538106 3 4 0.005681 36 0.000396 9 0.993923
0  -7.906575 0.115589 61.861786  0.059631 -0.528242 0.846997  0.027656 0.553673 3 4 0.005209 36 0.000253 9 0.994538
0  -8.469193 0.207341 61.892902  -0.046295 -0.559146 0.827776  0.010666 0.554421 3 4 0.004165 36 0.000351 9 0.995484
barc_straps
0  -7.906575 0.115589 61.861786  0.059631 -0.528242 0.846997  0.027656 0.553673 3 4 0.005209 36 0.000253 9 0.994538
0  -8.235758 -0.236959 61.544613  -0.016980 -0.685633 0.727750  0.020515 0.538106 3 4 0.005681 36 0.000396 9 0.993923
0  -7.951211 -0.397189 61.336929  0.021453 -0.794564 0.606802  0.030247 0.531897 3 4 0.009797 36 0.000247 9 0.989956
barc_straps
0  -8.004230 4.125851 60.569427  0.000220 0.928991 0.370101  0.043850 0.694478 3 4 0.005503 36 0.000204 9 0.994293
0  -8.146330 3.887449 61.031464  -0.033477 0.837225 0.545833  0.034527 0.681272 3 4 0.003295 36 0.000173 9 0.996532
0  -7.803291 3.758240 61.219322  0.040367 0.809148 0.586217  0.041856 0.671557 3 4 0.003145 36 0.000220 9 0.996635
barc_straps
0  -8.146330 3.887449 61.031464  -0.033477 0.837225 0.545833  0.034527 0.681272 3 4 0.003295 36 0.000173 9 0.996532
0  -8.426420 3.810647 61.119305  -0.037243 0.808242 0.587672  0.025409 0.680598 3 4 0.002377 36 0.000260 9 0.997363
0  -8.414549 3.451297 61.545296  -0.017649 0.766938 0.641479  0.020411 0.663934 3 4 0.002757 36 0.000267 9 0.996976
barc_straps
0  -8.146330 3.887449 61.031464  -0.033477 0.837225 0.545833  0.034527 0.681272 3 4 0.003295 36 0.000173 9 0.996532
0  -8.004230 4.125851 60.569427  0.000220 0.928991 0.370101  0.043850 0.694478 3 4 0.005503 36 0.000204 9 0.994293
0  -8.446000 4.094503 60.561321  -0.072570 0.928290 0.364708  0.031239 0.699092 3 4 0.003608 36 0.000279 9 0.996113
barc_straps
0  -7.803291 3.758240 61.219322  0.040367 0.809148 0.586217  0.041856 0.671557 3 4 0.003145 36 0.000220 9 0.996635
0  -7.661136 3.231528 61.783524  0.057590 0.576349 0.815172  0.039203 0.648954 3 4 0.002852 36 0.000162 9 0.996986
0  -6.960321 3.664960 61.229744  0.162506 0.761239 0.627780  0.063757 0.662079 3 4 0.004041 36 0.000096 9 0.995863
barc_straps
0  -7.864487 2.515028 62.099068  0.063615 0.282847 0.957053  0.029317 0.627561 3 4 0.002456 36 0.000187 9 0.997357
0  -7.543812 2.759899 62.005718  0.134687 0.383754 0.913560  0.039526 0.633552 3 4 0.002839 36 0.000152 9 0.997009
0  -7.661136 3.231528 61.783524  0.057590 0.576349 0.815172  0.039203 0.648954 3 4 0.002852 36 0.000162 9 0.996986
barc_straps
0  -7.543812 2.759899 62.005718  0.134687 0.383754 0.913560  0.039526 0.633552 3 4 0.002839 36 0.000152 9 0.997009
0  -7.015017 2.477042 62.007500  0.278193 0.248912 0.927713  0.052505 0.623555 3 4 0.003841 36 0.000134 9 0.996025
0  -6.888623 3.110463 61.704330  0.289250 0.493841 0.820034  0.059665 0.642038 3 4 0.004448 36 0.000095 9 0.995457
barc_straps
0  -7.015017 2.477042 62.007500  0.278193 0.248912 0.927713  0.052505 0.623555 3 4 0.003841 36 0.000134 9 0.996025
0  -7.543812 2.759899 62.005718  0.134687 0.383754 0.913560  0.039526 0.633552 3 4 0.002839 36 0.000152 9 0.997009
0  -7.864487 2.515028 62.099068  0.063615 0.282847 0.957053  0.029317 0.627561 3 4 0.002456 36 0.000187 9 0.997357
barc_straps
0  -8.212466 2.260678 62.198471  0.012347 0.279831 0.959970  0.018233 0.620717 3 4 0.002151 36 0.000232 9 0.997617
0  -7.864487 2.515028 62.099068  0.063615 0.282847 0.957053  0.029317 0.627561 3 4 0.002456 36 0.000187 9 0.997357
0  -8.408213 3.105833 61.845543  -0.011814 0.385625 0.922580  0.017038 0.649844 3 4 0.002104 36 0.000261 9 0.997635
barc_straps
0  -7.864487 2.515028 62.099068  0.063615 0.282847 0.957053  0.029317 0.627561 3 4 0.002456 36 0.000187 9 0.997357
0  -8.212466 2.260678 62.198471  0.012347 0.279831 0.959970  0.018233 0.620717 3 4 0.002151 36 0.000232 9 0.997617
0  -8.106773 1.721773 62.283688  0.084359 0.021202 0.996210  0.019649 0.603819 3 4 0.002500 36 0.000228 9 0.997272
barc_straps
0  -8.212466 2.260678 62.198471  0.012347 0.279831 0.959970  0.018233 0.620717 3 4 0.002151 36 0.000232 9 0.997617
0  -8.409990 2.348938 62.163445  -0.015436 0.338247 0.940931  0.012867 0.624411 3 4 0.002073 36 0.000271 9 0.997656
0  -8.412516 2.138117 62.208462  -0.054606 0.169308 0.984049  0.011913 0.617633 3 4 0.002010 36 0.000264 9 0.997726
barc_straps
0  -8.249057 1.174006 62.226368  0.008134 -0.212203 0.977192  0.015314 0.586962 3 4 0.002848 36 0.000266 9 0.996886
0  -8.435663 1.094647 62.199257  -0.029029 -0.261364 0.964804  0.009838 0.584234 3 4 0.003270 36 0.000323 9 0.996407
0  -8.448862 0.745583 62.078480  -0.009264 -0.322299 0.946593  0.009903 0.572513 3 4 0.002757 36 0.000303 9 0.996940
barc_straps
0  -8.249057 1.174006 62.226368  0.008134 -0.212203 0.977192  0.015314 0.586962 3 4 0.002848 36 0.000266 9 0.996886
0  -8.106773 1.721773 62.283688  0.084359 0.021202 0.996210  0.019649 0.603819 3 4 0.002500 36 0.000228 9 0.997272
0  -8.418645 1.727281 62.269791  -0.044003 0.028067 0.998637  0.010375 0.604518 3 4 0.002278 36 0.000283 9 0.997439
barc_straps
0  -8.106773 1.721773 62.283688  0.084359 0.021202 0.996210  0.019649 0.603819 3 4 0.002500 36 0.000228 9 0.997272
0  -8.249057 1.174006 62.226368  0.008134 -0.212203 0.977192  0.015314 0.586962 3 4 0.002848 36 0.000266 9 0.996886
0  -7.916399 0.888958 62.138596  0.048602 -0.287985 0.956401  0.025190 0.578075 3 4 0.004624 36 0.000194 9 0.995182
barc_straps
0  -5.206630 -0.661487 60.081947  0.498673 -0.629870 0.595474  0.116987 0.522154 4 4 0.032554 36 0.000005 3 0.004882 9 0.962559
0  -5.088342 -0.871047 59.722572  0.456585 -0.769061 0.447297  0.124497 0.511250 4 4 0.034914 36 0.000009 3 0.003915 9 0.961162
0  -4.896219 -0.497862 59.977085  0.546167 -0.498893 0.672909  0.127283 0.526493 4 4 0.035168 36 0.000002 3 0.006416 9 0.958414
barc_straps
0  -5.400495 -0.914360 59.957836  0.389944 -0.738782 0.549677  0.112804 0.512706 4 4 0.039687 36 0.000004 3 0.005187 9 0.955122
0  -5.314125 -0.516901 60.286293  0.526245 -0.532432 0.663010  0.111820 0.528507 4 4 0.028118 36 0.000007 3 0.004323 9 0.967552
0  -5.832622 -0.927386 60.200893  0.247111 -0.835674 0.490494  0.098512 0.513854 4 4 0.029411 36 0.000025 3 0.002047 9 0.968517
barc_straps
0  -5.314125 -0.516901 60.286293  0.526245 -0.532432 0.663010  0.111820 0.528507 4 4 0.028118 36 0.000007 3 0.004323 9 0.967552
0  -4.896219 -0.497862 59.977085  0.546167 -0.498893 0.672909  0.127283 0.526493 4 4 0.035168 36 0.000002 3 0.006416 9 0.958414
0  -4.767838 0.032966 60.169220  0.636371 -0.334800 0.694940  0.129645 0.544832 4 4 0.031007 36 0.000001 3 0.007537 9 0.961455
barc_straps
0  -5.381087 -1.106813 59.423183  0.245271 -0.935030 0.256048  0.119849 0.497084 4 4 0.046468 36 0.000008 3 0.004198 9 0.949326
0  -5.794080 -1.134793 59.625565  0.098474 -0.954340 0.282027  0.105988 0.497464 4 4 0.040053 36 0.000012 3 0.003442 9 0.956493
0  -5.764479 -1.243462 59.143719  0.108855 -0.968549 0.223748  0.112301 0.483900 4 4 0.054464 36 0.000019 3 0.002408 9 0.943109
barc_straps
0  -5.529878 -1.067456 59.712685  0.264356 -0.903092 0.338440  0.112177 0.503308 4 4 0.041723 36 0.000022 3 0.002399 9 0.955856
0  -5.832622 -0.927386 60.200893  0.247111 -0.835674 0.490494  0.098512 0.513854 4 4 0.029411 36 0.000025 3 0.002047 9 0.968517
0  -5.794080 -1.134793 59.625565  0.098474 -0.954340 0.282027  0.105988 0.497464 4 4 0.040053 36 0.000012 3 0.003442 9 0.956493
barc_straps
0  -5.529878 -1.067456 59.712685  0.264356 -0.903092 0.338440  0.112177 0.503308 4 4 0.041723 36 0.000022 3 0.002399 9 0.955856
0  -5.088342 -0.871047 59.722572  0.456585 -0.769061 0.447297  0.124497 0.511250 4 4 0.034914 36 0.000009 3 0.003915 9 0.961162
0  -5.400495 -0.914360 59.957836  0.389944 -0.738782 0.549677  0.112804 0.512706 4 4 0.039687 36 0.000004 3 0.005187 9 0.955122
barc_straps
0  -6.228572 -1.319287 58.948959  0.027300 -0.973430 0.227352  0.101171 0.472932 4 4 0.061393 36 0.000061 3 0.000211 9 0.938335
0  -6.294250 -1.164542 59.607777  0.034540 -0.964265 0.262678  0.092286 0.491508 4 4 0.046772 36 0.000050 3 0.001106 9 0.952072
0  -6.859017 -1.344379 58.869537  0.009162 -0.975546 0.219606  0.083753 0.464069 3 4 0.062474 36 0.000143 9 0.937383
barc_straps
0  -6.294250 -1.164542 59.607777  0.034540 -0.964265 0.262678  0.092286 0.491508 4 4 0.046772 36 0.000050 3 0.001106 9 0.952072
0  -5.794080 -1.134793 59.625565  0.098474 -0.954340 0.282027  0.105988 0.497464 4 4 0.040053 36 0.000012 3 0.003442 9 0.956493
0  -5.832622 -0.927386 60.200893  0.247111 -0.835674 0.490494  0.098512 0.513854 4 4 0.029411 36 0.000025 3 0.002047 9 0.968517
barc_straps
0  -6.094855 -1.209106 59.396545  0.056130 -0.971806 0.229004  0.100139 0.487511 4 4 0.040424 36 0.000073 3 0.000399 9 0.959104
0  -5.764479 -1.243462 59.143719  0.108855 -0.968549 0.223748  0.112301 0.483900 4 4 0.054464 36 0.000019 3 0.002408 9 0.943109
0  -5.794080 -1.134793 59.625565  0.098474 -0.954340 0.282027  0.105988 0.497464 4 4 0.040053 36 0.000012 3 0.003442 9 0.956493
barc_straps
0  -7.741508 -1.328823 58.936031  -0.013914 -0.975618 0.219035  0.057211 0.457811 3 4 0.049707 36 0.000342 9 0.949951
0  -7.869016 -1.108703 59.892593  -0.019292 -0.963757 0.266085  0.044816 0.485314 3 4 0.034629 36 0.000283 9 0.965088
0  -8.631806 -1.280156 59.073429  -0.033041 -0.971643 0.234132  0.029621 0.454337 3 4 0.030870 36 0.000651 9 0.968479
barc_straps
0  -7.869016 -1.108703 59.892593  -0.019292 -0.963757 0.266085  0.044816 0.485314 3 4 0.034629 36 0.000283 9 0.965088
0  -6.938811 -1.147694 59.758621  0.017529 -0.965218 0.260859  0.072741 0.489489 3 4 0.033118 36 0.000171 9 0.966711
0  -7.052358 -0.880917 60.635437  0.085199 -0.879912 0.467436  0.061483 0.513999 4 4 0.023092 36 0.000086 3 0.000181 9 0.976641
barc_straps
0  -7.495893 -1.197025 59.540916  -0.004855 -0.975587 0.219558  0.058801 0.478110 3 4 0.023997 36 0.000360 9 0.975643
0  -6.859017 -1.344379 58.869537  0.009162 -0.975546 0.219606  0.083753 0.464069 3 4 0.062474 36 0.000143 9 0.937383
0  -6.938811 -1.147694 59.758621  0.017529 -0.965218 0.260859  0.072741 0.489489 3 4 0.033118 36 0.000171 9 0.966711
barc_straps
0  -6.294250 -1.164542 59.607777  0.034540 -0.964265 0.262678  0.092286 0.491508 4 4 0.046772 36 0.000050 3 0.001106 9 0.952072
0  -6.938811 -1.147694 59.758621  0.017529 -0.965218 0.260859  0.072741 0.489489 3 4 0.033118 36 0.000171 9 0.966711
0  -6.859017 -1.344379 58.869537  0.009162 -0.975546 0.219606  0.083753 0.464069 3 4 0.062474 36 0.000143 9 0.937383
barc_straps
0  -6.392976 -0.917919 60.432892  0.121204 -0.873282 0.471898  0.081156 0.514292 3 4 0.016961 36 0.000170 9 0.982869
0  -6.294250 -1.164542 59.607777  0.034540 -0.964265 0.262678  0.092286 0.491508 4 4 0.046772 36 0.000050 3 0.001106 9 0.952072
0  -5.832622 -0.927386 60.200893  0.247111 -0.835674 0.490494  0.098512 0.513854 4 4 0.029411 36 0.000025 3 0.002047 9 0.968517
barc_straps
0  -7.052358 -0.880917 60.635437  0.085199 -0.879912 0.467436  0.061483 0.513999 4 4 0.023092 36 0.000086 3 0.000181 9 0.976641
0  -6.938811 -1.147694 59.758621  0.017529 -0.965218 0.260859  0.072741 0.489489 3 4 0.033118 36 0.000171 9 0.966711
0  -6.392976 -0.917919 60.432892  0.121204 -0.873282 0.471898  0.081156 0.514292 3 4 0.016961 36 0.000170 9 0.982869
barc_straps
0  -6.392976 -0.917919 60.432892  0.121204 -0.873282 0.471898  0.081156 0.514292 3 4 0.016961 36 0.000170 9 0.982869
0  -6.413796 -0.485500 60.988117  0.274038 -0.698233 0.661342  0.074987 0.533463 4 4 0.019383 36 0.000063 3 0.000028 9 0.980526
0  -7.052358 -0.880917 60.635437  0.085199 -0.879912 0.467436  0.061483 0.513999 4 4 0.023092 36 0.000086 3 0.000181 9 0.976641
barc_straps
0  -6.413796 -0.485500 60.988117  0.274038 -0.698233 0.661342  0.074987 0.533463 4 4 0.019383 36 0.000063 3 0.000028 9 0.980526
0  -5.833940 -0.510883 60.695797  0.367752 -0.652138 0.662929  0.093078 0.531871 4 4 0.020969 36 0.000027 3 0.001725 9 0.977279
0  -5.819680 0.028557 61.089729  0.534711 -0.384577 0.752453  0.089433 0.550771 4 4 0.015472 36 0.000027 3 0.001367 9 0.983134
barc_straps
0  -6.413796 -0.485500 60.988117  0.274038 -0.698233 0.661342  0.074987 0.533463 4 4 0.019383 36 0.000063 3 0.000028 9 0.980526
0  -6.392976 -0.917919 60.432892  0.121204 -0.873282 0.471898  0.081156 0.514292 3 4 0.016961 36 0.000170 9 0.982869
0  -5.833940 -0.510883 60.695797  0.367752 -0.652138 0.662929  0.093078 0.531871 4 4 0.020969 36 0.000027 3 0.001725 9 0.977279
barc_straps
0  -5.274058 0.006101 60.635208  0.625224 -0.327305 0.708496  0.109278 0.547289 4 4 0.021747 36 0.000005 3 0.004466 9 0.973782
0  -5.314125 -0.516901 60.286293  0.526245 -0.532432 0.663010  0.111820 0.528507 4 4 0.028118 36 0.000007 3 0.004323 9 0.967552
0  -4.767838 0.032966 60.169220  0.636371 -0.334800 0.694940  0.129645 0.544832 4 4 0.031007 36 0.000001 3 0.007537 9 0.961455
barc_straps
0  -5.468018 -0.361402 60.562363  0.511623 -0.561234 0.650583  0.104382 0.535661 4 4 0.023200 36 0.000010 3 0.003477 9 0.973313
0  -5.832622 -0.927386 60.200893  0.247111 -0.835674 0.490494  0.098512 0.513854 4 4 0.029411 36 0.000025 3 0.002047 9 0.968517
0  -5.314125 -0.516901 60.286293  0.526245 -0.532432 0.663010  0.111820 0.528507 4 4 0.028118 36 0.000007 3 0.004323 9 0.967552
barc_straps
0  -5.468018 -0.361402 60.562363  0.511623 -0.561234 0.650583  0.104382 0.535661 4 4 0.023200 36 0.000010 3 0.003477 9 0.973313
0  -5.819680 0.028557 61.089729  0.534711 -0.384577 0.752453  0.089433 0.550771 4 4 0.015472 36 0.000027 3 0.001367 9 0.983134
0  -5.833940 -0.510883 60.695797  0.367752 -0.652138 0.662929  0.093078 0.531871 4 4 0.020969 36 0.000027 3 0.001725 9 0.977279
barc_straps
0  -5.205569 0.757292 60.787964  0.672698 -0.152085 0.724119  0.110734 0.570760 4 4 0.018020 36 0.000004 3 0.005096 9 0.976880
0  -4.666318 0.741665 60.281483  0.683874 -0.122291 0.719278  0.132577 0.567997 4 4 0.022039 36 0.000003 3 0.006054 9 0.971904
0  -4.615272 1.563794 60.299320  0.712296 0.014511 0.701729  0.135359 0.594501 4 4 0.023878 36 0.000001 3 0.009371 9 0.966750
barc_straps
0  -5.051610 0.481275 60.583065  0.667540 -0.207272 0.715143  0.117030 0.561356 4 4 0.028357 36 0.000001 3 0.009040 9 0.962602
0  -4.767838 0.032966 60.169220  0.636371 -0.334800 0.694940  0.129645 0.544832 4 4 0.031007 36 0.000001 3 0.007537 9 0.961455
0  -4.666318 0.741665 60.281483  0.683874 -0.122291 0.719278  0.132577 0.567997 4 4 0.022039 36 0.000003 3 0.006054 9 0.971904
barc_straps
0  -5.274058 0.006101 60.635208  0.625224 -0.327305 0.708496  0.109278 0.547289 4 4 0.021747 36 0.000005 3 0.004466 9 0.973782
0  -5.205569 0.757292 60.787964  0.672698 -0.152085 0.724119  0.110734 0.570760 4 4 0.018020 36 0.000004 3 0.005096 9 0.976880
0  -5.819680 0.028557 61.089729  0.534711 -0.384577 0.752453  0.089433 0.550771 4 4 0.015472 36 0.000027 3 0.001367 9 0.983134
barc_straps
0  -6.227005 4.337461 59.465263  0.061877 0.975789 0.209777  0.105281 0.703634 3 4 0.013974 36 0.000037 9 0.985989
0  -6.217457 4.474118 58.750847  0.042098 0.981334 0.187649  0.115504 0.723132 3 4 0.017147 36 0.000028 9 0.982825
0  -6.831910 4.502742 58.699821  0.041082 0.985561 0.164263  0.099346 0.733055 3 4 0.011489 36 0.000077 9 0.988434
barc_straps
0  -6.041745 4.371845 59.232822  0.059364 0.980314 0.188308  0.113441 0.707342 3 4 0.023179 36 0.000034 9 0.976787
0  -5.743513 4.413597 58.917442  0.088711 0.978456 0.186426  0.125986 0.711654 4 4 0.014894 36 0.000017 3 0.000669 9 0.984420
0  -6.217457 4.474118 58.750847  0.042098 0.981334 0.187649  0.115504 0.723132 3 4 0.017147 36 0.000028 9 0.982825
barc_straps
0  -5.725015 4.309030 59.455040  0.088317 0.968697 0.232005  0.118618 0.696784 5 4 0.020792 36 0.000014 2 0.000012 3 0.000932 9 0.978250
0  -6.227005 4.337461 59.465263  0.061877 0.975789 0.209777  0.105281 0.703634 3 4 0.013974 36 0.000037 9 0.985989
0  -5.719347 4.122033 60.080215  0.247225 0.871709 0.423087  0.109772 0.679845 4 4 0.010664 36 0.000019 3 0.000882 9 0.988435
barc_straps
0  -5.468507 4.260082 59.527622  0.242028 0.930989 0.273281  0.124135 0.690907 4 4 0.014665 36 0.000009 3 0.002053 9 0.983273
0  -5.061537 4.102971 59.508041  0.464749 0.808959 0.359991  0.135159 0.683495 4 4 0.012963 36 0.000007 3 0.002857 9 0.984173
0  -5.357612 4.306476 59.193031  0.211788 0.955691 0.204453  0.132181 0.698028 4 4 0.017566 36 0.000006 3 0.002371 9 0.980057
barc_straps
0  -5.468507 4.260082 59.527622  0.242028 0.930989 0.273281  0.124135 0.690907 4 4 0.014665 36 0.000009 3 0.002053 9 0.983273
0  -5.719347 4.122033 60.080215  0.247225 0.871709 0.423087  0.109772 0.679845 4 4 0.010664 36 0.000019 3 0.000882 9 0.988435
0  -5.327346 4.123682 59.793758  0.402947 0.786838 0.467460  0.123702 0.681119 4 4 0.015347 36 0.000003 3 0.004118 9 0.980532
barc_straps
0  -5.725015 4.309030 59.455040  0.088317 0.968697 0.232005  0.118618 0.696784 5 4 0.020792 36 0.000014 2 0.000012 3 0.000932 9 0.978250
0  -5.357612 4.306476 59.193031  0.211788 0.955691 0.204453  0.132181 0.698028 4 4 0.017566 36 0.000006 3 0.002371 9 0.980057
0  -5.743513 4.413597 58.917442  0.088711 0.978456 0.186426  0.125986 0.711654 4 4 0.014894 36 0.000017 3 0.000669 9 0.984420
barc_straps
0  -4.857083 3.753300 59.792866  0.607548 0.538866 0.583531  0.136360 0.667977 4 4 0.014626 36 0.000002 3 0.005560 9 0.979812
0  -5.223627 3.751423 60.154415  0.567108 0.544078 0.618360  0.121199 0.665443 4 4 0.012792 36 0.000004 3 0.004022 9 0.983182
0  -4.723073 3.212330 60.031578  0.674791 0.342903 0.653509  0.136795 0.648606 4 4 0.015193 36 0.000001 3 0.006866 9 0.977940
barc_straps
0  -5.223627 3.751423 60.154415  0.567108 0.544078 0.618360  0.121199 0.665443 4 4 0.012792 36 0.000004 3 0.004022 9 0.983182
0  -5.327346 4.123682 59.793758  0.402947 0.786838 0.467460  0.123702 0.681119 4 4 0.015347 36 0.000003 3 0.004118 9 0.980532
0  -5.719347 4.122033 60.080215  0.247225 0.871709 0.423087  0.109772 0.679845 4 4 0.010664 36 0.000019 3 0.000882 9 0.988435
barc_straps
0  -5.134832 3.891298 59.927505  0.537049 0.677117 0.503082  0.126784 0.671695 4 4 0.011673 36 0.000006 3 0.003628 9 0.984693
0  -5.061537 4.102971 59.508041  0.464749 0.808959 0.359991  0.135159 0.683495 4 4 0.012963 36 0.000007 3 0.002857 9 0.984173
0  -5.327346 4.123682 59.793758  0.402947 0.786838 0.467460  0.123702 0.681119 4 4 0.015347 36 0.000003 3 0.004118 9 0.980532
barc_straps
0  -5.722157 3.762117 60.562794  0.418716 0.629993 0.654053  0.102831 0.663931 4 4 0.007600 36 0.000018 3 0.001005 9 0.991377
0  -5.731359 3.260605 60.955551  0.540834 0.399605 0.740145  0.097060 0.646572 4 4 0.008675 36 0.000018 3 0.001001 9 0.990306
0  -5.198390 3.259852 60.502338  0.634317 0.343829 0.692404  0.116843 0.647971 4 4 0.010888 36 0.000004 3 0.003978 9 0.985130
barc_straps
0  -5.223627 3.751423 60.154415  0.567108 0.544078 0.618360  0.121199 0.665443 4 4 0.012792 36 0.000004 3 0.004022 9 0.983182
0  -5.198390 3.259852 60.502338  0.634317 0.343829 0.692404  0.116843 0.647971 4 4 0.010888 36 0.000004 3 0.003978 9 0.985130
0  -4.723073 3.212330 60.031578  0.674791 0.342903 0.653509  0.136795 0.648606 4 4 0.015193 36 0.000001 3 0.006866 9 0.977940
barc_straps
0  -4.638332 2.434922 60.208206  0.696976 0.151208 0.700972  0.136601 0.622822 4 4 0.018333 36 0.000001 3 0.008466 9 0.973200
0  -5.159986 2.452538 60.711861  0.684344 0.172027 0.708576  0.115009 0.622554 4 4 0.013047 36 0.000002 3 0.005702 9 0.981249
0  -4.615272 1.563794 60.299320  0.712296 0.014511 0.701729  0.135359 0.594501 4 4 0.023878 36 0.000001 3 0.009371 9 0.966750
barc_straps
0  -5.159986 2.452538 60.711861  0.684344 0.172027 0.708576  0.115009 0.622554 4 4 0.013047 36 0.000002 3 0.005702 9 0.981249
0  -5.198390 3.259852 60.502338  0.634317 0.343829 0.692404  0.116843 0.647971 4 4 0.010888 36 0.000004 3 0.003978 9 0.985130
0  -5.731359 3.260605 60.955551  0.540834 0.399605 0.740145  0.097060 0.646572 4 4 0.008675 36 0.000018 3 0.001001 9 0.990306
barc_straps
0  -5.000217 2.740542 60.483097  0.689370 0.220744 0.689957  0.122504 0.631975 4 4 0.012109 36 0.000003 3 0.004856 9 0.983032
0  -4.723073 3.212330 60.031578  0.674791 0.342903 0.653509  0.136795 0.648606 4 4 0.015193 36 0.000001 3 0.006866 9 0.977940
0  -5.198390 3.259852 60.502338  0.634317 0.343829 0.692404  0.116843 0.647971 4 4 0.010888 36 0.000004 3 0.003978 9 0.985130
barc_straps
0  -5.159986 2.452538 60.711861  0.684344 0.172027 0.708576  0.115009 0.622554 4 4 0.013047 36 0.000002 3 0.005702 9 0.981249
0  -5.249088 1.602614 60.976597  0.710979 0.010521 0.703135  0.107805 0.596676 4 4 0.011242 36 0.000006 3 0.003746 9 0.985006
0  -4.615272 1.563794 60.299320  0.712296 0.014511 0.701729  0.135359 0.594501 4 4 0.023878 36 0.000001 3 0.009371 9 0.966750
barc_straps
0  -5.723298 2.480079 61.256203  0.619188 0.224988 0.752321  0.092767 0.622831 4 4 0.008597 36 0.000025 3 0.000832 9 0.990546
0  -5.841161 1.642759 61.514202  0.598147 0.015246 0.801242  0.085612 0.598617 4 4 0.007751 36 0.000018 3 0.001070 9 0.991161
0  -5.249088 1.602614 60.976597  0.710979 0.010521 0.703135  0.107805 0.596676 4 4 0.011242 36 0.000006 3 0.003746 9 0.985006
barc_straps
0  -5.723298 2.480079 61.256203  0.619188 0.224988 0.752321  0.092767 0.622831 4 4 0.008597 36 0.000025 3 0.000832 9 0.990546
0  -5.159986 2.452538 60.711861  0.684344 0.172027 0.708576  0.115009 0.622554 4 4 0.013047 36 0.000002 3 0.005702 9 0.981249
0  -5.731359 3.260605 60.955551  0.540834 0.399605 0.740145  0.097060 0.646572 4 4 0.008675 36 0.000018 3 0.001001 9 0.990306
barc_straps
0  -5.249088 1.602614 60.976597  0.710979 0.010521 0.703135  0.107805 0.596676 4 4 0.011242 36 0.000006 3 0.003746 9 0.985006
0  -5.205569 0.757292 60.787964  0.672698 -0.152085 0.724119  0.110734 0.570760 4 4 0.018020 36 0.000004 3 0.005096 9 0.976880
0  -4.615272 1.563794 60.299320  0.712296 0.014511 0.701729  0.135359 0.594501 4 4 0.023878 36 0.000001 3 0.009371 9 0.966750
barc_straps
0  -5.205569 0.757292 60.787964  0.672698 -0.152085 0.724119  0.110734 0.570760 4 4 0.018020 36 0.000004 3 0.005096 9 0.976880
0  -5.770393 0.799315 61.324776  0.601110 -0.199049 0.773981  0.088858 0.574043 4 4 0.011771 36 0.000024 3 0.001204 9 0.987001
0  -5.819680 0.028557 61.089729  0.534711 -0.384577 0.752453  0.089433 0.550771 4 4 0.015472 36 0.000027 3 0.001367 9 0.983134
barc_straps
0  -5.205569 0.757292 60.787964  0.672698 -0.152085 0.724119  0.110734 0.570760 4 4 0.018020 36 0.000004 3 0.005096 9 0.976880
0  -5.249088 1.602614 60.976597  0.710979 0.010521 0.703135  0.107805 0.596676 4 4 0.011242 36 0.000006 3 0.003746 9 0.985006
0  -5.770393 0.799315 61.324776  0.601110 -0.199049 0.773981  0.088858 0.574043 4 4 0.011771 36 0.000024 3 0.001204 9 0.987001
barc_straps
0  -6.368573 0.835832 61.719105  0.446225 -0.225140 0.866138  0.069558 0.576380 3 4 0.008068 36 0.000073 9 0.991859
0  -5.770393 0.799315 61.324776  0.601110 -0.199049 0.773981  0.088858 0.574043 4 4 0.011771 36 0.000024 3 0.001204 9 0.987001
0  -5.841161 1.642759 61.514202  0.598147 0.015246 0.801242  0.085612 0.598617 4 4 0.007751 36 0.000018 3 0.001070 9 0.991161
barc_straps
0  -6.403762 0.054213 61.469456  0.386775 -0.462822 0.797622  0.070587 0.553326 3 4 0.010973 36 0.000083 9 0.988944
0  -5.819680 0.028557 61.089729  0.534711 -0.384577 0.752453  0.089433 0.550771 4 4 0.015472 36 0.000027 3 0.001367 9 0.983134
0  -5.770393 0.799315 61.324776  0.601110 -0.199049 0.773981  0.088858 0.574043 4 4 0.011771 36 0.000024 3 0.001204 9 0.987001
barc_straps
0  -6.403762 0.054213 61.469456  0.386775 -0.462822 0.797622  0.070587 0.553326 3 4 0.010973 36 0.000083 9 0.988944
0  -6.368573 0.835832 61.719105  0.446225 -0.225140 0.866138  0.069558 0.576380 3 4 0.008068 36 0.000073 9 0.991859
0  -7.061596 0.095861 61.754021  0.211600 -0.502774 0.838119  0.051324 0.555057 3 4 0.007564 36 0.000147 9 0.992289
barc_straps
0  -6.413796 -0.485500 60.988117  0.274038 -0.698233 0.661342  0.074987 0.533463 4 4 0.019383 36 0.000063 3 0.000028 9 0.980526
0  -7.065541 -0.448128 61.260727  0.115352 -0.741493 0.660970  0.055501 0.534880 3 4 0.012346 36 0.000106 9 0.987548
0  -7.052358 -0.880917 60.635437  0.085199 -0.879912 0.467436  0.061483 0.513999 4 4 0.023092 36 0.000086 3 0.000181 9 0.976641
barc_straps
0  -7.065541 -0.448128 61.260727  0.115352 -0.741493 0.660970  0.055501 0.534880 3 4 0.012346 36 0.000106 9 0.987548
0  -6.403762 0.054213 61.469456  0.386775 -0.462822 0.797622  0.070587 0.553326 3 4 0.010973 36 0.000083 9 0.988944
0  -7.061596 0.095861 61.754021  0.211600 -0.502774 0.838119  0.051324 0.555057 3 4 0.007564 36 0.000147 9 0.992289
barc_straps
0  -6.403762 0.054213 61.469456  0.386775 -0.462822 0.797622  0.070587 0.553326 3 4 0.010973 36 0.000083 9 0.988944
0  -6.413796 -0.485500 60.988117  0.274038 -0.698233 0.661342  0.074987 0.533463 4 4 0.019383 36 0.000063 3 0.000028 9 0.980526
0  -5.819680 0.028557 61.089729  0.534711 -0.384577 0.752453  0.089433 0.550771 4 4 0.015472 36 0.000027 3 0.001367 9 0.983134
barc_straps
0  -7.948855 -0.831009 60.718994  -0.036216 -0.890556 0.453430  0.035574 0.509990 3 4 0.012653 36 0.000336 9 0.987011
0  -7.951211 -0.397189 61.336929  0.021453 -0.794564 0.606802  0.030247 0.531897 3 4 0.009797 36 0.000247 9 0.989956
0  -8.528291 -0.596350 60.991901  -0.057182 -0.820259 0.569126  0.015839 0.516437 3 4 0.008322 36 0.000490 9 0.991188
barc_straps
0  -7.951211 -0.397189 61.336929  0.021453 -0.794564 0.606802  0.030247 0.531897 3 4 0.009797 36 0.000247 9 0.989956
0  -7.065541 -0.448128 61.260727  0.115352 -0.741493 0.660970  0.055501 0.534880 3 4 0.012346 36 0.000106 9 0.987548
0  -7.061596 0.095861 61.754021  0.211600 -0.502774 0.838119  0.051324 0.555057 3 4 0.007564 36 0.000147 9 0.992289
barc_straps
0  -7.951211 -0.397189 61.336929  0.021453 -0.794564 0.606802  0.030247 0.531897 3 4 0.009797 36 0.000247 9 0.989956
0  -7.948855 -0.831009 60.718994  -0.036216 -0.890556 0.453430  0.035574 0.509990 3 4 0.012653 36 0.000336 9 0.987011
0  -7.065541 -0.448128 61.260727  0.115352 -0.741493 0.660970  0.055501 0.534880 3 4 0.012346 36 0.000106 9 0.987548
barc_straps
0  -7.869016 -1.108703 59.892593  -0.019292 -0.963757 0.266085  0.044816 0.485314 3 4 0.034629 36 0.000283 9 0.965088
0  -8.587046 -1.058775 59.937511  -0.051595 -0.966903 0.249873  0.023300 0.481167 3 4 0.017670 36 0.000592 9 0.981738
0  -8.631806 -1.280156 59.073429  -0.033041 -0.971643 0.234132  0.029621 0.454337 3 4 0.030870 36 0.000651 9 0.968479
barc_straps
0  -8.225498 -1.011420 60.203259  -0.050447 -0.942314 0.330906  0.031818 0.491976 3 4 0.016361 36 0.000579 9 0.983060
0  -8.559187 -0.883059 60.458237  -0.091231 -0.932275 0.350058  0.019681 0.497817 3 4 0.013064 36 0.000530 9 0.986406
0  -8.582023 -1.034499 60.035149  -0.070804 -0.956932 0.281547  0.022630 0.484172 3 4 0.016870 36 0.000441 9 0.982689
barc_straps
0  -7.948855 -0.831009 60.718994  -0.036216 -0.890556 0.453430  0.035574 0.509990 3 4 0.012653 36 0.000336 9 0.987011
0  -7.869016 -1.108703 59.892593  -0.019292 -0.963757 0.266085  0.044816 0.485314 3 4 0.034629 36 0.000283 9 0.965088
0  -7.052358 -0.880917 60.635437  0.085199 -0.879912 0.467436  0.061483 0.513999 4 4 0.023092 36 0.000086 3 0.000181 9 0.976641
barc_straps
0  -7.733497 4.358912 59.711155  -0.003118 0.977656 0.210189  0.061460 0.716232 3 4 0.007960 36 0.000158 9 0.991882
0  -8.004230 4.125851 60.569427  0.000220 0.928991 0.370101  0.043850 0.694478 3 4 0.005503 36 0.000204 9 0.994293
0  -6.994319 4.141031 60.520489  0.101918 0.906188 0.410410  0.071709 0.685063 3 4 0.006146 36 0.000092 9 0.993762
barc_straps
0  -8.103444 4.283241 60.037357  -0.041374 0.963994 0.262686  0.047303 0.711094 3 4 0.004200 36 0.000195 9 0.995605
0  -8.458180 4.189494 60.251987  -0.084030 0.956607 0.279001  0.034578 0.708500 3 4 0.005177 36 0.000263 9 0.994560
0  -8.446000 4.094503 60.561321  -0.072570 0.928290 0.364708  0.031239 0.699092 3 4 0.003608 36 0.000279 9 0.996113
barc_straps
0  -7.733497 4.358912 59.711155  -0.003118 0.977656 0.210189  0.061460 0.716232 3 4 0.007960 36 0.000158 9 0.991882
0  -7.639305 4.514174 58.770962  0.001821 0.987275 0.159012  0.075835 0.741568 3 4 0.011333 36 0.000118 9 0.988549
0  -8.450106 4.481290 58.895641  -0.030099 0.984259 0.174149  0.051335 0.747882 3 4 0.008500 36 0.000234 9 0.991266
barc_straps
0  -7.391495 4.415937 59.361500  0.024593 0.986513 0.161825  0.075242 0.721787 3 4 0.015154 36 0.000128 9 0.984718
0  -6.831910 4.502742 58.699821  0.041082 0.985561 0.164263  0.099346 0.733055 3 4 0.011489 36 0.000077 9 0.988434
0  -7.639305 4.514174 58.770962  0.001821 0.987275 0.159012  0.075835 0.741568 3 4 0.011333 36 0.000118 9 0.988549
barc_straps
0  -6.865825 4.361526 59.583889  0.050238 0.977852 0.203179  0.086746 0.709013 3 4 0.021572 36 0.000066 9 0.978362
0  -7.733497 4.358912 59.711155  -0.003118 0.977656 0.210189  0.061460 0.716232 3 4 0.007960 36 0.000158 9 0.991882
0  -6.994319 4.141031 60.520489  0.101918 0.906188 0.410410  0.071709 0.685063 3 4 0.006146 36 0.000092 9 0.993762
barc_straps
0  -6.865825 4.361526 59.583889  0.050238 0.977852 0.203179  0.086746 0.709013 3 4 0.021572 36 0.000066 9 0.978362
0  -6.227005 4.337461 59.465263  0.061877 0.975789 0.209777  0.105281 0.703634 3 4 0.013974 36 0.000037 9 0.985989
0  -6.831910 4.502742 58.699821  0.041082 0.985561 0.164263  0.099346 0.733055 3 4 0.011489 36 0.000077 9 0.988434
barc_straps
0  -6.282523 4.149741 60.280708  0.182245 0.890965 0.415895  0.092896 0.682508 3 4 0.008515 36 0.000045 9 0.991440
0  -5.719347 4.122033 60.080215  0.247225 0.871709 0.423087  0.109772 0.679845 4 4 0.010664 36 0.000019 3 0.000882 9 0.988435
0  -6.227005 4.337461 59.465263  0.061877 0.975789 0.209777  0.105281 0.703634 3 4 0.013974 36 0.000037 9 0.985989
barc_straps
0  -6.282523 4.149741 60.280708  0.182245 0.890965 0.415895  0.092896 0.682508 3 4 0.008515 36 0.000045 9 0.991440
0  -6.865825 4.361526 59.583889  0.050238 0.977852 0.203179  0.086746 0.709013 3 4 0.021572 36 0.000066 9 0.978362
0  -6.994319 4.141031 60.520489  0.101918 0.906188 0.410410  0.071709 0.685063 3 4 0.006146 36 0.000092 9 0.993762
barc_straps
0  -6.309942 3.771970 60.824932  0.292566 0.708890 0.641779  0.084958 0.665358 3 4 0.006600 36 0.000050 9 0.993350
0  -6.282523 4.149741 60.280708  0.182245 0.890965 0.415895  0.092896 0.682508 3 4 0.008515 36 0.000045 9 0.991440
0  -6.994319 4.141031 60.520489  0.101918 0.906188 0.410410  0.071709 0.685063 3 4 0.006146 36 0.000092 9 0.993762
barc_straps
0  -5.719347 4.122033 60.080215  0.247225 0.871709 0.423087  0.109772 0.679845 4 4 0.010664 36 0.000019 3 0.000882 9 0.988435
0  -6.282523 4.149741 60.280708  0.182245 0.890965 0.415895  0.092896 0.682508 3 4 0.008515 36 0.000045 9 0.991440
0  -5.722157 3.762117 60.562794  0.418716 0.629993 0.654053  0.102831 0.663931 4 4 0.007600 36 0.000018 3 0.001005 9 0.991377
barc_straps
0  -5.722157 3.762117 60.562794  0.418716 0.629993 0.654053  0.102831 0.663931 4 4 0.007600 36 0.000018 3 0.001005 9 0.991377
0  -6.309942 3.771970 60.824932  0.292566 0.708890 0.641779  0.084958 0.665358 3 4 0.006600 36 0.000050 9 0.993350
0  -5.731359 3.260605 60.955551  0.540834 0.399605 0.740145  0.097060 0.646572 4 4 0.008675 36 0.000018 3 0.001001 9 0.990306
barc_straps
0  -6.309942 3.771970 60.824932  0.292566 0.708890 0.641779  0.084958 0.665358 3 4 0.006600 36 0.000050 9 0.993350
0  -6.322912 3.235308 61.364895  0.409656 0.522057 0.748090  0.077410 0.645339 3 4 0.005537 36 0.000056 9 0.994407
0  -5.731359 3.260605 60.955551  0.540834 0.399605 0.740145  0.097060 0.646572 4 4 0.008675 36 0.000018 3 0.001001 9 0.990306
barc_straps
0  -6.309942 3.771970 60.824932  0.292566 0.708890 0.641779  0.084958 0.665358 3 4 0.006600 36 0.000050 9 0.993350
0  -6.960321 3.664960 61.229744  0.162506 0.761239 0.627780  0.063757 0.662079 3 4 0.004041 36 0.000096 9 0.995863
0  -6.322912 3.235308 61.364895  0.409656 0.522057 0.748090  0.077410 0.645339 3 4 0.005537 36 0.000056 9 0.994407
barc_straps
0  -5.723298 2.480079 61.256203  0.619188 0.224988 0.752321  0.092767 0.622831 4 4 0.008597 36 0.000025 3 0.000832 9 0.990546
0  -6.329528 2.457094 61.683010  0.498236 0.230322 0.835890  0.072669 0.622216 3 4 0.006031 36 0.000044 9 0.993925
0  -5.841161 1.642759 61.514202  0.598147 0.015246 0.801242  0.085612 0.598617 4 4 0.007751 36 0.000018 3 0.001070 9 0.991161
barc_straps
0  -6.329528 2.457094 61.683010  0.498236 0.230322 0.835890  0.072669 0.622216 3 4 0.006031 36 0.000044 9 0.993925
0  -6.322912 3.235308 61.364895  0.409656 0.522057 0.748090  0.077410 0.645339 3 4 0.005537 36 0.000056 9 0.994407
0  -6.888623 3.110463 61.704330  0.289250 0.493841 0.820034  0.059665 0.642038 3 4 0.004448 36 0.000095 9 0.995457
barc_straps
0  -6.322912 3.235308 61.364895  0.409656 0.522057 0.748090  0.077410 0.645339 3 4 0.005537 36 0.000056 9 0.994407
0  -5.723298 2.480079 61.256203  0.619188 0.224988 0.752321  0.092767 0.622831 4 4 0.008597 36 0.000025 3 0.000832 9 0.990546
0  -5.731359 3.260605 60.955551  0.540834 0.399605 0.740145  0.097060 0.646572 4 4 0.008675 36 0.000018 3 0.001001 9 0.990306
barc_straps
0  -6.329528 2.457094 61.683010  0.498236 0.230322 0.835890  0.072669 0.622216 3 4 0.006031 36 0.000044 9 0.993925
0  -6.469546 1.669975 61.914173  0.462138 0.032647 0.886207  0.065764 0.600215 3 4 0.004944 36 0.000078 9 0.994978
0  -5.841161 1.642759 61.514202  0.598147 0.015246 0.801242  0.085612 0.598617 4 4 0.007751 36 0.000018 3 0.001070 9 0.991161
barc_straps
0  -7.015017 2.477042 62.007500  0.278193 0.248912 0.927713  0.052505 0.623555 3 4 0.003841 36 0.000134 9 0.996025
0  -7.208269 1.700388 62.198730  0.215748 0.031079 0.975954  0.044776 0.601910 3 4 0.003724 36 0.000109 9 0.996167
0  -6.469546 1.669975 61.914173  0.462138 0.032647 0.886207  0.065764 0.600215 3 4 0.004944 36 0.000078 9 0.994978
barc_straps
0  -7.015017 2.477042 62.007500  0.278193 0.248912 0.927713  0.052505 0.623555 3 4 0.003841 36 0.000134 9 0.996025
0  -6.329528 2.457094 61.683010  0.498236 0.230322 0.835890  0.072669 0.622216 3 4 0.006031 36 0.000044 9 0.993925
0  -6.888623 3.110463 61.704330  0.289250 0.493841 0.820034  0.059665 0.642038 3 4 0.004448 36 0.000095 9 0.995457
barc_straps
0  -6.368573 0.835832 61.719105  0.446225 -0.225140 0.866138  0.069558 0.576380 3 4 0.008068 36 0.000073 9 0.991859
0  -7.055035 0.866721 62.037773  0.247559 -0.251250 0.935729  0.049315 0.578087 3 4 0.005369 36 0.000133 9 0.994498
0  -7.061596 0.095861 61.754021  0.211600 -0.502774 0.838119  0.051324 0.555057 3 4 0.007564 36 0.000147 9 0.992289
barc_straps
0  -6.368573 0.835832 61.719105  0.446225 -0.225140 0.866138  0.069558 0.576380 3 4 0.008068 36 0.000073 9 0.991859
0  -6.469546 1.669975 61.914173  0.462138 0.032647 0.886207  0.065764 0.600215 3 4 0.004944 36 0.000078 9 0.994978
0  -7.055035 0.866721 62.037773  0.247559 -0.251250 0.935729  0.049315 0.578087 3 4 0.005369 36 0.000133 9 0.994498
barc_straps
0  -7.906575 0.115589 61.861786  0.059631 -0.528242 0.846997  0.027656 0.553673 3 4 0.005209 36 0.000253 9 0.994538
0  -7.916399 0.888958 62.138596  0.048602 -0.287985 0.956401  0.025190 0.578075 3 4 0.004624 36 0.000194 9 0.995182
0  -8.460603 0.430255 61.972713  -0.010468 -0.329165 0.944214  0.009987 0.561981 3 4 0.003716 36 0.000342 9 0.995942
barc_straps
0  -7.916399 0.888958 62.138596  0.048602 -0.287985 0.956401  0.025190 0.578075 3 4 0.004624 36 0.000194 9 0.995182
0  -7.055035 0.866721 62.037773  0.247559 -0.251250 0.935729  0.049315 0.578087 3 4 0.005369 36 0.000133 9 0.994498
0  -7.208269 1.700388 62.198730  0.215748 0.031079 0.975954  0.044776 0.601910 3 4 0.003724 36 0.000109 9 0.996167
barc_straps
0  -7.916399 0.888958 62.138596  0.048602 -0.287985 0.956401  0.025190 0.578075 3 4 0.004624 36 0.000194 9 0.995182
0  -7.906575 0.115589 61.861786  0.059631 -0.528242 0.846997  0.027656 0.553673 3 4 0.005209 36 0.000253 9 0.994538
0  -7.055035 0.866721 62.037773  0.247559 -0.251250 0.935729  0.049315 0.578087 3 4 0.005369 36 0.000133 9 0.994498
barc_straps
0  -7.951211 -0.397189 61.336929  0.021453 -0.794564 0.606802  0.030247 0.531897 3 4 0.009797 36 0.000247 9 0.989956
0  -8.503815 -0.326186 61.394325  -0.047961 -0.826473 0.560930  0.013506 0.531449 3 4 0.006215 36 0.000410 9 0.993375
0  -8.528291 -0.596350 60.991901  -0.057182 -0.820259 0.569126  0.015839 0.516437 3 4 0.008322 36 0.000490 9 0.991188
barc_straps
0  -8.235758 -0.236959 61.544613  -0.016980 -0.685633 0.727750  0.020515 0.538106 3 4 0.005681 36 0.000396 9 0.993923
0  -8.480150 0.024592 61.741158  -0.081688 -0.646134 0.758839  0.011539 0.546970 3 4 0.004769 36 0.000362 9 0.994869
0  -8.497683 -0.257004 61.494476  -0.065619 -0.760077 0.646512  0.012995 0.535149 3 4 0.005973 36 0.000330 9 0.993697
barc_straps
0  -7.906575 0.115589 61.861786  0.059631 -0.528242 0.846997  0.027656 0.553673 3 4 0.005209 36 0.000253 9 0.994538
0  -7.951211 -0.397189 61.336929  0.021453 -0.794564 0.606802  0.030247 0.531897 3 4 0.009797 36 0.000247 9 0.989956
0  -7.061596 0.095861 61.754021  0.211600 -0.502774 0.838119  0.051324 0.555057 3 4 0.007564 36 0.000147 9 0.992289
barc_straps
0  -8.004230 4.125851 60.569427  0.000220 0.928991 0.370101  0.043850 0.694478 3 4 0.005503 36 0.000204 9 0.994293
0  -7.803291 3.758240 61.219322  0.040367 0.809148 0.586217  0.041856 0.671557 3 4 0.003145 36 0.000220 9 0.996635
0  -6.994319 4.141031 60.520489  0.101918 0.906188 0.410410  0.071709 0.685063 3 4 0.006146 36 0.000092 9 0.993762
barc_straps
0  -8.146330 3.887449 61.031464  -0.033477 0.837225 0.545833  0.034527 0.681272 3 4 0.003295 36 0.000173 9 0.996532
0  -8.414549 3.451297 61.545296  -0.017649 0.766938 0.641479  0.020411 0.663934 3 4 0.002757 36 0.000267 9 0.996976
0  -8.410551 3.337569 61.685509  -0.011661 0.749719 0.661653  0.018814 0.658568 3 4 0.002242 36 0.000260 9 0.997498
barc_straps
0  -8.146330 3.887449 61.031464  -0.033477 0.837225 0.545833  0.034527 0.681272 3 4 0.003295 36 0.000173 9 0.996532
0  -8.435395 3.948647 60.859867  -0.081925 0.887056 0.454335  0.028096 0.689313 3 4 0.003067 36 0.000275 9 0.996658
0  -8.426420 3.810647 61.119305  -0.037243 0.808242 0.587672  0.025409 0.680598 3 4 0.002377 36 0.000260 9 0.997363
barc_straps
0  -7.803291 3.758240 61.219322  0.040367 0.809148 0.586217  0.041856 0.671557 3 4 0.003145 36 0.000220 9 0.996635
0  -6.960321 3.664960 61.229744  0.162506 0.761239 0.627780  0.063757 0.662079 3 4 0.004041 36 0.000096 9 0.995863
0  -6.994319 4.141031 60.520489  0.101918 0.906188 0.410410  0.071709 0.685063 3 4 0.006146 36 0.000092 9 0.993762
barc_straps
0  -6.888623 3.110463 61.704330  0.289250 0.493841 0.820034  0.059665 0.642038 3 4 0.004448 36 0.000095 9 0.995457
0  -6.960321 3.664960 61.229744  0.162506 0.761239 0.627780  0.063757 0.662079 3 4 0.004041 36 0.000096 9 0.995863
0  -7.661136 3.231528 61.783524  0.057590 0.576349 0.815172  0.039203 0.648954 3 4 0.002852 36 0.000162 9 0.996986
barc_straps
0  -7.661136 3.231528 61.783524  0.057590 0.576349 0.815172  0.039203 0.648954 3 4 0.002852 36 0.000162 9 0.996986
0  -7.803291 3.758240 61.219322  0.040367 0.809148 0.586217  0.041856 0.671557 3 4 0.003145 36 0.000220 9 0.996635
0  -8.410551 3.337569 61.685509  -0.011661 0.749719 0.661653  0.018814 0.658568 3 4 0.002242 36 0.000260 9 0.997498
barc_straps
0  -7.864487 2.515028 62.099068  0.063615 0.282847 0.957053  0.029317 0.627561 3 4 0.002456 36 0.000187 9 0.997357
0  -7.661136 3.231528 61.783524  0.057590 0.576349 0.815172  0.039203 0.648954 3 4 0.002852 36 0.000162 9 0.996986
0  -8.407973 3.245823 61.784256  0.009316 0.450100 0.892930  0.017882 0.654508 3 4 0.002144 36 0.000261 9 0.997595
barc_straps
0  -7.543812 2.759899 62.005718  0.134687 0.383754 0.913560  0.039526 0.633552 3 4 0.002839 36 0.000152 9 0.997009
0  -6.888623 3.110463 61.704330  0.289250 0.493841 0.820034  0.059665 0.642038 3 4 0.004448 36 0.000095 9 0.995457
0  -7.661136 3.231528 61.783524  0.057590 0.576349 0.815172  0.039203 0.648954 3 4 0.002852 36 0.000162 9 0.996986
barc_straps
0  -7.015017 2.477042 62.007500  0.278193 0.248912 0.927713  0.052505 0.623555 3 4 0.003841 36 0.000134 9 0.996025
0  -7.864487 2.515028 62.099068  0.063615 0.282847 0.957053  0.029317 0.627561 3 4 0.002456 36 0.000187 9 0.997357
0  -7.208269 1.700388 62.198730  0.215748 0.031079 0.975954  0.044776 0.601910 3 4 0.003724 36 0.000109 9 0.996167
barc_straps
0  -8.212466 2.260678 62.198471  0.012347 0.279831 0.959970  0.018233 0.620717 3 4 0.002151 36 0.000232 9 0.997617
0  -8.408885 2.854124 61.949669  0.002323 0.387122 0.922025  0.015651 0.641427 3 4 0.002072 36 0.000260 9 0.997668
0  -8.409990 2.348938 62.163445  -0.015436 0.338247 0.940931  0.012867 0.624411 3 4 0.002073 36 0.000271 9 0.997656
barc_straps
0  -7.864487 2.515028 62.099068  0.063615 0.282847 0.957053  0.029317 0.627561 3 4 0.002456 36 0.000187 9 0.997357
0  -8.106773 1.721773 62.283688  0.084359 0.021202 0.996210  0.019649 0.603819 3 4 0.002500 36 0.000228 9 0.997272
0  -7.208269 1.700388 62.198730  0.215748 0.031079 0.975954  0.044776 0.601910 3 4 0.003724 36 0.000109 9 0.996167
barc_straps
0  -8.212466 2.260678 62.198471  0.012347 0.279831 0.959970  0.018233 0.620717 3 4 0.002151 36 0.000232 9 0.997617
0  -8.412516 2.138117 62.208462  -0.054606 0.169308 0.984049  0.011913 0.617633 3 4 0.002010 36 0.000264 9 0.997726
0  -8.418645 1.727281 62.269791  -0.044003 0.028067 0.998637  0.010375 0.604518 3 4 0.002278 36 0.000283 9 0.997439
barc_straps
0  -8.249057 1.174006 62.226368  0.008134 -0.212203 0.977192  0.015314 0.586962 3 4 0.002848 36 0.000266 9 0.996886
0  -8.448862 0.745583 62.078480  -0.009264 -0.322299 0.946593  0.009903 0.572513 3 4 0.002757 36 0.000303 9 0.996940
0  -8.460603 0.430255 61.972713  -0.010468 -0.329165 0.944214  0.009987 0.561981 3 4 0.003716 36 0.000342 9 0.995942
barc_straps
0  -8.249057 1.174006 62.226368  0.008134 -0.212203 0.977192  0.015314 0.586962 3 4 0.002848 36 0.000266 9 0.996886
0  -8.429813 1.299179 62.229614  -0.058074 -0.109635 0.992274  0.009920 0.590830 3 4 0.002620 36 0.000295 9 0.997085
0  -8.435663 1.094647 62.199257  -0.029029 -0.261364 0.964804  0.009838 0.584234 3 4 0.003270 36 0.000323 9 0.996407
barc_straps
0  -8.106773 1.721773 62.283688  0.084359 0.021202 0.996210  0.019649 0.603819 3 4 0.002500 36 0.000228 9 0.997272
0  -7.916399 0.888958 62.138596  0.048602 -0.287985 0.956401  0.025190 0.578075 3 4 0.004624 36 0.000194 9 0.995182
0  -7.208269 1.700388 62.198730  0.215748 0.031079 0.975954  0.044776 0.601910 3 4 0.003724 36 0.000109 9 0.996167
barc_straps
0  -8.473766 4.295452 59.864799  -0.064408 0.976153 0.207308  0.038782 0.720186 3 4 0.004428 36 0.000275 9 0.995297
0  -8.103444 4.283241 60.037357  -0.041374 0.963994 0.262686  0.047303 0.711094 3 4 0.004200 36 0.000195 9 0.995605
0  -7.733497 4.358912 59.711155  -0.003118 0.977656 0.210189  0.061460 0.716232 3 4 0.007960 36 0.000158 9 0.991882
barc_straps
0  -8.477461 4.310622 59.777695  -0.046921 0.981167 0.187375  0.039701 0.722721 3 4 0.005539 36 0.000266 9 0.994195
0  -7.733497 4.358912 59.711155  -0.003118 0.977656 0.210189  0.061460 0.716232 3 4 0.007960 36 0.000158 9 0.991882
0  -8.450106 4.481290 58.895641  -0.030099 0.984259 0.174149  0.051335 0.747882 3 4 0.008500 36 0.000234 9 0.991266
barc_straps
0  -5.333876 -0.471248 59.914989  -0.499976 0.623704 -0.600847  0.126956 0.766077 4 4 0.032554 36 0.000005 3 0.004882 9 0.962559
0  -5.207732 -0.639339 59.601753  -0.454181 0.769492 -0.449001  0.122484 0.761273 4 4 0.034914 36 0.000009 3 0.003915 9 0.961162
0  -5.500199 -0.680977 59.822411  -0.397908 0.731015 -0.554334  0.128759 0.761556 4 4 0.039687 36 0.000004 3 0.005187 9 0.955122
barc_straps
0  -5.500199 -0.680977 59.822411  -0.397908 0.731015 -0.554334  0.128759 0.761556 4 4 0.039687 36 0.000004 3 0.005187 9 0.955122
0  -5.448458 -0.343216 60.109543  -0.533451 0.526143 -0.662271  0.130197 0.769105 4 4 0.028118 36 0.000007 3 0.004323 9 0.967552
0  -5.333876 -0.471248 59.914989  -0.499976 0.623704 -0.600847  0.126956 0.766077 4 4 0.032554 36 0.000005 3 0.004882 9 0.962559
barc_straps
0  -5.448458 -0.343216 60.109543  -0.533451 0.526143 -0.662271  0.130197 0.769105 4 4 0.028118 36 0.000007 3 0.004323 9 0.967552
0  -5.042069 -0.339450 59.797104  -0.547178 0.491363 -0.677612  0.121483 0.768314 4 4 0.035168 36 0.000002 3 0.006416 9 0.958414
0  -5.333876 -0.471248 59.914989  -0.499976 0.623704 -0.600847  0.126956 0.766077 4 4 0.032554 36 0.000005 3 0.004882 9 0.962559
barc_straps
0  -5.446253 -0.829639 59.354408  -0.238035 0.937962 -0.252124  0.124078 0.754508 4 4 0.046468 36 0.000008 3 0.004198 9 0.949326
0  -5.818099 -0.850849 59.552555  -0.095997 0.957185 -0.273097  0.131295 0.754368 4 4 0.040053 36 0.000012 3 0.003442 9 0.956493
0  -5.591822 -0.793824 59.629826  -0.255081 0.909270 -0.328879  0.128549 0.757483 4 4 0.041723 36 0.000022 3 0.002399 9 0.955856
barc_straps
0  -5.591822 -0.793824 59.629826  -0.255081 0.909270 -0.328879  0.128549 0.757483 4 4 0.041723 36 0.000022 3 0.002399 9 0.955856
0  -5.898704 -0.676362 60.071835  -0.226439 0.838919 -0.494914  0.136480 0.762021 4 4 0.029411 36 0.000025 3 0.002047 9 0.968517
0  -5.500199 -0.680977 59.822411  -0.397908 0.731015 -0.554334  0.128759 0.761556 4 4 0.039687 36 0.000004 3 0.005187 9 0.955122
barc_straps
0  -5.591822 -0.793824 59.629826  -0.255081 0.909270 -0.328879  0.128549 0.757483 4 4 0.041723 36 0.000022 3 0.002399 9 0.955856
0  -5.207732 -0.639339 59.601753  -0.454181 0.769492 -0.449001  0.122484 0.761273 4 4 0.034914 36 0.000009 3 0.003915 9 0.961162
0  -5.446253 -0.829639 59.354408  -0.238035 0.937962 -0.252124  0.124078 0.754508 4 4 0.046468 36 0.000008 3 0.004198 9 0.949326
barc_straps
0  -6.233472 -1.030317 58.889988  -0.026862 0.973459 -0.227279  0.132704 0.740616 4 4 0.061393 36 0.000061 3 0.000211 9 0.938335
0  -6.304364 -0.877596 59.541515  -0.035075 0.968824 -0.245256  0.138614 0.750572 4 4 0.046772 36 0.000050 3 0.001106 9 0.952072
0  -6.104876 -0.920686 59.336128  -0.055470 0.971954 -0.228537  0.134027 0.748767 4 4 0.040424 36 0.000073 3 0.000399 9 0.959104
barc_straps
0  -6.304364 -0.877596 59.541515  -0.035075 0.968824 -0.245256  0.138614 0.750572 4 4 0.046772 36 0.000050 3 0.001106 9 0.952072
0  -5.818099 -0.850849 59.552555  -0.095997 0.957185 -0.273097  0.131295 0.754368 4 4 0.040053 36 0.000012 3 0.003442 9 0.956493
0  -6.104876 -0.920686 59.336128  -0.055470 0.971954 -0.228537  0.134027 0.748767 4 4 0.040424 36 0.000073 3 0.000399 9 0.959104
barc_straps
0  -6.104876 -0.920686 59.336128  -0.055470 0.971954 -0.228537  0.134027 0.748767 4 4 0.040424 36 0.000073 3 0.000399 9 0.959104
0  -5.788680 -0.955648 59.085529  -0.105841 0.969020 -0.223155  0.127205 0.747211 4 4 0.054464 36 0.000019 3 0.002408 9 0.943109
0  -6.233472 -1.030317 58.889988  -0.026862 0.973459 -0.227279  0.132704 0.740616 4 4 0.061393 36 0.000061 3 0.000211 9 0.938335
barc_straps
0  -7.735690 -1.039244 58.879292  0.013879 0.975651 -0.218889  0.156798 0.730210 3 4 0.049707 36 0.000342 9 0.949951
0  -7.861394 -0.822185 59.823704  0.020340 0.964660 -0.262713  0.164889 0.745062 3 4 0.034629 36 0.000283 9 0.965088
0  -7.490932 -0.907773 59.482719  0.000692 0.974971 -0.222332  0.156778 0.741748 3 4 0.023997 36 0.000360 9 0.975643
barc_straps
0  -7.490932 -0.907773 59.482719  0.000692 0.974971 -0.222332  0.156778 0.741748 3 4 0.023997 36 0.000360 9 0.975643
0  -6.858669 -1.054875 58.812435  -0.008771 0.974572 -0.223902  0.142110 0.734873 3 4 0.062474 36 0.000143 9 0.937383
0  -7.735690 -1.039244 58.879292  0.013879 0.975651 -0.218889  0.156798 0.730210 3 4 0.049707 36 0.000342 9 0.949951
barc_straps
0  -7.861394 -0.822185 59.823704  0.020340 0.964660 -0.262713  0.164889 0.745062 3 4 0.034629 36 0.000283 9 0.965088
0  -6.533598 -0.810389 59.874226  -0.078412 0.949287 -0.304475  0.144452 0.754189 3 4 0.031236 36 0.000106 9 0.968658
0  -7.490932 -0.907773 59.482719  0.000692 0.974971 -0.222332  0.156778 0.741748 3 4 0.023997 36 0.000360 9 0.975643
barc_straps
0  -6.533598 -0.810389 59.874226  -0.078412 0.949287 -0.304475  0.144452 0.754189 3 4 0.031236 36 0.000106 9 0.968658
0  -5.898704 -0.676362 60.071835  -0.226439 0.838919 -0.494914  0.136480 0.762021 4 4 0.029411 36 0.000025 3 0.002047 9 0.968517
0  -6.304364 -0.877596 59.541515  -0.035075 0.968824 -0.245256  0.138614 0.750572 4 4 0.046772 36 0.000050 3 0.001106 9 0.952072
barc_straps
0  -5.898704 -0.676362 60.071835  -0.226439 0.838919 -0.494914  0.136480 0.762021 4 4 0.029411 36 0.000025 3 0.002047 9 0.968517
0  -6.533598 -0.810389 59.874226  -0.078412 0.949287 -0.304475  0.144452 0.754189 3 4 0.031236 36 0.000106 9 0.968658
0  -6.277983 -0.429656 60.573956  -0.305821 0.741797 -0.596834  0.145660 0.767972 3 4 0.015662 36 0.000084 9 0.984254
barc_straps
0  -7.065223 -0.614131 60.516956  -0.069996 0.903537 -0.422754  0.156695 0.761030 4 4 0.023092 36 0.000086 3 0.000181 9 0.976641
0  -6.277983 -0.429656 60.573956  -0.305821 0.741797 -0.596834  0.145660 0.767972 3 4 0.015662 36 0.000084 9 0.984254
0  -6.533598 -0.810389 59.874226  -0.078412 0.949287 -0.304475  0.144452 0.754189 3 4 0.031236 36 0.000106 9 0.968658
barc_straps
0  -5.443019 0.112420 60.442612  -0.627616 0.322257 -0.708695  0.132840 0.778362 4 4 0.021747 36 0.000005 3 0.004466 9 0.973782
0  -5.448458 -0.343216 60.109543  -0.533451 0.526143 -0.662271  0.130197 0.769105 4 4 0.028118 36 0.000007 3 0.004323 9 0.967552
0  -5.611884 -0.193786 60.388126  -0.489785 0.566095 -0.663059  0.134881 0.772721 4 4 0.023200 36 0.000010 3 0.003477 9 0.973313
barc_straps
0  -5.898704 -0.676362 60.071835  -0.226439 0.838919 -0.494914  0.136480 0.762021 4 4 0.029411 36 0.000025 3 0.002047 9 0.968517
0  -6.277983 -0.429656 60.573956  -0.305821 0.741797 -0.596834  0.145660 0.767972 3 4 0.015662 36 0.000084 9 0.984254
0  -5.611884 -0.193786 60.388126  -0.489785 0.566095 -0.663059  0.134881 0.772721 4 4 0.023200 36 0.000010 3 0.003477 9 0.973313
barc_straps
0  -5.611884 -0.193786 60.388126  -0.489785 0.566095 -0.663059  0.134881 0.772721 4 4 0.023200 36 0.000010 3 0.003477 9 0.973313
0  -5.961141 0.156875 60.886780  -0.543012 0.387632 -0.744902  0.143738 0.779848 4 4 0.015472 36 0.000027 3 0.001367 9 0.983134
0  -5.443019 0.112420 60.442612  -0.627616 0.322257 -0.708695  0.132840 0.778362 4 4 0.021747 36 0.000005 3 0.004466 9 0.973782
barc_straps
0  -5.390996 0.809097 60.590961  -0.675077 0.150353 -0.722263  0.133212 0.790742 4 4 0.018020 36 0.000004 3 0.005096 9 0.976880
0  -4.854043 0.780611 60.084011  -0.683725 0.120516 -0.719720  0.120743 0.789865 4 4 0.022039 36 0.000003 3 0.006054 9 0.971904
0  -5.232057 0.543350 60.384056  -0.668087 0.203633 -0.715677  0.129154 0.785861 4 4 0.028357 36 0.000001 3 0.009040 9 0.962602
barc_straps
0  -5.232057 0.543350 60.384056  -0.668087 0.203633 -0.715677  0.129154 0.785861 4 4 0.028357 36 0.000001 3 0.009040 9 0.962602
0  -4.940596 0.136409 59.978649  -0.637338 0.331497 -0.695637  0.121262 0.777780 4 4 0.031007 36 0.000001 3 0.007537 9 0.961455
0  -5.443019 0.112420 60.442612  -0.627616 0.322257 -0.708695  0.132840 0.778362 4 4 0.021747 36 0.000005 3 0.004466 9 0.973782
barc_straps
0  -5.443019 0.112420 60.442612  -0.627616 0.322257 -0.708695  0.132840 0.778362 4 4 0.021747 36 0.000005 3 0.004466 9 0.973782
0  -5.390996 0.809097 60.590961  -0.675077 0.150353 -0.722263  0.133212 0.790742 4 4 0.018020 36 0.000004 3 0.005096 9 0.976880
0  -5.232057 0.543350 60.384056  -0.668087 0.203633 -0.715677  0.129154 0.785861 4 4 0.028357 36 0.000001 3 0.009040 9 0.962602
barc_straps
0  -6.249400 4.047598 59.414982  -0.059913 -0.977167 -0.203852  0.140234 0.858370 3 4 0.013974 36 0.000037 9 0.985989
0  -6.230953 4.183134 58.703526  -0.041961 -0.981359 -0.187545  0.135096 0.869710 3 4 0.017147 36 0.000028 9 0.982825
0  -6.059408 4.081134 59.185154  -0.058633 -0.980352 -0.188339  0.135705 0.860713 3 4 0.023179 36 0.000034 9 0.976787
barc_straps
0  -6.059408 4.081134 59.185154  -0.058633 -0.980352 -0.188339  0.135705 0.860713 3 4 0.023179 36 0.000034 9 0.976787
0  -5.768051 4.123266 58.870422  -0.086387 -0.978692 -0.186276  0.128873 0.863686 4 4 0.014894 36 0.000017 3 0.000669 9 0.984420
0  -5.751299 4.021322 59.396526  -0.085958 -0.971007 -0.223059  0.132418 0.855167 5 4 0.020792 36 0.000014 2 0.000012 3 0.000932 9 0.978250
barc_straps
0  -5.751299 4.021322 59.396526  -0.085958 -0.971007 -0.223059  0.132418 0.855167 5 4 0.020792 36 0.000014 2 0.000012 3 0.000932 9 0.978250
0  -6.249400 4.047598 59.414982  -0.059913 -0.977167 -0.203852  0.140234 0.858370 3 4 0.013974 36 0.000037 9 0.985989
0  -6.059408 4.081134 59.185154  -0.058633 -0.980352 -0.188339  0.135705 0.860713 3 4 0.023179 36 0.000034 9 0.976787
barc_straps
0  -5.529681 3.979952 59.462337  -0.231916 -0.936237 -0.263961  0.129548 0.852431 4 4 0.014665 36 0.000009 3 0.002053 9 0.983273
0  -5.183522 3.856006 59.416061  -0.462677 -0.809483 -0.361478  0.123751 0.849702 4 4 0.012963 36 0.000007 3 0.002857 9 0.984173
0  -5.433303 3.878090 59.681553  -0.408830 -0.783016 -0.468768  0.129741 0.848060 4 4 0.015347 36 0.000003 3 0.004118 9 0.980532
barc_straps
0  -5.529681 3.979952 59.462337  -0.231916 -0.936237 -0.263961  0.129548 0.852431 4 4 0.014665 36 0.000009 3 0.002053 9 0.983273
0  -5.794485 3.864697 59.966488  -0.237571 -0.880957 -0.409237  0.137121 0.846516 4 4 0.010664 36 0.000019 3 0.000882 9 0.988435
0  -5.751299 4.021322 59.396526  -0.085958 -0.971007 -0.223059  0.132418 0.855167 5 4 0.020792 36 0.000014 2 0.000012 3 0.000932 9 0.978250
barc_straps
0  -5.751299 4.021322 59.396526  -0.085958 -0.971007 -0.223059  0.132418 0.855167 5 4 0.020792 36 0.000014 2 0.000012 3 0.000932 9 0.978250
0  -5.416673 4.022670 59.140743  -0.203806 -0.957903 -0.202200  0.125330 0.856556 4 4 0.017566 36 0.000006 3 0.002371 9 0.980057
0  -5.529681 3.979952 59.462337  -0.231916 -0.936237 -0.263961  0.129548 0.852431 4 4 0.014665 36 0.000009 3 0.002053 9 0.983273
barc_straps
0  -5.019936 3.577670 59.641754  -0.609126 -0.530493 -0.589528  0.122658 0.842718 4 4 0.014626 36 0.000002 3 0.005560 9 0.979812
0  -5.371065 3.569590 59.994255  -0.572592 -0.539224 -0.617557  0.130828 0.840571 4 4 0.012792 36 0.000004 3 0.004022 9 0.983182
0  -5.274391 3.687035 59.784481  -0.538652 -0.672378 -0.507703  0.127907 0.843848 4 4 0.011673 36 0.000006 3 0.003628 9 0.984693
barc_straps
0  -5.371065 3.569590 59.994255  -0.572592 -0.539224 -0.617557  0.130828 0.840571 4 4 0.012792 36 0.000004 3 0.004022 9 0.983182
0  -5.433303 3.878090 59.681553  -0.408830 -0.783016 -0.468768  0.129741 0.848060 4 4 0.015347 36 0.000003 3 0.004118 9 0.980532
0  -5.274391 3.687035 59.784481  -0.538652 -0.672378 -0.507703  0.127907 0.843848 4 4 0.011673 36 0.000006 3 0.003628 9 0.984693
barc_straps
0  -5.274391 3.687035 59.784481  -0.538652 -0.672378 -0.507703  0.127907 0.843848 4 4 0.011673 36 0.000006 3 0.003628 9 0.984693
0  -5.183522 3.856006 59.416061  -0.462677 -0.809483 -0.361478  0.123751 0.849702 4 4 0.012963 36 0.000007 3 0.002857 9 0.984173
0  -5.019936 3.577670 59.641754  -0.609126 -0.530493 -0.589528  0.122658 0.842718 4 4 0.014626 36 0.000002 3 0.005560 9 0.979812
barc_straps
0  -5.371065 3.569590 59.994255  -0.572592 -0.539224 -0.617557  0.130828 0.840571 4 4 0.012792 36 0.000004 3 0.004022 9 0.983182
0  -5.833719 3.561912 60.393192  -0.427480 -0.630895 -0.647481  0.140551 0.838664 4 4 0.007600 36 0.000018 3 0.001005 9 0.991377
0  -5.794485 3.864697 59.966488  -0.237571 -0.880957 -0.409237  0.137121 0.846516 4 4 0.010664 36 0.000019 3 0.000882 9 0.988435
barc_straps
0  -5.375916 3.151827 60.317184  -0.645635 -0.339995 -0.683782  0.132903 0.831879 4 4 0.010888 36 0.000004 3 0.003978 9 0.985130
0  -5.833719 3.561912 60.393192  -0.427480 -0.630895 -0.647481  0.140551 0.838664 4 4 0.007600 36 0.000018 3 0.001005 9 0.991377
0  -5.371065 3.569590 59.994255  -0.572592 -0.539224 -0.617557  0.130828 0.840571 4 4 0.012792 36 0.000004 3 0.004022 9 0.983182
barc_straps
0  -4.830081 2.384471 60.016373  -0.696613 -0.150184 -0.701553  0.120854 0.819521 4 4 0.018333 36 0.000001 3 0.008466 9 0.973200
0  -5.349761 2.392877 60.520283  -0.686433 -0.170501 -0.706922  0.133034 0.818274 4 4 0.013047 36 0.000002 3 0.005702 9 0.981249
0  -5.186924 2.671344 60.291245  -0.688901 -0.218854 -0.691027  0.129135 0.823766 4 4 0.012109 36 0.000003 3 0.004856 9 0.983032
barc_straps
0  -5.349761 2.392877 60.520283  -0.686433 -0.170501 -0.706922  0.133034 0.818274 4 4 0.013047 36 0.000002 3 0.005702 9 0.981249
0  -5.375916 3.151827 60.317184  -0.645635 -0.339995 -0.683782  0.132903 0.831879 4 4 0.010888 36 0.000004 3 0.003978 9 0.985130
0  -5.186924 2.671344 60.291245  -0.688901 -0.218854 -0.691027  0.129135 0.823766 4 4 0.012109 36 0.000003 3 0.004856 9 0.983032
barc_straps
0  -5.186924 2.671344 60.291245  -0.688901 -0.218854 -0.691027  0.129135 0.823766 4 4 0.012109 36 0.000003 3 0.004856 9 0.983032
0  -4.907224 3.101702 59.854328  -0.676314 -0.336764 -0.655126  0.121792 0.833037 4 4 0.015193 36 0.000001 3 0.006866 9 0.977940
0  -4.830081 2.384471 60.016373  -0.696613 -0.150184 -0.701553  0.120854 0.819521 4 4 0.018333 36 0.000001 3 0.008466 9 0.973200
barc_straps
0  -5.349761 2.392877 60.520283  -0.686433 -0.170501 -0.706922  0.133034 0.818274 4 4 0.013047 36 0.000002 3 0.005702 9 0.981249
0  -5.444571 1.597941 60.783142  -0.710145 -0.015979 -0.703874  0.136118 0.804289 4 4 0.011242 36 0.000006 3 0.003746 9 0.985006
0  -5.894796 2.409770 61.051025  -0.620181 -0.224128 -0.751759  0.145223 0.817345 4 4 0.008597 36 0.000025 3 0.000832 9 0.990546
barc_straps
0  -5.390996 0.809097 60.590961  -0.675077 0.150353 -0.722263  0.133212 0.790742 4 4 0.018020 36 0.000004 3 0.005096 9 0.976880
0  -5.935637 0.860271 61.112644  -0.602476 0.198359 -0.773095  0.145298 0.791811 4 4 0.011771 36 0.000024 3 0.001204 9 0.987001
0  -5.444571 1.597941 60.783142  -0.710145 -0.015979 -0.703874  0.136118 0.804289 4 4 0.011242 36 0.000006 3 0.003746 9 0.985006
barc_straps
0  -6.495395 0.906880 61.484356  -0.453342 0.230811 -0.860934  0.155606 0.792470 3 4 0.008068 36 0.000073 9 0.991859
0  -5.935637 0.860271 61.112644  -0.602476 0.198359 -0.773095  0.145298 0.791811 4 4 0.011771 36 0.000024 3 0.001204 9 0.987001
0  -6.510980 0.196855 61.253983  -0.410109 0.430390 -0.804099  0.153929 0.780720 3 4 0.010973 36 0.000083 9 0.988944
barc_straps
0  -6.687378 -0.110462 61.090038  -0.273628 0.701975 -0.657540  0.155172 0.774693 3 4 0.010859 36 0.000160 9 0.988981
0  -7.116438 0.252725 61.527332  -0.194888 0.517247 -0.833351  0.164074 0.781166 3 4 0.007564 36 0.000147 9 0.992289
0  -6.510980 0.196855 61.253983  -0.410109 0.430390 -0.804099  0.153929 0.780720 3 4 0.010973 36 0.000083 9 0.988944
barc_straps
0  -6.277983 -0.429656 60.573956  -0.305821 0.741797 -0.596834  0.145660 0.767972 3 4 0.015662 36 0.000084 9 0.984254
0  -6.687378 -0.110462 61.090038  -0.273628 0.701975 -0.657540  0.155172 0.774693 3 4 0.010859 36 0.000160 9 0.988981
0  -5.961141 0.156875 60.886780  -0.543012 0.387632 -0.744902  0.143738 0.779848 4 4 0.015472 36 0.000027 3 0.001367 9 0.983134
barc_straps
0  -7.935859 -0.563617 60.601158  0.036886 0.895799 -0.442926  0.170758 0.757827 3 4 0.012653 36 0.000336 9 0.987011
0  -7.948246 -0.162654 61.168720  -0.007431 0.758618 -0.651493  0.174528 0.768977 3 4 0.009797 36 0.000247 9 0.989956
0  -7.638488 -0.328332 60.980961  -0.029349 0.806061 -0.591105  0.168396 0.766474 3 4 0.007722 36 0.000291 9 0.991987
barc_straps
0  -7.065223 -0.614131 60.516956  -0.069996 0.903537 -0.422754  0.156695 0.761030 4 4 0.023092 36 0.000086 3 0.000181 9 0.976641
0  -7.638488 -0.328332 60.980961  -0.029349 0.806061 -0.591105  0.168396 0.766474 3 4 0.007722 36 0.000291 9 0.991987
0  -6.687378 -0.110462 61.090038  -0.273628 0.701975 -0.657540  0.155172 0.774693 3 4 0.010859 36 0.000160 9 0.988981
barc_straps
0  -7.638488 -0.328332 60.980961  -0.029349 0.806061 -0.591105  0.168396 0.766474 3 4 0.007722 36 0.000291 9 0.991987
0  -7.065223 -0.614131 60.516956  -0.069996 0.903537 -0.422754  0.156695 0.761030 4 4 0.023092 36 0.000086 3 0.000181 9 0.976641
0  -7.935859 -0.563617 60.601158  0.036886 0.895799 -0.442926  0.170758 0.757827 3 4 0.012653 36 0.000336 9 0.987011
barc_straps
0  -7.861394 -0.822185 59.823704  0.020340 0.964660 -0.262713  0.164889 0.745062 3 4 0.034629 36 0.000283 9 0.965088
0  -8.571054 -0.771306 59.873390  0.051817 0.966907 -0.249812  0.176799 0.741942 3 4 0.016361 36 0.000579 9 0.983060
0  -8.561695 -0.749444 59.963146  0.071069 0.957109 -0.280876  0.177185 0.743507 3 4 0.017670 36 0.000592 9 0.981738
barc_straps
0  -8.211305 -0.728638 60.122688  0.051620 0.943246 -0.328059  0.172351 0.748133 3 4 0.016870 36 0.000441 9 0.982689
0  -8.534967 -0.605419 60.365147  0.094529 0.932756 -0.347894  0.179233 0.750776 3 4 0.010303 36 0.000513 9 0.989184
0  -8.523509 -0.510974 60.612171  0.074208 0.900479 -0.428521  0.180555 0.755245 3 4 0.013064 36 0.000530 9 0.986406
barc_straps
0  -7.935859 -0.563617 60.601158  0.036886 0.895799 -0.442926  0.170758 0.757827 3 4 0.012653 36 0.000336 9 0.987011
0  -7.861394 -0.822185 59.823704  0.020340 0.964660 -0.262713  0.164889 0.745062 3 4 0.034629 36 0.000283 9 0.965088
0  -8.211305 -0.728638 60.122688  0.051620 0.943246 -0.328059  0.172351 0.748133 3 4 0.016870 36 0.000441 9 0.982689
barc_straps
0  -7.735525 4.068696 59.658829  0.004682 -0.978261 -0.207324  0.165191 0.863576 3 4 0.007960 36 0.000158 9 0.991882
0  -8.001740 3.849352 60.472649  0.001189 -0.930102 -0.367299  0.173874 0.851235 3 4 0.005503 36 0.000204 9 0.994293
0  -8.098899 3.995516 59.974815  0.042712 -0.964423 -0.260892  0.172809 0.860183 3 4 0.004200 36 0.000195 9 0.995605
barc_straps
0  -8.098899 3.995516 59.974815  0.042712 -0.964423 -0.260892  0.172809 0.860183 3 4 0.004200 36 0.000195 9 0.995605
0  -8.440339 3.905371 60.179119  0.085914 -0.956569 -0.278558  0.179619 0.858263 3 4 0.005177 36 0.000263 9 0.994560
0  -8.460035 4.005746 59.812641  0.064983 -0.976338 -0.206257  0.177938 0.864730 3 4 0.004428 36 0.000275 9 0.995297
barc_straps
0  -7.735525 4.068696 59.658829  0.004682 -0.978261 -0.207324  0.165191 0.863576 3 4 0.007960 36 0.000158 9 0.991882
0  -7.643332 4.221628 58.731209  -0.001826 -0.987297 -0.158873  0.158244 0.878331 3 4 0.011333 36 0.000118 9 0.988549
0  -7.399322 4.123801 59.319542  -0.024723 -0.986549 -0.161583  0.157788 0.867167 3 4 0.015154 36 0.000128 9 0.984718
barc_straps
0  -7.399322 4.123801 59.319542  -0.024723 -0.986549 -0.161583  0.157788 0.867167 3 4 0.015154 36 0.000128 9 0.984718
0  -6.844646 4.210709 58.658165  -0.040897 -0.985569 -0.164258  0.144690 0.874584 3 4 0.011489 36 0.000077 9 0.988434
0  -6.879282 4.070710 59.535656  -0.049815 -0.978734 -0.198995  0.150798 0.860566 3 4 0.021572 36 0.000066 9 0.978362
barc_straps
0  -6.879282 4.070710 59.535656  -0.049815 -0.978734 -0.198995  0.150798 0.860566 3 4 0.021572 36 0.000066 9 0.978362
0  -7.735525 4.068696 59.658829  0.004682 -0.978261 -0.207324  0.165191 0.863576 3 4 0.007960 36 0.000158 9 0.991882
0  -7.399322 4.123801 59.319542  -0.024723 -0.986549 -0.161583  0.157788 0.867167 3 4 0.015154 36 0.000128 9 0.984718
barc_straps
0  -6.879282 4.070710 59.535656  -0.049815 -0.978734 -0.198995  0.150798 0.860566 3 4 0.021572 36 0.000066 9 0.978362
0  -6.323508 3.879726 60.175976  -0.178976 -0.894985 -0.408620  0.146306 0.846939 3 4 0.008515 36 0.000045 9 0.991440
0  -7.018882 3.869857 60.413647  -0.071414 -0.916137 -0.394454  0.158116 0.847442 3 4 0.006146 36 0.000092 9 0.993762
barc_straps
0  -6.384383 3.549478 60.659416  -0.300371 -0.715220 -0.631061  0.150208 0.838271 3 4 0.006600 36 0.000050 9 0.993350
0  -6.323508 3.879726 60.175976  -0.178976 -0.894985 -0.408620  0.146306 0.846939 3 4 0.008515 36 0.000045 9 0.991440
0  -5.833719 3.561912 60.393192  -0.427480 -0.630895 -0.647481  0.140551 0.838664 4 4 0.007600 36 0.000018 3 0.001005 9 0.991377
barc_straps
0  -7.009868 3.436224 61.062572  -0.178147 -0.768046 -0.615117  0.161660 0.835392 3 4 0.004041 36 0.000096 9 0.995863
0  -6.437532 3.077879 61.161842  -0.401708 -0.513821 -0.758036  0.154000 0.827970 3 4 0.005537 36 0.000056 9 0.994407
0  -6.966998 2.956927 61.482632  -0.285168 -0.489657 -0.823963  0.163254 0.825454 3 4 0.004448 36 0.000095 9 0.995457
barc_straps
0  -6.966998 2.956927 61.482632  -0.285168 -0.489657 -0.823963  0.163254 0.825454 3 4 0.004448 36 0.000095 9 0.995457
0  -6.437532 3.077879 61.161842  -0.401708 -0.513821 -0.758036  0.154000 0.827970 3 4 0.005537 36 0.000056 9 0.994407
0  -6.464924 2.379020 61.454674  -0.504525 -0.251396 -0.825987  0.155870 0.816074 3 4 0.006031 36 0.000044 9 0.993925
barc_straps
0  -6.464924 2.379020 61.454674  -0.504525 -0.251396 -0.825987  0.155870 0.816074 3 4 0.006031 36 0.000044 9 0.993925
0  -6.597170 1.665272 61.670578  -0.454871 -0.035857 -0.889835  0.158674 0.804546 3 4 0.004944 36 0.000078 9 0.994978
0  -7.088744 2.391299 61.754818  -0.262295 -0.261767 -0.928805  0.166303 0.815883 3 4 0.003841 36 0.000134 9 0.996025
barc_straps
0  -6.495395 0.906880 61.484356  -0.453342 0.230811 -0.860934  0.155606 0.792470 3 4 0.008068 36 0.000073 9 0.991859
0  -6.597170 1.665272 61.670578  -0.454871 -0.035857 -0.889835  0.158674 0.804546 3 4 0.004944 36 0.000078 9 0.994978
0  -6.005437 1.637697 61.293674  -0.604150 -0.016293 -0.796704  0.148072 0.804462 4 4 0.007751 36 0.000018 3 0.001070 9 0.991161
barc_straps
0  -7.927723 0.966756 61.873310  -0.057305 0.233552 -0.970654  0.178886 0.791763 3 4 0.004624 36 0.000194 9 0.995182
0  -7.125063 0.942277 61.781254  -0.269139 0.239733 -0.932788  0.166184 0.792674 3 4 0.005369 36 0.000133 9 0.994498
0  -7.912960 0.284080 61.635422  -0.045299 0.517336 -0.854583  0.176658 0.779719 3 4 0.005209 36 0.000253 9 0.994538
barc_straps
0  -7.948246 -0.162654 61.168720  -0.007431 0.758618 -0.651493  0.174528 0.768977 3 4 0.009797 36 0.000247 9 0.989956
0  -8.489131 -0.076809 61.246262  0.051346 0.828014 -0.558351  0.183931 0.768527 3 4 0.005681 36 0.000396 9 0.993923
0  -8.477790 -0.026844 61.322021  0.068205 0.762123 -0.643829  0.184144 0.770102 3 4 0.006215 36 0.000410 9 0.993375
barc_straps
0  -8.228798 -0.013188 61.364223  0.020901 0.692352 -0.721257  0.180161 0.771858 3 4 0.005973 36 0.000330 9 0.993697
0  -8.460033 0.222242 61.536823  0.098204 0.649539 -0.753960  0.185265 0.775979 3 4 0.004165 36 0.000351 9 0.995484
0  -8.459671 0.358142 61.656025  0.051019 0.560579 -0.826528  0.186001 0.779143 3 4 0.004769 36 0.000362 9 0.994869
barc_straps
0  -7.912960 0.284080 61.635422  -0.045299 0.517336 -0.854583  0.176658 0.779719 3 4 0.005209 36 0.000253 9 0.994538
0  -7.948246 -0.162654 61.168720  -0.007431 0.758618 -0.651493  0.174528 0.768977 3 4 0.009797 36 0.000247 9 0.989956
0  -8.228798 -0.013188 61.364223  0.020901 0.692352 -0.721257  0.180161 0.771858 3 4 0.005973 36 0.000330 9 0.993697
barc_straps
0  -8.001740 3.849352 60.472649  0.001189 -0.930102 -0.367299  0.173874 0.851235 3 4 0.005503 36 0.000204 9 0.994293
0  -7.808910 3.513465 61.065628  -0.038066 -0.810632 -0.584318  0.173817 0.839308 3 4 0.003145 36 0.000220 9 0.996635
0  -8.143412 3.631410 60.894554  0.035466 -0.835769 -0.547934  0.178339 0.844093 3 4 0.003295 36 0.000173 9 0.996532
barc_straps
0  -8.143412 3.631410 60.894554  0.035466 -0.835769 -0.547934  0.178339 0.844093 3 4 0.003295 36 0.000173 9 0.996532
0  -8.404283 3.216261 61.379417  0.024850 -0.766114 -0.642224  0.185262 0.834209 3 4 0.002757 36 0.000267 9 0.996976
0  -8.417977 3.564635 60.967663  0.038383 -0.805633 -0.591170  0.183302 0.843578 3 4 0.002377 36 0.000260 9 0.997363
barc_straps
0  -8.143412 3.631410 60.894554  0.035466 -0.835769 -0.547934  0.178339 0.844093 3 4 0.003295 36 0.000173 9 0.996532
0  -8.417476 3.681767 60.743793  0.084900 -0.888449 -0.451055  0.182201 0.847892 3 4 0.003608 36 0.000279 9 0.996113
0  -8.429790 3.817676 60.467030  0.074824 -0.928887 -0.362727  0.181000 0.853175 3 4 0.003067 36 0.000275 9 0.996658
barc_straps
0  -7.808910 3.513465 61.065628  -0.038066 -0.810632 -0.584318  0.173817 0.839308 3 4 0.003145 36 0.000220 9 0.996635
0  -7.009868 3.436224 61.062572  -0.178147 -0.768046 -0.615117  0.161660 0.835392 3 4 0.004041 36 0.000096 9 0.995863
0  -7.680396 3.054052 61.564701  -0.063237 -0.565282 -0.822470  0.174215 0.827983 3 4 0.002852 36 0.000162 9 0.996986
barc_straps
0  -7.879172 2.420865 61.838955  -0.076280 -0.294643 -0.952558  0.178652 0.816994 3 4 0.002456 36 0.000187 9 0.997357
0  -7.680396 3.054052 61.564701  -0.063237 -0.565282 -0.822470  0.174215 0.827983 3 4 0.002852 36 0.000162 9 0.996986
0  -7.088744 2.391299 61.754818  -0.262295 -0.261767 -0.928805  0.166303 0.815883 3 4 0.003841 36 0.000134 9 0.996025
barc_straps
0  -8.219755 2.182667 61.933475  -0.007047 -0.288067 -0.957584  0.184509 0.812920 3 4 0.002151 36 0.000232 9 0.997617
0  -8.406460 2.734363 61.698536  0.012769 -0.387843 -0.921637  0.186757 0.823791 3 4 0.002104 36 0.000261 9 0.997635
0  -8.410131 2.981831 61.596188  0.022567 -0.378962 -0.925137  0.186406 0.828560 3 4 0.002072 36 0.000260 9 0.997668
barc_straps
0  -7.879172 2.420865 61.838955  -0.076280 -0.294643 -0.952558  0.178652 0.816994 3 4 0.002456 36 0.000187 9 0.997357
0  -8.118815 1.714458 62.009018  -0.082739 -0.021472 -0.996340  0.183029 0.804639 3 4 0.002500 36 0.000228 9 0.997272
0  -8.219755 2.182667 61.933475  -0.007047 -0.288067 -0.957584  0.184509 0.812920 3 4 0.002151 36 0.000232 9 0.997617
barc_straps
0  -8.219755 2.182667 61.933475  -0.007047 -0.288067 -0.957584  0.184509 0.812920 3 4 0.002151 36 0.000232 9 0.997617
0  -8.398085 2.085603 61.938343  0.064384 -0.167697 -0.983734  0.187587 0.811346 3 4 0.002010 36 0.000264 9 0.997726
0  -8.404733 2.247257 61.905521  0.021311 -0.344216 -0.938649  0.187539 0.814335 3 4 0.002073 36 0.000271 9 0.997656
barc_straps
0  -8.253505 1.235330 61.957188  -0.003913 0.220311 -0.975422  0.184726 0.796100 3 4 0.002848 36 0.000266 9 0.996886
0  -8.442791 0.846852 61.819847  0.024218 0.322506 -0.946258  0.187087 0.788410 3 4 0.002757 36 0.000303 9 0.996940
0  -8.426846 1.178048 61.935276  0.033373 0.267050 -0.963105  0.187541 0.794744 3 4 0.003270 36 0.000323 9 0.996407
barc_straps
0  -8.253505 1.235330 61.957188  -0.003913 0.220311 -0.975422  0.184726 0.796100 3 4 0.002848 36 0.000266 9 0.996886
0  -8.413558 1.334863 61.956951  0.068437 0.107796 -0.991815  0.187573 0.797633 3 4 0.002278 36 0.000283 9 0.997439
0  -8.406563 1.719175 61.995144  0.051249 -0.028027 -0.998293  0.187915 0.804634 3 4 0.002620 36 0.000295 9 0.997085
barc_straps
0  -8.118815 1.714458 62.009018  -0.082739 -0.021472 -0.996340  0.183029 0.804639 3 4 0.002500 36 0.000228 9 0.997272
0  -7.927723 0.966756 61.873310  -0.057305 0.233552 -0.970654  0.178886 0.791763 3 4 0.004624 36 0.000194 9 0.995182
0  -8.253505 1.235330 61.957188  -0.003913 0.220311 -0.975422  0.184726 0.796100 3 4 0.002848 36 0.000266 9 0.996886
barc_straps
0  -5.333876 -0.471248 59.914989  -0.499976 0.623704 -0.600847  0.126956 0.766077 4 4 0.032554 36 0.000005 3 0.004882 9 0.962559
0  -5.042069 -0.339450 59.797104  -0.547178 0.491363 -0.677612  0.121483 0.768314 4 4 0.035168 36 0.000002 3 0.006416 9 0.958414
0  -5.207732 -0.639339 59.601753  -0.454181 0.769492 -0.449001  0.122484 0.761273 4 4 0.034914 36 0.000009 3 0.003915 9 0.961162
barc_straps
0  -5.500199 -0.680977 59.822411  -0.397908 0.731015 -0.554334  0.128759 0.761556 4 4 0.039687 36 0.000004 3 0.005187 9 0.955122
0  -5.898704 -0.676362 60.071835  -0.226439 0.838919 -0.494914  0.136480 0.762021 4 4 0.029411 36 0.000025 3 0.002047 9 0.968517
0  -5.448458 -0.343216 60.109543  -0.533451 0.526143 -0.662271  0.130197 0.769105 4 4 0.028118 36 0.000007 3 0.004323 9 0.967552
barc_straps
0  -5.448458 -0.343216 60.109543  -0.533451 0.526143 -0.662271  0.130197 0.769105 4 4 0.028118 36 0.000007 3 0.004323 9 0.967552
0  -4.940596 0.136409 59.978649  -0.637338 0.331497 -0.695637  0.121262 0.777780 4 4 0.031007 36 0.000001 3 0.007537 9 0.961455
0  -5.042069 -0.339450 59.797104  -0.547178 0.491363 -0.677612  0.121483 0.768314 4 4 0.035168 36 0.000002 3 0.006416 9 0.958414
barc_straps
0  -5.446253 -0.829639 59.354408  -0.238035 0.937962 -0.252124  0.124078 0.754508 4 4 0.046468 36 0.000008 3 0.004198 9 0.949326
0  -5.788680 -0.955648 59.085529  -0.105841 0.969020 -0.223155  0.127205 0.747211 4 4 0.054464 36 0.000019 3 0.002408 9 0.943109
0  -5.818099 -0.850849 59.552555  -0.095997 0.957185 -0.273097  0.131295 0.754368 4 4 0.040053 36 0.000012 3 0.003442 9 0.956493
barc_straps
0  -5.591822 -0.793824 59.629826  -0.255081 0.909270 -0.328879  0.128549 0.757483 4 4 0.041723 36 0.000022 3 0.002399 9 0.955856
0  -5.818099 -0.850849 59.552555  -0.095997 0.957185 -0.273097  0.131295 0.754368 4 4 0.040053 36 0.000012 3 0.003442 9 0.956493
0  -5.898704 -0.676362 60.071835  -0.226439 0.838919 -0.494914  0.136480 0.762021 4 4 0.029411 36 0.000025 3 0.002047 9 0.968517
barc_straps
0  -5.591822 -0.793824 59.629826  -0.255081 0.909270 -0.328879  0.128549 0.757483 4 4 0.041723 36 0.000022 3 0.002399 9 0.955856
0  -5.500199 -0.680977 59.822411  -0.397908 0.731015 -0.554334  0.128759 0.761556 4 4 0.039687 36 0.000004 3 0.005187 9 0.955122
0  -5.207732 -0.639339 59.601753  -0.454181 0.769492 -0.449001  0.122484 0.761273 4 4 0.034914 36 0.000009 3 0.003915 9 0.961162
barc_straps
0  -6.233472 -1.030317 58.889988  -0.026862 0.973459 -0.227279  0.132704 0.740616 4 4 0.061393 36 0.000061 3 0.000211 9 0.938335
0  -6.858669 -1.054875 58.812435  -0.008771 0.974572 -0.223902  0.142110 0.734873 3 4 0.062474 36 0.000143 9 0.937383
0  -6.304364 -0.877596 59.541515  -0.035075 0.968824 -0.245256  0.138614 0.750572 4 4 0.046772 36 0.000050 3 0.001106 9 0.952072
barc_straps
0  -6.304364 -0.877596 59.541515  -0.035075 0.968824 -0.245256  0.138614 0.750572 4 4 0.046772 36 0.000050 3 0.001106 9 0.952072
0  -5.898704 -0.676362 60.071835  -0.226439 0.838919 -0.494914  0.136480 0.762021 4 4 0.029411 36 0.000025 3 0.002047 9 0.968517
0  -5.818099 -0.850849 59.552555  -0.095997 0.957185 -0.273097  0.131295 0.754368 4 4 0.040053 36 0.000012 3 0.003442 9 0.956493
barc_straps
0  -6.104876 -0.920686 59.336128  -0.055470 0.971954 -0.228537  0.134027 0.748767 4 4 0.040424 36 0.000073 3 0.000399 9 0.959104
0  -5.818099 -0.850849 59.552555  -0.095997 0.957185 -0.273097  0.131295 0.754368 4 4 0.040053 36 0.000012 3 0.003442 9 0.956493
0  -5.788680 -0.955648 59.085529  -0.105841 0.969020 -0.223155  0.127205 0.747211 4 4 0.054464 36 0.000019 3 0.002408 9 0.943109
barc_straps
0  -7.735690 -1.039244 58.879292  0.013879 0.975651 -0.218889  0.156798 0.730210 3 4 0.049707 36 0.000342 9 0.949951
0  -8.620789 -0.991616 59.012733  0.032504 0.971820 -0.233473  0.172181 0.727028 3 4 0.030870 36 0.000651 9 0.968479
0  -7.861394 -0.822185 59.823704  0.020340 0.964660 -0.262713  0.164889 0.745062 3 4 0.034629 36 0.000283 9 0.965088
barc_straps
0  -7.065223 -0.614131 60.516956  -0.069996 0.903537 -0.422754  0.156695 0.761030 4 4 0.023092 36 0.000086 3 0.000181 9 0.976641
0  -6.533598 -0.810389 59.874226  -0.078412 0.949287 -0.304475  0.144452 0.754189 3 4 0.031236 36 0.000106 9 0.968658
0  -7.861394 -0.822185 59.823704  0.020340 0.964660 -0.262713  0.164889 0.745062 3 4 0.034629 36 0.000283 9 0.965088
barc_straps
0  -5.443019 0.112420 60.442612  -0.627616 0.322257 -0.708695  0.132840 0.778362 4 4 0.021747 36 0.000005 3 0.004466 9 0.973782
0  -4.940596 0.136409 59.978649  -0.637338 0.331497 -0.695637  0.121262 0.777780 4 4 0.031007 36 0.000001 3 0.007537 9 0.961455
0  -5.448458 -0.343216 60.109543  -0.533451 0.526143 -0.662271  0.130197 0.769105 4 4 0.028118 36 0.000007 3 0.004323 9 0.967552
barc_straps
0  -5.611884 -0.193786 60.388126  -0.489785 0.566095 -0.663059  0.134881 0.772721 4 4 0.023200 36 0.000010 3 0.003477 9 0.973313
0  -5.448458 -0.343216 60.109543  -0.533451 0.526143 -0.662271  0.130197 0.769105 4 4 0.028118 36 0.000007 3 0.004323 9 0.967552
0  -5.898704 -0.676362 60.071835  -0.226439 0.838919 -0.494914  0.136480 0.762021 4 4 0.029411 36 0.000025 3 0.002047 9 0.968517
barc_straps
0  -5.961141 0.156875 60.886780  -0.543012 0.387632 -0.744902  0.143738 0.779848 4 4 0.015472 36 0.000027 3 0.001367 9 0.983134
0  -5.611884 -0.193786 60.388126  -0.489785 0.566095 -0.663059  0.134881 0.772721 4 4 0.023200 36 0.000010 3 0.003477 9 0.973313
0  -6.277983 -0.429656 60.573956  -0.305821 0.741797 -0.596834  0.145660 0.767972 3 4 0.015662 36 0.000084 9 0.984254
barc_straps
0  -5.390996 0.809097 60.590961  -0.675077 0.150353 -0.722263  0.133212 0.790742 4 4 0.018020 36 0.000004 3 0.005096 9 0.976880
0  -4.811001 1.558067 60.106136  -0.712544 -0.015185 -0.701463  0.120437 0.804211 4 4 0.023878 36 0.000001 3 0.009371 9 0.966750
0  -4.854043 0.780611 60.084011  -0.683725 0.120516 -0.719720  0.120743 0.789865 4 4 0.022039 36 0.000003 3 0.006054 9 0.971904
barc_straps
0  -5.232057 0.543350 60.384056  -0.668087 0.203633 -0.715677  0.129154 0.785861 4 4 0.028357 36 0.000001 3 0.009040 9 0.962602
0  -4.854043 0.780611 60.084011  -0.683725 0.120516 -0.719720  0.120743 0.789865 4 4 0.022039 36 0.000003 3 0.006054 9 0.971904
0  -4.940596 0.136409 59.978649  -0.637338 0.331497 -0.695637  0.121262 0.777780 4 4 0.031007 36 0.000001 3 0.007537 9 0.961455
barc_straps
0  -5.443019 0.112420 60.442612  -0.627616 0.322257 -0.708695  0.132840 0.778362 4 4 0.021747 36 0.000005 3 0.004466 9 0.973782
0  -5.961141 0.156875 60.886780  -0.543012 0.387632 -0.744902  0.143738 0.779848 4 4 0.015472 36 0.000027 3 0.001367 9 0.983134
0  -5.390996 0.809097 60.590961  -0.675077 0.150353 -0.722263  0.133212 0.790742 4 4 0.018020 36 0.000004 3 0.005096 9 0.976880
barc_straps
0  -6.249400 4.047598 59.414982  -0.059913 -0.977167 -0.203852  0.140234 0.858370 3 4 0.013974 36 0.000037 9 0.985989
0  -6.844646 4.210709 58.658165  -0.040897 -0.985569 -0.164258  0.144690 0.874584 3 4 0.011489 36 0.000077 9 0.988434
0  -6.230953 4.183134 58.703526  -0.041961 -0.981359 -0.187545  0.135096 0.869710 3 4 0.017147 36 0.000028 9 0.982825
barc_straps
0  -6.059408 4.081134 59.185154  -0.058633 -0.980352 -0.188339  0.135705 0.860713 3 4 0.023179 36 0.000034 9 0.976787
0  -6.230953 4.183134 58.703526  -0.041961 -0.981359 -0.187545  0.135096 0.869710 3 4 0.017147 36 0.000028 9 0.982825
0  -5.768051 4.123266 58.870422  -0.086387 -0.978692 -0.186276  0.128873 0.863686 4 4 0.014894 36 0.000017 3 0.000669 9 0.984420
barc_straps
0  -5.751299 4.021322 59.396526  -0.085958 -0.971007 -0.223059  0.132418 0.855167 5 4 0.020792 36 0.000014 2 0.000012 3 0.000932 9 0.978250
0  -5.794485 3.864697 59.966488  -0.237571 -0.880957 -0.409237  0.137121 0.846516 4 4 0.010664 36 0.000019 3 0.000882 9 0.988435
0  -6.249400 4.047598 59.414982  -0.059913 -0.977167 -0.203852  0.140234 0.858370 3 4 0.013974 36 0.000037 9 0.985989
barc_straps
0  -5.529681 3.979952 59.462337  -0.231916 -0.936237 -0.263961  0.129548 0.852431 4 4 0.014665 36 0.000009 3 0.002053 9 0.983273
0  -5.416673 4.022670 59.140743  -0.203806 -0.957903 -0.202200  0.125330 0.856556 4 4 0.017566 36 0.000006 3 0.002371 9 0.980057
0  -5.183522 3.856006 59.416061  -0.462677 -0.809483 -0.361478  0.123751 0.849702 4 4 0.012963 36 0.000007 3 0.002857 9 0.984173
barc_straps
0  -5.529681 3.979952 59.462337  -0.231916 -0.936237 -0.263961  0.129548 0.852431 4 4 0.014665 36 0.000009 3 0.002053 9 0.983273
0  -5.433303 3.878090 59.681553  -0.408830 -0.783016 -0.468768  0.129741 0.848060 4 4 0.015347 36 0.000003 3 0.004118 9 0.980532
0  -5.794485 3.864697 59.966488  -0.237571 -0.880957 -0.409237  0.137121 0.846516 4 4 0.010664 36 0.000019 3 0.000882 9 0.988435
barc_straps
0  -5.751299 4.021322 59.396526  -0.085958 -0.971007 -0.223059  0.132418 0.855167 5 4 0.020792 36 0.000014 2 0.000012 3 0.000932 9 0.978250
0  -5.768051 4.123266 58.870422  -0.086387 -0.978692 -0.186276  0.128873 0.863686 4 4 0.014894 36 0.000017 3 0.000669 9 0.984420
0  -5.416673 4.022670 59.140743  -0.203806 -0.957903 -0.202200  0.125330 0.856556 4 4 0.017566 36 0.000006 3 0.002371 9 0.980057
barc_straps
0  -5.019936 3.577670 59.641754  -0.609126 -0.530493 -0.589528  0.122658 0.842718 4 4 0.014626 36 0.000002 3 0.005560 9 0.979812
0  -4.907224 3.101702 59.854328  -0.676314 -0.336764 -0.655126  0.121792 0.833037 4 4 0.015193 36 0.000001 3 0.006866 9 0.977940
0  -5.371065 3.569590 59.994255  -0.572592 -0.539224 -0.617557  0.130828 0.840571 4 4 0.012792 36 0.000004 3 0.004022 9 0.983182
barc_straps
0  -5.371065 3.569590 59.994255  -0.572592 -0.539224 -0.617557  0.130828 0.840571 4 4 0.012792 36 0.000004 3 0.004022 9 0.983182
0  -5.794485 3.864697 59.966488  -0.237571 -0.880957 -0.409237  0.137121 0.846516 4 4 0.010664 36 0.000019 3 0.000882 9 0.988435
0  -5.433303 3.878090 59.681553  -0.408830 -0.783016 -0.468768  0.129741 0.848060 4 4 0.015347 36 0.000003 3 0.004118 9 0.980532
barc_straps
0  -5.274391 3.687035 59.784481  -0.538652 -0.672378 -0.507703  0.127907 0.843848 4 4 0.011673 36 0.000006 3 0.003628 9 0.984693
0  -5.433303 3.878090 59.681553  -0.408830 -0.783016 -0.468768  0.129741 0.848060 4 4 0.015347 36 0.000003 3 0.004118 9 0.980532
0  -5.183522 3.856006 59.416061  -0.462677 -0.809483 -0.361478  0.123751 0.849702 4 4 0.012963 36 0.000007 3 0.002857 9 0.984173
barc_straps
0  -5.877700 3.125188 60.759117  -0.559244 -0.396447 -0.728063  0.143457 0.829833 4 4 0.008675 36 0.000018 3 0.001001 9 0.990306
0  -5.833719 3.561912 60.393192  -0.427480 -0.630895 -0.647481  0.140551 0.838664 4 4 0.007600 36 0.000018 3 0.001005 9 0.991377
0  -5.375916 3.151827 60.317184  -0.645635 -0.339995 -0.683782  0.132903 0.831879 4 4 0.010888 36 0.000004 3 0.003978 9 0.985130
barc_straps
0  -5.371065 3.569590 59.994255  -0.572592 -0.539224 -0.617557  0.130828 0.840571 4 4 0.012792 36 0.000004 3 0.004022 9 0.983182
0  -4.907224 3.101702 59.854328  -0.676314 -0.336764 -0.655126  0.121792 0.833037 4 4 0.015193 36 0.000001 3 0.006866 9 0.977940
0  -5.375916 3.151827 60.317184  -0.645635 -0.339995 -0.683782  0.132903 0.831879 4 4 0.010888 36 0.000004 3 0.003978 9 0.985130
barc_straps
0  -4.830081 2.384471 60.016373  -0.696613 -0.150184 -0.701553  0.120854 0.819521 4 4 0.018333 36 0.000001 3 0.008466 9 0.973200
0  -4.811001 1.558067 60.106136  -0.712544 -0.015185 -0.701463  0.120437 0.804211 4 4 0.023878 36 0.000001 3 0.009371 9 0.966750
0  -5.349761 2.392877 60.520283  -0.686433 -0.170501 -0.706922  0.133034 0.818274 4 4 0.013047 36 0.000002 3 0.005702 9 0.981249
barc_straps
0  -5.349761 2.392877 60.520283  -0.686433 -0.170501 -0.706922  0.133034 0.818274 4 4 0.013047 36 0.000002 3 0.005702 9 0.981249
0  -5.877700 3.125188 60.759117  -0.559244 -0.396447 -0.728063  0.143457 0.829833 4 4 0.008675 36 0.000018 3 0.001001 9 0.990306
0  -5.375916 3.151827 60.317184  -0.645635 -0.339995 -0.683782  0.132903 0.831879 4 4 0.010888 36 0.000004 3 0.003978 9 0.985130
barc_straps
0  -5.186924 2.671344 60.291245  -0.688901 -0.218854 -0.691027  0.129135 0.823766 4 4 0.012109 36 0.000003 3 0.004856 9 0.983032
0  -5.375916 3.151827 60.317184  -0.645635 -0.339995 -0.683782  0.132903 0.831879 4 4 0.010888 36 0.000004 3 0.003978 9 0.985130
0  -4.907224 3.101702 59.854328  -0.676314 -0.336764 -0.655126  0.121792 0.833037 4 4 0.015193 36 0.000001 3 0.006866 9 0.977940
barc_straps
0  -5.349761 2.392877 60.520283  -0.686433 -0.170501 -0.706922  0.133034 0.818274 4 4 0.013047 36 0.000002 3 0.005702 9 0.981249
0  -4.811001 1.558067 60.106136  -0.712544 -0.015185 -0.701463  0.120437 0.804211 4 4 0.023878 36 0.000001 3 0.009371 9 0.966750
0  -5.444571 1.597941 60.783142  -0.710145 -0.015979 -0.703874  0.136118 0.804289 4 4 0.011242 36 0.000006 3 0.003746 9 0.985006
barc_straps
0  -5.444571 1.597941 60.783142  -0.710145 -0.015979 -0.703874  0.136118 0.804289 4 4 0.011242 36 0.000006 3 0.003746 9 0.985006
0  -6.005437 1.637697 61.293674  -0.604150 -0.016293 -0.796704  0.148072 0.804462 4 4 0.007751 36 0.000018 3 0.001070 9 0.991161
0  -5.894796 2.409770 61.051025  -0.620181 -0.224128 -0.751759  0.145223 0.817345 4 4 0.008597 36 0.000025 3 0.000832 9 0.990546
barc_straps
0  -5.894796 2.409770 61.051025  -0.620181 -0.224128 -0.751759  0.145223 0.817345 4 4 0.008597 36 0.000025 3 0.000832 9 0.990546
0  -5.877700 3.125188 60.759117  -0.559244 -0.396447 -0.728063  0.143457 0.829833 4 4 0.008675 36 0.000018 3 0.001001 9 0.990306
0  -5.349761 2.392877 60.520283  -0.686433 -0.170501 -0.706922  0.133034 0.818274 4 4 0.013047 36 0.000002 3 0.005702 9 0.981249
barc_straps
0  -5.444571 1.597941 60.783142  -0.710145 -0.015979 -0.703874  0.136118 0.804289 4 4 0.011242 36 0.000006 3 0.003746 9 0.985006
0  -4.811001 1.558067 60.106136  -0.712544 -0.015185 -0.701463  0.120437 0.804211 4 4 0.023878 36 0.000001 3 0.009371 9 0.966750
0  -5.390996 0.809097 60.590961  -0.675077 0.150353 -0.722263  0.133212 0.790742 4 4 0.018020 36 0.000004 3 0.005096 9 0.976880
barc_straps
0  -5.390996 0.809097 60.590961  -0.675077 0.150353 -0.722263  0.133212 0.790742 4 4 0.018020 36 0.000004 3 0.005096 9 0.976880
0  -5.961141 0.156875 60.886780  -0.543012 0.387632 -0.744902  0.143738 0.779848 4 4 0.015472 36 0.000027 3 0.001367 9 0.983134
0  -5.935637 0.860271 61.112644  -0.602476 0.198359 -0.773095  0.145298 0.791811 4 4 0.011771 36 0.000024 3 0.001204 9 0.987001
barc_straps
0  -5.444571 1.597941 60.783142  -0.710145 -0.015979 -0.703874  0.136118 0.804289 4 4 0.011242 36 0.000006 3 0.003746 9 0.985006
0  -5.935637 0.860271 61.112644  -0.602476 0.198359 -0.773095  0.145298 0.791811 4 4 0.011771 36 0.000024 3 0.001204 9 0.987001
0  -6.005437 1.637697 61.293674  -0.604150 -0.016293 -0.796704  0.148072 0.804462 4 4 0.007751 36 0.000018 3 0.001070 9 0.991161
barc_straps
0  -6.495395 0.906880 61.484356  -0.453342 0.230811 -0.860934  0.155606 0.792470 3 4 0.008068 36 0.000073 9 0.991859
0  -6.005437 1.637697 61.293674  -0.604150 -0.016293 -0.796704  0.148072 0.804462 4 4 0.007751 36 0.000018 3 0.001070 9 0.991161
0  -5.935637 0.860271 61.112644  -0.602476 0.198359 -0.773095  0.145298 0.791811 4 4 0.011771 36 0.000024 3 0.001204 9 0.987001
barc_straps
0  -5.935637 0.860271 61.112644  -0.602476 0.198359 -0.773095  0.145298 0.791811 4 4 0.011771 36 0.000024 3 0.001204 9 0.987001
0  -5.961141 0.156875 60.886780  -0.543012 0.387632 -0.744902  0.143738 0.779848 4 4 0.015472 36 0.000027 3 0.001367 9 0.983134
0  -6.510980 0.196855 61.253983  -0.410109 0.430390 -0.804099  0.153929 0.780720 3 4 0.010973 36 0.000083 9 0.988944
barc_straps
0  -6.510980 0.196855 61.253983  -0.410109 0.430390 -0.804099  0.153929 0.780720 3 4 0.010973 36 0.000083 9 0.988944
0  -7.116438 0.252725 61.527332  -0.194888 0.517247 -0.833351  0.164074 0.781166 3 4 0.007564 36 0.000147 9 0.992289
0  -6.495395 0.906880 61.484356  -0.453342 0.230811 -0.860934  0.155606 0.792470 3 4 0.008068 36 0.000073 9 0.991859
barc_straps
0  -7.638488 -0.328332 60.980961  -0.029349 0.806061 -0.591105  0.168396 0.766474 3 4 0.007722 36 0.000291 9 0.991987
0  -7.948246 -0.162654 61.168720  -0.007431 0.758618 -0.651493  0.174528 0.768977 3 4 0.009797 36 0.000247 9 0.989956
0  -7.116438 0.252725 61.527332  -0.194888 0.517247 -0.833351  0.164074 0.781166 3 4 0.007564 36 0.000147 9 0.992289
barc_straps
0  -7.065223 -0.614131 60.516956  -0.069996 0.903537 -0.422754  0.156695 0.761030 4 4 0.023092 36 0.000086 3 0.000181 9 0.976641
0  -6.687378 -0.110462 61.090038  -0.273628 0.701975 -0.657540  0.155172 0.774693 3 4 0.010859 36 0.000160 9 0.988981
0  -6.277983 -0.429656 60.573956  -0.305821 0.741797 -0.596834  0.145660 0.767972 3 4 0.015662 36 0.000084 9 0.984254
barc_straps
0  -7.935859 -0.563617 60.601158  0.036886 0.895799 -0.442926  0.170758 0.757827 3 4 0.012653 36 0.000336 9 0.987011
0  -8.523509 -0.510974 60.612171  0.074208 0.900479 -0.428521  0.180555 0.755245 3 4 0.013064 36 0.000530 9 0.986406
0  -8.511022 -0.347982 60.842617  0.059723 0.819067 -0.570581  0.181942 0.760075 3 4 0.008322 36 0.000490 9 0.991188
barc_straps
0  -6.687378 -0.110462 61.090038  -0.273628 0.701975 -0.657540  0.155172 0.774693 3 4 0.010859 36 0.000160 9 0.988981
0  -7.638488 -0.328332 60.980961  -0.029349 0.806061 -0.591105  0.168396 0.766474 3 4 0.007722 36 0.000291 9 0.991987
0  -7.116438 0.252725 61.527332  -0.194888 0.517247 -0.833351  0.164074 0.781166 3 4 0.007564 36 0.000147 9 0.992289
barc_straps
0  -6.510980 0.196855 61.253983  -0.410109 0.430390 -0.804099  0.153929 0.780720 3 4 0.010973 36 0.000083 9 0.988944
0  -5.961141 0.156875 60.886780  -0.543012 0.387632 -0.744902  0.143738 0.779848 4 4 0.015472 36 0.000027 3 0.001367 9 0.983134
0  -6.687378 -0.110462 61.090038  -0.273628 0.701975 -0.657540  0.155172 0.774693 3 4 0.010859 36 0.000160 9 0.988981
barc_straps
0  -7.861394 -0.822185 59.823704  0.020340 0.964660 -0.262713  0.164889 0.745062 3 4 0.034629 36 0.000283 9 0.965088
0  -8.620789 -0.991616 59.012733  0.032504 0.971820 -0.233473  0.172181 0.727028 3 4 0.030870 36 0.000651 9 0.968479
0  -8.571054 -0.771306 59.873390  0.051817 0.966907 -0.249812  0.176799 0.741942 3 4 0.016361 36 0.000579 9 0.983060
barc_straps
0  -8.211305 -0.728638 60.122688  0.051620 0.943246 -0.328059  0.172351 0.748133 3 4 0.016870 36 0.000441 9 0.982689
0  -8.561695 -0.749444 59.963146  0.071069 0.957109 -0.280876  0.177185 0.743507 3 4 0.017670 36 0.000592 9 0.981738
0  -8.534967 -0.605419 60.365147  0.094529 0.932756 -0.347894  0.179233 0.750776 3 4 0.010303 36 0.000513 9 0.989184
barc_straps
0  -7.935859 -0.563617 60.601158  0.036886 0.895799 -0.442926  0.170758 0.757827 3 4 0.012653 36 0.000336 9 0.987011
0  -7.065223 -0.614131 60.516956  -0.069996 0.903537 -0.422754  0.156695 0.761030 4 4 0.023092 36 0.000086 3 0.000181 9 0.976641
0  -7.861394 -0.822185 59.823704  0.020340 0.964660 -0.262713  0.164889 0.745062 3 4 0.034629 36 0.000283 9 0.965088
barc_straps
0  -7.735525 4.068696 59.658829  0.004682 -0.978261 -0.207324  0.165191 0.863576 3 4 0.007960 36 0.000158 9 0.991882
0  -7.018882 3.869857 60.413647  -0.071414 -0.916137 -0.394454  0.158116 0.847442 3 4 0.006146 36 0.000092 9 0.993762
0  -8.001740 3.849352 60.472649  0.001189 -0.930102 -0.367299  0.173874 0.851235 3 4 0.005503 36 0.000204 9 0.994293
barc_straps
0  -8.098899 3.995516 59.974815  0.042712 -0.964423 -0.260892  0.172809 0.860183 3 4 0.004200 36 0.000195 9 0.995605
0  -8.001740 3.849352 60.472649  0.001189 -0.930102 -0.367299  0.173874 0.851235 3 4 0.005503 36 0.000204 9 0.994293
0  -8.429790 3.817676 60.467030  0.074824 -0.928887 -0.362727  0.181000 0.853175 3 4 0.003067 36 0.000275 9 0.996658
barc_straps
0  -7.735525 4.068696 59.658829  0.004682 -0.978261 -0.207324  0.165191 0.863576 3 4 0.007960 36 0.000158 9 0.991882
0  -8.445082 4.189554 58.851772  0.030829 -0.984178 -0.174478  0.172222 0.880870 3 4 0.008500 36 0.000234 9 0.991266
0  -7.643332 4.221628 58.731209  -0.001826 -0.987297 -0.158873  0.158244 0.878331 3 4 0.011333 36 0.000118 9 0.988549
barc_straps
0  -7.399322 4.123801 59.319542  -0.024723 -0.986549 -0.161583  0.157788 0.867167 3 4 0.015154 36 0.000128 9 0.984718
0  -7.643332 4.221628 58.731209  -0.001826 -0.987297 -0.158873  0.158244 0.878331 3 4 0.011333 36 0.000118 9 0.988549
0  -6.844646 4.210709 58.658165  -0.040897 -0.985569 -0.164258  0.144690 0.874584 3 4 0.011489 36 0.000077 9 0.988434
barc_straps
0  -6.879282 4.070710 59.535656  -0.049815 -0.978734 -0.198995  0.150798 0.860566 3 4 0.021572 36 0.000066 9 0.978362
0  -7.018882 3.869857 60.413647  -0.071414 -0.916137 -0.394454  0.158116 0.847442 3 4 0.006146 36 0.000092 9 0.993762
0  -7.735525 4.068696 59.658829  0.004682 -0.978261 -0.207324  0.165191 0.863576 3 4 0.007960 36 0.000158 9 0.991882
barc_straps
0  -6.879282 4.070710 59.535656  -0.049815 -0.978734 -0.198995  0.150798 0.860566 3 4 0.021572 36 0.000066 9 0.978362
0  -6.844646 4.210709 58.658165  -0.040897 -0.985569 -0.164258  0.144690 0.874584 3 4 0.011489 36 0.000077 9 0.988434
0  -6.249400 4.047598 59.414982  -0.059913 -0.977167 -0.203852  0.140234 0.858370 3 4 0.013974 36 0.000037 9 0.985989
barc_straps
0  -6.249400 4.047598 59.414982  -0.059913 -0.977167 -0.203852  0.140234 0.858370 3 4 0.013974 36 0.000037 9 0.985989
0  -5.794485 3.864697 59.966488  -0.237571 -0.880957 -0.409237  0.137121 0.846516 4 4 0.010664 36 0.000019 3 0.000882 9 0.988435
0  -6.323508 3.879726 60.175976  -0.178976 -0.894985 -0.408620  0.146306 0.846939 3 4 0.008515 36 0.000045 9 0.991440
barc_straps
0  -6.249400 4.047598 59.414982  -0.059913 -0.977167 -0.203852  0.140234 0.858370 3 4 0.013974 36 0.000037 9 0.985989
0  -6.323508 3.879726 60.175976  -0.178976 -0.894985 -0.408620  0.146306 0.846939 3 4 0.008515 36 0.000045 9 0.991440
0  -6.879282 4.070710 59.535656  -0.049815 -0.978734 -0.198995  0.150798 0.860566 3 4 0.021572 36 0.000066 9 0.978362
barc_straps
0  -6.384383 3.549478 60.659416  -0.300371 -0.715220 -0.631061  0.150208 0.838271 3 4 0.006600 36 0.000050 9 0.993350
0  -7.018882 3.869857 60.413647  -0.071414 -0.916137 -0.394454  0.158116 0.847442 3 4 0.006146 36 0.000092 9 0.993762
0  -6.323508 3.879726 60.175976  -0.178976 -0.894985 -0.408620  0.146306 0.846939 3 4 0.008515 36 0.000045 9 0.991440
barc_straps
0  -6.323508 3.879726 60.175976  -0.178976 -0.894985 -0.408620  0.146306 0.846939 3 4 0.008515 36 0.000045 9 0.991440
0  -5.794485 3.864697 59.966488  -0.237571 -0.880957 -0.409237  0.137121 0.846516 4 4 0.010664 36 0.000019 3 0.000882 9 0.988435
0  -5.833719 3.561912 60.393192  -0.427480 -0.630895 -0.647481  0.140551 0.838664 4 4 0.007600 36 0.000018 3 0.001005 9 0.991377
barc_straps
0  -5.833719 3.561912 60.393192  -0.427480 -0.630895 -0.647481  0.140551 0.838664 4 4 0.007600 36 0.000018 3 0.001005 9 0.991377
0  -5.877700 3.125188 60.759117  -0.559244 -0.396447 -0.728063  0.143457 0.829833 4 4 0.008675 36 0.000018 3 0.001001 9 0.990306
0  -6.384383 3.549478 60.659416  -0.300371 -0.715220 -0.631061  0.150208 0.838271 3 4 0.006600 36 0.000050 9 0.993350
barc_straps
0  -7.018882 3.869857 60.413647  -0.071414 -0.916137 -0.394454  0.158116 0.847442 3 4 0.006146 36 0.000092 9 0.993762
0  -6.384383 3.549478 60.659416  -0.300371 -0.715220 -0.631061  0.150208 0.838271 3 4 0.006600 36 0.000050 9 0.993350
0  -7.009868 3.436224 61.062572  -0.178147 -0.768046 -0.615117  0.161660 0.835392 3 4 0.004041 36 0.000096 9 0.995863
barc_straps
0  -6.384383 3.549478 60.659416  -0.300371 -0.715220 -0.631061  0.150208 0.838271 3 4 0.006600 36 0.000050 9 0.993350
0  -5.877700 3.125188 60.759117  -0.559244 -0.396447 -0.728063  0.143457 0.829833 4 4 0.008675 36 0.000018 3 0.001001 9 0.990306
0  -6.437532 3.077879 61.161842  -0.401708 -0.513821 -0.758036  0.154000 0.827970 3 4 0.005537 36 0.000056 9 0.994407
barc_straps
0  -6.437532 3.077879 61.161842  -0.401708 -0.513821 -0.758036  0.154000 0.827970 3 4 0.005537 36 0.000056 9 0.994407
0  -7.009868 3.436224 61.062572  -0.178147 -0.768046 -0.615117  0.161660 0.835392 3 4 0.004041 36 0.000096 9 0.995863
0  -6.384383 3.549478 60.659416  -0.300371 -0.715220 -0.631061  0.150208 0.838271 3 4 0.006600 36 0.000050 9 0.993350
barc_straps
0  -5.894796 2.409770 61.051025  -0.620181 -0.224128 -0.751759  0.145223 0.817345 4 4 0.008597 36 0.000025 3 0.000832 9 0.990546
0  -6.005437 1.637697 61.293674  -0.604150 -0.016293 -0.796704  0.148072 0.804462 4 4 0.007751 36 0.000018 3 0.001070 9 0.991161
0  -6.464924 2.379020 61.454674  -0.504525 -0.251396 -0.825987  0.155870 0.816074 3 4 0.006031 36 0.000044 9 0.993925
barc_straps
0  -5.894796 2.409770 61.051025  -0.620181 -0.224128 -0.751759  0.145223 0.817345 4 4 0.008597 36 0.000025 3 0.000832 9 0.990546
0  -6.437532 3.077879 61.161842  -0.401708 -0.513821 -0.758036  0.154000 0.827970 3 4 0.005537 36 0.000056 9 0.994407
0  -5.877700 3.125188 60.759117  -0.559244 -0.396447 -0.728063  0.143457 0.829833 4 4 0.008675 36 0.000018 3 0.001001 9 0.990306
barc_straps
0  -6.464924 2.379020 61.454674  -0.504525 -0.251396 -0.825987  0.155870 0.816074 3 4 0.006031 36 0.000044 9 0.993925
0  -6.437532 3.077879 61.161842  -0.401708 -0.513821 -0.758036  0.154000 0.827970 3 4 0.005537 36 0.000056 9 0.994407
0  -5.894796 2.409770 61.051025  -0.620181 -0.224128 -0.751759  0.145223 0.817345 4 4 0.008597 36 0.000025 3 0.000832 9 0.990546
barc_straps
0  -6.464924 2.379020 61.454674  -0.504525 -0.251396 -0.825987  0.155870 0.816074 3 4 0.006031 36 0.000044 9 0.993925
0  -6.005437 1.637697 61.293674  -0.604150 -0.016293 -0.796704  0.148072 0.804462 4 4 0.007751 36 0.000018 3 0.001070 9 0.991161
0  -6.597170 1.665272 61.670578  -0.454871 -0.035857 -0.889835  0.158674 0.804546 3 4 0.004944 36 0.000078 9 0.994978
barc_straps
0  -6.597170 1.665272 61.670578  -0.454871 -0.035857 -0.889835  0.158674 0.804546 3 4 0.004944 36 0.000078 9 0.994978
0  -7.264710 1.694765 61.929607  -0.199204 -0.014646 -0.979849  0.169443 0.804635 3 4 0.003724 36 0.000109 9 0.996167
0  -7.088744 2.391299 61.754818  -0.262295 -0.261767 -0.928805  0.166303 0.815883 3 4 0.003841 36 0.000134 9 0.996025
barc_straps
0  -7.088744 2.391299 61.754818  -0.262295 -0.261767 -0.928805  0.166303 0.815883 3 4 0.003841 36 0.000134 9 0.996025
0  -6.966998 2.956927 61.482632  -0.285168 -0.489657 -0.823963  0.163254 0.825454 3 4 0.004448 36 0.000095 9 0.995457
0  -6.464924 2.379020 61.454674  -0.504525 -0.251396 -0.825987  0.155870 0.816074 3 4 0.006031 36 0.000044 9 0.993925
barc_straps
0  -6.597170 1.665272 61.670578  -0.454871 -0.035857 -0.889835  0.158674 0.804546 3 4 0.004944 36 0.000078 9 0.994978
0  -7.125063 0.942277 61.781254  -0.269139 0.239733 -0.932788  0.166184 0.792674 3 4 0.005369 36 0.000133 9 0.994498
0  -7.264710 1.694765 61.929607  -0.199204 -0.014646 -0.979849  0.169443 0.804635 3 4 0.003724 36 0.000109 9 0.996167
barc_straps
0  -6.495395 0.906880 61.484356  -0.453342 0.230811 -0.860934  0.155606 0.792470 3 4 0.008068 36 0.000073 9 0.991859
0  -7.116438 0.252725 61.527332  -0.194888 0.517247 -0.833351  0.164074 0.781166 3 4 0.007564 36 0.000147 9 0.992289
0  -7.125063 0.942277 61.781254  -0.269139 0.239733 -0.932788  0.166184 0.792674 3 4 0.005369 36 0.000133 9 0.994498
barc_straps
0  -7.125063 0.942277 61.781254  -0.269139 0.239733 -0.932788  0.166184 0.792674 3 4 0.005369 36 0.000133 9 0.994498
0  -6.597170 1.665272 61.670578  -0.454871 -0.035857 -0.889835  0.158674 0.804546 3 4 0.004944 36 0.000078 9 0.994978
0  -6.495395 0.906880 61.484356  -0.453342 0.230811 -0.860934  0.155606 0.792470 3 4 0.008068 36 0.000073 9 0.991859
barc_straps
0  -7.912960 0.284080 61.635422  -0.045299 0.517336 -0.854583  0.176658 0.779719 3 4 0.005209 36 0.000253 9 0.994538
0  -8.459671 0.358142 61.656025  0.051019 0.560579 -0.826528  0.186001 0.779143 3 4 0.004769 36 0.000362 9 0.994869
0  -8.457416 0.535608 61.715443  0.017064 0.323888 -0.945942  0.186643 0.782495 3 4 0.003716 36 0.000342 9 0.995942
barc_straps
0  -7.927723 0.966756 61.873310  -0.057305 0.233552 -0.970654  0.178886 0.791763 3 4 0.004624 36 0.000194 9 0.995182
0  -7.264710 1.694765 61.929607  -0.199204 -0.014646 -0.979849  0.169443 0.804635 3 4 0.003724 36 0.000109 9 0.996167
0  -7.125063 0.942277 61.781254  -0.269139 0.239733 -0.932788  0.166184 0.792674 3 4 0.005369 36 0.000133 9 0.994498
barc_straps
0  -7.912960 0.284080 61.635422  -0.045299 0.517336 -0.854583  0.176658 0.779719 3 4 0.005209 36 0.000253 9 0.994538
0  -7.125063 0.942277 61.781254  -0.269139 0.239733 -0.932788  0.166184 0.792674 3 4 0.005369 36 0.000133 9 0.994498
0  -7.116438 0.252725 61.527332  -0.194888 0.517247 -0.833351  0.164074 0.781166 3 4 0.007564 36 0.000147 9 0.992289
barc_straps
0  -7.948246 -0.162654 61.168720  -0.007431 0.758618 -0.651493  0.174528 0.768977 3 4 0.009797 36 0.000247 9 0.989956
0  -8.511022 -0.347982 60.842617  0.059723 0.819067 -0.570581  0.181942 0.760075 3 4 0.008322 36 0.000490 9 0.991188
0  -8.489131 -0.076809 61.246262  0.051346 0.828014 -0.558351  0.183931 0.768527 3 4 0.005681 36 0.000396 9 0.993923
barc_straps
0  -8.228798 -0.013188 61.364223  0.020901 0.692352 -0.721257  0.180161 0.771858 3 4 0.005973 36 0.000330 9 0.993697
0  -8.477790 -0.026844 61.322021  0.068205 0.762123 -0.643829  0.184144 0.770102 3 4 0.006215 36 0.000410 9 0.993375
0  -8.460033 0.222242 61.536823  0.098204 0.649539 -0.753960  0.185265 0.775979 3 4 0.004165 36 0.000351 9 0.995484
barc_straps
0  -7.912960 0.284080 61.635422  -0.045299 0.517336 -0.854583  0.176658 0.779719 3 4 0.005209 36 0.000253 9 0.994538
0  -7.116438 0.252725 61.527332  -0.194888 0.517247 -0.833351  0.164074 0.781166 3 4 0.007564 36 0.000147 9 0.992289
0  -7.948246 -0.162654 61.168720  -0.007431 0.758618 -0.651493  0.174528 0.768977 3 4 0.009797 36 0.000247 9 0.989956
barc_straps
0  -8.001740 3.849352 60.472649  0.001189 -0.930102 -0.367299  0.173874 0.851235 3 4 0.005503 36 0.000204 9 0.994293
0  -7.018882 3.869857 60.413647  -0.071414 -0.916137 -0.394454  0.158116 0.847442 3 4 0.006146 36 0.000092 9 0.993762
0  -7.808910 3.513465 61.065628  -0.038066 -0.810632 -0.584318  0.173817 0.839308 3 4 0.003145 36 0.000220 9 0.996635
barc_straps
0  -8.143412 3.631410 60.894554  0.035466 -0.835769 -0.547934  0.178339 0.844093 3 4 0.003295 36 0.000173 9 0.996532
0  -7.808910 3.513465 61.065628  -0.038066 -0.810632 -0.584318  0.173817 0.839308 3 4 0.003145 36 0.000220 9 0.996635
0  -8.411902 3.110720 61.509628  0.017973 -0.755103 -0.655359  0.186060 0.831366 3 4 0.002242 36 0.000260 9 0.997498
barc_straps
0  -8.143412 3.631410 60.894554  0.035466 -0.835769 -0.547934  0.178339 0.844093 3 4 0.003295 36 0.000173 9 0.996532
0  -8.417977 3.564635 60.967663  0.038383 -0.805633 -0.591170  0.183302 0.843578 3 4 0.002377 36 0.000260 9 0.997363
0  -8.417476 3.681767 60.743793  0.084900 -0.888449 -0.451055  0.182201 0.847892 3 4 0.003608 36 0.000279 9 0.996113
barc_straps
0  -7.808910 3.513465 61.065628  -0.038066 -0.810632 -0.584318  0.173817 0.839308 3 4 0.003145 36 0.000220 9 0.996635
0  -7.018882 3.869857 60.413647  -0.071414 -0.916137 -0.394454  0.158116 0.847442 3 4 0.006146 36 0.000092 9 0.993762
0  -7.009868 3.436224 61.062572  -0.178147 -0.768046 -0.615117  0.161660 0.835392 3 4 0.004041 36 0.000096 9 0.995863
barc_straps
0  -7.009868 3.436224 61.062572  -0.178147 -0.768046 -0.615117  0.161660 0.835392 3 4 0.004041 36 0.000096 9 0.995863
0  -6.966998 2.956927 61.482632  -0.285168 -0.489657 -0.823963  0.163254 0.825454 3 4 0.004448 36 0.000095 9 0.995457
0  -7.680396 3.054052 61.564701  -0.063237 -0.565282 -0.822470  0.174215 0.827983 3 4 0.002852 36 0.000162 9 0.996986
barc_straps
0  -7.680396 3.054052 61.564701  -0.063237 -0.565282 -0.822470  0.174215 0.827983 3 4 0.002852 36 0.000162 9 0.996986
0  -8.412796 3.066456 61.566086  -0.001558 -0.430327 -0.902672  0.186284 0.830141 3 4 0.002144 36 0.000261 9 0.997595
0  -8.411902 3.110720 61.509628  0.017973 -0.755103 -0.655359  0.186060 0.831366 3 4 0.002242 36 0.000260 9 0.997498
barc_straps
0  -7.879172 2.420865 61.838955  -0.076280 -0.294643 -0.952558  0.178652 0.816994 3 4 0.002456 36 0.000187 9 0.997357
0  -8.410131 2.981831 61.596188  0.022567 -0.378962 -0.925137  0.186406 0.828560 3 4 0.002072 36 0.000260 9 0.997668
0  -8.412796 3.066456 61.566086  -0.001558 -0.430327 -0.902672  0.186284 0.830141 3 4 0.002144 36 0.000261 9 0.997595
barc_straps
0  -7.680396 3.054052 61.564701  -0.063237 -0.565282 -0.822470  0.174215 0.827983 3 4 0.002852 36 0.000162 9 0.996986
0  -6.966998 2.956927 61.482632  -0.285168 -0.489657 -0.823963  0.163254 0.825454 3 4 0.004448 36 0.000095 9 0.995457
0  -7.088744 2.391299 61.754818  -0.262295 -0.261767 -0.928805  0.166303 0.815883 3 4 0.003841 36 0.000134 9 0.996025
barc_straps
0  -7.088744 2.391299 61.754818  -0.262295 -0.261767 -0.928805  0.166303 0.815883 3 4 0.003841 36 0.000134 9 0.996025
0  -7.264710 1.694765 61.929607  -0.199204 -0.014646 -0.979849  0.169443 0.804635 3 4 0.003724 36 0.000109 9 0.996167
0  -7.879172 2.420865 61.838955  -0.076280 -0.294643 -0.952558  0.178652 0.816994 3 4 0.002456 36 0.000187 9 0.997357
barc_straps
0  -8.219755 2.182667 61.933475  -0.007047 -0.288067 -0.957584  0.184509 0.812920 3 4 0.002151 36 0.000232 9 0.997617
0  -8.404733 2.247257 61.905521  0.021311 -0.344216 -0.938649  0.187539 0.814335 3 4 0.002073 36 0.000271 9 0.997656
0  -8.406460 2.734363 61.698536  0.012769 -0.387843 -0.921637  0.186757 0.823791 3 4 0.002104 36 0.000261 9 0.997635
barc_straps
0  -7.879172 2.420865 61.838955  -0.076280 -0.294643 -0.952558  0.178652 0.816994 3 4 0.002456 36 0.000187 9 0.997357
0  -7.264710 1.694765 61.929607  -0.199204 -0.014646 -0.979849  0.169443 0.804635 3 4 0.003724 36 0.000109 9 0.996167
0  -8.118815 1.714458 62.009018  -0.082739 -0.021472 -0.996340  0.183029 0.804639 3 4 0.002500 36 0.000228 9 0.997272
barc_straps
0  -8.219755 2.182667 61.933475  -0.007047 -0.288067 -0.957584  0.184509 0.812920 3 4 0.002151 36 0.000232 9 0.997617
0  -8.118815 1.714458 62.009018  -0.082739 -0.021472 -0.996340  0.183029 0.804639 3 4 0.002500 36 0.000228 9 0.997272
0  -8.406563 1.719175 61.995144  0.051249 -0.028027 -0.998293  0.187915 0.804634 3 4 0.002620 36 0.000295 9 0.997085
barc_straps
0  -8.253505 1.235330 61.957188  -0.003913 0.220311 -0.975422  0.184726 0.796100 3 4 0.002848 36 0.000266 9 0.996886
0  -7.927723 0.966756 61.873310  -0.057305 0.233552 -0.970654  0.178886 0.791763 3 4 0.004624 36 0.000194 9 0.995182
0  -8.457416 0.535608 61.715443  0.017064 0.323888 -0.945942  0.186643 0.782495 3 4 0.003716 36 0.000342 9 0.995942
barc_straps
0  -8.253505 1.235330 61.957188  -0.003913 0.220311 -0.975422  0.184726 0.796100 3 4 0.002848 36 0.000266 9 0.996886
0  -8.426846 1.178048 61.935276  0.033373 0.267050 -0.963105  0.187541 0.794744 3 4 0.003270 36 0.000323 9 0.996407
0  -8.413558 1.334863 61.956951  0.068437 0.107796 -0.991815  0.187573 0.797633 3 4 0.002278 36 0.000283 9 0.997439
barc_straps
0  -8.118815 1.714458 62.009018  -0.082739 -0.021472 -0.996340  0.183029 0.804639 3 4 0.002500 36 0.000228 9 0.997272
0  -7.264710 1.694765 61.929607  -0.199204 -0.014646 -0.979849  0.169443 0.804635 3 4 0.003724 36 0.000109 9 0.996167
0  -7.927723 0.966756 61.873310  -0.057305 0.233552 -0.970654  0.178886 0.791763 3 4 0.004624 36 0.000194 9 0.995182
barc_straps
0  -8.460035 4.005746 59.812641  0.064983 -0.976338 -0.206257  0.177938 0.864730 3 4 0.004428 36 0.000275 9 0.995297
0  -8.467938 4.019362 59.732147  0.047344 -0.981144 -0.187391  0.177635 0.866116 3 4 0.005539 36 0.000266 9 0.994195
0  -7.735525 4.068696 59.658829  0.004682 -0.978261 -0.207324  0.165191 0.863576 3 4 0.007960 36 0.000158 9 0.991882
barc_straps
0  -8.467938 4.019362 59.732147  0.047344 -0.981144 -0.187391  0.177635 0.866116 3 4 0.005539 36 0.000266 9 0.994195
0  -8.493578 4.134598 59.125614  0.047833 -0.980929 -0.188388  0.174594 0.876506 1 9 1.000000
0  -8.445082 4.189554 58.851772  0.030829 -0.984178 -0.174478  0.172222 0.880870 3 4 0.008500 36 0.000234 9 0.991266
barc_straps
0  -7.639305 4.514174 58.770962  -0.131417 0.138215 -0.981645  0.143029 0.703890 3 4 0.011333 36 0.000118 9 0.988549
0  -7.643332 4.221628 58.731209  -0.108775 0.138193 -0.984414  0.149085 0.704759 3 4 0.011333 36 0.000118 9 0.988549
0  -8.445082 4.189554 58.851772  -0.154428 0.139975 -0.978039  0.147370 0.720660 3 4 0.008500 36 0.000234 9 0.991266
barc_straps
0  -6.831910 4.502742 58.699821  -0.038164 0.139515 -0.989484  0.145503 0.688106 3 4 0.011489 36 0.000077 9 0.988434
0  -6.844646 4.210709 58.658165  0.016140 0.146119 -0.989135  0.151532 0.689140 3 4 0.011489 36 0.000077 9 0.988434
0  -7.643332 4.221628 58.731209  -0.108775 0.138193 -0.984414  0.149085 0.704759 3 4 0.011333 36 0.000118 9 0.988549
barc_straps
0  -5.764479 -1.243462 59.143719  0.549019 -0.104609 -0.829238  0.267279 0.669392 4 4 0.054464 36 0.000019 3 0.002408 9 0.943109
0  -5.788680 -0.955648 59.085529  0.484128 -0.142770 -0.863271  0.261237 0.670203 4 4 0.054464 36 0.000019 3 0.002408 9 0.943109
0  -5.446253 -0.829639 59.354408  0.648489 -0.055036 -0.759232  0.259027 0.661509 4 4 0.046468 36 0.000008 3 0.004198 9 0.949326
barc_straps
0  -5.381087 -1.106813 59.423183  0.678219 -0.020931 -0.734562  0.264859 0.659925 4 4 0.046468 36 0.000008 3 0.004198 9 0.949326
0  -5.446253 -0.829639 59.354408  0.648489 -0.055036 -0.759232  0.259027 0.661509 4 4 0.046468 36 0.000008 3 0.004198 9 0.949326
0  -5.207732 -0.639339 59.601753  0.723474 0.009516 -0.690286  0.255416 0.654552 4 4 0.034914 36 0.000009 3 0.003915 9 0.961162
barc_straps
0  -8.631806 -1.280156 59.073429  -0.158155 -0.192296 -0.968509  0.271267 0.727020 3 4 0.030870 36 0.000651 9 0.968479
0  -8.620789 -0.991616 59.012733  -0.156533 -0.197584 -0.967708  0.265162 0.727164 3 4 0.030870 36 0.000651 9 0.968479
0  -7.735690 -1.039244 58.879292  -0.131849 -0.191534 -0.972590  0.264580 0.709504 3 4 0.049707 36 0.000342 9 0.949951
barc_straps
0  -7.741508 -1.328823 58.936031  -0.105552 -0.189963 -0.976101  0.270684 0.709246 3 4 0.049707 36 0.000342 9 0.949951
0  -7.735690 -1.039244 58.879292  -0.131849 -0.191534 -0.972590  0.264580 0.709504 3 4 0.049707 36 0.000342 9 0.949951
0  -6.858669 -1.054875 58.812435  -0.023630 -0.192586 -0.980995  0.263603 0.692192 3 4 0.062474 36 0.000143 9 0.937383
barc_straps
0  -6.228572 -1.319287 58.948959  0.306468 -0.177398 -0.935204  0.268717 0.679332 4 4 0.061393 36 0.000061 3 0.000211 9 0.938335
0  -6.233472 -1.030317 58.889988  0.211761 -0.190244 -0.958626  0.262629 0.679803 4 4 0.061393 36 0.000061 3 0.000211 9 0.938335
0  -5.788680 -0.955648 59.085529  0.484128 -0.142770 -0.863271  0.261237 0.670203 4 4 0.054464 36 0.000019 3 0.002408 9 0.943109
barc_straps
0  -6.859017 -1.344379 58.869537  0.044632 -0.194602 -0.979866  0.269700 0.691828 3 4 0.062474 36 0.000143 9 0.937383
0  -6.858669 -1.054875 58.812435  -0.023630 -0.192586 -0.980995  0.263603 0.692192 3 4 0.062474 36 0.000143 9 0.937383
0  -6.233472 -1.030317 58.889988  0.211761 -0.190244 -0.958626  0.262629 0.679803 4 4 0.061393 36 0.000061 3 0.000211 9 0.938335
barc_straps
0  -4.615272 1.563794 60.299320  0.706265 -0.047681 -0.706340  0.210637 0.634219 4 4 0.023878 36 0.000001 3 0.009371 9 0.966750
0  -4.811001 1.558067 60.106136  0.709034 -0.037178 -0.704194  0.210487 0.639638 4 4 0.023878 36 0.000001 3 0.009371 9 0.966750
0  -4.830081 2.384471 60.016373  0.710118 -0.064579 -0.701114  0.193265 0.640295 4 4 0.018333 36 0.000001 3 0.008466 9 0.973200
barc_straps
0  -4.767838 0.032966 60.169220  0.739866 0.021521 -0.672410  0.242154 0.639745 4 4 0.031007 36 0.000001 3 0.007537 9 0.961455
0  -4.940596 0.136409 59.978649  0.764894 0.038506 -0.643004  0.239757 0.644701 4 4 0.031007 36 0.000001 3 0.007537 9 0.961455
0  -4.854043 0.780611 60.084011  0.730047 -0.002857 -0.683391  0.226548 0.641350 4 4 0.022039 36 0.000003 3 0.006054 9 0.971904
barc_straps
0  -4.638332 2.434922 60.208206  0.714819 -0.070202 -0.695777  0.192489 0.634904 4 4 0.018333 36 0.000001 3 0.008466 9 0.973200
0  -4.830081 2.384471 60.016373  0.710118 -0.064579 -0.701114  0.193265 0.640295 4 4 0.018333 36 0.000001 3 0.008466 9 0.973200
0  -4.907224 3.101702 59.854328  0.718721 -0.093666 -0.688960  0.178197 0.642884 4 4 0.015193 36 0.000001 3 0.006866 9 0.977940
barc_straps
0  -5.061537 4.102971 59.508041  0.728365 -0.081153 -0.680367  0.156945 0.648836 4 4 0.012963 36 0.000007 3 0.002857 9 0.984173
0  -5.183522 3.856006 59.416061  0.732664 -0.109696 -0.671692  0.161930 0.652070 4 4 0.012963 36 0.000007 3 0.002857 9 0.984173
0  -5.416673 4.022670 59.140743  0.687257 -0.031240 -0.725742  0.158086 0.658979 4 4 0.017566 36 0.000006 3 0.002371 9 0.980057
barc_straps
0  -4.723073 3.212330 60.031578  0.725857 -0.102558 -0.680157  0.176155 0.637739 4 4 0.015193 36 0.000001 3 0.006866 9 0.977940
0  -4.907224 3.101702 59.854328  0.718721 -0.093666 -0.688960  0.178197 0.642884 4 4 0.015193 36 0.000001 3 0.006866 9 0.977940
0  -5.019936 3.577670 59.641754  0.733688 -0.116594 -0.669409  0.168021 0.646932 4 4 0.014626 36 0.000002 3 0.005560 9 0.979812
barc_straps
0  -5.357612 4.306476 59.193031  0.646012 0.023745 -0.762958  0.152287 0.657125 4 4 0.017566 36 0.000006 3 0.002371 9 0.980057
0  -5.416673 4.022670 59.140743  0.687257 -0.031240 -0.725742  0.158086 0.658979 4 4 0.017566 36 0.000006 3 0.002371 9 0.980057
0  -5.768051 4.123266 58.870422  0.519848 0.077005 -0.850781  0.155550 0.667597 4 4 0.014894 36 0.000017 3 0.000669 9 0.984420
barc_straps
0  -4.666318 0.741665 60.281483  0.716324 -0.014940 -0.697608  0.227625 0.636027 4 4 0.022039 36 0.000003 3 0.006054 9 0.971904
0  -4.854043 0.780611 60.084011  0.730047 -0.002857 -0.683391  0.226548 0.641350 4 4 0.022039 36 0.000003 3 0.006054 9 0.971904
0  -4.811001 1.558067 60.106136  0.709034 -0.037178 -0.704194  0.210487 0.639638 4 4 0.023878 36 0.000001 3 0.009371 9 0.966750
barc_straps
0  -4.857083 3.753300 59.792866  0.736578 -0.111555 -0.667089  0.164602 0.642377 4 4 0.014626 36 0.000002 3 0.005560 9 0.979812
0  -5.019936 3.577670 59.641754  0.733688 -0.116594 -0.669409  0.168021 0.646932 4 4 0.014626 36 0.000002 3 0.005560 9 0.979812
0  -5.183522 3.856006 59.416061  0.732664 -0.109696 -0.671692  0.161930 0.652070 4 4 0.012963 36 0.000007 3 0.002857 9 0.984173
barc_straps
0  -5.743513 4.413597 58.917442  0.432836 0.112170 -0.894467  0.149570 0.666340 4 4 0.014894 36 0.000017 3 0.000669 9 0.984420
0  -5.768051 4.123266 58.870422  0.519848 0.077005 -0.850781  0.155550 0.667597 4 4 0.014894 36 0.000017 3 0.000669 9 0.984420
0  -6.230953 4.183134 58.703526  0.246923 0.140703 -0.958766  0.153537 0.677165 3 4 0.017147 36 0.000028 9 0.982825
barc_straps
0  -6.217457 4.474118 58.750847  0.161407 0.144345 -0.976275  0.147517 0.676107 3 4 0.017147 36 0.000028 9 0.982825
0  -6.230953 4.183134 58.703526  0.246923 0.140703 -0.958766  0.153537 0.677165 3 4 0.017147 36 0.000028 9 0.982825
0  -6.844646 4.210709 58.658165  0.016140 0.146119 -0.989135  0.151532 0.689140 3 4 0.011489 36 0.000077 9 0.988434
barc_straps
0  -4.896219 -0.497862 59.977085  0.779025 0.044660 -0.625401  0.252940 0.644805 4 4 0.035168 36 0.000002 3 0.006416 9 0.958414
0  -5.042069 -0.339450 59.797104  0.777565 0.036153 -0.627763  0.249445 0.649212 4 4 0.035168 36 0.000002 3 0.006416 9 0.958414
0  -4.940596 0.136409 59.978649  0.764894 0.038506 -0.643004  0.239757 0.644701 4 4 0.031007 36 0.000001 3 0.007537 9 0.961455
barc_straps
0  -5.088342 -0.871047 59.722572  0.747972 0.016020 -0.663537  0.260379 0.651443 4 4 0.034914 36 0.000009 3 0.003915 9 0.961162
0  -5.207732 -0.639339 59.601753  0.723474 0.009516 -0.690286  0.255416 0.654552 4 4 0.034914 36 0.000009 3 0.003915 9 0.961162
0  -5.042069 -0.339450 59.797104  0.777565 0.036153 -0.627763  0.249445 0.649212 4 4 0.035168 36 0.000002 3 0.006416 9 0.958414
barc_straps
0  -8.480150 0.024592 61.741158  -0.996709 0.079230 -0.017160  0.048446 0.381850 3 4 0.004769 36 0.000362 9 0.994869
0  -8.460033 0.222242 61.536823  -0.997423 0.068921 -0.019923  0.054558 0.387711 3 4 0.004165 36 0.000351 9 0.995484
0  -8.477790 -0.026844 61.322021  -0.996106 0.087974 -0.005745  0.047009 0.394011 3 4 0.006215 36 0.000410 9 0.993375
barc_straps
0  -8.587046 -1.058775 59.937511  -0.997608 0.056361 0.040034  0.015754 0.434427 3 4 0.017670 36 0.000592 9 0.981738
0  -8.571054 -0.771306 59.873390  -0.996800 0.067105 0.043426  0.024545 0.436216 3 4 0.016361 36 0.000579 9 0.983060
0  -8.620789 -0.991616 59.012733  -0.997659 0.055136 0.040459  0.017952 0.461228 3 4 0.030870 36 0.000651 9 0.968479
barc_straps
0  -8.446000 4.094503 60.561321  -0.997792 -0.065393 0.011572  0.173164 0.414390 3 4 0.003608 36 0.000279 9 0.996113
0  -8.429790 3.817676 60.467030  -0.997751 -0.064949 0.016540  0.164755 0.417257 3 4 0.003067 36 0.000275 9 0.996658
0  -8.417476 3.681767 60.743793  -0.998067 -0.062102 -0.002586  0.160470 0.409304 3 4 0.003608 36 0.000279 9 0.996113
barc_straps
0  -8.426420 3.810647 61.119305  -0.999246 -0.038807 0.001264  0.164238 0.398360 3 4 0.002377 36 0.000260 9 0.997363
0  -8.417977 3.564635 60.967663  -0.999123 -0.041772 -0.002937  0.156803 0.402871 3 4 0.002377 36 0.000260 9 0.997363
0  -8.404283 3.216261 61.379417  -0.999446 -0.032291 -0.008068  0.145988 0.391108 3 4 0.002757 36 0.000267 9 0.996976
barc_straps
0  -8.418645 1.727281 62.269791  -0.998617 0.020660 -0.048340  0.100220 0.365941 3 4 0.002278 36 0.000283 9 0.997439
0  -8.406563 1.719175 61.995144  -0.998724 0.015073 -0.048197  0.100083 0.373909 3 4 0.002620 36 0.000295 9 0.997085
0  -8.413558 1.334863 61.956951  -0.997998 0.038861 -0.049893  0.088379 0.375167 3 4 0.002278 36 0.000283 9 0.997439
barc_straps
0  -8.477461 4.310622 59.777695  -0.998340 -0.040927 0.040528  0.180158 0.436993 3 4 0.005539 36 0.000266 9 0.994195
0  -8.467938 4.019362 59.732147  -0.998521 -0.038852 0.038023  0.171298 0.438466 3 4 0.005539 36 0.000266 9 0.994195
0  -8.460035 4.005746 59.812641  -0.997557 -0.052974 0.045539  0.170834 0.436132 3 4 0.004428 36 0.000275 9 0.995297
barc_straps
0  -8.408885 2.854124 61.949669  -0.999919 -0.004924 -0.011776  0.134706 0.374739 3 4 0.002072 36 0.000260 9 0.997668
0  -8.406460 2.734363 61.698536  -0.999979 -0.005916 -0.002527  0.131161 0.382069 3 4 0.002104 36 0.000261 9 0.997635
0  -8.404733 2.247257 61.905521  -0.999871 -0.011062 -0.011685  0.116224 0.376288 3 4 0.002073 36 0.000271 9 0.997656
barc_straps
0  -8.458180 4.189494 60.251987  -0.997629 -0.066307 0.018438  0.176219 0.423307 3 4 0.005177 36 0.000263 9 0.994560
0  -8.440339 3.905371 60.179119  -0.997674 -0.063007 0.026033  0.167575 0.425557 3 4 0.005177 36 0.000263 9 0.994560
0  -8.429790 3.817676 60.467030  -0.997751 -0.064949 0.016540  0.164755 0.417257 3 4 0.003067 36 0.000275 9 0.996658
barc_straps
0  -8.503815 -0.326186 61.394325  -0.997514 0.069613 0.010956  0.037829 0.392006 3 4 0.006215 36 0.000410 9 0.993375
0  -8.489131 -0.076809 61.246262  -0.997101 0.074259 0.016610  0.045482 0.396228 3 4 0.005681 36 0.000396 9 0.993923
0  -8.511022 -0.347982 60.842617  -0.997481 0.070396 0.008742  0.037296 0.407998 3 4 0.008322 36 0.000490 9 0.991188
barc_straps
0  -8.435663 1.094647 62.199257  -0.998962 0.043224 -0.014385  0.080952 0.368219 3 4 0.003270 36 0.000323 9 0.996407
0  -8.426846 1.178048 61.935276  -0.998089 0.056374 -0.025318  0.083589 0.375841 3 4 0.003270 36 0.000323 9 0.996407
0  -8.442791 0.846852 61.819847  -0.998823 0.047534 -0.009608  0.073518 0.379297 3 4 0.002757 36 0.000303 9 0.996940
barc_straps
0  -8.435395 3.948647 60.859867  -0.998468 -0.055180 -0.004183  0.168569 0.405811 3 4 0.003067 36 0.000275 9 0.996658
0  -8.417476 3.681767 60.743793  -0.998067 -0.062102 -0.002586  0.160470 0.409304 3 4 0.003608 36 0.000279 9 0.996113
0  -8.417977 3.564635 60.967663  -0.999123 -0.041772 -0.002937  0.156803 0.402871 3 4 0.002377 36 0.000260 9 0.997363
barc_straps
0  -8.543984 -0.774750 60.736019  -0.996281 0.085298 0.012204  0.024278 0.411205 3 4 0.010303 36 0.000513 9 0.989184
0  -8.523509 -0.510974 60.612171  -0.996879 0.078588 0.007553  0.032374 0.414720 3 4 0.013064 36 0.000530 9 0.986406
0  -8.534967 -0.605419 60.365147  -0.995405 0.092808 0.023581  0.029542 0.421905 3 4 0.010303 36 0.000513 9 0.989184
barc_straps
0  -8.528291 -0.596350 60.991901  -0.997115 0.075567 0.007152  0.029668 0.403742 3 4 0.008322 36 0.000490 9 0.991188
0  -8.511022 -0.347982 60.842617  -0.997481 0.070396 0.008742  0.037296 0.407998 3 4 0.008322 36 0.000490 9 0.991188
0  -8.523509 -0.510974 60.612171  -0.996879 0.078588 0.007553  0.032374 0.414720 3 4 0.013064 36 0.000530 9 0.986406
barc_straps
0  -8.409990 2.348938 62.163445  -0.999649 -0.010265 -0.024403  0.119215 0.368769 3 4 0.002073 36 0.000271 9 0.997656
0  -8.404733 2.247257 61.905521  -0.999871 -0.011062 -0.011685  0.116224 0.376288 3 4 0.002073 36 0.000271 9 0.997656
0  -8.398085 2.085603 61.938343  -0.999051 -0.002499 -0.043495  0.111278 0.375411 3 4 0.002010 36 0.000264 9 0.997726
barc_straps
0  -8.414549 3.451297 61.545296  -0.999603 -0.026173 -0.010452  0.153084 0.386191 3 4 0.002757 36 0.000267 9 0.996976
0  -8.404283 3.216261 61.379417  -0.999446 -0.032291 -0.008068  0.145988 0.391108 3 4 0.002757 36 0.000267 9 0.996976
0  -8.411902 3.110720 61.509628  -0.999861 -0.002822 -0.016422  0.142716 0.387376 3 4 0.002242 36 0.000260 9 0.997498
barc_straps
0  -8.429813 1.299179 62.229614  -0.998046 0.042869 -0.045451  0.087180 0.367268 3 4 0.002620 36 0.000295 9 0.997085
0  -8.413558 1.334863 61.956951  -0.997998 0.038861 -0.049893  0.088379 0.375167 3 4 0.002278 36 0.000283 9 0.997439
0  -8.426846 1.178048 61.935276  -0.998089 0.056374 -0.025318  0.083589 0.375841 3 4 0.003270 36 0.000323 9 0.996407
barc_straps
0  -8.502903 4.425484 59.173161  -0.999535 -0.029950 -0.005727  0.182653 0.452488 1 9 1.000000
0  -8.493578 4.134598 59.125614  -0.997375 -0.017497 -0.070262  0.175803 0.453936 1 9 1.000000
0  -8.467938 4.019362 59.732147  -0.998521 -0.038852 0.038023  0.171298 0.438466 3 4 0.005539 36 0.000266 9 0.994195
barc_straps
0  -8.450106 4.481290 58.895641  -0.983652 0.003917 -0.180035  0.185537 0.459808 3 4 0.008500 36 0.000234 9 0.991266
0  -8.445082 4.189554 58.851772  -0.984947 0.008994 -0.172625  0.176357 0.461228 3 4 0.008500 36 0.000234 9 0.991266
0  -8.493578 4.134598 59.125614  -0.997375 -0.017497 -0.070262  0.175803 0.453936 1 9 1.000000
barc_straps
0  -8.582023 -1.034499 60.035149  -0.996372 0.077298 0.035621  0.016479 0.431590 3 4 0.016870 36 0.000441 9 0.982689
0  -8.561695 -0.749444 59.963146  -0.995555 0.087815 0.034039  0.025208 0.433600 3 4 0.017670 36 0.000592 9 0.981738
0  -8.571054 -0.771306 59.873390  -0.996800 0.067105 0.043426  0.024545 0.436216 3 4 0.016361 36 0.000579 9 0.983060
barc_straps
0  -8.460603 0.430255 61.972713  -0.999403 0.034296 -0.004126  0.060757 0.375010 3 4 0.003716 36 0.000342 9 0.995942
0  -8.457416 0.535608 61.715443  -0.999361 0.035672 -0.002156  0.064053 0.382428 3 4 0.003716 36 0.000342 9 0.995942
0  -8.459671 0.358142 61.656025  -0.999498 0.028130 -0.014607  0.058662 0.384210 3 4 0.004769 36 0.000362 9 0.994869
barc_straps
0  -8.407973 3.245823 61.784256  -0.999813 -0.002896 0.019132  0.146717 0.379357 3 4 0.002144 36 0.000261 9 0.997595
0  -8.412796 3.066456 61.566086  -0.999804 -0.003443 0.019493  0.141342 0.385760 3 4 0.002144 36 0.000261 9 0.997595
0  -8.410131 2.981831 61.596188  -0.999864 -0.007269 0.014835  0.138749 0.384924 3 4 0.002072 36 0.000260 9 0.997668
barc_straps
0  -8.448862 0.745583 62.078480  -0.999129 0.041587 -0.003514  0.070342 0.371838 3 4 0.002757 36 0.000303 9 0.996940
0  -8.442791 0.846852 61.819847  -0.998823 0.047534 -0.009608  0.073518 0.379297 3 4 0.002757 36 0.000303 9 0.996940
0  -8.457416 0.535608 61.715443  -0.999361 0.035672 -0.002156  0.064053 0.382428 3 4 0.003716 36 0.000342 9 0.995942
barc_straps
0  -8.469193 0.207341 61.892902  -0.998518 0.050888 -0.019271  0.053982 0.377397 3 4 0.004165 36 0.000351 9 0.995484
0  -8.459671 0.358142 61.656025  -0.999498 0.028130 -0.014607  0.058662 0.384210 3 4 0.004769 36 0.000362 9 0.994869
0  -8.460033 0.222242 61.536823  -0.997423 0.068921 -0.019923  0.054558 0.387711 3 4 0.004165 36 0.000351 9 0.995484
barc_straps
0  -8.497683 -0.257004 61.494476  -0.996606 0.082262 0.003022  0.039919 0.389085 3 4 0.005973 36 0.000330 9 0.993697
0  -8.477790 -0.026844 61.322021  -0.996106 0.087974 -0.005745  0.047009 0.394011 3 4 0.006215 36 0.000410 9 0.993375
0  -8.489131 -0.076809 61.246262  -0.997101 0.074259 0.016610  0.045482 0.396228 3 4 0.005681 36 0.000396 9 0.993923
barc_straps
0  -8.559187 -0.883059 60.458237  -0.995700 0.088977 0.025776  0.021024 0.419286 3 4 0.013064 36 0.000530 9 0.986406
0  -8.534967 -0.605419 60.365147  -0.995405 0.092808 0.023581  0.029542 0.421905 3 4 0.010303 36 0.000513 9 0.989184
0  -8.561695 -0.749444 59.963146  -0.995555 0.087815 0.034039  0.025208 0.433600 3 4 0.017670 36 0.000592 9 0.981738
barc_straps
0  -8.408213 3.105833 61.845543  -0.999992 -0.003050 0.002432  0.142424 0.377644 3 4 0.002104 36 0.000261 9 0.997635
0  -8.410131 2.981831 61.596188  -0.999864 -0.007269 0.014835  0.138749 0.384924 3 4 0.002072 36 0.000260 9 0.997668
0  -8.406460 2.734363 61.698536  -0.999979 -0.005916 -0.002527  0.131161 0.382069 3 4 0.002104 36 0.000261 9 0.997635
barc_straps
0  -8.473766 4.295452 59.864799  -0.997717 -0.060333 0.030354  0.179650 0.434475 3 4 0.004428 36 0.000275 9 0.995297
0  -8.460035 4.005746 59.812641  -0.997557 -0.052974 0.045539  0.170834 0.436132 3 4 0.004428 36 0.000275 9 0.995297
0  -8.440339 3.905371 60.179119  -0.997674 -0.063007 0.026033  0.167575 0.425557 3 4 0.005177 36 0.000263 9 0.994560
barc_straps
0  -8.410551 3.337569 61.685509  -0.999859 -0.003319 0.016443  0.149556 0.382178 3 4 0.002242 36 0.000260 9 0.997498
0  -8.411902 3.110720 61.509628  -0.999861 -0.002822 -0.016422  0.142716 0.387376 3 4 0.002242 36 0.000260 9 0.997498
0  -8.412796 3.066456 61.566086  -0.999804 -0.003443 0.019493  0.141342 0.385760 3 4 0.002144 36 0.000261 9 0.997595
barc_straps
0  -8.412516 2.138117 62.208462  -0.998682 0.008781 -0.050576  0.112770 0.367552 3 4 0.002010 36 0.000264 9 0.997726
0  -8.398085 2.085603 61.938343  -0.999051 -0.002499 -0.043495  0.111278 0.375411 3 4 0.002010 36 0.000264 9 0.997726
0  -8.406563 1.719175 61.995144  -0.998724 0.015073 -0.048197  0.100083 0.373909 3 4 0.002620 36 0.000295 9 0.997085
barc_straps
0  -5.676468 -3.404525 59.175575  -0.591525 -0.718194 0.366463  0.072118 0.168341 2 4 0.957023 3 0.042977
0  -6.010654 -3.246067 58.794640  -0.683770 -0.679733 0.265371  0.051881 0.158482 3 4 0.802647 2 0.000514 3 0.196839
0  -5.964368 -3.505540 58.260750  -0.665491 -0.672835 0.323132  0.051155 0.133135 3 4 0.906083 2 0.000059 3 0.093858
barc_straps
0  -6.010654 -3.246067 58.794640  -0.683770 -0.679733 0.265371  0.051881 0.158482 3 4 0.802647 2 0.000514 3 0.196839
0  -6.462151 -2.730356 58.963730  -0.674413 -0.681357 0.284465  0.028029 0.176767 2 4 0.794417 3 0.205583
0  -6.731477 -2.807250 57.987183  -0.695316 -0.658175 0.288688  0.005867 0.139551 2 4 0.921756 3 0.078244
barc_straps
0  -6.462151 -2.730356 58.963730  -0.674413 -0.681357 0.284465  0.028029 0.176767 2 4 0.794417 3 0.205583
0  -6.010654 -3.246067 58.794640  -0.683770 -0.679733 0.265371  0.051881 0.158482 3 4 0.802647 2 0.000514 3 0.196839
0  -5.676468 -3.404525 59.175575  -0.591525 -0.718194 0.366463  0.072118 0.168341 2 4 0.957023 3 0.042977
barc_straps
0  -5.964368 -3.505540 58.260750  -0.665491 -0.672835 0.323132  0.051155 0.133135 3 4 0.906083 2 0.000059 3 0.093858
0  -6.007684 -3.691354 57.804714  -0.684856 -0.634195 0.358845  0.047088 0.112442 3 2 0.001690 4 0.632335 3 0.365975
0  -5.729510 -4.111472 57.608158  -0.647006 -0.654116 0.391811  0.062895 0.095635 4 2 0.001198 4 0.667086 3 0.329914 8 0.001801
barc_straps
0  -6.007684 -3.691354 57.804714  -0.684856 -0.634195 0.358845  0.047088 0.112442 3 2 0.001690 4 0.632335 3 0.365975
0  -6.457690 -3.398287 57.478851  -0.686573 -0.633400 0.356962  0.020739 0.107623 3 2 0.002231 4 0.416438 3 0.581331
0  -6.174967 -3.992444 56.998268  -0.685231 -0.621551 0.379648  0.036405 0.076592 4 2 0.000533 3 0.459881 4 0.536322 8 0.003264
barc_straps
0  -6.457690 -3.398287 57.478851  -0.686573 -0.633400 0.356962  0.020739 0.107623 3 2 0.002231 4 0.416438 3 0.581331
0  -6.007684 -3.691354 57.804714  -0.684856 -0.634195 0.358845  0.047088 0.112442 3 2 0.001690 4 0.632335 3 0.365975
0  -5.964368 -3.505540 58.260750  -0.665491 -0.672835 0.323132  0.051155 0.133135 3 4 0.906083 2 0.000059 3 0.093858
barc_straps
0  -5.618796 -4.487719 57.200951  -0.654746 -0.646154 0.392165  0.069023 0.072324 3 2 0.002459 4 0.518831 3 0.478710
0  -5.729510 -4.111472 57.608158  -0.647006 -0.654116 0.391811  0.062895 0.095635 4 2 0.001198 4 0.667086 3 0.329914 8 0.001801
0  -6.174967 -3.992444 56.998268  -0.685231 -0.621551 0.379648  0.036405 0.076592 4 2 0.000533 3 0.459881 4 0.536322 8 0.003264
barc_straps
0  -5.729510 -4.111472 57.608158  -0.647006 -0.654116 0.391811  0.062895 0.095635 4 2 0.001198 4 0.667086 3 0.329914 8 0.001801
0  -5.618796 -4.487719 57.200951  -0.654746 -0.646154 0.392165  0.069023 0.072324 3 2 0.002459 4 0.518831 3 0.478710
0  -5.232817 -4.806221 57.230396  -0.548453 -0.721422 0.422788  0.089416 0.065918 3 2 0.001943 4 0.576768 3 0.421289
barc_straps
0  -5.232817 -4.806221 57.230396  -0.548453 -0.721422 0.422788  0.089416 0.065918 3 2 0.001943 4 0.576768 3 0.421289
0  -5.618796 -4.487719 57.200951  -0.654746 -0.646154 0.392165  0.069023 0.072324 3 2 0.002459 4 0.518831 3 0.478710
0  -5.874362 -4.592835 56.573204  -0.655002 -0.638119 0.404693  0.053707 0.047425 3 2 0.004416 3 0.662097 4 0.333487
barc_straps
0  -5.232817 -4.806221 57.230396  -0.548453 -0.721422 0.422788  0.089416 0.065918 3 2 0.001943 4 0.576768 3 0.421289
0  -4.639991 -5.263330 57.088310  -0.467754 -0.775580 0.423890  0.117732 0.050062 3 2 0.000664 4 0.782934 3 0.216402
0  -4.184929 -5.289265 57.528839  -0.424832 -0.791477 0.439411  0.140072 0.065036 3 4 0.603062 2 0.001796 3 0.395142
barc_straps
0  -4.184929 -5.289265 57.528839  -0.424832 -0.791477 0.439411  0.140072 0.065036 3 4 0.603062 2 0.001796 3 0.395142
0  -4.639991 -5.263330 57.088310  -0.467754 -0.775580 0.423890  0.117732 0.050062 3 2 0.000664 4 0.782934 3 0.216402
0  -4.406155 -5.756252 56.404251  -0.432247 -0.800720 0.414740  0.127226 0.014022 3 2 0.004484 3 0.653391 4 0.342125
barc_straps
0  -4.639991 -5.263330 57.088310  -0.467754 -0.775580 0.423890  0.117732 0.050062 3 2 0.000664 4 0.782934 3 0.216402
0  -5.232817 -4.806221 57.230396  -0.548453 -0.721422 0.422788  0.089416 0.065918 3 2 0.001943 4 0.576768 3 0.421289
0  -5.564819 -5.196350 56.175880  -0.523556 -0.737339 0.426873  0.071718 0.019161 3 2 0.005940 3 0.745268 4 0.248792
barc_straps
0  -5.338292 -2.551932 60.773220  -0.356654 -0.698785 0.620079  0.089972 0.244146 2 4 0.999316 3 0.000684
0  -5.617396 -2.607872 60.498440  -0.507062 -0.699800 0.503158  0.077134 0.233475 2 4 0.992781 3 0.007219
0  -5.522164 -3.023679 60.021446  -0.486710 -0.724911 0.487461  0.081637 0.206851 2 4 0.997993 3 0.002007
barc_straps
0  -5.617396 -2.607872 60.498440  -0.507062 -0.699800 0.503158  0.077134 0.233475 2 4 0.992781 3 0.007219
0  -5.984238 -2.215659 60.679592  -0.476924 -0.694823 0.538298  0.059368 0.249736 2 4 0.987899 3 0.012101
0  -6.208008 -2.563234 59.880974  -0.595819 -0.696341 0.400136  0.046740 0.213498 2 4 0.998956 3 0.001044
barc_straps
0  -5.984238 -2.215659 60.679592  -0.476924 -0.694823 0.538298  0.059368 0.249736 2 4 0.987899 3 0.012101
0  -5.617396 -2.607872 60.498440  -0.507062 -0.699800 0.503158  0.077134 0.233475 2 4 0.992781 3 0.007219
0  -5.338292 -2.551932 60.773220  -0.356654 -0.698785 0.620079  0.089972 0.244146 2 4 0.999316 3 0.000684
barc_straps
0  -5.522164 -3.023679 60.021446  -0.486710 -0.724911 0.487461  0.081637 0.206851 2 4 0.997993 3 0.002007
0  -4.922613 -3.755223 59.422195  -0.403575 -0.777367 0.482522  0.108728 0.168209 2 4 0.984624 3 0.015376
0  -4.792768 -3.257995 60.237431  -0.300689 -0.747388 0.592451  0.115120 0.208273 2 4 0.997598 3 0.002402
barc_straps
0  -3.992406 -4.198984 59.330002  -0.330427 -0.765219 0.552502  0.150003 0.153922 2 4 0.991691 3 0.008309
0  -3.908725 -3.675432 60.118061  -0.253404 -0.738405 0.624936  0.153927 0.193808 2 4 0.998668 3 0.001332
0  -4.922613 -3.755223 59.422195  -0.403575 -0.777367 0.482522  0.108728 0.168209 2 4 0.984624 3 0.015376
barc_straps
0  -2.874395 -4.620885 59.403187  -0.221845 -0.753501 0.618887  0.199798 0.145985 2 4 0.997393 3 0.002607
0  -3.841688 -4.858079 58.558563  -0.380874 -0.757982 0.529527  0.157224 0.111277 2 4 0.970171 3 0.029829
0  -2.654643 -5.281065 58.669750  -0.193746 -0.794788 0.575131  0.209892 0.104859 2 4 0.979722 3 0.020278
barc_straps
0  -2.654643 -5.281065 58.669750  -0.193746 -0.794788 0.575131  0.209892 0.104859 2 4 0.979722 3 0.020278
0  -3.841688 -4.858079 58.558563  -0.380874 -0.757982 0.529527  0.157224 0.111277 2 4 0.970171 3 0.029829
0  -3.069663 -5.755302 57.675632  -0.309600 -0.827597 0.468221  0.191168 0.059156 3 4 0.812299 2 0.000227 3 0.187474
barc_straps
0  -2.408044 -6.098356 57.407017  -0.237891 -0.858649 0.454014  0.219552 0.041449 2 4 0.695111 3 0.304889
0  -3.069663 -5.755302 57.675632  -0.309600 -0.827597 0.468221  0.191168 0.059156 3 4 0.812299 2 0.000227 3 0.187474
0  -3.268480 -6.220695 56.604385  -0.353885 -0.833811 0.423703  0.180224 0.010081 2 3 0.591534 4 0.408466
barc_straps
0  -3.069663 -5.755302 57.675632  -0.309600 -0.827597 0.468221  0.191168 0.059156 3 4 0.812299 2 0.000227 3 0.187474
0  -2.408044 -6.098356 57.407017  -0.237891 -0.858649 0.454014  0.219552 0.041449 2 4 0.695111 3 0.304889
0  -1.961275 -5.966156 57.770660  -0.126741 -0.836228 0.533534  0.239000 0.057233 2 4 0.832059 3 0.167941
barc_straps
0  -1.961275 -5.966156 57.770660  -0.126741 -0.836228 0.533534  0.239000 0.057233 2 4 0.832059 3 0.167941
0  -2.408044 -6.098356 57.407017  -0.237891 -0.858649 0.454014  0.219552 0.041449 2 4 0.695111 3 0.304889
0  -2.172790 -6.494226 56.748074  -0.209531 -0.862178 0.461244  0.228847 0.008563 2 3 0.559699 4 0.440301
barc_straps
0  -0.766819 -6.556367 57.069798  -0.097500 -0.792553 0.601958  0.289783 0.018325 3 2 0.000002 3 0.449129 4 0.550869
0  -0.656312 -6.514811 57.142410  -0.079933 -0.788571 0.609726  0.294514 0.021870 2 3 0.380958 4 0.619042
0  -0.708924 -6.445299 57.225410  -0.066603 -0.800662 0.595403  0.292253 0.026479 2 3 0.417185 4 0.582815
barc_straps
0  -0.708924 -6.445299 57.225410  -0.066603 -0.800662 0.595403  0.292253 0.026479 2 3 0.417185 4 0.582815
0  -0.656312 -6.514811 57.142410  -0.079933 -0.788571 0.609726  0.294514 0.021870 2 3 0.380958 4 0.619042
0  -0.489400 -6.455553 57.236633  -0.068116 -0.785847 0.614658  0.301638 0.026611 2 3 0.374417 4 0.625583
barc_straps
0  -1.961275 -5.966156 57.770660  -0.126741 -0.836228 0.533534  0.239000 0.057233 2 4 0.832059 3 0.167941
0  -1.460418 -5.787362 58.087193  -0.032760 -0.816793 0.576000  0.260270 0.072579 2 4 0.974412 3 0.025588
0  -1.493106 -5.455692 58.548096  -0.048730 -0.810253 0.584051  0.258832 0.096620 3 4 0.917973 2 0.000003 3 0.082024
barc_straps
0  -1.460418 -5.787362 58.087193  -0.032760 -0.816793 0.576000  0.260270 0.072579 2 4 0.974412 3 0.025588
0  -0.902279 -6.001302 57.808002  -0.046017 -0.810936 0.583323  0.283984 0.057679 2 4 0.975381 3 0.024619
0  -0.408288 -5.509725 58.506248  -0.024348 -0.807641 0.589172  0.304917 0.094123 3 4 0.847441 2 0.000002 3 0.152557
barc_straps
0  -0.902279 -6.001302 57.808002  -0.046017 -0.810936 0.583323  0.283984 0.057679 2 4 0.975381 3 0.024619
0  -1.460418 -5.787362 58.087193  -0.032760 -0.816793 0.576000  0.260270 0.072579 2 4 0.974412 3 0.025588
0  -1.961275 -5.966156 57.770660  -0.126741 -0.836228 0.533534  0.239000 0.057233 2 4 0.832059 3 0.167941
barc_straps
0  -1.673896 -4.215680 60.048916  -0.055592 -0.760099 0.647425  0.252495 0.178097 1 4 1.000000
0  -1.224035 -3.954619 60.369476  -0.031554 -0.747515 0.663495  0.268610 0.196834 1 4 1.000000
0  -1.632929 -3.713774 60.600166  -0.082827 -0.700849 0.708484  0.250842 0.210477 1 4 1.000000
barc_straps
0  -1.224035 -3.954619 60.369476  -0.031554 -0.747515 0.663495  0.268610 0.196834 1 4 1.000000
0  -0.375222 -3.901788 60.472527  -0.021830 -0.752001 0.658801  0.304653 0.202491 1 4 1.000000
0  -0.697312 -3.508858 60.892529  -0.056602 -0.710815 0.701098  0.290266 0.226693 1 4 1.000000
barc_straps
0  -1.224035 -3.954619 60.369476  -0.031554 -0.747515 0.663495  0.268610 0.196834 1 4 1.000000
0  -1.673896 -4.215680 60.048916  -0.055592 -0.760099 0.647425  0.252495 0.178097 1 4 1.000000
0  -0.381739 -4.223842 60.079906  -0.027457 -0.772525 0.634391  0.304849 0.180810 1 4 1.000000
barc_straps
0  -1.581003 -3.143627 61.120594  -0.099139 -0.658157 0.746325  0.251775 0.243319 1 4 1.000000
0  -1.167784 -3.169555 61.151608  -0.103251 -0.686337 0.719918  0.269455 0.244074 1 4 1.000000
0  -1.368103 -3.092563 61.191715  -0.104292 -0.633239 0.766898  0.260731 0.247322 1 4 1.000000
barc_straps
0  -1.167784 -3.169555 61.151608  -0.103251 -0.686337 0.719918  0.269455 0.244074 1 4 1.000000
0  -1.581003 -3.143627 61.120594  -0.099139 -0.658157 0.746325  0.251775 0.243319 1 4 1.000000
0  -0.697312 -3.508858 60.892529  -0.056602 -0.710815 0.701098  0.290266 0.226693 1 4 1.000000
barc_straps
0  -2.809126 -3.332624 60.771816  -0.163302 -0.655964 0.736915  0.200105 0.225273 1 4 1.000000
0  -3.908725 -3.675432 60.118061  -0.253404 -0.738405 0.624936  0.153927 0.193808 2 4 0.998668 3 0.001332
0  -2.796587 -4.035164 60.113110  -0.173547 -0.728769 0.662403  0.202261 0.184727 2 4 0.999890 3 0.000110
barc_straps
0  -3.813421 -2.997051 60.810143  -0.185344 -0.689579 0.700092  0.156379 0.234815 2 4 0.999804 3 0.000196
0  -3.720417 -2.394473 61.418846  -0.118286 -0.643327 0.756399  0.158694 0.271173 2 4 0.999994 3 0.000006
0  -4.651143 -2.658245 60.948215  -0.218676 -0.705391 0.674244  0.119975 0.247494 2 4 0.999932 3 0.000068
barc_straps
0  -5.168105 -2.014599 61.394482  -0.263710 -0.630407 0.730098  0.096064 0.278921 2 4 0.999975 3 0.000025
0  -4.651143 -2.658245 60.948215  -0.218676 -0.705391 0.674244  0.119975 0.247494 2 4 0.999932 3 0.000068
0  -4.530284 -2.091928 61.534615  -0.221275 -0.562177 0.796866  0.123537 0.281897 2 4 0.999995 3 0.000005
barc_straps
0  -4.499562 -1.733499 61.733494  -0.182273 -0.424277 0.886998  0.123142 0.299173 1 4 1.000000
0  -4.632489 -1.750018 61.692017  -0.220154 -0.413730 0.883380  0.117555 0.297172 2 4 0.999999 3 0.000001
0  -4.530284 -2.091928 61.534615  -0.221275 -0.562177 0.796866  0.123537 0.281897 2 4 0.999995 3 0.000005
barc_straps
0  -4.632489 -1.750018 61.692017  -0.220154 -0.413730 0.883380  0.117555 0.297172 2 4 0.999999 3 0.000001
0  -4.499562 -1.733499 61.733494  -0.182273 -0.424277 0.886998  0.123142 0.299173 1 4 1.000000
0  -4.484838 -1.581810 61.796623  -0.210145 -0.358108 0.909724  0.122933 0.306172 1 4 1.000000
barc_straps
0  -4.499562 -1.733499 61.733494  -0.182273 -0.424277 0.886998  0.123142 0.299173 1 4 1.000000
0  -4.345722 -1.825010 61.716476  -0.108853 -0.469539 0.876176  0.130086 0.296080 1 4 1.000000
0  -4.247130 -1.619056 61.823204  -0.093878 -0.414953 0.904987  0.133259 0.306303 2 4 0.999999 3 0.000001
barc_straps
0  -1.221969 -4.997449 59.129574  -0.014170 -0.769044 0.639039  0.270001 0.128089 2 4 0.995865 3 0.004135
0  -1.433172 -5.249197 58.821255  -0.040397 -0.776972 0.628237  0.261262 0.111135 2 4 0.991735 3 0.008265
0  -0.401079 -5.225550 58.869236  -0.011843 -0.771558 0.636049  0.305064 0.113764 2 4 0.988513 3 0.011487
barc_straps
0  -1.433172 -5.249197 58.821255  -0.040397 -0.776972 0.628237  0.261262 0.111135 2 4 0.991735 3 0.008265
0  -1.221969 -4.997449 59.129574  -0.014170 -0.769044 0.639039  0.270001 0.128089 2 4 0.995865 3 0.004135
0  -1.636489 -4.802801 59.351116  -0.050395 -0.765902 0.640979  0.252273 0.140319 2 4 0.997936 3 0.002064
barc_straps
0  -1.221969 -4.997449 59.129574  -0.014170 -0.769044 0.639039  0.270001 0.128089 2 4 0.995865 3 0.004135
0  -0.393677 -4.842865 59.331913  -0.012095 -0.770058 0.637859  0.305062 0.139402 1 4 1.000000
0  -0.386417 -4.463573 59.789597  -0.017769 -0.763803 0.645205  0.304977 0.164765 2 4 0.998476 3 0.001524
barc_straps
0  -0.361839 -3.543004 60.855946  -0.016893 -0.764829 0.644011  0.531977 0.564775 1 4 1.000000
0  -0.361640 -3.471094 60.954056  -0.092072 -0.803037 0.588773  0.530008 0.560011 1 4 1.000000
0  -0.565647 -3.396134 61.024395  -0.080194 -0.727636 0.681260  0.533524 0.552971 1 4 1.000000
barc_straps
0  -1.229856 -4.242875 60.018192  -0.008446 -0.791790 0.610736  0.268803 0.177518 1 4 1.000000
0  -1.673896 -4.215680 60.048916  -0.055592 -0.760099 0.647425  0.252495 0.178097 1 4 1.000000
0  -0.386417 -4.463573 59.789597  -0.017769 -0.763803 0.645205  0.304977 0.164765 2 4 0.998476 3 0.001524
barc_straps
0  -1.229856 -4.242875 60.018192  -0.008446 -0.791790 0.610736  0.268803 0.177518 1 4 1.000000
0  -0.383956 -4.334168 59.945591  -0.028510 -0.770539 0.636755  0.304906 0.173403 1 4 1.000000
0  -0.381739 -4.223842 60.079906  -0.027457 -0.772525 0.634391  0.304849 0.180810 1 4 1.000000
barc_straps
0  -0.708924 -6.445299 57.225410  -0.066603 -0.800662 0.595403  0.292253 0.026479 2 3 0.417185 4 0.582815
0  -0.646000 -6.162386 57.608112  -0.048939 -0.803897 0.592752  0.294915 0.046772 2 4 0.779030 3 0.220970
0  -0.902279 -6.001302 57.808002  -0.046017 -0.810936 0.583323  0.283984 0.057679 2 4 0.975381 3 0.024619
barc_straps
0  -0.902279 -6.001302 57.808002  -0.046017 -0.810936 0.583323  0.283984 0.057679 2 4 0.975381 3 0.024619
0  -0.646000 -6.162386 57.608112  -0.048939 -0.803897 0.592752  0.294915 0.046772 2 4 0.779030 3 0.220970
0  -0.419954 -5.907432 57.980389  -0.058379 -0.801300 0.595407  0.304535 0.066011 2 4 0.901802 3 0.098198
barc_straps
0  -0.646000 -6.162386 57.608112  -0.048939 -0.803897 0.592752  0.294915 0.046772 2 4 0.779030 3 0.220970
0  -0.708924 -6.445299 57.225410  -0.066603 -0.800662 0.595403  0.292253 0.026479 2 3 0.417185 4 0.582815
0  -0.473355 -6.306240 57.429340  -0.057474 -0.799916 0.597354  0.302298 0.037010 2 4 0.709736 3 0.290264
barc_straps
0  -1.493106 -5.455692 58.548096  -0.048730 -0.810253 0.584051  0.258832 0.096620 3 4 0.917973 2 0.000003 3 0.082024
0  -1.228834 -5.345628 58.707150  -0.015793 -0.791059 0.611536  0.269975 0.104885 2 4 0.984307 3 0.015693
0  -1.433172 -5.249197 58.821255  -0.040397 -0.776972 0.628237  0.261262 0.111135 2 4 0.991735 3 0.008265
barc_straps
0  -1.228834 -5.345628 58.707150  -0.015793 -0.791059 0.611536  0.269975 0.104885 2 4 0.984307 3 0.015693
0  -0.403974 -5.365135 58.698273  -0.011971 -0.786773 0.617126  0.305024 0.104364 2 4 0.985903 3 0.014097
0  -0.401079 -5.225550 58.869236  -0.011843 -0.771558 0.636049  0.305064 0.113764 2 4 0.988513 3 0.011487
barc_straps
0  -1.228834 -5.345628 58.707150  -0.015793 -0.791059 0.611536  0.269975 0.104885 2 4 0.984307 3 0.015693
0  -1.493106 -5.455692 58.548096  -0.048730 -0.810253 0.584051  0.258832 0.096620 3 4 0.917973 2 0.000003 3 0.082024
0  -0.408288 -5.509725 58.506248  -0.024348 -0.807641 0.589172  0.304917 0.094123 3 4 0.847441 2 0.000002 3 0.152557
barc_straps
0  -1.632929 -3.713774 60.600166  -0.082827 -0.700849 0.708484  0.250842 0.210477 1 4 1.000000
0  -1.581003 -3.143627 61.120594  -0.099139 -0.658157 0.746325  0.251775 0.243319 1 4 1.000000
0  -2.809126 -3.332624 60.771816  -0.163302 -0.655964 0.736915  0.200105 0.225273 1 4 1.000000
barc_straps
0  -0.367402 -3.757656 60.605114  0.043246 -0.730260 0.681800  0.304809 0.210858 1 4 1.000000
0  -0.361839 -3.543004 60.855946  -0.016893 -0.764829 0.644011  0.304648 0.224962 1 4 1.000000
0  -0.697312 -3.508858 60.892529  -0.056602 -0.710815 0.701098  0.290266 0.226693 1 4 1.000000
barc_straps
0  -1.636489 -4.802801 59.351116  -0.050395 -0.765902 0.640979  0.252273 0.140319 2 4 0.997936 3 0.002064
0  -1.673896 -4.215680 60.048916  -0.055592 -0.760099 0.647425  0.252495 0.178097 1 4 1.000000
0  -2.874395 -4.620885 59.403187  -0.221845 -0.753501 0.618887  0.199798 0.145985 2 4 0.997393 3 0.002607
barc_straps
0  -3.720417 -2.394473 61.418846  -0.118286 -0.643327 0.756399  0.158694 0.271173 2 4 0.999994 3 0.000006
0  -3.467017 -2.202146 61.595104  -0.080567 -0.515832 0.852893  0.168734 0.282862 2 4 0.999999 3 0.000001
0  -3.770988 -2.029030 61.660095  -0.086179 -0.501239 0.861007  0.155194 0.289559 2 4 0.999999 3 0.000001
barc_straps
0  -3.467017 -2.202146 61.595104  -0.080567 -0.515832 0.852893  0.168734 0.282862 2 4 0.999999 3 0.000001
0  -2.915591 -2.243737 61.611038  -0.087425 -0.528747 0.844265  0.192253 0.283419 1 4 1.000000
0  -3.027937 -1.995687 61.725460  -0.059085 -0.440087 0.896009  0.186532 0.294673 1 4 1.000000
barc_straps
0  -2.915591 -2.243737 61.611038  -0.087425 -0.528747 0.844265  0.192253 0.283419 1 4 1.000000
0  -3.467017 -2.202146 61.595104  -0.080567 -0.515832 0.852893  0.168734 0.282862 2 4 0.999999 3 0.000001
0  -3.720417 -2.394473 61.418846  -0.118286 -0.643327 0.756399  0.158694 0.271173 2 4 0.999994 3 0.000006
barc_straps
0  -5.250495 -1.731880 61.556355  -0.266910 -0.485124 0.832715  0.091176 0.292248 2 4 0.999994 3 0.000006
0  -5.021356 -1.697753 61.621727  -0.216478 -0.438263 0.872389  0.100700 0.295932 2 4 0.999997 3 0.000003
0  -5.376390 -1.356114 61.674477  -0.197717 -0.359622 0.911910  0.083433 0.308015 2 4 0.999997 3 0.000003
barc_straps
0  -5.021356 -1.697753 61.621727  -0.216478 -0.438263 0.872389  0.100700 0.295932 2 4 0.999997 3 0.000003
0  -5.250495 -1.731880 61.556355  -0.266910 -0.485124 0.832715  0.091176 0.292248 2 4 0.999994 3 0.000006
0  -5.168105 -2.014599 61.394482  -0.263710 -0.630407 0.730098  0.096064 0.278921 2 4 0.999975 3 0.000025
barc_straps
0  -5.250495 -1.731880 61.556355  -0.266910 -0.485124 0.832715  0.091176 0.292248 2 4 0.999994 3 0.000006
0  -5.518149 -1.559386 61.563816  -0.248468 -0.492172 0.834285  0.078673 0.297426 2 4 0.999939 3 0.000061
0  -5.823318 -1.816357 61.265877  -0.360083 -0.641655 0.677214  0.066514 0.279954 2 4 0.999993 3 0.000007
barc_straps
0  -5.518149 -1.559386 61.563816  -0.248468 -0.492172 0.834285  0.078673 0.297426 2 4 0.999939 3 0.000061
0  -5.640484 -1.428983 61.593063  -0.163781 -0.382179 0.909459  0.072642 0.302302 2 4 0.999991 3 0.000009
0  -5.757742 -1.494063 61.546120  -0.202280 -0.541761 0.815830  0.068062 0.298327 2 4 0.999994 3 0.000006
barc_straps
0  -5.640484 -1.428983 61.593063  -0.163781 -0.382179 0.909459  0.072642 0.302302 2 4 0.999991 3 0.000009
0  -5.603443 -1.290310 61.659668  -0.160776 -0.392085 0.905771  0.073368 0.309022 2 4 0.999997 3 0.000003
0  -5.743915 -1.274983 61.644333  -0.142339 -0.397404 0.906537  0.067319 0.308564 2 4 0.999997 3 0.000003
barc_straps
0  -5.640484 -1.428983 61.593063  -0.163781 -0.382179 0.909459  0.072642 0.302302 2 4 0.999991 3 0.000009
0  -5.518149 -1.559386 61.563816  -0.248468 -0.492172 0.834285  0.078673 0.297426 2 4 0.999939 3 0.000061
0  -5.376390 -1.356114 61.674477  -0.197717 -0.359622 0.911910  0.083433 0.308015 2 4 0.999997 3 0.000003
barc_straps
0  -3.986080 -1.872310 61.722885  -0.080893 -0.468978 0.879498  0.145445 0.295844 1 4 1.000000
0  -4.345722 -1.825010 61.716476  -0.108853 -0.469539 0.876176  0.130086 0.296080 1 4 1.000000
0  -4.530284 -2.091928 61.534615  -0.221275 -0.562177 0.796866  0.123537 0.281897 2 4 0.999995 3 0.000005
barc_straps
0  -3.986080 -1.872310 61.722885  -0.080893 -0.468978 0.879498  0.145445 0.295844 1 4 1.000000
0  -3.716591 -1.789445 61.781364  -0.060715 -0.436091 0.897852  0.156497 0.301140 1 4 1.000000
0  -4.247130 -1.619056 61.823204  -0.093878 -0.414953 0.904987  0.133259 0.306303 2 4 0.999999 3 0.000001
barc_straps
0  -3.716591 -1.789445 61.781364  -0.060715 -0.436091 0.897852  0.156497 0.301140 1 4 1.000000
0  -3.986080 -1.872310 61.722885  -0.080893 -0.468978 0.879498  0.145445 0.295844 1 4 1.000000
0  -3.770988 -2.029030 61.660095  -0.086179 -0.501239 0.861007  0.155194 0.289559 2 4 0.999999 3 0.000001
barc_straps
0  -5.021356 -1.697753 61.621727  -0.216478 -0.438263 0.872389  0.100700 0.295932 2 4 0.999997 3 0.000003
0  -4.859093 -1.641349 61.680378  -0.211830 -0.349086 0.912835  0.107260 0.299962 1 4 1.000000
0  -4.998368 -1.450092 61.721931  -0.206074 -0.351305 0.913301  0.100151 0.307311 2 4 0.999998 3 0.000002
barc_straps
0  -4.859093 -1.641349 61.680378  -0.211830 -0.349086 0.912835  0.107260 0.299962 1 4 1.000000
0  -4.632489 -1.750018 61.692017  -0.220154 -0.413730 0.883380  0.117555 0.297172 2 4 0.999999 3 0.000001
0  -4.686347 -1.517834 61.768433  -0.221728 -0.351889 0.909402  0.113898 0.307149 1 4 1.000000
barc_straps
0  -4.632489 -1.750018 61.692017  -0.220154 -0.413730 0.883380  0.117555 0.297172 2 4 0.999999 3 0.000001
0  -4.859093 -1.641349 61.680378  -0.211830 -0.349086 0.912835  0.107260 0.299962 1 4 1.000000
0  -5.021356 -1.697753 61.621727  -0.216478 -0.438263 0.872389  0.100700 0.295932 2 4 0.999997 3 0.000003
barc_straps
0  -5.676468 -3.404525 59.175575  -0.591525 -0.718194 0.366463  0.072118 0.168341 2 4 0.957023 3 0.042977
0  -5.964368 -3.505540 58.260750  -0.665491 -0.672835 0.323132  0.051155 0.133135 3 4 0.906083 2 0.000059 3 0.093858
0  -5.048892 -4.264513 58.432472  -0.501294 -0.747831 0.435262  0.100958 0.121420 3 4 0.886687 2 0.000155 3 0.113158
barc_straps
0  -6.010654 -3.246067 58.794640  -0.683770 -0.679733 0.265371  0.051881 0.158482 3 4 0.802647 2 0.000514 3 0.196839
0  -6.731477 -2.807250 57.987183  -0.695316 -0.658175 0.288688  0.005867 0.139551 2 4 0.921756 3 0.078244
0  -5.964368 -3.505540 58.260750  -0.665491 -0.672835 0.323132  0.051155 0.133135 3 4 0.906083 2 0.000059 3 0.093858
barc_straps
0  -6.462151 -2.730356 58.963730  -0.674413 -0.681357 0.284465  0.028029 0.176767 2 4 0.794417 3 0.205583
0  -5.676468 -3.404525 59.175575  -0.591525 -0.718194 0.366463  0.072118 0.168341 2 4 0.957023 3 0.042977
0  -6.208008 -2.563234 59.880974  -0.595819 -0.696341 0.400136  0.046740 0.213498 2 4 0.998956 3 0.001044
barc_straps
0  -5.964368 -3.505540 58.260750  -0.665491 -0.672835 0.323132  0.051155 0.133135 3 4 0.906083 2 0.000059 3 0.093858
0  -5.729510 -4.111472 57.608158  -0.647006 -0.654116 0.391811  0.062895 0.095635 4 2 0.001198 4 0.667086 3 0.329914 8 0.001801
0  -5.048892 -4.264513 58.432472  -0.501294 -0.747831 0.435262  0.100958 0.121420 3 4 0.886687 2 0.000155 3 0.113158
barc_straps
0  -6.007684 -3.691354 57.804714  -0.684856 -0.634195 0.358845  0.047088 0.112442 3 2 0.001690 4 0.632335 3 0.365975
0  -6.174967 -3.992444 56.998268  -0.685231 -0.621551 0.379648  0.036405 0.076592 4 2 0.000533 3 0.459881 4 0.536322 8 0.003264
0  -5.729510 -4.111472 57.608158  -0.647006 -0.654116 0.391811  0.062895 0.095635 4 2 0.001198 4 0.667086 3 0.329914 8 0.001801
barc_straps
0  -6.457690 -3.398287 57.478851  -0.686573 -0.633400 0.356962  0.020739 0.107623 3 2 0.002231 4 0.416438 3 0.581331
0  -5.964368 -3.505540 58.260750  -0.665491 -0.672835 0.323132  0.051155 0.133135 3 4 0.906083 2 0.000059 3 0.093858
0  -6.731477 -2.807250 57.987183  -0.695316 -0.658175 0.288688  0.005867 0.139551 2 4 0.921756 3 0.078244
barc_straps
0  -5.618796 -4.487719 57.200951  -0.654746 -0.646154 0.392165  0.069023 0.072324 3 2 0.002459 4 0.518831 3 0.478710
0  -6.174967 -3.992444 56.998268  -0.685231 -0.621551 0.379648  0.036405 0.076592 4 2 0.000533 3 0.459881 4 0.536322 8 0.003264
0  -5.874362 -4.592835 56.573204  -0.655002 -0.638119 0.404693  0.053707 0.047425 3 2 0.004416 3 0.662097 4 0.333487
barc_straps
0  -5.729510 -4.111472 57.608158  -0.647006 -0.654116 0.391811  0.062895 0.095635 4 2 0.001198 4 0.667086 3 0.329914 8 0.001801
0  -5.232817 -4.806221 57.230396  -0.548453 -0.721422 0.422788  0.089416 0.065918 3 2 0.001943 4 0.576768 3 0.421289
0  -5.048892 -4.264513 58.432472  -0.501294 -0.747831 0.435262  0.100958 0.121420 3 4 0.886687 2 0.000155 3 0.113158
barc_straps
0  -5.232817 -4.806221 57.230396  -0.548453 -0.721422 0.422788  0.089416 0.065918 3 2 0.001943 4 0.576768 3 0.421289
0  -5.874362 -4.592835 56.573204  -0.655002 -0.638119 0.404693  0.053707 0.047425 3 2 0.004416 3 0.662097 4 0.333487
0  -5.564819 -5.196350 56.175880  -0.523556 -0.737339 0.426873  0.071718 0.019161 3 2 0.005940 3 0.745268 4 0.248792
barc_straps
0  -5.232817 -4.806221 57.230396  -0.548453 -0.721422 0.422788  0.089416 0.065918 3 2 0.001943 4 0.576768 3 0.421289
0  -4.184929 -5.289265 57.528839  -0.424832 -0.791477 0.439411  0.140072 0.065036 3 4 0.603062 2 0.001796 3 0.395142
0  -5.048892 -4.264513 58.432472  -0.501294 -0.747831 0.435262  0.100958 0.121420 3 4 0.886687 2 0.000155 3 0.113158
barc_straps
0  -4.184929 -5.289265 57.528839  -0.424832 -0.791477 0.439411  0.140072 0.065036 3 4 0.603062 2 0.001796 3 0.395142
0  -4.406155 -5.756252 56.404251  -0.432247 -0.800720 0.414740  0.127226 0.014022 3 2 0.004484 3 0.653391 4 0.342125
0  -3.268480 -6.220695 56.604385  -0.353885 -0.833811 0.423703  0.180224 0.010081 2 3 0.591534 4 0.408466
barc_straps
0  -4.639991 -5.263330 57.088310  -0.467754 -0.775580 0.423890  0.117732 0.050062 3 2 0.000664 4 0.782934 3 0.216402
0  -5.564819 -5.196350 56.175880  -0.523556 -0.737339 0.426873  0.071718 0.019161 3 2 0.005940 3 0.745268 4 0.248792
0  -4.406155 -5.756252 56.404251  -0.432247 -0.800720 0.414740  0.127226 0.014022 3 2 0.004484 3 0.653391 4 0.342125
barc_straps
0  -5.338292 -2.551932 60.773220  -0.356654 -0.698785 0.620079  0.089972 0.244146 2 4 0.999316 3 0.000684
0  -5.522164 -3.023679 60.021446  -0.486710 -0.724911 0.487461  0.081637 0.206851 2 4 0.997993 3 0.002007
0  -4.792768 -3.257995 60.237431  -0.300689 -0.747388 0.592451  0.115120 0.208273 2 4 0.997598 3 0.002402
barc_straps
0  -5.617396 -2.607872 60.498440  -0.507062 -0.699800 0.503158  0.077134 0.233475 2 4 0.992781 3 0.007219
0  -6.208008 -2.563234 59.880974  -0.595819 -0.696341 0.400136  0.046740 0.213498 2 4 0.998956 3 0.001044
0  -5.522164 -3.023679 60.021446  -0.486710 -0.724911 0.487461  0.081637 0.206851 2 4 0.997993 3 0.002007
barc_straps
0  -5.984238 -2.215659 60.679592  -0.476924 -0.694823 0.538298  0.059368 0.249736 2 4 0.987899 3 0.012101
0  -5.338292 -2.551932 60.773220  -0.356654 -0.698785 0.620079  0.089972 0.244146 2 4 0.999316 3 0.000684
0  -5.823318 -1.816357 61.265877  -0.360083 -0.641655 0.677214  0.066514 0.279954 2 4 0.999993 3 0.000007
barc_straps
0  -4.922613 -3.755223 59.422195  -0.403575 -0.777367 0.482522  0.108728 0.168209 2 4 0.984624 3 0.015376
0  -5.676468 -3.404525 59.175575  -0.591525 -0.718194 0.366463  0.072118 0.168341 2 4 0.957023 3 0.042977
0  -5.048892 -4.264513 58.432472  -0.501294 -0.747831 0.435262  0.100958 0.121420 3 4 0.886687 2 0.000155 3 0.113158
barc_straps
0  -5.676468 -3.404525 59.175575  -0.591525 -0.718194 0.366463  0.072118 0.168341 2 4 0.957023 3 0.042977
0  -5.522164 -3.023679 60.021446  -0.486710 -0.724911 0.487461  0.081637 0.206851 2 4 0.997993 3 0.002007
0  -6.208008 -2.563234 59.880974  -0.595819 -0.696341 0.400136  0.046740 0.213498 2 4 0.998956 3 0.001044
barc_straps
0  -5.676468 -3.404525 59.175575  -0.591525 -0.718194 0.366463  0.072118 0.168341 2 4 0.957023 3 0.042977
0  -4.922613 -3.755223 59.422195  -0.403575 -0.777367 0.482522  0.108728 0.168209 2 4 0.984624 3 0.015376
0  -5.522164 -3.023679 60.021446  -0.486710 -0.724911 0.487461  0.081637 0.206851 2 4 0.997993 3 0.002007
barc_straps
0  -3.992406 -4.198984 59.330002  -0.330427 -0.765219 0.552502  0.150003 0.153922 2 4 0.991691 3 0.008309
0  -4.922613 -3.755223 59.422195  -0.403575 -0.777367 0.482522  0.108728 0.168209 2 4 0.984624 3 0.015376
0  -5.048892 -4.264513 58.432472  -0.501294 -0.747831 0.435262  0.100958 0.121420 3 4 0.886687 2 0.000155 3 0.113158
barc_straps
0  -4.792768 -3.257995 60.237431  -0.300689 -0.747388 0.592451  0.115120 0.208273 2 4 0.997598 3 0.002402
0  -4.922613 -3.755223 59.422195  -0.403575 -0.777367 0.482522  0.108728 0.168209 2 4 0.984624 3 0.015376
0  -3.908725 -3.675432 60.118061  -0.253404 -0.738405 0.624936  0.153927 0.193808 2 4 0.998668 3 0.001332
barc_straps
0  -3.908725 -3.675432 60.118061  -0.253404 -0.738405 0.624936  0.153927 0.193808 2 4 0.998668 3 0.001332
0  -3.992406 -4.198984 59.330002  -0.330427 -0.765219 0.552502  0.150003 0.153922 2 4 0.991691 3 0.008309
0  -2.796587 -4.035164 60.113110  -0.173547 -0.728769 0.662403  0.202261 0.184727 2 4 0.999890 3 0.000110
barc_straps
0  -3.841688 -4.858079 58.558563  -0.380874 -0.757982 0.529527  0.157224 0.111277 2 4 0.970171 3 0.029829
0  -3.992406 -4.198984 59.330002  -0.330427 -0.765219 0.552502  0.150003 0.153922 2 4 0.991691 3 0.008309
0  -5.048892 -4.264513 58.432472  -0.501294 -0.747831 0.435262  0.100958 0.121420 3 4 0.886687 2 0.000155 3 0.113158
barc_straps
0  -3.992406 -4.198984 59.330002  -0.330427 -0.765219 0.552502  0.150003 0.153922 2 4 0.991691 3 0.008309
0  -2.874395 -4.620885 59.403187  -0.221845 -0.753501 0.618887  0.199798 0.145985 2 4 0.997393 3 0.002607
0  -2.796587 -4.035164 60.113110  -0.173547 -0.728769 0.662403  0.202261 0.184727 2 4 0.999890 3 0.000110
barc_straps
0  -3.992406 -4.198984 59.330002  -0.330427 -0.765219 0.552502  0.150003 0.153922 2 4 0.991691 3 0.008309
0  -3.841688 -4.858079 58.558563  -0.380874 -0.757982 0.529527  0.157224 0.111277 2 4 0.970171 3 0.029829
0  -2.874395 -4.620885 59.403187  -0.221845 -0.753501 0.618887  0.199798 0.145985 2 4 0.997393 3 0.002607
barc_straps
0  -4.184929 -5.289265 57.528839  -0.424832 -0.791477 0.439411  0.140072 0.065036 3 4 0.603062 2 0.001796 3 0.395142
0  -3.841688 -4.858079 58.558563  -0.380874 -0.757982 0.529527  0.157224 0.111277 2 4 0.970171 3 0.029829
0  -5.048892 -4.264513 58.432472  -0.501294 -0.747831 0.435262  0.100958 0.121420 3 4 0.886687 2 0.000155 3 0.113158
barc_straps
0  -4.184929 -5.289265 57.528839  -0.424832 -0.791477 0.439411  0.140072 0.065036 3 4 0.603062 2 0.001796 3 0.395142
0  -3.069663 -5.755302 57.675632  -0.309600 -0.827597 0.468221  0.191168 0.059156 3 4 0.812299 2 0.000227 3 0.187474
0  -3.841688 -4.858079 58.558563  -0.380874 -0.757982 0.529527  0.157224 0.111277 2 4 0.970171 3 0.029829
barc_straps
0  -3.069663 -5.755302 57.675632  -0.309600 -0.827597 0.468221  0.191168 0.059156 3 4 0.812299 2 0.000227 3 0.187474
0  -4.184929 -5.289265 57.528839  -0.424832 -0.791477 0.439411  0.140072 0.065036 3 4 0.603062 2 0.001796 3 0.395142
0  -3.268480 -6.220695 56.604385  -0.353885 -0.833811 0.423703  0.180224 0.010081 2 3 0.591534 4 0.408466
barc_straps
0  -2.408044 -6.098356 57.407017  -0.237891 -0.858649 0.454014  0.219552 0.041449 2 4 0.695111 3 0.304889
0  -3.268480 -6.220695 56.604385  -0.353885 -0.833811 0.423703  0.180224 0.010081 2 3 0.591534 4 0.408466
0  -2.172790 -6.494226 56.748074  -0.209531 -0.862178 0.461244  0.228847 0.008563 2 3 0.559699 4 0.440301
barc_straps
0  -3.069663 -5.755302 57.675632  -0.309600 -0.827597 0.468221  0.191168 0.059156 3 4 0.812299 2 0.000227 3 0.187474
0  -1.961275 -5.966156 57.770660  -0.126741 -0.836228 0.533534  0.239000 0.057233 2 4 0.832059 3 0.167941
0  -2.654643 -5.281065 58.669750  -0.193746 -0.794788 0.575131  0.209892 0.104859 2 4 0.979722 3 0.020278
barc_straps
0  -1.961275 -5.966156 57.770660  -0.126741 -0.836228 0.533534  0.239000 0.057233 2 4 0.832059 3 0.167941
0  -2.172790 -6.494226 56.748074  -0.209531 -0.862178 0.461244  0.228847 0.008563 2 3 0.559699 4 0.440301
0  -1.098089 -6.672295 56.863522  -0.115789 -0.831724 0.542980  0.275603 0.008307 2 3 0.529757 4 0.470243
barc_straps
0  -0.766819 -6.556367 57.069798  -0.097500 -0.792553 0.601958  0.289783 0.018325 3 2 0.000002 3 0.449129 4 0.550869
0  -0.708924 -6.445299 57.225410  -0.066603 -0.800662 0.595403  0.292253 0.026479 2 3 0.417185 4 0.582815
0  -1.098089 -6.672295 56.863522  -0.115789 -0.831724 0.542980  0.275603 0.008307 2 3 0.529757 4 0.470243
barc_straps
0  -0.708924 -6.445299 57.225410  -0.066603 -0.800662 0.595403  0.292253 0.026479 2 3 0.417185 4 0.582815
0  -0.489400 -6.455553 57.236633  -0.068116 -0.785847 0.614658  0.301638 0.026611 2 3 0.374417 4 0.625583
0  -0.473355 -6.306240 57.429340  -0.057474 -0.799916 0.597354  0.302298 0.037010 2 4 0.709736 3 0.290264
barc_straps
0  -1.961275 -5.966156 57.770660  -0.126741 -0.836228 0.533534  0.239000 0.057233 2 4 0.832059 3 0.167941
0  -1.493106 -5.455692 58.548096  -0.048730 -0.810253 0.584051  0.258832 0.096620 3 4 0.917973 2 0.000003 3 0.082024
0  -2.654643 -5.281065 58.669750  -0.193746 -0.794788 0.575131  0.209892 0.104859 2 4 0.979722 3 0.020278
barc_straps
0  -1.460418 -5.787362 58.087193  -0.032760 -0.816793 0.576000  0.260270 0.072579 2 4 0.974412 3 0.025588
0  -0.408288 -5.509725 58.506248  -0.024348 -0.807641 0.589172  0.304917 0.094123 3 4 0.847441 2 0.000002 3 0.152557
0  -1.493106 -5.455692 58.548096  -0.048730 -0.810253 0.584051  0.258832 0.096620 3 4 0.917973 2 0.000003 3 0.082024
barc_straps
0  -0.902279 -6.001302 57.808002  -0.046017 -0.810936 0.583323  0.283984 0.057679 2 4 0.975381 3 0.024619
0  -1.961275 -5.966156 57.770660  -0.126741 -0.836228 0.533534  0.239000 0.057233 2 4 0.832059 3 0.167941
0  -1.098089 -6.672295 56.863522  -0.115789 -0.831724 0.542980  0.275603 0.008307 2 3 0.529757 4 0.470243
barc_straps
0  -1.673896 -4.215680 60.048916  -0.055592 -0.760099 0.647425  0.252495 0.178097 1 4 1.000000
0  -1.632929 -3.713774 60.600166  -0.082827 -0.700849 0.708484  0.250842 0.210477 1 4 1.000000
0  -2.796587 -4.035164 60.113110  -0.173547 -0.728769 0.662403  0.202261 0.184727 2 4 0.999890 3 0.000110
barc_straps
0  -1.224035 -3.954619 60.369476  -0.031554 -0.747515 0.663495  0.268610 0.196834 1 4 1.000000
0  -0.697312 -3.508858 60.892529  -0.056602 -0.710815 0.701098  0.290266 0.226693 1 4 1.000000
0  -1.632929 -3.713774 60.600166  -0.082827 -0.700849 0.708484  0.250842 0.210477 1 4 1.000000
barc_straps
0  -1.224035 -3.954619 60.369476  -0.031554 -0.747515 0.663495  0.268610 0.196834 1 4 1.000000
0  -0.381739 -4.223842 60.079906  -0.027457 -0.772525 0.634391  0.304849 0.180810 1 4 1.000000
0  -0.375222 -3.901788 60.472527  -0.021830 -0.752001 0.658801  0.304653 0.202491 1 4 1.000000
barc_straps
0  -1.581003 -3.143627 61.120594  -0.099139 -0.658157 0.746325  0.251775 0.243319 1 4 1.000000
0  -1.368103 -3.092563 61.191715  -0.104292 -0.633239 0.766898  0.260731 0.247322 1 4 1.000000
0  -2.506104 -2.596783 61.442551  -0.134461 -0.639593 0.756863  0.210952 0.268162 1 4 1.000000
barc_straps
0  -1.167784 -3.169555 61.151608  -0.103251 -0.686337 0.719918  0.269455 0.244074 1 4 1.000000
0  -0.697312 -3.508858 60.892529  -0.056602 -0.710815 0.701098  0.290266 0.226693 1 4 1.000000
0  -0.565647 -3.396134 61.024395  -0.080194 -0.727636 0.681260  0.295674 0.234257 1 4 1.000000
barc_straps
0  -3.908725 -3.675432 60.118061  -0.253404 -0.738405 0.624936  0.153927 0.193808 2 4 0.998668 3 0.001332
0  -3.813421 -2.997051 60.810143  -0.185344 -0.689579 0.700092  0.156379 0.234815 2 4 0.999804 3 0.000196
0  -4.792768 -3.257995 60.237431  -0.300689 -0.747388 0.592451  0.115120 0.208273 2 4 0.997598 3 0.002402
barc_straps
0  -3.813421 -2.997051 60.810143  -0.185344 -0.689579 0.700092  0.156379 0.234815 2 4 0.999804 3 0.000196
0  -2.809126 -3.332624 60.771816  -0.163302 -0.655964 0.736915  0.200105 0.225273 1 4 1.000000
0  -2.506104 -2.596783 61.442551  -0.134461 -0.639593 0.756863  0.210952 0.268162 1 4 1.000000
barc_straps
0  -3.813421 -2.997051 60.810143  -0.185344 -0.689579 0.700092  0.156379 0.234815 2 4 0.999804 3 0.000196
0  -3.908725 -3.675432 60.118061  -0.253404 -0.738405 0.624936  0.153927 0.193808 2 4 0.998668 3 0.001332
0  -2.809126 -3.332624 60.771816  -0.163302 -0.655964 0.736915  0.200105 0.225273 1 4 1.000000
barc_straps
0  -3.813421 -2.997051 60.810143  -0.185344 -0.689579 0.700092  0.156379 0.234815 2 4 0.999804 3 0.000196
0  -4.651143 -2.658245 60.948215  -0.218676 -0.705391 0.674244  0.119975 0.247494 2 4 0.999932 3 0.000068
0  -4.792768 -3.257995 60.237431  -0.300689 -0.747388 0.592451  0.115120 0.208273 2 4 0.997598 3 0.002402
barc_straps
0  -3.720417 -2.394473 61.418846  -0.118286 -0.643327 0.756399  0.158694 0.271173 2 4 0.999994 3 0.000006
0  -4.530284 -2.091928 61.534615  -0.221275 -0.562177 0.796866  0.123537 0.281897 2 4 0.999995 3 0.000005
0  -4.651143 -2.658245 60.948215  -0.218676 -0.705391 0.674244  0.119975 0.247494 2 4 0.999932 3 0.000068
barc_straps
0  -3.720417 -2.394473 61.418846  -0.118286 -0.643327 0.756399  0.158694 0.271173 2 4 0.999994 3 0.000006
0  -3.813421 -2.997051 60.810143  -0.185344 -0.689579 0.700092  0.156379 0.234815 2 4 0.999804 3 0.000196
0  -2.506104 -2.596783 61.442551  -0.134461 -0.639593 0.756863  0.210952 0.268162 1 4 1.000000
barc_straps
0  -4.651143 -2.658245 60.948215  -0.218676 -0.705391 0.674244  0.119975 0.247494 2 4 0.999932 3 0.000068
0  -5.338292 -2.551932 60.773220  -0.356654 -0.698785 0.620079  0.089972 0.244146 2 4 0.999316 3 0.000684
0  -4.792768 -3.257995 60.237431  -0.300689 -0.747388 0.592451  0.115120 0.208273 2 4 0.997598 3 0.002402
barc_straps
0  -5.338292 -2.551932 60.773220  -0.356654 -0.698785 0.620079  0.089972 0.244146 2 4 0.999316 3 0.000684
0  -5.168105 -2.014599 61.394482  -0.263710 -0.630407 0.730098  0.096064 0.278921 2 4 0.999975 3 0.000025
0  -5.823318 -1.816357 61.265877  -0.360083 -0.641655 0.677214  0.066514 0.279954 2 4 0.999993 3 0.000007
barc_straps
0  -5.338292 -2.551932 60.773220  -0.356654 -0.698785 0.620079  0.089972 0.244146 2 4 0.999316 3 0.000684
0  -4.651143 -2.658245 60.948215  -0.218676 -0.705391 0.674244  0.119975 0.247494 2 4 0.999932 3 0.000068
0  -5.168105 -2.014599 61.394482  -0.263710 -0.630407 0.730098  0.096064 0.278921 2 4 0.999975 3 0.000025
barc_straps
0  -4.499562 -1.733499 61.733494  -0.182273 -0.424277 0.886998  0.123142 0.299173 1 4 1.000000
0  -4.530284 -2.091928 61.534615  -0.221275 -0.562177 0.796866  0.123537 0.281897 2 4 0.999995 3 0.000005
0  -4.345722 -1.825010 61.716476  -0.108853 -0.469539 0.876176  0.130086 0.296080 1 4 1.000000
barc_straps
0  -4.632489 -1.750018 61.692017  -0.220154 -0.413730 0.883380  0.117555 0.297172 2 4 0.999999 3 0.000001
0  -4.484838 -1.581810 61.796623  -0.210145 -0.358108 0.909724  0.122933 0.306172 1 4 1.000000
0  -4.686347 -1.517834 61.768433  -0.221728 -0.351889 0.909402  0.113898 0.307149 1 4 1.000000
barc_straps
0  -4.499562 -1.733499 61.733494  -0.182273 -0.424277 0.886998  0.123142 0.299173 1 4 1.000000
0  -4.247130 -1.619056 61.823204  -0.093878 -0.414953 0.904987  0.133259 0.306303 2 4 0.999999 3 0.000001
0  -4.484838 -1.581810 61.796623  -0.210145 -0.358108 0.909724  0.122933 0.306172 1 4 1.000000
barc_straps
0  -1.221969 -4.997449 59.129574  -0.014170 -0.769044 0.639039  0.270001 0.128089 2 4 0.995865 3 0.004135
0  -0.401079 -5.225550 58.869236  -0.011843 -0.771558 0.636049  0.305064 0.113764 2 4 0.988513 3 0.011487
0  -0.393677 -4.842865 59.331913  -0.012095 -0.770058 0.637859  0.305062 0.139402 1 4 1.000000
barc_straps
0  -1.433172 -5.249197 58.821255  -0.040397 -0.776972 0.628237  0.261262 0.111135 2 4 0.991735 3 0.008265
0  -1.636489 -4.802801 59.351116  -0.050395 -0.765902 0.640979  0.252273 0.140319 2 4 0.997936 3 0.002064
0  -2.654643 -5.281065 58.669750  -0.193746 -0.794788 0.575131  0.209892 0.104859 2 4 0.979722 3 0.020278
barc_straps
0  -1.221969 -4.997449 59.129574  -0.014170 -0.769044 0.639039  0.270001 0.128089 2 4 0.995865 3 0.004135
0  -0.386417 -4.463573 59.789597  -0.017769 -0.763803 0.645205  0.304977 0.164765 2 4 0.998476 3 0.001524
0  -1.636489 -4.802801 59.351116  -0.050395 -0.765902 0.640979  0.252273 0.140319 2 4 0.997936 3 0.002064
barc_straps
0  -0.361839 -3.543004 60.855946  -0.016893 -0.764829 0.644011  0.304648 0.224962 1 4 1.000000
0  -0.565647 -3.396134 61.024395  -0.080194 -0.727636 0.681260  0.295674 0.234257 1 4 1.000000
0  -0.697312 -3.508858 60.892529  -0.056602 -0.710815 0.701098  0.290266 0.226693 1 4 1.000000
barc_straps
0  -1.229856 -4.242875 60.018192  -0.008446 -0.791790 0.610736  0.268803 0.177518 1 4 1.000000
0  -0.386417 -4.463573 59.789597  -0.017769 -0.763803 0.645205  0.304977 0.164765 2 4 0.998476 3 0.001524
0  -0.383956 -4.334168 59.945591  -0.028510 -0.770539 0.636755  0.304906 0.173403 1 4 1.000000
barc_straps
0  -1.229856 -4.242875 60.018192  -0.008446 -0.791790 0.610736  0.268803 0.177518 1 4 1.000000
0  -0.381739 -4.223842 60.079906  -0.027457 -0.772525 0.634391  0.304849 0.180810 1 4 1.000000
0  -1.673896 -4.215680 60.048916  -0.055592 -0.760099 0.647425  0.252495 0.178097 1 4 1.000000
barc_straps
0  -0.708924 -6.445299 57.225410  -0.066603 -0.800662 0.595403  0.292253 0.026479 2 3 0.417185 4 0.582815
0  -0.902279 -6.001302 57.808002  -0.046017 -0.810936 0.583323  0.283984 0.057679 2 4 0.975381 3 0.024619
0  -1.098089 -6.672295 56.863522  -0.115789 -0.831724 0.542980  0.275603 0.008307 2 3 0.529757 4 0.470243
barc_straps
0  -0.902279 -6.001302 57.808002  -0.046017 -0.810936 0.583323  0.283984 0.057679 2 4 0.975381 3 0.024619
0  -0.419954 -5.907432 57.980389  -0.058379 -0.801300 0.595407  0.304535 0.066011 2 4 0.901802 3 0.098198
0  -0.408288 -5.509725 58.506248  -0.024348 -0.807641 0.589172  0.304917 0.094123 3 4 0.847441 2 0.000002 3 0.152557
barc_straps
0  -0.646000 -6.162386 57.608112  -0.048939 -0.803897 0.592752  0.294915 0.046772 2 4 0.779030 3 0.220970
0  -0.473355 -6.306240 57.429340  -0.057474 -0.799916 0.597354  0.302298 0.037010 2 4 0.709736 3 0.290264
0  -0.419954 -5.907432 57.980389  -0.058379 -0.801300 0.595407  0.304535 0.066011 2 4 0.901802 3 0.098198
barc_straps
0  -1.493106 -5.455692 58.548096  -0.048730 -0.810253 0.584051  0.258832 0.096620 3 4 0.917973 2 0.000003 3 0.082024
0  -1.433172 -5.249197 58.821255  -0.040397 -0.776972 0.628237  0.261262 0.111135 2 4 0.991735 3 0.008265
0  -2.654643 -5.281065 58.669750  -0.193746 -0.794788 0.575131  0.209892 0.104859 2 4 0.979722 3 0.020278
barc_straps
0  -1.228834 -5.345628 58.707150  -0.015793 -0.791059 0.611536  0.269975 0.104885 2 4 0.984307 3 0.015693
0  -0.401079 -5.225550 58.869236  -0.011843 -0.771558 0.636049  0.305064 0.113764 2 4 0.988513 3 0.011487
0  -1.433172 -5.249197 58.821255  -0.040397 -0.776972 0.628237  0.261262 0.111135 2 4 0.991735 3 0.008265
barc_straps
0  -1.228834 -5.345628 58.707150  -0.015793 -0.791059 0.611536  0.269975 0.104885 2 4 0.984307 3 0.015693
0  -0.408288 -5.509725 58.506248  -0.024348 -0.807641 0.589172  0.304917 0.094123 3 4 0.847441 2 0.000002 3 0.152557
0  -0.403974 -5.365135 58.698273  -0.011971 -0.786773 0.617126  0.305024 0.104364 2 4 0.985903 3 0.014097
barc_straps
0  -1.581003 -3.143627 61.120594  -0.099139 -0.658157 0.746325  0.251775 0.243319 1 4 1.000000
0  -1.632929 -3.713774 60.600166  -0.082827 -0.700849 0.708484  0.250842 0.210477 1 4 1.000000
0  -0.697312 -3.508858 60.892529  -0.056602 -0.710815 0.701098  0.290266 0.226693 1 4 1.000000
barc_straps
0  -2.809126 -3.332624 60.771816  -0.163302 -0.655964 0.736915  0.200105 0.225273 1 4 1.000000
0  -1.581003 -3.143627 61.120594  -0.099139 -0.658157 0.746325  0.251775 0.243319 1 4 1.000000
0  -2.506104 -2.596783 61.442551  -0.134461 -0.639593 0.756863  0.210952 0.268162 1 4 1.000000
barc_straps
0  -2.796587 -4.035164 60.113110  -0.173547 -0.728769 0.662403  0.202261 0.184727 2 4 0.999890 3 0.000110
0  -1.632929 -3.713774 60.600166  -0.082827 -0.700849 0.708484  0.250842 0.210477 1 4 1.000000
0  -2.809126 -3.332624 60.771816  -0.163302 -0.655964 0.736915  0.200105 0.225273 1 4 1.000000
barc_straps
0  -0.367402 -3.757656 60.605114  0.043246 -0.730260 0.681800  0.304809 0.210858 1 4 1.000000
0  -0.697312 -3.508858 60.892529  -0.056602 -0.710815 0.701098  0.290266 0.226693 1 4 1.000000
0  -0.375222 -3.901788 60.472527  -0.021830 -0.752001 0.658801  0.304653 0.202491 1 4 1.000000
barc_straps
0  -1.673896 -4.215680 60.048916  -0.055592 -0.760099 0.647425  0.252495 0.178097 1 4 1.000000
0  -1.636489 -4.802801 59.351116  -0.050395 -0.765902 0.640979  0.252273 0.140319 2 4 0.997936 3 0.002064
0  -0.386417 -4.463573 59.789597  -0.017769 -0.763803 0.645205  0.304977 0.164765 2 4 0.998476 3 0.001524
barc_straps
0  -2.874395 -4.620885 59.403187  -0.221845 -0.753501 0.618887  0.199798 0.145985 2 4 0.997393 3 0.002607
0  -1.673896 -4.215680 60.048916  -0.055592 -0.760099 0.647425  0.252495 0.178097 1 4 1.000000
0  -2.796587 -4.035164 60.113110  -0.173547 -0.728769 0.662403  0.202261 0.184727 2 4 0.999890 3 0.000110
barc_straps
0  -2.654643 -5.281065 58.669750  -0.193746 -0.794788 0.575131  0.209892 0.104859 2 4 0.979722 3 0.020278
0  -1.636489 -4.802801 59.351116  -0.050395 -0.765902 0.640979  0.252273 0.140319 2 4 0.997936 3 0.002064
0  -2.874395 -4.620885 59.403187  -0.221845 -0.753501 0.618887  0.199798 0.145985 2 4 0.997393 3 0.002607
barc_straps
0  -3.720417 -2.394473 61.418846  -0.118286 -0.643327 0.756399  0.158694 0.271173 2 4 0.999994 3 0.000006
0  -3.770988 -2.029030 61.660095  -0.086179 -0.501239 0.861007  0.155194 0.289559 2 4 0.999999 3 0.000001
0  -4.530284 -2.091928 61.534615  -0.221275 -0.562177 0.796866  0.123537 0.281897 2 4 0.999995 3 0.000005
barc_straps
0  -3.467017 -2.202146 61.595104  -0.080567 -0.515832 0.852893  0.168734 0.282862 2 4 0.999999 3 0.000001
0  -3.027937 -1.995687 61.725460  -0.059085 -0.440087 0.896009  0.186532 0.294673 1 4 1.000000
0  -3.770988 -2.029030 61.660095  -0.086179 -0.501239 0.861007  0.155194 0.289559 2 4 0.999999 3 0.000001
barc_straps
0  -2.915591 -2.243737 61.611038  -0.087425 -0.528747 0.844265  0.192253 0.283419 1 4 1.000000
0  -3.720417 -2.394473 61.418846  -0.118286 -0.643327 0.756399  0.158694 0.271173 2 4 0.999994 3 0.000006
0  -2.506104 -2.596783 61.442551  -0.134461 -0.639593 0.756863  0.210952 0.268162 1 4 1.000000
barc_straps
0  -5.250495 -1.731880 61.556355  -0.266910 -0.485124 0.832715  0.091176 0.292248 2 4 0.999994 3 0.000006
0  -5.376390 -1.356114 61.674477  -0.197717 -0.359622 0.911910  0.083433 0.308015 2 4 0.999997 3 0.000003
0  -5.518149 -1.559386 61.563816  -0.248468 -0.492172 0.834285  0.078673 0.297426 2 4 0.999939 3 0.000061
barc_straps
0  -5.021356 -1.697753 61.621727  -0.216478 -0.438263 0.872389  0.100700 0.295932 2 4 0.999997 3 0.000003
0  -5.168105 -2.014599 61.394482  -0.263710 -0.630407 0.730098  0.096064 0.278921 2 4 0.999975 3 0.000025
0  -4.530284 -2.091928 61.534615  -0.221275 -0.562177 0.796866  0.123537 0.281897 2 4 0.999995 3 0.000005
barc_straps
0  -5.250495 -1.731880 61.556355  -0.266910 -0.485124 0.832715  0.091176 0.292248 2 4 0.999994 3 0.000006
0  -5.823318 -1.816357 61.265877  -0.360083 -0.641655 0.677214  0.066514 0.279954 2 4 0.999993 3 0.000007
0  -5.168105 -2.014599 61.394482  -0.263710 -0.630407 0.730098  0.096064 0.278921 2 4 0.999975 3 0.000025
barc_straps
0  -5.518149 -1.559386 61.563816  -0.248468 -0.492172 0.834285  0.078673 0.297426 2 4 0.999939 3 0.000061
0  -5.757742 -1.494063 61.546120  -0.202280 -0.541761 0.815830  0.068062 0.298327 2 4 0.999994 3 0.000006
0  -5.823318 -1.816357 61.265877  -0.360083 -0.641655 0.677214  0.066514 0.279954 2 4 0.999993 3 0.000007
barc_straps
0  -5.640484 -1.428983 61.593063  -0.163781 -0.382179 0.909459  0.072642 0.302302 2 4 0.999991 3 0.000009
0  -5.743915 -1.274983 61.644333  -0.142339 -0.397404 0.906537  0.067319 0.308564 2 4 0.999997 3 0.000003
0  -5.757742 -1.494063 61.546120  -0.202280 -0.541761 0.815830  0.068062 0.298327 2 4 0.999994 3 0.000006
barc_straps
0  -5.640484 -1.428983 61.593063  -0.163781 -0.382179 0.909459  0.072642 0.302302 2 4 0.999991 3 0.000009
0  -5.376390 -1.356114 61.674477  -0.197717 -0.359622 0.911910  0.083433 0.308015 2 4 0.999997 3 0.000003
0  -5.603443 -1.290310 61.659668  -0.160776 -0.392085 0.905771  0.073368 0.309022 2 4 0.999997 3 0.000003
barc_straps
0  -3.986080 -1.872310 61.722885  -0.080893 -0.468978 0.879498  0.145445 0.295844 1 4 1.000000
0  -4.530284 -2.091928 61.534615  -0.221275 -0.562177 0.796866  0.123537 0.281897 2 4 0.999995 3 0.000005
0  -3.770988 -2.029030 61.660095  -0.086179 -0.501239 0.861007  0.155194 0.289559 2 4 0.999999 3 0.000001
barc_straps
0  -3.986080 -1.872310 61.722885  -0.080893 -0.468978 0.879498  0.145445 0.295844 1 4 1.000000
0  -4.247130 -1.619056 61.823204  -0.093878 -0.414953 0.904987  0.133259 0.306303 2 4 0.999999 3 0.000001
0  -4.345722 -1.825010 61.716476  -0.108853 -0.469539 0.876176  0.130086 0.296080 1 4 1.000000
barc_straps
0  -3.716591 -1.789445 61.781364  -0.060715 -0.436091 0.897852  0.156497 0.301140 1 4 1.000000
0  -3.770988 -2.029030 61.660095  -0.086179 -0.501239 0.861007  0.155194 0.289559 2 4 0.999999 3 0.000001
0  -3.027937 -1.995687 61.725460  -0.059085 -0.440087 0.896009  0.186532 0.294673 1 4 1.000000
barc_straps
0  -5.021356 -1.697753 61.621727  -0.216478 -0.438263 0.872389  0.100700 0.295932 2 4 0.999997 3 0.000003
0  -4.998368 -1.450092 61.721931  -0.206074 -0.351305 0.913301  0.100151 0.307311 2 4 0.999998 3 0.000002
0  -5.376390 -1.356114 61.674477  -0.197717 -0.359622 0.911910  0.083433 0.308015 2 4 0.999997 3 0.000003
barc_straps
0  -4.859093 -1.641349 61.680378  -0.211830 -0.349086 0.912835  0.107260 0.299962 1 4 1.000000
0  -4.686347 -1.517834 61.768433  -0.221728 -0.351889 0.909402  0.113898 0.307149 1 4 1.000000
0  -4.998368 -1.450092 61.721931  -0.206074 -0.351305 0.913301  0.100151 0.307311 2 4 0.999998 3 0.000002
barc_straps
0  -4.632489 -1.750018 61.692017  -0.220154 -0.413730 0.883380  0.117555 0.297172 2 4 0.999999 3 0.000001
0  -5.021356 -1.697753 61.621727  -0.216478 -0.438263 0.872389  0.100700 0.295932 2 4 0.999997 3 0.000003
0  -4.530284 -2.091928 61.534615  -0.221275 -0.562177 0.796866  0.123537 0.281897 2 4 0.999995 3 0.000005
barc_straps
0  -5.442678 -3.122226 59.037701  0.593962 0.716769 -0.365311  0.383869 0.087315 2 4 0.957023 3 0.042977
0  -5.701278 -3.242956 58.137455  0.668303 0.670382 -0.322427  0.373990 0.078423 3 4 0.906083 2 0.000059 3 0.093858
0  -5.747200 -2.977676 58.685444  0.684994 0.678876 -0.264405  0.382311 0.080649 3 4 0.802647 2 0.000514 3 0.196839
barc_straps
0  -5.747200 -2.977676 58.685444  0.684994 0.678876 -0.264405  0.382311 0.080649 3 4 0.802647 2 0.000514 3 0.196839
0  -6.459110 -2.551364 57.870132  0.695391 0.657929 -0.289069  0.379460 0.064479 2 4 0.921756 3 0.078244
0  -6.197138 -2.463391 58.854820  0.675606 0.681476 -0.281332  0.389998 0.074366 2 4 0.794417 3 0.205583
barc_straps
0  -6.197138 -2.463391 58.854820  0.675606 0.681476 -0.281332  0.389998 0.074366 2 4 0.794417 3 0.205583
0  -5.442678 -3.122226 59.037701  0.593962 0.716769 -0.365311  0.383869 0.087315 2 4 0.957023 3 0.042977
0  -5.747200 -2.977676 58.685444  0.684994 0.678876 -0.264405  0.382311 0.080649 3 4 0.802647 2 0.000514 3 0.196839
barc_straps
0  -5.701278 -3.242956 58.137455  0.668303 0.670382 -0.322427  0.373990 0.078423 3 4 0.906083 2 0.000059 3 0.093858
0  -5.472371 -3.858328 57.455982  0.649581 0.652864 -0.389633  0.360630 0.079156 3 2 0.001200 4 0.668290 3 0.330510
0  -5.737418 -3.441986 57.670048  0.685192 0.634084 -0.358399  0.367361 0.075614 3 2 0.001690 4 0.632335 3 0.365975
barc_straps
0  -5.737418 -3.441986 57.670048  0.685192 0.634084 -0.358399  0.367361 0.075614 3 2 0.001690 4 0.632335 3 0.365975
0  -5.906622 -3.749030 56.849606  0.685422 0.621773 -0.378939  0.356401 0.069371 4 2 0.000533 3 0.460412 4 0.536943 8 0.002112
0  -6.189075 -3.150462 57.338177  0.686598 0.633689 -0.356399  0.367721 0.066693 3 2 0.002231 4 0.416438 3 0.581331
barc_straps
0  -6.189075 -3.150462 57.338177  0.686598 0.633689 -0.356399  0.367721 0.066693 3 2 0.002231 4 0.416438 3 0.581331
0  -5.701278 -3.242956 58.137455  0.668303 0.670382 -0.322427  0.373990 0.078423 3 4 0.906083 2 0.000059 3 0.093858
0  -5.737418 -3.441986 57.670048  0.685192 0.634084 -0.358399  0.367361 0.075614 3 2 0.001690 4 0.632335 3 0.365975
barc_straps
0  -5.371214 -4.228909 57.042583  0.656671 0.644478 -0.391704  0.352657 0.079198 3 2 0.002459 3 0.478710 4 0.518831
0  -5.906622 -3.749030 56.849606  0.685422 0.621773 -0.378939  0.356401 0.069371 4 2 0.000533 3 0.460412 4 0.536943 8 0.002112
0  -5.472371 -3.858328 57.455982  0.649581 0.652864 -0.389633  0.360630 0.079156 3 2 0.001200 4 0.668290 3 0.330510
barc_straps
0  -5.472371 -3.858328 57.455982  0.649581 0.652864 -0.389633  0.360630 0.079156 3 2 0.001200 4 0.668290 3 0.330510
0  -5.017654 -4.523840 57.065098  0.547964 0.721866 -0.422663  0.349279 0.084768 3 2 0.001943 3 0.421289 4 0.576768
0  -5.371214 -4.228909 57.042583  0.656671 0.644478 -0.391704  0.352657 0.079198 3 2 0.002459 3 0.478710 4 0.518831
barc_straps
0  -5.017654 -4.523840 57.065098  0.547964 0.721866 -0.422663  0.349279 0.084768 3 2 0.001943 3 0.421289 4 0.576768
0  -5.616649 -4.344361 56.414436  0.658212 0.635193 -0.404088  0.345651 0.072539 3 2 0.004416 3 0.662097 4 0.333487
0  -5.371214 -4.228909 57.042583  0.656671 0.644478 -0.391704  0.352657 0.079198 3 2 0.002459 3 0.478710 4 0.518831
barc_straps
0  -5.017654 -4.523840 57.065098  0.547964 0.721866 -0.422663  0.349279 0.084768 3 2 0.001943 3 0.421289 4 0.576768
0  -4.014727 -4.980188 57.358944  0.424871 0.791651 -0.439059  0.345492 0.100382 3 2 0.001796 4 0.603062 3 0.395142
0  -4.457448 -4.960185 56.920563  0.466538 0.776275 -0.423957  0.342277 0.092227 3 2 0.000664 3 0.216402 4 0.782934
barc_straps
0  -4.014727 -4.980188 57.358944  0.424871 0.791651 -0.439059  0.345492 0.100382 3 2 0.001796 4 0.603062 3 0.395142
0  -4.236073 -5.443047 56.241966  0.431694 0.800857 -0.415051  0.330112 0.092422 3 2 0.004484 3 0.653391 4 0.342125
0  -4.457448 -4.960185 56.920563  0.466538 0.776275 -0.423957  0.342277 0.092227 3 2 0.000664 3 0.216402 4 0.782934
barc_straps
0  -4.457448 -4.960185 56.920563  0.466538 0.776275 -0.423957  0.342277 0.092227 3 2 0.000664 3 0.216402 4 0.782934
0  -5.349232 -4.916076 56.007561  0.522431 0.737975 -0.427153  0.335469 0.075527 3 2 0.005940 3 0.745268 4 0.248792
0  -5.017654 -4.523840 57.065098  0.547964 0.721866 -0.422663  0.349279 0.084768 3 2 0.001943 3 0.421289 4 0.576768
barc_straps
0  -5.195345 -2.276941 60.533821  0.356066 0.699192 -0.619958  0.406134 0.097086 2 4 0.999316 3 0.000684
0  -5.332679 -2.740793 59.827976  0.488215 0.724076 -0.487196  0.395131 0.092408 2 4 0.997993 3 0.002007
0  -5.433730 -2.331613 60.290329  0.509175 0.699730 -0.501118  0.403869 0.092825 2 4 0.992782 3 0.007218
barc_straps
0  -5.433730 -2.331613 60.290329  0.509175 0.699730 -0.501118  0.403869 0.092825 2 4 0.992782 3 0.007218
0  -5.977648 -2.290494 59.720016  0.597474 0.696242 -0.397835  0.400035 0.082387 2 4 0.998956 3 0.001044
0  -5.798355 -1.943842 60.467632  0.479812 0.696867 -0.533064  0.410374 0.088342 2 4 0.987898 3 0.012102
barc_straps
0  -5.798355 -1.943842 60.467632  0.479812 0.696867 -0.533064  0.410374 0.088342 2 4 0.987898 3 0.012102
0  -5.195345 -2.276941 60.533821  0.356066 0.699192 -0.619958  0.406134 0.097086 2 4 0.999316 3 0.000684
0  -5.433730 -2.331613 60.290329  0.509175 0.699730 -0.501118  0.403869 0.092825 2 4 0.992782 3 0.007218
barc_straps
0  -4.766635 -3.448944 59.234509  0.400306 0.780029 -0.480947  0.380988 0.097789 2 4 0.984624 3 0.015376
0  -5.332679 -2.740793 59.827976  0.488215 0.724076 -0.487196  0.395131 0.092408 2 4 0.997993 3 0.002007
0  -4.670328 -2.968057 60.004391  0.298626 0.741743 -0.600533  0.392921 0.102239 2 4 0.997598 3 0.002402
barc_straps
0  -3.862215 -3.899441 59.113937  0.331634 0.765113 -0.551925  0.372981 0.109561 2 4 0.991691 3 0.008309
0  -4.766635 -3.448944 59.234509  0.400306 0.780029 -0.480947  0.380988 0.097789 2 4 0.984624 3 0.015376
0  -3.809364 -3.385221 59.874626  0.252156 0.738171 -0.625717  0.385285 0.113320 2 4 0.998668 3 0.001332
barc_straps
0  -3.691901 -4.558253 58.355991  0.383578 0.758158 -0.527318  0.358756 0.108991 2 4 0.970171 3 0.029829
0  -2.788598 -4.328374 59.157349  0.213594 0.758473 -0.615708  0.366419 0.124322 2 4 0.997393 3 0.002607
0  -2.579211 -4.968671 58.445972  0.192085 0.794423 -0.576191  0.352819 0.124420 2 4 0.979722 3 0.020278
barc_straps
0  -4.014727 -4.980188 57.358944  0.424871 0.791651 -0.439059  0.345492 0.100382 3 2 0.001796 4 0.603062 3 0.395142
0  -3.691901 -4.558253 58.355991  0.383578 0.758158 -0.527318  0.358756 0.108991 2 4 0.970171 3 0.029829
0  -2.949797 -5.430695 57.492271  0.310463 0.828535 -0.465985  0.339881 0.115683 3 4 0.812299 2 0.000227 3 0.187474
barc_straps
0  -2.326978 -5.764134 57.219696  0.238100 0.859095 -0.453060  0.332182 0.122968 2 3 0.304889 4 0.695111
0  -3.133592 -5.892670 56.438362  0.355078 0.833533 -0.423252  0.325039 0.108725 2 3 0.591534 4 0.408466
0  -2.949797 -5.430695 57.492271  0.310463 0.828535 -0.465985  0.339881 0.115683 3 4 0.812299 2 0.000227 3 0.187474
barc_straps
0  -2.949797 -5.430695 57.492271  0.310463 0.828535 -0.465985  0.339881 0.115683 3 4 0.812299 2 0.000227 3 0.187474
0  -1.913005 -5.638916 57.561008  0.122508 0.835629 -0.535459  0.335611 0.129907 2 4 0.832059 3 0.167941
0  -2.326978 -5.764134 57.219696  0.238100 0.859095 -0.453060  0.332182 0.122968 2 3 0.304889 4 0.695111
barc_straps
0  -1.913005 -5.638916 57.561008  0.122508 0.835629 -0.535459  0.335611 0.129907 2 4 0.832059 3 0.167941
0  -2.088356 -6.156393 56.568909  0.210551 0.862254 -0.460637  0.320975 0.123563 2 3 0.559699 4 0.440301
0  -2.326978 -5.764134 57.219696  0.238100 0.859095 -0.453060  0.332182 0.122968 2 3 0.304889 4 0.695111
barc_straps
0  -0.728651 -6.245993 56.834061  0.094854 0.793548 -0.601069  0.318820 0.143117 3 2 0.000002 3 0.449129 4 0.550869
0  -0.680469 -6.133503 56.990177  0.065545 0.800606 -0.595596  0.321314 0.144401 2 3 0.417185 4 0.582815
0  -0.623299 -6.205608 56.904373  0.079805 0.788703 -0.609573  0.319588 0.144833 2 3 0.380958 4 0.619042
barc_straps
0  -0.680469 -6.133503 56.990177  0.065545 0.800606 -0.595596  0.321314 0.144401 2 3 0.417185 4 0.582815
0  -0.462723 -6.147810 56.995930  0.067875 0.786010 -0.614476  0.320558 0.147393 2 3 0.374417 4 0.625583
0  -0.623299 -6.205608 56.904373  0.079805 0.788703 -0.609573  0.319588 0.144833 2 3 0.380958 4 0.619042
barc_straps
0  -1.913005 -5.638916 57.561008  0.122508 0.835629 -0.535459  0.335611 0.129907 2 4 0.832059 3 0.167941
0  -1.476189 -5.140348 58.316509  0.041453 0.812837 -0.581015  0.346584 0.138776 3 4 0.917973 2 0.000003 3 0.082024
0  -0.885156 -5.684092 57.578979  0.045633 0.810420 -0.584070  0.332159 0.143962 2 4 0.975381 3 0.024619
barc_straps
0  -1.421682 -3.849725 59.871017  0.055346 0.755411 -0.652910  0.374131 0.145559 1 4 1.000000
0  -1.602122 -3.435566 60.326286  0.083704 0.706067 -0.703181  0.383120 0.144823 1 4 1.000000
0  -1.205862 -3.659240 60.112999  0.039772 0.754292 -0.655334  0.377747 0.149422 1 4 1.000000
barc_straps
0  -1.205862 -3.659240 60.112999  0.039772 0.754292 -0.655334  0.377747 0.149422 1 4 1.000000
0  -0.677440 -3.225768 60.622662  0.057654 0.710433 -0.701399  0.385494 0.158641 1 4 1.000000
0  -0.373499 -3.609390 60.212029  0.023567 0.753375 -0.657168  0.376829 0.161241 1 4 1.000000
barc_straps
0  -1.205862 -3.659240 60.112999  0.039772 0.754292 -0.655334  0.377747 0.149422 1 4 1.000000
0  -0.370428 -3.921369 59.831425  0.028913 0.772641 -0.634185  0.370006 0.159845 1 4 1.000000
0  -1.421682 -3.849725 59.871017  0.055346 0.755411 -0.652910  0.374131 0.145559 1 4 1.000000
barc_straps
0  -1.542881 -2.889540 60.825047  0.099493 0.657361 -0.746979  0.393182 0.147619 1 4 1.000000
0  -1.329163 -2.840734 60.894356  0.104412 0.632565 -0.767437  0.393756 0.150816 1 4 1.000000
0  -1.129074 -2.902442 60.867863  0.103617 0.685403 -0.720754  0.392333 0.153438 1 4 1.000000
barc_straps
0  -1.129074 -2.902442 60.867863  0.103617 0.685403 -0.720754  0.392333 0.153438 1 4 1.000000
0  -0.677440 -3.225768 60.622662  0.057654 0.710433 -0.701399  0.385494 0.158641 1 4 1.000000
0  -1.542881 -2.889540 60.825047  0.099493 0.657361 -0.746979  0.393182 0.147619 1 4 1.000000
barc_straps
0  -3.809364 -3.385221 59.874626  0.252156 0.738171 -0.625717  0.385285 0.113320 2 4 0.998668 3 0.001332
0  -2.748743 -3.076506 60.481781  0.163801 0.657943 -0.735038  0.391275 0.129902 1 4 1.000000
0  -2.729788 -3.750306 59.852814  0.167553 0.730310 -0.662248  0.378575 0.127734 2 4 0.999890 3 0.000110
barc_straps
0  -3.740570 -2.730038 60.533092  0.181722 0.690733 -0.699903  0.397857 0.116728 2 4 0.999804 3 0.000196
0  -4.567313 -2.381114 60.684525  0.215137 0.705258 -0.675520  0.404896 0.106132 2 4 0.999932 3 0.000068
0  -3.671307 -2.145630 61.120472  0.118335 0.648833 -0.751673  0.409095 0.119822 2 4 0.999994 3 0.000006
barc_straps
0  -4.567313 -2.381114 60.684525  0.215137 0.705258 -0.675520  0.404896 0.106132 2 4 0.999932 3 0.000068
0  -5.059367 -1.780985 61.099594  0.242923 0.621548 -0.744759  0.416051 0.101011 2 4 0.999975 3 0.000025
0  -4.459879 -1.864952 61.223347  0.232288 0.584844 -0.777174  0.414815 0.109526 2 4 0.999995 3 0.000005
barc_straps
0  -4.423377 -1.574638 61.383751  0.183674 0.416933 -0.890186  0.419324 0.110636 1 4 1.000000
0  -4.459879 -1.864952 61.223347  0.232288 0.584844 -0.777174  0.414815 0.109526 2 4 0.999995 3 0.000005
0  -4.545935 -1.588905 61.345730  0.221784 0.404206 -0.887372  0.419132 0.108837 2 4 0.999999 3 0.000001
barc_straps
0  -4.545935 -1.588905 61.345730  0.221784 0.404206 -0.887372  0.419132 0.108837 2 4 0.999999 3 0.000001
0  -4.406050 -1.440998 61.439804  0.214072 0.354498 -0.910222  0.421321 0.111104 1 4 1.000000
0  -4.423377 -1.574638 61.383751  0.183674 0.416933 -0.890186  0.419324 0.110636 1 4 1.000000
barc_straps
0  -4.423377 -1.574638 61.383751  0.183674 0.416933 -0.890186  0.419324 0.110636 1 4 1.000000
0  -4.206204 -1.458235 61.468479  0.090351 0.415177 -0.905243  0.420915 0.113938 2 4 0.999999 3 0.000001
0  -4.299260 -1.643891 61.372391  0.103291 0.465385 -0.879061  0.418167 0.112263 1 4 1.000000
barc_straps
0  -1.216026 -4.696392 58.879196  0.014088 0.769007 -0.639085  0.355606 0.144535 2 4 0.995865 3 0.004135
0  -0.396482 -4.923084 58.620541  0.011766 0.771462 -0.636167  0.348367 0.154756 2 4 0.988513 3 0.011487
0  -1.419111 -4.943780 58.576546  0.037851 0.776654 -0.628790  0.350868 0.140567 2 4 0.991735 3 0.008265
barc_straps
0  -1.419111 -4.943780 58.576546  0.037851 0.776654 -0.628790  0.350868 0.140567 2 4 0.991735 3 0.008265
0  -1.623198 -4.501778 59.100983  0.049024 0.762283 -0.645384  0.360872 0.139839 2 4 0.997936 3 0.002064
0  -1.216026 -4.696392 58.879196  0.014088 0.769007 -0.639085  0.355606 0.144535 2 4 0.995865 3 0.004135
barc_straps
0  -1.216026 -4.696392 58.879196  0.014088 0.769007 -0.639085  0.355606 0.144535 2 4 0.995865 3 0.004135
0  -0.377933 -4.163381 59.538242  0.019655 0.763770 -0.645189  0.364774 0.158625 2 4 0.998476 3 0.001524
0  -0.388943 -4.541293 59.082123  0.012095 0.770066 -0.637850  0.356622 0.156690 1 4 1.000000
barc_straps
0  -0.351389 -3.241308 60.606491  0.014944 0.762523 -0.646789  0.516999 0.564389 1 4 1.000000
0  -0.541382 -3.106696 60.761711  0.079859 0.729420 -0.679389  0.517417 0.551948 1 4 1.000000
0  -0.325589 -3.156610 60.723484  0.079220 0.799081 -0.595982  0.520471 0.560162 1 4 1.000000
barc_straps
0  -1.219794 -3.942596 59.767010  0.026236 0.767560 -0.640440  0.371621 0.147935 1 4 1.000000
0  -0.377933 -4.163381 59.538242  0.019655 0.763770 -0.645189  0.364774 0.158625 2 4 0.998476 3 0.001524
0  -1.632193 -4.009427 59.673790  0.047698 0.755185 -0.653774  0.371252 0.141926 2 4 0.999933 3 0.000067
barc_straps
0  -1.632193 -4.009427 59.673790  0.047698 0.755185 -0.653774  0.371252 0.141926 2 4 0.999933 3 0.000067
0  -1.421682 -3.849725 59.871017  0.055346 0.755411 -0.652910  0.374131 0.145559 1 4 1.000000
0  -1.219794 -3.942596 59.767010  0.026236 0.767560 -0.640440  0.371621 0.147935 1 4 1.000000
barc_straps
0  -1.219794 -3.942596 59.767010  0.026236 0.767560 -0.640440  0.371621 0.147935 1 4 1.000000
0  -0.370428 -3.921369 59.831425  0.028913 0.772641 -0.634185  0.370006 0.159845 1 4 1.000000
0  -0.372792 -4.032412 59.696228  0.028495 0.770539 -0.636756  0.367595 0.159299 1 4 1.000000
barc_straps
0  -0.680469 -6.133503 56.990177  0.065545 0.800606 -0.595596  0.321314 0.144401 2 3 0.417185 4 0.582815
0  -0.885156 -5.684092 57.578979  0.045633 0.810420 -0.584070  0.332159 0.143962 2 4 0.975381 3 0.024619
0  -0.626844 -5.847565 57.375973  0.049331 0.804516 -0.591878  0.327751 0.146680 2 3 0.220970 4 0.779030
barc_straps
0  -0.885156 -5.684092 57.578979  0.045633 0.810420 -0.584070  0.332159 0.143962 2 4 0.975381 3 0.024619
0  -0.396977 -5.594152 57.746532  0.058150 0.801619 -0.595001  0.333189 0.151286 2 4 0.901802 3 0.098198
0  -0.626844 -5.847565 57.375973  0.049331 0.804516 -0.591878  0.327751 0.146680 2 3 0.220970 4 0.779030
barc_straps
0  -0.626844 -5.847565 57.375973  0.049331 0.804516 -0.591878  0.327751 0.146680 2 3 0.220970 4 0.779030
0  -0.451978 -5.993704 57.194340  0.057432 0.799901 -0.597377  0.323984 0.148344 2 3 0.290264 4 0.709736
0  -0.680469 -6.133503 56.990177  0.065545 0.800606 -0.595596  0.321314 0.144401 2 3 0.417185 4 0.582815
barc_straps
0  -1.476189 -5.140348 58.316509  0.041453 0.812837 -0.581015  0.346584 0.138776 3 4 0.917973 2 0.000003 3 0.082024
0  -1.419111 -4.943780 58.576546  0.037851 0.776654 -0.628790  0.350868 0.140567 2 4 0.991735 3 0.008265
0  -1.221589 -5.035728 58.467842  0.015464 0.791018 -0.611597  0.348310 0.142834 2 4 0.984307 3 0.015693
barc_straps
0  -1.221589 -5.035728 58.467842  0.015464 0.791018 -0.611597  0.348310 0.142834 2 4 0.984307 3 0.015693
0  -0.396482 -4.923084 58.620541  0.011766 0.771462 -0.636167  0.348367 0.154756 2 4 0.988513 3 0.011487
0  -0.399288 -5.057019 58.456604  0.011938 0.786830 -0.617054  0.345460 0.154061 2 4 0.985903 3 0.014097
barc_straps
0  -1.221589 -5.035728 58.467842  0.015464 0.791018 -0.611597  0.348310 0.142834 2 4 0.984307 3 0.015693
0  -0.399406 -5.195000 58.273365  0.024319 0.807611 -0.589215  0.342302 0.153345 3 4 0.847441 2 0.000002 3 0.152557
0  -1.476189 -5.140348 58.316509  0.041453 0.812837 -0.581015  0.346584 0.138776 3 4 0.917973 2 0.000003 3 0.082024
barc_straps
0  -2.748743 -3.076506 60.481781  0.163801 0.657943 -0.735038  0.391275 0.129902 1 4 1.000000
0  -1.602122 -3.435566 60.326286  0.083704 0.706067 -0.703181  0.383120 0.144823 1 4 1.000000
0  -2.729788 -3.750306 59.852814  0.167553 0.730310 -0.662248  0.378575 0.127734 2 4 0.999890 3 0.000110
barc_straps
0  -0.404039 -3.484655 60.326740  -0.043652 0.731559 -0.680379  0.379265 0.161324 1 4 1.000000
0  -0.677440 -3.225768 60.622662  0.057654 0.710433 -0.701399  0.385494 0.158641 1 4 1.000000
0  -0.351389 -3.241308 60.606491  0.014944 0.762523 -0.646789  0.384262 0.163102 1 4 1.000000
barc_straps
0  -2.788598 -4.328374 59.157349  0.213594 0.758473 -0.615708  0.366419 0.124322 2 4 0.997393 3 0.002607
0  -1.623198 -4.501778 59.100983  0.049024 0.762283 -0.645384  0.360872 0.139839 2 4 0.997936 3 0.002064
0  -2.579211 -4.968671 58.445972  0.192085 0.794423 -0.576191  0.352819 0.124420 2 4 0.979722 3 0.020278
barc_straps
0  -3.671307 -2.145630 61.120472  0.118335 0.648833 -0.751673  0.409095 0.119822 2 4 0.999994 3 0.000006
0  -3.737722 -1.835742 61.321133  0.083802 0.495389 -0.864620  0.414374 0.119709 2 4 0.999999 3 0.000001
0  -3.435257 -1.992646 61.265766  0.079122 0.511158 -0.855837  0.411453 0.123589 2 4 0.999999 3 0.000001
barc_straps
0  -3.435257 -1.992646 61.265766  0.079122 0.511158 -0.855837  0.411453 0.123589 2 4 0.999999 3 0.000001
0  -3.004806 -1.823342 61.374573  0.057081 0.433899 -0.899151  0.413337 0.130010 1 4 1.000000
0  -2.881641 -2.044959 61.275330  0.085824 0.521441 -0.848960  0.409676 0.131221 1 4 1.000000
barc_straps
0  -2.881641 -2.044959 61.275330  0.085824 0.521441 -0.848960  0.409676 0.131221 1 4 1.000000
0  -3.671307 -2.145630 61.120472  0.118335 0.648833 -0.751673  0.409095 0.119822 2 4 0.999994 3 0.000006
0  -3.435257 -1.992646 61.265766  0.079122 0.511158 -0.855837  0.411453 0.123589 2 4 0.999999 3 0.000001
barc_straps
0  -4.939460 -1.534167 61.275467  0.232629 0.426384 -0.874117  0.420040 0.103245 2 4 0.999997 3 0.000003
0  -5.426793 -1.380664 61.227543  0.187245 0.474209 -0.860270  0.422409 0.096410 2 4 0.999939 3 0.000061
0  -5.300906 -1.213502 61.317654  0.194217 0.352279 -0.915521  0.424912 0.098455 2 4 0.999997 3 0.000003
barc_straps
0  -5.426793 -1.380664 61.227543  0.187245 0.474209 -0.860270  0.422409 0.096410 2 4 0.999939 3 0.000061
0  -5.683892 -1.299537 61.214359  0.206118 0.547043 -0.811332  0.423748 0.092824 2 4 0.999994 3 0.000006
0  -5.577713 -1.279584 61.236546  0.159764 0.370494 -0.914991  0.423986 0.094367 2 4 0.999991 3 0.000009
barc_straps
0  -5.577713 -1.279584 61.236546  0.159764 0.370494 -0.914991  0.423986 0.094367 2 4 0.999991 3 0.000009
0  -5.688193 -1.119353 61.289322  0.131813 0.390893 -0.910949  0.426504 0.093023 2 4 0.999997 3 0.000003
0  -5.541575 -1.136437 61.304897  0.161529 0.391739 -0.905787  0.426170 0.095098 2 4 0.999997 3 0.000003
barc_straps
0  -5.577713 -1.279584 61.236546  0.159764 0.370494 -0.914991  0.423986 0.094367 2 4 0.999991 3 0.000009
0  -5.300906 -1.213502 61.317654  0.194217 0.352279 -0.915521  0.424912 0.098455 2 4 0.999997 3 0.000003
0  -5.426793 -1.380664 61.227543  0.187245 0.474209 -0.860270  0.422409 0.096410 2 4 0.999939 3 0.000061
barc_straps
0  -3.955219 -1.693099 61.376049  0.078490 0.464130 -0.882283  0.416919 0.116974 1 4 1.000000
0  -4.459879 -1.864952 61.223347  0.232288 0.584844 -0.777174  0.414815 0.109526 2 4 0.999995 3 0.000005
0  -4.299260 -1.643891 61.372391  0.103291 0.465385 -0.879061  0.418167 0.112263 1 4 1.000000
barc_straps
0  -3.955219 -1.693099 61.376049  0.078490 0.464130 -0.882283  0.416919 0.116974 1 4 1.000000
0  -4.206204 -1.458235 61.468479  0.090351 0.415177 -0.905243  0.420915 0.113938 2 4 0.999999 3 0.000001
0  -3.692943 -1.618349 61.429897  0.060205 0.433230 -0.899270  0.417675 0.120820 1 4 1.000000
barc_straps
0  -3.692943 -1.618349 61.429897  0.060205 0.433230 -0.899270  0.417675 0.120820 1 4 1.000000
0  -3.737722 -1.835742 61.321133  0.083802 0.495389 -0.864620  0.414374 0.119709 2 4 0.999999 3 0.000001
0  -3.955219 -1.693099 61.376049  0.078490 0.464130 -0.882283  0.416919 0.116974 1 4 1.000000
barc_straps
0  -4.939460 -1.534167 61.275467  0.232629 0.426384 -0.874117  0.420040 0.103245 2 4 0.999997 3 0.000003
0  -4.917676 -1.312506 61.364269  0.204387 0.348481 -0.914761  0.423356 0.103865 2 4 0.999998 3 0.000002
0  -4.776240 -1.505027 61.322731  0.211306 0.345519 -0.914312  0.420432 0.105634 1 4 1.000000
barc_straps
0  -4.776240 -1.505027 61.322731  0.211306 0.345519 -0.914312  0.420432 0.105634 1 4 1.000000
0  -4.599097 -1.380033 61.412388  0.221419 0.349930 -0.910232  0.422271 0.108382 1 4 1.000000
0  -4.545935 -1.588905 61.345730  0.221784 0.404206 -0.887372  0.419132 0.108837 2 4 0.999999 3 0.000001
barc_straps
0  -4.545935 -1.588905 61.345730  0.221784 0.404206 -0.887372  0.419132 0.108837 2 4 0.999999 3 0.000001
0  -4.939460 -1.534167 61.275467  0.232629 0.426384 -0.874117  0.420040 0.103245 2 4 0.999997 3 0.000003
0  -4.776240 -1.505027 61.322731  0.211306 0.345519 -0.914312  0.420432 0.105634 1 4 1.000000
barc_straps
0  -5.442678 -3.122226 59.037701  0.593962 0.716769 -0.365311  0.383869 0.087315 2 4 0.957023 3 0.042977
0  -4.848334 -3.973431 58.263916  0.501300 0.747764 -0.435371  0.366407 0.092451 3 4 0.886687 2 0.000155 3 0.113158
0  -5.701278 -3.242956 58.137455  0.668303 0.670382 -0.322427  0.373990 0.078423 3 4 0.906083 2 0.000059 3 0.093858
barc_straps
0  -5.747200 -2.977676 58.685444  0.684994 0.678876 -0.264405  0.382311 0.080649 3 4 0.802647 2 0.000514 3 0.196839
0  -5.701278 -3.242956 58.137455  0.668303 0.670382 -0.322427  0.373990 0.078423 3 4 0.906083 2 0.000059 3 0.093858
0  -6.459110 -2.551364 57.870132  0.695391 0.657929 -0.289069  0.379460 0.064479 2 4 0.921756 3 0.078244
barc_straps
0  -6.197138 -2.463391 58.854820  0.675606 0.681476 -0.281332  0.389998 0.074366 2 4 0.794417 3 0.205583
0  -5.977648 -2.290494 59.720016  0.597474 0.696242 -0.397835  0.400035 0.082387 2 4 0.998956 3 0.001044
0  -5.442678 -3.122226 59.037701  0.593962 0.716769 -0.365311  0.383869 0.087315 2 4 0.957023 3 0.042977
barc_straps
0  -5.701278 -3.242956 58.137455  0.668303 0.670382 -0.322427  0.373990 0.078423 3 4 0.906083 2 0.000059 3 0.093858
0  -4.848334 -3.973431 58.263916  0.501300 0.747764 -0.435371  0.366407 0.092451 3 4 0.886687 2 0.000155 3 0.113158
0  -5.472371 -3.858328 57.455982  0.649581 0.652864 -0.389633  0.360630 0.079156 3 2 0.001200 4 0.668290 3 0.330510
barc_straps
0  -5.737418 -3.441986 57.670048  0.685192 0.634084 -0.358399  0.367361 0.075614 3 2 0.001690 4 0.632335 3 0.365975
0  -5.472371 -3.858328 57.455982  0.649581 0.652864 -0.389633  0.360630 0.079156 3 2 0.001200 4 0.668290 3 0.330510
0  -5.906622 -3.749030 56.849606  0.685422 0.621773 -0.378939  0.356401 0.069371 4 2 0.000533 3 0.460412 4 0.536943 8 0.002112
barc_straps
0  -6.189075 -3.150462 57.338177  0.686598 0.633689 -0.356399  0.367721 0.066693 3 2 0.002231 4 0.416438 3 0.581331
0  -6.459110 -2.551364 57.870132  0.695391 0.657929 -0.289069  0.379460 0.064479 2 4 0.921756 3 0.078244
0  -5.701278 -3.242956 58.137455  0.668303 0.670382 -0.322427  0.373990 0.078423 3 4 0.906083 2 0.000059 3 0.093858
barc_straps
0  -5.371214 -4.228909 57.042583  0.656671 0.644478 -0.391704  0.352657 0.079198 3 2 0.002459 3 0.478710 4 0.518831
0  -5.616649 -4.344361 56.414436  0.658212 0.635193 -0.404088  0.345651 0.072539 3 2 0.004416 3 0.662097 4 0.333487
0  -5.906622 -3.749030 56.849606  0.685422 0.621773 -0.378939  0.356401 0.069371 4 2 0.000533 3 0.460412 4 0.536943 8 0.002112
barc_straps
0  -5.472371 -3.858328 57.455982  0.649581 0.652864 -0.389633  0.360630 0.079156 3 2 0.001200 4 0.668290 3 0.330510
0  -4.848334 -3.973431 58.263916  0.501300 0.747764 -0.435371  0.366407 0.092451 3 4 0.886687 2 0.000155 3 0.113158
0  -5.017654 -4.523840 57.065098  0.547964 0.721866 -0.422663  0.349279 0.084768 3 2 0.001943 3 0.421289 4 0.576768
barc_straps
0  -5.017654 -4.523840 57.065098  0.547964 0.721866 -0.422663  0.349279 0.084768 3 2 0.001943 3 0.421289 4 0.576768
0  -5.349232 -4.916076 56.007561  0.522431 0.737975 -0.427153  0.335469 0.075527 3 2 0.005940 3 0.745268 4 0.248792
0  -5.616649 -4.344361 56.414436  0.658212 0.635193 -0.404088  0.345651 0.072539 3 2 0.004416 3 0.662097 4 0.333487
barc_straps
0  -5.017654 -4.523840 57.065098  0.547964 0.721866 -0.422663  0.349279 0.084768 3 2 0.001943 3 0.421289 4 0.576768
0  -4.848334 -3.973431 58.263916  0.501300 0.747764 -0.435371  0.366407 0.092451 3 4 0.886687 2 0.000155 3 0.113158
0  -4.014727 -4.980188 57.358944  0.424871 0.791651 -0.439059  0.345492 0.100382 3 2 0.001796 4 0.603062 3 0.395142
barc_straps
0  -4.014727 -4.980188 57.358944  0.424871 0.791651 -0.439059  0.345492 0.100382 3 2 0.001796 4 0.603062 3 0.395142
0  -3.133592 -5.892670 56.438362  0.355078 0.833533 -0.423252  0.325039 0.108725 2 3 0.591534 4 0.408466
0  -4.236073 -5.443047 56.241966  0.431694 0.800857 -0.415051  0.330112 0.092422 3 2 0.004484 3 0.653391 4 0.342125
barc_straps
0  -4.457448 -4.960185 56.920563  0.466538 0.776275 -0.423957  0.342277 0.092227 3 2 0.000664 3 0.216402 4 0.782934
0  -4.236073 -5.443047 56.241966  0.431694 0.800857 -0.415051  0.330112 0.092422 3 2 0.004484 3 0.653391 4 0.342125
0  -5.349232 -4.916076 56.007561  0.522431 0.737975 -0.427153  0.335469 0.075527 3 2 0.005940 3 0.745268 4 0.248792
barc_straps
0  -5.195345 -2.276941 60.533821  0.356066 0.699192 -0.619958  0.406134 0.097086 2 4 0.999316 3 0.000684
0  -4.670328 -2.968057 60.004391  0.298626 0.741743 -0.600533  0.392921 0.102239 2 4 0.997598 3 0.002402
0  -5.332679 -2.740793 59.827976  0.488215 0.724076 -0.487196  0.395131 0.092408 2 4 0.997993 3 0.002007
barc_straps
0  -5.433730 -2.331613 60.290329  0.509175 0.699730 -0.501118  0.403869 0.092825 2 4 0.992782 3 0.007218
0  -5.332679 -2.740793 59.827976  0.488215 0.724076 -0.487196  0.395131 0.092408 2 4 0.997993 3 0.002007
0  -5.977648 -2.290494 59.720016  0.597474 0.696242 -0.397835  0.400035 0.082387 2 4 0.998956 3 0.001044
barc_straps
0  -5.798355 -1.943842 60.467632  0.479812 0.696867 -0.533064  0.410374 0.088342 2 4 0.987898 3 0.012102
0  -5.690282 -1.571032 60.991150  0.361676 0.646509 -0.671727  0.418855 0.091955 2 4 0.999993 3 0.000007
0  -5.195345 -2.276941 60.533821  0.356066 0.699192 -0.619958  0.406134 0.097086 2 4 0.999316 3 0.000684
barc_straps
0  -4.766635 -3.448944 59.234509  0.400306 0.780029 -0.480947  0.380988 0.097789 2 4 0.984624 3 0.015376
0  -4.848334 -3.973431 58.263916  0.501300 0.747764 -0.435371  0.366407 0.092451 3 4 0.886687 2 0.000155 3 0.113158
0  -5.442678 -3.122226 59.037701  0.593962 0.716769 -0.365311  0.383869 0.087315 2 4 0.957023 3 0.042977
barc_straps
0  -5.442678 -3.122226 59.037701  0.593962 0.716769 -0.365311  0.383869 0.087315 2 4 0.957023 3 0.042977
0  -5.977648 -2.290494 59.720016  0.597474 0.696242 -0.397835  0.400035 0.082387 2 4 0.998956 3 0.001044
0  -5.332679 -2.740793 59.827976  0.488215 0.724076 -0.487196  0.395131 0.092408 2 4 0.997993 3 0.002007
barc_straps
0  -5.442678 -3.122226 59.037701  0.593962 0.716769 -0.365311  0.383869 0.087315 2 4 0.957023 3 0.042977
0  -5.332679 -2.740793 59.827976  0.488215 0.724076 -0.487196  0.395131 0.092408 2 4 0.997993 3 0.002007
0  -4.766635 -3.448944 59.234509  0.400306 0.780029 -0.480947  0.380988 0.097789 2 4 0.984624 3 0.015376
barc_straps
0  -3.862215 -3.899441 59.113937  0.331634 0.765113 -0.551925  0.372981 0.109561 2 4 0.991691 3 0.008309
0  -4.848334 -3.973431 58.263916  0.501300 0.747764 -0.435371  0.366407 0.092451 3 4 0.886687 2 0.000155 3 0.113158
0  -4.766635 -3.448944 59.234509  0.400306 0.780029 -0.480947  0.380988 0.097789 2 4 0.984624 3 0.015376
barc_straps
0  -4.766635 -3.448944 59.234509  0.400306 0.780029 -0.480947  0.380988 0.097789 2 4 0.984624 3 0.015376
0  -4.670328 -2.968057 60.004391  0.298626 0.741743 -0.600533  0.392921 0.102239 2 4 0.997598 3 0.002402
0  -3.809364 -3.385221 59.874626  0.252156 0.738171 -0.625717  0.385285 0.113320 2 4 0.998668 3 0.001332
barc_straps
0  -3.809364 -3.385221 59.874626  0.252156 0.738171 -0.625717  0.385285 0.113320 2 4 0.998668 3 0.001332
0  -2.729788 -3.750306 59.852814  0.167553 0.730310 -0.662248  0.378575 0.127734 2 4 0.999890 3 0.000110
0  -3.862215 -3.899441 59.113937  0.331634 0.765113 -0.551925  0.372981 0.109561 2 4 0.991691 3 0.008309
barc_straps
0  -3.691901 -4.558253 58.355991  0.383578 0.758158 -0.527318  0.358756 0.108991 2 4 0.970171 3 0.029829
0  -4.848334 -3.973431 58.263916  0.501300 0.747764 -0.435371  0.366407 0.092451 3 4 0.886687 2 0.000155 3 0.113158
0  -3.862215 -3.899441 59.113937  0.331634 0.765113 -0.551925  0.372981 0.109561 2 4 0.991691 3 0.008309
barc_straps
0  -3.862215 -3.899441 59.113937  0.331634 0.765113 -0.551925  0.372981 0.109561 2 4 0.991691 3 0.008309
0  -2.729788 -3.750306 59.852814  0.167553 0.730310 -0.662248  0.378575 0.127734 2 4 0.999890 3 0.000110
0  -2.788598 -4.328374 59.157349  0.213594 0.758473 -0.615708  0.366419 0.124322 2 4 0.997393 3 0.002607
barc_straps
0  -3.862215 -3.899441 59.113937  0.331634 0.765113 -0.551925  0.372981 0.109561 2 4 0.991691 3 0.008309
0  -2.788598 -4.328374 59.157349  0.213594 0.758473 -0.615708  0.366419 0.124322 2 4 0.997393 3 0.002607
0  -3.691901 -4.558253 58.355991  0.383578 0.758158 -0.527318  0.358756 0.108991 2 4 0.970171 3 0.029829
barc_straps
0  -4.014727 -4.980188 57.358944  0.424871 0.791651 -0.439059  0.345492 0.100382 3 2 0.001796 4 0.603062 3 0.395142
0  -4.848334 -3.973431 58.263916  0.501300 0.747764 -0.435371  0.366407 0.092451 3 4 0.886687 2 0.000155 3 0.113158
0  -3.691901 -4.558253 58.355991  0.383578 0.758158 -0.527318  0.358756 0.108991 2 4 0.970171 3 0.029829
barc_straps
0  -3.691901 -4.558253 58.355991  0.383578 0.758158 -0.527318  0.358756 0.108991 2 4 0.970171 3 0.029829
0  -2.579211 -4.968671 58.445972  0.192085 0.794423 -0.576191  0.352819 0.124420 2 4 0.979722 3 0.020278
0  -2.949797 -5.430695 57.492271  0.310463 0.828535 -0.465985  0.339881 0.115683 3 4 0.812299 2 0.000227 3 0.187474
barc_straps
0  -2.949797 -5.430695 57.492271  0.310463 0.828535 -0.465985  0.339881 0.115683 3 4 0.812299 2 0.000227 3 0.187474
0  -3.133592 -5.892670 56.438362  0.355078 0.833533 -0.423252  0.325039 0.108725 2 3 0.591534 4 0.408466
0  -4.014727 -4.980188 57.358944  0.424871 0.791651 -0.439059  0.345492 0.100382 3 2 0.001796 4 0.603062 3 0.395142
barc_straps
0  -2.326978 -5.764134 57.219696  0.238100 0.859095 -0.453060  0.332182 0.122968 2 3 0.304889 4 0.695111
0  -2.088356 -6.156393 56.568909  0.210551 0.862254 -0.460637  0.320975 0.123563 2 3 0.559699 4 0.440301
0  -3.133592 -5.892670 56.438362  0.355078 0.833533 -0.423252  0.325039 0.108725 2 3 0.591534 4 0.408466
barc_straps
0  -2.949797 -5.430695 57.492271  0.310463 0.828535 -0.465985  0.339881 0.115683 3 4 0.812299 2 0.000227 3 0.187474
0  -2.579211 -4.968671 58.445972  0.192085 0.794423 -0.576191  0.352819 0.124420 2 4 0.979722 3 0.020278
0  -1.913005 -5.638916 57.561008  0.122508 0.835629 -0.535459  0.335611 0.129907 2 4 0.832059 3 0.167941
barc_straps
0  -1.913005 -5.638916 57.561008  0.122508 0.835629 -0.535459  0.335611 0.129907 2 4 0.832059 3 0.167941
0  -1.054121 -6.348532 56.647648  0.114922 0.831409 -0.543647  0.316969 0.137940 2 3 0.529757 4 0.470243
0  -2.088356 -6.156393 56.568909  0.210551 0.862254 -0.460637  0.320975 0.123563 2 3 0.559699 4 0.440301
barc_straps
0  -0.728651 -6.245993 56.834061  0.094854 0.793548 -0.601069  0.318820 0.143117 3 2 0.000002 3 0.449129 4 0.550869
0  -1.054121 -6.348532 56.647648  0.114922 0.831409 -0.543647  0.316969 0.137940 2 3 0.529757 4 0.470243
0  -0.680469 -6.133503 56.990177  0.065545 0.800606 -0.595596  0.321314 0.144401 2 3 0.417185 4 0.582815
barc_straps
0  -0.680469 -6.133503 56.990177  0.065545 0.800606 -0.595596  0.321314 0.144401 2 3 0.417185 4 0.582815
0  -0.451978 -5.993704 57.194340  0.057432 0.799901 -0.597377  0.323984 0.148344 2 3 0.290264 4 0.709736
0  -0.462723 -6.147810 56.995930  0.067875 0.786010 -0.614476  0.320558 0.147393 2 3 0.374417 4 0.625583
barc_straps
0  -1.913005 -5.638916 57.561008  0.122508 0.835629 -0.535459  0.335611 0.129907 2 4 0.832059 3 0.167941
0  -2.579211 -4.968671 58.445972  0.192085 0.794423 -0.576191  0.352819 0.124420 2 4 0.979722 3 0.020278
0  -1.476189 -5.140348 58.316509  0.041453 0.812837 -0.581015  0.346584 0.138776 3 4 0.917973 2 0.000003 3 0.082024
barc_straps
0  -1.476189 -5.140348 58.316509  0.041453 0.812837 -0.581015  0.346584 0.138776 3 4 0.917973 2 0.000003 3 0.082024
0  -0.399406 -5.195000 58.273365  0.024319 0.807611 -0.589215  0.342302 0.153345 3 4 0.847441 2 0.000002 3 0.152557
0  -0.885156 -5.684092 57.578979  0.045633 0.810420 -0.584070  0.332159 0.143962 2 4 0.975381 3 0.024619
barc_straps
0  -0.885156 -5.684092 57.578979  0.045633 0.810420 -0.584070  0.332159 0.143962 2 4 0.975381 3 0.024619
0  -1.054121 -6.348532 56.647648  0.114922 0.831409 -0.543647  0.316969 0.137940 2 3 0.529757 4 0.470243
0  -1.913005 -5.638916 57.561008  0.122508 0.835629 -0.535459  0.335611 0.129907 2 4 0.832059 3 0.167941
barc_straps
0  -1.421682 -3.849725 59.871017  0.055346 0.755411 -0.652910  0.374131 0.145559 1 4 1.000000
0  -2.729788 -3.750306 59.852814  0.167553 0.730310 -0.662248  0.378575 0.127734 2 4 0.999890 3 0.000110
0  -1.602122 -3.435566 60.326286  0.083704 0.706067 -0.703181  0.383120 0.144823 1 4 1.000000
barc_straps
0  -1.205862 -3.659240 60.112999  0.039772 0.754292 -0.655334  0.377747 0.149422 1 4 1.000000
0  -1.602122 -3.435566 60.326286  0.083704 0.706067 -0.703181  0.383120 0.144823 1 4 1.000000
0  -0.677440 -3.225768 60.622662  0.057654 0.710433 -0.701399  0.385494 0.158641 1 4 1.000000
barc_straps
0  -1.205862 -3.659240 60.112999  0.039772 0.754292 -0.655334  0.377747 0.149422 1 4 1.000000
0  -0.373499 -3.609390 60.212029  0.023567 0.753375 -0.657168  0.376829 0.161241 1 4 1.000000
0  -0.370428 -3.921369 59.831425  0.028913 0.772641 -0.634185  0.370006 0.159845 1 4 1.000000
barc_straps
0  -1.542881 -2.889540 60.825047  0.099493 0.657361 -0.746979  0.393182 0.147619 1 4 1.000000
0  -2.454735 -2.352108 61.141121  0.134676 0.640643 -0.755936  0.404098 0.136477 1 4 1.000000
0  -1.329163 -2.840734 60.894356  0.104412 0.632565 -0.767437  0.393756 0.150816 1 4 1.000000
barc_straps
0  -1.129074 -2.902442 60.867863  0.103617 0.685403 -0.720754  0.392333 0.153438 1 4 1.000000
0  -0.541382 -3.106696 60.761711  0.079859 0.729420 -0.679389  0.387649 0.161046 1 4 1.000000
0  -0.677440 -3.225768 60.622662  0.057654 0.710433 -0.701399  0.385494 0.158641 1 4 1.000000
barc_straps
0  -3.809364 -3.385221 59.874626  0.252156 0.738171 -0.625717  0.385285 0.113320 2 4 0.998668 3 0.001332
0  -4.670328 -2.968057 60.004391  0.298626 0.741743 -0.600533  0.392921 0.102239 2 4 0.997598 3 0.002402
0  -3.740570 -2.730038 60.533092  0.181722 0.690733 -0.699903  0.397857 0.116728 2 4 0.999804 3 0.000196
barc_straps
0  -3.740570 -2.730038 60.533092  0.181722 0.690733 -0.699903  0.397857 0.116728 2 4 0.999804 3 0.000196
0  -2.454735 -2.352108 61.141121  0.134676 0.640643 -0.755936  0.404098 0.136477 1 4 1.000000
0  -2.748743 -3.076506 60.481781  0.163801 0.657943 -0.735038  0.391275 0.129902 1 4 1.000000
barc_straps
0  -3.740570 -2.730038 60.533092  0.181722 0.690733 -0.699903  0.397857 0.116728 2 4 0.999804 3 0.000196
0  -2.748743 -3.076506 60.481781  0.163801 0.657943 -0.735038  0.391275 0.129902 1 4 1.000000
0  -3.809364 -3.385221 59.874626  0.252156 0.738171 -0.625717  0.385285 0.113320 2 4 0.998668 3 0.001332
barc_straps
0  -3.740570 -2.730038 60.533092  0.181722 0.690733 -0.699903  0.397857 0.116728 2 4 0.999804 3 0.000196
0  -4.670328 -2.968057 60.004391  0.298626 0.741743 -0.600533  0.392921 0.102239 2 4 0.997598 3 0.002402
0  -4.567313 -2.381114 60.684525  0.215137 0.705258 -0.675520  0.404896 0.106132 2 4 0.999932 3 0.000068
barc_straps
0  -4.567313 -2.381114 60.684525  0.215137 0.705258 -0.675520  0.404896 0.106132 2 4 0.999932 3 0.000068
0  -4.459879 -1.864952 61.223347  0.232288 0.584844 -0.777174  0.414815 0.109526 2 4 0.999995 3 0.000005
0  -3.671307 -2.145630 61.120472  0.118335 0.648833 -0.751673  0.409095 0.119822 2 4 0.999994 3 0.000006
barc_straps
0  -3.671307 -2.145630 61.120472  0.118335 0.648833 -0.751673  0.409095 0.119822 2 4 0.999994 3 0.000006
0  -2.454735 -2.352108 61.141121  0.134676 0.640643 -0.755936  0.404098 0.136477 1 4 1.000000
0  -3.740570 -2.730038 60.533092  0.181722 0.690733 -0.699903  0.397857 0.116728 2 4 0.999804 3 0.000196
barc_straps
0  -4.567313 -2.381114 60.684525  0.215137 0.705258 -0.675520  0.404896 0.106132 2 4 0.999932 3 0.000068
0  -4.670328 -2.968057 60.004391  0.298626 0.741743 -0.600533  0.392921 0.102239 2 4 0.997598 3 0.002402
0  -5.195345 -2.276941 60.533821  0.356066 0.699192 -0.619958  0.406134 0.097086 2 4 0.999316 3 0.000684
barc_straps
0  -5.195345 -2.276941 60.533821  0.356066 0.699192 -0.619958  0.406134 0.097086 2 4 0.999316 3 0.000684
0  -5.690282 -1.571032 60.991150  0.361676 0.646509 -0.671727  0.418855 0.091955 2 4 0.999993 3 0.000007
0  -5.059367 -1.780985 61.099594  0.242923 0.621548 -0.744759  0.416051 0.101011 2 4 0.999975 3 0.000025
barc_straps
0  -5.195345 -2.276941 60.533821  0.356066 0.699192 -0.619958  0.406134 0.097086 2 4 0.999316 3 0.000684
0  -5.059367 -1.780985 61.099594  0.242923 0.621548 -0.744759  0.416051 0.101011 2 4 0.999975 3 0.000025
0  -4.567313 -2.381114 60.684525  0.215137 0.705258 -0.675520  0.404896 0.106132 2 4 0.999932 3 0.000068
barc_straps
0  -4.423377 -1.574638 61.383751  0.183674 0.416933 -0.890186  0.419324 0.110636 1 4 1.000000
0  -4.299260 -1.643891 61.372391  0.103291 0.465385 -0.879061  0.418167 0.112263 1 4 1.000000
0  -4.459879 -1.864952 61.223347  0.232288 0.584844 -0.777174  0.414815 0.109526 2 4 0.999995 3 0.000005
barc_straps
0  -4.545935 -1.588905 61.345730  0.221784 0.404206 -0.887372  0.419132 0.108837 2 4 0.999999 3 0.000001
0  -4.599097 -1.380033 61.412388  0.221419 0.349930 -0.910232  0.422271 0.108382 1 4 1.000000
0  -4.406050 -1.440998 61.439804  0.214072 0.354498 -0.910222  0.421321 0.111104 1 4 1.000000
barc_straps
0  -4.423377 -1.574638 61.383751  0.183674 0.416933 -0.890186  0.419324 0.110636 1 4 1.000000
0  -4.406050 -1.440998 61.439804  0.214072 0.354498 -0.910222  0.421321 0.111104 1 4 1.000000
0  -4.206204 -1.458235 61.468479  0.090351 0.415177 -0.905243  0.420915 0.113938 2 4 0.999999 3 0.000001
barc_straps
0  -1.216026 -4.696392 58.879196  0.014088 0.769007 -0.639085  0.355606 0.144535 2 4 0.995865 3 0.004135
0  -0.388943 -4.541293 59.082123  0.012095 0.770066 -0.637850  0.356622 0.156690 1 4 1.000000
0  -0.396482 -4.923084 58.620541  0.011766 0.771462 -0.636167  0.348367 0.154756 2 4 0.988513 3 0.011487
barc_straps
0  -1.419111 -4.943780 58.576546  0.037851 0.776654 -0.628790  0.350868 0.140567 2 4 0.991735 3 0.008265
0  -2.579211 -4.968671 58.445972  0.192085 0.794423 -0.576191  0.352819 0.124420 2 4 0.979722 3 0.020278
0  -1.623198 -4.501778 59.100983  0.049024 0.762283 -0.645384  0.360872 0.139839 2 4 0.997936 3 0.002064
barc_straps
0  -1.216026 -4.696392 58.879196  0.014088 0.769007 -0.639085  0.355606 0.144535 2 4 0.995865 3 0.004135
0  -1.623198 -4.501778 59.100983  0.049024 0.762283 -0.645384  0.360872 0.139839 2 4 0.997936 3 0.002064
0  -0.377933 -4.163381 59.538242  0.019655 0.763770 -0.645189  0.364774 0.158625 2 4 0.998476 3 0.001524
barc_straps
0  -0.351389 -3.241308 60.606491  0.014944 0.762523 -0.646789  0.384262 0.163102 1 4 1.000000
0  -0.677440 -3.225768 60.622662  0.057654 0.710433 -0.701399  0.385494 0.158641 1 4 1.000000
0  -0.541382 -3.106696 60.761711  0.079859 0.729420 -0.679389  0.387649 0.161046 1 4 1.000000
barc_straps
0  -1.219794 -3.942596 59.767010  0.026236 0.767560 -0.640440  0.371621 0.147935 1 4 1.000000
0  -0.372792 -4.032412 59.696228  0.028495 0.770539 -0.636756  0.367595 0.159299 1 4 1.000000
0  -0.377933 -4.163381 59.538242  0.019655 0.763770 -0.645189  0.364774 0.158625 2 4 0.998476 3 0.001524
barc_straps
0  -1.632193 -4.009427 59.673790  0.047698 0.755185 -0.653774  0.371252 0.141926 2 4 0.999933 3 0.000067
0  -2.729788 -3.750306 59.852814  0.167553 0.730310 -0.662248  0.378575 0.127734 2 4 0.999890 3 0.000110
0  -1.421682 -3.849725 59.871017  0.055346 0.755411 -0.652910  0.374131 0.145559 1 4 1.000000
barc_straps
0  -1.219794 -3.942596 59.767010  0.026236 0.767560 -0.640440  0.371621 0.147935 1 4 1.000000
0  -1.421682 -3.849725 59.871017  0.055346 0.755411 -0.652910  0.374131 0.145559 1 4 1.000000
0  -0.370428 -3.921369 59.831425  0.028913 0.772641 -0.634185  0.370006 0.159845 1 4 1.000000
barc_straps
0  -0.680469 -6.133503 56.990177  0.065545 0.800606 -0.595596  0.321314 0.144401 2 3 0.417185 4 0.582815
0  -1.054121 -6.348532 56.647648  0.114922 0.831409 -0.543647  0.316969 0.137940 2 3 0.529757 4 0.470243
0  -0.885156 -5.684092 57.578979  0.045633 0.810420 -0.584070  0.332159 0.143962 2 4 0.975381 3 0.024619
barc_straps
0  -0.885156 -5.684092 57.578979  0.045633 0.810420 -0.584070  0.332159 0.143962 2 4 0.975381 3 0.024619
0  -0.399406 -5.195000 58.273365  0.024319 0.807611 -0.589215  0.342302 0.153345 3 4 0.847441 2 0.000002 3 0.152557
0  -0.396977 -5.594152 57.746532  0.058150 0.801619 -0.595001  0.333189 0.151286 2 4 0.901802 3 0.098198
barc_straps
0  -0.626844 -5.847565 57.375973  0.049331 0.804516 -0.591878  0.327751 0.146680 2 3 0.220970 4 0.779030
0  -0.396977 -5.594152 57.746532  0.058150 0.801619 -0.595001  0.333189 0.151286 2 4 0.901802 3 0.098198
0  -0.451978 -5.993704 57.194340  0.057432 0.799901 -0.597377  0.323984 0.148344 2 3 0.290264 4 0.709736
barc_straps
0  -1.476189 -5.140348 58.316509  0.041453 0.812837 -0.581015  0.346584 0.138776 3 4 0.917973 2 0.000003 3 0.082024
0  -2.579211 -4.968671 58.445972  0.192085 0.794423 -0.576191  0.352819 0.124420 2 4 0.979722 3 0.020278
0  -1.419111 -4.943780 58.576546  0.037851 0.776654 -0.628790  0.350868 0.140567 2 4 0.991735 3 0.008265
barc_straps
0  -1.221589 -5.035728 58.467842  0.015464 0.791018 -0.611597  0.348310 0.142834 2 4 0.984307 3 0.015693
0  -1.419111 -4.943780 58.576546  0.037851 0.776654 -0.628790  0.350868 0.140567 2 4 0.991735 3 0.008265
0  -0.396482 -4.923084 58.620541  0.011766 0.771462 -0.636167  0.348367 0.154756 2 4 0.988513 3 0.011487
barc_straps
0  -1.221589 -5.035728 58.467842  0.015464 0.791018 -0.611597  0.348310 0.142834 2 4 0.984307 3 0.015693
0  -0.399288 -5.057019 58.456604  0.011938 0.786830 -0.617054  0.345460 0.154061 2 4 0.985903 3 0.014097
0  -0.399406 -5.195000 58.273365  0.024319 0.807611 -0.589215  0.342302 0.153345 3 4 0.847441 2 0.000002 3 0.152557
barc_straps
0  -1.542881 -2.889540 60.825047  0.099493 0.657361 -0.746979  0.393182 0.147619 1 4 1.000000
0  -0.677440 -3.225768 60.622662  0.057654 0.710433 -0.701399  0.385494 0.158641 1 4 1.000000
0  -1.602122 -3.435566 60.326286  0.083704 0.706067 -0.703181  0.383120 0.144823 1 4 1.000000
barc_straps
0  -1.542881 -2.889540 60.825047  0.099493 0.657361 -0.746979  0.393182 0.147619 1 4 1.000000
0  -2.748743 -3.076506 60.481781  0.163801 0.657943 -0.735038  0.391275 0.129902 1 4 1.000000
0  -2.454735 -2.352108 61.141121  0.134676 0.640643 -0.755936  0.404098 0.136477 1 4 1.000000
barc_straps
0  -1.602122 -3.435566 60.326286  0.083704 0.706067 -0.703181  0.383120 0.144823 1 4 1.000000
0  -2.748743 -3.076506 60.481781  0.163801 0.657943 -0.735038  0.391275 0.129902 1 4 1.000000
0  -1.542881 -2.889540 60.825047  0.099493 0.657361 -0.746979  0.393182 0.147619 1 4 1.000000
barc_straps
0  -0.404039 -3.484655 60.326740  -0.043652 0.731559 -0.680379  0.379265 0.161324 1 4 1.000000
0  -0.373499 -3.609390 60.212029  0.023567 0.753375 -0.657168  0.376829 0.161241 1 4 1.000000
0  -0.677440 -3.225768 60.622662  0.057654 0.710433 -0.701399  0.385494 0.158641 1 4 1.000000
barc_straps
0  -1.632193 -4.009427 59.673790  0.047698 0.755185 -0.653774  0.371252 0.141926 2 4 0.999933 3 0.000067
0  -0.377933 -4.163381 59.538242  0.019655 0.763770 -0.645189  0.364774 0.158625 2 4 0.998476 3 0.001524
0  -1.623198 -4.501778 59.100983  0.049024 0.762283 -0.645384  0.360872 0.139839 2 4 0.997936 3 0.002064
barc_straps
0  -1.632193 -4.009427 59.673790  0.047698 0.755185 -0.653774  0.371252 0.141926 2 4 0.999933 3 0.000067
0  -2.788598 -4.328374 59.157349  0.213594 0.758473 -0.615708  0.366419 0.124322 2 4 0.997393 3 0.002607
0  -2.729788 -3.750306 59.852814  0.167553 0.730310 -0.662248  0.378575 0.127734 2 4 0.999890 3 0.000110
barc_straps
0  -1.623198 -4.501778 59.100983  0.049024 0.762283 -0.645384  0.360872 0.139839 2 4 0.997936 3 0.002064
0  -2.788598 -4.328374 59.157349  0.213594 0.758473 -0.615708  0.366419 0.124322 2 4 0.997393 3 0.002607
0  -1.632193 -4.009427 59.673790  0.047698 0.755185 -0.653774  0.371252 0.141926 2 4 0.999933 3 0.000067
barc_straps
0  -3.671307 -2.145630 61.120472  0.118335 0.648833 -0.751673  0.409095 0.119822 2 4 0.999994 3 0.000006
0  -4.459879 -1.864952 61.223347  0.232288 0.584844 -0.777174  0.414815 0.109526 2 4 0.999995 3 0.000005
0  -3.737722 -1.835742 61.321133  0.083802 0.495389 -0.864620  0.414374 0.119709 2 4 0.999999 3 0.000001
barc_straps
0  -3.435257 -1.992646 61.265766  0.079122 0.511158 -0.855837  0.411453 0.123589 2 4 0.999999 3 0.000001
0  -3.737722 -1.835742 61.321133  0.083802 0.495389 -0.864620  0.414374 0.119709 2 4 0.999999 3 0.000001
0  -3.004806 -1.823342 61.374573  0.057081 0.433899 -0.899151  0.413337 0.130010 1 4 1.000000
barc_straps
0  -2.881641 -2.044959 61.275330  0.085824 0.521441 -0.848960  0.409676 0.131221 1 4 1.000000
0  -2.454735 -2.352108 61.141121  0.134676 0.640643 -0.755936  0.404098 0.136477 1 4 1.000000
0  -3.671307 -2.145630 61.120472  0.118335 0.648833 -0.751673  0.409095 0.119822 2 4 0.999994 3 0.000006
barc_straps
0  -5.059367 -1.780985 61.099594  0.242923 0.621548 -0.744759  0.416051 0.101011 2 4 0.999975 3 0.000025
0  -5.690282 -1.571032 60.991150  0.361676 0.646509 -0.671727  0.418855 0.091955 2 4 0.999993 3 0.000007
0  -5.426793 -1.380664 61.227543  0.187245 0.474209 -0.860270  0.422409 0.096410 2 4 0.999939 3 0.000061
barc_straps
0  -4.939460 -1.534167 61.275467  0.232629 0.426384 -0.874117  0.420040 0.103245 2 4 0.999997 3 0.000003
0  -4.459879 -1.864952 61.223347  0.232288 0.584844 -0.777174  0.414815 0.109526 2 4 0.999995 3 0.000005
0  -5.059367 -1.780985 61.099594  0.242923 0.621548 -0.744759  0.416051 0.101011 2 4 0.999975 3 0.000025
barc_straps
0  -5.059367 -1.780985 61.099594  0.242923 0.621548 -0.744759  0.416051 0.101011 2 4 0.999975 3 0.000025
0  -5.426793 -1.380664 61.227543  0.187245 0.474209 -0.860270  0.422409 0.096410 2 4 0.999939 3 0.000061
0  -4.939460 -1.534167 61.275467  0.232629 0.426384 -0.874117  0.420040 0.103245 2 4 0.999997 3 0.000003
barc_straps
0  -5.426793 -1.380664 61.227543  0.187245 0.474209 -0.860270  0.422409 0.096410 2 4 0.999939 3 0.000061
0  -5.690282 -1.571032 60.991150  0.361676 0.646509 -0.671727  0.418855 0.091955 2 4 0.999993 3 0.000007
0  -5.683892 -1.299537 61.214359  0.206118 0.547043 -0.811332  0.423748 0.092824 2 4 0.999994 3 0.000006
barc_straps
0  -5.577713 -1.279584 61.236546  0.159764 0.370494 -0.914991  0.423986 0.094367 2 4 0.999991 3 0.000009
0  -5.683892 -1.299537 61.214359  0.206118 0.547043 -0.811332  0.423748 0.092824 2 4 0.999994 3 0.000006
0  -5.688193 -1.119353 61.289322  0.131813 0.390893 -0.910949  0.426504 0.093023 2 4 0.999997 3 0.000003
barc_straps
0  -5.577713 -1.279584 61.236546  0.159764 0.370494 -0.914991  0.423986 0.094367 2 4 0.999991 3 0.000009
0  -5.541575 -1.136437 61.304897  0.161529 0.391739 -0.905787  0.426170 0.095098 2 4 0.999997 3 0.000003
0  -5.300906 -1.213502 61.317654  0.194217 0.352279 -0.915521  0.424912 0.098455 2 4 0.999997 3 0.000003
barc_straps
0  -3.955219 -1.693099 61.376049  0.078490 0.464130 -0.882283  0.416919 0.116974 1 4 1.000000
0  -3.737722 -1.835742 61.321133  0.083802 0.495389 -0.864620  0.414374 0.119709 2 4 0.999999 3 0.000001
0  -4.459879 -1.864952 61.223347  0.232288 0.584844 -0.777174  0.414815 0.109526 2 4 0.999995 3 0.000005
barc_straps
0  -3.955219 -1.693099 61.376049  0.078490 0.464130 -0.882283  0.416919 0.116974 1 4 1.000000
0  -4.299260 -1.643891 61.372391  0.103291 0.465385 -0.879061  0.418167 0.112263 1 4 1.000000
0  -4.206204 -1.458235 61.468479  0.090351 0.415177 -0.905243  0.420915 0.113938 2 4 0.999999 3 0.000001
barc_straps
0  -3.692943 -1.618349 61.429897  0.060205 0.433230 -0.899270  0.417675 0.120820 1 4 1.000000
0  -3.004806 -1.823342 61.374573  0.057081 0.433899 -0.899151  0.413337 0.130010 1 4 1.000000
0  -3.737722 -1.835742 61.321133  0.083802 0.495389 -0.864620  0.414374 0.119709 2 4 0.999999 3 0.000001
barc_straps
0  -4.939460 -1.534167 61.275467  0.232629 0.426384 -0.874117  0.420040 0.103245 2 4 0.999997 3 0.000003
0  -5.300906 -1.213502 61.317654  0.194217 0.352279 -0.915521  0.424912 0.098455 2 4 0.999997 3 0.000003
0  -4.917676 -1.312506 61.364269  0.204387 0.348481 -0.914761  0.423356 0.103865 2 4 0.999998 3 0.000002
barc_straps
0  -4.776240 -1.505027 61.322731  0.211306 0.345519 -0.914312  0.420432 0.105634 1 4 1.000000
0  -4.917676 -1.312506 61.364269  0.204387 0.348481 -0.914761  0.423356 0.103865 2 4 0.999998 3 0.000002
0  -4.599097 -1.380033 61.412388  0.221419 0.349930 -0.910232  0.422271 0.108382 1 4 1.000000
barc_straps
0  -4.545935 -1.588905 61.345730  0.221784 0.404206 -0.887372  0.419132 0.108837 2 4 0.999999 3 0.000001
0  -4.459879 -1.864952 61.223347  0.232288 0.584844 -0.777174  0.414815 0.109526 2 4 0.999995 3 0.000005
0  -4.939460 -1.534167 61.275467  0.232629 0.426384 -0.874117  0.420040 0.103245 2 4 0.999997 3 0.000003
barc_straps
0  -5.743915 -1.274983 61.644333  -0.986105 0.085339 -0.142530  0.528157 0.330004 2 4 0.999997 3 0.000003
0  -5.688193 -1.119353 61.289322  -0.989528 0.034668 -0.140115  0.508694 0.317487 2 4 0.999997 3 0.000003
0  -5.683892 -1.299537 61.214359  -0.984133 0.108172 -0.140644  0.515083 0.307883 2 4 0.999994 3 0.000006
barc_straps
0  -2.915591 -2.243737 61.611038  0.809986 0.474049 0.345254  0.529045 0.441593 1 4 1.000000
0  -2.881641 -2.044959 61.275330  0.698109 0.547550 0.461338  0.513014 0.443462 1 4 1.000000
0  -3.004806 -1.823342 61.374573  0.905612 0.337009 0.257471  0.511032 0.432417 1 4 1.000000
barc_straps
0  -0.367402 -3.757656 60.605114  0.996174 -0.016283 -0.085867  0.531871 0.577407 1 4 1.000000
0  -0.404039 -3.484655 60.326740  0.996962 0.020999 -0.075008  0.516945 0.578717 1 4 1.000000
0  -0.351389 -3.241308 60.606491  0.994819 -0.048473 -0.089362  0.516999 0.564389 1 4 1.000000
barc_straps
0  -0.361839 -3.543004 60.855946  0.997734 -0.065281 -0.016284  0.531977 0.564775 1 4 1.000000
0  -0.351389 -3.241308 60.606491  0.994819 -0.048473 -0.089362  0.516999 0.564389 1 4 1.000000
0  -0.325589 -3.156610 60.723484  0.993326 -0.107504 -0.041788  0.520471 0.560162 1 4 1.000000
barc_straps
0  -0.375222 -3.901788 60.472527  0.999720 0.023639 0.001102  0.532736 0.584856 1 4 1.000000
0  -0.373499 -3.609390 60.212029  0.999633 0.004024 0.026782  0.517758 0.585255 1 4 1.000000
0  -0.404039 -3.484655 60.326740  0.996962 0.020999 -0.075008  0.516945 0.578717 1 4 1.000000
barc_straps
0  -0.361640 -3.471094 60.954056  0.360328 0.568227 0.739785  0.530008 0.560011 1 4 1.000000
0  -0.325589 -3.156610 60.723484  0.267355 0.549637 0.791467  0.520471 0.560162 1 4 1.000000
0  -0.541382 -3.106696 60.761711  0.349896 0.596081 0.722676  0.517417 0.551948 1 4 1.000000
barc_straps
0  -0.656312 -6.514811 57.142410  0.564113 -0.539838 -0.624782  0.527424 0.750281 2 3 0.380958 4 0.619042
0  -0.623299 -6.205608 56.904373  0.580796 -0.535225 -0.613359  0.512463 0.749446 2 3 0.380958 4 0.619042
0  -0.462723 -6.147810 56.995930  0.552326 -0.543602 -0.632007  0.512742 0.742042 2 3 0.374417 4 0.625583
barc_straps
0  -0.565647 -3.396134 61.024395  0.376056 0.624179 0.684823  0.533524 0.552971 1 4 1.000000
0  -0.541382 -3.106696 60.761711  0.349896 0.596081 0.722676  0.517417 0.551948 1 4 1.000000
0  -1.129074 -2.902442 60.867863  0.353898 0.637870 0.684016  0.517278 0.525937 1 4 1.000000
barc_straps
0  -1.167784 -3.169555 61.151608  0.367086 0.658703 0.656779  0.533417 0.525943 1 4 1.000000
0  -1.129074 -2.902442 60.867863  0.353898 0.637870 0.684016  0.517278 0.525937 1 4 1.000000
0  -1.329163 -2.840734 60.894356  0.403042 0.667397 0.626209  0.517154 0.517240 1 4 1.000000
barc_straps
0  -0.766819 -6.556367 57.069798  0.583547 -0.535027 -0.610916  0.527051 0.755571 3 2 0.000002 3 0.449129 4 0.550869
0  -0.728651 -6.245993 56.834061  0.564635 -0.528251 -0.634144  0.512105 0.754520 3 2 0.000002 3 0.449129 4 0.550869
0  -0.623299 -6.205608 56.904373  0.580796 -0.535225 -0.613359  0.512463 0.749446 2 3 0.380958 4 0.619042
barc_straps
0  -0.401079 -5.225550 58.869236  0.999855 -0.016951 -0.001530  0.531885 0.664407 2 4 0.988513 3 0.011487
0  -0.396482 -4.923084 58.620541  0.999848 -0.017238 -0.002523  0.516903 0.664215 2 4 0.988513 3 0.011487
0  -0.388943 -4.541293 59.082123  0.999818 -0.018686 -0.003787  0.517126 0.641296 1 4 1.000000
barc_straps
0  -0.393677 -4.842865 59.331913  0.999783 -0.020762 -0.001434  0.532109 0.641433 1 4 1.000000
0  -0.388943 -4.541293 59.082123  0.999818 -0.018686 -0.003787  0.517126 0.641296 1 4 1.000000
0  -0.377933 -4.163381 59.538242  0.999702 -0.024349 -0.001705  0.517326 0.618630 2 4 0.998476 3 0.001524
barc_straps
0  -1.368103 -3.092563 61.191715  0.421262 0.665742 0.615895  0.533290 0.516947 1 4 1.000000
0  -1.329163 -2.840734 60.894356  0.403042 0.667397 0.626209  0.517154 0.517240 1 4 1.000000
0  -2.454735 -2.352108 61.141121  0.455082 0.650384 0.608195  0.515603 0.465680 1 4 1.000000
barc_straps
0  -1.098089 -6.672295 56.863522  0.557998 -0.527825 -0.640343  0.525958 0.771109 2 3 0.529757 4 0.470243
0  -1.054121 -6.348532 56.647648  0.542334 -0.515830 -0.663169  0.511078 0.769362 2 3 0.529757 4 0.470243
0  -0.728651 -6.245993 56.834061  0.564635 -0.528251 -0.634144  0.512105 0.754520 3 2 0.000002 3 0.449129 4 0.550869
barc_straps
0  -0.489400 -6.455553 57.236633  0.996680 -0.081242 -0.005263  0.527714 0.742611 2 3 0.374417 4 0.625583
0  -0.462723 -6.147810 56.995930  0.996760 -0.080016 0.008169  0.512742 0.742042 2 3 0.374417 4 0.625583
0  -0.451978 -5.993704 57.194340  0.995935 -0.087647 -0.020750  0.513112 0.732428 2 3 0.290264 4 0.709736
barc_straps
0  -0.408288 -5.509725 58.506248  0.999702 -0.024417 -0.000024  0.531240 0.682035 3 4 0.847441 2 0.000002 3 0.152557
0  -0.399406 -5.195000 58.273365  0.999259 -0.033950 0.018119  0.516288 0.681077 3 4 0.847441 2 0.000002 3 0.152557
0  -0.399288 -5.057019 58.456604  0.999831 -0.018323 0.001664  0.516775 0.672314 2 4 0.985903 3 0.014097
barc_straps
0  -0.473355 -6.306240 57.429340  0.995386 -0.091599 -0.028590  0.528071 0.733270 2 4 0.709736 3 0.290264
0  -0.451978 -5.993704 57.194340  0.995935 -0.087647 -0.020750  0.513112 0.732428 2 3 0.290264 4 0.709736
0  -0.396977 -5.594152 57.746532  0.996969 -0.077398 -0.007878  0.514945 0.706330 2 4 0.901802 3 0.098198
barc_straps
0  -0.403974 -5.365135 58.698273  0.999807 -0.019032 -0.004838  0.531749 0.672851 2 4 0.985903 3 0.014097
0  -0.399288 -5.057019 58.456604  0.999831 -0.018323 0.001664  0.516775 0.672314 2 4 0.985903 3 0.014097
0  -0.396482 -4.923084 58.620541  0.999848 -0.017238 -0.002523  0.516903 0.664215 2 4 0.988513 3 0.011487
barc_straps
0  -0.419954 -5.907432 57.980389  0.998416 -0.056195 0.002860  0.529901 0.707229 2 4 0.901802 3 0.098198
0  -0.396977 -5.594152 57.746532  0.996969 -0.077398 -0.007878  0.514945 0.706330 2 4 0.901802 3 0.098198
0  -0.399406 -5.195000 58.273365  0.999259 -0.033950 0.018119  0.516288 0.681077 3 4 0.847441 2 0.000002 3 0.152557
barc_straps
0  -0.381739 -4.223842 60.079906  0.999815 -0.017481 0.008042  0.532462 0.604285 1 4 1.000000
0  -0.370428 -3.921369 59.831425  0.999583 -0.023449 0.016843  0.517480 0.604083 1 4 1.000000
0  -0.373499 -3.609390 60.212029  0.999633 0.004024 0.026782  0.517758 0.585255 1 4 1.000000
barc_straps
0  -0.383956 -4.334168 59.945591  0.999511 -0.030070 0.008555  0.532375 0.610935 1 4 1.000000
0  -0.372792 -4.032412 59.696228  0.999507 -0.031220 0.003316  0.517392 0.610776 1 4 1.000000
0  -0.370428 -3.921369 59.831425  0.999583 -0.023449 0.016843  0.517480 0.604083 1 4 1.000000
barc_straps
0  -0.386417 -4.463573 59.789597  0.999621 -0.027308 0.003550  0.532309 0.618690 2 4 0.998476 3 0.001524
0  -0.377933 -4.163381 59.538242  0.999702 -0.024349 -0.001705  0.517326 0.618630 2 4 0.998476 3 0.001524
0  -0.372792 -4.032412 59.696228  0.999507 -0.031220 0.003316  0.517392 0.610776 1 4 1.000000
barc_straps
0  -2.506104 -2.596783 61.442551  0.530554 0.634181 0.562429  0.531717 0.464779 1 4 1.000000
0  -2.454735 -2.352108 61.141121  0.455082 0.650384 0.608195  0.515603 0.465680 1 4 1.000000
0  -2.881641 -2.044959 61.275330  0.698109 0.547550 0.461338  0.513014 0.443462 1 4 1.000000
barc_straps
0  -5.376390 -1.356114 61.674477  0.319690 0.874095 0.365727  0.323936 0.016690 2 4 0.999997 3 0.000003
0  -5.308343 -1.376204 61.599403  0.297295 0.937633 0.180168  0.330539 0.023365 2 4 0.999997 3 0.000003
0  -5.258618 -1.282262 61.364357  0.385031 0.668772 0.635999  0.331334 0.044847 2 4 0.999997 3 0.000003
barc_straps
0  -4.247130 -1.619056 61.823204  0.234188 0.935469 0.264676  0.429726 0.010552 2 4 0.999999 3 0.000001
0  -4.353532 -1.569868 61.743504  0.293448 0.939486 0.176788  0.418746 0.017468 1 4 1.000000
0  -4.510120 -1.545334 61.726002  0.127526 0.899110 0.418735  0.404059 0.017616 1 4 1.000000
barc_straps
0  -4.686347 -1.517834 61.768433  0.175399 0.921595 0.346264  0.387993 0.012476 1 4 1.000000
0  -4.642857 -1.503190 61.707428  0.202095 0.909820 0.362471  0.391178 0.018719 1 4 1.000000
0  -4.848395 -1.458568 61.676800  0.141806 0.945274 0.293849  0.371848 0.019937 1 4 1.000000
barc_straps
0  -5.757742 -1.494063 61.546120  -0.964897 0.216255 -0.149020  0.535864 0.318065 2 4 0.999994 3 0.000006
0  -5.683892 -1.299537 61.214359  -0.984133 0.108172 -0.140644  0.515083 0.307883 2 4 0.999994 3 0.000006
0  -5.690282 -1.571032 60.991150  -0.941720 0.312706 -0.124007  0.521304 0.288064 2 4 0.999993 3 0.000007
barc_straps
0  -5.376390 -1.356114 61.674477  0.319690 0.874095 0.365727  0.516405 0.349066 2 4 0.999997 3 0.000003
0  -5.300906 -1.213502 61.317654  0.264857 0.826500 0.496739  0.496256 0.337685 2 4 0.999997 3 0.000003
0  -5.541575 -1.136437 61.304897  0.202360 0.888205 0.412482  0.503952 0.324865 2 4 0.999997 3 0.000003
barc_straps
0  -5.603443 -1.290310 61.659668  0.135099 0.899854 0.414742  0.523614 0.337069 2 4 0.999997 3 0.000003
0  -5.541575 -1.136437 61.304897  0.202360 0.888205 0.412482  0.503952 0.324865 2 4 0.999997 3 0.000003
0  -5.688193 -1.119353 61.289322  0.058974 0.911422 0.407224  0.508694 0.317487 2 4 0.999997 3 0.000003
barc_straps
0  -4.206204 -1.458235 61.468479  0.212649 0.648865 0.730585  0.427713 0.047210 2 4 0.999999 3 0.000001
0  -4.326575 -1.463931 61.509842  0.175293 0.768063 0.615915  0.417455 0.041492 1 4 1.000000
0  -3.763240 -1.644129 61.467819  0.168886 0.655597 0.735983  0.470343 0.045708 1 4 1.000000
barc_straps
0  -3.027937 -1.995687 61.725460  0.289941 0.852173 0.435587  0.526925 0.429606 1 4 1.000000
0  -3.004806 -1.823342 61.374573  0.288856 0.851642 0.437341  0.511032 0.432417 1 4 1.000000
0  -3.692943 -1.618349 61.429897  0.262819 0.849297 0.457843  0.505863 0.403191 1 4 1.000000
barc_straps
0  -3.692943 -1.618349 61.429897  0.262819 0.849297 0.457843  0.475776 0.051159 1 4 1.000000
0  -3.763240 -1.644129 61.467819  0.168886 0.655597 0.735983  0.470343 0.045708 1 4 1.000000
0  -3.778816 -1.756833 61.699337  0.133125 0.951523 0.277276  0.473103 0.023392 1 4 1.000000
barc_straps
0  -5.564819 -5.196350 56.175880  -0.442872 -0.808867 -0.386779  0.007704 0.213036 3 2 0.005940 3 0.745268 4 0.248792
0  -5.217547 -5.358548 56.117455  -0.389647 -0.575049 -0.719370  0.015908 0.226595 3 2 0.004484 3 0.653391 4 0.342125
0  -4.371403 -5.767432 56.284229  -0.413085 -0.910026 -0.034840  0.024406 0.262530 3 2 0.005940 3 0.745268 4 0.248792
barc_straps
0  -3.268480 -6.220695 56.604385  -0.119570 -0.855381 -0.504010  0.035416 0.309510 2 3 0.591534 4 0.408466
0  -3.540587 -6.106603 56.430382  -0.227764 -0.938592 -0.259170  0.035299 0.295146 2 3 0.591534 4 0.408466
0  -3.442083 -5.867054 56.309139  0.363642 -0.204581 -0.908796  0.044842 0.291877 2 3 0.591534 4 0.408466
barc_straps
0  -1.054121 -6.348532 56.647648  0.302873 0.352787 -0.885330  0.052607 0.302872 2 3 0.529757 4 0.470243
0  -1.204222 -6.388238 56.580479  0.429922 -0.108940 -0.896270  0.044842 0.291877 2 3 0.559699 4 0.440301
0  -2.044141 -6.232198 56.516537  0.199712 0.633144 -0.747826  0.035973 0.259207 2 3 0.529757 4 0.470243
barc_straps
0  -5.874362 -4.592835 56.573204  -0.665868 0.173477 -0.725620  0.414632 0.625449 3 2 0.004416 3 0.662097 4 0.333487
0  -5.616649 -4.344361 56.414436  -0.641595 0.216240 -0.735933  0.393461 0.626655 3 2 0.004416 3 0.662097 4 0.333487
0  -5.349232 -4.916076 56.007561  -0.676042 0.160263 -0.719223  0.392328 0.586007 3 2 0.005940 3 0.745268 4 0.248792
barc_straps
0  -6.174967 -3.992444 56.998268  -0.639003 0.236654 -0.731895  0.416496 0.668441 4 2 0.000533 3 0.459881 4 0.536322 8 0.003264
0  -5.906622 -3.749030 56.849606  -0.636041 0.264982 -0.724732  0.395318 0.669523 4 2 0.000533 3 0.460412 4 0.536943 8 0.002112
0  -5.616649 -4.344361 56.414436  -0.641595 0.216240 -0.735933  0.393461 0.626655 3 2 0.004416 3 0.662097 4 0.333487
barc_straps
0  -6.457690 -3.398287 57.478851  -0.642402 0.286588 -0.710765  0.419118 0.712485 3 2 0.002231 4 0.416438 3 0.581331
0  -6.189075 -3.150462 57.338177  -0.635925 0.310236 -0.706649  0.397966 0.713991 3 2 0.002231 4 0.416438 3 0.581331
0  -5.906622 -3.749030 56.849606  -0.636041 0.264982 -0.724732  0.395318 0.669523 4 2 0.000533 3 0.460412 4 0.536943 8 0.002112
barc_straps
0  -6.731477 -2.807250 57.987183  -0.635108 0.323039 -0.701629  0.422100 0.757126 2 4 0.921756 3 0.078244
0  -6.459110 -2.551364 57.870132  -0.623785 0.342610 -0.702503  0.401047 0.759669 2 4 0.921756 3 0.078244
0  -6.189075 -3.150462 57.338177  -0.635925 0.310236 -0.706649  0.397966 0.713991 3 2 0.002231 4 0.416438 3 0.581331
barc_straps
0  -1.098089 -6.672295 56.863522  0.204386 -0.874156 -0.440542  0.035416 0.309510 2 3 0.529757 4 0.470243
0  -1.239930 -6.651173 56.755795  -0.026915 -0.987046 -0.158164  0.035299 0.295146 2 3 0.529757 4 0.470243
0  -1.204222 -6.388238 56.580479  0.429922 -0.108940 -0.896270  0.044842 0.291877 2 3 0.559699 4 0.440301
barc_straps
0  -6.208008 -2.563234 59.880974  -0.740891 0.671241 0.022717  0.546295 0.197927 2 4 0.998956 3 0.001044
0  -5.977648 -2.290494 59.720016  -0.790074 0.612845 -0.014265  0.523242 0.199946 2 4 0.998956 3 0.001044
0  -6.197138 -2.463391 58.854820  -0.706812 0.702889 0.079779  0.512341 0.147338 2 4 0.794417 3 0.205583
barc_straps
0  -6.462151 -2.730356 58.963730  -0.676069 0.729947 0.100540  0.534854 0.141980 2 4 0.794417 3 0.205583
0  -6.197138 -2.463391 58.854820  -0.706812 0.702889 0.079779  0.512341 0.147338 2 4 0.794417 3 0.205583
0  -6.459110 -2.551364 57.870132  -0.666334 0.736156 0.118635  0.496256 0.089083 2 4 0.921756 3 0.078244
barc_straps
0  -5.984238 -2.215659 60.679592  -0.825110 0.560897 -0.067737  0.548250 0.251030 2 4 0.987899 3 0.012101
0  -5.798355 -1.943842 60.467632  -0.870420 0.485729 -0.080228  0.525144 0.249745 2 4 0.987898 3 0.012102
0  -5.977648 -2.290494 59.720016  -0.790074 0.612845 -0.014265  0.523242 0.199946 2 4 0.998956 3 0.001044
barc_straps
0  -5.823318 -1.816357 61.265877  -0.898760 0.423293 -0.114249  0.543730 0.293773 2 4 0.999993 3 0.000007
0  -5.690282 -1.571032 60.991150  -0.941720 0.312706 -0.124007  0.521304 0.288064 2 4 0.999993 3 0.000007
0  -5.798355 -1.943842 60.467632  -0.870420 0.485729 -0.080228  0.525144 0.249745 2 4 0.987898 3 0.012102
barc_straps
0  -5.217547 -5.358548 56.117455  -0.460697 -0.782770 0.418365  0.369759 0.820360 3 2 0.004484 3 0.653391 4 0.342125
0  -5.223618 -5.442062 55.954514  -0.460694 -0.782771 0.418367  0.360547 0.807866 3 2 0.004484 3 0.653391 4 0.342125
0  -4.377475 -5.850945 56.121284  -0.442953 -0.791051 0.421938  0.369795 0.757136 3 2 0.005940 3 0.745268 4 0.248792
barc_straps
0  -4.247200 -5.538706 56.165710  0.441943 0.791527 -0.422103  0.334417 0.755199 3 2 0.004484 3 0.653391 4 0.342125
0  -4.253269 -5.622221 56.002773  0.424090 0.799394 -0.425577  0.347963 0.755944 3 2 0.005940 3 0.745268 4 0.248792
0  -5.066179 -5.237386 55.831593  0.459093 0.783537 -0.418692  0.348457 0.805958 3 2 0.004484 3 0.653391 4 0.342125
barc_straps
0  -3.133592 -5.892670 56.438362  0.180554 0.123323 -0.975803  0.052607 0.302872 2 3 0.591534 4 0.408466
0  -3.442083 -5.867054 56.309139  0.363642 -0.204581 -0.908796  0.044842 0.291877 2 3 0.591534 4 0.408466
0  -4.247200 -5.538706 56.165710  0.375413 0.550662 -0.745544  0.035973 0.259207 3 2 0.004484 3 0.653391 4 0.342125
barc_straps
0  -4.406155 -5.756252 56.404251  -0.395053 -0.918205 -0.028854  0.019440 0.263319 3 2 0.004484 3 0.653391 4 0.342125
0  -4.371403 -5.767432 56.284229  -0.413085 -0.910026 -0.034840  0.024406 0.262530 3 2 0.005940 3 0.745268 4 0.248792
0  -3.540587 -6.106603 56.430382  -0.227764 -0.938592 -0.259170  0.035299 0.295146 2 3 0.591534 4 0.408466
barc_straps
0  -5.349232 -4.916076 56.007561  -0.038114 0.008417 -0.999238  0.026103 0.209976 3 2 0.005940 3 0.745268 4 0.248792
0  -5.060109 -5.153872 55.994537  0.238860 0.340237 -0.909497  0.026075 0.225561 3 2 0.005940 3 0.745268 4 0.248792
0  -5.217547 -5.358548 56.117455  -0.389647 -0.575049 -0.719370  0.015908 0.226595 3 2 0.004484 3 0.653391 4 0.342125
barc_straps
0  -4.236073 -5.443047 56.241966  0.392377 0.545013 -0.740946  0.040507 0.257313 3 2 0.004484 3 0.653391 4 0.342125
0  -4.247200 -5.538706 56.165710  0.375413 0.550662 -0.745544  0.035973 0.259207 3 2 0.004484 3 0.653391 4 0.342125
0  -5.060109 -5.153872 55.994537  0.238860 0.340237 -0.909497  0.026075 0.225561 3 2 0.005940 3 0.745268 4 0.248792
barc_straps
0  -5.223618 -5.442062 55.954514  -0.042367 -0.465062 -0.884264  0.360547 0.807866 3 2 0.004484 3 0.653391 4 0.342125
0  -5.066179 -5.237386 55.831593  -0.047128 -0.487390 -0.871912  0.348457 0.805958 3 2 0.004484 3 0.653391 4 0.342125
0  -4.253269 -5.622221 56.002773  -0.036562 -0.460114 -0.887107  0.347963 0.755944 3 2 0.005940 3 0.745268 4 0.248792
barc_straps
0  -4.377475 -5.850945 56.121284  -0.028614 -0.445482 -0.894834  0.369795 0.757136 3 2 0.005940 3 0.745268 4 0.248792
0  -4.253269 -5.622221 56.002773  -0.036562 -0.460114 -0.887107  0.347963 0.755944 3 2 0.005940 3 0.745268 4 0.248792
0  -3.448152 -5.950570 56.146198  -0.023891 -0.446574 -0.894428  0.356050 0.708154 2 3 0.591534 4 0.408466
barc_straps
0  -5.060109 -5.153872 55.994537  -0.833084 0.504239 -0.227406  0.339157 0.821282 3 2 0.005940 3 0.745268 4 0.248792
0  -5.066179 -5.237386 55.831593  -0.833086 0.504237 -0.227404  0.348457 0.805958 3 2 0.004484 3 0.653391 4 0.342125
0  -5.223618 -5.442062 55.954514  -0.833083 0.504241 -0.227408  0.360547 0.807866 3 2 0.004484 3 0.653391 4 0.342125
barc_straps
0  -3.442083 -5.867054 56.309139  0.405596 0.807207 -0.428845  0.346628 0.696091 2 3 0.591534 4 0.408466
0  -3.448152 -5.950570 56.146198  0.405594 0.807208 -0.428845  0.356050 0.708154 2 3 0.591534 4 0.408466
0  -4.253269 -5.622221 56.002773  0.424090 0.799394 -0.425577  0.347963 0.755944 3 2 0.005940 3 0.745268 4 0.248792
barc_straps
0  -4.371403 -5.767432 56.284229  -0.424384 -0.799293 0.425474  0.383276 0.757640 3 2 0.005940 3 0.745268 4 0.248792
0  -4.377475 -5.850945 56.121284  -0.442953 -0.791051 0.421938  0.369795 0.757136 3 2 0.005940 3 0.745268 4 0.248792
0  -3.546659 -6.190119 56.267441  -0.405098 -0.807411 0.428932  0.368457 0.708891 2 3 0.591534 4 0.408466
barc_straps
0  -3.540587 -6.106603 56.430382  0.938401 -0.320451 0.129283  0.376977 0.692939 2 3 0.591534 4 0.408466
0  -3.546659 -6.190119 56.267441  0.938401 -0.320454 0.129277  0.368457 0.708891 2 3 0.591534 4 0.408466
0  -3.448152 -5.950570 56.146198  0.938401 -0.320449 0.129288  0.356050 0.708154 2 3 0.591534 4 0.408466
barc_straps
0  -3.002540 -6.284421 56.545349  -0.271328 -0.840531 0.468923  0.369759 0.820360 2 3 0.591534 4 0.408466
0  -3.004115 -6.409434 56.320358  -0.271329 -0.840531 0.468922  0.360547 0.807866 2 3 0.559699 4 0.440301
0  -2.114286 -6.631569 56.437050  -0.246204 -0.846488 0.472061  0.369795 0.757136 2 3 0.591534 4 0.408466
barc_straps
0  -2.044141 -6.232198 56.516537  0.246257 0.846476 -0.472055  0.334417 0.755199 2 3 0.529757 4 0.470243
0  -2.045717 -6.357211 56.291546  0.221244 0.851848 -0.474769  0.347963 0.755944 2 3 0.591534 4 0.408466
0  -2.894571 -6.143037 56.185528  0.270687 0.840695 -0.469000  0.348457 0.805958 2 3 0.559699 4 0.440301
barc_straps
0  -3.268480 -6.220695 56.604385  -0.119570 -0.855381 -0.504010  0.007704 0.213036 2 3 0.591534 4 0.408466
0  -3.002540 -6.284421 56.545349  -0.308410 -0.615070 -0.725653  0.015908 0.226595 2 3 0.591534 4 0.408466
0  -2.112712 -6.506559 56.662037  -0.217188 -0.976059 -0.011728  0.024406 0.262530 2 3 0.559699 4 0.440301
barc_straps
0  -3.133592 -5.892670 56.438362  0.180554 0.123323 -0.975803  0.026103 0.209976 2 3 0.591534 4 0.408466
0  -2.892996 -6.018028 56.410522  0.086088 0.370583 -0.924801  0.026075 0.225561 2 3 0.591534 4 0.408466
0  -3.002540 -6.284421 56.545349  -0.308410 -0.615070 -0.725653  0.015908 0.226595 2 3 0.591534 4 0.408466
barc_straps
0  -2.172790 -6.494226 56.748074  -0.192943 -0.981192 0.005944  0.019440 0.263319 2 3 0.559699 4 0.440301
0  -2.112712 -6.506559 56.662037  -0.217188 -0.976059 -0.011728  0.024406 0.262530 2 3 0.559699 4 0.440301
0  -1.239930 -6.651173 56.755795  -0.026915 -0.987046 -0.158164  0.035299 0.295146 2 3 0.529757 4 0.470243
barc_straps
0  -2.088356 -6.156393 56.568909  0.225696 0.639425 -0.734981  0.040507 0.257313 2 3 0.559699 4 0.440301
0  -2.044141 -6.232198 56.516537  0.199712 0.633144 -0.747826  0.035973 0.259207 2 3 0.529757 4 0.470243
0  -2.892996 -6.018028 56.410522  0.086088 0.370583 -0.924801  0.026075 0.225561 2 3 0.591534 4 0.408466
barc_straps
0  -3.004115 -6.409434 56.320358  -0.001645 -0.459786 -0.888028  0.360547 0.807866 2 3 0.559699 4 0.440301
0  -2.894571 -6.143037 56.185528  -0.002271 -0.450838 -0.892603  0.348457 0.805958 2 3 0.559699 4 0.440301
0  -2.045717 -6.357211 56.291546  -0.007256 -0.461465 -0.887129  0.347963 0.755944 2 3 0.591534 4 0.408466
barc_straps
0  -2.114286 -6.631569 56.437050  -0.007290 -0.496413 -0.868056  0.369795 0.757136 2 3 0.591534 4 0.408466
0  -2.045717 -6.357211 56.291546  -0.007256 -0.461465 -0.887129  0.347963 0.755944 2 3 0.591534 4 0.408466
0  -1.205800 -6.513250 56.355488  -0.010593 -0.511104 -0.859454  0.356050 0.708154 2 3 0.529757 4 0.470243
barc_straps
0  -1.239930 -6.651173 56.755795  0.993563 -0.101838 0.049622  0.376977 0.692939 2 3 0.529757 4 0.470243
0  -1.241506 -6.776186 56.530807  0.993563 -0.101835 0.049624  0.368457 0.708891 2 3 0.529757 4 0.470243
0  -1.205800 -6.513250 56.355488  0.993563 -0.101839 0.049622  0.356050 0.708154 2 3 0.529757 4 0.470243
barc_straps
0  -1.204222 -6.388238 56.580479  0.195494 0.856682 -0.477366  0.346628 0.696091 2 3 0.559699 4 0.440301
0  -1.205800 -6.513250 56.355488  0.195493 0.856683 -0.477365  0.356050 0.708154 2 3 0.529757 4 0.470243
0  -2.045717 -6.357211 56.291546  0.221244 0.851848 -0.474769  0.347963 0.755944 2 3 0.591534 4 0.408466
barc_straps
0  -2.112712 -6.506559 56.662037  -0.220143 -0.852028 0.474958  0.383276 0.757640 2 3 0.559699 4 0.440301
0  -2.114286 -6.631569 56.437050  -0.246204 -0.846488 0.472061  0.369795 0.757136 2 3 0.591534 4 0.408466
0  -1.241506 -6.776186 56.530807  -0.193318 -0.857059 0.477576  0.368457 0.708891 2 3 0.529757 4 0.470243
barc_straps
0  -2.892996 -6.018028 56.410522  -0.938780 0.303902 -0.162284  0.339157 0.821282 2 3 0.591534 4 0.408466
0  -2.894571 -6.143037 56.185528  -0.938780 0.303903 -0.162280  0.348457 0.805958 2 3 0.559699 4 0.440301
0  -3.004115 -6.409434 56.320358  -0.938780 0.303902 -0.162285  0.360547 0.807866 2 3 0.559699 4 0.440301
barc_straps
0  -4.353532 -1.569868 61.743504  -0.094544 -0.391196 0.915438  0.433661 0.675594 1 4 1.000000
0  -4.301809 -1.315653 61.857483  -0.071149 -0.395986 0.915496  0.440301 0.676698 1 4 1.000000
0  -4.458397 -1.291118 61.839973  -0.185171 -0.370413 0.910223  0.439429 0.692227 1 4 1.000000
barc_straps
0  -4.848395 -1.458568 61.676800  -0.216868 -0.362275 0.906491  0.436119 0.729275 1 4 1.000000
0  -4.796671 -1.204352 61.790771  -0.215590 -0.362617 0.906658  0.442592 0.728364 2 4 0.999997 3 0.000003
0  -5.256620 -1.121990 61.713375  -0.217385 -0.362145 0.906419  0.448992 0.761034 1 4 1.000000
barc_straps
0  -4.585385 -1.412418 61.472893  0.228449 0.359199 -0.904868  0.474636 0.705914 1 4 1.000000
0  -4.533659 -1.158202 61.586864  0.220401 0.361345 -0.906009  0.467504 0.705591 1 4 1.000000
0  -4.406495 -1.198361 61.604927  0.215355 0.362685 -0.906687  0.467014 0.691181 1 4 1.000000
barc_straps
0  -4.326575 -1.463931 61.509842  0.069666 0.396273 -0.915486  0.471702 0.673455 1 4 1.000000
0  -4.274850 -1.209715 61.623817  0.091517 0.391827 -0.915476  0.465020 0.676980 1 4 1.000000
0  -3.711515 -1.389913 61.581787  0.059130 0.398331 -0.915334  0.462237 0.635698 1 4 1.000000
barc_straps
0  -4.642857 -1.503190 61.707428  -0.220330 -0.361372 0.906016  0.433854 0.707347 1 4 1.000000
0  -4.591134 -1.248975 61.821404  -0.228359 -0.359230 0.904879  0.440732 0.707052 1 4 1.000000
0  -4.796671 -1.204352 61.790771  -0.215590 -0.362617 0.906658  0.442592 0.728364 2 4 0.999997 3 0.000003
barc_straps
0  -4.998368 -1.450092 61.721931  0.180431 0.969078 0.168323  0.358767 0.014539 2 4 0.999998 3 0.000002
0  -4.848395 -1.458568 61.676800  0.141806 0.945274 0.293849  0.371848 0.019937 1 4 1.000000
0  -5.308343 -1.376204 61.599403  0.297295 0.937633 0.180168  0.330539 0.023365 2 4 0.999997 3 0.000003
barc_straps
0  -4.917676 -1.312506 61.364269  0.151989 0.900666 0.407062  0.360750 0.049745 2 4 0.999998 3 0.000002
0  -4.795239 -1.367936 61.441193  0.077540 0.778579 0.622737  0.373072 0.043426 1 4 1.000000
0  -4.585385 -1.412418 61.472893  0.139606 0.885836 0.442498  0.392756 0.042419 1 4 1.000000
barc_straps
0  -4.406050 -1.440998 61.439804  0.113234 0.937919 0.327850  0.409056 0.046950 1 4 1.000000
0  -4.458217 -1.452577 61.490952  0.171895 0.908448 0.381017  0.405090 0.041448 1 4 1.000000
0  -4.326575 -1.463931 61.509842  0.175293 0.768063 0.615915  0.417455 0.041492 1 4 1.000000
barc_straps
0  -4.484838 -1.581810 61.796623  0.173776 0.898952 0.402103  0.407529 0.010775 1 4 1.000000
0  -4.510120 -1.545334 61.726002  0.127526 0.899110 0.418735  0.404059 0.017616 1 4 1.000000
0  -4.642857 -1.503190 61.707428  0.202095 0.909820 0.362471  0.391178 0.018719 1 4 1.000000
barc_straps
0  -5.300906 -1.213502 61.317654  0.264857 0.826500 0.496739  0.325557 0.051159 2 4 0.999997 3 0.000003
0  -5.258618 -1.282262 61.364357  0.385031 0.668772 0.635999  0.331334 0.044847 2 4 0.999997 3 0.000003
0  -4.795239 -1.367936 61.441193  0.077540 0.778579 0.622737  0.373072 0.043426 1 4 1.000000
barc_straps
0  -4.599097 -1.380033 61.412388  0.169732 0.884352 0.434870  0.390417 0.048330 1 4 1.000000
0  -4.585385 -1.412418 61.472893  0.139606 0.885836 0.442498  0.392756 0.042419 1 4 1.000000
0  -4.458217 -1.452577 61.490952  0.171895 0.908448 0.381017  0.405090 0.041448 1 4 1.000000
barc_straps
0  -3.716591 -1.789445 61.781364  0.275267 0.888536 0.367058  0.479964 0.016294 1 4 1.000000
0  -3.778816 -1.756833 61.699337  0.133125 0.951523 0.277276  0.473103 0.023392 1 4 1.000000
0  -4.353532 -1.569868 61.743504  0.293448 0.939486 0.176788  0.418746 0.017468 1 4 1.000000
barc_straps
0  -4.301809 -1.315653 61.857483  0.231193 0.878829 0.417384  0.440301 0.676698 1 4 1.000000
0  -4.274850 -1.209715 61.623817  0.278831 0.859664 0.428055  0.465020 0.676980 1 4 1.000000
0  -4.406495 -1.198361 61.604927  0.114406 0.909257 0.400203  0.467014 0.691181 1 4 1.000000
barc_straps
0  -4.458397 -1.291118 61.839973  0.179806 0.900978 0.394852  0.439429 0.692227 1 4 1.000000
0  -4.406495 -1.198361 61.604927  0.114406 0.909257 0.400203  0.467014 0.691181 1 4 1.000000
0  -4.533659 -1.158202 61.586864  0.185579 0.900091 0.394203  0.467504 0.705591 1 4 1.000000
barc_straps
0  -4.591134 -1.248975 61.821404  0.159932 0.907435 0.388567  0.440732 0.707052 1 4 1.000000
0  -4.533659 -1.158202 61.586864  0.185579 0.900091 0.394203  0.467504 0.705591 1 4 1.000000
0  -4.743515 -1.113720 61.555168  0.121716 0.916493 0.381085  0.467654 0.727472 1 4 1.000000
barc_straps
0  -4.796671 -1.204352 61.790771  0.110132 0.917273 0.382728  0.442592 0.728364 2 4 0.999997 3 0.000003
0  -4.743515 -1.113720 61.555168  0.121716 0.916493 0.381085  0.467654 0.727472 1 4 1.000000
0  -5.206896 -1.028046 61.478329  0.103148 0.918114 0.382658  0.462214 0.759999 2 4 0.999997 3 0.000003
barc_straps
0  -3.727093 -1.502618 61.813313  0.306677 0.850273 0.427768  0.447644 0.635471 1 4 1.000000
0  -3.711515 -1.389913 61.581787  0.303738 0.848447 0.433453  0.462237 0.635698 1 4 1.000000
0  -4.274850 -1.209715 61.623817  0.278831 0.859664 0.428055  0.465020 0.676980 1 4 1.000000
barc_straps
0  -4.795239 -1.367936 61.441193  0.215660 0.362602 -0.906648  0.474526 0.729369 1 4 1.000000
0  -4.743515 -1.113720 61.555168  0.216450 0.362396 -0.906542  0.467654 0.727472 1 4 1.000000
0  -4.533659 -1.158202 61.586864  0.220401 0.361345 -0.906009  0.467504 0.705591 1 4 1.000000
barc_straps
0  -5.308343 -1.376204 61.599403  -0.963950 0.243857 -0.106462  0.444153 0.766713 2 4 0.999997 3 0.000003
0  -5.256620 -1.121990 61.713375  -0.963949 0.243861 -0.106459  0.448992 0.761034 1 4 1.000000
0  -5.206896 -1.028046 61.478329  -0.963950 0.243857 -0.106462  0.462214 0.759999 2 4 0.999997 3 0.000003
barc_straps
0  -3.778816 -1.756833 61.699337  -0.059231 -0.398331 0.915327  0.441585 0.631374 1 4 1.000000
0  -3.727093 -1.502618 61.813313  -0.059222 -0.398329 0.915329  0.447644 0.635471 1 4 1.000000
0  -4.301809 -1.315653 61.857483  -0.071149 -0.395986 0.915496  0.440301 0.676698 1 4 1.000000
barc_straps
0  -4.510120 -1.545334 61.726002  -0.211231 -0.363761 0.907226  0.432927 0.692380 1 4 1.000000
0  -4.458397 -1.291118 61.839973  -0.185171 -0.370413 0.910223  0.439429 0.692227 1 4 1.000000
0  -4.591134 -1.248975 61.821404  -0.228359 -0.359230 0.904879  0.440732 0.707052 1 4 1.000000
barc_straps
0  -5.258618 -1.282262 61.364357  0.217270 0.362177 -0.906433  0.468954 0.764108 2 4 0.999997 3 0.000003
0  -5.206896 -1.028046 61.478329  0.217267 0.362173 -0.906435  0.462214 0.759999 2 4 0.999997 3 0.000003
0  -4.743515 -1.113720 61.555168  0.216450 0.362396 -0.906542  0.467654 0.727472 1 4 1.000000
barc_straps
0  -4.458217 -1.452577 61.490952  0.189587 0.369315 -0.909760  0.473814 0.691227 1 4 1.000000
0  -4.406495 -1.198361 61.604927  0.215355 0.362685 -0.906687  0.467014 0.691181 1 4 1.000000
0  -4.274850 -1.209715 61.623817  0.091517 0.391827 -0.915476  0.465020 0.676980 1 4 1.000000
barc_straps
0  -3.763240 -1.644129 61.467819  0.981781 -0.188283 -0.025601  0.467224 0.630859 1 4 1.000000
0  -3.711515 -1.389913 61.581787  0.981781 -0.188282 -0.025600  0.462237 0.635698 1 4 1.000000
0  -3.727093 -1.502618 61.813313  0.981781 -0.188283 -0.025601  0.447644 0.635471 1 4 1.000000
barc_straps
0  -5.612494 1.351089 47.182156  0.565491 -0.813794 -0.134009  0.671260 0.727707 1 2 1.000000
0  -4.962732 1.917237 46.472736  0.564376 -0.814693 -0.133245  0.697802 0.755891 1 2 1.000000
0  -4.570782 2.071014 47.216999  0.573656 -0.809069 -0.127775  0.711273 0.726430 1 2 1.000000
barc_straps
0  -4.962732 1.917237 46.472736  0.564376 -0.814693 -0.133245  0.697802 0.755891 1 2 1.000000
0  -4.707214 2.334307 45.020809  0.562898 -0.815400 -0.135164  0.710774 0.813487 1 2 1.000000
0  -3.663208 3.049531 45.053921  0.571756 -0.810466 -0.127435  0.750886 0.812258 1 2 1.000000
barc_straps
0  -4.962732 1.917237 46.472736  0.564376 -0.814693 -0.133245  0.697802 0.755891 1 2 1.000000
0  -5.612494 1.351089 47.182156  0.565491 -0.813794 -0.134009  0.671260 0.727707 1 2 1.000000
0  -5.751221 1.619083 44.987705  0.562897 -0.815400 -0.135164  0.670662 0.814716 1 2 1.000000
barc_straps
0  -4.183414 2.234192 47.964756  0.582442 -0.803541 -0.122817  0.724544 0.696876 1 2 1.000000
0  -4.443516 1.826521 49.420177  0.584246 -0.802596 -0.120400  0.711372 0.639184 1 2 1.000000
0  -5.473768 1.083095 49.376591  0.575747 -0.807554 -0.127951  0.671859 0.640697 2 2 0.997326 3 0.002674
barc_straps
0  -4.183414 2.234192 47.964756  0.582442 -0.803541 -0.122817  0.724544 0.696876 1 2 1.000000
0  -3.538239 2.809738 47.258839  0.582204 -0.804008 -0.120869  0.750886 0.724965 1 2 1.000000
0  -3.413269 2.569948 49.463749  0.584246 -0.802597 -0.120399  0.750886 0.637671 1 2 1.000000
barc_straps
0  -3.538239 2.809738 47.258839  0.582204 -0.804008 -0.120869  0.750886 0.724965 1 2 1.000000
0  -4.183414 2.234192 47.964756  0.582442 -0.803541 -0.122817  0.724544 0.696876 1 2 1.000000
0  -4.570782 2.071014 47.216999  0.573656 -0.809069 -0.127775  0.711273 0.726430 1 2 1.000000
barc_straps
0  -5.612494 1.351089 47.182156  0.565491 -0.813794 -0.134009  0.671260 0.727707 1 2 1.000000
0  -4.570782 2.071014 47.216999  0.573656 -0.809069 -0.127775  0.711273 0.726430 1 2 1.000000
0  -5.473768 1.083095 49.376591  0.575747 -0.807554 -0.127951  0.671859 0.640697 2 2 0.997326 3 0.002674
barc_straps
0  -4.962732 1.917237 46.472736  0.564376 -0.814693 -0.133245  0.697802 0.755891 1 2 1.000000
0  -3.663208 3.049531 45.053921  0.571756 -0.810466 -0.127435  0.750886 0.812258 1 2 1.000000
0  -4.570782 2.071014 47.216999  0.573656 -0.809069 -0.127775  0.711273 0.726430 1 2 1.000000
barc_straps
0  -4.962732 1.917237 46.472736  0.564376 -0.814693 -0.133245  0.697802 0.755891 1 2 1.000000
0  -5.751221 1.619083 44.987705  0.562897 -0.815400 -0.135164  0.670662 0.814716 1 2 1.000000
0  -4.707214 2.334307 45.020809  0.562898 -0.815400 -0.135164  0.710774 0.813487 1 2 1.000000
barc_straps
0  -4.183414 2.234192 47.964756  0.582442 -0.803541 -0.122817  0.724544 0.696876 1 2 1.000000
0  -5.473768 1.083095 49.376591  0.575747 -0.807554 -0.127951  0.671859 0.640697 2 2 0.997326 3 0.002674
0  -4.570782 2.071014 47.216999  0.573656 -0.809069 -0.127775  0.711273 0.726430 1 2 1.000000
barc_straps
0  -4.183414 2.234192 47.964756  0.582442 -0.803541 -0.122817  0.724544 0.696876 1 2 1.000000
0  -3.413269 2.569948 49.463749  0.584246 -0.802597 -0.120399  0.750886 0.637671 1 2 1.000000
0  -4.443516 1.826521 49.420177  0.584246 -0.802596 -0.120400  0.711372 0.639184 1 2 1.000000
barc_straps
0  -3.538239 2.809738 47.258839  0.582204 -0.804008 -0.120869  0.750886 0.724965 1 2 1.000000
0  -4.570782 2.071014 47.216999  0.573656 -0.809069 -0.127775  0.711273 0.726430 1 2 1.000000
0  -3.663208 3.049531 45.053921  0.571756 -0.810466 -0.127435  0.750886 0.812258 1 2 1.000000
barc_straps
0  -4.443516 1.826521 49.420177  -0.268745 0.318465 0.909041  0.360107 0.924676 1 2 1.000000
0  -4.272676 2.314358 49.300087  -0.268696 0.317922 0.909246  0.349235 0.908842 1 2 1.000000
0  -4.701836 2.192647 49.215347  -0.271941 0.320313 0.907440  0.343634 0.925670 1 2 1.000000
barc_straps
0  -4.272676 2.314358 49.300087  -0.268696 0.317922 0.909246  0.349235 0.908842 1 2 1.000000
0  -3.672131 2.929990 49.261829  -0.267700 0.317663 0.909630  0.343799 0.876039 1 2 1.000000
0  -3.930992 3.290031 49.059917  -0.271604 0.319578 0.907800  0.327491 0.877173 1 2 1.000000
barc_straps
0  -4.272676 2.314358 49.300087  -0.268696 0.317922 0.909246  0.349235 0.908842 1 2 1.000000
0  -4.443516 1.826521 49.420177  -0.268745 0.318465 0.909041  0.360107 0.924676 1 2 1.000000
0  -3.413269 2.569948 49.463749  -0.267697 0.317669 0.909629  0.360107 0.874905 1 2 1.000000
barc_straps
0  -5.129906 2.083104 49.124783  -0.275120 0.322645 0.905654  0.337703 0.942217 1 2 1.000000
0  -5.729359 1.479642 49.157223  -0.276043 0.322881 0.905289  0.342809 0.974739 1 2 1.000000
0  -5.473768 1.083095 49.376591  -0.272399 0.321110 0.907021  0.360107 0.974447 2 2 0.997326 3 0.002674
barc_straps
0  -5.129906 2.083104 49.124783  -0.275120 0.322645 0.905654  0.337703 0.942217 1 2 1.000000
0  -4.957973 2.583109 48.998886  -0.275133 0.322141 0.905829  0.326501 0.926102 1 2 1.000000
0  -5.984951 1.876188 48.937851  -0.276047 0.322879 0.905289  0.325512 0.975032 1 2 1.000000
barc_straps
0  -4.957973 2.583109 48.998886  -0.275133 0.322141 0.905829  0.326501 0.926102 1 2 1.000000
0  -5.129906 2.083104 49.124783  -0.275120 0.322645 0.905654  0.337703 0.942217 1 2 1.000000
0  -4.701836 2.192647 49.215347  -0.271941 0.320313 0.907440  0.343634 0.925670 1 2 1.000000
barc_straps
0  -4.443516 1.826521 49.420177  -0.268745 0.318465 0.909041  0.360107 0.924676 1 2 1.000000
0  -4.701836 2.192647 49.215347  -0.271941 0.320313 0.907440  0.343634 0.925670 1 2 1.000000
0  -5.473768 1.083095 49.376591  -0.272399 0.321110 0.907021  0.360107 0.974447 2 2 0.997326 3 0.002674
barc_straps
0  -4.272676 2.314358 49.300087  -0.268696 0.317922 0.909246  0.349235 0.908842 1 2 1.000000
0  -3.930992 3.290031 49.059917  -0.271604 0.319578 0.907800  0.327491 0.877173 1 2 1.000000
0  -4.701836 2.192647 49.215347  -0.271941 0.320313 0.907440  0.343634 0.925670 1 2 1.000000
barc_straps
0  -4.272676 2.314358 49.300087  -0.268696 0.317922 0.909246  0.349235 0.908842 1 2 1.000000
0  -3.413269 2.569948 49.463749  -0.267697 0.317669 0.909629  0.360107 0.874905 1 2 1.000000
0  -3.672131 2.929990 49.261829  -0.267700 0.317663 0.909630  0.343799 0.876039 1 2 1.000000
barc_straps
0  -5.129906 2.083104 49.124783  -0.275120 0.322645 0.905654  0.337703 0.942217 1 2 1.000000
0  -5.473768 1.083095 49.376591  -0.272399 0.321110 0.907021  0.360107 0.974447 2 2 0.997326 3 0.002674
0  -4.701836 2.192647 49.215347  -0.271941 0.320313 0.907440  0.343634 0.925670 1 2 1.000000
barc_straps
0  -5.129906 2.083104 49.124783  -0.275120 0.322645 0.905654  0.337703 0.942217 1 2 1.000000
0  -5.984951 1.876188 48.937851  -0.276047 0.322879 0.905289  0.325512 0.975032 1 2 1.000000
0  -5.729359 1.479642 49.157223  -0.276043 0.322881 0.905289  0.342809 0.974739 1 2 1.000000
barc_straps
0  -4.957973 2.583109 48.998886  -0.275133 0.322141 0.905829  0.326501 0.926102 1 2 1.000000
0  -4.701836 2.192647 49.215347  -0.271941 0.320313 0.907440  0.343634 0.925670 1 2 1.000000
0  -3.930992 3.290031 49.059917  -0.271604 0.319578 0.907800  0.327491 0.877173 1 2 1.000000
barc_straps
0  -4.256966 3.457535 45.578606  -0.580603 0.805481 0.118744  0.935670 0.141051 1 2 1.000000
0  -4.276270 3.432830 45.651791  -0.580602 0.805484 0.118726  0.934811 0.143960 1 2 1.000000
0  -4.253403 3.449792 45.648552  -0.566718 0.813879 0.128185  0.935652 0.143821 1 2 1.000000
barc_straps
0  -4.253403 3.449792 45.648552  -0.566718 0.813879 0.128185  0.935652 0.143821 1 2 1.000000
0  -4.276270 3.432830 45.651791  -0.580602 0.805484 0.118726  0.934811 0.143960 1 2 1.000000
0  -4.318447 3.391165 45.728203  -0.580578 0.805495 0.118773  0.933110 0.147009 1 2 1.000000
barc_straps
0  -4.276270 3.432830 45.651791  -0.580602 0.805484 0.118726  0.934811 0.143960 1 2 1.000000
0  -4.256966 3.457535 45.578606  -0.580603 0.805481 0.118744  0.935670 0.141051 1 2 1.000000
0  -4.322006 3.398907 45.658268  -0.580550 0.805520 0.118734  0.933128 0.144240 1 2 1.000000
barc_straps
0  -5.342970 2.673280 46.667362  -0.578819 0.806541 0.120251  0.418686 0.860571 1 2 1.000000
0  -5.134138 2.929227 45.951767  -0.579192 0.806349 0.119739  0.427820 0.832118 1 2 1.000000
0  -5.908358 2.420029 45.622169  -0.580403 0.805602 0.118906  0.400266 0.819441 1 2 1.000000
barc_straps
0  -5.342970 2.673280 46.667362  -0.578819 0.806541 0.120251  0.418686 0.860571 1 2 1.000000
0  -5.061499 2.797354 47.181423  -0.574008 0.809501 0.123382  0.427881 0.880810 1 2 1.000000
0  -4.368782 3.446757 46.151733  -0.575038 0.808677 0.123986  0.455341 0.839680 1 2 1.000000
barc_straps
0  -5.061499 2.797354 47.181423  -0.574008 0.809501 0.123382  0.427881 0.880810 1 2 1.000000
0  -5.342970 2.673280 46.667362  -0.578819 0.806541 0.120251  0.418686 0.860571 1 2 1.000000
0  -5.820435 2.266391 47.094013  -0.578975 0.806541 0.119497  0.400361 0.877709 1 2 1.000000
barc_straps
0  -5.182150 3.013205 45.148487  -0.580393 0.805596 0.118995  0.427767 0.800317 1 2 1.000000
0  -5.424219 2.815480 45.306385  -0.580396 0.805593 0.118996  0.418600 0.806692 1 2 1.000000
0  -5.075396 3.052748 45.401474  -0.580400 0.805591 0.118993  0.431128 0.810287 1 2 1.000000
barc_straps
0  -5.424219 2.815480 45.306385  -0.580396 0.805593 0.118996  0.418600 0.806692 1 2 1.000000
0  -5.900496 2.464499 45.359467  -0.580395 0.805594 0.118997  0.401109 0.809029 1 2 1.000000
0  -5.908358 2.420029 45.622169  -0.580403 0.805602 0.118906  0.400266 0.819441 1 2 1.000000
barc_straps
0  -5.424219 2.815480 45.306385  -0.580396 0.805593 0.118996  0.418600 0.806692 1 2 1.000000
0  -5.182150 3.013205 45.148487  -0.580393 0.805596 0.118995  0.427767 0.800317 1 2 1.000000
0  -6.213432 2.275440 45.113041  -0.580284 0.805684 0.118927  0.390210 0.799420 1 2 1.000000
barc_straps
0  -4.782471 2.916327 47.678425  -0.568201 0.812905 0.127798  0.437043 0.900396 1 2 1.000000
0  -5.061499 2.797354 47.181423  -0.574008 0.809501 0.123382  0.427881 0.880810 1 2 1.000000
0  -5.732512 2.112754 48.565861  -0.572771 0.810339 0.123631  0.400456 0.935978 1 2 1.000000
barc_straps
0  -5.061499 2.797354 47.181423  -0.574008 0.809501 0.123382  0.427881 0.880810 1 2 1.000000
0  -4.782471 2.916327 47.678425  -0.568201 0.812905 0.127798  0.437043 0.900396 1 2 1.000000
0  -4.307449 3.318113 47.234699  -0.569047 0.812274 0.128049  0.455337 0.882606 1 2 1.000000
barc_straps
0  -4.782471 2.916327 47.678425  -0.568201 0.812905 0.127798  0.437043 0.900396 1 2 1.000000
0  -4.979687 2.630961 48.610603  -0.567460 0.813248 0.128904  0.427897 0.937447 1 2 1.000000
0  -4.226860 3.149168 48.655350  -0.567459 0.813249 0.128903  0.455337 0.938917 1 2 1.000000
barc_straps
0  -4.303032 3.472539 45.610470  0.607130 0.316719 0.728754  0.751840 0.272587 1 2 1.000000
0  -4.293543 3.509353 45.586559  0.607116 0.316697 0.728775  0.752680 0.273590 1 2 1.000000
0  -4.395164 3.502544 45.674175  0.607089 0.316701 0.728796  0.755198 0.270577 1 2 1.000000
barc_straps
0  -4.293543 3.509353 45.586559  0.607116 0.316697 0.728775  0.752680 0.273590 1 2 1.000000
0  -4.303032 3.472539 45.610470  0.607130 0.316719 0.728754  0.751840 0.272587 1 2 1.000000
0  -4.256966 3.457535 45.578606  0.607150 0.316683 0.728752  0.750162 0.273592 1 2 1.000000
barc_straps
0  -4.303032 3.472539 45.610470  0.607130 0.316719 0.728754  0.751840 0.272587 1 2 1.000000
0  -4.358585 3.450727 45.666218  0.607090 0.316647 0.728819  0.752680 0.270579 1 2 1.000000
0  -4.322006 3.398907 45.658268  0.607111 0.316659 0.728796  0.750162 0.270581 1 2 1.000000
barc_straps
0  -5.134138 2.929227 45.951767  -0.579192 0.806349 0.119739  0.427820 0.832118 1 2 1.000000
0  -4.897186 3.136544 45.703465  -0.579192 0.805761 0.123639  0.436992 0.822164 1 2 1.000000
0  -5.004709 3.070909 45.623310  -0.580390 0.805611 0.118909  0.433238 0.819041 1 2 1.000000
barc_straps
0  -4.897186 3.136544 45.703465  -0.579192 0.805761 0.123639  0.436992 0.822164 1 2 1.000000
0  -4.391603 3.494802 45.744114  -0.580280 0.804606 0.126032  0.455355 0.823525 1 2 1.000000
0  -4.395164 3.502544 45.674175  -0.580395 0.805609 0.118892  0.455373 0.820756 1 2 1.000000
barc_straps
0  -4.897186 3.136544 45.703465  -0.579192 0.805761 0.123639  0.436992 0.822164 1 2 1.000000
0  -5.134138 2.929227 45.951767  -0.579192 0.806349 0.119739  0.427820 0.832118 1 2 1.000000
0  -4.368782 3.446757 46.151733  -0.575038 0.808677 0.123986  0.455341 0.839680 1 2 1.000000
barc_straps
0  -6.055965 2.347050 45.396294  -0.580428 0.805568 0.119010  0.395358 0.810565 1 2 1.000000
0  -6.129770 2.310559 45.283344  -0.580226 0.805732 0.118884  0.392903 0.806126 1 2 1.000000
0  -6.046104 2.345680 45.453651  -0.580251 0.805710 0.118913  0.395596 0.812833 1 2 1.000000
barc_straps
0  -6.129770 2.310559 45.283344  -0.580226 0.805732 0.118884  0.392903 0.806126 1 2 1.000000
0  -6.055965 2.347050 45.396294  -0.580428 0.805568 0.119010  0.395358 0.810565 1 2 1.000000
0  -5.900496 2.464499 45.359467  -0.580395 0.805594 0.118997  0.401109 0.809029 1 2 1.000000
barc_straps
0  -5.900496 2.464499 45.359467  -0.580395 0.805594 0.118997  0.401109 0.809029 1 2 1.000000
0  -6.055965 2.347050 45.396294  -0.580428 0.805568 0.119010  0.395358 0.810565 1 2 1.000000
0  -5.977232 2.382854 45.537914  -0.580390 0.805596 0.119004  0.397931 0.816137 1 2 1.000000
barc_straps
0  -4.408634 3.525615 45.452290  -0.580399 0.805591 0.118998  0.455350 0.811972 1 2 1.000000
0  -4.270370 3.624438 45.457657  -0.580379 0.805605 0.118997  0.460384 0.812117 1 2 1.000000
0  -4.207973 3.685385 45.349388  -0.567096 0.813825 0.126849  0.462890 0.807796 1 2 1.000000
barc_straps
0  -4.270370 3.624438 45.457657  -0.580379 0.805605 0.118997  0.460384 0.812117 1 2 1.000000
0  -4.330124 3.561172 45.594513  -0.580417 0.805579 0.118995  0.457915 0.817568 1 2 1.000000
0  -4.265079 3.619800 45.514854  -0.563886 0.815758 0.128726  0.460456 0.814380 1 2 1.000000
barc_straps
0  -4.330124 3.561172 45.594513  -0.580417 0.805579 0.118995  0.457915 0.817568 1 2 1.000000
0  -4.270370 3.624438 45.457657  -0.580379 0.805605 0.118997  0.460384 0.812117 1 2 1.000000
0  -4.408634 3.525615 45.452290  -0.580399 0.805591 0.118998  0.455350 0.811972 1 2 1.000000
barc_straps
0  -4.818130 3.224514 45.493427  -0.580389 0.805598 0.118996  0.440321 0.813803 1 2 1.000000
0  -5.004709 3.070909 45.623310  -0.580390 0.805611 0.118909  0.433238 0.819041 1 2 1.000000
0  -4.395164 3.502544 45.674175  -0.580395 0.805609 0.118892  0.455373 0.820756 1 2 1.000000
barc_straps
0  -5.004709 3.070909 45.623310  -0.580390 0.805611 0.118909  0.433238 0.819041 1 2 1.000000
0  -4.818130 3.224514 45.493427  -0.580389 0.805598 0.118996  0.440321 0.813803 1 2 1.000000
0  -5.075396 3.052748 45.401474  -0.580400 0.805591 0.118993  0.431128 0.810287 1 2 1.000000
barc_straps
0  -4.818130 3.224514 45.493427  -0.580389 0.805598 0.118996  0.440321 0.813803 1 2 1.000000
0  -4.408634 3.525615 45.452290  -0.580399 0.805591 0.118998  0.455350 0.811972 1 2 1.000000
0  -4.150867 3.750969 45.183922  -0.576045 0.808325 0.121582  0.465324 0.801212 1 2 1.000000
barc_straps
0  -4.293543 3.509353 45.586559  0.607116 0.316697 0.728775  0.752680 0.273590 1 2 1.000000
0  -4.284054 3.546170 45.562664  0.607085 0.316664 0.728815  0.753519 0.274593 1 2 1.000000
0  -4.330124 3.561172 45.594513  0.607070 0.316720 0.728803  0.755198 0.273588 1 2 1.000000
barc_straps
0  -4.284054 3.546170 45.562664  0.607085 0.316664 0.728815  0.753519 0.274593 1 2 1.000000
0  -4.228500 3.567981 45.506905  0.607146 0.316679 0.728758  0.752680 0.276600 1 2 1.000000
0  -4.265079 3.619800 45.514854  0.607084 0.316762 0.728774  0.755198 0.276598 1 2 1.000000
barc_straps
0  -4.284054 3.546170 45.562664  0.607085 0.316664 0.728815  0.753519 0.274593 1 2 1.000000
0  -4.293543 3.509353 45.586559  0.607116 0.316697 0.728775  0.752680 0.273590 1 2 1.000000
0  -4.191921 3.516163 45.498943  0.607155 0.316626 0.728774  0.750162 0.276602 1 2 1.000000
barc_straps
0  -4.256966 3.457535 45.578606  -0.580603 0.805481 0.118744  0.935670 0.141051 1 2 1.000000
0  -4.253403 3.449792 45.648552  -0.566718 0.813879 0.128185  0.935652 0.143821 1 2 1.000000
0  -4.191921 3.516163 45.498943  -0.565995 0.814307 0.128663  0.938212 0.137863 1 2 1.000000
barc_straps
0  -4.253403 3.449792 45.648552  -0.566718 0.813879 0.128185  0.935652 0.143821 1 2 1.000000
0  -4.318447 3.391165 45.728203  -0.580578 0.805495 0.118773  0.933110 0.147009 1 2 1.000000
0  -4.314882 3.383420 45.798141  -0.565856 0.814386 0.128776  0.933092 0.149778 1 2 1.000000
barc_straps
0  -4.276270 3.432830 45.651791  -0.580602 0.805484 0.118726  0.934811 0.143960 1 2 1.000000
0  -4.322006 3.398907 45.658268  -0.580550 0.805520 0.118734  0.933128 0.144240 1 2 1.000000
0  -4.318447 3.391165 45.728203  -0.580578 0.805495 0.118773  0.933110 0.147009 1 2 1.000000
barc_straps
0  -5.342970 2.673280 46.667362  -0.578819 0.806541 0.120251  0.418686 0.860571 1 2 1.000000
0  -5.908358 2.420029 45.622169  -0.580403 0.805602 0.118906  0.400266 0.819441 1 2 1.000000
0  -5.820435 2.266391 47.094013  -0.578975 0.806541 0.119497  0.400361 0.877709 1 2 1.000000
barc_straps
0  -5.342970 2.673280 46.667362  -0.578819 0.806541 0.120251  0.418686 0.860571 1 2 1.000000
0  -4.368782 3.446757 46.151733  -0.575038 0.808677 0.123986  0.455341 0.839680 1 2 1.000000
0  -5.134138 2.929227 45.951767  -0.579192 0.806349 0.119739  0.427820 0.832118 1 2 1.000000
barc_straps
0  -5.061499 2.797354 47.181423  -0.574008 0.809501 0.123382  0.427881 0.880810 1 2 1.000000
0  -5.820435 2.266391 47.094013  -0.578975 0.806541 0.119497  0.400361 0.877709 1 2 1.000000
0  -5.732512 2.112754 48.565861  -0.572771 0.810339 0.123631  0.400456 0.935978 1 2 1.000000
barc_straps
0  -5.182150 3.013205 45.148487  -0.580393 0.805596 0.118995  0.427767 0.800317 1 2 1.000000
0  -5.075396 3.052748 45.401474  -0.580400 0.805591 0.118993  0.431128 0.810287 1 2 1.000000
0  -4.150867 3.750969 45.183922  -0.576045 0.808325 0.121582  0.465324 0.801212 1 2 1.000000
barc_straps
0  -5.424219 2.815480 45.306385  -0.580396 0.805593 0.118996  0.418600 0.806692 1 2 1.000000
0  -5.908358 2.420029 45.622169  -0.580403 0.805602 0.118906  0.400266 0.819441 1 2 1.000000
0  -5.075396 3.052748 45.401474  -0.580400 0.805591 0.118993  0.431128 0.810287 1 2 1.000000
barc_straps
0  -5.424219 2.815480 45.306385  -0.580396 0.805593 0.118996  0.418600 0.806692 1 2 1.000000
0  -6.213432 2.275440 45.113041  -0.580284 0.805684 0.118927  0.390210 0.799420 1 2 1.000000
0  -5.900496 2.464499 45.359467  -0.580395 0.805594 0.118997  0.401109 0.809029 1 2 1.000000
barc_straps
0  -4.782471 2.916327 47.678425  -0.568201 0.812905 0.127798  0.437043 0.900396 1 2 1.000000
0  -5.732512 2.112754 48.565861  -0.572771 0.810339 0.123631  0.400456 0.935978 1 2 1.000000
0  -4.979687 2.630961 48.610603  -0.567460 0.813248 0.128904  0.427897 0.937447 1 2 1.000000
barc_straps
0  -5.061499 2.797354 47.181423  -0.574008 0.809501 0.123382  0.427881 0.880810 1 2 1.000000
0  -4.307449 3.318113 47.234699  -0.569047 0.812274 0.128049  0.455337 0.882606 1 2 1.000000
0  -4.368782 3.446757 46.151733  -0.575038 0.808677 0.123986  0.455341 0.839680 1 2 1.000000
barc_straps
0  -4.782471 2.916327 47.678425  -0.568201 0.812905 0.127798  0.437043 0.900396 1 2 1.000000
0  -4.226860 3.149168 48.655350  -0.567459 0.813249 0.128903  0.455337 0.938917 1 2 1.000000
0  -4.307449 3.318113 47.234699  -0.569047 0.812274 0.128049  0.455337 0.882606 1 2 1.000000
barc_straps
0  -4.303032 3.472539 45.610470  0.607130 0.316719 0.728754  0.751840 0.272587 1 2 1.000000
0  -4.395164 3.502544 45.674175  0.607089 0.316701 0.728796  0.755198 0.270577 1 2 1.000000
0  -4.358585 3.450727 45.666218  0.607090 0.316647 0.728819  0.752680 0.270579 1 2 1.000000
barc_straps
0  -4.293543 3.509353 45.586559  0.607116 0.316697 0.728775  0.752680 0.273590 1 2 1.000000
0  -4.256966 3.457535 45.578606  0.607150 0.316683 0.728752  0.750162 0.273592 1 2 1.000000
0  -4.191921 3.516163 45.498943  0.607155 0.316626 0.728774  0.750162 0.276602 1 2 1.000000
barc_straps
0  -4.303032 3.472539 45.610470  0.607130 0.316719 0.728754  0.751840 0.272587 1 2 1.000000
0  -4.322006 3.398907 45.658268  0.607111 0.316659 0.728796  0.750162 0.270581 1 2 1.000000
0  -4.256966 3.457535 45.578606  0.607150 0.316683 0.728752  0.750162 0.273592 1 2 1.000000
barc_straps
0  -5.134138 2.929227 45.951767  -0.579192 0.806349 0.119739  0.427820 0.832118 1 2 1.000000
0  -5.004709 3.070909 45.623310  -0.580390 0.805611 0.118909  0.433238 0.819041 1 2 1.000000
0  -5.908358 2.420029 45.622169  -0.580403 0.805602 0.118906  0.400266 0.819441 1 2 1.000000
barc_straps
0  -4.897186 3.136544 45.703465  -0.579192 0.805761 0.123639  0.436992 0.822164 1 2 1.000000
0  -4.395164 3.502544 45.674175  -0.580395 0.805609 0.118892  0.455373 0.820756 1 2 1.000000
0  -5.004709 3.070909 45.623310  -0.580390 0.805611 0.118909  0.433238 0.819041 1 2 1.000000
barc_straps
0  -4.897186 3.136544 45.703465  -0.579192 0.805761 0.123639  0.436992 0.822164 1 2 1.000000
0  -4.368782 3.446757 46.151733  -0.575038 0.808677 0.123986  0.455341 0.839680 1 2 1.000000
0  -4.391603 3.494802 45.744114  -0.580280 0.804606 0.126032  0.455355 0.823525 1 2 1.000000
barc_straps
0  -6.055965 2.347050 45.396294  -0.580428 0.805568 0.119010  0.395358 0.810565 1 2 1.000000
0  -6.046104 2.345680 45.453651  -0.580251 0.805710 0.118913  0.395596 0.812833 1 2 1.000000
0  -5.977232 2.382854 45.537914  -0.580390 0.805596 0.119004  0.397931 0.816137 1 2 1.000000
barc_straps
0  -6.129770 2.310559 45.283344  -0.580226 0.805732 0.118884  0.392903 0.806126 1 2 1.000000
0  -5.900496 2.464499 45.359467  -0.580395 0.805594 0.118997  0.401109 0.809029 1 2 1.000000
0  -6.213432 2.275440 45.113041  -0.580284 0.805684 0.118927  0.390210 0.799420 1 2 1.000000
barc_straps
0  -5.900496 2.464499 45.359467  -0.580395 0.805594 0.118997  0.401109 0.809029 1 2 1.000000
0  -5.977232 2.382854 45.537914  -0.580390 0.805596 0.119004  0.397931 0.816137 1 2 1.000000
0  -5.908358 2.420029 45.622169  -0.580403 0.805602 0.118906  0.400266 0.819441 1 2 1.000000
barc_straps
0  -4.408634 3.525615 45.452290  -0.580399 0.805591 0.118998  0.455350 0.811972 1 2 1.000000
0  -4.207973 3.685385 45.349388  -0.567096 0.813825 0.126849  0.462890 0.807796 1 2 1.000000
0  -4.150867 3.750969 45.183922  -0.576045 0.808325 0.121582  0.465324 0.801212 1 2 1.000000
barc_straps
0  -4.270370 3.624438 45.457657  -0.580379 0.805605 0.118997  0.460384 0.812117 1 2 1.000000
0  -4.265079 3.619800 45.514854  -0.563886 0.815758 0.128726  0.460456 0.814380 1 2 1.000000
0  -4.207973 3.685385 45.349388  -0.567096 0.813825 0.126849  0.462890 0.807796 1 2 1.000000
barc_straps
0  -4.330124 3.561172 45.594513  -0.580417 0.805579 0.118995  0.457915 0.817568 1 2 1.000000
0  -4.408634 3.525615 45.452290  -0.580399 0.805591 0.118998  0.455350 0.811972 1 2 1.000000
0  -4.395164 3.502544 45.674175  -0.580395 0.805609 0.118892  0.455373 0.820756 1 2 1.000000
barc_straps
0  -4.818130 3.224514 45.493427  -0.580389 0.805598 0.118996  0.440321 0.813803 1 2 1.000000
0  -4.395164 3.502544 45.674175  -0.580395 0.805609 0.118892  0.455373 0.820756 1 2 1.000000
0  -4.408634 3.525615 45.452290  -0.580399 0.805591 0.118998  0.455350 0.811972 1 2 1.000000
barc_straps
0  -5.004709 3.070909 45.623310  -0.580390 0.805611 0.118909  0.433238 0.819041 1 2 1.000000
0  -5.075396 3.052748 45.401474  -0.580400 0.805591 0.118993  0.431128 0.810287 1 2 1.000000
0  -5.908358 2.420029 45.622169  -0.580403 0.805602 0.118906  0.400266 0.819441 1 2 1.000000
barc_straps
0  -4.818130 3.224514 45.493427  -0.580389 0.805598 0.118996  0.440321 0.813803 1 2 1.000000
0  -4.150867 3.750969 45.183922  -0.576045 0.808325 0.121582  0.465324 0.801212 1 2 1.000000
0  -5.075396 3.052748 45.401474  -0.580400 0.805591 0.118993  0.431128 0.810287 1 2 1.000000
barc_straps
0  -4.293543 3.509353 45.586559  0.607116 0.316697 0.728775  0.752680 0.273590 1 2 1.000000
0  -4.330124 3.561172 45.594513  0.607070 0.316720 0.728803  0.755198 0.273588 1 2 1.000000
0  -4.395164 3.502544 45.674175  0.607089 0.316701 0.728796  0.755198 0.270577 1 2 1.000000
barc_straps
0  -4.284054 3.546170 45.562664  0.607085 0.316664 0.728815  0.753519 0.274593 1 2 1.000000
0  -4.265079 3.619800 45.514854  0.607084 0.316762 0.728774  0.755198 0.276598 1 2 1.000000
0  -4.330124 3.561172 45.594513  0.607070 0.316720 0.728803  0.755198 0.273588 1 2 1.000000
barc_straps
0  -4.284054 3.546170 45.562664  0.607085 0.316664 0.728815  0.753519 0.274593 1 2 1.000000
0  -4.191921 3.516163 45.498943  0.607155 0.316626 0.728774  0.750162 0.276602 1 2 1.000000
0  -4.228500 3.567981 45.506905  0.607146 0.316679 0.728758  0.752680 0.276600 1 2 1.000000
barc_straps
0  -4.040932 3.520500 47.121914  -0.563412 0.816042 0.129005  0.465324 0.878030 1 2 1.000000
0  -4.115646 3.553601 46.586231  -0.563402 0.816049 0.129006  0.463701 0.856814 1 2 1.000000
0  -4.100536 3.460159 47.243301  -0.563404 0.816047 0.129005  0.462890 0.882867 1 2 1.000000
barc_straps
0  -4.115646 3.553601 46.586231  -0.563402 0.816049 0.129006  0.463701 0.856814 1 2 1.000000
0  -4.207973 3.685385 45.349388  -0.567096 0.813825 0.126849  0.462890 0.807796 1 2 1.000000
0  -4.265079 3.619800 45.514854  -0.563886 0.815758 0.128726  0.460456 0.814380 1 2 1.000000
barc_straps
0  -4.115646 3.553601 46.586231  -0.563402 0.816049 0.129006  0.463701 0.856814 1 2 1.000000
0  -4.040932 3.520500 47.121914  -0.563412 0.816042 0.129005  0.465324 0.878030 1 2 1.000000
0  -4.150867 3.750969 45.183922  -0.576045 0.808325 0.121582  0.465324 0.801212 1 2 1.000000
barc_straps
0  -4.090429 3.377203 47.812191  -0.563404 0.816047 0.129005  0.462079 0.905425 1 2 1.000000
0  -4.003103 3.255907 48.960854  -0.565354 0.814378 0.131012  0.462890 0.950947 1 2 1.000000
0  -3.930992 3.290031 49.059917  -0.565563 0.814197 0.131230  0.465324 0.954848 1 2 1.000000
barc_straps
0  -4.090429 3.377203 47.812191  -0.563404 0.816047 0.129005  0.462079 0.905425 1 2 1.000000
0  -4.170149 3.420790 47.188316  -0.563404 0.816048 0.129004  0.460456 0.880712 1 2 1.000000
0  -4.075216 3.221780 48.861786  -0.565011 0.814674 0.130643  0.460456 0.947045 1 2 1.000000
barc_straps
0  -4.170149 3.420790 47.188316  -0.563404 0.816048 0.129004  0.460456 0.880712 1 2 1.000000
0  -4.090429 3.377203 47.812191  -0.563404 0.816047 0.129005  0.462079 0.905425 1 2 1.000000
0  -4.100536 3.460159 47.243301  -0.563404 0.816047 0.129005  0.462890 0.882867 1 2 1.000000
barc_straps
0  -4.040932 3.520500 47.121914  -0.563412 0.816042 0.129005  0.465324 0.878030 1 2 1.000000
0  -4.100536 3.460159 47.243301  -0.563404 0.816047 0.129005  0.462890 0.882867 1 2 1.000000
0  -3.930992 3.290031 49.059917  -0.565563 0.814197 0.131230  0.465324 0.954848 1 2 1.000000
barc_straps
0  -4.115646 3.553601 46.586231  -0.563402 0.816049 0.129006  0.463701 0.856814 1 2 1.000000
0  -4.265079 3.619800 45.514854  -0.563886 0.815758 0.128726  0.460456 0.814380 1 2 1.000000
0  -4.100536 3.460159 47.243301  -0.563404 0.816047 0.129005  0.462890 0.882867 1 2 1.000000
barc_straps
0  -4.115646 3.553601 46.586231  -0.563402 0.816049 0.129006  0.463701 0.856814 1 2 1.000000
0  -4.150867 3.750969 45.183922  -0.576045 0.808325 0.121582  0.465324 0.801212 1 2 1.000000
0  -4.207973 3.685385 45.349388  -0.567096 0.813825 0.126849  0.462890 0.807796 1 2 1.000000
barc_straps
0  -4.090429 3.377203 47.812191  -0.563404 0.816047 0.129005  0.462079 0.905425 1 2 1.000000
0  -3.930992 3.290031 49.059917  -0.565563 0.814197 0.131230  0.465324 0.954848 1 2 1.000000
0  -4.100536 3.460159 47.243301  -0.563404 0.816047 0.129005  0.462890 0.882867 1 2 1.000000
barc_straps
0  -4.090429 3.377203 47.812191  -0.563404 0.816047 0.129005  0.462079 0.905425 1 2 1.000000
0  -4.075216 3.221780 48.861786  -0.565011 0.814674 0.130643  0.460456 0.947045 1 2 1.000000
0  -4.003103 3.255907 48.960854  -0.565354 0.814378 0.131012  0.462890 0.950947 1 2 1.000000
barc_straps
0  -4.170149 3.420790 47.188316  -0.563404 0.816048 0.129004  0.460456 0.880712 1 2 1.000000
0  -4.100536 3.460159 47.243301  -0.563404 0.816047 0.129005  0.462890 0.882867 1 2 1.000000
0  -4.265079 3.619800 45.514854  -0.563886 0.815758 0.128726  0.460456 0.814380 1 2 1.000000
barc_straps
0  -5.182150 3.013205 45.148487  -0.065019 0.138588 -0.988214  0.140871 0.950245 1 2 1.000000
0  -4.675838 3.025312 45.116959  -0.064840 0.138471 -0.988242  0.151833 0.966731 1 2 1.000000
0  -4.940441 2.666242 45.083874  -0.065421 0.140063 -0.987979  0.157654 0.950171 1 2 1.000000
barc_straps
0  -4.675838 3.025312 45.116959  -0.064840 0.138471 -0.988242  0.151833 0.966731 1 2 1.000000
0  -3.907040 3.400249 45.118919  -0.064833 0.138095 -0.988295  0.156804 0.999793 1 2 1.000000
0  -3.663208 3.049531 45.053921  -0.065129 0.139557 -0.988070  0.173757 0.999703 1 2 1.000000
barc_straps
0  -4.675838 3.025312 45.116959  -0.064840 0.138471 -0.988242  0.151833 0.966731 1 2 1.000000
0  -5.182150 3.013205 45.148487  -0.065019 0.138588 -0.988214  0.140871 0.950245 1 2 1.000000
0  -4.150867 3.750969 45.183922  -0.064835 0.138102 -0.988294  0.139851 0.999883 1 2 1.000000
barc_straps
0  -5.209288 2.314685 45.051559  -0.066013 0.141691 -0.987707  0.163135 0.933642 1 2 1.000000
0  -5.982328 1.947261 45.050373  -0.066026 0.142102 -0.987647  0.157824 0.900611 1 2 1.000000
0  -6.213432 2.275440 45.113041  -0.065619 0.140179 -0.987949  0.141890 0.900608 1 2 1.000000
barc_straps
0  -5.209288 2.314685 45.051559  -0.066013 0.141691 -0.987707  0.163135 0.933642 1 2 1.000000
0  -4.707214 2.334307 45.020809  -0.065826 0.141563 -0.987738  0.173757 0.950158 1 2 1.000000
0  -5.751221 1.619083 44.987705  -0.066021 0.142105 -0.987647  0.173757 0.900613 1 2 1.000000
barc_straps
0  -4.707214 2.334307 45.020809  -0.065826 0.141563 -0.987738  0.173757 0.950158 1 2 1.000000
0  -5.209288 2.314685 45.051559  -0.066013 0.141691 -0.987707  0.163135 0.933642 1 2 1.000000
0  -4.940441 2.666242 45.083874  -0.065421 0.140063 -0.987979  0.157654 0.950171 1 2 1.000000
barc_straps
0  -5.182150 3.013205 45.148487  -0.065019 0.138588 -0.988214  0.140871 0.950245 1 2 1.000000
0  -4.940441 2.666242 45.083874  -0.065421 0.140063 -0.987979  0.157654 0.950171 1 2 1.000000
0  -6.213432 2.275440 45.113041  -0.065619 0.140179 -0.987949  0.141890 0.900608 1 2 1.000000
barc_straps
0  -4.675838 3.025312 45.116959  -0.064840 0.138471 -0.988242  0.151833 0.966731 1 2 1.000000
0  -3.663208 3.049531 45.053921  -0.065129 0.139557 -0.988070  0.173757 0.999703 1 2 1.000000
0  -4.940441 2.666242 45.083874  -0.065421 0.140063 -0.987979  0.157654 0.950171 1 2 1.000000
barc_straps
0  -4.675838 3.025312 45.116959  -0.064840 0.138471 -0.988242  0.151833 0.966731 1 2 1.000000
0  -4.150867 3.750969 45.183922  -0.064835 0.138102 -0.988294  0.139851 0.999883 1 2 1.000000
0  -3.907040 3.400249 45.118919  -0.064833 0.138095 -0.988295  0.156804 0.999793 1 2 1.000000
barc_straps
0  -5.209288 2.314685 45.051559  -0.066013 0.141691 -0.987707  0.163135 0.933642 1 2 1.000000
0  -6.213432 2.275440 45.113041  -0.065619 0.140179 -0.987949  0.141890 0.900608 1 2 1.000000
0  -4.940441 2.666242 45.083874  -0.065421 0.140063 -0.987979  0.157654 0.950171 1 2 1.000000
barc_straps
0  -5.209288 2.314685 45.051559  -0.066013 0.141691 -0.987707  0.163135 0.933642 1 2 1.000000
0  -5.751221 1.619083 44.987705  -0.066021 0.142105 -0.987647  0.173757 0.900613 1 2 1.000000
0  -5.982328 1.947261 45.050373  -0.066026 0.142102 -0.987647  0.157824 0.900611 1 2 1.000000
barc_straps
0  -4.707214 2.334307 45.020809  -0.065826 0.141563 -0.987738  0.173757 0.950158 1 2 1.000000
0  -4.940441 2.666242 45.083874  -0.065421 0.140063 -0.987979  0.157654 0.950171 1 2 1.000000
0  -3.663208 3.049531 45.053921  -0.065129 0.139557 -0.988070  0.173757 0.999703 1 2 1.000000
barc_straps
0  -3.915024 3.363510 46.432583  0.821295 0.570147 0.020165  0.733899 0.867329 1 2 1.000000
0  -3.794594 3.168227 47.101406  0.814654 0.579617 0.019557  0.738559 0.894267 1 2 1.000000
0  -3.663208 3.049531 45.053921  0.816080 0.577621 0.019164  0.751511 0.814716 1 2 1.000000
barc_straps
0  -3.794594 3.168227 47.101406  0.814654 0.579617 0.019557  0.738559 0.894267 1 2 1.000000
0  -3.915024 3.363510 46.432583  0.821295 0.570147 0.020165  0.733899 0.867329 1 2 1.000000
0  -4.040932 3.520500 47.121914  0.820266 0.571611 0.020617  0.725093 0.893636 1 2 1.000000
barc_straps
0  -3.915024 3.363510 46.432583  0.821295 0.570147 0.020165  0.733899 0.867329 1 2 1.000000
0  -3.907040 3.400249 45.118919  0.822699 0.568093 0.020888  0.737917 0.815830 1 2 1.000000
0  -4.150867 3.750969 45.183922  0.822703 0.568087 0.020888  0.724322 0.816944 1 2 1.000000
barc_straps
0  -3.794594 3.168227 47.101406  0.814654 0.579617 0.019557  0.738559 0.894267 1 2 1.000000
0  -3.669155 2.969836 47.859200  0.807986 0.588890 0.019154  0.742962 0.924694 1 2 1.000000
0  -3.538239 2.809738 47.258839  0.808945 0.587578 0.018963  0.751511 0.901878 1 2 1.000000
barc_straps
0  -3.669155 2.969836 47.859200  0.807986 0.588890 0.019154  0.742962 0.924694 1 2 1.000000
0  -3.672131 2.929990 49.261829  0.806846 0.590472 0.018486  0.738688 0.979683 1 2 1.000000
0  -3.413269 2.569948 49.463749  0.806848 0.590470 0.018486  0.751511 0.989039 1 2 1.000000
barc_straps
0  -3.669155 2.969836 47.859200  0.807986 0.588890 0.019154  0.742962 0.924694 1 2 1.000000
0  -3.794594 3.168227 47.101406  0.814654 0.579617 0.019557  0.738559 0.894267 1 2 1.000000
0  -3.930992 3.290031 49.059917  0.812719 0.582310 0.020073  0.725864 0.970328 1 2 1.000000
barc_straps
0  -3.915024 3.363510 46.432583  0.821295 0.570147 0.020165  0.733899 0.867329 1 2 1.000000
0  -3.663208 3.049531 45.053921  0.816080 0.577621 0.019164  0.751511 0.814716 1 2 1.000000
0  -3.907040 3.400249 45.118919  0.822699 0.568093 0.020888  0.737917 0.815830 1 2 1.000000
barc_straps
0  -3.794594 3.168227 47.101406  0.814654 0.579617 0.019557  0.738559 0.894267 1 2 1.000000
0  -4.040932 3.520500 47.121914  0.820266 0.571611 0.020617  0.725093 0.893636 1 2 1.000000
0  -3.930992 3.290031 49.059917  0.812719 0.582310 0.020073  0.725864 0.970328 1 2 1.000000
barc_straps
0  -3.915024 3.363510 46.432583  0.821295 0.570147 0.020165  0.733899 0.867329 1 2 1.000000
0  -4.150867 3.750969 45.183922  0.822703 0.568087 0.020888  0.724322 0.816944 1 2 1.000000
0  -4.040932 3.520500 47.121914  0.820266 0.571611 0.020617  0.725093 0.893636 1 2 1.000000
barc_straps
0  -3.794594 3.168227 47.101406  0.814654 0.579617 0.019557  0.738559 0.894267 1 2 1.000000
0  -3.538239 2.809738 47.258839  0.808945 0.587578 0.018963  0.751511 0.901878 1 2 1.000000
0  -3.663208 3.049531 45.053921  0.816080 0.577621 0.019164  0.751511 0.814716 1 2 1.000000
barc_straps
0  -3.669155 2.969836 47.859200  0.807986 0.588890 0.019154  0.742962 0.924694 1 2 1.000000
0  -3.413269 2.569948 49.463749  0.806848 0.590470 0.018486  0.751511 0.989039 1 2 1.000000
0  -3.538239 2.809738 47.258839  0.808945 0.587578 0.018963  0.751511 0.901878 1 2 1.000000
barc_straps
0  -3.669155 2.969836 47.859200  0.807986 0.588890 0.019154  0.742962 0.924694 1 2 1.000000
0  -3.930992 3.290031 49.059917  0.812719 0.582310 0.020073  0.725864 0.970328 1 2 1.000000
0  -3.672131 2.929990 49.261829  0.806846 0.590472 0.018486  0.738688 0.979683 1 2 1.000000
barc_straps
0  -5.612494 1.351089 47.182156  -0.834866 -0.550291 -0.013380  0.992982 0.776122 1 2 1.000000
0  -5.736645 1.526123 47.767387  -0.836272 -0.548150 -0.013466  0.983412 0.753722 1 2 1.000000
0  -5.864004 1.736242 47.009789  -0.828416 -0.559970 -0.012692  0.978847 0.783600 1 2 1.000000
barc_straps
0  -5.736645 1.526123 47.767387  -0.836272 -0.548150 -0.013466  0.983412 0.753722 1 2 1.000000
0  -5.729359 1.479642 49.157223  -0.836929 -0.547134 -0.013910  0.978627 0.699582 1 2 1.000000
0  -5.984951 1.876188 48.937851  -0.830642 -0.556676 -0.012054  0.964271 0.708921 1 2 1.000000
barc_straps
0  -5.736645 1.526123 47.767387  -0.836272 -0.548150 -0.013466  0.983412 0.753722 1 2 1.000000
0  -5.612494 1.351089 47.182156  -0.834866 -0.550291 -0.013380  0.992982 0.776122 1 2 1.000000
0  -5.473768 1.083095 49.376591  -0.836930 -0.547134 -0.013910  0.992982 0.690242 2 2 0.997326 3 0.002674
barc_straps
0  -5.983202 1.923570 46.346203  -0.819717 -0.572651 -0.011626  0.974724 0.809756 1 2 1.000000
0  -5.982328 1.947261 45.050373  -0.818554 -0.574323 -0.011052  0.979950 0.860173 1 2 1.000000
0  -5.751221 1.619083 44.987705  -0.827033 -0.561999 -0.013230  0.992982 0.862003 1 2 1.000000
barc_straps
0  -5.983202 1.923570 46.346203  -0.819717 -0.572651 -0.011626  0.974724 0.809756 1 2 1.000000
0  -6.099194 2.075814 47.025448  -0.821137 -0.570625 -0.011037  0.965595 0.783632 1 2 1.000000
0  -6.213432 2.275440 45.113041  -0.818557 -0.574319 -0.011052  0.966918 0.858343 1 2 1.000000
barc_straps
0  -6.099194 2.075814 47.025448  -0.821137 -0.570625 -0.011037  0.965595 0.783632 1 2 1.000000
0  -5.983202 1.923570 46.346203  -0.819717 -0.572651 -0.011626  0.974724 0.809756 1 2 1.000000
0  -5.864004 1.736242 47.009789  -0.828416 -0.559970 -0.012692  0.978847 0.783600 1 2 1.000000
barc_straps
0  -5.612494 1.351089 47.182156  -0.834866 -0.550291 -0.013380  0.992982 0.776122 1 2 1.000000
0  -5.864004 1.736242 47.009789  -0.828416 -0.559970 -0.012692  0.978847 0.783600 1 2 1.000000
0  -5.751221 1.619083 44.987705  -0.827033 -0.561999 -0.013230  0.992982 0.862003 1 2 1.000000
barc_straps
0  -5.736645 1.526123 47.767387  -0.836272 -0.548150 -0.013466  0.983412 0.753722 1 2 1.000000
0  -5.984951 1.876188 48.937851  -0.830642 -0.556676 -0.012054  0.964271 0.708921 1 2 1.000000
0  -5.864004 1.736242 47.009789  -0.828416 -0.559970 -0.012692  0.978847 0.783600 1 2 1.000000
barc_straps
0  -5.736645 1.526123 47.767387  -0.836272 -0.548150 -0.013466  0.983412 0.753722 1 2 1.000000
0  -5.473768 1.083095 49.376591  -0.836930 -0.547134 -0.013910  0.992982 0.690242 2 2 0.997326 3 0.002674
0  -5.729359 1.479642 49.157223  -0.836929 -0.547134 -0.013910  0.978627 0.699582 1 2 1.000000
barc_straps
0  -5.983202 1.923570 46.346203  -0.819717 -0.572651 -0.011626  0.974724 0.809756 1 2 1.000000
0  -5.751221 1.619083 44.987705  -0.827033 -0.561999 -0.013230  0.992982 0.862003 1 2 1.000000
0  -5.864004 1.736242 47.009789  -0.828416 -0.559970 -0.012692  0.978847 0.783600 1 2 1.000000
barc_straps
0  -5.983202 1.923570 46.346203  -0.819717 -0.572651 -0.011626  0.974724 0.809756 1 2 1.000000
0  -6.213432 2.275440 45.113041  -0.818557 -0.574319 -0.011052  0.966918 0.858343 1 2 1.000000
0  -5.982328 1.947261 45.050373  -0.818554 -0.574323 -0.011052  0.979950 0.860173 1 2 1.000000
barc_straps
0  -6.099194 2.075814 47.025448  -0.821137 -0.570625 -0.011037  0.965595 0.783632 1 2 1.000000
0  -5.864004 1.736242 47.009789  -0.828416 -0.559970 -0.012692  0.978847 0.783600 1 2 1.000000
0  -5.984951 1.876188 48.937851  -0.830642 -0.556676 -0.012054  0.964271 0.708921 1 2 1.000000
barc_straps
0  -5.959955 2.074265 47.715965  -0.580055 0.805872 0.118770  0.393954 0.902418 1 2 1.000000
0  -6.018127 2.115475 47.152241  -0.580046 0.805879 0.118771  0.393024 0.880113 1 2 1.000000
0  -5.984951 1.876188 48.937851  -0.576372 0.807889 0.122924  0.390457 0.950839 1 2 1.000000
barc_straps
0  -6.018127 2.115475 47.152241  -0.580046 0.805879 0.118771  0.393024 0.880113 1 2 1.000000
0  -5.959955 2.074265 47.715965  -0.580055 0.805872 0.118770  0.393954 0.902418 1 2 1.000000
0  -5.947456 2.173303 47.105019  -0.580053 0.805874 0.118770  0.395703 0.878208 1 2 1.000000
barc_straps
0  -5.959955 2.074265 47.715965  -0.580055 0.805872 0.118770  0.393954 0.902418 1 2 1.000000
0  -5.916882 1.938558 48.847115  -0.574589 0.808853 0.124915  0.393133 0.947211 1 2 1.000000
0  -5.848810 2.000926 48.756374  -0.572825 0.809799 0.126875  0.395809 0.943582 1 2 1.000000
barc_straps
0  -6.018127 2.115475 47.152241  -0.580046 0.805879 0.118771  0.393024 0.880113 1 2 1.000000
0  -6.081497 2.165770 46.501514  -0.580052 0.805874 0.118770  0.392088 0.854364 1 2 1.000000
0  -6.099194 2.075814 47.025448  -0.580042 0.805881 0.118774  0.390334 0.875130 1 2 1.000000
barc_straps
0  -6.081497 2.165770 46.501514  -0.580052 0.805874 0.118770  0.392088 0.854364 1 2 1.000000
0  -6.129770 2.310559 45.283344  -0.580226 0.805732 0.118884  0.392903 0.806126 1 2 1.000000
0  -6.213432 2.275440 45.113041  -0.580284 0.805684 0.118927  0.390210 0.799420 1 2 1.000000
barc_straps
0  -6.081497 2.165770 46.501514  -0.580052 0.805874 0.118770  0.392088 0.854364 1 2 1.000000
0  -6.018127 2.115475 47.152241  -0.580046 0.805879 0.118771  0.393024 0.880113 1 2 1.000000
0  -6.046104 2.345680 45.453651  -0.580251 0.805710 0.118913  0.395596 0.812833 1 2 1.000000
barc_straps
0  -5.959955 2.074265 47.715965  -0.580055 0.805872 0.118770  0.393954 0.902418 1 2 1.000000
0  -5.984951 1.876188 48.937851  -0.576372 0.807889 0.122924  0.390457 0.950839 1 2 1.000000
0  -5.916882 1.938558 48.847115  -0.574589 0.808853 0.124915  0.393133 0.947211 1 2 1.000000
barc_straps
0  -6.018127 2.115475 47.152241  -0.580046 0.805879 0.118771  0.393024 0.880113 1 2 1.000000
0  -5.947456 2.173303 47.105019  -0.580053 0.805874 0.118770  0.395703 0.878208 1 2 1.000000
0  -6.046104 2.345680 45.453651  -0.580251 0.805710 0.118913  0.395596 0.812833 1 2 1.000000
barc_straps
0  -5.959955 2.074265 47.715965  -0.580055 0.805872 0.118770  0.393954 0.902418 1 2 1.000000
0  -5.848810 2.000926 48.756374  -0.572825 0.809799 0.126875  0.395809 0.943582 1 2 1.000000
0  -5.947456 2.173303 47.105019  -0.580053 0.805874 0.118770  0.395703 0.878208 1 2 1.000000
barc_straps
0  -6.018127 2.115475 47.152241  -0.580046 0.805879 0.118771  0.393024 0.880113 1 2 1.000000
0  -6.099194 2.075814 47.025448  -0.580042 0.805881 0.118774  0.390334 0.875130 1 2 1.000000
0  -5.984951 1.876188 48.937851  -0.576372 0.807889 0.122924  0.390457 0.950839 1 2 1.000000
barc_straps
0  -6.081497 2.165770 46.501514  -0.580052 0.805874 0.118770  0.392088 0.854364 1 2 1.000000
0  -6.213432 2.275440 45.113041  -0.580284 0.805684 0.118927  0.390210 0.799420 1 2 1.000000
0  -6.099194 2.075814 47.025448  -0.580042 0.805881 0.118774  0.390334 0.875130 1 2 1.000000
barc_straps
0  -6.081497 2.165770 46.501514  -0.580052 0.805874 0.118770  0.392088 0.854364 1 2 1.000000
0  -6.046104 2.345680 45.453651  -0.580251 0.805710 0.118913  0.395596 0.812833 1 2 1.000000
0  -6.129770 2.310559 45.283344  -0.580226 0.805732 0.118884  0.392903 0.806126 1 2 1.000000
barc_straps
0  -4.170149 3.420790 47.188316  -0.818343 -0.574313 -0.021877  0.860696 0.568566 1 2 1.000000
0  -4.177404 3.452581 46.625198  -0.818333 -0.574328 -0.021876  0.859330 0.546583 1 2 1.000000
0  -4.133570 3.368972 47.180363  -0.818344 -0.574312 -0.021876  0.858648 0.568346 1 2 1.000000
barc_straps
0  -4.177404 3.452581 46.625198  -0.818333 -0.574328 -0.021876  0.859330 0.546583 1 2 1.000000
0  -4.228500 3.567981 45.506905  -0.818344 -0.574313 -0.021874  0.858648 0.502836 1 2 1.000000
0  -4.191921 3.516163 45.498943  -0.818345 -0.574310 -0.021874  0.856600 0.502615 1 2 1.000000
barc_straps
0  -4.177404 3.452581 46.625198  -0.818333 -0.574328 -0.021876  0.859330 0.546583 1 2 1.000000
0  -4.170149 3.420790 47.188316  -0.818343 -0.574313 -0.021877  0.860696 0.568566 1 2 1.000000
0  -4.265079 3.619800 45.514854  -0.818341 -0.574316 -0.021875  0.860696 0.503056 1 2 1.000000
barc_straps
0  -4.089733 3.285363 47.735531  -0.818355 -0.574297 -0.021874  0.857965 0.590109 1 2 1.000000
0  -4.038639 3.169961 48.853825  -0.818350 -0.574303 -0.021875  0.858648 0.633856 1 2 1.000000
0  -4.075216 3.221780 48.861786  -0.818358 -0.574293 -0.021873  0.860696 0.634077 1 2 1.000000
barc_straps
0  -4.089733 3.285363 47.735531  -0.818355 -0.574297 -0.021874  0.857965 0.590109 1 2 1.000000
0  -4.096991 3.317153 47.172413  -0.818345 -0.574311 -0.021875  0.856600 0.568126 1 2 1.000000
0  -4.002060 3.118142 48.845871  -0.818342 -0.574315 -0.021876  0.856600 0.633636 1 2 1.000000
barc_straps
0  -4.096991 3.317153 47.172413  -0.818345 -0.574311 -0.021875  0.856600 0.568126 1 2 1.000000
0  -4.089733 3.285363 47.735531  -0.818355 -0.574297 -0.021874  0.857965 0.590109 1 2 1.000000
0  -4.133570 3.368972 47.180363  -0.818344 -0.574312 -0.021876  0.858648 0.568346 1 2 1.000000
barc_straps
0  -4.170149 3.420790 47.188316  -0.818343 -0.574313 -0.021877  0.860696 0.568566 1 2 1.000000
0  -4.133570 3.368972 47.180363  -0.818344 -0.574312 -0.021876  0.858648 0.568346 1 2 1.000000
0  -4.075216 3.221780 48.861786  -0.818358 -0.574293 -0.021873  0.860696 0.634077 1 2 1.000000
barc_straps
0  -4.177404 3.452581 46.625198  -0.818333 -0.574328 -0.021876  0.859330 0.546583 1 2 1.000000
0  -4.191921 3.516163 45.498943  -0.818345 -0.574310 -0.021874  0.856600 0.502615 1 2 1.000000
0  -4.133570 3.368972 47.180363  -0.818344 -0.574312 -0.021876  0.858648 0.568346 1 2 1.000000
barc_straps
0  -4.177404 3.452581 46.625198  -0.818333 -0.574328 -0.021876  0.859330 0.546583 1 2 1.000000
0  -4.265079 3.619800 45.514854  -0.818341 -0.574316 -0.021875  0.860696 0.503056 1 2 1.000000
0  -4.228500 3.567981 45.506905  -0.818344 -0.574313 -0.021874  0.858648 0.502836 1 2 1.000000
barc_straps
0  -4.089733 3.285363 47.735531  -0.818355 -0.574297 -0.021874  0.857965 0.590109 1 2 1.000000
0  -4.075216 3.221780 48.861786  -0.818358 -0.574293 -0.021873  0.860696 0.634077 1 2 1.000000
0  -4.133570 3.368972 47.180363  -0.818344 -0.574312 -0.021876  0.858648 0.568346 1 2 1.000000
barc_straps
0  -4.089733 3.285363 47.735531  -0.818355 -0.574297 -0.021874  0.857965 0.590109 1 2 1.000000
0  -4.002060 3.118142 48.845871  -0.818342 -0.574315 -0.021876  0.856600 0.633636 1 2 1.000000
0  -4.038639 3.169961 48.853825  -0.818350 -0.574303 -0.021875  0.858648 0.633856 1 2 1.000000
barc_straps
0  -4.096991 3.317153 47.172413  -0.818345 -0.574311 -0.021875  0.856600 0.568126 1 2 1.000000
0  -4.133570 3.368972 47.180363  -0.818344 -0.574312 -0.021876  0.858648 0.568346 1 2 1.000000
0  -4.191921 3.516163 45.498943  -0.818345 -0.574310 -0.021874  0.856600 0.502615 1 2 1.000000
barc_straps
0  -5.951418 2.301372 45.499222  -0.553760 -0.493824 0.670438  0.760729 0.274596 1 2 1.000000
0  -5.940651 2.331035 45.529964  -0.553750 -0.493789 0.670473  0.759890 0.273436 1 2 1.000000
0  -6.046104 2.345680 45.453651  -0.553730 -0.493808 0.670475  0.757372 0.276826 1 2 1.000000
barc_straps
0  -5.940651 2.331035 45.529964  -0.553750 -0.493789 0.670473  0.759890 0.273436 1 2 1.000000
0  -5.951418 2.301372 45.499222  -0.553760 -0.493824 0.670438  0.760729 0.274596 1 2 1.000000
0  -5.904074 2.279217 45.522007  -0.553713 -0.493827 0.670475  0.762407 0.273481 1 2 1.000000
barc_straps
0  -5.951418 2.301372 45.499222  -0.553760 -0.493824 0.670438  0.760729 0.274596 1 2 1.000000
0  -6.009527 2.293861 45.445698  -0.553710 -0.493821 0.670483  0.759890 0.276871 1 2 1.000000
0  -5.972948 2.242043 45.437740  -0.553759 -0.493821 0.670441  0.762407 0.276917 1 2 1.000000
barc_straps
0  -5.940651 2.331035 45.529964  -0.553750 -0.493789 0.670473  0.759890 0.273436 1 2 1.000000
0  -5.929888 2.360699 45.560696  -0.553721 -0.493765 0.670514  0.759051 0.272276 1 2 1.000000
0  -5.977232 2.382854 45.537914  -0.553737 -0.493780 0.670490  0.757372 0.273390 1 2 1.000000
barc_straps
0  -5.929888 2.360699 45.560696  -0.553721 -0.493765 0.670514  0.759051 0.272276 1 2 1.000000
0  -5.871778 2.368210 45.614216  -0.553718 -0.493780 0.670505  0.759890 0.270001 1 2 1.000000
0  -5.908358 2.420029 45.622169  -0.553761 -0.493774 0.670474  0.757372 0.269955 1 2 1.000000
barc_straps
0  -5.929888 2.360699 45.560696  -0.553721 -0.493765 0.670514  0.759051 0.272276 1 2 1.000000
0  -5.940651 2.331035 45.529964  -0.553750 -0.493789 0.670473  0.759890 0.273436 1 2 1.000000
0  -5.835201 2.316391 45.606262  -0.553687 -0.493790 0.670524  0.762407 0.270046 1 2 1.000000
barc_straps
0  -5.951418 2.301372 45.499222  -0.553760 -0.493824 0.670438  0.760729 0.274596 1 2 1.000000
0  -6.046104 2.345680 45.453651  -0.553730 -0.493808 0.670475  0.757372 0.276826 1 2 1.000000
0  -6.009527 2.293861 45.445698  -0.553710 -0.493821 0.670483  0.759890 0.276871 1 2 1.000000
barc_straps
0  -5.940651 2.331035 45.529964  -0.553750 -0.493789 0.670473  0.759890 0.273436 1 2 1.000000
0  -5.904074 2.279217 45.522007  -0.553713 -0.493827 0.670475  0.762407 0.273481 1 2 1.000000
0  -5.835201 2.316391 45.606262  -0.553687 -0.493790 0.670524  0.762407 0.270046 1 2 1.000000
barc_straps
0  -5.951418 2.301372 45.499222  -0.553760 -0.493824 0.670438  0.760729 0.274596 1 2 1.000000
0  -5.972948 2.242043 45.437740  -0.553759 -0.493821 0.670441  0.762407 0.276917 1 2 1.000000
0  -5.904074 2.279217 45.522007  -0.553713 -0.493827 0.670475  0.762407 0.273481 1 2 1.000000
barc_straps
0  -5.940651 2.331035 45.529964  -0.553750 -0.493789 0.670473  0.759890 0.273436 1 2 1.000000
0  -5.977232 2.382854 45.537914  -0.553737 -0.493780 0.670490  0.757372 0.273390 1 2 1.000000
0  -6.046104 2.345680 45.453651  -0.553730 -0.493808 0.670475  0.757372 0.276826 1 2 1.000000
barc_straps
0  -5.929888 2.360699 45.560696  -0.553721 -0.493765 0.670514  0.759051 0.272276 1 2 1.000000
0  -5.908358 2.420029 45.622169  -0.553761 -0.493774 0.670474  0.757372 0.269955 1 2 1.000000
0  -5.977232 2.382854 45.537914  -0.553737 -0.493780 0.670490  0.757372 0.273390 1 2 1.000000
barc_straps
0  -5.929888 2.360699 45.560696  -0.553721 -0.493765 0.670514  0.759051 0.272276 1 2 1.000000
0  -5.835201 2.316391 45.606262  -0.553687 -0.493790 0.670524  0.762407 0.270046 1 2 1.000000
0  -5.871778 2.368210 45.614216  -0.553718 -0.493780 0.670505  0.759890 0.270001 1 2 1.000000
barc_straps
0  -4.617643 2.745739 48.816040  -0.030894 0.130437 -0.990975  0.376061 0.931259 1 2 1.000000
0  -4.925434 2.559536 48.801132  -0.030860 0.130369 -0.990985  0.375223 0.917171 1 2 1.000000
0  -4.075216 3.221780 48.861786  -0.030899 0.130433 -0.990976  0.372710 0.959430 1 2 1.000000
barc_straps
0  -4.925434 2.559536 48.801132  -0.030860 0.130369 -0.990985  0.375223 0.917171 1 2 1.000000
0  -4.617643 2.745739 48.816040  -0.030894 0.130437 -0.990975  0.376061 0.931259 1 2 1.000000
0  -4.888859 2.507715 48.793167  -0.030959 0.130478 -0.990968  0.377736 0.917174 1 2 1.000000
barc_straps
0  -4.617643 2.745739 48.816040  -0.030894 0.130437 -0.990975  0.376061 0.931259 1 2 1.000000
0  -4.038639 3.169961 48.853825  -0.030868 0.130392 -0.990982  0.375223 0.959433 1 2 1.000000
0  -4.002060 3.118142 48.845871  -0.030833 0.130345 -0.990989  0.377736 0.959436 1 2 1.000000
barc_straps
0  -4.925434 2.559536 48.801132  -0.030860 0.130369 -0.990985  0.375223 0.917171 1 2 1.000000
0  -5.233227 2.373332 48.786217  -0.030769 0.130288 -0.990999  0.374386 0.903082 1 2 1.000000
0  -4.962013 2.611353 48.809078  -0.030753 0.130248 -0.991004  0.372710 0.917168 1 2 1.000000
barc_straps
0  -5.233227 2.373332 48.786217  -0.030769 0.130288 -0.990999  0.374386 0.903082 1 2 1.000000
0  -5.812231 1.949107 48.748425  -0.030789 0.130326 -0.990993  0.375223 0.874909 1 2 1.000000
0  -5.848810 2.000926 48.756374  -0.030824 0.130297 -0.990996  0.372710 0.874905 1 2 1.000000
barc_straps
0  -5.233227 2.373332 48.786217  -0.030769 0.130288 -0.990999  0.374386 0.903082 1 2 1.000000
0  -4.925434 2.559536 48.801132  -0.030860 0.130369 -0.990985  0.375223 0.917171 1 2 1.000000
0  -5.775654 1.897288 48.740471  -0.030761 0.130356 -0.990990  0.377736 0.874912 1 2 1.000000
barc_straps
0  -4.617643 2.745739 48.816040  -0.030894 0.130437 -0.990975  0.376061 0.931259 1 2 1.000000
0  -4.075216 3.221780 48.861786  -0.030899 0.130433 -0.990976  0.372710 0.959430 1 2 1.000000
0  -4.038639 3.169961 48.853825  -0.030868 0.130392 -0.990982  0.375223 0.959433 1 2 1.000000
barc_straps
0  -4.925434 2.559536 48.801132  -0.030860 0.130369 -0.990985  0.375223 0.917171 1 2 1.000000
0  -4.888859 2.507715 48.793167  -0.030959 0.130478 -0.990968  0.377736 0.917174 1 2 1.000000
0  -5.775654 1.897288 48.740471  -0.030761 0.130356 -0.990990  0.377736 0.874912 1 2 1.000000
barc_straps
0  -4.617643 2.745739 48.816040  -0.030894 0.130437 -0.990975  0.376061 0.931259 1 2 1.000000
0  -4.002060 3.118142 48.845871  -0.030833 0.130345 -0.990989  0.377736 0.959436 1 2 1.000000
0  -4.888859 2.507715 48.793167  -0.030959 0.130478 -0.990968  0.377736 0.917174 1 2 1.000000
barc_straps
0  -4.925434 2.559536 48.801132  -0.030860 0.130369 -0.990985  0.375223 0.917171 1 2 1.000000
0  -4.962013 2.611353 48.809078  -0.030753 0.130248 -0.991004  0.372710 0.917168 1 2 1.000000
0  -4.075216 3.221780 48.861786  -0.030899 0.130433 -0.990976  0.372710 0.959430 1 2 1.000000
barc_straps
0  -5.233227 2.373332 48.786217  -0.030769 0.130288 -0.990999  0.374386 0.903082 1 2 1.000000
0  -5.848810 2.000926 48.756374  -0.030824 0.130297 -0.990996  0.372710 0.874905 1 2 1.000000
0  -4.962013 2.611353 48.809078  -0.030753 0.130248 -0.991004  0.372710 0.917168 1 2 1.000000
barc_straps
0  -5.233227 2.373332 48.786217  -0.030769 0.130288 -0.990999  0.374386 0.903082 1 2 1.000000
0  -5.775654 1.897288 48.740471  -0.030761 0.130356 -0.990990  0.377736 0.874912 1 2 1.000000
0  -5.812231 1.949107 48.748425  -0.030789 0.130326 -0.990993  0.375223 0.874909 1 2 1.000000
barc_straps
0  -4.618341 2.837579 48.892693  -0.567310 0.812691 0.133016  0.440530 0.948492 1 2 1.000000
0  -4.913265 2.629396 48.906757  -0.567320 0.812685 0.133003  0.429715 0.949170 1 2 1.000000
0  -3.930992 3.290031 49.059917  -0.565563 0.814197 0.131230  0.465324 0.954848 1 2 1.000000
barc_straps
0  -4.913265 2.629396 48.906757  -0.567320 0.812685 0.133003  0.429715 0.949170 1 2 1.000000
0  -4.618341 2.837579 48.892693  -0.567310 0.812691 0.133016  0.440530 0.948492 1 2 1.000000
0  -4.962013 2.611353 48.809078  -0.567318 0.812687 0.133005  0.428133 0.945314 1 2 1.000000
barc_straps
0  -4.618341 2.837579 48.892693  -0.567310 0.812691 0.133016  0.440530 0.948492 1 2 1.000000
0  -4.003103 3.255907 48.960854  -0.565354 0.814378 0.131012  0.462890 0.950947 1 2 1.000000
0  -4.075216 3.221780 48.861786  -0.565011 0.814674 0.130643  0.460456 0.947045 1 2 1.000000
barc_straps
0  -4.913265 2.629396 48.906757  -0.567320 0.812685 0.133003  0.429715 0.949170 1 2 1.000000
0  -5.254919 2.389049 48.918053  -0.567308 0.812694 0.133003  0.417197 0.949757 1 2 1.000000
0  -4.957973 2.583109 48.998886  -0.567295 0.812703 0.133007  0.427890 0.952844 1 2 1.000000
barc_straps
0  -5.254919 2.389049 48.918053  -0.567308 0.812694 0.133003  0.417197 0.949757 1 2 1.000000
0  -5.916882 1.938558 48.847115  -0.574589 0.808853 0.124915  0.393133 0.947211 1 2 1.000000
0  -5.984951 1.876188 48.937851  -0.576372 0.807889 0.122924  0.390457 0.950839 1 2 1.000000
barc_straps
0  -5.254919 2.389049 48.918053  -0.567308 0.812694 0.133003  0.417197 0.949757 1 2 1.000000
0  -4.913265 2.629396 48.906757  -0.567320 0.812685 0.133003  0.429715 0.949170 1 2 1.000000
0  -5.848810 2.000926 48.756374  -0.572825 0.809799 0.126875  0.395809 0.943582 1 2 1.000000
barc_straps
0  -4.618341 2.837579 48.892693  -0.567310 0.812691 0.133016  0.440530 0.948492 1 2 1.000000
0  -3.930992 3.290031 49.059917  -0.565563 0.814197 0.131230  0.465324 0.954848 1 2 1.000000
0  -4.003103 3.255907 48.960854  -0.565354 0.814378 0.131012  0.462890 0.950947 1 2 1.000000
barc_straps
0  -4.913265 2.629396 48.906757  -0.567320 0.812685 0.133003  0.429715 0.949170 1 2 1.000000
0  -4.962013 2.611353 48.809078  -0.567318 0.812687 0.133005  0.428133 0.945314 1 2 1.000000
0  -5.848810 2.000926 48.756374  -0.572825 0.809799 0.126875  0.395809 0.943582 1 2 1.000000
barc_straps
0  -4.618341 2.837579 48.892693  -0.567310 0.812691 0.133016  0.440530 0.948492 1 2 1.000000
0  -4.075216 3.221780 48.861786  -0.565011 0.814674 0.130643  0.460456 0.947045 1 2 1.000000
0  -4.962013 2.611353 48.809078  -0.567318 0.812687 0.133005  0.428133 0.945314 1 2 1.000000
barc_straps
0  -4.913265 2.629396 48.906757  -0.567320 0.812685 0.133003  0.429715 0.949170 1 2 1.000000
0  -4.957973 2.583109 48.998886  -0.567295 0.812703 0.133007  0.427890 0.952844 1 2 1.000000
0  -3.930992 3.290031 49.059917  -0.565563 0.814197 0.131230  0.465324 0.954848 1 2 1.000000
barc_straps
0  -5.254919 2.389049 48.918053  -0.567308 0.812694 0.133003  0.417197 0.949757 1 2 1.000000
0  -5.984951 1.876188 48.937851  -0.576372 0.807889 0.122924  0.390457 0.950839 1 2 1.000000
0  -4.957973 2.583109 48.998886  -0.567295 0.812703 0.133007  0.427890 0.952844 1 2 1.000000
barc_straps
0  -5.254919 2.389049 48.918053  -0.567308 0.812694 0.133003  0.417197 0.949757 1 2 1.000000
0  -5.848810 2.000926 48.756374  -0.572825 0.809799 0.126875  0.395809 0.943582 1 2 1.000000
0  -5.916882 1.938558 48.847115  -0.574589 0.808853 0.124915  0.393133 0.947211 1 2 1.000000
barc_straps
0  -4.906528 2.527323 48.594700  -0.567399 0.812981 0.130841  0.905652 0.260931 1 2 1.000000
0  -5.196238 2.317312 48.643291  -0.567419 0.812968 0.130836  0.894956 0.262976 1 2 1.000000
0  -4.942348 2.486779 48.691284  -0.567400 0.812981 0.130836  0.904142 0.264777 1 2 1.000000
barc_straps
0  -5.196238 2.317312 48.643291  -0.567419 0.812968 0.130836  0.894956 0.262976 1 2 1.000000
0  -5.717505 1.953202 48.645206  -0.574923 0.808792 0.123772  0.875888 0.263263 1 2 1.000000
0  -5.775654 1.897288 48.740471  -0.572844 0.809964 0.125730  0.873565 0.267066 1 2 1.000000
barc_straps
0  -5.196238 2.317312 48.643291  -0.567419 0.812968 0.130836  0.894956 0.262976 1 2 1.000000
0  -4.906528 2.527323 48.594700  -0.567399 0.812981 0.130841  0.905652 0.260931 1 2 1.000000
0  -5.659351 2.009116 48.549957  -0.576389 0.807959 0.122385  0.878212 0.259461 1 2 1.000000
barc_straps
0  -4.643805 2.686987 48.741932  -0.567394 0.812987 0.130829  0.914956 0.266665 1 2 1.000000
0  -4.077881 3.081835 48.742657  -0.566478 0.813776 0.129891  0.935652 0.266464 1 2 1.000000
0  -4.153702 3.045530 48.639439  -0.566455 0.813796 0.129866  0.933092 0.262400 1 2 1.000000
barc_straps
0  -4.643805 2.686987 48.741932  -0.567394 0.812987 0.130829  0.914956 0.266665 1 2 1.000000
0  -4.888859 2.507715 48.793167  -0.567410 0.812976 0.130827  0.905888 0.268797 1 2 1.000000
0  -4.002060 3.118142 48.845871  -0.566568 0.813698 0.129984  0.938212 0.270528 1 2 1.000000
barc_straps
0  -4.888859 2.507715 48.793167  -0.567410 0.812976 0.130827  0.905888 0.268797 1 2 1.000000
0  -4.643805 2.686987 48.741932  -0.567394 0.812987 0.130829  0.914956 0.266665 1 2 1.000000
0  -4.942348 2.486779 48.691284  -0.567400 0.812981 0.130836  0.904142 0.264777 1 2 1.000000
barc_straps
0  -4.906528 2.527323 48.594700  -0.567399 0.812981 0.130841  0.905652 0.260931 1 2 1.000000
0  -4.942348 2.486779 48.691284  -0.567400 0.812981 0.130836  0.904142 0.264777 1 2 1.000000
0  -4.153702 3.045530 48.639439  -0.566455 0.813796 0.129866  0.933092 0.262400 1 2 1.000000
barc_straps
0  -5.196238 2.317312 48.643291  -0.567419 0.812968 0.130836  0.894956 0.262976 1 2 1.000000
0  -5.775654 1.897288 48.740471  -0.572844 0.809964 0.125730  0.873565 0.267066 1 2 1.000000
0  -4.942348 2.486779 48.691284  -0.567400 0.812981 0.130836  0.904142 0.264777 1 2 1.000000
barc_straps
0  -5.196238 2.317312 48.643291  -0.567419 0.812968 0.130836  0.894956 0.262976 1 2 1.000000
0  -5.659351 2.009116 48.549957  -0.576389 0.807959 0.122385  0.878212 0.259461 1 2 1.000000
0  -5.717505 1.953202 48.645206  -0.574923 0.808792 0.123772  0.875888 0.263263 1 2 1.000000
barc_straps
0  -4.643805 2.686987 48.741932  -0.567394 0.812987 0.130829  0.914956 0.266665 1 2 1.000000
0  -4.153702 3.045530 48.639439  -0.566455 0.813796 0.129866  0.933092 0.262400 1 2 1.000000
0  -4.942348 2.486779 48.691284  -0.567400 0.812981 0.130836  0.904142 0.264777 1 2 1.000000
barc_straps
0  -4.643805 2.686987 48.741932  -0.567394 0.812987 0.130829  0.914956 0.266665 1 2 1.000000
0  -4.002060 3.118142 48.845871  -0.566568 0.813698 0.129984  0.938212 0.270528 1 2 1.000000
0  -4.077881 3.081835 48.742657  -0.566478 0.813776 0.129891  0.935652 0.266464 1 2 1.000000
barc_straps
0  -4.888859 2.507715 48.793167  -0.567410 0.812976 0.130827  0.905888 0.268797 1 2 1.000000
0  -4.942348 2.486779 48.691284  -0.567400 0.812981 0.130836  0.904142 0.264777 1 2 1.000000
0  -5.775654 1.897288 48.740471  -0.572844 0.809964 0.125730  0.873565 0.267066 1 2 1.000000
barc_straps
0  -4.096991 3.317153 47.172413  -0.565589 0.814543 0.128952  0.938212 0.204196 1 2 1.000000
0  -4.169622 3.339242 46.714321  -0.565584 0.814547 0.128949  0.936505 0.186056 1 2 1.000000
0  -4.160862 3.255791 47.279873  -0.565587 0.814545 0.128951  0.935652 0.208483 1 2 1.000000
barc_straps
0  -4.169622 3.339242 46.714321  -0.565584 0.814547 0.128949  0.936505 0.186056 1 2 1.000000
0  -4.253403 3.449792 45.648552  -0.566718 0.813879 0.128185  0.935652 0.143821 1 2 1.000000
0  -4.314882 3.383420 45.798141  -0.565856 0.814386 0.128776  0.933092 0.149778 1 2 1.000000
barc_straps
0  -4.169622 3.339242 46.714321  -0.565584 0.814547 0.128949  0.936505 0.186056 1 2 1.000000
0  -4.096991 3.317153 47.172413  -0.565589 0.814543 0.128952  0.938212 0.204196 1 2 1.000000
0  -4.191921 3.516163 45.498943  -0.565995 0.814307 0.128663  0.938212 0.137863 1 2 1.000000
barc_straps
0  -4.156881 3.182365 47.761154  -0.565585 0.814546 0.128950  0.934799 0.227569 1 2 1.000000
0  -4.077881 3.081835 48.742657  -0.566478 0.813776 0.129891  0.935652 0.266464 1 2 1.000000
0  -4.002060 3.118142 48.845871  -0.566568 0.813698 0.129984  0.938212 0.270528 1 2 1.000000
barc_straps
0  -4.156881 3.182365 47.761154  -0.565585 0.814546 0.128950  0.934799 0.227569 1 2 1.000000
0  -4.234291 3.214474 47.218792  -0.565593 0.814541 0.128950  0.933093 0.206089 1 2 1.000000
0  -4.153702 3.045530 48.639439  -0.566455 0.813796 0.129866  0.933092 0.262400 1 2 1.000000
barc_straps
0  -4.234291 3.214474 47.218792  -0.565593 0.814541 0.128950  0.933093 0.206089 1 2 1.000000
0  -4.156881 3.182365 47.761154  -0.565585 0.814546 0.128950  0.934799 0.227569 1 2 1.000000
0  -4.160862 3.255791 47.279873  -0.565587 0.814545 0.128951  0.935652 0.208483 1 2 1.000000
barc_straps
0  -4.096991 3.317153 47.172413  -0.565589 0.814543 0.128952  0.938212 0.204196 1 2 1.000000
0  -4.160862 3.255791 47.279873  -0.565587 0.814545 0.128951  0.935652 0.208483 1 2 1.000000
0  -4.002060 3.118142 48.845871  -0.566568 0.813698 0.129984  0.938212 0.270528 1 2 1.000000
barc_straps
0  -4.169622 3.339242 46.714321  -0.565584 0.814547 0.128949  0.936505 0.186056 1 2 1.000000
0  -4.314882 3.383420 45.798141  -0.565856 0.814386 0.128776  0.933092 0.149778 1 2 1.000000
0  -4.160862 3.255791 47.279873  -0.565587 0.814545 0.128951  0.935652 0.208483 1 2 1.000000
barc_straps
0  -4.169622 3.339242 46.714321  -0.565584 0.814547 0.128949  0.936505 0.186056 1 2 1.000000
0  -4.191921 3.516163 45.498943  -0.565995 0.814307 0.128663  0.938212 0.137863 1 2 1.000000
0  -4.253403 3.449792 45.648552  -0.566718 0.813879 0.128185  0.935652 0.143821 1 2 1.000000
barc_straps
0  -4.156881 3.182365 47.761154  -0.565585 0.814546 0.128950  0.934799 0.227569 1 2 1.000000
0  -4.002060 3.118142 48.845871  -0.566568 0.813698 0.129984  0.938212 0.270528 1 2 1.000000
0  -4.160862 3.255791 47.279873  -0.565587 0.814545 0.128951  0.935652 0.208483 1 2 1.000000
barc_straps
0  -4.156881 3.182365 47.761154  -0.565585 0.814546 0.128950  0.934799 0.227569 1 2 1.000000
0  -4.153702 3.045530 48.639439  -0.566455 0.813796 0.129866  0.933092 0.262400 1 2 1.000000
0  -4.077881 3.081835 48.742657  -0.566478 0.813776 0.129891  0.935652 0.266464 1 2 1.000000
barc_straps
0  -4.234291 3.214474 47.218792  -0.565593 0.814541 0.128950  0.933093 0.206089 1 2 1.000000
0  -4.160862 3.255791 47.279873  -0.565587 0.814545 0.128951  0.935652 0.208483 1 2 1.000000
0  -4.314882 3.383420 45.798141  -0.565856 0.814386 0.128776  0.933092 0.149778 1 2 1.000000
barc_straps
0  -5.874300 2.069665 47.089108  -0.580209 0.805762 0.118768  0.873458 0.201691 1 2 1.000000
0  -5.802650 2.049482 47.576061  -0.580205 0.805764 0.118769  0.875043 0.220948 1 2 1.000000
0  -5.814363 2.122455 47.023769  -0.580210 0.805761 0.118770  0.875784 0.199073 1 2 1.000000
barc_straps
0  -5.802650 2.049482 47.576061  -0.580205 0.805764 0.118769  0.875043 0.220948 1 2 1.000000
0  -5.717505 1.953202 48.645206  -0.574923 0.808792 0.123772  0.875888 0.263263 1 2 1.000000
0  -5.659351 2.009116 48.549957  -0.576389 0.807959 0.122385  0.878212 0.259461 1 2 1.000000
barc_straps
0  -5.802650 2.049482 47.576061  -0.580205 0.805764 0.118769  0.875043 0.220948 1 2 1.000000
0  -5.874300 2.069665 47.089108  -0.580209 0.805762 0.118768  0.873458 0.201691 1 2 1.000000
0  -5.775654 1.897288 48.740471  -0.572844 0.809964 0.125730  0.873565 0.267066 1 2 1.000000
barc_straps
0  -5.822502 2.189183 46.531311  -0.580206 0.805764 0.118767  0.876529 0.179567 1 2 1.000000
0  -5.904074 2.279217 45.522007  -0.580206 0.805763 0.118771  0.875687 0.139620 1 2 1.000000
0  -5.972948 2.242043 45.437740  -0.580202 0.805766 0.118771  0.873352 0.136316 1 2 1.000000
barc_straps
0  -5.822502 2.189183 46.531311  -0.580206 0.805764 0.118767  0.876529 0.179567 1 2 1.000000
0  -5.747276 2.162754 47.078106  -0.580214 0.805758 0.118769  0.878117 0.201193 1 2 1.000000
0  -5.835201 2.316391 45.606262  -0.580221 0.805752 0.118770  0.878022 0.142925 1 2 1.000000
barc_straps
0  -5.747276 2.162754 47.078106  -0.580214 0.805758 0.118769  0.878117 0.201193 1 2 1.000000
0  -5.822502 2.189183 46.531311  -0.580206 0.805764 0.118767  0.876529 0.179567 1 2 1.000000
0  -5.814363 2.122455 47.023769  -0.580210 0.805761 0.118770  0.875784 0.199073 1 2 1.000000
barc_straps
0  -5.874300 2.069665 47.089108  -0.580209 0.805762 0.118768  0.873458 0.201691 1 2 1.000000
0  -5.814363 2.122455 47.023769  -0.580210 0.805761 0.118770  0.875784 0.199073 1 2 1.000000
0  -5.972948 2.242043 45.437740  -0.580202 0.805766 0.118771  0.873352 0.136316 1 2 1.000000
barc_straps
0  -5.802650 2.049482 47.576061  -0.580205 0.805764 0.118769  0.875043 0.220948 1 2 1.000000
0  -5.659351 2.009116 48.549957  -0.576389 0.807959 0.122385  0.878212 0.259461 1 2 1.000000
0  -5.814363 2.122455 47.023769  -0.580210 0.805761 0.118770  0.875784 0.199073 1 2 1.000000
barc_straps
0  -5.802650 2.049482 47.576061  -0.580205 0.805764 0.118769  0.875043 0.220948 1 2 1.000000
0  -5.775654 1.897288 48.740471  -0.572844 0.809964 0.125730  0.873565 0.267066 1 2 1.000000
0  -5.717505 1.953202 48.645206  -0.574923 0.808792 0.123772  0.875888 0.263263 1 2 1.000000
barc_straps
0  -5.822502 2.189183 46.531311  -0.580206 0.805764 0.118767  0.876529 0.179567 1 2 1.000000
0  -5.972948 2.242043 45.437740  -0.580202 0.805766 0.118771  0.873352 0.136316 1 2 1.000000
0  -5.814363 2.122455 47.023769  -0.580210 0.805761 0.118770  0.875784 0.199073 1 2 1.000000
barc_straps
0  -5.822502 2.189183 46.531311  -0.580206 0.805764 0.118767  0.876529 0.179567 1 2 1.000000
0  -5.835201 2.316391 45.606262  -0.580221 0.805752 0.118770  0.878022 0.142925 1 2 1.000000
0  -5.904074 2.279217 45.522007  -0.580206 0.805763 0.118771  0.875687 0.139620 1 2 1.000000
barc_straps
0  -5.747276 2.162754 47.078106  -0.580214 0.805758 0.118769  0.878117 0.201193 1 2 1.000000
0  -5.814363 2.122455 47.023769  -0.580210 0.805761 0.118770  0.875784 0.199073 1 2 1.000000
0  -5.659351 2.009116 48.549957  -0.576389 0.807959 0.122385  0.878212 0.259461 1 2 1.000000
barc_straps
0  -4.979687 2.630961 48.610603  0.030798 -0.130291 0.990997  0.552357 0.763184 1 2 1.000000
0  -5.206242 2.423679 48.590393  0.030858 -0.130306 0.990994  0.550678 0.751236 1 2 1.000000
0  -4.943108 2.579141 48.602654  0.030828 -0.130323 0.990992  0.549839 0.763199 1 2 1.000000
barc_straps
0  -5.206242 2.423679 48.590393  0.030858 -0.130306 0.990994  0.550678 0.751236 1 2 1.000000
0  -5.695930 2.060935 48.557907  0.030765 -0.130327 0.990994  0.549839 0.727324 1 2 1.000000
0  -5.659351 2.009116 48.549957  0.030754 -0.130310 0.990996  0.547321 0.727339 1 2 1.000000
barc_straps
0  -5.206242 2.423679 48.590393  0.030858 -0.130306 0.990994  0.550678 0.751236 1 2 1.000000
0  -4.979687 2.630961 48.610603  0.030798 -0.130291 0.990997  0.552357 0.763184 1 2 1.000000
0  -5.732512 2.112754 48.565861  0.030791 -0.130345 0.990991  0.552357 0.727309 1 2 1.000000
barc_straps
0  -4.679972 2.734606 48.614918  0.030817 -0.130356 0.990988  0.549000 0.775163 1 2 1.000000
0  -4.190281 3.097348 48.647396  0.030839 -0.130368 0.990986  0.549839 0.799074 1 2 1.000000
0  -4.226860 3.149168 48.655350  0.030813 -0.130341 0.990990  0.552357 0.799059 1 2 1.000000
barc_straps
0  -4.679972 2.734606 48.614918  0.030817 -0.130356 0.990988  0.549000 0.775163 1 2 1.000000
0  -4.906528 2.527323 48.594700  0.030853 -0.130350 0.990988  0.547321 0.763214 1 2 1.000000
0  -4.153702 3.045530 48.639439  0.030861 -0.130393 0.990982  0.547321 0.799089 1 2 1.000000
barc_straps
0  -4.906528 2.527323 48.594700  0.030853 -0.130350 0.990988  0.547321 0.763214 1 2 1.000000
0  -4.679972 2.734606 48.614918  0.030817 -0.130356 0.990988  0.549000 0.775163 1 2 1.000000
0  -4.943108 2.579141 48.602654  0.030828 -0.130323 0.990992  0.549839 0.763199 1 2 1.000000
barc_straps
0  -4.979687 2.630961 48.610603  0.030798 -0.130291 0.990997  0.552357 0.763184 1 2 1.000000
0  -4.943108 2.579141 48.602654  0.030828 -0.130323 0.990992  0.549839 0.763199 1 2 1.000000
0  -4.226860 3.149168 48.655350  0.030813 -0.130341 0.990990  0.552357 0.799059 1 2 1.000000
barc_straps
0  -5.206242 2.423679 48.590393  0.030858 -0.130306 0.990994  0.550678 0.751236 1 2 1.000000
0  -5.659351 2.009116 48.549957  0.030754 -0.130310 0.990996  0.547321 0.727339 1 2 1.000000
0  -4.943108 2.579141 48.602654  0.030828 -0.130323 0.990992  0.549839 0.763199 1 2 1.000000
barc_straps
0  -5.206242 2.423679 48.590393  0.030858 -0.130306 0.990994  0.550678 0.751236 1 2 1.000000
0  -5.732512 2.112754 48.565861  0.030791 -0.130345 0.990991  0.552357 0.727309 1 2 1.000000
0  -5.695930 2.060935 48.557907  0.030765 -0.130327 0.990994  0.549839 0.727324 1 2 1.000000
barc_straps
0  -4.679972 2.734606 48.614918  0.030817 -0.130356 0.990988  0.549000 0.775163 1 2 1.000000
0  -4.226860 3.149168 48.655350  0.030813 -0.130341 0.990990  0.552357 0.799059 1 2 1.000000
0  -4.943108 2.579141 48.602654  0.030828 -0.130323 0.990992  0.549839 0.763199 1 2 1.000000
barc_straps
0  -4.679972 2.734606 48.614918  0.030817 -0.130356 0.990988  0.549000 0.775163 1 2 1.000000
0  -4.153702 3.045530 48.639439  0.030861 -0.130393 0.990982  0.547321 0.799089 1 2 1.000000
0  -4.190281 3.097348 48.647396  0.030839 -0.130368 0.990986  0.549839 0.799074 1 2 1.000000
barc_straps
0  -4.906528 2.527323 48.594700  0.030853 -0.130350 0.990988  0.547321 0.763214 1 2 1.000000
0  -4.943108 2.579141 48.602654  0.030828 -0.130323 0.990992  0.549839 0.763199 1 2 1.000000
0  -5.659351 2.009116 48.549957  0.030754 -0.130310 0.990996  0.547321 0.727339 1 2 1.000000
barc_straps
0  -5.800970 2.248512 46.592796  -0.817720 -0.575507 -0.011226  0.987409 0.472178 1 2 1.000000
0  -5.783855 2.214572 47.086063  -0.817720 -0.575507 -0.011226  0.986728 0.452925 1 2 1.000000
0  -5.908358 2.420029 45.622169  -0.817712 -0.575518 -0.011228  0.984684 0.510184 1 2 1.000000
barc_straps
0  -5.783855 2.214572 47.086063  -0.817720 -0.575507 -0.011226  0.986728 0.452925 1 2 1.000000
0  -5.800970 2.248512 46.592796  -0.817720 -0.575507 -0.011226  0.987409 0.472178 1 2 1.000000
0  -5.747276 2.162754 47.078106  -0.817720 -0.575506 -0.011226  0.988772 0.453175 1 2 1.000000
barc_straps
0  -5.800970 2.248512 46.592796  -0.817720 -0.575507 -0.011226  0.987409 0.472178 1 2 1.000000
0  -5.871778 2.368210 45.614216  -0.817724 -0.575501 -0.011226  0.986728 0.510434 1 2 1.000000
0  -5.835201 2.316391 45.606262  -0.817737 -0.575483 -0.011223  0.988772 0.510684 1 2 1.000000
barc_straps
0  -5.783855 2.214572 47.086063  -0.817720 -0.575507 -0.011226  0.986728 0.452925 1 2 1.000000
0  -5.766741 2.180634 47.579334  -0.817701 -0.575533 -0.011227  0.986046 0.433672 1 2 1.000000
0  -5.820435 2.266391 47.094013  -0.817718 -0.575509 -0.011226  0.984684 0.452675 1 2 1.000000
barc_straps
0  -5.766741 2.180634 47.579334  -0.817701 -0.575533 -0.011227  0.986046 0.433672 1 2 1.000000
0  -5.695930 2.060935 48.557907  -0.817714 -0.575515 -0.011227  0.986728 0.395416 1 2 1.000000
0  -5.732512 2.112754 48.565861  -0.817706 -0.575526 -0.011230  0.984684 0.395166 1 2 1.000000
barc_straps
0  -5.766741 2.180634 47.579334  -0.817701 -0.575533 -0.011227  0.986046 0.433672 1 2 1.000000
0  -5.783855 2.214572 47.086063  -0.817720 -0.575507 -0.011226  0.986728 0.452925 1 2 1.000000
0  -5.659351 2.009116 48.549957  -0.817720 -0.575506 -0.011224  0.988772 0.395666 1 2 1.000000
barc_straps
0  -5.800970 2.248512 46.592796  -0.817720 -0.575507 -0.011226  0.987409 0.472178 1 2 1.000000
0  -5.908358 2.420029 45.622169  -0.817712 -0.575518 -0.011228  0.984684 0.510184 1 2 1.000000
0  -5.871778 2.368210 45.614216  -0.817724 -0.575501 -0.011226  0.986728 0.510434 1 2 1.000000
barc_straps
0  -5.783855 2.214572 47.086063  -0.817720 -0.575507 -0.011226  0.986728 0.452925 1 2 1.000000
0  -5.747276 2.162754 47.078106  -0.817720 -0.575506 -0.011226  0.988772 0.453175 1 2 1.000000
0  -5.659351 2.009116 48.549957  -0.817720 -0.575506 -0.011224  0.988772 0.395666 1 2 1.000000
barc_straps
0  -5.800970 2.248512 46.592796  -0.817720 -0.575507 -0.011226  0.987409 0.472178 1 2 1.000000
0  -5.835201 2.316391 45.606262  -0.817737 -0.575483 -0.011223  0.988772 0.510684 1 2 1.000000
0  -5.747276 2.162754 47.078106  -0.817720 -0.575506 -0.011226  0.988772 0.453175 1 2 1.000000
barc_straps
0  -5.783855 2.214572 47.086063  -0.817720 -0.575507 -0.011226  0.986728 0.452925 1 2 1.000000
0  -5.820435 2.266391 47.094013  -0.817718 -0.575509 -0.011226  0.984684 0.452675 1 2 1.000000
0  -5.908358 2.420029 45.622169  -0.817712 -0.575518 -0.011228  0.984684 0.510184 1 2 1.000000
barc_straps
0  -5.766741 2.180634 47.579334  -0.817701 -0.575533 -0.011227  0.986046 0.433672 1 2 1.000000
0  -5.732512 2.112754 48.565861  -0.817706 -0.575526 -0.011230  0.984684 0.395166 1 2 1.000000
0  -5.820435 2.266391 47.094013  -0.817718 -0.575509 -0.011226  0.984684 0.452675 1 2 1.000000
barc_straps
0  -5.766741 2.180634 47.579334  -0.817701 -0.575533 -0.011227  0.986046 0.433672 1 2 1.000000
0  -5.659351 2.009116 48.549957  -0.817720 -0.575506 -0.011224  0.988772 0.395666 1 2 1.000000
0  -5.695930 2.060935 48.557907  -0.817714 -0.575515 -0.011227  0.986728 0.395416 1 2 1.000000
barc_straps
0  -4.231815 3.192705 47.697639  0.818346 0.574309 0.021876  0.987370 0.357577 1 2 1.000000
0  -4.270870 3.266294 47.226746  0.818346 0.574309 0.021874  0.986696 0.338864 1 2 1.000000
0  -4.226860 3.149168 48.655350  0.818359 0.574290 0.021874  0.984715 0.395167 1 2 1.000000
barc_straps
0  -4.270870 3.266294 47.226746  0.818346 0.574309 0.021874  0.986696 0.338864 1 2 1.000000
0  -4.231815 3.192705 47.697639  0.818346 0.574309 0.021876  0.987370 0.357577 1 2 1.000000
0  -4.234291 3.214474 47.218792  0.818352 0.574302 0.021876  0.988697 0.338783 1 2 1.000000
barc_straps
0  -4.231815 3.192705 47.697639  0.818346 0.574309 0.021876  0.987370 0.357577 1 2 1.000000
0  -4.190281 3.097348 48.647396  0.818344 0.574313 0.021875  0.986716 0.395086 1 2 1.000000
0  -4.153702 3.045530 48.639439  0.818327 0.574336 0.021876  0.988718 0.395005 1 2 1.000000
barc_straps
0  -4.391603 3.494802 45.744114  0.818323 0.574341 0.021899  0.984694 0.279958 1 2 1.000000
0  -4.366028 3.457674 45.762131  0.818363 0.574284 0.021894  0.986021 0.280826 1 2 1.000000
0  -4.355022 3.442982 45.736164  0.818362 0.574285 0.021907  0.986696 0.279877 1 2 1.000000
barc_straps
0  -4.366028 3.457674 45.762131  0.818363 0.574284 0.021894  0.986021 0.280826 1 2 1.000000
0  -4.344719 3.417007 46.032543  0.818351 0.574302 0.021875  0.986348 0.291565 1 2 1.000000
0  -4.314882 3.383420 45.798141  0.818360 0.574289 0.021882  0.988676 0.282561 1 2 1.000000
barc_straps
0  -4.344719 3.417007 46.032543  0.818351 0.574302 0.021875  0.986348 0.291565 1 2 1.000000
0  -4.366028 3.457674 45.762131  0.818363 0.574284 0.021894  0.986021 0.280826 1 2 1.000000
0  -4.391603 3.494802 45.744114  0.818323 0.574341 0.021899  0.984694 0.279958 1 2 1.000000
barc_straps
0  -4.270870 3.266294 47.226746  0.818346 0.574309 0.021874  0.986696 0.338864 1 2 1.000000
0  -4.309927 3.339880 46.755856  0.818353 0.574300 0.021873  0.986021 0.320151 1 2 1.000000
0  -4.307449 3.318113 47.234699  0.818341 0.574316 0.021873  0.984694 0.338945 1 2 1.000000
barc_straps
0  -4.309927 3.339880 46.755856  0.818353 0.574300 0.021873  0.986021 0.320151 1 2 1.000000
0  -4.344719 3.417007 46.032543  0.818351 0.574302 0.021875  0.986348 0.291565 1 2 1.000000
0  -4.368782 3.446757 46.151733  0.818363 0.574286 0.021872  0.984684 0.296087 1 2 1.000000
barc_straps
0  -4.309927 3.339880 46.755856  0.818353 0.574300 0.021873  0.986021 0.320151 1 2 1.000000
0  -4.270870 3.266294 47.226746  0.818346 0.574309 0.021874  0.986696 0.338864 1 2 1.000000
0  -4.314882 3.383420 45.798141  0.818360 0.574289 0.021882  0.988676 0.282561 1 2 1.000000
barc_straps
0  -4.355022 3.442982 45.736164  0.818362 0.574285 0.021907  0.986696 0.279877 1 2 1.000000
0  -4.344017 3.428291 45.710197  0.818354 0.574296 0.021918  0.987370 0.278929 1 2 1.000000
0  -4.358585 3.450727 45.666218  0.818329 0.574333 0.021906  0.986716 0.277112 1 2 1.000000
barc_straps
0  -4.344017 3.428291 45.710197  0.818354 0.574296 0.021918  0.987370 0.278929 1 2 1.000000
0  -4.318447 3.391165 45.728203  0.818350 0.574303 0.021905  0.988697 0.279796 1 2 1.000000
0  -4.322006 3.398907 45.658268  0.818348 0.574305 0.021916  0.988718 0.277031 1 2 1.000000
barc_straps
0  -4.318447 3.391165 45.728203  0.818350 0.574303 0.021905  0.988697 0.279796 1 2 1.000000
0  -4.344017 3.428291 45.710197  0.818354 0.574296 0.021918  0.987370 0.278929 1 2 1.000000
0  -4.355022 3.442982 45.736164  0.818362 0.574285 0.021907  0.986696 0.279877 1 2 1.000000
barc_straps
0  -4.231815 3.192705 47.697639  0.818346 0.574309 0.021876  0.987370 0.357577 1 2 1.000000
0  -4.226860 3.149168 48.655350  0.818359 0.574290 0.021874  0.984715 0.395167 1 2 1.000000
0  -4.190281 3.097348 48.647396  0.818344 0.574313 0.021875  0.986716 0.395086 1 2 1.000000
barc_straps
0  -4.270870 3.266294 47.226746  0.818346 0.574309 0.021874  0.986696 0.338864 1 2 1.000000
0  -4.234291 3.214474 47.218792  0.818352 0.574302 0.021876  0.988697 0.338783 1 2 1.000000
0  -4.314882 3.383420 45.798141  0.818360 0.574289 0.021882  0.988676 0.282561 1 2 1.000000
barc_straps
0  -4.231815 3.192705 47.697639  0.818346 0.574309 0.021876  0.987370 0.357577 1 2 1.000000
0  -4.153702 3.045530 48.639439  0.818327 0.574336 0.021876  0.988718 0.395005 1 2 1.000000
0  -4.234291 3.214474 47.218792  0.818352 0.574302 0.021876  0.988697 0.338783 1 2 1.000000
barc_straps
0  -4.391603 3.494802 45.744114  0.818323 0.574341 0.021899  0.984694 0.279958 1 2 1.000000
0  -4.355022 3.442982 45.736164  0.818362 0.574285 0.021907  0.986696 0.279877 1 2 1.000000
0  -4.395164 3.502544 45.674175  0.818320 0.574345 0.021908  0.984715 0.277193 1 2 1.000000
barc_straps
0  -4.366028 3.457674 45.762131  0.818363 0.574284 0.021894  0.986021 0.280826 1 2 1.000000
0  -4.314882 3.383420 45.798141  0.818360 0.574289 0.021882  0.988676 0.282561 1 2 1.000000
0  -4.355022 3.442982 45.736164  0.818362 0.574285 0.021907  0.986696 0.279877 1 2 1.000000
barc_straps
0  -4.344719 3.417007 46.032543  0.818351 0.574302 0.021875  0.986348 0.291565 1 2 1.000000
0  -4.391603 3.494802 45.744114  0.818323 0.574341 0.021899  0.984694 0.279958 1 2 1.000000
0  -4.368782 3.446757 46.151733  0.818363 0.574286 0.021872  0.984684 0.296087 1 2 1.000000
barc_straps
0  -4.270870 3.266294 47.226746  0.818346 0.574309 0.021874  0.986696 0.338864 1 2 1.000000
0  -4.307449 3.318113 47.234699  0.818341 0.574316 0.021873  0.984694 0.338945 1 2 1.000000
0  -4.226860 3.149168 48.655350  0.818359 0.574290 0.021874  0.984715 0.395167 1 2 1.000000
barc_straps
0  -4.309927 3.339880 46.755856  0.818353 0.574300 0.021873  0.986021 0.320151 1 2 1.000000
0  -4.368782 3.446757 46.151733  0.818363 0.574286 0.021872  0.984684 0.296087 1 2 1.000000
0  -4.307449 3.318113 47.234699  0.818341 0.574316 0.021873  0.984694 0.338945 1 2 1.000000
barc_straps
0  -4.309927 3.339880 46.755856  0.818353 0.574300 0.021873  0.986021 0.320151 1 2 1.000000
0  -4.314882 3.383420 45.798141  0.818360 0.574289 0.021882  0.988676 0.282561 1 2 1.000000
0  -4.344719 3.417007 46.032543  0.818351 0.574302 0.021875  0.986348 0.291565 1 2 1.000000
barc_straps
0  -4.355022 3.442982 45.736164  0.818362 0.574285 0.021907  0.986696 0.279877 1 2 1.000000
0  -4.358585 3.450727 45.666218  0.818329 0.574333 0.021906  0.986716 0.277112 1 2 1.000000
0  -4.395164 3.502544 45.674175  0.818320 0.574345 0.021908  0.984715 0.277193 1 2 1.000000
barc_straps
0  -4.344017 3.428291 45.710197  0.818354 0.574296 0.021918  0.987370 0.278929 1 2 1.000000
0  -4.322006 3.398907 45.658268  0.818348 0.574305 0.021916  0.988718 0.277031 1 2 1.000000
0  -4.358585 3.450727 45.666218  0.818329 0.574333 0.021906  0.986716 0.277112 1 2 1.000000
barc_straps
0  -4.318447 3.391165 45.728203  0.818350 0.574303 0.021905  0.988697 0.279796 1 2 1.000000
0  -4.355022 3.442982 45.736164  0.818362 0.574285 0.021907  0.986696 0.279877 1 2 1.000000
0  -4.314882 3.383420 45.798141  0.818360 0.574289 0.021882  0.988676 0.282561 1 2 1.000000
barc_straps
0  -5.947456 2.173303 47.105019  0.817735 0.575486 0.011222  0.567485 0.484063 1 2 1.000000
0  -5.890190 2.081298 47.650169  0.817736 0.575485 0.011224  0.566151 0.462386 1 2 1.000000
0  -5.910879 2.121483 47.097065  0.817727 0.575497 0.011225  0.565484 0.484171 1 2 1.000000
barc_straps
0  -5.890190 2.081298 47.650169  0.817736 0.575485 0.011224  0.566151 0.462386 1 2 1.000000
0  -5.812231 1.949107 48.748425  0.817723 0.575502 0.011224  0.565484 0.418923 1 2 1.000000
0  -5.775654 1.897288 48.740471  0.817729 0.575494 0.011222  0.563484 0.419032 1 2 1.000000
barc_straps
0  -5.890190 2.081298 47.650169  0.817736 0.575485 0.011224  0.566151 0.462386 1 2 1.000000
0  -5.947456 2.173303 47.105019  0.817735 0.575486 0.011222  0.567485 0.484063 1 2 1.000000
0  -5.848810 2.000926 48.756374  0.817718 0.575509 0.011226  0.567485 0.418814 1 2 1.000000
barc_straps
0  -5.931568 2.161670 46.543961  0.817725 0.575499 0.011227  0.564818 0.505957 1 2 1.000000
0  -6.009527 2.293861 45.445698  0.817724 0.575501 0.011223  0.565484 0.549421 1 2 1.000000
0  -6.046104 2.345680 45.453651  0.817738 0.575481 0.011221  0.567485 0.549312 1 2 1.000000
barc_straps
0  -5.931568 2.161670 46.543961  0.817725 0.575499 0.011227  0.564818 0.505957 1 2 1.000000
0  -5.874300 2.069665 47.089108  0.817720 0.575507 0.011227  0.563484 0.484281 1 2 1.000000
0  -5.972948 2.242043 45.437740  0.817710 0.575521 0.011226  0.563484 0.549530 1 2 1.000000
barc_straps
0  -5.874300 2.069665 47.089108  0.817720 0.575507 0.011227  0.563484 0.484281 1 2 1.000000
0  -5.931568 2.161670 46.543961  0.817725 0.575499 0.011227  0.564818 0.505957 1 2 1.000000
0  -5.910879 2.121483 47.097065  0.817727 0.575497 0.011225  0.565484 0.484171 1 2 1.000000
barc_straps
0  -5.947456 2.173303 47.105019  0.817735 0.575486 0.011222  0.567485 0.484063 1 2 1.000000
0  -5.910879 2.121483 47.097065  0.817727 0.575497 0.011225  0.565484 0.484171 1 2 1.000000
0  -6.046104 2.345680 45.453651  0.817738 0.575481 0.011221  0.567485 0.549312 1 2 1.000000
barc_straps
0  -5.890190 2.081298 47.650169  0.817736 0.575485 0.011224  0.566151 0.462386 1 2 1.000000
0  -5.775654 1.897288 48.740471  0.817729 0.575494 0.011222  0.563484 0.419032 1 2 1.000000
0  -5.910879 2.121483 47.097065  0.817727 0.575497 0.011225  0.565484 0.484171 1 2 1.000000
barc_straps
0  -5.890190 2.081298 47.650169  0.817736 0.575485 0.011224  0.566151 0.462386 1 2 1.000000
0  -5.848810 2.000926 48.756374  0.817718 0.575509 0.011226  0.567485 0.418814 1 2 1.000000
0  -5.812231 1.949107 48.748425  0.817723 0.575502 0.011224  0.565484 0.418923 1 2 1.000000
barc_straps
0  -5.931568 2.161670 46.543961  0.817725 0.575499 0.011227  0.564818 0.505957 1 2 1.000000
0  -6.046104 2.345680 45.453651  0.817738 0.575481 0.011221  0.567485 0.549312 1 2 1.000000
0  -5.910879 2.121483 47.097065  0.817727 0.575497 0.011225  0.565484 0.484171 1 2 1.000000
barc_straps
0  -5.931568 2.161670 46.543961  0.817725 0.575499 0.011227  0.564818 0.505957 1 2 1.000000
0  -5.972948 2.242043 45.437740  0.817710 0.575521 0.011226  0.563484 0.549530 1 2 1.000000
0  -6.009527 2.293861 45.445698  0.817724 0.575501 0.011223  0.565484 0.549421 1 2 1.000000
barc_straps
0  -5.874300 2.069665 47.089108  0.817720 0.575507 0.011227  0.563484 0.484281 1 2 1.000000
0  -5.910879 2.121483 47.097065  0.817727 0.575497 0.011225  0.565484 0.484171 1 2 1.000000
0  -5.775654 1.897288 48.740471  0.817729 0.575494 0.011222  0.563484 0.419032 1 2 1.000000
barc_straps
0  -1.719074 -5.164822 46.023872  0.150047 0.985470 0.079590  0.667621 0.665025 1 2 1.000000
0  -2.564064 -4.977407 45.318993  0.151111 0.985209 0.080802  0.634428 0.636289 1 2 1.000000
0  -2.971437 -4.980285 46.070816  0.140075 0.986332 0.086766  0.617789 0.665494 1 2 1.000000
barc_straps
0  -2.564064 -4.977407 45.318993  0.151111 0.985209 0.080802  0.634428 0.636289 1 2 1.000000
0  -3.003271 -4.792356 43.862907  0.152410 0.985137 0.079227  0.617832 0.578391 1 2 1.000000
0  -4.254042 -4.602578 43.909256  0.142519 0.985961 0.086999  0.568043 0.578818 1 2 1.000000
barc_straps
0  -2.564064 -4.977407 45.318993  0.151111 0.985209 0.080802  0.634428 0.636289 1 2 1.000000
0  -1.719074 -5.164822 46.023872  0.150047 0.985470 0.079590  0.667621 0.665025 1 2 1.000000
0  -1.752501 -4.982136 43.816566  0.152410 0.985137 0.079227  0.667621 0.577964 1 2 1.000000
barc_straps
0  -3.381998 -4.993649 46.823860  0.129781 0.987283 0.091811  0.601064 0.694783 1 2 1.000000
0  -2.945976 -5.189184 48.281170  0.127766 0.987316 0.094247  0.617575 0.752766 2 2 0.999248 3 0.000752
0  -1.685646 -5.347507 48.231159  0.137480 0.986708 0.086638  0.667621 0.752085 1 2 1.000000
barc_straps
0  -3.381998 -4.993649 46.823860  0.129781 0.987283 0.091811  0.601064 0.694783 1 2 1.000000
0  -4.230173 -4.816720 46.120216  0.130752 0.987036 0.093076  0.567786 0.666133 1 2 1.000000
0  -4.206305 -5.030862 48.331169  0.127766 0.987316 0.094247  0.567528 0.753447 1 2 1.000000
barc_straps
0  -4.230173 -4.816720 46.120216  0.130752 0.987036 0.093076  0.567786 0.666133 1 2 1.000000
0  -3.381998 -4.993649 46.823860  0.129781 0.987283 0.091811  0.601064 0.694783 1 2 1.000000
0  -2.971437 -4.980285 46.070816  0.140075 0.986332 0.086766  0.617789 0.665494 1 2 1.000000
barc_straps
0  -1.719074 -5.164822 46.023872  0.150047 0.985470 0.079590  0.667621 0.665025 1 2 1.000000
0  -2.971437 -4.980285 46.070816  0.140075 0.986332 0.086766  0.617789 0.665494 1 2 1.000000
0  -1.685646 -5.347507 48.231159  0.137480 0.986708 0.086638  0.667621 0.752085 1 2 1.000000
barc_straps
0  -2.564064 -4.977407 45.318993  0.151111 0.985209 0.080802  0.634428 0.636289 1 2 1.000000
0  -4.254042 -4.602578 43.909256  0.142519 0.985961 0.086999  0.568043 0.578818 1 2 1.000000
0  -2.971437 -4.980285 46.070816  0.140075 0.986332 0.086766  0.617789 0.665494 1 2 1.000000
barc_straps
0  -2.564064 -4.977407 45.318993  0.151111 0.985209 0.080802  0.634428 0.636289 1 2 1.000000
0  -1.752501 -4.982136 43.816566  0.152410 0.985137 0.079227  0.667621 0.577964 1 2 1.000000
0  -3.003271 -4.792356 43.862907  0.152410 0.985137 0.079227  0.617832 0.578391 1 2 1.000000
barc_straps
0  -3.381998 -4.993649 46.823860  0.129781 0.987283 0.091811  0.601064 0.694783 1 2 1.000000
0  -1.685646 -5.347507 48.231159  0.137480 0.986708 0.086638  0.667621 0.752085 1 2 1.000000
0  -2.971437 -4.980285 46.070816  0.140075 0.986332 0.086766  0.617789 0.665494 1 2 1.000000
barc_straps
0  -3.381998 -4.993649 46.823860  0.129781 0.987283 0.091811  0.601064 0.694783 1 2 1.000000
0  -4.206305 -5.030862 48.331169  0.127766 0.987316 0.094247  0.567528 0.753447 1 2 1.000000
0  -2.945976 -5.189184 48.281170  0.127766 0.987316 0.094247  0.617575 0.752766 2 2 0.999248 3 0.000752
barc_straps
0  -4.230173 -4.816720 46.120216  0.130752 0.987036 0.093076  0.567786 0.666133 1 2 1.000000
0  -2.971437 -4.980285 46.070816  0.140075 0.986332 0.086766  0.617789 0.665494 1 2 1.000000
0  -4.254042 -4.602578 43.909256  0.142519 0.985961 0.086999  0.568043 0.578818 1 2 1.000000
barc_straps
0  -4.113468 -5.402756 44.275673  -0.132368 -0.986555 -0.095856  0.547864 0.803109 1 2 1.000000
0  -4.084129 -5.413804 44.348862  -0.132389 -0.986552 -0.095859  0.546755 0.806032 1 2 1.000000
0  -4.112328 -5.409722 44.345787  -0.148424 -0.985152 -0.086287  0.547867 0.805878 1 2 1.000000
barc_straps
0  -4.112328 -5.409722 44.345787  -0.148424 -0.985152 -0.086287  0.547867 0.805878 1 2 1.000000
0  -4.084129 -5.413804 44.348862  -0.132389 -0.986552 -0.095859  0.546755 0.806032 1 2 1.000000
0  -4.026594 -5.428933 44.425110  -0.132362 -0.986555 -0.095864  0.544532 0.809108 1 2 1.000000
barc_straps
0  -4.084129 -5.413804 44.348862  -0.132389 -0.986552 -0.095859  0.546755 0.806032 1 2 1.000000
0  -4.113468 -5.402756 44.275673  -0.132368 -0.986555 -0.095856  0.547864 0.803109 1 2 1.000000
0  -4.027739 -5.421968 44.355019  -0.132354 -0.986555 -0.095876  0.544529 0.806339 1 2 1.000000
barc_straps
0  -2.810040 -5.810112 45.331596  -0.134417 -0.986422 -0.094356  0.605807 0.814112 1 2 1.000000
0  -3.121374 -5.698750 44.616158  -0.134877 -0.986331 -0.094659  0.617625 0.785509 1 2 1.000000
0  -2.201496 -5.789738 44.280174  -0.132587 -0.986539 -0.095718  0.581028 0.773297 1 2 1.000000
barc_straps
0  -2.810040 -5.810112 45.331596  -0.134417 -0.986422 -0.094356  0.605807 0.814112 1 2 1.000000
0  -3.111479 -5.817503 45.849251  -0.140019 -0.985942 -0.091175  0.618083 0.834197 1 2 1.000000
0  -4.037598 -5.592110 44.822922  -0.138584 -0.986204 -0.090528  0.653994 0.792613 1 2 1.000000
barc_straps
0  -3.111479 -5.817503 45.849251  -0.140019 -0.985942 -0.091175  0.618083 0.834197 1 2 1.000000
0  -2.810040 -5.810112 45.331596  -0.134417 -0.986422 -0.094356  0.605807 0.814112 1 2 1.000000
0  -2.193249 -5.934204 45.755547  -0.134135 -0.986344 -0.095567  0.581713 0.831556 1 2 1.000000
barc_straps
0  -3.125942 -5.620012 43.810921  -0.132586 -0.986547 -0.095632  0.617253 0.753712 1 2 1.000000
0  -2.817795 -5.676589 43.967346  -0.132585 -0.986548 -0.095630  0.605178 0.760241 1 2 1.000000
0  -3.236425 -5.629813 44.065208  -0.132588 -0.986547 -0.095631  0.621796 0.763625 1 2 1.000000
barc_straps
0  -2.817795 -5.676589 43.967346  -0.132585 -0.986548 -0.095630  0.605178 0.760241 1 2 1.000000
0  -2.231796 -5.760158 44.017006  -0.132589 -0.986548 -0.095625  0.582045 0.762872 1 2 1.000000
0  -2.201496 -5.789738 44.280174  -0.132587 -0.986539 -0.095718  0.581028 0.773297 1 2 1.000000
barc_straps
0  -2.817795 -5.676589 43.967346  -0.132585 -0.986548 -0.095630  0.605178 0.760241 1 2 1.000000
0  -3.125942 -5.620012 43.810921  -0.132586 -0.986547 -0.095632  0.617253 0.753712 1 2 1.000000
0  -1.868927 -5.784767 43.767769  -0.132726 -0.986522 -0.095694  0.567528 0.753447 1 2 1.000000
barc_straps
0  -3.407261 -5.819307 46.350777  -0.146228 -0.985390 -0.087310  0.630130 0.853636 1 2 1.000000
0  -3.111479 -5.817503 45.849251  -0.140019 -0.985942 -0.091175  0.618083 0.834197 1 2 1.000000
0  -2.184999 -6.078670 47.230919  -0.141357 -0.985763 -0.091044  0.582399 0.889816 1 2 1.000000
barc_straps
0  -3.111479 -5.817503 45.849251  -0.140019 -0.985942 -0.091175  0.618083 0.834197 1 2 1.000000
0  -3.407261 -5.819307 46.350777  -0.146228 -0.985390 -0.087310  0.630130 0.853636 1 2 1.000000
0  -4.018391 -5.689625 45.910698  -0.145629 -0.985555 -0.086445  0.653995 0.835546 1 2 1.000000
barc_straps
0  -3.407261 -5.819307 46.350777  -0.146228 -0.985390 -0.087310  0.630130 0.853636 1 2 1.000000
0  -3.089079 -5.947997 47.284309  -0.147473 -0.985358 -0.085570  0.618197 0.890842 1 2 1.000000
0  -3.993158 -5.817325 47.337700  -0.147473 -0.985358 -0.085570  0.653995 0.891868 1 2 1.000000
barc_straps
0  -4.090950 -5.451171 44.298286  -0.675277 0.030018 0.736953  0.773393 0.274471 1 2 1.000000
0  -4.122555 -5.465770 44.269920  -0.675268 0.029994 0.736963  0.772560 0.273250 1 2 1.000000
0  -4.045906 -5.547996 44.343491  -0.675242 0.029940 0.736988  0.770060 0.276495 1 2 1.000000
barc_straps
0  -4.122555 -5.465770 44.269920  -0.675268 0.029994 0.736963  0.772560 0.273250 1 2 1.000000
0  -4.090950 -5.451171 44.298286  -0.675277 0.030018 0.736953  0.773393 0.274471 1 2 1.000000
0  -4.113468 -5.402756 44.275673  -0.675272 0.030104 0.736954  0.775059 0.273459 1 2 1.000000
barc_straps
0  -4.090950 -5.451171 44.298286  -0.675277 0.030018 0.736953  0.773393 0.274471 1 2 1.000000
0  -4.036821 -5.484982 44.349251  -0.675193 0.029932 0.737034  0.772560 0.276703 1 2 1.000000
0  -4.027739 -5.421968 44.355019  -0.675227 0.029950 0.737002  0.775059 0.276912 1 2 1.000000
barc_straps
0  -3.121374 -5.698750 44.616158  -0.134877 -0.986331 -0.094659  0.617625 0.785509 1 2 1.000000
0  -3.430340 -5.633221 44.369125  -0.133649 -0.986805 -0.091396  0.629671 0.775402 1 2 1.000000
0  -3.305302 -5.642155 44.288010  -0.132601 -0.986537 -0.095717  0.624672 0.772343 1 2 1.000000
barc_straps
0  -3.430340 -5.633221 44.369125  -0.133649 -0.986805 -0.091396  0.629671 0.775402 1 2 1.000000
0  -4.044764 -5.554962 44.413597  -0.132157 -0.987265 -0.088556  0.653992 0.776455 1 2 1.000000
0  -4.045906 -5.547996 44.343491  -0.132588 -0.986538 -0.095727  0.653989 0.773686 1 2 1.000000
barc_straps
0  -3.430340 -5.633221 44.369125  -0.133649 -0.986805 -0.091396  0.629671 0.775402 1 2 1.000000
0  -3.121374 -5.698750 44.616158  -0.134877 -0.986331 -0.094659  0.617625 0.785509 1 2 1.000000
0  -4.037598 -5.592110 44.822922  -0.138584 -0.986204 -0.090528  0.653994 0.792613 1 2 1.000000
barc_straps
0  -2.038975 -5.789538 44.052750  -0.132552 -0.986554 -0.095608  0.574446 0.764504 1 2 1.000000
0  -1.957712 -5.789434 43.939034  -0.132806 -0.986508 -0.095736  0.571156 0.760107 1 2 1.000000
0  -2.046501 -5.794103 44.110298  -0.133727 -0.986335 -0.096231  0.574783 0.766767 1 2 1.000000
barc_straps
0  -1.957712 -5.789434 43.939034  -0.132806 -0.986508 -0.095736  0.571156 0.760107 1 2 1.000000
0  -2.038975 -5.789538 44.052750  -0.132552 -0.986554 -0.095608  0.574446 0.764504 1 2 1.000000
0  -2.231796 -5.760158 44.017006  -0.132589 -0.986548 -0.095625  0.582045 0.762872 1 2 1.000000
barc_straps
0  -2.231796 -5.760158 44.017006  -0.132589 -0.986548 -0.095625  0.582045 0.762872 1 2 1.000000
0  -2.038975 -5.789538 44.052750  -0.132552 -0.986554 -0.095608  0.574446 0.764504 1 2 1.000000
0  -2.123999 -5.791921 44.195244  -0.132588 -0.986548 -0.095619  0.577906 0.770032 1 2 1.000000
barc_straps
0  -4.046930 -5.526297 44.121063  -0.132586 -0.986548 -0.095626  0.653877 0.764903 1 2 1.000000
0  -4.215412 -5.504276 44.127464  -0.132577 -0.986549 -0.095629  0.660542 0.764963 1 2 1.000000
0  -4.300165 -5.482415 44.019440  -0.148081 -0.985085 -0.087631  0.663819 0.760601 1 2 1.000000
barc_straps
0  -4.215412 -5.504276 44.127464  -0.132577 -0.986549 -0.095629  0.660542 0.764963 1 2 1.000000
0  -4.131639 -5.528784 44.264153  -0.132581 -0.986548 -0.095633  0.657324 0.770456 1 2 1.000000
0  -4.217369 -5.509572 44.184822  -0.151700 -0.984700 -0.085745  0.660659 0.767225 1 2 1.000000
barc_straps
0  -4.131639 -5.528784 44.264153  -0.132581 -0.986548 -0.095633  0.657324 0.770456 1 2 1.000000
0  -4.215412 -5.504276 44.127464  -0.132577 -0.986549 -0.095629  0.660542 0.764963 1 2 1.000000
0  -4.046930 -5.526297 44.121063  -0.132586 -0.986548 -0.095626  0.653877 0.764903 1 2 1.000000
barc_straps
0  -3.543455 -5.597664 44.159248  -0.132591 -0.986546 -0.095637  0.633999 0.766987 1 2 1.000000
0  -3.305302 -5.642155 44.288010  -0.132601 -0.986537 -0.095717  0.624672 0.772343 1 2 1.000000
0  -4.045906 -5.547996 44.343491  -0.132588 -0.986538 -0.095727  0.653989 0.773686 1 2 1.000000
barc_straps
0  -3.305302 -5.642155 44.288010  -0.132601 -0.986537 -0.095717  0.624672 0.772343 1 2 1.000000
0  -3.543455 -5.597664 44.159248  -0.132591 -0.986546 -0.095637  0.633999 0.766987 1 2 1.000000
0  -3.236425 -5.629813 44.065208  -0.132588 -0.986547 -0.095631  0.621796 0.763625 1 2 1.000000
barc_straps
0  -3.543455 -5.597664 44.159248  -0.132591 -0.986546 -0.095637  0.633999 0.766987 1 2 1.000000
0  -4.046930 -5.526297 44.121063  -0.132586 -0.986548 -0.095626  0.653877 0.764903 1 2 1.000000
0  -4.382959 -5.455257 43.854065  -0.138199 -0.986053 -0.092739  0.666979 0.753977 1 2 1.000000
barc_straps
0  -4.122555 -5.465770 44.269920  -0.675268 0.029994 0.736963  0.772560 0.273250 1 2 1.000000
0  -4.154160 -5.480371 44.241554  -0.675259 0.029960 0.736972  0.771727 0.272029 1 2 1.000000
0  -4.131639 -5.528784 44.264153  -0.675258 0.029897 0.736976  0.770060 0.273041 1 2 1.000000
barc_straps
0  -4.154160 -5.480371 44.241554  -0.675259 0.029960 0.736972  0.771727 0.272029 1 2 1.000000
0  -4.208284 -5.446558 44.190582  -0.675304 0.030021 0.736928  0.772560 0.269797 1 2 1.000000
0  -4.217369 -5.509572 44.184822  -0.675265 0.029961 0.736967  0.770060 0.269588 1 2 1.000000
barc_straps
0  -4.154160 -5.480371 44.241554  -0.675259 0.029960 0.736972  0.771727 0.272029 1 2 1.000000
0  -4.122555 -5.465770 44.269920  -0.675268 0.029994 0.736963  0.772560 0.273250 1 2 1.000000
0  -4.199202 -5.383543 44.196335  -0.675288 0.030057 0.736941  0.775059 0.270005 1 2 1.000000
barc_straps
0  -4.113468 -5.402756 44.275673  -0.132368 -0.986555 -0.095856  0.547864 0.803109 1 2 1.000000
0  -4.112328 -5.409722 44.345787  -0.148424 -0.985152 -0.086287  0.547867 0.805878 1 2 1.000000
0  -4.199202 -5.383543 44.196335  -0.149137 -0.985081 -0.085863  0.551199 0.799878 1 2 1.000000
barc_straps
0  -4.112328 -5.409722 44.345787  -0.148424 -0.985152 -0.086287  0.547867 0.805878 1 2 1.000000
0  -4.026594 -5.428933 44.425110  -0.132362 -0.986555 -0.095864  0.544532 0.809108 1 2 1.000000
0  -4.025450 -5.435899 44.495216  -0.149185 -0.985077 -0.085829  0.544535 0.811877 1 2 1.000000
barc_straps
0  -4.084129 -5.413804 44.348862  -0.132389 -0.986552 -0.095859  0.546755 0.806032 1 2 1.000000
0  -4.027739 -5.421968 44.355019  -0.132354 -0.986555 -0.095876  0.544529 0.806339 1 2 1.000000
0  -4.026594 -5.428933 44.425110  -0.132362 -0.986555 -0.095864  0.544532 0.809108 1 2 1.000000
barc_straps
0  -2.810040 -5.810112 45.331596  -0.134417 -0.986422 -0.094356  0.605807 0.814112 1 2 1.000000
0  -2.201496 -5.789738 44.280174  -0.132587 -0.986539 -0.095718  0.581028 0.773297 1 2 1.000000
0  -2.193249 -5.934204 45.755547  -0.134135 -0.986344 -0.095567  0.581713 0.831556 1 2 1.000000
barc_straps
0  -2.810040 -5.810112 45.331596  -0.134417 -0.986422 -0.094356  0.605807 0.814112 1 2 1.000000
0  -4.037598 -5.592110 44.822922  -0.138584 -0.986204 -0.090528  0.653994 0.792613 1 2 1.000000
0  -3.121374 -5.698750 44.616158  -0.134877 -0.986331 -0.094659  0.617625 0.785509 1 2 1.000000
barc_straps
0  -3.111479 -5.817503 45.849251  -0.140019 -0.985942 -0.091175  0.618083 0.834197 1 2 1.000000
0  -2.193249 -5.934204 45.755547  -0.134135 -0.986344 -0.095567  0.581713 0.831556 1 2 1.000000
0  -2.184999 -6.078670 47.230919  -0.141357 -0.985763 -0.091044  0.582399 0.889816 1 2 1.000000
barc_straps
0  -3.125942 -5.620012 43.810921  -0.132586 -0.986547 -0.095632  0.617253 0.753712 1 2 1.000000
0  -3.236425 -5.629813 44.065208  -0.132588 -0.986547 -0.095631  0.621796 0.763625 1 2 1.000000
0  -4.382959 -5.455257 43.854065  -0.138199 -0.986053 -0.092739  0.666979 0.753977 1 2 1.000000
barc_straps
0  -2.817795 -5.676589 43.967346  -0.132585 -0.986548 -0.095630  0.605178 0.760241 1 2 1.000000
0  -2.201496 -5.789738 44.280174  -0.132587 -0.986539 -0.095718  0.581028 0.773297 1 2 1.000000
0  -3.236425 -5.629813 44.065208  -0.132588 -0.986547 -0.095631  0.621796 0.763625 1 2 1.000000
barc_straps
0  -2.817795 -5.676589 43.967346  -0.132585 -0.986548 -0.095630  0.605178 0.760241 1 2 1.000000
0  -1.868927 -5.784767 43.767769  -0.132726 -0.986522 -0.095694  0.567528 0.753447 1 2 1.000000
0  -2.231796 -5.760158 44.017006  -0.132589 -0.986548 -0.095625  0.582045 0.762872 1 2 1.000000
barc_straps
0  -3.407261 -5.819307 46.350777  -0.146228 -0.985390 -0.087310  0.630130 0.853636 1 2 1.000000
0  -2.184999 -6.078670 47.230919  -0.141357 -0.985763 -0.091044  0.582399 0.889816 1 2 1.000000
0  -3.089079 -5.947997 47.284309  -0.147473 -0.985358 -0.085570  0.618197 0.890842 1 2 1.000000
barc_straps
0  -3.111479 -5.817503 45.849251  -0.140019 -0.985942 -0.091175  0.618083 0.834197 1 2 1.000000
0  -4.018391 -5.689625 45.910698  -0.145629 -0.985555 -0.086445  0.653995 0.835546 1 2 1.000000
0  -4.037598 -5.592110 44.822922  -0.138584 -0.986204 -0.090528  0.653994 0.792613 1 2 1.000000
barc_straps
0  -3.407261 -5.819307 46.350777  -0.146228 -0.985390 -0.087310  0.630130 0.853636 1 2 1.000000
0  -3.993158 -5.817325 47.337700  -0.147473 -0.985358 -0.085570  0.653995 0.891868 1 2 1.000000
0  -4.018391 -5.689625 45.910698  -0.145629 -0.985555 -0.086445  0.653995 0.835546 1 2 1.000000
barc_straps
0  -4.090950 -5.451171 44.298286  -0.675277 0.030018 0.736953  0.773393 0.274471 1 2 1.000000
0  -4.045906 -5.547996 44.343491  -0.675242 0.029940 0.736988  0.770060 0.276495 1 2 1.000000
0  -4.036821 -5.484982 44.349251  -0.675193 0.029932 0.737034  0.772560 0.276703 1 2 1.000000
barc_straps
0  -4.122555 -5.465770 44.269920  -0.675268 0.029994 0.736963  0.772560 0.273250 1 2 1.000000
0  -4.113468 -5.402756 44.275673  -0.675272 0.030104 0.736954  0.775059 0.273459 1 2 1.000000
0  -4.199202 -5.383543 44.196335  -0.675288 0.030057 0.736941  0.775059 0.270005 1 2 1.000000
barc_straps
0  -4.090950 -5.451171 44.298286  -0.675277 0.030018 0.736953  0.773393 0.274471 1 2 1.000000
0  -4.027739 -5.421968 44.355019  -0.675227 0.029950 0.737002  0.775059 0.276912 1 2 1.000000
0  -4.113468 -5.402756 44.275673  -0.675272 0.030104 0.736954  0.775059 0.273459 1 2 1.000000
barc_straps
0  -3.121374 -5.698750 44.616158  -0.134877 -0.986331 -0.094659  0.617625 0.785509 1 2 1.000000
0  -3.305302 -5.642155 44.288010  -0.132601 -0.986537 -0.095717  0.624672 0.772343 1 2 1.000000
0  -2.201496 -5.789738 44.280174  -0.132587 -0.986539 -0.095718  0.581028 0.773297 1 2 1.000000
barc_straps
0  -3.430340 -5.633221 44.369125  -0.133649 -0.986805 -0.091396  0.629671 0.775402 1 2 1.000000
0  -4.045906 -5.547996 44.343491  -0.132588 -0.986538 -0.095727  0.653989 0.773686 1 2 1.000000
0  -3.305302 -5.642155 44.288010  -0.132601 -0.986537 -0.095717  0.624672 0.772343 1 2 1.000000
barc_straps
0  -3.430340 -5.633221 44.369125  -0.133649 -0.986805 -0.091396  0.629671 0.775402 1 2 1.000000
0  -4.037598 -5.592110 44.822922  -0.138584 -0.986204 -0.090528  0.653994 0.792613 1 2 1.000000
0  -4.044764 -5.554962 44.413597  -0.132157 -0.987265 -0.088556  0.653992 0.776455 1 2 1.000000
barc_straps
0  -2.038975 -5.789538 44.052750  -0.132552 -0.986554 -0.095608  0.574446 0.764504 1 2 1.000000
0  -2.046501 -5.794103 44.110298  -0.133727 -0.986335 -0.096231  0.574783 0.766767 1 2 1.000000
0  -2.123999 -5.791921 44.195244  -0.132588 -0.986548 -0.095619  0.577906 0.770032 1 2 1.000000
barc_straps
0  -1.957712 -5.789434 43.939034  -0.132806 -0.986508 -0.095736  0.571156 0.760107 1 2 1.000000
0  -2.231796 -5.760158 44.017006  -0.132589 -0.986548 -0.095625  0.582045 0.762872 1 2 1.000000
0  -1.868927 -5.784767 43.767769  -0.132726 -0.986522 -0.095694  0.567528 0.753447 1 2 1.000000
barc_straps
0  -2.231796 -5.760158 44.017006  -0.132589 -0.986548 -0.095625  0.582045 0.762872 1 2 1.000000
0  -2.123999 -5.791921 44.195244  -0.132588 -0.986548 -0.095619  0.577906 0.770032 1 2 1.000000
0  -2.201496 -5.789738 44.280174  -0.132587 -0.986539 -0.095718  0.581028 0.773297 1 2 1.000000
barc_straps
0  -4.046930 -5.526297 44.121063  -0.132586 -0.986548 -0.095626  0.653877 0.764903 1 2 1.000000
0  -4.300165 -5.482415 44.019440  -0.148081 -0.985085 -0.087631  0.663819 0.760601 1 2 1.000000
0  -4.382959 -5.455257 43.854065  -0.138199 -0.986053 -0.092739  0.666979 0.753977 1 2 1.000000
barc_straps
0  -4.215412 -5.504276 44.127464  -0.132577 -0.986549 -0.095629  0.660542 0.764963 1 2 1.000000
0  -4.217369 -5.509572 44.184822  -0.151700 -0.984700 -0.085745  0.660659 0.767225 1 2 1.000000
0  -4.300165 -5.482415 44.019440  -0.148081 -0.985085 -0.087631  0.663819 0.760601 1 2 1.000000
barc_straps
0  -4.131639 -5.528784 44.264153  -0.132581 -0.986548 -0.095633  0.657324 0.770456 1 2 1.000000
0  -4.046930 -5.526297 44.121063  -0.132586 -0.986548 -0.095626  0.653877 0.764903 1 2 1.000000
0  -4.045906 -5.547996 44.343491  -0.132588 -0.986538 -0.095727  0.653989 0.773686 1 2 1.000000
barc_straps
0  -3.543455 -5.597664 44.159248  -0.132591 -0.986546 -0.095637  0.633999 0.766987 1 2 1.000000
0  -4.045906 -5.547996 44.343491  -0.132588 -0.986538 -0.095727  0.653989 0.773686 1 2 1.000000
0  -4.046930 -5.526297 44.121063  -0.132586 -0.986548 -0.095626  0.653877 0.764903 1 2 1.000000
barc_straps
0  -3.305302 -5.642155 44.288010  -0.132601 -0.986537 -0.095717  0.624672 0.772343 1 2 1.000000
0  -3.236425 -5.629813 44.065208  -0.132588 -0.986547 -0.095631  0.621796 0.763625 1 2 1.000000
0  -2.201496 -5.789738 44.280174  -0.132587 -0.986539 -0.095718  0.581028 0.773297 1 2 1.000000
barc_straps
0  -3.543455 -5.597664 44.159248  -0.132591 -0.986546 -0.095637  0.633999 0.766987 1 2 1.000000
0  -4.382959 -5.455257 43.854065  -0.138199 -0.986053 -0.092739  0.666979 0.753977 1 2 1.000000
0  -3.236425 -5.629813 44.065208  -0.132588 -0.986547 -0.095631  0.621796 0.763625 1 2 1.000000
barc_straps
0  -4.122555 -5.465770 44.269920  -0.675268 0.029994 0.736963  0.772560 0.273250 1 2 1.000000
0  -4.131639 -5.528784 44.264153  -0.675258 0.029897 0.736976  0.770060 0.273041 1 2 1.000000
0  -4.045906 -5.547996 44.343491  -0.675242 0.029940 0.736988  0.770060 0.276495 1 2 1.000000
barc_straps
0  -4.154160 -5.480371 44.241554  -0.675259 0.029960 0.736972  0.771727 0.272029 1 2 1.000000
0  -4.217369 -5.509572 44.184822  -0.675265 0.029961 0.736967  0.770060 0.269588 1 2 1.000000
0  -4.131639 -5.528784 44.264153  -0.675258 0.029897 0.736976  0.770060 0.273041 1 2 1.000000
barc_straps
0  -4.154160 -5.480371 44.241554  -0.675259 0.029960 0.736972  0.771727 0.272029 1 2 1.000000
0  -4.199202 -5.383543 44.196335  -0.675288 0.030057 0.736941  0.775059 0.270005 1 2 1.000000
0  -4.208284 -5.446558 44.190582  -0.675304 0.030021 0.736928  0.772560 0.269797 1 2 1.000000
barc_straps
0  -4.348541 -5.629460 45.800728  -0.152349 -0.984629 -0.085417  0.666979 0.830810 1 2 1.000000
0  -4.304817 -5.589499 45.262100  -0.152347 -0.984629 -0.085418  0.664872 0.809615 1 2 1.000000
0  -4.266529 -5.652655 45.921829  -0.152343 -0.984630 -0.085418  0.663819 0.835686 1 2 1.000000
barc_straps
0  -4.304817 -5.589499 45.262100  -0.152347 -0.984629 -0.085418  0.664872 0.809615 1 2 1.000000
0  -4.300165 -5.482415 44.019440  -0.148081 -0.985085 -0.087631  0.663819 0.760601 1 2 1.000000
0  -4.217369 -5.509572 44.184822  -0.151700 -0.984700 -0.085745  0.660659 0.767225 1 2 1.000000
barc_straps
0  -4.304817 -5.589499 45.262100  -0.152347 -0.984629 -0.085418  0.664872 0.809615 1 2 1.000000
0  -4.348541 -5.629460 45.800728  -0.152349 -0.984629 -0.085417  0.666979 0.830810 1 2 1.000000
0  -4.382959 -5.455257 43.854065  -0.138199 -0.986053 -0.092739  0.666979 0.753977 1 2 1.000000
barc_straps
0  -4.229809 -5.707885 46.492981  -0.152340 -0.984630 -0.085419  0.662766 0.858261 1 2 1.000000
0  -4.236027 -5.807041 47.647057  -0.150707 -0.984992 -0.084133  0.663819 0.903778 1 2 1.000000
0  -4.314123 -5.803662 47.747395  -0.149547 -0.985247 -0.083213  0.666979 0.907642 1 2 1.000000
barc_straps
0  -4.229809 -5.707885 46.492981  -0.152340 -0.984630 -0.085419  0.662766 0.858261 1 2 1.000000
0  -4.187649 -5.659995 45.865761  -0.152338 -0.984630 -0.085419  0.660659 0.833570 1 2 1.000000
0  -4.157928 -5.810420 47.546715  -0.149904 -0.985168 -0.083498  0.660659 0.899915 1 2 1.000000
barc_straps
0  -4.187649 -5.659995 45.865761  -0.152338 -0.984630 -0.085419  0.660659 0.833570 1 2 1.000000
0  -4.229809 -5.707885 46.492981  -0.152340 -0.984630 -0.085419  0.662766 0.858261 1 2 1.000000
0  -4.266529 -5.652655 45.921829  -0.152343 -0.984630 -0.085418  0.663819 0.835686 1 2 1.000000
barc_straps
0  -4.348541 -5.629460 45.800728  -0.152349 -0.984629 -0.085417  0.666979 0.830810 1 2 1.000000
0  -4.266529 -5.652655 45.921829  -0.152343 -0.984630 -0.085418  0.663819 0.835686 1 2 1.000000
0  -4.314123 -5.803662 47.747395  -0.149547 -0.985247 -0.083213  0.666979 0.907642 1 2 1.000000
barc_straps
0  -4.304817 -5.589499 45.262100  -0.152347 -0.984629 -0.085418  0.664872 0.809615 1 2 1.000000
0  -4.217369 -5.509572 44.184822  -0.151700 -0.984700 -0.085745  0.660659 0.767225 1 2 1.000000
0  -4.266529 -5.652655 45.921829  -0.152343 -0.984630 -0.085418  0.663819 0.835686 1 2 1.000000
barc_straps
0  -4.304817 -5.589499 45.262100  -0.152347 -0.984629 -0.085418  0.664872 0.809615 1 2 1.000000
0  -4.382959 -5.455257 43.854065  -0.138199 -0.986053 -0.092739  0.666979 0.753977 1 2 1.000000
0  -4.300165 -5.482415 44.019440  -0.148081 -0.985085 -0.087631  0.663819 0.760601 1 2 1.000000
barc_straps
0  -4.229809 -5.707885 46.492981  -0.152340 -0.984630 -0.085419  0.662766 0.858261 1 2 1.000000
0  -4.314123 -5.803662 47.747395  -0.149547 -0.985247 -0.083213  0.666979 0.907642 1 2 1.000000
0  -4.266529 -5.652655 45.921829  -0.152343 -0.984630 -0.085418  0.663819 0.835686 1 2 1.000000
barc_straps
0  -4.229809 -5.707885 46.492981  -0.152340 -0.984630 -0.085419  0.662766 0.858261 1 2 1.000000
0  -4.157928 -5.810420 47.546715  -0.149904 -0.985168 -0.083498  0.660659 0.899915 1 2 1.000000
0  -4.236027 -5.807041 47.647057  -0.150707 -0.984992 -0.084133  0.663819 0.903778 1 2 1.000000
barc_straps
0  -4.187649 -5.659995 45.865761  -0.152338 -0.984630 -0.085419  0.660659 0.833570 1 2 1.000000
0  -4.266529 -5.652655 45.921829  -0.152343 -0.984630 -0.085418  0.663819 0.835686 1 2 1.000000
0  -4.217369 -5.509572 44.184822  -0.151700 -0.984700 -0.085745  0.660659 0.767225 1 2 1.000000
barc_straps
0  -3.125942 -5.620012 43.810921  -0.025476 0.067882 -0.997368  0.106505 0.950304 1 2 1.000000
0  -3.501976 -5.280867 43.843697  -0.025523 0.068090 -0.997353  0.117621 0.966869 1 2 1.000000
0  -3.062527 -5.197844 43.837982  -0.026198 0.066511 -0.997442  0.123320 0.950320 1 2 1.000000
barc_straps
0  -3.501976 -5.280867 43.843697  -0.025523 0.068090 -0.997353  0.117621 0.966869 1 2 1.000000
0  -4.318501 -5.028917 43.881660  -0.025263 0.068375 -0.997340  0.122867 1.000000 1 2 1.000000
0  -4.254042 -4.602578 43.909256  -0.025709 0.067659 -0.997377  0.139851 1.000000 1 2 1.000000
barc_straps
0  -3.501976 -5.280867 43.843697  -0.025523 0.068090 -0.997353  0.117621 0.966869 1 2 1.000000
0  -3.125942 -5.620012 43.810921  -0.025476 0.067882 -0.997368  0.106505 0.950304 1 2 1.000000
0  -4.382959 -5.455257 43.854065  -0.025269 0.068373 -0.997340  0.105882 1.000000 1 2 1.000000
barc_straps
0  -2.625156 -5.123160 43.831200  -0.026880 0.064896 -0.997530  0.128680 0.933804 1 2 1.000000
0  -1.810713 -5.383452 43.792168  -0.027166 0.064588 -0.997542  0.123094 0.900706 1 2 1.000000
0  -1.868927 -5.784767 43.767769  -0.026009 0.066492 -0.997448  0.107128 0.900608 1 2 1.000000
barc_straps
0  -2.625156 -5.123160 43.831200  -0.026880 0.064896 -0.997530  0.128680 0.933804 1 2 1.000000
0  -3.003271 -4.792356 43.862907  -0.026937 0.065123 -0.997514  0.139455 0.950402 1 2 1.000000
0  -1.752501 -4.982136 43.816566  -0.027160 0.064584 -0.997543  0.139059 0.900805 1 2 1.000000
barc_straps
0  -3.003271 -4.792356 43.862907  -0.026937 0.065123 -0.997514  0.139455 0.950402 1 2 1.000000
0  -2.625156 -5.123160 43.831200  -0.026880 0.064896 -0.997530  0.128680 0.933804 1 2 1.000000
0  -3.062527 -5.197844 43.837982  -0.026198 0.066511 -0.997442  0.123320 0.950320 1 2 1.000000
barc_straps
0  -3.125942 -5.620012 43.810921  -0.025476 0.067882 -0.997368  0.106505 0.950304 1 2 1.000000
0  -3.062527 -5.197844 43.837982  -0.026198 0.066511 -0.997442  0.123320 0.950320 1 2 1.000000
0  -1.868927 -5.784767 43.767769  -0.026009 0.066492 -0.997448  0.107128 0.900608 1 2 1.000000
barc_straps
0  -3.501976 -5.280867 43.843697  -0.025523 0.068090 -0.997353  0.117621 0.966869 1 2 1.000000
0  -4.254042 -4.602578 43.909256  -0.025709 0.067659 -0.997377  0.139851 1.000000 1 2 1.000000
0  -3.062527 -5.197844 43.837982  -0.026198 0.066511 -0.997442  0.123320 0.950320 1 2 1.000000
barc_straps
0  -3.501976 -5.280867 43.843697  -0.025523 0.068090 -0.997353  0.117621 0.966869 1 2 1.000000
0  -4.382959 -5.455257 43.854065  -0.025269 0.068373 -0.997340  0.105882 1.000000 1 2 1.000000
0  -4.318501 -5.028917 43.881660  -0.025263 0.068375 -0.997340  0.122867 1.000000 1 2 1.000000
barc_straps
0  -2.625156 -5.123160 43.831200  -0.026880 0.064896 -0.997530  0.128680 0.933804 1 2 1.000000
0  -1.868927 -5.784767 43.767769  -0.026009 0.066492 -0.997448  0.107128 0.900608 1 2 1.000000
0  -3.062527 -5.197844 43.837982  -0.026198 0.066511 -0.997442  0.123320 0.950320 1 2 1.000000
barc_straps
0  -2.625156 -5.123160 43.831200  -0.026880 0.064896 -0.997530  0.128680 0.933804 1 2 1.000000
0  -1.752501 -4.982136 43.816566  -0.027160 0.064584 -0.997543  0.139059 0.900805 1 2 1.000000
0  -1.810713 -5.383452 43.792168  -0.027166 0.064588 -0.997542  0.123094 0.900706 1 2 1.000000
barc_straps
0  -3.003271 -4.792356 43.862907  -0.026937 0.065123 -0.997514  0.139455 0.950402 1 2 1.000000
0  -3.062527 -5.197844 43.837982  -0.026198 0.066511 -0.997442  0.123320 0.950320 1 2 1.000000
0  -4.254042 -4.602578 43.909256  -0.025709 0.067659 -0.997377  0.139851 1.000000 1 2 1.000000
barc_straps
0  -4.317041 -5.287167 45.170238  -0.988912 0.145526 0.029600  0.949826 0.148888 1 2 1.000000
0  -4.285841 -5.209778 45.872375  -0.990605 0.134187 0.026378  0.955538 0.175805 1 2 1.000000
0  -4.254042 -4.602578 43.909256  -0.990265 0.136646 0.026518  0.971916 0.097012 1 2 1.000000
barc_straps
0  -4.285841 -5.209778 45.872375  -0.990605 0.134187 0.026378  0.955538 0.175805 1 2 1.000000
0  -4.317041 -5.287167 45.170238  -0.988912 0.145526 0.029600  0.949826 0.148888 1 2 1.000000
0  -4.348541 -5.629460 45.800728  -0.989097 0.144184 0.029966  0.938781 0.174825 1 2 1.000000
barc_straps
0  -4.317041 -5.287167 45.170238  -0.988912 0.145526 0.029600  0.949826 0.148888 1 2 1.000000
0  -4.318501 -5.028917 43.881660  -0.988589 0.147478 0.030677  0.955064 0.097778 1 2 1.000000
0  -4.382959 -5.455257 43.854065  -0.988589 0.147478 0.030677  0.938212 0.098545 1 2 1.000000
barc_straps
0  -4.285841 -5.209778 45.872375  -0.990605 0.134187 0.026378  0.955538 0.175805 1 2 1.000000
0  -4.258156 -5.145700 46.662605  -0.992213 0.122400 0.023049  0.961061 0.206215 1 2 1.000000
0  -4.230173 -4.816720 46.120216  -0.991985 0.124251 0.022947  0.971916 0.183770 1 2 1.000000
barc_straps
0  -4.258156 -5.145700 46.662605  -0.992213 0.122400 0.023049  0.961061 0.206215 1 2 1.000000
0  -4.260214 -5.417262 48.039280  -0.992341 0.121469 0.022477  0.955633 0.260817 1 2 1.000000
0  -4.206305 -5.030862 48.331169  -0.992341 0.121469 0.022477  0.971916 0.270528 1 2 1.000000
barc_straps
0  -4.258156 -5.145700 46.662605  -0.992213 0.122400 0.023049  0.961061 0.206215 1 2 1.000000
0  -4.285841 -5.209778 45.872375  -0.990605 0.134187 0.026378  0.955538 0.175805 1 2 1.000000
0  -4.314123 -5.803662 47.747395  -0.991023 0.131087 0.026261  0.939350 0.251106 1 2 1.000000
barc_straps
0  -4.317041 -5.287167 45.170238  -0.988912 0.145526 0.029600  0.949826 0.148888 1 2 1.000000
0  -4.254042 -4.602578 43.909256  -0.990265 0.136646 0.026518  0.971916 0.097012 1 2 1.000000
0  -4.318501 -5.028917 43.881660  -0.988589 0.147478 0.030677  0.955064 0.097778 1 2 1.000000
barc_straps
0  -4.285841 -5.209778 45.872375  -0.990605 0.134187 0.026378  0.955538 0.175805 1 2 1.000000
0  -4.348541 -5.629460 45.800728  -0.989097 0.144184 0.029966  0.938781 0.174825 1 2 1.000000
0  -4.314123 -5.803662 47.747395  -0.991023 0.131087 0.026261  0.939350 0.251106 1 2 1.000000
barc_straps
0  -4.317041 -5.287167 45.170238  -0.988912 0.145526 0.029600  0.949826 0.148888 1 2 1.000000
0  -4.382959 -5.455257 43.854065  -0.988589 0.147478 0.030677  0.938212 0.098545 1 2 1.000000
0  -4.348541 -5.629460 45.800728  -0.989097 0.144184 0.029966  0.938781 0.174825 1 2 1.000000
barc_straps
0  -4.285841 -5.209778 45.872375  -0.990605 0.134187 0.026378  0.955538 0.175805 1 2 1.000000
0  -4.230173 -4.816720 46.120216  -0.991985 0.124251 0.022947  0.971916 0.183770 1 2 1.000000
0  -4.254042 -4.602578 43.909256  -0.990265 0.136646 0.026518  0.971916 0.097012 1 2 1.000000
barc_straps
0  -4.258156 -5.145700 46.662605  -0.992213 0.122400 0.023049  0.961061 0.206215 1 2 1.000000
0  -4.206305 -5.030862 48.331169  -0.992341 0.121469 0.022477  0.971916 0.270528 1 2 1.000000
0  -4.230173 -4.816720 46.120216  -0.991985 0.124251 0.022947  0.971916 0.183770 1 2 1.000000
barc_straps
0  -4.258156 -5.145700 46.662605  -0.992213 0.122400 0.023049  0.961061 0.206215 1 2 1.000000
0  -4.314123 -5.803662 47.747395  -0.991023 0.131087 0.026261  0.939350 0.251106 1 2 1.000000
0  -4.260214 -5.417262 48.039280  -0.992341 0.121469 0.022477  0.955633 0.260817 1 2 1.000000
barc_straps
0  -1.719074 -5.164822 46.023872  0.984994 -0.170221 -0.028501  0.927304 0.728726 1 2 1.000000
0  -1.761879 -5.496608 46.549828  0.984774 -0.171559 -0.028077  0.915914 0.707052 1 2 1.000000
0  -1.796211 -5.570323 45.757545  0.986896 -0.159428 -0.024874  0.910414 0.737849 1 2 1.000000
barc_straps
0  -1.761879 -5.496608 46.549828  0.984774 -0.171559 -0.028077  0.915914 0.707052 1 2 1.000000
0  -1.766569 -5.753843 47.916454  0.984419 -0.173387 -0.029258  0.910219 0.652688 1 2 1.000000
0  -1.847490 -6.160182 47.601746  0.986352 -0.162743 -0.024992  0.893135 0.663704 1 2 1.000000
barc_straps
0  -1.761879 -5.496608 46.549828  0.984774 -0.171559 -0.028077  0.915914 0.707052 1 2 1.000000
0  -1.719074 -5.164822 46.023872  0.984994 -0.170221 -0.028501  0.927304 0.728726 1 2 1.000000
0  -1.685646 -5.347507 48.231159  0.984419 -0.173388 -0.029258  0.927304 0.641672 1 2 1.000000
barc_straps
0  -1.822973 -5.642362 45.062027  0.989263 -0.144672 -0.020716  0.905304 0.764862 1 2 1.000000
0  -1.810713 -5.383452 43.792168  0.989623 -0.142366 -0.019472  0.911389 0.815440 1 2 1.000000
0  -1.752501 -4.982136 43.816566  0.987399 -0.156297 -0.024773  0.927304 0.815779 1 2 1.000000
barc_straps
0  -1.822973 -5.642362 45.062027  0.989263 -0.144672 -0.020716  0.905304 0.764862 1 2 1.000000
0  -1.858208 -5.972475 45.684761  0.988966 -0.146728 -0.020421  0.894304 0.739403 1 2 1.000000
0  -1.868927 -5.784767 43.767769  0.989622 -0.142368 -0.019473  0.895474 0.815102 1 2 1.000000
barc_straps
0  -1.858208 -5.972475 45.684761  0.988966 -0.146728 -0.020421  0.894304 0.739403 1 2 1.000000
0  -1.822973 -5.642362 45.062027  0.989263 -0.144672 -0.020716  0.905304 0.764862 1 2 1.000000
0  -1.796211 -5.570323 45.757545  0.986896 -0.159428 -0.024874  0.910414 0.737849 1 2 1.000000
barc_straps
0  -1.719074 -5.164822 46.023872  0.984994 -0.170221 -0.028501  0.927304 0.728726 1 2 1.000000
0  -1.796211 -5.570323 45.757545  0.986896 -0.159428 -0.024874  0.910414 0.737849 1 2 1.000000
0  -1.752501 -4.982136 43.816566  0.987399 -0.156297 -0.024773  0.927304 0.815779 1 2 1.000000
barc_straps
0  -1.761879 -5.496608 46.549828  0.984774 -0.171559 -0.028077  0.915914 0.707052 1 2 1.000000
0  -1.847490 -6.160182 47.601746  0.986352 -0.162743 -0.024992  0.893135 0.663704 1 2 1.000000
0  -1.796211 -5.570323 45.757545  0.986896 -0.159428 -0.024874  0.910414 0.737849 1 2 1.000000
barc_straps
0  -1.761879 -5.496608 46.549828  0.984774 -0.171559 -0.028077  0.915914 0.707052 1 2 1.000000
0  -1.685646 -5.347507 48.231159  0.984419 -0.173388 -0.029258  0.927304 0.641672 1 2 1.000000
0  -1.766569 -5.753843 47.916454  0.984419 -0.173387 -0.029258  0.910219 0.652688 1 2 1.000000
barc_straps
0  -1.822973 -5.642362 45.062027  0.989263 -0.144672 -0.020716  0.905304 0.764862 1 2 1.000000
0  -1.752501 -4.982136 43.816566  0.987399 -0.156297 -0.024773  0.927304 0.815779 1 2 1.000000
0  -1.796211 -5.570323 45.757545  0.986896 -0.159428 -0.024874  0.910414 0.737849 1 2 1.000000
barc_straps
0  -1.822973 -5.642362 45.062027  0.989263 -0.144672 -0.020716  0.905304 0.764862 1 2 1.000000
0  -1.868927 -5.784767 43.767769  0.989622 -0.142368 -0.019473  0.895474 0.815102 1 2 1.000000
0  -1.810713 -5.383452 43.792168  0.989623 -0.142366 -0.019472  0.911389 0.815440 1 2 1.000000
barc_straps
0  -1.858208 -5.972475 45.684761  0.988966 -0.146728 -0.020421  0.894304 0.739403 1 2 1.000000
0  -1.796211 -5.570323 45.757545  0.986896 -0.159428 -0.024874  0.910414 0.737849 1 2 1.000000
0  -1.847490 -6.160182 47.601746  0.986352 -0.162743 -0.024992  0.893135 0.663704 1 2 1.000000
barc_straps
0  -1.973995 -6.024187 46.377663  -0.133019 -0.986468 -0.095850  0.573472 0.856370 1 2 1.000000
0  -1.947239 -5.972872 45.812408  -0.133019 -0.986468 -0.095850  0.572026 0.834083 1 2 1.000000
0  -1.847490 -6.160182 47.601746  -0.137246 -0.986293 -0.091595  0.569310 0.904844 1 2 1.000000
barc_straps
0  -1.947239 -5.972872 45.812408  -0.133019 -0.986468 -0.095850  0.572026 0.834083 1 2 1.000000
0  -1.973995 -6.024187 46.377663  -0.133019 -0.986468 -0.095850  0.573472 0.856370 1 2 1.000000
0  -2.037247 -5.956189 45.765625  -0.133016 -0.986468 -0.095849  0.575553 0.832133 1 2 1.000000
barc_straps
0  -1.973995 -6.024187 46.377663  -0.133019 -0.986468 -0.095850  0.573472 0.856370 1 2 1.000000
0  -1.937740 -6.139229 47.511341  -0.139613 -0.986181 -0.089193  0.572816 0.901171 1 2 1.000000
0  -2.027992 -6.118275 47.420937  -0.140876 -0.986116 -0.087918  0.576322 0.897498 1 2 1.000000
barc_straps
0  -1.947239 -5.972872 45.812408  -0.133019 -0.986468 -0.095850  0.572026 0.834083 1 2 1.000000
0  -1.920973 -5.913018 45.159943  -0.133020 -0.986468 -0.095849  0.570540 0.808353 1 2 1.000000
0  -1.858208 -5.972475 45.684761  -0.133020 -0.986468 -0.095848  0.568419 0.829145 1 2 1.000000
barc_straps
0  -1.920973 -5.913018 45.159943  -0.133020 -0.986468 -0.095849  0.570540 0.808353 1 2 1.000000
0  -1.957712 -5.789434 43.939034  -0.132806 -0.986508 -0.095736  0.571156 0.760107 1 2 1.000000
0  -1.868927 -5.784767 43.767769  -0.132726 -0.986522 -0.095694  0.567528 0.753447 1 2 1.000000
barc_straps
0  -1.920973 -5.913018 45.159943  -0.133020 -0.986468 -0.095849  0.570540 0.808353 1 2 1.000000
0  -1.947239 -5.972872 45.812408  -0.133019 -0.986468 -0.095850  0.572026 0.834083 1 2 1.000000
0  -2.046501 -5.794103 44.110298  -0.133727 -0.986335 -0.096231  0.574783 0.766767 1 2 1.000000
barc_straps
0  -1.973995 -6.024187 46.377663  -0.133019 -0.986468 -0.095850  0.573472 0.856370 1 2 1.000000
0  -1.847490 -6.160182 47.601746  -0.137246 -0.986293 -0.091595  0.569310 0.904844 1 2 1.000000
0  -1.937740 -6.139229 47.511341  -0.139613 -0.986181 -0.089193  0.572816 0.901171 1 2 1.000000
barc_straps
0  -1.947239 -5.972872 45.812408  -0.133019 -0.986468 -0.095850  0.572026 0.834083 1 2 1.000000
0  -2.037247 -5.956189 45.765625  -0.133016 -0.986468 -0.095849  0.575553 0.832133 1 2 1.000000
0  -2.046501 -5.794103 44.110298  -0.133727 -0.986335 -0.096231  0.574783 0.766767 1 2 1.000000
barc_straps
0  -1.973995 -6.024187 46.377663  -0.133019 -0.986468 -0.095850  0.573472 0.856370 1 2 1.000000
0  -2.027992 -6.118275 47.420937  -0.140876 -0.986116 -0.087918  0.576322 0.897498 1 2 1.000000
0  -2.037247 -5.956189 45.765625  -0.133016 -0.986468 -0.095849  0.575553 0.832133 1 2 1.000000
barc_straps
0  -1.947239 -5.972872 45.812408  -0.133019 -0.986468 -0.095850  0.572026 0.834083 1 2 1.000000
0  -1.858208 -5.972475 45.684761  -0.133020 -0.986468 -0.095848  0.568419 0.829145 1 2 1.000000
0  -1.847490 -6.160182 47.601746  -0.137246 -0.986293 -0.091595  0.569310 0.904844 1 2 1.000000
barc_straps
0  -1.920973 -5.913018 45.159943  -0.133020 -0.986468 -0.095849  0.570540 0.808353 1 2 1.000000
0  -1.868927 -5.784767 43.767769  -0.132726 -0.986522 -0.095694  0.567528 0.753447 1 2 1.000000
0  -1.858208 -5.972475 45.684761  -0.133020 -0.986468 -0.095848  0.568419 0.829145 1 2 1.000000
barc_straps
0  -1.920973 -5.913018 45.159943  -0.133020 -0.986468 -0.095849  0.570540 0.808353 1 2 1.000000
0  -2.046501 -5.794103 44.110298  -0.133727 -0.986335 -0.096231  0.574783 0.766767 1 2 1.000000
0  -1.957712 -5.789434 43.939034  -0.132806 -0.986508 -0.095736  0.571156 0.760107 1 2 1.000000
barc_straps
0  -4.187649 -5.659995 45.865761  0.989710 -0.139906 -0.030020  0.856600 0.568947 1 2 1.000000
0  -4.191502 -5.567846 45.309296  0.989706 -0.139931 -0.030020  0.854930 0.546841 1 2 1.000000
0  -4.178566 -5.596982 45.871529  0.989704 -0.139941 -0.030023  0.854095 0.568953 1 2 1.000000
barc_straps
0  -4.191502 -5.567846 45.309296  0.989706 -0.139931 -0.030020  0.854930 0.546841 1 2 1.000000
0  -4.208284 -5.446558 44.190582  0.989707 -0.139922 -0.030017  0.854095 0.502621 1 2 1.000000
0  -4.199202 -5.383543 44.196335  0.989711 -0.139899 -0.030015  0.851590 0.502627 1 2 1.000000
barc_straps
0  -4.191502 -5.567846 45.309296  0.989706 -0.139931 -0.030020  0.854930 0.546841 1 2 1.000000
0  -4.187649 -5.659995 45.865761  0.989710 -0.139906 -0.030020  0.856600 0.568947 1 2 1.000000
0  -4.217369 -5.509572 44.184822  0.989704 -0.139947 -0.030019  0.856600 0.502615 1 2 1.000000
barc_straps
0  -4.165630 -5.626119 46.433754  0.989702 -0.139962 -0.030024  0.853260 0.591066 1 2 1.000000
0  -4.148844 -5.747405 47.552467  0.989705 -0.139938 -0.030022  0.854095 0.635285 1 2 1.000000
0  -4.157928 -5.810420 47.546715  0.989707 -0.139926 -0.030021  0.856600 0.635279 1 2 1.000000
barc_straps
0  -4.165630 -5.626119 46.433754  0.989702 -0.139962 -0.030024  0.853260 0.591066 1 2 1.000000
0  -4.169479 -5.533967 45.877289  0.989700 -0.139974 -0.030026  0.851590 0.568959 1 2 1.000000
0  -4.139759 -5.684391 47.558228  0.989703 -0.139951 -0.030022  0.851590 0.635291 1 2 1.000000
barc_straps
0  -4.169479 -5.533967 45.877289  0.989700 -0.139974 -0.030026  0.851590 0.568959 1 2 1.000000
0  -4.165630 -5.626119 46.433754  0.989702 -0.139962 -0.030024  0.853260 0.591066 1 2 1.000000
0  -4.178566 -5.596982 45.871529  0.989704 -0.139941 -0.030023  0.854095 0.568953 1 2 1.000000
barc_straps
0  -4.187649 -5.659995 45.865761  0.989710 -0.139906 -0.030020  0.856600 0.568947 1 2 1.000000
0  -4.178566 -5.596982 45.871529  0.989704 -0.139941 -0.030023  0.854095 0.568953 1 2 1.000000
0  -4.157928 -5.810420 47.546715  0.989707 -0.139926 -0.030021  0.856600 0.635279 1 2 1.000000
barc_straps
0  -4.191502 -5.567846 45.309296  0.989706 -0.139931 -0.030020  0.854930 0.546841 1 2 1.000000
0  -4.199202 -5.383543 44.196335  0.989711 -0.139899 -0.030015  0.851590 0.502627 1 2 1.000000
0  -4.178566 -5.596982 45.871529  0.989704 -0.139941 -0.030023  0.854095 0.568953 1 2 1.000000
barc_straps
0  -4.191502 -5.567846 45.309296  0.989706 -0.139931 -0.030020  0.854930 0.546841 1 2 1.000000
0  -4.217369 -5.509572 44.184822  0.989704 -0.139947 -0.030019  0.856600 0.502615 1 2 1.000000
0  -4.208284 -5.446558 44.190582  0.989707 -0.139922 -0.030017  0.854095 0.502621 1 2 1.000000
barc_straps
0  -4.165630 -5.626119 46.433754  0.989702 -0.139962 -0.030024  0.853260 0.591066 1 2 1.000000
0  -4.157928 -5.810420 47.546715  0.989707 -0.139926 -0.030021  0.856600 0.635279 1 2 1.000000
0  -4.178566 -5.596982 45.871529  0.989704 -0.139941 -0.030023  0.854095 0.568953 1 2 1.000000
barc_straps
0  -4.165630 -5.626119 46.433754  0.989702 -0.139962 -0.030024  0.853260 0.591066 1 2 1.000000
0  -4.139759 -5.684391 47.558228  0.989703 -0.139951 -0.030022  0.851590 0.635291 1 2 1.000000
0  -4.148844 -5.747405 47.552467  0.989705 -0.139938 -0.030022  0.854095 0.635285 1 2 1.000000
barc_straps
0  -4.169479 -5.533967 45.877289  0.989700 -0.139974 -0.030026  0.851590 0.568959 1 2 1.000000
0  -4.178566 -5.596982 45.871529  0.989704 -0.139941 -0.030023  0.854095 0.568953 1 2 1.000000
0  -4.199202 -5.383543 44.196335  0.989711 -0.139899 -0.030015  0.851590 0.502627 1 2 1.000000
barc_straps
0  -2.086054 -5.708631 44.174606  0.726431 -0.165688 0.666967  0.319979 0.709755 1 2 1.000000
0  -2.114914 -5.728908 44.201004  0.726410 -0.165692 0.666989  0.320725 0.710865 1 2 1.000000
0  -2.046501 -5.794103 44.110298  0.726416 -0.165686 0.666984  0.323498 0.707545 1 2 1.000000
barc_straps
0  -2.114914 -5.728908 44.201004  0.726410 -0.165692 0.666989  0.320725 0.710865 1 2 1.000000
0  -2.086054 -5.708631 44.174606  0.726431 -0.165688 0.666967  0.319979 0.709755 1 2 1.000000
0  -2.105831 -5.665894 44.206764  0.726421 -0.165688 0.666978  0.318220 0.710860 1 2 1.000000
barc_straps
0  -2.086054 -5.708631 44.174606  0.726431 -0.165688 0.666967  0.319979 0.709755 1 2 1.000000
0  -2.037416 -5.731090 44.116058  0.726406 -0.165690 0.666994  0.320993 0.707540 1 2 1.000000
0  -2.028332 -5.668076 44.121819  0.726400 -0.165704 0.666997  0.318488 0.707536 1 2 1.000000
barc_straps
0  -2.114914 -5.728908 44.201004  0.726410 -0.165692 0.666989  0.320725 0.710865 1 2 1.000000
0  -2.143776 -5.749184 44.227394  0.726359 -0.165714 0.667040  0.321471 0.711974 1 2 1.000000
0  -2.123999 -5.791921 44.195244  0.726385 -0.165691 0.667017  0.323231 0.710869 1 2 1.000000
barc_straps
0  -2.143776 -5.749184 44.227394  0.726359 -0.165714 0.667040  0.321471 0.711974 1 2 1.000000
0  -2.192411 -5.726725 44.285934  0.726375 -0.165735 0.667017  0.320458 0.714189 1 2 1.000000
0  -2.201496 -5.789738 44.280174  0.726371 -0.165689 0.667032  0.322963 0.714193 1 2 1.000000
barc_straps
0  -2.143776 -5.749184 44.227394  0.726359 -0.165714 0.667040  0.321471 0.711974 1 2 1.000000
0  -2.114914 -5.728908 44.201004  0.726410 -0.165692 0.666989  0.320725 0.710865 1 2 1.000000
0  -2.183327 -5.663711 44.291702  0.726375 -0.165733 0.667017  0.317953 0.714184 1 2 1.000000
barc_straps
0  -2.086054 -5.708631 44.174606  0.726431 -0.165688 0.666967  0.319979 0.709755 1 2 1.000000
0  -2.046501 -5.794103 44.110298  0.726416 -0.165686 0.666984  0.323498 0.707545 1 2 1.000000
0  -2.037416 -5.731090 44.116058  0.726406 -0.165690 0.666994  0.320993 0.707540 1 2 1.000000
barc_straps
0  -2.114914 -5.728908 44.201004  0.726410 -0.165692 0.666989  0.320725 0.710865 1 2 1.000000
0  -2.105831 -5.665894 44.206764  0.726421 -0.165688 0.666978  0.318220 0.710860 1 2 1.000000
0  -2.183327 -5.663711 44.291702  0.726375 -0.165733 0.667017  0.317953 0.714184 1 2 1.000000
barc_straps
0  -2.086054 -5.708631 44.174606  0.726431 -0.165688 0.666967  0.319979 0.709755 1 2 1.000000
0  -2.028332 -5.668076 44.121819  0.726400 -0.165704 0.666997  0.318488 0.707536 1 2 1.000000
0  -2.105831 -5.665894 44.206764  0.726421 -0.165688 0.666978  0.318220 0.710860 1 2 1.000000
barc_straps
0  -2.114914 -5.728908 44.201004  0.726410 -0.165692 0.666989  0.320725 0.710865 1 2 1.000000
0  -2.123999 -5.791921 44.195244  0.726385 -0.165691 0.667017  0.323231 0.710869 1 2 1.000000
0  -2.046501 -5.794103 44.110298  0.726416 -0.165686 0.666984  0.323498 0.707545 1 2 1.000000
barc_straps
0  -2.143776 -5.749184 44.227394  0.726359 -0.165714 0.667040  0.321471 0.711974 1 2 1.000000
0  -2.201496 -5.789738 44.280174  0.726371 -0.165689 0.667032  0.322963 0.714193 1 2 1.000000
0  -2.123999 -5.791921 44.195244  0.726385 -0.165691 0.667017  0.323231 0.710869 1 2 1.000000
barc_straps
0  -2.143776 -5.749184 44.227394  0.726359 -0.165714 0.667040  0.321471 0.711974 1 2 1.000000
0  -2.183327 -5.663711 44.291702  0.726375 -0.165733 0.667017  0.317953 0.714184 1 2 1.000000
0  -2.192411 -5.726725 44.285934  0.726375 -0.165735 0.667017  0.320458 0.714189 1 2 1.000000
barc_straps
0  -3.435837 -5.829020 47.512466  -0.044657 0.097232 -0.994259  0.559791 0.918836 1 2 1.000000
0  -3.083876 -5.901334 47.489590  -0.044642 0.097288 -0.994255  0.560630 0.932892 1 2 1.000000
0  -4.157928 -5.810420 47.546715  -0.044647 0.097210 -0.994262  0.563146 0.890772 1 2 1.000000
barc_straps
0  -3.083876 -5.901334 47.489590  -0.044642 0.097288 -0.994255  0.560630 0.932892 1 2 1.000000
0  -3.435837 -5.829020 47.512466  -0.044657 0.097232 -0.994259  0.559791 0.918836 1 2 1.000000
0  -3.074791 -5.838318 47.495342  -0.044656 0.097203 -0.994262  0.558113 0.932868 1 2 1.000000
barc_straps
0  -3.435837 -5.829020 47.512466  -0.044657 0.097232 -0.994259  0.559791 0.918836 1 2 1.000000
0  -4.148844 -5.747405 47.552467  -0.044637 0.097261 -0.994257  0.560630 0.890748 1 2 1.000000
0  -4.139759 -5.684391 47.558228  -0.044628 0.097318 -0.994252  0.558113 0.890724 1 2 1.000000
barc_straps
0  -3.083876 -5.901334 47.489590  -0.044642 0.097288 -0.994255  0.560630 0.932892 1 2 1.000000
0  -2.731915 -5.973648 47.466709  -0.044637 0.097352 -0.994249  0.561468 0.946948 1 2 1.000000
0  -3.092960 -5.964347 47.483826  -0.044627 0.097384 -0.994246  0.563146 0.932916 1 2 1.000000
barc_straps
0  -2.731915 -5.973648 47.466709  -0.044637 0.097352 -0.994249  0.561468 0.946948 1 2 1.000000
0  -2.018906 -6.055261 47.426704  -0.044647 0.097320 -0.994251  0.560630 0.975036 1 2 1.000000
0  -2.027992 -6.118275 47.420937  -0.044626 0.097442 -0.994240  0.563146 0.975060 1 2 1.000000
barc_straps
0  -2.731915 -5.973648 47.466709  -0.044637 0.097352 -0.994249  0.561468 0.946948 1 2 1.000000
0  -3.083876 -5.901334 47.489590  -0.044642 0.097288 -0.994255  0.560630 0.932892 1 2 1.000000
0  -2.009821 -5.992247 47.432457  -0.044667 0.097204 -0.994262  0.558113 0.975013 1 2 1.000000
barc_straps
0  -3.435837 -5.829020 47.512466  -0.044657 0.097232 -0.994259  0.559791 0.918836 1 2 1.000000
0  -4.157928 -5.810420 47.546715  -0.044647 0.097210 -0.994262  0.563146 0.890772 1 2 1.000000
0  -4.148844 -5.747405 47.552467  -0.044637 0.097261 -0.994257  0.560630 0.890748 1 2 1.000000
barc_straps
0  -3.083876 -5.901334 47.489590  -0.044642 0.097288 -0.994255  0.560630 0.932892 1 2 1.000000
0  -3.074791 -5.838318 47.495342  -0.044656 0.097203 -0.994262  0.558113 0.932868 1 2 1.000000
0  -2.009821 -5.992247 47.432457  -0.044667 0.097204 -0.994262  0.558113 0.975013 1 2 1.000000
barc_straps
0  -3.435837 -5.829020 47.512466  -0.044657 0.097232 -0.994259  0.559791 0.918836 1 2 1.000000
0  -4.139759 -5.684391 47.558228  -0.044628 0.097318 -0.994252  0.558113 0.890724 1 2 1.000000
0  -3.074791 -5.838318 47.495342  -0.044656 0.097203 -0.994262  0.558113 0.932868 1 2 1.000000
barc_straps
0  -3.083876 -5.901334 47.489590  -0.044642 0.097288 -0.994255  0.560630 0.932892 1 2 1.000000
0  -3.092960 -5.964347 47.483826  -0.044627 0.097384 -0.994246  0.563146 0.932916 1 2 1.000000
0  -4.157928 -5.810420 47.546715  -0.044647 0.097210 -0.994262  0.563146 0.890772 1 2 1.000000
barc_straps
0  -2.731915 -5.973648 47.466709  -0.044637 0.097352 -0.994249  0.561468 0.946948 1 2 1.000000
0  -2.027992 -6.118275 47.420937  -0.044626 0.097442 -0.994240  0.563146 0.975060 1 2 1.000000
0  -3.092960 -5.964347 47.483826  -0.044627 0.097384 -0.994246  0.563146 0.932916 1 2 1.000000
barc_straps
0  -2.731915 -5.973648 47.466709  -0.044637 0.097352 -0.994249  0.561468 0.946948 1 2 1.000000
0  -2.009821 -5.992247 47.432457  -0.044667 0.097204 -0.994262  0.558113 0.975013 1 2 1.000000
0  -2.018906 -6.055261 47.426704  -0.044647 0.097320 -0.994251  0.560630 0.975036 1 2 1.000000
barc_straps
0  -3.500015 -5.910786 47.571682  -0.147289 -0.985735 -0.081438  0.634653 0.901685 1 2 1.000000
0  -3.142998 -5.965023 47.582512  -0.147281 -0.985736 -0.081446  0.620539 0.902538 1 2 1.000000
0  -4.314123 -5.803662 47.747395  -0.149547 -0.985247 -0.083213  0.666979 0.907642 1 2 1.000000
barc_straps
0  -3.142998 -5.965023 47.582512  -0.147281 -0.985736 -0.081446  0.620539 0.902538 1 2 1.000000
0  -3.500015 -5.910786 47.571682  -0.147289 -0.985735 -0.081438  0.634653 0.901685 1 2 1.000000
0  -3.092960 -5.964347 47.483826  -0.147281 -0.985738 -0.081423  0.618491 0.898706 1 2 1.000000
barc_straps
0  -3.500015 -5.910786 47.571682  -0.147289 -0.985735 -0.081438  0.634653 0.901685 1 2 1.000000
0  -4.236027 -5.807041 47.647057  -0.150707 -0.984992 -0.084133  0.663819 0.903778 1 2 1.000000
0  -4.157928 -5.810420 47.546715  -0.149904 -0.985168 -0.083498  0.660659 0.899915 1 2 1.000000
barc_straps
0  -3.142998 -5.965023 47.582512  -0.147281 -0.985736 -0.081446  0.620539 0.902538 1 2 1.000000
0  -2.729868 -6.027371 47.590031  -0.147299 -0.985733 -0.081447  0.604204 0.903328 1 2 1.000000
0  -3.080807 -5.981923 47.674572  -0.147286 -0.985733 -0.081472  0.618144 0.906243 1 2 1.000000
barc_straps
0  -2.729868 -6.027371 47.590031  -0.147299 -0.985733 -0.081447  0.604204 0.903328 1 2 1.000000
0  -1.937740 -6.139229 47.511341  -0.139613 -0.986181 -0.089193  0.572816 0.901171 1 2 1.000000
0  -1.847490 -6.160182 47.601746  -0.137246 -0.986293 -0.091595  0.569310 0.904844 1 2 1.000000
barc_straps
0  -2.729868 -6.027371 47.590031  -0.147299 -0.985733 -0.081447  0.604204 0.903328 1 2 1.000000
0  -3.142998 -5.965023 47.582512  -0.147281 -0.985736 -0.081446  0.620539 0.902538 1 2 1.000000
0  -2.027992 -6.118275 47.420937  -0.140876 -0.986116 -0.087918  0.576322 0.897498 1 2 1.000000
barc_straps
0  -3.500015 -5.910786 47.571682  -0.147289 -0.985735 -0.081438  0.634653 0.901685 1 2 1.000000
0  -4.314123 -5.803662 47.747395  -0.149547 -0.985247 -0.083213  0.666979 0.907642 1 2 1.000000
0  -4.236027 -5.807041 47.647057  -0.150707 -0.984992 -0.084133  0.663819 0.903778 1 2 1.000000
barc_straps
0  -3.142998 -5.965023 47.582512  -0.147281 -0.985736 -0.081446  0.620539 0.902538 1 2 1.000000
0  -3.092960 -5.964347 47.483826  -0.147281 -0.985738 -0.081423  0.618491 0.898706 1 2 1.000000
0  -2.027992 -6.118275 47.420937  -0.140876 -0.986116 -0.087918  0.576322 0.897498 1 2 1.000000
barc_straps
0  -3.500015 -5.910786 47.571682  -0.147289 -0.985735 -0.081438  0.634653 0.901685 1 2 1.000000
0  -4.157928 -5.810420 47.546715  -0.149904 -0.985168 -0.083498  0.660659 0.899915 1 2 1.000000
0  -3.092960 -5.964347 47.483826  -0.147281 -0.985738 -0.081423  0.618491 0.898706 1 2 1.000000
barc_straps
0  -3.142998 -5.965023 47.582512  -0.147281 -0.985736 -0.081446  0.620539 0.902538 1 2 1.000000
0  -3.080807 -5.981923 47.674572  -0.147286 -0.985733 -0.081472  0.618144 0.906243 1 2 1.000000
0  -4.314123 -5.803662 47.747395  -0.149547 -0.985247 -0.083213  0.666979 0.907642 1 2 1.000000
barc_straps
0  -2.729868 -6.027371 47.590031  -0.147299 -0.985733 -0.081447  0.604204 0.903328 1 2 1.000000
0  -1.847490 -6.160182 47.601746  -0.137246 -0.986293 -0.091595  0.569310 0.904844 1 2 1.000000
0  -3.080807 -5.981923 47.674572  -0.147286 -0.985733 -0.081472  0.618144 0.906243 1 2 1.000000
barc_straps
0  -2.729868 -6.027371 47.590031  -0.147299 -0.985733 -0.081447  0.604204 0.903328 1 2 1.000000
0  -2.027992 -6.118275 47.420937  -0.140876 -0.986116 -0.087918  0.576322 0.897498 1 2 1.000000
0  -1.937740 -6.139229 47.511341  -0.139613 -0.986181 -0.089193  0.572816 0.901171 1 2 1.000000
barc_straps
0  -3.070910 -5.821969 47.295830  -0.147386 -0.985536 -0.083644  0.508737 0.923495 1 2 1.000000
0  -2.717213 -5.878729 47.341377  -0.147387 -0.985536 -0.083637  0.494779 0.925714 1 2 1.000000
0  -3.019222 -5.837897 47.392426  -0.147387 -0.985538 -0.083623  0.506761 0.927367 1 2 1.000000
barc_straps
0  -2.717213 -5.878729 47.341377  -0.147387 -0.985536 -0.083637  0.494779 0.925714 1 2 1.000000
0  -2.088326 -5.972444 47.337448  -0.138870 -0.986140 -0.090797  0.469901 0.926310 1 2 1.000000
0  -2.009821 -5.992247 47.432457  -0.141231 -0.985985 -0.088811  0.466862 0.930151 1 2 1.000000
barc_straps
0  -2.717213 -5.878729 47.341377  -0.147387 -0.985536 -0.083637  0.494779 0.925714 1 2 1.000000
0  -3.070910 -5.821969 47.295830  -0.147386 -0.985536 -0.083644  0.508737 0.923495 1 2 1.000000
0  -2.166832 -5.952641 47.242439  -0.137193 -0.986244 -0.092205  0.472939 0.922469 1 2 1.000000
barc_straps
0  -3.374859 -5.789312 47.446640  -0.147394 -0.985538 -0.083610  0.520866 0.929080 1 2 1.000000
0  -4.057375 -5.687844 47.453728  -0.148562 -0.985281 -0.084565  0.547867 0.928544 1 2 1.000000
0  -3.974991 -5.691297 47.349213  -0.148601 -0.985273 -0.084587  0.544535 0.924521 1 2 1.000000
barc_straps
0  -3.374859 -5.789312 47.446640  -0.147394 -0.985538 -0.083610  0.520866 0.929080 1 2 1.000000
0  -3.074791 -5.838318 47.495342  -0.147390 -0.985538 -0.083607  0.509031 0.931359 1 2 1.000000
0  -4.139759 -5.684391 47.558228  -0.149044 -0.985176 -0.084939  0.551199 0.932568 1 2 1.000000
barc_straps
0  -3.074791 -5.838318 47.495342  -0.147390 -0.985538 -0.083607  0.509031 0.931359 1 2 1.000000
0  -3.374859 -5.789312 47.446640  -0.147394 -0.985538 -0.083610  0.520866 0.929080 1 2 1.000000
0  -3.019222 -5.837897 47.392426  -0.147387 -0.985538 -0.083623  0.506761 0.927367 1 2 1.000000
barc_straps
0  -3.070910 -5.821969 47.295830  -0.147386 -0.985536 -0.083644  0.508737 0.923495 1 2 1.000000
0  -3.019222 -5.837897 47.392426  -0.147387 -0.985538 -0.083623  0.506761 0.927367 1 2 1.000000
0  -3.974991 -5.691297 47.349213  -0.148601 -0.985273 -0.084587  0.544535 0.924521 1 2 1.000000
barc_straps
0  -2.717213 -5.878729 47.341377  -0.147387 -0.985536 -0.083637  0.494779 0.925714 1 2 1.000000
0  -2.009821 -5.992247 47.432457  -0.141231 -0.985985 -0.088811  0.466862 0.930151 1 2 1.000000
0  -3.019222 -5.837897 47.392426  -0.147387 -0.985538 -0.083623  0.506761 0.927367 1 2 1.000000
barc_straps
0  -2.717213 -5.878729 47.341377  -0.147387 -0.985536 -0.083637  0.494779 0.925714 1 2 1.000000
0  -2.166832 -5.952641 47.242439  -0.137193 -0.986244 -0.092205  0.472939 0.922469 1 2 1.000000
0  -2.088326 -5.972444 47.337448  -0.138870 -0.986140 -0.090797  0.469901 0.926310 1 2 1.000000
barc_straps
0  -3.374859 -5.789312 47.446640  -0.147394 -0.985538 -0.083610  0.520866 0.929080 1 2 1.000000
0  -3.974991 -5.691297 47.349213  -0.148601 -0.985273 -0.084587  0.544535 0.924521 1 2 1.000000
0  -3.019222 -5.837897 47.392426  -0.147387 -0.985538 -0.083623  0.506761 0.927367 1 2 1.000000
barc_straps
0  -3.374859 -5.789312 47.446640  -0.147394 -0.985538 -0.083610  0.520866 0.929080 1 2 1.000000
0  -4.139759 -5.684391 47.558228  -0.149044 -0.985176 -0.084939  0.551199 0.932568 1 2 1.000000
0  -4.057375 -5.687844 47.453728  -0.148562 -0.985281 -0.084565  0.547867 0.928544 1 2 1.000000
barc_straps
0  -3.074791 -5.838318 47.495342  -0.147390 -0.985538 -0.083607  0.509031 0.931359 1 2 1.000000
0  -3.019222 -5.837897 47.392426  -0.147387 -0.985538 -0.083623  0.506761 0.927367 1 2 1.000000
0  -2.009821 -5.992247 47.432457  -0.141231 -0.985985 -0.088811  0.466862 0.930151 1 2 1.000000
barc_straps
0  -4.169479 -5.533967 45.877289  -0.149742 -0.985022 -0.085499  0.551199 0.866223 1 2 1.000000
0  -4.121469 -5.501278 45.416595  -0.149738 -0.985022 -0.085499  0.548978 0.848108 1 2 1.000000
0  -4.083353 -5.556357 45.984398  -0.149742 -0.985021 -0.085501  0.547867 0.870552 1 2 1.000000
barc_straps
0  -4.121469 -5.501278 45.416595  -0.149738 -0.985022 -0.085499  0.548978 0.848108 1 2 1.000000
0  -4.112328 -5.409722 44.345787  -0.148424 -0.985152 -0.086287  0.547867 0.805878 1 2 1.000000
0  -4.025450 -5.435899 44.495216  -0.149185 -0.985077 -0.085829  0.544535 0.811877 1 2 1.000000
barc_straps
0  -4.121469 -5.501278 45.416595  -0.149738 -0.985022 -0.085499  0.548978 0.848108 1 2 1.000000
0  -4.169479 -5.533967 45.877289  -0.149742 -0.985022 -0.085499  0.551199 0.866223 1 2 1.000000
0  -4.199202 -5.383543 44.196335  -0.149137 -0.985081 -0.085863  0.551199 0.799878 1 2 1.000000
barc_straps
0  -4.046734 -5.603864 46.467560  -0.149748 -0.985020 -0.085502  0.546757 0.889655 1 2 1.000000
0  -4.057375 -5.687844 47.453728  -0.148562 -0.985281 -0.084565  0.547867 0.928544 1 2 1.000000
0  -4.139759 -5.684391 47.558228  -0.149044 -0.985176 -0.084939  0.551199 0.932568 1 2 1.000000
barc_straps
0  -4.046734 -5.603864 46.467560  -0.149748 -0.985020 -0.085502  0.546757 0.889655 1 2 1.000000
0  -4.000219 -5.563597 45.922218  -0.149740 -0.985021 -0.085501  0.544535 0.868199 1 2 1.000000
0  -3.974991 -5.691297 47.349213  -0.148601 -0.985273 -0.084587  0.544535 0.924521 1 2 1.000000
barc_straps
0  -4.000219 -5.563597 45.922218  -0.149740 -0.985021 -0.085501  0.544535 0.868199 1 2 1.000000
0  -4.046734 -5.603864 46.467560  -0.149748 -0.985020 -0.085502  0.546757 0.889655 1 2 1.000000
0  -4.083353 -5.556357 45.984398  -0.149742 -0.985021 -0.085501  0.547867 0.870552 1 2 1.000000
barc_straps
0  -4.169479 -5.533967 45.877289  -0.149742 -0.985022 -0.085499  0.551199 0.866223 1 2 1.000000
0  -4.083353 -5.556357 45.984398  -0.149742 -0.985021 -0.085501  0.547867 0.870552 1 2 1.000000
0  -4.139759 -5.684391 47.558228  -0.149044 -0.985176 -0.084939  0.551199 0.932568 1 2 1.000000
barc_straps
0  -4.121469 -5.501278 45.416595  -0.149738 -0.985022 -0.085499  0.548978 0.848108 1 2 1.000000
0  -4.025450 -5.435899 44.495216  -0.149185 -0.985077 -0.085829  0.544535 0.811877 1 2 1.000000
0  -4.083353 -5.556357 45.984398  -0.149742 -0.985021 -0.085501  0.547867 0.870552 1 2 1.000000
barc_straps
0  -4.121469 -5.501278 45.416595  -0.149738 -0.985022 -0.085499  0.548978 0.848108 1 2 1.000000
0  -4.199202 -5.383543 44.196335  -0.149137 -0.985081 -0.085863  0.551199 0.799878 1 2 1.000000
0  -4.112328 -5.409722 44.345787  -0.148424 -0.985152 -0.086287  0.547867 0.805878 1 2 1.000000
barc_straps
0  -4.046734 -5.603864 46.467560  -0.149748 -0.985020 -0.085502  0.546757 0.889655 1 2 1.000000
0  -4.139759 -5.684391 47.558228  -0.149044 -0.985176 -0.084939  0.551199 0.932568 1 2 1.000000
0  -4.083353 -5.556357 45.984398  -0.149742 -0.985021 -0.085501  0.547867 0.870552 1 2 1.000000
barc_straps
0  -4.046734 -5.603864 46.467560  -0.149748 -0.985020 -0.085502  0.546757 0.889655 1 2 1.000000
0  -3.974991 -5.691297 47.349213  -0.148601 -0.985273 -0.084587  0.544535 0.924521 1 2 1.000000
0  -4.057375 -5.687844 47.453728  -0.148562 -0.985281 -0.084565  0.547867 0.928544 1 2 1.000000
barc_straps
0  -4.000219 -5.563597 45.922218  -0.149740 -0.985021 -0.085501  0.544535 0.868199 1 2 1.000000
0  -4.083353 -5.556357 45.984398  -0.149742 -0.985021 -0.085501  0.547867 0.870552 1 2 1.000000
0  -4.025450 -5.435899 44.495216  -0.149185 -0.985077 -0.085829  0.544535 0.811877 1 2 1.000000
barc_straps
0  -2.019077 -5.830161 45.777138  -0.132853 -0.986490 -0.095855  0.466093 0.864786 1 2 1.000000
0  -2.068329 -5.870989 46.265579  -0.132850 -0.986490 -0.095853  0.468375 0.884014 1 2 1.000000
0  -2.097412 -5.813295 45.712128  -0.132836 -0.986492 -0.095853  0.469145 0.862129 1 2 1.000000
barc_straps
0  -2.068329 -5.870989 46.265579  -0.132850 -0.986490 -0.095853  0.468375 0.884014 1 2 1.000000
0  -2.088326 -5.972444 47.337448  -0.138870 -0.986140 -0.090797  0.469901 0.926310 1 2 1.000000
0  -2.166832 -5.952641 47.242439  -0.137193 -0.986244 -0.092205  0.472939 0.922469 1 2 1.000000
barc_straps
0  -2.068329 -5.870989 46.265579  -0.132850 -0.986490 -0.095853  0.468375 0.884014 1 2 1.000000
0  -2.019077 -5.830161 45.777138  -0.132853 -0.986490 -0.095855  0.466093 0.864786 1 2 1.000000
0  -2.009821 -5.992247 47.432457  -0.141231 -0.985985 -0.088811  0.466862 0.930151 1 2 1.000000
barc_straps
0  -2.126162 -5.761476 45.218651  -0.132848 -0.986491 -0.095852  0.469944 0.842613 1 2 1.000000
0  -2.105831 -5.665894 44.206764  -0.132833 -0.986493 -0.095852  0.468446 0.802685 1 2 1.000000
0  -2.028332 -5.668076 44.121819  -0.132831 -0.986493 -0.095852  0.465324 0.799420 1 2 1.000000
barc_straps
0  -2.126162 -5.761476 45.218651  -0.132848 -0.986491 -0.095852  0.469944 0.842613 1 2 1.000000
0  -2.175079 -5.808176 45.767075  -0.132826 -0.986494 -0.095852  0.472254 0.864210 1 2 1.000000
0  -2.183327 -5.663711 44.291702  -0.132844 -0.986491 -0.095852  0.471568 0.805950 1 2 1.000000
barc_straps
0  -2.175079 -5.808176 45.767075  -0.132826 -0.986494 -0.095852  0.472254 0.864210 1 2 1.000000
0  -2.126162 -5.761476 45.218651  -0.132848 -0.986491 -0.095852  0.469944 0.842613 1 2 1.000000
0  -2.097412 -5.813295 45.712128  -0.132836 -0.986492 -0.095853  0.469145 0.862129 1 2 1.000000
barc_straps
0  -2.019077 -5.830161 45.777138  -0.132853 -0.986490 -0.095855  0.466093 0.864786 1 2 1.000000
0  -2.097412 -5.813295 45.712128  -0.132836 -0.986492 -0.095853  0.469145 0.862129 1 2 1.000000
0  -2.028332 -5.668076 44.121819  -0.132831 -0.986493 -0.095852  0.465324 0.799420 1 2 1.000000
barc_straps
0  -2.068329 -5.870989 46.265579  -0.132850 -0.986490 -0.095853  0.468375 0.884014 1 2 1.000000
0  -2.166832 -5.952641 47.242439  -0.137193 -0.986244 -0.092205  0.472939 0.922469 1 2 1.000000
0  -2.097412 -5.813295 45.712128  -0.132836 -0.986492 -0.095853  0.469145 0.862129 1 2 1.000000
barc_straps
0  -2.068329 -5.870989 46.265579  -0.132850 -0.986490 -0.095853  0.468375 0.884014 1 2 1.000000
0  -2.009821 -5.992247 47.432457  -0.141231 -0.985985 -0.088811  0.466862 0.930151 1 2 1.000000
0  -2.088326 -5.972444 47.337448  -0.138870 -0.986140 -0.090797  0.469901 0.926310 1 2 1.000000
barc_straps
0  -2.126162 -5.761476 45.218651  -0.132848 -0.986491 -0.095852  0.469944 0.842613 1 2 1.000000
0  -2.028332 -5.668076 44.121819  -0.132831 -0.986493 -0.095852  0.465324 0.799420 1 2 1.000000
0  -2.097412 -5.813295 45.712128  -0.132836 -0.986492 -0.095853  0.469145 0.862129 1 2 1.000000
barc_straps
0  -2.126162 -5.761476 45.218651  -0.132848 -0.986491 -0.095852  0.469944 0.842613 1 2 1.000000
0  -2.183327 -5.663711 44.291702  -0.132844 -0.986491 -0.095852  0.471568 0.805950 1 2 1.000000
0  -2.105831 -5.665894 44.206764  -0.132833 -0.986493 -0.095852  0.468446 0.802685 1 2 1.000000
barc_straps
0  -2.175079 -5.808176 45.767075  -0.132826 -0.986494 -0.095852  0.472254 0.864210 1 2 1.000000
0  -2.097412 -5.813295 45.712128  -0.132836 -0.986492 -0.095853  0.469145 0.862129 1 2 1.000000
0  -2.166832 -5.952641 47.242439  -0.137193 -0.986244 -0.092205  0.472939 0.922469 1 2 1.000000
barc_straps
0  -3.089079 -5.947997 47.284309  0.044638 -0.097326 0.994251  0.178787 0.936569 1 2 1.000000
0  -2.781664 -5.949545 47.270355  0.044656 -0.097322 0.994251  0.180459 0.948521 1 2 1.000000
0  -3.079994 -5.884983 47.290070  0.044647 -0.097325 0.994251  0.181296 0.936543 1 2 1.000000
barc_straps
0  -2.781664 -5.949545 47.270355  0.044656 -0.097322 0.994251  0.180459 0.948521 1 2 1.000000
0  -2.175915 -6.015656 47.236679  0.044650 -0.097321 0.994251  0.181296 0.972451 1 2 1.000000
0  -2.166832 -5.952641 47.242439  0.044656 -0.097318 0.994251  0.183804 0.972424 1 2 1.000000
barc_straps
0  -2.781664 -5.949545 47.270355  0.044656 -0.097322 0.994251  0.180459 0.948521 1 2 1.000000
0  -3.089079 -5.947997 47.284309  0.044638 -0.097326 0.994251  0.178787 0.936569 1 2 1.000000
0  -2.184999 -6.078670 47.230919  0.044644 -0.097323 0.994251  0.178787 0.972477 1 2 1.000000
barc_straps
0  -3.378328 -5.820421 47.309792  0.044662 -0.097292 0.994253  0.182132 0.924564 1 2 1.000000
0  -3.984076 -5.754311 47.343460  0.044645 -0.097263 0.994257  0.181296 0.900635 1 2 1.000000
0  -3.993158 -5.817325 47.337700  0.044632 -0.097323 0.994252  0.178787 0.900661 1 2 1.000000
barc_straps
0  -3.378328 -5.820421 47.309792  0.044662 -0.097292 0.994253  0.182132 0.924564 1 2 1.000000
0  -3.070910 -5.821969 47.295830  0.044658 -0.097317 0.994251  0.183804 0.936516 1 2 1.000000
0  -3.974991 -5.691297 47.349213  0.044659 -0.097203 0.994262  0.183804 0.900608 1 2 1.000000
barc_straps
0  -3.070910 -5.821969 47.295830  0.044658 -0.097317 0.994251  0.183804 0.936516 1 2 1.000000
0  -3.378328 -5.820421 47.309792  0.044662 -0.097292 0.994253  0.182132 0.924564 1 2 1.000000
0  -3.079994 -5.884983 47.290070  0.044647 -0.097325 0.994251  0.181296 0.936543 1 2 1.000000
barc_straps
0  -3.089079 -5.947997 47.284309  0.044638 -0.097326 0.994251  0.178787 0.936569 1 2 1.000000
0  -3.079994 -5.884983 47.290070  0.044647 -0.097325 0.994251  0.181296 0.936543 1 2 1.000000
0  -3.993158 -5.817325 47.337700  0.044632 -0.097323 0.994252  0.178787 0.900661 1 2 1.000000
barc_straps
0  -2.781664 -5.949545 47.270355  0.044656 -0.097322 0.994251  0.180459 0.948521 1 2 1.000000
0  -2.166832 -5.952641 47.242439  0.044656 -0.097318 0.994251  0.183804 0.972424 1 2 1.000000
0  -3.079994 -5.884983 47.290070  0.044647 -0.097325 0.994251  0.181296 0.936543 1 2 1.000000
barc_straps
0  -2.781664 -5.949545 47.270355  0.044656 -0.097322 0.994251  0.180459 0.948521 1 2 1.000000
0  -2.184999 -6.078670 47.230919  0.044644 -0.097323 0.994251  0.178787 0.972477 1 2 1.000000
0  -2.175915 -6.015656 47.236679  0.044650 -0.097321 0.994251  0.181296 0.972451 1 2 1.000000
barc_straps
0  -3.378328 -5.820421 47.309792  0.044662 -0.097292 0.994253  0.182132 0.924564 1 2 1.000000
0  -3.993158 -5.817325 47.337700  0.044632 -0.097323 0.994252  0.178787 0.900661 1 2 1.000000
0  -3.079994 -5.884983 47.290070  0.044647 -0.097325 0.994251  0.181296 0.936543 1 2 1.000000
barc_straps
0  -3.378328 -5.820421 47.309792  0.044662 -0.097292 0.994253  0.182132 0.924564 1 2 1.000000
0  -3.974991 -5.691297 47.349213  0.044659 -0.097203 0.994262  0.183804 0.900608 1 2 1.000000
0  -3.984076 -5.754311 47.343460  0.044645 -0.097263 0.994257  0.181296 0.900635 1 2 1.000000
barc_straps
0  -3.070910 -5.821969 47.295830  0.044658 -0.097317 0.994251  0.183804 0.936516 1 2 1.000000
0  -3.079994 -5.884983 47.290070  0.044647 -0.097325 0.994251  0.181296 0.936543 1 2 1.000000
0  -2.166832 -5.952641 47.242439  0.044656 -0.097318 0.994251  0.183804 0.972424 1 2 1.000000
barc_straps
0  -2.183884 -5.802032 45.271439  0.989830 -0.140937 -0.019333  0.319801 0.753031 1 2 1.000000
0  -2.184164 -5.871190 45.761314  0.989830 -0.140935 -0.019333  0.320725 0.772455 1 2 1.000000
0  -2.201496 -5.789738 44.280174  0.989830 -0.140937 -0.019334  0.322963 0.714193 1 2 1.000000
barc_straps
0  -2.184164 -5.871190 45.761314  0.989830 -0.140935 -0.019333  0.320725 0.772455 1 2 1.000000
0  -2.183884 -5.802032 45.271439  0.989830 -0.140937 -0.019333  0.319801 0.753031 1 2 1.000000
0  -2.175079 -5.808176 45.767075  0.989831 -0.140931 -0.019332  0.318220 0.772450 1 2 1.000000
barc_straps
0  -2.183884 -5.802032 45.271439  0.989830 -0.140937 -0.019333  0.319801 0.753031 1 2 1.000000
0  -2.192411 -5.726725 44.285934  0.989830 -0.140933 -0.019334  0.320458 0.714189 1 2 1.000000
0  -2.183327 -5.663711 44.291702  0.989831 -0.140929 -0.019333  0.317953 0.714184 1 2 1.000000
barc_straps
0  -2.184164 -5.871190 45.761314  0.989830 -0.140935 -0.019333  0.320725 0.772455 1 2 1.000000
0  -2.184443 -5.940352 46.251183  0.989831 -0.140929 -0.019334  0.321650 0.791879 1 2 1.000000
0  -2.193249 -5.934204 45.755547  0.989830 -0.140938 -0.019334  0.323231 0.772460 1 2 1.000000
barc_straps
0  -2.184443 -5.940352 46.251183  0.989831 -0.140929 -0.019334  0.321650 0.791879 1 2 1.000000
0  -2.175915 -6.015656 47.236679  0.989833 -0.140917 -0.019333  0.320993 0.830721 1 2 1.000000
0  -2.184999 -6.078670 47.230919  0.989832 -0.140924 -0.019334  0.323498 0.830726 1 2 1.000000
barc_straps
0  -2.184443 -5.940352 46.251183  0.989831 -0.140929 -0.019334  0.321650 0.791879 1 2 1.000000
0  -2.184164 -5.871190 45.761314  0.989830 -0.140935 -0.019333  0.320725 0.772455 1 2 1.000000
0  -2.166832 -5.952641 47.242439  0.989833 -0.140912 -0.019333  0.318488 0.830717 1 2 1.000000
barc_straps
0  -2.183884 -5.802032 45.271439  0.989830 -0.140937 -0.019333  0.319801 0.753031 1 2 1.000000
0  -2.201496 -5.789738 44.280174  0.989830 -0.140937 -0.019334  0.322963 0.714193 1 2 1.000000
0  -2.192411 -5.726725 44.285934  0.989830 -0.140933 -0.019334  0.320458 0.714189 1 2 1.000000
barc_straps
0  -2.184164 -5.871190 45.761314  0.989830 -0.140935 -0.019333  0.320725 0.772455 1 2 1.000000
0  -2.175079 -5.808176 45.767075  0.989831 -0.140931 -0.019332  0.318220 0.772450 1 2 1.000000
0  -2.166832 -5.952641 47.242439  0.989833 -0.140912 -0.019333  0.318488 0.830717 1 2 1.000000
barc_straps
0  -2.183884 -5.802032 45.271439  0.989830 -0.140937 -0.019333  0.319801 0.753031 1 2 1.000000
0  -2.183327 -5.663711 44.291702  0.989831 -0.140929 -0.019333  0.317953 0.714184 1 2 1.000000
0  -2.175079 -5.808176 45.767075  0.989831 -0.140931 -0.019332  0.318220 0.772450 1 2 1.000000
barc_straps
0  -2.184164 -5.871190 45.761314  0.989830 -0.140935 -0.019333  0.320725 0.772455 1 2 1.000000
0  -2.193249 -5.934204 45.755547  0.989830 -0.140938 -0.019334  0.323231 0.772460 1 2 1.000000
0  -2.201496 -5.789738 44.280174  0.989830 -0.140937 -0.019334  0.322963 0.714193 1 2 1.000000
barc_straps
0  -2.184443 -5.940352 46.251183  0.989831 -0.140929 -0.019334  0.321650 0.791879 1 2 1.000000
0  -2.184999 -6.078670 47.230919  0.989832 -0.140924 -0.019334  0.323498 0.830726 1 2 1.000000
0  -2.193249 -5.934204 45.755547  0.989830 -0.140938 -0.019334  0.323231 0.772460 1 2 1.000000
barc_straps
0  -2.184443 -5.940352 46.251183  0.989831 -0.140929 -0.019334  0.321650 0.791879 1 2 1.000000
0  -2.166832 -5.952641 47.242439  0.989833 -0.140912 -0.019333  0.318488 0.830717 1 2 1.000000
0  -2.175915 -6.015656 47.236679  0.989833 -0.140917 -0.019333  0.320993 0.830721 1 2 1.000000
barc_straps
0  -3.997866 -5.648172 46.394043  -0.989705 0.139938 0.030021  0.853659 0.946015 1 2 1.000000
0  -4.009304 -5.626611 45.916458  -0.989702 0.139958 0.030023  0.852818 0.927385 1 2 1.000000
0  -3.993158 -5.817325 47.337700  -0.989710 0.139901 0.030016  0.850347 0.983333 1 2 1.000000
barc_straps
0  -4.009304 -5.626611 45.916458  -0.989702 0.139958 0.030023  0.852818 0.927385 1 2 1.000000
0  -3.997866 -5.648172 46.394043  -0.989705 0.139938 0.030021  0.853659 0.946015 1 2 1.000000
0  -4.000219 -5.563597 45.922218  -0.989704 0.139946 0.030022  0.855315 0.927357 1 2 1.000000
barc_straps
0  -3.997866 -5.648172 46.394043  -0.989705 0.139938 0.030021  0.853659 0.946015 1 2 1.000000
0  -3.984076 -5.754311 47.343460  -0.989707 0.139925 0.030018  0.852844 0.983304 1 2 1.000000
0  -3.974991 -5.691297 47.349213  -0.989703 0.139953 0.030020  0.855341 0.983275 1 2 1.000000
barc_straps
0  -4.044764 -5.554962 44.413597  -0.989705 0.139937 0.030032  0.850321 0.868745 1 2 1.000000
0  -4.038326 -5.515275 44.440811  -0.989704 0.139944 0.030042  0.851977 0.869643 1 2 1.000000
0  -4.035679 -5.491948 44.419365  -0.989704 0.139944 0.030040  0.852818 0.868717 1 2 1.000000
barc_straps
0  -4.038326 -5.515275 44.440811  -0.989704 0.139944 0.030042  0.851977 0.869643 1 2 1.000000
0  -4.032036 -5.529538 44.714653  -0.989703 0.139955 0.030027  0.852385 0.880333 1 2 1.000000
0  -4.025450 -5.435899 44.495216  -0.989702 0.139960 0.030034  0.855289 0.871438 1 2 1.000000
barc_straps
0  -4.032036 -5.529538 44.714653  -0.989703 0.139955 0.030027  0.852385 0.880333 1 2 1.000000
0  -4.038326 -5.515275 44.440811  -0.989704 0.139944 0.030042  0.851977 0.869643 1 2 1.000000
0  -4.044764 -5.554962 44.413597  -0.989705 0.139937 0.030032  0.850321 0.868745 1 2 1.000000
barc_straps
0  -4.009304 -5.626611 45.916458  -0.989702 0.139958 0.030023  0.852818 0.927385 1 2 1.000000
0  -4.020742 -5.605050 45.438881  -0.989701 0.139968 0.030023  0.851977 0.908756 1 2 1.000000
0  -4.018391 -5.689625 45.910698  -0.989700 0.139971 0.030025  0.850321 0.927414 1 2 1.000000
barc_straps
0  -4.020742 -5.605050 45.438881  -0.989701 0.139968 0.030023  0.851977 0.908756 1 2 1.000000
0  -4.032036 -5.529538 44.714653  -0.989703 0.139955 0.030027  0.852385 0.880333 1 2 1.000000
0  -4.037598 -5.592110 44.822922  -0.989707 0.139923 0.030024  0.850308 0.884788 1 2 1.000000
barc_straps
0  -4.020742 -5.605050 45.438881  -0.989701 0.139968 0.030023  0.851977 0.908756 1 2 1.000000
0  -4.009304 -5.626611 45.916458  -0.989702 0.139958 0.030023  0.852818 0.927385 1 2 1.000000
0  -4.025450 -5.435899 44.495216  -0.989702 0.139960 0.030034  0.855289 0.871438 1 2 1.000000
barc_straps
0  -4.035679 -5.491948 44.419365  -0.989704 0.139944 0.030040  0.852818 0.868717 1 2 1.000000
0  -4.033031 -5.468621 44.397911  -0.989705 0.139934 0.030035  0.853659 0.867791 1 2 1.000000
0  -4.036821 -5.484982 44.349251  -0.989707 0.139921 0.030033  0.852844 0.865967 1 2 1.000000
barc_straps
0  -4.033031 -5.468621 44.397911  -0.989705 0.139934 0.030035  0.853659 0.867791 1 2 1.000000
0  -4.026594 -5.428933 44.425110  -0.989705 0.139930 0.030052  0.855315 0.868688 1 2 1.000000
0  -4.027739 -5.421968 44.355019  -0.989710 0.139895 0.030058  0.855341 0.865938 1 2 1.000000
barc_straps
0  -4.026594 -5.428933 44.425110  -0.989705 0.139930 0.030052  0.855315 0.868688 1 2 1.000000
0  -4.033031 -5.468621 44.397911  -0.989705 0.139934 0.030035  0.853659 0.867791 1 2 1.000000
0  -4.035679 -5.491948 44.419365  -0.989704 0.139944 0.030040  0.852818 0.868717 1 2 1.000000
barc_straps
0  -3.997866 -5.648172 46.394043  -0.989705 0.139938 0.030021  0.853659 0.946015 1 2 1.000000
0  -3.993158 -5.817325 47.337700  -0.989710 0.139901 0.030016  0.850347 0.983333 1 2 1.000000
0  -3.984076 -5.754311 47.343460  -0.989707 0.139925 0.030018  0.852844 0.983304 1 2 1.000000
barc_straps
0  -4.009304 -5.626611 45.916458  -0.989702 0.139958 0.030023  0.852818 0.927385 1 2 1.000000
0  -4.000219 -5.563597 45.922218  -0.989704 0.139946 0.030022  0.855315 0.927357 1 2 1.000000
0  -4.025450 -5.435899 44.495216  -0.989702 0.139960 0.030034  0.855289 0.871438 1 2 1.000000
barc_straps
0  -3.997866 -5.648172 46.394043  -0.989705 0.139938 0.030021  0.853659 0.946015 1 2 1.000000
0  -3.974991 -5.691297 47.349213  -0.989703 0.139953 0.030020  0.855341 0.983275 1 2 1.000000
0  -4.000219 -5.563597 45.922218  -0.989704 0.139946 0.030022  0.855315 0.927357 1 2 1.000000
barc_straps
0  -4.044764 -5.554962 44.413597  -0.989705 0.139937 0.030032  0.850321 0.868745 1 2 1.000000
0  -4.035679 -5.491948 44.419365  -0.989704 0.139944 0.030040  0.852818 0.868717 1 2 1.000000
0  -4.045906 -5.547996 44.343491  -0.989705 0.139937 0.030026  0.850347 0.865996 1 2 1.000000
barc_straps
0  -4.038326 -5.515275 44.440811  -0.989704 0.139944 0.030042  0.851977 0.869643 1 2 1.000000
0  -4.025450 -5.435899 44.495216  -0.989702 0.139960 0.030034  0.855289 0.871438 1 2 1.000000
0  -4.035679 -5.491948 44.419365  -0.989704 0.139944 0.030040  0.852818 0.868717 1 2 1.000000
barc_straps
0  -4.032036 -5.529538 44.714653  -0.989703 0.139955 0.030027  0.852385 0.880333 1 2 1.000000
0  -4.044764 -5.554962 44.413597  -0.989705 0.139937 0.030032  0.850321 0.868745 1 2 1.000000
0  -4.037598 -5.592110 44.822922  -0.989707 0.139923 0.030024  0.850308 0.884788 1 2 1.000000
barc_straps
0  -4.009304 -5.626611 45.916458  -0.989702 0.139958 0.030023  0.852818 0.927385 1 2 1.000000
0  -4.018391 -5.689625 45.910698  -0.989700 0.139971 0.030025  0.850321 0.927414 1 2 1.000000
0  -3.993158 -5.817325 47.337700  -0.989710 0.139901 0.030016  0.850347 0.983333 1 2 1.000000
barc_straps
0  -4.020742 -5.605050 45.438881  -0.989701 0.139968 0.030023  0.851977 0.908756 1 2 1.000000
0  -4.037598 -5.592110 44.822922  -0.989707 0.139923 0.030024  0.850308 0.884788 1 2 1.000000
0  -4.018391 -5.689625 45.910698  -0.989700 0.139971 0.030025  0.850321 0.927414 1 2 1.000000
barc_straps
0  -4.020742 -5.605050 45.438881  -0.989701 0.139968 0.030023  0.851977 0.908756 1 2 1.000000
0  -4.025450 -5.435899 44.495216  -0.989702 0.139960 0.030034  0.855289 0.871438 1 2 1.000000
0  -4.032036 -5.529538 44.714653  -0.989703 0.139955 0.030027  0.852385 0.880333 1 2 1.000000
barc_straps
0  -4.035679 -5.491948 44.419365  -0.989704 0.139944 0.030040  0.852818 0.868717 1 2 1.000000
0  -4.036821 -5.484982 44.349251  -0.989707 0.139921 0.030033  0.852844 0.865967 1 2 1.000000
0  -4.045906 -5.547996 44.343491  -0.989705 0.139937 0.030026  0.850347 0.865996 1 2 1.000000
barc_straps
0  -4.033031 -5.468621 44.397911  -0.989705 0.139934 0.030035  0.853659 0.867791 1 2 1.000000
0  -4.027739 -5.421968 44.355019  -0.989710 0.139895 0.030058  0.855341 0.865938 1 2 1.000000
0  -4.036821 -5.484982 44.349251  -0.989707 0.139921 0.030033  0.852844 0.865967 1 2 1.000000
barc_straps
0  -4.026594 -5.428933 44.425110  -0.989705 0.139930 0.030052  0.855315 0.868688 1 2 1.000000
0  -4.035679 -5.491948 44.419365  -0.989704 0.139944 0.030040  0.852818 0.868717 1 2 1.000000
0  -4.025450 -5.435899 44.495216  -0.989702 0.139960 0.030034  0.855289 0.871438 1 2 1.000000
barc_straps
0  -2.037247 -5.956189 45.765625  -0.989825 0.140969 0.019336  0.382906 0.914675 1 2 1.000000
0  -2.028105 -5.968208 46.321236  -0.989827 0.140954 0.019336  0.381241 0.893043 1 2 1.000000
0  -2.028160 -5.893175 45.771385  -0.989829 0.140941 0.019335  0.380409 0.914724 1 2 1.000000
barc_straps
0  -2.028105 -5.968208 46.321236  -0.989827 0.140954 0.019336  0.381241 0.893043 1 2 1.000000
0  -2.018906 -6.055261 47.426704  -0.989828 0.140950 0.019336  0.380409 0.849728 1 2 1.000000
0  -2.009821 -5.992247 47.432457  -0.989828 0.140951 0.019336  0.377912 0.849777 1 2 1.000000
barc_straps
0  -2.028105 -5.968208 46.321236  -0.989827 0.140954 0.019336  0.381241 0.893043 1 2 1.000000
0  -2.037247 -5.956189 45.765625  -0.989825 0.140969 0.019336  0.382906 0.914675 1 2 1.000000
0  -2.027992 -6.118275 47.420937  -0.989828 0.140948 0.019336  0.382906 0.849680 1 2 1.000000
barc_straps
0  -2.028219 -5.818143 45.221535  -0.989832 0.140922 0.019334  0.379577 0.936406 1 2 1.000000
0  -2.037416 -5.731090 44.116058  -0.989830 0.140935 0.019333  0.380409 0.979720 1 2 1.000000
0  -2.046501 -5.794103 44.110298  -0.989828 0.140950 0.019334  0.382906 0.979672 1 2 1.000000
barc_straps
0  -2.028219 -5.818143 45.221535  -0.989832 0.140922 0.019334  0.379577 0.936406 1 2 1.000000
0  -2.019077 -5.830161 45.777138  -0.989833 0.140914 0.019334  0.377912 0.914773 1 2 1.000000
0  -2.028332 -5.668076 44.121819  -0.989832 0.140919 0.019332  0.377912 0.979769 1 2 1.000000
barc_straps
0  -2.019077 -5.830161 45.777138  -0.989833 0.140914 0.019334  0.377912 0.914773 1 2 1.000000
0  -2.028219 -5.818143 45.221535  -0.989832 0.140922 0.019334  0.379577 0.936406 1 2 1.000000
0  -2.028160 -5.893175 45.771385  -0.989829 0.140941 0.019335  0.380409 0.914724 1 2 1.000000
barc_straps
0  -2.037247 -5.956189 45.765625  -0.989825 0.140969 0.019336  0.382906 0.914675 1 2 1.000000
0  -2.028160 -5.893175 45.771385  -0.989829 0.140941 0.019335  0.380409 0.914724 1 2 1.000000
0  -2.046501 -5.794103 44.110298  -0.989828 0.140950 0.019334  0.382906 0.979672 1 2 1.000000
barc_straps
0  -2.028105 -5.968208 46.321236  -0.989827 0.140954 0.019336  0.381241 0.893043 1 2 1.000000
0  -2.009821 -5.992247 47.432457  -0.989828 0.140951 0.019336  0.377912 0.849777 1 2 1.000000
0  -2.028160 -5.893175 45.771385  -0.989829 0.140941 0.019335  0.380409 0.914724 1 2 1.000000
barc_straps
0  -2.028105 -5.968208 46.321236  -0.989827 0.140954 0.019336  0.381241 0.893043 1 2 1.000000
0  -2.027992 -6.118275 47.420937  -0.989828 0.140948 0.019336  0.382906 0.849680 1 2 1.000000
0  -2.018906 -6.055261 47.426704  -0.989828 0.140950 0.019336  0.380409 0.849728 1 2 1.000000
barc_straps
0  -2.028219 -5.818143 45.221535  -0.989832 0.140922 0.019334  0.379577 0.936406 1 2 1.000000
0  -2.046501 -5.794103 44.110298  -0.989828 0.140950 0.019334  0.382906 0.979672 1 2 1.000000
0  -2.028160 -5.893175 45.771385  -0.989829 0.140941 0.019335  0.380409 0.914724 1 2 1.000000
barc_straps
0  -2.028219 -5.818143 45.221535  -0.989832 0.140922 0.019334  0.379577 0.936406 1 2 1.000000
0  -2.028332 -5.668076 44.121819  -0.989832 0.140919 0.019332  0.377912 0.979769 1 2 1.000000
0  -2.037416 -5.731090 44.116058  -0.989830 0.140935 0.019333  0.380409 0.979720 1 2 1.000000
barc_straps
0  -2.019077 -5.830161 45.777138  -0.989833 0.140914 0.019334  0.377912 0.914773 1 2 1.000000
0  -2.028160 -5.893175 45.771385  -0.989829 0.140941 0.019335  0.380409 0.914724 1 2 1.000000
0  -2.009821 -5.992247 47.432457  -0.989828 0.140951 0.019336  0.377912 0.849777 1 2 1.000000
barc_straps
0  -2.945976 -5.189184 48.281170  -0.043446 -0.599131 0.799471  0.256063 0.901405 2 2 0.999248 3 0.000752
0  -3.402025 -5.394011 48.103245  -0.042858 -0.599097 0.799528  0.267610 0.918046 1 2 1.000000
0  -3.004387 -5.578908 47.985474  -0.042097 -0.602591 0.796939  0.273396 0.901562 1 2 1.000000
barc_straps
0  -3.402025 -5.394011 48.103245  -0.042858 -0.599097 0.799528  0.267610 0.918046 1 2 1.000000
0  -4.260214 -5.417262 48.039280  -0.043423 -0.598322 0.800078  0.273550 0.951328 1 2 1.000000
0  -4.314123 -5.803662 47.747395  -0.041881 -0.601846 0.797513  0.290704 0.951328 1 2 1.000000
barc_straps
0  -3.402025 -5.394011 48.103245  -0.042858 -0.599097 0.799528  0.267610 0.918046 1 2 1.000000
0  -2.945976 -5.189184 48.281170  -0.043446 -0.599131 0.799471  0.256063 0.901405 2 2 0.999248 3 0.000752
0  -4.206305 -5.030862 48.331169  -0.043422 -0.598324 0.800077  0.256395 0.951328 1 2 1.000000
barc_straps
0  -2.615753 -5.770450 47.860096  -0.041345 -0.606001 0.794389  0.279538 0.885393 1 2 1.000000
0  -1.766569 -5.753843 47.916454  -0.040824 -0.606718 0.793868  0.273955 0.852426 1 2 1.000000
0  -1.685646 -5.347507 48.231159  -0.042273 -0.603447 0.796281  0.255731 0.851483 1 2 1.000000
barc_straps
0  -2.615753 -5.770450 47.860096  -0.041345 -0.606001 0.794389  0.279538 0.885393 1 2 1.000000
0  -3.080807 -5.981923 47.674572  -0.040990 -0.605691 0.794644  0.291442 0.902349 1 2 1.000000
0  -1.847490 -6.160182 47.601746  -0.040824 -0.606716 0.793869  0.292179 0.853369 1 2 1.000000
barc_straps
0  -3.080807 -5.981923 47.674572  -0.040990 -0.605691 0.794644  0.291442 0.902349 1 2 1.000000
0  -2.615753 -5.770450 47.860096  -0.041345 -0.606001 0.794389  0.279538 0.885393 1 2 1.000000
0  -3.004387 -5.578908 47.985474  -0.042097 -0.602591 0.796939  0.273396 0.901562 1 2 1.000000
barc_straps
0  -2.945976 -5.189184 48.281170  -0.043446 -0.599131 0.799471  0.256063 0.901405 2 2 0.999248 3 0.000752
0  -3.004387 -5.578908 47.985474  -0.042097 -0.602591 0.796939  0.273396 0.901562 1 2 1.000000
0  -1.685646 -5.347507 48.231159  -0.042273 -0.603447 0.796281  0.255731 0.851483 1 2 1.000000
barc_straps
0  -3.402025 -5.394011 48.103245  -0.042858 -0.599097 0.799528  0.267610 0.918046 1 2 1.000000
0  -4.314123 -5.803662 47.747395  -0.041881 -0.601846 0.797513  0.290704 0.951328 1 2 1.000000
0  -3.004387 -5.578908 47.985474  -0.042097 -0.602591 0.796939  0.273396 0.901562 1 2 1.000000
barc_straps
0  -3.402025 -5.394011 48.103245  -0.042858 -0.599097 0.799528  0.267610 0.918046 1 2 1.000000
0  -4.206305 -5.030862 48.331169  -0.043422 -0.598324 0.800077  0.256395 0.951328 1 2 1.000000
0  -4.260214 -5.417262 48.039280  -0.043423 -0.598322 0.800078  0.273550 0.951328 1 2 1.000000
barc_straps
0  -2.615753 -5.770450 47.860096  -0.041345 -0.606001 0.794389  0.279538 0.885393 1 2 1.000000
0  -1.685646 -5.347507 48.231159  -0.042273 -0.603447 0.796281  0.255731 0.851483 1 2 1.000000
0  -3.004387 -5.578908 47.985474  -0.042097 -0.602591 0.796939  0.273396 0.901562 1 2 1.000000
barc_straps
0  -2.615753 -5.770450 47.860096  -0.041345 -0.606001 0.794389  0.279538 0.885393 1 2 1.000000
0  -1.847490 -6.160182 47.601746  -0.040824 -0.606716 0.793869  0.292179 0.853369 1 2 1.000000
0  -1.766569 -5.753843 47.916454  -0.040824 -0.606718 0.793868  0.273955 0.852426 1 2 1.000000
barc_straps
0  -3.080807 -5.981923 47.674572  -0.040990 -0.605691 0.794644  0.291442 0.902349 1 2 1.000000
0  -3.004387 -5.578908 47.985474  -0.042097 -0.602591 0.796939  0.273396 0.901562 1 2 1.000000
0  -4.314123 -5.803662 47.747395  -0.041881 -0.601846 0.797513  0.290704 0.951328 1 2 1.000000
barc_straps
0  -7.869016 -1.108703 59.892593  -0.019292 -0.963757 0.266085  0.044816 0.485314 3 4 0.034629 36 0.000283 9 0.965088
0  -8.582023 -1.034499 60.035149  -0.070804 -0.956932 0.281547  0.022630 0.484172 3 4 0.016870 36 0.000441 9 0.982689
0  -8.587046 -1.058775 59.937511  -0.051595 -0.966903 0.249873  0.023300 0.481167 3 4 0.017670 36 0.000592 9 0.981738
barc_straps
0  -8.225498 -1.011420 60.203259  -0.050447 -0.942314 0.330906  0.031818 0.491976 3 4 0.016361 36 0.000579 9 0.983060
0  -8.543984 -0.774750 60.736019  -0.072321 -0.900323 0.429171  0.017776 0.506860 3 4 0.010303 36 0.000513 9 0.989184
0  -8.559187 -0.883059 60.458237  -0.091231 -0.932275 0.350058  0.019681 0.497817 3 4 0.013064 36 0.000530 9 0.986406
barc_straps
0  -7.951211 -0.397189 61.336929  0.021453 -0.794564 0.606802  0.030247 0.531897 3 4 0.009797 36 0.000247 9 0.989956
0  -8.497683 -0.257004 61.494476  -0.065619 -0.760077 0.646512  0.012995 0.535149 3 4 0.005973 36 0.000330 9 0.993697
0  -8.503815 -0.326186 61.394325  -0.047961 -0.826473 0.560930  0.013506 0.531449 3 4 0.006215 36 0.000410 9 0.993375
barc_straps
0  -8.235758 -0.236959 61.544613  -0.016980 -0.685633 0.727750  0.020515 0.538106 3 4 0.005681 36 0.000396 9 0.993923
0  -8.469193 0.207341 61.892902  -0.046295 -0.559146 0.827776  0.010666 0.554421 3 4 0.004165 36 0.000351 9 0.995484
0  -8.480150 0.024592 61.741158  -0.081688 -0.646134 0.758839  0.011539 0.546970 3 4 0.004769 36 0.000362 9 0.994869
barc_straps
0  -8.146330 3.887449 61.031464  -0.033477 0.837225 0.545833  0.034527 0.681272 3 4 0.003295 36 0.000173 9 0.996532
0  -8.446000 4.094503 60.561321  -0.072570 0.928290 0.364708  0.031239 0.699092 3 4 0.003608 36 0.000279 9 0.996113
0  -8.435395 3.948647 60.859867  -0.081925 0.887056 0.454335  0.028096 0.689313 3 4 0.003067 36 0.000275 9 0.996658
barc_straps
0  -8.212466 2.260678 62.198471  0.012347 0.279831 0.959970  0.018233 0.620717 3 4 0.002151 36 0.000232 9 0.997617
0  -8.408213 3.105833 61.845543  -0.011814 0.385625 0.922580  0.017038 0.649844 3 4 0.002104 36 0.000261 9 0.997635
0  -8.408885 2.854124 61.949669  0.002323 0.387122 0.922025  0.015651 0.641427 3 4 0.002072 36 0.000260 9 0.997668
barc_straps
0  -8.249057 1.174006 62.226368  0.008134 -0.212203 0.977192  0.015314 0.586962 3 4 0.002848 36 0.000266 9 0.996886
0  -8.418645 1.727281 62.269791  -0.044003 0.028067 0.998637  0.010375 0.604518 3 4 0.002278 36 0.000283 9 0.997439
0  -8.429813 1.299179 62.229614  -0.058074 -0.109635 0.992274  0.009920 0.590830 3 4 0.002620 36 0.000295 9 0.997085
barc_straps
0  -7.948855 -0.831009 60.718994  -0.036216 -0.890556 0.453430  0.035574 0.509990 3 4 0.012653 36 0.000336 9 0.987011
0  -8.528291 -0.596350 60.991901  -0.057182 -0.820259 0.569126  0.015839 0.516437 3 4 0.008322 36 0.000490 9 0.991188
0  -8.543984 -0.774750 60.736019  -0.072321 -0.900323 0.429171  0.017776 0.506860 3 4 0.010303 36 0.000513 9 0.989184
barc_straps
0  -8.103444 4.283241 60.037357  -0.041374 0.963994 0.262686  0.047303 0.711094 3 4 0.004200 36 0.000195 9 0.995605
0  -8.446000 4.094503 60.561321  -0.072570 0.928290 0.364708  0.031239 0.699092 3 4 0.003608 36 0.000279 9 0.996113
0  -8.004230 4.125851 60.569427  0.000220 0.928991 0.370101  0.043850 0.694478 3 4 0.005503 36 0.000204 9 0.994293
barc_straps
0  -7.906575 0.115589 61.861786  0.059631 -0.528242 0.846997  0.027656 0.553673 3 4 0.005209 36 0.000253 9 0.994538
0  -8.460603 0.430255 61.972713  -0.010468 -0.329165 0.944214  0.009987 0.561981 3 4 0.003716 36 0.000342 9 0.995942
0  -8.469193 0.207341 61.892902  -0.046295 -0.559146 0.827776  0.010666 0.554421 3 4 0.004165 36 0.000351 9 0.995484
barc_straps
0  -8.146330 3.887449 61.031464  -0.033477 0.837225 0.545833  0.034527 0.681272 3 4 0.003295 36 0.000173 9 0.996532
0  -8.410551 3.337569 61.685509  -0.011661 0.749719 0.661653  0.018814 0.658568 3 4 0.002242 36 0.000260 9 0.997498
0  -7.803291 3.758240 61.219322  0.040367 0.809148 0.586217  0.041856 0.671557 3 4 0.003145 36 0.000220 9 0.996635
barc_straps
0  -7.661136 3.231528 61.783524  0.057590 0.576349 0.815172  0.039203 0.648954 3 4 0.002852 36 0.000162 9 0.996986
0  -8.410551 3.337569 61.685509  -0.011661 0.749719 0.661653  0.018814 0.658568 3 4 0.002242 36 0.000260 9 0.997498
0  -8.407973 3.245823 61.784256  0.009316 0.450100 0.892930  0.017882 0.654508 3 4 0.002144 36 0.000261 9 0.997595
barc_straps
0  -7.864487 2.515028 62.099068  0.063615 0.282847 0.957053  0.029317 0.627561 3 4 0.002456 36 0.000187 9 0.997357
0  -8.407973 3.245823 61.784256  0.009316 0.450100 0.892930  0.017882 0.654508 3 4 0.002144 36 0.000261 9 0.997595
0  -8.408213 3.105833 61.845543  -0.011814 0.385625 0.922580  0.017038 0.649844 3 4 0.002104 36 0.000261 9 0.997635
barc_straps
0  -8.212466 2.260678 62.198471  0.012347 0.279831 0.959970  0.018233 0.620717 3 4 0.002151 36 0.000232 9 0.997617
0  -8.418645 1.727281 62.269791  -0.044003 0.028067 0.998637  0.010375 0.604518 3 4 0.002278 36 0.000283 9 0.997439
0  -8.106773 1.721773 62.283688  0.084359 0.021202 0.996210  0.019649 0.603819 3 4 0.002500 36 0.000228 9 0.997272
barc_straps
0  -8.249057 1.174006 62.226368  0.008134 -0.212203 0.977192  0.015314 0.586962 3 4 0.002848 36 0.000266 9 0.996886
0  -8.460603 0.430255 61.972713  -0.010468 -0.329165 0.944214  0.009987 0.561981 3 4 0.003716 36 0.000342 9 0.995942
0  -7.916399 0.888958 62.138596  0.048602 -0.287985 0.956401  0.025190 0.578075 3 4 0.004624 36 0.000194 9 0.995182
barc_straps
0  -8.473766 4.295452 59.864799  -0.064408 0.976153 0.207308  0.038782 0.720186 3 4 0.004428 36 0.000275 9 0.995297
0  -7.733497 4.358912 59.711155  -0.003118 0.977656 0.210189  0.061460 0.716232 3 4 0.007960 36 0.000158 9 0.991882
0  -8.477461 4.310622 59.777695  -0.046921 0.981167 0.187375  0.039701 0.722721 3 4 0.005539 36 0.000266 9 0.994195
barc_straps
0  -8.477461 4.310622 59.777695  -0.046921 0.981167 0.187375  0.180158 0.436993 3 4 0.005539 36 0.000266 9 0.994195
0  -8.450106 4.481290 58.895641  -0.030099 0.984259 0.174149  0.185537 0.459808 3 4 0.008500 36 0.000234 9 0.991266
0  -8.502903 4.425484 59.173161  -0.046826 0.980984 0.188355  0.182653 0.452488 1 9 1.000000
barc_straps
0  -7.861394 -0.822185 59.823704  0.020340 0.964660 -0.262713  0.164889 0.745062 3 4 0.034629 36 0.000283 9 0.965088
0  -8.561695 -0.749444 59.963146  0.071069 0.957109 -0.280876  0.177185 0.743507 3 4 0.017670 36 0.000592 9 0.981738
0  -8.211305 -0.728638 60.122688  0.051620 0.943246 -0.328059  0.172351 0.748133 3 4 0.016870 36 0.000441 9 0.982689
barc_straps
0  -8.211305 -0.728638 60.122688  0.051620 0.943246 -0.328059  0.172351 0.748133 3 4 0.016870 36 0.000441 9 0.982689
0  -8.523509 -0.510974 60.612171  0.074208 0.900479 -0.428521  0.180555 0.755245 3 4 0.013064 36 0.000530 9 0.986406
0  -7.935859 -0.563617 60.601158  0.036886 0.895799 -0.442926  0.170758 0.757827 3 4 0.012653 36 0.000336 9 0.987011
barc_straps
0  -7.948246 -0.162654 61.168720  -0.007431 0.758618 -0.651493  0.174528 0.768977 3 4 0.009797 36 0.000247 9 0.989956
0  -8.477790 -0.026844 61.322021  0.068205 0.762123 -0.643829  0.184144 0.770102 3 4 0.006215 36 0.000410 9 0.993375
0  -8.228798 -0.013188 61.364223  0.020901 0.692352 -0.721257  0.180161 0.771858 3 4 0.005973 36 0.000330 9 0.993697
barc_straps
0  -8.228798 -0.013188 61.364223  0.020901 0.692352 -0.721257  0.180161 0.771858 3 4 0.005973 36 0.000330 9 0.993697
0  -8.459671 0.358142 61.656025  0.051019 0.560579 -0.826528  0.186001 0.779143 3 4 0.004769 36 0.000362 9 0.994869
0  -7.912960 0.284080 61.635422  -0.045299 0.517336 -0.854583  0.176658 0.779719 3 4 0.005209 36 0.000253 9 0.994538
barc_straps
0  -8.143412 3.631410 60.894554  0.035466 -0.835769 -0.547934  0.178339 0.844093 3 4 0.003295 36 0.000173 9 0.996532
0  -8.429790 3.817676 60.467030  0.074824 -0.928887 -0.362727  0.181000 0.853175 3 4 0.003067 36 0.000275 9 0.996658
0  -8.001740 3.849352 60.472649  0.001189 -0.930102 -0.367299  0.173874 0.851235 3 4 0.005503 36 0.000204 9 0.994293
barc_straps
0  -8.219755 2.182667 61.933475  -0.007047 -0.288067 -0.957584  0.184509 0.812920 3 4 0.002151 36 0.000232 9 0.997617
0  -8.410131 2.981831 61.596188  0.022567 -0.378962 -0.925137  0.186406 0.828560 3 4 0.002072 36 0.000260 9 0.997668
0  -7.879172 2.420865 61.838955  -0.076280 -0.294643 -0.952558  0.178652 0.816994 3 4 0.002456 36 0.000187 9 0.997357
barc_straps
0  -8.253505 1.235330 61.957188  -0.003913 0.220311 -0.975422  0.184726 0.796100 3 4 0.002848 36 0.000266 9 0.996886
0  -8.406563 1.719175 61.995144  0.051249 -0.028027 -0.998293  0.187915 0.804634 3 4 0.002620 36 0.000295 9 0.997085
0  -8.118815 1.714458 62.009018  -0.082739 -0.021472 -0.996340  0.183029 0.804639 3 4 0.002500 36 0.000228 9 0.997272
barc_straps
0  -7.935859 -0.563617 60.601158  0.036886 0.895799 -0.442926  0.170758 0.757827 3 4 0.012653 36 0.000336 9 0.987011
0  -8.511022 -0.347982 60.842617  0.059723 0.819067 -0.570581  0.181942 0.760075 3 4 0.008322 36 0.000490 9 0.991188
0  -7.948246 -0.162654 61.168720  -0.007431 0.758618 -0.651493  0.174528 0.768977 3 4 0.009797 36 0.000247 9 0.989956
barc_straps
0  -8.098899 3.995516 59.974815  0.042712 -0.964423 -0.260892  0.172809 0.860183 3 4 0.004200 36 0.000195 9 0.995605
0  -8.429790 3.817676 60.467030  0.074824 -0.928887 -0.362727  0.181000 0.853175 3 4 0.003067 36 0.000275 9 0.996658
0  -8.440339 3.905371 60.179119  0.085914 -0.956569 -0.278558  0.179619 0.858263 3 4 0.005177 36 0.000263 9 0.994560
barc_straps
0  -7.912960 0.284080 61.635422  -0.045299 0.517336 -0.854583  0.176658 0.779719 3 4 0.005209 36 0.000253 9 0.994538
0  -8.457416 0.535608 61.715443  0.017064 0.323888 -0.945942  0.186643 0.782495 3 4 0.003716 36 0.000342 9 0.995942
0  -7.927723 0.966756 61.873310  -0.057305 0.233552 -0.970654  0.178886 0.791763 3 4 0.004624 36 0.000194 9 0.995182
barc_straps
0  -8.143412 3.631410 60.894554  0.035466 -0.835769 -0.547934  0.178339 0.844093 3 4 0.003295 36 0.000173 9 0.996532
0  -8.411902 3.110720 61.509628  0.017973 -0.755103 -0.655359  0.186060 0.831366 3 4 0.002242 36 0.000260 9 0.997498
0  -8.404283 3.216261 61.379417  0.024850 -0.766114 -0.642224  0.185262 0.834209 3 4 0.002757 36 0.000267 9 0.996976
barc_straps
0  -7.680396 3.054052 61.564701  -0.063237 -0.565282 -0.822470  0.174215 0.827983 3 4 0.002852 36 0.000162 9 0.996986
0  -8.411902 3.110720 61.509628  0.017973 -0.755103 -0.655359  0.186060 0.831366 3 4 0.002242 36 0.000260 9 0.997498
0  -7.808910 3.513465 61.065628  -0.038066 -0.810632 -0.584318  0.173817 0.839308 3 4 0.003145 36 0.000220 9 0.996635
barc_straps
0  -7.879172 2.420865 61.838955  -0.076280 -0.294643 -0.952558  0.178652 0.816994 3 4 0.002456 36 0.000187 9 0.997357
0  -8.412796 3.066456 61.566086  -0.001558 -0.430327 -0.902672  0.186284 0.830141 3 4 0.002144 36 0.000261 9 0.997595
0  -7.680396 3.054052 61.564701  -0.063237 -0.565282 -0.822470  0.174215 0.827983 3 4 0.002852 36 0.000162 9 0.996986
barc_straps
0  -8.219755 2.182667 61.933475  -0.007047 -0.288067 -0.957584  0.184509 0.812920 3 4 0.002151 36 0.000232 9 0.997617
0  -8.406563 1.719175 61.995144  0.051249 -0.028027 -0.998293  0.187915 0.804634 3 4 0.002620 36 0.000295 9 0.997085
0  -8.398085 2.085603 61.938343  0.064384 -0.167697 -0.983734  0.187587 0.811346 3 4 0.002010 36 0.000264 9 0.997726
barc_straps
0  -8.253505 1.235330 61.957188  -0.003913 0.220311 -0.975422  0.184726 0.796100 3 4 0.002848 36 0.000266 9 0.996886
0  -8.457416 0.535608 61.715443  0.017064 0.323888 -0.945942  0.186643 0.782495 3 4 0.003716 36 0.000342 9 0.995942
0  -8.442791 0.846852 61.819847  0.024218 0.322506 -0.946258  0.187087 0.788410 3 4 0.002757 36 0.000303 9 0.996940
barc_straps
0  -8.460035 4.005746 59.812641  0.064983 -0.976338 -0.206257  0.177938 0.864730 3 4 0.004428 36 0.000275 9 0.995297
0  -7.735525 4.068696 59.658829  0.004682 -0.978261 -0.207324  0.165191 0.863576 3 4 0.007960 36 0.000158 9 0.991882
0  -8.098899 3.995516 59.974815  0.042712 -0.964423 -0.260892  0.172809 0.860183 3 4 0.004200 36 0.000195 9 0.995605
barc_straps
0  -8.467938 4.019362 59.732147  0.047344 -0.981144 -0.187391  0.177635 0.866116 3 4 0.005539 36 0.000266 9 0.994195
0  -8.445082 4.189554 58.851772  0.030829 -0.984178 -0.174478  0.172222 0.880870 3 4 0.008500 36 0.000234 9 0.991266
0  -7.735525 4.068696 59.658829  0.004682 -0.978261 -0.207324  0.165191 0.863576 3 4 0.007960 36 0.000158 9 0.991882
barc_straps
0  -7.639305 4.514174 58.770962  -0.131417 0.138215 -0.981645  0.143029 0.703890 3 4 0.011333 36 0.000118 9 0.988549
0  -8.445082 4.189554 58.851772  -0.154428 0.139975 -0.978039  0.147370 0.720660 3 4 0.008500 36 0.000234 9 0.991266
0  -8.450106 4.481290 58.895641  -0.156106 0.144248 -0.977151  0.141295 0.719979 3 4 0.008500 36 0.000234 9 0.991266
barc_straps
0  -6.831910 4.502742 58.699821  -0.038164 0.139515 -0.989484  0.145503 0.688106 3 4 0.011489 36 0.000077 9 0.988434
0  -7.643332 4.221628 58.731209  -0.108775 0.138193 -0.984414  0.149085 0.704759 3 4 0.011333 36 0.000118 9 0.988549
0  -7.639305 4.514174 58.770962  -0.131417 0.138215 -0.981645  0.143029 0.703890 3 4 0.011333 36 0.000118 9 0.988549
barc_straps
0  -5.764479 -1.243462 59.143719  0.549019 -0.104609 -0.829238  0.267279 0.669392 4 4 0.054464 36 0.000019 3 0.002408 9 0.943109
0  -5.446253 -0.829639 59.354408  0.648489 -0.055036 -0.759232  0.259027 0.661509 4 4 0.046468 36 0.000008 3 0.004198 9 0.949326
0  -5.381087 -1.106813 59.423183  0.678219 -0.020931 -0.734562  0.264859 0.659925 4 4 0.046468 36 0.000008 3 0.004198 9 0.949326
barc_straps
0  -5.381087 -1.106813 59.423183  0.678219 -0.020931 -0.734562  0.264859 0.659925 4 4 0.046468 36 0.000008 3 0.004198 9 0.949326
0  -5.207732 -0.639339 59.601753  0.723474 0.009516 -0.690286  0.255416 0.654552 4 4 0.034914 36 0.000009 3 0.003915 9 0.961162
0  -5.088342 -0.871047 59.722572  0.747972 0.016020 -0.663537  0.260379 0.651443 4 4 0.034914 36 0.000009 3 0.003915 9 0.961162
barc_straps
0  -8.631806 -1.280156 59.073429  -0.158155 -0.192296 -0.968509  0.271267 0.727020 3 4 0.030870 36 0.000651 9 0.968479
0  -7.735690 -1.039244 58.879292  -0.131849 -0.191534 -0.972590  0.264580 0.709504 3 4 0.049707 36 0.000342 9 0.949951
0  -7.741508 -1.328823 58.936031  -0.105552 -0.189963 -0.976101  0.270684 0.709246 3 4 0.049707 36 0.000342 9 0.949951
barc_straps
0  -7.741508 -1.328823 58.936031  -0.105552 -0.189963 -0.976101  0.270684 0.709246 3 4 0.049707 36 0.000342 9 0.949951
0  -6.858669 -1.054875 58.812435  -0.023630 -0.192586 -0.980995  0.263603 0.692192 3 4 0.062474 36 0.000143 9 0.937383
0  -6.859017 -1.344379 58.869537  0.044632 -0.194602 -0.979866  0.269700 0.691828 3 4 0.062474 36 0.000143 9 0.937383
barc_straps
0  -6.228572 -1.319287 58.948959  0.306468 -0.177398 -0.935204  0.268717 0.679332 4 4 0.061393 36 0.000061 3 0.000211 9 0.938335
0  -5.788680 -0.955648 59.085529  0.484128 -0.142770 -0.863271  0.261237 0.670203 4 4 0.054464 36 0.000019 3 0.002408 9 0.943109
0  -5.764479 -1.243462 59.143719  0.549019 -0.104609 -0.829238  0.267279 0.669392 4 4 0.054464 36 0.000019 3 0.002408 9 0.943109
barc_straps
0  -6.859017 -1.344379 58.869537  0.044632 -0.194602 -0.979866  0.269700 0.691828 3 4 0.062474 36 0.000143 9 0.937383
0  -6.233472 -1.030317 58.889988  0.211761 -0.190244 -0.958626  0.262629 0.679803 4 4 0.061393 36 0.000061 3 0.000211 9 0.938335
0  -6.228572 -1.319287 58.948959  0.306468 -0.177398 -0.935204  0.268717 0.679332 4 4 0.061393 36 0.000061 3 0.000211 9 0.938335
barc_straps
0  -4.615272 1.563794 60.299320  0.706265 -0.047681 -0.706340  0.210637 0.634219 4 4 0.023878 36 0.000001 3 0.009371 9 0.966750
0  -4.830081 2.384471 60.016373  0.710118 -0.064579 -0.701114  0.193265 0.640295 4 4 0.018333 36 0.000001 3 0.008466 9 0.973200
0  -4.638332 2.434922 60.208206  0.714819 -0.070202 -0.695777  0.192489 0.634904 4 4 0.018333 36 0.000001 3 0.008466 9 0.973200
barc_straps
0  -4.767838 0.032966 60.169220  0.739866 0.021521 -0.672410  0.242154 0.639745 4 4 0.031007 36 0.000001 3 0.007537 9 0.961455
0  -4.854043 0.780611 60.084011  0.730047 -0.002857 -0.683391  0.226548 0.641350 4 4 0.022039 36 0.000003 3 0.006054 9 0.971904
0  -4.666318 0.741665 60.281483  0.716324 -0.014940 -0.697608  0.227625 0.636027 4 4 0.022039 36 0.000003 3 0.006054 9 0.971904
barc_straps
0  -4.638332 2.434922 60.208206  0.714819 -0.070202 -0.695777  0.192489 0.634904 4 4 0.018333 36 0.000001 3 0.008466 9 0.973200
0  -4.907224 3.101702 59.854328  0.718721 -0.093666 -0.688960  0.178197 0.642884 4 4 0.015193 36 0.000001 3 0.006866 9 0.977940
0  -4.723073 3.212330 60.031578  0.725857 -0.102558 -0.680157  0.176155 0.637739 4 4 0.015193 36 0.000001 3 0.006866 9 0.977940
barc_straps
0  -5.061537 4.102971 59.508041  0.728365 -0.081153 -0.680367  0.156945 0.648836 4 4 0.012963 36 0.000007 3 0.002857 9 0.984173
0  -5.416673 4.022670 59.140743  0.687257 -0.031240 -0.725742  0.158086 0.658979 4 4 0.017566 36 0.000006 3 0.002371 9 0.980057
0  -5.357612 4.306476 59.193031  0.646012 0.023745 -0.762958  0.152287 0.657125 4 4 0.017566 36 0.000006 3 0.002371 9 0.980057
barc_straps
0  -4.723073 3.212330 60.031578  0.725857 -0.102558 -0.680157  0.176155 0.637739 4 4 0.015193 36 0.000001 3 0.006866 9 0.977940
0  -5.019936 3.577670 59.641754  0.733688 -0.116594 -0.669409  0.168021 0.646932 4 4 0.014626 36 0.000002 3 0.005560 9 0.979812
0  -4.857083 3.753300 59.792866  0.736578 -0.111555 -0.667089  0.164602 0.642377 4 4 0.014626 36 0.000002 3 0.005560 9 0.979812
barc_straps
0  -5.357612 4.306476 59.193031  0.646012 0.023745 -0.762958  0.152287 0.657125 4 4 0.017566 36 0.000006 3 0.002371 9 0.980057
0  -5.768051 4.123266 58.870422  0.519848 0.077005 -0.850781  0.155550 0.667597 4 4 0.014894 36 0.000017 3 0.000669 9 0.984420
0  -5.743513 4.413597 58.917442  0.432836 0.112170 -0.894467  0.149570 0.666340 4 4 0.014894 36 0.000017 3 0.000669 9 0.984420
barc_straps
0  -4.666318 0.741665 60.281483  0.716324 -0.014940 -0.697608  0.227625 0.636027 4 4 0.022039 36 0.000003 3 0.006054 9 0.971904
0  -4.811001 1.558067 60.106136  0.709034 -0.037178 -0.704194  0.210487 0.639638 4 4 0.023878 36 0.000001 3 0.009371 9 0.966750
0  -4.615272 1.563794 60.299320  0.706265 -0.047681 -0.706340  0.210637 0.634219 4 4 0.023878 36 0.000001 3 0.009371 9 0.966750
barc_straps
0  -4.857083 3.753300 59.792866  0.736578 -0.111555 -0.667089  0.164602 0.642377 4 4 0.014626 36 0.000002 3 0.005560 9 0.979812
0  -5.183522 3.856006 59.416061  0.732664 -0.109696 -0.671692  0.161930 0.652070 4 4 0.012963 36 0.000007 3 0.002857 9 0.984173
0  -5.061537 4.102971 59.508041  0.728365 -0.081153 -0.680367  0.156945 0.648836 4 4 0.012963 36 0.000007 3 0.002857 9 0.984173
barc_straps
0  -5.743513 4.413597 58.917442  0.432836 0.112170 -0.894467  0.149570 0.666340 4 4 0.014894 36 0.000017 3 0.000669 9 0.984420
0  -6.230953 4.183134 58.703526  0.246923 0.140703 -0.958766  0.153537 0.677165 3 4 0.017147 36 0.000028 9 0.982825
0  -6.217457 4.474118 58.750847  0.161407 0.144345 -0.976275  0.147517 0.676107 3 4 0.017147 36 0.000028 9 0.982825
barc_straps
0  -6.217457 4.474118 58.750847  0.161407 0.144345 -0.976275  0.147517 0.676107 3 4 0.017147 36 0.000028 9 0.982825
0  -6.844646 4.210709 58.658165  0.016140 0.146119 -0.989135  0.151532 0.689140 3 4 0.011489 36 0.000077 9 0.988434
0  -6.831910 4.502742 58.699821  -0.038164 0.139515 -0.989484  0.145503 0.688106 3 4 0.011489 36 0.000077 9 0.988434
barc_straps
0  -4.896219 -0.497862 59.977085  0.779025 0.044660 -0.625401  0.252940 0.644805 4 4 0.035168 36 0.000002 3 0.006416 9 0.958414
0  -4.940596 0.136409 59.978649  0.764894 0.038506 -0.643004  0.239757 0.644701 4 4 0.031007 36 0.000001 3 0.007537 9 0.961455
0  -4.767838 0.032966 60.169220  0.739866 0.021521 -0.672410  0.242154 0.639745 4 4 0.031007 36 0.000001 3 0.007537 9 0.961455
barc_straps
0  -5.088342 -0.871047 59.722572  0.747972 0.016020 -0.663537  0.260379 0.651443 4 4 0.034914 36 0.000009 3 0.003915 9 0.961162
0  -5.042069 -0.339450 59.797104  0.777565 0.036153 -0.627763  0.249445 0.649212 4 4 0.035168 36 0.000002 3 0.006416 9 0.958414
0  -4.896219 -0.497862 59.977085  0.779025 0.044660 -0.625401  0.252940 0.644805 4 4 0.035168 36 0.000002 3 0.006416 9 0.958414
barc_straps
0  -8.480150 0.024592 61.741158  -0.996709 0.079230 -0.017160  0.048446 0.381850 3 4 0.004769 36 0.000362 9 0.994869
0  -8.477790 -0.026844 61.322021  -0.996106 0.087974 -0.005745  0.047009 0.394011 3 4 0.006215 36 0.000410 9 0.993375
0  -8.497683 -0.257004 61.494476  -0.996606 0.082262 0.003022  0.039919 0.389085 3 4 0.005973 36 0.000330 9 0.993697
barc_straps
0  -8.587046 -1.058775 59.937511  -0.997608 0.056361 0.040034  0.015754 0.434427 3 4 0.017670 36 0.000592 9 0.981738
0  -8.620789 -0.991616 59.012733  -0.997659 0.055136 0.040459  0.017952 0.461228 3 4 0.030870 36 0.000651 9 0.968479
0  -8.631806 -1.280156 59.073429  -0.998126 0.046487 0.039795  0.009137 0.459532 3 4 0.030870 36 0.000651 9 0.968479
barc_straps
0  -8.446000 4.094503 60.561321  -0.997792 -0.065393 0.011572  0.173164 0.414390 3 4 0.003608 36 0.000279 9 0.996113
0  -8.417476 3.681767 60.743793  -0.998067 -0.062102 -0.002586  0.160470 0.409304 3 4 0.003608 36 0.000279 9 0.996113
0  -8.435395 3.948647 60.859867  -0.998468 -0.055180 -0.004183  0.168569 0.405811 3 4 0.003067 36 0.000275 9 0.996658
barc_straps
0  -8.426420 3.810647 61.119305  -0.999246 -0.038807 0.001264  0.164238 0.398360 3 4 0.002377 36 0.000260 9 0.997363
0  -8.404283 3.216261 61.379417  -0.999446 -0.032291 -0.008068  0.145988 0.391108 3 4 0.002757 36 0.000267 9 0.996976
0  -8.414549 3.451297 61.545296  -0.999603 -0.026173 -0.010452  0.153084 0.386191 3 4 0.002757 36 0.000267 9 0.996976
barc_straps
0  -8.418645 1.727281 62.269791  -0.998617 0.020660 -0.048340  0.100220 0.365941 3 4 0.002278 36 0.000283 9 0.997439
0  -8.413558 1.334863 61.956951  -0.997998 0.038861 -0.049893  0.088379 0.375167 3 4 0.002278 36 0.000283 9 0.997439
0  -8.429813 1.299179 62.229614  -0.998046 0.042869 -0.045451  0.087180 0.367268 3 4 0.002620 36 0.000295 9 0.997085
barc_straps
0  -8.477461 4.310622 59.777695  -0.998340 -0.040927 0.040528  0.180158 0.436993 3 4 0.005539 36 0.000266 9 0.994195
0  -8.460035 4.005746 59.812641  -0.997557 -0.052974 0.045539  0.170834 0.436132 3 4 0.004428 36 0.000275 9 0.995297
0  -8.473766 4.295452 59.864799  -0.997717 -0.060333 0.030354  0.179650 0.434475 3 4 0.004428 36 0.000275 9 0.995297
barc_straps
0  -8.408885 2.854124 61.949669  -0.999919 -0.004924 -0.011776  0.134706 0.374739 3 4 0.002072 36 0.000260 9 0.997668
0  -8.404733 2.247257 61.905521  -0.999871 -0.011062 -0.011685  0.116224 0.376288 3 4 0.002073 36 0.000271 9 0.997656
0  -8.409990 2.348938 62.163445  -0.999649 -0.010265 -0.024403  0.119215 0.368769 3 4 0.002073 36 0.000271 9 0.997656
barc_straps
0  -8.458180 4.189494 60.251987  -0.997629 -0.066307 0.018438  0.176219 0.423307 3 4 0.005177 36 0.000263 9 0.994560
0  -8.429790 3.817676 60.467030  -0.997751 -0.064949 0.016540  0.164755 0.417257 3 4 0.003067 36 0.000275 9 0.996658
0  -8.446000 4.094503 60.561321  -0.997792 -0.065393 0.011572  0.173164 0.414390 3 4 0.003608 36 0.000279 9 0.996113
barc_straps
0  -8.503815 -0.326186 61.394325  -0.997514 0.069613 0.010956  0.037829 0.392006 3 4 0.006215 36 0.000410 9 0.993375
0  -8.511022 -0.347982 60.842617  -0.997481 0.070396 0.008742  0.037296 0.407998 3 4 0.008322 36 0.000490 9 0.991188
0  -8.528291 -0.596350 60.991901  -0.997115 0.075567 0.007152  0.029668 0.403742 3 4 0.008322 36 0.000490 9 0.991188
barc_straps
0  -8.435663 1.094647 62.199257  -0.998962 0.043224 -0.014385  0.080952 0.368219 3 4 0.003270 36 0.000323 9 0.996407
0  -8.442791 0.846852 61.819847  -0.998823 0.047534 -0.009608  0.073518 0.379297 3 4 0.002757 36 0.000303 9 0.996940
0  -8.448862 0.745583 62.078480  -0.999129 0.041587 -0.003514  0.070342 0.371838 3 4 0.002757 36 0.000303 9 0.996940
barc_straps
0  -8.435395 3.948647 60.859867  -0.998468 -0.055180 -0.004183  0.168569 0.405811 3 4 0.003067 36 0.000275 9 0.996658
0  -8.417977 3.564635 60.967663  -0.999123 -0.041772 -0.002937  0.156803 0.402871 3 4 0.002377 36 0.000260 9 0.997363
0  -8.426420 3.810647 61.119305  -0.999246 -0.038807 0.001264  0.164238 0.398360 3 4 0.002377 36 0.000260 9 0.997363
barc_straps
0  -8.543984 -0.774750 60.736019  -0.996281 0.085298 0.012204  0.024278 0.411205 3 4 0.010303 36 0.000513 9 0.989184
0  -8.534967 -0.605419 60.365147  -0.995405 0.092808 0.023581  0.029542 0.421905 3 4 0.010303 36 0.000513 9 0.989184
0  -8.559187 -0.883059 60.458237  -0.995700 0.088977 0.025776  0.021024 0.419286 3 4 0.013064 36 0.000530 9 0.986406
barc_straps
0  -8.528291 -0.596350 60.991901  -0.997115 0.075567 0.007152  0.029668 0.403742 3 4 0.008322 36 0.000490 9 0.991188
0  -8.523509 -0.510974 60.612171  -0.996879 0.078588 0.007553  0.032374 0.414720 3 4 0.013064 36 0.000530 9 0.986406
0  -8.543984 -0.774750 60.736019  -0.996281 0.085298 0.012204  0.024278 0.411205 3 4 0.010303 36 0.000513 9 0.989184
barc_straps
0  -8.409990 2.348938 62.163445  -0.999649 -0.010265 -0.024403  0.119215 0.368769 3 4 0.002073 36 0.000271 9 0.997656
0  -8.398085 2.085603 61.938343  -0.999051 -0.002499 -0.043495  0.111278 0.375411 3 4 0.002010 36 0.000264 9 0.997726
0  -8.412516 2.138117 62.208462  -0.998682 0.008781 -0.050576  0.112770 0.367552 3 4 0.002010 36 0.000264 9 0.997726
barc_straps
0  -8.414549 3.451297 61.545296  -0.999603 -0.026173 -0.010452  0.153084 0.386191 3 4 0.002757 36 0.000267 9 0.996976
0  -8.411902 3.110720 61.509628  -0.999861 -0.002822 -0.016422  0.142716 0.387376 3 4 0.002242 36 0.000260 9 0.997498
0  -8.410551 3.337569 61.685509  -0.999859 -0.003319 0.016443  0.149556 0.382178 3 4 0.002242 36 0.000260 9 0.997498
barc_straps
0  -8.429813 1.299179 62.229614  -0.998046 0.042869 -0.045451  0.087180 0.367268 3 4 0.002620 36 0.000295 9 0.997085
0  -8.426846 1.178048 61.935276  -0.998089 0.056374 -0.025318  0.083589 0.375841 3 4 0.003270 36 0.000323 9 0.996407
0  -8.435663 1.094647 62.199257  -0.998962 0.043224 -0.014385  0.080952 0.368219 3 4 0.003270 36 0.000323 9 0.996407
barc_straps
0  -8.502903 4.425484 59.173161  -0.999535 -0.029950 -0.005727  0.182653 0.452488 1 9 1.000000
0  -8.467938 4.019362 59.732147  -0.998521 -0.038852 0.038023  0.171298 0.438466 3 4 0.005539 36 0.000266 9 0.994195
0  -8.477461 4.310622 59.777695  -0.998340 -0.040927 0.040528  0.180158 0.436993 3 4 0.005539 36 0.000266 9 0.994195
barc_straps
0  -8.450106 4.481290 58.895641  -0.983652 0.003917 -0.180035  0.185537 0.459808 3 4 0.008500 36 0.000234 9 0.991266
0  -8.493578 4.134598 59.125614  -0.997375 -0.017497 -0.070262  0.175803 0.453936 1 9 1.000000
0  -8.502903 4.425484 59.173161  -0.999535 -0.029950 -0.005727  0.182653 0.452488 1 9 1.000000
barc_straps
0  -8.582023 -1.034499 60.035149  -0.996372 0.077298 0.035621  0.016479 0.431590 3 4 0.016870 36 0.000441 9 0.982689
0  -8.571054 -0.771306 59.873390  -0.996800 0.067105 0.043426  0.024545 0.436216 3 4 0.016361 36 0.000579 9 0.983060
0  -8.587046 -1.058775 59.937511  -0.997608 0.056361 0.040034  0.015754 0.434427 3 4 0.017670 36 0.000592 9 0.981738
barc_straps
0  -8.460603 0.430255 61.972713  -0.999403 0.034296 -0.004126  0.060757 0.375010 3 4 0.003716 36 0.000342 9 0.995942
0  -8.459671 0.358142 61.656025  -0.999498 0.028130 -0.014607  0.058662 0.384210 3 4 0.004769 36 0.000362 9 0.994869
0  -8.469193 0.207341 61.892902  -0.998518 0.050888 -0.019271  0.053982 0.377397 3 4 0.004165 36 0.000351 9 0.995484
barc_straps
0  -8.407973 3.245823 61.784256  -0.999813 -0.002896 0.019132  0.146717 0.379357 3 4 0.002144 36 0.000261 9 0.997595
0  -8.410131 2.981831 61.596188  -0.999864 -0.007269 0.014835  0.138749 0.384924 3 4 0.002072 36 0.000260 9 0.997668
0  -8.408213 3.105833 61.845543  -0.999992 -0.003050 0.002432  0.142424 0.377644 3 4 0.002104 36 0.000261 9 0.997635
barc_straps
0  -8.448862 0.745583 62.078480  -0.999129 0.041587 -0.003514  0.070342 0.371838 3 4 0.002757 36 0.000303 9 0.996940
0  -8.457416 0.535608 61.715443  -0.999361 0.035672 -0.002156  0.064053 0.382428 3 4 0.003716 36 0.000342 9 0.995942
0  -8.460603 0.430255 61.972713  -0.999403 0.034296 -0.004126  0.060757 0.375010 3 4 0.003716 36 0.000342 9 0.995942
barc_straps
0  -8.469193 0.207341 61.892902  -0.998518 0.050888 -0.019271  0.053982 0.377397 3 4 0.004165 36 0.000351 9 0.995484
0  -8.460033 0.222242 61.536823  -0.997423 0.068921 -0.019923  0.054558 0.387711 3 4 0.004165 36 0.000351 9 0.995484
0  -8.480150 0.024592 61.741158  -0.996709 0.079230 -0.017160  0.048446 0.381850 3 4 0.004769 36 0.000362 9 0.994869
barc_straps
0  -8.497683 -0.257004 61.494476  -0.996606 0.082262 0.003022  0.039919 0.389085 3 4 0.005973 36 0.000330 9 0.993697
0  -8.489131 -0.076809 61.246262  -0.997101 0.074259 0.016610  0.045482 0.396228 3 4 0.005681 36 0.000396 9 0.993923
0  -8.503815 -0.326186 61.394325  -0.997514 0.069613 0.010956  0.037829 0.392006 3 4 0.006215 36 0.000410 9 0.993375
barc_straps
0  -8.559187 -0.883059 60.458237  -0.995700 0.088977 0.025776  0.021024 0.419286 3 4 0.013064 36 0.000530 9 0.986406
0  -8.561695 -0.749444 59.963146  -0.995555 0.087815 0.034039  0.025208 0.433600 3 4 0.017670 36 0.000592 9 0.981738
0  -8.582023 -1.034499 60.035149  -0.996372 0.077298 0.035621  0.016479 0.431590 3 4 0.016870 36 0.000441 9 0.982689
barc_straps
0  -8.408213 3.105833 61.845543  -0.999992 -0.003050 0.002432  0.142424 0.377644 3 4 0.002104 36 0.000261 9 0.997635
0  -8.406460 2.734363 61.698536  -0.999979 -0.005916 -0.002527  0.131161 0.382069 3 4 0.002104 36 0.000261 9 0.997635
0  -8.408885 2.854124 61.949669  -0.999919 -0.004924 -0.011776  0.134706 0.374739 3 4 0.002072 36 0.000260 9 0.997668
barc_straps
0  -8.473766 4.295452 59.864799  -0.997717 -0.060333 0.030354  0.179650 0.434475 3 4 0.004428 36 0.000275 9 0.995297
0  -8.440339 3.905371 60.179119  -0.997674 -0.063007 0.026033  0.167575 0.425557 3 4 0.005177 36 0.000263 9 0.994560
0  -8.458180 4.189494 60.251987  -0.997629 -0.066307 0.018438  0.176219 0.423307 3 4 0.005177 36 0.000263 9 0.994560
barc_straps
0  -8.410551 3.337569 61.685509  -0.999859 -0.003319 0.016443  0.149556 0.382178 3 4 0.002242 36 0.000260 9 0.997498
0  -8.412796 3.066456 61.566086  -0.999804 -0.003443 0.019493  0.141342 0.385760 3 4 0.002144 36 0.000261 9 0.997595
0  -8.407973 3.245823 61.784256  -0.999813 -0.002896 0.019132  0.146717 0.379357 3 4 0.002144 36 0.000261 9 0.997595
barc_straps
0  -8.412516 2.138117 62.208462  -0.998682 0.008781 -0.050576  0.112770 0.367552 3 4 0.002010 36 0.000264 9 0.997726
0  -8.406563 1.719175 61.995144  -0.998724 0.015073 -0.048197  0.100083 0.373909 3 4 0.002620 36 0.000295 9 0.997085
0  -8.418645 1.727281 62.269791  -0.998617 0.020660 -0.048340  0.100220 0.365941 3 4 0.002278 36 0.000283 9 0.997439
barc_straps
0  -5.743915 -1.274983 61.644333  -0.986105 0.085339 -0.142530  0.528157 0.330004 2 4 0.999997 3 0.000003
0  -5.683892 -1.299537 61.214359  -0.984133 0.108172 -0.140644  0.515083 0.307883 2 4 0.999994 3 0.000006
0  -5.757742 -1.494063 61.546120  -0.964897 0.216255 -0.149020  0.535864 0.318065 2 4 0.999994 3 0.000006
barc_straps
0  -2.915591 -2.243737 61.611038  0.809986 0.474049 0.345254  0.529045 0.441593 1 4 1.000000
0  -3.004806 -1.823342 61.374573  0.905612 0.337009 0.257471  0.511032 0.432417 1 4 1.000000
0  -3.027937 -1.995687 61.725460  0.922958 0.317909 0.216987  0.526925 0.429606 1 4 1.000000
barc_straps
0  -0.367402 -3.757656 60.605114  0.996174 -0.016283 -0.085867  0.531871 0.577407 1 4 1.000000
0  -0.351389 -3.241308 60.606491  0.994819 -0.048473 -0.089362  0.516999 0.564389 1 4 1.000000
0  -0.361839 -3.543004 60.855946  0.997734 -0.065281 -0.016284  0.531977 0.564775 1 4 1.000000
barc_straps
0  -0.361839 -3.543004 60.855946  0.997734 -0.065281 -0.016284  0.531977 0.564775 1 4 1.000000
0  -0.325589 -3.156610 60.723484  0.993326 -0.107504 -0.041788  0.520471 0.560162 1 4 1.000000
0  -0.361640 -3.471094 60.954056  0.995752 -0.075216 0.053109  0.530008 0.560011 1 4 1.000000
barc_straps
0  -0.375222 -3.901788 60.472527  0.999720 0.023639 0.001102  0.532736 0.584856 1 4 1.000000
0  -0.404039 -3.484655 60.326740  0.996962 0.020999 -0.075008  0.516945 0.578717 1 4 1.000000
0  -0.367402 -3.757656 60.605114  0.996174 -0.016283 -0.085867  0.531871 0.577407 1 4 1.000000
barc_straps
0  -0.361640 -3.471094 60.954056  0.360328 0.568227 0.739785  0.530008 0.560011 1 4 1.000000
0  -0.541382 -3.106696 60.761711  0.349896 0.596081 0.722676  0.517417 0.551948 1 4 1.000000
0  -0.565647 -3.396134 61.024395  0.376056 0.624179 0.684823  0.533524 0.552971 1 4 1.000000
barc_straps
0  -0.656312 -6.514811 57.142410  0.564113 -0.539838 -0.624782  0.527424 0.750281 2 3 0.380958 4 0.619042
0  -0.462723 -6.147810 56.995930  0.552326 -0.543602 -0.632007  0.512742 0.742042 2 3 0.374417 4 0.625583
0  -0.489400 -6.455553 57.236633  0.550651 -0.543364 -0.633671  0.527714 0.742611 2 3 0.374417 4 0.625583
barc_straps
0  -0.565647 -3.396134 61.024395  0.376056 0.624179 0.684823  0.533524 0.552971 1 4 1.000000
0  -1.129074 -2.902442 60.867863  0.353898 0.637870 0.684016  0.517278 0.525937 1 4 1.000000
0  -1.167784 -3.169555 61.151608  0.367086 0.658703 0.656779  0.533417 0.525943 1 4 1.000000
barc_straps
0  -1.167784 -3.169555 61.151608  0.367086 0.658703 0.656779  0.533417 0.525943 1 4 1.000000
0  -1.329163 -2.840734 60.894356  0.403042 0.667397 0.626209  0.517154 0.517240 1 4 1.000000
0  -1.368103 -3.092563 61.191715  0.421262 0.665742 0.615895  0.533290 0.516947 1 4 1.000000
barc_straps
0  -0.766819 -6.556367 57.069798  0.583547 -0.535027 -0.610916  0.527051 0.755571 3 2 0.000002 3 0.449129 4 0.550869
0  -0.623299 -6.205608 56.904373  0.580796 -0.535225 -0.613359  0.512463 0.749446 2 3 0.380958 4 0.619042
0  -0.656312 -6.514811 57.142410  0.564113 -0.539838 -0.624782  0.527424 0.750281 2 3 0.380958 4 0.619042
barc_straps
0  -0.401079 -5.225550 58.869236  0.999855 -0.016951 -0.001530  0.531885 0.664407 2 4 0.988513 3 0.011487
0  -0.388943 -4.541293 59.082123  0.999818 -0.018686 -0.003787  0.517126 0.641296 1 4 1.000000
0  -0.393677 -4.842865 59.331913  0.999783 -0.020762 -0.001434  0.532109 0.641433 1 4 1.000000
barc_straps
0  -0.393677 -4.842865 59.331913  0.999783 -0.020762 -0.001434  0.532109 0.641433 1 4 1.000000
0  -0.377933 -4.163381 59.538242  0.999702 -0.024349 -0.001705  0.517326 0.618630 2 4 0.998476 3 0.001524
0  -0.386417 -4.463573 59.789597  0.999621 -0.027308 0.003550  0.532309 0.618690 2 4 0.998476 3 0.001524
barc_straps
0  -1.368103 -3.092563 61.191715  0.421262 0.665742 0.615895  0.533290 0.516947 1 4 1.000000
0  -2.454735 -2.352108 61.141121  0.455082 0.650384 0.608195  0.515603 0.465680 1 4 1.000000
0  -2.506104 -2.596783 61.442551  0.530554 0.634181 0.562429  0.531717 0.464779 1 4 1.000000
barc_straps
0  -1.098089 -6.672295 56.863522  0.557998 -0.527825 -0.640343  0.525958 0.771109 2 3 0.529757 4 0.470243
0  -0.728651 -6.245993 56.834061  0.564635 -0.528251 -0.634144  0.512105 0.754520 3 2 0.000002 3 0.449129 4 0.550869
0  -0.766819 -6.556367 57.069798  0.583547 -0.535027 -0.610916  0.527051 0.755571 3 2 0.000002 3 0.449129 4 0.550869
barc_straps
0  -0.489400 -6.455553 57.236633  0.996680 -0.081242 -0.005263  0.527714 0.742611 2 3 0.374417 4 0.625583
0  -0.451978 -5.993704 57.194340  0.995935 -0.087647 -0.020750  0.513112 0.732428 2 3 0.290264 4 0.709736
0  -0.473355 -6.306240 57.429340  0.995386 -0.091599 -0.028590  0.528071 0.733270 2 4 0.709736 3 0.290264
barc_straps
0  -0.408288 -5.509725 58.506248  0.999702 -0.024417 -0.000024  0.531240 0.682035 3 4 0.847441 2 0.000002 3 0.152557
0  -0.399288 -5.057019 58.456604  0.999831 -0.018323 0.001664  0.516775 0.672314 2 4 0.985903 3 0.014097
0  -0.403974 -5.365135 58.698273  0.999807 -0.019032 -0.004838  0.531749 0.672851 2 4 0.985903 3 0.014097
barc_straps
0  -0.473355 -6.306240 57.429340  0.995386 -0.091599 -0.028590  0.528071 0.733270 2 4 0.709736 3 0.290264
0  -0.396977 -5.594152 57.746532  0.996969 -0.077398 -0.007878  0.514945 0.706330 2 4 0.901802 3 0.098198
0  -0.419954 -5.907432 57.980389  0.998416 -0.056195 0.002860  0.529901 0.707229 2 4 0.901802 3 0.098198
barc_straps
0  -0.403974 -5.365135 58.698273  0.999807 -0.019032 -0.004838  0.531749 0.672851 2 4 0.985903 3 0.014097
0  -0.396482 -4.923084 58.620541  0.999848 -0.017238 -0.002523  0.516903 0.664215 2 4 0.988513 3 0.011487
0  -0.401079 -5.225550 58.869236  0.999855 -0.016951 -0.001530  0.531885 0.664407 2 4 0.988513 3 0.011487
barc_straps
0  -0.419954 -5.907432 57.980389  0.998416 -0.056195 0.002860  0.529901 0.707229 2 4 0.901802 3 0.098198
0  -0.399406 -5.195000 58.273365  0.999259 -0.033950 0.018119  0.516288 0.681077 3 4 0.847441 2 0.000002 3 0.152557
0  -0.408288 -5.509725 58.506248  0.999702 -0.024417 -0.000024  0.531240 0.682035 3 4 0.847441 2 0.000002 3 0.152557
barc_straps
0  -0.381739 -4.223842 60.079906  0.999815 -0.017481 0.008042  0.532462 0.604285 1 4 1.000000
0  -0.373499 -3.609390 60.212029  0.999633 0.004024 0.026782  0.517758 0.585255 1 4 1.000000
0  -0.375222 -3.901788 60.472527  0.999720 0.023639 0.001102  0.532736 0.584856 1 4 1.000000
barc_straps
0  -0.383956 -4.334168 59.945591  0.999511 -0.030070 0.008555  0.532375 0.610935 1 4 1.000000
0  -0.370428 -3.921369 59.831425  0.999583 -0.023449 0.016843  0.517480 0.604083 1 4 1.000000
0  -0.381739 -4.223842 60.079906  0.999815 -0.017481 0.008042  0.532462 0.604285 1 4 1.000000
barc_straps
0  -0.386417 -4.463573 59.789597  0.999621 -0.027308 0.003550  0.532309 0.618690 2 4 0.998476 3 0.001524
0  -0.372792 -4.032412 59.696228  0.999507 -0.031220 0.003316  0.517392 0.610776 1 4 1.000000
0  -0.383956 -4.334168 59.945591  0.999511 -0.030070 0.008555  0.532375 0.610935 1 4 1.000000
barc_straps
0  -2.506104 -2.596783 61.442551  0.530554 0.634181 0.562429  0.531717 0.464779 1 4 1.000000
0  -2.881641 -2.044959 61.275330  0.698109 0.547550 0.461338  0.513014 0.443462 1 4 1.000000
0  -2.915591 -2.243737 61.611038  0.809986 0.474049 0.345254  0.529045 0.441593 1 4 1.000000
barc_straps
0  -5.376390 -1.356114 61.674477  0.319690 0.874095 0.365727  0.323936 0.016690 2 4 0.999997 3 0.000003
0  -5.258618 -1.282262 61.364357  0.385031 0.668772 0.635999  0.331334 0.044847 2 4 0.999997 3 0.000003
0  -5.300906 -1.213502 61.317654  0.264857 0.826500 0.496739  0.325557 0.051159 2 4 0.999997 3 0.000003
barc_straps
0  -4.247130 -1.619056 61.823204  0.234188 0.935469 0.264676  0.429726 0.010552 2 4 0.999999 3 0.000001
0  -4.510120 -1.545334 61.726002  0.127526 0.899110 0.418735  0.404059 0.017616 1 4 1.000000
0  -4.484838 -1.581810 61.796623  0.173776 0.898952 0.402103  0.407529 0.010775 1 4 1.000000
barc_straps
0  -4.686347 -1.517834 61.768433  0.175399 0.921595 0.346264  0.387993 0.012476 1 4 1.000000
0  -4.848395 -1.458568 61.676800  0.141806 0.945274 0.293849  0.371848 0.019937 1 4 1.000000
0  -4.998368 -1.450092 61.721931  0.180431 0.969078 0.168323  0.358767 0.014539 2 4 0.999998 3 0.000002
barc_straps
0  -5.757742 -1.494063 61.546120  -0.964897 0.216255 -0.149020  0.535864 0.318065 2 4 0.999994 3 0.000006
0  -5.690282 -1.571032 60.991150  -0.941720 0.312706 -0.124007  0.521304 0.288064 2 4 0.999993 3 0.000007
0  -5.823318 -1.816357 61.265877  -0.898760 0.423293 -0.114249  0.543730 0.293773 2 4 0.999993 3 0.000007
barc_straps
0  -5.376390 -1.356114 61.674477  0.319690 0.874095 0.365727  0.516405 0.349066 2 4 0.999997 3 0.000003
0  -5.541575 -1.136437 61.304897  0.202360 0.888205 0.412482  0.503952 0.324865 2 4 0.999997 3 0.000003
0  -5.603443 -1.290310 61.659668  0.135099 0.899854 0.414742  0.523614 0.337069 2 4 0.999997 3 0.000003
barc_straps
0  -5.603443 -1.290310 61.659668  0.135099 0.899854 0.414742  0.523614 0.337069 2 4 0.999997 3 0.000003
0  -5.688193 -1.119353 61.289322  0.058974 0.911422 0.407224  0.508694 0.317487 2 4 0.999997 3 0.000003
0  -5.743915 -1.274983 61.644333  0.054861 0.911286 0.408104  0.528157 0.330004 2 4 0.999997 3 0.000003
barc_straps
0  -4.206204 -1.458235 61.468479  0.212649 0.648865 0.730585  0.427713 0.047210 2 4 0.999999 3 0.000001
0  -3.763240 -1.644129 61.467819  0.168886 0.655597 0.735983  0.470343 0.045708 1 4 1.000000
0  -3.692943 -1.618349 61.429897  0.262819 0.849297 0.457843  0.475776 0.051159 1 4 1.000000
barc_straps
0  -3.027937 -1.995687 61.725460  0.289941 0.852173 0.435587  0.526925 0.429606 1 4 1.000000
0  -3.692943 -1.618349 61.429897  0.262819 0.849297 0.457843  0.505863 0.403191 1 4 1.000000
0  -3.716591 -1.789445 61.781364  0.275267 0.888536 0.367058  0.521750 0.400344 1 4 1.000000
barc_straps
0  -3.692943 -1.618349 61.429897  0.262819 0.849297 0.457843  0.475776 0.051159 1 4 1.000000
0  -3.778816 -1.756833 61.699337  0.133125 0.951523 0.277276  0.473103 0.023392 1 4 1.000000
0  -3.716591 -1.789445 61.781364  0.275267 0.888536 0.367058  0.479964 0.016294 1 4 1.000000
barc_straps
0  -5.564819 -5.196350 56.175880  -0.442872 -0.808867 -0.386779  0.007704 0.213036 3 2 0.005940 3 0.745268 4 0.248792
0  -4.371403 -5.767432 56.284229  -0.413085 -0.910026 -0.034840  0.024406 0.262530 3 2 0.005940 3 0.745268 4 0.248792
0  -4.406155 -5.756252 56.404251  -0.395053 -0.918205 -0.028854  0.019440 0.263319 3 2 0.004484 3 0.653391 4 0.342125
barc_straps
0  -3.268480 -6.220695 56.604385  -0.119570 -0.855381 -0.504010  0.035416 0.309510 2 3 0.591534 4 0.408466
0  -3.442083 -5.867054 56.309139  0.363642 -0.204581 -0.908796  0.044842 0.291877 2 3 0.591534 4 0.408466
0  -3.133592 -5.892670 56.438362  0.180554 0.123323 -0.975803  0.052607 0.302872 2 3 0.591534 4 0.408466
barc_straps
0  -1.054121 -6.348532 56.647648  0.302873 0.352787 -0.885330  0.052607 0.302872 2 3 0.529757 4 0.470243
0  -2.044141 -6.232198 56.516537  0.199712 0.633144 -0.747826  0.035973 0.259207 2 3 0.529757 4 0.470243
0  -2.088356 -6.156393 56.568909  0.225696 0.639425 -0.734981  0.040507 0.257313 2 3 0.559699 4 0.440301
barc_straps
0  -5.874362 -4.592835 56.573204  -0.665868 0.173477 -0.725620  0.414632 0.625449 3 2 0.004416 3 0.662097 4 0.333487
0  -5.349232 -4.916076 56.007561  -0.676042 0.160263 -0.719223  0.392328 0.586007 3 2 0.005940 3 0.745268 4 0.248792
0  -5.564819 -5.196350 56.175880  -0.696380 0.109740 -0.709234  0.413306 0.582904 3 2 0.005940 3 0.745268 4 0.248792
barc_straps
0  -6.174967 -3.992444 56.998268  -0.639003 0.236654 -0.731895  0.416496 0.668441 4 2 0.000533 3 0.459881 4 0.536322 8 0.003264
0  -5.616649 -4.344361 56.414436  -0.641595 0.216240 -0.735933  0.393461 0.626655 3 2 0.004416 3 0.662097 4 0.333487
0  -5.874362 -4.592835 56.573204  -0.665868 0.173477 -0.725620  0.414632 0.625449 3 2 0.004416 3 0.662097 4 0.333487
barc_straps
0  -6.457690 -3.398287 57.478851  -0.642402 0.286588 -0.710765  0.419118 0.712485 3 2 0.002231 4 0.416438 3 0.581331
0  -5.906622 -3.749030 56.849606  -0.636041 0.264982 -0.724732  0.395318 0.669523 4 2 0.000533 3 0.460412 4 0.536943 8 0.002112
0  -6.174967 -3.992444 56.998268  -0.639003 0.236654 -0.731895  0.416496 0.668441 4 2 0.000533 3 0.459881 4 0.536322 8 0.003264
barc_straps
0  -6.731477 -2.807250 57.987183  -0.635108 0.323039 -0.701629  0.422100 0.757126 2 4 0.921756 3 0.078244
0  -6.189075 -3.150462 57.338177  -0.635925 0.310236 -0.706649  0.397966 0.713991 3 2 0.002231 4 0.416438 3 0.581331
0  -6.457690 -3.398287 57.478851  -0.642402 0.286588 -0.710765  0.419118 0.712485 3 2 0.002231 4 0.416438 3 0.581331
barc_straps
0  -1.098089 -6.672295 56.863522  0.204386 -0.874156 -0.440542  0.035416 0.309510 2 3 0.529757 4 0.470243
0  -1.204222 -6.388238 56.580479  0.429922 -0.108940 -0.896270  0.044842 0.291877 2 3 0.559699 4 0.440301
0  -1.054121 -6.348532 56.647648  0.302873 0.352787 -0.885330  0.052607 0.302872 2 3 0.529757 4 0.470243
barc_straps
0  -6.208008 -2.563234 59.880974  -0.740891 0.671241 0.022717  0.546295 0.197927 2 4 0.998956 3 0.001044
0  -6.197138 -2.463391 58.854820  -0.706812 0.702889 0.079779  0.512341 0.147338 2 4 0.794417 3 0.205583
0  -6.462151 -2.730356 58.963730  -0.676069 0.729947 0.100540  0.534854 0.141980 2 4 0.794417 3 0.205583
barc_straps
0  -6.462151 -2.730356 58.963730  -0.676069 0.729947 0.100540  0.534854 0.141980 2 4 0.794417 3 0.205583
0  -6.459110 -2.551364 57.870132  -0.666334 0.736156 0.118635  0.496256 0.089083 2 4 0.921756 3 0.078244
0  -6.731477 -2.807250 57.987183  -0.651643 0.748852 0.120755  0.518858 0.084118 2 4 0.921756 3 0.078244
barc_straps
0  -5.984238 -2.215659 60.679592  -0.825110 0.560897 -0.067737  0.548250 0.251030 2 4 0.987899 3 0.012101
0  -5.977648 -2.290494 59.720016  -0.790074 0.612845 -0.014265  0.523242 0.199946 2 4 0.998956 3 0.001044
0  -6.208008 -2.563234 59.880974  -0.740891 0.671241 0.022717  0.546295 0.197927 2 4 0.998956 3 0.001044
barc_straps
0  -5.823318 -1.816357 61.265877  -0.898760 0.423293 -0.114249  0.543730 0.293773 2 4 0.999993 3 0.000007
0  -5.798355 -1.943842 60.467632  -0.870420 0.485729 -0.080228  0.525144 0.249745 2 4 0.987898 3 0.012102
0  -5.984238 -2.215659 60.679592  -0.825110 0.560897 -0.067737  0.548250 0.251030 2 4 0.987899 3 0.012101
barc_straps
0  -5.217547 -5.358548 56.117455  -0.460697 -0.782770 0.418365  0.369759 0.820360 3 2 0.004484 3 0.653391 4 0.342125
0  -4.377475 -5.850945 56.121284  -0.442953 -0.791051 0.421938  0.369795 0.757136 3 2 0.005940 3 0.745268 4 0.248792
0  -4.371403 -5.767432 56.284229  -0.424384 -0.799293 0.425474  0.383276 0.757640 3 2 0.005940 3 0.745268 4 0.248792
barc_straps
0  -4.247200 -5.538706 56.165710  0.441943 0.791527 -0.422103  0.334417 0.755199 3 2 0.004484 3 0.653391 4 0.342125
0  -5.066179 -5.237386 55.831593  0.459093 0.783537 -0.418692  0.348457 0.805958 3 2 0.004484 3 0.653391 4 0.342125
0  -5.060109 -5.153872 55.994537  0.459091 0.783539 -0.418691  0.339157 0.821282 3 2 0.005940 3 0.745268 4 0.248792
barc_straps
0  -3.133592 -5.892670 56.438362  0.180554 0.123323 -0.975803  0.052607 0.302872 2 3 0.591534 4 0.408466
0  -4.247200 -5.538706 56.165710  0.375413 0.550662 -0.745544  0.035973 0.259207 3 2 0.004484 3 0.653391 4 0.342125
0  -4.236073 -5.443047 56.241966  0.392377 0.545013 -0.740946  0.040507 0.257313 3 2 0.004484 3 0.653391 4 0.342125
barc_straps
0  -4.406155 -5.756252 56.404251  -0.395053 -0.918205 -0.028854  0.019440 0.263319 3 2 0.004484 3 0.653391 4 0.342125
0  -3.540587 -6.106603 56.430382  -0.227764 -0.938592 -0.259170  0.035299 0.295146 2 3 0.591534 4 0.408466
0  -3.268480 -6.220695 56.604385  -0.119570 -0.855381 -0.504010  0.035416 0.309510 2 3 0.591534 4 0.408466
barc_straps
0  -5.349232 -4.916076 56.007561  -0.038114 0.008417 -0.999238  0.026103 0.209976 3 2 0.005940 3 0.745268 4 0.248792
0  -5.217547 -5.358548 56.117455  -0.389647 -0.575049 -0.719370  0.015908 0.226595 3 2 0.004484 3 0.653391 4 0.342125
0  -5.564819 -5.196350 56.175880  -0.442872 -0.808867 -0.386779  0.007704 0.213036 3 2 0.005940 3 0.745268 4 0.248792
barc_straps
0  -4.236073 -5.443047 56.241966  0.392377 0.545013 -0.740946  0.040507 0.257313 3 2 0.004484 3 0.653391 4 0.342125
0  -5.060109 -5.153872 55.994537  0.238860 0.340237 -0.909497  0.026075 0.225561 3 2 0.005940 3 0.745268 4 0.248792
0  -5.349232 -4.916076 56.007561  -0.038114 0.008417 -0.999238  0.026103 0.209976 3 2 0.005940 3 0.745268 4 0.248792
barc_straps
0  -5.223618 -5.442062 55.954514  -0.042367 -0.465062 -0.884264  0.360547 0.807866 3 2 0.004484 3 0.653391 4 0.342125
0  -4.253269 -5.622221 56.002773  -0.036562 -0.460114 -0.887107  0.347963 0.755944 3 2 0.005940 3 0.745268 4 0.248792
0  -4.377475 -5.850945 56.121284  -0.028614 -0.445482 -0.894834  0.369795 0.757136 3 2 0.005940 3 0.745268 4 0.248792
barc_straps
0  -4.377475 -5.850945 56.121284  -0.028614 -0.445482 -0.894834  0.369795 0.757136 3 2 0.005940 3 0.745268 4 0.248792
0  -3.448152 -5.950570 56.146198  -0.023891 -0.446574 -0.894428  0.356050 0.708154 2 3 0.591534 4 0.408466
0  -3.546659 -6.190119 56.267441  -0.023539 -0.443732 -0.895850  0.368457 0.708891 2 3 0.591534 4 0.408466
barc_straps
0  -5.060109 -5.153872 55.994537  -0.833084 0.504239 -0.227406  0.339157 0.821282 3 2 0.005940 3 0.745268 4 0.248792
0  -5.223618 -5.442062 55.954514  -0.833083 0.504241 -0.227408  0.360547 0.807866 3 2 0.004484 3 0.653391 4 0.342125
0  -5.217547 -5.358548 56.117455  -0.833081 0.504243 -0.227410  0.369759 0.820360 3 2 0.004484 3 0.653391 4 0.342125
barc_straps
0  -3.442083 -5.867054 56.309139  0.405596 0.807207 -0.428845  0.346628 0.696091 2 3 0.591534 4 0.408466
0  -4.253269 -5.622221 56.002773  0.424090 0.799394 -0.425577  0.347963 0.755944 3 2 0.005940 3 0.745268 4 0.248792
0  -4.247200 -5.538706 56.165710  0.441943 0.791527 -0.422103  0.334417 0.755199 3 2 0.004484 3 0.653391 4 0.342125
barc_straps
0  -4.371403 -5.767432 56.284229  -0.424384 -0.799293 0.425474  0.383276 0.757640 3 2 0.005940 3 0.745268 4 0.248792
0  -3.546659 -6.190119 56.267441  -0.405098 -0.807411 0.428932  0.368457 0.708891 2 3 0.591534 4 0.408466
0  -3.540587 -6.106603 56.430382  -0.405102 -0.807408 0.428934  0.376977 0.692939 2 3 0.591534 4 0.408466
barc_straps
0  -3.540587 -6.106603 56.430382  0.938401 -0.320451 0.129283  0.376977 0.692939 2 3 0.591534 4 0.408466
0  -3.448152 -5.950570 56.146198  0.938401 -0.320449 0.129288  0.356050 0.708154 2 3 0.591534 4 0.408466
0  -3.442083 -5.867054 56.309139  0.938402 -0.320446 0.129294  0.346628 0.696091 2 3 0.591534 4 0.408466
barc_straps
0  -3.002540 -6.284421 56.545349  -0.271328 -0.840531 0.468923  0.369759 0.820360 2 3 0.591534 4 0.408466
0  -2.114286 -6.631569 56.437050  -0.246204 -0.846488 0.472061  0.369795 0.757136 2 3 0.591534 4 0.408466
0  -2.112712 -6.506559 56.662037  -0.220143 -0.852028 0.474958  0.383276 0.757640 2 3 0.559699 4 0.440301
barc_straps
0  -2.044141 -6.232198 56.516537  0.246257 0.846476 -0.472055  0.334417 0.755199 2 3 0.529757 4 0.470243
0  -2.894571 -6.143037 56.185528  0.270687 0.840695 -0.469000  0.348457 0.805958 2 3 0.559699 4 0.440301
0  -2.892996 -6.018028 56.410522  0.270687 0.840696 -0.468998  0.339157 0.821282 2 3 0.591534 4 0.408466
barc_straps
0  -3.268480 -6.220695 56.604385  -0.119570 -0.855381 -0.504010  0.007704 0.213036 2 3 0.591534 4 0.408466
0  -2.112712 -6.506559 56.662037  -0.217188 -0.976059 -0.011728  0.024406 0.262530 2 3 0.559699 4 0.440301
0  -2.172790 -6.494226 56.748074  -0.192943 -0.981192 0.005944  0.019440 0.263319 2 3 0.559699 4 0.440301
barc_straps
0  -3.133592 -5.892670 56.438362  0.180554 0.123323 -0.975803  0.026103 0.209976 2 3 0.591534 4 0.408466
0  -3.002540 -6.284421 56.545349  -0.308410 -0.615070 -0.725653  0.015908 0.226595 2 3 0.591534 4 0.408466
0  -3.268480 -6.220695 56.604385  -0.119570 -0.855381 -0.504010  0.007704 0.213036 2 3 0.591534 4 0.408466
barc_straps
0  -2.172790 -6.494226 56.748074  -0.192943 -0.981192 0.005944  0.019440 0.263319 2 3 0.559699 4 0.440301
0  -1.239930 -6.651173 56.755795  -0.026915 -0.987046 -0.158164  0.035299 0.295146 2 3 0.529757 4 0.470243
0  -1.098089 -6.672295 56.863522  0.204386 -0.874156 -0.440542  0.035416 0.309510 2 3 0.529757 4 0.470243
barc_straps
0  -2.088356 -6.156393 56.568909  0.225696 0.639425 -0.734981  0.040507 0.257313 2 3 0.559699 4 0.440301
0  -2.892996 -6.018028 56.410522  0.086088 0.370583 -0.924801  0.026075 0.225561 2 3 0.591534 4 0.408466
0  -3.133592 -5.892670 56.438362  0.180554 0.123323 -0.975803  0.026103 0.209976 2 3 0.591534 4 0.408466
barc_straps
0  -3.004115 -6.409434 56.320358  -0.001645 -0.459786 -0.888028  0.360547 0.807866 2 3 0.559699 4 0.440301
0  -2.045717 -6.357211 56.291546  -0.007256 -0.461465 -0.887129  0.347963 0.755944 2 3 0.591534 4 0.408466
0  -2.114286 -6.631569 56.437050  -0.007290 -0.496413 -0.868056  0.369795 0.757136 2 3 0.591534 4 0.408466
barc_straps
0  -2.114286 -6.631569 56.437050  -0.007290 -0.496413 -0.868056  0.369795 0.757136 2 3 0.591534 4 0.408466
0  -1.205800 -6.513250 56.355488  -0.010593 -0.511104 -0.859454  0.356050 0.708154 2 3 0.529757 4 0.470243
0  -1.241506 -6.776186 56.530807  -0.002496 -0.554526 -0.832162  0.368457 0.708891 2 3 0.529757 4 0.470243
barc_straps
0  -1.239930 -6.651173 56.755795  0.993563 -0.101838 0.049622  0.376977 0.692939 2 3 0.529757 4 0.470243
0  -1.205800 -6.513250 56.355488  0.993563 -0.101839 0.049622  0.356050 0.708154 2 3 0.529757 4 0.470243
0  -1.204222 -6.388238 56.580479  0.993562 -0.101842 0.049621  0.346628 0.696091 2 3 0.559699 4 0.440301
barc_straps
0  -1.204222 -6.388238 56.580479  0.195494 0.856682 -0.477366  0.346628 0.696091 2 3 0.559699 4 0.440301
0  -2.045717 -6.357211 56.291546  0.221244 0.851848 -0.474769  0.347963 0.755944 2 3 0.591534 4 0.408466
0  -2.044141 -6.232198 56.516537  0.246257 0.846476 -0.472055  0.334417 0.755199 2 3 0.529757 4 0.470243
barc_straps
0  -2.112712 -6.506559 56.662037  -0.220143 -0.852028 0.474958  0.383276 0.757640 2 3 0.559699 4 0.440301
0  -1.241506 -6.776186 56.530807  -0.193318 -0.857059 0.477576  0.368457 0.708891 2 3 0.529757 4 0.470243
0  -1.239930 -6.651173 56.755795  -0.193320 -0.857057 0.477578  0.376977 0.692939 2 3 0.529757 4 0.470243
barc_straps
0  -2.892996 -6.018028 56.410522  -0.938780 0.303902 -0.162284  0.339157 0.821282 2 3 0.591534 4 0.408466
0  -3.004115 -6.409434 56.320358  -0.938780 0.303902 -0.162285  0.360547 0.807866 2 3 0.559699 4 0.440301
0  -3.002540 -6.284421 56.545349  -0.938779 0.303901 -0.162289  0.369759 0.820360 2 3 0.591534 4 0.408466
barc_straps
0  -4.353532 -1.569868 61.743504  -0.094544 -0.391196 0.915438  0.433661 0.675594 1 4 1.000000
0  -4.458397 -1.291118 61.839973  -0.185171 -0.370413 0.910223  0.439429 0.692227 1 4 1.000000
0  -4.510120 -1.545334 61.726002  -0.211231 -0.363761 0.907226  0.432927 0.692380 1 4 1.000000
barc_straps
0  -4.848395 -1.458568 61.676800  -0.216868 -0.362275 0.906491  0.436119 0.729275 1 4 1.000000
0  -5.256620 -1.121990 61.713375  -0.217385 -0.362145 0.906419  0.448992 0.761034 1 4 1.000000
0  -5.308343 -1.376204 61.599403  -0.217388 -0.362145 0.906418  0.444153 0.766713 2 4 0.999997 3 0.000003
barc_straps
0  -4.585385 -1.412418 61.472893  0.228449 0.359199 -0.904868  0.474636 0.705914 1 4 1.000000
0  -4.406495 -1.198361 61.604927  0.215355 0.362685 -0.906687  0.467014 0.691181 1 4 1.000000
0  -4.458217 -1.452577 61.490952  0.189587 0.369315 -0.909760  0.473814 0.691227 1 4 1.000000
barc_straps
0  -4.326575 -1.463931 61.509842  0.069666 0.396273 -0.915486  0.471702 0.673455 1 4 1.000000
0  -3.711515 -1.389913 61.581787  0.059130 0.398331 -0.915334  0.462237 0.635698 1 4 1.000000
0  -3.763240 -1.644129 61.467819  0.059131 0.398325 -0.915337  0.467224 0.630859 1 4 1.000000
barc_straps
0  -4.642857 -1.503190 61.707428  -0.220330 -0.361372 0.906016  0.433854 0.707347 1 4 1.000000
0  -4.796671 -1.204352 61.790771  -0.215590 -0.362617 0.906658  0.442592 0.728364 2 4 0.999997 3 0.000003
0  -4.848395 -1.458568 61.676800  -0.216868 -0.362275 0.906491  0.436119 0.729275 1 4 1.000000
barc_straps
0  -4.998368 -1.450092 61.721931  0.180431 0.969078 0.168323  0.358767 0.014539 2 4 0.999998 3 0.000002
0  -5.308343 -1.376204 61.599403  0.297295 0.937633 0.180168  0.330539 0.023365 2 4 0.999997 3 0.000003
0  -5.376390 -1.356114 61.674477  0.319690 0.874095 0.365727  0.323936 0.016690 2 4 0.999997 3 0.000003
barc_straps
0  -4.917676 -1.312506 61.364269  0.151989 0.900666 0.407062  0.360750 0.049745 2 4 0.999998 3 0.000002
0  -4.585385 -1.412418 61.472893  0.139606 0.885836 0.442498  0.392756 0.042419 1 4 1.000000
0  -4.599097 -1.380033 61.412388  0.169732 0.884352 0.434870  0.390417 0.048330 1 4 1.000000
barc_straps
0  -4.406050 -1.440998 61.439804  0.113234 0.937919 0.327850  0.409056 0.046950 1 4 1.000000
0  -4.326575 -1.463931 61.509842  0.175293 0.768063 0.615915  0.417455 0.041492 1 4 1.000000
0  -4.206204 -1.458235 61.468479  0.212649 0.648865 0.730585  0.427713 0.047210 2 4 0.999999 3 0.000001
barc_straps
0  -4.484838 -1.581810 61.796623  0.173776 0.898952 0.402103  0.407529 0.010775 1 4 1.000000
0  -4.642857 -1.503190 61.707428  0.202095 0.909820 0.362471  0.391178 0.018719 1 4 1.000000
0  -4.686347 -1.517834 61.768433  0.175399 0.921595 0.346264  0.387993 0.012476 1 4 1.000000
barc_straps
0  -5.300906 -1.213502 61.317654  0.264857 0.826500 0.496739  0.325557 0.051159 2 4 0.999997 3 0.000003
0  -4.795239 -1.367936 61.441193  0.077540 0.778579 0.622737  0.373072 0.043426 1 4 1.000000
0  -4.917676 -1.312506 61.364269  0.151989 0.900666 0.407062  0.360750 0.049745 2 4 0.999998 3 0.000002
barc_straps
0  -4.599097 -1.380033 61.412388  0.169732 0.884352 0.434870  0.390417 0.048330 1 4 1.000000
0  -4.458217 -1.452577 61.490952  0.171895 0.908448 0.381017  0.405090 0.041448 1 4 1.000000
0  -4.406050 -1.440998 61.439804  0.113234 0.937919 0.327850  0.409056 0.046950 1 4 1.000000
barc_straps
0  -3.716591 -1.789445 61.781364  0.275267 0.888536 0.367058  0.479964 0.016294 1 4 1.000000
0  -4.353532 -1.569868 61.743504  0.293448 0.939486 0.176788  0.418746 0.017468 1 4 1.000000
0  -4.247130 -1.619056 61.823204  0.234188 0.935469 0.264676  0.429726 0.010552 2 4 0.999999 3 0.000001
barc_straps
0  -4.301809 -1.315653 61.857483  0.231193 0.878829 0.417384  0.440301 0.676698 1 4 1.000000
0  -4.406495 -1.198361 61.604927  0.114406 0.909257 0.400203  0.467014 0.691181 1 4 1.000000
0  -4.458397 -1.291118 61.839973  0.179806 0.900978 0.394852  0.439429 0.692227 1 4 1.000000
barc_straps
0  -4.458397 -1.291118 61.839973  0.179806 0.900978 0.394852  0.439429 0.692227 1 4 1.000000
0  -4.533659 -1.158202 61.586864  0.185579 0.900091 0.394203  0.467504 0.705591 1 4 1.000000
0  -4.591134 -1.248975 61.821404  0.159932 0.907435 0.388567  0.440732 0.707052 1 4 1.000000
barc_straps
0  -4.591134 -1.248975 61.821404  0.159932 0.907435 0.388567  0.440732 0.707052 1 4 1.000000
0  -4.743515 -1.113720 61.555168  0.121716 0.916493 0.381085  0.467654 0.727472 1 4 1.000000
0  -4.796671 -1.204352 61.790771  0.110132 0.917273 0.382728  0.442592 0.728364 2 4 0.999997 3 0.000003
barc_straps
0  -4.796671 -1.204352 61.790771  0.110132 0.917273 0.382728  0.442592 0.728364 2 4 0.999997 3 0.000003
0  -5.206896 -1.028046 61.478329  0.103148 0.918114 0.382658  0.462214 0.759999 2 4 0.999997 3 0.000003
0  -5.256620 -1.121990 61.713375  0.098974 0.916628 0.387295  0.448992 0.761034 1 4 1.000000
barc_straps
0  -3.727093 -1.502618 61.813313  0.306677 0.850273 0.427768  0.447644 0.635471 1 4 1.000000
0  -4.274850 -1.209715 61.623817  0.278831 0.859664 0.428055  0.465020 0.676980 1 4 1.000000
0  -4.301809 -1.315653 61.857483  0.231193 0.878829 0.417384  0.440301 0.676698 1 4 1.000000
barc_straps
0  -4.795239 -1.367936 61.441193  0.215660 0.362602 -0.906648  0.474526 0.729369 1 4 1.000000
0  -4.533659 -1.158202 61.586864  0.220401 0.361345 -0.906009  0.467504 0.705591 1 4 1.000000
0  -4.585385 -1.412418 61.472893  0.228449 0.359199 -0.904868  0.474636 0.705914 1 4 1.000000
barc_straps
0  -5.308343 -1.376204 61.599403  -0.963950 0.243857 -0.106462  0.444153 0.766713 2 4 0.999997 3 0.000003
0  -5.206896 -1.028046 61.478329  -0.963950 0.243857 -0.106462  0.462214 0.759999 2 4 0.999997 3 0.000003
0  -5.258618 -1.282262 61.364357  -0.963951 0.243853 -0.106465  0.468954 0.764108 2 4 0.999997 3 0.000003
barc_straps
0  -3.778816 -1.756833 61.699337  -0.059231 -0.398331 0.915327  0.441585 0.631374 1 4 1.000000
0  -4.301809 -1.315653 61.857483  -0.071149 -0.395986 0.915496  0.440301 0.676698 1 4 1.000000
0  -4.353532 -1.569868 61.743504  -0.094544 -0.391196 0.915438  0.433661 0.675594 1 4 1.000000
barc_straps
0  -4.510120 -1.545334 61.726002  -0.211231 -0.363761 0.907226  0.432927 0.692380 1 4 1.000000
0  -4.591134 -1.248975 61.821404  -0.228359 -0.359230 0.904879  0.440732 0.707052 1 4 1.000000
0  -4.642857 -1.503190 61.707428  -0.220330 -0.361372 0.906016  0.433854 0.707347 1 4 1.000000
barc_straps
0  -5.258618 -1.282262 61.364357  0.217270 0.362177 -0.906433  0.468954 0.764108 2 4 0.999997 3 0.000003
0  -4.743515 -1.113720 61.555168  0.216450 0.362396 -0.906542  0.467654 0.727472 1 4 1.000000
0  -4.795239 -1.367936 61.441193  0.215660 0.362602 -0.906648  0.474526 0.729369 1 4 1.000000
barc_straps
0  -4.458217 -1.452577 61.490952  0.189587 0.369315 -0.909760  0.473814 0.691227 1 4 1.000000
0  -4.274850 -1.209715 61.623817  0.091517 0.391827 -0.915476  0.465020 0.676980 1 4 1.000000
0  -4.326575 -1.463931 61.509842  0.069666 0.396273 -0.915486  0.471702 0.673455 1 4 1.000000
barc_straps
0  -3.763240 -1.644129 61.467819  0.981781 -0.188283 -0.025601  0.467224 0.630859 1 4 1.000000
0  -3.727093 -1.502618 61.813313  0.981781 -0.188283 -0.025601  0.447644 0.635471 1 4 1.000000
0  -3.778816 -1.756833 61.699337  0.981781 -0.188283 -0.025602  0.441585 0.631374 1 4 1.000000
barc_straps
0  3.080002 -5.488951 46.719772  0.181643 -0.948579 -0.259239  0.216687 0.676615 1 2 1.000000
0  3.598148 -5.385769 46.711685  0.184264 -0.946179 -0.266068  0.228502 0.668981 1 2 1.000000
0  3.613625 -5.614524 47.535896  0.172396 -0.943394 -0.283351  0.239906 0.688695 1 2 1.000000
barc_straps
0  2.561935 -5.592196 46.728165  0.181896 -0.951719 -0.247274  0.204878 0.684251 1 2 1.000000
0  3.080002 -5.488951 46.719772  0.181643 -0.948579 -0.259239  0.216687 0.676615 1 2 1.000000
0  3.096832 -5.690353 47.479465  0.170413 -0.945237 -0.278363  0.227261 0.694677 1 2 1.000000
barc_straps
0  2.043819 -5.695402 46.736382  0.177741 -0.955058 -0.237220  0.193064 0.691877 1 2 1.000000
0  2.561935 -5.592196 46.728165  0.181896 -0.951719 -0.247274  0.204878 0.684251 1 2 1.000000
0  2.580084 -5.766226 47.423332  0.170113 -0.947542 -0.270601  0.214618 0.700662 1 2 1.000000
barc_straps
0  3.096832 -5.690353 47.479465  0.170413 -0.945237 -0.278363  0.227261 0.694677 1 2 1.000000
0  3.613625 -5.614524 47.535896  0.172396 -0.943394 -0.283351  0.239906 0.688695 1 2 1.000000
0  3.538938 -6.077559 48.914783  0.160807 -0.943740 -0.288958  0.252397 0.711373 2 2 0.999597 3 0.000403
barc_straps
0  2.580084 -5.766226 47.423332  0.170113 -0.947542 -0.270601  0.214618 0.700662 1 2 1.000000
0  3.096832 -5.690353 47.479465  0.170413 -0.945237 -0.278363  0.227261 0.694677 1 2 1.000000
0  3.036654 -6.116874 48.765053  0.160856 -0.943678 -0.289133  0.238847 0.714874 2 2 0.999830 3 0.000170
barc_straps
0  2.063293 -5.842044 47.366940  0.167107 -0.950298 -0.262694  0.201972 0.706635 1 2 1.000000
0  2.580084 -5.766226 47.423332  0.170113 -0.947542 -0.270601  0.214618 0.700662 1 2 1.000000
0  2.534150 -6.156248 48.615852  0.160928 -0.943641 -0.289214  0.225298 0.718393 2 2 0.999936 3 0.000064
barc_straps
0  3.036654 -6.116874 48.765053  0.160856 -0.943678 -0.289133  0.238847 0.714874 2 2 0.999830 3 0.000170
0  3.538938 -6.077559 48.914783  0.160807 -0.943740 -0.288958  0.252397 0.711373 2 2 0.999597 3 0.000403
0  3.081777 -6.436676 49.897858  0.157247 -0.951826 -0.263251  0.258708 0.740499 2 2 0.913011 3 0.086989
barc_straps
0  2.534150 -6.156248 48.615852  0.160928 -0.943641 -0.289214  0.225298 0.718393 2 2 0.999936 3 0.000064
0  3.036654 -6.116874 48.765053  0.160856 -0.943678 -0.289133  0.238847 0.714874 2 2 0.999830 3 0.000170
0  2.593805 -6.461169 49.692989  0.154049 -0.953030 -0.260774  0.244748 0.742529 2 2 0.939576 3 0.060424
barc_straps
0  2.031875 -6.195566 48.466270  0.161081 -0.943644 -0.289118  0.211752 0.721905 2 2 0.999978 3 0.000022
0  2.534150 -6.156248 48.615852  0.160928 -0.943641 -0.289214  0.225298 0.718393 2 2 0.999936 3 0.000064
0  2.105596 -6.485677 49.488369  0.151733 -0.954864 -0.255366  0.230786 0.744567 2 2 0.962740 3 0.037260
barc_straps
0  2.593805 -6.461169 49.692989  0.154049 -0.953030 -0.260774  0.244748 0.742529 2 2 0.939576 3 0.060424
0  3.081777 -6.436676 49.897858  0.157247 -0.951826 -0.263251  0.258708 0.740499 2 2 0.913011 3 0.086989
0  1.914623 -7.007467 51.369690  0.071504 -0.978892 -0.191464  0.251103 0.796363 2 2 0.525980 3 0.474020
barc_straps
0  2.105596 -6.485677 49.488369  0.151733 -0.954864 -0.255366  0.230786 0.744567 2 2 0.962740 3 0.037260
0  2.593805 -6.461169 49.692989  0.154049 -0.953030 -0.260774  0.244748 0.742529 2 2 0.939576 3 0.060424
0  1.432375 -6.998699 51.158459  0.059813 -0.983419 -0.171198  0.237191 0.798160 2 2 0.557882 3 0.442118
barc_straps
0  1.617602 -6.510168 49.283535  0.147673 -0.957002 -0.249679  0.216824 0.746594 2 2 0.979975 3 0.020025
0  2.105596 -6.485677 49.488369  0.151733 -0.954864 -0.255366  0.230786 0.744567 2 2 0.962740 3 0.037260
0  0.949965 -6.989950 50.947685  0.056734 -0.984804 -0.164141  0.223278 0.799956 2 2 0.591898 3 0.408102
barc_straps
0  1.432375 -6.998699 51.158459  0.059813 -0.983419 -0.171198  0.237191 0.798160 2 2 0.557882 3 0.442118
0  1.914623 -7.007467 51.369690  0.071504 -0.978892 -0.191464  0.251103 0.796363 2 2 0.525980 3 0.474020
0  -0.093865 -7.221755 53.641037  -0.003617 -0.999732 -0.022874  0.235790 0.882177 3 2 0.069401 3 0.805468 4 0.125131
barc_straps
0  0.949965 -6.989950 50.947685  0.056734 -0.984804 -0.164141  0.223278 0.799956 2 2 0.591898 3 0.408102
0  1.432375 -6.998699 51.158459  0.059813 -0.983419 -0.171198  0.237191 0.798160 2 2 0.557882 3 0.442118
0  -0.581283 -7.215592 53.445938  -0.015952 -0.999852 -0.006365  0.221922 0.884025 3 2 0.082020 3 0.806969 4 0.111011
barc_straps
0  0.467745 -6.981172 50.736507  0.047012 -0.987854 -0.148104  0.209363 0.801724 2 2 0.626967 3 0.373033
0  0.949965 -6.989950 50.947685  0.056734 -0.984804 -0.164141  0.223278 0.799956 2 2 0.591898 3 0.408102
0  -1.069004 -7.209406 53.251289  -0.021365 -0.999734 0.008647  0.208053 0.885899 3 2 0.095793 3 0.806080 4 0.098127
barc_straps
0  -0.581283 -7.215592 53.445938  -0.015952 -0.999852 -0.006365  0.221922 0.884025 3 2 0.082020 3 0.806969 4 0.111011
0  -0.093865 -7.221755 53.641037  -0.003617 -0.999732 -0.022874  0.235790 0.882177 3 2 0.069401 3 0.805468 4 0.125131
0  -0.938565 -7.122427 54.925632  -0.139251 -0.984401 0.107536  0.234072 0.924911 3 2 0.009630 3 0.621371 4 0.368999
barc_straps
0  -1.069004 -7.209406 53.251289  -0.021365 -0.999734 0.008647  0.208053 0.885899 3 2 0.095793 3 0.806080 4 0.098127
0  -0.581283 -7.215592 53.445938  -0.015952 -0.999852 -0.006365  0.221922 0.884025 3 2 0.082020 3 0.806969 4 0.111011
0  -1.450178 -7.056672 54.813122  -0.155770 -0.977935 0.139207  0.220402 0.928186 3 2 0.011633 3 0.624336 4 0.364031
barc_straps
0  -1.556346 -7.203222 53.056137  -0.035048 -0.998893 0.031381  0.194193 0.887767 3 2 0.111010 3 0.802691 4 0.086299
0  -1.069004 -7.209406 53.251289  -0.021365 -0.999734 0.008647  0.208053 0.885899 3 2 0.095793 3 0.806080 4 0.098127
0  -1.961917 -6.990885 54.700821  -0.161239 -0.972562 0.167706  0.206731 0.931477 3 2 0.013930 3 0.627075 4 0.358995
barc_straps
0  -1.450178 -7.056672 54.813122  -0.155770 -0.977935 0.139207  0.220402 0.928186 3 2 0.011633 3 0.624336 4 0.364031
0  -0.938565 -7.122427 54.925632  -0.139251 -0.984401 0.107536  0.234072 0.924911 3 2 0.009630 3 0.621371 4 0.368999
0  -1.149488 -6.962188 55.497868  -0.201974 -0.951619 0.231578  0.239973 0.942977 3 2 0.001884 3 0.575215 4 0.422901
barc_straps
0  -1.961917 -6.990885 54.700821  -0.161239 -0.972562 0.167706  0.206731 0.931477 3 2 0.013930 3 0.627075 4 0.358995
0  -1.450178 -7.056672 54.813122  -0.155770 -0.977935 0.139207  0.220402 0.928186 3 2 0.011633 3 0.624336 4 0.364031
0  -1.666808 -6.862361 55.435478  -0.207690 -0.947572 0.242842  0.226520 0.947267 3 2 0.002264 3 0.575212 4 0.422524
barc_straps
0  -2.473516 -6.925129 54.588287  -0.174093 -0.965525 0.193527  0.193064 0.934769 3 2 0.016556 3 0.629948 4 0.353496
0  -1.961917 -6.990885 54.700821  -0.161239 -0.972562 0.167706  0.206731 0.931477 3 2 0.013930 3 0.627075 4 0.358995
0  -2.184117 -6.762550 55.373035  -0.209088 -0.944102 0.254859  0.213064 0.951558 3 2 0.002696 3 0.575160 4 0.422144
barc_straps
0  -1.666808 -6.862361 55.435478  -0.207690 -0.947572 0.242842  0.226520 0.947267 3 2 0.002264 3 0.575212 4 0.422524
0  -1.149488 -6.962188 55.497868  -0.201974 -0.951619 0.231578  0.239973 0.942977 3 2 0.001884 3 0.575215 4 0.422901
0  -1.278174 -6.744670 56.211071  -0.214809 -0.924193 0.315792  0.246173 0.961856 3 2 0.000027 3 0.554029 4 0.445944
barc_straps
0  -2.184117 -6.762550 55.373035  -0.209088 -0.944102 0.254859  0.213064 0.951558 3 2 0.002696 3 0.575160 4 0.422144
0  -1.666808 -6.862361 55.435478  -0.207690 -0.947572 0.242842  0.226520 0.947267 3 2 0.002264 3 0.575212 4 0.422524
0  -1.796181 -6.644654 56.151901  -0.214769 -0.923482 0.317891  0.232738 0.966231 3 2 0.000060 3 0.554047 4 0.445893
barc_straps
0  -2.701437 -6.662718 55.310658  -0.212729 -0.942172 0.258955  0.199610 0.955854 3 2 0.003202 3 0.575030 4 0.421768
0  -2.184117 -6.762550 55.373035  -0.209088 -0.944102 0.254859  0.213064 0.951558 3 2 0.002696 3 0.575160 4 0.422144
0  -2.314188 -6.544640 56.092720  -0.214743 -0.923653 0.317412  0.219302 0.970607 3 2 0.000108 3 0.554050 4 0.445842
barc_straps
0  -1.796181 -6.644654 56.151901  -0.214769 -0.923482 0.317891  0.232738 0.966231 3 2 0.000060 3 0.554047 4 0.445893
0  -1.278174 -6.744670 56.211071  -0.214809 -0.924193 0.315792  0.246173 0.961856 3 2 0.000027 3 0.554029 4 0.445944
0  -1.299402 -6.433325 56.923698  -0.217180 -0.896845 0.385360  0.252587 0.981543 2 3 0.550011 4 0.449989
barc_straps
0  -2.314188 -6.544640 56.092720  -0.214743 -0.923653 0.317412  0.219302 0.970607 3 2 0.000108 3 0.554050 4 0.445842
0  -1.796181 -6.644654 56.151901  -0.214769 -0.923482 0.317891  0.232738 0.966231 3 2 0.000060 3 0.554047 4 0.445893
0  -1.817408 -6.333304 56.864540  -0.217181 -0.896845 0.385358  0.239152 0.985919 2 3 0.550012 4 0.449988
barc_straps
0  -2.832196 -6.444624 56.033554  -0.214703 -0.922851 0.319763  0.205866 0.974983 3 2 0.000165 3 0.554044 4 0.445791
0  -2.314188 -6.544640 56.092720  -0.214743 -0.923653 0.317412  0.219302 0.970607 3 2 0.000108 3 0.554050 4 0.445842
0  -2.335414 -6.233284 56.805386  -0.217176 -0.896847 0.385357  0.225717 0.990296 2 3 0.550014 4 0.449986
barc_straps
0  -2.814302 -5.560806 47.395554  -0.154276 -0.975297 -0.158098  0.223793 0.308520 1 2 1.000000
0  -2.268276 -5.650386 47.396683  -0.159888 -0.976422 -0.145038  0.241435 0.305139 1 2 1.000000
0  -2.154278 -5.850904 48.620945  -0.117391 -0.952031 -0.282587  0.253694 0.343678 2 2 0.999421 3 0.000579
barc_straps
0  -3.360434 -5.471127 47.393997  -0.153703 -0.972153 -0.176904  0.206158 0.311867 1 2 1.000000
0  -2.814302 -5.560806 47.395554  -0.154276 -0.975297 -0.158098  0.223793 0.308520 1 2 1.000000
0  -2.700422 -5.783854 48.610867  -0.119222 -0.953575 -0.276551  0.236103 0.346892 2 2 0.988650 3 0.011350
barc_straps
0  -3.906475 -5.381520 47.392811  -0.147014 -0.970881 -0.189148  0.188533 0.315202 1 2 1.000000
0  -3.360434 -5.471127 47.393997  -0.153703 -0.972153 -0.176904  0.206158 0.311867 1 2 1.000000
0  -3.246399 -5.716910 48.601303  -0.120090 -0.955109 -0.270822  0.218513 0.350089 2 2 0.988898 3 0.011102
barc_straps
0  -2.700422 -5.783854 48.610867  -0.119222 -0.953575 -0.276551  0.236103 0.346892 2 2 0.988650 3 0.011350
0  -2.154278 -5.850904 48.620945  -0.117391 -0.952031 -0.282587  0.253694 0.343678 2 2 0.999421 3 0.000579
0  -2.295490 -6.411452 49.967762  -0.179687 -0.920792 -0.346200  0.259823 0.382913 2 2 0.754294 3 0.245706
barc_straps
0  -3.246399 -5.716910 48.601303  -0.120090 -0.955109 -0.270822  0.218513 0.350089 2 2 0.988898 3 0.011102
0  -2.700422 -5.783854 48.610867  -0.119222 -0.953575 -0.276551  0.236103 0.346892 2 2 0.988650 3 0.011350
0  -2.817697 -6.279832 49.902325  -0.189563 -0.923624 -0.333144  0.242216 0.384014 2 2 0.759244 3 0.240756
barc_straps
0  -3.792456 -5.649934 48.591686  -0.123193 -0.956432 -0.264690  0.200937 0.353244 2 2 0.989215 3 0.010785
0  -3.246399 -5.716910 48.601303  -0.120090 -0.955109 -0.270822  0.218513 0.350089 2 2 0.988898 3 0.011102
0  -3.339721 -6.148314 49.838337  -0.194924 -0.931589 -0.306833  0.224590 0.385130 2 2 0.764423 3 0.235577
barc_straps
0  -2.817697 -6.279832 49.902325  -0.189563 -0.923624 -0.333144  0.242216 0.384014 2 2 0.759244 3 0.240756
0  -2.295490 -6.411452 49.967762  -0.179687 -0.920792 -0.346200  0.259823 0.382913 2 2 0.754294 3 0.245706
0  -2.469670 -6.769598 51.105213  -0.257878 -0.938722 -0.228690  0.259446 0.421059 3 2 0.470315 3 0.529227 4 0.000458
barc_straps
0  -3.339721 -6.148314 49.838337  -0.194924 -0.931589 -0.306833  0.224590 0.385130 2 2 0.764423 3 0.235577
0  -2.817697 -6.279832 49.902325  -0.189563 -0.923624 -0.333144  0.242216 0.384014 2 2 0.759244 3 0.240756
0  -2.978923 -6.597175 50.985439  -0.261758 -0.938010 -0.227200  0.241566 0.420251 3 2 0.482669 3 0.516938 4 0.000393
barc_straps
0  -3.861881 -6.016579 49.773201  -0.207159 -0.934691 -0.288855  0.206979 0.386183 2 2 0.770715 3 0.229285
0  -3.339721 -6.148314 49.838337  -0.194924 -0.931589 -0.306833  0.224590 0.385130 2 2 0.764423 3 0.235577
0  -3.488509 -6.424604 50.866840  -0.265328 -0.940092 -0.214074  0.223647 0.419543 3 2 0.495278 3 0.504383 4 0.000339
barc_straps
0  -2.978923 -6.597175 50.985439  -0.261758 -0.938010 -0.227200  0.241566 0.420251 3 2 0.482669 3 0.516938 4 0.000393
0  -2.469670 -6.769598 51.105213  -0.257878 -0.938722 -0.228690  0.259446 0.421059 3 2 0.470315 3 0.529227 4 0.000458
0  -2.684326 -6.874123 52.125923  -0.304610 -0.946846 -0.103415  0.257959 0.459863 3 2 0.226913 3 0.743187 4 0.029900
barc_straps
0  -3.488509 -6.424604 50.866840  -0.265328 -0.940092 -0.214074  0.223647 0.419543 3 2 0.495278 3 0.504383 4 0.000339
0  -2.978923 -6.597175 50.985439  -0.261758 -0.938010 -0.227200  0.241566 0.420251 3 2 0.482669 3 0.516938 4 0.000393
0  -3.191293 -6.695840 51.992931  -0.303336 -0.946916 -0.106478  0.240035 0.458729 3 2 0.239559 3 0.732525 4 0.027916
barc_straps
0  -3.997877 -6.252061 50.747265  -0.270703 -0.939863 -0.208272  0.205742 0.418881 3 2 0.508694 3 0.491020 4 0.000286
0  -3.488509 -6.424604 50.866840  -0.265328 -0.940092 -0.214074  0.223647 0.419543 3 2 0.495278 3 0.504383 4 0.000339
0  -3.698389 -6.517479 51.860275  -0.302851 -0.946876 -0.108198  0.222096 0.457623 3 2 0.252204 3 0.721709 4 0.026087
barc_straps
0  -3.191293 -6.695840 51.992931  -0.303336 -0.946916 -0.106478  0.240035 0.458729 3 2 0.239559 3 0.732525 4 0.027916
0  -2.684326 -6.874123 52.125923  -0.304610 -0.946846 -0.103415  0.257959 0.459863 3 2 0.226913 3 0.743187 4 0.029900
0  -2.910291 -6.862379 53.215733  -0.314033 -0.949136 -0.022897  0.257285 0.497907 3 2 0.085506 3 0.765952 4 0.148542
barc_straps
0  -3.698389 -6.517479 51.860275  -0.302851 -0.946876 -0.108198  0.222096 0.457623 3 2 0.252204 3 0.721709 4 0.026087
0  -3.191293 -6.695840 51.992931  -0.303336 -0.946916 -0.106478  0.240035 0.458729 3 2 0.239559 3 0.732525 4 0.027916
0  -3.417537 -6.692507 53.077469  -0.315876 -0.948568 -0.021001  0.239435 0.496318 3 2 0.094218 3 0.765500 4 0.140282
barc_straps
0  -4.205369 -6.339180 51.727325  -0.301654 -0.946989 -0.110528  0.204154 0.456526 3 2 0.265324 3 0.710333 4 0.024343
0  -3.698389 -6.517479 51.860275  -0.302851 -0.946876 -0.108198  0.222096 0.457623 3 2 0.252204 3 0.721709 4 0.026087
0  -3.924839 -6.522602 52.939312  -0.317267 -0.948198 -0.016181  0.221579 0.494735 3 2 0.103018 3 0.764636 4 0.132346
barc_straps
0  -3.417537 -6.692507 53.077469  -0.315876 -0.948568 -0.021001  0.239435 0.496318 3 2 0.094218 3 0.765500 4 0.140282
0  -2.910291 -6.862379 53.215733  -0.314033 -0.949136 -0.022897  0.257285 0.497907 3 2 0.085506 3 0.765952 4 0.148542
0  -3.184886 -6.755519 54.322216  -0.367507 -0.927132 0.073242  0.253859 0.536081 3 2 0.019777 3 0.633187 4 0.347036
barc_straps
0  -3.924839 -6.522602 52.939312  -0.317267 -0.948198 -0.016181  0.221579 0.494735 3 2 0.103018 3 0.764636 4 0.132346
0  -3.417537 -6.692507 53.077469  -0.315876 -0.948568 -0.021001  0.239435 0.496318 3 2 0.094218 3 0.765500 4 0.140282
0  -3.673395 -6.572901 54.145226  -0.372170 -0.924843 0.078448  0.236301 0.532788 3 2 0.024814 3 0.642040 4 0.333146
barc_straps
0  -4.432085 -6.352728 52.801056  -0.319499 -0.947477 -0.014440  0.203722 0.493152 3 2 0.112697 3 0.762521 4 0.124782
0  -3.924839 -6.522602 52.939312  -0.317267 -0.948198 -0.016181  0.221579 0.494735 3 2 0.103018 3 0.764636 4 0.132346
0  -4.161927 -6.390272 53.968239  -0.375189 -0.922589 0.089793  0.218741 0.529496 3 2 0.030668 3 0.651373 4 0.317959
barc_straps
0  -3.673395 -6.572901 54.145226  -0.372170 -0.924843 0.078448  0.236301 0.532788 3 2 0.024814 3 0.642040 4 0.333146
0  -3.184886 -6.755519 54.322216  -0.367507 -0.927132 0.073242  0.253859 0.536081 3 2 0.019777 3 0.633187 4 0.347036
0  -3.462674 -6.504161 55.277866  -0.413600 -0.883938 0.218148  0.248595 0.566396 3 2 0.003354 3 0.572173 4 0.424473
barc_straps
0  -4.161927 -6.390272 53.968239  -0.375189 -0.922589 0.089793  0.218741 0.529496 3 2 0.030668 3 0.651373 4 0.317959
0  -3.673395 -6.572901 54.145226  -0.372170 -0.924843 0.078448  0.236301 0.532788 3 2 0.024814 3 0.642040 4 0.333146
0  -3.955579 -6.309395 55.128304  -0.411910 -0.884905 0.217422  0.230998 0.563321 3 2 0.004775 3 0.576095 4 0.419130
barc_straps
0  -4.650454 -6.207642 53.791283  -0.380274 -0.919883 0.095958  0.201180 0.526205 3 2 0.037435 3 0.661049 4 0.301516
0  -4.161927 -6.390272 53.968239  -0.375189 -0.922589 0.089793  0.218741 0.529496 3 2 0.030668 3 0.651373 4 0.317959
0  -4.448476 -6.114615 54.978794  -0.411252 -0.886511 0.212060  0.213402 0.560246 3 2 0.006552 3 0.579963 4 0.413485
barc_straps
0  -3.955579 -6.309395 55.128304  -0.411910 -0.884905 0.217422  0.230998 0.563321 3 2 0.004775 3 0.576095 4 0.419130
0  -3.462674 -6.504161 55.277866  -0.413600 -0.883938 0.218148  0.248595 0.566396 3 2 0.003354 3 0.572173 4 0.424473
0  -3.573326 -6.192117 55.974819  -0.411801 -0.825265 0.386468  0.244398 0.589942 3 2 0.000247 3 0.553671 4 0.446082
barc_straps
0  -4.448476 -6.114615 54.978794  -0.411252 -0.886511 0.212060  0.213402 0.560246 3 2 0.006552 3 0.579963 4 0.413485
0  -3.955579 -6.309395 55.128304  -0.411910 -0.884905 0.217422  0.230998 0.563321 3 2 0.004775 3 0.576095 4 0.419130
0  -4.078307 -5.990491 55.874695  -0.408571 -0.828440 0.383089  0.226524 0.588471 3 2 0.000428 3 0.554222 4 0.445350
barc_straps
0  -4.941389 -5.919830 54.829288  -0.410025 -0.887302 0.211127  0.195805 0.557171 3 2 0.008769 3 0.584194 4 0.407037
0  -4.448476 -6.114615 54.978794  -0.411252 -0.886511 0.212060  0.213402 0.560246 3 2 0.006552 3 0.579963 4 0.413485
0  -4.583284 -5.788976 55.774319  -0.408224 -0.832891 0.373691  0.208650 0.586992 3 2 0.000674 3 0.554802 4 0.444524
barc_straps
0  -4.078307 -5.990491 55.874695  -0.408571 -0.828440 0.383089  0.226524 0.588471 3 2 0.000428 3 0.554222 4 0.445350
0  -3.573326 -6.192117 55.974819  -0.411801 -0.825265 0.386468  0.244398 0.589942 3 2 0.000247 3 0.553671 4 0.446082
0  -3.551445 -5.802320 56.643711  -0.402105 -0.786924 0.468041  0.242304 0.614977 2 3 0.550032 4 0.449968
barc_straps
0  -4.583284 -5.788976 55.774319  -0.408224 -0.832891 0.373691  0.208650 0.586992 3 2 0.000674 3 0.554802 4 0.444524
0  -4.078307 -5.990491 55.874695  -0.408571 -0.828440 0.383089  0.226524 0.588471 3 2 0.000428 3 0.554222 4 0.445350
0  -4.058637 -5.599478 56.552437  -0.400930 -0.789245 0.465132  0.224381 0.613769 2 3 0.550062 4 0.449938
barc_straps
0  -5.088272 -5.587342 55.674213  -0.405541 -0.834868 0.372199  0.190775 0.585523 3 2 0.000996 3 0.555397 4 0.443607
0  -4.583284 -5.788976 55.774319  -0.408224 -0.832891 0.373691  0.208650 0.586992 3 2 0.000674 3 0.554802 4 0.444524
0  -4.565835 -5.396680 56.461079  -0.401099 -0.791769 0.460674  0.206457 0.612560 2 3 0.550105 4 0.449895
barc_straps
0  3.028673 -5.409527 46.730530  -0.181652 0.948536 0.259388  0.216687 0.676615 1 2 1.000000
0  3.046886 -5.609737 47.486237  -0.170625 0.945020 0.278970  0.227261 0.694677 1 2 1.000000
0  3.563633 -5.534101 47.543530  -0.172552 0.943168 0.284008  0.239906 0.688695 1 2 1.000000
barc_straps
0  2.510345 -5.512565 46.737946  -0.181915 0.951666 0.247464  0.204878 0.684251 1 2 1.000000
0  2.530090 -5.685328 47.428646  -0.170381 0.947301 0.271276  0.214618 0.700662 1 2 1.000000
0  3.046886 -5.609737 47.486237  -0.170625 0.945020 0.278970  0.227261 0.694677 1 2 1.000000
barc_straps
0  1.992069 -5.615642 46.745529  -0.177741 0.955010 0.237411  0.193064 0.691877 1 2 1.000000
0  2.013338 -5.760970 47.371315  -0.167339 0.950101 0.263260  0.201972 0.706635 1 2 1.000000
0  2.530090 -5.685328 47.428646  -0.170381 0.947301 0.271276  0.214618 0.700662 1 2 1.000000
barc_straps
0  3.046886 -5.609737 47.486237  -0.170625 0.945020 0.278970  0.227261 0.694677 1 2 1.000000
0  2.991940 -6.034406 48.764126  -0.161445 0.943259 0.290168  0.238847 0.714874 2 2 0.999738 3 0.000262
0  3.494346 -5.995108 48.914135  -0.161148 0.943380 0.289941  0.252397 0.711373 2 2 0.999682 3 0.000318
barc_straps
0  2.530090 -5.685328 47.428646  -0.170381 0.947301 0.271276  0.214618 0.700662 1 2 1.000000
0  2.489755 -6.073641 48.613586  -0.161688 0.943155 0.290371  0.225298 0.718393 2 2 0.999929 3 0.000071
0  2.991940 -6.034406 48.764126  -0.161445 0.943259 0.290168  0.238847 0.714874 2 2 0.999738 3 0.000262
barc_straps
0  2.013338 -5.760970 47.371315  -0.167339 0.950101 0.263260  0.201972 0.706635 1 2 1.000000
0  1.987346 -6.112933 48.463425  -0.161711 0.943141 0.290405  0.211752 0.721905 2 2 0.999976 3 0.000024
0  2.489755 -6.073641 48.613586  -0.161688 0.943155 0.290371  0.225298 0.718393 2 2 0.999929 3 0.000071
barc_straps
0  2.991940 -6.034406 48.764126  -0.161445 0.943259 0.290168  0.238847 0.714874 2 2 0.999738 3 0.000262
0  2.556703 -6.377884 49.688408  -0.154651 0.952785 0.261311  0.244748 0.742529 2 2 0.920340 3 0.079660
0  3.044561 -6.353410 49.893715  -0.157675 0.951585 0.263865  0.258708 0.740499 2 2 0.935418 3 0.064582
barc_straps
0  2.489755 -6.073641 48.613586  -0.161688 0.943155 0.290371  0.225298 0.718393 2 2 0.999929 3 0.000071
0  2.069077 -6.402345 49.482857  -0.152412 0.954590 0.255986  0.230786 0.744567 2 2 0.962807 3 0.037193
0  2.556703 -6.377884 49.688408  -0.154651 0.952785 0.261311  0.244748 0.742529 2 2 0.920340 3 0.079660
barc_straps
0  1.987346 -6.112933 48.463425  -0.161711 0.943141 0.290405  0.211752 0.721905 2 2 0.999976 3 0.000024
0  1.581241 -6.426823 49.277515  -0.148301 0.956685 0.250521  0.216824 0.746594 2 2 0.979888 3 0.020112
0  2.069077 -6.402345 49.482857  -0.152412 0.954590 0.255986  0.230786 0.744567 2 2 0.962807 3 0.037193
barc_straps
0  2.556703 -6.377884 49.688408  -0.154651 0.952785 0.261311  0.244748 0.742529 2 2 0.920340 3 0.079660
0  1.407543 -6.915461 51.158718  -0.060363 0.983324 0.171552  0.237191 0.798160 2 2 0.522436 3 0.477564
0  1.889000 -6.924260 51.370541  -0.071788 0.978870 0.191468  0.251103 0.796363 2 2 0.551771 3 0.448229
barc_straps
0  2.069077 -6.402345 49.482857  -0.152412 0.954590 0.255986  0.230786 0.744567 2 2 0.962807 3 0.037193
0  0.926249 -6.906647 50.946434  -0.057355 0.984686 0.164635  0.223278 0.799956 2 2 0.587606 3 0.412394
0  1.407543 -6.915461 51.158718  -0.060363 0.983324 0.171552  0.237191 0.798160 2 2 0.522436 3 0.477564
barc_straps
0  1.581241 -6.426823 49.277515  -0.148301 0.956685 0.250521  0.216824 0.746594 2 2 0.979888 3 0.020112
0  0.444759 -6.897859 50.734558  -0.047697 0.987681 0.149033  0.209363 0.801724 2 2 0.623133 3 0.376867
0  0.926249 -6.906647 50.946434  -0.057355 0.984686 0.164635  0.223278 0.799956 2 2 0.587606 3 0.412394
barc_straps
0  1.407543 -6.915461 51.158718  -0.060363 0.983324 0.171552  0.237191 0.798160 2 2 0.522436 3 0.477564
0  -0.595699 -7.135659 53.442226  0.015748 0.999853 0.006813  0.221922 0.884025 3 2 0.069474 3 0.818586 4 0.111940
0  -0.108924 -7.141818 53.638359  0.003421 0.999724 0.023245  0.235790 0.882177 3 2 0.079543 3 0.794154 4 0.126303
barc_straps
0  0.926249 -6.906647 50.946434  -0.057355 0.984686 0.164635  0.223278 0.799956 2 2 0.587606 3 0.412394
0  -1.082171 -7.129528 53.245636  0.021119 0.999744 -0.008096  0.208053 0.885899 3 2 0.094577 3 0.806707 4 0.098716
0  -0.595699 -7.135659 53.442226  0.015748 0.999853 0.006813  0.221922 0.884025 3 2 0.069474 3 0.818586 4 0.111940
barc_straps
0  0.444759 -6.897859 50.734558  -0.047697 0.987681 0.149033  0.209363 0.801724 2 2 0.623133 3 0.376867
0  -1.569022 -7.123391 53.049553  0.034752 0.998930 -0.030520  0.194193 0.887767 3 2 0.109667 3 0.803612 4 0.086721
0  -1.082171 -7.129528 53.245636  0.021119 0.999744 -0.008096  0.208053 0.885899 3 2 0.094577 3 0.806707 4 0.098716
barc_straps
0  -0.595699 -7.135659 53.442226  0.015748 0.999853 0.006813  0.221922 0.884025 3 2 0.069474 3 0.818586 4 0.111940
0  -1.443489 -6.977991 54.806713  0.156115 0.977696 -0.140497  0.220402 0.928186 3 2 0.009651 3 0.626845 4 0.363504
0  -0.932040 -7.043701 54.919537  0.139536 0.984186 -0.109125  0.234072 0.924911 3 2 0.011479 3 0.620013 4 0.368508
barc_straps
0  -1.082171 -7.129528 53.245636  0.021119 0.999744 -0.008096  0.208053 0.885899 3 2 0.094577 3 0.806707 4 0.098716
0  -1.954815 -6.912313 54.693687  0.161556 0.972284 -0.169005  0.206731 0.931477 3 2 0.013867 3 0.627816 4 0.358317
0  -1.443489 -6.977991 54.806713  0.156115 0.977696 -0.140497  0.220402 0.928186 3 2 0.009651 3 0.626845 4 0.363504
barc_straps
0  -1.569022 -7.123391 53.049553  0.034752 0.998930 -0.030520  0.194193 0.887767 3 2 0.109667 3 0.803612 4 0.086721
0  -2.466279 -6.846601 54.580891  0.174324 0.965289 -0.194496  0.193064 0.934769 3 2 0.016483 3 0.630733 4 0.352784
0  -1.954815 -6.912313 54.693687  0.161556 0.972284 -0.169005  0.206731 0.931477 3 2 0.013867 3 0.627816 4 0.358317
barc_straps
0  -1.443489 -6.977991 54.806713  0.156115 0.977696 -0.140497  0.220402 0.928186 3 2 0.009651 3 0.626845 4 0.363504
0  -1.649667 -6.787048 55.418430  0.207741 0.947368 -0.243595  0.226520 0.947267 3 2 0.001963 3 0.576641 4 0.421396
0  -1.132325 -6.886923 55.480637  0.201932 0.951444 -0.232332  0.239973 0.942977 3 2 0.002352 3 0.575886 4 0.421762
barc_straps
0  -1.954815 -6.912313 54.693687  0.161556 0.972284 -0.169005  0.206731 0.931477 3 2 0.013867 3 0.627816 4 0.358317
0  -2.167023 -6.687160 55.356270  0.209125 0.943876 -0.255665  0.213064 0.951558 3 2 0.002791 3 0.576177 4 0.421032
0  -1.649667 -6.787048 55.418430  0.207741 0.947368 -0.243595  0.226520 0.947267 3 2 0.001963 3 0.576641 4 0.421396
barc_straps
0  -2.466279 -6.846601 54.580891  0.174324 0.965289 -0.194496  0.193064 0.934769 3 2 0.016483 3 0.630733 4 0.352784
0  -2.684365 -6.587290 55.294044  0.212766 0.941943 -0.259757  0.199610 0.955854 3 2 0.003302 3 0.576034 4 0.420664
0  -2.167023 -6.687160 55.356270  0.209125 0.943876 -0.255665  0.213064 0.951558 3 2 0.002791 3 0.576177 4 0.421032
barc_straps
0  -1.649667 -6.787048 55.418430  0.207741 0.947368 -0.243595  0.226520 0.947267 3 2 0.001963 3 0.576641 4 0.421396
0  -1.779091 -6.571963 56.125854  0.214768 0.923507 -0.317821  0.232738 0.966231 3 2 0.000040 3 0.554516 4 0.445444
0  -1.261083 -6.671987 56.185001  0.214807 0.924236 -0.315667  0.246173 0.961856 3 2 0.000080 3 0.554420 4 0.445500
barc_straps
0  -2.167023 -6.687160 55.356270  0.209125 0.943876 -0.255665  0.213064 0.951558 3 2 0.002791 3 0.576177 4 0.421032
0  -2.297100 -6.471935 56.066715  0.214745 0.923675 -0.317346  0.219302 0.970607 3 2 0.000134 3 0.554479 4 0.445387
0  -1.779091 -6.571963 56.125854  0.214768 0.923507 -0.317821  0.232738 0.966231 3 2 0.000040 3 0.554516 4 0.445444
barc_straps
0  -2.684365 -6.587290 55.294044  0.212766 0.941943 -0.259757  0.199610 0.955854 3 2 0.003302 3 0.576034 4 0.420664
0  -2.815109 -6.371909 56.007572  0.214708 0.922850 -0.319762  0.205866 0.974983 3 2 0.000204 3 0.554465 4 0.445331
0  -2.297100 -6.471935 56.066715  0.214745 0.923675 -0.317346  0.219302 0.970607 3 2 0.000134 3 0.554479 4 0.445387
barc_straps
0  -1.779091 -6.571963 56.125854  0.214768 0.923507 -0.317821  0.232738 0.966231 3 2 0.000040 3 0.554516 4 0.445444
0  -1.800235 -6.262374 56.834072  0.217183 0.896771 -0.385529  0.239152 0.985919 2 3 0.550029 4 0.449971
0  -1.282227 -6.362395 56.893230  0.217182 0.896772 -0.385528  0.252587 0.981543 2 3 0.550027 4 0.449973
barc_straps
0  -2.297100 -6.471935 56.066715  0.214745 0.923675 -0.317346  0.219302 0.970607 3 2 0.000134 3 0.554479 4 0.445387
0  -2.318242 -6.162353 56.774914  0.217183 0.896770 -0.385531  0.225717 0.990296 2 3 0.550031 4 0.449969
0  -1.800235 -6.262374 56.834072  0.217183 0.896771 -0.385529  0.239152 0.985919 2 3 0.550029 4 0.449971
barc_straps
0  -2.815109 -6.371909 56.007572  0.214708 0.922850 -0.319762  0.205866 0.974983 3 2 0.000204 3 0.554465 4 0.445331
0  -2.836250 -6.062333 56.715759  0.217180 0.896771 -0.385532  0.212282 0.994673 2 3 0.550033 4 0.449967
0  -2.318242 -6.162353 56.774914  0.217183 0.896770 -0.385531  0.225717 0.990296 2 3 0.550031 4 0.449969
barc_straps
0  -2.815075 -5.480793 47.406502  0.154269 0.975301 0.158082  0.223793 0.308520 1 2 1.000000
0  -2.698298 -5.704299 48.621948  0.118903 0.953468 0.277059  0.236103 0.346892 2 2 0.988869 3 0.011131
0  -2.152466 -5.771360 48.632378  0.117213 0.951772 0.283533  0.253694 0.343678 2 2 0.985728 3 0.014272
barc_straps
0  -3.360809 -5.391456 47.406532  0.153688 0.972152 0.176917  0.206158 0.311867 1 2 1.000000
0  -3.244301 -5.637135 48.611004  0.119580 0.954941 0.271639  0.218513 0.350089 2 2 0.987901 3 0.012099
0  -2.698298 -5.704299 48.621948  0.118903 0.953468 0.277059  0.236103 0.346892 2 2 0.988869 3 0.011131
barc_straps
0  -3.906635 -5.302048 47.406200  0.146946 0.970873 0.189243  0.188533 0.315202 1 2 1.000000
0  -3.790220 -5.570002 48.600113  0.122664 0.956316 0.265355  0.200937 0.353244 2 2 0.988345 3 0.011655
0  -3.244301 -5.637135 48.611004  0.119580 0.954941 0.271639  0.218513 0.350089 2 2 0.987901 3 0.012099
barc_straps
0  -2.698298 -5.704299 48.621948  0.118903 0.953468 0.277059  0.236103 0.346892 2 2 0.988869 3 0.011131
0  -2.799980 -6.203164 49.911297  0.187778 0.923642 0.334102  0.242216 0.384014 2 2 0.752716 3 0.247284
0  -2.278402 -6.334961 49.979233  0.178676 0.920742 0.346857  0.259823 0.382913 2 2 0.750142 3 0.249858
barc_straps
0  -3.244301 -5.637135 48.611004  0.119580 0.954941 0.271639  0.218513 0.350089 2 2 0.987901 3 0.012099
0  -3.321748 -6.071264 49.841911  0.192717 0.931599 0.308196  0.224590 0.385130 2 2 0.760488 3 0.239512
0  -2.799980 -6.203164 49.911297  0.187778 0.923642 0.334102  0.242216 0.384014 2 2 0.752716 3 0.247284
barc_straps
0  -3.790220 -5.570002 48.600113  0.122664 0.956316 0.265355  0.200937 0.353244 2 2 0.988345 3 0.011655
0  -3.843376 -5.939582 49.773666  0.205287 0.934641 0.290349  0.206979 0.386183 2 2 0.767647 3 0.232353
0  -3.321748 -6.071264 49.841911  0.192717 0.931599 0.308196  0.224590 0.385130 2 2 0.760488 3 0.239512
barc_straps
0  -2.799980 -6.203164 49.911297  0.187778 0.923642 0.334102  0.242216 0.384014 2 2 0.752716 3 0.247284
0  -2.944275 -6.524402 50.989819  0.260497 0.938231 0.227738  0.241566 0.420251 3 2 0.468071 3 0.531549 4 0.000380
0  -2.435005 -6.696894 51.111420  0.257294 0.938896 0.228636  0.259446 0.421059 3 2 0.476438 3 0.523108 4 0.000454
barc_straps
0  -3.321748 -6.071264 49.841911  0.192717 0.931599 0.308196  0.224590 0.385130 2 2 0.760488 3 0.239512
0  -3.453210 -6.352055 50.867050  0.263873 0.940382 0.214601  0.223647 0.419543 3 2 0.492414 3 0.507268 4 0.000318
0  -2.944275 -6.524402 50.989819  0.260497 0.938231 0.227738  0.241566 0.420251 3 2 0.468071 3 0.531549 4 0.000380
barc_straps
0  -3.843376 -5.939582 49.773666  0.205287 0.934641 0.290349  0.206979 0.386183 2 2 0.767647 3 0.232353
0  -3.962370 -6.179682 50.745258  0.269529 0.940015 0.209107  0.205742 0.418881 3 2 0.506486 3 0.493253 4 0.000261
0  -3.453210 -6.352055 50.867050  0.263873 0.940382 0.214601  0.223647 0.419543 3 2 0.492414 3 0.507268 4 0.000318
barc_straps
0  -2.944275 -6.524402 50.989819  0.260497 0.938231 0.227738  0.241566 0.420251 3 2 0.468071 3 0.531549 4 0.000380
0  -3.145547 -6.626131 51.992352  0.302975 0.947008 0.106688  0.240035 0.458729 3 2 0.226191 3 0.746578 4 0.027231
0  -2.638585 -6.804385 52.125793  0.304417 0.946897 0.103517  0.257959 0.459863 3 2 0.237792 3 0.732866 4 0.029342
barc_straps
0  -3.453210 -6.352055 50.867050  0.263873 0.940382 0.214601  0.223647 0.419543 3 2 0.492414 3 0.507268 4 0.000318
0  -3.652372 -6.447954 51.858562  0.302521 0.946976 0.108250  0.222096 0.457623 3 2 0.251074 3 0.723466 4 0.025460
0  -3.145547 -6.626131 51.992352  0.302975 0.947008 0.106688  0.240035 0.458729 3 2 0.226191 3 0.746578 4 0.027231
barc_straps
0  -3.962370 -6.179682 50.745258  0.269529 0.940015 0.209107  0.205742 0.418881 3 2 0.506486 3 0.493253 4 0.000261
0  -4.159319 -6.269713 51.725071  0.301455 0.947042 0.110623  0.204154 0.456526 3 2 0.264190 3 0.712084 4 0.023726
0  -3.652372 -6.447954 51.858562  0.302521 0.946976 0.108250  0.222096 0.457623 3 2 0.251074 3 0.723466 4 0.025460
barc_straps
0  -3.145547 -6.626131 51.992352  0.302975 0.947008 0.106688  0.240035 0.458729 3 2 0.226191 3 0.746578 4 0.027231
0  -3.368628 -6.623865 53.072315  0.315644 0.948633 0.021553  0.239435 0.496318 3 2 0.086276 3 0.775716 4 0.138008
0  -2.861397 -6.793706 53.210758  0.313850 0.949184 0.023418  0.257285 0.497907 3 2 0.093255 3 0.760584 4 0.146161
barc_straps
0  -3.652372 -6.447954 51.858562  0.302521 0.946976 0.108250  0.222096 0.457623 3 2 0.251074 3 0.723466 4 0.025460
0  -3.875804 -6.454060 52.933762  0.317040 0.948265 0.016728  0.221579 0.494735 3 2 0.102966 3 0.766980 4 0.130054
0  -3.368628 -6.623865 53.072315  0.315644 0.948633 0.021553  0.239435 0.496318 3 2 0.086276 3 0.775716 4 0.138008
barc_straps
0  -4.159319 -6.269713 51.725071  0.301455 0.947042 0.110623  0.204154 0.456526 3 2 0.264190 3 0.712084 4 0.023726
0  -4.383036 -6.284220 52.795307  0.319268 0.947544 0.015110  0.203722 0.493152 3 2 0.112607 3 0.764809 4 0.122584
0  -3.875804 -6.454060 52.933762  0.317040 0.948265 0.016728  0.221579 0.494735 3 2 0.102966 3 0.766980 4 0.130054
barc_straps
0  -3.368628 -6.623865 53.072315  0.315644 0.948633 0.021553  0.239435 0.496318 3 2 0.086276 3 0.775716 4 0.138008
0  -3.620878 -6.506635 54.139324  0.371997 0.924964 -0.077844  0.236301 0.532788 3 2 0.020224 3 0.648660 4 0.331116
0  -3.132385 -6.689225 54.316467  0.367336 0.927243 -0.072692  0.253859 0.536081 3 2 0.024312 3 0.630495 4 0.345193
barc_straps
0  -3.875804 -6.454060 52.933762  0.317040 0.948265 0.016728  0.221579 0.494735 3 2 0.102966 3 0.766980 4 0.130054
0  -4.109351 -6.324053 53.962162  0.375029 0.922709 -0.089225  0.218741 0.529496 3 2 0.030690 3 0.653563 4 0.315747
0  -3.620878 -6.506635 54.139324  0.371997 0.924964 -0.077844  0.236301 0.532788 3 2 0.020224 3 0.648660 4 0.331116
barc_straps
0  -4.383036 -6.284220 52.795307  0.319268 0.947544 0.015110  0.203722 0.493152 3 2 0.112607 3 0.764809 4 0.122584
0  -4.597830 -6.141475 53.784969  0.380101 0.920017 -0.095355  0.201180 0.526205 3 2 0.037462 3 0.663417 4 0.299121
0  -4.109351 -6.324053 53.962162  0.375029 0.922709 -0.089225  0.218741 0.529496 3 2 0.030690 3 0.653563 4 0.315747
barc_straps
0  -3.620878 -6.506635 54.139324  0.371997 0.924964 -0.077844  0.236301 0.532788 3 2 0.020224 3 0.648660 4 0.331116
0  -3.901119 -6.245161 55.117214  0.411854 0.884902 -0.217541  0.230998 0.563321 3 2 0.003445 3 0.578441 4 0.418114
0  -3.408093 -6.440109 55.266167  0.413538 0.883966 -0.218152  0.248595 0.566396 3 2 0.004800 3 0.571666 4 0.423534
barc_straps
0  -4.109351 -6.324053 53.962162  0.375029 0.922709 -0.089225  0.218741 0.529496 3 2 0.030690 3 0.653563 4 0.315747
0  -4.394144 -6.050225 54.968208  0.411200 0.886524 -0.212109  0.213402 0.560246 3 2 0.006629 3 0.581039 4 0.412332
0  -3.901119 -6.245161 55.117214  0.411854 0.884902 -0.217541  0.230998 0.563321 3 2 0.003445 3 0.578441 4 0.418114
barc_straps
0  -4.597830 -6.141475 53.784969  0.380101 0.920017 -0.095355  0.201180 0.526205 3 2 0.037462 3 0.663417 4 0.299121
0  -4.887158 -5.855298 54.819202  0.409970 0.887304 -0.211223  0.195805 0.557171 3 2 0.008839 3 0.585247 4 0.405914
0  -4.394144 -6.050225 54.968208  0.411200 0.886524 -0.212109  0.213402 0.560246 3 2 0.006629 3 0.581039 4 0.412332
barc_straps
0  -3.901119 -6.245161 55.117214  0.411854 0.884902 -0.217541  0.230998 0.563321 3 2 0.003445 3 0.578441 4 0.418114
0  -4.023791 -5.930525 55.849945  0.408574 0.828184 -0.383638  0.226524 0.588471 3 2 0.000284 3 0.554902 4 0.444814
0  -3.518756 -6.132229 55.949944  0.411854 0.824992 -0.386995  0.244398 0.589942 3 2 0.000477 3 0.553916 4 0.445607
barc_straps
0  -4.394144 -6.050225 54.968208  0.411200 0.886524 -0.212109  0.213402 0.560246 3 2 0.006629 3 0.581039 4 0.412332
0  -4.528830 -5.728712 55.750202  0.408243 0.832643 -0.374223  0.208650 0.586992 3 2 0.000738 3 0.555330 4 0.443932
0  -4.023791 -5.930525 55.849945  0.408574 0.828184 -0.383638  0.226524 0.588471 3 2 0.000284 3 0.554902 4 0.444814
barc_straps
0  -4.887158 -5.855298 54.819202  0.409970 0.887304 -0.211223  0.195805 0.557171 3 2 0.008839 3 0.585247 4 0.405914
0  -5.033861 -5.527015 55.650192  0.405534 0.834601 -0.372804  0.190775 0.585523 3 2 0.001078 3 0.555973 4 0.442949
0  -4.528830 -5.728712 55.750202  0.408243 0.832643 -0.374223  0.208650 0.586992 3 2 0.000738 3 0.555330 4 0.443932
barc_straps
0  -4.023791 -5.930525 55.849945  0.408574 0.828184 -0.383638  0.226524 0.588471 3 2 0.000284 3 0.554902 4 0.444814
0  -4.005493 -5.543210 56.519024  0.400891 0.788872 -0.465798  0.224381 0.613769 2 3 0.550107 4 0.449893
0  -3.498321 -5.746153 56.610115  0.402090 0.786531 -0.468714  0.242304 0.614977 2 3 0.550064 4 0.449936
barc_straps
0  -4.528830 -5.728712 55.750202  0.408243 0.832643 -0.374223  0.208650 0.586992 3 2 0.000738 3 0.555330 4 0.443932
0  -4.512661 -5.340222 56.428013  0.401084 0.791387 -0.461343  0.206457 0.612560 2 3 0.550162 4 0.449838
0  -4.005493 -5.543210 56.519024  0.400891 0.788872 -0.465798  0.224381 0.613769 2 3 0.550107 4 0.449893
barc_straps
0  -5.033861 -5.527015 55.650192  0.405534 0.834601 -0.372804  0.190775 0.585523 3 2 0.001078 3 0.555973 4 0.442949
0  -5.019835 -5.137285 56.336918  0.399910 0.793600 -0.458552  0.188533 0.611355 2 3 0.550234 4 0.449766
0  -4.512661 -5.340222 56.428013  0.401084 0.791387 -0.461343  0.206457 0.612560 2 3 0.550162 4 0.449838
barc_straps
0  2.043819 -5.695402 46.736382  -0.033234 0.093305 -0.995083  0.666979 0.815439 1 2 1.000000
0  1.992069 -5.615642 46.745529  -0.033002 0.092720 -0.995145  0.670474 0.816823 1 2 1.000000
0  2.510345 -5.512565 46.737946  -0.034846 0.099116 -0.994466  0.670474 0.796151 1 2 1.000000
barc_straps
0  3.538938 -6.077559 48.914783  0.814911 0.442267 0.374594  0.323541 0.405549 2 2 0.999597 3 0.000403
0  3.494346 -5.995108 48.914135  0.825614 0.450130 0.340213  0.325639 0.406061 2 2 0.999682 3 0.000318
0  3.044561 -6.353410 49.893715  0.734742 0.358337 0.575976  0.321718 0.431424 2 2 0.935418 3 0.064582
barc_straps
0  -1.556346 -7.203222 53.056137  -0.798413 -0.174736 -0.576198  0.317840 0.555212 3 2 0.111010 3 0.802691 4 0.086299
0  -1.569022 -7.123391 53.049553  -0.803963 -0.171817 -0.569317  0.319713 0.555299 3 2 0.109667 3 0.803612 4 0.086721
0  0.444759 -6.897859 50.734558  -0.729967 -0.216196 -0.648388  0.321332 0.480132 2 2 0.623133 3 0.376867
barc_straps
0  -0.093865 -7.221755 53.641037  0.783562 0.164245 0.599212  0.317840 0.555212 3 2 0.069401 3 0.805468 4 0.125131
0  -0.108924 -7.141818 53.638359  0.788639 0.168880 0.591209  0.319713 0.555299 3 2 0.079543 3 0.794154 4 0.126303
0  -0.932040 -7.043701 54.919537  0.892930 -0.036051 0.448751  0.321233 0.591841 3 2 0.011479 3 0.620013 4 0.368508
barc_straps
0  -2.701437 -6.662718 55.310658  -0.947823 0.149858 -0.281378  0.324852 0.607718 3 2 0.003202 3 0.575030 4 0.421768
0  -2.684365 -6.587290 55.294044  -0.948309 0.152628 -0.278234  0.326539 0.607030 3 2 0.003302 3 0.576034 4 0.420664
0  -2.466279 -6.846601 54.580891  -0.910783 0.047806 -0.410109  0.321233 0.591841 3 2 0.016483 3 0.630733 4 0.352784
barc_straps
0  3.598148 -5.385769 46.711685  0.841686 0.524469 0.128445  0.341328 0.367429 1 2 1.000000
0  3.546921 -5.306428 46.722816  0.841253 0.525137 0.128546  0.343370 0.368224 1 2 1.000000
0  3.563633 -5.534101 47.543530  0.844387 0.509745 0.164833  0.334086 0.385520 1 2 1.000000
barc_straps
0  -1.278174 -6.744670 56.211071  0.971622 -0.169126 0.165367  0.332259 0.623242 3 2 0.000027 3 0.554029 4 0.445944
0  -1.261083 -6.671987 56.185001  0.971386 -0.169452 0.166418  0.333855 0.622363 3 2 0.000080 3 0.554420 4 0.445500
0  -1.282227 -6.362395 56.893230  0.975734 -0.188486 0.111424  0.343370 0.637425 2 3 0.550027 4 0.449973
barc_straps
0  0.467745 -6.981172 50.736507  -0.729086 -0.218590 -0.648578  0.319348 0.479834 2 2 0.626967 3 0.373033
0  0.444759 -6.897859 50.734558  -0.729967 -0.216196 -0.648388  0.321332 0.480132 2 2 0.623133 3 0.376867
0  1.581241 -6.426823 49.277515  -0.728229 -0.357889 -0.584464  0.321718 0.431424 2 2 0.979888 3 0.020112
barc_straps
0  2.561935 -5.592196 46.728165  -0.034863 0.100258 -0.994351  0.666982 0.794774 1 2 1.000000
0  2.510345 -5.512565 46.737946  -0.034846 0.099116 -0.994466  0.670474 0.796151 1 2 1.000000
0  3.028673 -5.409527 46.730530  -0.037327 0.109692 -0.993264  0.670473 0.775478 1 2 1.000000
barc_straps
0  -2.853425 -6.133261 56.746227  -0.975732 0.188453 -0.111501  0.341829 0.638397 2 3 0.550015 4 0.449985
0  -2.836250 -6.062333 56.715759  -0.975745 0.188396 -0.111483  0.343370 0.637425 2 3 0.550033 4 0.449967
0  -2.815109 -6.371909 56.007572  -0.971427 0.168500 -0.167143  0.333855 0.622363 3 2 0.000204 3 0.554465 4 0.445331
barc_straps
0  -2.473516 -6.925129 54.588287  -0.904639 0.040214 -0.424277  0.319440 0.592180 3 2 0.016556 3 0.629948 4 0.353496
0  -2.466279 -6.846601 54.580891  -0.910783 0.047806 -0.410109  0.321233 0.591841 3 2 0.016483 3 0.630733 4 0.352784
0  -1.569022 -7.123391 53.049553  -0.803963 -0.171817 -0.569317  0.319713 0.555299 3 2 0.109667 3 0.803612 4 0.086721
barc_straps
0  1.617602 -6.510168 49.283535  -0.720374 -0.358918 -0.593498  0.319648 0.431048 2 2 0.979975 3 0.020025
0  1.581241 -6.426823 49.277515  -0.728229 -0.357889 -0.584464  0.321718 0.431424 2 2 0.979888 3 0.020112
0  1.987346 -6.112933 48.463425  -0.824600 -0.454327 -0.337079  0.325639 0.406061 2 2 0.999976 3 0.000024
barc_straps
0  -1.149488 -6.962188 55.497868  0.942557 -0.145357 0.300760  0.324852 0.607718 3 2 0.001884 3 0.575215 4 0.422901
0  -1.132325 -6.886923 55.480637  0.943163 -0.143202 0.299893  0.326539 0.607030 3 2 0.002352 3 0.575886 4 0.421762
0  -1.261083 -6.671987 56.185001  0.971386 -0.169452 0.166418  0.333855 0.622363 3 2 0.000080 3 0.554420 4 0.445500
barc_straps
0  -1.299402 -6.433325 56.923698  -0.027369 0.400117 0.916055  0.105447 0.757637 2 3 0.550011 4 0.449989
0  -1.282227 -6.362395 56.893230  -0.027371 0.400117 0.916056  0.102804 0.757279 2 3 0.550027 4 0.449973
0  -1.800235 -6.262374 56.834072  -0.027361 0.400118 0.916055  0.102804 0.777648 2 3 0.550029 4 0.449971
barc_straps
0  3.081777 -6.436676 49.897858  0.728480 0.352764 0.587260  0.319648 0.431048 2 2 0.913011 3 0.086989
0  3.044561 -6.353410 49.893715  0.734742 0.358337 0.575976  0.321718 0.431424 2 2 0.935418 3 0.064582
0  1.889000 -6.924260 51.370541  0.721885 0.217424 0.656970  0.321332 0.480132 2 2 0.551771 3 0.448229
barc_straps
0  2.063293 -5.842044 47.366940  -0.845365 -0.513996 -0.145486  0.332017 0.384805 1 2 1.000000
0  2.013338 -5.760970 47.371315  -0.847503 -0.513723 -0.133521  0.334086 0.385520 1 2 1.000000
0  1.992069 -5.615642 46.745529  -0.840941 -0.532264 -0.097538  0.343370 0.368224 1 2 1.000000
barc_straps
0  3.613625 -5.614524 47.535896  0.844148 0.507294 0.173401  0.332017 0.384805 1 2 1.000000
0  3.563633 -5.534101 47.543530  0.844387 0.509745 0.164833  0.334086 0.385520 1 2 1.000000
0  3.494346 -5.995108 48.914135  0.825614 0.450130 0.340213  0.325639 0.406061 2 2 0.999682 3 0.000318
barc_straps
0  -2.335414 -6.233284 56.805386  -0.027328 0.400151 0.916042  0.105447 0.798374 2 3 0.550014 4 0.449986
0  -2.318242 -6.162353 56.774914  -0.027328 0.400150 0.916042  0.102804 0.798017 2 3 0.550031 4 0.449969
0  -2.836250 -6.062333 56.715759  -0.027367 0.400126 0.916051  0.102804 0.818386 2 3 0.550033 4 0.449967
barc_straps
0  -1.817408 -6.333304 56.864540  -0.027358 0.400120 0.916054  0.105447 0.778006 2 3 0.550012 4 0.449988
0  -1.800235 -6.262374 56.834072  -0.027361 0.400118 0.916055  0.102804 0.777648 2 3 0.550029 4 0.449971
0  -2.318242 -6.162353 56.774914  -0.027328 0.400150 0.916042  0.102804 0.798017 2 3 0.550031 4 0.449969
barc_straps
0  3.080002 -5.488951 46.719772  -0.037350 0.110652 -0.993157  0.666987 0.774113 1 2 1.000000
0  3.028673 -5.409527 46.730530  -0.037327 0.109692 -0.993264  0.670473 0.775478 1 2 1.000000
0  3.546921 -5.306428 46.722816  -0.038156 0.114194 -0.992725  0.670474 0.754808 1 2 1.000000
barc_straps
0  -2.832196 -6.444624 56.033554  -0.971369 0.169552 -0.166417  0.332259 0.623242 3 2 0.000165 3 0.554044 4 0.445791
0  -2.815109 -6.371909 56.007572  -0.971427 0.168500 -0.167143  0.333855 0.622363 3 2 0.000204 3 0.554465 4 0.445331
0  -2.684365 -6.587290 55.294044  -0.948309 0.152628 -0.278234  0.326539 0.607030 3 2 0.003302 3 0.576034 4 0.420664
barc_straps
0  1.914623 -7.007467 51.369690  0.722563 0.215254 0.656939  0.319348 0.479834 2 2 0.525980 3 0.474020
0  1.889000 -6.924260 51.370541  0.721885 0.217424 0.656970  0.321332 0.480132 2 2 0.551771 3 0.448229
0  -0.108924 -7.141818 53.638359  0.788639 0.168880 0.591209  0.319713 0.555299 3 2 0.079543 3 0.794154 4 0.126303
barc_straps
0  -0.938565 -7.122427 54.925632  0.888333 -0.041506 0.457321  0.319440 0.592180 3 2 0.009630 3 0.621371 4 0.368999
0  -0.932040 -7.043701 54.919537  0.892930 -0.036051 0.448751  0.321233 0.591841 3 2 0.011479 3 0.620013 4 0.368508
0  -1.132325 -6.886923 55.480637  0.943163 -0.143202 0.299893  0.326539 0.607030 3 2 0.002352 3 0.575886 4 0.421762
barc_straps
0  2.031875 -6.195566 48.466270  -0.806382 -0.449110 -0.384769  0.323541 0.405549 2 2 0.999978 3 0.000022
0  1.987346 -6.112933 48.463425  -0.824600 -0.454327 -0.337079  0.325639 0.406061 2 2 0.999976 3 0.000024
0  2.013338 -5.760970 47.371315  -0.847503 -0.513723 -0.133521  0.334086 0.385520 1 2 1.000000
barc_straps
0  -3.906475 -5.381520 47.392811  0.027802 0.165235 -0.985862  0.666983 0.882023 1 2 1.000000
0  -3.906635 -5.302048 47.406200  0.027814 0.166132 -0.985711  0.670113 0.882529 1 2 1.000000
0  -3.360809 -5.391456 47.406532  0.026666 0.155989 -0.987399  0.670113 0.860807 1 2 1.000000
barc_straps
0  -2.295490 -6.411452 49.967762  0.972861 -0.228091 0.038941  0.366629 0.231604 2 2 0.754294 3 0.245706
0  -2.278402 -6.334961 49.979233  0.974997 -0.219585 0.034101  0.364453 0.231837 2 2 0.750142 3 0.249858
0  -2.435005 -6.696894 51.111420  0.900751 -0.429920 0.061783  0.363852 0.259485 3 2 0.476438 3 0.523108 4 0.000454
barc_straps
0  -4.432085 -6.352728 52.801056  -0.803160 0.556265 -0.213315  0.363588 0.322661 3 2 0.112697 3 0.762521 4 0.124782
0  -4.383036 -6.284220 52.795307  -0.803225 0.559342 -0.204854  0.361257 0.322531 3 2 0.112607 3 0.764809 4 0.122584
0  -4.159319 -6.269713 51.725071  -0.827117 0.544588 -0.138932  0.363277 0.291462 3 2 0.264190 3 0.712084 4 0.023726
barc_straps
0  -2.910291 -6.862379 53.215733  0.802340 -0.557129 0.214142  0.363588 0.322661 3 2 0.085506 3 0.765952 4 0.148542
0  -2.861397 -6.793706 53.210758  0.804315 -0.556838 0.207387  0.361257 0.322531 3 2 0.093255 3 0.760584 4 0.146161
0  -3.132385 -6.689225 54.316467  0.760401 -0.574552 0.302786  0.359655 0.350749 3 2 0.024312 3 0.630495 4 0.345193
barc_straps
0  -4.941389 -5.919830 54.829288  -0.741708 0.567022 -0.358268  0.362098 0.377639 3 2 0.008769 3 0.584194 4 0.407037
0  -4.887158 -5.855298 54.819202  -0.742070 0.566560 -0.358248  0.359758 0.377457 3 2 0.008839 3 0.585247 4 0.405914
0  -4.597830 -6.141475 53.784969  -0.758981 0.574678 -0.306093  0.359655 0.350749 3 2 0.037462 3 0.663417 4 0.299121
barc_straps
0  -2.268276 -5.650386 47.396683  0.995592 0.022157 -0.091135  0.351898 0.170979 1 2 1.000000
0  -2.269232 -5.570228 47.406895  0.995574 0.023465 -0.091005  0.349748 0.171562 1 2 1.000000
0  -2.152466 -5.771360 48.632378  0.999681 -0.019769 -0.015744  0.360389 0.203823 2 2 0.985728 3 0.014272
barc_straps
0  -3.573326 -6.192117 55.974819  0.761935 -0.553844 0.335726  0.359795 0.402065 3 2 0.000247 3 0.553671 4 0.446082
0  -3.518756 -6.132229 55.949944  0.760881 -0.555389 0.335565  0.357525 0.401491 3 2 0.000477 3 0.553916 4 0.445607
0  -3.498321 -5.746153 56.610115  0.775237 -0.556393 0.299056  0.349748 0.421886 2 3 0.550064 4 0.449936
barc_straps
0  -4.205369 -6.339180 51.727325  -0.828515 0.540654 -0.145798  0.365581 0.291525 3 2 0.265324 3 0.710333 4 0.024343
0  -4.159319 -6.269713 51.725071  -0.827117 0.544588 -0.138932  0.363277 0.291462 3 2 0.264190 3 0.712084 4 0.023726
0  -3.962370 -6.179682 50.745258  -0.895268 0.440947 -0.063719  0.363852 0.259485 3 2 0.506486 3 0.493253 4 0.000261
barc_straps
0  -3.360434 -5.471127 47.393997  0.026408 0.154575 -0.987628  0.666981 0.860291 1 2 1.000000
0  -3.360809 -5.391456 47.406532  0.026666 0.155989 -0.987399  0.670113 0.860807 1 2 1.000000
0  -2.815075 -5.480793 47.406502  0.024174 0.136677 -0.990321  0.670114 0.839091 1 2 1.000000
barc_straps
0  -5.073025 -5.193832 56.369808  -0.774973 0.556372 -0.299778  0.351928 0.422709 2 3 0.550159 4 0.449841
0  -5.019835 -5.137285 56.336918  -0.775727 0.555513 -0.299422  0.349748 0.421886 2 3 0.550234 4 0.449766
0  -5.033861 -5.527015 55.650192  -0.763152 0.557195 -0.327310  0.357525 0.401491 3 2 0.001078 3 0.555973 4 0.442949
barc_straps
0  -4.650454 -6.207642 53.791283  -0.758912 0.572327 -0.310635  0.361996 0.350860 3 2 0.037435 3 0.661049 4 0.301516
0  -4.597830 -6.141475 53.784969  -0.758981 0.574678 -0.306093  0.359655 0.350749 3 2 0.037462 3 0.663417 4 0.299121
0  -4.383036 -6.284220 52.795307  -0.803225 0.559342 -0.204854  0.361257 0.322531 3 2 0.112607 3 0.764809 4 0.122584
barc_straps
0  -3.997877 -6.252061 50.747265  -0.897447 0.431921 -0.089625  0.366081 0.259455 3 2 0.508694 3 0.491020 4 0.000286
0  -3.962370 -6.179682 50.745258  -0.895268 0.440947 -0.063719  0.363852 0.259485 3 2 0.506486 3 0.493253 4 0.000261
0  -3.843376 -5.939582 49.773666  -0.970995 0.238722 -0.013468  0.364453 0.231837 2 2 0.767647 3 0.232353
barc_straps
0  -3.462674 -6.504161 55.277866  0.740566 -0.562376 0.367826  0.362098 0.377639 3 2 0.003354 3 0.572173 4 0.424473
0  -3.408093 -6.440109 55.266167  0.739941 -0.563028 0.368086  0.359758 0.377457 3 2 0.004800 3 0.571666 4 0.423534
0  -3.518756 -6.132229 55.949944  0.760881 -0.555389 0.335565  0.357525 0.401491 3 2 0.000477 3 0.553916 4 0.445607
barc_straps
0  -3.551445 -5.802320 56.643711  0.037752 0.486210 0.873026  0.670235 0.579362 2 3 0.550032 4 0.449968
0  -3.498321 -5.746153 56.610115  0.037864 0.486361 0.872937  0.667637 0.577964 2 3 0.550064 4 0.449936
0  -4.005493 -5.543210 56.519024  0.036741 0.484491 0.874024  0.667632 0.598760 2 3 0.550107 4 0.449893
barc_straps
0  -2.469670 -6.769598 51.105213  0.896125 -0.437371 0.075282  0.366081 0.259455 3 2 0.470315 3 0.529227 4 0.000458
0  -2.435005 -6.696894 51.111420  0.900751 -0.429920 0.061783  0.363852 0.259485 3 2 0.476438 3 0.523108 4 0.000454
0  -2.638585 -6.804385 52.125793  0.829157 -0.540023 0.144477  0.363277 0.291462 3 2 0.237792 3 0.732866 4 0.029342
barc_straps
0  -3.792456 -5.649934 48.591686  -0.999502 0.025247 0.018924  0.362564 0.203368 2 2 0.989215 3 0.010785
0  -3.790220 -5.570002 48.600113  -0.998968 0.028341 0.035496  0.360389 0.203823 2 2 0.988345 3 0.011655
0  -3.906635 -5.302048 47.406200  -0.995702 -0.015843 0.091252  0.349748 0.171562 1 2 1.000000
barc_straps
0  -2.154278 -5.850904 48.620945  0.999671 -0.025597 -0.001766  0.362564 0.203368 2 2 0.999421 3 0.000579
0  -2.152466 -5.771360 48.632378  0.999681 -0.019769 -0.015744  0.360389 0.203823 2 2 0.985728 3 0.014272
0  -2.278402 -6.334961 49.979233  0.974997 -0.219585 0.034101  0.364453 0.231837 2 2 0.750142 3 0.249858
barc_straps
0  -4.565835 -5.396680 56.461079  0.034581 0.480481 0.876323  0.670237 0.620950 2 3 0.550105 4 0.449895
0  -4.512661 -5.340222 56.428013  0.034693 0.480787 0.876151  0.667626 0.619557 2 3 0.550162 4 0.449838
0  -5.019835 -5.137285 56.336918  0.033689 0.478848 0.877251  0.667621 0.640353 2 3 0.550234 4 0.449766
barc_straps
0  -4.058637 -5.599478 56.552437  0.036628 0.484181 0.874201  0.670235 0.600156 2 3 0.550062 4 0.449938
0  -4.005493 -5.543210 56.519024  0.036741 0.484491 0.874024  0.667632 0.598760 2 3 0.550107 4 0.449893
0  -4.512661 -5.340222 56.428013  0.034693 0.480787 0.876151  0.667626 0.619557 2 3 0.550162 4 0.449838
barc_straps
0  -2.814302 -5.560806 47.395554  0.023919 0.135330 -0.990512  0.666979 0.838554 1 2 1.000000
0  -2.815075 -5.480793 47.406502  0.024174 0.136677 -0.990321  0.670114 0.839091 1 2 1.000000
0  -2.269232 -5.570228 47.406895  0.022822 0.127381 -0.991591  0.670114 0.817369 1 2 1.000000
barc_straps
0  -5.088272 -5.587342 55.674213  -0.762218 0.558235 -0.327716  0.359795 0.402065 3 2 0.000996 3 0.555397 4 0.443607
0  -5.033861 -5.527015 55.650192  -0.763152 0.557195 -0.327310  0.357525 0.401491 3 2 0.001078 3 0.555973 4 0.442949
0  -4.887158 -5.855298 54.819202  -0.742070 0.566560 -0.358248  0.359758 0.377457 3 2 0.008839 3 0.585247 4 0.405914
barc_straps
0  -2.684326 -6.874123 52.125923  0.826541 -0.542673 0.149453  0.365581 0.291525 3 2 0.226913 3 0.743187 4 0.029900
0  -2.638585 -6.804385 52.125793  0.829157 -0.540023 0.144477  0.363277 0.291462 3 2 0.237792 3 0.732866 4 0.029342
0  -2.861397 -6.793706 53.210758  0.804315 -0.556838 0.207387  0.361257 0.322531 3 2 0.093255 3 0.760584 4 0.146161
barc_straps
0  -3.184886 -6.755519 54.322216  0.758216 -0.573882 0.309463  0.361996 0.350860 3 2 0.019777 3 0.633187 4 0.347036
0  -3.132385 -6.689225 54.316467  0.760401 -0.574552 0.302786  0.359655 0.350749 3 2 0.024312 3 0.630495 4 0.345193
0  -3.408093 -6.440109 55.266167  0.739941 -0.563028 0.368086  0.359758 0.377457 3 2 0.004800 3 0.571666 4 0.423534
barc_straps
0  -3.861881 -6.016579 49.773201  -0.972581 0.229760 -0.036019  0.366629 0.231604 2 2 0.770715 3 0.229285
0  -3.843376 -5.939582 49.773666  -0.970995 0.238722 -0.013468  0.364453 0.231837 2 2 0.767647 3 0.232353
0  -3.790220 -5.570002 48.600113  -0.998968 0.028341 0.035496  0.360389 0.203823 2 2 0.988345 3 0.011655
barc_straps
0  3.080002 -5.488951 46.719772  0.181643 -0.948579 -0.259239  0.216687 0.676615 1 2 1.000000
0  3.613625 -5.614524 47.535896  0.172396 -0.943394 -0.283351  0.239906 0.688695 1 2 1.000000
0  3.096832 -5.690353 47.479465  0.170413 -0.945237 -0.278363  0.227261 0.694677 1 2 1.000000
barc_straps
0  2.561935 -5.592196 46.728165  0.181896 -0.951719 -0.247274  0.204878 0.684251 1 2 1.000000
0  3.096832 -5.690353 47.479465  0.170413 -0.945237 -0.278363  0.227261 0.694677 1 2 1.000000
0  2.580084 -5.766226 47.423332  0.170113 -0.947542 -0.270601  0.214618 0.700662 1 2 1.000000
barc_straps
0  2.043819 -5.695402 46.736382  0.177741 -0.955058 -0.237220  0.193064 0.691877 1 2 1.000000
0  2.580084 -5.766226 47.423332  0.170113 -0.947542 -0.270601  0.214618 0.700662 1 2 1.000000
0  2.063293 -5.842044 47.366940  0.167107 -0.950298 -0.262694  0.201972 0.706635 1 2 1.000000
barc_straps
0  3.096832 -5.690353 47.479465  0.170413 -0.945237 -0.278363  0.227261 0.694677 1 2 1.000000
0  3.538938 -6.077559 48.914783  0.160807 -0.943740 -0.288958  0.252397 0.711373 2 2 0.999597 3 0.000403
0  3.036654 -6.116874 48.765053  0.160856 -0.943678 -0.289133  0.238847 0.714874 2 2 0.999830 3 0.000170
barc_straps
0  2.580084 -5.766226 47.423332  0.170113 -0.947542 -0.270601  0.214618 0.700662 1 2 1.000000
0  3.036654 -6.116874 48.765053  0.160856 -0.943678 -0.289133  0.238847 0.714874 2 2 0.999830 3 0.000170
0  2.534150 -6.156248 48.615852  0.160928 -0.943641 -0.289214  0.225298 0.718393 2 2 0.999936 3 0.000064
barc_straps
0  2.063293 -5.842044 47.366940  0.167107 -0.950298 -0.262694  0.201972 0.706635 1 2 1.000000
0  2.534150 -6.156248 48.615852  0.160928 -0.943641 -0.289214  0.225298 0.718393 2 2 0.999936 3 0.000064
0  2.031875 -6.195566 48.466270  0.161081 -0.943644 -0.289118  0.211752 0.721905 2 2 0.999978 3 0.000022
barc_straps
0  3.036654 -6.116874 48.765053  0.160856 -0.943678 -0.289133  0.238847 0.714874 2 2 0.999830 3 0.000170
0  3.081777 -6.436676 49.897858  0.157247 -0.951826 -0.263251  0.258708 0.740499 2 2 0.913011 3 0.086989
0  2.593805 -6.461169 49.692989  0.154049 -0.953030 -0.260774  0.244748 0.742529 2 2 0.939576 3 0.060424
barc_straps
0  2.534150 -6.156248 48.615852  0.160928 -0.943641 -0.289214  0.225298 0.718393 2 2 0.999936 3 0.000064
0  2.593805 -6.461169 49.692989  0.154049 -0.953030 -0.260774  0.244748 0.742529 2 2 0.939576 3 0.060424
0  2.105596 -6.485677 49.488369  0.151733 -0.954864 -0.255366  0.230786 0.744567 2 2 0.962740 3 0.037260
barc_straps
0  2.031875 -6.195566 48.466270  0.161081 -0.943644 -0.289118  0.211752 0.721905 2 2 0.999978 3 0.000022
0  2.105596 -6.485677 49.488369  0.151733 -0.954864 -0.255366  0.230786 0.744567 2 2 0.962740 3 0.037260
0  1.617602 -6.510168 49.283535  0.147673 -0.957002 -0.249679  0.216824 0.746594 2 2 0.979975 3 0.020025
barc_straps
0  2.593805 -6.461169 49.692989  0.154049 -0.953030 -0.260774  0.244748 0.742529 2 2 0.939576 3 0.060424
0  1.914623 -7.007467 51.369690  0.071504 -0.978892 -0.191464  0.251103 0.796363 2 2 0.525980 3 0.474020
0  1.432375 -6.998699 51.158459  0.059813 -0.983419 -0.171198  0.237191 0.798160 2 2 0.557882 3 0.442118
barc_straps
0  2.105596 -6.485677 49.488369  0.151733 -0.954864 -0.255366  0.230786 0.744567 2 2 0.962740 3 0.037260
0  1.432375 -6.998699 51.158459  0.059813 -0.983419 -0.171198  0.237191 0.798160 2 2 0.557882 3 0.442118
0  0.949965 -6.989950 50.947685  0.056734 -0.984804 -0.164141  0.223278 0.799956 2 2 0.591898 3 0.408102
barc_straps
0  1.617602 -6.510168 49.283535  0.147673 -0.957002 -0.249679  0.216824 0.746594 2 2 0.979975 3 0.020025
0  0.949965 -6.989950 50.947685  0.056734 -0.984804 -0.164141  0.223278 0.799956 2 2 0.591898 3 0.408102
0  0.467745 -6.981172 50.736507  0.047012 -0.987854 -0.148104  0.209363 0.801724 2 2 0.626967 3 0.373033
barc_straps
0  1.432375 -6.998699 51.158459  0.059813 -0.983419 -0.171198  0.237191 0.798160 2 2 0.557882 3 0.442118
0  -0.093865 -7.221755 53.641037  -0.003617 -0.999732 -0.022874  0.235790 0.882177 3 2 0.069401 3 0.805468 4 0.125131
0  -0.581283 -7.215592 53.445938  -0.015952 -0.999852 -0.006365  0.221922 0.884025 3 2 0.082020 3 0.806969 4 0.111011
barc_straps
0  0.949965 -6.989950 50.947685  0.056734 -0.984804 -0.164141  0.223278 0.799956 2 2 0.591898 3 0.408102
0  -0.581283 -7.215592 53.445938  -0.015952 -0.999852 -0.006365  0.221922 0.884025 3 2 0.082020 3 0.806969 4 0.111011
0  -1.069004 -7.209406 53.251289  -0.021365 -0.999734 0.008647  0.208053 0.885899 3 2 0.095793 3 0.806080 4 0.098127
barc_straps
0  0.467745 -6.981172 50.736507  0.047012 -0.987854 -0.148104  0.209363 0.801724 2 2 0.626967 3 0.373033
0  -1.069004 -7.209406 53.251289  -0.021365 -0.999734 0.008647  0.208053 0.885899 3 2 0.095793 3 0.806080 4 0.098127
0  -1.556346 -7.203222 53.056137  -0.035048 -0.998893 0.031381  0.194193 0.887767 3 2 0.111010 3 0.802691 4 0.086299
barc_straps
0  -0.581283 -7.215592 53.445938  -0.015952 -0.999852 -0.006365  0.221922 0.884025 3 2 0.082020 3 0.806969 4 0.111011
0  -0.938565 -7.122427 54.925632  -0.139251 -0.984401 0.107536  0.234072 0.924911 3 2 0.009630 3 0.621371 4 0.368999
0  -1.450178 -7.056672 54.813122  -0.155770 -0.977935 0.139207  0.220402 0.928186 3 2 0.011633 3 0.624336 4 0.364031
barc_straps
0  -1.069004 -7.209406 53.251289  -0.021365 -0.999734 0.008647  0.208053 0.885899 3 2 0.095793 3 0.806080 4 0.098127
0  -1.450178 -7.056672 54.813122  -0.155770 -0.977935 0.139207  0.220402 0.928186 3 2 0.011633 3 0.624336 4 0.364031
0  -1.961917 -6.990885 54.700821  -0.161239 -0.972562 0.167706  0.206731 0.931477 3 2 0.013930 3 0.627075 4 0.358995
barc_straps
0  -1.556346 -7.203222 53.056137  -0.035048 -0.998893 0.031381  0.194193 0.887767 3 2 0.111010 3 0.802691 4 0.086299
0  -1.961917 -6.990885 54.700821  -0.161239 -0.972562 0.167706  0.206731 0.931477 3 2 0.013930 3 0.627075 4 0.358995
0  -2.473516 -6.925129 54.588287  -0.174093 -0.965525 0.193527  0.193064 0.934769 3 2 0.016556 3 0.629948 4 0.353496
barc_straps
0  -1.450178 -7.056672 54.813122  -0.155770 -0.977935 0.139207  0.220402 0.928186 3 2 0.011633 3 0.624336 4 0.364031
0  -1.149488 -6.962188 55.497868  -0.201974 -0.951619 0.231578  0.239973 0.942977 3 2 0.001884 3 0.575215 4 0.422901
0  -1.666808 -6.862361 55.435478  -0.207690 -0.947572 0.242842  0.226520 0.947267 3 2 0.002264 3 0.575212 4 0.422524
barc_straps
0  -1.961917 -6.990885 54.700821  -0.161239 -0.972562 0.167706  0.206731 0.931477 3 2 0.013930 3 0.627075 4 0.358995
0  -1.666808 -6.862361 55.435478  -0.207690 -0.947572 0.242842  0.226520 0.947267 3 2 0.002264 3 0.575212 4 0.422524
0  -2.184117 -6.762550 55.373035  -0.209088 -0.944102 0.254859  0.213064 0.951558 3 2 0.002696 3 0.575160 4 0.422144
barc_straps
0  -2.473516 -6.925129 54.588287  -0.174093 -0.965525 0.193527  0.193064 0.934769 3 2 0.016556 3 0.629948 4 0.353496
0  -2.184117 -6.762550 55.373035  -0.209088 -0.944102 0.254859  0.213064 0.951558 3 2 0.002696 3 0.575160 4 0.422144
0  -2.701437 -6.662718 55.310658  -0.212729 -0.942172 0.258955  0.199610 0.955854 3 2 0.003202 3 0.575030 4 0.421768
barc_straps
0  -1.666808 -6.862361 55.435478  -0.207690 -0.947572 0.242842  0.226520 0.947267 3 2 0.002264 3 0.575212 4 0.422524
0  -1.278174 -6.744670 56.211071  -0.214809 -0.924193 0.315792  0.246173 0.961856 3 2 0.000027 3 0.554029 4 0.445944
0  -1.796181 -6.644654 56.151901  -0.214769 -0.923482 0.317891  0.232738 0.966231 3 2 0.000060 3 0.554047 4 0.445893
barc_straps
0  -2.184117 -6.762550 55.373035  -0.209088 -0.944102 0.254859  0.213064 0.951558 3 2 0.002696 3 0.575160 4 0.422144
0  -1.796181 -6.644654 56.151901  -0.214769 -0.923482 0.317891  0.232738 0.966231 3 2 0.000060 3 0.554047 4 0.445893
0  -2.314188 -6.544640 56.092720  -0.214743 -0.923653 0.317412  0.219302 0.970607 3 2 0.000108 3 0.554050 4 0.445842
barc_straps
0  -2.701437 -6.662718 55.310658  -0.212729 -0.942172 0.258955  0.199610 0.955854 3 2 0.003202 3 0.575030 4 0.421768
0  -2.314188 -6.544640 56.092720  -0.214743 -0.923653 0.317412  0.219302 0.970607 3 2 0.000108 3 0.554050 4 0.445842
0  -2.832196 -6.444624 56.033554  -0.214703 -0.922851 0.319763  0.205866 0.974983 3 2 0.000165 3 0.554044 4 0.445791
barc_straps
0  -1.796181 -6.644654 56.151901  -0.214769 -0.923482 0.317891  0.232738 0.966231 3 2 0.000060 3 0.554047 4 0.445893
0  -1.299402 -6.433325 56.923698  -0.217180 -0.896845 0.385360  0.252587 0.981543 2 3 0.550011 4 0.449989
0  -1.817408 -6.333304 56.864540  -0.217181 -0.896845 0.385358  0.239152 0.985919 2 3 0.550012 4 0.449988
barc_straps
0  -2.314188 -6.544640 56.092720  -0.214743 -0.923653 0.317412  0.219302 0.970607 3 2 0.000108 3 0.554050 4 0.445842
0  -1.817408 -6.333304 56.864540  -0.217181 -0.896845 0.385358  0.239152 0.985919 2 3 0.550012 4 0.449988
0  -2.335414 -6.233284 56.805386  -0.217176 -0.896847 0.385357  0.225717 0.990296 2 3 0.550014 4 0.449986
barc_straps
0  -2.832196 -6.444624 56.033554  -0.214703 -0.922851 0.319763  0.205866 0.974983 3 2 0.000165 3 0.554044 4 0.445791
0  -2.335414 -6.233284 56.805386  -0.217176 -0.896847 0.385357  0.225717 0.990296 2 3 0.550014 4 0.449986
0  -2.853425 -6.133261 56.746227  -0.217177 -0.896846 0.385359  0.212282 0.994673 2 3 0.550015 4 0.449985
barc_straps
0  -2.814302 -5.560806 47.395554  -0.154276 -0.975297 -0.158098  0.223793 0.308520 1 2 1.000000
0  -2.154278 -5.850904 48.620945  -0.117391 -0.952031 -0.282587  0.253694 0.343678 2 2 0.999421 3 0.000579
0  -2.700422 -5.783854 48.610867  -0.119222 -0.953575 -0.276551  0.236103 0.346892 2 2 0.988650 3 0.011350
barc_straps
0  -3.360434 -5.471127 47.393997  -0.153703 -0.972153 -0.176904  0.206158 0.311867 1 2 1.000000
0  -2.700422 -5.783854 48.610867  -0.119222 -0.953575 -0.276551  0.236103 0.346892 2 2 0.988650 3 0.011350
0  -3.246399 -5.716910 48.601303  -0.120090 -0.955109 -0.270822  0.218513 0.350089 2 2 0.988898 3 0.011102
barc_straps
0  -3.906475 -5.381520 47.392811  -0.147014 -0.970881 -0.189148  0.188533 0.315202 1 2 1.000000
0  -3.246399 -5.716910 48.601303  -0.120090 -0.955109 -0.270822  0.218513 0.350089 2 2 0.988898 3 0.011102
0  -3.792456 -5.649934 48.591686  -0.123193 -0.956432 -0.264690  0.200937 0.353244 2 2 0.989215 3 0.010785
barc_straps
0  -2.700422 -5.783854 48.610867  -0.119222 -0.953575 -0.276551  0.236103 0.346892 2 2 0.988650 3 0.011350
0  -2.295490 -6.411452 49.967762  -0.179687 -0.920792 -0.346200  0.259823 0.382913 2 2 0.754294 3 0.245706
0  -2.817697 -6.279832 49.902325  -0.189563 -0.923624 -0.333144  0.242216 0.384014 2 2 0.759244 3 0.240756
barc_straps
0  -3.246399 -5.716910 48.601303  -0.120090 -0.955109 -0.270822  0.218513 0.350089 2 2 0.988898 3 0.011102
0  -2.817697 -6.279832 49.902325  -0.189563 -0.923624 -0.333144  0.242216 0.384014 2 2 0.759244 3 0.240756
0  -3.339721 -6.148314 49.838337  -0.194924 -0.931589 -0.306833  0.224590 0.385130 2 2 0.764423 3 0.235577
barc_straps
0  -3.792456 -5.649934 48.591686  -0.123193 -0.956432 -0.264690  0.200937 0.353244 2 2 0.989215 3 0.010785
0  -3.339721 -6.148314 49.838337  -0.194924 -0.931589 -0.306833  0.224590 0.385130 2 2 0.764423 3 0.235577
0  -3.861881 -6.016579 49.773201  -0.207159 -0.934691 -0.288855  0.206979 0.386183 2 2 0.770715 3 0.229285
barc_straps
0  -2.817697 -6.279832 49.902325  -0.189563 -0.923624 -0.333144  0.242216 0.384014 2 2 0.759244 3 0.240756
0  -2.469670 -6.769598 51.105213  -0.257878 -0.938722 -0.228690  0.259446 0.421059 3 2 0.470315 3 0.529227 4 0.000458
0  -2.978923 -6.597175 50.985439  -0.261758 -0.938010 -0.227200  0.241566 0.420251 3 2 0.482669 3 0.516938 4 0.000393
barc_straps
0  -3.339721 -6.148314 49.838337  -0.194924 -0.931589 -0.306833  0.224590 0.385130 2 2 0.764423 3 0.235577
0  -2.978923 -6.597175 50.985439  -0.261758 -0.938010 -0.227200  0.241566 0.420251 3 2 0.482669 3 0.516938 4 0.000393
0  -3.488509 -6.424604 50.866840  -0.265328 -0.940092 -0.214074  0.223647 0.419543 3 2 0.495278 3 0.504383 4 0.000339
barc_straps
0  -3.861881 -6.016579 49.773201  -0.207159 -0.934691 -0.288855  0.206979 0.386183 2 2 0.770715 3 0.229285
0  -3.488509 -6.424604 50.866840  -0.265328 -0.940092 -0.214074  0.223647 0.419543 3 2 0.495278 3 0.504383 4 0.000339
0  -3.997877 -6.252061 50.747265  -0.270703 -0.939863 -0.208272  0.205742 0.418881 3 2 0.508694 3 0.491020 4 0.000286
barc_straps
0  -2.978923 -6.597175 50.985439  -0.261758 -0.938010 -0.227200  0.241566 0.420251 3 2 0.482669 3 0.516938 4 0.000393
0  -2.684326 -6.874123 52.125923  -0.304610 -0.946846 -0.103415  0.257959 0.459863 3 2 0.226913 3 0.743187 4 0.029900
0  -3.191293 -6.695840 51.992931  -0.303336 -0.946916 -0.106478  0.240035 0.458729 3 2 0.239559 3 0.732525 4 0.027916
barc_straps
0  -3.488509 -6.424604 50.866840  -0.265328 -0.940092 -0.214074  0.223647 0.419543 3 2 0.495278 3 0.504383 4 0.000339
0  -3.191293 -6.695840 51.992931  -0.303336 -0.946916 -0.106478  0.240035 0.458729 3 2 0.239559 3 0.732525 4 0.027916
0  -3.698389 -6.517479 51.860275  -0.302851 -0.946876 -0.108198  0.222096 0.457623 3 2 0.252204 3 0.721709 4 0.026087
barc_straps
0  -3.997877 -6.252061 50.747265  -0.270703 -0.939863 -0.208272  0.205742 0.418881 3 2 0.508694 3 0.491020 4 0.000286
0  -3.698389 -6.517479 51.860275  -0.302851 -0.946876 -0.108198  0.222096 0.457623 3 2 0.252204 3 0.721709 4 0.026087
0  -4.205369 -6.339180 51.727325  -0.301654 -0.946989 -0.110528  0.204154 0.456526 3 2 0.265324 3 0.710333 4 0.024343
barc_straps
0  -3.191293 -6.695840 51.992931  -0.303336 -0.946916 -0.106478  0.240035 0.458729 3 2 0.239559 3 0.732525 4 0.027916
0  -2.910291 -6.862379 53.215733  -0.314033 -0.949136 -0.022897  0.257285 0.497907 3 2 0.085506 3 0.765952 4 0.148542
0  -3.417537 -6.692507 53.077469  -0.315876 -0.948568 -0.021001  0.239435 0.496318 3 2 0.094218 3 0.765500 4 0.140282
barc_straps
0  -3.698389 -6.517479 51.860275  -0.302851 -0.946876 -0.108198  0.222096 0.457623 3 2 0.252204 3 0.721709 4 0.026087
0  -3.417537 -6.692507 53.077469  -0.315876 -0.948568 -0.021001  0.239435 0.496318 3 2 0.094218 3 0.765500 4 0.140282
0  -3.924839 -6.522602 52.939312  -0.317267 -0.948198 -0.016181  0.221579 0.494735 3 2 0.103018 3 0.764636 4 0.132346
barc_straps
0  -4.205369 -6.339180 51.727325  -0.301654 -0.946989 -0.110528  0.204154 0.456526 3 2 0.265324 3 0.710333 4 0.024343
0  -3.924839 -6.522602 52.939312  -0.317267 -0.948198 -0.016181  0.221579 0.494735 3 2 0.103018 3 0.764636 4 0.132346
0  -4.432085 -6.352728 52.801056  -0.319499 -0.947477 -0.014440  0.203722 0.493152 3 2 0.112697 3 0.762521 4 0.124782
barc_straps
0  -3.417537 -6.692507 53.077469  -0.315876 -0.948568 -0.021001  0.239435 0.496318 3 2 0.094218 3 0.765500 4 0.140282
0  -3.184886 -6.755519 54.322216  -0.367507 -0.927132 0.073242  0.253859 0.536081 3 2 0.019777 3 0.633187 4 0.347036
0  -3.673395 -6.572901 54.145226  -0.372170 -0.924843 0.078448  0.236301 0.532788 3 2 0.024814 3 0.642040 4 0.333146
barc_straps
0  -3.924839 -6.522602 52.939312  -0.317267 -0.948198 -0.016181  0.221579 0.494735 3 2 0.103018 3 0.764636 4 0.132346
0  -3.673395 -6.572901 54.145226  -0.372170 -0.924843 0.078448  0.236301 0.532788 3 2 0.024814 3 0.642040 4 0.333146
0  -4.161927 -6.390272 53.968239  -0.375189 -0.922589 0.089793  0.218741 0.529496 3 2 0.030668 3 0.651373 4 0.317959
barc_straps
0  -4.432085 -6.352728 52.801056  -0.319499 -0.947477 -0.014440  0.203722 0.493152 3 2 0.112697 3 0.762521 4 0.124782
0  -4.161927 -6.390272 53.968239  -0.375189 -0.922589 0.089793  0.218741 0.529496 3 2 0.030668 3 0.651373 4 0.317959
0  -4.650454 -6.207642 53.791283  -0.380274 -0.919883 0.095958  0.201180 0.526205 3 2 0.037435 3 0.661049 4 0.301516
barc_straps
0  -3.673395 -6.572901 54.145226  -0.372170 -0.924843 0.078448  0.236301 0.532788 3 2 0.024814 3 0.642040 4 0.333146
0  -3.462674 -6.504161 55.277866  -0.413600 -0.883938 0.218148  0.248595 0.566396 3 2 0.003354 3 0.572173 4 0.424473
0  -3.955579 -6.309395 55.128304  -0.411910 -0.884905 0.217422  0.230998 0.563321 3 2 0.004775 3 0.576095 4 0.419130
barc_straps
0  -4.161927 -6.390272 53.968239  -0.375189 -0.922589 0.089793  0.218741 0.529496 3 2 0.030668 3 0.651373 4 0.317959
0  -3.955579 -6.309395 55.128304  -0.411910 -0.884905 0.217422  0.230998 0.563321 3 2 0.004775 3 0.576095 4 0.419130
0  -4.448476 -6.114615 54.978794  -0.411252 -0.886511 0.212060  0.213402 0.560246 3 2 0.006552 3 0.579963 4 0.413485
barc_straps
0  -4.650454 -6.207642 53.791283  -0.380274 -0.919883 0.095958  0.201180 0.526205 3 2 0.037435 3 0.661049 4 0.301516
0  -4.448476 -6.114615 54.978794  -0.411252 -0.886511 0.212060  0.213402 0.560246 3 2 0.006552 3 0.579963 4 0.413485
0  -4.941389 -5.919830 54.829288  -0.410025 -0.887302 0.211127  0.195805 0.557171 3 2 0.008769 3 0.584194 4 0.407037
barc_straps
0  -3.955579 -6.309395 55.128304  -0.411910 -0.884905 0.217422  0.230998 0.563321 3 2 0.004775 3 0.576095 4 0.419130
0  -3.573326 -6.192117 55.974819  -0.411801 -0.825265 0.386468  0.244398 0.589942 3 2 0.000247 3 0.553671 4 0.446082
0  -4.078307 -5.990491 55.874695  -0.408571 -0.828440 0.383089  0.226524 0.588471 3 2 0.000428 3 0.554222 4 0.445350
barc_straps
0  -4.448476 -6.114615 54.978794  -0.411252 -0.886511 0.212060  0.213402 0.560246 3 2 0.006552 3 0.579963 4 0.413485
0  -4.078307 -5.990491 55.874695  -0.408571 -0.828440 0.383089  0.226524 0.588471 3 2 0.000428 3 0.554222 4 0.445350
0  -4.583284 -5.788976 55.774319  -0.408224 -0.832891 0.373691  0.208650 0.586992 3 2 0.000674 3 0.554802 4 0.444524
barc_straps
0  -4.941389 -5.919830 54.829288  -0.410025 -0.887302 0.211127  0.195805 0.557171 3 2 0.008769 3 0.584194 4 0.407037
0  -4.583284 -5.788976 55.774319  -0.408224 -0.832891 0.373691  0.208650 0.586992 3 2 0.000674 3 0.554802 4 0.444524
0  -5.088272 -5.587342 55.674213  -0.405541 -0.834868 0.372199  0.190775 0.585523 3 2 0.000996 3 0.555397 4 0.443607
barc_straps
0  -4.078307 -5.990491 55.874695  -0.408571 -0.828440 0.383089  0.226524 0.588471 3 2 0.000428 3 0.554222 4 0.445350
0  -3.551445 -5.802320 56.643711  -0.402105 -0.786924 0.468041  0.242304 0.614977 2 3 0.550032 4 0.449968
0  -4.058637 -5.599478 56.552437  -0.400930 -0.789245 0.465132  0.224381 0.613769 2 3 0.550062 4 0.449938
barc_straps
0  -4.583284 -5.788976 55.774319  -0.408224 -0.832891 0.373691  0.208650 0.586992 3 2 0.000674 3 0.554802 4 0.444524
0  -4.058637 -5.599478 56.552437  -0.400930 -0.789245 0.465132  0.224381 0.613769 2 3 0.550062 4 0.449938
0  -4.565835 -5.396680 56.461079  -0.401099 -0.791769 0.460674  0.206457 0.612560 2 3 0.550105 4 0.449895
barc_straps
0  -5.088272 -5.587342 55.674213  -0.405541 -0.834868 0.372199  0.190775 0.585523 3 2 0.000996 3 0.555397 4 0.443607
0  -4.565835 -5.396680 56.461079  -0.401099 -0.791769 0.460674  0.206457 0.612560 2 3 0.550105 4 0.449895
0  -5.073025 -5.193832 56.369808  -0.399943 -0.793950 0.457917  0.188533 0.611355 2 3 0.550159 4 0.449841
barc_straps
0  3.028673 -5.409527 46.730530  -0.181652 0.948536 0.259388  0.216687 0.676615 1 2 1.000000
0  3.563633 -5.534101 47.543530  -0.172552 0.943168 0.284008  0.239906 0.688695 1 2 1.000000
0  3.546921 -5.306428 46.722816  -0.184257 0.946138 0.266220  0.228502 0.668981 1 2 1.000000
barc_straps
0  2.510345 -5.512565 46.737946  -0.181915 0.951666 0.247464  0.204878 0.684251 1 2 1.000000
0  3.046886 -5.609737 47.486237  -0.170625 0.945020 0.278970  0.227261 0.694677 1 2 1.000000
0  3.028673 -5.409527 46.730530  -0.181652 0.948536 0.259388  0.216687 0.676615 1 2 1.000000
barc_straps
0  1.992069 -5.615642 46.745529  -0.177741 0.955010 0.237411  0.193064 0.691877 1 2 1.000000
0  2.530090 -5.685328 47.428646  -0.170381 0.947301 0.271276  0.214618 0.700662 1 2 1.000000
0  2.510345 -5.512565 46.737946  -0.181915 0.951666 0.247464  0.204878 0.684251 1 2 1.000000
barc_straps
0  3.046886 -5.609737 47.486237  -0.170625 0.945020 0.278970  0.227261 0.694677 1 2 1.000000
0  3.494346 -5.995108 48.914135  -0.161148 0.943380 0.289941  0.252397 0.711373 2 2 0.999682 3 0.000318
0  3.563633 -5.534101 47.543530  -0.172552 0.943168 0.284008  0.239906 0.688695 1 2 1.000000
barc_straps
0  2.530090 -5.685328 47.428646  -0.170381 0.947301 0.271276  0.214618 0.700662 1 2 1.000000
0  2.991940 -6.034406 48.764126  -0.161445 0.943259 0.290168  0.238847 0.714874 2 2 0.999738 3 0.000262
0  3.046886 -5.609737 47.486237  -0.170625 0.945020 0.278970  0.227261 0.694677 1 2 1.000000
barc_straps
0  2.013338 -5.760970 47.371315  -0.167339 0.950101 0.263260  0.201972 0.706635 1 2 1.000000
0  2.489755 -6.073641 48.613586  -0.161688 0.943155 0.290371  0.225298 0.718393 2 2 0.999929 3 0.000071
0  2.530090 -5.685328 47.428646  -0.170381 0.947301 0.271276  0.214618 0.700662 1 2 1.000000
barc_straps
0  2.991940 -6.034406 48.764126  -0.161445 0.943259 0.290168  0.238847 0.714874 2 2 0.999738 3 0.000262
0  3.044561 -6.353410 49.893715  -0.157675 0.951585 0.263865  0.258708 0.740499 2 2 0.935418 3 0.064582
0  3.494346 -5.995108 48.914135  -0.161148 0.943380 0.289941  0.252397 0.711373 2 2 0.999682 3 0.000318
barc_straps
0  2.489755 -6.073641 48.613586  -0.161688 0.943155 0.290371  0.225298 0.718393 2 2 0.999929 3 0.000071
0  2.556703 -6.377884 49.688408  -0.154651 0.952785 0.261311  0.244748 0.742529 2 2 0.920340 3 0.079660
0  2.991940 -6.034406 48.764126  -0.161445 0.943259 0.290168  0.238847 0.714874 2 2 0.999738 3 0.000262
barc_straps
0  1.987346 -6.112933 48.463425  -0.161711 0.943141 0.290405  0.211752 0.721905 2 2 0.999976 3 0.000024
0  2.069077 -6.402345 49.482857  -0.152412 0.954590 0.255986  0.230786 0.744567 2 2 0.962807 3 0.037193
0  2.489755 -6.073641 48.613586  -0.161688 0.943155 0.290371  0.225298 0.718393 2 2 0.999929 3 0.000071
barc_straps
0  2.556703 -6.377884 49.688408  -0.154651 0.952785 0.261311  0.244748 0.742529 2 2 0.920340 3 0.079660
0  1.889000 -6.924260 51.370541  -0.071788 0.978870 0.191468  0.251103 0.796363 2 2 0.551771 3 0.448229
0  3.044561 -6.353410 49.893715  -0.157675 0.951585 0.263865  0.258708 0.740499 2 2 0.935418 3 0.064582
barc_straps
0  2.069077 -6.402345 49.482857  -0.152412 0.954590 0.255986  0.230786 0.744567 2 2 0.962807 3 0.037193
0  1.407543 -6.915461 51.158718  -0.060363 0.983324 0.171552  0.237191 0.798160 2 2 0.522436 3 0.477564
0  2.556703 -6.377884 49.688408  -0.154651 0.952785 0.261311  0.244748 0.742529 2 2 0.920340 3 0.079660
barc_straps
0  1.581241 -6.426823 49.277515  -0.148301 0.956685 0.250521  0.216824 0.746594 2 2 0.979888 3 0.020112
0  0.926249 -6.906647 50.946434  -0.057355 0.984686 0.164635  0.223278 0.799956 2 2 0.587606 3 0.412394
0  2.069077 -6.402345 49.482857  -0.152412 0.954590 0.255986  0.230786 0.744567 2 2 0.962807 3 0.037193
barc_straps
0  1.407543 -6.915461 51.158718  -0.060363 0.983324 0.171552  0.237191 0.798160 2 2 0.522436 3 0.477564
0  -0.108924 -7.141818 53.638359  0.003421 0.999724 0.023245  0.235790 0.882177 3 2 0.079543 3 0.794154 4 0.126303
0  1.889000 -6.924260 51.370541  -0.071788 0.978870 0.191468  0.251103 0.796363 2 2 0.551771 3 0.448229
barc_straps
0  0.926249 -6.906647 50.946434  -0.057355 0.984686 0.164635  0.223278 0.799956 2 2 0.587606 3 0.412394
0  -0.595699 -7.135659 53.442226  0.015748 0.999853 0.006813  0.221922 0.884025 3 2 0.069474 3 0.818586 4 0.111940
0  1.407543 -6.915461 51.158718  -0.060363 0.983324 0.171552  0.237191 0.798160 2 2 0.522436 3 0.477564
barc_straps
0  0.444759 -6.897859 50.734558  -0.047697 0.987681 0.149033  0.209363 0.801724 2 2 0.623133 3 0.376867
0  -1.082171 -7.129528 53.245636  0.021119 0.999744 -0.008096  0.208053 0.885899 3 2 0.094577 3 0.806707 4 0.098716
0  0.926249 -6.906647 50.946434  -0.057355 0.984686 0.164635  0.223278 0.799956 2 2 0.587606 3 0.412394
barc_straps
0  -0.595699 -7.135659 53.442226  0.015748 0.999853 0.006813  0.221922 0.884025 3 2 0.069474 3 0.818586 4 0.111940
0  -0.932040 -7.043701 54.919537  0.139536 0.984186 -0.109125  0.234072 0.924911 3 2 0.011479 3 0.620013 4 0.368508
0  -0.108924 -7.141818 53.638359  0.003421 0.999724 0.023245  0.235790 0.882177 3 2 0.079543 3 0.794154 4 0.126303
barc_straps
0  -1.082171 -7.129528 53.245636  0.021119 0.999744 -0.008096  0.208053 0.885899 3 2 0.094577 3 0.806707 4 0.098716
0  -1.443489 -6.977991 54.806713  0.156115 0.977696 -0.140497  0.220402 0.928186 3 2 0.009651 3 0.626845 4 0.363504
0  -0.595699 -7.135659 53.442226  0.015748 0.999853 0.006813  0.221922 0.884025 3 2 0.069474 3 0.818586 4 0.111940
barc_straps
0  -1.569022 -7.123391 53.049553  0.034752 0.998930 -0.030520  0.194193 0.887767 3 2 0.109667 3 0.803612 4 0.086721
0  -1.954815 -6.912313 54.693687  0.161556 0.972284 -0.169005  0.206731 0.931477 3 2 0.013867 3 0.627816 4 0.358317
0  -1.082171 -7.129528 53.245636  0.021119 0.999744 -0.008096  0.208053 0.885899 3 2 0.094577 3 0.806707 4 0.098716
barc_straps
0  -1.443489 -6.977991 54.806713  0.156115 0.977696 -0.140497  0.220402 0.928186 3 2 0.009651 3 0.626845 4 0.363504
0  -1.132325 -6.886923 55.480637  0.201932 0.951444 -0.232332  0.239973 0.942977 3 2 0.002352 3 0.575886 4 0.421762
0  -0.932040 -7.043701 54.919537  0.139536 0.984186 -0.109125  0.234072 0.924911 3 2 0.011479 3 0.620013 4 0.368508
barc_straps
0  -1.954815 -6.912313 54.693687  0.161556 0.972284 -0.169005  0.206731 0.931477 3 2 0.013867 3 0.627816 4 0.358317
0  -1.649667 -6.787048 55.418430  0.207741 0.947368 -0.243595  0.226520 0.947267 3 2 0.001963 3 0.576641 4 0.421396
0  -1.443489 -6.977991 54.806713  0.156115 0.977696 -0.140497  0.220402 0.928186 3 2 0.009651 3 0.626845 4 0.363504
barc_straps
0  -2.466279 -6.846601 54.580891  0.174324 0.965289 -0.194496  0.193064 0.934769 3 2 0.016483 3 0.630733 4 0.352784
0  -2.167023 -6.687160 55.356270  0.209125 0.943876 -0.255665  0.213064 0.951558 3 2 0.002791 3 0.576177 4 0.421032
0  -1.954815 -6.912313 54.693687  0.161556 0.972284 -0.169005  0.206731 0.931477 3 2 0.013867 3 0.627816 4 0.358317
barc_straps
0  -1.649667 -6.787048 55.418430  0.207741 0.947368 -0.243595  0.226520 0.947267 3 2 0.001963 3 0.576641 4 0.421396
0  -1.261083 -6.671987 56.185001  0.214807 0.924236 -0.315667  0.246173 0.961856 3 2 0.000080 3 0.554420 4 0.445500
0  -1.132325 -6.886923 55.480637  0.201932 0.951444 -0.232332  0.239973 0.942977 3 2 0.002352 3 0.575886 4 0.421762
barc_straps
0  -2.167023 -6.687160 55.356270  0.209125 0.943876 -0.255665  0.213064 0.951558 3 2 0.002791 3 0.576177 4 0.421032
0  -1.779091 -6.571963 56.125854  0.214768 0.923507 -0.317821  0.232738 0.966231 3 2 0.000040 3 0.554516 4 0.445444
0  -1.649667 -6.787048 55.418430  0.207741 0.947368 -0.243595  0.226520 0.947267 3 2 0.001963 3 0.576641 4 0.421396
barc_straps
0  -2.684365 -6.587290 55.294044  0.212766 0.941943 -0.259757  0.199610 0.955854 3 2 0.003302 3 0.576034 4 0.420664
0  -2.297100 -6.471935 56.066715  0.214745 0.923675 -0.317346  0.219302 0.970607 3 2 0.000134 3 0.554479 4 0.445387
0  -2.167023 -6.687160 55.356270  0.209125 0.943876 -0.255665  0.213064 0.951558 3 2 0.002791 3 0.576177 4 0.421032
barc_straps
0  -1.779091 -6.571963 56.125854  0.214768 0.923507 -0.317821  0.232738 0.966231 3 2 0.000040 3 0.554516 4 0.445444
0  -1.282227 -6.362395 56.893230  0.217182 0.896772 -0.385528  0.252587 0.981543 2 3 0.550027 4 0.449973
0  -1.261083 -6.671987 56.185001  0.214807 0.924236 -0.315667  0.246173 0.961856 3 2 0.000080 3 0.554420 4 0.445500
barc_straps
0  -2.297100 -6.471935 56.066715  0.214745 0.923675 -0.317346  0.219302 0.970607 3 2 0.000134 3 0.554479 4 0.445387
0  -1.800235 -6.262374 56.834072  0.217183 0.896771 -0.385529  0.239152 0.985919 2 3 0.550029 4 0.449971
0  -1.779091 -6.571963 56.125854  0.214768 0.923507 -0.317821  0.232738 0.966231 3 2 0.000040 3 0.554516 4 0.445444
barc_straps
0  -2.815109 -6.371909 56.007572  0.214708 0.922850 -0.319762  0.205866 0.974983 3 2 0.000204 3 0.554465 4 0.445331
0  -2.318242 -6.162353 56.774914  0.217183 0.896770 -0.385531  0.225717 0.990296 2 3 0.550031 4 0.449969
0  -2.297100 -6.471935 56.066715  0.214745 0.923675 -0.317346  0.219302 0.970607 3 2 0.000134 3 0.554479 4 0.445387
barc_straps
0  -2.815075 -5.480793 47.406502  0.154269 0.975301 0.158082  0.223793 0.308520 1 2 1.000000
0  -2.152466 -5.771360 48.632378  0.117213 0.951772 0.283533  0.253694 0.343678 2 2 0.985728 3 0.014272
0  -2.269232 -5.570228 47.406895  0.159878 0.976426 0.145022  0.241435 0.305139 1 2 1.000000
barc_straps
0  -3.360809 -5.391456 47.406532  0.153688 0.972152 0.176917  0.206158 0.311867 1 2 1.000000
0  -2.698298 -5.704299 48.621948  0.118903 0.953468 0.277059  0.236103 0.346892 2 2 0.988869 3 0.011131
0  -2.815075 -5.480793 47.406502  0.154269 0.975301 0.158082  0.223793 0.308520 1 2 1.000000
barc_straps
0  -3.906635 -5.302048 47.406200  0.146946 0.970873 0.189243  0.188533 0.315202 1 2 1.000000
0  -3.244301 -5.637135 48.611004  0.119580 0.954941 0.271639  0.218513 0.350089 2 2 0.987901 3 0.012099
0  -3.360809 -5.391456 47.406532  0.153688 0.972152 0.176917  0.206158 0.311867 1 2 1.000000
barc_straps
0  -2.698298 -5.704299 48.621948  0.118903 0.953468 0.277059  0.236103 0.346892 2 2 0.988869 3 0.011131
0  -2.278402 -6.334961 49.979233  0.178676 0.920742 0.346857  0.259823 0.382913 2 2 0.750142 3 0.249858
0  -2.152466 -5.771360 48.632378  0.117213 0.951772 0.283533  0.253694 0.343678 2 2 0.985728 3 0.014272
barc_straps
0  -3.244301 -5.637135 48.611004  0.119580 0.954941 0.271639  0.218513 0.350089 2 2 0.987901 3 0.012099
0  -2.799980 -6.203164 49.911297  0.187778 0.923642 0.334102  0.242216 0.384014 2 2 0.752716 3 0.247284
0  -2.698298 -5.704299 48.621948  0.118903 0.953468 0.277059  0.236103 0.346892 2 2 0.988869 3 0.011131
barc_straps
0  -3.790220 -5.570002 48.600113  0.122664 0.956316 0.265355  0.200937 0.353244 2 2 0.988345 3 0.011655
0  -3.321748 -6.071264 49.841911  0.192717 0.931599 0.308196  0.224590 0.385130 2 2 0.760488 3 0.239512
0  -3.244301 -5.637135 48.611004  0.119580 0.954941 0.271639  0.218513 0.350089 2 2 0.987901 3 0.012099
barc_straps
0  -2.799980 -6.203164 49.911297  0.187778 0.923642 0.334102  0.242216 0.384014 2 2 0.752716 3 0.247284
0  -2.435005 -6.696894 51.111420  0.257294 0.938896 0.228636  0.259446 0.421059 3 2 0.476438 3 0.523108 4 0.000454
0  -2.278402 -6.334961 49.979233  0.178676 0.920742 0.346857  0.259823 0.382913 2 2 0.750142 3 0.249858
barc_straps
0  -3.321748 -6.071264 49.841911  0.192717 0.931599 0.308196  0.224590 0.385130 2 2 0.760488 3 0.239512
0  -2.944275 -6.524402 50.989819  0.260497 0.938231 0.227738  0.241566 0.420251 3 2 0.468071 3 0.531549 4 0.000380
0  -2.799980 -6.203164 49.911297  0.187778 0.923642 0.334102  0.242216 0.384014 2 2 0.752716 3 0.247284
barc_straps
0  -3.843376 -5.939582 49.773666  0.205287 0.934641 0.290349  0.206979 0.386183 2 2 0.767647 3 0.232353
0  -3.453210 -6.352055 50.867050  0.263873 0.940382 0.214601  0.223647 0.419543 3 2 0.492414 3 0.507268 4 0.000318
0  -3.321748 -6.071264 49.841911  0.192717 0.931599 0.308196  0.224590 0.385130 2 2 0.760488 3 0.239512
barc_straps
0  -2.944275 -6.524402 50.989819  0.260497 0.938231 0.227738  0.241566 0.420251 3 2 0.468071 3 0.531549 4 0.000380
0  -2.638585 -6.804385 52.125793  0.304417 0.946897 0.103517  0.257959 0.459863 3 2 0.237792 3 0.732866 4 0.029342
0  -2.435005 -6.696894 51.111420  0.257294 0.938896 0.228636  0.259446 0.421059 3 2 0.476438 3 0.523108 4 0.000454
barc_straps
0  -3.453210 -6.352055 50.867050  0.263873 0.940382 0.214601  0.223647 0.419543 3 2 0.492414 3 0.507268 4 0.000318
0  -3.145547 -6.626131 51.992352  0.302975 0.947008 0.106688  0.240035 0.458729 3 2 0.226191 3 0.746578 4 0.027231
0  -2.944275 -6.524402 50.989819  0.260497 0.938231 0.227738  0.241566 0.420251 3 2 0.468071 3 0.531549 4 0.000380
barc_straps
0  -3.962370 -6.179682 50.745258  0.269529 0.940015 0.209107  0.205742 0.418881 3 2 0.506486 3 0.493253 4 0.000261
0  -3.652372 -6.447954 51.858562  0.302521 0.946976 0.108250  0.222096 0.457623 3 2 0.251074 3 0.723466 4 0.025460
0  -3.453210 -6.352055 50.867050  0.263873 0.940382 0.214601  0.223647 0.419543 3 2 0.492414 3 0.507268 4 0.000318
barc_straps
0  -3.145547 -6.626131 51.992352  0.302975 0.947008 0.106688  0.240035 0.458729 3 2 0.226191 3 0.746578 4 0.027231
0  -2.861397 -6.793706 53.210758  0.313850 0.949184 0.023418  0.257285 0.497907 3 2 0.093255 3 0.760584 4 0.146161
0  -2.638585 -6.804385 52.125793  0.304417 0.946897 0.103517  0.257959 0.459863 3 2 0.237792 3 0.732866 4 0.029342
barc_straps
0  -3.652372 -6.447954 51.858562  0.302521 0.946976 0.108250  0.222096 0.457623 3 2 0.251074 3 0.723466 4 0.025460
0  -3.368628 -6.623865 53.072315  0.315644 0.948633 0.021553  0.239435 0.496318 3 2 0.086276 3 0.775716 4 0.138008
0  -3.145547 -6.626131 51.992352  0.302975 0.947008 0.106688  0.240035 0.458729 3 2 0.226191 3 0.746578 4 0.027231
barc_straps
0  -4.159319 -6.269713 51.725071  0.301455 0.947042 0.110623  0.204154 0.456526 3 2 0.264190 3 0.712084 4 0.023726
0  -3.875804 -6.454060 52.933762  0.317040 0.948265 0.016728  0.221579 0.494735 3 2 0.102966 3 0.766980 4 0.130054
0  -3.652372 -6.447954 51.858562  0.302521 0.946976 0.108250  0.222096 0.457623 3 2 0.251074 3 0.723466 4 0.025460
barc_straps
0  -3.368628 -6.623865 53.072315  0.315644 0.948633 0.021553  0.239435 0.496318 3 2 0.086276 3 0.775716 4 0.138008
0  -3.132385 -6.689225 54.316467  0.367336 0.927243 -0.072692  0.253859 0.536081 3 2 0.024312 3 0.630495 4 0.345193
0  -2.861397 -6.793706 53.210758  0.313850 0.949184 0.023418  0.257285 0.497907 3 2 0.093255 3 0.760584 4 0.146161
barc_straps
0  -3.875804 -6.454060 52.933762  0.317040 0.948265 0.016728  0.221579 0.494735 3 2 0.102966 3 0.766980 4 0.130054
0  -3.620878 -6.506635 54.139324  0.371997 0.924964 -0.077844  0.236301 0.532788 3 2 0.020224 3 0.648660 4 0.331116
0  -3.368628 -6.623865 53.072315  0.315644 0.948633 0.021553  0.239435 0.496318 3 2 0.086276 3 0.775716 4 0.138008
barc_straps
0  -4.383036 -6.284220 52.795307  0.319268 0.947544 0.015110  0.203722 0.493152 3 2 0.112607 3 0.764809 4 0.122584
0  -4.109351 -6.324053 53.962162  0.375029 0.922709 -0.089225  0.218741 0.529496 3 2 0.030690 3 0.653563 4 0.315747
0  -3.875804 -6.454060 52.933762  0.317040 0.948265 0.016728  0.221579 0.494735 3 2 0.102966 3 0.766980 4 0.130054
barc_straps
0  -3.620878 -6.506635 54.139324  0.371997 0.924964 -0.077844  0.236301 0.532788 3 2 0.020224 3 0.648660 4 0.331116
0  -3.408093 -6.440109 55.266167  0.413538 0.883966 -0.218152  0.248595 0.566396 3 2 0.004800 3 0.571666 4 0.423534
0  -3.132385 -6.689225 54.316467  0.367336 0.927243 -0.072692  0.253859 0.536081 3 2 0.024312 3 0.630495 4 0.345193
barc_straps
0  -4.109351 -6.324053 53.962162  0.375029 0.922709 -0.089225  0.218741 0.529496 3 2 0.030690 3 0.653563 4 0.315747
0  -3.901119 -6.245161 55.117214  0.411854 0.884902 -0.217541  0.230998 0.563321 3 2 0.003445 3 0.578441 4 0.418114
0  -3.620878 -6.506635 54.139324  0.371997 0.924964 -0.077844  0.236301 0.532788 3 2 0.020224 3 0.648660 4 0.331116
barc_straps
0  -4.597830 -6.141475 53.784969  0.380101 0.920017 -0.095355  0.201180 0.526205 3 2 0.037462 3 0.663417 4 0.299121
0  -4.394144 -6.050225 54.968208  0.411200 0.886524 -0.212109  0.213402 0.560246 3 2 0.006629 3 0.581039 4 0.412332
0  -4.109351 -6.324053 53.962162  0.375029 0.922709 -0.089225  0.218741 0.529496 3 2 0.030690 3 0.653563 4 0.315747
barc_straps
0  -3.901119 -6.245161 55.117214  0.411854 0.884902 -0.217541  0.230998 0.563321 3 2 0.003445 3 0.578441 4 0.418114
0  -3.518756 -6.132229 55.949944  0.411854 0.824992 -0.386995  0.244398 0.589942 3 2 0.000477 3 0.553916 4 0.445607
0  -3.408093 -6.440109 55.266167  0.413538 0.883966 -0.218152  0.248595 0.566396 3 2 0.004800 3 0.571666 4 0.423534
barc_straps
0  -4.394144 -6.050225 54.968208  0.411200 0.886524 -0.212109  0.213402 0.560246 3 2 0.006629 3 0.581039 4 0.412332
0  -4.023791 -5.930525 55.849945  0.408574 0.828184 -0.383638  0.226524 0.588471 3 2 0.000284 3 0.554902 4 0.444814
0  -3.901119 -6.245161 55.117214  0.411854 0.884902 -0.217541  0.230998 0.563321 3 2 0.003445 3 0.578441 4 0.418114
barc_straps
0  -4.887158 -5.855298 54.819202  0.409970 0.887304 -0.211223  0.195805 0.557171 3 2 0.008839 3 0.585247 4 0.405914
0  -4.528830 -5.728712 55.750202  0.408243 0.832643 -0.374223  0.208650 0.586992 3 2 0.000738 3 0.555330 4 0.443932
0  -4.394144 -6.050225 54.968208  0.411200 0.886524 -0.212109  0.213402 0.560246 3 2 0.006629 3 0.581039 4 0.412332
barc_straps
0  -4.023791 -5.930525 55.849945  0.408574 0.828184 -0.383638  0.226524 0.588471 3 2 0.000284 3 0.554902 4 0.444814
0  -3.498321 -5.746153 56.610115  0.402090 0.786531 -0.468714  0.242304 0.614977 2 3 0.550064 4 0.449936
0  -3.518756 -6.132229 55.949944  0.411854 0.824992 -0.386995  0.244398 0.589942 3 2 0.000477 3 0.553916 4 0.445607
barc_straps
0  -4.528830 -5.728712 55.750202  0.408243 0.832643 -0.374223  0.208650 0.586992 3 2 0.000738 3 0.555330 4 0.443932
0  -4.005493 -5.543210 56.519024  0.400891 0.788872 -0.465798  0.224381 0.613769 2 3 0.550107 4 0.449893
0  -4.023791 -5.930525 55.849945  0.408574 0.828184 -0.383638  0.226524 0.588471 3 2 0.000284 3 0.554902 4 0.444814
barc_straps
0  -5.033861 -5.527015 55.650192  0.405534 0.834601 -0.372804  0.190775 0.585523 3 2 0.001078 3 0.555973 4 0.442949
0  -4.512661 -5.340222 56.428013  0.401084 0.791387 -0.461343  0.206457 0.612560 2 3 0.550162 4 0.449838
0  -4.528830 -5.728712 55.750202  0.408243 0.832643 -0.374223  0.208650 0.586992 3 2 0.000738 3 0.555330 4 0.443932
barc_straps
0  2.043819 -5.695402 46.736382  -0.033234 0.093305 -0.995083  0.666979 0.815439 1 2 1.000000
0  2.510345 -5.512565 46.737946  -0.034846 0.099116 -0.994466  0.670474 0.796151 1 2 1.000000
0  2.561935 -5.592196 46.728165  -0.034863 0.100258 -0.994351  0.666982 0.794774 1 2 1.000000
barc_straps
0  3.538938 -6.077559 48.914783  0.814911 0.442267 0.374594  0.323541 0.405549 2 2 0.999597 3 0.000403
0  3.044561 -6.353410 49.893715  0.734742 0.358337 0.575976  0.321718 0.431424 2 2 0.935418 3 0.064582
0  3.081777 -6.436676 49.897858  0.728480 0.352764 0.587260  0.319648 0.431048 2 2 0.913011 3 0.086989
barc_straps
0  -1.556346 -7.203222 53.056137  -0.798413 -0.174736 -0.576198  0.317840 0.555212 3 2 0.111010 3 0.802691 4 0.086299
0  0.444759 -6.897859 50.734558  -0.729967 -0.216196 -0.648388  0.321332 0.480132 2 2 0.623133 3 0.376867
0  0.467745 -6.981172 50.736507  -0.729086 -0.218590 -0.648578  0.319348 0.479834 2 2 0.626967 3 0.373033
barc_straps
0  -0.093865 -7.221755 53.641037  0.783562 0.164245 0.599212  0.317840 0.555212 3 2 0.069401 3 0.805468 4 0.125131
0  -0.932040 -7.043701 54.919537  0.892930 -0.036051 0.448751  0.321233 0.591841 3 2 0.011479 3 0.620013 4 0.368508
0  -0.938565 -7.122427 54.925632  0.888333 -0.041506 0.457321  0.319440 0.592180 3 2 0.009630 3 0.621371 4 0.368999
barc_straps
0  -2.701437 -6.662718 55.310658  -0.947823 0.149858 -0.281378  0.324852 0.607718 3 2 0.003202 3 0.575030 4 0.421768
0  -2.466279 -6.846601 54.580891  -0.910783 0.047806 -0.410109  0.321233 0.591841 3 2 0.016483 3 0.630733 4 0.352784
0  -2.473516 -6.925129 54.588287  -0.904639 0.040214 -0.424277  0.319440 0.592180 3 2 0.016556 3 0.629948 4 0.353496
barc_straps
0  3.598148 -5.385769 46.711685  0.841686 0.524469 0.128445  0.341328 0.367429 1 2 1.000000
0  3.563633 -5.534101 47.543530  0.844387 0.509745 0.164833  0.334086 0.385520 1 2 1.000000
0  3.613625 -5.614524 47.535896  0.844148 0.507294 0.173401  0.332017 0.384805 1 2 1.000000
barc_straps
0  -1.278174 -6.744670 56.211071  0.971622 -0.169126 0.165367  0.332259 0.623242 3 2 0.000027 3 0.554029 4 0.445944
0  -1.282227 -6.362395 56.893230  0.975734 -0.188486 0.111424  0.343370 0.637425 2 3 0.550027 4 0.449973
0  -1.299402 -6.433325 56.923698  0.975749 -0.188431 0.111393  0.341829 0.638397 2 3 0.550011 4 0.449989
barc_straps
0  0.467745 -6.981172 50.736507  -0.729086 -0.218590 -0.648578  0.319348 0.479834 2 2 0.626967 3 0.373033
0  1.581241 -6.426823 49.277515  -0.728229 -0.357889 -0.584464  0.321718 0.431424 2 2 0.979888 3 0.020112
0  1.617602 -6.510168 49.283535  -0.720374 -0.358918 -0.593498  0.319648 0.431048 2 2 0.979975 3 0.020025
barc_straps
0  2.561935 -5.592196 46.728165  -0.034863 0.100258 -0.994351  0.666982 0.794774 1 2 1.000000
0  3.028673 -5.409527 46.730530  -0.037327 0.109692 -0.993264  0.670473 0.775478 1 2 1.000000
0  3.080002 -5.488951 46.719772  -0.037350 0.110652 -0.993157  0.666987 0.774113 1 2 1.000000
barc_straps
0  -2.853425 -6.133261 56.746227  -0.975732 0.188453 -0.111501  0.341829 0.638397 2 3 0.550015 4 0.449985
0  -2.815109 -6.371909 56.007572  -0.971427 0.168500 -0.167143  0.333855 0.622363 3 2 0.000204 3 0.554465 4 0.445331
0  -2.832196 -6.444624 56.033554  -0.971369 0.169552 -0.166417  0.332259 0.623242 3 2 0.000165 3 0.554044 4 0.445791
barc_straps
0  -2.473516 -6.925129 54.588287  -0.904639 0.040214 -0.424277  0.319440 0.592180 3 2 0.016556 3 0.629948 4 0.353496
0  -1.569022 -7.123391 53.049553  -0.803963 -0.171817 -0.569317  0.319713 0.555299 3 2 0.109667 3 0.803612 4 0.086721
0  -1.556346 -7.203222 53.056137  -0.798413 -0.174736 -0.576198  0.317840 0.555212 3 2 0.111010 3 0.802691 4 0.086299
barc_straps
0  1.617602 -6.510168 49.283535  -0.720374 -0.358918 -0.593498  0.319648 0.431048 2 2 0.979975 3 0.020025
0  1.987346 -6.112933 48.463425  -0.824600 -0.454327 -0.337079  0.325639 0.406061 2 2 0.999976 3 0.000024
0  2.031875 -6.195566 48.466270  -0.806382 -0.449110 -0.384769  0.323541 0.405549 2 2 0.999978 3 0.000022
barc_straps
0  -1.149488 -6.962188 55.497868  0.942557 -0.145357 0.300760  0.324852 0.607718 3 2 0.001884 3 0.575215 4 0.422901
0  -1.261083 -6.671987 56.185001  0.971386 -0.169452 0.166418  0.333855 0.622363 3 2 0.000080 3 0.554420 4 0.445500
0  -1.278174 -6.744670 56.211071  0.971622 -0.169126 0.165367  0.332259 0.623242 3 2 0.000027 3 0.554029 4 0.445944
barc_straps
0  -1.299402 -6.433325 56.923698  -0.027369 0.400117 0.916055  0.105447 0.757637 2 3 0.550011 4 0.449989
0  -1.800235 -6.262374 56.834072  -0.027361 0.400118 0.916055  0.102804 0.777648 2 3 0.550029 4 0.449971
0  -1.817408 -6.333304 56.864540  -0.027358 0.400120 0.916054  0.105447 0.778006 2 3 0.550012 4 0.449988
barc_straps
0  3.081777 -6.436676 49.897858  0.728480 0.352764 0.587260  0.319648 0.431048 2 2 0.913011 3 0.086989
0  1.889000 -6.924260 51.370541  0.721885 0.217424 0.656970  0.321332 0.480132 2 2 0.551771 3 0.448229
0  1.914623 -7.007467 51.369690  0.722563 0.215254 0.656939  0.319348 0.479834 2 2 0.525980 3 0.474020
barc_straps
0  2.063293 -5.842044 47.366940  -0.845365 -0.513996 -0.145486  0.332017 0.384805 1 2 1.000000
0  1.992069 -5.615642 46.745529  -0.840941 -0.532264 -0.097538  0.343370 0.368224 1 2 1.000000
0  2.043819 -5.695402 46.736382  -0.839951 -0.533707 -0.098178  0.341328 0.367429 1 2 1.000000
barc_straps
0  3.613625 -5.614524 47.535896  0.844148 0.507294 0.173401  0.332017 0.384805 1 2 1.000000
0  3.494346 -5.995108 48.914135  0.825614 0.450130 0.340213  0.325639 0.406061 2 2 0.999682 3 0.000318
0  3.538938 -6.077559 48.914783  0.814911 0.442267 0.374594  0.323541 0.405549 2 2 0.999597 3 0.000403
barc_straps
0  -2.335414 -6.233284 56.805386  -0.027328 0.400151 0.916042  0.105447 0.798374 2 3 0.550014 4 0.449986
0  -2.836250 -6.062333 56.715759  -0.027367 0.400126 0.916051  0.102804 0.818386 2 3 0.550033 4 0.449967
0  -2.853425 -6.133261 56.746227  -0.027372 0.400124 0.916052  0.105447 0.818743 2 3 0.550015 4 0.449985
barc_straps
0  -1.817408 -6.333304 56.864540  -0.027358 0.400120 0.916054  0.105447 0.778006 2 3 0.550012 4 0.449988
0  -2.318242 -6.162353 56.774914  -0.027328 0.400150 0.916042  0.102804 0.798017 2 3 0.550031 4 0.449969
0  -2.335414 -6.233284 56.805386  -0.027328 0.400151 0.916042  0.105447 0.798374 2 3 0.550014 4 0.449986
barc_straps
0  3.080002 -5.488951 46.719772  -0.037350 0.110652 -0.993157  0.666987 0.774113 1 2 1.000000
0  3.546921 -5.306428 46.722816  -0.038156 0.114194 -0.992725  0.670474 0.754808 1 2 1.000000
0  3.598148 -5.385769 46.711685  -0.038290 0.114542 -0.992680  0.666990 0.753447 1 2 1.000000
barc_straps
0  -2.832196 -6.444624 56.033554  -0.971369 0.169552 -0.166417  0.332259 0.623242 3 2 0.000165 3 0.554044 4 0.445791
0  -2.684365 -6.587290 55.294044  -0.948309 0.152628 -0.278234  0.326539 0.607030 3 2 0.003302 3 0.576034 4 0.420664
0  -2.701437 -6.662718 55.310658  -0.947823 0.149858 -0.281378  0.324852 0.607718 3 2 0.003202 3 0.575030 4 0.421768
barc_straps
0  1.914623 -7.007467 51.369690  0.722563 0.215254 0.656939  0.319348 0.479834 2 2 0.525980 3 0.474020
0  -0.108924 -7.141818 53.638359  0.788639 0.168880 0.591209  0.319713 0.555299 3 2 0.079543 3 0.794154 4 0.126303
0  -0.093865 -7.221755 53.641037  0.783562 0.164245 0.599212  0.317840 0.555212 3 2 0.069401 3 0.805468 4 0.125131
barc_straps
0  -0.938565 -7.122427 54.925632  0.888333 -0.041506 0.457321  0.319440 0.592180 3 2 0.009630 3 0.621371 4 0.368999
0  -1.132325 -6.886923 55.480637  0.943163 -0.143202 0.299893  0.326539 0.607030 3 2 0.002352 3 0.575886 4 0.421762
0  -1.149488 -6.962188 55.497868  0.942557 -0.145357 0.300760  0.324852 0.607718 3 2 0.001884 3 0.575215 4 0.422901
barc_straps
0  2.031875 -6.195566 48.466270  -0.806382 -0.449110 -0.384769  0.323541 0.405549 2 2 0.999978 3 0.000022
0  2.013338 -5.760970 47.371315  -0.847503 -0.513723 -0.133521  0.334086 0.385520 1 2 1.000000
0  2.063293 -5.842044 47.366940  -0.845365 -0.513996 -0.145486  0.332017 0.384805 1 2 1.000000
barc_straps
0  -3.906475 -5.381520 47.392811  0.027802 0.165235 -0.985862  0.666983 0.882023 1 2 1.000000
0  -3.360809 -5.391456 47.406532  0.026666 0.155989 -0.987399  0.670113 0.860807 1 2 1.000000
0  -3.360434 -5.471127 47.393997  0.026408 0.154575 -0.987628  0.666981 0.860291 1 2 1.000000
barc_straps
0  -2.295490 -6.411452 49.967762  0.972861 -0.228091 0.038941  0.366629 0.231604 2 2 0.754294 3 0.245706
0  -2.435005 -6.696894 51.111420  0.900751 -0.429920 0.061783  0.363852 0.259485 3 2 0.476438 3 0.523108 4 0.000454
0  -2.469670 -6.769598 51.105213  0.896125 -0.437371 0.075282  0.366081 0.259455 3 2 0.470315 3 0.529227 4 0.000458
barc_straps
0  -4.432085 -6.352728 52.801056  -0.803160 0.556265 -0.213315  0.363588 0.322661 3 2 0.112697 3 0.762521 4 0.124782
0  -4.159319 -6.269713 51.725071  -0.827117 0.544588 -0.138932  0.363277 0.291462 3 2 0.264190 3 0.712084 4 0.023726
0  -4.205369 -6.339180 51.727325  -0.828515 0.540654 -0.145798  0.365581 0.291525 3 2 0.265324 3 0.710333 4 0.024343
barc_straps
0  -2.910291 -6.862379 53.215733  0.802340 -0.557129 0.214142  0.363588 0.322661 3 2 0.085506 3 0.765952 4 0.148542
0  -3.132385 -6.689225 54.316467  0.760401 -0.574552 0.302786  0.359655 0.350749 3 2 0.024312 3 0.630495 4 0.345193
0  -3.184886 -6.755519 54.322216  0.758216 -0.573882 0.309463  0.361996 0.350860 3 2 0.019777 3 0.633187 4 0.347036
barc_straps
0  -4.941389 -5.919830 54.829288  -0.741708 0.567022 -0.358268  0.362098 0.377639 3 2 0.008769 3 0.584194 4 0.407037
0  -4.597830 -6.141475 53.784969  -0.758981 0.574678 -0.306093  0.359655 0.350749 3 2 0.037462 3 0.663417 4 0.299121
0  -4.650454 -6.207642 53.791283  -0.758912 0.572327 -0.310635  0.361996 0.350860 3 2 0.037435 3 0.661049 4 0.301516
barc_straps
0  -2.268276 -5.650386 47.396683  0.995592 0.022157 -0.091135  0.351898 0.170979 1 2 1.000000
0  -2.152466 -5.771360 48.632378  0.999681 -0.019769 -0.015744  0.360389 0.203823 2 2 0.985728 3 0.014272
0  -2.154278 -5.850904 48.620945  0.999671 -0.025597 -0.001766  0.362564 0.203368 2 2 0.999421 3 0.000579
barc_straps
0  -3.573326 -6.192117 55.974819  0.761935 -0.553844 0.335726  0.359795 0.402065 3 2 0.000247 3 0.553671 4 0.446082
0  -3.498321 -5.746153 56.610115  0.775237 -0.556393 0.299056  0.349748 0.421886 2 3 0.550064 4 0.449936
0  -3.551445 -5.802320 56.643711  0.776106 -0.555553 0.298365  0.351928 0.422709 2 3 0.550032 4 0.449968
barc_straps
0  -4.205369 -6.339180 51.727325  -0.828515 0.540654 -0.145798  0.365581 0.291525 3 2 0.265324 3 0.710333 4 0.024343
0  -3.962370 -6.179682 50.745258  -0.895268 0.440947 -0.063719  0.363852 0.259485 3 2 0.506486 3 0.493253 4 0.000261
0  -3.997877 -6.252061 50.747265  -0.897447 0.431921 -0.089625  0.366081 0.259455 3 2 0.508694 3 0.491020 4 0.000286
barc_straps
0  -3.360434 -5.471127 47.393997  0.026408 0.154575 -0.987628  0.666981 0.860291 1 2 1.000000
0  -2.815075 -5.480793 47.406502  0.024174 0.136677 -0.990321  0.670114 0.839091 1 2 1.000000
0  -2.814302 -5.560806 47.395554  0.023919 0.135330 -0.990512  0.666979 0.838554 1 2 1.000000
barc_straps
0  -5.073025 -5.193832 56.369808  -0.774973 0.556372 -0.299778  0.351928 0.422709 2 3 0.550159 4 0.449841
0  -5.033861 -5.527015 55.650192  -0.763152 0.557195 -0.327310  0.357525 0.401491 3 2 0.001078 3 0.555973 4 0.442949
0  -5.088272 -5.587342 55.674213  -0.762218 0.558235 -0.327716  0.359795 0.402065 3 2 0.000996 3 0.555397 4 0.443607
barc_straps
0  -4.650454 -6.207642 53.791283  -0.758912 0.572327 -0.310635  0.361996 0.350860 3 2 0.037435 3 0.661049 4 0.301516
0  -4.383036 -6.284220 52.795307  -0.803225 0.559342 -0.204854  0.361257 0.322531 3 2 0.112607 3 0.764809 4 0.122584
0  -4.432085 -6.352728 52.801056  -0.803160 0.556265 -0.213315  0.363588 0.322661 3 2 0.112697 3 0.762521 4 0.124782
barc_straps
0  -3.997877 -6.252061 50.747265  -0.897447 0.431921 -0.089625  0.366081 0.259455 3 2 0.508694 3 0.491020 4 0.000286
0  -3.843376 -5.939582 49.773666  -0.970995 0.238722 -0.013468  0.364453 0.231837 2 2 0.767647 3 0.232353
0  -3.861881 -6.016579 49.773201  -0.972581 0.229760 -0.036019  0.366629 0.231604 2 2 0.770715 3 0.229285
barc_straps
0  -3.462674 -6.504161 55.277866  0.740566 -0.562376 0.367826  0.362098 0.377639 3 2 0.003354 3 0.572173 4 0.424473
0  -3.518756 -6.132229 55.949944  0.760881 -0.555389 0.335565  0.357525 0.401491 3 2 0.000477 3 0.553916 4 0.445607
0  -3.573326 -6.192117 55.974819  0.761935 -0.553844 0.335726  0.359795 0.402065 3 2 0.000247 3 0.553671 4 0.446082
barc_straps
0  -3.551445 -5.802320 56.643711  0.037752 0.486210 0.873026  0.670235 0.579362 2 3 0.550032 4 0.449968
0  -4.005493 -5.543210 56.519024  0.036741 0.484491 0.874024  0.667632 0.598760 2 3 0.550107 4 0.449893
0  -4.058637 -5.599478 56.552437  0.036628 0.484181 0.874201  0.670235 0.600156 2 3 0.550062 4 0.449938
barc_straps
0  -2.469670 -6.769598 51.105213  0.896125 -0.437371 0.075282  0.366081 0.259455 3 2 0.470315 3 0.529227 4 0.000458
0  -2.638585 -6.804385 52.125793  0.829157 -0.540023 0.144477  0.363277 0.291462 3 2 0.237792 3 0.732866 4 0.029342
0  -2.684326 -6.874123 52.125923  0.826541 -0.542673 0.149453  0.365581 0.291525 3 2 0.226913 3 0.743187 4 0.029900
barc_straps
0  -3.792456 -5.649934 48.591686  -0.999502 0.025247 0.018924  0.362564 0.203368 2 2 0.989215 3 0.010785
0  -3.906635 -5.302048 47.406200  -0.995702 -0.015843 0.091252  0.349748 0.171562 1 2 1.000000
0  -3.906475 -5.381520 47.392811  -0.995717 -0.017308 0.090823  0.351898 0.170979 1 2 1.000000
barc_straps
0  -2.154278 -5.850904 48.620945  0.999671 -0.025597 -0.001766  0.362564 0.203368 2 2 0.999421 3 0.000579
0  -2.278402 -6.334961 49.979233  0.974997 -0.219585 0.034101  0.364453 0.231837 2 2 0.750142 3 0.249858
0  -2.295490 -6.411452 49.967762  0.972861 -0.228091 0.038941  0.366629 0.231604 2 2 0.754294 3 0.245706
barc_straps
0  -4.565835 -5.396680 56.461079  0.034581 0.480481 0.876323  0.670237 0.620950 2 3 0.550105 4 0.449895
0  -5.019835 -5.137285 56.336918  0.033689 0.478848 0.877251  0.667621 0.640353 2 3 0.550234 4 0.449766
0  -5.073025 -5.193832 56.369808  0.033588 0.478705 0.877333  0.670237 0.641744 2 3 0.550159 4 0.449841
barc_straps
0  -4.058637 -5.599478 56.552437  0.036628 0.484181 0.874201  0.670235 0.600156 2 3 0.550062 4 0.449938
0  -4.512661 -5.340222 56.428013  0.034693 0.480787 0.876151  0.667626 0.619557 2 3 0.550162 4 0.449838
0  -4.565835 -5.396680 56.461079  0.034581 0.480481 0.876323  0.670237 0.620950 2 3 0.550105 4 0.449895
barc_straps
0  -2.814302 -5.560806 47.395554  0.023919 0.135330 -0.990512  0.666979 0.838554 1 2 1.000000
0  -2.269232 -5.570228 47.406895  0.022822 0.127381 -0.991591  0.670114 0.817369 1 2 1.000000
0  -2.268276 -5.650386 47.396683  0.022809 0.126613 -0.991690  0.666979 0.816823 1 2 1.000000
barc_straps
0  -5.088272 -5.587342 55.674213  -0.762218 0.558235 -0.327716  0.359795 0.402065 3 2 0.000996 3 0.555397 4 0.443607
0  -4.887158 -5.855298 54.819202  -0.742070 0.566560 -0.358248  0.359758 0.377457 3 2 0.008839 3 0.585247 4 0.405914
0  -4.941389 -5.919830 54.829288  -0.741708 0.567022 -0.358268  0.362098 0.377639 3 2 0.008769 3 0.584194 4 0.407037
barc_straps
0  -2.684326 -6.874123 52.125923  0.826541 -0.542673 0.149453  0.365581 0.291525 3 2 0.226913 3 0.743187 4 0.029900
0  -2.861397 -6.793706 53.210758  0.804315 -0.556838 0.207387  0.361257 0.322531 3 2 0.093255 3 0.760584 4 0.146161
0  -2.910291 -6.862379 53.215733  0.802340 -0.557129 0.214142  0.363588 0.322661 3 2 0.085506 3 0.765952 4 0.148542
barc_straps
0  -3.184886 -6.755519 54.322216  0.758216 -0.573882 0.309463  0.361996 0.350860 3 2 0.019777 3 0.633187 4 0.347036
0  -3.408093 -6.440109 55.266167  0.739941 -0.563028 0.368086  0.359758 0.377457 3 2 0.004800 3 0.571666 4 0.423534
0  -3.462674 -6.504161 55.277866  0.740566 -0.562376 0.367826  0.362098 0.377639 3 2 0.003354 3 0.572173 4 0.424473
barc_straps
0  -3.861881 -6.016579 49.773201  -0.972581 0.229760 -0.036019  0.366629 0.231604 2 2 0.770715 3 0.229285
0  -3.790220 -5.570002 48.600113  -0.998968 0.028341 0.035496  0.360389 0.203823 2 2 0.988345 3 0.011655
0  -3.792456 -5.649934 48.591686  -0.999502 0.025247 0.018924  0.362564 0.203368 2 2 0.989215 3 0.010785
barc_straps
0  -4.377535 -1.771752 61.515503  -0.168594 -0.441403 0.881328  0.449181 0.404342 2 4 0.998482 3 0.001518
0  -3.910002 -1.898629 61.542297  -0.169970 -0.440058 0.881736  0.442001 0.408600 2 4 0.997555 3 0.002445
0  -3.748425 -1.133867 61.955120  -0.172653 -0.460711 0.870595  0.434563 0.395333 2 4 0.997879 3 0.002121
barc_straps
0  -4.845076 -1.644902 61.488708  -0.170027 -0.442513 0.880496  0.456362 0.400084 2 4 0.998978 3 0.001022
0  -4.377535 -1.771752 61.515503  -0.168594 -0.441403 0.881328  0.449181 0.404342 2 4 0.998482 3 0.001518
0  -4.216700 -1.010188 61.928230  -0.177598 -0.447616 0.876413  0.441768 0.391119 2 4 0.998242 3 0.001758
barc_straps
0  -5.312610 -1.518028 61.461922  -0.169009 -0.444241 0.879821  0.463542 0.395827 2 4 0.999401 3 0.000599
0  -4.845076 -1.644902 61.488708  -0.170027 -0.442513 0.880496  0.456362 0.400084 2 4 0.998978 3 0.001022
0  -4.684992 -0.886396 61.901390  -0.171062 -0.420155 0.891183  0.448973 0.386903 2 4 0.998807 3 0.001193
barc_straps
0  -4.216700 -1.010188 61.928230  -0.177598 -0.447616 0.876413  0.441768 0.391119 2 4 0.998242 3 0.001758
0  -3.748425 -1.133867 61.955120  -0.172653 -0.460711 0.870595  0.434563 0.395333 2 4 0.997879 3 0.002121
0  -3.771172 -0.492783 62.316792  -0.241012 -0.415312 0.877171  0.430385 0.381014 2 4 0.997554 3 0.002446
barc_straps
0  -4.684992 -0.886396 61.901390  -0.171062 -0.420155 0.891183  0.448973 0.386903 2 4 0.998807 3 0.001193
0  -4.216700 -1.010188 61.928230  -0.177598 -0.447616 0.876413  0.441768 0.391119 2 4 0.998242 3 0.001758
0  -4.227478 -0.349831 62.249592  -0.234886 -0.388254 0.891116  0.437709 0.377087 2 4 0.998293 3 0.001707
barc_straps
0  -5.153294 -0.762779 61.874462  -0.173369 -0.403426 0.898438  0.456179 0.382693 2 4 0.999259 3 0.000741
0  -4.684992 -0.886396 61.901390  -0.171062 -0.420155 0.891183  0.448973 0.386903 2 4 0.998807 3 0.001193
0  -4.684177 -0.207444 62.181995  -0.231259 -0.373284 0.898431  0.445045 0.373170 2 4 0.998884 3 0.001116
barc_straps
0  -4.227478 -0.349831 62.249592  -0.234886 -0.388254 0.891116  0.437709 0.377087 2 4 0.998293 3 0.001707
0  -3.771172 -0.492783 62.316792  -0.241012 -0.415312 0.877171  0.430385 0.381014 2 4 0.997554 3 0.002446
0  -3.862984 0.433396 62.660252  -0.198266 -0.250182 0.947681  0.427474 0.364193 2 4 0.997449 3 0.002551
barc_straps
0  -4.684177 -0.207444 62.181995  -0.231259 -0.373284 0.898431  0.445045 0.373170 2 4 0.998884 3 0.001116
0  -4.227478 -0.349831 62.249592  -0.234886 -0.388254 0.891116  0.437709 0.377087 2 4 0.998293 3 0.001707
0  -4.322557 0.515615 62.593803  -0.182491 -0.202001 0.962233  0.435017 0.361197 2 4 0.998324 3 0.001676
barc_straps
0  -5.140495 -0.064664 62.114700  -0.229442 -0.371711 0.899548  0.452372 0.369252 2 4 0.999339 3 0.000661
0  -4.684177 -0.207444 62.181995  -0.231259 -0.373284 0.898431  0.445045 0.373170 2 4 0.998884 3 0.001116
0  -4.782179 0.597501 62.527264  -0.184712 -0.214395 0.959123  0.442562 0.358204 2 4 0.998979 3 0.001021
barc_straps
0  -4.322557 0.515615 62.593803  -0.182491 -0.202001 0.962233  0.435017 0.361197 2 4 0.998324 3 0.001676
0  -3.862984 0.433396 62.660252  -0.198266 -0.250182 0.947681  0.427474 0.364193 2 4 0.997449 3 0.002551
0  -3.731583 1.756227 62.730549  -0.137453 0.058947 0.988753  0.421270 0.346038 2 4 0.995431 3 0.004569
barc_straps
0  -4.782179 0.597501 62.527264  -0.184712 -0.214395 0.959123  0.442562 0.358204 2 4 0.998979 3 0.001021
0  -4.322557 0.515615 62.593803  -0.182491 -0.202001 0.962233  0.435017 0.361197 2 4 0.998324 3 0.001676
0  -4.190969 1.790541 62.665104  -0.133500 0.111636 0.984741  0.428971 0.343847 2 4 0.997003 3 0.002997
barc_straps
0  -5.241755 0.679731 62.460819  -0.168601 -0.159418 0.972707  0.450102 0.355202 2 4 0.999452 3 0.000548
0  -4.782179 0.597501 62.527264  -0.184712 -0.214395 0.959123  0.442562 0.358204 2 4 0.998979 3 0.001021
0  -4.650503 1.825734 62.599541  -0.133666 0.113260 0.984533  0.436671 0.341640 2 4 0.998177 3 0.001823
barc_straps
0  -4.190969 1.790541 62.665104  -0.133500 0.111636 0.984741  0.428971 0.343847 2 4 0.997003 3 0.002997
0  -3.731583 1.756227 62.730549  -0.137453 0.058947 0.988753  0.421270 0.346038 2 4 0.995431 3 0.004569
0  -3.509720 2.882014 62.468544  -0.111068 0.314259 0.942818  0.414104 0.327096 2 4 0.989163 3 0.010837
barc_straps
0  -4.650503 1.825734 62.599541  -0.133666 0.113260 0.984533  0.436671 0.341640 2 4 0.998177 3 0.001823
0  -4.190969 1.790541 62.665104  -0.133500 0.111636 0.984741  0.428971 0.343847 2 4 0.997003 3 0.002997
0  -3.969540 2.910282 62.405136  -0.100575 0.342327 0.934183  0.421829 0.325010 2 4 0.992577 3 0.007423
barc_straps
0  -5.109880 1.859979 62.534077  -0.126757 0.164726 0.978161  0.444372 0.339449 2 4 0.999000 3 0.001000
0  -4.650503 1.825734 62.599541  -0.133666 0.113260 0.984533  0.436671 0.341640 2 4 0.998177 3 0.001823
0  -4.429287 2.938797 62.341640  -0.101527 0.332740 0.937538  0.429554 0.322921 2 4 0.995236 3 0.004764
barc_straps
0  -3.969540 2.910282 62.405136  -0.100575 0.342327 0.934183  0.421829 0.325010 2 4 0.992577 3 0.007423
0  -3.509720 2.882014 62.468544  -0.111068 0.314259 0.942818  0.414104 0.327096 2 4 0.989163 3 0.010837
0  -3.628185 3.947626 61.925056  -0.059277 0.548651 0.833947  0.413082 0.306437 2 4 0.979720 3 0.020280
barc_straps
0  -4.429287 2.938797 62.341640  -0.101527 0.332740 0.937538  0.429554 0.322921 2 4 0.995236 3 0.004764
0  -3.969540 2.910282 62.405136  -0.100575 0.342327 0.934183  0.421829 0.325010 2 4 0.992577 3 0.007423
0  -4.087595 3.957594 61.893585  -0.042618 0.588255 0.807552  0.420853 0.304869 2 4 0.986212 3 0.013788
barc_straps
0  -4.889126 2.967191 62.278172  -0.091401 0.351664 0.931653  0.437280 0.320835 2 4 0.997208 3 0.002792
0  -4.429287 2.938797 62.341640  -0.101527 0.332740 0.937538  0.429554 0.322921 2 4 0.995236 3 0.004764
0  -4.546885 3.967536 61.862129  -0.044095 0.572235 0.818903  0.428623 0.303302 2 4 0.991273 3 0.008727
barc_straps
0  -4.087595 3.957594 61.893585  -0.042618 0.588255 0.807552  0.420853 0.304869 2 4 0.986212 3 0.013788
0  -3.628185 3.947626 61.925056  -0.059277 0.548651 0.833947  0.413082 0.306437 2 4 0.979720 3 0.020280
0  -4.040407 4.967842 60.878395  -0.038177 0.834385 0.549858  0.416712 0.280550 2 4 0.964222 3 0.035778
barc_straps
0  -4.546885 3.967536 61.862129  -0.044095 0.572235 0.818903  0.428623 0.303302 2 4 0.991273 3 0.008727
0  -4.087595 3.957594 61.893585  -0.042618 0.588255 0.807552  0.420853 0.304869 2 4 0.986212 3 0.013788
0  -4.491697 4.918733 60.930447  -0.088247 0.881299 0.464246  0.424582 0.280705 2 4 0.976669 3 0.023331
barc_straps
0  -5.006275 3.977524 61.830620  -0.026379 0.607573 0.793826  0.436392 0.301735 3 4 0.994674 9 0.000361 3 0.004965
0  -4.546885 3.967536 61.862129  -0.044095 0.572235 0.818903  0.428623 0.303302 2 4 0.991273 3 0.008727
0  -4.944952 4.870557 60.980362  -0.094997 0.892805 0.440312  0.432481 0.280834 2 4 0.986342 3 0.013658
barc_straps
0  -4.491697 4.918733 60.930447  -0.088247 0.881299 0.464246  0.424582 0.280705 2 4 0.976669 3 0.023331
0  -4.040407 4.967842 60.878395  -0.038177 0.834385 0.549858  0.416712 0.280550 2 4 0.964222 3 0.035778
0  -4.619751 5.627311 58.769470  -0.234326 0.958845 0.160334  0.422317 0.242581 2 4 0.830482 3 0.169518
barc_straps
0  -4.944952 4.870557 60.980362  -0.094997 0.892805 0.440312  0.432481 0.280834 2 4 0.986342 3 0.013658
0  -4.491697 4.918733 60.930447  -0.088247 0.881299 0.464246  0.424582 0.280705 2 4 0.976669 3 0.023331
0  -5.047773 5.484520 58.850693  -0.316422 0.944990 0.082887  0.430156 0.243559 2 4 0.892110 3 0.107890
barc_straps
0  -5.396257 4.821353 61.032455  -0.138638 0.929827 0.340882  0.440349 0.281022 2 4 0.993047 3 0.006953
0  -4.944952 4.870557 60.980362  -0.094997 0.892805 0.440312  0.432481 0.280834 2 4 0.986342 3 0.013658
0  -5.477137 5.341313 58.930237  -0.322971 0.945068 0.050357  0.438022 0.244501 2 4 0.938082 3 0.061918
barc_straps
0  -5.047773 5.484520 58.850693  -0.316422 0.944990 0.082887  0.430156 0.243559 2 4 0.892110 3 0.107890
0  -4.619751 5.627311 58.769470  -0.234326 0.958845 0.160334  0.422317 0.242581 2 4 0.830482 3 0.169518
0  -5.156664 5.320706 55.395729  -0.458746 0.875752 -0.150368  0.432450 0.182807 2 2 0.319461 3 0.680539
barc_straps
0  -5.477137 5.341313 58.930237  -0.322971 0.945068 0.050357  0.438022 0.244501 2 4 0.938082 3 0.061918
0  -5.047773 5.484520 58.850693  -0.316422 0.944990 0.082887  0.430156 0.243559 2 4 0.892110 3 0.107890
0  -5.547668 5.095368 55.487621  -0.483418 0.855398 -0.186014  0.440335 0.183665 2 2 0.330018 3 0.669982
barc_straps
0  -5.905558 5.198395 59.010963  -0.387342 0.921838 -0.013455  0.445871 0.245456 2 4 0.969875 3 0.030125
0  -5.477137 5.341313 58.930237  -0.322971 0.945068 0.050357  0.438022 0.244501 2 4 0.938082 3 0.061918
0  -5.938707 4.869961 55.579353  -0.484168 0.852822 -0.195643  0.448222 0.184510 2 2 0.346122 3 0.653878
barc_straps
0  -5.547668 5.095368 55.487621  -0.483418 0.855398 -0.186014  0.440335 0.183665 2 2 0.330018 3 0.669982
0  -5.156664 5.320706 55.395729  -0.458746 0.875752 -0.150368  0.432450 0.182807 2 2 0.319461 3 0.680539
0  -5.158732 4.160018 52.770336  -0.498978 0.794270 -0.346634  0.440256 0.133264 2 2 0.752841 3 0.247159
barc_straps
0  -5.938707 4.869961 55.579353  -0.484168 0.852822 -0.195643  0.448222 0.184510 2 2 0.346122 3 0.653878
0  -5.547668 5.095368 55.487621  -0.483418 0.855398 -0.186014  0.440335 0.183665 2 2 0.330018 3 0.669982
0  -5.559277 3.966695 52.872116  -0.481743 0.795041 -0.368556  0.448021 0.134474 2 2 0.745215 3 0.254785
barc_straps
0  -6.329723 4.644608 55.671219  -0.508814 0.832754 -0.218242  0.456112 0.185349 2 2 0.373900 3 0.626100
0  -5.938707 4.869961 55.579353  -0.484168 0.852822 -0.195643  0.448222 0.184510 2 2 0.346122 3 0.653878
0  -5.959752 3.773493 52.974037  -0.481613 0.799649 -0.358622  0.455782 0.135693 2 2 0.737817 3 0.262183
barc_straps
0  -5.559277 3.966695 52.872116  -0.481743 0.795041 -0.368556  0.448021 0.134474 2 2 0.745215 3 0.254785
0  -5.158732 4.160018 52.770336  -0.498978 0.794270 -0.346634  0.440256 0.133264 2 2 0.752841 3 0.247159
0  -4.902469 3.488858 51.398815  -0.466967 0.730009 -0.499029  0.440578 0.104825 1 2 1.000000
barc_straps
0  -5.959752 3.773493 52.974037  -0.481613 0.799649 -0.358622  0.455782 0.135693 2 2 0.737817 3 0.262183
0  -5.559277 3.966695 52.872116  -0.481743 0.795041 -0.368556  0.448021 0.134474 2 2 0.745215 3 0.254785
0  -5.317603 3.329934 51.523350  -0.461284 0.754023 -0.467618  0.448234 0.106987 2 2 0.986947 3 0.013053
barc_straps
0  -6.360318 3.580152 53.075832  -0.459196 0.804050 -0.377681  0.463542 0.136915 2 2 0.730972 3 0.269028
0  -5.959752 3.773493 52.974037  -0.481613 0.799649 -0.358622  0.455782 0.135693 2 2 0.737817 3 0.262183
0  -5.732735 3.171195 51.648151  -0.461072 0.756564 -0.463706  0.455889 0.109160 2 2 0.971667 3 0.028333
barc_straps
0  -5.317603 3.329934 51.523350  -0.461284 0.754023 -0.467618  0.448234 0.106987 2 2 0.986947 3 0.013053
0  -4.902469 3.488858 51.398815  -0.466967 0.730009 -0.499029  0.440578 0.104825 1 2 1.000000
0  -4.545910 2.957497 50.233284  -0.443320 0.792807 -0.418240  0.438112 0.082407 1 2 1.000000
barc_straps
0  -5.732735 3.171195 51.648151  -0.461072 0.756564 -0.463706  0.455889 0.109160 2 2 0.971667 3 0.028333
0  -5.317603 3.329934 51.523350  -0.461284 0.754023 -0.467618  0.448234 0.106987 2 2 0.986947 3 0.013053
0  -4.943542 2.778399 50.347813  -0.475230 0.777654 -0.411595  0.445728 0.083933 1 2 1.000000
barc_straps
0  -6.147874 3.012605 51.773174  -0.458854 0.754107 -0.469868  0.463538 0.111336 2 2 0.956345 3 0.043655
0  -5.732735 3.171195 51.648151  -0.461072 0.756564 -0.463706  0.455889 0.109160 2 2 0.971667 3 0.028333
0  -5.341570 2.599081 50.462486  -0.475706 0.765075 -0.434010  0.453357 0.085470 1 2 1.000000
barc_straps
0  -4.943542 2.778399 50.347813  -0.475230 0.777654 -0.411595  0.445728 0.083933 1 2 1.000000
0  -4.545910 2.957497 50.233284  -0.443320 0.792807 -0.418240  0.438112 0.082407 1 2 1.000000
0  -4.265800 2.760452 49.150436  -0.520613 0.796833 -0.306625  0.434120 0.063275 1 2 1.000000
barc_straps
0  -5.341570 2.599081 50.462486  -0.475706 0.765075 -0.434010  0.453357 0.085470 1 2 1.000000
0  -4.943542 2.778399 50.347813  -0.475230 0.777654 -0.411595  0.445728 0.083933 1 2 1.000000
0  -4.632019 2.489646 49.163658  -0.535058 0.771700 -0.343790  0.441925 0.062601 1 2 1.000000
barc_straps
0  -5.739275 2.419981 50.577274  -0.502679 0.755570 -0.420034  0.460978 0.087007 1 2 1.000000
0  -5.341570 2.599081 50.462486  -0.475706 0.765075 -0.434010  0.453357 0.085470 1 2 1.000000
0  -4.998188 2.218613 49.176350  -0.530877 0.758253 -0.378447  0.449734 0.061890 1 2 1.000000
barc_straps
0  -4.368919 -1.743606 61.441803  0.169643 0.440761 -0.881448  0.429369 0.601780 2 4 0.998308 3 0.001692
0  -4.207533 -0.977287 61.856609  0.167944 0.442194 -0.881056  0.451685 0.601324 2 4 0.997294 3 0.002706
0  -3.739389 -1.101697 61.883148  0.168171 0.441167 -0.881527  0.451685 0.613542 2 4 0.998047 3 0.001953
barc_straps
0  -4.836423 -1.616657 61.415043  0.169971 0.442149 -0.880690  0.429425 0.589560 2 4 0.998855 3 0.001145
0  -4.675662 -0.852989 61.830032  0.168255 0.443592 -0.880293  0.451682 0.589106 2 4 0.998671 3 0.001329
0  -4.207533 -0.977287 61.856609  0.167944 0.442194 -0.881056  0.451685 0.601324 2 4 0.997294 3 0.002706
barc_straps
0  -5.303937 -1.489731 61.388279  0.169732 0.443187 -0.880214  0.429479 0.577340 2 4 0.999320 3 0.000680
0  -5.143781 -0.728519 61.803539  0.167995 0.444617 -0.879826  0.451684 0.576888 2 4 0.999166 3 0.000834
0  -4.675662 -0.852989 61.830032  0.168255 0.443592 -0.880293  0.451682 0.589106 2 4 0.998671 3 0.001329
barc_straps
0  -4.212971 -0.315668 62.179207  0.231918 0.374483 -0.897762  0.431875 0.564941 2 4 0.998110 3 0.001890
0  -4.315401 0.534813 62.516449  0.182702 0.202774 -0.962030  0.454888 0.562097 2 4 0.997220 3 0.002780
0  -3.855904 0.452024 62.582756  0.197999 0.251393 -0.947417  0.453724 0.573918 2 4 0.998166 3 0.001834
barc_straps
0  -4.669353 -0.171839 62.112411  0.237004 0.399646 -0.885501  0.434444 0.553049 2 4 0.998760 3 0.001240
0  -4.774849 0.617935 62.450237  0.184897 0.215407 -0.958860  0.456065 0.550276 2 4 0.998877 3 0.001123
0  -4.315401 0.534813 62.516449  0.182702 0.202774 -0.962030  0.454888 0.562097 2 4 0.997220 3 0.002780
barc_straps
0  -5.126122 -0.028401 62.045315  0.231924 0.422788 -0.876049  0.436988 0.541144 2 4 0.999261 3 0.000739
0  -5.234348 0.700715 62.383938  0.167322 0.160376 -0.972771  0.457239 0.538456 2 4 0.999393 3 0.000607
0  -4.774849 0.617935 62.450237  0.184897 0.215407 -0.958860  0.456065 0.550276 2 4 0.998877 3 0.001123
barc_straps
0  -4.315401 0.534813 62.516449  0.182702 0.202774 -0.962030  0.454888 0.562097 2 4 0.997220 3 0.002780
0  -4.184792 1.783587 62.585995  0.145454 0.040592 -0.988532  0.481079 0.563574 2 4 0.995126 3 0.004874
0  -3.725098 1.747381 62.651695  0.147010 0.038544 -0.988384  0.481079 0.575303 2 4 0.996786 3 0.003214
barc_straps
0  -4.774849 0.617935 62.450237  0.184897 0.215407 -0.958860  0.456065 0.550276 2 4 0.998877 3 0.001123
0  -4.644339 1.818919 62.520416  0.146090 0.042641 -0.988352  0.481059 0.551850 2 4 0.998034 3 0.001966
0  -4.184792 1.783587 62.585995  0.145454 0.040592 -0.988532  0.481079 0.563574 2 4 0.995126 3 0.004874
barc_straps
0  -5.234348 0.700715 62.383938  0.167322 0.160376 -0.972771  0.457239 0.538456 2 4 0.999393 3 0.000607
0  -5.104042 1.855197 62.454727  0.144742 0.044274 -0.988478  0.481064 0.540119 2 4 0.998915 3 0.001085
0  -4.644339 1.818919 62.520416  0.146090 0.042641 -0.988352  0.481059 0.551850 2 4 0.998034 3 0.001966
barc_straps
0  -3.961807 2.883170 62.330841  0.081931 -0.434647 -0.896867  0.290896 0.371954 2 4 0.992200 3 0.007800
0  -4.079519 3.910755 61.829628  0.043194 -0.585998 -0.809160  0.294786 0.392879 2 4 0.979156 3 0.020844
0  -3.619839 3.899665 61.861916  0.059355 -0.546725 -0.835206  0.302837 0.390040 2 4 0.985760 3 0.014240
barc_straps
0  -4.421766 2.912462 62.267048  0.083743 -0.418075 -0.904544  0.282972 0.375331 2 4 0.994963 3 0.005037
0  -4.539322 3.921870 61.797325  0.044089 -0.569544 -0.820778  0.286733 0.395718 2 4 0.990949 3 0.009051
0  -4.079519 3.910755 61.829628  0.043194 -0.585998 -0.809160  0.294786 0.392879 2 4 0.979156 3 0.020844
barc_straps
0  -4.881638 2.941874 62.203220  0.077402 -0.404465 -0.911272  0.275048 0.378704 2 4 0.997029 3 0.002971
0  -4.999020 3.932940 61.765076  0.027383 -0.604508 -0.796129  0.278682 0.398554 3 4 0.994588 9 0.000222 3 0.005190
0  -4.539322 3.921870 61.797325  0.044089 -0.569544 -0.820778  0.286733 0.395718 2 4 0.990949 3 0.009051
barc_straps
0  -4.079519 3.910755 61.829628  0.043194 -0.585998 -0.809160  0.294786 0.392879 2 4 0.979156 3 0.020844
0  -4.458925 4.845469 60.898117  0.008525 -0.701002 -0.713109  0.294600 0.418330 2 4 0.963356 3 0.036644
0  -4.004692 4.893151 60.849354  0.015548 -0.706850 -0.707192  0.303047 0.417263 2 4 0.975963 3 0.024037
barc_straps
0  -4.539322 3.921870 61.797325  0.044089 -0.569544 -0.820778  0.286733 0.395718 2 4 0.990949 3 0.009051
0  -4.911194 4.796858 60.949017  0.007397 -0.690884 -0.722927  0.286172 0.419330 2 4 0.985810 3 0.014190
0  -4.458925 4.845469 60.898117  0.008525 -0.701002 -0.713109  0.294600 0.418330 2 4 0.963356 3 0.036644
barc_straps
0  -4.999020 3.932940 61.765076  0.027383 -0.604508 -0.796129  0.278682 0.398554 3 4 0.994588 9 0.000222 3 0.005190
0  -5.365416 4.749272 60.997734  -0.006099 -0.686343 -0.727252  0.277723 0.420362 2 4 0.992682 3 0.007318
0  -4.911194 4.796858 60.949017  0.007397 -0.690884 -0.722927  0.286172 0.419330 2 4 0.985810 3 0.014190
barc_straps
0  -4.458925 4.845469 60.898117  0.130907 -0.942755 -0.306718  0.294600 0.418330 2 4 0.963356 3 0.036644
0  -4.976564 5.407076 58.859200  0.318782 -0.944267 -0.082085  0.294622 0.457838 2 4 0.829763 3 0.170237
0  -4.546806 5.550417 58.778839  0.233527 -0.958962 -0.160804  0.303153 0.457704 2 4 0.890514 3 0.109486
barc_straps
0  -4.911194 4.796858 60.949017  0.137138 -0.953115 -0.269750  0.286172 0.419330 2 4 0.985810 3 0.014190
0  -5.404980 5.264146 58.941235  0.324776 -0.944510 -0.049210  0.286108 0.457944 2 4 0.936111 3 0.063889
0  -4.976564 5.407076 58.859200  0.318782 -0.944267 -0.082085  0.294622 0.457838 2 4 0.829763 3 0.170237
barc_straps
0  -5.365416 4.749272 60.997734  0.174842 -0.954148 -0.242963  0.277723 0.420362 2 4 0.992682 3 0.007318
0  -5.834335 5.120929 59.022091  0.389564 -0.920868 0.015554  0.277582 0.458084 2 4 0.968111 3 0.031889
0  -5.404980 5.264146 58.941235  0.324776 -0.944510 -0.049210  0.286108 0.457944 2 4 0.936111 3 0.063889
barc_straps
0  -4.976564 5.407076 58.859200  0.318782 -0.944267 -0.082085  0.294622 0.457838 2 4 0.829763 3 0.170237
0  -5.458405 5.028067 55.516052  0.484794 -0.853874 0.189405  0.292891 0.522741 2 2 0.303557 3 0.696443
0  -5.067398 5.253350 55.423977  0.461107 -0.873930 0.153709  0.301422 0.522497 2 2 0.316991 3 0.683009
barc_straps
0  -5.404980 5.264146 58.941235  0.324776 -0.944510 -0.049210  0.286108 0.457944 2 4 0.936111 3 0.063889
0  -5.849379 4.802860 55.608284  0.485361 -0.851370 0.198982  0.284360 0.522993 2 2 0.329326 3 0.670674
0  -5.458405 5.028067 55.516052  0.484794 -0.853874 0.189405  0.292891 0.522741 2 2 0.303557 3 0.696443
barc_straps
0  -5.834335 5.120929 59.022091  0.389564 -0.920868 0.015554  0.277582 0.458084 2 4 0.968111 3 0.031889
0  -6.240374 4.577595 55.700386  0.509327 -0.832695 0.217266  0.275827 0.523257 2 2 0.352841 3 0.647159
0  -5.849379 4.802860 55.608284  0.485361 -0.851370 0.198982  0.284360 0.522993 2 2 0.329326 3 0.670674
barc_straps
0  -5.458405 5.028067 55.516052  0.484794 -0.853874 0.189405  0.292891 0.522741 2 2 0.303557 3 0.696443
0  -5.469773 3.904211 52.911083  0.481064 -0.796246 0.366837  0.291951 0.576093 2 2 0.739033 3 0.260967
0  -5.069314 4.097902 52.810020  0.499333 -0.795536 0.343205  0.300405 0.576223 2 2 0.746768 3 0.253232
barc_straps
0  -5.849379 4.802860 55.608284  0.485361 -0.851370 0.198982  0.284360 0.522993 2 2 0.329326 3 0.670674
0  -5.870301 3.710401 53.011997  0.480954 -0.800810 0.356913  0.283497 0.575959 2 2 0.732445 3 0.267555
0  -5.469773 3.904211 52.911083  0.481064 -0.796246 0.366837  0.291951 0.576093 2 2 0.739033 3 0.260967
barc_straps
0  -6.240374 4.577595 55.700386  0.509327 -0.832695 0.217266  0.275827 0.523257 2 2 0.352841 3 0.647159
0  -6.270735 3.516729 53.113037  0.458947 -0.804691 0.376616  0.275048 0.575816 2 2 0.726034 3 0.273966
0  -5.870301 3.710401 53.011997  0.480954 -0.800810 0.356913  0.283497 0.575959 2 2 0.732445 3 0.267555
barc_straps
0  -5.469773 3.904211 52.911083  0.481064 -0.796246 0.366837  0.291951 0.576093 2 2 0.739033 3 0.260967
0  -5.227252 3.274205 51.566330  0.460163 -0.754664 0.467689  0.295712 0.605351 2 2 0.976316 3 0.023684
0  -4.812143 3.432670 51.441166  0.464697 -0.732530 0.497450  0.304190 0.606541 2 2 0.991669 3 0.008331
barc_straps
0  -5.870301 3.710401 53.011997  0.480954 -0.800810 0.356913  0.283497 0.575959 2 2 0.732445 3 0.267555
0  -5.642361 3.115553 51.691235  0.460328 -0.756832 0.464008  0.287233 0.604161 2 2 0.961144 3 0.038856
0  -5.227252 3.274205 51.566330  0.460163 -0.754664 0.467689  0.295712 0.605351 2 2 0.976316 3 0.023684
barc_straps
0  -6.270735 3.516729 53.113037  0.458947 -0.804691 0.376616  0.275048 0.575816 2 2 0.726034 3 0.273966
0  -6.057458 2.956752 51.815910  0.458512 -0.754832 0.469037  0.278759 0.602976 2 2 0.945872 3 0.054128
0  -5.642361 3.115553 51.691235  0.460328 -0.756832 0.464008  0.287233 0.604161 2 2 0.961144 3 0.038856
barc_straps
0  -5.227252 3.274205 51.566330  0.460163 -0.754664 0.467689  0.295712 0.605351 2 2 0.976316 3 0.023684
0  -4.853661 2.714993 50.384705  0.475284 -0.777117 0.412546  0.301851 0.629670 1 2 1.000000
0  -4.455214 2.893486 50.267967  0.443577 -0.791776 0.419917  0.310210 0.630216 1 2 1.000000
barc_straps
0  -5.642361 3.115553 51.691235  0.460328 -0.756832 0.464008  0.287233 0.604161 2 2 0.961144 3 0.038856
0  -5.251711 2.536721 50.501293  0.475689 -0.764641 0.434791  0.293492 0.629116 1 2 1.000000
0  -4.853661 2.714993 50.384705  0.475284 -0.777117 0.412546  0.301851 0.629670 1 2 1.000000
barc_straps
0  -6.057458 2.956752 51.815910  0.458512 -0.754832 0.469037  0.278759 0.602976 2 2 0.945872 3 0.054128
0  -5.650085 2.358227 50.617771  0.502071 -0.755259 0.421318  0.285130 0.628567 1 2 1.000000
0  -5.251711 2.536721 50.501293  0.475689 -0.764641 0.434791  0.293492 0.629116 1 2 1.000000
barc_straps
0  -4.853661 2.714993 50.384705  0.475284 -0.777117 0.412546  0.301851 0.629670 1 2 1.000000
0  -4.538717 2.426067 49.195583  0.534981 -0.771655 0.344010  0.309120 0.651934 1 2 1.000000
0  -4.172470 2.696421 49.181183  0.520379 -0.796908 0.306829  0.317342 0.650087 1 2 1.000000
barc_straps
0  -5.251711 2.536721 50.501293  0.475689 -0.764641 0.434791  0.293492 0.629116 1 2 1.000000
0  -4.905010 2.155944 49.210510  0.530821 -0.758194 0.378643  0.300897 0.653797 1 2 1.000000
0  -4.538717 2.426067 49.195583  0.534981 -0.771655 0.344010  0.309120 0.651934 1 2 1.000000
barc_straps
0  -5.650085 2.358227 50.617771  0.502071 -0.755259 0.421318  0.285130 0.628567 1 2 1.000000
0  -5.271282 1.885577 49.224819  0.554683 -0.730342 0.398658  0.292670 0.655693 1 2 1.000000
0  -4.905010 2.155944 49.210510  0.530821 -0.758194 0.378643  0.300897 0.653797 1 2 1.000000
barc_straps
0  -4.632019 2.489646 49.163658  0.156914 -0.260300 -0.952692  0.563164 0.926147 1 2 1.000000
0  -4.538717 2.426067 49.195583  0.150101 -0.253365 -0.955655  0.567276 0.927791 1 2 1.000000
0  -4.905010 2.155944 49.210510  0.160671 -0.266602 -0.950320  0.567267 0.910104 1 2 1.000000
barc_straps
0  -5.312610 -1.518028 61.461922  -0.223260 -0.900839 -0.372350  0.670629 0.641744 2 4 0.999401 3 0.000599
0  -5.303937 -1.489731 61.388279  -0.223264 -0.900809 -0.372421  0.667623 0.641881 2 4 0.999320 3 0.000680
0  -4.836423 -1.616657 61.415043  -0.223319 -0.901068 -0.371759  0.667623 0.660082 2 4 0.998855 3 0.001145
barc_straps
0  -3.771172 -0.492783 62.316792  0.985470 0.013563 0.169310  0.316749 0.675339 2 4 0.997554 3 0.002446
0  -3.756193 -0.458933 62.246395  0.979145 -0.038808 0.199424  0.316987 0.674743 2 4 0.997301 3 0.002699
0  -3.855904 0.452024 62.582756  0.991591 -0.005911 0.129274  0.324494 0.677127 2 4 0.998166 3 0.001834
barc_straps
0  -5.158732 4.160018 52.770336  0.632036 0.724920 -0.273900  0.351387 0.594119 2 2 0.752841 3 0.247159
0  -5.069314 4.097902 52.810020  0.628173 0.720365 -0.294063  0.350552 0.594539 2 2 0.746768 3 0.253232
0  -4.812143 3.432670 51.441166  0.588772 0.764065 -0.263727  0.342883 0.583671 2 2 0.991669 3 0.008331
barc_straps
0  -5.739275 2.419981 50.577274  -0.612448 -0.775823 0.151679  0.338106 0.574274 1 2 1.000000
0  -5.650085 2.358227 50.617771  -0.597446 -0.791252 0.130301  0.337247 0.574652 1 2 1.000000
0  -6.057458 2.956752 51.815910  -0.579187 -0.788049 0.208616  0.342883 0.583671 2 2 0.945872 3 0.054128
barc_straps
0  -6.147874 3.012605 51.773174  -0.581960 -0.780875 0.227061  0.343699 0.583238 2 2 0.956345 3 0.043655
0  -6.057458 2.956752 51.815910  -0.579187 -0.788049 0.208616  0.342883 0.583671 2 2 0.945872 3 0.054128
0  -6.270735 3.516729 53.113037  -0.630754 -0.730574 0.261556  0.350552 0.594539 2 2 0.726034 3 0.273966
barc_straps
0  -4.889126 2.967191 62.278172  -0.992766 0.070256 -0.097363  0.342464 0.675015 2 4 0.997208 3 0.002792
0  -4.881638 2.941874 62.203220  -0.996447 -0.031574 -0.078079  0.342209 0.674427 2 4 0.997029 3 0.002971
0  -5.104042 1.855197 62.454727  -0.983019 0.149390 -0.106568  0.333270 0.677128 2 4 0.998915 3 0.001085
barc_straps
0  -3.509720 2.882014 62.468544  0.995800 0.038009 0.083295  0.342464 0.675015 2 4 0.989163 3 0.010837
0  -3.501921 2.853632 62.394730  0.992364 -0.063404 0.105800  0.342209 0.674427 2 4 0.988673 3 0.011327
0  -3.619839 3.899665 61.861916  0.981667 0.190474 -0.007059  0.350548 0.669836 2 4 0.985760 3 0.014240
barc_straps
0  -5.396257 4.821353 61.032455  -0.909600 -0.402627 0.102558  0.359467 0.661517 2 4 0.993047 3 0.006953
0  -5.365416 4.749272 60.997734  -0.837692 -0.536279 0.103331  0.358790 0.661310 2 4 0.992682 3 0.007318
0  -4.999020 3.932940 61.765076  -0.956185 -0.290165 0.038912  0.350548 0.669836 3 4 0.994588 9 0.000222 3 0.005190
barc_straps
0  -3.910002 -1.898629 61.542297  0.975039 -0.220366 0.027177  0.303747 0.669815 2 4 0.997555 3 0.002445
0  -3.901405 -1.870528 61.468567  0.974779 -0.221235 0.029340  0.303930 0.669201 2 4 0.997643 3 0.002357
0  -3.739389 -1.101697 61.883148  0.984941 -0.164924 0.051867  0.310541 0.671969 2 4 0.998047 3 0.001953
barc_straps
0  -4.619751 5.627311 58.769470  0.692107 0.707931 -0.140794  0.363960 0.644113 2 4 0.830482 3 0.169518
0  -4.546806 5.550417 58.778839  0.766387 0.635516 -0.093654  0.363112 0.644248 2 4 0.890514 3 0.109486
0  -5.067398 5.253350 55.423977  0.660792 0.716573 -0.223331  0.359065 0.616333 2 2 0.316991 3 0.683009
barc_straps
0  -5.109880 1.859979 62.534077  -0.987238 0.141092 -0.073848  0.333374 0.677762 2 4 0.999000 3 0.001000
0  -5.104042 1.855197 62.454727  -0.983019 0.149390 -0.106568  0.333270 0.677128 2 4 0.998915 3 0.001085
0  -5.234348 0.700715 62.383938  -0.994251 0.060378 -0.088427  0.324494 0.677127 2 4 0.999393 3 0.000607
barc_straps
0  -4.845076 -1.644902 61.488708  -0.223407 -0.901382 -0.370944  0.670629 0.659946 2 4 0.998978 3 0.001022
0  -4.836423 -1.616657 61.415043  -0.223319 -0.901068 -0.371759  0.667623 0.660082 2 4 0.998855 3 0.001145
0  -4.368919 -1.743606 61.441803  -0.223486 -0.901544 -0.370503  0.667622 0.678282 2 4 0.998308 3 0.001692
barc_straps
0  -6.329723 4.644608 55.671219  -0.663766 -0.705828 0.247431  0.359937 0.616008 2 2 0.373900 3 0.626100
0  -6.240374 4.577595 55.700386  -0.631619 -0.733870 0.249985  0.359065 0.616333 2 2 0.352841 3 0.647159
0  -5.834335 5.120929 59.022091  -0.698025 -0.695041 0.172275  0.363112 0.644248 2 4 0.968111 3 0.031889
barc_straps
0  -5.006275 3.977524 61.830620  -0.979064 -0.202793 0.017581  0.350957 0.670332 3 4 0.994674 9 0.000361 3 0.004965
0  -4.999020 3.932940 61.765076  -0.956185 -0.290165 0.038912  0.350548 0.669836 3 4 0.994588 9 0.000222 3 0.005190
0  -4.881638 2.941874 62.203220  -0.996447 -0.031574 -0.078079  0.342209 0.674427 2 4 0.997029 3 0.002971
barc_straps
0  -5.241755 0.679731 62.460819  -0.991211 0.000720 -0.132288  0.324378 0.677762 2 4 0.999452 3 0.000548
0  -5.234348 0.700715 62.383938  -0.994251 0.060378 -0.088427  0.324494 0.677127 2 4 0.999393 3 0.000607
0  -5.126122 -0.028401 62.045315  -0.986414 -0.010877 -0.163919  0.316987 0.674743 2 4 0.999261 3 0.000739
barc_straps
0  -4.040407 4.967842 60.878395  0.838253 0.544353 -0.031798  0.359467 0.661517 2 4 0.964222 3 0.035778
0  -4.004692 4.893151 60.849354  0.914709 0.401032 -0.049803  0.358790 0.661310 2 4 0.975963 3 0.024037
0  -4.546806 5.550417 58.778839  0.766387 0.635516 -0.093654  0.363112 0.644248 2 4 0.890514 3 0.109486
barc_straps
0  -4.545910 2.957497 50.233284  0.587803 0.806427 -0.064520  0.338106 0.574274 1 2 1.000000
0  -4.455214 2.893486 50.267967  0.605518 0.788473 -0.107973  0.337247 0.574652 1 2 1.000000
0  -4.172470 2.696421 49.181183  0.571340 0.820713 -0.000863  0.333507 0.566247 1 2 1.000000
barc_straps
0  -5.364382 1.947818 49.189663  -0.590194 -0.799498 0.111686  0.334387 0.565899 1 2 1.000000
0  -5.271282 1.885577 49.224819  -0.581735 -0.805205 0.115017  0.333507 0.566247 1 2 1.000000
0  -5.650085 2.358227 50.617771  -0.597446 -0.791252 0.130301  0.337247 0.574652 1 2 1.000000
barc_straps
0  -3.862984 0.433396 62.660252  0.994411 -0.056653 0.089096  0.324378 0.677762 2 4 0.997449 3 0.002551
0  -3.855904 0.452024 62.582756  0.991591 -0.005911 0.129274  0.324494 0.677127 2 4 0.998166 3 0.001834
0  -3.725098 1.747381 62.651695  0.987683 -0.131341 0.085035  0.333270 0.677128 2 4 0.996786 3 0.003214
barc_straps
0  -4.265800 2.760452 49.150436  0.149376 -0.251042 -0.956381  0.563146 0.943856 1 2 1.000000
0  -4.172470 2.696421 49.181183  0.145409 -0.247985 -0.957789  0.567276 0.945485 1 2 1.000000
0  -4.538717 2.426067 49.195583  0.150101 -0.253365 -0.955655  0.567276 0.927791 1 2 1.000000
barc_straps
0  -4.902469 3.488858 51.398815  0.581964 0.786915 -0.205142  0.343699 0.583238 1 2 1.000000
0  -4.812143 3.432670 51.441166  0.588772 0.764065 -0.263727  0.342883 0.583671 2 2 0.991669 3 0.008331
0  -4.455214 2.893486 50.267967  0.605518 0.788473 -0.107973  0.337247 0.574652 1 2 1.000000
barc_straps
0  -6.360318 3.580152 53.075832  -0.629795 -0.722116 0.286193  0.351387 0.594119 2 2 0.730972 3 0.269028
0  -6.270735 3.516729 53.113037  -0.630754 -0.730574 0.261556  0.350552 0.594539 2 2 0.726034 3 0.273966
0  -6.240374 4.577595 55.700386  -0.631619 -0.733870 0.249985  0.359065 0.616333 2 2 0.352841 3 0.647159
barc_straps
0  -5.153294 -0.762779 61.874462  -0.980989 0.186547 -0.053493  0.310325 0.672572 2 4 0.999259 3 0.000741
0  -5.143781 -0.728519 61.803539  -0.993257 0.090832 -0.072043  0.310541 0.671969 2 4 0.999166 3 0.000834
0  -5.303937 -1.489731 61.388279  -0.975030 0.220379 -0.027378  0.303930 0.669201 2 4 0.999320 3 0.000680
barc_straps
0  -3.748425 -1.133867 61.955120  0.993129 -0.089745 0.075110  0.310325 0.672572 2 4 0.997879 3 0.002121
0  -3.739389 -1.101697 61.883148  0.984941 -0.164924 0.051867  0.310541 0.671969 2 4 0.998047 3 0.001953
0  -3.756193 -0.458933 62.246395  0.979145 -0.038808 0.199424  0.316987 0.674743 2 4 0.997301 3 0.002699
barc_straps
0  -5.156664 5.320706 55.395729  0.632996 0.730661 -0.255831  0.359937 0.616008 2 2 0.319461 3 0.680539
0  -5.067398 5.253350 55.423977  0.660792 0.716573 -0.223331  0.359065 0.616333 2 2 0.316991 3 0.683009
0  -5.069314 4.097902 52.810020  0.628173 0.720365 -0.294063  0.350552 0.594539 2 2 0.746768 3 0.253232
barc_straps
0  -4.377535 -1.771752 61.515503  -0.223487 -0.901585 -0.370403  0.670630 0.678149 2 4 0.998482 3 0.001518
0  -4.368919 -1.743606 61.441803  -0.223486 -0.901544 -0.370503  0.667622 0.678282 2 4 0.998308 3 0.001692
0  -3.901405 -1.870528 61.468567  -0.223533 -0.901801 -0.369848  0.667621 0.696483 2 4 0.997643 3 0.002357
barc_straps
0  -5.905558 5.198395 59.010963  -0.772332 -0.617569 0.148698  0.363960 0.644113 2 4 0.969875 3 0.030125
0  -5.834335 5.120929 59.022091  -0.698025 -0.695041 0.172275  0.363112 0.644248 2 4 0.968111 3 0.031889
0  -5.365416 4.749272 60.997734  -0.837692 -0.536279 0.103331  0.358790 0.661310 2 4 0.992682 3 0.007318
barc_straps
0  -3.731583 1.756227 62.730549  0.982853 -0.141088 0.118720  0.333374 0.677762 2 4 0.995431 3 0.004569
0  -3.725098 1.747381 62.651695  0.987683 -0.131341 0.085035  0.333270 0.677128 2 4 0.996786 3 0.003214
0  -3.501921 2.853632 62.394730  0.992364 -0.063404 0.105800  0.342209 0.674427 2 4 0.988673 3 0.011327
barc_straps
0  -4.998188 2.218613 49.176350  0.167218 -0.273240 -0.947300  0.563191 0.908432 1 2 1.000000
0  -4.905010 2.155944 49.210510  0.160671 -0.266602 -0.950320  0.567267 0.910104 1 2 1.000000
0  -5.271282 1.885577 49.224819  0.167654 -0.275251 -0.946641  0.567267 0.892408 1 2 1.000000
barc_straps
0  -3.628185 3.947626 61.925056  0.957493 0.288429 -0.003999  0.350957 0.670332 2 4 0.979720 3 0.020280
0  -3.619839 3.899665 61.861916  0.981667 0.190474 -0.007059  0.350548 0.669836 2 4 0.985760 3 0.014240
0  -4.004692 4.893151 60.849354  0.914709 0.401032 -0.049803  0.358790 0.661310 2 4 0.975963 3 0.024037
barc_straps
0  -5.140495 -0.064664 62.114700  -0.979758 0.051105 -0.193550  0.316749 0.675339 2 4 0.999339 3 0.000661
0  -5.126122 -0.028401 62.045315  -0.986414 -0.010877 -0.163919  0.316987 0.674743 2 4 0.999261 3 0.000739
0  -5.143781 -0.728519 61.803539  -0.993257 0.090832 -0.072043  0.310541 0.671969 2 4 0.999166 3 0.000834
barc_straps
0  -4.377535 -1.771752 61.515503  -0.168594 -0.441403 0.881328  0.449181 0.404342 2 4 0.998482 3 0.001518
0  -3.748425 -1.133867 61.955120  -0.172653 -0.460711 0.870595  0.434563 0.395333 2 4 0.997879 3 0.002121
0  -4.216700 -1.010188 61.928230  -0.177598 -0.447616 0.876413  0.441768 0.391119 2 4 0.998242 3 0.001758
barc_straps
0  -4.845076 -1.644902 61.488708  -0.170027 -0.442513 0.880496  0.456362 0.400084 2 4 0.998978 3 0.001022
0  -4.216700 -1.010188 61.928230  -0.177598 -0.447616 0.876413  0.441768 0.391119 2 4 0.998242 3 0.001758
0  -4.684992 -0.886396 61.901390  -0.171062 -0.420155 0.891183  0.448973 0.386903 2 4 0.998807 3 0.001193
barc_straps
0  -5.312610 -1.518028 61.461922  -0.169009 -0.444241 0.879821  0.463542 0.395827 2 4 0.999401 3 0.000599
0  -4.684992 -0.886396 61.901390  -0.171062 -0.420155 0.891183  0.448973 0.386903 2 4 0.998807 3 0.001193
0  -5.153294 -0.762779 61.874462  -0.173369 -0.403426 0.898438  0.456179 0.382693 2 4 0.999259 3 0.000741
barc_straps
0  -4.216700 -1.010188 61.928230  -0.177598 -0.447616 0.876413  0.441768 0.391119 2 4 0.998242 3 0.001758
0  -3.771172 -0.492783 62.316792  -0.241012 -0.415312 0.877171  0.430385 0.381014 2 4 0.997554 3 0.002446
0  -4.227478 -0.349831 62.249592  -0.234886 -0.388254 0.891116  0.437709 0.377087 2 4 0.998293 3 0.001707
barc_straps
0  -4.684992 -0.886396 61.901390  -0.171062 -0.420155 0.891183  0.448973 0.386903 2 4 0.998807 3 0.001193
0  -4.227478 -0.349831 62.249592  -0.234886 -0.388254 0.891116  0.437709 0.377087 2 4 0.998293 3 0.001707
0  -4.684177 -0.207444 62.181995  -0.231259 -0.373284 0.898431  0.445045 0.373170 2 4 0.998884 3 0.001116
barc_straps
0  -5.153294 -0.762779 61.874462  -0.173369 -0.403426 0.898438  0.456179 0.382693 2 4 0.999259 3 0.000741
0  -4.684177 -0.207444 62.181995  -0.231259 -0.373284 0.898431  0.445045 0.373170 2 4 0.998884 3 0.001116
0  -5.140495 -0.064664 62.114700  -0.229442 -0.371711 0.899548  0.452372 0.369252 2 4 0.999339 3 0.000661
barc_straps
0  -4.227478 -0.349831 62.249592  -0.234886 -0.388254 0.891116  0.437709 0.377087 2 4 0.998293 3 0.001707
0  -3.862984 0.433396 62.660252  -0.198266 -0.250182 0.947681  0.427474 0.364193 2 4 0.997449 3 0.002551
0  -4.322557 0.515615 62.593803  -0.182491 -0.202001 0.962233  0.435017 0.361197 2 4 0.998324 3 0.001676
barc_straps
0  -4.684177 -0.207444 62.181995  -0.231259 -0.373284 0.898431  0.445045 0.373170 2 4 0.998884 3 0.001116
0  -4.322557 0.515615 62.593803  -0.182491 -0.202001 0.962233  0.435017 0.361197 2 4 0.998324 3 0.001676
0  -4.782179 0.597501 62.527264  -0.184712 -0.214395 0.959123  0.442562 0.358204 2 4 0.998979 3 0.001021
barc_straps
0  -5.140495 -0.064664 62.114700  -0.229442 -0.371711 0.899548  0.452372 0.369252 2 4 0.999339 3 0.000661
0  -4.782179 0.597501 62.527264  -0.184712 -0.214395 0.959123  0.442562 0.358204 2 4 0.998979 3 0.001021
0  -5.241755 0.679731 62.460819  -0.168601 -0.159418 0.972707  0.450102 0.355202 2 4 0.999452 3 0.000548
barc_straps
0  -4.322557 0.515615 62.593803  -0.182491 -0.202001 0.962233  0.435017 0.361197 2 4 0.998324 3 0.001676
0  -3.731583 1.756227 62.730549  -0.137453 0.058947 0.988753  0.421270 0.346038 2 4 0.995431 3 0.004569
0  -4.190969 1.790541 62.665104  -0.133500 0.111636 0.984741  0.428971 0.343847 2 4 0.997003 3 0.002997
barc_straps
0  -4.782179 0.597501 62.527264  -0.184712 -0.214395 0.959123  0.442562 0.358204 2 4 0.998979 3 0.001021
0  -4.190969 1.790541 62.665104  -0.133500 0.111636 0.984741  0.428971 0.343847 2 4 0.997003 3 0.002997
0  -4.650503 1.825734 62.599541  -0.133666 0.113260 0.984533  0.436671 0.341640 2 4 0.998177 3 0.001823
barc_straps
0  -5.241755 0.679731 62.460819  -0.168601 -0.159418 0.972707  0.450102 0.355202 2 4 0.999452 3 0.000548
0  -4.650503 1.825734 62.599541  -0.133666 0.113260 0.984533  0.436671 0.341640 2 4 0.998177 3 0.001823
0  -5.109880 1.859979 62.534077  -0.126757 0.164726 0.978161  0.444372 0.339449 2 4 0.999000 3 0.001000
barc_straps
0  -4.190969 1.790541 62.665104  -0.133500 0.111636 0.984741  0.428971 0.343847 2 4 0.997003 3 0.002997
0  -3.509720 2.882014 62.468544  -0.111068 0.314259 0.942818  0.414104 0.327096 2 4 0.989163 3 0.010837
0  -3.969540 2.910282 62.405136  -0.100575 0.342327 0.934183  0.421829 0.325010 2 4 0.992577 3 0.007423
barc_straps
0  -4.650503 1.825734 62.599541  -0.133666 0.113260 0.984533  0.436671 0.341640 2 4 0.998177 3 0.001823
0  -3.969540 2.910282 62.405136  -0.100575 0.342327 0.934183  0.421829 0.325010 2 4 0.992577 3 0.007423
0  -4.429287 2.938797 62.341640  -0.101527 0.332740 0.937538  0.429554 0.322921 2 4 0.995236 3 0.004764
barc_straps
0  -5.109880 1.859979 62.534077  -0.126757 0.164726 0.978161  0.444372 0.339449 2 4 0.999000 3 0.001000
0  -4.429287 2.938797 62.341640  -0.101527 0.332740 0.937538  0.429554 0.322921 2 4 0.995236 3 0.004764
0  -4.889126 2.967191 62.278172  -0.091401 0.351664 0.931653  0.437280 0.320835 2 4 0.997208 3 0.002792
barc_straps
0  -3.969540 2.910282 62.405136  -0.100575 0.342327 0.934183  0.421829 0.325010 2 4 0.992577 3 0.007423
0  -3.628185 3.947626 61.925056  -0.059277 0.548651 0.833947  0.413082 0.306437 2 4 0.979720 3 0.020280
0  -4.087595 3.957594 61.893585  -0.042618 0.588255 0.807552  0.420853 0.304869 2 4 0.986212 3 0.013788
barc_straps
0  -4.429287 2.938797 62.341640  -0.101527 0.332740 0.937538  0.429554 0.322921 2 4 0.995236 3 0.004764
0  -4.087595 3.957594 61.893585  -0.042618 0.588255 0.807552  0.420853 0.304869 2 4 0.986212 3 0.013788
0  -4.546885 3.967536 61.862129  -0.044095 0.572235 0.818903  0.428623 0.303302 2 4 0.991273 3 0.008727
barc_straps
0  -4.889126 2.967191 62.278172  -0.091401 0.351664 0.931653  0.437280 0.320835 2 4 0.997208 3 0.002792
0  -4.546885 3.967536 61.862129  -0.044095 0.572235 0.818903  0.428623 0.303302 2 4 0.991273 3 0.008727
0  -5.006275 3.977524 61.830620  -0.026379 0.607573 0.793826  0.436392 0.301735 3 4 0.994674 9 0.000361 3 0.004965
barc_straps
0  -4.087595 3.957594 61.893585  -0.042618 0.588255 0.807552  0.420853 0.304869 2 4 0.986212 3 0.013788
0  -4.040407 4.967842 60.878395  -0.038177 0.834385 0.549858  0.416712 0.280550 2 4 0.964222 3 0.035778
0  -4.491697 4.918733 60.930447  -0.088247 0.881299 0.464246  0.424582 0.280705 2 4 0.976669 3 0.023331
barc_straps
0  -4.546885 3.967536 61.862129  -0.044095 0.572235 0.818903  0.428623 0.303302 2 4 0.991273 3 0.008727
0  -4.491697 4.918733 60.930447  -0.088247 0.881299 0.464246  0.424582 0.280705 2 4 0.976669 3 0.023331
0  -4.944952 4.870557 60.980362  -0.094997 0.892805 0.440312  0.432481 0.280834 2 4 0.986342 3 0.013658
barc_straps
0  -5.006275 3.977524 61.830620  -0.026379 0.607573 0.793826  0.436392 0.301735 3 4 0.994674 9 0.000361 3 0.004965
0  -4.944952 4.870557 60.980362  -0.094997 0.892805 0.440312  0.432481 0.280834 2 4 0.986342 3 0.013658
0  -5.396257 4.821353 61.032455  -0.138638 0.929827 0.340882  0.440349 0.281022 2 4 0.993047 3 0.006953
barc_straps
0  -4.491697 4.918733 60.930447  -0.088247 0.881299 0.464246  0.424582 0.280705 2 4 0.976669 3 0.023331
0  -4.619751 5.627311 58.769470  -0.234326 0.958845 0.160334  0.422317 0.242581 2 4 0.830482 3 0.169518
0  -5.047773 5.484520 58.850693  -0.316422 0.944990 0.082887  0.430156 0.243559 2 4 0.892110 3 0.107890
barc_straps
0  -4.944952 4.870557 60.980362  -0.094997 0.892805 0.440312  0.432481 0.280834 2 4 0.986342 3 0.013658
0  -5.047773 5.484520 58.850693  -0.316422 0.944990 0.082887  0.430156 0.243559 2 4 0.892110 3 0.107890
0  -5.477137 5.341313 58.930237  -0.322971 0.945068 0.050357  0.438022 0.244501 2 4 0.938082 3 0.061918
barc_straps
0  -5.396257 4.821353 61.032455  -0.138638 0.929827 0.340882  0.440349 0.281022 2 4 0.993047 3 0.006953
0  -5.477137 5.341313 58.930237  -0.322971 0.945068 0.050357  0.438022 0.244501 2 4 0.938082 3 0.061918
0  -5.905558 5.198395 59.010963  -0.387342 0.921838 -0.013455  0.445871 0.245456 2 4 0.969875 3 0.030125
barc_straps
0  -5.047773 5.484520 58.850693  -0.316422 0.944990 0.082887  0.430156 0.243559 2 4 0.892110 3 0.107890
0  -5.156664 5.320706 55.395729  -0.458746 0.875752 -0.150368  0.432450 0.182807 2 2 0.319461 3 0.680539
0  -5.547668 5.095368 55.487621  -0.483418 0.855398 -0.186014  0.440335 0.183665 2 2 0.330018 3 0.669982
barc_straps
0  -5.477137 5.341313 58.930237  -0.322971 0.945068 0.050357  0.438022 0.244501 2 4 0.938082 3 0.061918
0  -5.547668 5.095368 55.487621  -0.483418 0.855398 -0.186014  0.440335 0.183665 2 2 0.330018 3 0.669982
0  -5.938707 4.869961 55.579353  -0.484168 0.852822 -0.195643  0.448222 0.184510 2 2 0.346122 3 0.653878
barc_straps
0  -5.905558 5.198395 59.010963  -0.387342 0.921838 -0.013455  0.445871 0.245456 2 4 0.969875 3 0.030125
0  -5.938707 4.869961 55.579353  -0.484168 0.852822 -0.195643  0.448222 0.184510 2 2 0.346122 3 0.653878
0  -6.329723 4.644608 55.671219  -0.508814 0.832754 -0.218242  0.456112 0.185349 2 2 0.373900 3 0.626100
barc_straps
0  -5.547668 5.095368 55.487621  -0.483418 0.855398 -0.186014  0.440335 0.183665 2 2 0.330018 3 0.669982
0  -5.158732 4.160018 52.770336  -0.498978 0.794270 -0.346634  0.440256 0.133264 2 2 0.752841 3 0.247159
0  -5.559277 3.966695 52.872116  -0.481743 0.795041 -0.368556  0.448021 0.134474 2 2 0.745215 3 0.254785
barc_straps
0  -5.938707 4.869961 55.579353  -0.484168 0.852822 -0.195643  0.448222 0.184510 2 2 0.346122 3 0.653878
0  -5.559277 3.966695 52.872116  -0.481743 0.795041 -0.368556  0.448021 0.134474 2 2 0.745215 3 0.254785
0  -5.959752 3.773493 52.974037  -0.481613 0.799649 -0.358622  0.455782 0.135693 2 2 0.737817 3 0.262183
barc_straps
0  -6.329723 4.644608 55.671219  -0.508814 0.832754 -0.218242  0.456112 0.185349 2 2 0.373900 3 0.626100
0  -5.959752 3.773493 52.974037  -0.481613 0.799649 -0.358622  0.455782 0.135693 2 2 0.737817 3 0.262183
0  -6.360318 3.580152 53.075832  -0.459196 0.804050 -0.377681  0.463542 0.136915 2 2 0.730972 3 0.269028
barc_straps
0  -5.559277 3.966695 52.872116  -0.481743 0.795041 -0.368556  0.448021 0.134474 2 2 0.745215 3 0.254785
0  -4.902469 3.488858 51.398815  -0.466967 0.730009 -0.499029  0.440578 0.104825 1 2 1.000000
0  -5.317603 3.329934 51.523350  -0.461284 0.754023 -0.467618  0.448234 0.106987 2 2 0.986947 3 0.013053
barc_straps
0  -5.959752 3.773493 52.974037  -0.481613 0.799649 -0.358622  0.455782 0.135693 2 2 0.737817 3 0.262183
0  -5.317603 3.329934 51.523350  -0.461284 0.754023 -0.467618  0.448234 0.106987 2 2 0.986947 3 0.013053
0  -5.732735 3.171195 51.648151  -0.461072 0.756564 -0.463706  0.455889 0.109160 2 2 0.971667 3 0.028333
barc_straps
0  -6.360318 3.580152 53.075832  -0.459196 0.804050 -0.377681  0.463542 0.136915 2 2 0.730972 3 0.269028
0  -5.732735 3.171195 51.648151  -0.461072 0.756564 -0.463706  0.455889 0.109160 2 2 0.971667 3 0.028333
0  -6.147874 3.012605 51.773174  -0.458854 0.754107 -0.469868  0.463538 0.111336 2 2 0.956345 3 0.043655
barc_straps
0  -5.317603 3.329934 51.523350  -0.461284 0.754023 -0.467618  0.448234 0.106987 2 2 0.986947 3 0.013053
0  -4.545910 2.957497 50.233284  -0.443320 0.792807 -0.418240  0.438112 0.082407 1 2 1.000000
0  -4.943542 2.778399 50.347813  -0.475230 0.777654 -0.411595  0.445728 0.083933 1 2 1.000000
barc_straps
0  -5.732735 3.171195 51.648151  -0.461072 0.756564 -0.463706  0.455889 0.109160 2 2 0.971667 3 0.028333
0  -4.943542 2.778399 50.347813  -0.475230 0.777654 -0.411595  0.445728 0.083933 1 2 1.000000
0  -5.341570 2.599081 50.462486  -0.475706 0.765075 -0.434010  0.453357 0.085470 1 2 1.000000
barc_straps
0  -6.147874 3.012605 51.773174  -0.458854 0.754107 -0.469868  0.463538 0.111336 2 2 0.956345 3 0.043655
0  -5.341570 2.599081 50.462486  -0.475706 0.765075 -0.434010  0.453357 0.085470 1 2 1.000000
0  -5.739275 2.419981 50.577274  -0.502679 0.755570 -0.420034  0.460978 0.087007 1 2 1.000000
barc_straps
0  -4.943542 2.778399 50.347813  -0.475230 0.777654 -0.411595  0.445728 0.083933 1 2 1.000000
0  -4.265800 2.760452 49.150436  -0.520613 0.796833 -0.306625  0.434120 0.063275 1 2 1.000000
0  -4.632019 2.489646 49.163658  -0.535058 0.771700 -0.343790  0.441925 0.062601 1 2 1.000000
barc_straps
0  -5.341570 2.599081 50.462486  -0.475706 0.765075 -0.434010  0.453357 0.085470 1 2 1.000000
0  -4.632019 2.489646 49.163658  -0.535058 0.771700 -0.343790  0.441925 0.062601 1 2 1.000000
0  -4.998188 2.218613 49.176350  -0.530877 0.758253 -0.378447  0.449734 0.061890 1 2 1.000000
barc_straps
0  -5.739275 2.419981 50.577274  -0.502679 0.755570 -0.420034  0.460978 0.087007 1 2 1.000000
0  -4.998188 2.218613 49.176350  -0.530877 0.758253 -0.378447  0.449734 0.061890 1 2 1.000000
0  -5.364382 1.947818 49.189663  -0.554667 0.730485 -0.398418  0.457550 0.061174 1 2 1.000000
barc_straps
0  -4.368919 -1.743606 61.441803  0.169643 0.440761 -0.881448  0.429369 0.601780 2 4 0.998308 3 0.001692
0  -3.739389 -1.101697 61.883148  0.168171 0.441167 -0.881527  0.451685 0.613542 2 4 0.998047 3 0.001953
0  -3.901405 -1.870528 61.468567  0.169873 0.439758 -0.881905  0.429314 0.613999 2 4 0.997643 3 0.002357
barc_straps
0  -4.836423 -1.616657 61.415043  0.169971 0.442149 -0.880690  0.429425 0.589560 2 4 0.998855 3 0.001145
0  -4.207533 -0.977287 61.856609  0.167944 0.442194 -0.881056  0.451685 0.601324 2 4 0.997294 3 0.002706
0  -4.368919 -1.743606 61.441803  0.169643 0.440761 -0.881448  0.429369 0.601780 2 4 0.998308 3 0.001692
barc_straps
0  -5.303937 -1.489731 61.388279  0.169732 0.443187 -0.880214  0.429479 0.577340 2 4 0.999320 3 0.000680
0  -4.675662 -0.852989 61.830032  0.168255 0.443592 -0.880293  0.451682 0.589106 2 4 0.998671 3 0.001329
0  -4.836423 -1.616657 61.415043  0.169971 0.442149 -0.880690  0.429425 0.589560 2 4 0.998855 3 0.001145
barc_straps
0  -4.212971 -0.315668 62.179207  0.231918 0.374483 -0.897762  0.431875 0.564941 2 4 0.998110 3 0.001890
0  -3.855904 0.452024 62.582756  0.197999 0.251393 -0.947417  0.453724 0.573918 2 4 0.998166 3 0.001834
0  -3.756193 -0.458933 62.246395  0.245135 0.359313 -0.900446  0.429314 0.576843 2 4 0.997301 3 0.002699
barc_straps
0  -4.669353 -0.171839 62.112411  0.237004 0.399646 -0.885501  0.434444 0.553049 2 4 0.998760 3 0.001240
0  -4.315401 0.534813 62.516449  0.182702 0.202774 -0.962030  0.454888 0.562097 2 4 0.997220 3 0.002780
0  -4.212971 -0.315668 62.179207  0.231918 0.374483 -0.897762  0.431875 0.564941 2 4 0.998110 3 0.001890
barc_straps
0  -5.126122 -0.028401 62.045315  0.231924 0.422788 -0.876049  0.436988 0.541144 2 4 0.999261 3 0.000739
0  -4.774849 0.617935 62.450237  0.184897 0.215407 -0.958860  0.456065 0.550276 2 4 0.998877 3 0.001123
0  -4.669353 -0.171839 62.112411  0.237004 0.399646 -0.885501  0.434444 0.553049 2 4 0.998760 3 0.001240
barc_straps
0  -4.315401 0.534813 62.516449  0.182702 0.202774 -0.962030  0.454888 0.562097 2 4 0.997220 3 0.002780
0  -3.725098 1.747381 62.651695  0.147010 0.038544 -0.988384  0.481079 0.575303 2 4 0.996786 3 0.003214
0  -3.855904 0.452024 62.582756  0.197999 0.251393 -0.947417  0.453724 0.573918 2 4 0.998166 3 0.001834
barc_straps
0  -4.774849 0.617935 62.450237  0.184897 0.215407 -0.958860  0.456065 0.550276 2 4 0.998877 3 0.001123
0  -4.184792 1.783587 62.585995  0.145454 0.040592 -0.988532  0.481079 0.563574 2 4 0.995126 3 0.004874
0  -4.315401 0.534813 62.516449  0.182702 0.202774 -0.962030  0.454888 0.562097 2 4 0.997220 3 0.002780
barc_straps
0  -5.234348 0.700715 62.383938  0.167322 0.160376 -0.972771  0.457239 0.538456 2 4 0.999393 3 0.000607
0  -4.644339 1.818919 62.520416  0.146090 0.042641 -0.988352  0.481059 0.551850 2 4 0.998034 3 0.001966
0  -4.774849 0.617935 62.450237  0.184897 0.215407 -0.958860  0.456065 0.550276 2 4 0.998877 3 0.001123
barc_straps
0  -3.961807 2.883170 62.330841  0.081931 -0.434647 -0.896867  0.290896 0.371954 2 4 0.992200 3 0.007800
0  -3.619839 3.899665 61.861916  0.059355 -0.546725 -0.835206  0.302837 0.390040 2 4 0.985760 3 0.014240
0  -3.501921 2.853632 62.394730  0.095373 -0.443254 -0.891308  0.298817 0.368568 2 4 0.988673 3 0.011327
barc_straps
0  -4.421766 2.912462 62.267048  0.083743 -0.418075 -0.904544  0.282972 0.375331 2 4 0.994963 3 0.005037
0  -4.079519 3.910755 61.829628  0.043194 -0.585998 -0.809160  0.294786 0.392879 2 4 0.979156 3 0.020844
0  -3.961807 2.883170 62.330841  0.081931 -0.434647 -0.896867  0.290896 0.371954 2 4 0.992200 3 0.007800
barc_straps
0  -4.881638 2.941874 62.203220  0.077402 -0.404465 -0.911272  0.275048 0.378704 2 4 0.997029 3 0.002971
0  -4.539322 3.921870 61.797325  0.044089 -0.569544 -0.820778  0.286733 0.395718 2 4 0.990949 3 0.009051
0  -4.421766 2.912462 62.267048  0.083743 -0.418075 -0.904544  0.282972 0.375331 2 4 0.994963 3 0.005037
barc_straps
0  -4.079519 3.910755 61.829628  0.043194 -0.585998 -0.809160  0.294786 0.392879 2 4 0.979156 3 0.020844
0  -4.004692 4.893151 60.849354  0.015548 -0.706850 -0.707192  0.303047 0.417263 2 4 0.975963 3 0.024037
0  -3.619839 3.899665 61.861916  0.059355 -0.546725 -0.835206  0.302837 0.390040 2 4 0.985760 3 0.014240
barc_straps
0  -4.539322 3.921870 61.797325  0.044089 -0.569544 -0.820778  0.286733 0.395718 2 4 0.990949 3 0.009051
0  -4.458925 4.845469 60.898117  0.008525 -0.701002 -0.713109  0.294600 0.418330 2 4 0.963356 3 0.036644
0  -4.079519 3.910755 61.829628  0.043194 -0.585998 -0.809160  0.294786 0.392879 2 4 0.979156 3 0.020844
barc_straps
0  -4.999020 3.932940 61.765076  0.027383 -0.604508 -0.796129  0.278682 0.398554 3 4 0.994588 9 0.000222 3 0.005190
0  -4.911194 4.796858 60.949017  0.007397 -0.690884 -0.722927  0.286172 0.419330 2 4 0.985810 3 0.014190
0  -4.539322 3.921870 61.797325  0.044089 -0.569544 -0.820778  0.286733 0.395718 2 4 0.990949 3 0.009051
barc_straps
0  -4.458925 4.845469 60.898117  0.130907 -0.942755 -0.306718  0.294600 0.418330 2 4 0.963356 3 0.036644
0  -4.546806 5.550417 58.778839  0.233527 -0.958962 -0.160804  0.303153 0.457704 2 4 0.890514 3 0.109486
0  -4.004692 4.893151 60.849354  0.065226 -0.946047 -0.317396  0.303047 0.417263 2 4 0.975963 3 0.024037
barc_straps
0  -4.911194 4.796858 60.949017  0.137138 -0.953115 -0.269750  0.286172 0.419330 2 4 0.985810 3 0.014190
0  -4.976564 5.407076 58.859200  0.318782 -0.944267 -0.082085  0.294622 0.457838 2 4 0.829763 3 0.170237
0  -4.458925 4.845469 60.898117  0.130907 -0.942755 -0.306718  0.294600 0.418330 2 4 0.963356 3 0.036644
barc_straps
0  -5.365416 4.749272 60.997734  0.174842 -0.954148 -0.242963  0.277723 0.420362 2 4 0.992682 3 0.007318
0  -5.404980 5.264146 58.941235  0.324776 -0.944510 -0.049210  0.286108 0.457944 2 4 0.936111 3 0.063889
0  -4.911194 4.796858 60.949017  0.137138 -0.953115 -0.269750  0.286172 0.419330 2 4 0.985810 3 0.014190
barc_straps
0  -4.976564 5.407076 58.859200  0.318782 -0.944267 -0.082085  0.294622 0.457838 2 4 0.829763 3 0.170237
0  -5.067398 5.253350 55.423977  0.461107 -0.873930 0.153709  0.301422 0.522497 2 2 0.316991 3 0.683009
0  -4.546806 5.550417 58.778839  0.233527 -0.958962 -0.160804  0.303153 0.457704 2 4 0.890514 3 0.109486
barc_straps
0  -5.404980 5.264146 58.941235  0.324776 -0.944510 -0.049210  0.286108 0.457944 2 4 0.936111 3 0.063889
0  -5.458405 5.028067 55.516052  0.484794 -0.853874 0.189405  0.292891 0.522741 2 2 0.303557 3 0.696443
0  -4.976564 5.407076 58.859200  0.318782 -0.944267 -0.082085  0.294622 0.457838 2 4 0.829763 3 0.170237
barc_straps
0  -5.834335 5.120929 59.022091  0.389564 -0.920868 0.015554  0.277582 0.458084 2 4 0.968111 3 0.031889
0  -5.849379 4.802860 55.608284  0.485361 -0.851370 0.198982  0.284360 0.522993 2 2 0.329326 3 0.670674
0  -5.404980 5.264146 58.941235  0.324776 -0.944510 -0.049210  0.286108 0.457944 2 4 0.936111 3 0.063889
barc_straps
0  -5.458405 5.028067 55.516052  0.484794 -0.853874 0.189405  0.292891 0.522741 2 2 0.303557 3 0.696443
0  -5.069314 4.097902 52.810020  0.499333 -0.795536 0.343205  0.300405 0.576223 2 2 0.746768 3 0.253232
0  -5.067398 5.253350 55.423977  0.461107 -0.873930 0.153709  0.301422 0.522497 2 2 0.316991 3 0.683009
barc_straps
0  -5.849379 4.802860 55.608284  0.485361 -0.851370 0.198982  0.284360 0.522993 2 2 0.329326 3 0.670674
0  -5.469773 3.904211 52.911083  0.481064 -0.796246 0.366837  0.291951 0.576093 2 2 0.739033 3 0.260967
0  -5.458405 5.028067 55.516052  0.484794 -0.853874 0.189405  0.292891 0.522741 2 2 0.303557 3 0.696443
barc_straps
0  -6.240374 4.577595 55.700386  0.509327 -0.832695 0.217266  0.275827 0.523257 2 2 0.352841 3 0.647159
0  -5.870301 3.710401 53.011997  0.480954 -0.800810 0.356913  0.283497 0.575959 2 2 0.732445 3 0.267555
0  -5.849379 4.802860 55.608284  0.485361 -0.851370 0.198982  0.284360 0.522993 2 2 0.329326 3 0.670674
barc_straps
0  -5.469773 3.904211 52.911083  0.481064 -0.796246 0.366837  0.291951 0.576093 2 2 0.739033 3 0.260967
0  -4.812143 3.432670 51.441166  0.464697 -0.732530 0.497450  0.304190 0.606541 2 2 0.991669 3 0.008331
0  -5.069314 4.097902 52.810020  0.499333 -0.795536 0.343205  0.300405 0.576223 2 2 0.746768 3 0.253232
barc_straps
0  -5.870301 3.710401 53.011997  0.480954 -0.800810 0.356913  0.283497 0.575959 2 2 0.732445 3 0.267555
0  -5.227252 3.274205 51.566330  0.460163 -0.754664 0.467689  0.295712 0.605351 2 2 0.976316 3 0.023684
0  -5.469773 3.904211 52.911083  0.481064 -0.796246 0.366837  0.291951 0.576093 2 2 0.739033 3 0.260967
barc_straps
0  -6.270735 3.516729 53.113037  0.458947 -0.804691 0.376616  0.275048 0.575816 2 2 0.726034 3 0.273966
0  -5.642361 3.115553 51.691235  0.460328 -0.756832 0.464008  0.287233 0.604161 2 2 0.961144 3 0.038856
0  -5.870301 3.710401 53.011997  0.480954 -0.800810 0.356913  0.283497 0.575959 2 2 0.732445 3 0.267555
barc_straps
0  -5.227252 3.274205 51.566330  0.460163 -0.754664 0.467689  0.295712 0.605351 2 2 0.976316 3 0.023684
0  -4.455214 2.893486 50.267967  0.443577 -0.791776 0.419917  0.310210 0.630216 1 2 1.000000
0  -4.812143 3.432670 51.441166  0.464697 -0.732530 0.497450  0.304190 0.606541 2 2 0.991669 3 0.008331
barc_straps
0  -5.642361 3.115553 51.691235  0.460328 -0.756832 0.464008  0.287233 0.604161 2 2 0.961144 3 0.038856
0  -4.853661 2.714993 50.384705  0.475284 -0.777117 0.412546  0.301851 0.629670 1 2 1.000000
0  -5.227252 3.274205 51.566330  0.460163 -0.754664 0.467689  0.295712 0.605351 2 2 0.976316 3 0.023684
barc_straps
0  -6.057458 2.956752 51.815910  0.458512 -0.754832 0.469037  0.278759 0.602976 2 2 0.945872 3 0.054128
0  -5.251711 2.536721 50.501293  0.475689 -0.764641 0.434791  0.293492 0.629116 1 2 1.000000
0  -5.642361 3.115553 51.691235  0.460328 -0.756832 0.464008  0.287233 0.604161 2 2 0.961144 3 0.038856
barc_straps
0  -4.853661 2.714993 50.384705  0.475284 -0.777117 0.412546  0.301851 0.629670 1 2 1.000000
0  -4.172470 2.696421 49.181183  0.520379 -0.796908 0.306829  0.317342 0.650087 1 2 1.000000
0  -4.455214 2.893486 50.267967  0.443577 -0.791776 0.419917  0.310210 0.630216 1 2 1.000000
barc_straps
0  -5.251711 2.536721 50.501293  0.475689 -0.764641 0.434791  0.293492 0.629116 1 2 1.000000
0  -4.538717 2.426067 49.195583  0.534981 -0.771655 0.344010  0.309120 0.651934 1 2 1.000000
0  -4.853661 2.714993 50.384705  0.475284 -0.777117 0.412546  0.301851 0.629670 1 2 1.000000
barc_straps
0  -5.650085 2.358227 50.617771  0.502071 -0.755259 0.421318  0.285130 0.628567 1 2 1.000000
0  -4.905010 2.155944 49.210510  0.530821 -0.758194 0.378643  0.300897 0.653797 1 2 1.000000
0  -5.251711 2.536721 50.501293  0.475689 -0.764641 0.434791  0.293492 0.629116 1 2 1.000000
barc_straps
0  -4.632019 2.489646 49.163658  0.156914 -0.260300 -0.952692  0.563164 0.926147 1 2 1.000000
0  -4.905010 2.155944 49.210510  0.160671 -0.266602 -0.950320  0.567267 0.910104 1 2 1.000000
0  -4.998188 2.218613 49.176350  0.167218 -0.273240 -0.947300  0.563191 0.908432 1 2 1.000000
barc_straps
0  -5.312610 -1.518028 61.461922  -0.223260 -0.900839 -0.372350  0.670629 0.641744 2 4 0.999401 3 0.000599
0  -4.836423 -1.616657 61.415043  -0.223319 -0.901068 -0.371759  0.667623 0.660082 2 4 0.998855 3 0.001145
0  -4.845076 -1.644902 61.488708  -0.223407 -0.901382 -0.370944  0.670629 0.659946 2 4 0.998978 3 0.001022
barc_straps
0  -3.771172 -0.492783 62.316792  0.985470 0.013563 0.169310  0.316749 0.675339 2 4 0.997554 3 0.002446
0  -3.855904 0.452024 62.582756  0.991591 -0.005911 0.129274  0.324494 0.677127 2 4 0.998166 3 0.001834
0  -3.862984 0.433396 62.660252  0.994411 -0.056653 0.089096  0.324378 0.677762 2 4 0.997449 3 0.002551
barc_straps
0  -5.158732 4.160018 52.770336  0.632036 0.724920 -0.273900  0.351387 0.594119 2 2 0.752841 3 0.247159
0  -4.812143 3.432670 51.441166  0.588772 0.764065 -0.263727  0.342883 0.583671 2 2 0.991669 3 0.008331
0  -4.902469 3.488858 51.398815  0.581964 0.786915 -0.205142  0.343699 0.583238 1 2 1.000000
barc_straps
0  -5.739275 2.419981 50.577274  -0.612448 -0.775823 0.151679  0.338106 0.574274 1 2 1.000000
0  -6.057458 2.956752 51.815910  -0.579187 -0.788049 0.208616  0.342883 0.583671 2 2 0.945872 3 0.054128
0  -6.147874 3.012605 51.773174  -0.581960 -0.780875 0.227061  0.343699 0.583238 2 2 0.956345 3 0.043655
barc_straps
0  -6.147874 3.012605 51.773174  -0.581960 -0.780875 0.227061  0.343699 0.583238 2 2 0.956345 3 0.043655
0  -6.270735 3.516729 53.113037  -0.630754 -0.730574 0.261556  0.350552 0.594539 2 2 0.726034 3 0.273966
0  -6.360318 3.580152 53.075832  -0.629795 -0.722116 0.286193  0.351387 0.594119 2 2 0.730972 3 0.269028
barc_straps
0  -4.889126 2.967191 62.278172  -0.992766 0.070256 -0.097363  0.342464 0.675015 2 4 0.997208 3 0.002792
0  -5.104042 1.855197 62.454727  -0.983019 0.149390 -0.106568  0.333270 0.677128 2 4 0.998915 3 0.001085
0  -5.109880 1.859979 62.534077  -0.987238 0.141092 -0.073848  0.333374 0.677762 2 4 0.999000 3 0.001000
barc_straps
0  -3.509720 2.882014 62.468544  0.995800 0.038009 0.083295  0.342464 0.675015 2 4 0.989163 3 0.010837
0  -3.619839 3.899665 61.861916  0.981667 0.190474 -0.007059  0.350548 0.669836 2 4 0.985760 3 0.014240
0  -3.628185 3.947626 61.925056  0.957493 0.288429 -0.003999  0.350957 0.670332 2 4 0.979720 3 0.020280
barc_straps
0  -5.396257 4.821353 61.032455  -0.909600 -0.402627 0.102558  0.359467 0.661517 2 4 0.993047 3 0.006953
0  -4.999020 3.932940 61.765076  -0.956185 -0.290165 0.038912  0.350548 0.669836 3 4 0.994588 9 0.000222 3 0.005190
0  -5.006275 3.977524 61.830620  -0.979064 -0.202793 0.017581  0.350957 0.670332 3 4 0.994674 9 0.000361 3 0.004965
barc_straps
0  -3.910002 -1.898629 61.542297  0.975039 -0.220366 0.027177  0.303747 0.669815 2 4 0.997555 3 0.002445
0  -3.739389 -1.101697 61.883148  0.984941 -0.164924 0.051867  0.310541 0.671969 2 4 0.998047 3 0.001953
0  -3.748425 -1.133867 61.955120  0.993129 -0.089745 0.075110  0.310325 0.672572 2 4 0.997879 3 0.002121
barc_straps
0  -4.619751 5.627311 58.769470  0.692107 0.707931 -0.140794  0.363960 0.644113 2 4 0.830482 3 0.169518
0  -5.067398 5.253350 55.423977  0.660792 0.716573 -0.223331  0.359065 0.616333 2 2 0.316991 3 0.683009
0  -5.156664 5.320706 55.395729  0.632996 0.730661 -0.255831  0.359937 0.616008 2 2 0.319461 3 0.680539
barc_straps
0  -5.109880 1.859979 62.534077  -0.987238 0.141092 -0.073848  0.333374 0.677762 2 4 0.999000 3 0.001000
0  -5.234348 0.700715 62.383938  -0.994251 0.060378 -0.088427  0.324494 0.677127 2 4 0.999393 3 0.000607
0  -5.241755 0.679731 62.460819  -0.991211 0.000720 -0.132288  0.324378 0.677762 2 4 0.999452 3 0.000548
barc_straps
0  -4.845076 -1.644902 61.488708  -0.223407 -0.901382 -0.370944  0.670629 0.659946 2 4 0.998978 3 0.001022
0  -4.368919 -1.743606 61.441803  -0.223486 -0.901544 -0.370503  0.667622 0.678282 2 4 0.998308 3 0.001692
0  -4.377535 -1.771752 61.515503  -0.223487 -0.901585 -0.370403  0.670630 0.678149 2 4 0.998482 3 0.001518
barc_straps
0  -6.329723 4.644608 55.671219  -0.663766 -0.705828 0.247431  0.359937 0.616008 2 2 0.373900 3 0.626100
0  -5.834335 5.120929 59.022091  -0.698025 -0.695041 0.172275  0.363112 0.644248 2 4 0.968111 3 0.031889
0  -5.905558 5.198395 59.010963  -0.772332 -0.617569 0.148698  0.363960 0.644113 2 4 0.969875 3 0.030125
barc_straps
0  -5.006275 3.977524 61.830620  -0.979064 -0.202793 0.017581  0.350957 0.670332 3 4 0.994674 9 0.000361 3 0.004965
0  -4.881638 2.941874 62.203220  -0.996447 -0.031574 -0.078079  0.342209 0.674427 2 4 0.997029 3 0.002971
0  -4.889126 2.967191 62.278172  -0.992766 0.070256 -0.097363  0.342464 0.675015 2 4 0.997208 3 0.002792
barc_straps
0  -5.241755 0.679731 62.460819  -0.991211 0.000720 -0.132288  0.324378 0.677762 2 4 0.999452 3 0.000548
0  -5.126122 -0.028401 62.045315  -0.986414 -0.010877 -0.163919  0.316987 0.674743 2 4 0.999261 3 0.000739
0  -5.140495 -0.064664 62.114700  -0.979758 0.051105 -0.193550  0.316749 0.675339 2 4 0.999339 3 0.000661
barc_straps
0  -4.040407 4.967842 60.878395  0.838253 0.544353 -0.031798  0.359467 0.661517 2 4 0.964222 3 0.035778
0  -4.546806 5.550417 58.778839  0.766387 0.635516 -0.093654  0.363112 0.644248 2 4 0.890514 3 0.109486
0  -4.619751 5.627311 58.769470  0.692107 0.707931 -0.140794  0.363960 0.644113 2 4 0.830482 3 0.169518
barc_straps
0  -4.545910 2.957497 50.233284  0.587803 0.806427 -0.064520  0.338106 0.574274 1 2 1.000000
0  -4.172470 2.696421 49.181183  0.571340 0.820713 -0.000863  0.333507 0.566247 1 2 1.000000
0  -4.265800 2.760452 49.150436  0.566494 0.824059 -0.003415  0.334387 0.565899 1 2 1.000000
barc_straps
0  -5.364382 1.947818 49.189663  -0.590194 -0.799498 0.111686  0.334387 0.565899 1 2 1.000000
0  -5.650085 2.358227 50.617771  -0.597446 -0.791252 0.130301  0.337247 0.574652 1 2 1.000000
0  -5.739275 2.419981 50.577274  -0.612448 -0.775823 0.151679  0.338106 0.574274 1 2 1.000000
barc_straps
0  -3.862984 0.433396 62.660252  0.994411 -0.056653 0.089096  0.324378 0.677762 2 4 0.997449 3 0.002551
0  -3.725098 1.747381 62.651695  0.987683 -0.131341 0.085035  0.333270 0.677128 2 4 0.996786 3 0.003214
0  -3.731583 1.756227 62.730549  0.982853 -0.141088 0.118720  0.333374 0.677762 2 4 0.995431 3 0.004569
barc_straps
0  -4.265800 2.760452 49.150436  0.149376 -0.251042 -0.956381  0.563146 0.943856 1 2 1.000000
0  -4.538717 2.426067 49.195583  0.150101 -0.253365 -0.955655  0.567276 0.927791 1 2 1.000000
0  -4.632019 2.489646 49.163658  0.156914 -0.260300 -0.952692  0.563164 0.926147 1 2 1.000000
barc_straps
0  -4.902469 3.488858 51.398815  0.581964 0.786915 -0.205142  0.343699 0.583238 1 2 1.000000
0  -4.455214 2.893486 50.267967  0.605518 0.788473 -0.107973  0.337247 0.574652 1 2 1.000000
0  -4.545910 2.957497 50.233284  0.587803 0.806427 -0.064520  0.338106 0.574274 1 2 1.000000
barc_straps
0  -6.360318 3.580152 53.075832  -0.629795 -0.722116 0.286193  0.351387 0.594119 2 2 0.730972 3 0.269028
0  -6.240374 4.577595 55.700386  -0.631619 -0.733870 0.249985  0.359065 0.616333 2 2 0.352841 3 0.647159
0  -6.329723 4.644608 55.671219  -0.663766 -0.705828 0.247431  0.359937 0.616008 2 2 0.373900 3 0.626100
barc_straps
0  -5.153294 -0.762779 61.874462  -0.980989 0.186547 -0.053493  0.310325 0.672572 2 4 0.999259 3 0.000741
0  -5.303937 -1.489731 61.388279  -0.975030 0.220379 -0.027378  0.303930 0.669201 2 4 0.999320 3 0.000680
0  -5.312610 -1.518028 61.461922  -0.974652 0.221763 -0.029580  0.303747 0.669815 2 4 0.999401 3 0.000599
barc_straps
0  -3.748425 -1.133867 61.955120  0.993129 -0.089745 0.075110  0.310325 0.672572 2 4 0.997879 3 0.002121
0  -3.756193 -0.458933 62.246395  0.979145 -0.038808 0.199424  0.316987 0.674743 2 4 0.997301 3 0.002699
0  -3.771172 -0.492783 62.316792  0.985470 0.013563 0.169310  0.316749 0.675339 2 4 0.997554 3 0.002446
barc_straps
0  -5.156664 5.320706 55.395729  0.632996 0.730661 -0.255831  0.359937 0.616008 2 2 0.319461 3 0.680539
0  -5.069314 4.097902 52.810020  0.628173 0.720365 -0.294063  0.350552 0.594539 2 2 0.746768 3 0.253232
0  -5.158732 4.160018 52.770336  0.632036 0.724920 -0.273900  0.351387 0.594119 2 2 0.752841 3 0.247159
barc_straps
0  -4.377535 -1.771752 61.515503  -0.223487 -0.901585 -0.370403  0.670630 0.678149 2 4 0.998482 3 0.001518
0  -3.901405 -1.870528 61.468567  -0.223533 -0.901801 -0.369848  0.667621 0.696483 2 4 0.997643 3 0.002357
0  -3.910002 -1.898629 61.542297  -0.223528 -0.901830 -0.369782  0.670630 0.696350 2 4 0.997555 3 0.002445
barc_straps
0  -5.905558 5.198395 59.010963  -0.772332 -0.617569 0.148698  0.363960 0.644113 2 4 0.969875 3 0.030125
0  -5.365416 4.749272 60.997734  -0.837692 -0.536279 0.103331  0.358790 0.661310 2 4 0.992682 3 0.007318
0  -5.396257 4.821353 61.032455  -0.909600 -0.402627 0.102558  0.359467 0.661517 2 4 0.993047 3 0.006953
barc_straps
0  -3.731583 1.756227 62.730549  0.982853 -0.141088 0.118720  0.333374 0.677762 2 4 0.995431 3 0.004569
0  -3.501921 2.853632 62.394730  0.992364 -0.063404 0.105800  0.342209 0.674427 2 4 0.988673 3 0.011327
0  -3.509720 2.882014 62.468544  0.995800 0.038009 0.083295  0.342464 0.675015 2 4 0.989163 3 0.010837
barc_straps
0  -4.998188 2.218613 49.176350  0.167218 -0.273240 -0.947300  0.563191 0.908432 1 2 1.000000
0  -5.271282 1.885577 49.224819  0.167654 -0.275251 -0.946641  0.567267 0.892408 1 2 1.000000
0  -5.364382 1.947818 49.189663  0.171151 -0.277910 -0.945237  0.563209 0.890724 1 2 1.000000
barc_straps
0  -3.628185 3.947626 61.925056  0.957493 0.288429 -0.003999  0.350957 0.670332 2 4 0.979720 3 0.020280
0  -4.004692 4.893151 60.849354  0.914709 0.401032 -0.049803  0.358790 0.661310 2 4 0.975963 3 0.024037
0  -4.040407 4.967842 60.878395  0.838253 0.544353 -0.031798  0.359467 0.661517 2 4 0.964222 3 0.035778
barc_straps
0  -5.140495 -0.064664 62.114700  -0.979758 0.051105 -0.193550  0.316749 0.675339 2 4 0.999339 3 0.000661
0  -5.143781 -0.728519 61.803539  -0.993257 0.090832 -0.072043  0.310541 0.671969 2 4 0.999166 3 0.000834
0  -5.153294 -0.762779 61.874462  -0.980989 0.186547 -0.053493  0.310325 0.672572 2 4 0.999259 3 0.000741
barc_straps
0  -6.533598 -0.810389 59.874226  -0.078412 0.949287 -0.304475  0.144452 0.754189 3 4 0.031236 36 0.000106 9 0.968658
0  -6.304364 -0.877596 59.541515  -0.035075 0.968824 -0.245256  0.138614 0.750572 4 4 0.046772 36 0.000050 3 0.001106 9 0.952072
0  -7.490932 -0.907773 59.482719  0.000692 0.974971 -0.222332  0.156778 0.741748 3 4 0.023997 36 0.000360 9 0.975643
barc_straps
0  -7.490932 -0.907773 59.482719  0.000692 0.974971 -0.222332  0.156778 0.741748 3 4 0.023997 36 0.000360 9 0.975643
0  -6.304364 -0.877596 59.541515  -0.035075 0.968824 -0.245256  0.138614 0.750572 4 4 0.046772 36 0.000050 3 0.001106 9 0.952072
0  -6.858669 -1.054875 58.812435  -0.008771 0.974572 -0.223902  0.142110 0.734873 3 4 0.062474 36 0.000143 9 0.937383
end
