version 1
nodes
0 "ValveBiped.Bip01_Pelvis" -1
1 "ValveBiped.Bip01_Spine" 0
2 "ValveBiped.Bip01_Spine1" 1
3 "ValveBiped.Bip01_Spine2" 2
4 "ValveBiped.Bip01_Spine4" 3
5 "ValveBiped.Bip01_Neck1" 4
6 "ValveBiped.Bip01_Head1" 5
7 "ValveBiped.forward" 6
8 "ValveBiped.Bip01_R_Clavicle" 4
9 "ValveBiped.Bip01_R_UpperArm" 8
10 "ValveBiped.Bip01_R_Forearm" 9
11 "ValveBiped.Bip01_R_Hand" 10
12 "ValveBiped.Anim_Attachment_RH" 11
13 "ValveBiped.Bip01_R_Finger4" 11
14 "ValveBiped.Bip01_R_Finger41" 13
15 "ValveBiped.Bip01_R_Finger42" 14
16 "ValveBiped.Bip01_R_Finger3" 11
17 "ValveBiped.Bip01_R_Finger31" 16
18 "ValveBiped.Bip01_R_Finger32" 17
19 "ValveBiped.Bip01_R_Finger2" 11
20 "ValveBiped.Bip01_R_Finger21" 19
21 "ValveBiped.Bip01_R_Finger22" 20
22 "ValveBiped.Bip01_R_Finger1" 11
23 "ValveBiped.Bip01_R_Finger11" 22
24 "ValveBiped.Bip01_R_Finger12" 23
25 "ValveBiped.Bip01_R_Finger0" 11
26 "ValveBiped.Bip01_R_Finger01" 25
27 "ValveBiped.Bip01_R_Finger02" 26
28 "ValveBiped.Bip01_R_Ulna" 10
29 "ValveBiped.Bip01_R_Wrist" 10
30 "ValveBiped.Bip01_R_Shoulder" 9
31 "ValveBiped.Bip01_R_Bicep" 9
32 "ValveBiped.Bip01_R_Trapezius" 8
33 "ValveBiped.Bip01_L_Clavicle" 4
34 "ValveBiped.Bip01_L_UpperArm" 33
35 "ValveBiped.Bip01_L_Forearm" 34
36 "ValveBiped.Bip01_L_Hand" 35
37 "ValveBiped.Anim_Attachment_LH" 36
38 "ValveBiped.Bip01_L_Finger4" 36
39 "ValveBiped.Bip01_L_Finger41" 38
40 "ValveBiped.Bip01_L_Finger42" 39
41 "ValveBiped.Bip01_L_Finger3" 36
42 "ValveBiped.Bip01_L_Finger31" 41
43 "ValveBiped.Bip01_L_Finger32" 42
44 "ValveBiped.Bip01_L_Finger2" 36
45 "ValveBiped.Bip01_L_Finger21" 44
46 "ValveBiped.Bip01_L_Finger22" 45
47 "ValveBiped.Bip01_L_Finger1" 36
48 "ValveBiped.Bip01_L_Finger11" 47
49 "ValveBiped.Bip01_L_Finger12" 48
50 "ValveBiped.Bip01_L_Finger0" 36
51 "ValveBiped.Bip01_L_Finger01" 50
52 "ValveBiped.Bip01_L_Finger02" 51
53 "ValveBiped.Bip01_L_Ulna" 35
54 "ValveBiped.Bip01_L_Wrist" 35
55 "ValveBiped.Bip01_L_Shoulder" 34
56 "ValveBiped.Bip01_L_Bicep" 34
57 "ValveBiped.Bip01_L_Trapezius" 33
58 "ValveBiped.Bip01_R_Thigh" 0
59 "ValveBiped.Bip01_R_Calf" 58
60 "ValveBiped.Bip01_R_Foot" 59
61 "ValveBiped.Bip01_R_Toe0" 60
62 "ValveBiped.Bip01_L_Thigh" 0
63 "ValveBiped.Bip01_L_Calf" 62
64 "ValveBiped.Bip01_L_Foot" 63
end
skeleton
time 0
0  -0.000005 -0.533615 38.566917  1.570796 -0.000000 0.000000
1  0.000005 3.345128 -2.981901  1.570797 0.086286 1.570793
2  4.018296 -0.000026 -0.000024  0.000000 -0.000005 -0.029256
3  3.518545 0.000006 -0.000026  0.000000 -0.000038 0.100338
4  8.942595 0.000019 -0.000404  0.000008 0.000043 0.194105
5  3.307231 -0.000024 -0.000003  3.141592 -0.000000 0.400477
6  3.593700 0.000028 0.000009  -0.000000 0.000003 0.406593
7  1.999993 -3.000003 0.000014  -1.570791 -0.000004 -1.326470
8  2.033313 1.000770 -1.937615  1.473078 1.855094 -0.198686
9  6.028140 0.000069 0.000072  1.590089 -0.099565 0.273381
10  11.692580 0.000046 0.000026  -0.001727 0.013682 -0.311271
11  11.481685 0.000193 -0.000010  -1.564933 0.106621 0.044214
12  2.676049 -1.712466 0.000000  -1.570807 0.000002 -1.570883
13  3.859646 -0.132619 1.193095  0.366274 -0.149871 -0.332033
14  1.312550 0.000017 0.000007  0.148502 0.140474 -0.017323
15  0.729389 0.000008 0.000008  0.000018 -0.006140 -0.244264
16  3.942248 0.050287 0.431027  0.129734 -0.110546 -0.545327
17  1.539100 -0.000004 -0.000002  0.034172 0.141236 0.546467
18  1.196309 -0.000045 0.000003  -0.000012 -0.009656 -0.430764
19  3.883625 -0.050386 -0.431055  -0.103683 -0.052845 -0.146772
20  1.719588 0.000015 -0.000007  -0.007598 0.030955 -0.099111
21  1.209155 0.000019 -0.000026  -0.000017 -0.004442 -0.216377
22  3.859821 -0.148973 -1.331293  -0.345586 0.028170 -0.268452
23  1.719428 0.000018 0.000011  -0.019991 -0.090337 0.128391
24  1.099682 0.000002 0.000007  -0.000013 -0.004195 -0.244322
25  0.805988 -0.359833 -1.318333  1.258252 0.364083 -0.444387
26  1.789775 0.000003 0.000049  0.019257 -0.120173 0.075542
27  1.206992 -0.000008 0.000003  0.000006 -0.009612 0.362904
28  5.740846 0.000091 0.000014  0.000078 0.000001 0.000025
29  11.481685 0.000193 -0.000010  0.000140 -0.000001 0.000019
30  1.500007 0.000001 0.000010  -0.000000 0.000001 0.000004
31  5.560010 0.000018 -0.000001  -0.000000 -0.000000 0.000010
32  5.166967 0.000062 0.000062  0.000003 -0.000011 0.000002
33  2.033358 1.000748 1.937657  -1.544925 -1.855087 -0.198676
34  6.028136 0.000061 -0.000072  -1.520702 0.079990 0.279604
35  11.692547 -0.000459 -0.000001  0.001825 -0.014042 -0.318125
36  11.481684 0.000799 -0.000019  1.573200 -0.106595 0.044279
37  2.676125 -1.712391 0.000082  1.570785 0.000024 1.570758
38  3.859732 -0.142345 -1.191917  -0.373251 0.084821 -0.392589
39  1.312565 -0.000010 0.000021  -0.033213 -0.054307 0.096968
40  0.729370 -0.000025 -0.000006  0.000025 0.004970 -0.244303
41  3.942331 0.046835 -0.431389  -0.117934 0.118567 -0.428277
42  1.539066 0.000001 -0.000015  -0.020011 -0.129391 0.326111
43  1.196310 0.000080 -0.000009  0.000008 0.007370 -0.430797
44  3.883707 -0.046677 0.431497  0.093518 0.039462 -0.340164
45  1.719588 0.000001 -0.000004  0.034074 -0.016608 0.192357
46  1.209170 0.000014 -0.000018  -0.000005 0.003101 -0.216393
47  3.859869 -0.137826 1.332522  0.348570 -0.036149 -0.383814
48  1.719404 0.000005 -0.000028  0.108420 0.085473 0.261800
49  1.099663 0.000011 -0.000000  -0.000003 0.002595 -0.244332
50  0.806038 -0.348873 1.321289  -1.284111 -0.334965 -0.484552
51  1.789778 0.000016 0.000011  0.019426 0.057122 0.062858
52  1.207012 0.000021 -0.000013  0.000005 0.011267 0.362850
53  5.740859 0.000402 0.000014  0.000683 0.000000 0.000060
54  11.481731 0.000803 0.000024  0.001274 0.000001 0.000081
55  1.499982 -0.000060 -0.000005  0.000001 0.000000 -0.000040
56  5.559988 -0.000217 -0.000031  0.000001 0.000000 -0.000081
57  5.166952 0.000057 -0.000059  0.000002 -0.000013 -0.000004
58  -3.890452 0.000004 0.000007  -1.570796 0.051841 -1.576021
59  17.848217 0.000199 -0.000007  -0.000003 -0.000000 0.034052
60  16.525282 0.002464 0.000003  0.038612 0.040780 -1.071484
61  6.879457 -0.000001 0.000019  -0.081333 -0.002949 -0.584375
62  3.890452 -0.000004 -0.000003  -1.570798 0.051841 -1.565574
63  17.848133 0.000073 -0.000007  0.000007 0.000000 0.034176
64  16.525269 0.000451 -0.000010  -0.027918 -0.040785 -1.071624
end
triangles
fireball_gear
0  6.452220 1.540287 49.109856  0.610580 0.454768 0.648366  0.387983 0.892276 1 1 1.000000
0  4.922937 3.563860 49.130730  0.695111 0.558248 0.452967  0.379545 0.815013 1 1 1.000000
0  4.782978 3.403788 49.374809  0.610595 0.454755 0.648360  0.388119 0.814890 1 1 1.000000
fireball_gear
0  6.452220 1.540287 49.109856  0.610580 0.454768 0.648366  0.387983 0.892276 1 1 1.000000
0  6.592179 1.700359 48.865772  0.695109 0.558252 0.452966  0.379410 0.892399 1 1 1.000000
0  4.922937 3.563860 49.130730  0.695111 0.558248 0.452967  0.379545 0.815013 1 1 1.000000
fireball_gear
0  6.649377 1.826070 48.341961  0.746115 0.644656 0.166527  0.362770 0.892397 1 1 1.000000
0  4.922937 3.563860 49.130730  0.695111 0.558248 0.452967  0.379545 0.815013 1 1 1.000000
0  6.592179 1.700359 48.865772  0.695109 0.558252 0.452966  0.379410 0.892399 1 1 1.000000
fireball_gear
0  6.649377 1.826070 48.341961  0.746115 0.644656 0.166527  0.362770 0.892397 1 1 1.000000
0  4.980134 3.689572 48.606915  0.746111 0.644660 0.166530  0.362906 0.815011 1 1 1.000000
0  4.922937 3.563860 49.130730  0.695111 0.558248 0.452967  0.379545 0.815013 1 1 1.000000
fireball_gear
0  6.649377 1.826070 48.341961  0.746115 0.644656 0.166527  0.362770 0.892397 1 1 1.000000
0  4.989875 3.968044 46.709705  0.742721 0.669074 -0.026567  0.304065 0.814787 1 1 1.000000
0  4.980134 3.689572 48.606915  0.746111 0.644660 0.166530  0.362906 0.815011 1 1 1.000000
fireball_gear
0  6.649377 1.826070 48.341961  0.746115 0.644656 0.166527  0.362770 0.892397 1 1 1.000000
0  6.659118 2.104542 46.444748  0.742720 0.669074 -0.026575  0.303930 0.892174 1 1 1.000000
0  4.989875 3.968044 46.709705  0.742721 0.669074 -0.026567  0.304065 0.814787 1 1 1.000000
fireball_gear
0  6.480768 2.080270 45.491837  0.725214 0.671346 -0.152834  0.275702 0.891861 1 1 1.000000
0  4.989875 3.968044 46.709705  0.742721 0.669074 -0.026567  0.304065 0.814787 1 1 1.000000
0  6.659118 2.104542 46.444748  0.742720 0.669074 -0.026575  0.303930 0.892174 1 1 1.000000
fireball_gear
0  6.480768 2.080270 45.491837  0.725214 0.671346 -0.152834  0.275702 0.891861 1 1 1.000000
0  4.811527 3.943773 45.756790  0.725215 0.671346 -0.152832  0.275837 0.814475 1 1 1.000000
0  4.989875 3.968044 46.709705  0.742721 0.669074 -0.026567  0.304065 0.814787 1 1 1.000000
fireball_gear
0  4.352086 3.383022 48.549915  0.000000 0.000000 1.000000  0.170267 0.626598 1 1 1.000000
0  4.258701 3.166182 49.486679  0.000000 0.000000 1.000000  0.147642 0.631411 1 1 1.000000
0  4.258701 3.166182 49.486679  0.311996 0.724452 -0.614677  0.147642 0.631411 1 1 1.000000
fireball_gear
0  4.352086 3.383022 48.549915  -0.663506 0.740721 0.105316  0.170267 0.626598 1 1 1.000000
0  3.771039 2.738633 49.421421  -0.663508 0.740720 0.105316  0.148916 0.651426 1 1 1.000000
0  4.258701 3.166182 49.486679  -0.663509 0.740719 0.105315  0.147642 0.631411 1 1 1.000000
fireball_gear
0  4.352086 3.383022 48.549915  -0.663506 0.740721 0.105316  0.170267 0.626598 1 1 1.000000
0  3.775909 2.877872 48.472809  -0.663505 0.740722 0.105317  0.171772 0.650246 1 1 1.000000
0  3.771039 2.738633 49.421421  -0.663508 0.740720 0.105316  0.148916 0.651426 1 1 1.000000
fireball_gear
0  4.352086 3.383022 48.549915  -0.663506 0.740721 0.105316  0.170267 0.626598 1 1 1.000000
0  3.785649 3.156343 46.575596  -0.663506 0.740721 0.105316  0.217483 0.647885 1 1 1.000000
0  3.775909 2.877872 48.472809  -0.663505 0.740722 0.105317  0.171772 0.650246 1 1 1.000000
fireball_gear
0  4.352086 3.383022 48.549915  -0.663506 0.740721 0.105316  0.170267 0.626598 1 1 1.000000
0  4.361826 3.661495 46.652699  -0.663505 0.740722 0.105316  0.215978 0.624237 1 1 1.000000
0  3.785649 3.156343 46.575596  -0.663506 0.740721 0.105316  0.217483 0.647885 1 1 1.000000
fireball_gear
0  4.298512 3.747630 45.647987  -0.663508 0.740720 0.105315  0.240143 0.625807 1 1 1.000000
0  3.785649 3.156343 46.575596  -0.663506 0.740721 0.105316  0.217483 0.647885 1 1 1.000000
0  4.361826 3.661495 46.652699  -0.663505 0.740722 0.105316  0.215978 0.624237 1 1 1.000000
fireball_gear
0  4.594138 3.974470 45.915031  -0.663507 0.740721 0.105315  0.233891 0.613909 1 1 1.000000
0  4.298512 3.747630 45.647987  -0.663508 0.740720 0.105315  0.240143 0.625807 1 1 1.000000
0  4.361826 3.661495 46.652699  -0.663505 0.740722 0.105316  0.215978 0.624237 1 1 1.000000
fireball_gear
0  4.594138 3.974470 45.915031  -0.663507 0.740721 0.105315  0.233891 0.613909 1 1 1.000000
0  4.361826 3.661495 46.652699  -0.663505 0.740722 0.105316  0.215978 0.624237 1 1 1.000000
0  4.728404 3.981660 46.710358  -0.663504 0.740724 0.105317  0.214813 0.609201 1 1 1.000000
fireball_gear
0  4.718663 3.703187 48.607574  -0.663508 0.740719 0.105316  0.169102 0.611562 1 1 1.000000
0  4.728404 3.981660 46.710358  -0.663504 0.740724 0.105317  0.214813 0.609201 1 1 1.000000
0  4.361826 3.661495 46.652699  -0.663505 0.740722 0.105316  0.215978 0.624237 1 1 1.000000
fireball_gear
0  4.718663 3.703187 48.607574  -0.663508 0.740719 0.105316  0.169102 0.611562 1 1 1.000000
0  4.361826 3.661495 46.652699  -0.663505 0.740722 0.105316  0.215978 0.624237 1 1 1.000000
0  4.352086 3.383022 48.549915  -0.663506 0.740721 0.105316  0.170267 0.626598 1 1 1.000000
fireball_gear
0  4.661439 3.577464 49.131298  -0.663503 0.740724 0.105316  0.156450 0.614459 1 1 1.000000
0  4.718663 3.703187 48.607574  -0.663508 0.740719 0.105316  0.169102 0.611562 1 1 1.000000
0  4.352086 3.383022 48.549915  -0.663506 0.740721 0.105316  0.170267 0.626598 1 1 1.000000
fireball_gear
0  4.519798 3.415921 49.375134  -0.663505 0.740722 0.105316  0.150489 0.620544 1 1 1.000000
0  4.661439 3.577464 49.131298  -0.663503 0.740724 0.105316  0.156450 0.614459 1 1 1.000000
0  4.352086 3.383022 48.549915  -0.663506 0.740721 0.105316  0.170267 0.626598 1 1 1.000000
fireball_gear
0  4.352086 3.383022 48.549915  -0.663506 0.740721 0.105316  0.170267 0.626598 1 1 1.000000
0  4.258701 3.166182 49.486679  -0.663508 0.740720 0.105316  0.147642 0.631411 1 1 1.000000
0  4.519798 3.415921 49.375134  -0.663505 0.740722 0.105316  0.150489 0.620544 1 1 1.000000
fireball_gear
0  4.298512 3.747630 45.647987  -0.663508 0.740720 0.105315  0.240143 0.625807 1 1 1.000000
0  3.790491 3.294734 45.632751  -0.663506 0.740722 0.105315  0.240199 0.646712 1 1 1.000000
0  3.785649 3.156343 46.575596  -0.663506 0.740721 0.105316  0.217483 0.647885 1 1 1.000000
fireball_gear
0  6.171637 1.030623 49.183044  0.000000 0.000000 1.000000  0.018160 0.733078 1 1 1.000000
0  6.171637 1.030623 49.183044  -0.312033 -0.724437 -0.614676  0.018160 0.733078 1 1 1.000000
0  6.265023 1.247463 48.246281  0.000000 0.000000 1.000000  0.047634 0.736813 1 1 1.000000
fireball_gear
0  6.211451 1.612072 45.344345  0.663505 -0.740723 -0.105315  0.137560 0.734287 1 1 1.000000
0  6.507076 1.838912 45.611393  0.663508 -0.740720 -0.105316  0.130456 0.746472 1 1 1.000000
0  6.641343 1.846102 46.406719  0.663505 -0.740722 -0.105316  0.106292 0.752081 1 1 1.000000
fireball_gear
0  6.211451 1.612072 45.344345  0.663505 -0.740723 -0.105315  0.137560 0.734287 1 1 1.000000
0  6.641343 1.846102 46.406719  0.663505 -0.740722 -0.105316  0.106292 0.752081 1 1 1.000000
0  6.274765 1.525936 46.349064  0.663505 -0.740722 -0.105316  0.106606 0.737002 1 1 1.000000
fireball_gear
0  5.703427 1.159176 45.329113  0.663504 -0.740724 -0.105316  0.135985 0.713398 1 1 1.000000
0  6.211451 1.612072 45.344345  0.663505 -0.740723 -0.105315  0.137560 0.734287 1 1 1.000000
0  6.274765 1.525936 46.349064  0.663505 -0.740722 -0.105316  0.106606 0.737002 1 1 1.000000
fireball_gear
0  5.703427 1.159176 45.329113  0.663504 -0.740724 -0.105316  0.135985 0.713398 1 1 1.000000
0  6.274765 1.525936 46.349064  0.663505 -0.740722 -0.105316  0.106606 0.737002 1 1 1.000000
0  5.698588 1.020785 46.271957  0.663505 -0.740722 -0.105317  0.106679 0.713304 1 1 1.000000
fireball_gear
0  5.688846 0.742312 48.169174  0.663507 -0.740721 -0.105316  0.047707 0.713115 1 1 1.000000
0  5.698588 1.020785 46.271957  0.663505 -0.740722 -0.105317  0.106679 0.713304 1 1 1.000000
0  6.274765 1.525936 46.349064  0.663505 -0.740722 -0.105316  0.106606 0.737002 1 1 1.000000
fireball_gear
0  5.688846 0.742312 48.169174  0.663507 -0.740721 -0.105316  0.047707 0.713115 1 1 1.000000
0  6.274765 1.525936 46.349064  0.663505 -0.740722 -0.105316  0.106606 0.737002 1 1 1.000000
0  6.265023 1.247463 48.246281  0.663505 -0.740722 -0.105316  0.047634 0.736813 1 1 1.000000
fireball_gear
0  5.688846 0.742312 48.169174  0.663507 -0.740721 -0.105316  0.047707 0.713115 1 1 1.000000
0  6.265023 1.247463 48.246281  0.663505 -0.740722 -0.105316  0.047634 0.736813 1 1 1.000000
0  6.171637 1.030623 49.183044  0.663506 -0.740721 -0.105316  0.018160 0.733078 1 1 1.000000
fireball_gear
0  6.265023 1.247463 48.246281  0.663505 -0.740722 -0.105316  0.047634 0.736813 1 1 1.000000
0  6.432735 1.280364 49.071491  0.663505 -0.740722 -0.105316  0.022677 0.743801 1 1 1.000000
0  6.171637 1.030623 49.183044  0.663504 -0.740723 -0.105316  0.018160 0.733078 1 1 1.000000
fireball_gear
0  6.265023 1.247463 48.246281  0.663505 -0.740722 -0.105316  0.047634 0.736813 1 1 1.000000
0  6.574375 1.441906 48.827671  0.663506 -0.740722 -0.105316  0.030822 0.749597 1 1 1.000000
0  6.432735 1.280364 49.071491  0.663505 -0.740722 -0.105316  0.022677 0.743801 1 1 1.000000
fireball_gear
0  6.265023 1.247463 48.246281  0.663505 -0.740722 -0.105316  0.047634 0.736813 1 1 1.000000
0  6.631601 1.567630 48.303936  0.663503 -0.740724 -0.105315  0.047321 0.751891 1 1 1.000000
0  6.574375 1.441906 48.827671  0.663506 -0.740722 -0.105316  0.030822 0.749597 1 1 1.000000
fireball_gear
0  6.265023 1.247463 48.246281  0.663505 -0.740722 -0.105316  0.047634 0.736813 1 1 1.000000
0  6.641343 1.846102 46.406719  0.663505 -0.740722 -0.105316  0.106292 0.752081 1 1 1.000000
0  6.631601 1.567630 48.303936  0.663503 -0.740724 -0.105315  0.047321 0.751891 1 1 1.000000
fireball_gear
0  6.265023 1.247463 48.246281  0.663505 -0.740722 -0.105316  0.047634 0.736813 1 1 1.000000
0  6.274765 1.525936 46.349064  0.663505 -0.740722 -0.105316  0.106606 0.737002 1 1 1.000000
0  6.641343 1.846102 46.406719  0.663505 -0.740722 -0.105316  0.106292 0.752081 1 1 1.000000
fireball_gear
0  5.688846 0.742312 48.169174  0.663507 -0.740721 -0.105316  0.047707 0.713115 1 1 1.000000
0  6.171637 1.030623 49.183044  0.663506 -0.740721 -0.105316  0.018160 0.733078 1 1 1.000000
0  5.683976 0.603075 49.117783  0.663506 -0.740722 -0.105317  0.018222 0.713021 1 1 1.000000
fireball_gear
0  -4.228139 3.131819 49.573158  0.000000 0.000000 1.000000  0.146978 0.959049 1 1 1.000000
0  -4.228139 3.131819 49.573158  0.276124 -0.735789 -0.618361  0.146978 0.959049 1 1 1.000000
0  -4.308017 3.344639 48.634228  0.000000 0.000000 1.000000  0.176341 0.962777 1 1 1.000000
fireball_gear
0  4.394645 3.042513 49.469223  0.099723 -0.012566 0.994936  0.284058 0.558324 1 1 1.000000
0  4.519798 3.415921 49.375134  0.063389 0.223821 0.972567  0.277473 0.567688 1 1 1.000000
0  4.258701 3.166182 49.486679  -0.002765 -0.047291 0.998877  0.278501 0.557732 1 1 1.000000
fireball_gear
0  4.394645 3.042513 49.469223  0.099723 -0.012566 0.994936  0.284058 0.558324 1 1 1.000000
0  4.782978 3.403788 49.374809  0.137588 0.109380 0.984432  0.282893 0.573460 1 1 1.000000
0  4.519798 3.415921 49.375134  0.063389 0.223821 0.972567  0.277473 0.567688 1 1 1.000000
fireball_gear
0  4.394645 3.042513 49.469223  0.099723 -0.012566 0.994936  0.284058 0.558324 1 1 1.000000
0  4.258701 3.166182 49.486679  -0.084680 -0.141786 0.986269  0.278501 0.557732 1 1 1.000000
0  3.771039 2.738633 49.421421  -0.005091 -0.145225 0.989385  0.279033 0.537877 1 1 1.000000
fireball_gear
0  6.171637 1.030623 49.183044  0.007094 -0.104277 0.994523  0.365995 0.558013 1 1 1.000000
0  6.432735 1.280364 49.071491  0.515254 -0.162819 0.841429  0.364968 0.567968 1 1 1.000000
0  6.452220 1.540287 49.109856  0.272978 -0.005397 0.962005  0.359241 0.573705 1 1 1.000000
fireball_gear
0  6.171637 1.030623 49.183044  0.007094 -0.104277 0.994523  0.365995 0.558013 1 1 1.000000
0  6.452220 1.540287 49.109856  0.272978 -0.005397 0.962005  0.359241 0.573705 1 1 1.000000
0  6.063885 1.179010 49.204269  0.106934 -0.055549 0.992713  0.360407 0.558569 1 1 1.000000
fireball_gear
0  6.063885 1.179010 49.204269  0.106934 -0.055549 0.992713  0.360407 0.558569 1 1 1.000000
0  6.452220 1.540287 49.109856  0.272978 -0.005397 0.962005  0.359241 0.573705 1 1 1.000000
0  4.782978 3.403788 49.374809  0.137588 0.109380 0.984432  0.282893 0.573460 1 1 1.000000
fireball_gear
0  6.063885 1.179010 49.204269  0.106934 -0.055549 0.992713  0.360407 0.558569 1 1 1.000000
0  4.782978 3.403788 49.374809  0.137588 0.109380 0.984432  0.282893 0.573460 1 1 1.000000
0  4.394645 3.042513 49.469223  0.099723 -0.012566 0.994936  0.284058 0.558324 1 1 1.000000
fireball_gear
0  3.755492 2.482148 49.383694  -0.005080 -0.145223 0.989386  0.284756 0.532301 1 1 1.000000
0  6.063885 1.179010 49.204269  0.106934 -0.055549 0.992713  0.360407 0.558569 1 1 1.000000
0  4.394645 3.042513 49.469223  0.099723 -0.012566 0.994936  0.284058 0.558324 1 1 1.000000
fireball_gear
0  4.394645 3.042513 49.469223  0.099723 -0.012566 0.994936  0.284058 0.558324 1 1 1.000000
0  3.771039 2.738633 49.421421  -0.005091 -0.145225 0.989385  0.279033 0.537877 1 1 1.000000
0  3.755492 2.482148 49.383694  -0.005080 -0.145223 0.989386  0.284756 0.532301 1 1 1.000000
fireball_gear
0  3.755492 2.482148 49.383694  -0.005080 -0.145223 0.989386  0.284756 0.532301 1 1 1.000000
0  5.424734 0.618646 49.118732  -0.005092 -0.145222 0.989386  0.361104 0.532546 1 1 1.000000
0  6.063885 1.179010 49.204269  0.106934 -0.055549 0.992713  0.360407 0.558569 1 1 1.000000
fireball_gear
0  5.424734 0.618646 49.118732  -0.005092 -0.145222 0.989386  0.361104 0.532546 1 1 1.000000
0  6.171637 1.030623 49.183044  -0.084713 -0.141785 0.986266  0.365995 0.558013 1 1 1.000000
0  6.063885 1.179010 49.204269  0.106934 -0.055549 0.992713  0.360407 0.558569 1 1 1.000000
fireball_gear
0  5.424734 0.618646 49.118732  -0.005092 -0.145222 0.989386  0.361104 0.532546 1 1 1.000000
0  5.683976 0.603075 49.117783  -0.005099 -0.145209 0.989388  0.366527 0.538158 1 1 1.000000
0  6.171637 1.030623 49.183044  -0.084713 -0.141785 0.986266  0.365995 0.558013 1 1 1.000000
fireball_gear
0  -6.078517 0.946846 49.235329  0.000000 0.000000 1.000000  0.017976 0.789713 1 1 1.000000
0  -6.078517 0.946846 49.235329  -0.728487 0.666787 -0.157168  0.017976 0.789713 1 1 1.000000
0  -6.343674 1.189545 49.117958  0.000000 0.000000 1.000000  0.022189 0.778880 1 1 1.000000
fireball_gear
0  -5.231115 3.477695 47.662720  -0.035711 0.182180 -0.982616  0.972074 0.348936 1 1 1.000000
0  -6.395358 2.272959 47.481678  -0.035752 0.182179 -0.982615  0.922324 0.346567 1 1 1.000000
0  -5.316187 3.547268 47.678711  -0.035709 0.182180 -0.982617  0.971090 0.345401 1 1 1.000000
fireball_gear
0  -5.231115 3.477695 47.662720  -0.035711 0.182180 -0.982616  0.972074 0.348936 1 1 1.000000
0  -6.310283 2.203387 47.465687  -0.035754 0.182179 -0.982615  0.921405 0.349915 1 1 1.000000
0  -6.395358 2.272959 47.481678  -0.035752 0.182179 -0.982615  0.922324 0.346567 1 1 1.000000
fireball_gear
0  -6.437129 2.032276 47.580353  -0.398967 -0.287713 -0.870659  0.913841 0.345837 1 1 1.000000
0  -6.395358 2.272959 47.481678  -0.398967 -0.287713 -0.870659  0.922324 0.346567 1 1 1.000000
0  -6.310283 2.203387 47.465687  -0.398967 -0.287713 -0.870659  0.921405 0.349915 1 1 1.000000
fireball_gear
0  -6.437129 2.032276 47.580353  -0.399015 -0.287709 -0.870638  0.913841 0.345837 1 1 1.000000
0  -6.523789 2.103145 47.596642  -0.399015 -0.287709 -0.870638  0.916508 0.342972 1 1 1.000000
0  -6.395358 2.272959 47.481678  -0.399015 -0.287709 -0.870638  0.922324 0.346567 1 1 1.000000
fireball_gear
0  -5.231115 3.477695 47.662720  0.340523 0.585524 -0.735667  0.972074 0.348936 1 1 1.000000
0  -5.190910 3.677040 47.839993  0.340523 0.585524 -0.735667  0.977000 0.341857 1 1 1.000000
0  -5.104252 3.606171 47.823708  0.340523 0.585524 -0.735667  0.979640 0.344732 1 1 1.000000
fireball_gear
0  -5.231115 3.477695 47.662720  0.340595 0.585503 -0.735650  0.972074 0.348936 1 1 1.000000
0  -5.316187 3.547268 47.678711  0.340595 0.585503 -0.735650  0.971090 0.345401 1 1 1.000000
0  -5.190910 3.677040 47.839993  0.340595 0.585503 -0.735650  0.977000 0.341857 1 1 1.000000
fireball_gear
0  -5.273891 1.139586 45.148922  0.020426 0.135851 -0.990519  0.224305 0.903069 1 1 1.000000
0  -4.321513 3.597484 45.505669  -0.174212 0.292891 -0.940141  0.147063 0.929342 1 1 1.000000
0  -3.659239 3.046207 45.443722  0.020437 0.135850 -0.990519  0.147036 0.902821 1 1 1.000000
fireball_gear
0  -5.273891 1.139586 45.148922  0.020426 0.135851 -0.990519  0.224305 0.903069 1 1 1.000000
0  -5.936161 1.690862 45.210873  -0.174197 0.292884 -0.940146  0.224332 0.929590 1 1 1.000000
0  -4.321513 3.597484 45.505669  -0.174212 0.292891 -0.940141  0.147063 0.929342 1 1 1.000000
fireball_gear
0  -5.280318 0.531420 49.179512  0.610022 -0.785151 -0.106824  0.909066 0.239195 1 1 1.000000
0  -5.468383 0.428828 49.276913  0.424409 -0.896783 -0.125129  0.905850 0.245327 1 1 1.000000
0  -5.467103 0.445068 49.164864  0.424400 -0.896787 -0.125131  0.902952 0.243504 1 1 1.000000
fireball_gear
0  -5.280318 0.531420 49.179512  0.610022 -0.785151 -0.106824  0.909066 0.239195 1 1 1.000000
0  -5.281602 0.515139 49.291843  0.610099 -0.785093 -0.106814  0.910561 0.242788 1 1 1.000000
0  -5.468383 0.428828 49.276913  0.424409 -0.896783 -0.125129  0.905850 0.245327 1 1 1.000000
fireball_gear
0  -5.280318 0.531420 49.179512  0.610022 -0.785151 -0.106824  0.909066 0.239195 1 1 1.000000
0  -3.688023 2.396880 49.582790  0.887278 -0.457798 -0.056203  0.981020 0.242988 1 1 1.000000
0  -5.281602 0.515139 49.291843  0.610099 -0.785093 -0.106814  0.910561 0.242788 1 1 1.000000
fireball_gear
0  -5.280318 0.531420 49.179512  0.610022 -0.785151 -0.106824  0.909066 0.239195 1 1 1.000000
0  -3.686739 2.413161 49.470470  0.887337 -0.457684 -0.056202  0.982516 0.239195 1 1 1.000000
0  -3.688023 2.396880 49.582790  0.887278 -0.457798 -0.056203  0.981020 0.242988 1 1 1.000000
fireball_gear
0  -3.633436 2.610308 49.499653  0.965976 -0.257297 -0.026257  0.988859 0.243554 1 1 1.000000
0  -3.688023 2.396880 49.582790  0.887278 -0.457798 -0.056203  0.981020 0.242988 1 1 1.000000
0  -3.686739 2.413161 49.470470  0.887337 -0.457684 -0.056202  0.982516 0.239195 1 1 1.000000
fireball_gear
0  -3.633436 2.610308 49.499653  0.965976 -0.257295 -0.026258  0.988859 0.243554 1 1 1.000000
0  -3.634716 2.594068 49.611702  0.965976 -0.257295 -0.026258  0.985947 0.245492 1 1 1.000000
0  -3.688023 2.396880 49.582790  0.887374 -0.457611 -0.056205  0.981020 0.242988 1 1 1.000000
fireball_gear
0  3.112175 -6.351213 48.239002  0.000000 0.000000 1.000000  0.273047 0.680520 1 1 1.000000
0  3.112175 -6.351213 48.239002  -0.686569 -0.283509 -0.669512  0.273047 0.680520 1 1 1.000000
0  3.204622 -6.313033 47.278126  0.000000 0.000000 1.000000  0.243560 0.676816 1 1 1.000000
fireball_gear
0  -6.106470 0.970653 49.363174  -0.106986 -0.063639 0.992222  0.906110 0.268219 1 1 1.000000
0  -5.468383 0.428828 49.276913  -0.004047 -0.161896 0.986800  0.905850 0.245327 1 1 1.000000
0  -5.281602 0.515139 49.291843  -0.000941 -0.156384 0.987696  0.910561 0.242788 1 1 1.000000
fireball_gear
0  -5.281602 0.515139 49.291843  -0.000941 -0.156384 0.987696  0.910561 0.242788 1 1 1.000000
0  -3.688023 2.396880 49.582790  0.003414 -0.151285 0.988484  0.981020 0.242988 1 1 1.000000
0  -6.106470 0.970653 49.363174  -0.106986 -0.063639 0.992222  0.906110 0.268219 1 1 1.000000
fireball_gear
0  -6.440799 1.294932 49.278553  -0.346037 0.149852 0.926176  0.907593 0.282251 1 1 1.000000
0  -4.893046 3.619170 49.399624  -0.474362 0.272275 0.837166  0.983817 0.293741 1 1 1.000000
0  -6.649608 1.544978 49.078918  -0.474344 0.272271 0.837177  0.909104 0.292868 1 1 1.000000
fireball_gear
0  -6.440799 1.294932 49.278553  -0.346037 0.149852 0.926176  0.907593 0.282251 1 1 1.000000
0  -4.643044 3.417768 49.606785  -0.346244 0.150028 0.926070  0.985136 0.282841 1 1 1.000000
0  -4.893046 3.619170 49.399624  -0.474362 0.272275 0.837166  0.983817 0.293741 1 1 1.000000
fireball_gear
0  -6.106470 0.970653 49.363174  -0.106986 -0.063639 0.992222  0.906110 0.268219 1 1 1.000000
0  -4.643044 3.417768 49.606785  -0.346244 0.150028 0.926070  0.985136 0.282841 1 1 1.000000
0  -6.440799 1.294932 49.278553  -0.346037 0.149852 0.926176  0.907593 0.282251 1 1 1.000000
fireball_gear
0  -6.106470 0.970653 49.363174  -0.106986 -0.063639 0.992222  0.906110 0.268219 1 1 1.000000
0  -4.282799 3.124087 49.696136  -0.106630 -0.062312 0.992344  0.986419 0.268619 1 1 1.000000
0  -4.643044 3.417768 49.606785  -0.346244 0.150028 0.926070  0.985136 0.282841 1 1 1.000000
fireball_gear
0  -6.106470 0.970653 49.363174  -0.106986 -0.063639 0.992222  0.906110 0.268219 1 1 1.000000
0  -3.688023 2.396880 49.582790  0.003414 -0.151285 0.988484  0.981020 0.242988 1 1 1.000000
0  -4.282799 3.124087 49.696136  -0.106630 -0.062312 0.992344  0.986419 0.268619 1 1 1.000000
fireball_gear
0  -3.688023 2.396880 49.582790  0.003414 -0.151285 0.988484  0.981020 0.242988 1 1 1.000000
0  -3.634716 2.594068 49.611702  0.008438 -0.147287 0.989058  0.985947 0.245492 1 1 1.000000
0  -4.282799 3.124087 49.696136  -0.106630 -0.062312 0.992344  0.986419 0.268619 1 1 1.000000
fireball_gear
0  -5.196297 -4.443779 48.556564  0.000000 0.000000 1.000000  0.276615 0.964822 1 1 1.000000
0  -5.196297 -4.443779 48.556564  0.689033 -0.290321 -0.664038  0.276615 0.964822 1 1 1.000000
0  -5.301469 -4.399470 47.597275  0.000000 0.000000 1.000000  0.300487 0.968539 1 1 1.000000
fireball_gear
0  -3.633436 2.610308 49.499653  0.637701 0.761421 0.116510  0.988859 0.243554 1 1 1.000000
0  -4.282799 3.124087 49.696136  0.621387 0.778130 0.091609  0.986419 0.268619 1 1 1.000000
0  -3.634716 2.594068 49.611702  0.637823 0.761152 0.117605  0.985947 0.245492 1 1 1.000000
fireball_gear
0  -3.633436 2.610308 49.499653  0.637701 0.761421 0.116510  0.988859 0.243554 1 1 1.000000
0  -4.224286 3.091358 49.579216  0.627706 0.772261 0.097974  0.990329 0.266629 1 1 1.000000
0  -4.282799 3.124087 49.696136  0.621387 0.778130 0.091609  0.986419 0.268619 1 1 1.000000
fireball_gear
0  -4.282799 3.124087 49.696136  0.621387 0.778130 0.091609  0.986419 0.268619 1 1 1.000000
0  -4.224286 3.091358 49.579216  0.627706 0.772261 0.097974  0.990329 0.266629 1 1 1.000000
0  -4.584915 3.382645 49.486435  0.605098 0.793712 0.062264  0.989931 0.282885 1 1 1.000000
fireball_gear
0  -4.282799 3.124087 49.696136  0.621387 0.778130 0.091609  0.986419 0.268619 1 1 1.000000
0  -4.584915 3.382645 49.486435  0.605098 0.793712 0.062264  0.989931 0.282885 1 1 1.000000
0  -4.643044 3.417768 49.606785  0.606369 0.793167 0.056591  0.985136 0.282841 1 1 1.000000
fireball_gear
0  -4.643044 3.417768 49.606785  0.606369 0.793167 0.056591  0.985136 0.282841 1 1 1.000000
0  -4.584915 3.382645 49.486435  0.605098 0.793712 0.062264  0.989931 0.282885 1 1 1.000000
0  -4.828661 3.573766 49.276379  0.595578 0.803157 0.015005  0.987738 0.295713 1 1 1.000000
fireball_gear
0  -4.643044 3.417768 49.606785  0.606369 0.793167 0.056591  0.985136 0.282841 1 1 1.000000
0  -4.828661 3.573766 49.276379  0.595578 0.803157 0.015005  0.987738 0.295713 1 1 1.000000
0  -4.893046 3.619170 49.399624  0.602324 0.797984 0.020675  0.983817 0.293741 1 1 1.000000
fireball_gear
0  -4.828661 3.573766 49.276379  0.595578 0.803157 0.015005  0.987738 0.295713 1 1 1.000000
0  -5.046415 3.733664 48.735786  0.622432 0.780563 -0.057446  0.984392 0.314906 1 1 1.000000
0  -4.893046 3.619170 49.399624  0.602324 0.797984 0.020675  0.983817 0.293741 1 1 1.000000
fireball_gear
0  -4.828661 3.573766 49.276379  0.595578 0.803157 0.015005  0.987738 0.295713 1 1 1.000000
0  -4.949743 3.654607 48.717621  0.625471 0.778108 -0.057736  0.988510 0.315064 1 1 1.000000
0  -5.046415 3.733664 48.735786  0.622432 0.780563 -0.057446  0.984392 0.314906 1 1 1.000000
fireball_gear
0  -4.949743 3.654607 48.717621  0.625471 0.778108 -0.057736  0.988510 0.315064 1 1 1.000000
0  -5.110801 3.723691 48.220116  0.607976 0.778846 -0.154158  0.981705 0.330824 1 1 1.000000
0  -5.046415 3.733664 48.735786  0.622432 0.780563 -0.057446  0.984392 0.314906 1 1 1.000000
fireball_gear
0  -4.949743 3.654607 48.717621  0.625471 0.778108 -0.057736  0.988510 0.315064 1 1 1.000000
0  -5.019952 3.649395 48.203041  0.607073 0.778706 -0.158363  0.985557 0.332298 1 1 1.000000
0  -5.110801 3.723691 48.220116  0.607976 0.778846 -0.154158  0.981705 0.330824 1 1 1.000000
fireball_gear
0  -5.019952 3.649395 48.203041  0.607073 0.778706 -0.158363  0.985557 0.332298 1 1 1.000000
0  -5.190910 3.677040 47.839993  0.592462 0.774986 -0.219967  0.977000 0.341857 1 1 1.000000
0  -5.110801 3.723691 48.220116  0.607976 0.778846 -0.154158  0.981705 0.330824 1 1 1.000000
fireball_gear
0  -5.019952 3.649395 48.203041  0.607073 0.778706 -0.158363  0.985557 0.332298 1 1 1.000000
0  -5.104252 3.606171 47.823708  0.592462 0.774986 -0.219968  0.979640 0.344732 1 1 1.000000
0  -5.190910 3.677040 47.839993  0.592462 0.774986 -0.219967  0.977000 0.341857 1 1 1.000000
fireball_gear
0  -6.437129 2.032276 47.580353  -0.616461 -0.652516 -0.440680  0.913841 0.345837 1 1 1.000000
0  -6.612233 1.950763 47.945992  -0.627376 -0.679873 -0.379700  0.911839 0.331601 1 1 1.000000
0  -6.523789 2.103145 47.596642  -0.616457 -0.652520 -0.440679  0.916508 0.342972 1 1 1.000000
fireball_gear
0  -6.437129 2.032276 47.580353  -0.616461 -0.652516 -0.440680  0.913841 0.345837 1 1 1.000000
0  -6.521384 1.876467 47.928913  -0.626771 -0.678220 -0.383636  0.907882 0.333116 1 1 1.000000
0  -6.612233 1.950763 47.945992  -0.627376 -0.679873 -0.379700  0.911839 0.331601 1 1 1.000000
fireball_gear
0  -6.521384 1.876467 47.928913  -0.626771 -0.678220 -0.383636  0.907882 0.333116 1 1 1.000000
0  -6.688155 1.795055 48.436043  -0.638396 -0.715278 -0.284301  0.908917 0.315193 1 1 1.000000
0  -6.612233 1.950763 47.945992  -0.627376 -0.679873 -0.379700  0.911839 0.331601 1 1 1.000000
fireball_gear
0  -6.521384 1.876467 47.928913  -0.626771 -0.678220 -0.383636  0.907882 0.333116 1 1 1.000000
0  -6.591484 1.715996 48.417873  -0.641335 -0.713480 -0.282197  0.904620 0.315400 1 1 1.000000
0  -6.688155 1.795055 48.436043  -0.638396 -0.715278 -0.284301  0.908917 0.315193 1 1 1.000000
fireball_gear
0  -6.591484 1.715996 48.417873  -0.641335 -0.713480 -0.282197  0.904620 0.315400 1 1 1.000000
0  -6.649608 1.544978 49.078918  -0.678010 -0.702770 -0.215446  0.909104 0.292868 1 1 1.000000
0  -6.688155 1.795055 48.436043  -0.638396 -0.715278 -0.284301  0.908917 0.315193 1 1 1.000000
fireball_gear
0  -6.591484 1.715996 48.417873  -0.641335 -0.713480 -0.282197  0.904620 0.315400 1 1 1.000000
0  -6.575556 1.510990 48.957428  -0.687500 -0.690124 -0.225992  0.905116 0.294966 1 1 1.000000
0  -6.649608 1.544978 49.078918  -0.678010 -0.702770 -0.215446  0.909104 0.292868 1 1 1.000000
fireball_gear
0  -6.649608 1.544978 49.078918  -0.678010 -0.702770 -0.215446  0.909104 0.292868 1 1 1.000000
0  -6.575556 1.510990 48.957428  -0.687500 -0.690124 -0.225992  0.905116 0.294966 1 1 1.000000
0  -6.378289 1.264983 49.159012  -0.672990 -0.718427 -0.175918  0.902874 0.282349 1 1 1.000000
fireball_gear
0  -6.649608 1.544978 49.078918  -0.678010 -0.702770 -0.215446  0.909104 0.292868 1 1 1.000000
0  -6.378289 1.264983 49.159012  -0.672990 -0.718427 -0.175918  0.902874 0.282349 1 1 1.000000
0  -6.440799 1.294932 49.278553  -0.675087 -0.717531 -0.171487  0.907593 0.282251 1 1 1.000000
fireball_gear
0  -6.046734 0.939365 49.246475  -0.658286 -0.739768 -0.139294  0.902185 0.266338 1 1 1.000000
0  -6.440799 1.294932 49.278553  -0.675087 -0.717531 -0.171487  0.907593 0.282251 1 1 1.000000
0  -6.378289 1.264983 49.159012  -0.672990 -0.718427 -0.175918  0.902874 0.282349 1 1 1.000000
fireball_gear
0  -6.046734 0.939365 49.246475  -0.658286 -0.739768 -0.139294  0.902185 0.266338 1 1 1.000000
0  -6.106470 0.970653 49.363174  -0.663438 -0.734504 -0.142667  0.906110 0.268219 1 1 1.000000
0  -6.440799 1.294932 49.278553  -0.675087 -0.717531 -0.171487  0.907593 0.282251 1 1 1.000000
fireball_gear
0  -6.046734 0.939365 49.246475  -0.658286 -0.739768 -0.139294  0.902185 0.266338 1 1 1.000000
0  -5.468383 0.428828 49.276913  -0.653735 -0.747556 -0.117434  0.905850 0.245327 1 1 1.000000
0  -6.106470 0.970653 49.363174  -0.663438 -0.734504 -0.142667  0.906110 0.268219 1 1 1.000000
fireball_gear
0  -6.046734 0.939365 49.246475  -0.658286 -0.739768 -0.139294  0.902185 0.266338 1 1 1.000000
0  -5.467103 0.445068 49.164864  -0.653907 -0.747655 -0.115832  0.902952 0.243504 1 1 1.000000
0  -5.468383 0.428828 49.276913  -0.653735 -0.747556 -0.117434  0.905850 0.245327 1 1 1.000000
fireball_gear
0  -5.936161 1.690862 45.210873  -0.174197 0.292884 -0.940146  0.386195 0.792489 1 1 1.000000
0  -4.724856 3.888739 45.831146  -0.357506 0.430862 -0.828582  0.371171 0.714903 1 1 1.000000
0  -4.321513 3.597484 45.505669  -0.174212 0.292891 -0.940141  0.386661 0.715078 1 1 1.000000
fireball_gear
0  -5.936161 1.690862 45.210873  -0.174197 0.292884 -0.940146  0.386195 0.792489 1 1 1.000000
0  -6.339509 1.982117 45.536346  -0.357484 0.430863 -0.828591  0.370705 0.792314 1 1 1.000000
0  -4.724856 3.888739 45.831146  -0.357506 0.430862 -0.828582  0.371171 0.714903 1 1 1.000000
fireball_gear
0  -3.659239 3.046207 45.443722  0.547187 0.671750 -0.499339  0.272400 0.933447 1 1 1.000000
0  -4.204823 3.705799 45.733212  0.339567 0.777480 -0.529356  0.265844 0.960255 1 1 1.000000
0  -3.685033 3.266215 45.729279  0.568093 0.675928 -0.469459  0.264152 0.939404 1 1 1.000000
fireball_gear
0  -3.659239 3.046207 45.443722  0.547187 0.671750 -0.499339  0.272400 0.933447 1 1 1.000000
0  -4.321513 3.597484 45.505669  0.371210 0.753144 -0.543119  0.272792 0.959982 1 1 1.000000
0  -4.204823 3.705799 45.733212  0.339567 0.777480 -0.529356  0.265844 0.960255 1 1 1.000000
fireball_gear
0  -4.321513 3.597484 45.505669  0.371210 0.753144 -0.543119  0.272792 0.959982 1 1 1.000000
0  -4.511604 3.925325 45.993706  0.212665 0.847438 -0.486439  0.258845 0.972417 1 1 1.000000
0  -4.204823 3.705799 45.733212  0.339567 0.777480 -0.529356  0.265844 0.960255 1 1 1.000000
fireball_gear
0  -4.321513 3.597484 45.505669  0.371210 0.753144 -0.543119  0.272792 0.959982 1 1 1.000000
0  -4.724856 3.888739 45.831146  0.222442 0.847197 -0.482470  0.264117 0.975983 1 1 1.000000
0  -4.511604 3.925325 45.993706  0.212665 0.847438 -0.486439  0.258845 0.972417 1 1 1.000000
fireball_gear
0  -5.535410 1.081243 45.391438  -0.494429 -0.529258 -0.689512  0.135822 0.805231 1 1 1.000000
0  -5.936161 1.690862 45.210873  -0.575120 -0.397728 -0.714877  0.142677 0.783605 1 1 1.000000
0  -5.273891 1.139586 45.148922  -0.507756 -0.534023 -0.676020  0.143150 0.810083 1 1 1.000000
fireball_gear
0  -5.535410 1.081243 45.391438  -0.494429 -0.529258 -0.689512  0.135822 0.805231 1 1 1.000000
0  -6.055202 1.520827 45.395370  -0.596310 -0.366232 -0.714344  0.136835 0.784377 1 1 1.000000
0  -5.936161 1.690862 45.210873  -0.575120 -0.397728 -0.714877  0.142677 0.783605 1 1 1.000000
fireball_gear
0  -6.055202 1.520827 45.395370  -0.596310 -0.366232 -0.714344  0.136835 0.784377 1 1 1.000000
0  -6.339509 1.982117 45.536346  -0.718534 -0.243796 -0.651362  0.133478 0.767949 1 1 1.000000
0  -5.936161 1.690862 45.210873  -0.575120 -0.397728 -0.714877  0.142677 0.783605 1 1 1.000000
fireball_gear
0  -6.055202 1.520827 45.395370  -0.596310 -0.366232 -0.714344  0.136835 0.784377 1 1 1.000000
0  -6.361983 1.740353 45.655869  -0.724446 -0.250204 -0.642321  0.129437 0.772490 1 1 1.000000
0  -6.339509 1.982117 45.536346  -0.718534 -0.243796 -0.651362  0.133478 0.767949 1 1 1.000000
fireball_gear
0  -4.724856 3.888739 45.831146  -0.127917 0.991175 -0.034762  0.371171 0.714903 1 1 1.000000
0  -4.662181 3.930320 46.786121  -0.084134 0.995300 0.047951  0.345133 0.709200 1 1 1.000000
0  -4.511604 3.925325 45.993706  -0.144054 0.988999 -0.033608  0.368994 0.709287 1 1 1.000000
fireball_gear
0  -4.724856 3.888739 45.831146  -0.127917 0.991175 -0.034762  0.371171 0.714903 1 1 1.000000
0  -4.923145 3.909923 46.780186  -0.079099 0.995200 0.057622  0.342295 0.714792 1 1 1.000000
0  -4.662181 3.930320 46.786121  -0.084134 0.995300 0.047951  0.345133 0.709200 1 1 1.000000
fireball_gear
0  -3.705384 2.460907 49.481892  0.996024 0.085841 0.023824  0.147474 0.933047 1 1 1.000000
0  -3.717492 2.854486 48.569939  0.996024 0.085842 0.023824  0.176272 0.939122 1 1 1.000000
0  -3.728334 2.716964 49.518745  0.996024 0.085841 0.023824  0.146920 0.939028 1 1 1.000000
fireball_gear
0  -3.705384 2.460907 49.481892  0.996024 0.085841 0.023824  0.147474 0.933047 1 1 1.000000
0  -3.694542 2.598429 48.533085  0.996024 0.085842 0.023824  0.176826 0.933141 1 1 1.000000
0  -3.717492 2.854486 48.569939  0.996024 0.085842 0.023824  0.176272 0.939122 1 1 1.000000
fireball_gear
0  -3.717492 2.854486 48.569939  0.996024 0.085842 0.023824  0.176272 0.939122 1 1 1.000000
0  -3.694542 2.598429 48.533085  0.996024 0.085842 0.023824  0.176826 0.933141 1 1 1.000000
0  -3.672857 2.873474 46.635464  0.996023 0.085850 0.023824  0.235532 0.933329 1 1 1.000000
fireball_gear
0  -3.717492 2.854486 48.569939  0.996024 0.085842 0.023824  0.176272 0.939122 1 1 1.000000
0  -3.672857 2.873474 46.635464  0.996023 0.085850 0.023824  0.235532 0.933329 1 1 1.000000
0  -3.695809 3.129530 46.672318  0.996023 0.085851 0.023824  0.234978 0.939310 1 1 1.000000
fireball_gear
0  -3.672857 2.873474 46.635464  0.996023 0.085850 0.023824  0.235532 0.933329 1 1 1.000000
0  -3.685033 3.266215 45.729279  0.996023 0.085851 0.023825  0.264152 0.939404 1 1 1.000000
0  -3.695809 3.129530 46.672318  0.996023 0.085851 0.023824  0.234978 0.939310 1 1 1.000000
fireball_gear
0  -3.672857 2.873474 46.635464  0.996023 0.085850 0.023824  0.235532 0.933329 1 1 1.000000
0  -3.659239 3.046207 45.443722  0.996023 0.085851 0.023825  0.272400 0.933447 1 1 1.000000
0  -3.685033 3.266215 45.729279  0.996023 0.085851 0.023825  0.264152 0.939404 1 1 1.000000
fireball_gear
0  -6.370664 1.448936 49.155354  -0.635258 0.439811 0.634833  0.453514 0.575817 1 1 1.000000
0  -4.895073 3.511547 49.202934  -0.718425 0.540757 0.437548  0.375852 0.569882 1 1 1.000000
0  -6.509722 1.604926 48.908134  -0.718429 0.540755 0.437542  0.453205 0.570130 1 1 1.000000
fireball_gear
0  -6.370664 1.448936 49.155354  -0.635258 0.439811 0.634833  0.453514 0.575817 1 1 1.000000
0  -4.756011 3.355557 49.450157  -0.635247 0.439817 0.634840  0.376161 0.575568 1 1 1.000000
0  -4.895073 3.511547 49.202934  -0.718425 0.540757 0.437548  0.375852 0.569882 1 1 1.000000
fireball_gear
0  -6.537797 2.003302 46.485382  -0.991741 -0.076948 -0.102610  0.104522 0.761541 1 1 1.000000
0  -6.339509 1.982117 45.536346  -0.978858 -0.010010 -0.204295  0.133478 0.767949 1 1 1.000000
0  -6.361983 1.740353 45.655869  -0.979279 -0.018613 -0.201657  0.129437 0.772490 1 1 1.000000
fireball_gear
0  -6.537797 2.003302 46.485382  -0.991741 -0.076948 -0.102610  0.104522 0.761541 1 1 1.000000
0  -6.361983 1.740353 45.655869  -0.979279 -0.018613 -0.201657  0.129437 0.772490 1 1 1.000000
0  -6.512558 1.745348 46.448288  -0.990642 -0.081144 -0.109744  0.105228 0.767741 1 1 1.000000
fireball_gear
0  -6.534244 1.470305 48.345901  -0.994643 -0.100691 0.023371  0.046512 0.769971 1 1 1.000000
0  -6.537797 2.003302 46.485382  -0.991741 -0.076948 -0.102610  0.104522 0.761541 1 1 1.000000
0  -6.512558 1.745348 46.448288  -0.990642 -0.081144 -0.109744  0.105228 0.767741 1 1 1.000000
fireball_gear
0  -6.534244 1.470305 48.345901  -0.994643 -0.100691 0.023371  0.046512 0.769971 1 1 1.000000
0  -6.559480 1.728259 48.383003  -0.994749 -0.100269 0.020497  0.045807 0.763771 1 1 1.000000
0  -6.537797 2.003302 46.485382  -0.991741 -0.076948 -0.102610  0.104522 0.761541 1 1 1.000000
fireball_gear
0  -6.509722 1.604926 48.908134  -0.968797 -0.126583 0.213095  0.029436 0.766625 1 1 1.000000
0  -6.559480 1.728259 48.383003  -0.994749 -0.100269 0.020497  0.045807 0.763771 1 1 1.000000
0  -6.534244 1.470305 48.345901  -0.994643 -0.100691 0.023371  0.046512 0.769971 1 1 1.000000
fireball_gear
0  -6.509722 1.604926 48.908134  -0.968797 -0.126583 0.213095  0.029436 0.766625 1 1 1.000000
0  -6.534244 1.470305 48.345901  -0.994643 -0.100691 0.023371  0.046512 0.769971 1 1 1.000000
0  -6.484456 1.346959 48.870960  -0.952707 -0.132705 0.273383  0.030145 0.772826 1 1 1.000000
fireball_gear
0  -6.343674 1.189545 49.117958  -0.898283 -0.150557 0.412819  0.022189 0.778880 1 1 1.000000
0  -6.509722 1.604926 48.908134  -0.968797 -0.126583 0.213095  0.029436 0.766625 1 1 1.000000
0  -6.484456 1.346959 48.870960  -0.952707 -0.132705 0.273383  0.030145 0.772826 1 1 1.000000
fireball_gear
0  -6.343674 1.189545 49.117958  -0.898283 -0.150557 0.412819  0.022189 0.778880 1 1 1.000000
0  -6.370664 1.448936 49.155354  -0.899404 -0.152636 0.409603  0.021477 0.772610 1 1 1.000000
0  -6.509722 1.604926 48.908134  -0.968797 -0.126583 0.213095  0.029436 0.766625 1 1 1.000000
fireball_gear
0  -3.318182 -6.447800 48.362385  0.000000 0.000000 1.000000  0.273315 0.776959 1 1 1.000000
0  -3.318182 -6.447800 48.362385  0.122511 -0.835110 -0.536267  0.273315 0.776959 1 1 1.000000
0  -3.297482 -6.588906 48.058506  0.000000 0.000000 1.000000  0.269049 0.787518 1 1 1.000000
fireball_gear
0  -5.546187 0.944558 46.334480  0.088368 -0.985930 -0.141892  0.054669 0.896730 1 1 1.000000
0  -5.535410 1.081243 45.391438  0.088365 -0.985930 -0.141892  0.025596 0.896637 1 1 1.000000
0  -5.273891 1.139586 45.148922  0.088366 -0.985930 -0.141892  0.018612 0.890452 1 1 1.000000
fireball_gear
0  -5.546187 0.944558 46.334480  0.088368 -0.985930 -0.141892  0.054669 0.896730 1 1 1.000000
0  -5.273891 1.139586 45.148922  0.088366 -0.985930 -0.141892  0.018612 0.890452 1 1 1.000000
0  -5.287508 0.966852 46.340664  0.088368 -0.985930 -0.141893  0.055353 0.890570 1 1 1.000000
fireball_gear
0  -5.309192 0.691810 48.238281  0.088375 -0.985929 -0.141892  0.113855 0.890758 1 1 1.000000
0  -5.546187 0.944558 46.334480  0.088368 -0.985930 -0.141892  0.054669 0.896730 1 1 1.000000
0  -5.287508 0.966852 46.340664  0.088368 -0.985930 -0.141893  0.055353 0.890570 1 1 1.000000
fireball_gear
0  -5.309192 0.691810 48.238281  0.088375 -0.985929 -0.141892  0.113855 0.890758 1 1 1.000000
0  -5.567870 0.669513 48.232098  0.088375 -0.985929 -0.141892  0.113172 0.896918 1 1 1.000000
0  -5.546187 0.944558 46.334480  0.088368 -0.985930 -0.141892  0.054669 0.896730 1 1 1.000000
fireball_gear
0  -5.578713 0.531992 49.180901  0.088374 -0.985929 -0.141893  0.142423 0.897012 1 1 1.000000
0  -5.567870 0.669513 48.232098  0.088375 -0.985929 -0.141892  0.113172 0.896918 1 1 1.000000
0  -5.309192 0.691810 48.238281  0.088375 -0.985929 -0.141892  0.113855 0.890758 1 1 1.000000
fireball_gear
0  -5.578713 0.531992 49.180901  0.088374 -0.985929 -0.141893  0.142423 0.897012 1 1 1.000000
0  -5.309192 0.691810 48.238281  0.088375 -0.985929 -0.141892  0.113855 0.890758 1 1 1.000000
0  -5.320034 0.554286 49.187096  0.088374 -0.985929 -0.141893  0.143107 0.890851 1 1 1.000000
fireball_gear
0  -3.659239 3.046207 45.443722  0.766783 -0.636454 -0.083487  0.017900 0.813384 1 1 1.000000
0  -5.287508 0.966852 46.340664  0.766783 -0.636454 -0.083487  0.055353 0.890570 1 1 1.000000
0  -5.273891 1.139586 45.148922  0.766784 -0.636453 -0.083488  0.018612 0.890452 1 1 1.000000
fireball_gear
0  -3.659239 3.046207 45.443722  0.766783 -0.636454 -0.083487  0.017900 0.813384 1 1 1.000000
0  -3.672857 2.873474 46.635464  0.766783 -0.636455 -0.083487  0.054641 0.813502 1 1 1.000000
0  -5.287508 0.966852 46.340664  0.766783 -0.636454 -0.083487  0.055353 0.890570 1 1 1.000000
fireball_gear
0  -3.694542 2.598429 48.533085  0.766783 -0.636454 -0.083487  0.113143 0.813690 1 1 1.000000
0  -5.287508 0.966852 46.340664  0.766783 -0.636454 -0.083487  0.055353 0.890570 1 1 1.000000
0  -3.672857 2.873474 46.635464  0.766783 -0.636455 -0.083487  0.054641 0.813502 1 1 1.000000
fireball_gear
0  -3.694542 2.598429 48.533085  0.766783 -0.636454 -0.083487  0.113143 0.813690 1 1 1.000000
0  -5.309192 0.691810 48.238281  0.766785 -0.636452 -0.083487  0.113855 0.890758 1 1 1.000000
0  -5.287508 0.966852 46.340664  0.766783 -0.636454 -0.083487  0.055353 0.890570 1 1 1.000000
fireball_gear
0  -3.694542 2.598429 48.533085  0.766783 -0.636454 -0.083487  0.113143 0.813690 1 1 1.000000
0  -5.320034 0.554286 49.187096  0.766786 -0.636450 -0.083487  0.143107 0.890851 1 1 1.000000
0  -5.309192 0.691810 48.238281  0.766785 -0.636452 -0.083487  0.113855 0.890758 1 1 1.000000
fireball_gear
0  -3.694542 2.598429 48.533085  0.766783 -0.636454 -0.083487  0.113143 0.813690 1 1 1.000000
0  -3.705384 2.460907 49.481892  0.766782 -0.636455 -0.083487  0.142394 0.813784 1 1 1.000000
0  -5.320034 0.554286 49.187096  0.766786 -0.636450 -0.083487  0.143107 0.890851 1 1 1.000000
fireball_gear
0  -6.339509 1.982117 45.536346  -0.739106 0.652049 -0.168981  0.370705 0.792314 1 1 1.000000
0  -4.923145 3.909923 46.780186  -0.759113 0.649531 -0.043092  0.342295 0.714792 1 1 1.000000
0  -4.724856 3.888739 45.831146  -0.739102 0.652054 -0.168981  0.371171 0.714903 1 1 1.000000
fireball_gear
0  -6.339509 1.982117 45.536346  -0.739106 0.652049 -0.168981  0.370705 0.792314 1 1 1.000000
0  -6.537797 2.003302 46.485382  -0.759114 0.649530 -0.043097  0.341829 0.792203 1 1 1.000000
0  -4.923145 3.909923 46.780186  -0.759113 0.649531 -0.043092  0.342295 0.714792 1 1 1.000000
fireball_gear
0  -6.559480 1.728259 48.383003  -0.765804 0.625348 0.149949  0.290335 0.792135 1 1 1.000000
0  -4.923145 3.909923 46.780186  -0.759113 0.649531 -0.043092  0.342295 0.714792 1 1 1.000000
0  -6.537797 2.003302 46.485382  -0.759114 0.649530 -0.043097  0.341829 0.792203 1 1 1.000000
fireball_gear
0  -6.559480 1.728259 48.383003  -0.765804 0.625348 0.149949  0.290335 0.792135 1 1 1.000000
0  -4.944830 3.634879 48.677803  -0.765805 0.625346 0.149949  0.290801 0.714724 1 1 1.000000
0  -4.923145 3.909923 46.780186  -0.759113 0.649531 -0.043092  0.342295 0.714792 1 1 1.000000
fireball_gear
0  -6.559480 1.728259 48.383003  -0.765804 0.625348 0.149949  0.290335 0.792135 1 1 1.000000
0  -4.895073 3.511547 49.202934  -0.718425 0.540757 0.437548  0.277480 0.714727 1 1 1.000000
0  -4.944830 3.634879 48.677803  -0.765805 0.625346 0.149949  0.290801 0.714724 1 1 1.000000
fireball_gear
0  -6.559480 1.728259 48.383003  -0.765804 0.625348 0.149949  0.290335 0.792135 1 1 1.000000
0  -6.509722 1.604926 48.908134  -0.718429 0.540755 0.437542  0.277014 0.792139 1 1 1.000000
0  -4.895073 3.511547 49.202934  -0.718425 0.540757 0.437548  0.277480 0.714727 1 1 1.000000
fireball_gear
0  -4.308017 3.344639 48.634228  0.641805 0.757863 0.117179  0.176341 0.962777 1 1 1.000000
0  -3.728334 2.716964 49.518745  0.641805 0.757862 0.117179  0.146920 0.939028 1 1 1.000000
0  -3.717492 2.854486 48.569939  0.641804 0.757863 0.117180  0.176272 0.939122 1 1 1.000000
fireball_gear
0  -4.308017 3.344639 48.634228  0.641805 0.757863 0.117179  0.176341 0.962777 1 1 1.000000
0  -3.717492 2.854486 48.569939  0.641804 0.757863 0.117180  0.176272 0.939122 1 1 1.000000
0  -3.695809 3.129530 46.672318  0.641807 0.757861 0.117179  0.234978 0.939310 1 1 1.000000
fireball_gear
0  -4.308017 3.344639 48.634228  0.641805 0.757863 0.117179  0.176341 0.962777 1 1 1.000000
0  -3.695809 3.129530 46.672318  0.641807 0.757861 0.117179  0.234978 0.939310 1 1 1.000000
0  -4.286332 3.619683 46.736614  0.641807 0.757861 0.117179  0.235047 0.962965 1 1 1.000000
fireball_gear
0  -4.204823 3.705799 45.733212  0.641806 0.757861 0.117178  0.265844 0.960255 1 1 1.000000
0  -4.286332 3.619683 46.736614  0.641807 0.757861 0.117179  0.235047 0.962965 1 1 1.000000
0  -3.695809 3.129530 46.672318  0.641807 0.757861 0.117179  0.234978 0.939310 1 1 1.000000
fireball_gear
0  -4.511604 3.925325 45.993706  0.641806 0.757862 0.117178  0.258845 0.972417 1 1 1.000000
0  -4.286332 3.619683 46.736614  0.641807 0.757861 0.117179  0.235047 0.962965 1 1 1.000000
0  -4.204823 3.705799 45.733212  0.641806 0.757861 0.117178  0.265844 0.960255 1 1 1.000000
fireball_gear
0  -4.511604 3.925325 45.993706  0.641806 0.757862 0.117178  0.258845 0.972417 1 1 1.000000
0  -4.662181 3.930320 46.786121  0.641806 0.757862 0.117180  0.234824 0.978016 1 1 1.000000
0  -4.286332 3.619683 46.736614  0.641807 0.757861 0.117179  0.235047 0.962965 1 1 1.000000
fireball_gear
0  -4.683866 3.655276 48.683739  0.641804 0.757863 0.117180  0.176119 0.977828 1 1 1.000000
0  -4.286332 3.619683 46.736614  0.641807 0.757861 0.117179  0.235047 0.962965 1 1 1.000000
0  -4.662181 3.930320 46.786121  0.641806 0.757862 0.117180  0.234824 0.978016 1 1 1.000000
fireball_gear
0  -4.683866 3.655276 48.683739  0.641804 0.757863 0.117180  0.176119 0.977828 1 1 1.000000
0  -4.308017 3.344639 48.634228  0.641805 0.757863 0.117179  0.176341 0.962777 1 1 1.000000
0  -4.286332 3.619683 46.736614  0.641807 0.757861 0.117179  0.235047 0.962965 1 1 1.000000
fireball_gear
0  -4.308017 3.344639 48.634228  0.641805 0.757863 0.117179  0.176341 0.962777 1 1 1.000000
0  -4.683866 3.655276 48.683739  0.641804 0.757863 0.117180  0.176119 0.977828 1 1 1.000000
0  -4.634079 3.531932 49.208794  0.641808 0.757860 0.117179  0.159681 0.975538 1 1 1.000000
fireball_gear
0  -4.308017 3.344639 48.634228  0.641805 0.757863 0.117179  0.176341 0.962777 1 1 1.000000
0  -4.634079 3.531932 49.208794  0.641808 0.757860 0.117179  0.159681 0.975538 1 1 1.000000
0  -4.493296 3.374516 49.455795  0.641805 0.757862 0.117179  0.151539 0.969752 1 1 1.000000
fireball_gear
0  -4.493296 3.374516 49.455795  0.641805 0.757862 0.117179  0.151539 0.969752 1 1 1.000000
0  -4.228139 3.131819 49.573158  0.641802 0.757865 0.117179  0.146978 0.959049 1 1 1.000000
0  -4.308017 3.344639 48.634228  0.641805 0.757863 0.117179  0.176341 0.962777 1 1 1.000000
fireball_gear
0  -4.308017 3.344639 48.634228  0.641805 0.757863 0.117179  0.176341 0.962777 1 1 1.000000
0  -4.228139 3.131819 49.573158  0.641807 0.757861 0.117178  0.146978 0.959049 1 1 1.000000
0  -3.728334 2.716964 49.518745  0.641805 0.757862 0.117179  0.146920 0.939028 1 1 1.000000
fireball_gear
0  -4.204823 3.705799 45.733212  0.641806 0.757861 0.117178  0.265844 0.960255 1 1 1.000000
0  -3.695809 3.129530 46.672318  0.641807 0.757861 0.117179  0.234978 0.939310 1 1 1.000000
0  -3.685033 3.266215 45.729279  0.641807 0.757861 0.117179  0.264152 0.939404 1 1 1.000000
fireball_gear
0  -4.360451 3.004636 49.553215  -0.119584 -0.013526 0.992732  0.376293 0.591501 1 1 1.000000
0  -3.728334 2.716964 49.518745  -0.011314 -0.143441 0.989594  0.370582 0.612121 1 1 1.000000
0  -4.228139 3.131819 49.573158  0.068311 -0.137913 0.988086  0.370645 0.592063 1 1 1.000000
fireball_gear
0  -4.360451 3.004636 49.553215  -0.119584 -0.013526 0.992732  0.376293 0.591501 1 1 1.000000
0  -3.705384 2.460907 49.481892  -0.011310 -0.143437 0.989595  0.376211 0.617790 1 1 1.000000
0  -3.728334 2.716964 49.518745  -0.011314 -0.143441 0.989594  0.370582 0.612121 1 1 1.000000
fireball_gear
0  -3.705384 2.460907 49.481892  -0.011310 -0.143437 0.989595  0.376211 0.617790 1 1 1.000000
0  -4.360451 3.004636 49.553215  -0.119584 -0.013526 0.992732  0.376293 0.591501 1 1 1.000000
0  -5.975103 1.098013 49.258411  -0.125648 -0.056675 0.990455  0.453646 0.591750 1 1 1.000000
fireball_gear
0  -3.705384 2.460907 49.481892  -0.011310 -0.143437 0.989595  0.376211 0.617790 1 1 1.000000
0  -5.975103 1.098013 49.258411  -0.125648 -0.056675 0.990455  0.453646 0.591750 1 1 1.000000
0  -5.320034 0.554286 49.187096  -0.011322 -0.143438 0.989595  0.453564 0.618038 1 1 1.000000
fireball_gear
0  -5.320034 0.554286 49.187096  -0.011322 -0.143438 0.989595  0.453564 0.618038 1 1 1.000000
0  -5.975103 1.098013 49.258411  -0.125648 -0.056675 0.990455  0.453646 0.591750 1 1 1.000000
0  -6.078517 0.946846 49.235329  0.068239 -0.137903 0.988092  0.459291 0.592347 1 1 1.000000
fireball_gear
0  -5.320034 0.554286 49.187096  -0.011322 -0.143438 0.989595  0.453564 0.618038 1 1 1.000000
0  -6.078517 0.946846 49.235329  0.068239 -0.137903 0.988092  0.459291 0.592347 1 1 1.000000
0  -5.578713 0.531992 49.180901  -0.011345 -0.143486 0.989587  0.459228 0.612405 1 1 1.000000
fireball_gear
0  -6.078517 0.946846 49.235329  -0.024582 -0.102728 0.994406  0.459291 0.592347 1 1 1.000000
0  -6.370664 1.448936 49.155354  -0.292278 -0.010910 0.956271  0.453514 0.575817 1 1 1.000000
0  -6.343674 1.189545 49.117958  -0.527873 -0.174747 0.831152  0.459142 0.581648 1 1 1.000000
fireball_gear
0  -6.078517 0.946846 49.235329  -0.024582 -0.102728 0.994406  0.459291 0.592347 1 1 1.000000
0  -5.975103 1.098013 49.258411  -0.125648 -0.056675 0.990455  0.453646 0.591750 1 1 1.000000
0  -6.370664 1.448936 49.155354  -0.292278 -0.010910 0.956271  0.453514 0.575817 1 1 1.000000
fireball_gear
0  -5.975103 1.098013 49.258411  -0.125648 -0.056675 0.990455  0.453646 0.591750 1 1 1.000000
0  -4.756011 3.355557 49.450157  -0.160381 0.107376 0.981197  0.376161 0.575568 1 1 1.000000
0  -6.370664 1.448936 49.155354  -0.292278 -0.010910 0.956271  0.453514 0.575817 1 1 1.000000
fireball_gear
0  -5.975103 1.098013 49.258411  -0.125648 -0.056675 0.990455  0.453646 0.591750 1 1 1.000000
0  -4.360451 3.004636 49.553215  -0.119584 -0.013526 0.992732  0.376293 0.591501 1 1 1.000000
0  -4.756011 3.355557 49.450157  -0.160381 0.107376 0.981197  0.376161 0.575568 1 1 1.000000
fireball_gear
0  -4.360451 3.004636 49.553215  -0.119584 -0.013526 0.992732  0.376293 0.591501 1 1 1.000000
0  -4.493296 3.374516 49.455795  -0.088919 0.223700 0.970594  0.370496 0.581363 1 1 1.000000
0  -4.756011 3.355557 49.450157  -0.160381 0.107376 0.981197  0.376161 0.575568 1 1 1.000000
fireball_gear
0  -4.360451 3.004636 49.553215  -0.119584 -0.013526 0.992732  0.376293 0.591501 1 1 1.000000
0  -4.228139 3.131819 49.573158  -0.016311 -0.045554 0.998829  0.370645 0.592063 1 1 1.000000
0  -4.493296 3.374516 49.455795  -0.088919 0.223700 0.970594  0.370496 0.581363 1 1 1.000000
fireball_gear
0  5.403542 -5.237197 46.476898  0.055575 0.086015 -0.994743  0.972358 0.127126 1 1 1.000000
0  4.208980 -6.413736 46.308365  0.055575 0.086015 -0.994743  0.922611 0.129059 1 1 1.000000
0  4.136251 -6.329866 46.311550  0.055575 0.086015 -0.994743  0.921724 0.125708 1 1 1.000000
fireball_gear
0  5.403542 -5.237197 46.476898  0.055606 0.086063 -0.994737  0.972358 0.127126 1 1 1.000000
0  5.476270 -5.321066 46.473705  0.055606 0.086063 -0.994737  0.971341 0.130654 1 1 1.000000
0  4.208980 -6.413736 46.308365  0.055606 0.086063 -0.994737  0.922611 0.129059 1 1 1.000000
fireball_gear
0  3.983787 -6.475191 46.430508  -0.388768 -0.304064 -0.869715  0.914146 0.129713 1 1 1.000000
0  4.208980 -6.413736 46.308365  -0.388756 -0.304070 -0.869718  0.922611 0.129059 1 1 1.000000
0  4.057871 -6.560626 46.427261  -0.388776 -0.304060 -0.869713  0.916776 0.132591 1 1 1.000000
fireball_gear
0  3.983787 -6.475191 46.430508  -0.388768 -0.304064 -0.869715  0.914146 0.129713 1 1 1.000000
0  4.136251 -6.329866 46.311550  -0.388748 -0.304074 -0.869721  0.921724 0.125708 1 1 1.000000
0  4.208980 -6.413736 46.308365  -0.388756 -0.304070 -0.869718  0.922611 0.129059 1 1 1.000000
fireball_gear
0  5.403542 -5.237197 46.476898  0.479629 0.444725 -0.756423  0.972358 0.127126 1 1 1.000000
0  5.623096 -5.211073 46.631477  0.479635 0.444718 -0.756423  0.977230 0.134258 1 1 1.000000
0  5.476270 -5.321066 46.473705  0.479625 0.444730 -0.756423  0.971341 0.130654 1 1 1.000000
fireball_gear
0  5.403542 -5.237197 46.476898  0.479629 0.444725 -0.756423  0.972358 0.127126 1 1 1.000000
0  5.549011 -5.125639 46.634727  0.479639 0.444714 -0.756423  0.979902 0.131399 1 1 1.000000
0  5.623096 -5.211073 46.631477  0.479635 0.444718 -0.756423  0.977230 0.134258 1 1 1.000000
fireball_gear
0  4.660361 -3.432293 44.535011  0.591277 0.625122 -0.509524  0.147948 0.708568 1 1 1.000000
0  5.362321 -3.984568 44.672035  0.696417 0.426277 -0.577314  0.154030 0.735677 1 1 1.000000
0  5.228119 -4.077522 44.447372  0.669896 0.458445 -0.584011  0.147310 0.734828 1 1 1.000000
fireball_gear
0  4.660361 -3.432293 44.535011  0.591277 0.625122 -0.509524  0.147948 0.708568 1 1 1.000000
0  4.915576 -3.483629 44.785686  0.598824 0.642519 -0.478099  0.155920 0.715051 1 1 1.000000
0  5.362321 -3.984568 44.672035  0.696417 0.426277 -0.577314  0.154030 0.735677 1 1 1.000000
fireball_gear
0  4.746739 -3.897119 48.586887  -0.277723 0.952784 0.122774  0.988840 0.232303 1 1 1.000000
0  4.546838 -3.968518 48.688797  -0.478781 0.871170 0.108777  0.981015 0.232867 1 1 1.000000
0  4.745002 -3.912085 48.699104  -0.277733 0.952780 0.122775  0.985935 0.230368 1 1 1.000000
fireball_gear
0  4.746739 -3.897119 48.586887  -0.277723 0.952784 0.122774  0.988840 0.232303 1 1 1.000000
0  4.548579 -3.953515 48.576302  -0.478687 0.871220 0.108784  0.982508 0.236656 1 1 1.000000
0  4.546838 -3.968518 48.688797  -0.478781 0.871170 0.108777  0.981015 0.232867 1 1 1.000000
fireball_gear
0  2.677205 -5.567033 48.332134  -0.804375 0.590413 0.066285  0.909080 0.236656 1 1 1.000000
0  4.546838 -3.968518 48.688797  -0.478781 0.871170 0.108777  0.981015 0.232867 1 1 1.000000
0  4.548579 -3.953515 48.576302  -0.478687 0.871220 0.108784  0.982508 0.236656 1 1 1.000000
fireball_gear
0  2.677205 -5.567033 48.332134  -0.804375 0.590413 0.066285  0.909080 0.236656 1 1 1.000000
0  2.675463 -5.582036 48.444637  -0.804321 0.590485 0.066295  0.910577 0.233062 1 1 1.000000
0  4.546838 -3.968518 48.688797  -0.478781 0.871170 0.108777  0.981015 0.232867 1 1 1.000000
fireball_gear
0  2.677205 -5.567033 48.332134  -0.804375 0.590413 0.066285  0.909080 0.236656 1 1 1.000000
0  2.591687 -5.768692 48.418159  -0.913687 0.404465 0.039795  0.905860 0.230520 1 1 1.000000
0  2.675463 -5.582036 48.444637  -0.804321 0.590485 0.066295  0.910577 0.233062 1 1 1.000000
fireball_gear
0  2.677205 -5.567033 48.332134  -0.804375 0.590413 0.066285  0.909080 0.236656 1 1 1.000000
0  2.593424 -5.753727 48.305943  -0.913683 0.404475 0.039797  0.902957 0.232346 1 1 1.000000
0  2.591687 -5.768692 48.418159  -0.913687 0.404465 0.039795  0.905860 0.230520 1 1 1.000000
fireball_gear
0  4.745002 -3.912085 48.699104  -0.019560 -0.112655 0.993442  0.985935 0.230368 1 1 1.000000
0  4.546838 -3.968518 48.688797  -0.023541 -0.117715 0.992768  0.981015 0.232867 1 1 1.000000
0  5.294275 -4.546612 48.637981  0.067354 -0.224260 0.972199  0.986419 0.207306 1 1 1.000000
fireball_gear
0  3.152703 -6.393095 48.358566  0.066019 -0.224656 0.972199  0.906126 0.207571 1 1 1.000000
0  5.294275 -4.546612 48.637981  0.067354 -0.224260 0.972199  0.986419 0.207306 1 1 1.000000
0  4.546838 -3.968518 48.688797  -0.023541 -0.117715 0.992768  0.981015 0.232867 1 1 1.000000
fireball_gear
0  3.152703 -6.393095 48.358566  0.066019 -0.224656 0.972199  0.906126 0.207571 1 1 1.000000
0  5.581224 -4.883387 48.469902  0.274201 -0.446867 0.851542  0.985178 0.193208 1 1 1.000000
0  5.294275 -4.546612 48.637981  0.067354 -0.224260 0.972199  0.986419 0.207306 1 1 1.000000
fireball_gear
0  3.152703 -6.393095 48.358566  0.066019 -0.224656 0.972199  0.906126 0.207571 1 1 1.000000
0  3.470081 -6.703635 48.194458  0.274019 -0.446699 0.851689  0.907642 0.193413 1 1 1.000000
0  5.581224 -4.883387 48.469902  0.274201 -0.446867 0.851542  0.985178 0.193208 1 1 1.000000
fireball_gear
0  3.470081 -6.703635 48.194458  0.274019 -0.446699 0.851689  0.907642 0.193413 1 1 1.000000
0  5.759397 -5.100181 48.210606  0.386594 -0.559325 0.733281  0.983768 0.182702 1 1 1.000000
0  5.581224 -4.883387 48.469902  0.274201 -0.446867 0.851542  0.985178 0.193208 1 1 1.000000
fireball_gear
0  3.470081 -6.703635 48.194458  0.274019 -0.446699 0.851689  0.907642 0.193413 1 1 1.000000
0  3.696628 -6.878719 47.941475  0.386569 -0.559329 0.733291  0.909066 0.182393 1 1 1.000000
0  5.759397 -5.100181 48.210606  0.386594 -0.559325 0.733281  0.983768 0.182702 1 1 1.000000
fireball_gear
0  4.546838 -3.968518 48.688797  -0.023541 -0.117715 0.992768  0.981015 0.232867 1 1 1.000000
0  2.675463 -5.582036 48.444637  -0.028648 -0.122134 0.992100  0.910577 0.233062 1 1 1.000000
0  3.152703 -6.393095 48.358566  0.066019 -0.224656 0.972199  0.906126 0.207571 1 1 1.000000
fireball_gear
0  2.675463 -5.582036 48.444637  -0.028648 -0.122134 0.992100  0.910577 0.233062 1 1 1.000000
0  2.591687 -5.768692 48.418159  -0.034204 -0.125321 0.991526  0.905860 0.230520 1 1 1.000000
0  3.152703 -6.393095 48.358566  0.066019 -0.224656 0.972199  0.906126 0.207571 1 1 1.000000
fireball_gear
0  3.331999 -5.712371 44.199986  0.173554 -0.052484 -0.983425  0.475409 0.873893 1 1 1.000000
0  5.566614 -4.505759 44.682930  0.328309 -0.242635 -0.912876  0.398067 0.855435 1 1 1.000000
0  3.670493 -6.140609 44.435543  0.328297 -0.242637 -0.912879  0.475375 0.855683 1 1 1.000000
fireball_gear
0  3.331999 -5.712371 44.199986  0.173554 -0.052484 -0.983425  0.475409 0.873893 1 1 1.000000
0  5.228119 -4.077522 44.447372  0.173567 -0.052490 -0.983422  0.398101 0.873645 1 1 1.000000
0  5.566614 -4.505759 44.682930  0.328309 -0.242635 -0.912876  0.398067 0.855435 1 1 1.000000
fireball_gear
0  2.764243 -5.067144 44.287621  0.007519 0.141079 -0.989970  0.474767 0.898215 1 1 1.000000
0  5.228119 -4.077522 44.447372  0.173567 -0.052490 -0.983422  0.398101 0.873645 1 1 1.000000
0  3.331999 -5.712371 44.199986  0.173554 -0.052484 -0.983425  0.475409 0.873893 1 1 1.000000
fireball_gear
0  2.764243 -5.067144 44.287621  0.007519 0.141079 -0.989970  0.474767 0.898215 1 1 1.000000
0  4.660361 -3.432293 44.535011  0.007519 0.141082 -0.989969  0.397459 0.897966 1 1 1.000000
0  5.228119 -4.077522 44.447372  0.173567 -0.052490 -0.983422  0.398101 0.873645 1 1 1.000000
fireball_gear
0  5.228119 -4.077522 44.447372  0.669896 0.458445 -0.584011  0.398101 0.873645 1 1 1.000000
0  5.619448 -4.311868 44.864197  0.773809 0.297765 -0.559066  0.392110 0.857149 1 1 1.000000
0  5.566614 -4.505759 44.682930  0.773884 0.307001 -0.553943  0.398067 0.855435 1 1 1.000000
fireball_gear
0  5.228119 -4.077522 44.447372  0.669896 0.458445 -0.584011  0.398101 0.873645 1 1 1.000000
0  5.362321 -3.984568 44.672035  0.696417 0.426277 -0.577314  0.392155 0.871153 1 1 1.000000
0  5.619448 -4.311868 44.864197  0.773809 0.297765 -0.559066  0.392110 0.857149 1 1 1.000000
fireball_gear
0  3.189383 -5.858095 44.388527  -0.442695 -0.520995 -0.729784  0.153669 0.679318 1 1 1.000000
0  3.670493 -6.140609 44.435543  -0.310785 -0.645386 -0.697775  0.156217 0.662619 1 1 1.000000
0  3.446513 -6.185394 44.580685  -0.315863 -0.652536 -0.688787  0.160708 0.667239 1 1 1.000000
fireball_gear
0  3.189383 -5.858095 44.388527  -0.442695 -0.520995 -0.729784  0.153669 0.679318 1 1 1.000000
0  3.331999 -5.712371 44.199986  -0.474417 -0.501006 -0.723824  0.147491 0.678510 1 1 1.000000
0  3.670493 -6.140609 44.435543  -0.310785 -0.645386 -0.697775  0.156217 0.662619 1 1 1.000000
fireball_gear
0  2.742643 -5.357157 44.502182  -0.603201 -0.428503 -0.672706  0.155351 0.700027 1 1 1.000000
0  3.331999 -5.712371 44.199986  -0.474417 -0.501006 -0.723824  0.147491 0.678510 1 1 1.000000
0  3.189383 -5.858095 44.388527  -0.442695 -0.520995 -0.729784  0.153669 0.679318 1 1 1.000000
fireball_gear
0  2.742643 -5.357157 44.502182  -0.603201 -0.428503 -0.672706  0.155351 0.700027 1 1 1.000000
0  2.764243 -5.067144 44.287621  -0.605933 -0.443478 -0.660433  0.147863 0.704864 1 1 1.000000
0  3.331999 -5.712371 44.199986  -0.474417 -0.501006 -0.723824  0.147491 0.678510 1 1 1.000000
fireball_gear
0  3.760363 2.621385 48.435081  -0.748154 -0.655928 -0.100119  0.242493 0.891687 1 1 1.000000
0  5.424734 0.618646 49.118732  -0.748154 -0.655928 -0.100120  0.272135 0.814366 1 1 1.000000
0  3.755492 2.482148 49.383694  -0.748153 -0.655929 -0.100119  0.271880 0.891781 1 1 1.000000
fireball_gear
0  3.760363 2.621385 48.435081  -0.748154 -0.655928 -0.100119  0.242493 0.891687 1 1 1.000000
0  5.429605 0.757885 48.170128  -0.748154 -0.655928 -0.100119  0.242748 0.814272 1 1 1.000000
0  5.424734 0.618646 49.118732  -0.748154 -0.655928 -0.100120  0.272135 0.814366 1 1 1.000000
fireball_gear
0  3.760363 2.621385 48.435081  -0.748154 -0.655928 -0.100119  0.242493 0.891687 1 1 1.000000
0  5.439346 1.036356 46.272911  -0.748154 -0.655928 -0.100118  0.183974 0.814083 1 1 1.000000
0  5.429605 0.757885 48.170128  -0.748154 -0.655928 -0.100119  0.242748 0.814272 1 1 1.000000
fireball_gear
0  3.760363 2.621385 48.435081  -0.748154 -0.655928 -0.100119  0.242493 0.891687 1 1 1.000000
0  3.770105 2.899858 46.537865  -0.748155 -0.655927 -0.100118  0.183719 0.891498 1 1 1.000000
0  5.439346 1.036356 46.272911  -0.748154 -0.655928 -0.100118  0.183974 0.814083 1 1 1.000000
fireball_gear
0  3.776222 3.074745 45.346375  -0.748155 -0.655927 -0.100118  0.146808 0.891380 1 1 1.000000
0  5.439346 1.036356 46.272911  -0.748154 -0.655928 -0.100118  0.183974 0.814083 1 1 1.000000
0  3.770105 2.899858 46.537865  -0.748155 -0.655927 -0.100118  0.183719 0.891498 1 1 1.000000
fireball_gear
0  3.776222 3.074745 45.346375  -0.748155 -0.655927 -0.100118  0.146808 0.891380 1 1 1.000000
0  5.445464 1.211244 45.081417  -0.748153 -0.655929 -0.100119  0.147062 0.813965 1 1 1.000000
0  5.439346 1.036356 46.272911  -0.748154 -0.655928 -0.100118  0.183974 0.814083 1 1 1.000000
fireball_gear
0  5.501740 -4.979340 48.309776  0.889281 -0.110406 0.443836  0.387897 0.627960 1 1 1.000000
0  5.643308 -4.823863 48.064800  0.948158 -0.096927 0.302658  0.379763 0.622310 1 1 1.000000
0  5.516028 -4.718592 48.344662  0.888958 -0.108248 0.445011  0.388867 0.621533 1 1 1.000000
fireball_gear
0  5.501740 -4.979340 48.309776  0.889281 -0.110406 0.443836  0.387897 0.627960 1 1 1.000000
0  5.627545 -5.082926 48.030079  0.965398 -0.091475 0.244213  0.378805 0.628726 1 1 1.000000
0  5.643308 -4.823863 48.064800  0.948158 -0.096927 0.302658  0.379763 0.622310 1 1 1.000000
fireball_gear
0  5.683619 -5.066465 47.491524  0.996306 -0.067781 0.052724  0.362164 0.628944 1 1 1.000000
0  5.643308 -4.823863 48.064800  0.948158 -0.096927 0.302658  0.379763 0.622310 1 1 1.000000
0  5.627545 -5.082926 48.030079  0.965398 -0.091475 0.244213  0.378805 0.628726 1 1 1.000000
fireball_gear
0  5.683619 -5.066465 47.491524  0.996306 -0.067781 0.052724  0.362164 0.628944 1 1 1.000000
0  5.699405 -4.807439 47.526310  0.996123 -0.068173 0.055605  0.363124 0.622528 1 1 1.000000
0  5.643308 -4.823863 48.064800  0.948158 -0.096927 0.302658  0.379763 0.622310 1 1 1.000000
fireball_gear
0  5.683619 -5.066465 47.491524  0.996306 -0.067781 0.052724  0.362164 0.628944 1 1 1.000000
0  5.728823 -4.553970 45.625797  0.994728 -0.054225 -0.087037  0.305181 0.622159 1 1 1.000000
0  5.699405 -4.807439 47.526310  0.996123 -0.068173 0.055605  0.363124 0.622528 1 1 1.000000
fireball_gear
0  5.683619 -5.066465 47.491524  0.996306 -0.067781 0.052724  0.362164 0.628944 1 1 1.000000
0  5.713036 -4.812995 45.591015  0.995767 -0.050365 -0.076891  0.304221 0.628575 1 1 1.000000
0  5.728823 -4.553970 45.625797  0.994728 -0.054225 -0.087037  0.305181 0.622159 1 1 1.000000
fireball_gear
0  5.566614 -4.505759 44.682930  0.980925 -0.088124 -0.173263  0.277282 0.627314 1 1 1.000000
0  5.728823 -4.553970 45.625797  0.994728 -0.054225 -0.087037  0.305181 0.622159 1 1 1.000000
0  5.713036 -4.812995 45.591015  0.995767 -0.050365 -0.076891  0.304221 0.628575 1 1 1.000000
fireball_gear
0  5.566614 -4.505759 44.682930  0.980925 -0.088124 -0.173263  0.277282 0.627314 1 1 1.000000
0  5.619448 -4.311868 44.864197  0.979237 -0.104346 -0.173802  0.282525 0.621192 1 1 1.000000
0  5.728823 -4.553970 45.625797  0.994728 -0.054225 -0.087037  0.305181 0.622159 1 1 1.000000
fireball_gear
0  -6.369509 1.458175 49.161354  -0.591240 -0.803020 -0.074789  0.228082 0.914790 1 1 1.000000
0  -6.478655 1.309933 49.147545  -0.179069 0.040290 0.983011  0.228082 0.914790 1 1 1.000000
0  -6.078517 0.946846 49.235329  -0.304677 -0.952313 -0.016487  0.228082 0.914790 1 1 1.000000
fireball_gear
0  4.641886 -3.591478 45.728580  0.068335 0.988767 0.132930  0.184944 0.708686 1 1 1.000000
0  4.915576 -3.483629 44.785686  0.068329 0.988768 0.132929  0.155920 0.715051 1 1 1.000000
0  4.660361 -3.432293 44.535011  0.068328 0.988768 0.132928  0.147948 0.708568 1 1 1.000000
fireball_gear
0  4.641886 -3.591478 45.728580  0.068335 0.988767 0.132930  0.184944 0.708686 1 1 1.000000
0  4.900959 -3.609596 45.730167  0.068336 0.988767 0.132930  0.185195 0.715145 1 1 1.000000
0  4.915576 -3.483629 44.785686  0.068329 0.988768 0.132929  0.155920 0.715051 1 1 1.000000
fireball_gear
0  4.871540 -3.863067 47.630684  0.068330 0.988767 0.132929  0.244103 0.715334 1 1 1.000000
0  4.900959 -3.609596 45.730167  0.068336 0.988767 0.132930  0.185195 0.715145 1 1 1.000000
0  4.641886 -3.591478 45.728580  0.068335 0.988767 0.132930  0.184944 0.708686 1 1 1.000000
fireball_gear
0  4.871540 -3.863067 47.630684  0.068330 0.988767 0.132929  0.244103 0.715334 1 1 1.000000
0  4.641886 -3.591478 45.728580  0.068335 0.988767 0.132930  0.184944 0.708686 1 1 1.000000
0  4.612467 -3.844949 47.629093  0.068329 0.988767 0.132929  0.243852 0.708875 1 1 1.000000
fireball_gear
0  4.597759 -3.971684 48.579346  0.068336 0.988767 0.132930  0.273306 0.708970 1 1 1.000000
0  4.871540 -3.863067 47.630684  0.068330 0.988767 0.132929  0.244103 0.715334 1 1 1.000000
0  4.612467 -3.844949 47.629093  0.068329 0.988767 0.132929  0.243852 0.708875 1 1 1.000000
fireball_gear
0  4.597759 -3.971684 48.579346  0.068336 0.988767 0.132930  0.273306 0.708970 1 1 1.000000
0  4.856830 -3.989803 48.580940  0.068338 0.988767 0.132930  0.273557 0.715428 1 1 1.000000
0  4.871540 -3.863067 47.630684  0.068330 0.988767 0.132929  0.244103 0.715334 1 1 1.000000
fireball_gear
0  -4.944830 3.634879 48.677803  -0.080762 0.978961 0.187382  0.176706 0.983220 1 1 1.000000
0  -4.662181 3.930320 46.786121  -0.084134 0.995300 0.047951  0.234824 0.978016 1 1 1.000000
0  -4.923145 3.909923 46.780186  -0.079099 0.995200 0.057622  0.235411 0.983408 1 1 1.000000
fireball_gear
0  -4.944830 3.634879 48.677803  -0.080762 0.978961 0.187382  0.176706 0.983220 1 1 1.000000
0  -4.683866 3.655276 48.683739  -0.080802 0.978406 0.190242  0.176119 0.977828 1 1 1.000000
0  -4.662181 3.930320 46.786121  -0.084134 0.995300 0.047951  0.234824 0.978016 1 1 1.000000
fireball_gear
0  -4.944830 3.634879 48.677803  -0.080762 0.978961 0.187382  0.176706 0.983220 1 1 1.000000
0  -4.634079 3.531932 49.208794  -0.078570 0.899036 0.430767  0.159681 0.975538 1 1 1.000000
0  -4.683866 3.655276 48.683739  -0.080802 0.978406 0.190242  0.176119 0.977828 1 1 1.000000
fireball_gear
0  -4.944830 3.634879 48.677803  -0.080762 0.978961 0.187382  0.176706 0.983220 1 1 1.000000
0  -4.895073 3.511547 49.202934  -0.080551 0.923608 0.374780  0.160266 0.980931 1 1 1.000000
0  -4.634079 3.531932 49.208794  -0.078570 0.899036 0.430767  0.159681 0.975538 1 1 1.000000
fireball_gear
0  -4.756011 3.355557 49.450157  -0.073741 0.822583 0.563843  0.152123 0.975214 1 1 1.000000
0  -4.634079 3.531932 49.208794  -0.078570 0.899036 0.430767  0.159681 0.975538 1 1 1.000000
0  -4.895073 3.511547 49.202934  -0.080551 0.923608 0.374780  0.160266 0.980931 1 1 1.000000
fireball_gear
0  -4.756011 3.355557 49.450157  -0.073741 0.822583 0.563843  0.152123 0.975214 1 1 1.000000
0  -4.493296 3.374516 49.455795  -0.071453 0.822190 0.564711  0.151539 0.969752 1 1 1.000000
0  -4.634079 3.531932 49.208794  -0.078570 0.899036 0.430767  0.159681 0.975538 1 1 1.000000
fireball_gear
0  -6.612233 1.950763 47.945992  -0.766784 0.636457 0.083456  0.911839 0.331601 1 1 1.000000
0  -6.688155 1.795055 48.436043  -0.763369 0.616794 0.191919  0.908917 0.315193 1 1 1.000000
0  -5.046415 3.733664 48.735786  -0.763367 0.616796 0.191921  0.984392 0.314906 1 1 1.000000
fireball_gear
0  -6.688155 1.795055 48.436043  -0.763369 0.616794 0.191919  0.908917 0.315193 1 1 1.000000
0  -4.893046 3.619170 49.399624  -0.753965 0.595690 0.276931  0.983817 0.293741 1 1 1.000000
0  -5.046415 3.733664 48.735786  -0.763367 0.616796 0.191921  0.984392 0.314906 1 1 1.000000
fireball_gear
0  -6.688155 1.795055 48.436043  -0.763369 0.616794 0.191919  0.908917 0.315193 1 1 1.000000
0  -6.649608 1.544978 49.078918  -0.753970 0.595685 0.276928  0.909104 0.292868 1 1 1.000000
0  -4.893046 3.619170 49.399624  -0.753965 0.595690 0.276931  0.983817 0.293741 1 1 1.000000
fireball_gear
0  -6.395358 2.272959 47.481678  -0.766786 0.636450 0.083491  0.922324 0.346567 1 1 1.000000
0  -6.523789 2.103145 47.596642  -0.766796 0.636440 0.083483  0.916508 0.342972 1 1 1.000000
0  -6.612233 1.950763 47.945992  -0.766784 0.636457 0.083456  0.911839 0.331601 1 1 1.000000
fireball_gear
0  -5.316187 3.547268 47.678711  -0.766783 0.636454 0.083490  0.971090 0.345401 1 1 1.000000
0  -6.395358 2.272959 47.481678  -0.766786 0.636450 0.083491  0.922324 0.346567 1 1 1.000000
0  -6.612233 1.950763 47.945992  -0.766784 0.636457 0.083456  0.911839 0.331601 1 1 1.000000
fireball_gear
0  -6.612233 1.950763 47.945992  -0.766784 0.636457 0.083456  0.911839 0.331601 1 1 1.000000
0  -5.110801 3.723691 48.220116  -0.766783 0.636458 0.083454  0.981705 0.330824 1 1 1.000000
0  -5.316187 3.547268 47.678711  -0.766783 0.636454 0.083490  0.971090 0.345401 1 1 1.000000
fireball_gear
0  -6.612233 1.950763 47.945992  -0.766784 0.636457 0.083456  0.911839 0.331601 1 1 1.000000
0  -5.046415 3.733664 48.735786  -0.763367 0.616796 0.191921  0.984392 0.314906 1 1 1.000000
0  -5.110801 3.723691 48.220116  -0.766783 0.636458 0.083454  0.981705 0.330824 1 1 1.000000
fireball_gear
0  -5.110801 3.723691 48.220116  -0.766783 0.636458 0.083454  0.981705 0.330824 1 1 1.000000
0  -5.190910 3.677040 47.839993  -0.766782 0.636456 0.083488  0.977000 0.341857 1 1 1.000000
0  -5.316187 3.547268 47.678711  -0.766783 0.636454 0.083490  0.971090 0.345401 1 1 1.000000
fireball_gear
0  3.343091 -6.592119 48.061153  -0.078573 -0.945184 0.316945  0.268476 0.669890 1 1 1.000000
0  3.731426 -6.717777 47.782684  -0.078952 -0.990928 0.108759  0.260521 0.657709 1 1 1.000000
0  3.605620 -6.614193 48.062389  -0.081027 -0.945996 0.313890  0.268695 0.663387 1 1 1.000000
fireball_gear
0  3.343091 -6.592119 48.061153  -0.078573 -0.945184 0.316945  0.268476 0.669890 1 1 1.000000
0  3.470372 -6.697390 47.781288  -0.077626 -0.982236 0.170842  0.260303 0.664143 1 1 1.000000
0  3.731426 -6.717777 47.782684  -0.078952 -0.990928 0.108759  0.260521 0.657709 1 1 1.000000
fireball_gear
0  3.731426 -6.717777 47.782684  -0.078952 -0.990928 0.108759  0.260521 0.657709 1 1 1.000000
0  3.470372 -6.697390 47.781288  -0.077626 -0.982236 0.170842  0.260303 0.664143 1 1 1.000000
0  3.526468 -6.680966 47.242805  -0.077042 -0.993446 -0.084434  0.243796 0.661868 1 1 1.000000
fireball_gear
0  3.731426 -6.717777 47.782684  -0.078952 -0.990928 0.108759  0.260521 0.657709 1 1 1.000000
0  3.526468 -6.680966 47.242805  -0.077042 -0.993446 -0.084434  0.243796 0.661868 1 1 1.000000
0  3.787500 -6.701318 47.244141  -0.076990 -0.993200 -0.087329  0.244012 0.655434 1 1 1.000000
fireball_gear
0  3.526468 -6.680966 47.242805  -0.077042 -0.993446 -0.084434  0.243796 0.661868 1 1 1.000000
0  3.816920 -6.447846 45.343616  -0.069669 -0.974975 -0.211114  0.185053 0.655245 1 1 1.000000
0  3.787500 -6.701318 47.244141  -0.076990 -0.993200 -0.087329  0.244012 0.655434 1 1 1.000000
fireball_gear
0  3.526468 -6.680966 47.242805  -0.077042 -0.993446 -0.084434  0.243796 0.661868 1 1 1.000000
0  3.555887 -6.427496 45.342293  -0.074764 -0.973196 -0.217485  0.184837 0.661679 1 1 1.000000
0  3.816920 -6.447846 45.343616  -0.069669 -0.974975 -0.211114  0.185053 0.655245 1 1 1.000000
fireball_gear
0  3.816920 -6.447846 45.343616  -0.069669 -0.974975 -0.211114  0.185053 0.655245 1 1 1.000000
0  3.555887 -6.427496 45.342293  -0.074764 -0.973196 -0.217485  0.184837 0.661679 1 1 1.000000
0  3.446513 -6.185394 44.580685  -0.024748 -0.948958 -0.314430  0.160708 0.667239 1 1 1.000000
fireball_gear
0  3.816920 -6.447846 45.343616  -0.069669 -0.974975 -0.211114  0.185053 0.655245 1 1 1.000000
0  3.446513 -6.185394 44.580685  -0.024748 -0.948958 -0.314430  0.160708 0.667239 1 1 1.000000
0  3.670493 -6.140609 44.435543  -0.016564 -0.947929 -0.318050  0.156217 0.662619 1 1 1.000000
fireball_gear
0  -5.567870 0.669513 48.232098  -0.641807 -0.757860 -0.117179  0.047928 0.808569 1 1 1.000000
0  -5.578713 0.531992 49.180901  -0.641810 -0.757858 -0.117181  0.018570 0.809684 1 1 1.000000
0  -6.078517 0.946846 49.235329  -0.641807 -0.757861 -0.117179  0.017976 0.789713 1 1 1.000000
fireball_gear
0  -6.055202 1.520827 45.395370  -0.641805 -0.757863 -0.117178  0.136835 0.784377 1 1 1.000000
0  -6.512558 1.745348 46.448288  -0.641806 -0.757861 -0.117179  0.105228 0.767741 1 1 1.000000
0  -6.361983 1.740353 45.655869  -0.641807 -0.757861 -0.117178  0.129437 0.772490 1 1 1.000000
fireball_gear
0  -6.055202 1.520827 45.395370  -0.641805 -0.757863 -0.117178  0.136835 0.784377 1 1 1.000000
0  -6.136710 1.434710 46.398777  -0.641806 -0.757861 -0.117179  0.105941 0.782744 1 1 1.000000
0  -6.512558 1.745348 46.448288  -0.641806 -0.757861 -0.117179  0.105228 0.767741 1 1 1.000000
fireball_gear
0  -5.535410 1.081243 45.391438  -0.641807 -0.757861 -0.117179  0.135822 0.805231 1 1 1.000000
0  -6.136710 1.434710 46.398777  -0.641806 -0.757861 -0.117179  0.105941 0.782744 1 1 1.000000
0  -6.055202 1.520827 45.395370  -0.641805 -0.757863 -0.117178  0.136835 0.784377 1 1 1.000000
fireball_gear
0  -5.535410 1.081243 45.391438  -0.641807 -0.757861 -0.117179  0.135822 0.805231 1 1 1.000000
0  -5.546187 0.944558 46.334480  -0.641808 -0.757860 -0.117179  0.106643 0.806339 1 1 1.000000
0  -6.136710 1.434710 46.398777  -0.641806 -0.757861 -0.117179  0.105941 0.782744 1 1 1.000000
fireball_gear
0  -5.567870 0.669513 48.232098  -0.641807 -0.757860 -0.117179  0.047928 0.808569 1 1 1.000000
0  -6.136710 1.434710 46.398777  -0.641806 -0.757861 -0.117179  0.105941 0.782744 1 1 1.000000
0  -5.546187 0.944558 46.334480  -0.641808 -0.757860 -0.117179  0.106643 0.806339 1 1 1.000000
fireball_gear
0  -5.567870 0.669513 48.232098  -0.641807 -0.757860 -0.117179  0.047928 0.808569 1 1 1.000000
0  -6.158395 1.159667 48.296394  -0.641807 -0.757861 -0.117179  0.047225 0.784974 1 1 1.000000
0  -6.136710 1.434710 46.398777  -0.641806 -0.757861 -0.117179  0.105941 0.782744 1 1 1.000000
fireball_gear
0  -5.567870 0.669513 48.232098  -0.641807 -0.757860 -0.117179  0.047928 0.808569 1 1 1.000000
0  -6.078517 0.946846 49.235329  -0.641807 -0.757861 -0.117179  0.017976 0.789713 1 1 1.000000
0  -6.158395 1.159667 48.296394  -0.641807 -0.757861 -0.117179  0.047225 0.784974 1 1 1.000000
fireball_gear
0  -6.158395 1.159667 48.296394  -0.641807 -0.757861 -0.117179  0.047225 0.784974 1 1 1.000000
0  -6.078517 0.946846 49.235329  -0.641807 -0.757861 -0.117179  0.017976 0.789713 1 1 1.000000
0  -6.343674 1.189545 49.117958  -0.641804 -0.757863 -0.117178  0.022189 0.778880 1 1 1.000000
fireball_gear
0  -6.343674 1.189545 49.117958  -0.641809 -0.757859 -0.117180  0.022189 0.778880 1 1 1.000000
0  -6.484456 1.346959 48.870960  -0.641808 -0.757860 -0.117179  0.030145 0.772826 1 1 1.000000
0  -6.158395 1.159667 48.296394  -0.641807 -0.757861 -0.117179  0.047225 0.784974 1 1 1.000000
fireball_gear
0  -6.484456 1.346959 48.870960  -0.641808 -0.757860 -0.117179  0.030145 0.772826 1 1 1.000000
0  -6.534244 1.470305 48.345901  -0.641807 -0.757861 -0.117179  0.046512 0.769971 1 1 1.000000
0  -6.158395 1.159667 48.296394  -0.641807 -0.757861 -0.117179  0.047225 0.784974 1 1 1.000000
fireball_gear
0  -6.158395 1.159667 48.296394  -0.641807 -0.757861 -0.117179  0.047225 0.784974 1 1 1.000000
0  -6.534244 1.470305 48.345901  -0.641807 -0.757861 -0.117179  0.046512 0.769971 1 1 1.000000
0  -6.512558 1.745348 46.448288  -0.641806 -0.757861 -0.117179  0.105228 0.767741 1 1 1.000000
fireball_gear
0  -6.158395 1.159667 48.296394  -0.641807 -0.757861 -0.117179  0.047225 0.784974 1 1 1.000000
0  -6.512558 1.745348 46.448288  -0.641806 -0.757861 -0.117179  0.105228 0.767741 1 1 1.000000
0  -6.136710 1.434710 46.398777  -0.641806 -0.757861 -0.117179  0.105941 0.782744 1 1 1.000000
fireball_gear
0  3.605620 -6.614193 48.062389  0.530014 -0.689440 0.493718  0.389525 0.704573 1 1 1.000000
0  5.627545 -5.082926 48.030079  0.606514 -0.745332 0.276804  0.378805 0.628726 1 1 1.000000
0  5.501740 -4.979340 48.309776  0.530017 -0.689431 0.493728  0.387897 0.627960 1 1 1.000000
fireball_gear
0  3.605620 -6.614193 48.062389  0.530014 -0.689440 0.493718  0.389525 0.704573 1 1 1.000000
0  3.731426 -6.717777 47.782684  0.606516 -0.745333 0.276797  0.380433 0.705339 1 1 1.000000
0  5.627545 -5.082926 48.030079  0.606514 -0.745332 0.276804  0.378805 0.628726 1 1 1.000000
fireball_gear
0  3.787500 -6.701318 47.244141  0.654532 -0.755694 -0.022697  0.363791 0.705557 1 1 1.000000
0  5.627545 -5.082926 48.030079  0.606514 -0.745332 0.276804  0.378805 0.628726 1 1 1.000000
0  3.731426 -6.717777 47.782684  0.606516 -0.745333 0.276797  0.380433 0.705339 1 1 1.000000
fireball_gear
0  3.787500 -6.701318 47.244141  0.654532 -0.755694 -0.022697  0.363791 0.705557 1 1 1.000000
0  5.683619 -5.066465 47.491524  0.654527 -0.755698 -0.022698  0.362164 0.628944 1 1 1.000000
0  5.627545 -5.082926 48.030079  0.606514 -0.745332 0.276804  0.378805 0.628726 1 1 1.000000
fireball_gear
0  3.787500 -6.701318 47.244141  0.654532 -0.755694 -0.022697  0.363791 0.705557 1 1 1.000000
0  5.713036 -4.812995 45.591015  0.653668 -0.725593 -0.215018  0.304221 0.628575 1 1 1.000000
0  5.683619 -5.066465 47.491524  0.654527 -0.755698 -0.022698  0.362164 0.628944 1 1 1.000000
fireball_gear
0  3.787500 -6.701318 47.244141  0.654532 -0.755694 -0.022697  0.363791 0.705557 1 1 1.000000
0  3.816920 -6.447846 45.343616  0.653667 -0.725591 -0.215027  0.305849 0.705188 1 1 1.000000
0  5.713036 -4.812995 45.591015  0.653668 -0.725593 -0.215018  0.304221 0.628575 1 1 1.000000
fireball_gear
0  3.670493 -6.140609 44.435543  0.639653 -0.690899 -0.336902  0.278910 0.703927 1 1 1.000000
0  5.713036 -4.812995 45.591015  0.653668 -0.725593 -0.215018  0.304221 0.628575 1 1 1.000000
0  3.816920 -6.447846 45.343616  0.653667 -0.725591 -0.215027  0.305849 0.705188 1 1 1.000000
fireball_gear
0  3.670493 -6.140609 44.435543  0.639653 -0.690899 -0.336902  0.278910 0.703927 1 1 1.000000
0  5.566614 -4.505759 44.682930  0.639656 -0.690900 -0.336894  0.277282 0.627314 1 1 1.000000
0  5.713036 -4.812995 45.591015  0.653668 -0.725593 -0.215018  0.304221 0.628575 1 1 1.000000
fireball_gear
0  5.159082 -4.611127 48.502754  -0.682625 -0.722902 0.106934  0.228070 0.918493 1 1 1.000000
0  5.285113 -4.477686 48.522503  0.000000 0.000000 1.000000  0.228070 0.918493 1 1 1.000000
0  5.285113 -4.477686 48.522503  -0.685647 -0.725962 -0.053544  0.228070 0.918493 1 1 1.000000
fireball_gear
0  5.377559 -4.439505 47.561638  0.753686 0.649837 0.098335  0.243816 0.738746 1 1 1.000000
0  4.856830 -3.989803 48.580940  0.753685 0.649837 0.098335  0.273557 0.715428 1 1 1.000000
0  5.285113 -4.477686 48.522503  0.753685 0.649838 0.098335  0.273314 0.735244 1 1 1.000000
fireball_gear
0  5.377559 -4.439505 47.561638  0.753686 0.649837 0.098335  0.243816 0.738746 1 1 1.000000
0  4.871540 -3.863067 47.630684  0.753687 0.649836 0.098335  0.244103 0.715334 1 1 1.000000
0  4.856830 -3.989803 48.580940  0.753685 0.649837 0.098335  0.273557 0.715428 1 1 1.000000
fireball_gear
0  5.377559 -4.439505 47.561638  0.753686 0.649837 0.098335  0.243816 0.738746 1 1 1.000000
0  4.900959 -3.609596 45.730167  0.753687 0.649835 0.098335  0.185195 0.715145 1 1 1.000000
0  4.871540 -3.863067 47.630684  0.753687 0.649836 0.098335  0.244103 0.715334 1 1 1.000000
fireball_gear
0  5.377559 -4.439505 47.561638  0.753686 0.649837 0.098335  0.243816 0.738746 1 1 1.000000
0  5.406977 -4.186035 45.661121  0.753688 0.649835 0.098335  0.184908 0.738557 1 1 1.000000
0  4.900959 -3.609596 45.730167  0.753687 0.649835 0.098335  0.185195 0.715145 1 1 1.000000
fireball_gear
0  5.362321 -3.984568 44.672035  0.753688 0.649835 0.098336  0.154030 0.735677 1 1 1.000000
0  4.900959 -3.609596 45.730167  0.753687 0.649835 0.098335  0.185195 0.715145 1 1 1.000000
0  5.406977 -4.186035 45.661121  0.753688 0.649835 0.098335  0.184908 0.738557 1 1 1.000000
fireball_gear
0  5.619448 -4.311868 44.864197  0.753688 0.649834 0.098336  0.160941 0.747759 1 1 1.000000
0  5.362321 -3.984568 44.672035  0.753688 0.649835 0.098336  0.154030 0.735677 1 1 1.000000
0  5.406977 -4.186035 45.661121  0.753688 0.649835 0.098335  0.184908 0.738557 1 1 1.000000
fireball_gear
0  5.619448 -4.311868 44.864197  0.753688 0.649834 0.098336  0.160941 0.747759 1 1 1.000000
0  5.406977 -4.186035 45.661121  0.753688 0.649835 0.098335  0.184908 0.738557 1 1 1.000000
0  5.728823 -4.553970 45.625797  0.753689 0.649834 0.098335  0.184992 0.753454 1 1 1.000000
fireball_gear
0  5.699405 -4.807439 47.526310  0.753685 0.649838 0.098334  0.243900 0.753644 1 1 1.000000
0  5.728823 -4.553970 45.625797  0.753689 0.649834 0.098335  0.184992 0.753454 1 1 1.000000
0  5.406977 -4.186035 45.661121  0.753688 0.649835 0.098335  0.184908 0.738557 1 1 1.000000
fireball_gear
0  5.699405 -4.807439 47.526310  0.753685 0.649838 0.098334  0.243900 0.753644 1 1 1.000000
0  5.406977 -4.186035 45.661121  0.753688 0.649835 0.098335  0.184908 0.738557 1 1 1.000000
0  5.377559 -4.439505 47.561638  0.753686 0.649837 0.098335  0.243816 0.738746 1 1 1.000000
fireball_gear
0  5.643308 -4.823863 48.064800  0.753685 0.649838 0.098335  0.260415 0.751482 1 1 1.000000
0  5.699405 -4.807439 47.526310  0.753685 0.649838 0.098334  0.243900 0.753644 1 1 1.000000
0  5.377559 -4.439505 47.561638  0.753686 0.649837 0.098335  0.243816 0.738746 1 1 1.000000
fireball_gear
0  5.516028 -4.718592 48.344662  0.753686 0.649837 0.098335  0.268639 0.745808 1 1 1.000000
0  5.643308 -4.823863 48.064800  0.753685 0.649838 0.098335  0.260415 0.751482 1 1 1.000000
0  5.377559 -4.439505 47.561638  0.753686 0.649837 0.098335  0.243816 0.738746 1 1 1.000000
fireball_gear
0  5.377559 -4.439505 47.561638  0.753686 0.649837 0.098335  0.243816 0.738746 1 1 1.000000
0  5.285113 -4.477686 48.522503  0.753685 0.649838 0.098335  0.273314 0.735244 1 1 1.000000
0  5.516028 -4.718592 48.344662  0.753686 0.649837 0.098335  0.268639 0.745808 1 1 1.000000
fireball_gear
0  5.362321 -3.984568 44.672035  0.753688 0.649835 0.098336  0.154030 0.735677 1 1 1.000000
0  4.915576 -3.483629 44.785686  0.753687 0.649835 0.098334  0.155920 0.715051 1 1 1.000000
0  4.900959 -3.609596 45.730167  0.753687 0.649835 0.098335  0.185195 0.715145 1 1 1.000000
fireball_gear
0  3.262964 -6.245976 48.255371  0.816756 0.570136 -0.088624  0.228059 0.922196 1 1 1.000000
0  3.112175 -6.351213 48.239002  0.000000 0.000000 1.000000  0.228059 0.922196 1 1 1.000000
0  3.112175 -6.351213 48.239002  -0.819258 -0.571707 0.044356  0.228059 0.922196 1 1 1.000000
fireball_gear
0  3.189383 -5.858095 44.388527  -0.753688 -0.649835 -0.098335  0.153669 0.679318 1 1 1.000000
0  3.446513 -6.185394 44.580685  -0.753690 -0.649832 -0.098336  0.160708 0.667239 1 1 1.000000
0  3.555887 -6.427496 45.342293  -0.753686 -0.649837 -0.098335  0.184837 0.661679 1 1 1.000000
fireball_gear
0  3.189383 -5.858095 44.388527  -0.753688 -0.649835 -0.098335  0.153669 0.679318 1 1 1.000000
0  3.555887 -6.427496 45.342293  -0.753686 -0.649837 -0.098335  0.184837 0.661679 1 1 1.000000
0  3.234040 -6.059561 45.377617  -0.753686 -0.649837 -0.098335  0.184602 0.676627 1 1 1.000000
fireball_gear
0  2.742643 -5.357157 44.502182  -0.753688 -0.649834 -0.098335  0.155351 0.700027 1 1 1.000000
0  3.189383 -5.858095 44.388527  -0.753688 -0.649835 -0.098335  0.153669 0.679318 1 1 1.000000
0  3.234040 -6.059561 45.377617  -0.753686 -0.649837 -0.098335  0.184602 0.676627 1 1 1.000000
fireball_gear
0  2.742643 -5.357157 44.502182  -0.753688 -0.649834 -0.098335  0.155351 0.700027 1 1 1.000000
0  3.234040 -6.059561 45.377617  -0.753686 -0.649837 -0.098335  0.184602 0.676627 1 1 1.000000
0  2.728022 -5.483123 45.446659  -0.753686 -0.649836 -0.098336  0.184651 0.700121 1 1 1.000000
fireball_gear
0  2.698602 -5.736593 47.347179  -0.753687 -0.649836 -0.098335  0.243610 0.700310 1 1 1.000000
0  2.728022 -5.483123 45.446659  -0.753686 -0.649836 -0.098336  0.184651 0.700121 1 1 1.000000
0  3.234040 -6.059561 45.377617  -0.753686 -0.649837 -0.098335  0.184602 0.676627 1 1 1.000000
fireball_gear
0  2.698602 -5.736593 47.347179  -0.753687 -0.649836 -0.098335  0.243610 0.700310 1 1 1.000000
0  3.234040 -6.059561 45.377617  -0.753686 -0.649837 -0.098335  0.184602 0.676627 1 1 1.000000
0  3.204622 -6.313033 47.278126  -0.753686 -0.649837 -0.098335  0.243560 0.676816 1 1 1.000000
fireball_gear
0  2.698602 -5.736593 47.347179  -0.753687 -0.649836 -0.098335  0.243610 0.700310 1 1 1.000000
0  3.204622 -6.313033 47.278126  -0.753686 -0.649837 -0.098335  0.243560 0.676816 1 1 1.000000
0  3.112175 -6.351213 48.239002  -0.753686 -0.649837 -0.098335  0.273047 0.680520 1 1 1.000000
fireball_gear
0  3.204622 -6.313033 47.278126  -0.753686 -0.649837 -0.098335  0.243560 0.676816 1 1 1.000000
0  3.343091 -6.592119 48.061153  -0.753683 -0.649840 -0.098335  0.268476 0.669890 1 1 1.000000
0  3.112175 -6.351213 48.239002  -0.753686 -0.649837 -0.098335  0.273047 0.680520 1 1 1.000000
fireball_gear
0  3.204622 -6.313033 47.278126  -0.753686 -0.649837 -0.098335  0.243560 0.676816 1 1 1.000000
0  3.470372 -6.697390 47.781288  -0.753681 -0.649842 -0.098335  0.260303 0.664143 1 1 1.000000
0  3.343091 -6.592119 48.061153  -0.753683 -0.649840 -0.098335  0.268476 0.669890 1 1 1.000000
fireball_gear
0  3.204622 -6.313033 47.278126  -0.753686 -0.649837 -0.098335  0.243560 0.676816 1 1 1.000000
0  3.526468 -6.680966 47.242805  -0.753684 -0.649839 -0.098334  0.243796 0.661868 1 1 1.000000
0  3.470372 -6.697390 47.781288  -0.753681 -0.649842 -0.098335  0.260303 0.664143 1 1 1.000000
fireball_gear
0  3.204622 -6.313033 47.278126  -0.753686 -0.649837 -0.098335  0.243560 0.676816 1 1 1.000000
0  3.555887 -6.427496 45.342293  -0.753686 -0.649837 -0.098335  0.184837 0.661679 1 1 1.000000
0  3.526468 -6.680966 47.242805  -0.753684 -0.649839 -0.098334  0.243796 0.661868 1 1 1.000000
fireball_gear
0  3.204622 -6.313033 47.278126  -0.753686 -0.649837 -0.098335  0.243560 0.676816 1 1 1.000000
0  3.234040 -6.059561 45.377617  -0.753686 -0.649837 -0.098335  0.184602 0.676627 1 1 1.000000
0  3.555887 -6.427496 45.342293  -0.753686 -0.649837 -0.098335  0.184837 0.661679 1 1 1.000000
fireball_gear
0  2.698602 -5.736593 47.347179  -0.753687 -0.649836 -0.098335  0.243610 0.700310 1 1 1.000000
0  3.112175 -6.351213 48.239002  -0.753686 -0.649837 -0.098335  0.273047 0.680520 1 1 1.000000
0  2.683893 -5.863329 48.297440  -0.753685 -0.649838 -0.098336  0.273089 0.700405 1 1 1.000000
fireball_gear
0  4.057871 -6.560626 46.427261  0.657053 -0.748495 -0.089653  0.916776 0.132591 1 1 1.000000
0  4.208980 -6.413736 46.308365  0.657049 -0.748497 -0.089656  0.922611 0.129059 1 1 1.000000
0  3.953246 -6.694676 46.779636  0.657057 -0.748487 -0.089687  0.912017 0.143873 1 1 1.000000
fireball_gear
0  4.208980 -6.413736 46.308365  0.657049 -0.748497 -0.089656  0.922611 0.129059 1 1 1.000000
0  5.476270 -5.321066 46.473705  0.657056 -0.748492 -0.089648  0.971341 0.130654 1 1 1.000000
0  3.953246 -6.694676 46.779636  0.657057 -0.748487 -0.089687  0.912017 0.143873 1 1 1.000000
fireball_gear
0  3.863086 -6.832899 47.272522  0.651376 -0.758491 0.020000  0.908925 0.159998 1 1 1.000000
0  5.759397 -5.100181 48.210606  0.641134 -0.759864 0.107488  0.983768 0.182702 1 1 1.000000
0  3.696628 -6.878719 47.941475  0.641140 -0.759859 0.107489  0.909066 0.182393 1 1 1.000000
fireball_gear
0  3.863086 -6.832899 47.272522  0.651376 -0.758491 0.020000  0.908925 0.159998 1 1 1.000000
0  5.791017 -5.170619 47.524059  0.651372 -0.758495 0.019999  0.984393 0.161552 1 1 1.000000
0  5.759397 -5.100181 48.210606  0.641134 -0.759864 0.107488  0.983768 0.182702 1 1 1.000000
fireball_gear
0  3.953246 -6.694676 46.779636  0.657057 -0.748487 -0.089687  0.912017 0.143873 1 1 1.000000
0  5.791017 -5.170619 47.524059  0.651372 -0.758495 0.019999  0.984393 0.161552 1 1 1.000000
0  3.863086 -6.832899 47.272522  0.651376 -0.758491 0.020000  0.908925 0.159998 1 1 1.000000
fireball_gear
0  3.953246 -6.694676 46.779636  0.657057 -0.748487 -0.089687  0.912017 0.143873 1 1 1.000000
0  5.716409 -5.174459 47.009686  0.657058 -0.748485 -0.089688  0.981846 0.145373 1 1 1.000000
0  5.791017 -5.170619 47.524059  0.651372 -0.758495 0.019999  0.984393 0.161552 1 1 1.000000
fireball_gear
0  5.716409 -5.174459 47.009686  0.657058 -0.748485 -0.089688  0.981846 0.145373 1 1 1.000000
0  3.953246 -6.694676 46.779636  0.657057 -0.748487 -0.089687  0.912017 0.143873 1 1 1.000000
0  5.476270 -5.321066 46.473705  0.657056 -0.748492 -0.089648  0.971341 0.130654 1 1 1.000000
fireball_gear
0  5.476270 -5.321066 46.473705  0.657056 -0.748492 -0.089648  0.971341 0.130654 1 1 1.000000
0  5.623096 -5.211073 46.631477  0.657057 -0.748491 -0.089647  0.977230 0.134258 1 1 1.000000
0  5.716409 -5.174459 47.009686  0.657058 -0.748485 -0.089688  0.981846 0.145373 1 1 1.000000
fireball_gear
0  5.638744 -5.084898 47.013092  0.739790 0.648363 -0.179823  0.985747 0.143932 1 1 1.000000
0  5.623096 -5.211073 46.631477  0.728516 0.640938 -0.241792  0.977230 0.134258 1 1 1.000000
0  5.549011 -5.125639 46.634727  0.728516 0.640937 -0.241792  0.979902 0.131399 1 1 1.000000
fireball_gear
0  5.638744 -5.084898 47.013092  0.739790 0.648363 -0.179823  0.985747 0.143932 1 1 1.000000
0  5.716409 -5.174459 47.009686  0.740448 0.648772 -0.175588  0.981846 0.145373 1 1 1.000000
0  5.623096 -5.211073 46.631477  0.728516 0.640938 -0.241792  0.977230 0.134258 1 1 1.000000
fireball_gear
0  5.708373 -5.075313 47.527683  0.751703 0.654822 -0.078425  0.988533 0.161419 1 1 1.000000
0  5.716409 -5.174459 47.009686  0.740448 0.648772 -0.175588  0.981846 0.145373 1 1 1.000000
0  5.638744 -5.084898 47.013092  0.739790 0.648363 -0.179823  0.985747 0.143932 1 1 1.000000
fireball_gear
0  5.708373 -5.075313 47.527683  0.751703 0.654822 -0.078425  0.988533 0.161419 1 1 1.000000
0  5.791017 -5.170619 47.524059  0.754236 0.651857 -0.078809  0.984393 0.161552 1 1 1.000000
0  5.716409 -5.174459 47.009686  0.740448 0.648772 -0.175588  0.981846 0.145373 1 1 1.000000
fireball_gear
0  5.697318 -5.023436 48.102654  0.786447 0.617510 -0.013519  0.987645 0.180737 1 1 1.000000
0  5.791017 -5.170619 47.524059  0.754236 0.651857 -0.078809  0.984393 0.161552 1 1 1.000000
0  5.708373 -5.075313 47.527683  0.751703 0.654822 -0.078425  0.988533 0.161419 1 1 1.000000
fireball_gear
0  5.697318 -5.023436 48.102654  0.786447 0.617510 -0.013519  0.987645 0.180737 1 1 1.000000
0  5.759397 -5.100181 48.210606  0.781911 0.623356 -0.006474  0.983768 0.182702 1 1 1.000000
0  5.791017 -5.170619 47.524059  0.754236 0.651857 -0.078809  0.984393 0.161552 1 1 1.000000
fireball_gear
0  5.581224 -4.883387 48.469902  0.781623 0.623031 0.029976  0.985178 0.193208 1 1 1.000000
0  5.759397 -5.100181 48.210606  0.781911 0.623356 -0.006474  0.983768 0.182702 1 1 1.000000
0  5.697318 -5.023436 48.102654  0.786447 0.617510 -0.013519  0.987645 0.180737 1 1 1.000000
fireball_gear
0  5.581224 -4.883387 48.469902  0.781623 0.623031 0.029976  0.985178 0.193208 1 1 1.000000
0  5.697318 -5.023436 48.102654  0.786447 0.617510 -0.013519  0.987645 0.180737 1 1 1.000000
0  5.529833 -4.812829 48.362774  0.782912 0.621127 0.035342  0.989880 0.193168 1 1 1.000000
fireball_gear
0  5.294275 -4.546612 48.637981  0.771220 0.632982 0.067479  0.986419 0.207306 1 1 1.000000
0  5.581224 -4.883387 48.469902  0.781623 0.623031 0.029976  0.985178 0.193208 1 1 1.000000
0  5.529833 -4.812829 48.362774  0.782912 0.621127 0.035342  0.989880 0.193168 1 1 1.000000
fireball_gear
0  5.294275 -4.546612 48.637981  0.771220 0.632982 0.067479  0.986419 0.207306 1 1 1.000000
0  5.529833 -4.812829 48.362774  0.782912 0.621127 0.035342  0.989880 0.193168 1 1 1.000000
0  5.245692 -4.475988 48.533978  0.765777 0.638609 0.075926  0.990312 0.209286 1 1 1.000000
fireball_gear
0  4.746739 -3.897119 48.586887  0.757215 0.645955 0.096793  0.988840 0.232303 1 1 1.000000
0  5.294275 -4.546612 48.637981  0.771220 0.632982 0.067479  0.986419 0.207306 1 1 1.000000
0  5.245692 -4.475988 48.533978  0.765777 0.638609 0.075926  0.990312 0.209286 1 1 1.000000
fireball_gear
0  4.746739 -3.897119 48.586887  0.757159 0.645988 0.097010  0.988840 0.232303 1 1 1.000000
0  4.745002 -3.912085 48.699104  0.757077 0.645953 0.097868  0.985935 0.230368 1 1 1.000000
0  5.294275 -4.546612 48.637981  0.771056 0.633150 0.067773  0.986419 0.207306 1 1 1.000000
fireball_gear
0  3.105552 -6.321236 48.254749  -0.738238 -0.662979 -0.124356  0.902185 0.209464 1 1 1.000000
0  2.591687 -5.768692 48.418159  -0.743277 -0.661268 -0.101310  0.905860 0.230520 1 1 1.000000
0  2.593424 -5.753727 48.305943  -0.743169 -0.661628 -0.099742  0.902957 0.232346 1 1 1.000000
fireball_gear
0  3.105552 -6.321236 48.254749  -0.738238 -0.662979 -0.124356  0.902185 0.209464 1 1 1.000000
0  3.152703 -6.393095 48.358566  -0.733352 -0.667508 -0.128954  0.906126 0.207571 1 1 1.000000
0  2.591687 -5.768692 48.418159  -0.743277 -0.661268 -0.101310  0.905860 0.230520 1 1 1.000000
fireball_gear
0  3.105552 -6.321236 48.254749  -0.738238 -0.662979 -0.124356  0.902185 0.209464 1 1 1.000000
0  3.470081 -6.703635 48.194458  -0.719973 -0.675101 -0.160862  0.907642 0.193413 1 1 1.000000
0  3.152703 -6.393095 48.358566  -0.733352 -0.667508 -0.128954  0.906126 0.207571 1 1 1.000000
fireball_gear
0  3.105552 -6.321236 48.254749  -0.738238 -0.662979 -0.124356  0.902185 0.209464 1 1 1.000000
0  3.423839 -6.628637 48.087994  -0.721463 -0.672541 -0.164863  0.902830 0.193313 1 1 1.000000
0  3.470081 -6.703635 48.194458  -0.719973 -0.675101 -0.160862  0.907642 0.193413 1 1 1.000000
fireball_gear
0  3.696628 -6.878719 47.941475  -0.710895 -0.672346 -0.206347  0.909066 0.182393 1 1 1.000000
0  3.470081 -6.703635 48.194458  -0.719973 -0.675101 -0.160862  0.907642 0.193413 1 1 1.000000
0  3.423839 -6.628637 48.087994  -0.721463 -0.672541 -0.164863  0.902830 0.193313 1 1 1.000000
fireball_gear
0  3.696628 -6.878719 47.941475  -0.710895 -0.672346 -0.206347  0.909066 0.182393 1 1 1.000000
0  3.423839 -6.628637 48.087994  -0.721463 -0.672541 -0.164863  0.902830 0.193313 1 1 1.000000
0  3.645902 -6.792184 47.835003  -0.699515 -0.680087 -0.219456  0.905020 0.180282 1 1 1.000000
fireball_gear
0  3.780441 -6.737596 47.276142  -0.730804 -0.628485 -0.266330  0.904647 0.159763 1 1 1.000000
0  3.696628 -6.878719 47.941475  -0.710895 -0.672346 -0.206347  0.909066 0.182393 1 1 1.000000
0  3.645902 -6.792184 47.835003  -0.699515 -0.680087 -0.219456  0.905020 0.180282 1 1 1.000000
fireball_gear
0  3.780441 -6.737596 47.276142  -0.730804 -0.628485 -0.266330  0.904647 0.159763 1 1 1.000000
0  3.863086 -6.832899 47.272522  -0.732918 -0.625383 -0.267819  0.908925 0.159998 1 1 1.000000
0  3.696628 -6.878719 47.941475  -0.710895 -0.672346 -0.206347  0.909066 0.182393 1 1 1.000000
fireball_gear
0  3.875581 -6.605114 46.783051  -0.709142 -0.600882 -0.368863  0.908114 0.142322 1 1 1.000000
0  3.863086 -6.832899 47.272522  -0.732918 -0.625383 -0.267819  0.908925 0.159998 1 1 1.000000
0  3.780441 -6.737596 47.276142  -0.730804 -0.628485 -0.266330  0.904647 0.159763 1 1 1.000000
fireball_gear
0  3.875581 -6.605114 46.783051  -0.709142 -0.600882 -0.368863  0.908114 0.142322 1 1 1.000000
0  3.953246 -6.694676 46.779636  -0.710253 -0.602012 -0.364860  0.912017 0.143873 1 1 1.000000
0  3.863086 -6.832899 47.272522  -0.732918 -0.625383 -0.267819  0.908925 0.159998 1 1 1.000000
fireball_gear
0  3.983787 -6.475191 46.430508  -0.691152 -0.583066 -0.427016  0.914146 0.129713 1 1 1.000000
0  3.953246 -6.694676 46.779636  -0.710253 -0.602012 -0.364860  0.912017 0.143873 1 1 1.000000
0  3.875581 -6.605114 46.783051  -0.709142 -0.600882 -0.368863  0.908114 0.142322 1 1 1.000000
fireball_gear
0  3.983787 -6.475191 46.430508  -0.691144 -0.583075 -0.427017  0.914146 0.129713 1 1 1.000000
0  4.057871 -6.560626 46.427261  -0.691144 -0.583075 -0.427017  0.916776 0.132591 1 1 1.000000
0  3.953246 -6.694676 46.779636  -0.710233 -0.602032 -0.364866  0.912017 0.143873 1 1 1.000000
fireball_gear
0  2.683893 -5.863329 48.297440  -0.997544 0.069766 -0.006137  0.273089 0.700405 1 1 1.000000
0  2.701639 -5.606535 48.331959  -0.997545 0.069766 -0.006137  0.273329 0.705267 1 1 1.000000
0  2.716349 -5.479801 47.381699  -0.997545 0.069765 -0.006137  0.243849 0.705172 1 1 1.000000
fireball_gear
0  2.683893 -5.863329 48.297440  -0.997544 0.069766 -0.006137  0.273089 0.700405 1 1 1.000000
0  2.716349 -5.479801 47.381699  -0.997545 0.069765 -0.006137  0.243849 0.705172 1 1 1.000000
0  2.698602 -5.736593 47.347179  -0.997545 0.069765 -0.006137  0.243610 0.700310 1 1 1.000000
fireball_gear
0  2.716349 -5.479801 47.381699  -0.997545 0.069765 -0.006137  0.243849 0.705172 1 1 1.000000
0  2.728022 -5.483123 45.446659  -0.997545 0.069760 -0.006137  0.184651 0.700121 1 1 1.000000
0  2.698602 -5.736593 47.347179  -0.997545 0.069765 -0.006137  0.243610 0.700310 1 1 1.000000
fireball_gear
0  2.716349 -5.479801 47.381699  -0.997545 0.069765 -0.006137  0.243849 0.705172 1 1 1.000000
0  2.745768 -5.226329 45.481186  -0.997545 0.069760 -0.006137  0.184890 0.704983 1 1 1.000000
0  2.728022 -5.483123 45.446659  -0.997545 0.069760 -0.006137  0.184651 0.700121 1 1 1.000000
fireball_gear
0  2.728022 -5.483123 45.446659  -0.997545 0.069760 -0.006137  0.184651 0.700121 1 1 1.000000
0  2.745768 -5.226329 45.481186  -0.997545 0.069760 -0.006137  0.184890 0.704983 1 1 1.000000
0  2.764243 -5.067144 44.287621  -0.997545 0.069755 -0.006138  0.147863 0.704864 1 1 1.000000
fireball_gear
0  2.728022 -5.483123 45.446659  -0.997545 0.069760 -0.006137  0.184651 0.700121 1 1 1.000000
0  2.764243 -5.067144 44.287621  -0.997545 0.069755 -0.006138  0.147863 0.704864 1 1 1.000000
0  2.742643 -5.357157 44.502182  -0.997545 0.069752 -0.006139  0.155351 0.700027 1 1 1.000000
fireball_gear
0  4.612467 -3.844949 47.629093  -0.657054 0.748493 0.089656  0.052018 0.546626 1 1 1.000000
0  2.701639 -5.606535 48.331959  -0.657057 0.748491 0.089654  0.018515 0.621776 1 1 1.000000
0  4.597759 -3.971684 48.579346  -0.657050 0.748497 0.089657  0.032202 0.546562 1 1 1.000000
fireball_gear
0  4.612467 -3.844949 47.629093  -0.657054 0.748493 0.089656  0.052018 0.546626 1 1 1.000000
0  2.716349 -5.479801 47.381699  -0.657057 0.748491 0.089655  0.038331 0.621840 1 1 1.000000
0  2.701639 -5.606535 48.331959  -0.657057 0.748491 0.089654  0.018515 0.621776 1 1 1.000000
fireball_gear
0  4.612467 -3.844949 47.629093  -0.657054 0.748493 0.089656  0.052018 0.546626 1 1 1.000000
0  2.745768 -5.226329 45.481186  -0.657054 0.748493 0.089656  0.077963 0.621967 1 1 1.000000
0  2.716349 -5.479801 47.381699  -0.657057 0.748491 0.089655  0.038331 0.621840 1 1 1.000000
fireball_gear
0  4.612467 -3.844949 47.629093  -0.657054 0.748493 0.089656  0.052018 0.546626 1 1 1.000000
0  4.641886 -3.591478 45.728580  -0.657054 0.748493 0.089655  0.091650 0.546753 1 1 1.000000
0  2.745768 -5.226329 45.481186  -0.657054 0.748493 0.089656  0.077963 0.621967 1 1 1.000000
fireball_gear
0  4.660361 -3.432293 44.535011  -0.657053 0.748494 0.089655  0.116540 0.546833 1 1 1.000000
0  2.745768 -5.226329 45.481186  -0.657054 0.748493 0.089656  0.077963 0.621967 1 1 1.000000
0  4.641886 -3.591478 45.728580  -0.657054 0.748493 0.089655  0.091650 0.546753 1 1 1.000000
fireball_gear
0  4.660361 -3.432293 44.535011  -0.657053 0.748494 0.089655  0.116540 0.546833 1 1 1.000000
0  2.764243 -5.067144 44.287621  -0.657054 0.748493 0.089655  0.102853 0.622047 1 1 1.000000
0  2.745768 -5.226329 45.481186  -0.657054 0.748493 0.089656  0.077963 0.621967 1 1 1.000000
fireball_gear
0  5.159082 -4.611127 48.502754  0.116031 -0.235469 0.964930  0.153769 0.591584 1 1 1.000000
0  5.285113 -4.477686 48.522503  -0.115508 -0.008561 0.993270  0.148119 0.591016 1 1 1.000000
0  4.856830 -3.989803 48.580940  -0.015345 -0.132184 0.991106  0.147833 0.571964 1 1 1.000000
fireball_gear
0  5.159082 -4.611127 48.502754  0.116031 -0.235469 0.964930  0.153769 0.591584 1 1 1.000000
0  5.516028 -4.718592 48.344662  0.347812 -0.194123 0.917248  0.148514 0.599763 1 1 1.000000
0  5.285113 -4.477686 48.522503  0.273017 -0.388123 0.880240  0.148119 0.591016 1 1 1.000000
fireball_gear
0  5.159082 -4.611127 48.502754  0.116031 -0.235469 0.964930  0.153769 0.591584 1 1 1.000000
0  5.501740 -4.979340 48.309776  0.235257 -0.270356 0.933575  0.154239 0.605304 1 1 1.000000
0  5.516028 -4.718592 48.344662  0.347812 -0.194123 0.917248  0.148514 0.599763 1 1 1.000000
fireball_gear
0  3.112175 -6.351213 48.239002  -0.085111 -0.098694 0.991471  0.236700 0.591300 1 1 1.000000
0  3.343091 -6.592119 48.061153  -0.056408 -0.627421 0.776635  0.237096 0.600047 1 1 1.000000
0  3.605620 -6.614193 48.062389  0.117395 -0.402500 0.907861  0.231536 0.605552 1 1 1.000000
fireball_gear
0  3.112175 -6.351213 48.239002  -0.085111 -0.098694 0.991471  0.236700 0.591300 1 1 1.000000
0  3.605620 -6.614193 48.062389  0.117395 -0.402500 0.907861  0.231536 0.605552 1 1 1.000000
0  3.262964 -6.245976 48.255371  0.073055 -0.242731 0.967339  0.231066 0.591832 1 1 1.000000
fireball_gear
0  3.262964 -6.245976 48.255371  0.073055 -0.242731 0.967339  0.231066 0.591832 1 1 1.000000
0  3.605620 -6.614193 48.062389  0.117395 -0.402500 0.907861  0.231536 0.605552 1 1 1.000000
0  5.501740 -4.979340 48.309776  0.235257 -0.270356 0.933575  0.154239 0.605304 1 1 1.000000
fireball_gear
0  3.262964 -6.245976 48.255371  0.073055 -0.242731 0.967339  0.231066 0.591832 1 1 1.000000
0  5.501740 -4.979340 48.309776  0.235257 -0.270356 0.933575  0.154239 0.605304 1 1 1.000000
0  5.159082 -4.611127 48.502754  0.116031 -0.235469 0.964930  0.153769 0.591584 1 1 1.000000
fireball_gear
0  4.597759 -3.971684 48.579346  -0.015345 -0.132181 0.991107  0.153395 0.566614 1 1 1.000000
0  3.262964 -6.245976 48.255371  0.073055 -0.242731 0.967339  0.231066 0.591832 1 1 1.000000
0  5.159082 -4.611127 48.502754  0.116031 -0.235469 0.964930  0.153769 0.591584 1 1 1.000000
fireball_gear
0  5.159082 -4.611127 48.502754  0.116031 -0.235469 0.964930  0.153769 0.591584 1 1 1.000000
0  4.856830 -3.989803 48.580940  -0.015345 -0.132184 0.991106  0.147833 0.571964 1 1 1.000000
0  4.597759 -3.971684 48.579346  -0.015345 -0.132181 0.991107  0.153395 0.566614 1 1 1.000000
fireball_gear
0  4.597759 -3.971684 48.579346  -0.015345 -0.132181 0.991107  0.153395 0.566614 1 1 1.000000
0  2.701639 -5.606535 48.331959  -0.015345 -0.132176 0.991108  0.230692 0.566862 1 1 1.000000
0  3.262964 -6.245976 48.255371  0.073055 -0.242731 0.967339  0.231066 0.591832 1 1 1.000000
fireball_gear
0  2.701639 -5.606535 48.331959  -0.015345 -0.132176 0.991108  0.230692 0.566862 1 1 1.000000
0  3.112175 -6.351213 48.239002  -0.115505 -0.008539 0.993270  0.236700 0.591300 1 1 1.000000
0  3.262964 -6.245976 48.255371  0.073055 -0.242731 0.967339  0.231066 0.591832 1 1 1.000000
fireball_gear
0  2.701639 -5.606535 48.331959  -0.015345 -0.132176 0.991108  0.230692 0.566862 1 1 1.000000
0  2.683893 -5.863329 48.297440  -0.015329 -0.132169 0.991109  0.236414 0.572248 1 1 1.000000
0  3.112175 -6.351213 48.239002  -0.115505 -0.008539 0.993270  0.236700 0.591300 1 1 1.000000
fireball_gear
0  -5.356272 -5.191454 46.509426  -0.067988 0.091679 -0.993465  0.919966 0.013826 1 1 1.000000
0  -4.184549 -6.387439 46.318863  -0.068023 0.091680 -0.993462  0.969703 0.015666 1 1 1.000000
0  -5.430465 -5.274052 46.506882  -0.067986 0.091679 -0.993465  0.920939 0.017096 1 1 1.000000
fireball_gear
0  -5.356272 -5.191454 46.509426  -0.067988 0.091679 -0.993465  0.919966 0.013826 1 1 1.000000
0  -4.110353 -6.304842 46.321407  -0.068025 0.091680 -0.993462  0.970628 0.012043 1 1 1.000000
0  -4.184549 -6.387439 46.318863  -0.068023 0.091680 -0.993462  0.969703 0.015666 1 1 1.000000
fireball_gear
0  -3.958762 -6.453317 46.437557  0.371262 -0.306542 -0.876468  0.978507 0.016354 1 1 1.000000
0  -4.184549 -6.387439 46.318863  0.371262 -0.306542 -0.876468  0.969703 0.015666 1 1 1.000000
0  -4.110353 -6.304842 46.321407  0.371262 -0.306542 -0.876468  0.970628 0.012043 1 1 1.000000
fireball_gear
0  -3.958762 -6.453317 46.437557  0.371315 -0.306546 -0.876444  0.978507 0.016354 1 1 1.000000
0  -4.034340 -6.537453 46.434967  0.371315 -0.306546 -0.876444  0.975763 0.019331 1 1 1.000000
0  -4.184549 -6.387439 46.318863  0.371315 -0.306546 -0.876444  0.969703 0.015666 1 1 1.000000
fireball_gear
0  -5.356272 -5.191454 46.509426  -0.482437 0.456456 -0.747598  0.919966 0.013826 1 1 1.000000
0  -5.573164 -5.162313 46.667191  -0.482437 0.456456 -0.747598  0.915275 0.020575 1 1 1.000000
0  -5.497588 -5.078176 46.669788  -0.482437 0.456456 -0.747598  0.912708 0.017813 1 1 1.000000
fireball_gear
0  -5.356272 -5.191454 46.509426  -0.482494 0.456406 -0.747591  0.919966 0.013826 1 1 1.000000
0  -5.430465 -5.274052 46.506882  -0.482494 0.456406 -0.747591  0.920939 0.017096 1 1 1.000000
0  -5.573164 -5.162313 46.667191  -0.482494 0.456406 -0.747591  0.915275 0.020575 1 1 1.000000
fireball_gear
0  -2.725628 -5.347547 44.497063  0.586320 -0.435567 -0.683015  0.155010 0.761013 1 1 1.000000
0  -3.325156 -5.691195 44.201565  0.455598 -0.505615 -0.732656  0.147631 0.782916 1 1 1.000000
0  -2.745239 -5.056194 44.284126  0.588966 -0.450647 -0.670848  0.147239 0.757036 1 1 1.000000
fireball_gear
0  -2.725628 -5.347547 44.497063  0.586320 -0.435567 -0.683015  0.155010 0.761013 1 1 1.000000
0  -3.182446 -5.840227 44.387428  0.423455 -0.525028 -0.738263  0.153928 0.781387 1 1 1.000000
0  -3.325156 -5.691195 44.201565  0.455598 -0.505615 -0.732656  0.147631 0.782916 1 1 1.000000
fireball_gear
0  -2.610380 -5.576651 48.324734  0.815247 0.576236 0.057660  0.983512 0.123169 1 1 1.000000
0  -2.527146 -5.780150 48.408646  0.920975 0.388556 0.028789  0.986778 0.116725 1 1 1.000000
0  -2.530191 -5.764627 48.296524  0.920975 0.388557 0.028785  0.989781 0.118575 1 1 1.000000
fireball_gear
0  -2.610380 -5.576651 48.324734  0.815247 0.576236 0.057660  0.983512 0.123169 1 1 1.000000
0  -2.607328 -5.592216 48.437126  0.815195 0.576308 0.057674  0.981928 0.119377 1 1 1.000000
0  -2.527146 -5.780150 48.408646  0.920975 0.388556 0.028789  0.986778 0.116725 1 1 1.000000
fireball_gear
0  -2.610380 -5.576651 48.324734  0.815247 0.576236 0.057660  0.983512 0.123169 1 1 1.000000
0  -4.447140 -3.948105 48.714771  0.495106 0.862347 0.105963  0.911519 0.119574 1 1 1.000000
0  -2.607328 -5.592216 48.437126  0.815195 0.576308 0.057674  0.981928 0.119377 1 1 1.000000
fireball_gear
0  -2.610380 -5.576651 48.324734  0.815247 0.576236 0.057660  0.983512 0.123169 1 1 1.000000
0  -4.450192 -3.932542 48.602383  0.495045 0.862381 0.105968  0.910111 0.123169 1 1 1.000000
0  -4.447140 -3.948105 48.714771  0.495106 0.862347 0.105963  0.911519 0.119574 1 1 1.000000
fireball_gear
0  -4.647188 -3.872814 48.616001  0.295728 0.947302 0.123142  0.903924 0.119099 1 1 1.000000
0  -4.447140 -3.948105 48.714771  0.495106 0.862347 0.105963  0.911519 0.119574 1 1 1.000000
0  -4.450192 -3.932542 48.602383  0.495045 0.862381 0.105968  0.910111 0.123169 1 1 1.000000
fireball_gear
0  -4.647188 -3.872814 48.616001  0.295735 0.947297 0.123162  0.903924 0.119099 1 1 1.000000
0  -4.644144 -3.888341 48.728115  0.295735 0.947297 0.123162  0.906729 0.117188 1 1 1.000000
0  -4.447140 -3.948105 48.714771  0.494987 0.862412 0.105984  0.911519 0.119574 1 1 1.000000
fireball_gear
0  -3.208723 -6.245107 48.253136  -0.805646 0.583441 -0.102615  0.228035 0.929602 1 1 1.000000
0  -3.060005 -6.352829 48.234184  0.000000 0.000000 1.000000  0.228035 0.929602 1 1 1.000000
0  -3.060005 -6.352829 48.234184  -0.808796 0.585841 0.051375  0.228035 0.929602 1 1 1.000000
fireball_gear
0  -3.099575 -6.394578 48.354118  -0.056304 -0.228098 0.972009  0.986303 0.093447 1 1 1.000000
0  -2.527146 -5.780150 48.408646  0.045790 -0.130551 0.990384  0.986778 0.116725 1 1 1.000000
0  -2.607328 -5.592216 48.437126  0.040359 -0.127290 0.991044  0.981928 0.119377 1 1 1.000000
fireball_gear
0  -2.607328 -5.592216 48.437126  0.040359 -0.127290 0.991044  0.981928 0.119377 1 1 1.000000
0  -4.447140 -3.948105 48.714771  0.035372 -0.122804 0.991800  0.911519 0.119574 1 1 1.000000
0  -3.099575 -6.394578 48.354118  -0.056304 -0.228098 0.972009  0.986303 0.093447 1 1 1.000000
fireball_gear
0  -3.424496 -6.698863 48.193077  -0.269745 -0.445974 0.853431  0.984611 0.079327 1 1 1.000000
0  -5.685501 -5.056588 48.248558  -0.385854 -0.556097 0.736120  0.908440 0.069722 1 1 1.000000
0  -3.657524 -6.868848 47.942520  -0.385853 -0.556091 0.736125  0.983144 0.068415 1 1 1.000000
fireball_gear
0  -3.424496 -6.698863 48.193077  -0.269745 -0.445974 0.853431  0.984611 0.079327 1 1 1.000000
0  -5.500031 -4.844102 48.506298  -0.269919 -0.446142 0.853288  0.907076 0.080327 1 1 1.000000
0  -5.685501 -5.056588 48.248558  -0.385854 -0.556097 0.736120  0.908440 0.069722 1 1 1.000000
fireball_gear
0  -3.099575 -6.394578 48.354118  -0.056304 -0.228098 0.972009  0.986303 0.093447 1 1 1.000000
0  -5.500031 -4.844102 48.506298  -0.269919 -0.446142 0.853288  0.907076 0.080327 1 1 1.000000
0  -3.424496 -6.698863 48.193077  -0.269745 -0.445974 0.853431  0.984611 0.079327 1 1 1.000000
fireball_gear
0  -3.099575 -6.394578 48.354118  -0.056304 -0.228098 0.972009  0.986303 0.093447 1 1 1.000000
0  -5.205028 -4.513084 48.671852  -0.057627 -0.227680 0.972029  0.906017 0.094460 1 1 1.000000
0  -5.500031 -4.844102 48.506298  -0.269919 -0.446142 0.853288  0.907076 0.080327 1 1 1.000000
fireball_gear
0  -3.099575 -6.394578 48.354118  -0.056304 -0.228098 0.972009  0.986303 0.093447 1 1 1.000000
0  -4.447140 -3.948105 48.714771  0.035372 -0.122804 0.991800  0.911519 0.119574 1 1 1.000000
0  -5.205028 -4.513084 48.671852  -0.057627 -0.227680 0.972029  0.906017 0.094460 1 1 1.000000
fireball_gear
0  -4.447140 -3.948105 48.714771  0.035372 -0.122804 0.991800  0.911519 0.119574 1 1 1.000000
0  -4.644144 -3.888341 48.728115  0.031505 -0.117691 0.992550  0.906729 0.117188 1 1 1.000000
0  -5.205028 -4.513084 48.671852  -0.057627 -0.227680 0.972029  0.906017 0.094460 1 1 1.000000
fireball_gear
0  -3.927126 -6.674942 46.785233  -0.670994 -0.736709 -0.083827  0.980600 0.030846 1 1 1.000000
0  -3.832485 -6.817019 47.276176  -0.663957 -0.747329 0.025721  0.983504 0.047136 1 1 1.000000
0  -5.727900 -5.123219 47.562210  -0.663957 -0.747328 0.025723  0.908035 0.047502 1 1 1.000000
fireball_gear
0  -3.832485 -6.817019 47.276176  -0.663957 -0.747329 0.025721  0.983504 0.047136 1 1 1.000000
0  -5.685501 -5.056588 48.248558  -0.652527 -0.749285 0.113051  0.908440 0.069722 1 1 1.000000
0  -5.727900 -5.123219 47.562210  -0.663957 -0.747328 0.025723  0.908035 0.047502 1 1 1.000000
fireball_gear
0  -3.832485 -6.817019 47.276176  -0.663957 -0.747329 0.025721  0.983504 0.047136 1 1 1.000000
0  -3.657524 -6.868848 47.942520  -0.652524 -0.749287 0.113052  0.983144 0.068415 1 1 1.000000
0  -5.685501 -5.056588 48.248558  -0.652527 -0.749285 0.113051  0.908440 0.069722 1 1 1.000000
fireball_gear
0  -4.184549 -6.387439 46.318863  -0.670987 -0.736719 -0.083793  0.969703 0.015666 1 1 1.000000
0  -4.034340 -6.537453 46.434967  -0.670987 -0.736720 -0.083790  0.975763 0.019331 1 1 1.000000
0  -3.927126 -6.674942 46.785233  -0.670994 -0.736709 -0.083827  0.980600 0.030846 1 1 1.000000
fireball_gear
0  -5.430465 -5.274052 46.506882  -0.670992 -0.736715 -0.083790  0.920939 0.017096 1 1 1.000000
0  -4.184549 -6.387439 46.318863  -0.670987 -0.736719 -0.083793  0.969703 0.015666 1 1 1.000000
0  -3.927126 -6.674942 46.785233  -0.670994 -0.736709 -0.083827  0.980600 0.030846 1 1 1.000000
fireball_gear
0  -3.927126 -6.674942 46.785233  -0.670994 -0.736709 -0.083827  0.980600 0.030846 1 1 1.000000
0  -5.660553 -5.125899 47.046833  -0.670995 -0.736708 -0.083826  0.910747 0.031469 1 1 1.000000
0  -5.430465 -5.274052 46.506882  -0.670992 -0.736715 -0.083790  0.920939 0.017096 1 1 1.000000
fireball_gear
0  -3.927126 -6.674942 46.785233  -0.670994 -0.736709 -0.083827  0.980600 0.030846 1 1 1.000000
0  -5.727900 -5.123219 47.562210  -0.663957 -0.747328 0.025723  0.908035 0.047502 1 1 1.000000
0  -5.660553 -5.125899 47.046833  -0.670995 -0.736708 -0.083826  0.910747 0.031469 1 1 1.000000
fireball_gear
0  -5.660553 -5.125899 47.046833  -0.670995 -0.736708 -0.083826  0.910747 0.031469 1 1 1.000000
0  -5.573164 -5.162313 46.667191  -0.670988 -0.736718 -0.083797  0.915275 0.020575 1 1 1.000000
0  -5.430465 -5.274052 46.506882  -0.670992 -0.736715 -0.083790  0.920939 0.017096 1 1 1.000000
fireball_gear
0  -3.958762 -6.453317 46.437557  0.674987 -0.592798 -0.439298  0.978507 0.016354 1 1 1.000000
0  -3.927126 -6.674942 46.785233  0.694650 -0.612340 -0.377494  0.980600 0.030846 1 1 1.000000
0  -4.034340 -6.537453 46.434967  0.674985 -0.592800 -0.439299  0.975763 0.019331 1 1 1.000000
fireball_gear
0  -3.958762 -6.453317 46.437557  0.674987 -0.592798 -0.439298  0.978507 0.016354 1 1 1.000000
0  -3.847894 -6.586735 46.787956  0.693493 -0.611180 -0.381479  0.984571 0.029318 1 1 1.000000
0  -3.927126 -6.674942 46.785233  0.694650 -0.612340 -0.377494  0.980600 0.030846 1 1 1.000000
fireball_gear
0  -3.847894 -6.586735 46.787956  0.693493 -0.611180 -0.381479  0.984571 0.029318 1 1 1.000000
0  -3.832485 -6.817019 47.276176  0.718263 -0.636556 -0.280882  0.983504 0.047136 1 1 1.000000
0  -3.927126 -6.674942 46.785233  0.694650 -0.612340 -0.377494  0.980600 0.030846 1 1 1.000000
fireball_gear
0  -3.847894 -6.586735 46.787956  0.693493 -0.611180 -0.381479  0.984571 0.029318 1 1 1.000000
0  -3.748175 -6.723161 47.279064  0.716119 -0.639627 -0.279377  0.987676 0.046936 1 1 1.000000
0  -3.832485 -6.817019 47.276176  0.718263 -0.636556 -0.280882  0.983504 0.047136 1 1 1.000000
fireball_gear
0  -3.748175 -6.723161 47.279064  0.716119 -0.639627 -0.279377  0.987676 0.046936 1 1 1.000000
0  -3.657524 -6.868848 47.942520  0.696302 -0.683422 -0.219311  0.983144 0.068415 1 1 1.000000
0  -3.832485 -6.817019 47.276176  0.718263 -0.636556 -0.280882  0.983504 0.047136 1 1 1.000000
fireball_gear
0  -3.748175 -6.723161 47.279064  0.716119 -0.639627 -0.279377  0.987676 0.046936 1 1 1.000000
0  -3.606808 -6.782691 47.835732  0.684609 -0.690905 -0.232295  0.987054 0.066399 1 1 1.000000
0  -3.657524 -6.868848 47.942520  0.696302 -0.683422 -0.219311  0.983144 0.068415 1 1 1.000000
fireball_gear
0  -3.657524 -6.868848 47.942520  0.696302 -0.683422 -0.219311  0.983144 0.068415 1 1 1.000000
0  -3.606808 -6.782691 47.835732  0.684609 -0.690905 -0.232295  0.987054 0.066399 1 1 1.000000
0  -3.378462 -6.624165 48.086319  0.707437 -0.683998 -0.177990  0.989382 0.079175 1 1 1.000000
fireball_gear
0  -3.657524 -6.868848 47.942520  0.696302 -0.683422 -0.219311  0.983144 0.068415 1 1 1.000000
0  -3.378462 -6.624165 48.086319  0.707437 -0.683998 -0.177990  0.989382 0.079175 1 1 1.000000
0  -3.424496 -6.698863 48.193077  0.705955 -0.686555 -0.173982  0.984611 0.079327 1 1 1.000000
fireball_gear
0  -3.052649 -6.323045 48.249969  0.724949 -0.674905 -0.137668  0.990301 0.095307 1 1 1.000000
0  -3.424496 -6.698863 48.193077  0.705955 -0.686555 -0.173982  0.984611 0.079327 1 1 1.000000
0  -3.378462 -6.624165 48.086319  0.707437 -0.683998 -0.177990  0.989382 0.079175 1 1 1.000000
fireball_gear
0  -3.052649 -6.323045 48.249969  0.724949 -0.674905 -0.137668  0.990301 0.095307 1 1 1.000000
0  -3.099575 -6.394578 48.354118  0.719931 -0.679320 -0.142212  0.986303 0.093447 1 1 1.000000
0  -3.424496 -6.698863 48.193077  0.705955 -0.686555 -0.173982  0.984611 0.079327 1 1 1.000000
fireball_gear
0  -3.052649 -6.323045 48.249969  0.724949 -0.674905 -0.137668  0.990301 0.095307 1 1 1.000000
0  -2.527146 -5.780150 48.408646  0.730326 -0.673403 -0.114688  0.986778 0.116725 1 1 1.000000
0  -3.099575 -6.394578 48.354118  0.719931 -0.679320 -0.142212  0.986303 0.093447 1 1 1.000000
fireball_gear
0  -3.052649 -6.323045 48.249969  0.724949 -0.674905 -0.137668  0.990301 0.095307 1 1 1.000000
0  -2.530191 -5.764627 48.296524  0.730233 -0.673768 -0.113120  0.989781 0.118575 1 1 1.000000
0  -2.527146 -5.780150 48.408646  0.730326 -0.673403 -0.114688  0.986778 0.116725 1 1 1.000000
fireball_gear
0  -2.745239 -5.056194 44.284126  -0.018912 0.145874 -0.989122  0.462919 0.940723 1 1 1.000000
0  -5.189295 -4.025348 44.482876  -0.188144 -0.044858 -0.981116  0.385447 0.966184 1 1 1.000000
0  -4.609379 -3.390346 44.565445  -0.018905 0.145881 -0.989121  0.386728 0.940479 1 1 1.000000
fireball_gear
0  -2.745239 -5.056194 44.284126  -0.018912 0.145874 -0.989122  0.462919 0.940723 1 1 1.000000
0  -3.325156 -5.691195 44.201565  -0.188140 -0.044853 -0.981118  0.461638 0.966428 1 1 1.000000
0  -5.189295 -4.025348 44.482876  -0.188144 -0.044858 -0.981116  0.385447 0.966184 1 1 1.000000
fireball_gear
0  -3.325156 -5.691195 44.201565  -0.188140 -0.044853 -0.981118  0.461638 0.966428 1 1 1.000000
0  -5.531773 -4.448843 44.721237  -0.345128 -0.232666 -0.909260  0.386206 0.983892 1 1 1.000000
0  -5.189295 -4.025348 44.482876  -0.188144 -0.044858 -0.981116  0.385447 0.966184 1 1 1.000000
fireball_gear
0  -3.325156 -5.691195 44.201565  -0.188140 -0.044853 -0.981118  0.461638 0.966428 1 1 1.000000
0  -3.667634 -6.114692 44.439926  -0.345128 -0.232665 -0.909260  0.462397 0.984137 1 1 1.000000
0  -5.531773 -4.448843 44.721237  -0.345128 -0.232666 -0.909260  0.386206 0.983892 1 1 1.000000
fireball_gear
0  -4.609379 -3.390346 44.565445  -0.587507 0.637558 -0.498353  0.381395 0.939386 1 1 1.000000
0  -5.318735 -3.931177 44.709816  -0.696980 0.440861 -0.565563  0.373237 0.965958 1 1 1.000000
0  -4.861917 -3.438498 44.819450  -0.594322 0.654931 -0.466741  0.371837 0.945071 1 1 1.000000
fireball_gear
0  -4.609379 -3.390346 44.565445  -0.587507 0.637558 -0.498353  0.381395 0.939386 1 1 1.000000
0  -5.189295 -4.025348 44.482876  -0.670000 0.472602 -0.572492  0.381745 0.965968 1 1 1.000000
0  -5.318735 -3.931177 44.709816  -0.696980 0.440861 -0.565563  0.373237 0.965958 1 1 1.000000
fireball_gear
0  -5.189295 -4.025348 44.482876  -0.670000 0.472602 -0.572492  0.381745 0.965968 1 1 1.000000
0  -5.578739 -4.254938 44.904099  -0.776309 0.313594 -0.546812  0.367562 0.978146 1 1 1.000000
0  -5.318735 -3.931177 44.709816  -0.696980 0.440861 -0.565563  0.373237 0.965958 1 1 1.000000
fireball_gear
0  -5.189295 -4.025348 44.482876  -0.670000 0.472602 -0.572492  0.381745 0.965968 1 1 1.000000
0  -5.531773 -4.448843 44.721237  -0.776154 0.322803 -0.541649  0.374713 0.982002 1 1 1.000000
0  -5.578739 -4.254938 44.904099  -0.776309 0.313594 -0.546812  0.367562 0.978146 1 1 1.000000
fireball_gear
0  -3.182446 -5.840227 44.387428  0.423455 -0.525028 -0.738263  0.468298 0.967961 1 1 1.000000
0  -3.667634 -6.114692 44.439926  0.289880 -0.647295 -0.704967  0.462397 0.984137 1 1 1.000000
0  -3.325156 -5.691195 44.201565  0.455598 -0.505615 -0.732656  0.461638 0.966428 1 1 1.000000
fireball_gear
0  -3.182446 -5.840227 44.387428  0.423455 -0.525028 -0.738263  0.468298 0.967961 1 1 1.000000
0  -3.442451 -6.163989 44.581703  0.294962 -0.654571 -0.696085  0.468944 0.981522 1 1 1.000000
0  -3.667634 -6.114692 44.439926  0.289880 -0.647295 -0.704967  0.462397 0.984137 1 1 1.000000
fireball_gear
0  -5.531773 -4.448843 44.721237  -0.984614 -0.070521 -0.159878  0.018254 0.702930 1 1 1.000000
0  -5.681616 -4.498740 45.666058  -0.996630 -0.036786 -0.073314  0.045626 0.707940 1 1 1.000000
0  -5.578739 -4.254938 44.904099  -0.983212 -0.086775 -0.160515  0.023422 0.709334 1 1 1.000000
fireball_gear
0  -5.531773 -4.448843 44.721237  -0.984614 -0.070521 -0.159878  0.018254 0.702930 1 1 1.000000
0  -5.670766 -4.757830 45.629887  -0.997461 -0.032955 -0.063138  0.044624 0.701090 1 1 1.000000
0  -5.681616 -4.498740 45.666058  -0.996630 -0.036786 -0.073314  0.045626 0.707940 1 1 1.000000
fireball_gear
0  -5.619194 -5.020766 47.528641  -0.996490 -0.050981 0.066391  0.102004 0.700974 1 1 1.000000
0  -5.681616 -4.498740 45.666058  -0.996630 -0.036786 -0.073314  0.045626 0.707940 1 1 1.000000
0  -5.670766 -4.757830 45.629887  -0.997461 -0.032955 -0.063138  0.044624 0.701090 1 1 1.000000
fireball_gear
0  -5.619194 -5.020766 47.528641  -0.996490 -0.050981 0.066391  0.102004 0.700974 1 1 1.000000
0  -5.630044 -4.761677 47.564816  -0.996274 -0.051389 0.069268  0.103006 0.707824 1 1 1.000000
0  -5.681616 -4.498740 45.666058  -0.996630 -0.036786 -0.073314  0.045626 0.707940 1 1 1.000000
fireball_gear
0  -5.619194 -5.020766 47.528641  -0.996490 -0.050981 0.066391  0.102004 0.700974 1 1 1.000000
0  -5.566732 -4.781609 48.102371  -0.945371 -0.082126 0.315482  0.119576 0.708322 1 1 1.000000
0  -5.630044 -4.761677 47.564816  -0.996274 -0.051389 0.069268  0.103006 0.707824 1 1 1.000000
fireball_gear
0  -5.619194 -5.020766 47.528641  -0.996490 -0.050981 0.066391  0.102004 0.700974 1 1 1.000000
0  -5.555903 -5.040734 48.066273  -0.963326 -0.076105 0.257314  0.118576 0.701472 1 1 1.000000
0  -5.566732 -4.781609 48.102371  -0.945371 -0.082126 0.315482  0.119576 0.708322 1 1 1.000000
fireball_gear
0  -5.424449 -4.940642 48.344643  -0.884773 -0.097273 0.455756  0.127813 0.702806 1 1 1.000000
0  -5.566732 -4.781609 48.102371  -0.945371 -0.082126 0.315482  0.119576 0.708322 1 1 1.000000
0  -5.555903 -5.040734 48.066273  -0.963326 -0.076105 0.257314  0.118576 0.701472 1 1 1.000000
fireball_gear
0  -5.424449 -4.940642 48.344643  -0.884773 -0.097273 0.455756  0.127813 0.702806 1 1 1.000000
0  -5.433770 -4.679854 48.380894  -0.884393 -0.095129 0.456946  0.128827 0.709673 1 1 1.000000
0  -5.566732 -4.781609 48.102371  -0.945371 -0.082126 0.315482  0.119576 0.708322 1 1 1.000000
fireball_gear
0  -5.318735 -3.931177 44.709816  -0.740975 0.662157 0.111821  0.373237 0.965958 1 1 1.000000
0  -4.836289 -3.569167 45.763046  -0.740975 0.662158 0.111821  0.348123 0.944995 1 1 1.000000
0  -4.861917 -3.438498 44.819450  -0.740977 0.662155 0.111821  0.371837 0.945071 1 1 1.000000
fireball_gear
0  -5.301469 -4.399470 47.597275  -0.740975 0.662157 0.111821  0.300487 0.968539 1 1 1.000000
0  -4.758928 -3.963573 48.611183  -0.740974 0.662158 0.111821  0.276544 0.944765 1 1 1.000000
0  -4.784714 -3.832105 47.661804  -0.740973 0.662160 0.111821  0.300403 0.944842 1 1 1.000000
fireball_gear
0  -5.301469 -4.399470 47.597275  -0.740975 0.662157 0.111821  0.300487 0.968539 1 1 1.000000
0  -4.784714 -3.832105 47.661804  -0.740973 0.662160 0.111821  0.300403 0.944842 1 1 1.000000
0  -4.836289 -3.569167 45.763046  -0.740975 0.662158 0.111821  0.348123 0.944995 1 1 1.000000
fireball_gear
0  -5.301469 -4.399470 47.597275  -0.740975 0.662157 0.111821  0.300487 0.968539 1 1 1.000000
0  -4.836289 -3.569167 45.763046  -0.740975 0.662158 0.111821  0.348123 0.944995 1 1 1.000000
0  -5.353042 -4.136533 45.698513  -0.740975 0.662157 0.111821  0.348206 0.968692 1 1 1.000000
fireball_gear
0  -5.318735 -3.931177 44.709816  -0.740975 0.662157 0.111821  0.373237 0.965958 1 1 1.000000
0  -5.353042 -4.136533 45.698513  -0.740975 0.662157 0.111821  0.348206 0.968692 1 1 1.000000
0  -4.836289 -3.569167 45.763046  -0.740975 0.662158 0.111821  0.348123 0.944995 1 1 1.000000
fireball_gear
0  -5.578739 -4.254938 44.904099  -0.740974 0.662158 0.111822  0.367562 0.978146 1 1 1.000000
0  -5.353042 -4.136533 45.698513  -0.740975 0.662157 0.111821  0.348206 0.968692 1 1 1.000000
0  -5.318735 -3.931177 44.709816  -0.740975 0.662157 0.111821  0.373237 0.965958 1 1 1.000000
fireball_gear
0  -5.578739 -4.254938 44.904099  -0.740974 0.662158 0.111822  0.367562 0.978146 1 1 1.000000
0  -5.681616 -4.498740 45.666058  -0.740976 0.662156 0.111822  0.348043 0.983770 1 1 1.000000
0  -5.353042 -4.136533 45.698513  -0.740975 0.662157 0.111821  0.348206 0.968692 1 1 1.000000
fireball_gear
0  -5.630044 -4.761677 47.564816  -0.740976 0.662156 0.111821  0.300324 0.983617 1 1 1.000000
0  -5.353042 -4.136533 45.698513  -0.740975 0.662157 0.111821  0.348206 0.968692 1 1 1.000000
0  -5.681616 -4.498740 45.666058  -0.740976 0.662156 0.111822  0.348043 0.983770 1 1 1.000000
fireball_gear
0  -5.630044 -4.761677 47.564816  -0.740976 0.662156 0.111821  0.300324 0.983617 1 1 1.000000
0  -5.301469 -4.399470 47.597275  -0.740975 0.662157 0.111821  0.300487 0.968539 1 1 1.000000
0  -5.353042 -4.136533 45.698513  -0.740975 0.662157 0.111821  0.348206 0.968692 1 1 1.000000
fireball_gear
0  -5.301469 -4.399470 47.597275  -0.740975 0.662157 0.111821  0.300487 0.968539 1 1 1.000000
0  -5.630044 -4.761677 47.564816  -0.740976 0.662156 0.111821  0.300324 0.983617 1 1 1.000000
0  -5.566732 -4.781609 48.102371  -0.740974 0.662158 0.111823  0.286960 0.981332 1 1 1.000000
fireball_gear
0  -5.301469 -4.399470 47.597275  -0.740975 0.662157 0.111821  0.300487 0.968539 1 1 1.000000
0  -5.566732 -4.781609 48.102371  -0.740974 0.662158 0.111823  0.286960 0.981332 1 1 1.000000
0  -5.433770 -4.679854 48.380894  -0.740977 0.662155 0.111822  0.280334 0.975541 1 1 1.000000
fireball_gear
0  -5.433770 -4.679854 48.380894  -0.740977 0.662155 0.111822  0.280334 0.975541 1 1 1.000000
0  -5.196297 -4.443779 48.556564  -0.740978 0.662154 0.111821  0.276615 0.964822 1 1 1.000000
0  -5.301469 -4.399470 47.597275  -0.740975 0.662157 0.111821  0.300487 0.968539 1 1 1.000000
fireball_gear
0  -5.301469 -4.399470 47.597275  -0.740975 0.662157 0.111821  0.300487 0.968539 1 1 1.000000
0  -5.196297 -4.443779 48.556564  -0.740976 0.662156 0.111822  0.276615 0.964822 1 1 1.000000
0  -4.758928 -3.963573 48.611183  -0.740974 0.662158 0.111821  0.276544 0.944765 1 1 1.000000
fireball_gear
0  -2.648425 -5.741155 47.339417  0.740974 -0.662158 -0.111821  0.243293 0.758334 1 1 1.000000
0  -2.622639 -5.872623 48.288799  0.740976 -0.662157 -0.111819  0.272781 0.757439 1 1 1.000000
0  -3.060005 -6.352829 48.234184  0.740976 -0.662157 -0.111820  0.273315 0.776959 1 1 1.000000
fireball_gear
0  -3.182446 -5.840227 44.387428  0.740976 -0.662156 -0.111821  0.153928 0.781387 1 1 1.000000
0  -3.545329 -6.407789 45.343670  0.740975 -0.662157 -0.111821  0.185618 0.797853 1 1 1.000000
0  -3.442451 -6.163989 44.581703  0.740973 -0.662159 -0.111822  0.161319 0.793052 1 1 1.000000
fireball_gear
0  -3.182446 -5.840227 44.387428  0.740976 -0.662156 -0.111821  0.153928 0.781387 1 1 1.000000
0  -3.216752 -6.045584 45.376133  0.740975 -0.662157 -0.111821  0.184949 0.783187 1 1 1.000000
0  -3.545329 -6.407789 45.343670  0.740975 -0.662157 -0.111821  0.185618 0.797853 1 1 1.000000
fireball_gear
0  -2.725628 -5.347547 44.497063  0.740976 -0.662156 -0.111821  0.155010 0.761013 1 1 1.000000
0  -3.216752 -6.045584 45.376133  0.740975 -0.662157 -0.111821  0.184949 0.783187 1 1 1.000000
0  -3.182446 -5.840227 44.387428  0.740976 -0.662156 -0.111821  0.153928 0.781387 1 1 1.000000
fireball_gear
0  -2.725628 -5.347547 44.497063  0.740976 -0.662156 -0.111821  0.155010 0.761013 1 1 1.000000
0  -2.699999 -5.478218 45.440662  0.740974 -0.662158 -0.111822  0.184318 0.760124 1 1 1.000000
0  -3.216752 -6.045584 45.376133  0.740975 -0.662157 -0.111821  0.184949 0.783187 1 1 1.000000
fireball_gear
0  -2.648425 -5.741155 47.339417  0.740974 -0.662158 -0.111821  0.243293 0.758334 1 1 1.000000
0  -3.216752 -6.045584 45.376133  0.740975 -0.662157 -0.111821  0.184949 0.783187 1 1 1.000000
0  -2.699999 -5.478218 45.440662  0.740974 -0.662158 -0.111822  0.184318 0.760124 1 1 1.000000
fireball_gear
0  -2.648425 -5.741155 47.339417  0.740974 -0.662158 -0.111821  0.243293 0.758334 1 1 1.000000
0  -3.165179 -6.308522 47.274887  0.740974 -0.662158 -0.111821  0.243924 0.781397 1 1 1.000000
0  -3.216752 -6.045584 45.376133  0.740975 -0.662157 -0.111821  0.184949 0.783187 1 1 1.000000
fireball_gear
0  -2.648425 -5.741155 47.339417  0.740974 -0.662158 -0.111821  0.243293 0.758334 1 1 1.000000
0  -3.060005 -6.352829 48.234184  0.740976 -0.662157 -0.111820  0.273315 0.776959 1 1 1.000000
0  -3.165179 -6.308522 47.274887  0.740974 -0.662158 -0.111821  0.243924 0.781397 1 1 1.000000
fireball_gear
0  -3.165179 -6.308522 47.274887  0.740974 -0.662158 -0.111821  0.243924 0.781397 1 1 1.000000
0  -3.060005 -6.352829 48.234184  0.740976 -0.662157 -0.111820  0.273315 0.776959 1 1 1.000000
0  -3.297482 -6.588906 48.058506  0.740974 -0.662158 -0.111821  0.269049 0.787518 1 1 1.000000
fireball_gear
0  -3.297482 -6.588906 48.058506  0.740974 -0.662158 -0.111821  0.269049 0.787518 1 1 1.000000
0  -3.430443 -6.690658 47.779984  0.740970 -0.662163 -0.111823  0.261040 0.793381 1 1 1.000000
0  -3.165179 -6.308522 47.274887  0.740974 -0.662158 -0.111821  0.243924 0.781397 1 1 1.000000
fireball_gear
0  -3.430443 -6.690658 47.779984  0.740970 -0.662163 -0.111823  0.261040 0.793381 1 1 1.000000
0  -3.493755 -6.670728 47.242428  0.740974 -0.662158 -0.111821  0.244593 0.796064 1 1 1.000000
0  -3.165179 -6.308522 47.274887  0.740974 -0.662158 -0.111821  0.243924 0.781397 1 1 1.000000
fireball_gear
0  -3.165179 -6.308522 47.274887  0.740974 -0.662158 -0.111821  0.243924 0.781397 1 1 1.000000
0  -3.493755 -6.670728 47.242428  0.740974 -0.662158 -0.111821  0.244593 0.796064 1 1 1.000000
0  -3.545329 -6.407789 45.343670  0.740975 -0.662157 -0.111821  0.185618 0.797853 1 1 1.000000
fireball_gear
0  -3.165179 -6.308522 47.274887  0.740974 -0.662158 -0.111821  0.243924 0.781397 1 1 1.000000
0  -3.545329 -6.407789 45.343670  0.740975 -0.662157 -0.111821  0.185618 0.797853 1 1 1.000000
0  -3.216752 -6.045584 45.376133  0.740975 -0.662157 -0.111821  0.184949 0.783187 1 1 1.000000
fireball_gear
0  -4.499628 -3.949883 48.606033  -0.049480 0.989151 0.138320  0.279848 0.939060 1 1 1.000000
0  -4.784714 -3.832105 47.661804  -0.049489 0.989150 0.138321  0.300403 0.944842 1 1 1.000000
0  -4.758928 -3.963573 48.611183  -0.049478 0.989151 0.138319  0.276544 0.944765 1 1 1.000000
fireball_gear
0  -4.499628 -3.949883 48.606033  -0.049480 0.989151 0.138320  0.279848 0.939060 1 1 1.000000
0  -4.525416 -3.818412 47.656658  -0.049489 0.989150 0.138322  0.303707 0.939137 1 1 1.000000
0  -4.784714 -3.832105 47.661804  -0.049489 0.989150 0.138321  0.300403 0.944842 1 1 1.000000
fireball_gear
0  -4.784714 -3.832105 47.661804  -0.049489 0.989150 0.138321  0.300403 0.944842 1 1 1.000000
0  -4.525416 -3.818412 47.656658  -0.049489 0.989150 0.138322  0.303707 0.939137 1 1 1.000000
0  -4.576990 -3.555475 45.757904  -0.049489 0.989150 0.138321  0.351427 0.939290 1 1 1.000000
fireball_gear
0  -4.784714 -3.832105 47.661804  -0.049489 0.989150 0.138321  0.300403 0.944842 1 1 1.000000
0  -4.576990 -3.555475 45.757904  -0.049489 0.989150 0.138321  0.351427 0.939290 1 1 1.000000
0  -4.836289 -3.569167 45.763046  -0.049490 0.989150 0.138322  0.348123 0.944995 1 1 1.000000
fireball_gear
0  -4.576990 -3.555475 45.757904  -0.049489 0.989150 0.138321  0.351427 0.939290 1 1 1.000000
0  -4.861917 -3.438498 44.819450  -0.049482 0.989151 0.138320  0.371837 0.945071 1 1 1.000000
0  -4.836289 -3.569167 45.763046  -0.049490 0.989150 0.138322  0.348123 0.944995 1 1 1.000000
fireball_gear
0  -4.576990 -3.555475 45.757904  -0.049489 0.989150 0.138321  0.351427 0.939290 1 1 1.000000
0  -4.609379 -3.390346 44.565445  -0.049481 0.989151 0.138319  0.381395 0.939386 1 1 1.000000
0  -4.861917 -3.438498 44.819450  -0.049482 0.989151 0.138320  0.371837 0.945071 1 1 1.000000
fireball_gear
0  -3.806629 -6.423679 45.348572  0.049967 -0.975014 -0.216453  0.185880 0.804731 1 1 1.000000
0  -3.667634 -6.114692 44.439926  -0.004157 -0.946556 -0.322514  0.156820 0.798276 1 1 1.000000
0  -3.442451 -6.163989 44.581703  0.004059 -0.947742 -0.319013  0.161319 0.793052 1 1 1.000000
fireball_gear
0  -3.806629 -6.423679 45.348572  0.049967 -0.975014 -0.216453  0.185880 0.804731 1 1 1.000000
0  -3.442451 -6.163989 44.581703  0.004059 -0.947742 -0.319013  0.161319 0.793052 1 1 1.000000
0  -3.545329 -6.407789 45.343670  0.055003 -0.973291 -0.222890  0.185618 0.797853 1 1 1.000000
fireball_gear
0  -3.493755 -6.670728 47.242428  0.058783 -0.994208 -0.089973  0.244593 0.796064 1 1 1.000000
0  -3.806629 -6.423679 45.348572  0.049967 -0.975014 -0.216453  0.185880 0.804731 1 1 1.000000
0  -3.545329 -6.407789 45.343670  0.055003 -0.973291 -0.222890  0.185618 0.797853 1 1 1.000000
fireball_gear
0  -3.493755 -6.670728 47.242428  0.058783 -0.994208 -0.089973  0.244593 0.796064 1 1 1.000000
0  -3.755054 -6.686616 47.247326  0.058695 -0.993947 -0.092867  0.244855 0.802941 1 1 1.000000
0  -3.806629 -6.423679 45.348572  0.049967 -0.975014 -0.216453  0.185880 0.804731 1 1 1.000000
fireball_gear
0  -3.691764 -6.706583 47.784958  0.063438 -0.992637 0.103188  0.261305 0.800260 1 1 1.000000
0  -3.755054 -6.686616 47.247326  0.058695 -0.993947 -0.092867  0.244855 0.802941 1 1 1.000000
0  -3.493755 -6.670728 47.242428  0.058783 -0.994208 -0.089973  0.244593 0.796064 1 1 1.000000
fireball_gear
0  -3.691764 -6.706583 47.784958  0.063438 -0.992637 0.103188  0.261305 0.800260 1 1 1.000000
0  -3.493755 -6.670728 47.242428  0.058783 -0.994208 -0.089973  0.244593 0.796064 1 1 1.000000
0  -3.430443 -6.690658 47.779984  0.063131 -0.984218 0.165314  0.261040 0.793381 1 1 1.000000
fireball_gear
0  -3.297482 -6.588906 48.058506  0.066753 -0.947879 0.311560  0.269049 0.787518 1 1 1.000000
0  -3.691764 -6.706583 47.784958  0.063438 -0.992637 0.103188  0.261305 0.800260 1 1 1.000000
0  -3.430443 -6.690658 47.779984  0.063131 -0.984218 0.165314  0.261040 0.793381 1 1 1.000000
fireball_gear
0  -3.297482 -6.588906 48.058506  0.066753 -0.947879 0.311560  0.269049 0.787518 1 1 1.000000
0  -3.560309 -6.606493 48.063328  0.069147 -0.948717 0.308471  0.269317 0.794464 1 1 1.000000
0  -3.691764 -6.706583 47.784958  0.063438 -0.992637 0.103188  0.261305 0.800260 1 1 1.000000
fireball_gear
0  -2.699999 -5.478218 45.440662  0.998413 0.052717 -0.019818  0.056217 0.982833 1 1 1.000000
0  -2.725628 -5.347547 44.497063  0.998413 0.052721 -0.019816  0.027793 0.982742 1 1 1.000000
0  -2.745239 -5.056194 44.284126  0.998413 0.052720 -0.019817  0.021384 0.976008 1 1 1.000000
fireball_gear
0  -2.699999 -5.478218 45.440662  0.998413 0.052717 -0.019818  0.056217 0.982833 1 1 1.000000
0  -2.745239 -5.056194 44.284126  0.998413 0.052720 -0.019817  0.021384 0.976008 1 1 1.000000
0  -2.712850 -5.221323 45.476585  0.998413 0.052717 -0.019819  0.057304 0.976123 1 1 1.000000
fireball_gear
0  -2.661276 -5.484262 47.375347  0.998413 0.052718 -0.019818  0.114499 0.976306 1 1 1.000000
0  -2.699999 -5.478218 45.440662  0.998413 0.052717 -0.019818  0.056217 0.982833 1 1 1.000000
0  -2.712850 -5.221323 45.476585  0.998413 0.052717 -0.019819  0.057304 0.976123 1 1 1.000000
fireball_gear
0  -2.661276 -5.484262 47.375347  0.998413 0.052718 -0.019818  0.114499 0.976306 1 1 1.000000
0  -2.648425 -5.741155 47.339417  0.998413 0.052718 -0.019818  0.113412 0.983017 1 1 1.000000
0  -2.699999 -5.478218 45.440662  0.998413 0.052717 -0.019818  0.056217 0.982833 1 1 1.000000
fireball_gear
0  -2.622639 -5.872623 48.288799  0.998413 0.052718 -0.019818  0.142009 0.983109 1 1 1.000000
0  -2.648425 -5.741155 47.339417  0.998413 0.052718 -0.019818  0.113412 0.983017 1 1 1.000000
0  -2.661276 -5.484262 47.375347  0.998413 0.052718 -0.019818  0.114499 0.976306 1 1 1.000000
fireball_gear
0  -2.622639 -5.872623 48.288799  0.998413 0.052718 -0.019818  0.142009 0.983109 1 1 1.000000
0  -2.661276 -5.484262 47.375347  0.998413 0.052718 -0.019818  0.114499 0.976306 1 1 1.000000
0  -2.635490 -5.615730 48.324715  0.998413 0.052718 -0.019818  0.143097 0.976398 1 1 1.000000
fireball_gear
0  -4.609379 -3.390346 44.565445  0.670993 0.736714 0.083793  0.017621 0.900314 1 1 1.000000
0  -2.712850 -5.221323 45.476585  0.670993 0.736714 0.083794  0.057304 0.976123 1 1 1.000000
0  -2.745239 -5.056194 44.284126  0.670992 0.736715 0.083794  0.021384 0.976008 1 1 1.000000
fireball_gear
0  -4.609379 -3.390346 44.565445  0.670993 0.736714 0.083793  0.017621 0.900314 1 1 1.000000
0  -4.576990 -3.555475 45.757904  0.670993 0.736713 0.083793  0.053541 0.900430 1 1 1.000000
0  -2.712850 -5.221323 45.476585  0.670993 0.736714 0.083794  0.057304 0.976123 1 1 1.000000
fireball_gear
0  -4.525416 -3.818412 47.656658  0.670993 0.736713 0.083794  0.110736 0.900613 1 1 1.000000
0  -2.712850 -5.221323 45.476585  0.670993 0.736714 0.083794  0.057304 0.976123 1 1 1.000000
0  -4.576990 -3.555475 45.757904  0.670993 0.736713 0.083793  0.053541 0.900430 1 1 1.000000
fireball_gear
0  -4.525416 -3.818412 47.656658  0.670993 0.736713 0.083794  0.110736 0.900613 1 1 1.000000
0  -2.661276 -5.484262 47.375347  0.670993 0.736714 0.083794  0.114499 0.976306 1 1 1.000000
0  -2.712850 -5.221323 45.476585  0.670993 0.736714 0.083794  0.057304 0.976123 1 1 1.000000
fireball_gear
0  -4.525416 -3.818412 47.656658  0.670993 0.736713 0.083794  0.110736 0.900613 1 1 1.000000
0  -2.635490 -5.615730 48.324715  0.670991 0.736715 0.083795  0.143097 0.976398 1 1 1.000000
0  -2.661276 -5.484262 47.375347  0.670993 0.736714 0.083794  0.114499 0.976306 1 1 1.000000
fireball_gear
0  -4.525416 -3.818412 47.656658  0.670993 0.736713 0.083794  0.110736 0.900613 1 1 1.000000
0  -4.499628 -3.949883 48.606033  0.670994 0.736713 0.083794  0.139333 0.900705 1 1 1.000000
0  -2.635490 -5.615730 48.324715  0.670991 0.736715 0.083795  0.143097 0.976398 1 1 1.000000
fireball_gear
0  -3.667634 -6.114692 44.439926  -0.656057 -0.678255 -0.330998  0.022384 0.627717 1 1 1.000000
0  -5.670766 -4.757830 45.629887  -0.668963 -0.713282 -0.209089  0.044624 0.701090 1 1 1.000000
0  -5.531773 -4.448843 44.721237  -0.656057 -0.678256 -0.330996  0.018254 0.702930 1 1 1.000000
fireball_gear
0  -3.667634 -6.114692 44.439926  -0.656057 -0.678255 -0.330998  0.022384 0.627717 1 1 1.000000
0  -3.806629 -6.423679 45.348572  -0.668963 -0.713280 -0.209095  0.048754 0.625877 1 1 1.000000
0  -5.670766 -4.757830 45.629887  -0.668963 -0.713282 -0.209089  0.044624 0.701090 1 1 1.000000
fireball_gear
0  -3.755054 -6.686616 47.247326  -0.667656 -0.744278 -0.016911  0.106134 0.625760 1 1 1.000000
0  -5.670766 -4.757830 45.629887  -0.668963 -0.713282 -0.209089  0.044624 0.701090 1 1 1.000000
0  -3.806629 -6.423679 45.348572  -0.668963 -0.713280 -0.209095  0.048754 0.625877 1 1 1.000000
fireball_gear
0  -3.755054 -6.686616 47.247326  -0.667656 -0.744278 -0.016911  0.106134 0.625760 1 1 1.000000
0  -5.619194 -5.020766 47.528641  -0.667659 -0.744276 -0.016910  0.102004 0.700974 1 1 1.000000
0  -5.670766 -4.757830 45.629887  -0.668963 -0.713282 -0.209089  0.044624 0.701090 1 1 1.000000
fireball_gear
0  -3.755054 -6.686616 47.247326  -0.667656 -0.744278 -0.016911  0.106134 0.625760 1 1 1.000000
0  -5.555903 -5.040734 48.066273  -0.615303 -0.736152 0.281928  0.118576 0.701472 1 1 1.000000
0  -5.619194 -5.020766 47.528641  -0.667659 -0.744276 -0.016910  0.102004 0.700974 1 1 1.000000
fireball_gear
0  -3.755054 -6.686616 47.247326  -0.667656 -0.744278 -0.016911  0.106134 0.625760 1 1 1.000000
0  -3.691764 -6.706583 47.784958  -0.615304 -0.736152 0.281924  0.122706 0.626258 1 1 1.000000
0  -5.555903 -5.040734 48.066273  -0.615303 -0.736152 0.281928  0.118576 0.701472 1 1 1.000000
fireball_gear
0  -3.560309 -6.606493 48.063328  -0.534848 -0.682594 0.497999  0.131943 0.627592 1 1 1.000000
0  -5.555903 -5.040734 48.066273  -0.615303 -0.736152 0.281928  0.118576 0.701472 1 1 1.000000
0  -3.691764 -6.706583 47.784958  -0.615304 -0.736152 0.281924  0.122706 0.626258 1 1 1.000000
fireball_gear
0  -3.560309 -6.606493 48.063328  -0.534848 -0.682594 0.497999  0.131943 0.627592 1 1 1.000000
0  -5.424449 -4.940642 48.344643  -0.534842 -0.682597 0.498001  0.127813 0.702806 1 1 1.000000
0  -5.555903 -5.040734 48.066273  -0.615303 -0.736152 0.281928  0.118576 0.701472 1 1 1.000000
fireball_gear
0  5.290966 3.542043 47.597622  0.050890 0.185164 -0.981389  0.921709 0.463106 1 1 1.000000
0  6.489519 2.368272 47.438366  0.050890 0.185164 -0.981389  0.971342 0.458947 1 1 1.000000
0  6.406622 2.296555 47.420532  0.050890 0.185164 -0.981389  0.972378 0.462250 1 1 1.000000
fireball_gear
0  5.290966 3.542043 47.597622  0.050948 0.185136 -0.981391  0.921709 0.463106 1 1 1.000000
0  5.373863 3.613763 47.615452  0.050948 0.185136 -0.981391  0.922568 0.459528 1 1 1.000000
0  6.489519 2.368272 47.438366  0.050948 0.185136 -0.981391  0.971342 0.458947 1 1 1.000000
fireball_gear
0  6.535509 2.128541 47.537483  0.423878 -0.275423 -0.862827  0.979742 0.457911 1 1 1.000000
0  6.489519 2.368272 47.438366  0.423866 -0.275423 -0.862832  0.971342 0.458947 1 1 1.000000
0  6.619951 2.201596 47.555645  0.423886 -0.275422 -0.862823  0.976995 0.455166 1 1 1.000000
fireball_gear
0  6.535509 2.128541 47.537483  0.423878 -0.275423 -0.862827  0.979742 0.457911 1 1 1.000000
0  6.406622 2.296555 47.420532  0.423858 -0.275424 -0.862836  0.972378 0.462250 1 1 1.000000
0  6.489519 2.368272 47.438366  0.423866 -0.275423 -0.862832  0.971342 0.458947 1 1 1.000000
fireball_gear
0  5.290966 3.542043 47.597622  -0.340626 0.578079 -0.741484  0.921709 0.463106 1 1 1.000000
0  5.242010 3.739898 47.774364  -0.340621 0.578083 -0.741483  0.916504 0.456179 1 1 1.000000
0  5.373863 3.613763 47.615452  -0.340628 0.578077 -0.741484  0.922568 0.459528 1 1 1.000000
fireball_gear
0  5.290966 3.542043 47.597622  -0.340626 0.578079 -0.741484  0.921709 0.463106 1 1 1.000000
0  5.157568 3.666842 47.756195  -0.340619 0.578085 -0.741483  0.913950 0.459170 1 1 1.000000
0  5.242010 3.739898 47.774364  -0.340621 0.578083 -0.741483  0.916504 0.456179 1 1 1.000000
fireball_gear
0  3.679346 2.629596 49.400223  -0.958245 -0.282172 -0.046334  0.903921 0.356530 1 1 1.000000
0  3.737754 2.417475 49.484112  -0.873789 -0.480486 -0.075010  0.911527 0.356052 1 1 1.000000
0  3.678771 2.613153 49.512253  -0.958244 -0.282172 -0.046335  0.906731 0.358443 1 1 1.000000
fireball_gear
0  3.679346 2.629596 49.400223  -0.958245 -0.282172 -0.046334  0.903921 0.356530 1 1 1.000000
0  3.738329 2.433959 49.371815  -0.873839 -0.480397 -0.074996  0.910117 0.352454 1 1 1.000000
0  3.737754 2.417475 49.484112  -0.873789 -0.480486 -0.075010  0.911527 0.356052 1 1 1.000000
fireball_gear
0  5.385788 0.594776 49.110313  -0.587139 -0.800466 -0.120507  0.983515 0.352454 1 1 1.000000
0  3.737754 2.417475 49.484112  -0.873789 -0.480486 -0.075010  0.911527 0.356052 1 1 1.000000
0  3.738329 2.433959 49.371815  -0.873839 -0.480397 -0.074996  0.910117 0.352454 1 1 1.000000
fireball_gear
0  5.385788 0.594776 49.110313  -0.587139 -0.800466 -0.120507  0.983515 0.352454 1 1 1.000000
0  5.385212 0.578291 49.222618  -0.587213 -0.800413 -0.120501  0.981934 0.356244 1 1 1.000000
0  3.737754 2.417475 49.484112  -0.873789 -0.480486 -0.075010  0.911527 0.356052 1 1 1.000000
fireball_gear
0  5.385788 0.594776 49.110313  -0.587139 -0.800466 -0.120507  0.983515 0.352454 1 1 1.000000
0  5.574433 0.496881 49.211353  -0.398379 -0.907201 -0.135203  0.986775 0.358891 1 1 1.000000
0  5.385212 0.578291 49.222618  -0.587213 -0.800413 -0.120501  0.981934 0.356244 1 1 1.000000
fireball_gear
0  5.385788 0.594776 49.110313  -0.587139 -0.800466 -0.120507  0.983515 0.352454 1 1 1.000000
0  5.575009 0.513323 49.099331  -0.398379 -0.907202 -0.135200  0.989773 0.357044 1 1 1.000000
0  5.574433 0.496881 49.211353  -0.398379 -0.907201 -0.135203  0.986775 0.358891 1 1 1.000000
fireball_gear
0  3.678771 2.613153 49.512253  -0.024662 -0.149584 0.988441  0.906731 0.358443 1 1 1.000000
0  3.737754 2.417475 49.484112  -0.019554 -0.153449 0.987963  0.911527 0.356052 1 1 1.000000
0  4.311033 3.159605 49.610725  0.088016 -0.061664 0.994209  0.906035 0.381234 1 1 1.000000
fireball_gear
0  6.196359 1.054873 49.311474  0.088435 -0.062983 0.994089  0.986310 0.382102 1 1 1.000000
0  4.311033 3.159605 49.610725  0.088016 -0.061664 0.994209  0.906035 0.381234 1 1 1.000000
0  3.737754 2.417475 49.484112  -0.019554 -0.153449 0.987963  0.911527 0.356052 1 1 1.000000
fireball_gear
0  6.196359 1.054873 49.311474  0.088435 -0.062983 0.994089  0.986310 0.382102 1 1 1.000000
0  4.665274 3.462714 49.529209  0.323319 0.156954 0.933183  0.907142 0.395495 1 1 1.000000
0  4.311033 3.159605 49.610725  0.088016 -0.061664 0.994209  0.906035 0.381234 1 1 1.000000
fireball_gear
0  6.196359 1.054873 49.311474  0.088435 -0.062983 0.994089  0.986310 0.382102 1 1 1.000000
0  6.523813 1.387887 49.234207  0.323176 0.156775 0.933262  0.984661 0.396088 1 1 1.000000
0  4.665274 3.462714 49.529209  0.323319 0.156954 0.933183  0.907142 0.395495 1 1 1.000000
fireball_gear
0  6.523813 1.387887 49.234207  0.323176 0.156775 0.933262  0.984661 0.396088 1 1 1.000000
0  4.914123 3.670973 49.327515  0.449998 0.282673 0.847112  0.908434 0.406512 1 1 1.000000
0  4.665274 3.462714 49.529209  0.323319 0.156954 0.933183  0.907142 0.395495 1 1 1.000000
fireball_gear
0  6.523813 1.387887 49.234207  0.323176 0.156775 0.933262  0.984661 0.396088 1 1 1.000000
0  6.730071 1.643688 49.039268  0.450046 0.282673 0.847086  0.983126 0.406594 1 1 1.000000
0  4.914123 3.670973 49.327515  0.449998 0.282673 0.847112  0.908434 0.406512 1 1 1.000000
fireball_gear
0  3.737754 2.417475 49.484112  -0.019554 -0.153449 0.987963  0.911527 0.356052 1 1 1.000000
0  5.385212 0.578291 49.222618  -0.015070 -0.158436 0.987254  0.981934 0.356244 1 1 1.000000
0  6.196359 1.054873 49.311474  0.088435 -0.062983 0.994089  0.986310 0.382102 1 1 1.000000
fireball_gear
0  5.385212 0.578291 49.222618  -0.015070 -0.158436 0.987254  0.981934 0.356244 1 1 1.000000
0  5.574433 0.496881 49.211353  -0.011803 -0.163865 0.986412  0.986775 0.358891 1 1 1.000000
0  6.196359 1.054873 49.311474  0.088435 -0.062983 0.994089  0.986310 0.382102 1 1 1.000000
fireball_gear
0  6.091811 1.779362 45.157738  0.185613 0.299325 -0.935923  0.465202 0.766417 1 1 1.000000
0  4.811527 3.943773 45.756790  0.362948 0.441768 -0.820433  0.391902 0.749138 1 1 1.000000
0  6.480768 2.080270 45.491837  0.362960 0.441766 -0.820428  0.466903 0.749379 1 1 1.000000
fireball_gear
0  6.091811 1.779362 45.157738  0.185613 0.299325 -0.935923  0.465202 0.766417 1 1 1.000000
0  4.422568 3.642865 45.422691  0.185602 0.299332 -0.935923  0.390200 0.766177 1 1 1.000000
0  4.811527 3.943773 45.756790  0.362948 0.441768 -0.820433  0.391902 0.749138 1 1 1.000000
fireball_gear
0  5.445464 1.211244 45.081417  -0.003812 0.137409 -0.990507  0.466035 0.792745 1 1 1.000000
0  4.422568 3.642865 45.422691  0.185602 0.299332 -0.935923  0.390200 0.766177 1 1 1.000000
0  6.091811 1.779362 45.157738  0.185613 0.299325 -0.935923  0.465202 0.766417 1 1 1.000000
fireball_gear
0  5.445464 1.211244 45.081417  -0.003812 0.137409 -0.990507  0.466035 0.792745 1 1 1.000000
0  3.776222 3.074745 45.346375  -0.003837 0.137408 -0.990507  0.391033 0.792504 1 1 1.000000
0  4.422568 3.642865 45.422691  0.185602 0.299332 -0.935923  0.390200 0.766177 1 1 1.000000
fireball_gear
0  4.422568 3.642865 45.422691  -0.379507 0.744445 -0.549342  0.248662 0.625213 1 1 1.000000
0  4.594138 3.974470 45.915031  -0.224645 0.842691 -0.489292  0.233891 0.613909 1 1 1.000000
0  4.811527 3.943773 45.756790  -0.234489 0.842188 -0.485524  0.240851 0.609540 1 1 1.000000
fireball_gear
0  4.422568 3.642865 45.422691  -0.379507 0.744445 -0.549342  0.248662 0.625213 1 1 1.000000
0  4.298512 3.747630 45.647987  -0.348794 0.769563 -0.534897  0.240143 0.625807 1 1 1.000000
0  4.594138 3.974470 45.915031  -0.224645 0.842691 -0.489292  0.233891 0.613909 1 1 1.000000
fireball_gear
0  3.776222 3.074745 45.346375  -0.554169 0.658422 -0.509292  0.250105 0.651751 1 1 1.000000
0  4.298512 3.747630 45.647987  -0.348794 0.769563 -0.534897  0.240143 0.625807 1 1 1.000000
0  4.422568 3.642865 45.422691  -0.379507 0.744445 -0.549342  0.248662 0.625213 1 1 1.000000
fireball_gear
0  3.776222 3.074745 45.346375  -0.554169 0.658422 -0.509292  0.250105 0.651751 1 1 1.000000
0  3.790491 3.294734 45.632751  -0.575782 0.661989 -0.479838  0.240199 0.646712 1 1 1.000000
0  4.298512 3.747630 45.647987  -0.348794 0.769563 -0.534897  0.240143 0.625807 1 1 1.000000
fireball_gear
0  6.619951 2.201596 47.555645  0.748170 0.655912 0.100103  0.976995 0.455166 1 1 1.000000
0  6.489519 2.368272 47.438366  0.748158 0.655924 0.100117  0.971342 0.458947 1 1 1.000000
0  6.705205 2.050807 47.906479  0.748153 0.655935 0.100085  0.981221 0.443745 1 1 1.000000
fireball_gear
0  6.489519 2.368272 47.438366  0.748158 0.655924 0.100117  0.971342 0.458947 1 1 1.000000
0  5.373863 3.613763 47.615452  0.748154 0.655927 0.100125  0.922568 0.459528 1 1 1.000000
0  6.705205 2.050807 47.906479  0.748153 0.655935 0.100085  0.981221 0.443745 1 1 1.000000
fireball_gear
0  6.775172 1.896065 48.397720  0.743044 0.635957 0.208431  0.983674 0.427700 1 1 1.000000
0  4.914123 3.670973 49.327515  0.732475 0.614426 0.293192  0.908434 0.406512 1 1 1.000000
0  6.730071 1.643688 49.039268  0.732469 0.614428 0.293202  0.983126 0.406594 1 1 1.000000
fireball_gear
0  6.775172 1.896065 48.397720  0.743044 0.635957 0.208431  0.983674 0.427700 1 1 1.000000
0  5.077923 3.790830 48.667118  0.743049 0.635953 0.208425  0.908203 0.428946 1 1 1.000000
0  4.914123 3.670973 49.327515  0.732475 0.614426 0.293192  0.908434 0.406512 1 1 1.000000
fireball_gear
0  6.705205 2.050807 47.906479  0.748153 0.655935 0.100085  0.981221 0.443745 1 1 1.000000
0  5.077923 3.790830 48.667118  0.743049 0.635953 0.208425  0.908203 0.428946 1 1 1.000000
0  6.775172 1.896065 48.397720  0.743044 0.635957 0.208431  0.983674 0.427700 1 1 1.000000
fireball_gear
0  6.705205 2.050807 47.906479  0.748153 0.655935 0.100085  0.981221 0.443745 1 1 1.000000
0  5.153009 3.783638 48.152851  0.748154 0.655933 0.100087  0.911371 0.445216 1 1 1.000000
0  5.077923 3.790830 48.667118  0.743049 0.635953 0.208425  0.908203 0.428946 1 1 1.000000
fireball_gear
0  5.153009 3.783638 48.152851  0.748154 0.655933 0.100087  0.911371 0.445216 1 1 1.000000
0  6.705205 2.050807 47.906479  0.748153 0.655935 0.100085  0.981221 0.443745 1 1 1.000000
0  5.373863 3.613763 47.615452  0.748154 0.655927 0.100125  0.922568 0.459528 1 1 1.000000
fireball_gear
0  5.373863 3.613763 47.615452  0.748154 0.655927 0.100125  0.922568 0.459528 1 1 1.000000
0  5.242010 3.739898 47.774364  0.748151 0.655931 0.100130  0.916504 0.456179 1 1 1.000000
0  5.153009 3.783638 48.152851  0.748154 0.655933 0.100087  0.911371 0.445216 1 1 1.000000
fireball_gear
0  5.064487 3.707051 48.133808  -0.623725 0.763060 -0.169429  0.907489 0.446840 1 1 1.000000
0  5.242010 3.739898 47.774364  -0.607763 0.759862 -0.230726  0.916504 0.456179 1 1 1.000000
0  5.157568 3.666842 47.756195  -0.607761 0.759863 -0.230725  0.913950 0.459170 1 1 1.000000
fireball_gear
0  5.064487 3.707051 48.133808  -0.623725 0.763060 -0.169429  0.907489 0.446840 1 1 1.000000
0  5.153009 3.783638 48.152851  -0.624718 0.763166 -0.165243  0.911371 0.445216 1 1 1.000000
0  5.242010 3.739898 47.774364  -0.607763 0.759862 -0.230726  0.916504 0.456179 1 1 1.000000
fireball_gear
0  4.983725 3.709334 48.646854  -0.644154 0.761759 -0.069197  0.903895 0.429191 1 1 1.000000
0  5.153009 3.783638 48.152851  -0.624718 0.763166 -0.165243  0.911371 0.445216 1 1 1.000000
0  5.064487 3.707051 48.133808  -0.623725 0.763060 -0.169429  0.907489 0.446840 1 1 1.000000
fireball_gear
0  4.983725 3.709334 48.646854  -0.644154 0.761759 -0.069197  0.903895 0.429191 1 1 1.000000
0  5.077923 3.790830 48.667118  -0.641187 0.764291 -0.068840  0.908203 0.428946 1 1 1.000000
0  5.153009 3.783638 48.152851  -0.624718 0.763166 -0.165243  0.911371 0.445216 1 1 1.000000
fireball_gear
0  4.853456 3.624178 49.202908  -0.616407 0.787417 0.004171  0.904363 0.408599 1 1 1.000000
0  5.077923 3.790830 48.667118  -0.641187 0.764291 -0.068840  0.908203 0.428946 1 1 1.000000
0  4.983725 3.709334 48.646854  -0.644154 0.761759 -0.069197  0.903895 0.429191 1 1 1.000000
fireball_gear
0  4.853456 3.624178 49.202908  -0.616407 0.787417 0.004171  0.904363 0.408599 1 1 1.000000
0  4.914123 3.670973 49.327515  -0.623124 0.782063 0.009691  0.908434 0.406512 1 1 1.000000
0  5.077923 3.790830 48.667118  -0.641187 0.764291 -0.068840  0.908203 0.428946 1 1 1.000000
fireball_gear
0  4.665274 3.462714 49.529209  -0.627793 0.777048 0.045517  0.907142 0.395495 1 1 1.000000
0  4.914123 3.670973 49.327515  -0.623124 0.782063 0.009691  0.908434 0.406512 1 1 1.000000
0  4.853456 3.624178 49.202908  -0.616407 0.787417 0.004171  0.904363 0.408599 1 1 1.000000
fireball_gear
0  4.665274 3.462714 49.529209  -0.627793 0.777048 0.045517  0.907142 0.395495 1 1 1.000000
0  4.853456 3.624178 49.202908  -0.616407 0.787417 0.004171  0.904363 0.408599 1 1 1.000000
0  4.610534 3.426355 49.407646  -0.626654 0.777612 0.051217  0.902300 0.395489 1 1 1.000000
fireball_gear
0  4.311033 3.159605 49.610725  -0.643321 0.761356 0.080468  0.906035 0.381234 1 1 1.000000
0  4.665274 3.462714 49.529209  -0.627793 0.777048 0.045517  0.907142 0.395495 1 1 1.000000
0  4.610534 3.426355 49.407646  -0.626654 0.777612 0.051217  0.902300 0.395489 1 1 1.000000
fireball_gear
0  4.311033 3.159605 49.610725  -0.643321 0.761356 0.080468  0.906035 0.381234 1 1 1.000000
0  4.610534 3.426355 49.407646  -0.626654 0.777612 0.051217  0.902300 0.395489 1 1 1.000000
0  4.255775 3.125622 49.492588  -0.649415 0.755508 0.086422  0.902186 0.379210 1 1 1.000000
fireball_gear
0  3.679346 2.629596 49.400223  -0.659510 0.744363 0.104735  0.903921 0.356530 1 1 1.000000
0  4.311033 3.159605 49.610725  -0.643321 0.761356 0.080468  0.906035 0.381234 1 1 1.000000
0  4.255775 3.125622 49.492588  -0.649415 0.755508 0.086422  0.902186 0.379210 1 1 1.000000
fireball_gear
0  3.679346 2.629596 49.400223  -0.659479 0.744412 0.104583  0.903921 0.356530 1 1 1.000000
0  3.678771 2.613153 49.512253  -0.659618 0.744112 0.105835  0.906731 0.358443 1 1 1.000000
0  4.311033 3.159605 49.610725  -0.643331 0.761345 0.080492  0.906035 0.381234 1 1 1.000000
fireball_gear
0  6.139840 1.022297 49.193535  0.679949 -0.722169 -0.127052  0.990290 0.380254 1 1 1.000000
0  5.574433 0.496881 49.211353  0.675204 -0.730075 -0.105305  0.986775 0.358891 1 1 1.000000
0  5.575009 0.513323 49.099331  0.675352 -0.730169 -0.103701  0.989773 0.357044 1 1 1.000000
fireball_gear
0  6.139840 1.022297 49.193535  0.679949 -0.722169 -0.127052  0.990290 0.380254 1 1 1.000000
0  6.196359 1.054873 49.311474  0.685018 -0.716777 -0.130310  0.986310 0.382102 1 1 1.000000
0  5.574433 0.496881 49.211353  0.675204 -0.730075 -0.105305  0.986775 0.358891 1 1 1.000000
fireball_gear
0  6.139840 1.022297 49.193535  0.679949 -0.722169 -0.127052  0.990290 0.380254 1 1 1.000000
0  6.523813 1.387887 49.234207  0.696850 -0.699401 -0.158867  0.984661 0.396088 1 1 1.000000
0  6.196359 1.054873 49.311474  0.685018 -0.716777 -0.130310  0.986310 0.382102 1 1 1.000000
fireball_gear
0  6.139840 1.022297 49.193535  0.679949 -0.722169 -0.127052  0.990290 0.380254 1 1 1.000000
0  6.464541 1.356585 49.113365  0.694873 -0.700337 -0.163340  0.989332 0.396233 1 1 1.000000
0  6.523813 1.387887 49.234207  0.696850 -0.699401 -0.158867  0.984661 0.396088 1 1 1.000000
fireball_gear
0  6.730071 1.643688 49.039268  0.700266 -0.684492 -0.202726  0.983126 0.406594 1 1 1.000000
0  6.523813 1.387887 49.234207  0.696850 -0.699401 -0.158867  0.984661 0.396088 1 1 1.000000
0  6.464541 1.356585 49.113365  0.694873 -0.700337 -0.163340  0.989332 0.396233 1 1 1.000000
fireball_gear
0  6.730071 1.643688 49.039268  0.700266 -0.684492 -0.202726  0.983126 0.406594 1 1 1.000000
0  6.464541 1.356585 49.113365  0.694873 -0.700337 -0.163340  0.989332 0.396233 1 1 1.000000
0  6.659413 1.608054 48.916245  0.709631 -0.671588 -0.213058  0.986978 0.408581 1 1 1.000000
fireball_gear
0  6.680973 1.814566 48.377453  0.665243 -0.696007 -0.270234  0.987786 0.427820 1 1 1.000000
0  6.730071 1.643688 49.039268  0.700266 -0.684492 -0.202726  0.983126 0.406594 1 1 1.000000
0  6.659413 1.608054 48.916245  0.709631 -0.671588 -0.213058  0.986978 0.408581 1 1 1.000000
fireball_gear
0  6.680973 1.814566 48.377453  0.665243 -0.696007 -0.270234  0.987786 0.427820 1 1 1.000000
0  6.775172 1.896065 48.397720  0.662396 -0.697876 -0.272399  0.983674 0.427700 1 1 1.000000
0  6.730071 1.643688 49.039268  0.700266 -0.684492 -0.202726  0.983126 0.406594 1 1 1.000000
fireball_gear
0  6.616679 1.974218 47.887432  0.651822 -0.660925 -0.371895  0.985144 0.445110 1 1 1.000000
0  6.775172 1.896065 48.397720  0.662396 -0.697876 -0.272399  0.983674 0.427700 1 1 1.000000
0  6.680973 1.814566 48.377453  0.665243 -0.696007 -0.270234  0.987786 0.427820 1 1 1.000000
fireball_gear
0  6.616679 1.974218 47.887432  0.651822 -0.660925 -0.371895  0.985144 0.445110 1 1 1.000000
0  6.705205 2.050807 47.906479  0.652371 -0.662536 -0.368046  0.981221 0.443745 1 1 1.000000
0  6.775172 1.896065 48.397720  0.662396 -0.697876 -0.272399  0.983674 0.427700 1 1 1.000000
fireball_gear
0  6.535509 2.128541 47.537483  0.642018 -0.635366 -0.429096  0.979742 0.457911 1 1 1.000000
0  6.705205 2.050807 47.906479  0.652371 -0.662536 -0.368046  0.981221 0.443745 1 1 1.000000
0  6.616679 1.974218 47.887432  0.651822 -0.660925 -0.371895  0.985144 0.445110 1 1 1.000000
fireball_gear
0  6.535509 2.128541 47.537483  0.642011 -0.635375 -0.429093  0.979742 0.457911 1 1 1.000000
0  6.619951 2.201596 47.555645  0.642011 -0.635375 -0.429093  0.976995 0.455166 1 1 1.000000
0  6.705205 2.050807 47.906479  0.652383 -0.662509 -0.368074  0.981221 0.443745 1 1 1.000000
fireball_gear
0  6.211451 1.612072 45.344345  0.620010 -0.349113 -0.702643  0.472256 0.765670 1 1 1.000000
0  6.480768 2.080270 45.491837  0.737704 -0.223681 -0.636992  0.466903 0.749379 1 1 1.000000
0  6.507076 1.838912 45.611393  0.743595 -0.229949 -0.627845  0.473649 0.752665 1 1 1.000000
fireball_gear
0  6.211451 1.612072 45.344345  0.620010 -0.349113 -0.702643  0.472256 0.765670 1 1 1.000000
0  6.091811 1.779362 45.157738  0.599658 -0.381149 -0.703659  0.465202 0.766417 1 1 1.000000
0  6.480768 2.080270 45.491837  0.737704 -0.223681 -0.636992  0.466903 0.749379 1 1 1.000000
fireball_gear
0  5.703427 1.159176 45.329113  0.521902 -0.514785 -0.680158  0.473252 0.786177 1 1 1.000000
0  6.091811 1.779362 45.157738  0.599658 -0.381149 -0.703659  0.465202 0.766417 1 1 1.000000
0  6.211451 1.612072 45.344345  0.620010 -0.349113 -0.702643  0.472256 0.765670 1 1 1.000000
fireball_gear
0  5.703427 1.159176 45.329113  0.521902 -0.514785 -0.680158  0.473252 0.786177 1 1 1.000000
0  5.445464 1.211244 45.081417  0.535068 -0.519233 -0.666407  0.466035 0.792745 1 1 1.000000
0  6.091811 1.779362 45.157738  0.599658 -0.381149 -0.703659  0.465202 0.766417 1 1 1.000000
fireball_gear
0  4.782978 3.403788 49.374809  0.040900 0.823003 0.566563  0.388119 0.814890 1 1 1.000000
0  4.661439 3.577464 49.131298  0.046443 0.899843 0.433735  0.379984 0.809209 1 1 1.000000
0  4.519798 3.415921 49.375134  0.038631 0.822550 0.567380  0.388561 0.809084 1 1 1.000000
fireball_gear
0  4.782978 3.403788 49.374809  0.040900 0.823003 0.566563  0.388119 0.814890 1 1 1.000000
0  4.922937 3.563860 49.130730  0.048914 0.924574 0.377848  0.379545 0.815013 1 1 1.000000
0  4.661439 3.577464 49.131298  0.046443 0.899843 0.433735  0.379984 0.809209 1 1 1.000000
fireball_gear
0  4.980134 3.689572 48.606915  0.051510 0.980320 0.190578  0.362906 0.815011 1 1 1.000000
0  4.661439 3.577464 49.131298  0.046443 0.899843 0.433735  0.379984 0.809209 1 1 1.000000
0  4.922937 3.563860 49.130730  0.048914 0.924574 0.377848  0.379545 0.815013 1 1 1.000000
fireball_gear
0  4.980134 3.689572 48.606915  0.051510 0.980320 0.190578  0.362906 0.815011 1 1 1.000000
0  4.718663 3.703187 48.607574  0.051507 0.979759 0.193440  0.363347 0.809207 1 1 1.000000
0  4.661439 3.577464 49.131298  0.046443 0.899843 0.433735  0.379984 0.809209 1 1 1.000000
fireball_gear
0  4.980134 3.689572 48.606915  0.051510 0.980320 0.190578  0.362906 0.815011 1 1 1.000000
0  4.728404 3.981660 46.710358  0.057285 0.997040 0.051272  0.304506 0.808983 1 1 1.000000
0  4.718663 3.703187 48.607574  0.051507 0.979759 0.193440  0.363347 0.809207 1 1 1.000000
fireball_gear
0  4.980134 3.689572 48.606915  0.051510 0.980320 0.190578  0.362906 0.815011 1 1 1.000000
0  4.989875 3.968044 46.709705  0.052058 0.996789 0.060839  0.304065 0.814787 1 1 1.000000
0  4.728404 3.981660 46.710358  0.057285 0.997040 0.051272  0.304506 0.808983 1 1 1.000000
fireball_gear
0  4.811527 3.943773 45.756790  0.102833 0.994230 -0.030539  0.275837 0.814475 1 1 1.000000
0  4.728404 3.981660 46.710358  0.057285 0.997040 0.051272  0.304506 0.808983 1 1 1.000000
0  4.989875 3.968044 46.709705  0.052058 0.996789 0.060839  0.304065 0.814787 1 1 1.000000
fireball_gear
0  4.811527 3.943773 45.756790  0.102833 0.994230 -0.030539  0.275837 0.814475 1 1 1.000000
0  4.594138 3.974470 45.915031  0.118994 0.992470 -0.029060  0.280841 0.808738 1 1 1.000000
0  4.728404 3.981660 46.710358  0.057285 0.997040 0.051272  0.304506 0.808983 1 1 1.000000
fireball_gear
0  5.683976 0.603075 49.117783  -0.059855 -0.987580 -0.145267  0.271652 0.808709 1 1 1.000000
0  5.424734 0.618646 49.118732  -0.059854 -0.987580 -0.145267  0.272135 0.814366 1 1 1.000000
0  5.429605 0.757885 48.170128  -0.059858 -0.987580 -0.145265  0.242748 0.814272 1 1 1.000000
fireball_gear
0  5.683976 0.603075 49.117783  -0.059855 -0.987580 -0.145267  0.271652 0.808709 1 1 1.000000
0  5.429605 0.757885 48.170128  -0.059858 -0.987580 -0.145265  0.242748 0.814272 1 1 1.000000
0  5.688846 0.742312 48.169174  -0.059859 -0.987580 -0.145265  0.242265 0.808614 1 1 1.000000
fireball_gear
0  5.429605 0.757885 48.170128  -0.059858 -0.987580 -0.145265  0.242748 0.814272 1 1 1.000000
0  5.698588 1.020785 46.271957  -0.059852 -0.987581 -0.145264  0.183491 0.808426 1 1 1.000000
0  5.688846 0.742312 48.169174  -0.059859 -0.987580 -0.145265  0.242265 0.808614 1 1 1.000000
fireball_gear
0  5.429605 0.757885 48.170128  -0.059858 -0.987580 -0.145265  0.242748 0.814272 1 1 1.000000
0  5.439346 1.036356 46.272911  -0.059852 -0.987581 -0.145264  0.183974 0.814083 1 1 1.000000
0  5.698588 1.020785 46.271957  -0.059852 -0.987581 -0.145264  0.183491 0.808426 1 1 1.000000
fireball_gear
0  5.698588 1.020785 46.271957  -0.059852 -0.987581 -0.145264  0.183491 0.808426 1 1 1.000000
0  5.439346 1.036356 46.272911  -0.059852 -0.987581 -0.145264  0.183974 0.814083 1 1 1.000000
0  5.445464 1.211244 45.081417  -0.059852 -0.987581 -0.145265  0.147062 0.813965 1 1 1.000000
fireball_gear
0  5.698588 1.020785 46.271957  -0.059852 -0.987581 -0.145264  0.183491 0.808426 1 1 1.000000
0  5.445464 1.211244 45.081417  -0.059852 -0.987581 -0.145265  0.147062 0.813965 1 1 1.000000
0  5.703427 1.159176 45.329113  -0.059852 -0.987581 -0.145265  0.154283 0.808332 1 1 1.000000
fireball_gear
0  6.659118 2.104542 46.444748  0.995284 -0.050993 -0.082515  0.303930 0.892174 1 1 1.000000
0  6.507076 1.838912 45.611393  0.983327 0.007212 -0.181704  0.280686 0.897423 1 1 1.000000
0  6.480768 2.080270 45.491837  0.982736 0.015807 -0.184336  0.275702 0.891861 1 1 1.000000
fireball_gear
0  6.659118 2.104542 46.444748  0.995284 -0.050993 -0.082515  0.303930 0.892174 1 1 1.000000
0  6.641343 1.846102 46.406719  0.994440 -0.055199 -0.089681  0.304351 0.897668 1 1 1.000000
0  6.507076 1.838912 45.611393  0.983327 0.007212 -0.181704  0.280686 0.897423 1 1 1.000000
fireball_gear
0  3.770105 2.899858 46.537865  -0.998194 0.059956 0.003675  0.183719 0.891498 1 1 1.000000
0  3.790491 3.294734 45.632751  -0.998194 0.059958 0.003675  0.153991 0.897049 1 1 1.000000
0  3.776222 3.074745 45.346375  -0.998194 0.059959 0.003676  0.146808 0.891380 1 1 1.000000
fireball_gear
0  3.770105 2.899858 46.537865  -0.998194 0.059956 0.003675  0.183719 0.891498 1 1 1.000000
0  3.785649 3.156343 46.575596  -0.998194 0.059956 0.003675  0.183200 0.897143 1 1 1.000000
0  3.790491 3.294734 45.632751  -0.998194 0.059958 0.003675  0.153991 0.897049 1 1 1.000000
fireball_gear
0  3.775909 2.877872 48.472809  -0.998194 0.059960 0.003675  0.241974 0.897331 1 1 1.000000
0  3.785649 3.156343 46.575596  -0.998194 0.059956 0.003675  0.183200 0.897143 1 1 1.000000
0  3.770105 2.899858 46.537865  -0.998194 0.059956 0.003675  0.183719 0.891498 1 1 1.000000
fireball_gear
0  3.775909 2.877872 48.472809  -0.998194 0.059960 0.003675  0.241974 0.897331 1 1 1.000000
0  3.770105 2.899858 46.537865  -0.998194 0.059956 0.003675  0.183719 0.891498 1 1 1.000000
0  3.760363 2.621385 48.435081  -0.998194 0.059959 0.003675  0.242493 0.891687 1 1 1.000000
fireball_gear
0  3.755492 2.482148 49.383694  -0.998194 0.059965 0.003677  0.271880 0.891781 1 1 1.000000
0  3.775909 2.877872 48.472809  -0.998194 0.059960 0.003675  0.241974 0.897331 1 1 1.000000
0  3.760363 2.621385 48.435081  -0.998194 0.059959 0.003675  0.242493 0.891687 1 1 1.000000
fireball_gear
0  3.755492 2.482148 49.383694  -0.998194 0.059965 0.003677  0.271880 0.891781 1 1 1.000000
0  3.771039 2.738633 49.421421  -0.998194 0.059966 0.003677  0.271361 0.897425 1 1 1.000000
0  3.775909 2.877872 48.472809  -0.998194 0.059960 0.003675  0.241974 0.897331 1 1 1.000000
fireball_gear
0  6.432735 1.280364 49.071491  0.893318 -0.128125 0.430775  0.022677 0.743801 1 1 1.000000
0  6.592179 1.700359 48.865772  0.967226 -0.101901 0.232571  0.030607 0.755361 1 1 1.000000
0  6.452220 1.540287 49.109856  0.894558 -0.130167 0.427578  0.022461 0.749633 1 1 1.000000
fireball_gear
0  6.432735 1.280364 49.071491  0.893318 -0.128125 0.430775  0.022677 0.743801 1 1 1.000000
0  6.574375 1.441906 48.827671  0.950080 -0.108568 0.292508  0.030822 0.749597 1 1 1.000000
0  6.592179 1.700359 48.865772  0.967226 -0.101901 0.232571  0.030607 0.755361 1 1 1.000000
fireball_gear
0  6.592179 1.700359 48.865772  0.967226 -0.101901 0.232571  0.030607 0.755361 1 1 1.000000
0  6.574375 1.441906 48.827671  0.950080 -0.108568 0.292508  0.030822 0.749597 1 1 1.000000
0  6.631601 1.567630 48.303936  0.996241 -0.074936 0.043457  0.047321 0.751891 1 1 1.000000
fireball_gear
0  6.592179 1.700359 48.865772  0.967226 -0.101901 0.232571  0.030607 0.755361 1 1 1.000000
0  6.631601 1.567630 48.303936  0.996241 -0.074936 0.043457  0.047321 0.751891 1 1 1.000000
0  6.649377 1.826070 48.341961  0.996394 -0.074506 0.040585  0.047108 0.757654 1 1 1.000000
fireball_gear
0  6.631601 1.567630 48.303936  0.996241 -0.074936 0.043457  0.047321 0.751891 1 1 1.000000
0  6.659118 2.104542 46.444748  0.995284 -0.050993 -0.082515  0.106080 0.757843 1 1 1.000000
0  6.649377 1.826070 48.341961  0.996394 -0.074506 0.040585  0.047108 0.757654 1 1 1.000000
fireball_gear
0  6.631601 1.567630 48.303936  0.996241 -0.074936 0.043457  0.047321 0.751891 1 1 1.000000
0  6.641343 1.846102 46.406719  0.994440 -0.055199 -0.089681  0.106292 0.752081 1 1 1.000000
0  6.659118 2.104542 46.444748  0.995284 -0.050993 -0.082515  0.106080 0.757843 1 1 1.000000
fireball_gear
0  -3.060005 -6.352829 48.234184  0.097233 -0.104806 0.989728  0.366338 0.592625 1 1 1.000000
0  -3.560309 -6.606493 48.063328  -0.111594 -0.404732 0.907601  0.359977 0.577411 1 1 1.000000
0  -3.297482 -6.588906 48.058506  0.056493 -0.631981 0.772922  0.365703 0.583113 1 1 1.000000
fireball_gear
0  -3.060005 -6.352829 48.234184  0.097233 -0.104806 0.989728  0.366338 0.592625 1 1 1.000000
0  -3.208723 -6.245107 48.253136  -0.063711 -0.246017 0.967169  0.360705 0.592040 1 1 1.000000
0  -3.560309 -6.606493 48.063328  -0.111594 -0.404732 0.907601  0.359977 0.577411 1 1 1.000000
fireball_gear
0  -3.208723 -6.245107 48.253136  -0.063711 -0.246017 0.967169  0.360705 0.592040 1 1 1.000000
0  -5.424449 -4.940642 48.344643  -0.226816 -0.270706 0.935560  0.282945 0.577163 1 1 1.000000
0  -3.560309 -6.606493 48.063328  -0.111594 -0.404732 0.907601  0.359977 0.577411 1 1 1.000000
fireball_gear
0  -3.208723 -6.245107 48.253136  -0.063711 -0.246017 0.967169  0.360705 0.592040 1 1 1.000000
0  -5.072863 -4.579259 48.534447  -0.106581 -0.238024 0.965394  0.283673 0.591793 1 1 1.000000
0  -5.424449 -4.940642 48.344643  -0.226816 -0.270706 0.935560  0.282945 0.577163 1 1 1.000000
fireball_gear
0  -5.072863 -4.579259 48.534447  -0.106581 -0.238024 0.965394  0.283673 0.591793 1 1 1.000000
0  -5.433770 -4.679854 48.380894  -0.338274 -0.192480 0.921152  0.277424 0.582829 1 1 1.000000
0  -5.424449 -4.940642 48.344643  -0.226816 -0.270706 0.935560  0.282945 0.577163 1 1 1.000000
fireball_gear
0  -5.072863 -4.579259 48.534447  -0.106581 -0.238024 0.965394  0.283673 0.591793 1 1 1.000000
0  -5.196297 -4.443779 48.556564  -0.267364 -0.387574 0.882215  0.278060 0.592342 1 1 1.000000
0  -5.433770 -4.679854 48.380894  -0.338274 -0.192480 0.921152  0.277424 0.582829 1 1 1.000000
fireball_gear
0  -5.072863 -4.579259 48.534447  -0.106581 -0.238024 0.965394  0.283673 0.591793 1 1 1.000000
0  -4.758928 -3.963573 48.611183  0.026902 -0.137133 0.990187  0.278416 0.611951 1 1 1.000000
0  -5.196297 -4.443779 48.556564  0.129239 -0.015261 0.991496  0.278060 0.592342 1 1 1.000000
fireball_gear
0  -5.072863 -4.579259 48.534447  -0.106581 -0.238024 0.965394  0.283673 0.591793 1 1 1.000000
0  -4.499628 -3.949883 48.606033  0.026897 -0.137123 0.990189  0.284140 0.617494 1 1 1.000000
0  -4.758928 -3.963573 48.611183  0.026902 -0.137133 0.990187  0.278416 0.611951 1 1 1.000000
fireball_gear
0  -4.499628 -3.949883 48.606033  0.026897 -0.137123 0.990189  0.284140 0.617494 1 1 1.000000
0  -5.072863 -4.579259 48.534447  -0.106581 -0.238024 0.965394  0.283673 0.591793 1 1 1.000000
0  -3.208723 -6.245107 48.253136  -0.063711 -0.246017 0.967169  0.360705 0.592040 1 1 1.000000
fireball_gear
0  -4.499628 -3.949883 48.606033  0.026897 -0.137123 0.990189  0.284140 0.617494 1 1 1.000000
0  -3.208723 -6.245107 48.253136  -0.063711 -0.246017 0.967169  0.360705 0.592040 1 1 1.000000
0  -2.635490 -5.615730 48.324715  0.026900 -0.137108 0.990191  0.361172 0.617741 1 1 1.000000
fireball_gear
0  -2.635490 -5.615730 48.324715  0.026900 -0.137108 0.990191  0.361172 0.617741 1 1 1.000000
0  -3.208723 -6.245107 48.253136  -0.063711 -0.246017 0.967169  0.360705 0.592040 1 1 1.000000
0  -3.060005 -6.352829 48.234184  0.129182 -0.015216 0.991504  0.366338 0.592625 1 1 1.000000
fireball_gear
0  -2.635490 -5.615730 48.324715  0.026900 -0.137108 0.990191  0.361172 0.617741 1 1 1.000000
0  -3.060005 -6.352829 48.234184  0.129182 -0.015216 0.991504  0.366338 0.592625 1 1 1.000000
0  -2.622639 -5.872623 48.288799  0.026897 -0.137092 0.990193  0.366694 0.612235 1 1 1.000000
fireball_gear
0  -5.581321 -5.037696 47.049549  -0.730986 0.661765 -0.166512  0.906910 0.030010 1 1 1.000000
0  -5.497588 -5.078176 46.669788  -0.720695 0.654455 -0.228664  0.912708 0.017813 1 1 1.000000
0  -5.573164 -5.162313 46.667191  -0.720698 0.654451 -0.228665  0.915275 0.020575 1 1 1.000000
fireball_gear
0  -5.581321 -5.037696 47.049549  -0.730986 0.661765 -0.166512  0.906910 0.030010 1 1 1.000000
0  -5.573164 -5.162313 46.667191  -0.720698 0.654451 -0.228665  0.915275 0.020575 1 1 1.000000
0  -5.660553 -5.125899 47.046833  -0.731580 0.662164 -0.162265  0.910747 0.031469 1 1 1.000000
fireball_gear
0  -5.643589 -5.029361 47.565109  -0.741366 0.667953 -0.064922  0.903795 0.047336 1 1 1.000000
0  -5.581321 -5.037696 47.049549  -0.730986 0.661765 -0.166512  0.906910 0.030010 1 1 1.000000
0  -5.660553 -5.125899 47.046833  -0.731580 0.662164 -0.162265  0.910747 0.031469 1 1 1.000000
fireball_gear
0  -5.643589 -5.029361 47.565109  -0.741366 0.667953 -0.064922  0.903795 0.047336 1 1 1.000000
0  -5.660553 -5.125899 47.046833  -0.731580 0.662164 -0.162265  0.910747 0.031469 1 1 1.000000
0  -5.727900 -5.123219 47.562210  -0.743953 0.665035 -0.065286  0.908035 0.047502 1 1 1.000000
fireball_gear
0  -5.623623 -4.980404 48.140095  -0.775826 0.630946 0.000290  0.904437 0.067667 1 1 1.000000
0  -5.643589 -5.029361 47.565109  -0.741366 0.667953 -0.064922  0.903795 0.047336 1 1 1.000000
0  -5.727900 -5.123219 47.562210  -0.743953 0.665035 -0.065286  0.908035 0.047502 1 1 1.000000
fireball_gear
0  -5.623623 -4.980404 48.140095  -0.775826 0.630946 0.000290  0.904437 0.067667 1 1 1.000000
0  -5.727900 -5.123219 47.562210  -0.743953 0.665035 -0.065286  0.908035 0.047502 1 1 1.000000
0  -5.685501 -5.056588 48.248558  -0.771094 0.636680 0.007292  0.908440 0.069722 1 1 1.000000
fireball_gear
0  -5.500031 -4.844102 48.506298  -0.770326 0.636148 0.043740  0.907076 0.080327 1 1 1.000000
0  -5.623623 -4.980404 48.140095  -0.775826 0.630946 0.000290  0.904437 0.067667 1 1 1.000000
0  -5.685501 -5.056588 48.248558  -0.771094 0.636680 0.007292  0.908440 0.069722 1 1 1.000000
fireball_gear
0  -5.500031 -4.844102 48.506298  -0.770326 0.636148 0.043740  0.907076 0.080327 1 1 1.000000
0  -5.448936 -4.773927 48.398781  -0.771574 0.634240 0.049116  0.902333 0.080340 1 1 1.000000
0  -5.623623 -4.980404 48.140095  -0.775826 0.630946 0.000290  0.904437 0.067667 1 1 1.000000
fireball_gear
0  -5.205028 -4.513084 48.671852  -0.758903 0.646044 0.081815  0.906017 0.094460 1 1 1.000000
0  -5.448936 -4.773927 48.398781  -0.771574 0.634240 0.049116  0.902333 0.080340 1 1 1.000000
0  -5.500031 -4.844102 48.506298  -0.770326 0.636148 0.043740  0.907076 0.080327 1 1 1.000000
fireball_gear
0  -5.205028 -4.513084 48.671852  -0.758903 0.646044 0.081815  0.906017 0.094460 1 1 1.000000
0  -5.156696 -4.442810 48.567490  -0.753582 0.651228 0.089530  0.902185 0.096474 1 1 1.000000
0  -5.448936 -4.773927 48.398781  -0.771574 0.634240 0.049116  0.902333 0.080340 1 1 1.000000
fireball_gear
0  -4.647188 -3.872814 48.616001  -0.744575 0.658370 0.110260  0.903924 0.119099 1 1 1.000000
0  -5.156696 -4.442810 48.567490  -0.753582 0.651228 0.089530  0.902185 0.096474 1 1 1.000000
0  -5.205028 -4.513084 48.671852  -0.758903 0.646044 0.081815  0.906017 0.094460 1 1 1.000000
fireball_gear
0  -4.647188 -3.872814 48.616001  -0.744575 0.658370 0.110260  0.903924 0.119099 1 1 1.000000
0  -5.205028 -4.513084 48.671852  -0.758903 0.646044 0.081815  0.906017 0.094460 1 1 1.000000
0  -4.644144 -3.888341 48.728115  -0.744427 0.658348 0.111385  0.906729 0.117188 1 1 1.000000
end
