version 1
nodes
0 "ValveBiped.Bip01_Pelvis" -1
1 "ValveBiped.Bip01_Spine" 0
2 "ValveBiped.Bip01_Spine1" 1
3 "ValveBiped.Bip01_Spine2" 2
4 "ValveBiped.Bip01_Spine4" 3
5 "ValveBiped.Bip01_Neck1" 4
6 "ValveBiped.Bip01_Head1" 5
7 "ValveBiped.forward" 6
8 "ValveBiped.Bip01_R_Clavicle" 4
9 "ValveBiped.Bip01_R_UpperArm" 8
10 "ValveBiped.Bip01_R_Forearm" 9
11 "ValveBiped.Bip01_R_Hand" 10
12 "ValveBiped.Anim_Attachment_RH" 11
13 "ValveBiped.Bip01_R_Finger4" 11
14 "ValveBiped.Bip01_R_Finger41" 13
15 "ValveBiped.Bip01_R_Finger42" 14
16 "ValveBiped.Bip01_R_Finger3" 11
17 "ValveBiped.Bip01_R_Finger31" 16
18 "ValveBiped.Bip01_R_Finger32" 17
19 "ValveBiped.Bip01_R_Finger2" 11
20 "ValveBiped.Bip01_R_Finger21" 19
21 "ValveBiped.Bip01_R_Finger22" 20
22 "ValveBiped.Bip01_R_Finger1" 11
23 "ValveBiped.Bip01_R_Finger11" 22
24 "ValveBiped.Bip01_R_Finger12" 23
25 "ValveBiped.Bip01_R_Finger0" 11
26 "ValveBiped.Bip01_R_Finger01" 25
27 "ValveBiped.Bip01_R_Finger02" 26
28 "ValveBiped.Bip01_R_Ulna" 10
29 "ValveBiped.Bip01_R_Wrist" 10
30 "ValveBiped.Bip01_R_Shoulder" 9
31 "ValveBiped.Bip01_R_Bicep" 9
32 "ValveBiped.Bip01_R_Trapezius" 8
33 "ValveBiped.Bip01_L_Clavicle" 4
34 "ValveBiped.Bip01_L_UpperArm" 33
35 "ValveBiped.Bip01_L_Forearm" 34
36 "ValveBiped.Bip01_L_Hand" 35
37 "ValveBiped.Anim_Attachment_LH" 36
38 "ValveBiped.Bip01_L_Finger4" 36
39 "ValveBiped.Bip01_L_Finger41" 38
40 "ValveBiped.Bip01_L_Finger42" 39
41 "ValveBiped.Bip01_L_Finger3" 36
42 "ValveBiped.Bip01_L_Finger31" 41
43 "ValveBiped.Bip01_L_Finger32" 42
44 "ValveBiped.Bip01_L_Finger2" 36
45 "ValveBiped.Bip01_L_Finger21" 44
46 "ValveBiped.Bip01_L_Finger22" 45
47 "ValveBiped.Bip01_L_Finger1" 36
48 "ValveBiped.Bip01_L_Finger11" 47
49 "ValveBiped.Bip01_L_Finger12" 48
50 "ValveBiped.Bip01_L_Finger0" 36
51 "ValveBiped.Bip01_L_Finger01" 50
52 "ValveBiped.Bip01_L_Finger02" 51
53 "ValveBiped.Bip01_L_Ulna" 35
54 "ValveBiped.Bip01_L_Wrist" 35
55 "ValveBiped.Bip01_L_Shoulder" 34
56 "ValveBiped.Bip01_L_Bicep" 34
57 "ValveBiped.Bip01_L_Trapezius" 33
58 "ValveBiped.Bip01_R_Thigh" 0
59 "ValveBiped.Bip01_R_Calf" 58
60 "ValveBiped.Bip01_R_Foot" 59
61 "ValveBiped.Bip01_R_Toe0" 60
62 "ValveBiped.Bip01_L_Thigh" 0
63 "ValveBiped.Bip01_L_Calf" 62
64 "ValveBiped.Bip01_L_Foot" 63
end
skeleton
time 0
0  -0.000005 -0.533615 38.566917  1.570796 -0.000000 0.000000
1  0.000005 3.345128 -2.981901  1.570797 0.086286 1.570793
2  4.018297 -0.000030 -0.000024  0.000000 -0.000005 -0.029256
3  3.518550 0.000006 -0.000026  0.000000 -0.000038 0.100337
4  8.942606 0.000026 -0.000404  0.000008 0.000043 0.194098
5  3.307232 0.000001 -0.000005  3.141592 -0.000000 0.400484
6  3.593702 0.000020 0.000007  -0.000000 0.000003 0.406591
7  1.999989 -2.999999 0.000012  -1.570791 -0.000002 -1.326466
8  2.033301 1.000786 -1.937615  1.473081 1.855094 -0.198676
9  6.028140 0.000059 0.000071  1.590088 -0.099549 0.273381
10  11.692567 0.000223 0.000029  -0.001727 0.013682 -0.311255
11  11.481683 0.000181 -0.000016  -1.564934 0.106610 0.044211
12  2.676067 -1.712445 0.000006  -1.570804 0.000003 -1.570864
13  3.859641 -0.132582 1.193100  0.366275 -0.149875 -0.332023
14  1.312551 0.000011 0.000005  0.148503 0.140472 -0.017321
15  0.729386 0.000008 0.000006  0.000017 -0.006139 -0.244264
16  3.942253 0.050320 0.431035  0.129736 -0.110545 -0.545315
17  1.539100 -0.000006 0.000001  0.034170 0.141232 0.546468
18  1.196311 -0.000059 -0.000001  -0.000013 -0.009657 -0.430764
19  3.883632 -0.050345 -0.431047  -0.103682 -0.052851 -0.146760
20  1.719592 0.000013 -0.000015  -0.007599 0.030958 -0.099111
21  1.209154 0.000017 -0.000033  -0.000017 -0.004441 -0.216377
22  3.859827 -0.148938 -1.331285  -0.345584 0.028169 -0.268439
23  1.719428 0.000013 0.000007  -0.019993 -0.090340 0.128390
24  1.099684 0.000002 0.000006  -0.000017 -0.004194 -0.244320
25  0.805998 -0.359829 -1.318330  1.258254 0.364078 -0.444376
26  1.789771 -0.000004 0.000031  0.019256 -0.120173 0.075541
27  1.206988 -0.000014 0.000007  0.000009 -0.009612 0.362904
28  5.740847 0.000086 0.000004  0.000078 0.000001 0.000025
29  11.481683 0.000181 -0.000016  0.000140 -0.000001 0.000031
30  1.500008 0.000024 0.000004  -0.000000 0.000001 0.000020
31  5.560010 0.000102 -0.000006  -0.000000 -0.000000 0.000035
32  5.166967 0.000056 0.000062  0.000001 -0.000007 -0.000004
33  2.033350 1.000766 1.937655  -1.544916 -1.855090 -0.198675
34  6.028132 0.000090 -0.000077  -1.520704 0.079998 0.279607
35  11.692536 -0.000537 -0.000004  0.001825 -0.014043 -0.318116
36  11.481678 0.000617 -0.000004  1.573195 -0.106594 0.044251
37  2.676118 -1.712389 0.000042  1.570798 0.000017 1.570783
38  3.859716 -0.142331 -1.191961  -0.373253 0.084834 -0.392588
39  1.312551 -0.000029 0.000022  -0.033210 -0.054307 0.096968
40  0.729364 -0.000030 -0.000011  0.000024 0.004969 -0.244304
41  3.942324 0.046840 -0.431434  -0.117935 0.118581 -0.428277
42  1.539068 0.000001 -0.000012  -0.020011 -0.129389 0.326112
43  1.196317 0.000065 -0.000005  0.000008 0.007368 -0.430798
44  3.883708 -0.046670 0.431453  0.093520 0.039479 -0.340162
45  1.719580 -0.000006 0.000005  0.034075 -0.016610 0.192356
46  1.209165 0.000010 -0.000013  -0.000005 0.003100 -0.216393
47  3.859881 -0.137829 1.332477  0.348570 -0.036135 -0.383816
48  1.719409 0.000008 -0.000023  0.108422 0.085473 0.261801
49  1.099665 0.000014 0.000003  -0.000005 0.002589 -0.244332
50  0.806055 -0.348886 1.321275  -1.284110 -0.334949 -0.484552
51  1.789781 0.000004 0.000008  0.019425 0.057122 0.062858
52  1.207004 0.000011 -0.000024  0.000005 0.011268 0.362850
53  5.740852 0.000310 0.000022  0.000683 0.000000 0.000045
54  11.481720 0.000620 0.000039  0.001274 0.000001 0.000066
55  1.499979 -0.000069 -0.000013  0.000000 0.000000 -0.000047
56  5.559988 -0.000254 -0.000037  0.000001 0.000000 -0.000085
57  5.166950 0.000080 -0.000064  0.000001 -0.000014 0.000002
58  -3.890452 0.000004 0.000007  -1.570796 0.051841 -1.576021
59  17.848202 0.000187 0.000000  -0.000003 -0.000000 0.034060
60  16.525270 0.002316 0.000012  0.038612 0.040781 -1.071493
61  6.879459 0.000006 0.000020  -0.081332 -0.002948 -0.584373
62  3.890452 -0.000004 -0.000003  -1.570798 0.051841 -1.565574
63  17.848148 0.000068 0.000001  0.000007 0.000000 0.034176
64  16.525263 0.000455 -0.000006  -0.027918 -0.040785 -1.071637
end
triangles
CloneHead
0  3.024199 0.309209 68.234879  0.783796 0.083805 0.615338  1.888800 -0.027700 1 6 1.000000
0  3.228600 1.050810 68.272881  -0.484631 0.424713 0.764691  1.875800 -0.094500 1 6 1.000000
0  2.857700 0.334107 67.059273  -0.037186 0.979027 -0.200310  1.932100 -0.046300 1 6 1.000000
CloneHead
0  3.102500 1.389309 66.985367  -0.576735 0.790808 -0.204937  1.927500 -0.143600 1 6 1.000000
0  3.228600 1.050810 68.272881  -0.484631 0.424713 0.764691  1.875800 -0.094500 1 6 1.000000
0  3.228001 1.454809 67.780701  -0.483905 0.827511 0.284712  1.893600 -0.138300 1 6 1.000000
CloneHead
0  2.931000 0.730707 66.158867  -0.544232 0.569988 -0.615569  1.966800 -0.095200 1 6 1.000000
0  3.228600 1.050810 68.272881  -0.484631 0.424713 0.764691  1.875800 -0.094500 1 6 1.000000
0  3.102500 1.389309 66.985367  -0.576735 0.790808 -0.204937  1.927500 -0.143600 1 6 1.000000
CloneHead
0  2.931000 0.730707 66.158867  -0.544232 0.569988 -0.615569  1.966800 -0.095200 1 6 1.000000
0  2.857700 0.334107 67.059273  -0.037186 0.979027 -0.200310  1.932100 -0.046300 1 6 1.000000
0  3.228600 1.050810 68.272881  -0.484631 0.424713 0.764691  1.875800 -0.094500 1 6 1.000000
CloneHead
0  2.757198 0.029105 65.925468  -0.646725 0.218199 -0.730846  1.981000 -0.030600 1 6 1.000000
0  2.857700 0.334107 67.059273  -0.037186 0.979027 -0.200310  1.932100 -0.046300 1 6 1.000000
0  2.931000 0.730707 66.158867  -0.544232 0.569988 -0.615569  1.966800 -0.095200 1 6 1.000000
CloneHead
0  2.757198 0.029105 65.925468  -0.646725 0.218199 -0.730846  1.981000 -0.030600 1 6 1.000000
0  2.704498 -0.099195 65.968468  0.505444 0.593267 -0.626547  1.979900 -0.016700 1 6 1.000000
0  2.857700 0.334107 67.059273  -0.037186 0.979027 -0.200310  1.932100 -0.046300 1 6 1.000000
CloneHead
0  1.021900 -3.035004 64.849876  0.415634 -0.154782 0.896265  1.912000 -0.698500 1 6 1.000000
0  0.934399 -3.568005 64.398178  0.163934 -0.064516 0.984359  1.913800 -0.622300 1 6 1.000000
0  1.081299 -2.975305 64.395180  -0.129750 -0.794692 0.592984  1.920800 -0.685400 1 6 1.000000
CloneHead
0  0.558102 -3.481800 64.750175  0.436162 -0.251020 0.864148  1.884800 -0.680100 1 6 1.000000
0  0.779099 -2.992803 64.585854  0.133484 -0.439771 0.888135  1.904600 -0.714300 1 6 1.000000
0  0.652901 -2.738700 64.760437  -0.038340 -0.873302 0.485668  1.899000 -0.744600 1 6 1.000000
CloneHead
0  0.685001 -3.517906 64.575546  -0.094506 0.026975 0.995159  1.890600 -0.668200 1 6 1.000000
0  0.779099 -2.992803 64.585854  0.133484 -0.439771 0.888135  1.904600 -0.714300 1 6 1.000000
0  0.558102 -3.481800 64.750175  0.436162 -0.251020 0.864148  1.884800 -0.680100 1 6 1.000000
CloneHead
0  0.685001 -3.517906 64.575546  -0.094506 0.026975 0.995159  1.890600 -0.668200 1 6 1.000000
0  1.021900 -3.035004 64.849876  0.415634 -0.154782 0.896265  1.912000 -0.698500 1 6 1.000000
0  0.779099 -2.992803 64.585854  0.133484 -0.439771 0.888135  1.904600 -0.714300 1 6 1.000000
CloneHead
0  0.875198 -3.627905 64.839561  0.331972 -0.296143 0.895597  1.898900 -0.644300 1 6 1.000000
0  1.021900 -3.035004 64.849876  0.415634 -0.154782 0.896265  1.912000 -0.698500 1 6 1.000000
0  0.685001 -3.517906 64.575546  -0.094506 0.026975 0.995159  1.890600 -0.668200 1 6 1.000000
CloneHead
0  0.875198 -3.627905 64.839561  0.331972 -0.296143 0.895597  1.898900 -0.644300 1 6 1.000000
0  0.934399 -3.568005 64.398178  0.163934 -0.064516 0.984359  1.913800 -0.622300 1 6 1.000000
0  1.021900 -3.035004 64.849876  0.415634 -0.154782 0.896265  1.912000 -0.698500 1 6 1.000000
CloneHead
0  0.875198 -3.627905 64.839561  0.331972 -0.296143 0.895597  1.898900 -0.644300 1 6 1.000000
0  0.472401 -4.020402 64.402985  0.153473 -0.134858 0.978907  1.886300 -0.575200 1 6 1.000000
0  0.934399 -3.568005 64.398178  0.163934 -0.064516 0.984359  1.913800 -0.622300 1 6 1.000000
CloneHead
0  0.476501 -4.051306 64.817787  0.235940 -0.424375 0.874207  1.879500 -0.608800 1 6 1.000000
0  0.472401 -4.020402 64.402985  0.153473 -0.134858 0.978907  1.886300 -0.575200 1 6 1.000000
0  0.875198 -3.627905 64.839561  0.331972 -0.296143 0.895597  1.898900 -0.644300 1 6 1.000000
CloneHead
0  0.476501 -4.051306 64.817787  0.235940 -0.424375 0.874207  1.879500 -0.608800 1 6 1.000000
0  0.875198 -3.627905 64.839561  0.331972 -0.296143 0.895597  1.898900 -0.644300 1 6 1.000000
0  0.412899 -3.842409 64.553879  -0.023306 0.016369 0.999594  1.877100 -0.639200 1 6 1.000000
CloneHead
0  0.412899 -3.842409 64.553879  -0.023306 0.016369 0.999594  1.877100 -0.639200 1 6 1.000000
0  0.875198 -3.627905 64.839561  0.331972 -0.296143 0.895597  1.898900 -0.644300 1 6 1.000000
0  0.685001 -3.517906 64.575546  -0.094506 0.026975 0.995159  1.890600 -0.668200 1 6 1.000000
CloneHead
0  0.558102 -3.481800 64.750175  0.436162 -0.251020 0.864148  1.884800 -0.680100 1 6 1.000000
0  0.412899 -3.842409 64.553879  -0.023306 0.016369 0.999594  1.877100 -0.639200 1 6 1.000000
0  0.685001 -3.517906 64.575546  -0.094506 0.026975 0.995159  1.890600 -0.668200 1 6 1.000000
CloneHead
0  0.361500 -3.806608 64.712173  0.333930 -0.575067 0.746853  1.874600 -0.650800 1 6 1.000000
0  0.412899 -3.842409 64.553879  -0.023306 0.016369 0.999594  1.877100 -0.639200 1 6 1.000000
0  0.558102 -3.481800 64.750175  0.436162 -0.251020 0.864148  1.884800 -0.680100 1 6 1.000000
CloneHead
0  1.063301 -3.678905 65.247574  -0.250608 0.071808 -0.965422  1.962000 -0.819800 1 6 1.000000
0  1.163700 -3.742404 64.715179  -0.878079 0.410948 0.245153  1.979500 -0.798600 1 6 1.000000
0  1.063000 -3.873908 64.733276  -0.488078 0.354624 -0.797509  1.984900 -0.822900 1 6 1.000000
CloneHead
0  1.138000 -3.051702 65.247574  -0.375485 -0.754482 -0.538301  1.937400 -0.772200 1 6 1.000000
0  1.163700 -3.742404 64.715179  -0.878079 0.410948 0.245153  1.979500 -0.798600 1 6 1.000000
0  1.063301 -3.678905 65.247574  -0.250608 0.071808 -0.965422  1.962000 -0.819800 1 6 1.000000
CloneHead
0  0.966599 -3.610299 64.933578  0.200483 -0.065308 -0.977518  1.952300 -0.824800 1 6 1.000000
0  1.138000 -3.051702 65.247574  -0.375485 -0.754482 -0.538301  1.937400 -0.772200 1 6 1.000000
0  1.063301 -3.678905 65.247574  -0.250608 0.071808 -0.965422  1.962000 -0.819800 1 6 1.000000
CloneHead
0  1.037701 -3.042903 64.984077  0.071433 0.098623 -0.992558  1.936200 -0.780600 1 6 1.000000
0  1.138000 -3.051702 65.247574  -0.375485 -0.754482 -0.538301  1.937400 -0.772200 1 6 1.000000
0  0.966599 -3.610299 64.933578  0.200483 -0.065308 -0.977518  1.952300 -0.824800 1 6 1.000000
CloneHead
0  0.754398 -3.512701 65.449448  -0.531943 0.320829 -0.783649  1.930700 -0.832300 1 6 1.000000
0  1.037701 -3.042903 64.984077  0.071433 0.098623 -0.992558  1.936200 -0.780600 1 6 1.000000
0  0.966599 -3.610299 64.933578  0.200483 -0.065308 -0.977518  1.952300 -0.824800 1 6 1.000000
CloneHead
0  0.822201 -3.039300 65.511864  -0.496519 -0.475034 -0.726507  1.920500 -0.799000 1 6 1.000000
0  1.037701 -3.042903 64.984077  0.071433 0.098623 -0.992558  1.936200 -0.780600 1 6 1.000000
0  0.754398 -3.512701 65.449448  -0.531943 0.320829 -0.783649  1.930700 -0.832300 1 6 1.000000
CloneHead
0  0.754398 -3.512701 65.449448  -0.531943 0.320829 -0.783649  1.930700 -0.832300 1 6 1.000000
0  -0.005001 -2.838902 65.523079  -0.001028 -0.589404 -0.807838  1.886400 -0.826500 1 6 1.000000
0  0.822201 -3.039300 65.511864  -0.496519 -0.475034 -0.726507  1.920500 -0.799000 1 6 1.000000
CloneHead
0  0.822201 -3.039300 65.511864  -0.496519 -0.475034 -0.726507  1.920500 -0.799000 1 6 1.000000
0  -0.005001 -2.838902 65.523079  -0.001028 -0.589404 -0.807838  1.886400 -0.826500 1 6 1.000000
0  1.138000 -3.051702 65.247574  -0.375485 -0.754482 -0.538301  1.937400 -0.772200 1 6 1.000000
CloneHead
0  0.652901 -2.738700 64.760437  -0.038340 -0.873302 0.485668  1.899000 -0.744600 1 6 1.000000
0  1.138000 -3.051702 65.247574  -0.375485 -0.754482 -0.538301  1.937400 -0.772200 1 6 1.000000
0  -0.005001 -2.838902 65.523079  -0.001028 -0.589404 -0.807838  1.886400 -0.826500 1 6 1.000000
CloneHead
0  1.138401 -2.816301 64.832474  -0.645138 -0.764008 0.009425  1.932700 -0.725900 1 6 1.000000
0  1.138000 -3.051702 65.247574  -0.375485 -0.754482 -0.538301  1.937400 -0.772200 1 6 1.000000
0  0.652901 -2.738700 64.760437  -0.038340 -0.873302 0.485668  1.899000 -0.744600 1 6 1.000000
CloneHead
0  0.652901 -2.738700 64.760437  -0.038340 -0.873302 0.485668  1.899000 -0.744600 1 6 1.000000
0  0.779099 -2.992803 64.585854  0.133484 -0.439771 0.888135  1.904600 -0.714300 1 6 1.000000
0  1.138401 -2.816301 64.832474  -0.645138 -0.764008 0.009425  1.932700 -0.725900 1 6 1.000000
CloneHead
0  1.138401 -2.816301 64.832474  -0.645138 -0.764008 0.009425  1.932700 -0.725900 1 6 1.000000
0  0.779099 -2.992803 64.585854  0.133484 -0.439771 0.888135  1.904600 -0.714300 1 6 1.000000
0  1.081299 -2.975305 64.395180  -0.129750 -0.794692 0.592984  1.920800 -0.685400 1 6 1.000000
CloneHead
0  1.081299 -2.975305 64.395180  -0.129750 -0.794692 0.592984  1.920800 -0.685400 1 6 1.000000
0  1.163700 -3.742404 64.715179  -0.878079 0.410948 0.245153  1.930100 -0.601900 1 6 1.000000
0  1.138401 -2.816301 64.832474  -0.645138 -0.764008 0.009425  1.932700 -0.725900 1 6 1.000000
CloneHead
0  0.934399 -3.568005 64.398178  0.163934 -0.064516 0.984359  1.913800 -0.622300 1 6 1.000000
0  1.163700 -3.742404 64.715179  -0.878079 0.410948 0.245153  1.930100 -0.601900 1 6 1.000000
0  1.081299 -2.975305 64.395180  -0.129750 -0.794692 0.592984  1.920800 -0.685400 1 6 1.000000
CloneHead
0  1.054501 -3.897304 64.756180  -0.096382 0.212395 0.972419  1.924200 -0.577400 1 6 1.000000
0  1.163700 -3.742404 64.715179  -0.878079 0.410948 0.245153  1.930100 -0.601900 1 6 1.000000
0  0.934399 -3.568005 64.398178  0.163934 -0.064516 0.984359  1.913800 -0.622300 1 6 1.000000
CloneHead
0  0.472401 -4.020402 64.402985  0.153473 -0.134858 0.978907  1.886300 -0.575200 1 6 1.000000
0  1.054501 -3.897304 64.756180  -0.096382 0.212395 0.972419  1.924200 -0.577400 1 6 1.000000
0  0.934399 -3.568005 64.398178  0.163934 -0.064516 0.984359  1.913800 -0.622300 1 6 1.000000
CloneHead
0  0.715500 -4.195005 64.796043  -0.088388 0.250029 0.964195  1.903900 -0.540800 1 6 1.000000
0  1.054501 -3.897304 64.756180  -0.096382 0.212395 0.972419  1.924200 -0.577400 1 6 1.000000
0  0.472401 -4.020402 64.402985  0.153473 -0.134858 0.978907  1.886300 -0.575200 1 6 1.000000
CloneHead
0  0.715500 -4.195005 64.796043  -0.088388 0.250029 0.964195  1.903900 -0.540800 1 6 1.000000
0  0.472401 -4.020402 64.402985  0.153473 -0.134858 0.978907  1.886300 -0.575200 1 6 1.000000
0  0.300701 -4.379106 64.794785  -0.150209 0.282801 0.947344  1.879000 -0.519300 1 6 1.000000
CloneHead
0  1.138000 -3.051702 65.247574  -0.375485 -0.754482 -0.538301  1.937400 -0.772200 1 6 1.000000
0  1.138401 -2.816301 64.832474  -0.645138 -0.764008 0.009425  1.932700 -0.725900 1 6 1.000000
0  1.163700 -3.742404 64.715179  -0.878079 0.410948 0.245153  1.979500 -0.798600 1 6 1.000000
CloneHead
0  0.754398 -3.512701 65.449448  -0.531943 0.320829 -0.783649  1.930700 -0.832300 1 6 1.000000
0  0.966599 -3.610299 64.933578  0.200483 -0.065308 -0.977518  1.952300 -0.824800 1 6 1.000000
0  0.416100 -3.933305 65.383682  -0.327495 0.588615 -0.739107  1.934500 -0.872800 1 6 1.000000
CloneHead
0  0.416100 -3.933305 65.383682  -0.327495 0.588615 -0.739107  1.934500 -0.872800 1 6 1.000000
0  -0.005001 -2.838902 65.523079  -0.001028 -0.589404 -0.807838  1.886400 -0.826500 1 6 1.000000
0  0.754398 -3.512701 65.449448  -0.531943 0.320829 -0.783649  1.930700 -0.832300 1 6 1.000000
CloneHead
0  1.054501 -3.897304 64.756180  -0.096382 0.212395 0.972419  1.924200 -0.577400 1 6 1.000000
0  1.212200 -3.838608 64.716179  0.593665 -0.791087 -0.147455  1.931600 -0.588800 1 6 1.000000
0  1.163700 -3.742404 64.715179  -0.878079 0.410948 0.245153  1.930100 -0.601900 1 6 1.000000
CloneHead
0  1.059601 -3.991706 64.731575  0.565394 -0.512595 0.646201  1.924500 -0.567300 1 6 1.000000
0  1.212200 -3.838608 64.716179  0.593665 -0.791087 -0.147455  1.931600 -0.588800 1 6 1.000000
0  1.054501 -3.897304 64.756180  -0.096382 0.212395 0.972419  1.924200 -0.577400 1 6 1.000000
CloneHead
0  0.715500 -4.195005 64.796043  -0.088388 0.250029 0.964195  1.903900 -0.540800 1 6 1.000000
0  1.059601 -3.991706 64.731575  0.565394 -0.512595 0.646201  1.924500 -0.567300 1 6 1.000000
0  1.054501 -3.897304 64.756180  -0.096382 0.212395 0.972419  1.924200 -0.577400 1 6 1.000000
CloneHead
0  0.715302 -4.322002 64.766647  0.421221 -0.571264 0.704436  1.903700 -0.527900 1 6 1.000000
0  1.059601 -3.991706 64.731575  0.565394 -0.512595 0.646201  1.924500 -0.567300 1 6 1.000000
0  0.715500 -4.195005 64.796043  -0.088388 0.250029 0.964195  1.903900 -0.540800 1 6 1.000000
CloneHead
0  -0.007599 -4.373608 65.247574  0.000625 0.250548 -0.968104  1.957500 -0.946900 1 6 1.000000
0  0.336800 -4.372603 64.781082  -0.160148 0.592523 -0.789474  1.983200 -0.931500 1 6 1.000000
0  -0.007702 -4.416304 64.749176  0.001251 0.658993 -0.752148  1.972700 -0.972600 1 6 1.000000
CloneHead
0  -0.007702 -4.416304 64.749176  0.001251 0.658993 -0.752148  1.972700 -0.972600 1 6 1.000000
0  -0.352001 -4.371306 64.781067  0.162187 0.592059 -0.789406  1.983200 -0.931500 1 6 1.000000
0  -0.007599 -4.373608 65.247574  0.000625 0.250548 -0.968104  1.957500 -0.946900 1 6 1.000000
CloneHead
0  -0.007599 -4.373608 65.247574  0.000625 0.250548 -0.968104  1.957500 -0.946900 1 6 1.000000
0  -0.352001 -4.371306 64.781067  0.162187 0.592059 -0.789406  1.983200 -0.931500 1 6 1.000000
0  -0.524300 -4.204605 65.247543  0.050820 0.169684 -0.984187  1.967700 -0.895700 1 6 1.000000
CloneHead
0  -0.524300 -4.204605 65.247543  0.050820 0.169684 -0.984187  1.967700 -0.895700 1 6 1.000000
0  -0.477299 -4.112805 64.870651  -0.166471 -0.106260 -0.980304  1.954900 -0.889100 1 6 1.000000
0  -0.007599 -4.373608 65.247574  0.000625 0.250548 -0.968104  1.957500 -0.946900 1 6 1.000000
CloneHead
0  -0.524300 -4.204605 65.247543  0.050820 0.169684 -0.984187  1.967700 -0.895700 1 6 1.000000
0  -0.979198 -3.606907 64.933578  -0.200762 -0.064561 -0.977510  1.952300 -0.824800 1 6 1.000000
0  -0.477299 -4.112805 64.870651  -0.166471 -0.106260 -0.980304  1.954900 -0.889100 1 6 1.000000
CloneHead
0  -0.477299 -4.112805 64.870651  -0.166471 -0.106260 -0.980304  1.954900 -0.889100 1 6 1.000000
0  -0.979198 -3.606907 64.933578  -0.200762 -0.064561 -0.977510  1.952300 -0.824800 1 6 1.000000
0  -0.429798 -3.931802 65.383659  0.329529 0.587470 -0.739114  1.934500 -0.872800 1 6 1.000000
CloneHead
0  -0.429798 -3.931802 65.383659  0.329529 0.587470 -0.739114  1.934500 -0.872800 1 6 1.000000
0  -0.979198 -3.606907 64.933578  -0.200762 -0.064561 -0.977510  1.952300 -0.824800 1 6 1.000000
0  -0.766701 -3.510104 65.449478  0.533058 0.319056 -0.783615  1.930700 -0.832300 1 6 1.000000
CloneHead
0  -0.005001 -2.838902 65.523079  -0.001028 -0.589404 -0.807838  1.886400 -0.826500 1 6 1.000000
0  -0.429798 -3.931802 65.383659  0.329529 0.587470 -0.739114  1.934500 -0.872800 1 6 1.000000
0  -0.766701 -3.510104 65.449478  0.533058 0.319056 -0.783615  1.930700 -0.832300 1 6 1.000000
CloneHead
0  -0.005001 -2.838902 65.523079  -0.001028 -0.589404 -0.807838  1.886400 -0.826500 1 6 1.000000
0  -0.007099 -4.066402 65.364380  0.001223 0.681921 -0.731425  1.929400 -0.899100 1 6 1.000000
0  -0.429798 -3.931802 65.383659  0.329529 0.587470 -0.739114  1.934500 -0.872800 1 6 1.000000
CloneHead
0  -0.007099 -4.066402 65.364380  0.001223 0.681921 -0.731425  1.929400 -0.899100 1 6 1.000000
0  -0.005001 -2.838902 65.523079  -0.001028 -0.589404 -0.807838  1.886400 -0.826500 1 6 1.000000
0  0.416100 -3.933305 65.383682  -0.327495 0.588615 -0.739107  1.934500 -0.872800 1 6 1.000000
CloneHead
0  0.416100 -3.933305 65.383682  -0.327495 0.588615 -0.739107  1.934500 -0.872800 1 6 1.000000
0  0.463001 -4.114407 64.870682  0.166078 -0.106784 -0.980314  1.954900 -0.889100 1 6 1.000000
0  -0.007099 -4.066402 65.364380  0.001223 0.681921 -0.731425  1.929400 -0.899100 1 6 1.000000
CloneHead
0  0.416100 -3.933305 65.383682  -0.327495 0.588615 -0.739107  1.934500 -0.872800 1 6 1.000000
0  0.966599 -3.610299 64.933578  0.200483 -0.065308 -0.977518  1.952300 -0.824800 1 6 1.000000
0  0.463001 -4.114407 64.870682  0.166078 -0.106784 -0.980314  1.954900 -0.889100 1 6 1.000000
CloneHead
0  0.966599 -3.610299 64.933578  0.200483 -0.065308 -0.977518  1.952300 -0.824800 1 6 1.000000
0  0.509701 -4.206406 65.247581  -0.050468 0.169793 -0.984187  1.967700 -0.895700 1 6 1.000000
0  0.463001 -4.114407 64.870682  0.166078 -0.106784 -0.980314  1.954900 -0.889100 1 6 1.000000
CloneHead
0  1.063301 -3.678905 65.247574  -0.250608 0.071808 -0.965422  1.962000 -0.819800 1 6 1.000000
0  0.509701 -4.206406 65.247581  -0.050468 0.169793 -0.984187  1.967700 -0.895700 1 6 1.000000
0  0.966599 -3.610299 64.933578  0.200483 -0.065308 -0.977518  1.952300 -0.824800 1 6 1.000000
CloneHead
0  1.063301 -3.678905 65.247574  -0.250608 0.071808 -0.965422  1.962000 -0.819800 1 6 1.000000
0  0.682098 -4.204407 64.778450  -0.384121 0.466215 -0.796928  1.987600 -0.883600 1 6 1.000000
0  0.509701 -4.206406 65.247581  -0.050468 0.169793 -0.984187  1.967700 -0.895700 1 6 1.000000
CloneHead
0  1.063000 -3.873908 64.733276  -0.488078 0.354624 -0.797509  1.984900 -0.822900 1 6 1.000000
0  0.682098 -4.204407 64.778450  -0.384121 0.466215 -0.796928  1.987600 -0.883600 1 6 1.000000
0  1.063301 -3.678905 65.247574  -0.250608 0.071808 -0.965422  1.962000 -0.819800 1 6 1.000000
CloneHead
0  -0.007099 -4.066402 65.364380  0.001223 0.681921 -0.731425  1.929400 -0.899100 1 6 1.000000
0  -0.477299 -4.112805 64.870651  -0.166471 -0.106260 -0.980304  1.954900 -0.889100 1 6 1.000000
0  -0.429798 -3.931802 65.383659  0.329529 0.587470 -0.739114  1.934500 -0.872800 1 6 1.000000
CloneHead
0  -0.007401 -4.259606 64.846375  -0.000335 -0.205871 -0.978579  1.946900 -0.928700 1 6 1.000000
0  -0.477299 -4.112805 64.870651  -0.166471 -0.106260 -0.980304  1.954900 -0.889100 1 6 1.000000
0  -0.007099 -4.066402 65.364380  0.001223 0.681921 -0.731425  1.929400 -0.899100 1 6 1.000000
CloneHead
0  -0.007099 -4.066402 65.364380  0.001223 0.681921 -0.731425  1.929400 -0.899100 1 6 1.000000
0  0.463001 -4.114407 64.870682  0.166078 -0.106784 -0.980314  1.954900 -0.889100 1 6 1.000000
0  -0.007401 -4.259606 64.846375  -0.000335 -0.205871 -0.978579  1.946900 -0.928700 1 6 1.000000
CloneHead
0  0.463001 -4.114407 64.870682  0.166078 -0.106784 -0.980314  1.954900 -0.889100 1 6 1.000000
0  -0.007599 -4.373608 65.247574  0.000625 0.250548 -0.968104  1.957500 -0.946900 1 6 1.000000
0  -0.007401 -4.259606 64.846375  -0.000335 -0.205871 -0.978579  1.946900 -0.928700 1 6 1.000000
CloneHead
0  0.509701 -4.206406 65.247581  -0.050468 0.169793 -0.984187  1.967700 -0.895700 1 6 1.000000
0  -0.007599 -4.373608 65.247574  0.000625 0.250548 -0.968104  1.957500 -0.946900 1 6 1.000000
0  0.463001 -4.114407 64.870682  0.166078 -0.106784 -0.980314  1.954900 -0.889100 1 6 1.000000
CloneHead
0  0.509701 -4.206406 65.247581  -0.050468 0.169793 -0.984187  1.967700 -0.895700 1 6 1.000000
0  0.336800 -4.372603 64.781082  -0.160148 0.592523 -0.789474  1.983200 -0.931500 1 6 1.000000
0  -0.007599 -4.373608 65.247574  0.000625 0.250548 -0.968104  1.957500 -0.946900 1 6 1.000000
CloneHead
0  0.336800 -4.372603 64.781082  -0.160148 0.592523 -0.789474  1.983200 -0.931500 1 6 1.000000
0  0.509701 -4.206406 65.247581  -0.050468 0.169793 -0.984187  1.967700 -0.895700 1 6 1.000000
0  0.682098 -4.204407 64.778450  -0.384121 0.466215 -0.796928  1.987600 -0.883600 1 6 1.000000
CloneHead
0  -0.007599 -4.373608 65.247574  0.000625 0.250548 -0.968104  1.957500 -0.946900 1 6 1.000000
0  -0.477299 -4.112805 64.870651  -0.166471 -0.106260 -0.980304  1.954900 -0.889100 1 6 1.000000
0  -0.007401 -4.259606 64.846375  -0.000335 -0.205871 -0.978579  1.946900 -0.928700 1 6 1.000000
CloneHead
0  -0.524300 -4.204605 65.247543  0.050820 0.169684 -0.984187  1.967700 -0.895700 1 6 1.000000
0  -0.352001 -4.371306 64.781067  0.162187 0.592059 -0.789406  1.983200 -0.931500 1 6 1.000000
0  -0.696800 -4.202008 64.778488  0.385629 0.464885 -0.796977  1.987600 -0.883600 1 6 1.000000
CloneHead
0  -1.076500 -3.870205 64.733276  0.489289 0.352901 -0.797532  1.984900 -0.822900 1 6 1.000000
0  -1.076099 -3.675201 65.247574  0.250814 0.070897 -0.965436  1.962000 -0.819800 1 6 1.000000
0  -0.696800 -4.202008 64.778488  0.385629 0.464885 -0.796977  1.987600 -0.883600 1 6 1.000000
CloneHead
0  -0.696800 -4.202008 64.778488  0.385629 0.464885 -0.796977  1.987600 -0.883600 1 6 1.000000
0  -1.076099 -3.675201 65.247574  0.250814 0.070897 -0.965436  1.962000 -0.819800 1 6 1.000000
0  -0.524300 -4.204605 65.247543  0.050820 0.169684 -0.984187  1.967700 -0.895700 1 6 1.000000
CloneHead
0  -1.076099 -3.675201 65.247574  0.250814 0.070897 -0.965436  1.962000 -0.819800 1 6 1.000000
0  -0.979198 -3.606907 64.933578  -0.200762 -0.064561 -0.977510  1.952300 -0.824800 1 6 1.000000
0  -0.524300 -4.204605 65.247543  0.050820 0.169684 -0.984187  1.967700 -0.895700 1 6 1.000000
CloneHead
0  -1.076099 -3.675201 65.247574  0.250814 0.070897 -0.965436  1.962000 -0.819800 1 6 1.000000
0  -1.176800 -3.738307 64.715179  0.879517 0.407897 0.245092  1.979500 -0.798600 1 6 1.000000
0  -1.148602 -3.047699 65.247574  0.372772 -0.755763 -0.538389  1.937400 -0.772200 1 6 1.000000
CloneHead
0  -1.076500 -3.870205 64.733276  0.489289 0.352901 -0.797532  1.984900 -0.822900 1 6 1.000000
0  -1.176800 -3.738307 64.715179  0.879517 0.407897 0.245092  1.979500 -0.798600 1 6 1.000000
0  -1.076099 -3.675201 65.247574  0.250814 0.070897 -0.965436  1.962000 -0.819800 1 6 1.000000
CloneHead
0  -1.076500 -3.870205 64.733276  0.489289 0.352901 -0.797532  1.984900 -0.822900 1 6 1.000000
0  -1.225601 -3.834402 64.716179  -0.596382 -0.788924 -0.148076  1.986500 -0.807100 1 6 1.000000
0  -1.176800 -3.738307 64.715179  0.879517 0.407897 0.245092  1.979500 -0.798600 1 6 1.000000
CloneHead
0  -1.149601 -3.968405 64.733276  -0.295952 -0.337396 -0.893631  1.990200 -0.825300 1 6 1.000000
0  -1.225601 -3.834402 64.716179  -0.596382 -0.788924 -0.148076  1.986500 -0.807100 1 6 1.000000
0  -1.076500 -3.870205 64.733276  0.489289 0.352901 -0.797532  1.984900 -0.822900 1 6 1.000000
CloneHead
0  -0.696800 -4.202008 64.778488  0.385629 0.464885 -0.796977  1.987600 -0.883600 1 6 1.000000
0  -1.149601 -3.968405 64.733276  -0.295952 -0.337396 -0.893631  1.990200 -0.825300 1 6 1.000000
0  -1.076500 -3.870205 64.733276  0.489289 0.352901 -0.797532  1.984900 -0.822900 1 6 1.000000
CloneHead
0  -0.768101 -4.342007 64.778488  -0.252053 -0.435219 -0.864323  1.994300 -0.886600 1 6 1.000000
0  -1.149601 -3.968405 64.733276  -0.295952 -0.337396 -0.893631  1.990200 -0.825300 1 6 1.000000
0  -0.696800 -4.202008 64.778488  0.385629 0.464885 -0.796977  1.987600 -0.883600 1 6 1.000000
CloneHead
0  -0.352001 -4.371306 64.781067  0.162187 0.592059 -0.789406  1.983200 -0.931500 1 6 1.000000
0  -0.768101 -4.342007 64.778488  -0.252053 -0.435219 -0.864323  1.994300 -0.886600 1 6 1.000000
0  -0.696800 -4.202008 64.778488  0.385629 0.464885 -0.796977  1.987600 -0.883600 1 6 1.000000
CloneHead
0  -0.343800 -4.536202 64.781067  -0.192791 -0.498589 -0.845128  1.988700 -0.941500 1 6 1.000000
0  -0.768101 -4.342007 64.778488  -0.252053 -0.435219 -0.864323  1.994300 -0.886600 1 6 1.000000
0  -0.352001 -4.371306 64.781067  0.162187 0.592059 -0.789406  1.983200 -0.931500 1 6 1.000000
CloneHead
0  -0.007702 -4.416304 64.749176  0.001251 0.658993 -0.752148  1.972700 -0.972600 1 6 1.000000
0  -0.343800 -4.536202 64.781067  -0.192791 -0.498589 -0.845128  1.988700 -0.941500 1 6 1.000000
0  -0.352001 -4.371306 64.781067  0.162187 0.592059 -0.789406  1.983200 -0.931500 1 6 1.000000
CloneHead
0  -0.007999 -4.580308 64.730476  -0.000726 -0.446036 -0.895015  1.977900 -0.981400 1 6 1.000000
0  -0.343800 -4.536202 64.781067  -0.192791 -0.498589 -0.845128  1.988700 -0.941500 1 6 1.000000
0  -0.007702 -4.416304 64.749176  0.001251 0.658993 -0.752148  1.972700 -0.972600 1 6 1.000000
CloneHead
0  -0.007702 -4.416304 64.749176  0.001251 0.658993 -0.752148  1.972700 -0.972600 1 6 1.000000
0  0.327999 -4.537303 64.781082  0.191028 -0.499190 -0.845173  1.988700 -0.941500 1 6 1.000000
0  -0.007999 -4.580308 64.730476  -0.000726 -0.446036 -0.895015  1.977900 -0.981400 1 6 1.000000
CloneHead
0  0.336800 -4.372603 64.781082  -0.160148 0.592523 -0.789474  1.983200 -0.931500 1 6 1.000000
0  0.327999 -4.537303 64.781082  0.191028 -0.499190 -0.845173  1.988700 -0.941500 1 6 1.000000
0  -0.007702 -4.416304 64.749176  0.001251 0.658993 -0.752148  1.972700 -0.972600 1 6 1.000000
CloneHead
0  0.336800 -4.372603 64.781082  -0.160148 0.592523 -0.789474  1.983200 -0.931500 1 6 1.000000
0  0.752998 -4.344708 64.778450  0.250598 -0.436233 -0.864235  1.994300 -0.886600 1 6 1.000000
0  0.327999 -4.537303 64.781082  0.191028 -0.499190 -0.845173  1.988700 -0.941500 1 6 1.000000
CloneHead
0  0.682098 -4.204407 64.778450  -0.384121 0.466215 -0.796928  1.987600 -0.883600 1 6 1.000000
0  0.752998 -4.344708 64.778450  0.250598 -0.436233 -0.864235  1.994300 -0.886600 1 6 1.000000
0  0.336800 -4.372603 64.781082  -0.160148 0.592523 -0.789474  1.983200 -0.931500 1 6 1.000000
CloneHead
0  0.682098 -4.204407 64.778450  -0.384121 0.466215 -0.796928  1.987600 -0.883600 1 6 1.000000
0  1.135700 -3.972410 64.733276  0.294935 -0.338445 -0.893571  1.990200 -0.825300 1 6 1.000000
0  0.752998 -4.344708 64.778450  0.250598 -0.436233 -0.864235  1.994300 -0.886600 1 6 1.000000
CloneHead
0  1.063000 -3.873908 64.733276  -0.488078 0.354624 -0.797509  1.984900 -0.822900 1 6 1.000000
0  1.135700 -3.972410 64.733276  0.294935 -0.338445 -0.893571  1.990200 -0.825300 1 6 1.000000
0  0.682098 -4.204407 64.778450  -0.384121 0.466215 -0.796928  1.987600 -0.883600 1 6 1.000000
CloneHead
0  1.063000 -3.873908 64.733276  -0.488078 0.354624 -0.797509  1.984900 -0.822900 1 6 1.000000
0  1.212200 -3.838608 64.716179  0.593665 -0.791087 -0.147455  1.986500 -0.807100 1 6 1.000000
0  1.135700 -3.972410 64.733276  0.294935 -0.338445 -0.893571  1.990200 -0.825300 1 6 1.000000
CloneHead
0  1.163700 -3.742404 64.715179  -0.878079 0.410948 0.245153  1.979500 -0.798600 1 6 1.000000
0  1.212200 -3.838608 64.716179  0.593665 -0.791087 -0.147455  1.986500 -0.807100 1 6 1.000000
0  1.063000 -3.873908 64.733276  -0.488078 0.354624 -0.797509  1.984900 -0.822900 1 6 1.000000
CloneHead
0  -1.148201 -2.812303 64.832474  0.642457 -0.766265 0.009386  1.932700 -0.725900 1 6 1.000000
0  -1.148602 -3.047699 65.247574  0.372772 -0.755763 -0.538389  1.937400 -0.772200 1 6 1.000000
0  -1.176800 -3.738307 64.715179  0.879517 0.407897 0.245092  1.979500 -0.798600 1 6 1.000000
CloneHead
0  -0.662498 -2.736402 64.760475  0.035301 -0.873477 0.485584  1.899000 -0.744600 1 6 1.000000
0  -1.148602 -3.047699 65.247574  0.372772 -0.755763 -0.538389  1.937400 -0.772200 1 6 1.000000
0  -1.148201 -2.812303 64.832474  0.642457 -0.766265 0.009386  1.932700 -0.725900 1 6 1.000000
CloneHead
0  -1.032501 -3.031506 64.849876  -0.416101 -0.153353 0.896294  1.912000 -0.698500 1 6 1.000000
0  -0.697300 -3.515504 64.575584  0.094732 0.026710 0.995144  1.890600 -0.668200 1 6 1.000000
0  -0.789501 -2.990003 64.585876  -0.135193 -0.439396 0.888062  1.904600 -0.714300 1 6 1.000000
CloneHead
0  -0.697300 -3.515504 64.575584  0.094732 0.026710 0.995144  1.890600 -0.668200 1 6 1.000000
0  -0.570301 -3.479805 64.750145  -0.437032 -0.249448 0.864164  1.884800 -0.680100 1 6 1.000000
0  -0.789501 -2.990003 64.585876  -0.135193 -0.439396 0.888062  1.904600 -0.714300 1 6 1.000000
CloneHead
0  -0.789501 -2.990003 64.585876  -0.135193 -0.439396 0.888062  1.904600 -0.714300 1 6 1.000000
0  -0.570301 -3.479805 64.750145  -0.437032 -0.249448 0.864164  1.884800 -0.680100 1 6 1.000000
0  -0.662498 -2.736402 64.760475  0.035301 -0.873477 0.485584  1.899000 -0.744600 1 6 1.000000
CloneHead
0  -0.789501 -2.990003 64.585876  -0.135193 -0.439396 0.888062  1.904600 -0.714300 1 6 1.000000
0  -0.662498 -2.736402 64.760475  0.035301 -0.873477 0.485584  1.899000 -0.744600 1 6 1.000000
0  -1.148201 -2.812303 64.832474  0.642457 -0.766265 0.009386  1.932700 -0.725900 1 6 1.000000
CloneHead
0  -0.789501 -2.990003 64.585876  -0.135193 -0.439396 0.888062  1.904600 -0.714300 1 6 1.000000
0  -1.148201 -2.812303 64.832474  0.642457 -0.766265 0.009386  1.932700 -0.725900 1 6 1.000000
0  -1.091702 -2.971500 64.395180  0.127218 -0.795148 0.592921  1.920800 -0.685400 1 6 1.000000
CloneHead
0  -1.176800 -3.738307 64.715179  0.879517 0.407897 0.245092  1.930100 -0.601900 1 6 1.000000
0  -1.091702 -2.971500 64.395180  0.127218 -0.795148 0.592921  1.920800 -0.685400 1 6 1.000000
0  -1.148201 -2.812303 64.832474  0.642457 -0.766265 0.009386  1.932700 -0.725900 1 6 1.000000
CloneHead
0  0.300701 -4.379106 64.794785  -0.150209 0.282801 0.947344  1.879000 -0.519300 1 6 1.000000
0  0.715302 -4.322002 64.766647  0.421221 -0.571264 0.704436  1.903700 -0.527900 1 6 1.000000
0  0.715500 -4.195005 64.796043  -0.088388 0.250029 0.964195  1.903900 -0.540800 1 6 1.000000
CloneHead
0  0.300400 -4.526307 64.765388  0.129280 -0.664466 0.736051  1.878400 -0.504600 1 6 1.000000
0  0.715302 -4.322002 64.766647  0.421221 -0.571264 0.704436  1.903700 -0.527900 1 6 1.000000
0  0.300701 -4.379106 64.794785  -0.150209 0.282801 0.947344  1.879000 -0.519300 1 6 1.000000
CloneHead
0  -0.007702 -4.416306 64.732277  0.000551 0.358397 0.933569  1.858200 -0.516600 1 6 1.000000
0  0.300400 -4.526307 64.765388  0.129280 -0.664466 0.736051  1.878400 -0.504600 1 6 1.000000
0  0.300701 -4.379106 64.794785  -0.150209 0.282801 0.947344  1.879000 -0.519300 1 6 1.000000
CloneHead
0  -0.007999 -4.580306 64.713776  -0.001193 -0.719293 0.694706  1.858300 -0.499400 1 6 1.000000
0  0.300400 -4.526307 64.765388  0.129280 -0.664466 0.736051  1.878400 -0.504600 1 6 1.000000
0  -0.007702 -4.416306 64.732277  0.000551 0.358397 0.933569  1.858200 -0.516600 1 6 1.000000
CloneHead
0  -0.007999 -4.580306 64.713776  -0.001193 -0.719293 0.694706  1.858300 -0.499400 1 6 1.000000
0  -0.007702 -4.416306 64.732277  0.000551 0.358397 0.933569  1.858200 -0.516600 1 6 1.000000
0  -0.316200 -4.525309 64.765381  -0.131518 -0.664076 0.736006  1.878400 -0.504600 1 6 1.000000
CloneHead
0  -0.316200 -4.525309 64.765381  -0.131518 -0.664076 0.736006  1.878400 -0.504600 1 6 1.000000
0  -0.007702 -4.416306 64.732277  0.000551 0.358397 0.933569  1.858200 -0.516600 1 6 1.000000
0  -0.316002 -4.378110 64.794769  0.151224 0.282205 0.947360  1.879000 -0.519300 1 6 1.000000
CloneHead
0  -0.316200 -4.525309 64.765381  -0.131518 -0.664076 0.736006  1.878400 -0.504600 1 6 1.000000
0  -0.316002 -4.378110 64.794769  0.151224 0.282205 0.947360  1.879000 -0.519300 1 6 1.000000
0  -0.730400 -4.319505 64.766685  -0.423206 -0.569705 0.704509  1.903700 -0.527900 1 6 1.000000
CloneHead
0  -0.730400 -4.319505 64.766685  -0.423206 -0.569705 0.704509  1.903700 -0.527900 1 6 1.000000
0  -0.316002 -4.378110 64.794769  0.151224 0.282205 0.947360  1.879000 -0.519300 1 6 1.000000
0  -0.730202 -4.192404 64.796082  0.089296 0.249845 0.964160  1.903900 -0.540800 1 6 1.000000
CloneHead
0  -0.730400 -4.319505 64.766685  -0.423206 -0.569705 0.704509  1.903700 -0.527900 1 6 1.000000
0  -0.730202 -4.192404 64.796082  0.089296 0.249845 0.964160  1.903900 -0.540800 1 6 1.000000
0  -1.073502 -3.988004 64.731575  -0.567162 -0.510598 0.646232  1.924500 -0.567300 1 6 1.000000
CloneHead
0  -1.073502 -3.988004 64.731575  -0.567162 -0.510598 0.646232  1.924500 -0.567300 1 6 1.000000
0  -0.730202 -4.192404 64.796082  0.089296 0.249845 0.964160  1.903900 -0.540800 1 6 1.000000
0  -1.068100 -3.893602 64.756180  0.097145 0.212086 0.972411  1.924200 -0.577400 1 6 1.000000
CloneHead
0  -1.073502 -3.988004 64.731575  -0.567162 -0.510598 0.646232  1.924500 -0.567300 1 6 1.000000
0  -1.068100 -3.893602 64.756180  0.097145 0.212086 0.972411  1.924200 -0.577400 1 6 1.000000
0  -1.225601 -3.834402 64.716179  -0.596382 -0.788924 -0.148076  1.931600 -0.588800 1 6 1.000000
CloneHead
0  -1.225601 -3.834402 64.716179  -0.596382 -0.788924 -0.148076  1.931600 -0.588800 1 6 1.000000
0  -1.068100 -3.893602 64.756180  0.097145 0.212086 0.972411  1.924200 -0.577400 1 6 1.000000
0  -1.176800 -3.738307 64.715179  0.879517 0.407897 0.245092  1.930100 -0.601900 1 6 1.000000
CloneHead
0  -1.068100 -3.893602 64.756180  0.097145 0.212086 0.972411  1.924200 -0.577400 1 6 1.000000
0  -0.946899 -3.564707 64.398178  -0.164049 -0.063962 0.984376  1.913800 -0.622300 1 6 1.000000
0  -1.176800 -3.738307 64.715179  0.879517 0.407897 0.245092  1.930100 -0.601900 1 6 1.000000
CloneHead
0  -1.176800 -3.738307 64.715179  0.879517 0.407897 0.245092  1.930100 -0.601900 1 6 1.000000
0  -0.946899 -3.564707 64.398178  -0.164049 -0.063962 0.984376  1.913800 -0.622300 1 6 1.000000
0  -1.091702 -2.971500 64.395180  0.127218 -0.795148 0.592921  1.920800 -0.685400 1 6 1.000000
CloneHead
0  -1.091702 -2.971500 64.395180  0.127218 -0.795148 0.592921  1.920800 -0.685400 1 6 1.000000
0  -0.946899 -3.564707 64.398178  -0.164049 -0.063962 0.984376  1.913800 -0.622300 1 6 1.000000
0  -1.032501 -3.031506 64.849876  -0.416101 -0.153353 0.896294  1.912000 -0.698500 1 6 1.000000
CloneHead
0  -1.032501 -3.031506 64.849876  -0.416101 -0.153353 0.896294  1.912000 -0.698500 1 6 1.000000
0  -0.946899 -3.564707 64.398178  -0.164049 -0.063962 0.984376  1.913800 -0.622300 1 6 1.000000
0  -0.887798 -3.624800 64.839577  -0.332774 -0.294943 0.895695  1.898900 -0.644300 1 6 1.000000
CloneHead
0  -0.887798 -3.624800 64.839577  -0.332774 -0.294943 0.895695  1.898900 -0.644300 1 6 1.000000
0  -0.697300 -3.515504 64.575584  0.094732 0.026710 0.995144  1.890600 -0.668200 1 6 1.000000
0  -1.032501 -3.031506 64.849876  -0.416101 -0.153353 0.896294  1.912000 -0.698500 1 6 1.000000
CloneHead
0  -0.887798 -3.624800 64.839577  -0.332774 -0.294943 0.895695  1.898900 -0.644300 1 6 1.000000
0  -0.426399 -3.840907 64.553864  0.023446 0.016309 0.999592  1.877100 -0.639200 1 6 1.000000
0  -0.697300 -3.515504 64.575584  0.094732 0.026710 0.995144  1.890600 -0.668200 1 6 1.000000
CloneHead
0  -0.697300 -3.515504 64.575584  0.094732 0.026710 0.995144  1.890600 -0.668200 1 6 1.000000
0  -0.426399 -3.840907 64.553864  0.023446 0.016309 0.999592  1.877100 -0.639200 1 6 1.000000
0  -0.570301 -3.479805 64.750145  -0.437032 -0.249448 0.864164  1.884800 -0.680100 1 6 1.000000
CloneHead
0  -0.570301 -3.479805 64.750145  -0.437032 -0.249448 0.864164  1.884800 -0.680100 1 6 1.000000
0  -0.426399 -3.840907 64.553864  0.023446 0.016309 0.999592  1.877100 -0.639200 1 6 1.000000
0  -0.374802 -3.805305 64.712166  -0.335836 -0.573895 0.746900  1.874600 -0.650800 1 6 1.000000
CloneHead
0  -0.004501 -2.604102 64.807678  -0.001549 -0.866830 0.498601  1.860700 -0.781700 1 6 1.000000
0  0.652901 -2.738700 64.760437  -0.038340 -0.873302 0.485668  1.899000 -0.744600 1 6 1.000000
0  -0.005001 -2.838902 65.523079  -0.001028 -0.589404 -0.807838  1.886400 -0.826500 1 6 1.000000
CloneHead
0  -0.004501 -2.604102 64.807678  -0.001549 -0.866830 0.498601  1.860700 -0.781700 1 6 1.000000
0  0.558102 -3.481800 64.750175  0.436162 -0.251020 0.864148  1.884800 -0.680100 1 6 1.000000
0  0.652901 -2.738700 64.760437  -0.038340 -0.873302 0.485668  1.899000 -0.744600 1 6 1.000000
CloneHead
0  -0.006302 -3.602806 64.712173  -0.000217 -0.113126 0.993581  1.858400 -0.672100 1 6 1.000000
0  0.558102 -3.481800 64.750175  0.436162 -0.251020 0.864148  1.884800 -0.680100 1 6 1.000000
0  -0.004501 -2.604102 64.807678  -0.001549 -0.866830 0.498601  1.860700 -0.781700 1 6 1.000000
CloneHead
0  0.558102 -3.481800 64.750175  0.436162 -0.251020 0.864148  1.884800 -0.680100 1 6 1.000000
0  -0.006302 -3.602806 64.712173  -0.000217 -0.113126 0.993581  1.858400 -0.672100 1 6 1.000000
0  0.361500 -3.806608 64.712173  0.333930 -0.575067 0.746853  1.874600 -0.650800 1 6 1.000000
CloneHead
0  -0.006302 -3.602806 64.712173  -0.000217 -0.113126 0.993581  1.858400 -0.672100 1 6 1.000000
0  -0.006802 -3.915404 64.663780  -0.001184 -0.658016 0.753003  1.858400 -0.639300 1 6 1.000000
0  0.361500 -3.806608 64.712173  0.333930 -0.575067 0.746853  1.874600 -0.650800 1 6 1.000000
CloneHead
0  -0.006802 -3.915404 64.663780  -0.001184 -0.658016 0.753003  1.858400 -0.639300 1 6 1.000000
0  0.412899 -3.842409 64.553879  -0.023306 0.016369 0.999594  1.877100 -0.639200 1 6 1.000000
0  0.361500 -3.806608 64.712173  0.333930 -0.575067 0.746853  1.874600 -0.650800 1 6 1.000000
CloneHead
0  -0.006901 -3.980003 64.545876  0.000059 0.070884 0.997485  1.858400 -0.627800 1 6 1.000000
0  0.412899 -3.842409 64.553879  -0.023306 0.016369 0.999594  1.877100 -0.639200 1 6 1.000000
0  -0.006802 -3.915404 64.663780  -0.001184 -0.658016 0.753003  1.858400 -0.639300 1 6 1.000000
CloneHead
0  -0.006901 -3.980003 64.545876  0.000059 0.070884 0.997485  1.858400 -0.627800 1 6 1.000000
0  0.476501 -4.051306 64.817787  0.235940 -0.424375 0.874207  1.879500 -0.608800 1 6 1.000000
0  0.412899 -3.842409 64.553879  -0.023306 0.016369 0.999594  1.877100 -0.639200 1 6 1.000000
CloneHead
0  -0.007301 -4.185707 64.800674  -0.000903 -0.509467 0.860490  1.858300 -0.597700 1 6 1.000000
0  0.476501 -4.051306 64.817787  0.235940 -0.424375 0.874207  1.879500 -0.608800 1 6 1.000000
0  -0.006901 -3.980003 64.545876  0.000059 0.070884 0.997485  1.858400 -0.627800 1 6 1.000000
CloneHead
0  -0.007301 -4.185707 64.800674  -0.000903 -0.509467 0.860490  1.858300 -0.597700 1 6 1.000000
0  0.472401 -4.020402 64.402985  0.153473 -0.134858 0.978907  1.886300 -0.575200 1 6 1.000000
0  0.476501 -4.051306 64.817787  0.235940 -0.424375 0.874207  1.879500 -0.608800 1 6 1.000000
CloneHead
0  -0.007198 -4.146504 64.394974  -0.000496 -0.223854 0.974623  1.858200 -0.560100 1 6 1.000000
0  0.472401 -4.020402 64.402985  0.153473 -0.134858 0.978907  1.886300 -0.575200 1 6 1.000000
0  -0.007301 -4.185707 64.800674  -0.000903 -0.509467 0.860490  1.858300 -0.597700 1 6 1.000000
CloneHead
0  -0.007198 -4.146504 64.394974  -0.000496 -0.223854 0.974623  1.858200 -0.560100 1 6 1.000000
0  0.300701 -4.379106 64.794785  -0.150209 0.282801 0.947344  1.879000 -0.519300 1 6 1.000000
0  0.472401 -4.020402 64.402985  0.153473 -0.134858 0.978907  1.886300 -0.575200 1 6 1.000000
CloneHead
0  -0.007702 -4.416306 64.732277  0.000551 0.358397 0.933569  1.858200 -0.516600 1 6 1.000000
0  0.300701 -4.379106 64.794785  -0.150209 0.282801 0.947344  1.879000 -0.519300 1 6 1.000000
0  -0.007198 -4.146504 64.394974  -0.000496 -0.223854 0.974623  1.858200 -0.560100 1 6 1.000000
CloneHead
0  -0.007702 -4.416306 64.732277  0.000551 0.358397 0.933569  1.858200 -0.516600 1 6 1.000000
0  -0.007198 -4.146504 64.394974  -0.000496 -0.223854 0.974623  1.858200 -0.560100 1 6 1.000000
0  -0.316002 -4.378110 64.794769  0.151224 0.282205 0.947360  1.879000 -0.519300 1 6 1.000000
CloneHead
0  -0.316002 -4.378110 64.794769  0.151224 0.282205 0.947360  1.879000 -0.519300 1 6 1.000000
0  -0.007198 -4.146504 64.394974  -0.000496 -0.223854 0.974623  1.858200 -0.560100 1 6 1.000000
0  -0.486500 -4.018703 64.402954  -0.153894 -0.134281 0.978921  1.886300 -0.575200 1 6 1.000000
CloneHead
0  -0.486500 -4.018703 64.402954  -0.153894 -0.134281 0.978921  1.886300 -0.575200 1 6 1.000000
0  -0.730202 -4.192404 64.796082  0.089296 0.249845 0.964160  1.903900 -0.540800 1 6 1.000000
0  -0.316002 -4.378110 64.794769  0.151224 0.282205 0.947360  1.879000 -0.519300 1 6 1.000000
CloneHead
0  -0.730202 -4.192404 64.796082  0.089296 0.249845 0.964160  1.903900 -0.540800 1 6 1.000000
0  -0.486500 -4.018703 64.402954  -0.153894 -0.134281 0.978921  1.886300 -0.575200 1 6 1.000000
0  -1.068100 -3.893602 64.756180  0.097145 0.212086 0.972411  1.924200 -0.577400 1 6 1.000000
CloneHead
0  -1.068100 -3.893602 64.756180  0.097145 0.212086 0.972411  1.924200 -0.577400 1 6 1.000000
0  -0.486500 -4.018703 64.402954  -0.153894 -0.134281 0.978921  1.886300 -0.575200 1 6 1.000000
0  -0.946899 -3.564707 64.398178  -0.164049 -0.063962 0.984376  1.913800 -0.622300 1 6 1.000000
CloneHead
0  -0.946899 -3.564707 64.398178  -0.164049 -0.063962 0.984376  1.913800 -0.622300 1 6 1.000000
0  -0.486500 -4.018703 64.402954  -0.153894 -0.134281 0.978921  1.886300 -0.575200 1 6 1.000000
0  -0.887798 -3.624800 64.839577  -0.332774 -0.294943 0.895695  1.898900 -0.644300 1 6 1.000000
CloneHead
0  -0.887798 -3.624800 64.839577  -0.332774 -0.294943 0.895695  1.898900 -0.644300 1 6 1.000000
0  -0.486500 -4.018703 64.402954  -0.153894 -0.134281 0.978921  1.886300 -0.575200 1 6 1.000000
0  -0.490700 -4.049604 64.817757  -0.237519 -0.423572 0.874169  1.879500 -0.608800 1 6 1.000000
CloneHead
0  -0.490700 -4.049604 64.817757  -0.237519 -0.423572 0.874169  1.879500 -0.608800 1 6 1.000000
0  -0.426399 -3.840907 64.553864  0.023446 0.016309 0.999592  1.877100 -0.639200 1 6 1.000000
0  -0.887798 -3.624800 64.839577  -0.332774 -0.294943 0.895695  1.898900 -0.644300 1 6 1.000000
CloneHead
0  -0.007198 -4.146504 64.394974  -0.000496 -0.223854 0.974623  1.858200 -0.560100 1 6 1.000000
0  -0.007301 -4.185707 64.800674  -0.000903 -0.509467 0.860490  1.858300 -0.597700 1 6 1.000000
0  -0.486500 -4.018703 64.402954  -0.153894 -0.134281 0.978921  1.886300 -0.575200 1 6 1.000000
CloneHead
0  -0.486500 -4.018703 64.402954  -0.153894 -0.134281 0.978921  1.886300 -0.575200 1 6 1.000000
0  -0.007301 -4.185707 64.800674  -0.000903 -0.509467 0.860490  1.858300 -0.597700 1 6 1.000000
0  -0.490700 -4.049604 64.817757  -0.237519 -0.423572 0.874169  1.879500 -0.608800 1 6 1.000000
CloneHead
0  -0.007301 -4.185707 64.800674  -0.000903 -0.509467 0.860490  1.858300 -0.597700 1 6 1.000000
0  -0.006901 -3.980003 64.545876  0.000059 0.070884 0.997485  1.858400 -0.627800 1 6 1.000000
0  -0.490700 -4.049604 64.817757  -0.237519 -0.423572 0.874169  1.879500 -0.608800 1 6 1.000000
CloneHead
0  -0.490700 -4.049604 64.817757  -0.237519 -0.423572 0.874169  1.879500 -0.608800 1 6 1.000000
0  -0.006901 -3.980003 64.545876  0.000059 0.070884 0.997485  1.858400 -0.627800 1 6 1.000000
0  -0.426399 -3.840907 64.553864  0.023446 0.016309 0.999592  1.877100 -0.639200 1 6 1.000000
CloneHead
0  -0.006901 -3.980003 64.545876  0.000059 0.070884 0.997485  1.858400 -0.627800 1 6 1.000000
0  -0.006802 -3.915404 64.663780  -0.001184 -0.658016 0.753003  1.858400 -0.639300 1 6 1.000000
0  -0.426399 -3.840907 64.553864  0.023446 0.016309 0.999592  1.877100 -0.639200 1 6 1.000000
CloneHead
0  -0.426399 -3.840907 64.553864  0.023446 0.016309 0.999592  1.877100 -0.639200 1 6 1.000000
0  -0.006802 -3.915404 64.663780  -0.001184 -0.658016 0.753003  1.858400 -0.639300 1 6 1.000000
0  -0.374802 -3.805305 64.712166  -0.335836 -0.573895 0.746900  1.874600 -0.650800 1 6 1.000000
CloneHead
0  -0.006802 -3.915404 64.663780  -0.001184 -0.658016 0.753003  1.858400 -0.639300 1 6 1.000000
0  -0.006302 -3.602806 64.712173  -0.000217 -0.113126 0.993581  1.858400 -0.672100 1 6 1.000000
0  -0.374802 -3.805305 64.712166  -0.335836 -0.573895 0.746900  1.874600 -0.650800 1 6 1.000000
CloneHead
0  -0.006302 -3.602806 64.712173  -0.000217 -0.113126 0.993581  1.858400 -0.672100 1 6 1.000000
0  -0.570301 -3.479805 64.750145  -0.437032 -0.249448 0.864164  1.884800 -0.680100 1 6 1.000000
0  -0.374802 -3.805305 64.712166  -0.335836 -0.573895 0.746900  1.874600 -0.650800 1 6 1.000000
CloneHead
0  -0.004501 -2.604102 64.807678  -0.001549 -0.866830 0.498601  1.860700 -0.781700 1 6 1.000000
0  -0.570301 -3.479805 64.750145  -0.437032 -0.249448 0.864164  1.884800 -0.680100 1 6 1.000000
0  -0.006302 -3.602806 64.712173  -0.000217 -0.113126 0.993581  1.858400 -0.672100 1 6 1.000000
CloneHead
0  -0.662498 -2.736402 64.760475  0.035301 -0.873477 0.485584  1.899000 -0.744600 1 6 1.000000
0  -0.570301 -3.479805 64.750145  -0.437032 -0.249448 0.864164  1.884800 -0.680100 1 6 1.000000
0  -0.004501 -2.604102 64.807678  -0.001549 -0.866830 0.498601  1.860700 -0.781700 1 6 1.000000
CloneHead
0  -0.662498 -2.736402 64.760475  0.035301 -0.873477 0.485584  1.899000 -0.744600 1 6 1.000000
0  -0.004501 -2.604102 64.807678  -0.001549 -0.866830 0.498601  1.860700 -0.781700 1 6 1.000000
0  -0.005001 -2.838902 65.523079  -0.001028 -0.589404 -0.807838  1.886400 -0.826500 1 6 1.000000
CloneHead
0  -0.005001 -2.838902 65.523079  -0.001028 -0.589404 -0.807838  1.886400 -0.826500 1 6 1.000000
0  -1.148602 -3.047699 65.247574  0.372772 -0.755763 -0.538389  1.937400 -0.772200 1 6 1.000000
0  -0.662498 -2.736402 64.760475  0.035301 -0.873477 0.485584  1.899000 -0.744600 1 6 1.000000
CloneHead
0  -0.005001 -2.838902 65.523079  -0.001028 -0.589404 -0.807838  1.886400 -0.826500 1 6 1.000000
0  -0.832802 -3.036502 65.511879  0.494846 -0.476548 -0.726657  1.920500 -0.799000 1 6 1.000000
0  -1.148602 -3.047699 65.247574  0.372772 -0.755763 -0.538389  1.937400 -0.772200 1 6 1.000000
CloneHead
0  -0.005001 -2.838902 65.523079  -0.001028 -0.589404 -0.807838  1.886400 -0.826500 1 6 1.000000
0  -0.766701 -3.510104 65.449478  0.533058 0.319056 -0.783615  1.930700 -0.832300 1 6 1.000000
0  -0.832802 -3.036502 65.511879  0.494846 -0.476548 -0.726657  1.920500 -0.799000 1 6 1.000000
CloneHead
0  -0.766701 -3.510104 65.449478  0.533058 0.319056 -0.783615  1.930700 -0.832300 1 6 1.000000
0  -1.048302 -3.039203 64.984077  -0.071122 0.098828 -0.992560  1.936200 -0.780600 1 6 1.000000
0  -0.832802 -3.036502 65.511879  0.494846 -0.476548 -0.726657  1.920500 -0.799000 1 6 1.000000
CloneHead
0  -0.979198 -3.606907 64.933578  -0.200762 -0.064561 -0.977510  1.952300 -0.824800 1 6 1.000000
0  -1.048302 -3.039203 64.984077  -0.071122 0.098828 -0.992560  1.936200 -0.780600 1 6 1.000000
0  -0.766701 -3.510104 65.449478  0.533058 0.319056 -0.783615  1.930700 -0.832300 1 6 1.000000
CloneHead
0  -0.979198 -3.606907 64.933578  -0.200762 -0.064561 -0.977510  1.952300 -0.824800 1 6 1.000000
0  -1.148602 -3.047699 65.247574  0.372772 -0.755763 -0.538389  1.937400 -0.772200 1 6 1.000000
0  -1.048302 -3.039203 64.984077  -0.071122 0.098828 -0.992560  1.936200 -0.780600 1 6 1.000000
CloneHead
0  -1.076099 -3.675201 65.247574  0.250814 0.070897 -0.965436  1.962000 -0.819800 1 6 1.000000
0  -1.148602 -3.047699 65.247574  0.372772 -0.755763 -0.538389  1.937400 -0.772200 1 6 1.000000
0  -0.979198 -3.606907 64.933578  -0.200762 -0.064561 -0.977510  1.952300 -0.824800 1 6 1.000000
CloneHead
0  -2.325300 1.289910 70.383469  -0.704461 0.498571 0.505136  1.715000 -0.314500 1 6 1.000000
0  -2.945499 0.303410 69.557266  -0.964712 0.140699 0.222566  1.672400 -0.383000 1 6 1.000000
0  -2.395401 0.304111 70.861069  -0.742021 0.184615 0.644455  1.672800 -0.244100 1 6 1.000000
CloneHead
0  -2.804600 0.971312 69.382469  -0.919166 0.340675 0.197675  1.697400 -0.408100 1 6 1.000000
0  -2.945499 0.303410 69.557266  -0.964712 0.140699 0.222566  1.672400 -0.383000 1 6 1.000000
0  -2.325300 1.289910 70.383469  -0.704461 0.498571 0.505136  1.715000 -0.314500 1 6 1.000000
CloneHead
0  -2.804600 0.971312 69.382469  -0.919166 0.340675 0.197675  1.697400 -0.408100 1 6 1.000000
0  -3.023103 0.319809 68.234871  -0.783462 0.086651 0.615369  1.670900 -0.522000 1 6 1.000000
0  -2.945499 0.303410 69.557266  -0.964712 0.140699 0.222566  1.672400 -0.383000 1 6 1.000000
CloneHead
0  -2.728200 1.451611 68.583366  -0.886008 0.463665 -0.002172  1.713100 -0.489500 1 6 1.000000
0  -3.023103 0.319809 68.234871  -0.783462 0.086651 0.615369  1.670900 -0.522000 1 6 1.000000
0  -2.804600 0.971312 69.382469  -0.919166 0.340675 0.197675  1.697400 -0.408100 1 6 1.000000
CloneHead
0  -2.728200 1.451611 68.583366  -0.886008 0.463665 -0.002172  1.713100 -0.489500 1 6 1.000000
0  -2.523300 1.507710 67.456673  -0.819212 0.532627 -0.212602  1.718300 -0.603800 1 6 1.000000
0  -3.023103 0.319809 68.234871  -0.783462 0.086651 0.615369  1.670900 -0.522000 1 6 1.000000
CloneHead
0  -2.728200 1.451611 68.583366  -0.886008 0.463665 -0.002172  1.713100 -0.489500 1 6 1.000000
0  -1.938202 2.225612 67.797058  -0.583758 0.792828 -0.175073  1.751900 -0.579100 1 6 1.000000
0  -2.523300 1.507710 67.456673  -0.819212 0.532627 -0.212602  1.718300 -0.603800 1 6 1.000000
CloneHead
0  -2.185802 2.125014 69.146866  -0.647111 0.743177 0.170105  1.743400 -0.441300 1 6 1.000000
0  -1.938202 2.225612 67.797058  -0.583758 0.792828 -0.175073  1.751900 -0.579100 1 6 1.000000
0  -2.728200 1.451611 68.583366  -0.886008 0.463665 -0.002172  1.713100 -0.489500 1 6 1.000000
CloneHead
0  -2.804600 0.971312 69.382469  -0.919166 0.340675 0.197675  1.697400 -0.408100 1 6 1.000000
0  -2.185802 2.125014 69.146866  -0.647111 0.743177 0.170105  1.743400 -0.441300 1 6 1.000000
0  -2.728200 1.451611 68.583366  -0.886008 0.463665 -0.002172  1.713100 -0.489500 1 6 1.000000
CloneHead
0  -2.325300 1.289910 70.383469  -0.704461 0.498571 0.505136  1.715000 -0.314500 1 6 1.000000
0  -2.185802 2.125014 69.146866  -0.647111 0.743177 0.170105  1.743400 -0.441300 1 6 1.000000
0  -2.804600 0.971312 69.382469  -0.919166 0.340675 0.197675  1.697400 -0.408100 1 6 1.000000
CloneHead
0  -3.023103 0.319809 68.234871  -0.783462 0.086651 0.615369  1.670900 -0.522000 1 6 1.000000
0  -2.523300 1.507710 67.456673  -0.819212 0.532627 -0.212602  1.718300 -0.603800 1 6 1.000000
0  -2.856602 0.344107 67.059273  0.040648 0.978886 -0.200326  1.667200 -0.628900 1 6 1.000000
CloneHead
0  -2.347703 -1.061094 70.932976  -0.759755 -0.065403 0.646911  1.613100 -0.222400 1 6 1.000000
0  -2.395401 0.304111 70.861069  -0.742021 0.184615 0.644455  1.672800 -0.244100 1 6 1.000000
0  -2.969800 -0.652692 69.634872  -0.971054 -0.024832 0.237564  1.639700 -0.363400 1 6 1.000000
CloneHead
0  -2.285901 -2.351297 70.712677  -0.754854 -0.275689 0.595139  1.564200 -0.230900 1 6 1.000000
0  -1.727100 -3.608400 70.329071  -0.491479 -0.646253 0.583786  1.510200 -0.247600 1 6 1.000000
0  -1.207199 -2.808398 71.312180  -0.391071 -0.431617 0.812878  1.507400 -0.135500 1 6 1.000000
CloneHead
0  -1.268101 -1.405893 71.665482  -0.420000 -0.116033 0.900076  1.591800 -0.098300 1 6 1.000000
0  -2.285901 -2.351297 70.712677  -0.754854 -0.275689 0.595139  1.564200 -0.230900 1 6 1.000000
0  -1.207199 -2.808398 71.312180  -0.391071 -0.431617 0.812878  1.507400 -0.135500 1 6 1.000000
CloneHead
0  -2.347703 -1.061094 70.932976  -0.759755 -0.065403 0.646911  1.613100 -0.222400 1 6 1.000000
0  -2.285901 -2.351297 70.712677  -0.754854 -0.275689 0.595139  1.564200 -0.230900 1 6 1.000000
0  -1.268101 -1.405893 71.665482  -0.420000 -0.116033 0.900076  1.591800 -0.098300 1 6 1.000000
CloneHead
0  -1.184299 0.127512 71.697067  -0.396285 0.189422 0.898375  1.675300 -0.115900 1 6 1.000000
0  -2.347703 -1.061094 70.932976  -0.759755 -0.065403 0.646911  1.613100 -0.222400 1 6 1.000000
0  -1.268101 -1.405893 71.665482  -0.420000 -0.116033 0.900076  1.591800 -0.098300 1 6 1.000000
CloneHead
0  -2.395401 0.304111 70.861069  -0.742021 0.184615 0.644455  1.672800 -0.244100 1 6 1.000000
0  -2.347703 -1.061094 70.932976  -0.759755 -0.065403 0.646911  1.613100 -0.222400 1 6 1.000000
0  -1.184299 0.127512 71.697067  -0.396285 0.189422 0.898375  1.675300 -0.115900 1 6 1.000000
CloneHead
0  -1.184299 0.127512 71.697067  -0.396285 0.189422 0.898375  1.675300 -0.115900 1 6 1.000000
0  -1.161098 1.598213 71.031868  -0.387899 0.592438 0.706082  1.749500 -0.218600 1 6 1.000000
0  -2.395401 0.304111 70.861069  -0.742021 0.184615 0.644455  1.672800 -0.244100 1 6 1.000000
CloneHead
0  -2.395401 0.304111 70.861069  -0.742021 0.184615 0.644455  1.672800 -0.244100 1 6 1.000000
0  -1.161098 1.598213 71.031868  -0.387899 0.592438 0.706082  1.749500 -0.218600 1 6 1.000000
0  -2.325300 1.289910 70.383469  -0.704461 0.498571 0.505136  1.715000 -0.314500 1 6 1.000000
CloneHead
0  -1.135399 2.553315 69.661072  -0.374308 0.872695 0.313523  1.787000 -0.384200 1 6 1.000000
0  -2.325300 1.289910 70.383469  -0.704461 0.498571 0.505136  1.715000 -0.314500 1 6 1.000000
0  -1.161098 1.598213 71.031868  -0.387899 0.592438 0.706082  1.749500 -0.218600 1 6 1.000000
CloneHead
0  -2.185802 2.125014 69.146866  -0.647111 0.743177 0.170105  1.743400 -0.441300 1 6 1.000000
0  -2.325300 1.289910 70.383469  -0.704461 0.498571 0.505136  1.715000 -0.314500 1 6 1.000000
0  -1.135399 2.553315 69.661072  -0.374308 0.872695 0.313523  1.787000 -0.384200 1 6 1.000000
CloneHead
0  -1.105099 2.674514 68.066872  -0.356833 0.929627 -0.092002  1.793000 -0.557400 1 6 1.000000
0  -2.185802 2.125014 69.146866  -0.647111 0.743177 0.170105  1.743400 -0.441300 1 6 1.000000
0  -1.135399 2.553315 69.661072  -0.374308 0.872695 0.313523  1.787000 -0.384200 1 6 1.000000
CloneHead
0  -1.938202 2.225612 67.797058  -0.583758 0.792828 -0.175073  1.751900 -0.579100 1 6 1.000000
0  -2.185802 2.125014 69.146866  -0.647111 0.743177 0.170105  1.743400 -0.441300 1 6 1.000000
0  -1.105099 2.674514 68.066872  -0.356833 0.929627 -0.092002  1.793000 -0.557400 1 6 1.000000
CloneHead
0  -1.938202 2.225612 67.797058  -0.583758 0.792828 -0.175073  1.751900 -0.579100 1 6 1.000000
0  -1.105099 2.674514 68.066872  -0.356833 0.929627 -0.092002  1.793000 -0.557400 1 6 1.000000
0  -1.269699 2.121611 66.328171  -0.452281 0.837924 -0.305491  1.766900 -0.736600 1 6 1.000000
CloneHead
0  -1.269699 2.121611 66.328171  -0.452281 0.837924 -0.305491  1.766900 -0.736600 1 6 1.000000
0  -2.523300 1.507710 67.456673  -0.819212 0.532627 -0.212602  1.718300 -0.603800 1 6 1.000000
0  -1.938202 2.225612 67.797058  -0.583758 0.792828 -0.175073  1.751900 -0.579100 1 6 1.000000
CloneHead
0  -2.281400 1.208007 66.137772  -0.783342 0.567780 -0.252985  1.709500 -0.746900 1 6 1.000000
0  -2.523300 1.507710 67.456673  -0.819212 0.532627 -0.212602  1.718300 -0.603800 1 6 1.000000
0  -1.269699 2.121611 66.328171  -0.452281 0.837924 -0.305491  1.766900 -0.736600 1 6 1.000000
CloneHead
0  -2.281400 1.208007 66.137772  -0.783342 0.567780 -0.252985  1.709500 -0.746900 1 6 1.000000
0  -2.856602 0.344107 67.059273  0.040648 0.978886 -0.200326  1.667200 -0.628900 1 6 1.000000
0  -2.523300 1.507710 67.456673  -0.819212 0.532627 -0.212602  1.718300 -0.603800 1 6 1.000000
CloneHead
0  -2.704800 -0.089795 65.968468  -0.503419 0.595065 -0.626472  1.651800 -0.739700 1 6 1.000000
0  -2.856602 0.344107 67.059273  0.040648 0.978886 -0.200326  1.667200 -0.628900 1 6 1.000000
0  -2.281400 1.208007 66.137772  -0.783342 0.567780 -0.252985  1.709500 -0.746900 1 6 1.000000
CloneHead
0  -2.704800 -0.089795 65.968468  -0.503419 0.595065 -0.626472  1.651800 -0.739700 1 6 1.000000
0  -2.281400 1.208007 66.137772  -0.783342 0.567780 -0.252985  1.709500 -0.746900 1 6 1.000000
0  -2.615102 -0.163598 65.359367  -0.766752 0.632101 -0.111976  1.645100 -0.799500 1 6 1.000000
CloneHead
0  -2.615102 -0.163598 65.359367  -0.766752 0.632101 -0.111976  1.645100 -0.799500 1 6 1.000000
0  -2.941102 -0.320996 65.391167  -0.933977 0.344072 -0.096446  1.635400 -0.789000 1 6 1.000000
0  -2.704800 -0.089795 65.968468  -0.503419 0.595065 -0.626472  1.651800 -0.739700 1 6 1.000000
CloneHead
0  -2.756501 -0.892498 65.127968  -0.951754 -0.251386 -0.175981  1.609100 -0.794200 1 6 1.000000
0  -2.928501 -0.241796 65.994072  -0.899305 -0.272609 -0.341957  1.644400 -0.730300 1 6 1.000000
0  -2.941102 -0.320996 65.391167  -0.933977 0.344072 -0.096446  1.635400 -0.789000 1 6 1.000000
CloneHead
0  -2.704800 -0.089795 65.968468  -0.503419 0.595065 -0.626472  1.651800 -0.739700 1 6 1.000000
0  -2.941102 -0.320996 65.391167  -0.933977 0.344072 -0.096446  1.635400 -0.789000 1 6 1.000000
0  -2.928501 -0.241796 65.994072  -0.899305 -0.272609 -0.341957  1.644400 -0.730300 1 6 1.000000
CloneHead
0  -1.640800 -3.921001 69.908768  -0.425427 -0.791863 0.438139  1.502500 -0.282000 1 6 1.000000
0  -1.097801 -3.773798 70.455376  -0.300207 -0.729880 0.614127  1.476000 -0.218400 1 6 1.000000
0  -1.727100 -3.608400 70.329071  -0.491479 -0.646253 0.583786  1.510200 -0.247600 1 6 1.000000
CloneHead
0  -2.928501 -0.241796 65.994072  -0.899305 -0.272609 -0.341957  1.644400 -0.730300 1 6 1.000000
0  -2.851002 -1.238199 66.414070  -0.981946 -0.110708 -0.153381  1.612500 -0.665500 1 6 1.000000
0  -3.032600 -0.400694 67.724670  -0.975750 -0.218887 -0.000516  1.655600 -0.536500 1 6 1.000000
CloneHead
0  -3.032600 -0.400694 67.724670  -0.975750 -0.218887 -0.000516  1.655600 -0.536500 1 6 1.000000
0  -2.851002 -1.238199 66.414070  -0.981946 -0.110708 -0.153381  1.612500 -0.665500 1 6 1.000000
0  -3.019501 -1.634597 67.386070  -0.994388 -0.064071 -0.084190  1.607600 -0.563900 1 6 1.000000
CloneHead
0  -2.974801 -1.512295 68.522270  -0.996517 -0.068309 0.047825  1.613500 -0.461300 1 6 1.000000
0  -3.032600 -0.400694 67.724670  -0.975750 -0.218887 -0.000516  1.655600 -0.536500 1 6 1.000000
0  -3.019501 -1.634597 67.386070  -0.994388 -0.064071 -0.084190  1.607600 -0.563900 1 6 1.000000
CloneHead
0  -2.974801 -1.512295 68.522270  -0.996517 -0.068309 0.047825  1.613500 -0.461300 1 6 1.000000
0  -3.019501 -1.634597 67.386070  -0.994388 -0.064071 -0.084190  1.607600 -0.563900 1 6 1.000000
0  -2.893700 -2.384299 68.356178  -0.980462 -0.187196 0.060427  1.582700 -0.457300 1 6 1.000000
CloneHead
0  -2.974801 -1.512295 68.522270  -0.996517 -0.068309 0.047825  1.613500 -0.461300 1 6 1.000000
0  -2.893700 -2.384299 68.356178  -0.980462 -0.187196 0.060427  1.582700 -0.457300 1 6 1.000000
0  -2.887203 -1.792395 69.510368  -0.960504 -0.145686 0.237082  1.599200 -0.367500 1 6 1.000000
CloneHead
0  -2.887203 -1.792395 69.510368  -0.960504 -0.145686 0.237082  1.599200 -0.367500 1 6 1.000000
0  -2.893700 -2.384299 68.356178  -0.980462 -0.187196 0.060427  1.582700 -0.457300 1 6 1.000000
0  -2.779302 -2.625994 69.164680  -0.938109 -0.289256 0.190477  1.571400 -0.378800 1 6 1.000000
CloneHead
0  -2.779302 -2.625994 69.164680  -0.938109 -0.289256 0.190477  1.571400 -0.378800 1 6 1.000000
0  -2.285901 -2.351297 70.712677  -0.754854 -0.275689 0.595139  1.564200 -0.230900 1 6 1.000000
0  -2.887203 -1.792395 69.510368  -0.960504 -0.145686 0.237082  1.599200 -0.367500 1 6 1.000000
CloneHead
0  -2.211802 -3.270499 70.080276  -0.776015 -0.449805 0.442126  1.534600 -0.282800 1 6 1.000000
0  -2.285901 -2.351297 70.712677  -0.754854 -0.275689 0.595139  1.564200 -0.230900 1 6 1.000000
0  -2.779302 -2.625994 69.164680  -0.938109 -0.289256 0.190477  1.571400 -0.378800 1 6 1.000000
CloneHead
0  -2.211802 -3.270499 70.080276  -0.776015 -0.449805 0.442126  1.534600 -0.282800 1 6 1.000000
0  -1.727100 -3.608400 70.329071  -0.491479 -0.646253 0.583786  1.510200 -0.247600 1 6 1.000000
0  -2.285901 -2.351297 70.712677  -0.754854 -0.275689 0.595139  1.564200 -0.230900 1 6 1.000000
CloneHead
0  -2.171201 -3.618197 69.700775  -0.750356 -0.563096 0.346250  1.527700 -0.315800 1 6 1.000000
0  -1.727100 -3.608400 70.329071  -0.491479 -0.646253 0.583786  1.510200 -0.247600 1 6 1.000000
0  -2.211802 -3.270499 70.080276  -0.776015 -0.449805 0.442126  1.534600 -0.282800 1 6 1.000000
CloneHead
0  -1.640800 -3.921001 69.908768  -0.425427 -0.791863 0.438139  1.502500 -0.282000 1 6 1.000000
0  -1.727100 -3.608400 70.329071  -0.491479 -0.646253 0.583786  1.510200 -0.247600 1 6 1.000000
0  -2.171201 -3.618197 69.700775  -0.750356 -0.563096 0.346250  1.527700 -0.315800 1 6 1.000000
CloneHead
0  -2.130301 -3.909400 69.265182  -0.698218 -0.689347 0.193113  1.520700 -0.348800 1 6 1.000000
0  -1.640800 -3.921001 69.908768  -0.425427 -0.791863 0.438139  1.502500 -0.282000 1 6 1.000000
0  -2.171201 -3.618197 69.700775  -0.750356 -0.563096 0.346250  1.527700 -0.315800 1 6 1.000000
CloneHead
0  -1.554501 -4.177398 69.432480  -0.384934 -0.871742 0.303136  1.494900 -0.316300 1 6 1.000000
0  -1.640800 -3.921001 69.908768  -0.425427 -0.791863 0.438139  1.502500 -0.282000 1 6 1.000000
0  -2.130301 -3.909400 69.265182  -0.698218 -0.689347 0.193113  1.520700 -0.348800 1 6 1.000000
CloneHead
0  -1.640800 -3.921001 69.908768  -0.425427 -0.791863 0.438139  1.502500 -0.282000 1 6 1.000000
0  -1.554501 -4.177398 69.432480  -0.384934 -0.871742 0.303136  1.494900 -0.316300 1 6 1.000000
0  -1.059200 -4.081700 70.001389  -0.281453 -0.841646 0.460886  1.473100 -0.256500 1 6 1.000000
CloneHead
0  -1.059200 -4.081700 70.001389  -0.281453 -0.841646 0.460886  1.473100 -0.256500 1 6 1.000000
0  -1.097801 -3.773798 70.455376  -0.300207 -0.729880 0.614127  1.476000 -0.218400 1 6 1.000000
0  -1.640800 -3.921001 69.908768  -0.425427 -0.791863 0.438139  1.502500 -0.282000 1 6 1.000000
CloneHead
0  -1.059200 -4.081700 70.001389  -0.281453 -0.841646 0.460886  1.473100 -0.256500 1 6 1.000000
0  -0.516102 -3.931602 70.542061  -0.215297 -0.763913 0.608345  1.451500 -0.196300 1 6 1.000000
0  -1.097801 -3.773798 70.455376  -0.300207 -0.729880 0.614127  1.476000 -0.218400 1 6 1.000000
CloneHead
0  -1.207199 -2.808398 71.312180  -0.391071 -0.431617 0.812878  1.507400 -0.135500 1 6 1.000000
0  -1.097801 -3.773798 70.455376  -0.300207 -0.729880 0.614127  1.476000 -0.218400 1 6 1.000000
0  -0.516102 -3.931602 70.542061  -0.215297 -0.763913 0.608345  1.451500 -0.196300 1 6 1.000000
CloneHead
0  -1.727100 -3.608400 70.329071  -0.491479 -0.646253 0.583786  1.510200 -0.247600 1 6 1.000000
0  -1.097801 -3.773798 70.455376  -0.300207 -0.729880 0.614127  1.476000 -0.218400 1 6 1.000000
0  -1.207199 -2.808398 71.312180  -0.391071 -0.431617 0.812878  1.507400 -0.135500 1 6 1.000000
CloneHead
0  -2.606603 -3.220399 68.546379  -0.830473 -0.550563 -0.084824  1.556300 -0.416300 1 6 1.000000
0  -2.680001 -2.996397 68.836876  -0.915455 -0.383297 0.122581  1.562700 -0.400300 1 6 1.000000
0  -2.803902 -2.790797 68.049278  -0.891589 -0.450429 -0.046712  1.568300 -0.476200 1 6 1.000000
CloneHead
0  -2.130301 -3.909400 69.265182  -0.698218 -0.689347 0.193113  1.520700 -0.348800 1 6 1.000000
0  -2.680001 -2.996397 68.836876  -0.915455 -0.383297 0.122581  1.562700 -0.400300 1 6 1.000000
0  -2.606603 -3.220399 68.546379  -0.830473 -0.550563 -0.084824  1.556300 -0.416300 1 6 1.000000
CloneHead
0  -2.171201 -3.618197 69.700775  -0.750356 -0.563096 0.346250  1.527700 -0.315800 1 6 1.000000
0  -2.680001 -2.996397 68.836876  -0.915455 -0.383297 0.122581  1.562700 -0.400300 1 6 1.000000
0  -2.130301 -3.909400 69.265182  -0.698218 -0.689347 0.193113  1.520700 -0.348800 1 6 1.000000
CloneHead
0  -2.171201 -3.618197 69.700775  -0.750356 -0.563096 0.346250  1.527700 -0.315800 1 6 1.000000
0  -2.779302 -2.625994 69.164680  -0.938109 -0.289256 0.190477  1.571400 -0.378800 1 6 1.000000
0  -2.680001 -2.996397 68.836876  -0.915455 -0.383297 0.122581  1.562700 -0.400300 1 6 1.000000
CloneHead
0  -2.211802 -3.270499 70.080276  -0.776015 -0.449805 0.442126  1.534600 -0.282800 1 6 1.000000
0  -2.779302 -2.625994 69.164680  -0.938109 -0.289256 0.190477  1.571400 -0.378800 1 6 1.000000
0  -2.171201 -3.618197 69.700775  -0.750356 -0.563096 0.346250  1.527700 -0.315800 1 6 1.000000
CloneHead
0  0.004902 2.832914 69.864471  0.001615 0.931599 0.363483  1.829100 -0.339900 1 6 1.000000
0  0.005299 3.010716 68.130165  0.001768 0.997433 -0.071584  1.839000 -0.546500 1 6 1.000000
0  -1.135399 2.553315 69.661072  -0.374308 0.872695 0.313523  1.787000 -0.384200 1 6 1.000000
CloneHead
0  -1.161098 1.598213 71.031868  -0.387899 0.592438 0.706082  1.749500 -0.218600 1 6 1.000000
0  0.004902 2.832914 69.864471  0.001615 0.931599 0.363483  1.829100 -0.339900 1 6 1.000000
0  -1.135399 2.553315 69.661072  -0.374308 0.872695 0.313523  1.787000 -0.384200 1 6 1.000000
CloneHead
0  0.002998 1.723013 71.358170  0.001044 0.608804 0.793320  1.773500 -0.144600 1 6 1.000000
0  0.004902 2.832914 69.864471  0.001615 0.931599 0.363483  1.829100 -0.339900 1 6 1.000000
0  -1.161098 1.598213 71.031868  -0.387899 0.592438 0.706082  1.749500 -0.218600 1 6 1.000000
CloneHead
0  -1.161098 1.598213 71.031868  -0.387899 0.592438 0.706082  1.749500 -0.218600 1 6 1.000000
0  -1.184299 0.127512 71.697067  -0.396285 0.189422 0.898375  1.675300 -0.115900 1 6 1.000000
0  0.002998 1.723013 71.358170  0.001044 0.608804 0.793320  1.773500 -0.144600 1 6 1.000000
CloneHead
0  0.002998 1.723013 71.358170  0.001044 0.608804 0.793320  1.773500 -0.144600 1 6 1.000000
0  -1.184299 0.127512 71.697067  -0.396285 0.189422 0.898375  1.675300 -0.115900 1 6 1.000000
0  0.000000 -0.020088 72.034668  0.000281 0.153426 0.988160  1.677000 -0.029700 1 6 1.000000
CloneHead
0  -1.184299 0.127512 71.697067  -0.396285 0.189422 0.898375  1.675300 -0.115900 1 6 1.000000
0  -1.268101 -1.405893 71.665482  -0.420000 -0.116033 0.900076  1.591800 -0.098300 1 6 1.000000
0  0.000000 -0.020088 72.034668  0.000281 0.153426 0.988160  1.677000 -0.029700 1 6 1.000000
CloneHead
0  0.000000 -0.020088 72.034668  0.000281 0.153426 0.988160  1.677000 -0.029700 1 6 1.000000
0  -1.268101 -1.405893 71.665482  -0.420000 -0.116033 0.900076  1.591800 -0.098300 1 6 1.000000
0  -0.002899 -1.681792 71.961075  -0.000290 -0.174254 0.984701  1.572500 -0.015100 1 6 1.000000
CloneHead
0  -1.268101 -1.405893 71.665482  -0.420000 -0.116033 0.900076  1.591800 -0.098300 1 6 1.000000
0  -1.207199 -2.808398 71.312180  -0.391071 -0.431617 0.812878  1.507400 -0.135500 1 6 1.000000
0  -0.002899 -1.681792 71.961075  -0.000290 -0.174254 0.984701  1.572500 -0.015100 1 6 1.000000
CloneHead
0  -0.002899 -1.681792 71.961075  -0.000290 -0.174254 0.984701  1.572500 -0.015100 1 6 1.000000
0  -1.207199 -2.808398 71.312180  -0.391071 -0.431617 0.812878  1.507400 -0.135500 1 6 1.000000
0  -0.005299 -3.042196 71.529083  -0.000897 -0.512011 0.858978  1.468000 -0.080900 1 6 1.000000
CloneHead
0  -0.516102 -3.931602 70.542061  -0.215297 -0.763913 0.608345  1.451500 -0.196300 1 6 1.000000
0  -0.005299 -3.042196 71.529083  -0.000897 -0.512011 0.858978  1.468000 -0.080900 1 6 1.000000
0  -1.207199 -2.808398 71.312180  -0.391071 -0.431617 0.812878  1.507400 -0.135500 1 6 1.000000
CloneHead
0  -0.005299 -3.042196 71.529083  -0.000897 -0.512011 0.858978  1.468000 -0.080900 1 6 1.000000
0  -0.516102 -3.931602 70.542061  -0.215297 -0.763913 0.608345  1.451500 -0.196300 1 6 1.000000
0  -0.007000 -4.012901 70.556778  -0.001419 -0.806433 0.591324  1.421700 -0.174200 1 6 1.000000
CloneHead
0  -0.505100 -4.209601 70.060753  -0.169963 -0.886309 0.430777  1.448800 -0.236900 1 6 1.000000
0  -0.007000 -4.012901 70.556778  -0.001419 -0.806433 0.591324  1.421700 -0.174200 1 6 1.000000
0  -0.516102 -3.931602 70.542061  -0.215297 -0.763913 0.608345  1.451500 -0.196300 1 6 1.000000
CloneHead
0  -0.505100 -4.209601 70.060753  -0.169963 -0.886309 0.430777  1.448800 -0.236900 1 6 1.000000
0  -0.516102 -3.931602 70.542061  -0.215297 -0.763913 0.608345  1.451500 -0.196300 1 6 1.000000
0  -1.059200 -4.081700 70.001389  -0.281453 -0.841646 0.460886  1.473100 -0.256500 1 6 1.000000
CloneHead
0  -0.996700 -4.340801 69.492683  -0.247256 -0.911617 0.328358  1.470300 -0.294700 1 6 1.000000
0  -0.505100 -4.209601 70.060753  -0.169963 -0.886309 0.430777  1.448800 -0.236900 1 6 1.000000
0  -1.059200 -4.081700 70.001389  -0.281453 -0.841646 0.460886  1.473100 -0.256500 1 6 1.000000
CloneHead
0  -1.059200 -4.081700 70.001389  -0.281453 -0.841646 0.460886  1.473100 -0.256500 1 6 1.000000
0  -1.554501 -4.177398 69.432480  -0.384934 -0.871742 0.303136  1.494900 -0.316300 1 6 1.000000
0  -0.996700 -4.340801 69.492683  -0.247256 -0.911617 0.328358  1.470300 -0.294700 1 6 1.000000
CloneHead
0  -1.554501 -4.177398 69.432480  -0.384934 -0.871742 0.303136  1.494900 -0.316300 1 6 1.000000
0  -1.466900 -4.327204 68.968376  -0.395636 -0.912132 0.107184  1.486900 -0.358500 1 6 1.000000
0  -0.996700 -4.340801 69.492683  -0.247256 -0.911617 0.328358  1.470300 -0.294700 1 6 1.000000
CloneHead
0  -1.466900 -4.327204 68.968376  -0.395636 -0.912132 0.107184  1.486900 -0.358500 1 6 1.000000
0  -1.554501 -4.177398 69.432480  -0.384934 -0.871742 0.303136  1.494900 -0.316300 1 6 1.000000
0  -2.130301 -3.909400 69.265182  -0.698218 -0.689347 0.193113  1.520700 -0.348800 1 6 1.000000
CloneHead
0  -2.028801 -4.013701 68.845886  -0.626102 -0.755097 -0.194489  1.517400 -0.373800 1 6 1.000000
0  -1.466900 -4.327204 68.968376  -0.395636 -0.912132 0.107184  1.486900 -0.358500 1 6 1.000000
0  -2.130301 -3.909400 69.265182  -0.698218 -0.689347 0.193113  1.520700 -0.348800 1 6 1.000000
CloneHead
0  -1.787998 -3.728702 68.277054  -0.358835 -0.697883 -0.619837  1.520200 -0.425300 1 6 1.000000
0  -2.028801 -4.013701 68.845886  -0.626102 -0.755097 -0.194489  1.517400 -0.373800 1 6 1.000000
0  -2.294900 -3.367498 68.220276  -0.557363 -0.739687 -0.377107  1.542500 -0.446700 1 6 1.000000
CloneHead
0  -2.028801 -4.013701 68.845886  -0.626102 -0.755097 -0.194489  1.517400 -0.373800 1 6 1.000000
0  -1.398499 -4.354106 68.581276  -0.442745 -0.793015 -0.418455  1.486600 -0.385900 1 6 1.000000
0  -1.466900 -4.327204 68.968376  -0.395636 -0.912132 0.107184  1.486900 -0.358500 1 6 1.000000
CloneHead
0  -1.787998 -3.728702 68.277054  -0.358835 -0.697883 -0.619837  1.520200 -0.425300 1 6 1.000000
0  -1.398499 -4.354106 68.581276  -0.442745 -0.793015 -0.418455  1.486600 -0.385900 1 6 1.000000
0  -2.028801 -4.013701 68.845886  -0.626102 -0.755097 -0.194489  1.517400 -0.373800 1 6 1.000000
CloneHead
0  -1.337299 -3.853002 68.255478  -0.194500 -0.511388 -0.837049  1.499900 -0.427300 1 6 1.000000
0  -1.398499 -4.354106 68.581276  -0.442745 -0.793015 -0.418455  1.486600 -0.385900 1 6 1.000000
0  -1.787998 -3.728702 68.277054  -0.358835 -0.697883 -0.619837  1.520200 -0.425300 1 6 1.000000
CloneHead
0  -1.787998 -3.728702 68.277054  -0.358835 -0.697883 -0.619837  1.520200 -0.425300 1 6 1.000000
0  -1.403999 -3.701703 68.180878  -0.162024 -0.770003 -0.617125  1.508600 -0.440400 1 6 1.000000
0  -1.337299 -3.853002 68.255478  -0.194500 -0.511388 -0.837049  1.499900 -0.427300 1 6 1.000000
CloneHead
0  -1.337299 -3.853002 68.255478  -0.194500 -0.511388 -0.837049  1.499900 -0.427300 1 6 1.000000
0  -1.004200 -3.861201 68.179680  -0.297442 -0.439149 -0.847748  1.487500 -0.435100 1 6 1.000000
0  -1.398499 -4.354106 68.581276  -0.442745 -0.793015 -0.418455  1.486600 -0.385900 1 6 1.000000
CloneHead
0  -1.337299 -3.853002 68.255478  -0.194500 -0.511388 -0.837049  1.499900 -0.427300 1 6 1.000000
0  -1.051701 -3.738299 68.115875  -0.265354 -0.787221 -0.556661  1.496300 -0.445400 1 6 1.000000
0  -1.004200 -3.861201 68.179680  -0.297442 -0.439149 -0.847748  1.487500 -0.435100 1 6 1.000000
CloneHead
0  -1.403999 -3.701703 68.180878  -0.162024 -0.770003 -0.617125  1.508600 -0.440400 1 6 1.000000
0  -1.051701 -3.738299 68.115875  -0.265354 -0.787221 -0.556661  1.496300 -0.445400 1 6 1.000000
0  -1.337299 -3.853002 68.255478  -0.194500 -0.511388 -0.837049  1.499900 -0.427300 1 6 1.000000
CloneHead
0  -1.051701 -3.738299 68.115875  -0.265354 -0.787221 -0.556661  1.496300 -0.445400 1 6 1.000000
0  -1.403999 -3.701703 68.180878  -0.162024 -0.770003 -0.617125  1.508600 -0.440400 1 6 1.000000
0  -1.128300 -3.695799 68.031876  -0.397961 -0.667949 -0.628865  1.509100 -0.465600 1 6 1.000000
CloneHead
0  -1.128300 -3.695799 68.031876  -0.397961 -0.667949 -0.628865  1.509100 -0.465600 1 6 1.000000
0  -1.403999 -3.701703 68.180878  -0.162024 -0.770003 -0.617125  1.508600 -0.440400 1 6 1.000000
0  -1.426498 -3.664199 68.079178  -0.101837 -0.619926 -0.778024  1.515500 -0.461200 1 6 1.000000
CloneHead
0  -1.403999 -3.701703 68.180878  -0.162024 -0.770003 -0.617125  1.508600 -0.440400 1 6 1.000000
0  -1.756302 -3.665201 68.172859  -0.270925 -0.852766 -0.446531  1.520900 -0.435400 1 6 1.000000
0  -1.426498 -3.664199 68.079178  -0.101837 -0.619926 -0.778024  1.515500 -0.461200 1 6 1.000000
CloneHead
0  -1.756302 -3.665201 68.172859  -0.270925 -0.852766 -0.446531  1.520900 -0.435400 1 6 1.000000
0  -1.403999 -3.701703 68.180878  -0.162024 -0.770003 -0.617125  1.508600 -0.440400 1 6 1.000000
0  -1.787998 -3.728702 68.277054  -0.358835 -0.697883 -0.619837  1.520200 -0.425300 1 6 1.000000
CloneHead
0  -1.756302 -3.665201 68.172859  -0.270925 -0.852766 -0.446531  1.520900 -0.435400 1 6 1.000000
0  -1.787998 -3.728702 68.277054  -0.358835 -0.697883 -0.619837  1.520200 -0.425300 1 6 1.000000
0  -2.196401 -3.395598 68.167374  -0.502835 -0.785992 -0.359686  1.540500 -0.452400 1 6 1.000000
CloneHead
0  -2.196401 -3.395598 68.167374  -0.502835 -0.785992 -0.359686  1.540500 -0.452400 1 6 1.000000
0  -1.787998 -3.728702 68.277054  -0.358835 -0.697883 -0.619837  1.520200 -0.425300 1 6 1.000000
0  -2.294900 -3.367498 68.220276  -0.557363 -0.739687 -0.377107  1.542500 -0.446700 1 6 1.000000
CloneHead
0  -2.294900 -3.367498 68.220276  -0.557363 -0.739687 -0.377107  1.542500 -0.446700 1 6 1.000000
0  -2.406200 -3.076201 67.708679  -0.612210 -0.790534 -0.015977  1.549000 -0.500600 1 6 1.000000
0  -2.196401 -3.395598 68.167374  -0.502835 -0.785992 -0.359686  1.540500 -0.452400 1 6 1.000000
CloneHead
0  -2.083099 -3.389101 67.588577  -0.220718 -0.529875 0.818850  1.529800 -0.513600 1 6 1.000000
0  -2.406200 -3.076201 67.708679  -0.612210 -0.790534 -0.015977  1.549000 -0.500600 1 6 1.000000
0  -2.172299 -3.492300 67.401581  -0.559839 -0.813382 0.158084  1.536600 -0.532900 1 6 1.000000
CloneHead
0  -1.504002 -1.022097 67.959366  -0.063210 -0.996379 -0.056861  1.527900 -0.492500 1 6 1.000000
0  -0.889301 -3.631602 67.773178  -0.807378 -0.290998 -0.513284  1.506600 -0.474100 1 6 1.000000
0  -1.128300 -3.695799 68.031876  -0.397961 -0.667949 -0.628865  1.509100 -0.465600 1 6 1.000000
CloneHead
0  -1.426498 -3.664199 68.079178  -0.101837 -0.619926 -0.778024  1.515500 -0.461200 1 6 1.000000
0  -1.504002 -1.022097 67.959366  -0.063210 -0.996379 -0.056861  1.527900 -0.492500 1 6 1.000000
0  -1.128300 -3.695799 68.031876  -0.397961 -0.667949 -0.628865  1.509100 -0.465600 1 6 1.000000
CloneHead
0  -1.504002 -1.022097 67.959366  -0.063210 -0.996379 -0.056861  1.527900 -0.492500 1 6 1.000000
0  -1.426498 -3.664199 68.079178  -0.101837 -0.619926 -0.778024  1.515500 -0.461200 1 6 1.000000
0  -1.724499 -3.632504 68.053772  -0.139507 -0.615014 -0.776077  1.521900 -0.456700 1 6 1.000000
CloneHead
0  -1.426498 -3.664199 68.079178  -0.101837 -0.619926 -0.778024  1.515500 -0.461200 1 6 1.000000
0  -1.756302 -3.665201 68.172859  -0.270925 -0.852766 -0.446531  1.520900 -0.435400 1 6 1.000000
0  -1.724499 -3.632504 68.053772  -0.139507 -0.615014 -0.776077  1.521900 -0.456700 1 6 1.000000
CloneHead
0  -1.724499 -3.632504 68.053772  -0.139507 -0.615014 -0.776077  1.521900 -0.456700 1 6 1.000000
0  -1.756302 -3.665201 68.172859  -0.270925 -0.852766 -0.446531  1.520900 -0.435400 1 6 1.000000
0  -2.134801 -3.412302 68.051575  -0.289293 -0.691770 -0.661637  1.532100 -0.463600 1 6 1.000000
CloneHead
0  -2.134801 -3.412302 68.051575  -0.289293 -0.691770 -0.661637  1.532100 -0.463600 1 6 1.000000
0  -1.756302 -3.665201 68.172859  -0.270925 -0.852766 -0.446531  1.520900 -0.435400 1 6 1.000000
0  -2.196401 -3.395598 68.167374  -0.502835 -0.785992 -0.359686  1.540500 -0.452400 1 6 1.000000
CloneHead
0  -2.196401 -3.395598 68.167374  -0.502835 -0.785992 -0.359686  1.540500 -0.452400 1 6 1.000000
0  -2.231400 -3.292005 67.908279  0.045311 -0.747090 -0.663177  1.540600 -0.476700 1 6 1.000000
0  -2.134801 -3.412302 68.051575  -0.289293 -0.691770 -0.661637  1.532100 -0.463600 1 6 1.000000
CloneHead
0  -2.406200 -3.076201 67.708679  -0.612210 -0.790534 -0.015977  1.549000 -0.500600 1 6 1.000000
0  -2.231400 -3.292005 67.908279  0.045311 -0.747090 -0.663177  1.540600 -0.476700 1 6 1.000000
0  -2.196401 -3.395598 68.167374  -0.502835 -0.785992 -0.359686  1.540500 -0.452400 1 6 1.000000
CloneHead
0  -2.329202 -3.137798 67.730675  -0.173231 -0.984318 0.033296  1.538500 -0.499200 1 6 1.000000
0  -2.231400 -3.292005 67.908279  0.045311 -0.747090 -0.663177  1.540600 -0.476700 1 6 1.000000
0  -2.406200 -3.076201 67.708679  -0.612210 -0.790534 -0.015977  1.549000 -0.500600 1 6 1.000000
CloneHead
0  -2.329202 -3.137798 67.730675  -0.173231 -0.984318 0.033296  1.538500 -0.499200 1 6 1.000000
0  -2.406200 -3.076201 67.708679  -0.612210 -0.790534 -0.015977  1.549000 -0.500600 1 6 1.000000
0  -2.083099 -3.389101 67.588577  -0.220718 -0.529875 0.818850  1.529800 -0.513600 1 6 1.000000
CloneHead
0  -2.083099 -3.389101 67.588577  -0.220718 -0.529875 0.818850  1.529800 -0.513600 1 6 1.000000
0  -1.504002 -1.022097 67.959366  -0.063210 -0.996379 -0.056861  1.527900 -0.492500 1 6 1.000000
0  -2.329202 -3.137798 67.730675  -0.173231 -0.984318 0.033296  1.538500 -0.499200 1 6 1.000000
CloneHead
0  -1.504002 -1.022097 67.959366  -0.063210 -0.996379 -0.056861  1.527900 -0.492500 1 6 1.000000
0  -2.083099 -3.389101 67.588577  -0.220718 -0.529875 0.818850  1.529800 -0.513600 1 6 1.000000
0  -1.561001 -3.634600 67.586777  -0.163187 -0.581792 0.796799  1.519000 -0.513800 1 6 1.000000
CloneHead
0  -2.172299 -3.492300 67.401581  -0.559839 -0.813382 0.158084  1.536600 -0.532900 1 6 1.000000
0  -1.561001 -3.634600 67.586777  -0.163187 -0.581792 0.796799  1.519000 -0.513800 1 6 1.000000
0  -2.083099 -3.389101 67.588577  -0.220718 -0.529875 0.818850  1.529800 -0.513600 1 6 1.000000
CloneHead
0  -1.559898 -3.758398 67.366180  -0.181509 -0.980971 0.068922  1.514800 -0.527500 1 6 1.000000
0  -1.561001 -3.634600 67.586777  -0.163187 -0.581792 0.796799  1.519000 -0.513800 1 6 1.000000
0  -2.172299 -3.492300 67.401581  -0.559839 -0.813382 0.158084  1.536600 -0.532900 1 6 1.000000
CloneHead
0  -1.059799 -3.755402 67.468178  0.062474 -0.994573 0.083198  1.500500 -0.501300 1 6 1.000000
0  -1.561001 -3.634600 67.586777  -0.163187 -0.581792 0.796799  1.519000 -0.513800 1 6 1.000000
0  -1.559898 -3.758398 67.366180  -0.181509 -0.980971 0.068922  1.514800 -0.527500 1 6 1.000000
CloneHead
0  -1.059799 -3.755402 67.468178  0.062474 -0.994573 0.083198  1.500500 -0.501300 1 6 1.000000
0  -1.559898 -3.758398 67.366180  -0.181509 -0.980971 0.068922  1.514800 -0.527500 1 6 1.000000
0  -1.023800 -3.669105 67.285576  -0.208550 -0.977015 0.044147  1.494400 -0.508400 1 6 1.000000
CloneHead
0  -1.023800 -3.669105 67.285576  -0.208550 -0.977015 0.044147  1.494400 -0.508400 1 6 1.000000
0  -0.767899 -3.723702 67.599083  -0.560375 -0.813613 0.154961  1.485400 -0.478600 1 6 1.000000
0  -1.059799 -3.755402 67.468178  0.062474 -0.994573 0.083198  1.500500 -0.501300 1 6 1.000000
CloneHead
0  -1.059799 -3.755402 67.468178  0.062474 -0.994573 0.083198  1.500500 -0.501300 1 6 1.000000
0  -0.767899 -3.723702 67.599083  -0.560375 -0.813613 0.154961  1.485400 -0.478600 1 6 1.000000
0  -0.838600 -3.668298 67.615982  -0.561078 -0.688932 0.458873  1.496200 -0.482600 1 6 1.000000
CloneHead
0  -2.231400 -3.292005 67.908279  0.045311 -0.747090 -0.663177  1.540600 -0.476700 1 6 1.000000
0  -2.329202 -3.137798 67.730675  -0.173231 -0.984318 0.033296  1.538500 -0.499200 1 6 1.000000
0  -1.504002 -1.022097 67.959366  -0.063210 -0.996379 -0.056861  1.527900 -0.492500 1 6 1.000000
CloneHead
0  -2.134801 -3.412302 68.051575  -0.289293 -0.691770 -0.661637  1.532100 -0.463600 1 6 1.000000
0  -2.231400 -3.292005 67.908279  0.045311 -0.747090 -0.663177  1.540600 -0.476700 1 6 1.000000
0  -1.504002 -1.022097 67.959366  -0.063210 -0.996379 -0.056861  1.527900 -0.492500 1 6 1.000000
CloneHead
0  -1.504002 -1.022097 67.959366  -0.063210 -0.996379 -0.056861  1.527900 -0.492500 1 6 1.000000
0  -1.724499 -3.632504 68.053772  -0.139507 -0.615014 -0.776077  1.521900 -0.456700 1 6 1.000000
0  -2.134801 -3.412302 68.051575  -0.289293 -0.691770 -0.661637  1.532100 -0.463600 1 6 1.000000
CloneHead
0  -0.838600 -3.668298 67.615982  -0.561078 -0.688932 0.458873  1.496200 -0.482600 1 6 1.000000
0  -0.767899 -3.723702 67.599083  -0.560375 -0.813613 0.154961  1.485400 -0.478600 1 6 1.000000
0  -0.861900 -3.690498 67.778488  -0.685152 -0.614231 -0.391519  1.497500 -0.474800 1 6 1.000000
CloneHead
0  -0.838600 -3.668298 67.615982  -0.561078 -0.688932 0.458873  1.496200 -0.482600 1 6 1.000000
0  -0.861900 -3.690498 67.778488  -0.685152 -0.614231 -0.391519  1.497500 -0.474800 1 6 1.000000
0  -0.855099 -3.600098 67.643776  -0.794586 -0.359800 0.489057  1.505700 -0.484100 1 6 1.000000
CloneHead
0  -1.084599 -3.647102 67.612373  -0.077105 -0.515870 0.853190  1.508100 -0.500600 1 6 1.000000
0  -0.838600 -3.668298 67.615982  -0.561078 -0.688932 0.458873  1.496200 -0.482600 1 6 1.000000
0  -0.855099 -3.600098 67.643776  -0.794586 -0.359800 0.489057  1.505700 -0.484100 1 6 1.000000
CloneHead
0  -1.059799 -3.755402 67.468178  0.062474 -0.994573 0.083198  1.500500 -0.501300 1 6 1.000000
0  -0.838600 -3.668298 67.615982  -0.561078 -0.688932 0.458873  1.496200 -0.482600 1 6 1.000000
0  -1.084599 -3.647102 67.612373  -0.077105 -0.515870 0.853190  1.508100 -0.500600 1 6 1.000000
CloneHead
0  -0.861900 -3.690498 67.778488  -0.685152 -0.614231 -0.391519  1.497500 -0.474800 1 6 1.000000
0  -0.767899 -3.723702 67.599083  -0.560375 -0.813613 0.154961  1.485400 -0.478600 1 6 1.000000
0  -0.804298 -3.768703 67.866188  -0.410856 -0.879586 -0.239844  1.488100 -0.465000 1 6 1.000000
CloneHead
0  -1.084599 -3.647102 67.612373  -0.077105 -0.515870 0.853190  1.508100 -0.500600 1 6 1.000000
0  -1.561001 -3.634600 67.586777  -0.163187 -0.581792 0.796799  1.519000 -0.513800 1 6 1.000000
0  -1.059799 -3.755402 67.468178  0.062474 -0.994573 0.083198  1.500500 -0.501300 1 6 1.000000
CloneHead
0  -1.084599 -3.647102 67.612373  -0.077105 -0.515870 0.853190  1.508100 -0.500600 1 6 1.000000
0  -1.504002 -1.022097 67.959366  -0.063210 -0.996379 -0.056861  1.527900 -0.492500 1 6 1.000000
0  -1.561001 -3.634600 67.586777  -0.163187 -0.581792 0.796799  1.519000 -0.513800 1 6 1.000000
CloneHead
0  -1.504002 -1.022097 67.959366  -0.063210 -0.996379 -0.056861  1.527900 -0.492500 1 6 1.000000
0  -1.084599 -3.647102 67.612373  -0.077105 -0.515870 0.853190  1.508100 -0.500600 1 6 1.000000
0  -0.855099 -3.600098 67.643776  -0.794586 -0.359800 0.489057  1.505700 -0.484100 1 6 1.000000
CloneHead
0  -1.504002 -1.022097 67.959366  -0.063210 -0.996379 -0.056861  1.527900 -0.492500 1 6 1.000000
0  -0.855099 -3.600098 67.643776  -0.794586 -0.359800 0.489057  1.505700 -0.484100 1 6 1.000000
0  -0.889301 -3.631602 67.773178  -0.807378 -0.290998 -0.513284  1.506600 -0.474100 1 6 1.000000
CloneHead
0  -0.855099 -3.600098 67.643776  -0.794586 -0.359800 0.489057  1.505700 -0.484100 1 6 1.000000
0  -0.861900 -3.690498 67.778488  -0.685152 -0.614231 -0.391519  1.497500 -0.474800 1 6 1.000000
0  -0.889301 -3.631602 67.773178  -0.807378 -0.290998 -0.513284  1.506600 -0.474100 1 6 1.000000
CloneHead
0  -1.128300 -3.695799 68.031876  -0.397961 -0.667949 -0.628865  1.509100 -0.465600 1 6 1.000000
0  -0.889301 -3.631602 67.773178  -0.807378 -0.290998 -0.513284  1.506600 -0.474100 1 6 1.000000
0  -0.861900 -3.690498 67.778488  -0.685152 -0.614231 -0.391519  1.497500 -0.474800 1 6 1.000000
CloneHead
0  -0.804298 -3.768703 67.866188  -0.410856 -0.879586 -0.239844  1.488100 -0.465000 1 6 1.000000
0  -1.128300 -3.695799 68.031876  -0.397961 -0.667949 -0.628865  1.509100 -0.465600 1 6 1.000000
0  -0.861900 -3.690498 67.778488  -0.685152 -0.614231 -0.391519  1.497500 -0.474800 1 6 1.000000
CloneHead
0  -1.051701 -3.738299 68.115875  -0.265354 -0.787221 -0.556661  1.496300 -0.445400 1 6 1.000000
0  -1.128300 -3.695799 68.031876  -0.397961 -0.667949 -0.628865  1.509100 -0.465600 1 6 1.000000
0  -0.804298 -3.768703 67.866188  -0.410856 -0.879586 -0.239844  1.488100 -0.465000 1 6 1.000000
CloneHead
0  -0.713299 -3.834900 68.057884  -0.483485 -0.675625 -0.556573  1.477900 -0.452600 1 6 1.000000
0  -1.051701 -3.738299 68.115875  -0.265354 -0.787221 -0.556661  1.496300 -0.445400 1 6 1.000000
0  -0.804298 -3.768703 67.866188  -0.410856 -0.879586 -0.239844  1.488100 -0.465000 1 6 1.000000
CloneHead
0  -1.004200 -3.861201 68.179680  -0.297442 -0.439149 -0.847748  1.487500 -0.435100 1 6 1.000000
0  -1.051701 -3.738299 68.115875  -0.265354 -0.787221 -0.556661  1.496300 -0.445400 1 6 1.000000
0  -0.713299 -3.834900 68.057884  -0.483485 -0.675625 -0.556573  1.477900 -0.452600 1 6 1.000000
CloneHead
0  -1.004200 -3.861201 68.179680  -0.297442 -0.439149 -0.847748  1.487500 -0.435100 1 6 1.000000
0  -0.713299 -3.834900 68.057884  -0.483485 -0.675625 -0.556573  1.477900 -0.452600 1 6 1.000000
0  -0.952801 -4.512704 68.381683  -0.405923 -0.756772 -0.512370  1.467000 -0.394500 1 6 1.000000
CloneHead
0  -1.398499 -4.354106 68.581276  -0.442745 -0.793015 -0.418455  1.486600 -0.385900 1 6 1.000000
0  -1.004200 -3.861201 68.179680  -0.297442 -0.439149 -0.847748  1.487500 -0.435100 1 6 1.000000
0  -0.952801 -4.512704 68.381683  -0.405923 -0.756772 -0.512370  1.467000 -0.394500 1 6 1.000000
CloneHead
0  -0.940102 -4.513908 68.657188  -0.225390 -0.972818 0.053147  1.464100 -0.373400 1 6 1.000000
0  -1.398499 -4.354106 68.581276  -0.442745 -0.793015 -0.418455  1.486600 -0.385900 1 6 1.000000
0  -0.952801 -4.512704 68.381683  -0.405923 -0.756772 -0.512370  1.467000 -0.394500 1 6 1.000000
CloneHead
0  -1.466900 -4.327204 68.968376  -0.395636 -0.912132 0.107184  1.486900 -0.358500 1 6 1.000000
0  -1.398499 -4.354106 68.581276  -0.442745 -0.793015 -0.418455  1.486600 -0.385900 1 6 1.000000
0  -0.940102 -4.513908 68.657188  -0.225390 -0.972818 0.053147  1.464100 -0.373400 1 6 1.000000
CloneHead
0  -1.466900 -4.327204 68.968376  -0.395636 -0.912132 0.107184  1.486900 -0.358500 1 6 1.000000
0  -0.940102 -4.513908 68.657188  -0.225390 -0.972818 0.053147  1.464100 -0.373400 1 6 1.000000
0  -0.952599 -4.489402 68.999382  -0.198551 -0.968461 0.150533  1.466800 -0.338900 1 6 1.000000
CloneHead
0  -0.996700 -4.340801 69.492683  -0.247256 -0.911617 0.328358  1.470300 -0.294700 1 6 1.000000
0  -1.466900 -4.327204 68.968376  -0.395636 -0.912132 0.107184  1.486900 -0.358500 1 6 1.000000
0  -0.952599 -4.489402 68.999382  -0.198551 -0.968461 0.150533  1.466800 -0.338900 1 6 1.000000
CloneHead
0  -0.952599 -4.489402 68.999382  -0.198551 -0.968461 0.150533  1.466800 -0.338900 1 6 1.000000
0  -0.460300 -4.432503 69.522858  -0.099330 -0.955516 0.277711  1.446000 -0.277400 1 6 1.000000
0  -0.996700 -4.340801 69.492683  -0.247256 -0.911617 0.328358  1.470300 -0.294700 1 6 1.000000
CloneHead
0  -0.460300 -4.432503 69.522858  -0.099330 -0.955516 0.277711  1.446000 -0.277400 1 6 1.000000
0  -0.505100 -4.209601 70.060753  -0.169963 -0.886309 0.430777  1.448800 -0.236900 1 6 1.000000
0  -0.996700 -4.340801 69.492683  -0.247256 -0.911617 0.328358  1.470300 -0.294700 1 6 1.000000
CloneHead
0  -0.007900 -4.545404 68.981079  -0.001773 -0.993693 0.112123  1.421700 -0.292800 1 6 1.000000
0  -0.007801 -4.451698 69.515076  -0.001647 -0.968450 0.249204  1.421700 -0.260200 1 6 1.000000
0  -0.396000 -4.527905 68.981560  -0.043646 -0.991324 0.123987  1.439800 -0.300700 1 6 1.000000
CloneHead
0  -0.396000 -4.527905 68.981560  -0.043646 -0.991324 0.123987  1.439800 -0.300700 1 6 1.000000
0  -0.007801 -4.451698 69.515076  -0.001647 -0.968450 0.249204  1.421700 -0.260200 1 6 1.000000
0  -0.460300 -4.432503 69.522858  -0.099330 -0.955516 0.277711  1.446000 -0.277400 1 6 1.000000
CloneHead
0  -0.396000 -4.527905 68.981560  -0.043646 -0.991324 0.123987  1.439800 -0.300700 1 6 1.000000
0  -0.460300 -4.432503 69.522858  -0.099330 -0.955516 0.277711  1.446000 -0.277400 1 6 1.000000
0  -0.952599 -4.489402 68.999382  -0.198551 -0.968461 0.150533  1.466800 -0.338900 1 6 1.000000
CloneHead
0  -0.952599 -4.489402 68.999382  -0.198551 -0.968461 0.150533  1.466800 -0.338900 1 6 1.000000
0  -0.940102 -4.513908 68.657188  -0.225390 -0.972818 0.053147  1.464100 -0.373400 1 6 1.000000
0  -0.396000 -4.527905 68.981560  -0.043646 -0.991324 0.123987  1.439800 -0.300700 1 6 1.000000
CloneHead
0  -0.007801 -4.451698 69.515076  -0.001647 -0.968450 0.249204  1.421700 -0.260200 1 6 1.000000
0  -0.007401 -4.264098 70.053879  -0.001555 -0.916354 0.400366  1.421700 -0.217200 1 6 1.000000
0  -0.460300 -4.432503 69.522858  -0.099330 -0.955516 0.277711  1.446000 -0.277400 1 6 1.000000
CloneHead
0  -0.007900 -4.545404 68.981079  -0.001773 -0.993693 0.112123  1.421700 -0.292800 1 6 1.000000
0  -0.395000 -4.560203 68.156570  -0.148634 -0.749073 -0.645598  1.441600 -0.397200 1 6 1.000000
0  -0.008099 -4.615802 68.140678  -0.001516 -0.888178 -0.459497  1.421700 -0.375100 1 6 1.000000
CloneHead
0  -0.396000 -4.527905 68.981560  -0.043646 -0.991324 0.123987  1.439800 -0.300700 1 6 1.000000
0  -0.395000 -4.560203 68.156570  -0.148634 -0.749073 -0.645598  1.441600 -0.397200 1 6 1.000000
0  -0.007900 -4.545404 68.981079  -0.001773 -0.993693 0.112123  1.421700 -0.292800 1 6 1.000000
CloneHead
0  -0.396000 -4.527905 68.981560  -0.043646 -0.991324 0.123987  1.439800 -0.300700 1 6 1.000000
0  -0.446201 -4.624700 68.329163  0.354328 -0.934735 0.026851  1.446900 -0.380300 1 6 1.000000
0  -0.395000 -4.560203 68.156570  -0.148634 -0.749073 -0.645598  1.441600 -0.397200 1 6 1.000000
CloneHead
0  -0.396000 -4.527905 68.981560  -0.043646 -0.991324 0.123987  1.439800 -0.300700 1 6 1.000000
0  -0.940102 -4.513908 68.657188  -0.225390 -0.972818 0.053147  1.464100 -0.373400 1 6 1.000000
0  -0.446201 -4.624700 68.329163  0.354328 -0.934735 0.026851  1.446900 -0.380300 1 6 1.000000
CloneHead
0  -0.940102 -4.513908 68.657188  -0.225390 -0.972818 0.053147  1.464100 -0.373400 1 6 1.000000
0  -0.952801 -4.512704 68.381683  -0.405923 -0.756772 -0.512370  1.467000 -0.394500 1 6 1.000000
0  -0.446201 -4.624700 68.329163  0.354328 -0.934735 0.026851  1.446900 -0.380300 1 6 1.000000
CloneHead
0  -0.446201 -4.624700 68.329163  0.354328 -0.934735 0.026851  1.446900 -0.380300 1 6 1.000000
0  -0.952801 -4.512704 68.381683  -0.405923 -0.756772 -0.512370  1.467000 -0.394500 1 6 1.000000
0  -0.478199 -4.619804 68.216553  -0.072800 -0.847287 -0.526122  1.448800 -0.390200 1 6 1.000000
CloneHead
0  -0.952801 -4.512704 68.381683  -0.405923 -0.756772 -0.512370  1.467000 -0.394500 1 6 1.000000
0  -0.713299 -3.834900 68.057884  -0.483485 -0.675625 -0.556573  1.477900 -0.452600 1 6 1.000000
0  -0.478199 -4.619804 68.216553  -0.072800 -0.847287 -0.526122  1.448800 -0.390200 1 6 1.000000
CloneHead
0  -0.478199 -4.619804 68.216553  -0.072800 -0.847287 -0.526122  1.448800 -0.390200 1 6 1.000000
0  -0.713299 -3.834900 68.057884  -0.483485 -0.675625 -0.556573  1.477900 -0.452600 1 6 1.000000
0  -0.395000 -4.560203 68.156570  -0.148634 -0.749073 -0.645598  1.441600 -0.397200 1 6 1.000000
CloneHead
0  -0.446201 -4.624700 68.329163  0.354328 -0.934735 0.026851  1.446900 -0.380300 1 6 1.000000
0  -0.478199 -4.619804 68.216553  -0.072800 -0.847287 -0.526122  1.448800 -0.390200 1 6 1.000000
0  -0.395000 -4.560203 68.156570  -0.148634 -0.749073 -0.645598  1.441600 -0.397200 1 6 1.000000
CloneHead
0  -0.008099 -4.615802 68.140678  -0.001516 -0.888178 -0.459497  1.421700 -0.375100 1 6 1.000000
0  -0.395000 -4.560203 68.156570  -0.148634 -0.749073 -0.645598  1.441600 -0.397200 1 6 1.000000
0  -0.007599 -4.363501 67.998474  -0.001641 -0.960061 -0.279784  1.421700 -0.404900 1 6 1.000000
CloneHead
0  -0.007599 -4.363501 67.998474  -0.001641 -0.960061 -0.279784  1.421700 -0.404900 1 6 1.000000
0  0.379101 -4.561504 68.156586  0.145840 -0.749507 -0.645732  1.401900 -0.397200 1 6 1.000000
0  -0.008099 -4.615802 68.140678  -0.001516 -0.888178 -0.459497  1.421700 -0.375100 1 6 1.000000
CloneHead
0  0.379101 -4.561504 68.156586  0.145840 -0.749507 -0.645732  1.401900 -0.397200 1 6 1.000000
0  -0.007900 -4.545404 68.981079  -0.001773 -0.993693 0.112123  1.421700 -0.292800 1 6 1.000000
0  -0.008099 -4.615802 68.140678  -0.001516 -0.888178 -0.459497  1.421700 -0.375100 1 6 1.000000
CloneHead
0  0.380199 -4.529306 68.981583  0.040204 -0.991468 0.123999  1.403700 -0.300700 1 6 1.000000
0  -0.007900 -4.545404 68.981079  -0.001773 -0.993693 0.112123  1.421700 -0.292800 1 6 1.000000
0  0.379101 -4.561504 68.156586  0.145840 -0.749507 -0.645732  1.401900 -0.397200 1 6 1.000000
CloneHead
0  0.380199 -4.529306 68.981583  0.040204 -0.991468 0.123999  1.403700 -0.300700 1 6 1.000000
0  -0.007801 -4.451698 69.515076  -0.001647 -0.968450 0.249204  1.421700 -0.260200 1 6 1.000000
0  -0.007900 -4.545404 68.981079  -0.001773 -0.993693 0.112123  1.421700 -0.292800 1 6 1.000000
CloneHead
0  0.444801 -4.434004 69.522888  0.095987 -0.955843 0.277761  1.397500 -0.277400 1 6 1.000000
0  -0.007801 -4.451698 69.515076  -0.001647 -0.968450 0.249204  1.421700 -0.260200 1 6 1.000000
0  0.380199 -4.529306 68.981583  0.040204 -0.991468 0.123999  1.403700 -0.300700 1 6 1.000000
CloneHead
0  -0.007801 -4.451698 69.515076  -0.001647 -0.968450 0.249204  1.421700 -0.260200 1 6 1.000000
0  0.444801 -4.434004 69.522888  0.095987 -0.955843 0.277761  1.397500 -0.277400 1 6 1.000000
0  -0.007401 -4.264098 70.053879  -0.001555 -0.916354 0.400366  1.421700 -0.217200 1 6 1.000000
CloneHead
0  -0.007401 -4.264098 70.053879  -0.001555 -0.916354 0.400366  1.421700 -0.217200 1 6 1.000000
0  0.444801 -4.434004 69.522888  0.095987 -0.955843 0.277761  1.397500 -0.277400 1 6 1.000000
0  0.490398 -4.211302 70.060783  0.166833 -0.886917 0.430748  1.394700 -0.236900 1 6 1.000000
CloneHead
0  0.444801 -4.434004 69.522888  0.095987 -0.955843 0.277761  1.397500 -0.277400 1 6 1.000000
0  0.981602 -4.344301 69.492661  0.244012 -0.912498 0.328337  1.373200 -0.294700 1 6 1.000000
0  0.490398 -4.211302 70.060783  0.166833 -0.886917 0.430748  1.394700 -0.236900 1 6 1.000000
CloneHead
0  0.490398 -4.211302 70.060783  0.166833 -0.886917 0.430748  1.394700 -0.236900 1 6 1.000000
0  0.981602 -4.344301 69.492661  0.244012 -0.912498 0.328337  1.373200 -0.294700 1 6 1.000000
0  1.044998 -4.085397 70.001381  0.278516 -0.842609 0.460912  1.370300 -0.256500 1 6 1.000000
CloneHead
0  1.539902 -4.182799 69.432480  0.381914 -0.873067 0.303142  1.348600 -0.316300 1 6 1.000000
0  1.044998 -4.085397 70.001381  0.278516 -0.842609 0.460912  1.370300 -0.256500 1 6 1.000000
0  0.981602 -4.344301 69.492661  0.244012 -0.912498 0.328337  1.373200 -0.294700 1 6 1.000000
CloneHead
0  1.627098 -3.926703 69.908783  0.422649 -0.793345 0.438145  1.340900 -0.282000 1 6 1.000000
0  1.044998 -4.085397 70.001381  0.278516 -0.842609 0.460912  1.370300 -0.256500 1 6 1.000000
0  1.539902 -4.182799 69.432480  0.381914 -0.873067 0.303142  1.348600 -0.316300 1 6 1.000000
CloneHead
0  2.116698 -3.916800 69.265160  0.695826 -0.691764 0.193103  1.322800 -0.348800 1 6 1.000000
0  1.627098 -3.926703 69.908783  0.422649 -0.793345 0.438145  1.340900 -0.282000 1 6 1.000000
0  1.539902 -4.182799 69.432480  0.381914 -0.873067 0.303142  1.348600 -0.316300 1 6 1.000000
CloneHead
0  2.158600 -3.625800 69.700760  0.748365 -0.565737 0.346253  1.315800 -0.315800 1 6 1.000000
0  1.627098 -3.926703 69.908783  0.422649 -0.793345 0.438145  1.340900 -0.282000 1 6 1.000000
0  2.116698 -3.916800 69.265160  0.695826 -0.691764 0.193103  1.322800 -0.348800 1 6 1.000000
CloneHead
0  2.158600 -3.625800 69.700760  0.748365 -0.565737 0.346253  1.315800 -0.315800 1 6 1.000000
0  2.116698 -3.916800 69.265160  0.695826 -0.691764 0.193103  1.322800 -0.348800 1 6 1.000000
0  2.669497 -3.005701 68.836876  0.914094 -0.386559 0.122491  1.280700 -0.400300 1 6 1.000000
CloneHead
0  2.770198 -2.635697 69.164680  0.937103 -0.292531 0.190432  1.272100 -0.378800 1 6 1.000000
0  2.158600 -3.625800 69.700760  0.748365 -0.565737 0.346253  1.315800 -0.315800 1 6 1.000000
0  2.669497 -3.005701 68.836876  0.914094 -0.386559 0.122491  1.280700 -0.400300 1 6 1.000000
CloneHead
0  2.770198 -2.635697 69.164680  0.937103 -0.292531 0.190432  1.272100 -0.378800 1 6 1.000000
0  2.669497 -3.005701 68.836876  0.914094 -0.386559 0.122491  1.280700 -0.400300 1 6 1.000000
0  2.885399 -2.394401 68.356178  0.979796 -0.190661 0.060397  1.260800 -0.457300 1 6 1.000000
CloneHead
0  2.885399 -2.394401 68.356178  0.979796 -0.190661 0.060397  1.260800 -0.457300 1 6 1.000000
0  2.880897 -1.802396 69.510376  0.959992 -0.148988 0.237105  1.244300 -0.367500 1 6 1.000000
0  2.770198 -2.635697 69.164680  0.937103 -0.292531 0.190432  1.272100 -0.378800 1 6 1.000000
CloneHead
0  0.981602 -4.344301 69.492661  0.244012 -0.912498 0.328337  1.373200 -0.294700 1 6 1.000000
0  1.451801 -4.332304 68.968376  0.392435 -0.913522 0.107108  1.356500 -0.358500 1 6 1.000000
0  1.539902 -4.182799 69.432480  0.381914 -0.873067 0.303142  1.348600 -0.316300 1 6 1.000000
CloneHead
0  1.539902 -4.182799 69.432480  0.381914 -0.873067 0.303142  1.348600 -0.316300 1 6 1.000000
0  1.451801 -4.332304 68.968376  0.392435 -0.913522 0.107108  1.356500 -0.358500 1 6 1.000000
0  2.116698 -3.916800 69.265160  0.695826 -0.691764 0.193103  1.322800 -0.348800 1 6 1.000000
CloneHead
0  0.462101 -4.621503 68.216583  0.069430 -0.847690 -0.525929  1.394700 -0.390200 1 6 1.000000
0  0.430000 -4.626204 68.329185  -0.358090 -0.933296 0.027010  1.396500 -0.380300 1 6 1.000000
0  0.379101 -4.561504 68.156586  0.145840 -0.749507 -0.645732  1.401900 -0.397200 1 6 1.000000
CloneHead
0  0.430000 -4.626204 68.329185  -0.358090 -0.933296 0.027010  1.396500 -0.380300 1 6 1.000000
0  0.380199 -4.529306 68.981583  0.040204 -0.991468 0.123999  1.403700 -0.300700 1 6 1.000000
0  0.379101 -4.561504 68.156586  0.145840 -0.749507 -0.645732  1.401900 -0.397200 1 6 1.000000
CloneHead
0  0.924301 -4.517103 68.657166  0.221994 -0.973599 0.053143  1.379400 -0.373400 1 6 1.000000
0  1.451801 -4.332304 68.968376  0.392435 -0.913522 0.107108  1.356500 -0.358500 1 6 1.000000
0  0.937000 -4.492701 68.999359  0.195192 -0.969161 0.150422  1.376700 -0.338900 1 6 1.000000
CloneHead
0  0.937000 -4.492701 68.999359  0.195192 -0.969161 0.150422  1.376700 -0.338900 1 6 1.000000
0  1.451801 -4.332304 68.968376  0.392435 -0.913522 0.107108  1.356500 -0.358500 1 6 1.000000
0  0.981602 -4.344301 69.492661  0.244012 -0.912498 0.328337  1.373200 -0.294700 1 6 1.000000
CloneHead
0  0.444801 -4.434004 69.522888  0.095987 -0.955843 0.277761  1.397500 -0.277400 1 6 1.000000
0  0.937000 -4.492701 68.999359  0.195192 -0.969161 0.150422  1.376700 -0.338900 1 6 1.000000
0  0.981602 -4.344301 69.492661  0.244012 -0.912498 0.328337  1.373200 -0.294700 1 6 1.000000
CloneHead
0  0.380199 -4.529306 68.981583  0.040204 -0.991468 0.123999  1.403700 -0.300700 1 6 1.000000
0  0.937000 -4.492701 68.999359  0.195192 -0.969161 0.150422  1.376700 -0.338900 1 6 1.000000
0  0.444801 -4.434004 69.522888  0.095987 -0.955843 0.277761  1.397500 -0.277400 1 6 1.000000
CloneHead
0  0.380199 -4.529306 68.981583  0.040204 -0.991468 0.123999  1.403700 -0.300700 1 6 1.000000
0  0.924301 -4.517103 68.657166  0.221994 -0.973599 0.053143  1.379400 -0.373400 1 6 1.000000
0  0.937000 -4.492701 68.999359  0.195192 -0.969161 0.150422  1.376700 -0.338900 1 6 1.000000
CloneHead
0  0.430000 -4.626204 68.329185  -0.358090 -0.933296 0.027010  1.396500 -0.380300 1 6 1.000000
0  0.924301 -4.517103 68.657166  0.221994 -0.973599 0.053143  1.379400 -0.373400 1 6 1.000000
0  0.380199 -4.529306 68.981583  0.040204 -0.991468 0.123999  1.403700 -0.300700 1 6 1.000000
CloneHead
0  0.430000 -4.626204 68.329185  -0.358090 -0.933296 0.027010  1.396500 -0.380300 1 6 1.000000
0  0.937099 -4.515998 68.381660  0.403315 -0.758246 -0.512250  1.376400 -0.394500 1 6 1.000000
0  0.924301 -4.517103 68.657166  0.221994 -0.973599 0.053143  1.379400 -0.373400 1 6 1.000000
CloneHead
0  0.462101 -4.621503 68.216583  0.069430 -0.847690 -0.525929  1.394700 -0.390200 1 6 1.000000
0  0.937099 -4.515998 68.381660  0.403315 -0.758246 -0.512250  1.376400 -0.394500 1 6 1.000000
0  0.430000 -4.626204 68.329185  -0.358090 -0.933296 0.027010  1.396500 -0.380300 1 6 1.000000
CloneHead
0  0.462101 -4.621503 68.216583  0.069430 -0.847690 -0.525929  1.394700 -0.390200 1 6 1.000000
0  0.699902 -3.837400 68.057846  0.481101 -0.677200 -0.556723  1.365600 -0.452600 1 6 1.000000
0  0.937099 -4.515998 68.381660  0.403315 -0.758246 -0.512250  1.376400 -0.394500 1 6 1.000000
CloneHead
0  0.699902 -3.837400 68.057846  0.481101 -0.677200 -0.556723  1.365600 -0.452600 1 6 1.000000
0  0.462101 -4.621503 68.216583  0.069430 -0.847690 -0.525929  1.394700 -0.390200 1 6 1.000000
0  0.379101 -4.561504 68.156586  0.145840 -0.749507 -0.645732  1.401900 -0.397200 1 6 1.000000
CloneHead
0  0.379101 -4.561504 68.156586  0.145840 -0.749507 -0.645732  1.401900 -0.397200 1 6 1.000000
0  0.309700 -4.282099 67.986183  0.643305 -0.691301 -0.329030  1.402900 -0.423900 1 6 1.000000
0  0.699902 -3.837400 68.057846  0.481101 -0.677200 -0.556723  1.365600 -0.452600 1 6 1.000000
CloneHead
0  0.309700 -4.282099 67.986183  0.643305 -0.691301 -0.329030  1.402900 -0.423900 1 6 1.000000
0  0.379101 -4.561504 68.156586  0.145840 -0.749507 -0.645732  1.401900 -0.397200 1 6 1.000000
0  -0.007599 -4.363501 67.998474  -0.001641 -0.960061 -0.279784  1.421700 -0.404900 1 6 1.000000
CloneHead
0  0.309700 -4.282099 67.986183  0.643305 -0.691301 -0.329030  1.402900 -0.423900 1 6 1.000000
0  -0.007599 -4.363501 67.998474  -0.001641 -0.960061 -0.279784  1.421700 -0.404900 1 6 1.000000
0  0.352402 -4.764502 67.239586  0.632939 -0.671447 0.385419  1.403700 -0.477700 1 6 1.000000
CloneHead
0  0.352402 -4.764502 67.239586  0.632939 -0.671447 0.385419  1.403700 -0.477700 1 6 1.000000
0  -0.007599 -4.363501 67.998474  -0.001641 -0.960061 -0.279784  1.421700 -0.404900 1 6 1.000000
0  -0.008499 -4.877003 67.246376  -0.001587 -0.869989 0.493068  1.421700 -0.463100 1 6 1.000000
CloneHead
0  0.352402 -4.764502 67.239586  0.632939 -0.671447 0.385419  1.403700 -0.477700 1 6 1.000000
0  -0.008499 -4.877003 67.246376  -0.001587 -0.869989 0.493068  1.421700 -0.463100 1 6 1.000000
0  0.397499 -5.150206 66.416382  0.620979 -0.757140 0.202792  1.409800 -0.544800 1 6 1.000000
CloneHead
0  0.397499 -5.150206 66.416382  0.620979 -0.757140 0.202792  1.409800 -0.544800 1 6 1.000000
0  -0.008499 -4.877003 67.246376  -0.001587 -0.869989 0.493068  1.421700 -0.463100 1 6 1.000000
0  -0.009201 -5.257889 66.403885  -0.001783 -0.970080 0.242780  1.421700 -0.525000 1 6 1.000000
CloneHead
0  -0.009201 -5.257889 66.403885  -0.001783 -0.970080 0.242780  1.421700 -0.525000 1 6 1.000000
0  0.411400 -5.131106 66.063484  0.639346 -0.712420 -0.289301  1.409800 -0.569400 1 6 1.000000
0  0.397499 -5.150206 66.416382  0.620979 -0.757140 0.202792  1.409800 -0.544800 1 6 1.000000
CloneHead
0  -0.009300 -5.329981 66.002388  -0.001710 -0.972741 -0.231890  1.421700 -0.558300 1 6 1.000000
0  0.411400 -5.131106 66.063484  0.639346 -0.712420 -0.289301  1.409800 -0.569400 1 6 1.000000
0  -0.009201 -5.257889 66.403885  -0.001783 -0.970080 0.242780  1.421700 -0.525000 1 6 1.000000
CloneHead
0  0.699902 -3.837400 68.057846  0.481101 -0.677200 -0.556723  1.365600 -0.452600 1 6 1.000000
0  0.577202 -3.846003 67.775688  0.727592 -0.686006 0.002449  1.372400 -0.469500 1 6 1.000000
0  0.791199 -3.771401 67.866165  0.407720 -0.881023 -0.239923  1.355300 -0.465000 1 6 1.000000
CloneHead
0  0.699902 -3.837400 68.057846  0.481101 -0.677200 -0.556723  1.365600 -0.452600 1 6 1.000000
0  0.309700 -4.282099 67.986183  0.643305 -0.691301 -0.329030  1.402900 -0.423900 1 6 1.000000
0  0.577202 -3.846003 67.775688  0.727592 -0.686006 0.002449  1.372400 -0.469500 1 6 1.000000
CloneHead
0  0.309700 -4.282099 67.986183  0.643305 -0.691301 -0.329030  1.402900 -0.423900 1 6 1.000000
0  0.352402 -4.764502 67.239586  0.632939 -0.671447 0.385419  1.403700 -0.477700 1 6 1.000000
0  0.577202 -3.846003 67.775688  0.727592 -0.686006 0.002449  1.372400 -0.469500 1 6 1.000000
CloneHead
0  0.411400 -5.131106 66.063484  0.639346 -0.712420 -0.289301  1.409800 -0.569400 1 6 1.000000
0  -0.009201 -5.270406 65.921082  -0.001164 -0.649673 -0.760213  1.421700 -0.569400 1 6 1.000000
0  0.392601 -5.056305 65.983788  0.544356 -0.393936 -0.740602  1.409700 -0.575600 1 6 1.000000
CloneHead
0  0.411400 -5.131106 66.063484  0.639346 -0.712420 -0.289301  1.409800 -0.569400 1 6 1.000000
0  0.392601 -5.056305 65.983788  0.544356 -0.393936 -0.740602  1.409700 -0.575600 1 6 1.000000
0  0.686798 -4.656807 66.082748  0.900245 -0.423859 -0.099512  1.391300 -0.582600 1 6 1.000000
CloneHead
0  0.686798 -4.656807 66.082748  0.900245 -0.423859 -0.099512  1.391300 -0.582600 1 6 1.000000
0  0.397499 -5.150206 66.416382  0.620979 -0.757140 0.202792  1.409800 -0.544800 1 6 1.000000
0  0.411400 -5.131106 66.063484  0.639346 -0.712420 -0.289301  1.409800 -0.569400 1 6 1.000000
CloneHead
0  0.506599 -4.603102 66.603287  0.905600 -0.369856 0.207593  1.390300 -0.535500 1 6 1.000000
0  0.397499 -5.150206 66.416382  0.620979 -0.757140 0.202792  1.409800 -0.544800 1 6 1.000000
0  0.686798 -4.656807 66.082748  0.900245 -0.423859 -0.099512  1.391300 -0.582600 1 6 1.000000
CloneHead
0  0.397499 -5.150206 66.416382  0.620979 -0.757140 0.202792  1.409800 -0.544800 1 6 1.000000
0  0.506599 -4.603102 66.603287  0.905600 -0.369856 0.207593  1.390300 -0.535500 1 6 1.000000
0  0.352402 -4.764502 67.239586  0.632939 -0.671447 0.385419  1.403700 -0.477700 1 6 1.000000
CloneHead
0  0.799400 -4.017704 66.821655  0.715759 -0.664219 0.215645  1.364100 -0.532000 1 6 1.000000
0  0.352402 -4.764502 67.239586  0.632939 -0.671447 0.385419  1.403700 -0.477700 1 6 1.000000
0  0.506599 -4.603102 66.603287  0.905600 -0.369856 0.207593  1.390300 -0.535500 1 6 1.000000
CloneHead
0  0.577202 -3.846003 67.775688  0.727592 -0.686006 0.002449  1.372400 -0.469500 1 6 1.000000
0  0.352402 -4.764502 67.239586  0.632939 -0.671447 0.385419  1.403700 -0.477700 1 6 1.000000
0  0.799400 -4.017704 66.821655  0.715759 -0.664219 0.215645  1.364100 -0.532000 1 6 1.000000
CloneHead
0  0.799400 -4.017704 66.821655  0.715759 -0.664219 0.215645  1.364100 -0.532000 1 6 1.000000
0  0.754898 -3.726400 67.599045  0.557435 -0.815613 0.155053  1.358100 -0.478600 1 6 1.000000
0  0.577202 -3.846003 67.775688  0.727592 -0.686006 0.002449  1.372400 -0.469500 1 6 1.000000
CloneHead
0  0.791199 -3.771401 67.866165  0.407720 -0.881023 -0.239923  1.355300 -0.465000 1 6 1.000000
0  0.577202 -3.846003 67.775688  0.727592 -0.686006 0.002449  1.372400 -0.469500 1 6 1.000000
0  0.754898 -3.726400 67.599045  0.557435 -0.815613 0.155053  1.358100 -0.478600 1 6 1.000000
CloneHead
0  0.754898 -3.726400 67.599045  0.557435 -0.815613 0.155053  1.358100 -0.478600 1 6 1.000000
0  0.848999 -3.693504 67.778465  0.682772 -0.617004 -0.391316  1.346000 -0.474800 1 6 1.000000
0  0.791199 -3.771401 67.866165  0.407720 -0.881023 -0.239923  1.355300 -0.465000 1 6 1.000000
CloneHead
0  0.825802 -3.671206 67.615952  0.558724 -0.690742 0.459024  1.347300 -0.482600 1 6 1.000000
0  0.848999 -3.693504 67.778465  0.682772 -0.617004 -0.391316  1.346000 -0.474800 1 6 1.000000
0  0.754898 -3.726400 67.599045  0.557435 -0.815613 0.155053  1.358100 -0.478600 1 6 1.000000
CloneHead
0  0.825802 -3.671206 67.615952  0.558724 -0.690742 0.459024  1.347300 -0.482600 1 6 1.000000
0  0.842499 -3.603105 67.643761  0.793483 -0.362688 0.488715  1.337800 -0.484100 1 6 1.000000
0  0.848999 -3.693504 67.778465  0.682772 -0.617004 -0.391316  1.346000 -0.474800 1 6 1.000000
CloneHead
0  0.825802 -3.671206 67.615952  0.558724 -0.690742 0.459024  1.347300 -0.482600 1 6 1.000000
0  1.071800 -3.650801 67.612373  0.075340 -0.515943 0.853303  1.335400 -0.500600 1 6 1.000000
0  0.842499 -3.603105 67.643761  0.793483 -0.362688 0.488715  1.337800 -0.484100 1 6 1.000000
CloneHead
0  1.046700 -3.759099 67.468178  -0.065920 -0.994352 0.083182  1.342900 -0.501300 1 6 1.000000
0  1.071800 -3.650801 67.612373  0.075340 -0.515943 0.853303  1.335400 -0.500600 1 6 1.000000
0  0.825802 -3.671206 67.615952  0.558724 -0.690742 0.459024  1.347300 -0.482600 1 6 1.000000
CloneHead
0  0.754898 -3.726400 67.599045  0.557435 -0.815613 0.155053  1.358100 -0.478600 1 6 1.000000
0  1.046700 -3.759099 67.468178  -0.065920 -0.994352 0.083182  1.342900 -0.501300 1 6 1.000000
0  0.825802 -3.671206 67.615952  0.558724 -0.690742 0.459024  1.347300 -0.482600 1 6 1.000000
CloneHead
0  1.011002 -3.672597 67.285576  0.205172 -0.977737 0.043994  1.349100 -0.508400 1 6 1.000000
0  1.046700 -3.759099 67.468178  -0.065920 -0.994352 0.083182  1.342900 -0.501300 1 6 1.000000
0  0.754898 -3.726400 67.599045  0.557435 -0.815613 0.155053  1.358100 -0.478600 1 6 1.000000
CloneHead
0  1.011002 -3.672597 67.285576  0.205172 -0.977737 0.043994  1.349100 -0.508400 1 6 1.000000
0  0.754898 -3.726400 67.599045  0.557435 -0.815613 0.155053  1.358100 -0.478600 1 6 1.000000
0  0.799400 -4.017704 66.821655  0.715759 -0.664219 0.215645  1.364100 -0.532000 1 6 1.000000
CloneHead
0  0.948002 -4.080706 65.953972  0.981869 -0.163259 -0.096332  1.371300 -0.607600 1 6 1.000000
0  0.933701 -4.005301 65.863968  0.704331 -0.709736 -0.013872  1.367900 -0.621500 1 6 1.000000
0  0.799400 -4.017704 66.821655  0.715759 -0.664219 0.215645  1.364100 -0.532000 1 6 1.000000
CloneHead
0  0.506599 -4.603102 66.603287  0.905600 -0.369856 0.207593  1.390300 -0.535500 1 6 1.000000
0  0.948002 -4.080706 65.953972  0.981869 -0.163259 -0.096332  1.371300 -0.607600 1 6 1.000000
0  0.799400 -4.017704 66.821655  0.715759 -0.664219 0.215645  1.364100 -0.532000 1 6 1.000000
CloneHead
0  0.686798 -4.656807 66.082748  0.900245 -0.423859 -0.099512  1.391300 -0.582600 1 6 1.000000
0  0.948002 -4.080706 65.953972  0.981869 -0.163259 -0.096332  1.371300 -0.607600 1 6 1.000000
0  0.506599 -4.603102 66.603287  0.905600 -0.369856 0.207593  1.390300 -0.535500 1 6 1.000000
CloneHead
0  0.640598 -4.592403 65.964981  0.399731 -0.305663 -0.864167  1.390900 -0.594000 1 6 1.000000
0  0.948002 -4.080706 65.953972  0.981869 -0.163259 -0.096332  1.371300 -0.607600 1 6 1.000000
0  0.686798 -4.656807 66.082748  0.900245 -0.423859 -0.099512  1.391300 -0.582600 1 6 1.000000
CloneHead
0  0.686798 -4.656807 66.082748  0.900245 -0.423859 -0.099512  1.391300 -0.582600 1 6 1.000000
0  0.392601 -5.056305 65.983788  0.544356 -0.393936 -0.740602  1.409700 -0.575600 1 6 1.000000
0  0.640598 -4.592403 65.964981  0.399731 -0.305663 -0.864167  1.390900 -0.594000 1 6 1.000000
CloneHead
0  0.392601 -5.056305 65.983788  0.544356 -0.393936 -0.740602  1.409700 -0.575600 1 6 1.000000
0  0.362099 -4.533206 65.974487  0.569645 -0.344399 -0.746253  1.399100 -0.610700 1 6 1.000000
0  0.640598 -4.592403 65.964981  0.399731 -0.305663 -0.864167  1.390900 -0.594000 1 6 1.000000
CloneHead
0  0.640598 -4.592403 65.964981  0.399731 -0.305663 -0.864167  1.390900 -0.594000 1 6 1.000000
0  0.362099 -4.533206 65.974487  0.569645 -0.344399 -0.746253  1.399100 -0.610700 1 6 1.000000
0  0.933701 -4.005301 65.863968  0.704331 -0.709736 -0.013872  1.367900 -0.621500 1 6 1.000000
CloneHead
0  0.933701 -4.005301 65.863968  0.704331 -0.709736 -0.013872  1.367900 -0.621500 1 6 1.000000
0  0.948002 -4.080706 65.953972  0.981869 -0.163259 -0.096332  1.371300 -0.607600 1 6 1.000000
0  0.640598 -4.592403 65.964981  0.399731 -0.305663 -0.864167  1.390900 -0.594000 1 6 1.000000
CloneHead
0  1.011002 -3.672597 67.285576  0.205172 -0.977737 0.043994  1.349100 -0.508400 1 6 1.000000
0  0.799400 -4.017704 66.821655  0.715759 -0.664219 0.215645  1.364100 -0.532000 1 6 1.000000
0  1.522900 -3.644100 66.942474  0.312237 -0.949869 -0.016025  1.333700 -0.554100 1 6 1.000000
CloneHead
0  1.522900 -3.644100 66.942474  0.312237 -0.949869 -0.016025  1.333700 -0.554100 1 6 1.000000
0  1.546799 -3.763802 67.366180  0.178091 -0.981600 0.068884  1.328600 -0.527500 1 6 1.000000
0  1.011002 -3.672597 67.285576  0.205172 -0.977737 0.043994  1.349100 -0.508400 1 6 1.000000
CloneHead
0  1.011002 -3.672597 67.285576  0.205172 -0.977737 0.043994  1.349100 -0.508400 1 6 1.000000
0  1.546799 -3.763802 67.366180  0.178091 -0.981600 0.068884  1.328600 -0.527500 1 6 1.000000
0  1.046700 -3.759099 67.468178  -0.065920 -0.994352 0.083182  1.342900 -0.501300 1 6 1.000000
CloneHead
0  1.548302 -3.640000 67.586777  0.161114 -0.582321 0.796834  1.324500 -0.513800 1 6 1.000000
0  1.046700 -3.759099 67.468178  -0.065920 -0.994352 0.083182  1.342900 -0.501300 1 6 1.000000
0  1.546799 -3.763802 67.366180  0.178091 -0.981600 0.068884  1.328600 -0.527500 1 6 1.000000
CloneHead
0  1.071800 -3.650801 67.612373  0.075340 -0.515943 0.853303  1.335400 -0.500600 1 6 1.000000
0  1.046700 -3.759099 67.468178  -0.065920 -0.994352 0.083182  1.342900 -0.501300 1 6 1.000000
0  1.548302 -3.640000 67.586777  0.161114 -0.582321 0.796834  1.324500 -0.513800 1 6 1.000000
CloneHead
0  1.500401 -1.027297 67.959373  0.059709 -0.996594 -0.056880  1.315500 -0.492500 1 6 1.000000
0  1.071800 -3.650801 67.612373  0.075340 -0.515943 0.853303  1.335400 -0.500600 1 6 1.000000
0  1.548302 -3.640000 67.586777  0.161114 -0.582321 0.796834  1.324500 -0.513800 1 6 1.000000
CloneHead
0  1.071800 -3.650801 67.612373  0.075340 -0.515943 0.853303  1.335400 -0.500600 1 6 1.000000
0  1.500401 -1.027297 67.959373  0.059709 -0.996594 -0.056880  1.315500 -0.492500 1 6 1.000000
0  0.842499 -3.603105 67.643761  0.793483 -0.362688 0.488715  1.337800 -0.484100 1 6 1.000000
CloneHead
0  0.842499 -3.603105 67.643761  0.793483 -0.362688 0.488715  1.337800 -0.484100 1 6 1.000000
0  1.500401 -1.027297 67.959373  0.059709 -0.996594 -0.056880  1.315500 -0.492500 1 6 1.000000
0  0.876701 -3.634706 67.773163  0.806015 -0.294263 -0.513566  1.336900 -0.474100 1 6 1.000000
CloneHead
0  0.848999 -3.693504 67.778465  0.682772 -0.617004 -0.391316  1.346000 -0.474800 1 6 1.000000
0  0.842499 -3.603105 67.643761  0.793483 -0.362688 0.488715  1.337800 -0.484100 1 6 1.000000
0  0.876701 -3.634706 67.773163  0.806015 -0.294263 -0.513566  1.336900 -0.474100 1 6 1.000000
CloneHead
0  0.876701 -3.634706 67.773163  0.806015 -0.294263 -0.513566  1.336900 -0.474100 1 6 1.000000
0  1.115398 -3.699699 68.031876  0.395736 -0.669234 -0.628904  1.334300 -0.465600 1 6 1.000000
0  0.848999 -3.693504 67.778465  0.682772 -0.617004 -0.391316  1.346000 -0.474800 1 6 1.000000
CloneHead
0  1.115398 -3.699699 68.031876  0.395736 -0.669234 -0.628904  1.334300 -0.465600 1 6 1.000000
0  0.791199 -3.771401 67.866165  0.407720 -0.881023 -0.239923  1.355300 -0.465000 1 6 1.000000
0  0.848999 -3.693504 67.778465  0.682772 -0.617004 -0.391316  1.346000 -0.474800 1 6 1.000000
CloneHead
0  1.038601 -3.742002 68.115875  0.262750 -0.787984 -0.556816  1.347200 -0.445400 1 6 1.000000
0  0.791199 -3.771401 67.866165  0.407720 -0.881023 -0.239923  1.355300 -0.465000 1 6 1.000000
0  1.115398 -3.699699 68.031876  0.395736 -0.669234 -0.628904  1.334300 -0.465600 1 6 1.000000
CloneHead
0  1.038601 -3.742002 68.115875  0.262750 -0.787984 -0.556816  1.347200 -0.445400 1 6 1.000000
0  0.699902 -3.837400 68.057846  0.481101 -0.677200 -0.556723  1.365600 -0.452600 1 6 1.000000
0  0.791199 -3.771401 67.866165  0.407720 -0.881023 -0.239923  1.355300 -0.465000 1 6 1.000000
CloneHead
0  0.990700 -3.864699 68.179672  0.296011 -0.440189 -0.847709  1.356000 -0.435100 1 6 1.000000
0  0.699902 -3.837400 68.057846  0.481101 -0.677200 -0.556723  1.365600 -0.452600 1 6 1.000000
0  1.038601 -3.742002 68.115875  0.262750 -0.787984 -0.556816  1.347200 -0.445400 1 6 1.000000
CloneHead
0  0.937099 -4.515998 68.381660  0.403315 -0.758246 -0.512250  1.376400 -0.394500 1 6 1.000000
0  0.699902 -3.837400 68.057846  0.481101 -0.677200 -0.556723  1.365600 -0.452600 1 6 1.000000
0  0.990700 -3.864699 68.179672  0.296011 -0.440189 -0.847709  1.356000 -0.435100 1 6 1.000000
CloneHead
0  0.937099 -4.515998 68.381660  0.403315 -0.758246 -0.512250  1.376400 -0.394500 1 6 1.000000
0  0.990700 -3.864699 68.179672  0.296011 -0.440189 -0.847709  1.356000 -0.435100 1 6 1.000000
0  1.383301 -4.358902 68.581276  0.439952 -0.794546 -0.418495  1.356900 -0.385900 1 6 1.000000
CloneHead
0  0.937099 -4.515998 68.381660  0.403315 -0.758246 -0.512250  1.376400 -0.394500 1 6 1.000000
0  1.383301 -4.358902 68.581276  0.439952 -0.794546 -0.418495  1.356900 -0.385900 1 6 1.000000
0  0.924301 -4.517103 68.657166  0.221994 -0.973599 0.053143  1.379400 -0.373400 1 6 1.000000
CloneHead
0  0.924301 -4.517103 68.657166  0.221994 -0.973599 0.053143  1.379400 -0.373400 1 6 1.000000
0  1.383301 -4.358902 68.581276  0.439952 -0.794546 -0.418495  1.356900 -0.385900 1 6 1.000000
0  1.451801 -4.332304 68.968376  0.392435 -0.913522 0.107108  1.356500 -0.358500 1 6 1.000000
CloneHead
0  0.876701 -3.634706 67.773163  0.806015 -0.294263 -0.513566  1.336900 -0.474100 1 6 1.000000
0  1.500401 -1.027297 67.959373  0.059709 -0.996594 -0.056880  1.315500 -0.492500 1 6 1.000000
0  1.115398 -3.699699 68.031876  0.395736 -0.669234 -0.628904  1.334300 -0.465600 1 6 1.000000
CloneHead
0  2.160098 -3.398503 67.030365  0.566647 -0.821952 -0.057501  1.305900 -0.562500 1 6 1.000000
0  1.546799 -3.763802 67.366180  0.178091 -0.981600 0.068884  1.328600 -0.527500 1 6 1.000000
0  1.522900 -3.644100 66.942474  0.312237 -0.949869 -0.016025  1.333700 -0.554100 1 6 1.000000
CloneHead
0  2.160098 -3.499899 67.401566  0.557003 -0.815349 0.157969  1.306800 -0.532900 1 6 1.000000
0  1.546799 -3.763802 67.366180  0.178091 -0.981600 0.068884  1.328600 -0.527500 1 6 1.000000
0  2.160098 -3.398503 67.030365  0.566647 -0.821952 -0.057501  1.305900 -0.562500 1 6 1.000000
CloneHead
0  2.160098 -3.499899 67.401566  0.557003 -0.815349 0.157969  1.306800 -0.532900 1 6 1.000000
0  1.548302 -3.640000 67.586777  0.161114 -0.582321 0.796834  1.324500 -0.513800 1 6 1.000000
0  1.546799 -3.763802 67.366180  0.178091 -0.981600 0.068884  1.328600 -0.527500 1 6 1.000000
CloneHead
0  2.160098 -3.398503 67.030365  0.566647 -0.821952 -0.057501  1.305900 -0.562500 1 6 1.000000
0  2.652199 -2.914098 67.418777  0.720613 -0.691190 0.054523  1.279800 -0.529700 1 6 1.000000
0  2.160098 -3.499899 67.401566  0.557003 -0.815349 0.157969  1.306800 -0.532900 1 6 1.000000
CloneHead
0  2.219898 -3.299799 67.908264  0.041481 -0.791126 -0.610246  1.302800 -0.476700 1 6 1.000000
0  2.122900 -3.419702 68.051559  0.295247 -0.687709 -0.663239  1.311400 -0.463600 1 6 1.000000
0  1.500401 -1.027297 67.959373  0.059709 -0.996594 -0.056880  1.315500 -0.492500 1 6 1.000000
CloneHead
0  2.160098 -3.499899 67.401566  0.557003 -0.815349 0.157969  1.306800 -0.532900 1 6 1.000000
0  2.652199 -2.914098 67.418777  0.720613 -0.691190 0.054523  1.279800 -0.529700 1 6 1.000000
0  2.395401 -3.084600 67.708679  0.609276 -0.792803 -0.015665  1.294500 -0.500600 1 6 1.000000
CloneHead
0  2.395401 -3.084600 67.708679  0.609276 -0.792803 -0.015665  1.294500 -0.500600 1 6 1.000000
0  2.071198 -3.396400 67.588562  0.218815 -0.530642 0.818864  1.313700 -0.513600 1 6 1.000000
0  2.160098 -3.499899 67.401566  0.557003 -0.815349 0.157969  1.306800 -0.532900 1 6 1.000000
CloneHead
0  2.071198 -3.396400 67.588562  0.218815 -0.530642 0.818864  1.313700 -0.513600 1 6 1.000000
0  1.548302 -3.640000 67.586777  0.161114 -0.582321 0.796834  1.324500 -0.513800 1 6 1.000000
0  2.160098 -3.499899 67.401566  0.557003 -0.815349 0.157969  1.306800 -0.532900 1 6 1.000000
CloneHead
0  2.071198 -3.396400 67.588562  0.218815 -0.530642 0.818864  1.313700 -0.513600 1 6 1.000000
0  1.500401 -1.027297 67.959373  0.059709 -0.996594 -0.056880  1.315500 -0.492500 1 6 1.000000
0  1.548302 -3.640000 67.586777  0.161114 -0.582321 0.796834  1.324500 -0.513800 1 6 1.000000
CloneHead
0  1.500401 -1.027297 67.959373  0.059709 -0.996594 -0.056880  1.315500 -0.492500 1 6 1.000000
0  2.071198 -3.396400 67.588562  0.218815 -0.530642 0.818864  1.313700 -0.513600 1 6 1.000000
0  2.318197 -3.146000 67.730675  0.170534 -0.984794 0.033144  1.305000 -0.499200 1 6 1.000000
CloneHead
0  2.318197 -3.146000 67.730675  0.170534 -0.984794 0.033144  1.305000 -0.499200 1 6 1.000000
0  2.219898 -3.299799 67.908264  0.041481 -0.791126 -0.610246  1.302800 -0.476700 1 6 1.000000
0  1.500401 -1.027297 67.959373  0.059709 -0.996594 -0.056880  1.315500 -0.492500 1 6 1.000000
CloneHead
0  2.318197 -3.146000 67.730675  0.170534 -0.984794 0.033144  1.305000 -0.499200 1 6 1.000000
0  2.395401 -3.084600 67.708679  0.609276 -0.792803 -0.015665  1.294500 -0.500600 1 6 1.000000
0  2.219898 -3.299799 67.908264  0.041481 -0.791126 -0.610246  1.302800 -0.476700 1 6 1.000000
CloneHead
0  2.219898 -3.299799 67.908264  0.041481 -0.791126 -0.610246  1.302800 -0.476700 1 6 1.000000
0  2.395401 -3.084600 67.708679  0.609276 -0.792803 -0.015665  1.294500 -0.500600 1 6 1.000000
0  2.122900 -3.419702 68.051559  0.295247 -0.687709 -0.663239  1.311400 -0.463600 1 6 1.000000
CloneHead
0  2.184500 -3.403202 68.167358  0.499847 -0.786657 -0.362386  1.302900 -0.452400 1 6 1.000000
0  2.122900 -3.419702 68.051559  0.295247 -0.687709 -0.663239  1.311400 -0.463600 1 6 1.000000
0  2.395401 -3.084600 67.708679  0.609276 -0.792803 -0.015665  1.294500 -0.500600 1 6 1.000000
CloneHead
0  2.184500 -3.403202 68.167358  0.499847 -0.786657 -0.362386  1.302900 -0.452400 1 6 1.000000
0  1.743500 -3.671300 68.172874  0.267960 -0.853639 -0.446652  1.322500 -0.435400 1 6 1.000000
0  2.122900 -3.419702 68.051559  0.295247 -0.687709 -0.663239  1.311400 -0.463600 1 6 1.000000
CloneHead
0  1.743500 -3.671300 68.172874  0.267960 -0.853639 -0.446652  1.322500 -0.435400 1 6 1.000000
0  2.184500 -3.403202 68.167358  0.499847 -0.786657 -0.362386  1.302900 -0.452400 1 6 1.000000
0  1.774899 -3.735002 68.277084  0.356281 -0.699044 -0.620002  1.323300 -0.425300 1 6 1.000000
CloneHead
0  1.743500 -3.671300 68.172874  0.267960 -0.853639 -0.446652  1.322500 -0.435400 1 6 1.000000
0  1.774899 -3.735002 68.277084  0.356281 -0.699044 -0.620002  1.323300 -0.425300 1 6 1.000000
0  1.390999 -3.706501 68.180878  0.159289 -0.770842 -0.616790  1.334900 -0.440400 1 6 1.000000
CloneHead
0  1.390999 -3.706501 68.180878  0.159289 -0.770842 -0.616790  1.334900 -0.440400 1 6 1.000000
0  1.774899 -3.735002 68.277084  0.356281 -0.699044 -0.620002  1.323300 -0.425300 1 6 1.000000
0  1.323799 -3.857602 68.255478  0.192768 -0.512025 -0.837061  1.343500 -0.427300 1 6 1.000000
CloneHead
0  1.323799 -3.857602 68.255478  0.192768 -0.512025 -0.837061  1.343500 -0.427300 1 6 1.000000
0  1.038601 -3.742002 68.115875  0.262750 -0.787984 -0.556816  1.347200 -0.445400 1 6 1.000000
0  1.390999 -3.706501 68.180878  0.159289 -0.770842 -0.616790  1.334900 -0.440400 1 6 1.000000
CloneHead
0  0.990700 -3.864699 68.179672  0.296011 -0.440189 -0.847709  1.356000 -0.435100 1 6 1.000000
0  1.038601 -3.742002 68.115875  0.262750 -0.787984 -0.556816  1.347200 -0.445400 1 6 1.000000
0  1.323799 -3.857602 68.255478  0.192768 -0.512025 -0.837061  1.343500 -0.427300 1 6 1.000000
CloneHead
0  1.383301 -4.358902 68.581276  0.439952 -0.794546 -0.418495  1.356900 -0.385900 1 6 1.000000
0  0.990700 -3.864699 68.179672  0.296011 -0.440189 -0.847709  1.356000 -0.435100 1 6 1.000000
0  1.323799 -3.857602 68.255478  0.192768 -0.512025 -0.837061  1.343500 -0.427300 1 6 1.000000
CloneHead
0  1.323799 -3.857602 68.255478  0.192768 -0.512025 -0.837061  1.343500 -0.427300 1 6 1.000000
0  1.774899 -3.735002 68.277084  0.356281 -0.699044 -0.620002  1.323300 -0.425300 1 6 1.000000
0  1.383301 -4.358902 68.581276  0.439952 -0.794546 -0.418495  1.356900 -0.385900 1 6 1.000000
CloneHead
0  1.383301 -4.358902 68.581276  0.439952 -0.794546 -0.418495  1.356900 -0.385900 1 6 1.000000
0  1.774899 -3.735002 68.277084  0.356281 -0.699044 -0.620002  1.323300 -0.425300 1 6 1.000000
0  2.014801 -4.020799 68.845848  0.623453 -0.757280 -0.194509  1.326100 -0.373800 1 6 1.000000
CloneHead
0  2.318197 -3.146000 67.730675  0.170534 -0.984794 0.033144  1.305000 -0.499200 1 6 1.000000
0  2.071198 -3.396400 67.588562  0.218815 -0.530642 0.818864  1.313700 -0.513600 1 6 1.000000
0  2.395401 -3.084600 67.708679  0.609276 -0.792803 -0.015665  1.294500 -0.500600 1 6 1.000000
CloneHead
0  1.115398 -3.699699 68.031876  0.395736 -0.669234 -0.628904  1.334300 -0.465600 1 6 1.000000
0  1.390999 -3.706501 68.180878  0.159289 -0.770842 -0.616790  1.334900 -0.440400 1 6 1.000000
0  1.038601 -3.742002 68.115875  0.262750 -0.787984 -0.556816  1.347200 -0.445400 1 6 1.000000
CloneHead
0  1.413700 -3.669203 68.079178  0.099624 -0.620746 -0.777656  1.328000 -0.461200 1 6 1.000000
0  1.390999 -3.706501 68.180878  0.159289 -0.770842 -0.616790  1.334900 -0.440400 1 6 1.000000
0  1.115398 -3.699699 68.031876  0.395736 -0.669234 -0.628904  1.334300 -0.465600 1 6 1.000000
CloneHead
0  1.500401 -1.027297 67.959373  0.059709 -0.996594 -0.056880  1.315500 -0.492500 1 6 1.000000
0  1.413700 -3.669203 68.079178  0.099624 -0.620746 -0.777656  1.328000 -0.461200 1 6 1.000000
0  1.115398 -3.699699 68.031876  0.395736 -0.669234 -0.628904  1.334300 -0.465600 1 6 1.000000
CloneHead
0  1.413700 -3.669203 68.079178  0.099624 -0.620746 -0.777656  1.328000 -0.461200 1 6 1.000000
0  1.500401 -1.027297 67.959373  0.059709 -0.996594 -0.056880  1.315500 -0.492500 1 6 1.000000
0  1.711800 -3.638498 68.053787  0.137412 -0.615481 -0.776081  1.321600 -0.456700 1 6 1.000000
CloneHead
0  1.711800 -3.638498 68.053787  0.137412 -0.615481 -0.776081  1.321600 -0.456700 1 6 1.000000
0  1.500401 -1.027297 67.959373  0.059709 -0.996594 -0.056880  1.315500 -0.492500 1 6 1.000000
0  2.122900 -3.419702 68.051559  0.295247 -0.687709 -0.663239  1.311400 -0.463600 1 6 1.000000
CloneHead
0  2.122900 -3.419702 68.051559  0.295247 -0.687709 -0.663239  1.311400 -0.463600 1 6 1.000000
0  1.743500 -3.671300 68.172874  0.267960 -0.853639 -0.446652  1.322500 -0.435400 1 6 1.000000
0  1.711800 -3.638498 68.053787  0.137412 -0.615481 -0.776081  1.321600 -0.456700 1 6 1.000000
CloneHead
0  1.711800 -3.638498 68.053787  0.137412 -0.615481 -0.776081  1.321600 -0.456700 1 6 1.000000
0  1.743500 -3.671300 68.172874  0.267960 -0.853639 -0.446652  1.322500 -0.435400 1 6 1.000000
0  1.413700 -3.669203 68.079178  0.099624 -0.620746 -0.777656  1.328000 -0.461200 1 6 1.000000
CloneHead
0  1.413700 -3.669203 68.079178  0.099624 -0.620746 -0.777656  1.328000 -0.461200 1 6 1.000000
0  1.743500 -3.671300 68.172874  0.267960 -0.853639 -0.446652  1.322500 -0.435400 1 6 1.000000
0  1.390999 -3.706501 68.180878  0.159289 -0.770842 -0.616790  1.334900 -0.440400 1 6 1.000000
CloneHead
0  1.660400 -3.568301 65.593674  0.620390 -0.776603 -0.109564  1.337100 -0.667600 1 6 1.000000
0  2.198601 -3.427204 66.493073  0.635064 -0.766695 -0.094195  1.310000 -0.602900 1 6 1.000000
0  1.277401 -3.797402 66.252380  0.446390 -0.894704 0.015545  1.350000 -0.601900 1 6 1.000000
CloneHead
0  2.198601 -3.427204 66.493073  0.635064 -0.766695 -0.094195  1.310000 -0.602900 1 6 1.000000
0  1.522900 -3.644100 66.942474  0.312237 -0.949869 -0.016025  1.333700 -0.554100 1 6 1.000000
0  1.277401 -3.797402 66.252380  0.446390 -0.894704 0.015545  1.350000 -0.601900 1 6 1.000000
CloneHead
0  2.160098 -3.398503 67.030365  0.566647 -0.821952 -0.057501  1.305900 -0.562500 1 6 1.000000
0  1.522900 -3.644100 66.942474  0.312237 -0.949869 -0.016025  1.333700 -0.554100 1 6 1.000000
0  2.198601 -3.427204 66.493073  0.635064 -0.766695 -0.094195  1.310000 -0.602900 1 6 1.000000
CloneHead
0  2.774498 -2.816502 67.015076  0.877627 -0.461674 -0.128950  1.275600 -0.569000 1 6 1.000000
0  2.160098 -3.398503 67.030365  0.566647 -0.821952 -0.057501  1.305900 -0.562500 1 6 1.000000
0  2.198601 -3.427204 66.493073  0.635064 -0.766695 -0.094195  1.310000 -0.602900 1 6 1.000000
CloneHead
0  2.652199 -2.914098 67.418777  0.720613 -0.691190 0.054523  1.279800 -0.529700 1 6 1.000000
0  2.160098 -3.398503 67.030365  0.566647 -0.821952 -0.057501  1.305900 -0.562500 1 6 1.000000
0  2.774498 -2.816502 67.015076  0.877627 -0.461674 -0.128950  1.275600 -0.569000 1 6 1.000000
CloneHead
0  2.774498 -2.816502 67.015076  0.877627 -0.461674 -0.128950  1.275600 -0.569000 1 6 1.000000
0  2.841000 -2.687697 67.594780  0.893816 -0.448433 -0.000697  1.270000 -0.519900 1 6 1.000000
0  2.652199 -2.914098 67.418777  0.720613 -0.691190 0.054523  1.279800 -0.529700 1 6 1.000000
CloneHead
0  2.652199 -2.914098 67.418777  0.720613 -0.691190 0.054523  1.279800 -0.529700 1 6 1.000000
0  2.841000 -2.687697 67.594780  0.893816 -0.448433 -0.000697  1.270000 -0.519900 1 6 1.000000
0  2.513901 -3.036497 67.792580  0.620687 -0.762430 -0.182886  1.287600 -0.493900 1 6 1.000000
CloneHead
0  2.652199 -2.914098 67.418777  0.720613 -0.691190 0.054523  1.279800 -0.529700 1 6 1.000000
0  2.513901 -3.036497 67.792580  0.620687 -0.762430 -0.182886  1.287600 -0.493900 1 6 1.000000
0  2.395401 -3.084600 67.708679  0.609276 -0.792803 -0.015665  1.294500 -0.500600 1 6 1.000000
CloneHead
0  2.283098 -3.375503 68.220276  0.554701 -0.741628 -0.377220  1.301000 -0.446700 1 6 1.000000
0  2.395401 -3.084600 67.708679  0.609276 -0.792803 -0.015665  1.294500 -0.500600 1 6 1.000000
0  2.513901 -3.036497 67.792580  0.620687 -0.762430 -0.182886  1.287600 -0.493900 1 6 1.000000
CloneHead
0  2.184500 -3.403202 68.167358  0.499847 -0.786657 -0.362386  1.302900 -0.452400 1 6 1.000000
0  2.395401 -3.084600 67.708679  0.609276 -0.792803 -0.015665  1.294500 -0.500600 1 6 1.000000
0  2.283098 -3.375503 68.220276  0.554701 -0.741628 -0.377220  1.301000 -0.446700 1 6 1.000000
CloneHead
0  1.774899 -3.735002 68.277084  0.356281 -0.699044 -0.620002  1.323300 -0.425300 1 6 1.000000
0  2.184500 -3.403202 68.167358  0.499847 -0.786657 -0.362386  1.302900 -0.452400 1 6 1.000000
0  2.283098 -3.375503 68.220276  0.554701 -0.741628 -0.377220  1.301000 -0.446700 1 6 1.000000
CloneHead
0  1.774899 -3.735002 68.277084  0.356281 -0.699044 -0.620002  1.323300 -0.425300 1 6 1.000000
0  2.283098 -3.375503 68.220276  0.554701 -0.741628 -0.377220  1.301000 -0.446700 1 6 1.000000
0  2.014801 -4.020799 68.845848  0.623453 -0.757280 -0.194509  1.326100 -0.373800 1 6 1.000000
CloneHead
0  2.014801 -4.020799 68.845848  0.623453 -0.757280 -0.194509  1.326100 -0.373800 1 6 1.000000
0  2.283098 -3.375503 68.220276  0.554701 -0.741628 -0.377220  1.301000 -0.446700 1 6 1.000000
0  2.595298 -3.229502 68.546379  0.828557 -0.553441 -0.084831  1.287100 -0.416300 1 6 1.000000
CloneHead
0  2.513901 -3.036497 67.792580  0.620687 -0.762430 -0.182886  1.287600 -0.493900 1 6 1.000000
0  2.595298 -3.229502 68.546379  0.828557 -0.553441 -0.084831  1.287100 -0.416300 1 6 1.000000
0  2.283098 -3.375503 68.220276  0.554701 -0.741628 -0.377220  1.301000 -0.446700 1 6 1.000000
CloneHead
0  2.794101 -2.800601 68.049278  0.889985 -0.453590 -0.046724  1.275100 -0.476200 1 6 1.000000
0  2.595298 -3.229502 68.546379  0.828557 -0.553441 -0.084831  1.287100 -0.416300 1 6 1.000000
0  2.513901 -3.036497 67.792580  0.620687 -0.762430 -0.182886  1.287600 -0.493900 1 6 1.000000
CloneHead
0  2.513901 -3.036497 67.792580  0.620687 -0.762430 -0.182886  1.287600 -0.493900 1 6 1.000000
0  2.841000 -2.687697 67.594780  0.893816 -0.448433 -0.000697  1.270000 -0.519900 1 6 1.000000
0  2.794101 -2.800601 68.049278  0.889985 -0.453590 -0.046724  1.275100 -0.476200 1 6 1.000000
CloneHead
0  2.936501 -2.321498 67.534081  0.984133 -0.171453 -0.045682  1.256100 -0.534600 1 6 1.000000
0  2.794101 -2.800601 68.049278  0.889985 -0.453590 -0.046724  1.275100 -0.476200 1 6 1.000000
0  2.841000 -2.687697 67.594780  0.893816 -0.448433 -0.000697  1.270000 -0.519900 1 6 1.000000
CloneHead
0  2.936501 -2.321498 67.534081  0.984133 -0.171453 -0.045682  1.256100 -0.534600 1 6 1.000000
0  2.841000 -2.687697 67.594780  0.893816 -0.448433 -0.000697  1.270000 -0.519900 1 6 1.000000
0  2.774498 -2.816502 67.015076  0.877627 -0.461674 -0.128950  1.275600 -0.569000 1 6 1.000000
CloneHead
0  2.774498 -2.816502 67.015076  0.877627 -0.461674 -0.128950  1.275600 -0.569000 1 6 1.000000
0  2.708400 -2.416698 66.379181  0.924389 -0.259554 -0.279531  1.271700 -0.638500 1 6 1.000000
0  2.936501 -2.321498 67.534081  0.984133 -0.171453 -0.045682  1.256100 -0.534600 1 6 1.000000
CloneHead
0  2.774498 -2.816502 67.015076  0.877627 -0.461674 -0.128950  1.275600 -0.569000 1 6 1.000000
0  2.198601 -3.427204 66.493073  0.635064 -0.766695 -0.094195  1.310000 -0.602900 1 6 1.000000
0  2.708400 -2.416698 66.379181  0.924389 -0.259554 -0.279531  1.271700 -0.638500 1 6 1.000000
CloneHead
0  2.708400 -2.416698 66.379181  0.924389 -0.259554 -0.279531  1.271700 -0.638500 1 6 1.000000
0  2.198601 -3.427204 66.493073  0.635064 -0.766695 -0.094195  1.310000 -0.602900 1 6 1.000000
0  2.167399 -3.194702 65.849670  0.782800 -0.544569 -0.301113  1.310400 -0.662700 1 6 1.000000
CloneHead
0  2.167399 -3.194702 65.849670  0.782800 -0.544569 -0.301113  1.310400 -0.662700 1 6 1.000000
0  2.198601 -3.427204 66.493073  0.635064 -0.766695 -0.094195  1.310000 -0.602900 1 6 1.000000
0  1.660400 -3.568301 65.593674  0.620390 -0.776603 -0.109564  1.337100 -0.667600 1 6 1.000000
CloneHead
0  2.167399 -3.194702 65.849670  0.782800 -0.544569 -0.301113  1.310400 -0.662700 1 6 1.000000
0  1.660400 -3.568301 65.593674  0.620390 -0.776603 -0.109564  1.337100 -0.667600 1 6 1.000000
0  2.044200 -2.877201 65.070938  0.887261 -0.407799 -0.215563  1.314800 -0.738400 1 6 1.000000
CloneHead
0  2.044200 -2.877201 65.070938  0.887261 -0.407799 -0.215563  1.314800 -0.738400 1 6 1.000000
0  1.660400 -3.568301 65.593674  0.620390 -0.776603 -0.109564  1.337100 -0.667600 1 6 1.000000
0  1.823299 -3.324006 64.901375  0.836938 -0.532082 -0.128159  1.331300 -0.732300 1 6 1.000000
CloneHead
0  1.823299 -3.324006 64.901375  0.836938 -0.532082 -0.128159  1.331300 -0.732300 1 6 1.000000
0  1.945900 -2.787301 64.467773  0.897538 -0.347965 -0.270826  1.319100 -0.793900 1 6 1.000000
0  2.044200 -2.877201 65.070938  0.887261 -0.407799 -0.215563  1.314800 -0.738400 1 6 1.000000
CloneHead
0  1.696899 -3.325602 64.553177  0.835164 -0.523532 -0.168570  1.339800 -0.758700 1 6 1.000000
0  1.945900 -2.787301 64.467773  0.897538 -0.347965 -0.270826  1.319100 -0.793900 1 6 1.000000
0  1.823299 -3.324006 64.901375  0.836938 -0.532082 -0.128159  1.331300 -0.732300 1 6 1.000000
CloneHead
0  1.591599 -3.477806 64.169876  0.858786 -0.482361 -0.172669  1.349600 -0.789100 1 6 1.000000
0  1.945900 -2.787301 64.467773  0.897538 -0.347965 -0.270826  1.319100 -0.793900 1 6 1.000000
0  1.696899 -3.325602 64.553177  0.835164 -0.523532 -0.168570  1.339800 -0.758700 1 6 1.000000
CloneHead
0  2.044200 -2.877201 65.070938  0.887261 -0.407799 -0.215563  1.314800 -0.738400 1 6 1.000000
0  2.507698 -2.070199 65.560074  0.922375 -0.280796 -0.265289  1.272600 -0.724000 1 6 1.000000
0  2.167399 -3.194702 65.849670  0.782800 -0.544569 -0.301113  1.310400 -0.662700 1 6 1.000000
CloneHead
0  2.167399 -3.194702 65.849670  0.782800 -0.544569 -0.301113  1.310400 -0.662700 1 6 1.000000
0  2.507698 -2.070199 65.560074  0.922375 -0.280796 -0.265289  1.272600 -0.724000 1 6 1.000000
0  2.708400 -2.416698 66.379181  0.924389 -0.259554 -0.279531  1.271700 -0.638500 1 6 1.000000
CloneHead
0  2.507698 -2.070199 65.560074  0.922375 -0.280796 -0.265289  1.272600 -0.724000 1 6 1.000000
0  2.846699 -1.248098 66.414078  0.981552 -0.114148 -0.153380  1.231000 -0.665500 1 6 1.000000
0  2.708400 -2.416698 66.379181  0.924389 -0.259554 -0.279531  1.271700 -0.638500 1 6 1.000000
CloneHead
0  2.708400 -2.416698 66.379181  0.924389 -0.259554 -0.279531  1.271700 -0.638500 1 6 1.000000
0  2.846699 -1.248098 66.414078  0.981552 -0.114148 -0.153380  1.231000 -0.665500 1 6 1.000000
0  3.013802 -1.645197 67.386078  0.994157 -0.067563 -0.084180  1.235800 -0.563900 1 6 1.000000
CloneHead
0  2.936501 -2.321498 67.534081  0.984133 -0.171453 -0.045682  1.256100 -0.534600 1 6 1.000000
0  2.708400 -2.416698 66.379181  0.924389 -0.259554 -0.279531  1.271700 -0.638500 1 6 1.000000
0  3.013802 -1.645197 67.386078  0.994157 -0.067563 -0.084180  1.235800 -0.563900 1 6 1.000000
CloneHead
0  1.945900 -2.787301 64.467773  0.897538 -0.347965 -0.270826  1.319100 -0.793900 1 6 1.000000
0  2.346498 -1.861102 64.761971  0.912588 -0.311989 -0.264285  1.278400 -0.802900 1 6 1.000000
0  2.044200 -2.877201 65.070938  0.887261 -0.407799 -0.215563  1.314800 -0.738400 1 6 1.000000
CloneHead
0  2.044200 -2.877201 65.070938  0.887261 -0.407799 -0.215563  1.314800 -0.738400 1 6 1.000000
0  2.346498 -1.861102 64.761971  0.912588 -0.311989 -0.264285  1.278400 -0.802900 1 6 1.000000
0  2.507698 -2.070199 65.560074  0.922375 -0.280796 -0.265289  1.272600 -0.724000 1 6 1.000000
CloneHead
0  2.346498 -1.861102 64.761971  0.912588 -0.311989 -0.264285  1.278400 -0.802900 1 6 1.000000
0  2.753397 -0.902098 65.127975  0.950864 -0.254720 -0.175998  1.234400 -0.794200 1 6 1.000000
0  2.507698 -2.070199 65.560074  0.922375 -0.280796 -0.265289  1.272600 -0.724000 1 6 1.000000
CloneHead
0  2.507698 -2.070199 65.560074  0.922375 -0.280796 -0.265289  1.272600 -0.724000 1 6 1.000000
0  2.753397 -0.902098 65.127975  0.950864 -0.254720 -0.175998  1.234400 -0.794200 1 6 1.000000
0  2.846699 -1.248098 66.414078  0.981552 -0.114148 -0.153380  1.231000 -0.665500 1 6 1.000000
CloneHead
0  2.753397 -0.902098 65.127975  0.950864 -0.254720 -0.175998  1.234400 -0.794200 1 6 1.000000
0  2.927700 -0.251996 65.994080  0.898297 -0.275936 -0.341939  1.199100 -0.730300 1 6 1.000000
0  2.846699 -1.248098 66.414078  0.981552 -0.114148 -0.153380  1.231000 -0.665500 1 6 1.000000
CloneHead
0  3.031199 -0.411294 67.724678  0.974981 -0.222286 -0.000481  1.187900 -0.536500 1 6 1.000000
0  2.846699 -1.248098 66.414078  0.981552 -0.114148 -0.153380  1.231000 -0.665500 1 6 1.000000
0  2.927700 -0.251996 65.994080  0.898297 -0.275936 -0.341939  1.199100 -0.730300 1 6 1.000000
CloneHead
0  3.013802 -1.645197 67.386078  0.994157 -0.067563 -0.084180  1.235800 -0.563900 1 6 1.000000
0  2.846699 -1.248098 66.414078  0.981552 -0.114148 -0.153380  1.231000 -0.665500 1 6 1.000000
0  3.031199 -0.411294 67.724678  0.974981 -0.222286 -0.000481  1.187900 -0.536500 1 6 1.000000
CloneHead
0  3.013802 -1.645197 67.386078  0.994157 -0.067563 -0.084180  1.235800 -0.563900 1 6 1.000000
0  3.031199 -0.411294 67.724678  0.974981 -0.222286 -0.000481  1.187900 -0.536500 1 6 1.000000
0  2.969501 -1.522597 68.522278  0.996273 -0.071765 0.047851  1.230000 -0.461300 1 6 1.000000
CloneHead
0  2.885399 -2.394401 68.356178  0.979796 -0.190661 0.060397  1.260800 -0.457300 1 6 1.000000
0  3.013802 -1.645197 67.386078  0.994157 -0.067563 -0.084180  1.235800 -0.563900 1 6 1.000000
0  2.969501 -1.522597 68.522278  0.996273 -0.071765 0.047851  1.230000 -0.461300 1 6 1.000000
CloneHead
0  2.936501 -2.321498 67.534081  0.984133 -0.171453 -0.045682  1.256100 -0.534600 1 6 1.000000
0  3.013802 -1.645197 67.386078  0.994157 -0.067563 -0.084180  1.235800 -0.563900 1 6 1.000000
0  2.885399 -2.394401 68.356178  0.979796 -0.190661 0.060397  1.260800 -0.457300 1 6 1.000000
CloneHead
0  2.885399 -2.394401 68.356178  0.979796 -0.190661 0.060397  1.260800 -0.457300 1 6 1.000000
0  2.794101 -2.800601 68.049278  0.889985 -0.453590 -0.046724  1.275100 -0.476200 1 6 1.000000
0  2.936501 -2.321498 67.534081  0.984133 -0.171453 -0.045682  1.256100 -0.534600 1 6 1.000000
CloneHead
0  2.885399 -2.394401 68.356178  0.979796 -0.190661 0.060397  1.260800 -0.457300 1 6 1.000000
0  2.669497 -3.005701 68.836876  0.914094 -0.386559 0.122491  1.280700 -0.400300 1 6 1.000000
0  2.794101 -2.800601 68.049278  0.889985 -0.453590 -0.046724  1.275100 -0.476200 1 6 1.000000
CloneHead
0  2.669497 -3.005701 68.836876  0.914094 -0.386559 0.122491  1.280700 -0.400300 1 6 1.000000
0  2.595298 -3.229502 68.546379  0.828557 -0.553441 -0.084831  1.287100 -0.416300 1 6 1.000000
0  2.794101 -2.800601 68.049278  0.889985 -0.453590 -0.046724  1.275100 -0.476200 1 6 1.000000
CloneHead
0  2.669497 -3.005701 68.836876  0.914094 -0.386559 0.122491  1.280700 -0.400300 1 6 1.000000
0  2.116698 -3.916800 69.265160  0.695826 -0.691764 0.193103  1.322800 -0.348800 1 6 1.000000
0  2.595298 -3.229502 68.546379  0.828557 -0.553441 -0.084831  1.287100 -0.416300 1 6 1.000000
CloneHead
0  2.116698 -3.916800 69.265160  0.695826 -0.691764 0.193103  1.322800 -0.348800 1 6 1.000000
0  2.014801 -4.020799 68.845848  0.623453 -0.757280 -0.194509  1.326100 -0.373800 1 6 1.000000
0  2.595298 -3.229502 68.546379  0.828557 -0.553441 -0.084831  1.287100 -0.416300 1 6 1.000000
CloneHead
0  1.451801 -4.332304 68.968376  0.392435 -0.913522 0.107108  1.356500 -0.358500 1 6 1.000000
0  2.014801 -4.020799 68.845848  0.623453 -0.757280 -0.194509  1.326100 -0.373800 1 6 1.000000
0  2.116698 -3.916800 69.265160  0.695826 -0.691764 0.193103  1.322800 -0.348800 1 6 1.000000
CloneHead
0  1.383301 -4.358902 68.581276  0.439952 -0.794546 -0.418495  1.356900 -0.385900 1 6 1.000000
0  2.014801 -4.020799 68.845848  0.623453 -0.757280 -0.194509  1.326100 -0.373800 1 6 1.000000
0  1.451801 -4.332304 68.968376  0.392435 -0.913522 0.107108  1.356500 -0.358500 1 6 1.000000
CloneHead
0  2.940001 -0.331197 65.391174  0.935131 0.340902 -0.096516  1.208000 -0.789000 1 6 1.000000
0  2.927700 -0.251996 65.994080  0.898297 -0.275936 -0.341939  1.199100 -0.730300 1 6 1.000000
0  2.753397 -0.902098 65.127975  0.950864 -0.254720 -0.175998  1.234400 -0.794200 1 6 1.000000
CloneHead
0  2.940001 -0.331197 65.391174  0.935131 0.340902 -0.096516  1.208000 -0.789000 1 6 1.000000
0  2.704498 -0.099195 65.968468  0.505444 0.593267 -0.626547  1.191700 -0.739700 1 6 1.000000
0  2.927700 -0.251996 65.994080  0.898297 -0.275936 -0.341939  1.199100 -0.730300 1 6 1.000000
CloneHead
0  2.969501 -1.522597 68.522278  0.996273 -0.071765 0.047851  1.230000 -0.461300 1 6 1.000000
0  3.031199 -0.411294 67.724678  0.974981 -0.222286 -0.000481  1.187900 -0.536500 1 6 1.000000
0  3.004299 -0.517395 68.530075  0.999248 -0.016314 0.035186  1.194600 -0.463500 1 6 1.000000
CloneHead
0  3.031199 -0.411294 67.724678  0.974981 -0.222286 -0.000481  1.187900 -0.536500 1 6 1.000000
0  3.020699 -0.131392 68.023079  0.835457 -0.292353 0.465340  1.186100 -0.535300 1 6 1.000000
0  3.004299 -0.517395 68.530075  0.999248 -0.016314 0.035186  1.194600 -0.463500 1 6 1.000000
CloneHead
0  3.004299 -0.517395 68.530075  0.999248 -0.016314 0.035186  1.194600 -0.463500 1 6 1.000000
0  3.020699 -0.131392 68.023079  0.835457 -0.292353 0.465340  1.186100 -0.535300 1 6 1.000000
0  3.024199 0.309209 68.234879  0.783796 0.083805 0.615338  1.172500 -0.522000 1 6 1.000000
CloneHead
0  2.969501 -1.522597 68.522278  0.996273 -0.071765 0.047851  1.230000 -0.461300 1 6 1.000000
0  2.880897 -1.802396 69.510376  0.959992 -0.148988 0.237105  1.244300 -0.367500 1 6 1.000000
0  2.885399 -2.394401 68.356178  0.979796 -0.190661 0.060397  1.260800 -0.457300 1 6 1.000000
CloneHead
0  2.969501 -1.522597 68.522278  0.996273 -0.071765 0.047851  1.230000 -0.461300 1 6 1.000000
0  2.967499 -0.663093 69.634880  0.970957 -0.028273 0.237578  1.203800 -0.363400 1 6 1.000000
0  2.880897 -1.802396 69.510376  0.959992 -0.148988 0.237105  1.244300 -0.367500 1 6 1.000000
CloneHead
0  3.004299 -0.517395 68.530075  0.999248 -0.016314 0.035186  1.194600 -0.463500 1 6 1.000000
0  2.967499 -0.663093 69.634880  0.970957 -0.028273 0.237578  1.203800 -0.363400 1 6 1.000000
0  2.969501 -1.522597 68.522278  0.996273 -0.071765 0.047851  1.230000 -0.461300 1 6 1.000000
CloneHead
0  2.967499 -0.663093 69.634880  0.970957 -0.028273 0.237578  1.203800 -0.363400 1 6 1.000000
0  3.004299 -0.517395 68.530075  0.999248 -0.016314 0.035186  1.194600 -0.463500 1 6 1.000000
0  2.946602 0.293109 69.557266  0.965202 0.137318 0.222550  1.171000 -0.383000 1 6 1.000000
CloneHead
0  2.946602 0.293109 69.557266  0.965202 0.137318 0.222550  1.171000 -0.383000 1 6 1.000000
0  3.004299 -0.517395 68.530075  0.999248 -0.016314 0.035186  1.194600 -0.463500 1 6 1.000000
0  3.024199 0.309209 68.234879  0.783796 0.083805 0.615338  1.172500 -0.522000 1 6 1.000000
CloneHead
0  2.946602 0.293109 69.557266  0.965202 0.137318 0.222550  1.171000 -0.383000 1 6 1.000000
0  3.024199 0.309209 68.234879  0.783796 0.083805 0.615338  1.172500 -0.522000 1 6 1.000000
0  2.808002 0.961510 69.382469  0.920346 0.337474 0.197671  1.146100 -0.408100 1 6 1.000000
CloneHead
0  2.808002 0.961510 69.382469  0.920346 0.337474 0.197671  1.146100 -0.408100 1 6 1.000000
0  3.024199 0.309209 68.234879  0.783796 0.083805 0.615338  1.172500 -0.522000 1 6 1.000000
0  2.733298 1.442111 68.583366  0.887627 0.460559 -0.002188  1.130300 -0.489500 1 6 1.000000
CloneHead
0  3.024199 0.309209 68.234879  0.783796 0.083805 0.615338  1.172500 -0.522000 1 6 1.000000
0  2.528500 1.498910 67.456673  0.821064 0.529751 -0.212645  1.125100 -0.603800 1 6 1.000000
0  2.733298 1.442111 68.583366  0.887627 0.460559 -0.002188  1.130300 -0.489500 1 6 1.000000
CloneHead
0  2.857700 0.334107 67.059273  -0.037186 0.979027 -0.200310  1.176200 -0.628900 1 6 1.000000
0  2.528500 1.498910 67.456673  0.821064 0.529751 -0.212645  1.125100 -0.603800 1 6 1.000000
0  3.024199 0.309209 68.234879  0.783796 0.083805 0.615338  1.172500 -0.522000 1 6 1.000000
CloneHead
0  2.857700 0.334107 67.059273  -0.037186 0.979027 -0.200310  1.176200 -0.628900 1 6 1.000000
0  2.285598 1.200008 66.137772  0.785324 0.565043 -0.252966  1.134000 -0.746900 1 6 1.000000
0  2.528500 1.498910 67.456673  0.821064 0.529751 -0.212645  1.125100 -0.603800 1 6 1.000000
CloneHead
0  2.704498 -0.099195 65.968468  0.505444 0.593267 -0.626547  1.191700 -0.739700 1 6 1.000000
0  2.285598 1.200008 66.137772  0.785324 0.565043 -0.252966  1.134000 -0.746900 1 6 1.000000
0  2.857700 0.334107 67.059273  -0.037186 0.979027 -0.200310  1.176200 -0.628900 1 6 1.000000
CloneHead
0  2.285598 1.200008 66.137772  0.785324 0.565043 -0.252966  1.134000 -0.746900 1 6 1.000000
0  2.704498 -0.099195 65.968468  0.505444 0.593267 -0.626547  1.191700 -0.739700 1 6 1.000000
0  2.614501 -0.172696 65.359367  0.768918 0.629460 -0.112007  1.198400 -0.799500 1 6 1.000000
CloneHead
0  2.614501 -0.172696 65.359367  0.768918 0.629460 -0.112007  1.198400 -0.799500 1 6 1.000000
0  2.704498 -0.099195 65.968468  0.505444 0.593267 -0.626547  1.191700 -0.739700 1 6 1.000000
0  2.940001 -0.331197 65.391174  0.935131 0.340902 -0.096516  1.208000 -0.789000 1 6 1.000000
CloneHead
0  2.767501 -0.349099 64.524467  0.926633 0.248378 -0.282240  1.219100 -0.870600 1 6 1.000000
0  2.614501 -0.172696 65.359367  0.768918 0.629460 -0.112007  1.198400 -0.799500 1 6 1.000000
0  2.940001 -0.331197 65.391174  0.935131 0.340902 -0.096516  1.208000 -0.789000 1 6 1.000000
CloneHead
0  2.753397 -0.902098 65.127975  0.950864 -0.254720 -0.175998  1.234400 -0.794200 1 6 1.000000
0  2.767501 -0.349099 64.524467  0.926633 0.248378 -0.282240  1.219100 -0.870600 1 6 1.000000
0  2.940001 -0.331197 65.391174  0.935131 0.340902 -0.096516  1.208000 -0.789000 1 6 1.000000
CloneHead
0  2.515701 -0.977300 64.338371  0.772023 -0.183501 -0.608529  1.251200 -0.873100 1 6 1.000000
0  2.767501 -0.349099 64.524467  0.926633 0.248378 -0.282240  1.219100 -0.870600 1 6 1.000000
0  2.753397 -0.902098 65.127975  0.950864 -0.254720 -0.175998  1.234400 -0.794200 1 6 1.000000
CloneHead
0  2.346498 -1.861102 64.761971  0.912588 -0.311989 -0.264285  1.278400 -0.802900 1 6 1.000000
0  2.515701 -0.977300 64.338371  0.772023 -0.183501 -0.608529  1.251200 -0.873100 1 6 1.000000
0  2.753397 -0.902098 65.127975  0.950864 -0.254720 -0.175998  1.234400 -0.794200 1 6 1.000000
CloneHead
0  2.121601 -1.875402 64.052467  0.703660 -0.116452 -0.700929  1.296300 -0.875100 1 6 1.000000
0  2.515701 -0.977300 64.338371  0.772023 -0.183501 -0.608529  1.251200 -0.873100 1 6 1.000000
0  2.346498 -1.861102 64.761971  0.912588 -0.311989 -0.264285  1.278400 -0.802900 1 6 1.000000
CloneHead
0  2.329798 1.281811 70.383469  0.706192 0.496122 0.505129  1.128500 -0.314500 1 6 1.000000
0  2.946602 0.293109 69.557266  0.965202 0.137318 0.222550  1.171000 -0.383000 1 6 1.000000
0  2.808002 0.961510 69.382469  0.920346 0.337474 0.197671  1.146100 -0.408100 1 6 1.000000
CloneHead
0  2.329798 1.281811 70.383469  0.706192 0.496122 0.505129  1.128500 -0.314500 1 6 1.000000
0  2.808002 0.961510 69.382469  0.920346 0.337474 0.197671  1.146100 -0.408100 1 6 1.000000
0  2.193197 2.117412 69.146858  0.649672 0.740938 0.170110  1.100000 -0.441300 1 6 1.000000
CloneHead
0  2.193197 2.117412 69.146858  0.649672 0.740938 0.170110  1.100000 -0.441300 1 6 1.000000
0  2.808002 0.961510 69.382469  0.920346 0.337474 0.197671  1.146100 -0.408100 1 6 1.000000
0  2.733298 1.442111 68.583366  0.887627 0.460559 -0.002188  1.130300 -0.489500 1 6 1.000000
CloneHead
0  2.733298 1.442111 68.583366  0.887627 0.460559 -0.002188  1.130300 -0.489500 1 6 1.000000
0  1.945999 2.218811 67.797096  0.586508 0.790792 -0.175092  1.091600 -0.579100 1 6 1.000000
0  2.193197 2.117412 69.146858  0.649672 0.740938 0.170110  1.100000 -0.441300 1 6 1.000000
CloneHead
0  2.528500 1.498910 67.456673  0.821064 0.529751 -0.212645  1.125100 -0.603800 1 6 1.000000
0  1.945999 2.218811 67.797096  0.586508 0.790792 -0.175092  1.091600 -0.579100 1 6 1.000000
0  2.733298 1.442111 68.583366  0.887627 0.460559 -0.002188  1.130300 -0.489500 1 6 1.000000
CloneHead
0  2.528500 1.498910 67.456673  0.821064 0.529751 -0.212645  1.125100 -0.603800 1 6 1.000000
0  1.277100 2.117111 66.328171  0.455213 0.836338 -0.305485  1.076600 -0.736600 1 6 1.000000
0  1.945999 2.218811 67.797096  0.586508 0.790792 -0.175092  1.091600 -0.579100 1 6 1.000000
CloneHead
0  2.285598 1.200008 66.137772  0.785324 0.565043 -0.252966  1.134000 -0.746900 1 6 1.000000
0  1.277100 2.117111 66.328171  0.455213 0.836338 -0.305485  1.076600 -0.736600 1 6 1.000000
0  2.528500 1.498910 67.456673  0.821064 0.529751 -0.212645  1.125100 -0.603800 1 6 1.000000
CloneHead
0  1.277100 2.117111 66.328171  0.455213 0.836338 -0.305485  1.076600 -0.736600 1 6 1.000000
0  2.285598 1.200008 66.137772  0.785324 0.565043 -0.252966  1.134000 -0.746900 1 6 1.000000
0  1.344398 1.572408 65.064667  0.485104 0.829609 -0.276447  1.099500 -0.880200 1 6 1.000000
CloneHead
0  1.344398 1.572408 65.064667  0.485104 0.829609 -0.276447  1.099500 -0.880200 1 6 1.000000
0  2.285598 1.200008 66.137772  0.785324 0.565043 -0.252966  1.134000 -0.746900 1 6 1.000000
0  2.361799 0.605805 64.761871  0.838336 0.529581 -0.129371  1.164800 -0.896300 1 6 1.000000
CloneHead
0  2.361799 0.605805 64.761871  0.838336 0.529581 -0.129371  1.164800 -0.896300 1 6 1.000000
0  1.500401 1.239705 64.145973  0.558630 0.804105 -0.203340  1.116800 -0.993700 1 6 1.000000
0  1.344398 1.572408 65.064667  0.485104 0.829609 -0.276447  1.099500 -0.880200 1 6 1.000000
CloneHead
0  2.363842 0.379703 63.858070  0.874432 0.431298 -0.222152  1.177800 -0.993700 1 6 1.000000
0  1.500401 1.239705 64.145973  0.558630 0.804105 -0.203340  1.116800 -0.993700 1 6 1.000000
0  2.361799 0.605805 64.761871  0.838336 0.529581 -0.129371  1.164800 -0.896300 1 6 1.000000
CloneHead
0  2.361799 0.605805 64.761871  0.838336 0.529581 -0.129371  1.164800 -0.896300 1 6 1.000000
0  2.648102 -0.251798 64.329071  0.936141 0.098005 -0.337691  1.213700 -0.902700 1 6 1.000000
0  2.363842 0.379703 63.858070  0.874432 0.431298 -0.222152  1.177800 -0.993700 1 6 1.000000
CloneHead
0  2.363842 0.379703 63.858070  0.874432 0.431298 -0.222152  1.177800 -0.993700 1 6 1.000000
0  2.648102 -0.251798 64.329071  0.936141 0.098005 -0.337691  1.213700 -0.902700 1 6 1.000000
0  2.348099 -0.330398 63.612366  0.844573 -0.357661 -0.398464  1.219900 -0.993700 1 6 1.000000
CloneHead
0  2.648102 -0.251798 64.329071  0.936141 0.098005 -0.337691  1.213700 -0.902700 1 6 1.000000
0  2.129298 -0.941901 64.142273  0.629548 -0.265961 -0.730023  1.256300 -0.914600 1 6 1.000000
0  2.348099 -0.330398 63.612366  0.844573 -0.357661 -0.398464  1.219900 -0.993700 1 6 1.000000
CloneHead
0  2.348099 -0.330398 63.612366  0.844573 -0.357661 -0.398464  1.219900 -0.993700 1 6 1.000000
0  2.129298 -0.941901 64.142273  0.629548 -0.265961 -0.730023  1.256300 -0.914600 1 6 1.000000
0  1.566299 -0.969001 63.385372  0.737726 -0.437561 -0.514102  1.278700 -0.993700 1 6 1.000000
CloneHead
0  1.269299 -2.150703 63.752373  0.494014 -0.123220 -0.860678  1.339300 -0.932300 1 6 1.000000
0  1.566299 -0.969001 63.385372  0.737726 -0.437561 -0.514102  1.278700 -0.993700 1 6 1.000000
0  2.129298 -0.941901 64.142273  0.629548 -0.265961 -0.730023  1.256300 -0.914600 1 6 1.000000
CloneHead
0  0.925598 -1.938202 63.045959  0.630967 -0.606871 -0.483310  1.351400 -0.993700 1 6 1.000000
0  1.566299 -0.969001 63.385372  0.737726 -0.437561 -0.514102  1.278700 -0.993700 1 6 1.000000
0  1.269299 -2.150703 63.752373  0.494014 -0.123220 -0.860678  1.339300 -0.932300 1 6 1.000000
CloneHead
0  -0.004902 -2.815305 63.482777  -0.000291 -0.176920 -0.984225  1.421700 -0.946800 1 6 1.000000
0  0.925598 -1.938202 63.045959  0.630967 -0.606871 -0.483310  1.351400 -0.993700 1 6 1.000000
0  1.269299 -2.150703 63.752373  0.494014 -0.123220 -0.860678  1.339300 -0.932300 1 6 1.000000
CloneHead
0  -0.007500 -4.283607 63.368279  -0.001262 -0.689624 -0.724167  1.421700 -0.851200 1 6 1.000000
0  -0.007099 -4.044806 63.215176  -0.000458 -0.260345 -0.965515  1.421700 -0.869900 1 6 1.000000
0  0.368198 -4.242411 63.349182  0.074406 -0.661908 -0.745883  1.410800 -0.842800 1 6 1.000000
CloneHead
0  0.368198 -4.242411 63.349182  0.074406 -0.661908 -0.745883  1.410800 -0.842800 1 6 1.000000
0  -0.007099 -4.044806 63.215176  -0.000458 -0.260345 -0.965515  1.421700 -0.869900 1 6 1.000000
0  0.383099 -4.025109 63.211479  0.071457 -0.240996 -0.967892  1.409000 -0.855800 1 6 1.000000
CloneHead
0  0.383099 -4.025109 63.211479  0.071457 -0.240996 -0.967892  1.409000 -0.855800 1 6 1.000000
0  0.727798 -4.007908 63.256657  0.250251 -0.255090 -0.933972  1.397700 -0.843300 1 6 1.000000
0  0.368198 -4.242411 63.349182  0.074406 -0.661908 -0.745883  1.410800 -0.842800 1 6 1.000000
CloneHead
0  0.402802 -3.757109 63.233582  0.042254 0.128967 -0.990748  1.406700 -0.873800 1 6 1.000000
0  0.727798 -4.007908 63.256657  0.250251 -0.255090 -0.933972  1.397700 -0.843300 1 6 1.000000
0  0.383099 -4.025109 63.211479  0.071457 -0.240996 -0.967892  1.409000 -0.855800 1 6 1.000000
CloneHead
0  0.820000 -3.751904 63.257359  0.284086 0.007121 -0.958772  1.391100 -0.855500 1 6 1.000000
0  0.727798 -4.007908 63.256657  0.250251 -0.255090 -0.933972  1.397700 -0.843300 1 6 1.000000
0  0.402802 -3.757109 63.233582  0.042254 0.128967 -0.990748  1.406700 -0.873800 1 6 1.000000
CloneHead
0  0.402802 -3.757109 63.233582  0.042254 0.128967 -0.990748  1.406700 -0.873800 1 6 1.000000
0  0.473000 -3.388307 63.314186  0.032563 0.255167 -0.966348  1.401300 -0.895500 1 6 1.000000
0  0.820000 -3.751904 63.257359  0.284086 0.007121 -0.958772  1.391100 -0.855500 1 6 1.000000
CloneHead
0  0.820000 -3.751904 63.257359  0.284086 0.007121 -0.958772  1.391100 -0.855500 1 6 1.000000
0  0.473000 -3.388307 63.314186  0.032563 0.255167 -0.966348  1.401300 -0.895500 1 6 1.000000
0  0.945801 -3.402902 63.324257  0.254505 0.156602 -0.954308  1.382100 -0.872100 1 6 1.000000
CloneHead
0  0.473000 -3.388307 63.314186  0.032563 0.255167 -0.966348  1.401300 -0.895500 1 6 1.000000
0  0.491199 -3.091104 63.411888  0.033761 0.310426 -0.949998  1.397500 -0.910900 1 6 1.000000
0  0.945801 -3.402902 63.324257  0.254505 0.156602 -0.954308  1.382100 -0.872100 1 6 1.000000
CloneHead
0  0.945801 -3.402902 63.324257  0.254505 0.156602 -0.954308  1.382100 -0.872100 1 6 1.000000
0  0.491199 -3.091104 63.411888  0.033761 0.310426 -0.949998  1.397500 -0.910900 1 6 1.000000
0  1.095402 -2.824203 63.522263  0.184419 0.258388 -0.948275  1.362300 -0.899900 1 6 1.000000
CloneHead
0  -0.004902 -2.815305 63.482777  -0.000291 -0.176920 -0.984225  1.421700 -0.946800 1 6 1.000000
0  1.095402 -2.824203 63.522263  0.184419 0.258388 -0.948275  1.362300 -0.899900 1 6 1.000000
0  0.491199 -3.091104 63.411888  0.033761 0.310426 -0.949998  1.397500 -0.910900 1 6 1.000000
CloneHead
0  1.269299 -2.150703 63.752373  0.494014 -0.123220 -0.860678  1.339300 -0.932300 1 6 1.000000
0  1.095402 -2.824203 63.522263  0.184419 0.258388 -0.948275  1.362300 -0.899900 1 6 1.000000
0  -0.004902 -2.815305 63.482777  -0.000291 -0.176920 -0.984225  1.421700 -0.946800 1 6 1.000000
CloneHead
0  1.269299 -2.150703 63.752373  0.494014 -0.123220 -0.860678  1.339300 -0.932300 1 6 1.000000
0  1.542000 -2.952605 63.639076  0.655121 -0.063373 -0.752861  1.346500 -0.858900 1 6 1.000000
0  1.095402 -2.824203 63.522263  0.184419 0.258388 -0.948275  1.362300 -0.899900 1 6 1.000000
CloneHead
0  2.121601 -1.875402 64.052467  0.703660 -0.116452 -0.700929  1.296300 -0.875100 1 6 1.000000
0  1.542000 -2.952605 63.639076  0.655121 -0.063373 -0.752861  1.346500 -0.858900 1 6 1.000000
0  1.269299 -2.150703 63.752373  0.494014 -0.123220 -0.860678  1.339300 -0.932300 1 6 1.000000
CloneHead
0  2.129298 -0.941901 64.142273  0.629548 -0.265961 -0.730023  1.256300 -0.914600 1 6 1.000000
0  2.121601 -1.875402 64.052467  0.703660 -0.116452 -0.700929  1.296300 -0.875100 1 6 1.000000
0  1.269299 -2.150703 63.752373  0.494014 -0.123220 -0.860678  1.339300 -0.932300 1 6 1.000000
CloneHead
0  2.515701 -0.977300 64.338371  0.772023 -0.183501 -0.608529  1.251200 -0.873100 1 6 1.000000
0  2.121601 -1.875402 64.052467  0.703660 -0.116452 -0.700929  1.296300 -0.875100 1 6 1.000000
0  2.129298 -0.941901 64.142273  0.629548 -0.265961 -0.730023  1.256300 -0.914600 1 6 1.000000
CloneHead
0  2.129298 -0.941901 64.142273  0.629548 -0.265961 -0.730023  1.256300 -0.914600 1 6 1.000000
0  2.648102 -0.251798 64.329071  0.936141 0.098005 -0.337691  1.213700 -0.902700 1 6 1.000000
0  2.515701 -0.977300 64.338371  0.772023 -0.183501 -0.608529  1.251200 -0.873100 1 6 1.000000
CloneHead
0  2.515701 -0.977300 64.338371  0.772023 -0.183501 -0.608529  1.251200 -0.873100 1 6 1.000000
0  2.648102 -0.251798 64.329071  0.936141 0.098005 -0.337691  1.213700 -0.902700 1 6 1.000000
0  2.767501 -0.349099 64.524467  0.926633 0.248378 -0.282240  1.219100 -0.870600 1 6 1.000000
CloneHead
0  2.648102 -0.251798 64.329071  0.936141 0.098005 -0.337691  1.213700 -0.902700 1 6 1.000000
0  2.614501 -0.172696 65.359367  0.768918 0.629460 -0.112007  1.198400 -0.799500 1 6 1.000000
0  2.767501 -0.349099 64.524467  0.926633 0.248378 -0.282240  1.219100 -0.870600 1 6 1.000000
CloneHead
0  2.648102 -0.251798 64.329071  0.936141 0.098005 -0.337691  1.213700 -0.902700 1 6 1.000000
0  2.361799 0.605805 64.761871  0.838336 0.529581 -0.129371  1.164800 -0.896300 1 6 1.000000
0  2.614501 -0.172696 65.359367  0.768918 0.629460 -0.112007  1.198400 -0.799500 1 6 1.000000
CloneHead
0  2.614501 -0.172696 65.359367  0.768918 0.629460 -0.112007  1.198400 -0.799500 1 6 1.000000
0  2.361799 0.605805 64.761871  0.838336 0.529581 -0.129371  1.164800 -0.896300 1 6 1.000000
0  2.285598 1.200008 66.137772  0.785324 0.565043 -0.252966  1.134000 -0.746900 1 6 1.000000
CloneHead
0  0.368198 -4.242411 63.349182  0.074406 -0.661908 -0.745883  1.410800 -0.842800 1 6 1.000000
0  0.727798 -4.007908 63.256657  0.250251 -0.255090 -0.933972  1.397700 -0.843300 1 6 1.000000
0  0.822002 -4.179708 63.369164  0.484358 -0.596128 -0.640334  1.396100 -0.831600 1 6 1.000000
CloneHead
0  0.727798 -4.007908 63.256657  0.250251 -0.255090 -0.933972  1.397700 -0.843300 1 6 1.000000
0  1.052998 -3.860004 63.408661  0.673832 -0.327837 -0.662173  1.383400 -0.842900 1 6 1.000000
0  0.822002 -4.179708 63.369164  0.484358 -0.596128 -0.640334  1.396100 -0.831600 1 6 1.000000
CloneHead
0  0.820000 -3.751904 63.257359  0.284086 0.007121 -0.958772  1.391100 -0.855500 1 6 1.000000
0  1.052998 -3.860004 63.408661  0.673832 -0.327837 -0.662173  1.383400 -0.842900 1 6 1.000000
0  0.727798 -4.007908 63.256657  0.250251 -0.255090 -0.933972  1.397700 -0.843300 1 6 1.000000
CloneHead
0  0.820000 -3.751904 63.257359  0.284086 0.007121 -0.958772  1.391100 -0.855500 1 6 1.000000
0  0.945801 -3.402902 63.324257  0.254505 0.156602 -0.954308  1.382100 -0.872100 1 6 1.000000
0  1.052998 -3.860004 63.408661  0.673832 -0.327837 -0.662173  1.383400 -0.842900 1 6 1.000000
CloneHead
0  1.052998 -3.860004 63.408661  0.673832 -0.327837 -0.662173  1.383400 -0.842900 1 6 1.000000
0  0.945801 -3.402902 63.324257  0.254505 0.156602 -0.954308  1.382100 -0.872100 1 6 1.000000
0  1.283798 -3.464504 63.482777  0.675260 -0.147368 -0.722707  1.367300 -0.849900 1 6 1.000000
CloneHead
0  0.945801 -3.402902 63.324257  0.254505 0.156602 -0.954308  1.382100 -0.872100 1 6 1.000000
0  1.095402 -2.824203 63.522263  0.184419 0.258388 -0.948275  1.362300 -0.899900 1 6 1.000000
0  1.283798 -3.464504 63.482777  0.675260 -0.147368 -0.722707  1.367300 -0.849900 1 6 1.000000
CloneHead
0  1.283798 -3.464504 63.482777  0.675260 -0.147368 -0.722707  1.367300 -0.849900 1 6 1.000000
0  1.095402 -2.824203 63.522263  0.184419 0.258388 -0.948275  1.362300 -0.899900 1 6 1.000000
0  1.542000 -2.952605 63.639076  0.655121 -0.063373 -0.752861  1.346500 -0.858900 1 6 1.000000
CloneHead
0  1.945900 -2.787301 64.467773  0.897538 -0.347965 -0.270826  1.319100 -0.793900 1 6 1.000000
0  2.121601 -1.875402 64.052467  0.703660 -0.116452 -0.700929  1.296300 -0.875100 1 6 1.000000
0  2.346498 -1.861102 64.761971  0.912588 -0.311989 -0.264285  1.278400 -0.802900 1 6 1.000000
CloneHead
0  1.542000 -2.952605 63.639076  0.655121 -0.063373 -0.752861  1.346500 -0.858900 1 6 1.000000
0  2.121601 -1.875402 64.052467  0.703660 -0.116452 -0.700929  1.296300 -0.875100 1 6 1.000000
0  1.945900 -2.787301 64.467773  0.897538 -0.347965 -0.270826  1.319100 -0.793900 1 6 1.000000
CloneHead
0  1.542000 -2.952605 63.639076  0.655121 -0.063373 -0.752861  1.346500 -0.858900 1 6 1.000000
0  1.945900 -2.787301 64.467773  0.897538 -0.347965 -0.270826  1.319100 -0.793900 1 6 1.000000
0  1.591599 -3.477806 64.169876  0.858786 -0.482361 -0.172669  1.349600 -0.789100 1 6 1.000000
CloneHead
0  1.542000 -2.952605 63.639076  0.655121 -0.063373 -0.752861  1.346500 -0.858900 1 6 1.000000
0  1.591599 -3.477806 64.169876  0.858786 -0.482361 -0.172669  1.349600 -0.789100 1 6 1.000000
0  1.283798 -3.464504 63.482777  0.675260 -0.147368 -0.722707  1.367300 -0.849900 1 6 1.000000
CloneHead
0  1.283798 -3.464504 63.482777  0.675260 -0.147368 -0.722707  1.367300 -0.849900 1 6 1.000000
0  1.591599 -3.477806 64.169876  0.858786 -0.482361 -0.172669  1.349600 -0.789100 1 6 1.000000
0  1.352100 -3.827102 63.943977  0.793217 -0.595186 -0.128690  1.367600 -0.794000 1 6 1.000000
CloneHead
0  1.352100 -3.827102 63.943977  0.793217 -0.595186 -0.128690  1.367600 -0.794000 1 6 1.000000
0  1.052998 -3.860004 63.408661  0.673832 -0.327837 -0.662173  1.383400 -0.842900 1 6 1.000000
0  1.283798 -3.464504 63.482777  0.675260 -0.147368 -0.722707  1.367300 -0.849900 1 6 1.000000
CloneHead
0  0.950901 -4.199507 63.715561  0.671392 -0.733720 -0.104345  1.390200 -0.800100 1 6 1.000000
0  1.052998 -3.860004 63.408661  0.673832 -0.327837 -0.662173  1.383400 -0.842900 1 6 1.000000
0  1.352100 -3.827102 63.943977  0.793217 -0.595186 -0.128690  1.367600 -0.794000 1 6 1.000000
CloneHead
0  1.052998 -3.860004 63.408661  0.673832 -0.327837 -0.662173  1.383400 -0.842900 1 6 1.000000
0  0.950901 -4.199507 63.715561  0.671392 -0.733720 -0.104345  1.390200 -0.800100 1 6 1.000000
0  0.822002 -4.179708 63.369164  0.484358 -0.596128 -0.640334  1.396100 -0.831600 1 6 1.000000
CloneHead
0  0.822002 -4.179708 63.369164  0.484358 -0.596128 -0.640334  1.396100 -0.831600 1 6 1.000000
0  0.950901 -4.199507 63.715561  0.671392 -0.733720 -0.104345  1.390200 -0.800100 1 6 1.000000
0  0.680500 -4.351610 63.531963  0.339590 -0.868492 -0.361110  1.401500 -0.815500 1 6 1.000000
CloneHead
0  0.822002 -4.179708 63.369164  0.484358 -0.596128 -0.640334  1.396100 -0.831600 1 6 1.000000
0  0.680500 -4.351610 63.531963  0.339590 -0.868492 -0.361110  1.401500 -0.815500 1 6 1.000000
0  0.368198 -4.242411 63.349182  0.074406 -0.661908 -0.745883  1.410800 -0.842800 1 6 1.000000
CloneHead
0  0.368198 -4.242411 63.349182  0.074406 -0.661908 -0.745883  1.410800 -0.842800 1 6 1.000000
0  0.680500 -4.351610 63.531963  0.339590 -0.868492 -0.361110  1.401500 -0.815500 1 6 1.000000
0  0.349602 -4.460008 63.625683  0.135975 -0.944682 -0.298472  1.410000 -0.815100 1 6 1.000000
CloneHead
0  0.368198 -4.242411 63.349182  0.074406 -0.661908 -0.745883  1.410800 -0.842800 1 6 1.000000
0  0.349602 -4.460008 63.625683  0.135975 -0.944682 -0.298472  1.410000 -0.815100 1 6 1.000000
0  -0.007500 -4.283607 63.368279  -0.001262 -0.689624 -0.724167  1.421700 -0.851200 1 6 1.000000
CloneHead
0  -0.007500 -4.283607 63.368279  -0.001262 -0.689624 -0.724167  1.421700 -0.851200 1 6 1.000000
0  0.349602 -4.460008 63.625683  0.135975 -0.944682 -0.298472  1.410000 -0.815100 1 6 1.000000
0  -0.007801 -4.485608 63.647278  -0.001686 -0.950167 -0.311737  1.421700 -0.814700 1 6 1.000000
CloneHead
0  -0.007801 -4.485608 63.647278  -0.001686 -0.950167 -0.311737  1.421700 -0.814700 1 6 1.000000
0  -0.365101 -4.458707 63.625664  -0.139297 -0.944156 -0.298608  1.433400 -0.815100 1 6 1.000000
0  -0.007500 -4.283607 63.368279  -0.001262 -0.689624 -0.724167  1.421700 -0.851200 1 6 1.000000
CloneHead
0  -0.007801 -4.485608 63.647278  -0.001686 -0.950167 -0.311737  1.421700 -0.814700 1 6 1.000000
0  -0.358299 -4.458407 63.926960  -0.211638 -0.963908 0.161524  1.433000 -0.780900 1 6 1.000000
0  -0.365101 -4.458707 63.625664  -0.139297 -0.944156 -0.298608  1.433400 -0.815100 1 6 1.000000
CloneHead
0  -0.358299 -4.458407 63.926960  -0.211638 -0.963908 0.161524  1.433000 -0.780900 1 6 1.000000
0  -0.714500 -4.357911 63.846588  -0.427019 -0.897484 0.110353  1.445500 -0.785300 1 6 1.000000
0  -0.365101 -4.458707 63.625664  -0.139297 -0.944156 -0.298608  1.433400 -0.815100 1 6 1.000000
CloneHead
0  -0.358299 -4.458407 63.926960  -0.211638 -0.963908 0.161524  1.433000 -0.780900 1 6 1.000000
0  -0.373402 -4.312808 64.337067  -0.167622 -0.903515 -0.394415  1.432400 -0.743600 1 6 1.000000
0  -0.714500 -4.357911 63.846588  -0.427019 -0.897484 0.110353  1.445500 -0.785300 1 6 1.000000
CloneHead
0  -0.714500 -4.357911 63.846588  -0.427019 -0.897484 0.110353  1.445500 -0.785300 1 6 1.000000
0  -0.373402 -4.312808 64.337067  -0.167622 -0.903515 -0.394415  1.432400 -0.743600 1 6 1.000000
0  -0.814201 -4.192103 64.262283  -0.577706 -0.801894 -0.152389  1.453900 -0.755000 1 6 1.000000
CloneHead
0  0.349602 -4.460008 63.625683  0.135975 -0.944682 -0.298472  1.410000 -0.815100 1 6 1.000000
0  0.342800 -4.459604 63.926979  0.208231 -0.964634 0.161619  1.410400 -0.780900 1 6 1.000000
0  -0.007801 -4.485608 63.647278  -0.001686 -0.950167 -0.311737  1.421700 -0.814700 1 6 1.000000
CloneHead
0  0.349602 -4.460008 63.625683  0.135975 -0.944682 -0.298472  1.410000 -0.815100 1 6 1.000000
0  0.699299 -4.360409 63.846561  0.424019 -0.898909 0.110318  1.398000 -0.785300 1 6 1.000000
0  0.342800 -4.459604 63.926979  0.208231 -0.964634 0.161619  1.410400 -0.780900 1 6 1.000000
CloneHead
0  0.680500 -4.351610 63.531963  0.339590 -0.868492 -0.361110  1.401500 -0.815500 1 6 1.000000
0  0.699299 -4.360409 63.846561  0.424019 -0.898909 0.110318  1.398000 -0.785300 1 6 1.000000
0  0.349602 -4.460008 63.625683  0.135975 -0.944682 -0.298472  1.410000 -0.815100 1 6 1.000000
CloneHead
0  0.699299 -4.360409 63.846561  0.424019 -0.898909 0.110318  1.398000 -0.785300 1 6 1.000000
0  0.680500 -4.351610 63.531963  0.339590 -0.868492 -0.361110  1.401500 -0.815500 1 6 1.000000
0  0.950901 -4.199507 63.715561  0.671392 -0.733720 -0.104345  1.390200 -0.800100 1 6 1.000000
CloneHead
0  0.699299 -4.360409 63.846561  0.424019 -0.898909 0.110318  1.398000 -0.785300 1 6 1.000000
0  0.950901 -4.199507 63.715561  0.671392 -0.733720 -0.104345  1.390200 -0.800100 1 6 1.000000
0  0.799599 -4.194904 64.262245  0.574927 -0.803907 -0.152287  1.389500 -0.755000 1 6 1.000000
CloneHead
0  0.799599 -4.194904 64.262245  0.574927 -0.803907 -0.152287  1.389500 -0.755000 1 6 1.000000
0  0.950901 -4.199507 63.715561  0.671392 -0.733720 -0.104345  1.390200 -0.800100 1 6 1.000000
0  1.352100 -3.827102 63.943977  0.793217 -0.595186 -0.128690  1.367600 -0.794000 1 6 1.000000
CloneHead
0  0.799599 -4.194904 64.262245  0.574927 -0.803907 -0.152287  1.389500 -0.755000 1 6 1.000000
0  1.352100 -3.827102 63.943977  0.793217 -0.595186 -0.128690  1.367600 -0.794000 1 6 1.000000
0  1.183598 -3.878505 64.441681  0.683150 -0.729960 -0.021541  1.368000 -0.752900 1 6 1.000000
CloneHead
0  1.183598 -3.878505 64.441681  0.683150 -0.729960 -0.021541  1.368000 -0.752900 1 6 1.000000
0  1.352100 -3.827102 63.943977  0.793217 -0.595186 -0.128690  1.367600 -0.794000 1 6 1.000000
0  1.591599 -3.477806 64.169876  0.858786 -0.482361 -0.172669  1.349600 -0.789100 1 6 1.000000
CloneHead
0  1.591599 -3.477806 64.169876  0.858786 -0.482361 -0.172669  1.349600 -0.789100 1 6 1.000000
0  1.411800 -3.689003 64.667480  0.683553 -0.701032 -0.203247  1.353800 -0.738500 1 6 1.000000
0  1.183598 -3.878505 64.441681  0.683150 -0.729960 -0.021541  1.368000 -0.752900 1 6 1.000000
CloneHead
0  1.696899 -3.325602 64.553177  0.835164 -0.523532 -0.168570  1.339800 -0.758700 1 6 1.000000
0  1.411800 -3.689003 64.667480  0.683553 -0.701032 -0.203247  1.353800 -0.738500 1 6 1.000000
0  1.591599 -3.477806 64.169876  0.858786 -0.482361 -0.172669  1.349600 -0.789100 1 6 1.000000
CloneHead
0  1.411800 -3.689003 64.667480  0.683553 -0.701032 -0.203247  1.353800 -0.738500 1 6 1.000000
0  1.696899 -3.325602 64.553177  0.835164 -0.523532 -0.168570  1.339800 -0.758700 1 6 1.000000
0  1.533001 -3.649806 64.811676  0.692090 -0.704440 -0.157403  1.347300 -0.733200 1 6 1.000000
CloneHead
0  1.533001 -3.649806 64.811676  0.692090 -0.704440 -0.157403  1.347300 -0.733200 1 6 1.000000
0  1.696899 -3.325602 64.553177  0.835164 -0.523532 -0.168570  1.339800 -0.758700 1 6 1.000000
0  1.823299 -3.324006 64.901375  0.836938 -0.532082 -0.128159  1.331300 -0.732300 1 6 1.000000
CloneHead
0  1.533001 -3.649806 64.811676  0.692090 -0.704440 -0.157403  1.347300 -0.733200 1 6 1.000000
0  1.823299 -3.324006 64.901375  0.836938 -0.532082 -0.128159  1.331300 -0.732300 1 6 1.000000
0  1.360600 -3.798003 65.223679  0.671443 -0.739690 0.044974  1.354100 -0.689400 1 6 1.000000
CloneHead
0  1.360600 -3.798003 65.223679  0.671443 -0.739690 0.044974  1.354100 -0.689400 1 6 1.000000
0  1.823299 -3.324006 64.901375  0.836938 -0.532082 -0.128159  1.331300 -0.732300 1 6 1.000000
0  1.660400 -3.568301 65.593674  0.620390 -0.776603 -0.109564  1.337100 -0.667600 1 6 1.000000
CloneHead
0  1.360600 -3.798003 65.223679  0.671443 -0.739690 0.044974  1.354100 -0.689400 1 6 1.000000
0  1.660400 -3.568301 65.593674  0.620390 -0.776603 -0.109564  1.337100 -0.667600 1 6 1.000000
0  0.933701 -4.005301 65.863968  0.704331 -0.709736 -0.013872  1.367900 -0.621500 1 6 1.000000
CloneHead
0  0.933701 -4.005301 65.863968  0.704331 -0.709736 -0.013872  1.367900 -0.621500 1 6 1.000000
0  1.660400 -3.568301 65.593674  0.620390 -0.776603 -0.109564  1.337100 -0.667600 1 6 1.000000
0  1.277401 -3.797402 66.252380  0.446390 -0.894704 0.015545  1.350000 -0.601900 1 6 1.000000
CloneHead
0  0.799400 -4.017704 66.821655  0.715759 -0.664219 0.215645  1.364100 -0.532000 1 6 1.000000
0  0.933701 -4.005301 65.863968  0.704331 -0.709736 -0.013872  1.367900 -0.621500 1 6 1.000000
0  1.277401 -3.797402 66.252380  0.446390 -0.894704 0.015545  1.350000 -0.601900 1 6 1.000000
CloneHead
0  1.522900 -3.644100 66.942474  0.312237 -0.949869 -0.016025  1.333700 -0.554100 1 6 1.000000
0  0.799400 -4.017704 66.821655  0.715759 -0.664219 0.215645  1.364100 -0.532000 1 6 1.000000
0  1.277401 -3.797402 66.252380  0.446390 -0.894704 0.015545  1.350000 -0.601900 1 6 1.000000
CloneHead
0  0.799599 -4.194904 64.262245  0.574927 -0.803907 -0.152287  1.389500 -0.755000 1 6 1.000000
0  0.358299 -4.314110 64.337082  0.164415 -0.904101 -0.394422  1.411100 -0.743600 1 6 1.000000
0  0.699299 -4.360409 63.846561  0.424019 -0.898909 0.110318  1.398000 -0.785300 1 6 1.000000
CloneHead
0  0.699299 -4.360409 63.846561  0.424019 -0.898909 0.110318  1.398000 -0.785300 1 6 1.000000
0  0.358299 -4.314110 64.337082  0.164415 -0.904101 -0.394422  1.411100 -0.743600 1 6 1.000000
0  0.342800 -4.459604 63.926979  0.208231 -0.964634 0.161619  1.410400 -0.780900 1 6 1.000000
CloneHead
0  0.358299 -4.314110 64.337082  0.164415 -0.904101 -0.394422  1.411100 -0.743600 1 6 1.000000
0  -0.007599 -4.365808 64.349480  -0.001591 -0.917530 -0.397662  1.421700 -0.744500 1 6 1.000000
0  0.342800 -4.459604 63.926979  0.208231 -0.964634 0.161619  1.410400 -0.780900 1 6 1.000000
CloneHead
0  0.342800 -4.459604 63.926979  0.208231 -0.964634 0.161619  1.410400 -0.780900 1 6 1.000000
0  -0.007599 -4.365808 64.349480  -0.001591 -0.917530 -0.397662  1.421700 -0.744500 1 6 1.000000
0  -0.007900 -4.506208 63.947578  -0.001736 -0.990386 0.138321  1.421700 -0.778200 1 6 1.000000
CloneHead
0  1.411800 -3.689003 64.667480  0.683553 -0.701032 -0.203247  1.353800 -0.738500 1 6 1.000000
0  1.299000 -3.804603 64.698074  0.586576 -0.807508 -0.062131  1.359100 -0.736500 1 6 1.000000
0  1.183598 -3.878505 64.441681  0.683150 -0.729960 -0.021541  1.368000 -0.752900 1 6 1.000000
CloneHead
0  1.183598 -3.878505 64.441681  0.683150 -0.729960 -0.021541  1.368000 -0.752900 1 6 1.000000
0  1.299000 -3.804603 64.698074  0.586576 -0.807508 -0.062131  1.359100 -0.736500 1 6 1.000000
0  1.085201 -4.009202 64.599976  0.716326 -0.696890 0.034948  1.371300 -0.737500 1 6 1.000000
CloneHead
0  1.085201 -4.009202 64.599976  0.716326 -0.696890 0.034948  1.371300 -0.737500 1 6 1.000000
0  0.799599 -4.194904 64.262245  0.574927 -0.803907 -0.152287  1.389500 -0.755000 1 6 1.000000
0  1.183598 -3.878505 64.441681  0.683150 -0.729960 -0.021541  1.368000 -0.752900 1 6 1.000000
CloneHead
0  0.751801 -4.436409 64.423546  0.493635 -0.803887 -0.331798  1.393700 -0.740100 1 6 1.000000
0  0.799599 -4.194904 64.262245  0.574927 -0.803907 -0.152287  1.389500 -0.755000 1 6 1.000000
0  1.085201 -4.009202 64.599976  0.716326 -0.696890 0.034948  1.371300 -0.737500 1 6 1.000000
CloneHead
0  0.751801 -4.436409 64.423546  0.493635 -0.803887 -0.331798  1.393700 -0.740100 1 6 1.000000
0  0.358299 -4.314110 64.337082  0.164415 -0.904101 -0.394422  1.411100 -0.743600 1 6 1.000000
0  0.799599 -4.194904 64.262245  0.574927 -0.803907 -0.152287  1.389500 -0.755000 1 6 1.000000
CloneHead
0  0.288200 -4.607008 64.490082  0.181063 -0.914454 -0.361925  1.411700 -0.727900 1 6 1.000000
0  0.358299 -4.314110 64.337082  0.164415 -0.904101 -0.394422  1.411100 -0.743600 1 6 1.000000
0  0.751801 -4.436409 64.423546  0.493635 -0.803887 -0.331798  1.393700 -0.740100 1 6 1.000000
CloneHead
0  0.288200 -4.607008 64.490082  0.181063 -0.914454 -0.361925  1.411700 -0.727900 1 6 1.000000
0  -0.007599 -4.365808 64.349480  -0.001591 -0.917530 -0.397662  1.421700 -0.744500 1 6 1.000000
0  0.358299 -4.314110 64.337082  0.164415 -0.904101 -0.394422  1.411100 -0.743600 1 6 1.000000
CloneHead
0  -0.008099 -4.631008 64.491875  -0.001541 -0.916311 -0.400464  1.421700 -0.723900 1 6 1.000000
0  -0.007599 -4.365808 64.349480  -0.001591 -0.917530 -0.397662  1.421700 -0.744500 1 6 1.000000
0  0.288200 -4.607008 64.490082  0.181063 -0.914454 -0.361925  1.411700 -0.727900 1 6 1.000000
CloneHead
0  1.322800 -3.798506 64.740776  0.632494 -0.734909 -0.244662  1.357300 -0.729100 1 6 1.000000
0  1.411800 -3.689003 64.667480  0.683553 -0.701032 -0.203247  1.353800 -0.738500 1 6 1.000000
0  1.533001 -3.649806 64.811676  0.692090 -0.704440 -0.157403  1.347300 -0.733200 1 6 1.000000
CloneHead
0  1.299000 -3.804603 64.698074  0.586576 -0.807508 -0.062131  1.359100 -0.736500 1 6 1.000000
0  1.411800 -3.689003 64.667480  0.683553 -0.701032 -0.203247  1.353800 -0.738500 1 6 1.000000
0  1.322800 -3.798506 64.740776  0.632494 -0.734909 -0.244662  1.357300 -0.729100 1 6 1.000000
CloneHead
0  1.322800 -3.798506 64.740776  0.632494 -0.734909 -0.244662  1.357300 -0.729100 1 6 1.000000
0  1.212200 -3.838608 64.716179  0.593665 -0.791087 -0.147455  1.362500 -0.731200 1 6 1.000000
0  1.299000 -3.804603 64.698074  0.586576 -0.807508 -0.062131  1.359100 -0.736500 1 6 1.000000
CloneHead
0  1.212200 -3.838608 64.716179  0.593665 -0.791087 -0.147455  1.362500 -0.731200 1 6 1.000000
0  1.085201 -4.009202 64.599976  0.716326 -0.696890 0.034948  1.371300 -0.737500 1 6 1.000000
0  1.299000 -3.804603 64.698074  0.586576 -0.807508 -0.062131  1.359100 -0.736500 1 6 1.000000
CloneHead
0  1.059601 -3.991706 64.731575  0.565394 -0.512595 0.646201  1.368800 -0.728200 1 6 1.000000
0  1.085201 -4.009202 64.599976  0.716326 -0.696890 0.034948  1.371300 -0.737500 1 6 1.000000
0  1.212200 -3.838608 64.716179  0.593665 -0.791087 -0.147455  1.362500 -0.731200 1 6 1.000000
CloneHead
0  0.715302 -4.322002 64.766647  0.421221 -0.571264 0.704436  1.389400 -0.708800 1 6 1.000000
0  1.085201 -4.009202 64.599976  0.716326 -0.696890 0.034948  1.371300 -0.737500 1 6 1.000000
0  1.059601 -3.991706 64.731575  0.565394 -0.512595 0.646201  1.368800 -0.728200 1 6 1.000000
CloneHead
0  0.751801 -4.436409 64.423546  0.493635 -0.803887 -0.331798  1.393700 -0.740100 1 6 1.000000
0  1.085201 -4.009202 64.599976  0.716326 -0.696890 0.034948  1.371300 -0.737500 1 6 1.000000
0  0.715302 -4.322002 64.766647  0.421221 -0.571264 0.704436  1.389400 -0.708800 1 6 1.000000
CloneHead
0  0.300400 -4.526307 64.765388  0.129280 -0.664466 0.736051  1.409300 -0.701400 1 6 1.000000
0  0.751801 -4.436409 64.423546  0.493635 -0.803887 -0.331798  1.393700 -0.740100 1 6 1.000000
0  0.715302 -4.322002 64.766647  0.421221 -0.571264 0.704436  1.389400 -0.708800 1 6 1.000000
CloneHead
0  0.288200 -4.607008 64.490082  0.181063 -0.914454 -0.361925  1.411700 -0.727900 1 6 1.000000
0  0.751801 -4.436409 64.423546  0.493635 -0.803887 -0.331798  1.393700 -0.740100 1 6 1.000000
0  0.300400 -4.526307 64.765388  0.129280 -0.664466 0.736051  1.409300 -0.701400 1 6 1.000000
CloneHead
0  -0.007999 -4.580306 64.713776  -0.001193 -0.719293 0.694706  1.421700 -0.705600 1 6 1.000000
0  0.288200 -4.607008 64.490082  0.181063 -0.914454 -0.361925  1.411700 -0.727900 1 6 1.000000
0  0.300400 -4.526307 64.765388  0.129280 -0.664466 0.736051  1.409300 -0.701400 1 6 1.000000
CloneHead
0  -0.008099 -4.631008 64.491875  -0.001541 -0.916311 -0.400464  1.421700 -0.723900 1 6 1.000000
0  0.288200 -4.607008 64.490082  0.181063 -0.914454 -0.361925  1.411700 -0.727900 1 6 1.000000
0  -0.007999 -4.580306 64.713776  -0.001193 -0.719293 0.694706  1.421700 -0.705600 1 6 1.000000
CloneHead
0  -0.008099 -4.631008 64.491875  -0.001541 -0.916311 -0.400464  1.421700 -0.723900 1 6 1.000000
0  -0.007999 -4.580306 64.713776  -0.001193 -0.719293 0.694706  1.421700 -0.705600 1 6 1.000000
0  -0.304298 -4.606010 64.490074  -0.184177 -0.913804 -0.361997  1.431800 -0.727900 1 6 1.000000
CloneHead
0  -0.008099 -4.631008 64.491875  -0.001541 -0.916311 -0.400464  1.421700 -0.723900 1 6 1.000000
0  -0.304298 -4.606010 64.490074  -0.184177 -0.913804 -0.361997  1.431800 -0.727900 1 6 1.000000
0  -0.007599 -4.365808 64.349480  -0.001591 -0.917530 -0.397662  1.421700 -0.744500 1 6 1.000000
CloneHead
0  -0.007599 -4.365808 64.349480  -0.001591 -0.917530 -0.397662  1.421700 -0.744500 1 6 1.000000
0  -0.304298 -4.606010 64.490074  -0.184177 -0.913804 -0.361997  1.431800 -0.727900 1 6 1.000000
0  -0.373402 -4.312808 64.337067  -0.167622 -0.903515 -0.394415  1.432400 -0.743600 1 6 1.000000
CloneHead
0  -0.373402 -4.312808 64.337067  -0.167622 -0.903515 -0.394415  1.432400 -0.743600 1 6 1.000000
0  -0.358299 -4.458407 63.926960  -0.211638 -0.963908 0.161524  1.433000 -0.780900 1 6 1.000000
0  -0.007599 -4.365808 64.349480  -0.001591 -0.917530 -0.397662  1.421700 -0.744500 1 6 1.000000
CloneHead
0  -0.007599 -4.365808 64.349480  -0.001591 -0.917530 -0.397662  1.421700 -0.744500 1 6 1.000000
0  -0.358299 -4.458407 63.926960  -0.211638 -0.963908 0.161524  1.433000 -0.780900 1 6 1.000000
0  -0.007900 -4.506208 63.947578  -0.001736 -0.990386 0.138321  1.421700 -0.778200 1 6 1.000000
CloneHead
0  -0.007900 -4.506208 63.947578  -0.001736 -0.990386 0.138321  1.421700 -0.778200 1 6 1.000000
0  -0.358299 -4.458407 63.926960  -0.211638 -0.963908 0.161524  1.433000 -0.780900 1 6 1.000000
0  -0.007801 -4.485608 63.647278  -0.001686 -0.950167 -0.311737  1.421700 -0.814700 1 6 1.000000
CloneHead
0  -0.007801 -4.485608 63.647278  -0.001686 -0.950167 -0.311737  1.421700 -0.814700 1 6 1.000000
0  0.342800 -4.459604 63.926979  0.208231 -0.964634 0.161619  1.410400 -0.780900 1 6 1.000000
0  -0.007900 -4.506208 63.947578  -0.001736 -0.990386 0.138321  1.421700 -0.778200 1 6 1.000000
CloneHead
0  -0.304298 -4.606010 64.490074  -0.184177 -0.913804 -0.361997  1.431800 -0.727900 1 6 1.000000
0  -0.007999 -4.580306 64.713776  -0.001193 -0.719293 0.694706  1.421700 -0.705600 1 6 1.000000
0  -0.316200 -4.525309 64.765381  -0.131518 -0.664076 0.736006  1.434200 -0.701400 1 6 1.000000
CloneHead
0  -0.730400 -4.319505 64.766685  -0.423206 -0.569705 0.704509  1.454100 -0.708800 1 6 1.000000
0  -0.767300 -4.433806 64.423584  -0.496494 -0.802118 -0.331813  1.449800 -0.740100 1 6 1.000000
0  -0.316200 -4.525309 64.765381  -0.131518 -0.664076 0.736006  1.434200 -0.701400 1 6 1.000000
CloneHead
0  -0.316200 -4.525309 64.765381  -0.131518 -0.664076 0.736006  1.434200 -0.701400 1 6 1.000000
0  -0.767300 -4.433806 64.423584  -0.496494 -0.802118 -0.331813  1.449800 -0.740100 1 6 1.000000
0  -0.304298 -4.606010 64.490074  -0.184177 -0.913804 -0.361997  1.431800 -0.727900 1 6 1.000000
CloneHead
0  -0.767300 -4.433806 64.423584  -0.496494 -0.802118 -0.331813  1.449800 -0.740100 1 6 1.000000
0  -0.373402 -4.312808 64.337067  -0.167622 -0.903515 -0.394415  1.432400 -0.743600 1 6 1.000000
0  -0.304298 -4.606010 64.490074  -0.184177 -0.913804 -0.361997  1.431800 -0.727900 1 6 1.000000
CloneHead
0  -0.431198 -4.714903 65.110359  -0.294517 -0.954625 0.044164  1.436900 -0.676300 1 6 1.000000
0  -0.355999 -4.566505 65.442268  -0.253518 -0.924501 0.284653  1.436800 -0.649300 1 6 1.000000
0  -0.835800 -4.463903 64.978485  -0.606250 -0.784703 -0.129240  1.454300 -0.693500 1 6 1.000000
CloneHead
0  -0.355999 -4.566505 65.442268  -0.253518 -0.924501 0.284653  1.436800 -0.649300 1 6 1.000000
0  -0.431198 -4.714903 65.110359  -0.294517 -0.954625 0.044164  1.436900 -0.676300 1 6 1.000000
0  -0.007999 -4.578805 65.320175  -0.001758 -0.961104 0.276180  1.421700 -0.654800 1 6 1.000000
CloneHead
0  -0.007999 -4.578805 65.320175  -0.001758 -0.961104 0.276180  1.421700 -0.654800 1 6 1.000000
0  -0.431198 -4.714903 65.110359  -0.294517 -0.954625 0.044164  1.436900 -0.676300 1 6 1.000000
0  -0.008202 -4.718806 64.949379  -0.001675 -0.980804 -0.194991  1.421700 -0.681700 1 6 1.000000
CloneHead
0  -0.008202 -4.718806 64.949379  -0.001675 -0.980804 -0.194991  1.421700 -0.681700 1 6 1.000000
0  0.414700 -4.716407 65.110382  0.291113 -0.955674 0.044048  1.406500 -0.676300 1 6 1.000000
0  -0.007999 -4.578805 65.320175  -0.001758 -0.961104 0.276180  1.421700 -0.654800 1 6 1.000000
CloneHead
0  0.414700 -4.716407 65.110382  0.291113 -0.955674 0.044048  1.406500 -0.676300 1 6 1.000000
0  -0.008202 -4.718806 64.949379  -0.001675 -0.980804 -0.194991  1.421700 -0.681700 1 6 1.000000
0  0.327999 -4.537303 64.781082  0.191028 -0.499190 -0.845173  1.409400 -0.697400 1 6 1.000000
CloneHead
0  0.414700 -4.716407 65.110382  0.291113 -0.955674 0.044048  1.406500 -0.676300 1 6 1.000000
0  0.327999 -4.537303 64.781082  0.191028 -0.499190 -0.845173  1.409400 -0.697400 1 6 1.000000
0  0.820202 -4.466806 64.978455  0.603506 -0.786812 -0.129259  1.389100 -0.693500 1 6 1.000000
CloneHead
0  0.820202 -4.466806 64.978455  0.603506 -0.786812 -0.129259  1.389100 -0.693500 1 6 1.000000
0  0.327999 -4.537303 64.781082  0.191028 -0.499190 -0.845173  1.409400 -0.697400 1 6 1.000000
0  0.752998 -4.344708 64.778450  0.250598 -0.436233 -0.864235  1.388500 -0.706200 1 6 1.000000
CloneHead
0  0.820202 -4.466806 64.978455  0.603506 -0.786812 -0.129259  1.389100 -0.693500 1 6 1.000000
0  0.752998 -4.344708 64.778450  0.250598 -0.436233 -0.864235  1.388500 -0.706200 1 6 1.000000
0  1.194302 -4.011004 64.815979  0.709019 -0.629888 -0.317069  1.367100 -0.717200 1 6 1.000000
CloneHead
0  1.194302 -4.011004 64.815979  0.709019 -0.629888 -0.317069  1.367100 -0.717200 1 6 1.000000
0  0.752998 -4.344708 64.778450  0.250598 -0.436233 -0.864235  1.388500 -0.706200 1 6 1.000000
0  1.135700 -3.972410 64.733276  0.294935 -0.338445 -0.893571  1.368200 -0.726000 1 6 1.000000
CloneHead
0  1.212200 -3.838608 64.716179  0.593665 -0.791087 -0.147455  1.362500 -0.731200 1 6 1.000000
0  1.194302 -4.011004 64.815979  0.709019 -0.629888 -0.317069  1.367100 -0.717200 1 6 1.000000
0  1.135700 -3.972410 64.733276  0.294935 -0.338445 -0.893571  1.368200 -0.726000 1 6 1.000000
CloneHead
0  1.322800 -3.798506 64.740776  0.632494 -0.734909 -0.244662  1.357300 -0.729100 1 6 1.000000
0  1.194302 -4.011004 64.815979  0.709019 -0.629888 -0.317069  1.367100 -0.717200 1 6 1.000000
0  1.212200 -3.838608 64.716179  0.593665 -0.791087 -0.147455  1.362500 -0.731200 1 6 1.000000
CloneHead
0  1.194302 -4.011004 64.815979  0.709019 -0.629888 -0.317069  1.367100 -0.717200 1 6 1.000000
0  1.322800 -3.798506 64.740776  0.632494 -0.734909 -0.244662  1.357300 -0.729100 1 6 1.000000
0  1.360600 -3.798003 65.223679  0.671443 -0.739690 0.044974  1.354100 -0.689400 1 6 1.000000
CloneHead
0  1.360600 -3.798003 65.223679  0.671443 -0.739690 0.044974  1.354100 -0.689400 1 6 1.000000
0  1.322800 -3.798506 64.740776  0.632494 -0.734909 -0.244662  1.357300 -0.729100 1 6 1.000000
0  1.533001 -3.649806 64.811676  0.692090 -0.704440 -0.157403  1.347300 -0.733200 1 6 1.000000
CloneHead
0  0.327999 -4.537303 64.781082  0.191028 -0.499190 -0.845173  1.409400 -0.697400 1 6 1.000000
0  -0.008202 -4.718806 64.949379  -0.001675 -0.980804 -0.194991  1.421700 -0.681700 1 6 1.000000
0  -0.007999 -4.580308 64.730476  -0.000726 -0.446036 -0.895015  1.421700 -0.697300 1 6 1.000000
CloneHead
0  -0.007999 -4.580308 64.730476  -0.000726 -0.446036 -0.895015  1.421700 -0.697300 1 6 1.000000
0  -0.008202 -4.718806 64.949379  -0.001675 -0.980804 -0.194991  1.421700 -0.681700 1 6 1.000000
0  -0.343800 -4.536202 64.781067  -0.192791 -0.498589 -0.845128  1.434000 -0.697400 1 6 1.000000
CloneHead
0  -0.343800 -4.536202 64.781067  -0.192791 -0.498589 -0.845128  1.434000 -0.697400 1 6 1.000000
0  -0.008202 -4.718806 64.949379  -0.001675 -0.980804 -0.194991  1.421700 -0.681700 1 6 1.000000
0  -0.431198 -4.714903 65.110359  -0.294517 -0.954625 0.044164  1.436900 -0.676300 1 6 1.000000
CloneHead
0  -0.431198 -4.714903 65.110359  -0.294517 -0.954625 0.044164  1.436900 -0.676300 1 6 1.000000
0  -0.835800 -4.463903 64.978485  -0.606250 -0.784703 -0.129240  1.454300 -0.693500 1 6 1.000000
0  -0.343800 -4.536202 64.781067  -0.192791 -0.498589 -0.845128  1.434000 -0.697400 1 6 1.000000
CloneHead
0  -0.343800 -4.536202 64.781067  -0.192791 -0.498589 -0.845128  1.434000 -0.697400 1 6 1.000000
0  -0.835800 -4.463903 64.978485  -0.606250 -0.784703 -0.129240  1.454300 -0.693500 1 6 1.000000
0  -0.768101 -4.342007 64.778488  -0.252053 -0.435219 -0.864323  1.455000 -0.706200 1 6 1.000000
CloneHead
0  -1.208302 -4.006904 64.815979  -0.711159 -0.627431 -0.317150  1.476300 -0.717200 1 6 1.000000
0  -0.768101 -4.342007 64.778488  -0.252053 -0.435219 -0.864323  1.455000 -0.706200 1 6 1.000000
0  -0.835800 -4.463903 64.978485  -0.606250 -0.784703 -0.129240  1.454300 -0.693500 1 6 1.000000
CloneHead
0  -1.149601 -3.968405 64.733276  -0.295952 -0.337396 -0.893631  1.475200 -0.726000 1 6 1.000000
0  -0.768101 -4.342007 64.778488  -0.252053 -0.435219 -0.864323  1.455000 -0.706200 1 6 1.000000
0  -1.208302 -4.006904 64.815979  -0.711159 -0.627431 -0.317150  1.476300 -0.717200 1 6 1.000000
CloneHead
0  -1.208302 -4.006904 64.815979  -0.711159 -0.627431 -0.317150  1.476300 -0.717200 1 6 1.000000
0  -1.225601 -3.834402 64.716179  -0.596382 -0.788924 -0.148076  1.480900 -0.731200 1 6 1.000000
0  -1.149601 -3.968405 64.733276  -0.295952 -0.337396 -0.893631  1.475200 -0.726000 1 6 1.000000
CloneHead
0  -1.335999 -3.793807 64.740578  -0.635042 -0.732711 -0.244657  1.486200 -0.729100 1 6 1.000000
0  -1.225601 -3.834402 64.716179  -0.596382 -0.788924 -0.148076  1.480900 -0.731200 1 6 1.000000
0  -1.208302 -4.006904 64.815979  -0.711159 -0.627431 -0.317150  1.476300 -0.717200 1 6 1.000000
CloneHead
0  -0.377899 -4.532004 65.974472  -0.570842 -0.342292 -0.746308  1.444400 -0.610700 1 6 1.000000
0  -0.284100 -4.869005 65.839371  -0.535082 -0.217729 -0.816261  1.431900 -0.595100 1 6 1.000000
0  -0.410198 -5.054904 65.983765  -0.545643 -0.392049 -0.740656  1.433800 -0.575600 1 6 1.000000
CloneHead
0  -0.284100 -4.869005 65.839371  -0.535082 -0.217729 -0.816261  1.431900 -0.595100 1 6 1.000000
0  -0.008598 -4.935803 65.771873  -0.000528 -0.323364 -0.946275  1.421700 -0.598500 1 6 1.000000
0  -0.410198 -5.054904 65.983765  -0.545643 -0.392049 -0.740656  1.433800 -0.575600 1 6 1.000000
CloneHead
0  -0.410198 -5.054904 65.983765  -0.545643 -0.392049 -0.740656  1.433800 -0.575600 1 6 1.000000
0  -0.008598 -4.935803 65.771873  -0.000528 -0.323364 -0.946275  1.421700 -0.598500 1 6 1.000000
0  -0.009201 -5.270406 65.921082  -0.001164 -0.649673 -0.760213  1.421700 -0.569400 1 6 1.000000
CloneHead
0  -0.009201 -5.270406 65.921082  -0.001164 -0.649673 -0.760213  1.421700 -0.569400 1 6 1.000000
0  -0.008598 -4.935803 65.771873  -0.000528 -0.323364 -0.946275  1.421700 -0.598500 1 6 1.000000
0  0.392601 -5.056305 65.983788  0.544356 -0.393936 -0.740602  1.409700 -0.575600 1 6 1.000000
CloneHead
0  0.392601 -5.056305 65.983788  0.544356 -0.393936 -0.740602  1.409700 -0.575600 1 6 1.000000
0  -0.008598 -4.935803 65.771873  -0.000528 -0.323364 -0.946275  1.421700 -0.598500 1 6 1.000000
0  0.267101 -4.870007 65.839386  0.534279 -0.219613 -0.816282  1.411500 -0.595100 1 6 1.000000
CloneHead
0  0.392601 -5.056305 65.983788  0.544356 -0.393936 -0.740602  1.409700 -0.575600 1 6 1.000000
0  0.267101 -4.870007 65.839386  0.534279 -0.219613 -0.816282  1.411500 -0.595100 1 6 1.000000
0  0.362099 -4.533206 65.974487  0.569645 -0.344399 -0.746253  1.399100 -0.610700 1 6 1.000000
CloneHead
0  0.362099 -4.533206 65.974487  0.569645 -0.344399 -0.746253  1.399100 -0.610700 1 6 1.000000
0  0.267101 -4.870007 65.839386  0.534279 -0.219613 -0.816282  1.411500 -0.595100 1 6 1.000000
0  0.316299 -4.510905 65.774284  0.610958 -0.756050 -0.234774  1.404700 -0.622900 1 6 1.000000
CloneHead
0  0.362099 -4.533206 65.974487  0.569645 -0.344399 -0.746253  1.399100 -0.610700 1 6 1.000000
0  0.316299 -4.510905 65.774284  0.610958 -0.756050 -0.234774  1.404700 -0.622900 1 6 1.000000
0  0.933701 -4.005301 65.863968  0.704331 -0.709736 -0.013872  1.367900 -0.621500 1 6 1.000000
CloneHead
0  0.933701 -4.005301 65.863968  0.704331 -0.709736 -0.013872  1.367900 -0.621500 1 6 1.000000
0  0.316299 -4.510905 65.774284  0.610958 -0.756050 -0.234774  1.404700 -0.622900 1 6 1.000000
0  0.861401 -4.263706 65.352760  0.641654 -0.721887 0.259150  1.380700 -0.665600 1 6 1.000000
CloneHead
0  0.933701 -4.005301 65.863968  0.704331 -0.709736 -0.013872  1.367900 -0.621500 1 6 1.000000
0  0.861401 -4.263706 65.352760  0.641654 -0.721887 0.259150  1.380700 -0.665600 1 6 1.000000
0  1.360600 -3.798003 65.223679  0.671443 -0.739690 0.044974  1.354100 -0.689400 1 6 1.000000
CloneHead
0  0.861401 -4.263706 65.352760  0.641654 -0.721887 0.259150  1.380700 -0.665600 1 6 1.000000
0  1.194302 -4.011004 64.815979  0.709019 -0.629888 -0.317069  1.367100 -0.717200 1 6 1.000000
0  1.360600 -3.798003 65.223679  0.671443 -0.739690 0.044974  1.354100 -0.689400 1 6 1.000000
CloneHead
0  0.820202 -4.466806 64.978455  0.603506 -0.786812 -0.129259  1.389100 -0.693500 1 6 1.000000
0  1.194302 -4.011004 64.815979  0.709019 -0.629888 -0.317069  1.367100 -0.717200 1 6 1.000000
0  0.861401 -4.263706 65.352760  0.641654 -0.721887 0.259150  1.380700 -0.665600 1 6 1.000000
CloneHead
0  0.340099 -4.567802 65.442284  0.250266 -0.925367 0.284714  1.406700 -0.649300 1 6 1.000000
0  0.820202 -4.466806 64.978455  0.603506 -0.786812 -0.129259  1.389100 -0.693500 1 6 1.000000
0  0.861401 -4.263706 65.352760  0.641654 -0.721887 0.259150  1.380700 -0.665600 1 6 1.000000
CloneHead
0  0.414700 -4.716407 65.110382  0.291113 -0.955674 0.044048  1.406500 -0.676300 1 6 1.000000
0  0.820202 -4.466806 64.978455  0.603506 -0.786812 -0.129259  1.389100 -0.693500 1 6 1.000000
0  0.340099 -4.567802 65.442284  0.250266 -0.925367 0.284714  1.406700 -0.649300 1 6 1.000000
CloneHead
0  -0.007999 -4.578805 65.320175  -0.001758 -0.961104 0.276180  1.421700 -0.654800 1 6 1.000000
0  0.414700 -4.716407 65.110382  0.291113 -0.955674 0.044048  1.406500 -0.676300 1 6 1.000000
0  0.340099 -4.567802 65.442284  0.250266 -0.925367 0.284714  1.406700 -0.649300 1 6 1.000000
CloneHead
0  -0.007999 -4.578805 65.320175  -0.001758 -0.961104 0.276180  1.421700 -0.654800 1 6 1.000000
0  0.340099 -4.567802 65.442284  0.250266 -0.925367 0.284714  1.406700 -0.649300 1 6 1.000000
0  -0.007900 -4.530603 65.690880  -0.001536 -0.866831 -0.498601  1.421700 -0.626700 1 6 1.000000
CloneHead
0  -0.007900 -4.530603 65.690880  -0.001536 -0.866831 -0.498601  1.421700 -0.626700 1 6 1.000000
0  -0.355999 -4.566505 65.442268  -0.253518 -0.924501 0.284653  1.436800 -0.649300 1 6 1.000000
0  -0.007999 -4.578805 65.320175  -0.001758 -0.961104 0.276180  1.421700 -0.654800 1 6 1.000000
CloneHead
0  -0.332001 -4.509809 65.774269  -0.613519 -0.753895 -0.235025  1.438700 -0.622900 1 6 1.000000
0  -0.355999 -4.566505 65.442268  -0.253518 -0.924501 0.284653  1.436800 -0.649300 1 6 1.000000
0  -0.007900 -4.530603 65.690880  -0.001536 -0.866831 -0.498601  1.421700 -0.626700 1 6 1.000000
CloneHead
0  -0.007900 -4.530603 65.690880  -0.001536 -0.866831 -0.498601  1.421700 -0.626700 1 6 1.000000
0  0.267101 -4.870007 65.839386  0.534279 -0.219613 -0.816282  1.411500 -0.595100 1 6 1.000000
0  -0.008598 -4.935803 65.771873  -0.000528 -0.323364 -0.946275  1.421700 -0.598500 1 6 1.000000
CloneHead
0  0.316299 -4.510905 65.774284  0.610958 -0.756050 -0.234774  1.404700 -0.622900 1 6 1.000000
0  0.267101 -4.870007 65.839386  0.534279 -0.219613 -0.816282  1.411500 -0.595100 1 6 1.000000
0  -0.007900 -4.530603 65.690880  -0.001536 -0.866831 -0.498601  1.421700 -0.626700 1 6 1.000000
CloneHead
0  -0.007900 -4.530603 65.690880  -0.001536 -0.866831 -0.498601  1.421700 -0.626700 1 6 1.000000
0  0.340099 -4.567802 65.442284  0.250266 -0.925367 0.284714  1.406700 -0.649300 1 6 1.000000
0  0.316299 -4.510905 65.774284  0.610958 -0.756050 -0.234774  1.404700 -0.622900 1 6 1.000000
CloneHead
0  0.861401 -4.263706 65.352760  0.641654 -0.721887 0.259150  1.380700 -0.665600 1 6 1.000000
0  0.316299 -4.510905 65.774284  0.610958 -0.756050 -0.234774  1.404700 -0.622900 1 6 1.000000
0  0.340099 -4.567802 65.442284  0.250266 -0.925367 0.284714  1.406700 -0.649300 1 6 1.000000
CloneHead
0  -0.656601 -4.590106 65.964981  -0.400811 -0.304253 -0.864165  1.452600 -0.594000 1 6 1.000000
0  -0.377899 -4.532004 65.974472  -0.570842 -0.342292 -0.746308  1.444400 -0.610700 1 6 1.000000
0  -0.410198 -5.054904 65.983765  -0.545643 -0.392049 -0.740656  1.433800 -0.575600 1 6 1.000000
CloneHead
0  -0.947601 -4.002000 65.863976  -0.706831 -0.707246 -0.013908  1.475500 -0.621500 1 6 1.000000
0  -0.377899 -4.532004 65.974472  -0.570842 -0.342292 -0.746308  1.444400 -0.610700 1 6 1.000000
0  -0.656601 -4.590106 65.964981  -0.400811 -0.304253 -0.864165  1.452600 -0.594000 1 6 1.000000
CloneHead
0  -0.332001 -4.509809 65.774269  -0.613519 -0.753895 -0.235025  1.438700 -0.622900 1 6 1.000000
0  -0.377899 -4.532004 65.974472  -0.570842 -0.342292 -0.746308  1.444400 -0.610700 1 6 1.000000
0  -0.947601 -4.002000 65.863976  -0.706831 -0.707246 -0.013908  1.475500 -0.621500 1 6 1.000000
CloneHead
0  -0.332001 -4.509809 65.774269  -0.613519 -0.753895 -0.235025  1.438700 -0.622900 1 6 1.000000
0  -0.284100 -4.869005 65.839371  -0.535082 -0.217729 -0.816261  1.431900 -0.595100 1 6 1.000000
0  -0.377899 -4.532004 65.974472  -0.570842 -0.342292 -0.746308  1.444400 -0.610700 1 6 1.000000
CloneHead
0  -0.332001 -4.509809 65.774269  -0.613519 -0.753895 -0.235025  1.438700 -0.622900 1 6 1.000000
0  -0.007900 -4.530603 65.690880  -0.001536 -0.866831 -0.498601  1.421700 -0.626700 1 6 1.000000
0  -0.284100 -4.869005 65.839371  -0.535082 -0.217729 -0.816261  1.431900 -0.595100 1 6 1.000000
CloneHead
0  -0.284100 -4.869005 65.839371  -0.535082 -0.217729 -0.816261  1.431900 -0.595100 1 6 1.000000
0  -0.007900 -4.530603 65.690880  -0.001536 -0.866831 -0.498601  1.421700 -0.626700 1 6 1.000000
0  -0.008598 -4.935803 65.771873  -0.000528 -0.323364 -0.946275  1.421700 -0.598500 1 6 1.000000
CloneHead
0  -0.355999 -4.566505 65.442268  -0.253518 -0.924501 0.284653  1.436800 -0.649300 1 6 1.000000
0  -0.332001 -4.509809 65.774269  -0.613519 -0.753895 -0.235025  1.438700 -0.622900 1 6 1.000000
0  -0.876301 -4.260603 65.352783  -0.644140 -0.719650 0.259206  1.462800 -0.665600 1 6 1.000000
CloneHead
0  -0.876301 -4.260603 65.352783  -0.644140 -0.719650 0.259206  1.462800 -0.665600 1 6 1.000000
0  -0.332001 -4.509809 65.774269  -0.613519 -0.753895 -0.235025  1.438700 -0.622900 1 6 1.000000
0  -0.947601 -4.002000 65.863976  -0.706831 -0.707246 -0.013908  1.475500 -0.621500 1 6 1.000000
CloneHead
0  -0.876301 -4.260603 65.352783  -0.644140 -0.719650 0.259206  1.462800 -0.665600 1 6 1.000000
0  -0.947601 -4.002000 65.863976  -0.706831 -0.707246 -0.013908  1.475500 -0.621500 1 6 1.000000
0  -1.373901 -3.793201 65.223679  -0.674001 -0.737361 0.044966  1.489300 -0.689400 1 6 1.000000
CloneHead
0  -1.373901 -3.793201 65.223679  -0.674001 -0.737361 0.044966  1.489300 -0.689400 1 6 1.000000
0  -0.947601 -4.002000 65.863976  -0.706831 -0.707246 -0.013908  1.475500 -0.621500 1 6 1.000000
0  -1.672901 -3.562502 65.593666  -0.623072 -0.774450 -0.109586  1.506400 -0.667600 1 6 1.000000
CloneHead
0  -1.672901 -3.562502 65.593666  -0.623072 -0.774450 -0.109586  1.506400 -0.667600 1 6 1.000000
0  -0.947601 -4.002000 65.863976  -0.706831 -0.707246 -0.013908  1.475500 -0.621500 1 6 1.000000
0  -1.290699 -3.792907 66.252380  -0.449456 -0.893168 0.015514  1.493500 -0.601900 1 6 1.000000
CloneHead
0  -2.210603 -3.419504 66.493080  -0.637762 -0.764448 -0.094227  1.533400 -0.602900 1 6 1.000000
0  -1.672901 -3.562502 65.593666  -0.623072 -0.774450 -0.109586  1.506400 -0.667600 1 6 1.000000
0  -1.290699 -3.792907 66.252380  -0.449456 -0.893168 0.015514  1.493500 -0.601900 1 6 1.000000
CloneHead
0  -2.178601 -3.187101 65.849678  -0.784720 -0.541802 -0.301108  1.533100 -0.662700 1 6 1.000000
0  -1.672901 -3.562502 65.593666  -0.623072 -0.774450 -0.109586  1.506400 -0.667600 1 6 1.000000
0  -2.210603 -3.419504 66.493080  -0.637762 -0.764448 -0.094227  1.533400 -0.602900 1 6 1.000000
CloneHead
0  -2.210603 -3.419504 66.493080  -0.637762 -0.764448 -0.094227  1.533400 -0.602900 1 6 1.000000
0  -2.716801 -2.407198 66.379181  -0.925303 -0.256293 -0.279514  1.571800 -0.638500 1 6 1.000000
0  -2.178601 -3.187101 65.849678  -0.784720 -0.541802 -0.301108  1.533100 -0.662700 1 6 1.000000
CloneHead
0  -2.784302 -2.806798 67.015076  -0.879248 -0.458573 -0.128973  1.567800 -0.569000 1 6 1.000000
0  -2.716801 -2.407198 66.379181  -0.925303 -0.256293 -0.279514  1.571800 -0.638500 1 6 1.000000
0  -2.210603 -3.419504 66.493080  -0.637762 -0.764448 -0.094227  1.533400 -0.602900 1 6 1.000000
CloneHead
0  -2.944599 -2.311297 67.534081  -0.984733 -0.167975 -0.045673  1.587400 -0.534600 1 6 1.000000
0  -2.716801 -2.407198 66.379181  -0.925303 -0.256293 -0.279514  1.571800 -0.638500 1 6 1.000000
0  -2.784302 -2.806798 67.015076  -0.879248 -0.458573 -0.128973  1.567800 -0.569000 1 6 1.000000
CloneHead
0  -2.944599 -2.311297 67.534081  -0.984733 -0.167975 -0.045673  1.587400 -0.534600 1 6 1.000000
0  -2.784302 -2.806798 67.015076  -0.879248 -0.458573 -0.128973  1.567800 -0.569000 1 6 1.000000
0  -2.850399 -2.677700 67.594780  -0.895389 -0.445285 -0.000722  1.573400 -0.519900 1 6 1.000000
CloneHead
0  -2.803902 -2.790797 68.049278  -0.891589 -0.450429 -0.046712  1.568300 -0.476200 1 6 1.000000
0  -2.944599 -2.311297 67.534081  -0.984733 -0.167975 -0.045673  1.587400 -0.534600 1 6 1.000000
0  -2.850399 -2.677700 67.594780  -0.895389 -0.445285 -0.000722  1.573400 -0.519900 1 6 1.000000
CloneHead
0  -2.779302 -2.625994 69.164680  -0.938109 -0.289256 0.190477  1.571400 -0.378800 1 6 1.000000
0  -2.893700 -2.384299 68.356178  -0.980462 -0.187196 0.060427  1.582700 -0.457300 1 6 1.000000
0  -2.680001 -2.996397 68.836876  -0.915455 -0.383297 0.122581  1.562700 -0.400300 1 6 1.000000
CloneHead
0  -2.680001 -2.996397 68.836876  -0.915455 -0.383297 0.122581  1.562700 -0.400300 1 6 1.000000
0  -2.893700 -2.384299 68.356178  -0.980462 -0.187196 0.060427  1.582700 -0.457300 1 6 1.000000
0  -2.803902 -2.790797 68.049278  -0.891589 -0.450429 -0.046712  1.568300 -0.476200 1 6 1.000000
CloneHead
0  -2.893700 -2.384299 68.356178  -0.980462 -0.187196 0.060427  1.582700 -0.457300 1 6 1.000000
0  -2.944599 -2.311297 67.534081  -0.984733 -0.167975 -0.045673  1.587400 -0.534600 1 6 1.000000
0  -2.803902 -2.790797 68.049278  -0.891589 -0.450429 -0.046712  1.568300 -0.476200 1 6 1.000000
CloneHead
0  -2.893700 -2.384299 68.356178  -0.980462 -0.187196 0.060427  1.582700 -0.457300 1 6 1.000000
0  -3.019501 -1.634597 67.386070  -0.994388 -0.064071 -0.084190  1.607600 -0.563900 1 6 1.000000
0  -2.944599 -2.311297 67.534081  -0.984733 -0.167975 -0.045673  1.587400 -0.534600 1 6 1.000000
CloneHead
0  -3.019501 -1.634597 67.386070  -0.994388 -0.064071 -0.084190  1.607600 -0.563900 1 6 1.000000
0  -2.716801 -2.407198 66.379181  -0.925303 -0.256293 -0.279514  1.571800 -0.638500 1 6 1.000000
0  -2.944599 -2.311297 67.534081  -0.984733 -0.167975 -0.045673  1.587400 -0.534600 1 6 1.000000
CloneHead
0  -2.851002 -1.238199 66.414070  -0.981946 -0.110708 -0.153381  1.612500 -0.665500 1 6 1.000000
0  -2.716801 -2.407198 66.379181  -0.925303 -0.256293 -0.279514  1.571800 -0.638500 1 6 1.000000
0  -3.019501 -1.634597 67.386070  -0.994388 -0.064071 -0.084190  1.607600 -0.563900 1 6 1.000000
CloneHead
0  -2.514900 -2.061501 65.560074  -0.923360 -0.277556 -0.265272  1.570900 -0.724000 1 6 1.000000
0  -2.716801 -2.407198 66.379181  -0.925303 -0.256293 -0.279514  1.571800 -0.638500 1 6 1.000000
0  -2.851002 -1.238199 66.414070  -0.981946 -0.110708 -0.153381  1.612500 -0.665500 1 6 1.000000
CloneHead
0  -2.514900 -2.061501 65.560074  -0.923360 -0.277556 -0.265272  1.570900 -0.724000 1 6 1.000000
0  -2.178601 -3.187101 65.849678  -0.784720 -0.541802 -0.301108  1.533100 -0.662700 1 6 1.000000
0  -2.716801 -2.407198 66.379181  -0.925303 -0.256293 -0.279514  1.571800 -0.638500 1 6 1.000000
CloneHead
0  -2.054298 -2.870001 65.070976  -0.888667 -0.404699 -0.215616  1.528700 -0.738400 1 6 1.000000
0  -2.178601 -3.187101 65.849678  -0.784720 -0.541802 -0.301108  1.533100 -0.662700 1 6 1.000000
0  -2.514900 -2.061501 65.560074  -0.923360 -0.277556 -0.265272  1.570900 -0.724000 1 6 1.000000
CloneHead
0  -2.054298 -2.870001 65.070976  -0.888667 -0.404699 -0.215616  1.528700 -0.738400 1 6 1.000000
0  -1.672901 -3.562502 65.593666  -0.623072 -0.774450 -0.109586  1.506400 -0.667600 1 6 1.000000
0  -2.178601 -3.187101 65.849678  -0.784720 -0.541802 -0.301108  1.533100 -0.662700 1 6 1.000000
CloneHead
0  -1.834900 -3.317605 64.901344  -0.838798 -0.529137 -0.128188  1.512100 -0.732300 1 6 1.000000
0  -1.672901 -3.562502 65.593666  -0.623072 -0.774450 -0.109586  1.506400 -0.667600 1 6 1.000000
0  -2.054298 -2.870001 65.070976  -0.888667 -0.404699 -0.215616  1.528700 -0.738400 1 6 1.000000
CloneHead
0  -1.834900 -3.317605 64.901344  -0.838798 -0.529137 -0.128188  1.512100 -0.732300 1 6 1.000000
0  -1.373901 -3.793201 65.223679  -0.674001 -0.737361 0.044966  1.489300 -0.689400 1 6 1.000000
0  -1.672901 -3.562502 65.593666  -0.623072 -0.774450 -0.109586  1.506400 -0.667600 1 6 1.000000
CloneHead
0  -1.545799 -3.644406 64.811676  -0.694479 -0.702080 -0.157425  1.496200 -0.733200 1 6 1.000000
0  -1.373901 -3.793201 65.223679  -0.674001 -0.737361 0.044966  1.489300 -0.689400 1 6 1.000000
0  -1.834900 -3.317605 64.901344  -0.838798 -0.529137 -0.128188  1.512100 -0.732300 1 6 1.000000
CloneHead
0  -1.335999 -3.793807 64.740578  -0.635042 -0.732711 -0.244657  1.486200 -0.729100 1 6 1.000000
0  -1.373901 -3.793201 65.223679  -0.674001 -0.737361 0.044966  1.489300 -0.689400 1 6 1.000000
0  -1.545799 -3.644406 64.811676  -0.694479 -0.702080 -0.157425  1.496200 -0.733200 1 6 1.000000
CloneHead
0  -1.208302 -4.006904 64.815979  -0.711159 -0.627431 -0.317150  1.476300 -0.717200 1 6 1.000000
0  -1.373901 -3.793201 65.223679  -0.674001 -0.737361 0.044966  1.489300 -0.689400 1 6 1.000000
0  -1.335999 -3.793807 64.740578  -0.635042 -0.732711 -0.244657  1.486200 -0.729100 1 6 1.000000
CloneHead
0  -1.208302 -4.006904 64.815979  -0.711159 -0.627431 -0.317150  1.476300 -0.717200 1 6 1.000000
0  -0.876301 -4.260603 65.352783  -0.644140 -0.719650 0.259206  1.462800 -0.665600 1 6 1.000000
0  -1.373901 -3.793201 65.223679  -0.674001 -0.737361 0.044966  1.489300 -0.689400 1 6 1.000000
CloneHead
0  -0.835800 -4.463903 64.978485  -0.606250 -0.784703 -0.129240  1.454300 -0.693500 1 6 1.000000
0  -0.876301 -4.260603 65.352783  -0.644140 -0.719650 0.259206  1.462800 -0.665600 1 6 1.000000
0  -1.208302 -4.006904 64.815979  -0.711159 -0.627431 -0.317150  1.476300 -0.717200 1 6 1.000000
CloneHead
0  -0.835800 -4.463903 64.978485  -0.606250 -0.784703 -0.129240  1.454300 -0.693500 1 6 1.000000
0  -0.355999 -4.566505 65.442268  -0.253518 -0.924501 0.284653  1.436800 -0.649300 1 6 1.000000
0  -0.876301 -4.260603 65.352783  -0.644140 -0.719650 0.259206  1.462800 -0.665600 1 6 1.000000
CloneHead
0  -0.814201 -4.192103 64.262283  -0.577706 -0.801894 -0.152389  1.453900 -0.755000 1 6 1.000000
0  -0.373402 -4.312808 64.337067  -0.167622 -0.903515 -0.394415  1.432400 -0.743600 1 6 1.000000
0  -0.767300 -4.433806 64.423584  -0.496494 -0.802118 -0.331813  1.449800 -0.740100 1 6 1.000000
CloneHead
0  -1.099201 -4.005402 64.599976  -0.718806 -0.694337 0.034844  1.472200 -0.737500 1 6 1.000000
0  -0.814201 -4.192103 64.262283  -0.577706 -0.801894 -0.152389  1.453900 -0.755000 1 6 1.000000
0  -0.767300 -4.433806 64.423584  -0.496494 -0.802118 -0.331813  1.449800 -0.740100 1 6 1.000000
CloneHead
0  -0.730400 -4.319505 64.766685  -0.423206 -0.569705 0.704509  1.454100 -0.708800 1 6 1.000000
0  -1.099201 -4.005402 64.599976  -0.718806 -0.694337 0.034844  1.472200 -0.737500 1 6 1.000000
0  -0.767300 -4.433806 64.423584  -0.496494 -0.802118 -0.331813  1.449800 -0.740100 1 6 1.000000
CloneHead
0  -1.073502 -3.988004 64.731575  -0.567162 -0.510598 0.646232  1.474700 -0.728200 1 6 1.000000
0  -1.099201 -4.005402 64.599976  -0.718806 -0.694337 0.034844  1.472200 -0.737500 1 6 1.000000
0  -0.730400 -4.319505 64.766685  -0.423206 -0.569705 0.704509  1.454100 -0.708800 1 6 1.000000
CloneHead
0  -1.225601 -3.834402 64.716179  -0.596382 -0.788924 -0.148076  1.480900 -0.731200 1 6 1.000000
0  -1.099201 -4.005402 64.599976  -0.718806 -0.694337 0.034844  1.472200 -0.737500 1 6 1.000000
0  -1.073502 -3.988004 64.731575  -0.567162 -0.510598 0.646232  1.474700 -0.728200 1 6 1.000000
CloneHead
0  -1.312302 -3.800003 64.698074  -0.589591 -0.805305 -0.062179  1.484400 -0.736500 1 6 1.000000
0  -1.099201 -4.005402 64.599976  -0.718806 -0.694337 0.034844  1.472200 -0.737500 1 6 1.000000
0  -1.225601 -3.834402 64.716179  -0.596382 -0.788924 -0.148076  1.480900 -0.731200 1 6 1.000000
CloneHead
0  -1.225601 -3.834402 64.716179  -0.596382 -0.788924 -0.148076  1.480900 -0.731200 1 6 1.000000
0  -1.335999 -3.793807 64.740578  -0.635042 -0.732711 -0.244657  1.486200 -0.729100 1 6 1.000000
0  -1.312302 -3.800003 64.698074  -0.589591 -0.805305 -0.062179  1.484400 -0.736500 1 6 1.000000
CloneHead
0  -1.312302 -3.800003 64.698074  -0.589591 -0.805305 -0.062179  1.484400 -0.736500 1 6 1.000000
0  -1.335999 -3.793807 64.740578  -0.635042 -0.732711 -0.244657  1.486200 -0.729100 1 6 1.000000
0  -1.424702 -3.683999 64.667480  -0.685896 -0.698708 -0.203357  1.489600 -0.738500 1 6 1.000000
CloneHead
0  -1.424702 -3.683999 64.667480  -0.685896 -0.698708 -0.203357  1.489600 -0.738500 1 6 1.000000
0  -1.335999 -3.793807 64.740578  -0.635042 -0.732711 -0.244657  1.486200 -0.729100 1 6 1.000000
0  -1.545799 -3.644406 64.811676  -0.694479 -0.702080 -0.157425  1.496200 -0.733200 1 6 1.000000
CloneHead
0  -1.545799 -3.644406 64.811676  -0.694479 -0.702080 -0.157425  1.496200 -0.733200 1 6 1.000000
0  -1.708500 -3.319707 64.553169  -0.836995 -0.520611 -0.168530  1.503700 -0.758700 1 6 1.000000
0  -1.424702 -3.683999 64.667480  -0.685896 -0.698708 -0.203357  1.489600 -0.738500 1 6 1.000000
CloneHead
0  -1.834900 -3.317605 64.901344  -0.838798 -0.529137 -0.128188  1.512100 -0.732300 1 6 1.000000
0  -1.708500 -3.319707 64.553169  -0.836995 -0.520611 -0.168530  1.503700 -0.758700 1 6 1.000000
0  -1.545799 -3.644406 64.811676  -0.694479 -0.702080 -0.157425  1.496200 -0.733200 1 6 1.000000
CloneHead
0  -1.834900 -3.317605 64.901344  -0.838798 -0.529137 -0.128188  1.512100 -0.732300 1 6 1.000000
0  -1.955601 -2.780501 64.467773  -0.898747 -0.344802 -0.270859  1.524400 -0.793900 1 6 1.000000
0  -1.708500 -3.319707 64.553169  -0.836995 -0.520611 -0.168530  1.503700 -0.758700 1 6 1.000000
CloneHead
0  -2.054298 -2.870001 65.070976  -0.888667 -0.404699 -0.215616  1.528700 -0.738400 1 6 1.000000
0  -1.955601 -2.780501 64.467773  -0.898747 -0.344802 -0.270859  1.524400 -0.793900 1 6 1.000000
0  -1.834900 -3.317605 64.901344  -0.838798 -0.529137 -0.128188  1.512100 -0.732300 1 6 1.000000
CloneHead
0  -1.955601 -2.780501 64.467773  -0.898747 -0.344802 -0.270859  1.524400 -0.793900 1 6 1.000000
0  -2.054298 -2.870001 65.070976  -0.888667 -0.404699 -0.215616  1.528700 -0.738400 1 6 1.000000
0  -2.353004 -1.852901 64.761978  -0.913666 -0.308788 -0.264320  1.565100 -0.802900 1 6 1.000000
CloneHead
0  -2.353004 -1.852901 64.761978  -0.913666 -0.308788 -0.264320  1.565100 -0.802900 1 6 1.000000
0  -2.054298 -2.870001 65.070976  -0.888667 -0.404699 -0.215616  1.528700 -0.738400 1 6 1.000000
0  -2.514900 -2.061501 65.560074  -0.923360 -0.277556 -0.265272  1.570900 -0.724000 1 6 1.000000
CloneHead
0  -2.514900 -2.061501 65.560074  -0.923360 -0.277556 -0.265272  1.570900 -0.724000 1 6 1.000000
0  -2.756501 -0.892498 65.127968  -0.951754 -0.251386 -0.175981  1.609100 -0.794200 1 6 1.000000
0  -2.353004 -1.852901 64.761978  -0.913666 -0.308788 -0.264320  1.565100 -0.802900 1 6 1.000000
CloneHead
0  -2.851002 -1.238199 66.414070  -0.981946 -0.110708 -0.153381  1.612500 -0.665500 1 6 1.000000
0  -2.756501 -0.892498 65.127968  -0.951754 -0.251386 -0.175981  1.609100 -0.794200 1 6 1.000000
0  -2.514900 -2.061501 65.560074  -0.923360 -0.277556 -0.265272  1.570900 -0.724000 1 6 1.000000
CloneHead
0  -2.851002 -1.238199 66.414070  -0.981946 -0.110708 -0.153381  1.612500 -0.665500 1 6 1.000000
0  -2.928501 -0.241796 65.994072  -0.899305 -0.272609 -0.341957  1.644400 -0.730300 1 6 1.000000
0  -2.756501 -0.892498 65.127968  -0.951754 -0.251386 -0.175981  1.609100 -0.794200 1 6 1.000000
CloneHead
0  -1.197102 -3.874302 64.441681  -0.685720 -0.727545 -0.021613  1.475400 -0.752900 1 6 1.000000
0  -1.312302 -3.800003 64.698074  -0.589591 -0.805305 -0.062179  1.484400 -0.736500 1 6 1.000000
0  -1.424702 -3.683999 64.667480  -0.685896 -0.698708 -0.203357  1.489600 -0.738500 1 6 1.000000
CloneHead
0  -1.099201 -4.005402 64.599976  -0.718806 -0.694337 0.034844  1.472200 -0.737500 1 6 1.000000
0  -1.312302 -3.800003 64.698074  -0.589591 -0.805305 -0.062179  1.484400 -0.736500 1 6 1.000000
0  -1.197102 -3.874302 64.441681  -0.685720 -0.727545 -0.021613  1.475400 -0.752900 1 6 1.000000
CloneHead
0  -1.197102 -3.874302 64.441681  -0.685720 -0.727545 -0.021613  1.475400 -0.752900 1 6 1.000000
0  -0.814201 -4.192103 64.262283  -0.577706 -0.801894 -0.152389  1.453900 -0.755000 1 6 1.000000
0  -1.099201 -4.005402 64.599976  -0.718806 -0.694337 0.034844  1.472200 -0.737500 1 6 1.000000
CloneHead
0  -1.708500 -3.319707 64.553169  -0.836995 -0.520611 -0.168530  1.503700 -0.758700 1 6 1.000000
0  -1.955601 -2.780501 64.467773  -0.898747 -0.344802 -0.270859  1.524400 -0.793900 1 6 1.000000
0  -1.603802 -3.472198 64.169876  -0.860459 -0.479372 -0.172664  1.493900 -0.789100 1 6 1.000000
CloneHead
0  -1.708500 -3.319707 64.553169  -0.836995 -0.520611 -0.168530  1.503700 -0.758700 1 6 1.000000
0  -1.603802 -3.472198 64.169876  -0.860459 -0.479372 -0.172664  1.493900 -0.789100 1 6 1.000000
0  -1.424702 -3.683999 64.667480  -0.685896 -0.698708 -0.203357  1.489600 -0.738500 1 6 1.000000
CloneHead
0  -1.424702 -3.683999 64.667480  -0.685896 -0.698708 -0.203357  1.489600 -0.738500 1 6 1.000000
0  -1.603802 -3.472198 64.169876  -0.860459 -0.479372 -0.172664  1.493900 -0.789100 1 6 1.000000
0  -1.197102 -3.874302 64.441681  -0.685720 -0.727545 -0.021613  1.475400 -0.752900 1 6 1.000000
CloneHead
0  -1.603802 -3.472198 64.169876  -0.860459 -0.479372 -0.172664  1.493900 -0.789100 1 6 1.000000
0  -1.365501 -3.822308 63.943974  -0.795302 -0.592402 -0.128663  1.475900 -0.794000 1 6 1.000000
0  -1.197102 -3.874302 64.441681  -0.685720 -0.727545 -0.021613  1.475400 -0.752900 1 6 1.000000
CloneHead
0  -1.197102 -3.874302 64.441681  -0.685720 -0.727545 -0.021613  1.475400 -0.752900 1 6 1.000000
0  -1.365501 -3.822308 63.943974  -0.795302 -0.592402 -0.128663  1.475900 -0.794000 1 6 1.000000
0  -0.814201 -4.192103 64.262283  -0.577706 -0.801894 -0.152389  1.453900 -0.755000 1 6 1.000000
CloneHead
0  -1.365501 -3.822308 63.943974  -0.795302 -0.592402 -0.128663  1.475900 -0.794000 1 6 1.000000
0  -0.965599 -4.196211 63.715580  -0.673892 -0.731428 -0.104316  1.453200 -0.800100 1 6 1.000000
0  -0.814201 -4.192103 64.262283  -0.577706 -0.801894 -0.152389  1.453900 -0.755000 1 6 1.000000
CloneHead
0  -0.814201 -4.192103 64.262283  -0.577706 -0.801894 -0.152389  1.453900 -0.755000 1 6 1.000000
0  -0.965599 -4.196211 63.715580  -0.673892 -0.731428 -0.104316  1.453200 -0.800100 1 6 1.000000
0  -0.714500 -4.357911 63.846588  -0.427019 -0.897484 0.110353  1.445500 -0.785300 1 6 1.000000
CloneHead
0  -0.695702 -4.349212 63.531994  -0.342502 -0.867357 -0.361087  1.442000 -0.815500 1 6 1.000000
0  -0.714500 -4.357911 63.846588  -0.427019 -0.897484 0.110353  1.445500 -0.785300 1 6 1.000000
0  -0.965599 -4.196211 63.715580  -0.673892 -0.731428 -0.104316  1.453200 -0.800100 1 6 1.000000
CloneHead
0  -0.365101 -4.458707 63.625664  -0.139297 -0.944156 -0.298608  1.433400 -0.815100 1 6 1.000000
0  -0.714500 -4.357911 63.846588  -0.427019 -0.897484 0.110353  1.445500 -0.785300 1 6 1.000000
0  -0.695702 -4.349212 63.531994  -0.342502 -0.867357 -0.361087  1.442000 -0.815500 1 6 1.000000
CloneHead
0  -2.941102 -0.320996 65.391167  -0.933977 0.344072 -0.096446  1.635400 -0.789000 1 6 1.000000
0  -2.615102 -0.163598 65.359367  -0.766752 0.632101 -0.111976  1.645100 -0.799500 1 6 1.000000
0  -2.768703 -0.339398 64.524467  -0.925668 0.251863 -0.282317  1.624400 -0.870600 1 6 1.000000
CloneHead
0  -2.941102 -0.320996 65.391167  -0.933977 0.344072 -0.096446  1.635400 -0.789000 1 6 1.000000
0  -2.768703 -0.339398 64.524467  -0.925668 0.251863 -0.282317  1.624400 -0.870600 1 6 1.000000
0  -2.756501 -0.892498 65.127968  -0.951754 -0.251386 -0.175981  1.609100 -0.794200 1 6 1.000000
CloneHead
0  -2.756501 -0.892498 65.127968  -0.951754 -0.251386 -0.175981  1.609100 -0.794200 1 6 1.000000
0  -2.768703 -0.339398 64.524467  -0.925668 0.251863 -0.282317  1.624400 -0.870600 1 6 1.000000
0  -2.519100 -0.968501 64.338371  -0.772664 -0.180789 -0.608528  1.592300 -0.873100 1 6 1.000000
CloneHead
0  -2.756501 -0.892498 65.127968  -0.951754 -0.251386 -0.175981  1.609100 -0.794200 1 6 1.000000
0  -2.519100 -0.968501 64.338371  -0.772664 -0.180789 -0.608528  1.592300 -0.873100 1 6 1.000000
0  -2.353004 -1.852901 64.761978  -0.913666 -0.308788 -0.264320  1.565100 -0.802900 1 6 1.000000
CloneHead
0  -2.353004 -1.852901 64.761978  -0.913666 -0.308788 -0.264320  1.565100 -0.802900 1 6 1.000000
0  -2.519100 -0.968501 64.338371  -0.772664 -0.180789 -0.608528  1.592300 -0.873100 1 6 1.000000
0  -2.128102 -1.867901 64.052475  -0.704037 -0.113986 -0.700956  1.547100 -0.875100 1 6 1.000000
CloneHead
0  -2.353004 -1.852901 64.761978  -0.913666 -0.308788 -0.264320  1.565100 -0.802900 1 6 1.000000
0  -2.128102 -1.867901 64.052475  -0.704037 -0.113986 -0.700956  1.547100 -0.875100 1 6 1.000000
0  -1.955601 -2.780501 64.467773  -0.898747 -0.344802 -0.270859  1.524400 -0.793900 1 6 1.000000
CloneHead
0  -1.955601 -2.780501 64.467773  -0.898747 -0.344802 -0.270859  1.524400 -0.793900 1 6 1.000000
0  -2.128102 -1.867901 64.052475  -0.704037 -0.113986 -0.700956  1.547100 -0.875100 1 6 1.000000
0  -1.552299 -2.947205 63.639057  -0.655317 -0.061057 -0.752882  1.497000 -0.858900 1 6 1.000000
CloneHead
0  -1.603802 -3.472198 64.169876  -0.860459 -0.479372 -0.172664  1.493900 -0.789100 1 6 1.000000
0  -1.955601 -2.780501 64.467773  -0.898747 -0.344802 -0.270859  1.524400 -0.793900 1 6 1.000000
0  -1.552299 -2.947205 63.639057  -0.655317 -0.061057 -0.752882  1.497000 -0.858900 1 6 1.000000
CloneHead
0  -1.552299 -2.947205 63.639057  -0.655317 -0.061057 -0.752882  1.497000 -0.858900 1 6 1.000000
0  -1.295898 -3.460007 63.482777  -0.675739 -0.144992 -0.722740  1.476200 -0.849900 1 6 1.000000
0  -1.603802 -3.472198 64.169876  -0.860459 -0.479372 -0.172664  1.493900 -0.789100 1 6 1.000000
CloneHead
0  -1.603802 -3.472198 64.169876  -0.860459 -0.479372 -0.172664  1.493900 -0.789100 1 6 1.000000
0  -1.295898 -3.460007 63.482777  -0.675739 -0.144992 -0.722740  1.476200 -0.849900 1 6 1.000000
0  -1.365501 -3.822308 63.943974  -0.795302 -0.592402 -0.128663  1.475900 -0.794000 1 6 1.000000
CloneHead
0  -1.295898 -3.460007 63.482777  -0.675739 -0.144992 -0.722740  1.476200 -0.849900 1 6 1.000000
0  -1.066502 -3.856309 63.408680  -0.674950 -0.325473 -0.662201  1.460000 -0.842900 1 6 1.000000
0  -1.365501 -3.822308 63.943974  -0.795302 -0.592402 -0.128663  1.475900 -0.794000 1 6 1.000000
CloneHead
0  -1.365501 -3.822308 63.943974  -0.795302 -0.592402 -0.128663  1.475900 -0.794000 1 6 1.000000
0  -1.066502 -3.856309 63.408680  -0.674950 -0.325473 -0.662201  1.460000 -0.842900 1 6 1.000000
0  -0.965599 -4.196211 63.715580  -0.673892 -0.731428 -0.104316  1.453200 -0.800100 1 6 1.000000
CloneHead
0  -0.836601 -4.176805 63.369183  -0.486353 -0.594411 -0.640419  1.447300 -0.831600 1 6 1.000000
0  -0.965599 -4.196211 63.715580  -0.673892 -0.731428 -0.104316  1.453200 -0.800100 1 6 1.000000
0  -1.066502 -3.856309 63.408680  -0.674950 -0.325473 -0.662201  1.460000 -0.842900 1 6 1.000000
CloneHead
0  -0.695702 -4.349212 63.531994  -0.342502 -0.867357 -0.361087  1.442000 -0.815500 1 6 1.000000
0  -0.965599 -4.196211 63.715580  -0.673892 -0.731428 -0.104316  1.453200 -0.800100 1 6 1.000000
0  -0.836601 -4.176805 63.369183  -0.486353 -0.594411 -0.640419  1.447300 -0.831600 1 6 1.000000
CloneHead
0  -0.382999 -4.241007 63.349163  -0.076754 -0.661617 -0.745903  1.432700 -0.842800 1 6 1.000000
0  -0.695702 -4.349212 63.531994  -0.342502 -0.867357 -0.361087  1.442000 -0.815500 1 6 1.000000
0  -0.836601 -4.176805 63.369183  -0.486353 -0.594411 -0.640419  1.447300 -0.831600 1 6 1.000000
CloneHead
0  -0.365101 -4.458707 63.625664  -0.139297 -0.944156 -0.298608  1.433400 -0.815100 1 6 1.000000
0  -0.695702 -4.349212 63.531994  -0.342502 -0.867357 -0.361087  1.442000 -0.815500 1 6 1.000000
0  -0.382999 -4.241007 63.349163  -0.076754 -0.661617 -0.745903  1.432700 -0.842800 1 6 1.000000
CloneHead
0  -0.007500 -4.283607 63.368279  -0.001262 -0.689624 -0.724167  1.421700 -0.851200 1 6 1.000000
0  -0.365101 -4.458707 63.625664  -0.139297 -0.944156 -0.298608  1.433400 -0.815100 1 6 1.000000
0  -0.382999 -4.241007 63.349163  -0.076754 -0.661617 -0.745903  1.432700 -0.842800 1 6 1.000000
CloneHead
0  -0.382999 -4.241007 63.349163  -0.076754 -0.661617 -0.745903  1.432700 -0.842800 1 6 1.000000
0  -0.007099 -4.044806 63.215176  -0.000458 -0.260345 -0.965515  1.421700 -0.869900 1 6 1.000000
0  -0.007500 -4.283607 63.368279  -0.001262 -0.689624 -0.724167  1.421700 -0.851200 1 6 1.000000
CloneHead
0  -0.397099 -4.023707 63.211460  -0.072342 -0.240772 -0.967882  1.434500 -0.855800 1 6 1.000000
0  -0.007099 -4.044806 63.215176  -0.000458 -0.260345 -0.965515  1.421700 -0.869900 1 6 1.000000
0  -0.382999 -4.241007 63.349163  -0.076754 -0.661617 -0.745903  1.432700 -0.842800 1 6 1.000000
CloneHead
0  -0.397099 -4.023707 63.211460  -0.072342 -0.240772 -0.967882  1.434500 -0.855800 1 6 1.000000
0  -0.382999 -4.241007 63.349163  -0.076754 -0.661617 -0.745903  1.432700 -0.842800 1 6 1.000000
0  -0.741798 -4.005307 63.256691  -0.251151 -0.254207 -0.933971  1.445800 -0.843300 1 6 1.000000
CloneHead
0  -0.741798 -4.005307 63.256691  -0.251151 -0.254207 -0.933971  1.445800 -0.843300 1 6 1.000000
0  -0.382999 -4.241007 63.349163  -0.076754 -0.661617 -0.745903  1.432700 -0.842800 1 6 1.000000
0  -0.836601 -4.176805 63.369183  -0.486353 -0.594411 -0.640419  1.447300 -0.831600 1 6 1.000000
CloneHead
0  -0.836601 -4.176805 63.369183  -0.486353 -0.594411 -0.640419  1.447300 -0.831600 1 6 1.000000
0  -1.066502 -3.856309 63.408680  -0.674950 -0.325473 -0.662201  1.460000 -0.842900 1 6 1.000000
0  -0.741798 -4.005307 63.256691  -0.251151 -0.254207 -0.933971  1.445800 -0.843300 1 6 1.000000
CloneHead
0  -1.338902 1.577106 65.064667  -0.482204 0.831296 -0.276453  1.744000 -0.880200 1 6 1.000000
0  -2.281400 1.208007 66.137772  -0.783342 0.567780 -0.252985  1.709500 -0.746900 1 6 1.000000
0  -1.269699 2.121611 66.328171  -0.452281 0.837924 -0.305491  1.766900 -0.736600 1 6 1.000000
CloneHead
0  -2.359700 0.614005 64.761871  -0.836511 0.532472 -0.129315  1.678600 -0.896300 1 6 1.000000
0  -2.281400 1.208007 66.137772  -0.783342 0.567780 -0.252985  1.709500 -0.746900 1 6 1.000000
0  -1.338902 1.577106 65.064667  -0.482204 0.831296 -0.276453  1.744000 -0.880200 1 6 1.000000
CloneHead
0  -2.359700 0.614005 64.761871  -0.836511 0.532472 -0.129315  1.678600 -0.896300 1 6 1.000000
0  -2.615102 -0.163598 65.359367  -0.766752 0.632101 -0.111976  1.645100 -0.799500 1 6 1.000000
0  -2.281400 1.208007 66.137772  -0.783342 0.567780 -0.252985  1.709500 -0.746900 1 6 1.000000
CloneHead
0  -2.648900 -0.242599 64.329071  -0.935773 0.101238 -0.337755  1.629800 -0.902700 1 6 1.000000
0  -2.615102 -0.163598 65.359367  -0.766752 0.632101 -0.111976  1.645100 -0.799500 1 6 1.000000
0  -2.359700 0.614005 64.761871  -0.836511 0.532472 -0.129315  1.678600 -0.896300 1 6 1.000000
CloneHead
0  -2.768703 -0.339398 64.524467  -0.925668 0.251863 -0.282317  1.624400 -0.870600 1 6 1.000000
0  -2.615102 -0.163598 65.359367  -0.766752 0.632101 -0.111976  1.645100 -0.799500 1 6 1.000000
0  -2.648900 -0.242599 64.329071  -0.935773 0.101238 -0.337755  1.629800 -0.902700 1 6 1.000000
CloneHead
0  -2.768703 -0.339398 64.524467  -0.925668 0.251863 -0.282317  1.624400 -0.870600 1 6 1.000000
0  -2.648900 -0.242599 64.329071  -0.935773 0.101238 -0.337755  1.629800 -0.902700 1 6 1.000000
0  -2.519100 -0.968501 64.338371  -0.772664 -0.180789 -0.608528  1.592300 -0.873100 1 6 1.000000
CloneHead
0  -2.519100 -0.968501 64.338371  -0.772664 -0.180789 -0.608528  1.592300 -0.873100 1 6 1.000000
0  -2.648900 -0.242599 64.329071  -0.935773 0.101238 -0.337755  1.629800 -0.902700 1 6 1.000000
0  -2.132600 -0.934399 64.142281  -0.630463 -0.263767 -0.730030  1.587200 -0.914600 1 6 1.000000
CloneHead
0  -2.132600 -0.934399 64.142281  -0.630463 -0.263767 -0.730030  1.587200 -0.914600 1 6 1.000000
0  -2.128102 -1.867901 64.052475  -0.704037 -0.113986 -0.700956  1.547100 -0.875100 1 6 1.000000
0  -2.519100 -0.968501 64.338371  -0.772664 -0.180789 -0.608528  1.592300 -0.873100 1 6 1.000000
CloneHead
0  -1.276798 -2.146202 63.752373  -0.494474 -0.121503 -0.860658  1.504200 -0.932300 1 6 1.000000
0  -2.128102 -1.867901 64.052475  -0.704037 -0.113986 -0.700956  1.547100 -0.875100 1 6 1.000000
0  -2.132600 -0.934399 64.142281  -0.630463 -0.263767 -0.730030  1.587200 -0.914600 1 6 1.000000
CloneHead
0  -2.128102 -1.867901 64.052475  -0.704037 -0.113986 -0.700956  1.547100 -0.875100 1 6 1.000000
0  -1.276798 -2.146202 63.752373  -0.494474 -0.121503 -0.860658  1.504200 -0.932300 1 6 1.000000
0  -1.552299 -2.947205 63.639057  -0.655317 -0.061057 -0.752882  1.497000 -0.858900 1 6 1.000000
CloneHead
0  -1.552299 -2.947205 63.639057  -0.655317 -0.061057 -0.752882  1.497000 -0.858900 1 6 1.000000
0  -1.276798 -2.146202 63.752373  -0.494474 -0.121503 -0.860658  1.504200 -0.932300 1 6 1.000000
0  -1.105202 -2.820304 63.522278  -0.183483 0.259025 -0.948283  1.481100 -0.899900 1 6 1.000000
CloneHead
0  -1.105202 -2.820304 63.522278  -0.183483 0.259025 -0.948283  1.481100 -0.899900 1 6 1.000000
0  -1.295898 -3.460007 63.482777  -0.675739 -0.144992 -0.722740  1.476200 -0.849900 1 6 1.000000
0  -1.552299 -2.947205 63.639057  -0.655317 -0.061057 -0.752882  1.497000 -0.858900 1 6 1.000000
CloneHead
0  -0.957699 -3.399607 63.324280  -0.253988 0.157470 -0.954302  1.461300 -0.872100 1 6 1.000000
0  -1.295898 -3.460007 63.482777  -0.675739 -0.144992 -0.722740  1.476200 -0.849900 1 6 1.000000
0  -1.105202 -2.820304 63.522278  -0.183483 0.259025 -0.948283  1.481100 -0.899900 1 6 1.000000
CloneHead
0  -1.295898 -3.460007 63.482777  -0.675739 -0.144992 -0.722740  1.476200 -0.849900 1 6 1.000000
0  -0.957699 -3.399607 63.324280  -0.253988 0.157470 -0.954302  1.461300 -0.872100 1 6 1.000000
0  -1.066502 -3.856309 63.408680  -0.674950 -0.325473 -0.662201  1.460000 -0.842900 1 6 1.000000
CloneHead
0  -1.066502 -3.856309 63.408680  -0.674950 -0.325473 -0.662201  1.460000 -0.842900 1 6 1.000000
0  -0.957699 -3.399607 63.324280  -0.253988 0.157470 -0.954302  1.461300 -0.872100 1 6 1.000000
0  -0.833099 -3.749007 63.257385  -0.284069 0.008087 -0.958770  1.452400 -0.855500 1 6 1.000000
CloneHead
0  -0.741798 -4.005307 63.256691  -0.251151 -0.254207 -0.933971  1.445800 -0.843300 1 6 1.000000
0  -1.066502 -3.856309 63.408680  -0.674950 -0.325473 -0.662201  1.460000 -0.842900 1 6 1.000000
0  -0.833099 -3.749007 63.257385  -0.284069 0.008087 -0.958770  1.452400 -0.855500 1 6 1.000000
CloneHead
0  -0.833099 -3.749007 63.257385  -0.284069 0.008087 -0.958770  1.452400 -0.855500 1 6 1.000000
0  -0.415901 -3.755708 63.233562  -0.041835 0.129084 -0.990751  1.436800 -0.873800 1 6 1.000000
0  -0.741798 -4.005307 63.256691  -0.251151 -0.254207 -0.933971  1.445800 -0.843300 1 6 1.000000
CloneHead
0  -0.741798 -4.005307 63.256691  -0.251151 -0.254207 -0.933971  1.445800 -0.843300 1 6 1.000000
0  -0.415901 -3.755708 63.233562  -0.041835 0.129084 -0.990751  1.436800 -0.873800 1 6 1.000000
0  -0.397099 -4.023707 63.211460  -0.072342 -0.240772 -0.967882  1.434500 -0.855800 1 6 1.000000
CloneHead
0  -0.004902 -2.815305 63.482777  -0.000291 -0.176920 -0.984225  1.421700 -0.946800 1 6 1.000000
0  -1.105202 -2.820304 63.522278  -0.183483 0.259025 -0.948283  1.481100 -0.899900 1 6 1.000000
0  -1.276798 -2.146202 63.752373  -0.494474 -0.121503 -0.860658  1.504200 -0.932300 1 6 1.000000
CloneHead
0  -0.004299 -2.454102 62.860275  -0.001503 -0.864938 -0.501877  1.421700 -0.993700 1 6 1.000000
0  0.925598 -1.938202 63.045959  0.630967 -0.606871 -0.483310  1.351400 -0.993700 1 6 1.000000
0  -0.004902 -2.815305 63.482777  -0.000291 -0.176920 -0.984225  1.421700 -0.946800 1 6 1.000000
CloneHead
0  -0.004299 -2.454102 62.860275  -0.001503 -0.864938 -0.501877  1.421700 -0.993700 1 6 1.000000
0  -0.004902 -2.815305 63.482777  -0.000291 -0.176920 -0.984225  1.421700 -0.946800 1 6 1.000000
0  -0.932400 -1.935004 63.045979  -0.633119 -0.604684 -0.483237  1.492000 -0.993700 1 6 1.000000
CloneHead
0  -0.932400 -1.935004 63.045979  -0.633119 -0.604684 -0.483237  1.492000 -0.993700 1 6 1.000000
0  -0.004902 -2.815305 63.482777  -0.000291 -0.176920 -0.984225  1.421700 -0.946800 1 6 1.000000
0  -1.276798 -2.146202 63.752373  -0.494474 -0.121503 -0.860658  1.504200 -0.932300 1 6 1.000000
CloneHead
0  -0.932400 -1.935004 63.045979  -0.633119 -0.604684 -0.483237  1.492000 -0.993700 1 6 1.000000
0  -1.276798 -2.146202 63.752373  -0.494474 -0.121503 -0.860658  1.504200 -0.932300 1 6 1.000000
0  -1.569599 -0.963501 63.385361  -0.739246 -0.434962 -0.514125  1.564800 -0.993700 1 6 1.000000
CloneHead
0  -1.569599 -0.963501 63.385361  -0.739246 -0.434962 -0.514125  1.564800 -0.993700 1 6 1.000000
0  -1.276798 -2.146202 63.752373  -0.494474 -0.121503 -0.860658  1.504200 -0.932300 1 6 1.000000
0  -2.132600 -0.934399 64.142281  -0.630463 -0.263767 -0.730030  1.587200 -0.914600 1 6 1.000000
CloneHead
0  -2.132600 -0.934399 64.142281  -0.630463 -0.263767 -0.730030  1.587200 -0.914600 1 6 1.000000
0  -2.349201 -0.322200 63.612373  -0.845804 -0.354749 -0.398457  1.623500 -0.993700 1 6 1.000000
0  -1.569599 -0.963501 63.385361  -0.739246 -0.434962 -0.514125  1.564800 -0.993700 1 6 1.000000
CloneHead
0  -2.648900 -0.242599 64.329071  -0.935773 0.101238 -0.337755  1.629800 -0.902700 1 6 1.000000
0  -2.349201 -0.322200 63.612373  -0.845804 -0.354749 -0.398457  1.623500 -0.993700 1 6 1.000000
0  -2.132600 -0.934399 64.142281  -0.630463 -0.263767 -0.730030  1.587200 -0.914600 1 6 1.000000
CloneHead
0  -2.349201 -0.322200 63.612373  -0.845804 -0.354749 -0.398457  1.623500 -0.993700 1 6 1.000000
0  -2.648900 -0.242599 64.329071  -0.935773 0.101238 -0.337755  1.629800 -0.902700 1 6 1.000000
0  -2.362541 0.388203 63.858074  -0.872964 0.434345 -0.221988  1.665700 -0.993700 1 6 1.000000
CloneHead
0  -2.362541 0.388203 63.858074  -0.872964 0.434345 -0.221988  1.665700 -0.993700 1 6 1.000000
0  -2.648900 -0.242599 64.329071  -0.935773 0.101238 -0.337755  1.629800 -0.902700 1 6 1.000000
0  -2.359700 0.614005 64.761871  -0.836511 0.532472 -0.129315  1.678600 -0.896300 1 6 1.000000
CloneHead
0  -2.359700 0.614005 64.761871  -0.836511 0.532472 -0.129315  1.678600 -0.896300 1 6 1.000000
0  -1.495998 1.245004 64.145973  -0.555799 0.806079 -0.203284  1.726700 -0.993700 1 6 1.000000
0  -2.362541 0.388203 63.858074  -0.872964 0.434345 -0.221988  1.665700 -0.993700 1 6 1.000000
CloneHead
0  -1.338902 1.577106 65.064667  -0.482204 0.831296 -0.276453  1.744000 -0.880200 1 6 1.000000
0  -1.495998 1.245004 64.145973  -0.555799 0.806079 -0.203284  1.726700 -0.993700 1 6 1.000000
0  -2.359700 0.614005 64.761871  -0.836511 0.532472 -0.129315  1.678600 -0.896300 1 6 1.000000
CloneHead
0  -1.495998 1.245004 64.145973  -0.555799 0.806079 -0.203284  1.726700 -0.993700 1 6 1.000000
0  -1.338902 1.577106 65.064667  -0.482204 0.831296 -0.276453  1.744000 -0.880200 1 6 1.000000
0  0.003300 1.885107 64.355270  0.001696 0.968437 -0.249253  1.797900 -0.993700 1 6 1.000000
CloneHead
0  0.003300 1.885107 64.355270  0.001696 0.968437 -0.249253  1.797900 -0.993700 1 6 1.000000
0  -1.338902 1.577106 65.064667  -0.482204 0.831296 -0.276453  1.744000 -0.880200 1 6 1.000000
0  0.003601 2.049707 65.049568  0.001677 0.951541 -0.307518  1.803300 -0.899800 1 6 1.000000
CloneHead
0  -1.269699 2.121611 66.328171  -0.452281 0.837924 -0.305491  1.766900 -0.736600 1 6 1.000000
0  0.003601 2.049707 65.049568  0.001677 0.951541 -0.307518  1.803300 -0.899800 1 6 1.000000
0  -1.338902 1.577106 65.064667  -0.482204 0.831296 -0.276453  1.744000 -0.880200 1 6 1.000000
CloneHead
0  0.004501 2.584712 66.404266  0.001672 0.950846 -0.309659  1.822400 -0.742500 1 6 1.000000
0  0.003601 2.049707 65.049568  0.001677 0.951541 -0.307518  1.803300 -0.899800 1 6 1.000000
0  -1.269699 2.121611 66.328171  -0.452281 0.837924 -0.305491  1.766900 -0.736600 1 6 1.000000
CloneHead
0  -1.105099 2.674514 68.066872  -0.356833 0.929627 -0.092002  1.793000 -0.557400 1 6 1.000000
0  0.004501 2.584712 66.404266  0.001672 0.950846 -0.309659  1.822400 -0.742500 1 6 1.000000
0  -1.269699 2.121611 66.328171  -0.452281 0.837924 -0.305491  1.766900 -0.736600 1 6 1.000000
CloneHead
0  0.005299 3.010716 68.130165  0.001768 0.997433 -0.071584  1.839000 -0.546500 1 6 1.000000
0  0.004501 2.584712 66.404266  0.001672 0.950846 -0.309659  1.822400 -0.742500 1 6 1.000000
0  -1.105099 2.674514 68.066872  -0.356833 0.929627 -0.092002  1.793000 -0.557400 1 6 1.000000
CloneHead
0  -1.135399 2.553315 69.661072  -0.374308 0.872695 0.313523  1.787000 -0.384200 1 6 1.000000
0  0.005299 3.010716 68.130165  0.001768 0.997433 -0.071584  1.839000 -0.546500 1 6 1.000000
0  -1.105099 2.674514 68.066872  -0.356833 0.929627 -0.092002  1.793000 -0.557400 1 6 1.000000
CloneHead
0  -3.224998 1.062110 68.272858  0.486099 0.423046 0.764683  1.875800 -0.094500 1 6 1.000000
0  -3.023103 0.319809 68.234871  -0.783462 0.086651 0.615369  1.888800 -0.027700 1 6 1.000000
0  -2.856602 0.344107 67.059273  0.040648 0.978886 -0.200326  1.932100 -0.046300 1 6 1.000000
CloneHead
0  -2.704800 -0.089795 65.968468  -0.503419 0.595065 -0.626472  1.979900 -0.016700 1 6 1.000000
0  -2.757099 0.038706 65.925468  0.647458 0.216031 -0.730841  1.981000 -0.030600 1 6 1.000000
0  -2.856602 0.344107 67.059273  0.040648 0.978886 -0.200326  1.932100 -0.046300 1 6 1.000000
CloneHead
0  -2.928501 0.740907 66.158867  0.546238 0.568077 -0.615559  1.966800 -0.095200 1 6 1.000000
0  -2.856602 0.344107 67.059273  0.040648 0.978886 -0.200326  1.932100 -0.046300 1 6 1.000000
0  -2.757099 0.038706 65.925468  0.647458 0.216031 -0.730841  1.981000 -0.030600 1 6 1.000000
CloneHead
0  -3.224998 1.062110 68.272858  0.486099 0.423046 0.764683  1.875800 -0.094500 1 6 1.000000
0  -2.856602 0.344107 67.059273  0.040648 0.978886 -0.200326  1.932100 -0.046300 1 6 1.000000
0  -2.928501 0.740907 66.158867  0.546238 0.568077 -0.615559  1.966800 -0.095200 1 6 1.000000
CloneHead
0  -3.097600 1.400109 66.985367  0.579621 0.788694 -0.204940  1.927500 -0.143600 1 6 1.000000
0  -3.224998 1.062110 68.272858  0.486099 0.423046 0.764683  1.875800 -0.094500 1 6 1.000000
0  -2.928501 0.740907 66.158867  0.546238 0.568077 -0.615559  1.966800 -0.095200 1 6 1.000000
CloneHead
0  -3.222900 1.466110 67.780663  0.486829 0.825795 0.284711  1.893600 -0.138300 1 6 1.000000
0  -3.224998 1.062110 68.272858  0.486099 0.423046 0.764683  1.875800 -0.094500 1 6 1.000000
0  -3.097600 1.400109 66.985367  0.579621 0.788694 -0.204940  1.927500 -0.143600 1 6 1.000000
CloneHead
0  3.021899 -0.132396 65.852180  0.390484 -0.384460 -0.836489  1.866900 -0.184800 1 6 1.000000
0  2.757198 0.029105 65.925468  -0.646725 0.218199 -0.730846  1.876200 -0.174200 1 6 1.000000
0  3.307601 0.611407 66.152168  0.732345 0.179990 -0.656715  1.864500 -0.117200 1 6 1.000000
CloneHead
0  3.307601 0.611407 66.152168  0.732345 0.179990 -0.656715  1.864500 -0.117200 1 6 1.000000
0  2.757198 0.029105 65.925468  -0.646725 0.218199 -0.730846  1.876200 -0.174200 1 6 1.000000
0  2.931000 0.730707 66.158867  -0.544232 0.569988 -0.615569  1.870100 -0.107400 1 6 1.000000
CloneHead
0  3.307601 0.611407 66.152168  0.732345 0.179990 -0.656715  1.864500 -0.117200 1 6 1.000000
0  2.931000 0.730707 66.158867  -0.544232 0.569988 -0.615569  1.870100 -0.107400 1 6 1.000000
0  3.519999 1.308609 66.911469  0.738282 0.551297 -0.388602  1.836500 -0.053900 1 6 1.000000
CloneHead
0  3.519999 1.308609 66.911469  0.738282 0.551297 -0.388602  1.836500 -0.053900 1 6 1.000000
0  2.931000 0.730707 66.158867  -0.544232 0.569988 -0.615569  1.870100 -0.107400 1 6 1.000000
0  3.102500 1.389309 66.985367  -0.576735 0.790808 -0.204937  1.839700 -0.036400 1 6 1.000000
CloneHead
0  3.102500 1.389309 66.985367  -0.576735 0.790808 -0.204937  1.839700 -0.036400 1 6 1.000000
0  3.228001 1.454809 67.780701  -0.483905 0.827511 0.284712  1.803900 -0.021500 1 6 1.000000
0  3.519999 1.308609 66.911469  0.738282 0.551297 -0.388602  1.836500 -0.053900 1 6 1.000000
CloneHead
0  3.519999 1.308609 66.911469  0.738282 0.551297 -0.388602  1.836500 -0.053900 1 6 1.000000
0  3.228001 1.454809 67.780701  -0.483905 0.827511 0.284712  1.803900 -0.021500 1 6 1.000000
0  3.671299 1.399909 67.748871  0.783858 0.607859 0.126785  1.804700 -0.038100 1 6 1.000000
CloneHead
0  3.228001 1.454809 67.780701  -0.483905 0.827511 0.284712  1.803900 -0.021500 1 6 1.000000
0  3.228600 1.050810 68.272881  -0.484631 0.424713 0.764691  1.777100 -0.053700 1 6 1.000000
0  3.671299 1.399909 67.748871  0.783858 0.607859 0.126785  1.804700 -0.038100 1 6 1.000000
CloneHead
0  3.020699 -0.131392 68.023079  0.835457 -0.292353 0.465340  1.791400 -0.169800 1 6 1.000000
0  3.031199 -0.411294 67.724678  0.974981 -0.222286 -0.000481  1.793500 -0.189900 1 6 1.000000
0  3.173499 -0.183993 67.930779  0.674177 -0.616068 0.407364  1.796100 -0.168800 1 6 1.000000
CloneHead
0  3.173499 -0.183993 67.930779  0.674177 -0.616068 0.407364  1.796100 -0.168800 1 6 1.000000
0  3.024199 0.309209 68.234879  0.783796 0.083805 0.615338  1.780800 -0.128500 1 6 1.000000
0  3.020699 -0.131392 68.023079  0.835457 -0.292353 0.465340  1.791400 -0.169800 1 6 1.000000
CloneHead
0  3.423000 0.293408 68.219772  0.665097 -0.425736 0.613511  1.782300 -0.126300 1 6 1.000000
0  3.024199 0.309209 68.234879  0.783796 0.083805 0.615338  1.780800 -0.128500 1 6 1.000000
0  3.173499 -0.183993 67.930779  0.674177 -0.616068 0.407364  1.796100 -0.168800 1 6 1.000000
CloneHead
0  3.024199 0.309209 68.234879  0.783796 0.083805 0.615338  1.780800 -0.128500 1 6 1.000000
0  3.423000 0.293408 68.219772  0.665097 -0.425736 0.613511  1.782300 -0.126300 1 6 1.000000
0  3.228600 1.050810 68.272881  -0.484631 0.424713 0.764691  1.777100 -0.053700 1 6 1.000000
CloneHead
0  3.228600 1.050810 68.272881  -0.484631 0.424713 0.764691  1.777100 -0.053700 1 6 1.000000
0  3.423000 0.293408 68.219772  0.665097 -0.425736 0.613511  1.782300 -0.126300 1 6 1.000000
0  3.655998 0.993210 68.272766  0.742160 0.158297 0.651261  1.781500 -0.064200 1 6 1.000000
CloneHead
0  3.671299 1.399909 67.748871  0.783858 0.607859 0.126785  1.804700 -0.038100 1 6 1.000000
0  3.228600 1.050810 68.272881  -0.484631 0.424713 0.764691  1.777100 -0.053700 1 6 1.000000
0  3.655998 0.993210 68.272766  0.742160 0.158297 0.651261  1.781500 -0.064200 1 6 1.000000
CloneHead
0  3.655998 0.993210 68.272766  0.742160 0.158297 0.651261  1.781500 -0.064200 1 6 1.000000
0  3.423000 0.293408 68.219772  0.665097 -0.425736 0.613511  1.782300 -0.126300 1 6 1.000000
0  3.671299 1.399909 67.748871  0.783858 0.607859 0.126785  1.804700 -0.038100 1 6 1.000000
CloneHead
0  3.671299 1.399909 67.748871  0.783858 0.607859 0.126785  1.804700 -0.038100 1 6 1.000000
0  3.423000 0.293408 68.219772  0.665097 -0.425736 0.613511  1.782300 -0.126300 1 6 1.000000
0  3.519999 1.308609 66.911469  0.738282 0.551297 -0.388602  1.836500 -0.053900 1 6 1.000000
CloneHead
0  3.423000 0.293408 68.219772  0.665097 -0.425736 0.613511  1.782300 -0.126300 1 6 1.000000
0  3.173499 -0.183993 67.930779  0.674177 -0.616068 0.407364  1.796100 -0.168800 1 6 1.000000
0  3.519999 1.308609 66.911469  0.738282 0.551297 -0.388602  1.836500 -0.053900 1 6 1.000000
CloneHead
0  3.519999 1.308609 66.911469  0.738282 0.551297 -0.388602  1.836500 -0.053900 1 6 1.000000
0  3.173499 -0.183993 67.930779  0.674177 -0.616068 0.407364  1.796100 -0.168800 1 6 1.000000
0  3.307601 0.611407 66.152168  0.732345 0.179990 -0.656715  1.864500 -0.117200 1 6 1.000000
CloneHead
0  3.031199 -0.411294 67.724678  0.974981 -0.222286 -0.000481  1.793500 -0.189900 1 6 1.000000
0  3.307601 0.611407 66.152168  0.732345 0.179990 -0.656715  1.864500 -0.117200 1 6 1.000000
0  3.173499 -0.183993 67.930779  0.674177 -0.616068 0.407364  1.796100 -0.168800 1 6 1.000000
CloneHead
0  3.021899 -0.132396 65.852180  0.390484 -0.384460 -0.836489  1.866900 -0.184800 1 6 1.000000
0  3.307601 0.611407 66.152168  0.732345 0.179990 -0.656715  1.864500 -0.117200 1 6 1.000000
0  3.031199 -0.411294 67.724678  0.974981 -0.222286 -0.000481  1.793500 -0.189900 1 6 1.000000
CloneHead
0  2.927700 -0.251996 65.994080  0.898297 -0.275936 -0.341939  1.865400 -0.196800 1 6 1.000000
0  3.021899 -0.132396 65.852180  0.390484 -0.384460 -0.836489  1.866900 -0.184800 1 6 1.000000
0  3.031199 -0.411294 67.724678  0.974981 -0.222286 -0.000481  1.793500 -0.189900 1 6 1.000000
CloneHead
0  3.021899 -0.132396 65.852180  0.390484 -0.384460 -0.836489  1.866900 -0.184800 1 6 1.000000
0  2.927700 -0.251996 65.994080  0.898297 -0.275936 -0.341939  1.865400 -0.196800 1 6 1.000000
0  2.757198 0.029105 65.925468  -0.646725 0.218199 -0.730846  1.876200 -0.174200 1 6 1.000000
CloneHead
0  2.757198 0.029105 65.925468  -0.646725 0.218199 -0.730846  1.876200 -0.174200 1 6 1.000000
0  2.927700 -0.251996 65.994080  0.898297 -0.275936 -0.341939  1.865400 -0.196800 1 6 1.000000
0  2.704498 -0.099195 65.968468  0.505444 0.593267 -0.626547  1.876500 -0.187400 1 6 1.000000
CloneHead
0  -1.049400 -3.487599 67.591774  0.410629 -0.821002 -0.396661  1.829600 -0.933800 1 6 1.000000
0  -1.039299 -3.103403 67.187675  0.369641 -0.443480 -0.816511  1.835800 -0.971500 1 6 1.000000
0  -0.749001 -3.190801 67.487877  0.685708 -0.538555 -0.489657  1.822000 -0.942800 1 6 1.000000
CloneHead
0  -0.982201 -3.528104 67.865677  0.489727 -0.868712 -0.074204  1.825700 -0.903600 1 6 1.000000
0  -0.749001 -3.190801 67.487877  0.685708 -0.538555 -0.489657  1.822000 -0.942800 1 6 1.000000
0  -0.648300 -3.251598 67.898445  0.795409 -0.604551 -0.042916  1.816900 -0.903600 1 6 1.000000
CloneHead
0  -1.049400 -3.487599 67.591774  0.410629 -0.821002 -0.396661  1.829600 -0.933800 1 6 1.000000
0  -0.749001 -3.190801 67.487877  0.685708 -0.538555 -0.489657  1.822000 -0.942800 1 6 1.000000
0  -0.982201 -3.528104 67.865677  0.489727 -0.868712 -0.074204  1.825700 -0.903600 1 6 1.000000
CloneHead
0  -1.264099 -3.607397 67.852875  0.143610 -0.985331 -0.092192  1.837600 -0.903600 1 6 1.000000
0  -1.049400 -3.487599 67.591774  0.410629 -0.821002 -0.396661  1.829600 -0.933800 1 6 1.000000
0  -0.982201 -3.528104 67.865677  0.489727 -0.868712 -0.074204  1.825700 -0.903600 1 6 1.000000
CloneHead
0  -1.299400 -3.586004 67.708679  0.103450 -0.960958 -0.256628  1.839900 -0.921400 1 6 1.000000
0  -1.049400 -3.487599 67.591774  0.410629 -0.821002 -0.396661  1.829600 -0.933800 1 6 1.000000
0  -1.264099 -3.607397 67.852875  0.143610 -0.985331 -0.092192  1.837600 -0.903600 1 6 1.000000
CloneHead
0  -1.299400 -3.586004 67.708679  0.103450 -0.960958 -0.256628  1.839900 -0.921400 1 6 1.000000
0  -1.243500 -3.429499 67.391075  0.181931 -0.752367 -0.633124  1.840200 -0.955800 1 6 1.000000
0  -1.049400 -3.487599 67.591774  0.410629 -0.821002 -0.396661  1.829600 -0.933800 1 6 1.000000
CloneHead
0  -1.243500 -3.429499 67.391075  0.181931 -0.752367 -0.633124  1.840200 -0.955800 1 6 1.000000
0  -1.039299 -3.103403 67.187675  0.369641 -0.443480 -0.816511  1.835800 -0.971500 1 6 1.000000
0  -1.049400 -3.487599 67.591774  0.410629 -0.821002 -0.396661  1.829600 -0.933800 1 6 1.000000
CloneHead
0  -1.243500 -3.429499 67.391075  0.181931 -0.752367 -0.633124  1.840200 -0.955800 1 6 1.000000
0  -1.441799 -3.013000 67.077774  -0.068661 -0.344939 -0.936110  1.854700 -0.982000 1 6 1.000000
0  -1.039299 -3.103403 67.187675  0.369641 -0.443480 -0.816511  1.835800 -0.971500 1 6 1.000000
CloneHead
0  -1.472500 -3.169900 68.719276  -0.101911 -0.515652 0.850716  1.854700 -0.825200 1 6 1.000000
0  -0.931499 -2.849198 68.746880  0.408362 -0.425811 0.807419  1.831900 -0.821500 1 6 1.000000
0  -1.393398 -2.770298 68.871979  -0.068055 -0.344303 0.936389  1.854700 -0.808800 1 6 1.000000
CloneHead
0  -1.066101 -3.239398 68.609177  0.340690 -0.591331 0.730930  1.835800 -0.835700 1 6 1.000000
0  -0.931499 -2.849198 68.746880  0.408362 -0.425811 0.807419  1.831900 -0.821500 1 6 1.000000
0  -1.472500 -3.169900 68.719276  -0.101911 -0.515652 0.850716  1.854700 -0.825200 1 6 1.000000
CloneHead
0  -1.066101 -3.239398 68.609177  0.340690 -0.591331 0.730930  1.835800 -0.835700 1 6 1.000000
0  -0.588699 -2.883199 68.405441  0.761718 -0.460595 0.455674  1.815200 -0.856200 1 6 1.000000
0  -0.931499 -2.849198 68.746880  0.408362 -0.425811 0.807419  1.831900 -0.821500 1 6 1.000000
CloneHead
0  -0.764301 -3.269301 68.308777  0.669102 -0.623762 0.404010  1.822000 -0.864400 1 6 1.000000
0  -0.588699 -2.883199 68.405441  0.761718 -0.460595 0.455674  1.815200 -0.856200 1 6 1.000000
0  -1.066101 -3.239398 68.609177  0.340690 -0.591331 0.730930  1.835800 -0.835700 1 6 1.000000
CloneHead
0  -0.764301 -3.269301 68.308777  0.669102 -0.623762 0.404010  1.822000 -0.864400 1 6 1.000000
0  -0.456902 -2.863200 67.939163  0.897767 -0.439753 -0.025115  1.809000 -0.903600 1 6 1.000000
0  -0.588699 -2.883199 68.405441  0.761718 -0.460595 0.455674  1.815200 -0.856200 1 6 1.000000
CloneHead
0  -0.648300 -3.251598 67.898445  0.795409 -0.604551 -0.042916  1.816900 -0.903600 1 6 1.000000
0  -0.456902 -2.863200 67.939163  0.897767 -0.439753 -0.025115  1.809000 -0.903600 1 6 1.000000
0  -0.764301 -3.269301 68.308777  0.669102 -0.623762 0.404010  1.822000 -0.864400 1 6 1.000000
CloneHead
0  -1.059601 -3.540098 68.139679  0.398457 -0.882723 0.249063  1.829600 -0.873500 1 6 1.000000
0  -0.648300 -3.251598 67.898445  0.795409 -0.604551 -0.042916  1.816900 -0.903600 1 6 1.000000
0  -0.764301 -3.269301 68.308777  0.669102 -0.623762 0.404010  1.822000 -0.864400 1 6 1.000000
CloneHead
0  -0.982201 -3.528104 67.865677  0.489727 -0.868712 -0.074204  1.825700 -0.903600 1 6 1.000000
0  -0.648300 -3.251598 67.898445  0.795409 -0.604551 -0.042916  1.816900 -0.903600 1 6 1.000000
0  -1.059601 -3.540098 68.139679  0.398457 -0.882723 0.249063  1.829600 -0.873500 1 6 1.000000
CloneHead
0  -1.304802 -3.613800 67.996979  0.096588 -0.992571 0.073980  1.839900 -0.885800 1 6 1.000000
0  -0.982201 -3.528104 67.865677  0.489727 -0.868712 -0.074204  1.825700 -0.903600 1 6 1.000000
0  -1.059601 -3.540098 68.139679  0.398457 -0.882723 0.249063  1.829600 -0.873500 1 6 1.000000
CloneHead
0  -1.264099 -3.607397 67.852875  0.143610 -0.985331 -0.092192  1.837600 -0.903600 1 6 1.000000
0  -0.982201 -3.528104 67.865677  0.489727 -0.868712 -0.074204  1.825700 -0.903600 1 6 1.000000
0  -1.304802 -3.613800 67.996979  0.096588 -0.992571 0.073980  1.839900 -0.885800 1 6 1.000000
CloneHead
0  -1.557098 -3.595901 67.848373  -0.193332 -0.976320 -0.097069  1.854700 -0.903600 1 6 1.000000
0  -1.264099 -3.607397 67.852875  0.143610 -0.985331 -0.092192  1.837600 -0.903600 1 6 1.000000
0  -1.304802 -3.613800 67.996979  0.096588 -0.992571 0.073980  1.839900 -0.885800 1 6 1.000000
CloneHead
0  -1.557098 -3.595901 67.848373  -0.193332 -0.976320 -0.097069  1.854700 -0.903600 1 6 1.000000
0  -1.299400 -3.586004 67.708679  0.103450 -0.960958 -0.256628  1.839900 -0.921400 1 6 1.000000
0  -1.264099 -3.607397 67.852875  0.143610 -0.985331 -0.092192  1.837600 -0.903600 1 6 1.000000
CloneHead
0  -1.557098 -3.595901 67.848373  -0.193332 -0.976320 -0.097069  1.854700 -0.903600 1 6 1.000000
0  -1.401402 -3.555603 67.603378  -0.014364 -0.925921 -0.377443  1.846100 -0.934400 1 6 1.000000
0  -1.299400 -3.586004 67.708679  0.103450 -0.960958 -0.256628  1.839900 -0.921400 1 6 1.000000
CloneHead
0  -1.401402 -3.555603 67.603378  -0.014364 -0.925921 -0.377443  1.846100 -0.934400 1 6 1.000000
0  -1.243500 -3.429499 67.391075  0.181931 -0.752367 -0.633124  1.840200 -0.955800 1 6 1.000000
0  -1.299400 -3.586004 67.708679  0.103450 -0.960958 -0.256628  1.839900 -0.921400 1 6 1.000000
CloneHead
0  -1.401402 -3.555603 67.603378  -0.014364 -0.925921 -0.377443  1.846100 -0.934400 1 6 1.000000
0  -1.512001 -3.368903 67.317780  -0.134989 -0.681068 -0.719669  1.854700 -0.963900 1 6 1.000000
0  -1.243500 -3.429499 67.391075  0.181931 -0.752367 -0.633124  1.840200 -0.955800 1 6 1.000000
CloneHead
0  -1.512001 -3.368903 67.317780  -0.134989 -0.681068 -0.719669  1.854700 -0.963900 1 6 1.000000
0  -1.441799 -3.013000 67.077774  -0.068661 -0.344939 -0.936110  1.854700 -0.982000 1 6 1.000000
0  -1.243500 -3.429499 67.391075  0.181931 -0.752367 -0.633124  1.840200 -0.955800 1 6 1.000000
CloneHead
0  -1.512001 -3.368903 67.317780  -0.134989 -0.681068 -0.719669  1.854700 -0.963900 1 6 1.000000
0  -1.848202 -2.943100 67.187851  -0.511025 -0.268815 -0.816451  1.873600 -0.971500 1 6 1.000000
0  -1.441799 -3.013000 67.077774  -0.068661 -0.344939 -0.936110  1.854700 -0.982000 1 6 1.000000
CloneHead
0  -1.783798 -3.322500 67.391052  -0.454679 -0.626177 -0.633380  1.869200 -0.955800 1 6 1.000000
0  -1.848202 -2.943100 67.187851  -0.511025 -0.268815 -0.816451  1.873600 -0.971500 1 6 1.000000
0  -1.512001 -3.368903 67.317780  -0.134989 -0.681068 -0.719669  1.854700 -0.963900 1 6 1.000000
CloneHead
0  -1.783798 -3.322500 67.391052  -0.454679 -0.626177 -0.633380  1.869200 -0.955800 1 6 1.000000
0  -2.149899 -2.913402 67.488380  -0.839439 -0.236422 -0.489333  1.887400 -0.942800 1 6 1.000000
0  -1.848202 -2.943100 67.187851  -0.511025 -0.268815 -0.816451  1.873600 -0.971500 1 6 1.000000
CloneHead
0  -1.985199 -3.302400 67.591782  -0.692635 -0.602527 -0.396506  1.879800 -0.933800 1 6 1.000000
0  -2.149899 -2.913402 67.488380  -0.839439 -0.236422 -0.489333  1.887400 -0.942800 1 6 1.000000
0  -1.783798 -3.322500 67.391052  -0.454679 -0.626177 -0.633380  1.869200 -0.955800 1 6 1.000000
CloneHead
0  -1.985199 -3.302400 67.591782  -0.692635 -0.602527 -0.396506  1.879800 -0.933800 1 6 1.000000
0  -2.266000 -2.931301 67.898575  -0.965792 -0.255786 -0.042649  1.892400 -0.903600 1 6 1.000000
0  -2.149899 -2.913402 67.488380  -0.839439 -0.236422 -0.489333  1.887400 -0.942800 1 6 1.000000
CloneHead
0  -2.062801 -3.314204 67.866074  -0.783829 -0.616629 -0.073357  1.883700 -0.903600 1 6 1.000000
0  -2.266000 -2.931301 67.898575  -0.965792 -0.255786 -0.042649  1.892400 -0.903600 1 6 1.000000
0  -1.985199 -3.302400 67.591782  -0.692635 -0.602527 -0.396506  1.879800 -0.933800 1 6 1.000000
CloneHead
0  -2.062801 -3.314204 67.866074  -0.783829 -0.616629 -0.073357  1.883700 -0.903600 1 6 1.000000
0  -2.165298 -2.991797 68.309074  -0.856203 -0.321729 0.404235  1.887400 -0.864400 1 6 1.000000
0  -2.266000 -2.931301 67.898575  -0.965792 -0.255786 -0.042649  1.892400 -0.903600 1 6 1.000000
CloneHead
0  -1.995499 -3.354698 68.139984  -0.704660 -0.664279 0.249374  1.879800 -0.873500 1 6 1.000000
0  -2.165298 -2.991797 68.309074  -0.856203 -0.321729 0.404235  1.887400 -0.864400 1 6 1.000000
0  -2.062801 -3.314204 67.866074  -0.783829 -0.616629 -0.073357  1.883700 -0.903600 1 6 1.000000
CloneHead
0  -1.995499 -3.354698 68.139984  -0.704660 -0.664279 0.249374  1.879800 -0.873500 1 6 1.000000
0  -1.875000 -3.079197 68.609253  -0.540222 -0.416790 0.731058  1.873600 -0.835700 1 6 1.000000
0  -2.165298 -2.991797 68.309074  -0.856203 -0.321729 0.404235  1.887400 -0.864400 1 6 1.000000
CloneHead
0  -1.801498 -3.413201 68.340652  -0.476087 -0.733080 0.485732  1.869200 -0.851400 1 6 1.000000
0  -1.875000 -3.079197 68.609253  -0.540222 -0.416790 0.731058  1.873600 -0.835700 1 6 1.000000
0  -1.995499 -3.354698 68.139984  -0.704660 -0.664279 0.249374  1.879800 -0.873500 1 6 1.000000
CloneHead
0  -1.801498 -3.413201 68.340652  -0.476087 -0.733080 0.485732  1.869200 -0.851400 1 6 1.000000
0  -1.472500 -3.169900 68.719276  -0.101911 -0.515652 0.850716  1.854700 -0.825200 1 6 1.000000
0  -1.875000 -3.079197 68.609253  -0.540222 -0.416790 0.731058  1.873600 -0.835700 1 6 1.000000
CloneHead
0  -1.532700 -3.473700 68.413979  -0.159012 -0.804460 0.572327  1.854700 -0.843300 1 6 1.000000
0  -1.472500 -3.169900 68.719276  -0.101911 -0.515652 0.850716  1.854700 -0.825200 1 6 1.000000
0  -1.801498 -3.413201 68.340652  -0.476087 -0.733080 0.485732  1.869200 -0.851400 1 6 1.000000
CloneHead
0  -1.532700 -3.473700 68.413979  -0.159012 -0.804460 0.572327  1.854700 -0.843300 1 6 1.000000
0  -1.066101 -3.239398 68.609177  0.340690 -0.591331 0.730930  1.835800 -0.835700 1 6 1.000000
0  -1.472500 -3.169900 68.719276  -0.101911 -0.515652 0.850716  1.854700 -0.825200 1 6 1.000000
CloneHead
0  -1.261299 -3.520199 68.340378  0.160900 -0.859275 0.485549  1.840200 -0.851400 1 6 1.000000
0  -1.066101 -3.239398 68.609177  0.340690 -0.591331 0.730930  1.835800 -0.835700 1 6 1.000000
0  -1.532700 -3.473700 68.413979  -0.159012 -0.804460 0.572327  1.854700 -0.843300 1 6 1.000000
CloneHead
0  -1.261299 -3.520199 68.340378  0.160900 -0.859275 0.485549  1.840200 -0.851400 1 6 1.000000
0  -0.764301 -3.269301 68.308777  0.669102 -0.623762 0.404010  1.822000 -0.864400 1 6 1.000000
0  -1.066101 -3.239398 68.609177  0.340690 -0.591331 0.730930  1.835800 -0.835700 1 6 1.000000
CloneHead
0  -1.059601 -3.540098 68.139679  0.398457 -0.882723 0.249063  1.829600 -0.873500 1 6 1.000000
0  -0.764301 -3.269301 68.308777  0.669102 -0.623762 0.404010  1.822000 -0.864400 1 6 1.000000
0  -1.261299 -3.520199 68.340378  0.160900 -0.859275 0.485549  1.840200 -0.851400 1 6 1.000000
CloneHead
0  -1.410801 -3.603103 68.102478  -0.024702 -0.980526 0.194830  1.846100 -0.872800 1 6 1.000000
0  -1.059601 -3.540098 68.139679  0.398457 -0.882723 0.249063  1.829600 -0.873500 1 6 1.000000
0  -1.261299 -3.520199 68.340378  0.160900 -0.859275 0.485549  1.840200 -0.851400 1 6 1.000000
CloneHead
0  -1.304802 -3.613800 67.996979  0.096588 -0.992571 0.073980  1.839900 -0.885800 1 6 1.000000
0  -1.059601 -3.540098 68.139679  0.398457 -0.882723 0.249063  1.829600 -0.873500 1 6 1.000000
0  -1.410801 -3.603103 68.102478  -0.024702 -0.980526 0.194830  1.846100 -0.872800 1 6 1.000000
CloneHead
0  -1.557098 -3.595901 67.848373  -0.193332 -0.976320 -0.097069  1.854700 -0.903600 1 6 1.000000
0  -1.304802 -3.613800 67.996979  0.096588 -0.992571 0.073980  1.839900 -0.885800 1 6 1.000000
0  -1.410801 -3.603103 68.102478  -0.024702 -0.980526 0.194830  1.846100 -0.872800 1 6 1.000000
CloneHead
0  -1.557098 -3.595901 67.848373  -0.193332 -0.976320 -0.097069  1.854700 -0.903600 1 6 1.000000
0  -1.410801 -3.603103 68.102478  -0.024702 -0.980526 0.194830  1.846100 -0.872800 1 6 1.000000
0  -1.553600 -3.578799 68.141174  -0.188403 -0.952566 0.239004  1.854700 -0.868100 1 6 1.000000
CloneHead
0  -1.410801 -3.603103 68.102478  -0.024702 -0.980526 0.194830  1.846100 -0.872800 1 6 1.000000
0  -1.261299 -3.520199 68.340378  0.160900 -0.859275 0.485549  1.840200 -0.851400 1 6 1.000000
0  -1.553600 -3.578799 68.141174  -0.188403 -0.952566 0.239004  1.854700 -0.868100 1 6 1.000000
CloneHead
0  -1.553600 -3.578799 68.141174  -0.188403 -0.952566 0.239004  1.854700 -0.868100 1 6 1.000000
0  -1.261299 -3.520199 68.340378  0.160900 -0.859275 0.485549  1.840200 -0.851400 1 6 1.000000
0  -1.532700 -3.473700 68.413979  -0.159012 -0.804460 0.572327  1.854700 -0.843300 1 6 1.000000
CloneHead
0  -1.557098 -3.595901 67.848373  -0.193332 -0.976320 -0.097069  1.854700 -0.903600 1 6 1.000000
0  -1.553600 -3.578799 68.141174  -0.188403 -0.952566 0.239004  1.854700 -0.868100 1 6 1.000000
0  -1.694801 -3.547003 68.102478  -0.350802 -0.916017 0.194553  1.863300 -0.872800 1 6 1.000000
CloneHead
0  -1.553600 -3.578799 68.141174  -0.188403 -0.952566 0.239004  1.854700 -0.868100 1 6 1.000000
0  -1.532700 -3.473700 68.413979  -0.159012 -0.804460 0.572327  1.854700 -0.843300 1 6 1.000000
0  -1.694801 -3.547003 68.102478  -0.350802 -0.916017 0.194553  1.863300 -0.872800 1 6 1.000000
CloneHead
0  -1.694801 -3.547003 68.102478  -0.350802 -0.916017 0.194553  1.863300 -0.872800 1 6 1.000000
0  -1.532700 -3.473700 68.413979  -0.159012 -0.804460 0.572327  1.854700 -0.843300 1 6 1.000000
0  -1.801498 -3.413201 68.340652  -0.476087 -0.733080 0.485732  1.869200 -0.851400 1 6 1.000000
CloneHead
0  -1.694801 -3.547003 68.102478  -0.350802 -0.916017 0.194553  1.863300 -0.872800 1 6 1.000000
0  -1.801498 -3.413201 68.340652  -0.476087 -0.733080 0.485732  1.869200 -0.851400 1 6 1.000000
0  -1.796902 -3.516199 67.996956  -0.467908 -0.880703 0.073647  1.869500 -0.885800 1 6 1.000000
CloneHead
0  -1.796902 -3.516199 67.996956  -0.467908 -0.880703 0.073647  1.869500 -0.885800 1 6 1.000000
0  -1.801498 -3.413201 68.340652  -0.476087 -0.733080 0.485732  1.869200 -0.851400 1 6 1.000000
0  -1.995499 -3.354698 68.139984  -0.704660 -0.664279 0.249374  1.879800 -0.873500 1 6 1.000000
CloneHead
0  -1.796902 -3.516199 67.996956  -0.467908 -0.880703 0.073647  1.869500 -0.885800 1 6 1.000000
0  -1.995499 -3.354698 68.139984  -0.704660 -0.664279 0.249374  1.879800 -0.873500 1 6 1.000000
0  -1.832199 -3.494898 67.852844  -0.508258 -0.856377 -0.091065  1.871800 -0.903600 1 6 1.000000
CloneHead
0  -1.832199 -3.494898 67.852844  -0.508258 -0.856377 -0.091065  1.871800 -0.903600 1 6 1.000000
0  -1.995499 -3.354698 68.139984  -0.704660 -0.664279 0.249374  1.879800 -0.873500 1 6 1.000000
0  -2.062801 -3.314204 67.866074  -0.783829 -0.616629 -0.073357  1.883700 -0.903600 1 6 1.000000
CloneHead
0  -1.832199 -3.494898 67.852844  -0.508258 -0.856377 -0.091065  1.871800 -0.903600 1 6 1.000000
0  -2.062801 -3.314204 67.866074  -0.783829 -0.616629 -0.073357  1.883700 -0.903600 1 6 1.000000
0  -1.791401 -3.488800 67.708664  -0.461437 -0.849247 -0.256622  1.869500 -0.921400 1 6 1.000000
CloneHead
0  -1.791401 -3.488800 67.708664  -0.461437 -0.849247 -0.256622  1.869500 -0.921400 1 6 1.000000
0  -2.062801 -3.314204 67.866074  -0.783829 -0.616629 -0.073357  1.883700 -0.903600 1 6 1.000000
0  -1.985199 -3.302400 67.591782  -0.692635 -0.602527 -0.396506  1.879800 -0.933800 1 6 1.000000
CloneHead
0  -1.791401 -3.488800 67.708664  -0.461437 -0.849247 -0.256622  1.869500 -0.921400 1 6 1.000000
0  -1.985199 -3.302400 67.591782  -0.692635 -0.602527 -0.396506  1.879800 -0.933800 1 6 1.000000
0  -1.685501 -3.499302 67.603363  -0.338985 -0.861499 -0.378032  1.863300 -0.934400 1 6 1.000000
CloneHead
0  -1.685501 -3.499302 67.603363  -0.338985 -0.861499 -0.378032  1.863300 -0.934400 1 6 1.000000
0  -1.985199 -3.302400 67.591782  -0.692635 -0.602527 -0.396506  1.879800 -0.933800 1 6 1.000000
0  -1.783798 -3.322500 67.391052  -0.454679 -0.626177 -0.633380  1.869200 -0.955800 1 6 1.000000
CloneHead
0  -1.685501 -3.499302 67.603363  -0.338985 -0.861499 -0.378032  1.863300 -0.934400 1 6 1.000000
0  -1.783798 -3.322500 67.391052  -0.454679 -0.626177 -0.633380  1.869200 -0.955800 1 6 1.000000
0  -1.542702 -3.523499 67.564880  -0.176407 -0.889205 -0.422131  1.854700 -0.939200 1 6 1.000000
CloneHead
0  -1.542702 -3.523499 67.564880  -0.176407 -0.889205 -0.422131  1.854700 -0.939200 1 6 1.000000
0  -1.783798 -3.322500 67.391052  -0.454679 -0.626177 -0.633380  1.869200 -0.955800 1 6 1.000000
0  -1.512001 -3.368903 67.317780  -0.134989 -0.681068 -0.719669  1.854700 -0.963900 1 6 1.000000
CloneHead
0  -1.542702 -3.523499 67.564880  -0.176407 -0.889205 -0.422131  1.854700 -0.939200 1 6 1.000000
0  -1.512001 -3.368903 67.317780  -0.134989 -0.681068 -0.719669  1.854700 -0.963900 1 6 1.000000
0  -1.401402 -3.555603 67.603378  -0.014364 -0.925921 -0.377443  1.846100 -0.934400 1 6 1.000000
CloneHead
0  -1.557098 -3.595901 67.848373  -0.193332 -0.976320 -0.097069  1.854700 -0.903600 1 6 1.000000
0  -1.542702 -3.523499 67.564880  -0.176407 -0.889205 -0.422131  1.854700 -0.939200 1 6 1.000000
0  -1.401402 -3.555603 67.603378  -0.014364 -0.925921 -0.377443  1.846100 -0.934400 1 6 1.000000
CloneHead
0  -1.557098 -3.595901 67.848373  -0.193332 -0.976320 -0.097069  1.854700 -0.903600 1 6 1.000000
0  -1.685501 -3.499302 67.603363  -0.338985 -0.861499 -0.378032  1.863300 -0.934400 1 6 1.000000
0  -1.542702 -3.523499 67.564880  -0.176407 -0.889205 -0.422131  1.854700 -0.939200 1 6 1.000000
CloneHead
0  -1.557098 -3.595901 67.848373  -0.193332 -0.976320 -0.097069  1.854700 -0.903600 1 6 1.000000
0  -1.791401 -3.488800 67.708664  -0.461437 -0.849247 -0.256622  1.869500 -0.921400 1 6 1.000000
0  -1.685501 -3.499302 67.603363  -0.338985 -0.861499 -0.378032  1.863300 -0.934400 1 6 1.000000
CloneHead
0  -1.557098 -3.595901 67.848373  -0.193332 -0.976320 -0.097069  1.854700 -0.903600 1 6 1.000000
0  -1.832199 -3.494898 67.852844  -0.508258 -0.856377 -0.091065  1.871800 -0.903600 1 6 1.000000
0  -1.791401 -3.488800 67.708664  -0.461437 -0.849247 -0.256622  1.869500 -0.921400 1 6 1.000000
CloneHead
0  -1.557098 -3.595901 67.848373  -0.193332 -0.976320 -0.097069  1.854700 -0.903600 1 6 1.000000
0  -1.796902 -3.516199 67.996956  -0.467908 -0.880703 0.073647  1.869500 -0.885800 1 6 1.000000
0  -1.832199 -3.494898 67.852844  -0.508258 -0.856377 -0.091065  1.871800 -0.903600 1 6 1.000000
CloneHead
0  -1.557098 -3.595901 67.848373  -0.193332 -0.976320 -0.097069  1.854700 -0.903600 1 6 1.000000
0  -1.694801 -3.547003 68.102478  -0.350802 -0.916017 0.194553  1.863300 -0.872800 1 6 1.000000
0  -1.796902 -3.516199 67.996956  -0.467908 -0.880703 0.073647  1.869500 -0.885800 1 6 1.000000
CloneHead
0  -2.704800 -0.089795 65.968468  -0.503419 0.595065 -0.626472  1.876500 -0.187400 1 6 1.000000
0  -2.928501 -0.241796 65.994072  -0.899305 -0.272609 -0.341957  1.865400 -0.196800 1 6 1.000000
0  -2.757099 0.038706 65.925468  0.647458 0.216031 -0.730841  1.876200 -0.174200 1 6 1.000000
CloneHead
0  -2.757099 0.038706 65.925468  0.647458 0.216031 -0.730841  1.876200 -0.174200 1 6 1.000000
0  -2.928501 -0.241796 65.994072  -0.899305 -0.272609 -0.341957  1.865400 -0.196800 1 6 1.000000
0  -3.022302 -0.121795 65.852173  -0.391864 -0.382984 -0.836520  1.866900 -0.184800 1 6 1.000000
CloneHead
0  -3.022302 -0.121795 65.852173  -0.391864 -0.382984 -0.836520  1.866900 -0.184800 1 6 1.000000
0  -3.305501 0.623007 66.152176  -0.731706 0.182562 -0.656717  1.864500 -0.117200 1 6 1.000000
0  -2.757099 0.038706 65.925468  0.647458 0.216031 -0.730841  1.876200 -0.174200 1 6 1.000000
CloneHead
0  -2.757099 0.038706 65.925468  0.647458 0.216031 -0.730841  1.876200 -0.174200 1 6 1.000000
0  -3.305501 0.623007 66.152176  -0.731706 0.182562 -0.656717  1.864500 -0.117200 1 6 1.000000
0  -2.928501 0.740907 66.158867  0.546238 0.568077 -0.615559  1.870100 -0.107400 1 6 1.000000
CloneHead
0  -3.515401 1.320909 66.911469  -0.736320 0.553903 -0.388618  1.836500 -0.053900 1 6 1.000000
0  -2.928501 0.740907 66.158867  0.546238 0.568077 -0.615559  1.870100 -0.107400 1 6 1.000000
0  -3.305501 0.623007 66.152176  -0.731706 0.182562 -0.656717  1.864500 -0.117200 1 6 1.000000
CloneHead
0  -3.097600 1.400109 66.985367  0.579621 0.788694 -0.204940  1.839700 -0.036400 1 6 1.000000
0  -2.928501 0.740907 66.158867  0.546238 0.568077 -0.615559  1.870100 -0.107400 1 6 1.000000
0  -3.515401 1.320909 66.911469  -0.736320 0.553903 -0.388618  1.836500 -0.053900 1 6 1.000000
CloneHead
0  -3.097600 1.400109 66.985367  0.579621 0.788694 -0.204940  1.839700 -0.036400 1 6 1.000000
0  -3.515401 1.320909 66.911469  -0.736320 0.553903 -0.388618  1.836500 -0.053900 1 6 1.000000
0  -3.222900 1.466110 67.780663  0.486829 0.825795 0.284711  1.803900 -0.021500 1 6 1.000000
CloneHead
0  -3.222900 1.466110 67.780663  0.486829 0.825795 0.284711  1.803900 -0.021500 1 6 1.000000
0  -3.515401 1.320909 66.911469  -0.736320 0.553903 -0.388618  1.836500 -0.053900 1 6 1.000000
0  -3.666401 1.412709 67.748871  -0.781753 0.610563 0.126785  1.804700 -0.038100 1 6 1.000000
CloneHead
0  -3.666401 1.412709 67.748871  -0.781753 0.610563 0.126785  1.804700 -0.038100 1 6 1.000000
0  -3.224998 1.062110 68.272858  0.486099 0.423046 0.764683  1.777100 -0.053700 1 6 1.000000
0  -3.222900 1.466110 67.780663  0.486829 0.825795 0.284711  1.803900 -0.021500 1 6 1.000000
CloneHead
0  -3.652500 1.006010 68.272766  -0.741542 0.160959 0.651312  1.781500 -0.064200 1 6 1.000000
0  -3.224998 1.062110 68.272858  0.486099 0.423046 0.764683  1.777100 -0.053700 1 6 1.000000
0  -3.666401 1.412709 67.748871  -0.781753 0.610563 0.126785  1.804700 -0.038100 1 6 1.000000
CloneHead
0  -3.422001 0.305309 68.219780  -0.666559 -0.423471 0.613491  1.782300 -0.126300 1 6 1.000000
0  -3.224998 1.062110 68.272858  0.486099 0.423046 0.764683  1.777100 -0.053700 1 6 1.000000
0  -3.652500 1.006010 68.272766  -0.741542 0.160959 0.651312  1.781500 -0.064200 1 6 1.000000
CloneHead
0  -3.652500 1.006010 68.272766  -0.741542 0.160959 0.651312  1.781500 -0.064200 1 6 1.000000
0  -3.666401 1.412709 67.748871  -0.781753 0.610563 0.126785  1.804700 -0.038100 1 6 1.000000
0  -3.422001 0.305309 68.219780  -0.666559 -0.423471 0.613491  1.782300 -0.126300 1 6 1.000000
CloneHead
0  -3.422001 0.305309 68.219780  -0.666559 -0.423471 0.613491  1.782300 -0.126300 1 6 1.000000
0  -3.666401 1.412709 67.748871  -0.781753 0.610563 0.126785  1.804700 -0.038100 1 6 1.000000
0  -3.515401 1.320909 66.911469  -0.736320 0.553903 -0.388618  1.836500 -0.053900 1 6 1.000000
CloneHead
0  -3.422001 0.305309 68.219780  -0.666559 -0.423471 0.613491  1.782300 -0.126300 1 6 1.000000
0  -3.515401 1.320909 66.911469  -0.736320 0.553903 -0.388618  1.836500 -0.053900 1 6 1.000000
0  -3.174100 -0.172893 67.930763  -0.676303 -0.613738 0.407357  1.796100 -0.168800 1 6 1.000000
CloneHead
0  -3.174100 -0.172893 67.930763  -0.676303 -0.613738 0.407357  1.796100 -0.168800 1 6 1.000000
0  -3.515401 1.320909 66.911469  -0.736320 0.553903 -0.388618  1.836500 -0.053900 1 6 1.000000
0  -3.305501 0.623007 66.152176  -0.731706 0.182562 -0.656717  1.864500 -0.117200 1 6 1.000000
CloneHead
0  -3.305501 0.623007 66.152176  -0.731706 0.182562 -0.656717  1.864500 -0.117200 1 6 1.000000
0  -3.032600 -0.400694 67.724670  -0.975750 -0.218887 -0.000516  1.793500 -0.189900 1 6 1.000000
0  -3.174100 -0.172893 67.930763  -0.676303 -0.613738 0.407357  1.796100 -0.168800 1 6 1.000000
CloneHead
0  -3.022302 -0.121795 65.852173  -0.391864 -0.382984 -0.836520  1.866900 -0.184800 1 6 1.000000
0  -3.032600 -0.400694 67.724670  -0.975750 -0.218887 -0.000516  1.793500 -0.189900 1 6 1.000000
0  -3.305501 0.623007 66.152176  -0.731706 0.182562 -0.656717  1.864500 -0.117200 1 6 1.000000
CloneHead
0  -3.022302 -0.121795 65.852173  -0.391864 -0.382984 -0.836520  1.866900 -0.184800 1 6 1.000000
0  -2.928501 -0.241796 65.994072  -0.899305 -0.272609 -0.341957  1.865400 -0.196800 1 6 1.000000
0  -3.032600 -0.400694 67.724670  -0.975750 -0.218887 -0.000516  1.793500 -0.189900 1 6 1.000000
CloneHead
0  -3.032600 -0.400694 67.724670  -0.975750 -0.218887 -0.000516  1.793500 -0.189900 1 6 1.000000
0  -3.021199 -0.120792 68.023071  -0.836439 -0.289452 0.465390  1.791400 -0.169800 1 6 1.000000
0  -3.174100 -0.172893 67.930763  -0.676303 -0.613738 0.407357  1.796100 -0.168800 1 6 1.000000
CloneHead
0  -3.023103 0.319809 68.234871  -0.783462 0.086651 0.615369  1.780800 -0.128500 1 6 1.000000
0  -3.174100 -0.172893 67.930763  -0.676303 -0.613738 0.407357  1.796100 -0.168800 1 6 1.000000
0  -3.021199 -0.120792 68.023071  -0.836439 -0.289452 0.465390  1.791400 -0.169800 1 6 1.000000
CloneHead
0  -3.422001 0.305309 68.219780  -0.666559 -0.423471 0.613491  1.782300 -0.126300 1 6 1.000000
0  -3.174100 -0.172893 67.930763  -0.676303 -0.613738 0.407357  1.796100 -0.168800 1 6 1.000000
0  -3.023103 0.319809 68.234871  -0.783462 0.086651 0.615369  1.780800 -0.128500 1 6 1.000000
CloneHead
0  -3.023103 0.319809 68.234871  -0.783462 0.086651 0.615369  1.780800 -0.128500 1 6 1.000000
0  -3.224998 1.062110 68.272858  0.486099 0.423046 0.764683  1.777100 -0.053700 1 6 1.000000
0  -3.422001 0.305309 68.219780  -0.666559 -0.423471 0.613491  1.782300 -0.126300 1 6 1.000000
CloneHead
0  -0.648300 -3.251598 67.898445  0.795409 -0.604551 -0.042916  1.816900 -0.903600 1 6 1.000000
0  -0.571201 -2.794198 67.472939  0.779965 -0.368681 -0.505697  1.815200 -0.951000 1 6 1.000000
0  -0.456902 -2.863200 67.939163  0.897767 -0.439753 -0.025115  1.809000 -0.903600 1 6 1.000000
CloneHead
0  -0.749001 -3.190801 67.487877  0.685708 -0.538555 -0.489657  1.822000 -0.942800 1 6 1.000000
0  -0.571201 -2.794198 67.472939  0.779965 -0.368681 -0.505697  1.815200 -0.951000 1 6 1.000000
0  -0.648300 -3.251598 67.898445  0.795409 -0.604551 -0.042916  1.816900 -0.903600 1 6 1.000000
CloneHead
0  -0.749001 -3.190801 67.487877  0.685708 -0.538555 -0.489657  1.822000 -0.942800 1 6 1.000000
0  -0.901199 -2.694901 67.131378  0.439366 -0.266625 -0.857828  1.831900 -0.985700 1 6 1.000000
0  -0.571201 -2.794198 67.472939  0.779965 -0.368681 -0.505697  1.815200 -0.951000 1 6 1.000000
CloneHead
0  -1.039299 -3.103403 67.187675  0.369641 -0.443480 -0.816511  1.835800 -0.971500 1 6 1.000000
0  -0.901199 -2.694901 67.131378  0.439366 -0.266625 -0.857828  1.831900 -0.985700 1 6 1.000000
0  -0.749001 -3.190801 67.487877  0.685708 -0.538555 -0.489657  1.822000 -0.942800 1 6 1.000000
CloneHead
0  -1.039299 -3.103403 67.187675  0.369641 -0.443480 -0.816511  1.835800 -0.971500 1 6 1.000000
0  -1.358299 -2.591997 67.006676  -0.031968 -0.160346 -0.986543  1.854700 -0.998400 1 6 1.000000
0  -0.901199 -2.694901 67.131378  0.439366 -0.266625 -0.857828  1.831900 -0.985700 1 6 1.000000
CloneHead
0  -1.441799 -3.013000 67.077774  -0.068661 -0.344939 -0.936110  1.854700 -0.982000 1 6 1.000000
0  -1.358299 -2.591997 67.006676  -0.031968 -0.160346 -0.986543  1.854700 -0.998400 1 6 1.000000
0  -1.039299 -3.103403 67.187675  0.369641 -0.443480 -0.816511  1.835800 -0.971500 1 6 1.000000
CloneHead
0  -1.441799 -3.013000 67.077774  -0.068661 -0.344939 -0.936110  1.854700 -0.982000 1 6 1.000000
0  -1.820198 -2.512898 67.131744  -0.508125 -0.078741 -0.857677  1.877500 -0.985700 1 6 1.000000
0  -1.358299 -2.591997 67.006676  -0.031968 -0.160346 -0.986543  1.854700 -0.998400 1 6 1.000000
CloneHead
0  -1.848202 -2.943100 67.187851  -0.511025 -0.268815 -0.816451  1.873600 -0.971500 1 6 1.000000
0  -1.820198 -2.512898 67.131744  -0.508125 -0.078741 -0.857677  1.877500 -0.985700 1 6 1.000000
0  -1.441799 -3.013000 67.077774  -0.068661 -0.344939 -0.936110  1.854700 -0.982000 1 6 1.000000
CloneHead
0  -1.848202 -2.943100 67.187851  -0.511025 -0.268815 -0.816451  1.873600 -0.971500 1 6 1.000000
0  -2.163200 -2.478899 67.473175  -0.861647 -0.043984 -0.505598  1.894200 -0.951000 1 6 1.000000
0  -1.820198 -2.512898 67.131744  -0.508125 -0.078741 -0.857677  1.877500 -0.985700 1 6 1.000000
CloneHead
0  -2.149899 -2.913402 67.488380  -0.839439 -0.236422 -0.489333  1.887400 -0.942800 1 6 1.000000
0  -2.163200 -2.478899 67.473175  -0.861647 -0.043984 -0.505598  1.894200 -0.951000 1 6 1.000000
0  -1.848202 -2.943100 67.187851  -0.511025 -0.268815 -0.816451  1.873600 -0.971500 1 6 1.000000
CloneHead
0  -2.149899 -2.913402 67.488380  -0.839439 -0.236422 -0.489333  1.887400 -0.942800 1 6 1.000000
0  -2.294999 -2.499100 67.939476  -0.997598 -0.064686 -0.024777  1.900300 -0.903600 1 6 1.000000
0  -2.163200 -2.478899 67.473175  -0.861647 -0.043984 -0.505598  1.894200 -0.951000 1 6 1.000000
CloneHead
0  -2.266000 -2.931301 67.898575  -0.965792 -0.255786 -0.042649  1.892400 -0.903600 1 6 1.000000
0  -2.294999 -2.499100 67.939476  -0.997598 -0.064686 -0.024777  1.900300 -0.903600 1 6 1.000000
0  -2.149899 -2.913402 67.488380  -0.839439 -0.236422 -0.489333  1.887400 -0.942800 1 6 1.000000
CloneHead
0  -2.266000 -2.931301 67.898575  -0.965792 -0.255786 -0.042649  1.892400 -0.903600 1 6 1.000000
0  -2.180501 -2.568099 68.405777  -0.879622 -0.135662 0.455918  1.894200 -0.856200 1 6 1.000000
0  -2.294999 -2.499100 67.939476  -0.997598 -0.064686 -0.024777  1.900300 -0.903600 1 6 1.000000
CloneHead
0  -2.165298 -2.991797 68.309074  -0.856203 -0.321729 0.404235  1.887400 -0.864400 1 6 1.000000
0  -2.180501 -2.568099 68.405777  -0.879622 -0.135662 0.455918  1.894200 -0.856200 1 6 1.000000
0  -2.266000 -2.931301 67.898575  -0.965792 -0.255786 -0.042649  1.892400 -0.903600 1 6 1.000000
CloneHead
0  -2.165298 -2.991797 68.309074  -0.856203 -0.321729 0.404235  1.887400 -0.864400 1 6 1.000000
0  -1.850601 -2.667398 68.746857  -0.539548 -0.237926 0.807638  1.877500 -0.821500 1 6 1.000000
0  -2.180501 -2.568099 68.405777  -0.879622 -0.135662 0.455918  1.894200 -0.856200 1 6 1.000000
CloneHead
0  -1.875000 -3.079197 68.609253  -0.540222 -0.416790 0.731058  1.873600 -0.835700 1 6 1.000000
0  -1.850601 -2.667398 68.746857  -0.539548 -0.237926 0.807638  1.877500 -0.821500 1 6 1.000000
0  -2.165298 -2.991797 68.309074  -0.856203 -0.321729 0.404235  1.887400 -0.864400 1 6 1.000000
CloneHead
0  -1.875000 -3.079197 68.609253  -0.540222 -0.416790 0.731058  1.873600 -0.835700 1 6 1.000000
0  -1.393398 -2.770298 68.871979  -0.068055 -0.344303 0.936389  1.854700 -0.808800 1 6 1.000000
0  -1.850601 -2.667398 68.746857  -0.539548 -0.237926 0.807638  1.877500 -0.821500 1 6 1.000000
CloneHead
0  -1.472500 -3.169900 68.719276  -0.101911 -0.515652 0.850716  1.854700 -0.825200 1 6 1.000000
0  -1.393398 -2.770298 68.871979  -0.068055 -0.344303 0.936389  1.854700 -0.808800 1 6 1.000000
0  -1.875000 -3.079197 68.609253  -0.540222 -0.416790 0.731058  1.873600 -0.835700 1 6 1.000000
CloneHead
0  1.784599 -3.522500 67.996979  0.464763 -0.882364 0.073677  1.869500 -0.885800 1 6 1.000000
0  1.544601 -3.601303 67.848373  0.189929 -0.976996 -0.096978  1.854700 -0.903600 1 6 1.000000
0  1.820000 -3.501301 67.852882  0.505234 -0.858177 -0.090950  1.871800 -0.903600 1 6 1.000000
CloneHead
0  1.682400 -3.552897 68.102478  0.347428 -0.917287 0.194626  1.863300 -0.872800 1 6 1.000000
0  1.544601 -3.601303 67.848373  0.189929 -0.976996 -0.096978  1.854700 -0.903600 1 6 1.000000
0  1.784599 -3.522500 67.996979  0.464763 -0.882364 0.073677  1.869500 -0.885800 1 6 1.000000
CloneHead
0  1.541100 -3.584204 68.141174  0.185057 -0.953198 0.239095  1.854700 -0.868100 1 6 1.000000
0  1.544601 -3.601303 67.848373  0.189929 -0.976996 -0.096978  1.854700 -0.903600 1 6 1.000000
0  1.682400 -3.552897 68.102478  0.347428 -0.917287 0.194626  1.863300 -0.872800 1 6 1.000000
CloneHead
0  1.398201 -3.608003 68.102478  0.021200 -0.980600 0.194870  1.846100 -0.872800 1 6 1.000000
0  1.544601 -3.601303 67.848373  0.189929 -0.976996 -0.096978  1.854700 -0.903600 1 6 1.000000
0  1.541100 -3.584204 68.141174  0.185057 -0.953198 0.239095  1.854700 -0.868100 1 6 1.000000
CloneHead
0  1.292198 -3.618299 67.996979  -0.100058 -0.992229 0.073961  1.839900 -0.885800 1 6 1.000000
0  1.544601 -3.601303 67.848373  0.189929 -0.976996 -0.096978  1.854700 -0.903600 1 6 1.000000
0  1.398201 -3.608003 68.102478  0.021200 -0.980600 0.194870  1.846100 -0.872800 1 6 1.000000
CloneHead
0  1.251499 -3.611803 67.852875  -0.147089 -0.984851 -0.091834  1.837600 -0.903600 1 6 1.000000
0  1.544601 -3.601303 67.848373  0.189929 -0.976996 -0.096978  1.854700 -0.903600 1 6 1.000000
0  1.292198 -3.618299 67.996979  -0.100058 -0.992229 0.073961  1.839900 -0.885800 1 6 1.000000
CloneHead
0  1.286900 -3.590597 67.708679  -0.106685 -0.960630 -0.256532  1.839900 -0.921400 1 6 1.000000
0  1.544601 -3.601303 67.848373  0.189929 -0.976996 -0.096978  1.854700 -0.903600 1 6 1.000000
0  1.251499 -3.611803 67.852875  -0.147089 -0.984851 -0.091834  1.837600 -0.903600 1 6 1.000000
CloneHead
0  1.389000 -3.560500 67.603378  0.011254 -0.925914 -0.377568  1.846100 -0.934400 1 6 1.000000
0  1.544601 -3.601303 67.848373  0.189929 -0.976996 -0.096978  1.854700 -0.903600 1 6 1.000000
0  1.286900 -3.590597 67.708679  -0.106685 -0.960630 -0.256532  1.839900 -0.921400 1 6 1.000000
CloneHead
0  1.530399 -3.528902 67.564880  0.173261 -0.889784 -0.422213  1.854700 -0.939200 1 6 1.000000
0  1.544601 -3.601303 67.848373  0.189929 -0.976996 -0.096978  1.854700 -0.903600 1 6 1.000000
0  1.389000 -3.560500 67.603378  0.011254 -0.925914 -0.377568  1.846100 -0.934400 1 6 1.000000
CloneHead
0  1.673302 -3.505201 67.603378  0.335952 -0.862645 -0.378126  1.863300 -0.934400 1 6 1.000000
0  1.544601 -3.601303 67.848373  0.189929 -0.976996 -0.096978  1.854700 -0.903600 1 6 1.000000
0  1.530399 -3.528902 67.564880  0.173261 -0.889784 -0.422213  1.854700 -0.939200 1 6 1.000000
CloneHead
0  1.779202 -3.495098 67.708679  0.458387 -0.850911 -0.256578  1.869500 -0.921400 1 6 1.000000
0  1.544601 -3.601303 67.848373  0.189929 -0.976996 -0.096978  1.854700 -0.903600 1 6 1.000000
0  1.673302 -3.505201 67.603378  0.335952 -0.862645 -0.378126  1.863300 -0.934400 1 6 1.000000
CloneHead
0  1.820000 -3.501301 67.852882  0.505234 -0.858177 -0.090950  1.871800 -0.903600 1 6 1.000000
0  1.544601 -3.601303 67.848373  0.189929 -0.976996 -0.096978  1.854700 -0.903600 1 6 1.000000
0  1.779202 -3.495098 67.708679  0.458387 -0.850911 -0.256578  1.869500 -0.921400 1 6 1.000000
CloneHead
0  1.286900 -3.590597 67.708679  -0.106685 -0.960630 -0.256532  1.839900 -0.921400 1 6 1.000000
0  1.251499 -3.611803 67.852875  -0.147089 -0.984851 -0.091834  1.837600 -0.903600 1 6 1.000000
0  1.037201 -3.491303 67.591774  -0.413578 -0.819552 -0.396596  1.829600 -0.933800 1 6 1.000000
CloneHead
0  1.037201 -3.491303 67.591774  -0.413578 -0.819552 -0.396596  1.829600 -0.933800 1 6 1.000000
0  1.251499 -3.611803 67.852875  -0.147089 -0.984851 -0.091834  1.837600 -0.903600 1 6 1.000000
0  0.969898 -3.531500 67.865669  -0.492807 -0.866977 -0.074112  1.825700 -0.903600 1 6 1.000000
CloneHead
0  1.251499 -3.611803 67.852875  -0.147089 -0.984851 -0.091834  1.837600 -0.903600 1 6 1.000000
0  1.292198 -3.618299 67.996979  -0.100058 -0.992229 0.073961  1.839900 -0.885800 1 6 1.000000
0  0.969898 -3.531500 67.865669  -0.492807 -0.866977 -0.074112  1.825700 -0.903600 1 6 1.000000
CloneHead
0  0.969898 -3.531500 67.865669  -0.492807 -0.866977 -0.074112  1.825700 -0.903600 1 6 1.000000
0  1.292198 -3.618299 67.996979  -0.100058 -0.992229 0.073961  1.839900 -0.885800 1 6 1.000000
0  1.047298 -3.543797 68.139679  -0.401425 -0.881372 0.249082  1.829600 -0.873500 1 6 1.000000
CloneHead
0  1.292198 -3.618299 67.996979  -0.100058 -0.992229 0.073961  1.839900 -0.885800 1 6 1.000000
0  1.398201 -3.608003 68.102478  0.021200 -0.980600 0.194870  1.846100 -0.872800 1 6 1.000000
0  1.047298 -3.543797 68.139679  -0.401425 -0.881372 0.249082  1.829600 -0.873500 1 6 1.000000
CloneHead
0  1.047298 -3.543797 68.139679  -0.401425 -0.881372 0.249082  1.829600 -0.873500 1 6 1.000000
0  1.398201 -3.608003 68.102478  0.021200 -0.980600 0.194870  1.846100 -0.872800 1 6 1.000000
0  1.249001 -3.524501 68.340378  -0.163896 -0.858670 0.485617  1.840200 -0.851400 1 6 1.000000
CloneHead
0  1.398201 -3.608003 68.102478  0.021200 -0.980600 0.194870  1.846100 -0.872800 1 6 1.000000
0  1.541100 -3.584204 68.141174  0.185057 -0.953198 0.239095  1.854700 -0.868100 1 6 1.000000
0  1.249001 -3.524501 68.340378  -0.163896 -0.858670 0.485617  1.840200 -0.851400 1 6 1.000000
CloneHead
0  1.249001 -3.524501 68.340378  -0.163896 -0.858670 0.485617  1.840200 -0.851400 1 6 1.000000
0  1.541100 -3.584204 68.141174  0.185057 -0.953198 0.239095  1.854700 -0.868100 1 6 1.000000
0  1.520500 -3.478999 68.413979  0.156019 -0.805046 0.572327  1.854700 -0.843300 1 6 1.000000
CloneHead
0  1.541100 -3.584204 68.141174  0.185057 -0.953198 0.239095  1.854700 -0.868100 1 6 1.000000
0  1.682400 -3.552897 68.102478  0.347428 -0.917287 0.194626  1.863300 -0.872800 1 6 1.000000
0  1.520500 -3.478999 68.413979  0.156019 -0.805046 0.572327  1.854700 -0.843300 1 6 1.000000
CloneHead
0  1.520500 -3.478999 68.413979  0.156019 -0.805046 0.572327  1.854700 -0.843300 1 6 1.000000
0  1.682400 -3.552897 68.102478  0.347428 -0.917287 0.194626  1.863300 -0.872800 1 6 1.000000
0  1.789600 -3.419503 68.340675  0.473482 -0.734767 0.485728  1.869200 -0.851400 1 6 1.000000
CloneHead
0  1.682400 -3.552897 68.102478  0.347428 -0.917287 0.194626  1.863300 -0.872800 1 6 1.000000
0  1.784599 -3.522500 67.996979  0.464763 -0.882364 0.073677  1.869500 -0.885800 1 6 1.000000
0  1.789600 -3.419503 68.340675  0.473482 -0.734767 0.485728  1.869200 -0.851400 1 6 1.000000
CloneHead
0  1.789600 -3.419503 68.340675  0.473482 -0.734767 0.485728  1.869200 -0.851400 1 6 1.000000
0  1.784599 -3.522500 67.996979  0.464763 -0.882364 0.073677  1.869500 -0.885800 1 6 1.000000
0  1.983700 -3.361704 68.139946  0.702313 -0.666741 0.249426  1.879800 -0.873500 1 6 1.000000
CloneHead
0  1.784599 -3.522500 67.996979  0.464763 -0.882364 0.073677  1.869500 -0.885800 1 6 1.000000
0  1.820000 -3.501301 67.852882  0.505234 -0.858177 -0.090950  1.871800 -0.903600 1 6 1.000000
0  1.983700 -3.361704 68.139946  0.702313 -0.666741 0.249426  1.879800 -0.873500 1 6 1.000000
CloneHead
0  1.983700 -3.361704 68.139946  0.702313 -0.666741 0.249426  1.879800 -0.873500 1 6 1.000000
0  1.820000 -3.501301 67.852882  0.505234 -0.858177 -0.090950  1.871800 -0.903600 1 6 1.000000
0  2.051300 -3.321398 67.866058  0.781684 -0.619355 -0.073278  1.883700 -0.903600 1 6 1.000000
CloneHead
0  1.820000 -3.501301 67.852882  0.505234 -0.858177 -0.090950  1.871800 -0.903600 1 6 1.000000
0  1.779202 -3.495098 67.708679  0.458387 -0.850911 -0.256578  1.869500 -0.921400 1 6 1.000000
0  2.051300 -3.321398 67.866058  0.781684 -0.619355 -0.073278  1.883700 -0.903600 1 6 1.000000
CloneHead
0  2.051300 -3.321398 67.866058  0.781684 -0.619355 -0.073278  1.883700 -0.903600 1 6 1.000000
0  1.779202 -3.495098 67.708679  0.458387 -0.850911 -0.256578  1.869500 -0.921400 1 6 1.000000
0  1.973701 -3.309300 67.591743  0.690451 -0.604857 -0.396770  1.879800 -0.933800 1 6 1.000000
CloneHead
0  1.779202 -3.495098 67.708679  0.458387 -0.850911 -0.256578  1.869500 -0.921400 1 6 1.000000
0  1.673302 -3.505201 67.603378  0.335952 -0.862645 -0.378126  1.863300 -0.934400 1 6 1.000000
0  1.973701 -3.309300 67.591743  0.690451 -0.604857 -0.396770  1.879800 -0.933800 1 6 1.000000
CloneHead
0  1.973701 -3.309300 67.591743  0.690451 -0.604857 -0.396770  1.879800 -0.933800 1 6 1.000000
0  1.673302 -3.505201 67.603378  0.335952 -0.862645 -0.378126  1.863300 -0.934400 1 6 1.000000
0  1.772099 -3.328701 67.391075  0.452424 -0.627726 -0.633462  1.869200 -0.955800 1 6 1.000000
CloneHead
0  1.037201 -3.491303 67.591774  -0.413578 -0.819552 -0.396596  1.829600 -0.933800 1 6 1.000000
0  0.969898 -3.531500 67.865669  -0.492807 -0.866977 -0.074112  1.825700 -0.903600 1 6 1.000000
0  0.737900 -3.193398 67.487854  -0.687624 -0.536131 -0.489629  1.822000 -0.942800 1 6 1.000000
CloneHead
0  0.737900 -3.193398 67.487854  -0.687624 -0.536131 -0.489629  1.822000 -0.942800 1 6 1.000000
0  0.969898 -3.531500 67.865669  -0.492807 -0.866977 -0.074112  1.825700 -0.903600 1 6 1.000000
0  0.636902 -3.253799 67.898483  -0.797527 -0.601753 -0.042936  1.816900 -0.903600 1 6 1.000000
CloneHead
0  0.969898 -3.531500 67.865669  -0.492807 -0.866977 -0.074112  1.825700 -0.903600 1 6 1.000000
0  1.047298 -3.543797 68.139679  -0.401425 -0.881372 0.249082  1.829600 -0.873500 1 6 1.000000
0  0.636902 -3.253799 67.898483  -0.797527 -0.601753 -0.042936  1.816900 -0.903600 1 6 1.000000
CloneHead
0  0.636902 -3.253799 67.898483  -0.797527 -0.601753 -0.042936  1.816900 -0.903600 1 6 1.000000
0  1.047298 -3.543797 68.139679  -0.401425 -0.881372 0.249082  1.829600 -0.873500 1 6 1.000000
0  0.752899 -3.271998 68.308762  -0.671216 -0.621494 0.403998  1.822000 -0.864400 1 6 1.000000
CloneHead
0  1.047298 -3.543797 68.139679  -0.401425 -0.881372 0.249082  1.829600 -0.873500 1 6 1.000000
0  1.249001 -3.524501 68.340378  -0.163896 -0.858670 0.485617  1.840200 -0.851400 1 6 1.000000
0  0.752899 -3.271998 68.308762  -0.671216 -0.621494 0.403998  1.822000 -0.864400 1 6 1.000000
CloneHead
0  0.752899 -3.271998 68.308762  -0.671216 -0.621494 0.403998  1.822000 -0.864400 1 6 1.000000
0  1.249001 -3.524501 68.340378  -0.163896 -0.858670 0.485617  1.840200 -0.851400 1 6 1.000000
0  1.054802 -3.243096 68.609177  -0.342705 -0.590201 0.730901  1.835800 -0.835700 1 6 1.000000
CloneHead
0  1.249001 -3.524501 68.340378  -0.163896 -0.858670 0.485617  1.840200 -0.851400 1 6 1.000000
0  1.520500 -3.478999 68.413979  0.156019 -0.805046 0.572327  1.854700 -0.843300 1 6 1.000000
0  1.054802 -3.243096 68.609177  -0.342705 -0.590201 0.730901  1.835800 -0.835700 1 6 1.000000
CloneHead
0  1.054802 -3.243096 68.609177  -0.342705 -0.590201 0.730901  1.835800 -0.835700 1 6 1.000000
0  1.520500 -3.478999 68.413979  0.156019 -0.805046 0.572327  1.854700 -0.843300 1 6 1.000000
0  1.461399 -3.174998 68.719276  0.100055 -0.516032 0.850706  1.854700 -0.825200 1 6 1.000000
CloneHead
0  1.520500 -3.478999 68.413979  0.156019 -0.805046 0.572327  1.854700 -0.843300 1 6 1.000000
0  1.789600 -3.419503 68.340675  0.473482 -0.734767 0.485728  1.869200 -0.851400 1 6 1.000000
0  1.461399 -3.174998 68.719276  0.100055 -0.516032 0.850706  1.854700 -0.825200 1 6 1.000000
CloneHead
0  1.461399 -3.174998 68.719276  0.100055 -0.516032 0.850706  1.854700 -0.825200 1 6 1.000000
0  1.789600 -3.419503 68.340675  0.473482 -0.734767 0.485728  1.869200 -0.851400 1 6 1.000000
0  1.864300 -3.085700 68.609276  0.538874 -0.418570 0.731036  1.873600 -0.835700 1 6 1.000000
CloneHead
0  1.789600 -3.419503 68.340675  0.473482 -0.734767 0.485728  1.869200 -0.851400 1 6 1.000000
0  1.983700 -3.361704 68.139946  0.702313 -0.666741 0.249426  1.879800 -0.873500 1 6 1.000000
0  1.864300 -3.085700 68.609276  0.538874 -0.418570 0.731036  1.873600 -0.835700 1 6 1.000000
CloneHead
0  1.864300 -3.085700 68.609276  0.538874 -0.418570 0.731036  1.873600 -0.835700 1 6 1.000000
0  1.983700 -3.361704 68.139946  0.702313 -0.666741 0.249426  1.879800 -0.873500 1 6 1.000000
0  2.154799 -2.999300 68.309059  0.855059 -0.324687 0.404292  1.887400 -0.864400 1 6 1.000000
CloneHead
0  1.983700 -3.361704 68.139946  0.702313 -0.666741 0.249426  1.879800 -0.873500 1 6 1.000000
0  2.051300 -3.321398 67.866058  0.781684 -0.619355 -0.073278  1.883700 -0.903600 1 6 1.000000
0  2.154799 -2.999300 68.309059  0.855059 -0.324687 0.404292  1.887400 -0.864400 1 6 1.000000
CloneHead
0  2.154799 -2.999300 68.309059  0.855059 -0.324687 0.404292  1.887400 -0.864400 1 6 1.000000
0  2.051300 -3.321398 67.866058  0.781684 -0.619355 -0.073278  1.883700 -0.903600 1 6 1.000000
0  2.255798 -2.939200 67.898575  0.964903 -0.259127 -0.042610  1.892400 -0.903600 1 6 1.000000
CloneHead
0  2.051300 -3.321398 67.866058  0.781684 -0.619355 -0.073278  1.883700 -0.903600 1 6 1.000000
0  1.973701 -3.309300 67.591743  0.690451 -0.604857 -0.396770  1.879800 -0.933800 1 6 1.000000
0  2.255798 -2.939200 67.898575  0.964903 -0.259127 -0.042610  1.892400 -0.903600 1 6 1.000000
CloneHead
0  2.255798 -2.939200 67.898575  0.964903 -0.259127 -0.042610  1.892400 -0.903600 1 6 1.000000
0  1.973701 -3.309300 67.591743  0.690451 -0.604857 -0.396770  1.879800 -0.933800 1 6 1.000000
0  2.139702 -2.920899 67.488373  0.838562 -0.239390 -0.489394  1.887400 -0.942800 1 6 1.000000
CloneHead
0  1.973701 -3.309300 67.591743  0.690451 -0.604857 -0.396770  1.879800 -0.933800 1 6 1.000000
0  1.772099 -3.328701 67.391075  0.452424 -0.627726 -0.633462  1.869200 -0.955800 1 6 1.000000
0  2.139702 -2.920899 67.488373  0.838562 -0.239390 -0.489394  1.887400 -0.942800 1 6 1.000000
CloneHead
0  2.139702 -2.920899 67.488373  0.838562 -0.239390 -0.489394  1.887400 -0.942800 1 6 1.000000
0  1.772099 -3.328701 67.391075  0.452424 -0.627726 -0.633462  1.869200 -0.955800 1 6 1.000000
0  1.837898 -2.949599 67.187874  0.510091 -0.270680 -0.816419  1.873600 -0.971500 1 6 1.000000
CloneHead
0  1.461399 -3.174998 68.719276  0.100055 -0.516032 0.850706  1.854700 -0.825200 1 6 1.000000
0  1.864300 -3.085700 68.609276  0.538874 -0.418570 0.731036  1.873600 -0.835700 1 6 1.000000
0  1.383701 -2.775198 68.871979  0.066864 -0.344554 0.936382  1.854700 -0.808800 1 6 1.000000
CloneHead
0  1.383701 -2.775198 68.871979  0.066864 -0.344554 0.936382  1.854700 -0.808800 1 6 1.000000
0  1.864300 -3.085700 68.609276  0.538874 -0.418570 0.731036  1.873600 -0.835700 1 6 1.000000
0  1.841202 -2.673799 68.746880  0.538742 -0.239704 0.807651  1.877500 -0.821500 1 6 1.000000
CloneHead
0  1.864300 -3.085700 68.609276  0.538874 -0.418570 0.731036  1.873600 -0.835700 1 6 1.000000
0  2.154799 -2.999300 68.309059  0.855059 -0.324687 0.404292  1.887400 -0.864400 1 6 1.000000
0  1.841202 -2.673799 68.746880  0.538742 -0.239704 0.807651  1.877500 -0.821500 1 6 1.000000
CloneHead
0  1.841202 -2.673799 68.746880  0.538742 -0.239704 0.807651  1.877500 -0.821500 1 6 1.000000
0  2.154799 -2.999300 68.309059  0.855059 -0.324687 0.404292  1.887400 -0.864400 1 6 1.000000
0  2.171500 -2.575696 68.405777  0.879076 -0.138798 0.456026  1.894200 -0.856200 1 6 1.000000
CloneHead
0  2.154799 -2.999300 68.309059  0.855059 -0.324687 0.404292  1.887400 -0.864400 1 6 1.000000
0  2.255798 -2.939200 67.898575  0.964903 -0.259127 -0.042610  1.892400 -0.903600 1 6 1.000000
0  2.171500 -2.575696 68.405777  0.879076 -0.138798 0.456026  1.894200 -0.856200 1 6 1.000000
CloneHead
0  2.171500 -2.575696 68.405777  0.879076 -0.138798 0.456026  1.894200 -0.856200 1 6 1.000000
0  2.255798 -2.939200 67.898575  0.964903 -0.259127 -0.042610  1.892400 -0.903600 1 6 1.000000
0  2.286299 -2.507097 67.939476  0.997365 -0.068207 -0.024721  1.900300 -0.903600 1 6 1.000000
CloneHead
0  2.255798 -2.939200 67.898575  0.964903 -0.259127 -0.042610  1.892400 -0.903600 1 6 1.000000
0  2.139702 -2.920899 67.488373  0.838562 -0.239390 -0.489394  1.887400 -0.942800 1 6 1.000000
0  2.286299 -2.507097 67.939476  0.997365 -0.068207 -0.024721  1.900300 -0.903600 1 6 1.000000
CloneHead
0  2.286299 -2.507097 67.939476  0.997365 -0.068207 -0.024721  1.900300 -0.903600 1 6 1.000000
0  2.139702 -2.920899 67.488373  0.838562 -0.239390 -0.489394  1.887400 -0.942800 1 6 1.000000
0  2.154598 -2.486497 67.473160  0.861485 -0.047128 -0.505590  1.894200 -0.951000 1 6 1.000000
CloneHead
0  2.139702 -2.920899 67.488373  0.838562 -0.239390 -0.489394  1.887400 -0.942800 1 6 1.000000
0  1.837898 -2.949599 67.187874  0.510091 -0.270680 -0.816419  1.873600 -0.971500 1 6 1.000000
0  2.154598 -2.486497 67.473160  0.861485 -0.047128 -0.505590  1.894200 -0.951000 1 6 1.000000
CloneHead
0  2.154598 -2.486497 67.473160  0.861485 -0.047128 -0.505590  1.894200 -0.951000 1 6 1.000000
0  1.837898 -2.949599 67.187874  0.510091 -0.270680 -0.816419  1.873600 -0.971500 1 6 1.000000
0  1.811401 -2.519298 67.131775  0.507801 -0.080517 -0.857703  1.877500 -0.985700 1 6 1.000000
CloneHead
0  1.837898 -2.949599 67.187874  0.510091 -0.270680 -0.816419  1.873600 -0.971500 1 6 1.000000
0  1.431301 -3.018000 67.077774  0.067483 -0.345172 -0.936110  1.854700 -0.982000 1 6 1.000000
0  1.811401 -2.519298 67.131775  0.507801 -0.080517 -0.857703  1.877500 -0.985700 1 6 1.000000
CloneHead
0  1.811401 -2.519298 67.131775  0.507801 -0.080517 -0.857703  1.877500 -0.985700 1 6 1.000000
0  1.431301 -3.018000 67.077774  0.067483 -0.345172 -0.936110  1.854700 -0.982000 1 6 1.000000
0  1.349300 -2.596702 67.006676  0.031486 -0.160455 -0.986541  1.854700 -0.998400 1 6 1.000000
CloneHead
0  1.431301 -3.018000 67.077774  0.067483 -0.345172 -0.936110  1.854700 -0.982000 1 6 1.000000
0  1.028400 -3.107000 67.187675  -0.371174 -0.442196 -0.816512  1.835800 -0.971500 1 6 1.000000
0  1.349300 -2.596702 67.006676  0.031486 -0.160455 -0.986541  1.854700 -0.998400 1 6 1.000000
CloneHead
0  1.349300 -2.596702 67.006676  0.031486 -0.160455 -0.986541  1.854700 -0.998400 1 6 1.000000
0  1.028400 -3.107000 67.187675  -0.371174 -0.442196 -0.816512  1.835800 -0.971500 1 6 1.000000
0  0.891701 -2.698101 67.131378  -0.440324 -0.265132 -0.857800  1.831900 -0.985700 1 6 1.000000
CloneHead
0  1.772099 -3.328701 67.391075  0.452424 -0.627726 -0.633462  1.869200 -0.955800 1 6 1.000000
0  1.500301 -3.374101 67.317780  0.132705 -0.681474 -0.719710  1.854700 -0.963900 1 6 1.000000
0  1.837898 -2.949599 67.187874  0.510091 -0.270680 -0.816419  1.873600 -0.971500 1 6 1.000000
CloneHead
0  1.837898 -2.949599 67.187874  0.510091 -0.270680 -0.816419  1.873600 -0.971500 1 6 1.000000
0  1.500301 -3.374101 67.317780  0.132705 -0.681474 -0.719710  1.854700 -0.963900 1 6 1.000000
0  1.431301 -3.018000 67.077774  0.067483 -0.345172 -0.936110  1.854700 -0.982000 1 6 1.000000
CloneHead
0  1.500301 -3.374101 67.317780  0.132705 -0.681474 -0.719710  1.854700 -0.963900 1 6 1.000000
0  1.231499 -3.433804 67.391075  -0.184443 -0.751672 -0.633222  1.840200 -0.955800 1 6 1.000000
0  1.431301 -3.018000 67.077774  0.067483 -0.345172 -0.936110  1.854700 -0.982000 1 6 1.000000
CloneHead
0  1.431301 -3.018000 67.077774  0.067483 -0.345172 -0.936110  1.854700 -0.982000 1 6 1.000000
0  1.231499 -3.433804 67.391075  -0.184443 -0.751672 -0.633222  1.840200 -0.955800 1 6 1.000000
0  1.028400 -3.107000 67.187675  -0.371174 -0.442196 -0.816512  1.835800 -0.971500 1 6 1.000000
CloneHead
0  1.673302 -3.505201 67.603378  0.335952 -0.862645 -0.378126  1.863300 -0.934400 1 6 1.000000
0  1.530399 -3.528902 67.564880  0.173261 -0.889784 -0.422213  1.854700 -0.939200 1 6 1.000000
0  1.772099 -3.328701 67.391075  0.452424 -0.627726 -0.633462  1.869200 -0.955800 1 6 1.000000
CloneHead
0  1.772099 -3.328701 67.391075  0.452424 -0.627726 -0.633462  1.869200 -0.955800 1 6 1.000000
0  1.530399 -3.528902 67.564880  0.173261 -0.889784 -0.422213  1.854700 -0.939200 1 6 1.000000
0  1.500301 -3.374101 67.317780  0.132705 -0.681474 -0.719710  1.854700 -0.963900 1 6 1.000000
CloneHead
0  1.530399 -3.528902 67.564880  0.173261 -0.889784 -0.422213  1.854700 -0.939200 1 6 1.000000
0  1.389000 -3.560500 67.603378  0.011254 -0.925914 -0.377568  1.846100 -0.934400 1 6 1.000000
0  1.500301 -3.374101 67.317780  0.132705 -0.681474 -0.719710  1.854700 -0.963900 1 6 1.000000
CloneHead
0  1.500301 -3.374101 67.317780  0.132705 -0.681474 -0.719710  1.854700 -0.963900 1 6 1.000000
0  1.389000 -3.560500 67.603378  0.011254 -0.925914 -0.377568  1.846100 -0.934400 1 6 1.000000
0  1.231499 -3.433804 67.391075  -0.184443 -0.751672 -0.633222  1.840200 -0.955800 1 6 1.000000
CloneHead
0  1.389000 -3.560500 67.603378  0.011254 -0.925914 -0.377568  1.846100 -0.934400 1 6 1.000000
0  1.286900 -3.590597 67.708679  -0.106685 -0.960630 -0.256532  1.839900 -0.921400 1 6 1.000000
0  1.231499 -3.433804 67.391075  -0.184443 -0.751672 -0.633222  1.840200 -0.955800 1 6 1.000000
CloneHead
0  1.231499 -3.433804 67.391075  -0.184443 -0.751672 -0.633222  1.840200 -0.955800 1 6 1.000000
0  1.286900 -3.590597 67.708679  -0.106685 -0.960630 -0.256532  1.839900 -0.921400 1 6 1.000000
0  1.037201 -3.491303 67.591774  -0.413578 -0.819552 -0.396596  1.829600 -0.933800 1 6 1.000000
CloneHead
0  1.231499 -3.433804 67.391075  -0.184443 -0.751672 -0.633222  1.840200 -0.955800 1 6 1.000000
0  1.037201 -3.491303 67.591774  -0.413578 -0.819552 -0.396596  1.829600 -0.933800 1 6 1.000000
0  1.028400 -3.107000 67.187675  -0.371174 -0.442196 -0.816512  1.835800 -0.971500 1 6 1.000000
CloneHead
0  1.028400 -3.107000 67.187675  -0.371174 -0.442196 -0.816512  1.835800 -0.971500 1 6 1.000000
0  1.037201 -3.491303 67.591774  -0.413578 -0.819552 -0.396596  1.829600 -0.933800 1 6 1.000000
0  0.737900 -3.193398 67.487854  -0.687624 -0.536131 -0.489629  1.822000 -0.942800 1 6 1.000000
CloneHead
0  1.028400 -3.107000 67.187675  -0.371174 -0.442196 -0.816512  1.835800 -0.971500 1 6 1.000000
0  0.737900 -3.193398 67.487854  -0.687624 -0.536131 -0.489629  1.822000 -0.942800 1 6 1.000000
0  0.891701 -2.698101 67.131378  -0.440324 -0.265132 -0.857800  1.831900 -0.985700 1 6 1.000000
CloneHead
0  0.891701 -2.698101 67.131378  -0.440324 -0.265132 -0.857800  1.831900 -0.985700 1 6 1.000000
0  0.737900 -3.193398 67.487854  -0.687624 -0.536131 -0.489629  1.822000 -0.942800 1 6 1.000000
0  0.561501 -2.796198 67.472977  -0.781326 -0.365906 -0.505611  1.815200 -0.951000 1 6 1.000000
CloneHead
0  0.737900 -3.193398 67.487854  -0.687624 -0.536131 -0.489629  1.822000 -0.942800 1 6 1.000000
0  0.636902 -3.253799 67.898483  -0.797527 -0.601753 -0.042936  1.816900 -0.903600 1 6 1.000000
0  0.561501 -2.796198 67.472977  -0.781326 -0.365906 -0.505611  1.815200 -0.951000 1 6 1.000000
CloneHead
0  0.561501 -2.796198 67.472977  -0.781326 -0.365906 -0.505611  1.815200 -0.951000 1 6 1.000000
0  0.636902 -3.253799 67.898483  -0.797527 -0.601753 -0.042936  1.816900 -0.903600 1 6 1.000000
0  0.446899 -2.864799 67.939178  -0.899295 -0.436618 -0.025155  1.809000 -0.903600 1 6 1.000000
CloneHead
0  0.636902 -3.253799 67.898483  -0.797527 -0.601753 -0.042936  1.816900 -0.903600 1 6 1.000000
0  0.752899 -3.271998 68.308762  -0.671216 -0.621494 0.403998  1.822000 -0.864400 1 6 1.000000
0  0.446899 -2.864799 67.939178  -0.899295 -0.436618 -0.025155  1.809000 -0.903600 1 6 1.000000
CloneHead
0  0.446899 -2.864799 67.939178  -0.899295 -0.436618 -0.025155  1.809000 -0.903600 1 6 1.000000
0  0.752899 -3.271998 68.308762  -0.671216 -0.621494 0.403998  1.822000 -0.864400 1 6 1.000000
0  0.578602 -2.885199 68.405479  -0.763296 -0.457993 0.455656  1.815200 -0.856200 1 6 1.000000
CloneHead
0  0.752899 -3.271998 68.308762  -0.671216 -0.621494 0.403998  1.822000 -0.864400 1 6 1.000000
0  1.054802 -3.243096 68.609177  -0.342705 -0.590201 0.730901  1.835800 -0.835700 1 6 1.000000
0  0.578602 -2.885199 68.405479  -0.763296 -0.457993 0.455656  1.815200 -0.856200 1 6 1.000000
CloneHead
0  0.578602 -2.885199 68.405479  -0.763296 -0.457993 0.455656  1.815200 -0.856200 1 6 1.000000
0  1.054802 -3.243096 68.609177  -0.342705 -0.590201 0.730901  1.835800 -0.835700 1 6 1.000000
0  0.921501 -2.852499 68.746872  -0.409877 -0.424487 0.807348  1.831900 -0.821500 1 6 1.000000
CloneHead
0  1.054802 -3.243096 68.609177  -0.342705 -0.590201 0.730901  1.835800 -0.835700 1 6 1.000000
0  1.461399 -3.174998 68.719276  0.100055 -0.516032 0.850706  1.854700 -0.825200 1 6 1.000000
0  0.921501 -2.852499 68.746872  -0.409877 -0.424487 0.807348  1.831900 -0.821500 1 6 1.000000
CloneHead
0  0.921501 -2.852499 68.746872  -0.409877 -0.424487 0.807348  1.831900 -0.821500 1 6 1.000000
0  1.461399 -3.174998 68.719276  0.100055 -0.516032 0.850706  1.854700 -0.825200 1 6 1.000000
0  1.383701 -2.775198 68.871979  0.066864 -0.344554 0.936382  1.854700 -0.808800 1 6 1.000000
CloneHead
0  -2.969800 -0.652692 69.634872  -0.971054 -0.024832 0.237564  1.639700 -0.363400 1 6 1.000000
0  -2.395401 0.304111 70.861069  -0.742021 0.184615 0.644455  1.672800 -0.244100 1 6 1.000000
0  -2.945499 0.303410 69.557266  -0.964712 0.140699 0.222566  1.672400 -0.383000 1 6 1.000000
CloneHead
0  -2.969800 -0.652692 69.634872  -0.971054 -0.024832 0.237564  1.639700 -0.363400 1 6 1.000000
0  -2.945499 0.303410 69.557266  -0.964712 0.140699 0.222566  1.672400 -0.383000 1 6 1.000000
0  -3.006100 -0.506896 68.530067  -0.999298 -0.012826 0.035197  1.648900 -0.463500 1 6 1.000000
CloneHead
0  -3.006100 -0.506896 68.530067  -0.999298 -0.012826 0.035197  1.648900 -0.463500 1 6 1.000000
0  -2.945499 0.303410 69.557266  -0.964712 0.140699 0.222566  1.672400 -0.383000 1 6 1.000000
0  -3.023103 0.319809 68.234871  -0.783462 0.086651 0.615369  1.670900 -0.522000 1 6 1.000000
CloneHead
0  -3.021199 -0.120792 68.023071  -0.836439 -0.289452 0.465390  1.657300 -0.535300 1 6 1.000000
0  -3.006100 -0.506896 68.530067  -0.999298 -0.012826 0.035197  1.648900 -0.463500 1 6 1.000000
0  -3.023103 0.319809 68.234871  -0.783462 0.086651 0.615369  1.670900 -0.522000 1 6 1.000000
CloneHead
0  -3.032600 -0.400694 67.724670  -0.975750 -0.218887 -0.000516  1.655600 -0.536500 1 6 1.000000
0  -3.006100 -0.506896 68.530067  -0.999298 -0.012826 0.035197  1.648900 -0.463500 1 6 1.000000
0  -3.021199 -0.120792 68.023071  -0.836439 -0.289452 0.465390  1.657300 -0.535300 1 6 1.000000
CloneHead
0  -3.006100 -0.506896 68.530067  -0.999298 -0.012826 0.035197  1.648900 -0.463500 1 6 1.000000
0  -3.032600 -0.400694 67.724670  -0.975750 -0.218887 -0.000516  1.655600 -0.536500 1 6 1.000000
0  -2.974801 -1.512295 68.522270  -0.996517 -0.068309 0.047825  1.613500 -0.461300 1 6 1.000000
CloneHead
0  -3.006100 -0.506896 68.530067  -0.999298 -0.012826 0.035197  1.648900 -0.463500 1 6 1.000000
0  -2.974801 -1.512295 68.522270  -0.996517 -0.068309 0.047825  1.613500 -0.461300 1 6 1.000000
0  -2.969800 -0.652692 69.634872  -0.971054 -0.024832 0.237564  1.639700 -0.363400 1 6 1.000000
CloneHead
0  -2.969800 -0.652692 69.634872  -0.971054 -0.024832 0.237564  1.639700 -0.363400 1 6 1.000000
0  -2.974801 -1.512295 68.522270  -0.996517 -0.068309 0.047825  1.613500 -0.461300 1 6 1.000000
0  -2.887203 -1.792395 69.510368  -0.960504 -0.145686 0.237082  1.599200 -0.367500 1 6 1.000000
CloneHead
0  -2.887203 -1.792395 69.510368  -0.960504 -0.145686 0.237082  1.599200 -0.367500 1 6 1.000000
0  -2.347703 -1.061094 70.932976  -0.759755 -0.065403 0.646911  1.613100 -0.222400 1 6 1.000000
0  -2.969800 -0.652692 69.634872  -0.971054 -0.024832 0.237564  1.639700 -0.363400 1 6 1.000000
CloneHead
0  -2.285901 -2.351297 70.712677  -0.754854 -0.275689 0.595139  1.564200 -0.230900 1 6 1.000000
0  -2.347703 -1.061094 70.932976  -0.759755 -0.065403 0.646911  1.613100 -0.222400 1 6 1.000000
0  -2.887203 -1.792395 69.510368  -0.960504 -0.145686 0.237082  1.599200 -0.367500 1 6 1.000000
CloneHead
0  0.003300 1.885107 64.355270  0.001696 0.968437 -0.249253  1.045600 -0.993700 1 6 1.000000
0  1.344398 1.572408 65.064667  0.485104 0.829609 -0.276447  1.099500 -0.880200 1 6 1.000000
0  1.500401 1.239705 64.145973  0.558630 0.804105 -0.203340  1.116800 -0.993700 1 6 1.000000
CloneHead
0  0.003601 2.049707 65.049568  0.001677 0.951541 -0.307518  1.040200 -0.899800 1 6 1.000000
0  1.344398 1.572408 65.064667  0.485104 0.829609 -0.276447  1.099500 -0.880200 1 6 1.000000
0  0.003300 1.885107 64.355270  0.001696 0.968437 -0.249253  1.045600 -0.993700 1 6 1.000000
CloneHead
0  1.344398 1.572408 65.064667  0.485104 0.829609 -0.276447  1.099500 -0.880200 1 6 1.000000
0  0.003601 2.049707 65.049568  0.001677 0.951541 -0.307518  1.040200 -0.899800 1 6 1.000000
0  1.277100 2.117111 66.328171  0.455213 0.836338 -0.305485  1.076600 -0.736600 1 6 1.000000
CloneHead
0  1.277100 2.117111 66.328171  0.455213 0.836338 -0.305485  1.076600 -0.736600 1 6 1.000000
0  0.003601 2.049707 65.049568  0.001677 0.951541 -0.307518  1.040200 -0.899800 1 6 1.000000
0  0.004501 2.584712 66.404266  0.001672 0.950846 -0.309659  1.021000 -0.742500 1 6 1.000000
CloneHead
0  0.004501 2.584712 66.404266  0.001672 0.950846 -0.309659  1.021000 -0.742500 1 6 1.000000
0  1.114399 2.670611 68.066864  0.360081 0.928372 -0.092016  1.050400 -0.557400 1 6 1.000000
0  1.277100 2.117111 66.328171  0.455213 0.836338 -0.305485  1.076600 -0.736600 1 6 1.000000
CloneHead
0  0.005299 3.010716 68.130165  0.001768 0.997433 -0.071584  1.004500 -0.546500 1 6 1.000000
0  1.114399 2.670611 68.066864  0.360081 0.928372 -0.092016  1.050400 -0.557400 1 6 1.000000
0  0.004501 2.584712 66.404266  0.001672 0.950846 -0.309659  1.021000 -0.742500 1 6 1.000000
CloneHead
0  0.005299 3.010716 68.130165  0.001768 0.997433 -0.071584  1.004500 -0.546500 1 6 1.000000
0  1.144299 2.549314 69.661072  0.377344 0.871390 0.313513  1.056400 -0.384200 1 6 1.000000
0  1.114399 2.670611 68.066864  0.360081 0.928372 -0.092016  1.050400 -0.557400 1 6 1.000000
CloneHead
0  0.004902 2.832914 69.864471  0.001615 0.931599 0.363483  1.014400 -0.339900 1 6 1.000000
0  1.144299 2.549314 69.661072  0.377344 0.871390 0.313513  1.056400 -0.384200 1 6 1.000000
0  0.005299 3.010716 68.130165  0.001768 0.997433 -0.071584  1.004500 -0.546500 1 6 1.000000
CloneHead
0  0.004902 2.832914 69.864471  0.001615 0.931599 0.363483  1.014400 -0.339900 1 6 1.000000
0  1.166698 1.594212 71.031868  0.389953 0.591093 0.706078  1.094000 -0.218600 1 6 1.000000
0  1.144299 2.549314 69.661072  0.377344 0.871390 0.313513  1.056400 -0.384200 1 6 1.000000
CloneHead
0  0.002998 1.723013 71.358170  0.001044 0.608804 0.793320  1.069900 -0.144600 1 6 1.000000
0  1.166698 1.594212 71.031868  0.389953 0.591093 0.706078  1.094000 -0.218600 1 6 1.000000
0  0.004902 2.832914 69.864471  0.001615 0.931599 0.363483  1.014400 -0.339900 1 6 1.000000
CloneHead
0  0.002998 1.723013 71.358170  0.001044 0.608804 0.793320  1.069900 -0.144600 1 6 1.000000
0  1.184700 0.123411 71.697075  0.396943 0.188025 0.898378  1.168200 -0.115900 1 6 1.000000
0  1.166698 1.594212 71.031868  0.389953 0.591093 0.706078  1.094000 -0.218600 1 6 1.000000
CloneHead
0  0.000000 -0.020088 72.034668  0.000281 0.153426 0.988160  1.166500 -0.029700 1 6 1.000000
0  1.184700 0.123411 71.697075  0.396943 0.188025 0.898378  1.168200 -0.115900 1 6 1.000000
0  0.002998 1.723013 71.358170  0.001044 0.608804 0.793320  1.069900 -0.144600 1 6 1.000000
CloneHead
0  1.184700 0.123411 71.697075  0.396943 0.188025 0.898378  1.168200 -0.115900 1 6 1.000000
0  0.000000 -0.020088 72.034668  0.000281 0.153426 0.988160  1.166500 -0.029700 1 6 1.000000
0  1.263100 -1.410295 71.665474  0.419598 -0.117487 0.900075  1.251600 -0.098300 1 6 1.000000
CloneHead
0  1.263100 -1.410295 71.665474  0.419598 -0.117487 0.900075  1.251600 -0.098300 1 6 1.000000
0  0.000000 -0.020088 72.034668  0.000281 0.153426 0.988160  1.166500 -0.029700 1 6 1.000000
0  -0.002899 -1.681792 71.961075  -0.000290 -0.174254 0.984701  1.270900 -0.015100 1 6 1.000000
CloneHead
0  1.263100 -1.410295 71.665474  0.419598 -0.117487 0.900075  1.251600 -0.098300 1 6 1.000000
0  -0.002899 -1.681792 71.961075  -0.000290 -0.174254 0.984701  1.270900 -0.015100 1 6 1.000000
0  1.197399 -2.812596 71.312187  0.389576 -0.432968 0.812877  1.336100 -0.135500 1 6 1.000000
CloneHead
0  1.197399 -2.812596 71.312187  0.389576 -0.432968 0.812877  1.336100 -0.135500 1 6 1.000000
0  -0.002899 -1.681792 71.961075  -0.000290 -0.174254 0.984701  1.270900 -0.015100 1 6 1.000000
0  -0.005299 -3.042196 71.529083  -0.000897 -0.512011 0.858978  1.375500 -0.080900 1 6 1.000000
CloneHead
0  -0.005299 -3.042196 71.529083  -0.000897 -0.512011 0.858978  1.375500 -0.080900 1 6 1.000000
0  0.502300 -3.933400 70.542084  0.212601 -0.764674 0.608337  1.391900 -0.196300 1 6 1.000000
0  1.197399 -2.812596 71.312187  0.389576 -0.432968 0.812877  1.336100 -0.135500 1 6 1.000000
CloneHead
0  0.502300 -3.933400 70.542084  0.212601 -0.764674 0.608337  1.391900 -0.196300 1 6 1.000000
0  -0.005299 -3.042196 71.529083  -0.000897 -0.512011 0.858978  1.375500 -0.080900 1 6 1.000000
0  -0.007000 -4.012901 70.556778  -0.001419 -0.806433 0.591324  1.421700 -0.174200 1 6 1.000000
CloneHead
0  1.114399 2.670611 68.066864  0.360081 0.928372 -0.092016  1.050400 -0.557400 1 6 1.000000
0  1.945999 2.218811 67.797096  0.586508 0.790792 -0.175092  1.091600 -0.579100 1 6 1.000000
0  1.277100 2.117111 66.328171  0.455213 0.836338 -0.305485  1.076600 -0.736600 1 6 1.000000
CloneHead
0  1.114399 2.670611 68.066864  0.360081 0.928372 -0.092016  1.050400 -0.557400 1 6 1.000000
0  2.193197 2.117412 69.146858  0.649672 0.740938 0.170110  1.100000 -0.441300 1 6 1.000000
0  1.945999 2.218811 67.797096  0.586508 0.790792 -0.175092  1.091600 -0.579100 1 6 1.000000
CloneHead
0  1.144299 2.549314 69.661072  0.377344 0.871390 0.313513  1.056400 -0.384200 1 6 1.000000
0  2.193197 2.117412 69.146858  0.649672 0.740938 0.170110  1.100000 -0.441300 1 6 1.000000
0  1.114399 2.670611 68.066864  0.360081 0.928372 -0.092016  1.050400 -0.557400 1 6 1.000000
CloneHead
0  1.144299 2.549314 69.661072  0.377344 0.871390 0.313513  1.056400 -0.384200 1 6 1.000000
0  2.329798 1.281811 70.383469  0.706192 0.496122 0.505129  1.128500 -0.314500 1 6 1.000000
0  2.193197 2.117412 69.146858  0.649672 0.740938 0.170110  1.100000 -0.441300 1 6 1.000000
CloneHead
0  1.166698 1.594212 71.031868  0.389953 0.591093 0.706078  1.094000 -0.218600 1 6 1.000000
0  2.329798 1.281811 70.383469  0.706192 0.496122 0.505129  1.128500 -0.314500 1 6 1.000000
0  1.144299 2.549314 69.661072  0.377344 0.871390 0.313513  1.056400 -0.384200 1 6 1.000000
CloneHead
0  2.329798 1.281811 70.383469  0.706192 0.496122 0.505129  1.128500 -0.314500 1 6 1.000000
0  1.166698 1.594212 71.031868  0.389953 0.591093 0.706078  1.094000 -0.218600 1 6 1.000000
0  2.396500 0.295711 70.861069  0.742666 0.181985 0.644459  1.170700 -0.244100 1 6 1.000000
CloneHead
0  2.396500 0.295711 70.861069  0.742666 0.181985 0.644459  1.170700 -0.244100 1 6 1.000000
0  1.166698 1.594212 71.031868  0.389953 0.591093 0.706078  1.094000 -0.218600 1 6 1.000000
0  1.184700 0.123411 71.697075  0.396943 0.188025 0.898378  1.168200 -0.115900 1 6 1.000000
CloneHead
0  2.396500 0.295711 70.861069  0.742666 0.181985 0.644459  1.170700 -0.244100 1 6 1.000000
0  1.184700 0.123411 71.697075  0.396943 0.188025 0.898378  1.168200 -0.115900 1 6 1.000000
0  2.343898 -1.069293 70.932976  0.759502 -0.068071 0.646933  1.230300 -0.222400 1 6 1.000000
CloneHead
0  2.343898 -1.069293 70.932976  0.759502 -0.068071 0.646933  1.230300 -0.222400 1 6 1.000000
0  1.184700 0.123411 71.697075  0.396943 0.188025 0.898378  1.168200 -0.115900 1 6 1.000000
0  1.263100 -1.410295 71.665474  0.419598 -0.117487 0.900075  1.251600 -0.098300 1 6 1.000000
CloneHead
0  1.263100 -1.410295 71.665474  0.419598 -0.117487 0.900075  1.251600 -0.098300 1 6 1.000000
0  2.277699 -2.359193 70.712677  0.753895 -0.278276 0.595151  1.279300 -0.230900 1 6 1.000000
0  2.343898 -1.069293 70.932976  0.759502 -0.068071 0.646933  1.230300 -0.222400 1 6 1.000000
CloneHead
0  1.197399 -2.812596 71.312187  0.389576 -0.432968 0.812877  1.336100 -0.135500 1 6 1.000000
0  2.277699 -2.359193 70.712677  0.753895 -0.278276 0.595151  1.279300 -0.230900 1 6 1.000000
0  1.263100 -1.410295 71.665474  0.419598 -0.117487 0.900075  1.251600 -0.098300 1 6 1.000000
CloneHead
0  1.714499 -3.614395 70.329086  0.489209 -0.647957 0.583803  1.333300 -0.247600 1 6 1.000000
0  2.277699 -2.359193 70.712677  0.753895 -0.278276 0.595151  1.279300 -0.230900 1 6 1.000000
0  1.197399 -2.812596 71.312187  0.389576 -0.432968 0.812877  1.336100 -0.135500 1 6 1.000000
CloneHead
0  1.084599 -3.777600 70.455376  0.297668 -0.730907 0.614141  1.367400 -0.218400 1 6 1.000000
0  1.714499 -3.614395 70.329086  0.489209 -0.647957 0.583803  1.333300 -0.247600 1 6 1.000000
0  1.197399 -2.812596 71.312187  0.389576 -0.432968 0.812877  1.336100 -0.135500 1 6 1.000000
CloneHead
0  1.084599 -3.777600 70.455376  0.297668 -0.730907 0.614141  1.367400 -0.218400 1 6 1.000000
0  1.197399 -2.812596 71.312187  0.389576 -0.432968 0.812877  1.336100 -0.135500 1 6 1.000000
0  0.502300 -3.933400 70.542084  0.212601 -0.764674 0.608337  1.391900 -0.196300 1 6 1.000000
CloneHead
0  1.714499 -3.614395 70.329086  0.489209 -0.647957 0.583803  1.333300 -0.247600 1 6 1.000000
0  2.200400 -3.278198 70.080261  0.774424 -0.452494 0.442172  1.308800 -0.282800 1 6 1.000000
0  2.277699 -2.359193 70.712677  0.753895 -0.278276 0.595151  1.279300 -0.230900 1 6 1.000000
CloneHead
0  -0.460300 -4.432503 69.522858  -0.099330 -0.955516 0.277711  1.446000 -0.277400 1 6 1.000000
0  -0.007401 -4.264098 70.053879  -0.001555 -0.916354 0.400366  1.421700 -0.217200 1 6 1.000000
0  -0.505100 -4.209601 70.060753  -0.169963 -0.886309 0.430777  1.448800 -0.236900 1 6 1.000000
CloneHead
0  -0.007401 -4.264098 70.053879  -0.001555 -0.916354 0.400366  1.421700 -0.217200 1 6 1.000000
0  -0.007000 -4.012901 70.556778  -0.001419 -0.806433 0.591324  1.421700 -0.174200 1 6 1.000000
0  -0.505100 -4.209601 70.060753  -0.169963 -0.886309 0.430777  1.448800 -0.236900 1 6 1.000000
CloneHead
0  -0.007401 -4.264098 70.053879  -0.001555 -0.916354 0.400366  1.421700 -0.217200 1 6 1.000000
0  0.490398 -4.211302 70.060783  0.166833 -0.886917 0.430748  1.394700 -0.236900 1 6 1.000000
0  -0.007000 -4.012901 70.556778  -0.001419 -0.806433 0.591324  1.421700 -0.174200 1 6 1.000000
CloneHead
0  -0.007000 -4.012901 70.556778  -0.001419 -0.806433 0.591324  1.421700 -0.174200 1 6 1.000000
0  0.490398 -4.211302 70.060783  0.166833 -0.886917 0.430748  1.394700 -0.236900 1 6 1.000000
0  0.502300 -3.933400 70.542084  0.212601 -0.764674 0.608337  1.391900 -0.196300 1 6 1.000000
CloneHead
0  0.490398 -4.211302 70.060783  0.166833 -0.886917 0.430748  1.394700 -0.236900 1 6 1.000000
0  1.044998 -4.085397 70.001381  0.278516 -0.842609 0.460912  1.370300 -0.256500 1 6 1.000000
0  0.502300 -3.933400 70.542084  0.212601 -0.764674 0.608337  1.391900 -0.196300 1 6 1.000000
CloneHead
0  0.502300 -3.933400 70.542084  0.212601 -0.764674 0.608337  1.391900 -0.196300 1 6 1.000000
0  1.044998 -4.085397 70.001381  0.278516 -0.842609 0.460912  1.370300 -0.256500 1 6 1.000000
0  1.084599 -3.777600 70.455376  0.297668 -0.730907 0.614141  1.367400 -0.218400 1 6 1.000000
CloneHead
0  1.627098 -3.926703 69.908783  0.422649 -0.793345 0.438145  1.340900 -0.282000 1 6 1.000000
0  1.084599 -3.777600 70.455376  0.297668 -0.730907 0.614141  1.367400 -0.218400 1 6 1.000000
0  1.044998 -4.085397 70.001381  0.278516 -0.842609 0.460912  1.370300 -0.256500 1 6 1.000000
CloneHead
0  1.714499 -3.614395 70.329086  0.489209 -0.647957 0.583803  1.333300 -0.247600 1 6 1.000000
0  1.084599 -3.777600 70.455376  0.297668 -0.730907 0.614141  1.367400 -0.218400 1 6 1.000000
0  1.627098 -3.926703 69.908783  0.422649 -0.793345 0.438145  1.340900 -0.282000 1 6 1.000000
CloneHead
0  2.158600 -3.625800 69.700760  0.748365 -0.565737 0.346253  1.315800 -0.315800 1 6 1.000000
0  1.714499 -3.614395 70.329086  0.489209 -0.647957 0.583803  1.333300 -0.247600 1 6 1.000000
0  1.627098 -3.926703 69.908783  0.422649 -0.793345 0.438145  1.340900 -0.282000 1 6 1.000000
CloneHead
0  2.200400 -3.278198 70.080261  0.774424 -0.452494 0.442172  1.308800 -0.282800 1 6 1.000000
0  1.714499 -3.614395 70.329086  0.489209 -0.647957 0.583803  1.333300 -0.247600 1 6 1.000000
0  2.158600 -3.625800 69.700760  0.748365 -0.565737 0.346253  1.315800 -0.315800 1 6 1.000000
CloneHead
0  2.200400 -3.278198 70.080261  0.774424 -0.452494 0.442172  1.308800 -0.282800 1 6 1.000000
0  2.158600 -3.625800 69.700760  0.748365 -0.565737 0.346253  1.315800 -0.315800 1 6 1.000000
0  2.770198 -2.635697 69.164680  0.937103 -0.292531 0.190432  1.272100 -0.378800 1 6 1.000000
CloneHead
0  2.770198 -2.635697 69.164680  0.937103 -0.292531 0.190432  1.272100 -0.378800 1 6 1.000000
0  2.277699 -2.359193 70.712677  0.753895 -0.278276 0.595151  1.279300 -0.230900 1 6 1.000000
0  2.200400 -3.278198 70.080261  0.774424 -0.452494 0.442172  1.308800 -0.282800 1 6 1.000000
CloneHead
0  2.880897 -1.802396 69.510376  0.959992 -0.148988 0.237105  1.244300 -0.367500 1 6 1.000000
0  2.277699 -2.359193 70.712677  0.753895 -0.278276 0.595151  1.279300 -0.230900 1 6 1.000000
0  2.770198 -2.635697 69.164680  0.937103 -0.292531 0.190432  1.272100 -0.378800 1 6 1.000000
CloneHead
0  2.277699 -2.359193 70.712677  0.753895 -0.278276 0.595151  1.279300 -0.230900 1 6 1.000000
0  2.880897 -1.802396 69.510376  0.959992 -0.148988 0.237105  1.244300 -0.367500 1 6 1.000000
0  2.343898 -1.069293 70.932976  0.759502 -0.068071 0.646933  1.230300 -0.222400 1 6 1.000000
CloneHead
0  2.343898 -1.069293 70.932976  0.759502 -0.068071 0.646933  1.230300 -0.222400 1 6 1.000000
0  2.880897 -1.802396 69.510376  0.959992 -0.148988 0.237105  1.244300 -0.367500 1 6 1.000000
0  2.967499 -0.663093 69.634880  0.970957 -0.028273 0.237578  1.203800 -0.363400 1 6 1.000000
CloneHead
0  2.343898 -1.069293 70.932976  0.759502 -0.068071 0.646933  1.230300 -0.222400 1 6 1.000000
0  2.967499 -0.663093 69.634880  0.970957 -0.028273 0.237578  1.203800 -0.363400 1 6 1.000000
0  2.396500 0.295711 70.861069  0.742666 0.181985 0.644459  1.170700 -0.244100 1 6 1.000000
CloneHead
0  2.396500 0.295711 70.861069  0.742666 0.181985 0.644459  1.170700 -0.244100 1 6 1.000000
0  2.967499 -0.663093 69.634880  0.970957 -0.028273 0.237578  1.203800 -0.363400 1 6 1.000000
0  2.946602 0.293109 69.557266  0.965202 0.137318 0.222550  1.171000 -0.383000 1 6 1.000000
CloneHead
0  2.396500 0.295711 70.861069  0.742666 0.181985 0.644459  1.170700 -0.244100 1 6 1.000000
0  2.946602 0.293109 69.557266  0.965202 0.137318 0.222550  1.171000 -0.383000 1 6 1.000000
0  2.329798 1.281811 70.383469  0.706192 0.496122 0.505129  1.128500 -0.314500 1 6 1.000000
CloneHead
0  -0.009300 -5.329981 66.002388  -0.001710 -0.972741 -0.231890  1.421700 -0.558300 1 6 1.000000
0  -0.009201 -5.270406 65.921082  -0.001164 -0.649673 -0.760213  1.421700 -0.569400 1 6 1.000000
0  0.411400 -5.131106 66.063484  0.639346 -0.712420 -0.289301  1.409800 -0.569400 1 6 1.000000
CloneHead
0  -0.009300 -5.329981 66.002388  -0.001710 -0.972741 -0.231890  1.421700 -0.558300 1 6 1.000000
0  -0.429298 -5.129606 66.063461  -0.641839 -0.710158 -0.289341  1.433700 -0.569400 1 6 1.000000
0  -0.009201 -5.270406 65.921082  -0.001164 -0.649673 -0.760213  1.421700 -0.569400 1 6 1.000000
CloneHead
0  -0.009201 -5.270406 65.921082  -0.001164 -0.649673 -0.760213  1.421700 -0.569400 1 6 1.000000
0  -0.429298 -5.129606 66.063461  -0.641839 -0.710158 -0.289341  1.433700 -0.569400 1 6 1.000000
0  -0.410198 -5.054904 65.983765  -0.545643 -0.392049 -0.740656  1.433800 -0.575600 1 6 1.000000
CloneHead
0  -0.703098 -4.654307 66.082787  -0.901720 -0.420705 -0.099537  1.452200 -0.582600 1 6 1.000000
0  -0.410198 -5.054904 65.983765  -0.545643 -0.392049 -0.740656  1.433800 -0.575600 1 6 1.000000
0  -0.429298 -5.129606 66.063461  -0.641839 -0.710158 -0.289341  1.433700 -0.569400 1 6 1.000000
CloneHead
0  -0.656601 -4.590106 65.964981  -0.400811 -0.304253 -0.864165  1.452600 -0.594000 1 6 1.000000
0  -0.410198 -5.054904 65.983765  -0.545643 -0.392049 -0.740656  1.433800 -0.575600 1 6 1.000000
0  -0.703098 -4.654307 66.082787  -0.901720 -0.420705 -0.099537  1.452200 -0.582600 1 6 1.000000
CloneHead
0  -0.703098 -4.654307 66.082787  -0.901720 -0.420705 -0.099537  1.452200 -0.582600 1 6 1.000000
0  -0.962200 -4.077404 65.953979  -0.982431 -0.159725 -0.096523  1.472200 -0.607600 1 6 1.000000
0  -0.656601 -4.590106 65.964981  -0.400811 -0.304253 -0.864165  1.452600 -0.594000 1 6 1.000000
CloneHead
0  -0.656601 -4.590106 65.964981  -0.400811 -0.304253 -0.864165  1.452600 -0.594000 1 6 1.000000
0  -0.962200 -4.077404 65.953979  -0.982431 -0.159725 -0.096523  1.472200 -0.607600 1 6 1.000000
0  -0.947601 -4.002000 65.863976  -0.706831 -0.707246 -0.013908  1.475500 -0.621500 1 6 1.000000
CloneHead
0  -0.947601 -4.002000 65.863976  -0.706831 -0.707246 -0.013908  1.475500 -0.621500 1 6 1.000000
0  -0.962200 -4.077404 65.953979  -0.982431 -0.159725 -0.096523  1.472200 -0.607600 1 6 1.000000
0  -0.813400 -4.014905 66.821686  -0.718071 -0.661722 0.215634  1.479400 -0.532000 1 6 1.000000
CloneHead
0  -0.947601 -4.002000 65.863976  -0.706831 -0.707246 -0.013908  1.475500 -0.621500 1 6 1.000000
0  -0.813400 -4.014905 66.821686  -0.718071 -0.661722 0.215634  1.479400 -0.532000 1 6 1.000000
0  -1.290699 -3.792907 66.252380  -0.449456 -0.893168 0.015514  1.493500 -0.601900 1 6 1.000000
CloneHead
0  -0.813400 -4.014905 66.821686  -0.718071 -0.661722 0.215634  1.479400 -0.532000 1 6 1.000000
0  -1.535599 -3.638803 66.942474  -0.315540 -0.948777 -0.016038  1.509800 -0.554100 1 6 1.000000
0  -1.290699 -3.792907 66.252380  -0.449456 -0.893168 0.015514  1.493500 -0.601900 1 6 1.000000
CloneHead
0  -1.535599 -3.638803 66.942474  -0.315540 -0.948777 -0.016038  1.509800 -0.554100 1 6 1.000000
0  -2.210603 -3.419504 66.493080  -0.637762 -0.764448 -0.094227  1.533400 -0.602900 1 6 1.000000
0  -1.290699 -3.792907 66.252380  -0.449456 -0.893168 0.015514  1.493500 -0.601900 1 6 1.000000
CloneHead
0  -2.172004 -3.391005 67.030380  -0.569519 -0.819968 -0.057448  1.537600 -0.562500 1 6 1.000000
0  -2.210603 -3.419504 66.493080  -0.637762 -0.764448 -0.094227  1.533400 -0.602900 1 6 1.000000
0  -1.535599 -3.638803 66.942474  -0.315540 -0.948777 -0.016038  1.509800 -0.554100 1 6 1.000000
CloneHead
0  -2.210603 -3.419504 66.493080  -0.637762 -0.764448 -0.094227  1.533400 -0.602900 1 6 1.000000
0  -2.172004 -3.391005 67.030380  -0.569519 -0.819968 -0.057448  1.537600 -0.562500 1 6 1.000000
0  -2.784302 -2.806798 67.015076  -0.879248 -0.458573 -0.128973  1.567800 -0.569000 1 6 1.000000
CloneHead
0  -2.784302 -2.806798 67.015076  -0.879248 -0.458573 -0.128973  1.567800 -0.569000 1 6 1.000000
0  -2.172004 -3.391005 67.030380  -0.569519 -0.819968 -0.057448  1.537600 -0.562500 1 6 1.000000
0  -2.662400 -2.904799 67.418777  -0.723070 -0.688618 0.054547  1.563700 -0.529700 1 6 1.000000
CloneHead
0  -2.850399 -2.677700 67.594780  -0.895389 -0.445285 -0.000722  1.573400 -0.519900 1 6 1.000000
0  -2.784302 -2.806798 67.015076  -0.879248 -0.458573 -0.128973  1.567800 -0.569000 1 6 1.000000
0  -2.662400 -2.904799 67.418777  -0.723070 -0.688618 0.054547  1.563700 -0.529700 1 6 1.000000
CloneHead
0  -2.524498 -3.027700 67.792580  -0.623356 -0.760248 -0.182894  1.555800 -0.493900 1 6 1.000000
0  -2.850399 -2.677700 67.594780  -0.895389 -0.445285 -0.000722  1.573400 -0.519900 1 6 1.000000
0  -2.662400 -2.904799 67.418777  -0.723070 -0.688618 0.054547  1.563700 -0.529700 1 6 1.000000
CloneHead
0  -2.803902 -2.790797 68.049278  -0.891589 -0.450429 -0.046712  1.568300 -0.476200 1 6 1.000000
0  -2.850399 -2.677700 67.594780  -0.895389 -0.445285 -0.000722  1.573400 -0.519900 1 6 1.000000
0  -2.524498 -3.027700 67.792580  -0.623356 -0.760248 -0.182894  1.555800 -0.493900 1 6 1.000000
CloneHead
0  -2.803902 -2.790797 68.049278  -0.891589 -0.450429 -0.046712  1.568300 -0.476200 1 6 1.000000
0  -2.524498 -3.027700 67.792580  -0.623356 -0.760248 -0.182894  1.555800 -0.493900 1 6 1.000000
0  -2.606603 -3.220399 68.546379  -0.830473 -0.550563 -0.084824  1.556300 -0.416300 1 6 1.000000
CloneHead
0  -0.429298 -5.129606 66.063461  -0.641839 -0.710158 -0.289341  1.433700 -0.569400 1 6 1.000000
0  -0.415501 -5.148705 66.416359  -0.623700 -0.754894 0.202814  1.433700 -0.544800 1 6 1.000000
0  -0.703098 -4.654307 66.082787  -0.901720 -0.420705 -0.099537  1.452200 -0.582600 1 6 1.000000
CloneHead
0  -0.703098 -4.654307 66.082787  -0.901720 -0.420705 -0.099537  1.452200 -0.582600 1 6 1.000000
0  -0.415501 -5.148705 66.416359  -0.623700 -0.754894 0.202814  1.433700 -0.544800 1 6 1.000000
0  -0.522701 -4.601304 66.603256  -0.906868 -0.366701 0.207654  1.453100 -0.535500 1 6 1.000000
CloneHead
0  -0.522701 -4.601304 66.603256  -0.906868 -0.366701 0.207654  1.453100 -0.535500 1 6 1.000000
0  -0.415501 -5.148705 66.416359  -0.623700 -0.754894 0.202814  1.433700 -0.544800 1 6 1.000000
0  -0.368999 -4.763200 67.239563  -0.635287 -0.669229 0.385412  1.439700 -0.477700 1 6 1.000000
CloneHead
0  -0.703098 -4.654307 66.082787  -0.901720 -0.420705 -0.099537  1.452200 -0.582600 1 6 1.000000
0  -0.522701 -4.601304 66.603256  -0.906868 -0.366701 0.207654  1.453100 -0.535500 1 6 1.000000
0  -0.962200 -4.077404 65.953979  -0.982431 -0.159725 -0.096523  1.472200 -0.607600 1 6 1.000000
CloneHead
0  -0.962200 -4.077404 65.953979  -0.982431 -0.159725 -0.096523  1.472200 -0.607600 1 6 1.000000
0  -0.522701 -4.601304 66.603256  -0.906868 -0.366701 0.207654  1.453100 -0.535500 1 6 1.000000
0  -0.813400 -4.014905 66.821686  -0.718071 -0.661722 0.215634  1.479400 -0.532000 1 6 1.000000
CloneHead
0  -0.368999 -4.763200 67.239563  -0.635287 -0.669229 0.385412  1.439700 -0.477700 1 6 1.000000
0  -0.813400 -4.014905 66.821686  -0.718071 -0.661722 0.215634  1.479400 -0.532000 1 6 1.000000
0  -0.522701 -4.601304 66.603256  -0.906868 -0.366701 0.207654  1.453100 -0.535500 1 6 1.000000
CloneHead
0  -0.368999 -4.763200 67.239563  -0.635287 -0.669229 0.385412  1.439700 -0.477700 1 6 1.000000
0  -0.590698 -3.843999 67.775650  -0.729997 -0.683446 0.002533  1.471100 -0.469500 1 6 1.000000
0  -0.813400 -4.014905 66.821686  -0.718071 -0.661722 0.215634  1.479400 -0.532000 1 6 1.000000
CloneHead
0  -0.324600 -4.281006 67.986160  -0.645663 -0.689117 -0.328993  1.440600 -0.423900 1 6 1.000000
0  -0.590698 -3.843999 67.775650  -0.729997 -0.683446 0.002533  1.471100 -0.469500 1 6 1.000000
0  -0.368999 -4.763200 67.239563  -0.635287 -0.669229 0.385412  1.439700 -0.477700 1 6 1.000000
CloneHead
0  -0.324600 -4.281006 67.986160  -0.645663 -0.689117 -0.328993  1.440600 -0.423900 1 6 1.000000
0  -0.368999 -4.763200 67.239563  -0.635287 -0.669229 0.385412  1.439700 -0.477700 1 6 1.000000
0  -0.007599 -4.363501 67.998474  -0.001641 -0.960061 -0.279784  1.421700 -0.404900 1 6 1.000000
CloneHead
0  -0.007599 -4.363501 67.998474  -0.001641 -0.960061 -0.279784  1.421700 -0.404900 1 6 1.000000
0  -0.368999 -4.763200 67.239563  -0.635287 -0.669229 0.385412  1.439700 -0.477700 1 6 1.000000
0  -0.008499 -4.877003 67.246376  -0.001587 -0.869989 0.493068  1.421700 -0.463100 1 6 1.000000
CloneHead
0  -0.368999 -4.763200 67.239563  -0.635287 -0.669229 0.385412  1.439700 -0.477700 1 6 1.000000
0  -0.415501 -5.148705 66.416359  -0.623700 -0.754894 0.202814  1.433700 -0.544800 1 6 1.000000
0  -0.008499 -4.877003 67.246376  -0.001587 -0.869989 0.493068  1.421700 -0.463100 1 6 1.000000
CloneHead
0  -0.008499 -4.877003 67.246376  -0.001587 -0.869989 0.493068  1.421700 -0.463100 1 6 1.000000
0  -0.415501 -5.148705 66.416359  -0.623700 -0.754894 0.202814  1.433700 -0.544800 1 6 1.000000
0  -0.009201 -5.257889 66.403885  -0.001783 -0.970080 0.242780  1.421700 -0.525000 1 6 1.000000
CloneHead
0  -0.415501 -5.148705 66.416359  -0.623700 -0.754894 0.202814  1.433700 -0.544800 1 6 1.000000
0  -0.429298 -5.129606 66.063461  -0.641839 -0.710158 -0.289341  1.433700 -0.569400 1 6 1.000000
0  -0.009201 -5.257889 66.403885  -0.001783 -0.970080 0.242780  1.421700 -0.525000 1 6 1.000000
CloneHead
0  -0.009201 -5.257889 66.403885  -0.001783 -0.970080 0.242780  1.421700 -0.525000 1 6 1.000000
0  -0.429298 -5.129606 66.063461  -0.641839 -0.710158 -0.289341  1.433700 -0.569400 1 6 1.000000
0  -0.009300 -5.329981 66.002388  -0.001710 -0.972741 -0.231890  1.421700 -0.558300 1 6 1.000000
CloneHead
0  -2.028801 -4.013701 68.845886  -0.626102 -0.755097 -0.194489  1.517400 -0.373800 1 6 1.000000
0  -2.130301 -3.909400 69.265182  -0.698218 -0.689347 0.193113  1.520700 -0.348800 1 6 1.000000
0  -2.606603 -3.220399 68.546379  -0.830473 -0.550563 -0.084824  1.556300 -0.416300 1 6 1.000000
CloneHead
0  -2.294900 -3.367498 68.220276  -0.557363 -0.739687 -0.377107  1.542500 -0.446700 1 6 1.000000
0  -2.028801 -4.013701 68.845886  -0.626102 -0.755097 -0.194489  1.517400 -0.373800 1 6 1.000000
0  -2.606603 -3.220399 68.546379  -0.830473 -0.550563 -0.084824  1.556300 -0.416300 1 6 1.000000
CloneHead
0  -2.606603 -3.220399 68.546379  -0.830473 -0.550563 -0.084824  1.556300 -0.416300 1 6 1.000000
0  -2.524498 -3.027700 67.792580  -0.623356 -0.760248 -0.182894  1.555800 -0.493900 1 6 1.000000
0  -2.294900 -3.367498 68.220276  -0.557363 -0.739687 -0.377107  1.542500 -0.446700 1 6 1.000000
CloneHead
0  -2.524498 -3.027700 67.792580  -0.623356 -0.760248 -0.182894  1.555800 -0.493900 1 6 1.000000
0  -2.406200 -3.076201 67.708679  -0.612210 -0.790534 -0.015977  1.549000 -0.500600 1 6 1.000000
0  -2.294900 -3.367498 68.220276  -0.557363 -0.739687 -0.377107  1.542500 -0.446700 1 6 1.000000
CloneHead
0  -2.524498 -3.027700 67.792580  -0.623356 -0.760248 -0.182894  1.555800 -0.493900 1 6 1.000000
0  -2.662400 -2.904799 67.418777  -0.723070 -0.688618 0.054547  1.563700 -0.529700 1 6 1.000000
0  -2.406200 -3.076201 67.708679  -0.612210 -0.790534 -0.015977  1.549000 -0.500600 1 6 1.000000
CloneHead
0  -2.662400 -2.904799 67.418777  -0.723070 -0.688618 0.054547  1.563700 -0.529700 1 6 1.000000
0  -2.172299 -3.492300 67.401581  -0.559839 -0.813382 0.158084  1.536600 -0.532900 1 6 1.000000
0  -2.406200 -3.076201 67.708679  -0.612210 -0.790534 -0.015977  1.549000 -0.500600 1 6 1.000000
CloneHead
0  -2.172004 -3.391005 67.030380  -0.569519 -0.819968 -0.057448  1.537600 -0.562500 1 6 1.000000
0  -2.172299 -3.492300 67.401581  -0.559839 -0.813382 0.158084  1.536600 -0.532900 1 6 1.000000
0  -2.662400 -2.904799 67.418777  -0.723070 -0.688618 0.054547  1.563700 -0.529700 1 6 1.000000
CloneHead
0  -2.172299 -3.492300 67.401581  -0.559839 -0.813382 0.158084  1.536600 -0.532900 1 6 1.000000
0  -2.172004 -3.391005 67.030380  -0.569519 -0.819968 -0.057448  1.537600 -0.562500 1 6 1.000000
0  -1.559898 -3.758398 67.366180  -0.181509 -0.980971 0.068922  1.514800 -0.527500 1 6 1.000000
CloneHead
0  -1.559898 -3.758398 67.366180  -0.181509 -0.980971 0.068922  1.514800 -0.527500 1 6 1.000000
0  -2.172004 -3.391005 67.030380  -0.569519 -0.819968 -0.057448  1.537600 -0.562500 1 6 1.000000
0  -1.535599 -3.638803 66.942474  -0.315540 -0.948777 -0.016038  1.509800 -0.554100 1 6 1.000000
CloneHead
0  -1.023800 -3.669105 67.285576  -0.208550 -0.977015 0.044147  1.494400 -0.508400 1 6 1.000000
0  -1.559898 -3.758398 67.366180  -0.181509 -0.980971 0.068922  1.514800 -0.527500 1 6 1.000000
0  -1.535599 -3.638803 66.942474  -0.315540 -0.948777 -0.016038  1.509800 -0.554100 1 6 1.000000
CloneHead
0  -1.023800 -3.669105 67.285576  -0.208550 -0.977015 0.044147  1.494400 -0.508400 1 6 1.000000
0  -1.535599 -3.638803 66.942474  -0.315540 -0.948777 -0.016038  1.509800 -0.554100 1 6 1.000000
0  -0.813400 -4.014905 66.821686  -0.718071 -0.661722 0.215634  1.479400 -0.532000 1 6 1.000000
CloneHead
0  -0.767899 -3.723702 67.599083  -0.560375 -0.813613 0.154961  1.485400 -0.478600 1 6 1.000000
0  -1.023800 -3.669105 67.285576  -0.208550 -0.977015 0.044147  1.494400 -0.508400 1 6 1.000000
0  -0.813400 -4.014905 66.821686  -0.718071 -0.661722 0.215634  1.479400 -0.532000 1 6 1.000000
CloneHead
0  -0.767899 -3.723702 67.599083  -0.560375 -0.813613 0.154961  1.485400 -0.478600 1 6 1.000000
0  -0.813400 -4.014905 66.821686  -0.718071 -0.661722 0.215634  1.479400 -0.532000 1 6 1.000000
0  -0.590698 -3.843999 67.775650  -0.729997 -0.683446 0.002533  1.471100 -0.469500 1 6 1.000000
CloneHead
0  -0.767899 -3.723702 67.599083  -0.560375 -0.813613 0.154961  1.485400 -0.478600 1 6 1.000000
0  -0.590698 -3.843999 67.775650  -0.729997 -0.683446 0.002533  1.471100 -0.469500 1 6 1.000000
0  -0.804298 -3.768703 67.866188  -0.410856 -0.879586 -0.239844  1.488100 -0.465000 1 6 1.000000
CloneHead
0  -0.804298 -3.768703 67.866188  -0.410856 -0.879586 -0.239844  1.488100 -0.465000 1 6 1.000000
0  -0.590698 -3.843999 67.775650  -0.729997 -0.683446 0.002533  1.471100 -0.469500 1 6 1.000000
0  -0.713299 -3.834900 68.057884  -0.483485 -0.675625 -0.556573  1.477900 -0.452600 1 6 1.000000
CloneHead
0  -0.324600 -4.281006 67.986160  -0.645663 -0.689117 -0.328993  1.440600 -0.423900 1 6 1.000000
0  -0.713299 -3.834900 68.057884  -0.483485 -0.675625 -0.556573  1.477900 -0.452600 1 6 1.000000
0  -0.590698 -3.843999 67.775650  -0.729997 -0.683446 0.002533  1.471100 -0.469500 1 6 1.000000
CloneHead
0  -0.395000 -4.560203 68.156570  -0.148634 -0.749073 -0.645598  1.441600 -0.397200 1 6 1.000000
0  -0.713299 -3.834900 68.057884  -0.483485 -0.675625 -0.556573  1.477900 -0.452600 1 6 1.000000
0  -0.324600 -4.281006 67.986160  -0.645663 -0.689117 -0.328993  1.440600 -0.423900 1 6 1.000000
CloneHead
0  -0.007599 -4.363501 67.998474  -0.001641 -0.960061 -0.279784  1.421700 -0.404900 1 6 1.000000
0  -0.395000 -4.560203 68.156570  -0.148634 -0.749073 -0.645598  1.441600 -0.397200 1 6 1.000000
0  -0.324600 -4.281006 67.986160  -0.645663 -0.689117 -0.328993  1.440600 -0.423900 1 6 1.000000
CloneHead
0  -0.484901 -3.386604 63.314159  -0.031698 0.255283 -0.966347  1.442200 -0.895500 1 6 1.000000
0  -0.501999 -3.089404 63.411858  -0.032695 0.310571 -0.949988  1.446000 -0.910900 1 6 1.000000
0  -0.005901 -3.364007 63.306377  0.000467 0.253487 -0.967339  1.421700 -0.919300 1 6 1.000000
CloneHead
0  -0.006599 -3.756407 63.233276  0.000242 0.126841 -0.991923  1.421700 -0.890600 1 6 1.000000
0  -0.397099 -4.023707 63.211460  -0.072342 -0.240772 -0.967882  1.434500 -0.855800 1 6 1.000000
0  -0.415901 -3.755708 63.233562  -0.041835 0.129084 -0.990751  1.436800 -0.873800 1 6 1.000000
CloneHead
0  -0.007099 -4.044806 63.215176  -0.000458 -0.260345 -0.965515  1.421700 -0.869900 1 6 1.000000
0  -0.397099 -4.023707 63.211460  -0.072342 -0.240772 -0.967882  1.434500 -0.855800 1 6 1.000000
0  -0.006599 -3.756407 63.233276  0.000242 0.126841 -0.991923  1.421700 -0.890600 1 6 1.000000
CloneHead
0  -0.006599 -3.756407 63.233276  0.000242 0.126841 -0.991923  1.421700 -0.890600 1 6 1.000000
0  0.383099 -4.025109 63.211479  0.071457 -0.240996 -0.967892  1.409000 -0.855800 1 6 1.000000
0  -0.007099 -4.044806 63.215176  -0.000458 -0.260345 -0.965515  1.421700 -0.869900 1 6 1.000000
CloneHead
0  0.402802 -3.757109 63.233582  0.042254 0.128967 -0.990748  1.406700 -0.873800 1 6 1.000000
0  0.383099 -4.025109 63.211479  0.071457 -0.240996 -0.967892  1.409000 -0.855800 1 6 1.000000
0  -0.006599 -3.756407 63.233276  0.000242 0.126841 -0.991923  1.421700 -0.890600 1 6 1.000000
CloneHead
0  -0.006599 -3.756407 63.233276  0.000242 0.126841 -0.991923  1.421700 -0.890600 1 6 1.000000
0  -0.005901 -3.364007 63.306377  0.000467 0.253487 -0.967339  1.421700 -0.919300 1 6 1.000000
0  0.402802 -3.757109 63.233582  0.042254 0.128967 -0.990748  1.406700 -0.873800 1 6 1.000000
CloneHead
0  0.402802 -3.757109 63.233582  0.042254 0.128967 -0.990748  1.406700 -0.873800 1 6 1.000000
0  -0.005901 -3.364007 63.306377  0.000467 0.253487 -0.967339  1.421700 -0.919300 1 6 1.000000
0  0.473000 -3.388307 63.314186  0.032563 0.255167 -0.966348  1.401300 -0.895500 1 6 1.000000
CloneHead
0  -0.005901 -3.364007 63.306377  0.000467 0.253487 -0.967339  1.421700 -0.919300 1 6 1.000000
0  0.491199 -3.091104 63.411888  0.033761 0.310426 -0.949998  1.397500 -0.910900 1 6 1.000000
0  0.473000 -3.388307 63.314186  0.032563 0.255167 -0.966348  1.401300 -0.895500 1 6 1.000000
CloneHead
0  -0.004902 -2.815305 63.482777  -0.000291 -0.176920 -0.984225  1.421700 -0.946800 1 6 1.000000
0  0.491199 -3.091104 63.411888  0.033761 0.310426 -0.949998  1.397500 -0.910900 1 6 1.000000
0  -0.005901 -3.364007 63.306377  0.000467 0.253487 -0.967339  1.421700 -0.919300 1 6 1.000000
CloneHead
0  -0.005901 -3.364007 63.306377  0.000467 0.253487 -0.967339  1.421700 -0.919300 1 6 1.000000
0  -0.501999 -3.089404 63.411858  -0.032695 0.310571 -0.949988  1.446000 -0.910900 1 6 1.000000
0  -0.004902 -2.815305 63.482777  -0.000291 -0.176920 -0.984225  1.421700 -0.946800 1 6 1.000000
CloneHead
0  -0.501999 -3.089404 63.411858  -0.032695 0.310571 -0.949988  1.446000 -0.910900 1 6 1.000000
0  -1.105202 -2.820304 63.522278  -0.183483 0.259025 -0.948283  1.481100 -0.899900 1 6 1.000000
0  -0.004902 -2.815305 63.482777  -0.000291 -0.176920 -0.984225  1.421700 -0.946800 1 6 1.000000
CloneHead
0  -0.501999 -3.089404 63.411858  -0.032695 0.310571 -0.949988  1.446000 -0.910900 1 6 1.000000
0  -0.957699 -3.399607 63.324280  -0.253988 0.157470 -0.954302  1.461300 -0.872100 1 6 1.000000
0  -1.105202 -2.820304 63.522278  -0.183483 0.259025 -0.948283  1.481100 -0.899900 1 6 1.000000
CloneHead
0  -0.484901 -3.386604 63.314159  -0.031698 0.255283 -0.966347  1.442200 -0.895500 1 6 1.000000
0  -0.957699 -3.399607 63.324280  -0.253988 0.157470 -0.954302  1.461300 -0.872100 1 6 1.000000
0  -0.501999 -3.089404 63.411858  -0.032695 0.310571 -0.949988  1.446000 -0.910900 1 6 1.000000
CloneHead
0  -0.484901 -3.386604 63.314159  -0.031698 0.255283 -0.966347  1.442200 -0.895500 1 6 1.000000
0  -0.833099 -3.749007 63.257385  -0.284069 0.008087 -0.958770  1.452400 -0.855500 1 6 1.000000
0  -0.957699 -3.399607 63.324280  -0.253988 0.157470 -0.954302  1.461300 -0.872100 1 6 1.000000
CloneHead
0  -0.415901 -3.755708 63.233562  -0.041835 0.129084 -0.990751  1.436800 -0.873800 1 6 1.000000
0  -0.833099 -3.749007 63.257385  -0.284069 0.008087 -0.958770  1.452400 -0.855500 1 6 1.000000
0  -0.484901 -3.386604 63.314159  -0.031698 0.255283 -0.966347  1.442200 -0.895500 1 6 1.000000
CloneHead
0  -0.484901 -3.386604 63.314159  -0.031698 0.255283 -0.966347  1.442200 -0.895500 1 6 1.000000
0  -0.005901 -3.364007 63.306377  0.000467 0.253487 -0.967339  1.421700 -0.919300 1 6 1.000000
0  -0.415901 -3.755708 63.233562  -0.041835 0.129084 -0.990751  1.436800 -0.873800 1 6 1.000000
CloneHead
0  -0.415901 -3.755708 63.233562  -0.041835 0.129084 -0.990751  1.436800 -0.873800 1 6 1.000000
0  -0.005901 -3.364007 63.306377  0.000467 0.253487 -0.967339  1.421700 -0.919300 1 6 1.000000
0  -0.006599 -3.756407 63.233276  0.000242 0.126841 -0.991923  1.421700 -0.890600 1 6 1.000000
end
