version 1
nodes
0 "ValveBiped.Bip01_Pelvis" -1
1 "ValveBiped.Bip01_Spine" 0
2 "ValveBiped.Bip01_Spine1" 1
3 "ValveBiped.Bip01_Spine2" 2
4 "ValveBiped.Bip01_Spine4" 3
5 "ValveBiped.Bip01_Neck1" 4
6 "ValveBiped.Bip01_Head1" 5
7 "ValveBiped.forward" 6
8 "ValveBiped.Bip01_R_Clavicle" 4
9 "ValveBiped.Bip01_R_UpperArm" 8
10 "ValveBiped.Bip01_R_Forearm" 9
11 "ValveBiped.Bip01_R_Hand" 10
12 "ValveBiped.Anim_Attachment_RH" 11
13 "ValveBiped.Bip01_R_Finger4" 11
14 "ValveBiped.Bip01_R_Finger41" 13
15 "ValveBiped.Bip01_R_Finger42" 14
16 "ValveBiped.Bip01_R_Finger3" 11
17 "ValveBiped.Bip01_R_Finger31" 16
18 "ValveBiped.Bip01_R_Finger32" 17
19 "ValveBiped.Bip01_R_Finger2" 11
20 "ValveBiped.Bip01_R_Finger21" 19
21 "ValveBiped.Bip01_R_Finger22" 20
22 "ValveBiped.Bip01_R_Finger1" 11
23 "ValveBiped.Bip01_R_Finger11" 22
24 "ValveBiped.Bip01_R_Finger12" 23
25 "ValveBiped.Bip01_R_Finger0" 11
26 "ValveBiped.Bip01_R_Finger01" 25
27 "ValveBiped.Bip01_R_Finger02" 26
28 "ValveBiped.Bip01_R_Ulna" 10
29 "ValveBiped.Bip01_R_Wrist" 10
30 "ValveBiped.Bip01_R_Shoulder" 9
31 "ValveBiped.Bip01_R_Bicep" 9
32 "ValveBiped.Bip01_R_Trapezius" 8
33 "ValveBiped.Bip01_L_Clavicle" 4
34 "ValveBiped.Bip01_L_UpperArm" 33
35 "ValveBiped.Bip01_L_Forearm" 34
36 "ValveBiped.Bip01_L_Hand" 35
37 "ValveBiped.Anim_Attachment_LH" 36
38 "ValveBiped.Bip01_L_Finger4" 36
39 "ValveBiped.Bip01_L_Finger41" 38
40 "ValveBiped.Bip01_L_Finger42" 39
41 "ValveBiped.Bip01_L_Finger3" 36
42 "ValveBiped.Bip01_L_Finger31" 41
43 "ValveBiped.Bip01_L_Finger32" 42
44 "ValveBiped.Bip01_L_Finger2" 36
45 "ValveBiped.Bip01_L_Finger21" 44
46 "ValveBiped.Bip01_L_Finger22" 45
47 "ValveBiped.Bip01_L_Finger1" 36
48 "ValveBiped.Bip01_L_Finger11" 47
49 "ValveBiped.Bip01_L_Finger12" 48
50 "ValveBiped.Bip01_L_Finger0" 36
51 "ValveBiped.Bip01_L_Finger01" 50
52 "ValveBiped.Bip01_L_Finger02" 51
53 "ValveBiped.Bip01_L_Ulna" 35
54 "ValveBiped.Bip01_L_Wrist" 35
55 "ValveBiped.Bip01_L_Shoulder" 34
56 "ValveBiped.Bip01_L_Bicep" 34
57 "ValveBiped.Bip01_L_Trapezius" 33
58 "ValveBiped.Bip01_R_Thigh" 0
59 "ValveBiped.Bip01_R_Calf" 58
60 "ValveBiped.Bip01_R_Foot" 59
61 "ValveBiped.Bip01_R_Toe0" 60
62 "ValveBiped.Bip01_L_Thigh" 0
63 "ValveBiped.Bip01_L_Calf" 62
64 "ValveBiped.Bip01_L_Foot" 63
end
skeleton
time 0
0  -0.000005 -0.533615 38.566917  1.570796 -0.000000 0.000000
1  0.000005 3.345128 -2.981901  1.570797 0.086286 1.570793
2  4.018296 -0.000029 -0.000024  0.000000 -0.000005 -0.029256
3  3.518550 0.000006 -0.000026  0.000000 -0.000038 0.100337
4  8.942602 0.000026 -0.000404  0.000008 0.000043 0.194105
5  3.307232 -0.000023 -0.000005  3.141592 -0.000000 0.400476
6  3.593705 0.000018 0.000007  -0.000000 0.000003 0.406592
7  1.999984 -3.000006 0.000012  -1.570790 -0.000002 -1.326468
8  2.033310 1.000771 -1.937615  1.473081 1.855094 -0.198683
9  6.028139 0.000065 0.000069  1.590088 -0.099551 0.273381
10  11.692569 0.000204 0.000026  -0.001726 0.013682 -0.311254
11  11.481683 0.000156 -0.000013  -1.564934 0.106610 0.044208
12  2.676065 -1.712449 0.000007  -1.570802 0.000003 -1.570855
13  3.859639 -0.132586 1.193102  0.366275 -0.149875 -0.332023
14  1.312549 0.000015 0.000006  0.148503 0.140473 -0.017321
15  0.729386 0.000008 0.000005  0.000017 -0.006139 -0.244264
16  3.942249 0.050320 0.431037  0.129736 -0.110547 -0.545316
17  1.539099 -0.000005 -0.000001  0.034171 0.141233 0.546468
18  1.196308 -0.000050 -0.000000  -0.000013 -0.009657 -0.430764
19  3.883632 -0.050350 -0.431044  -0.103682 -0.052851 -0.146761
20  1.719591 0.000019 -0.000012  -0.007599 0.030957 -0.099110
21  1.209150 0.000014 -0.000032  -0.000017 -0.004441 -0.216377
22  3.859828 -0.148940 -1.331283  -0.345584 0.028168 -0.268439
23  1.719424 0.000011 0.000008  -0.019993 -0.090338 0.128390
24  1.099684 0.000003 0.000008  -0.000016 -0.004192 -0.244322
25  0.805998 -0.359833 -1.318330  1.258253 0.364078 -0.444376
26  1.789769 -0.000005 0.000037  0.019256 -0.120173 0.075542
27  1.206989 -0.000013 0.000004  0.000008 -0.009612 0.362903
28  5.740845 0.000073 0.000009  0.000078 0.000001 0.000021
29  11.481683 0.000156 -0.000013  0.000140 -0.000001 0.000027
30  1.500008 0.000022 -0.000001  0.000001 0.000001 0.000018
31  5.560010 0.000093 -0.000009  0.000001 -0.000000 0.000033
32  5.166968 0.000058 0.000060  0.000002 -0.000008 -0.000002
33  2.033359 1.000751 1.937655  -1.544919 -1.855089 -0.198680
34  6.028133 0.000081 -0.000074  -1.520703 0.079998 0.279606
35  11.692538 -0.000543 -0.000002  0.001824 -0.014043 -0.318113
36  11.481673 0.000577 -0.000002  1.573197 -0.106594 0.044251
37  2.676121 -1.712387 0.000054  1.570795 0.000019 1.570775
38  3.859720 -0.142334 -1.191948  -0.373253 0.084829 -0.392590
39  1.312552 -0.000022 0.000023  -0.033211 -0.054307 0.096970
40  0.729370 -0.000030 -0.000009  0.000024 0.004970 -0.244303
41  3.942325 0.046839 -0.431421  -0.117935 0.118576 -0.428279
42  1.539070 0.000003 -0.000014  -0.020011 -0.129390 0.326113
43  1.196315 0.000073 -0.000007  0.000008 0.007370 -0.430797
44  3.883710 -0.046669 0.431465  0.093519 0.039474 -0.340164
45  1.719581 -0.000005 0.000003  0.034075 -0.016610 0.192356
46  1.209169 0.000009 -0.000017  -0.000005 0.003100 -0.216393
47  3.859875 -0.137829 1.332490  0.348571 -0.036139 -0.383817
48  1.719406 0.000008 -0.000024  0.108421 0.085473 0.261801
49  1.099665 0.000015 0.000003  -0.000005 0.002591 -0.244331
50  0.806050 -0.348879 1.321279  -1.284111 -0.334954 -0.484552
51  1.789777 0.000007 0.000010  0.019426 0.057122 0.062857
52  1.207006 0.000016 -0.000021  0.000005 0.011268 0.362850
53  5.740850 0.000291 0.000024  0.000683 0.000000 0.000043
54  11.481719 0.000580 0.000040  0.001274 0.000001 0.000066
55  1.499979 -0.000070 -0.000008  -0.000000 -0.000000 -0.000047
56  5.559987 -0.000257 -0.000034  0.000000 -0.000000 -0.000087
57  5.166950 0.000072 -0.000061  0.000001 -0.000014 0.000002
58  -3.890452 0.000004 0.000007  -1.570796 0.051841 -1.576021
59  17.848204 0.000190 -0.000003  -0.000003 0.000000 0.034052
60  16.525274 0.002452 0.000012  0.038612 0.040781 -1.071486
61  6.879458 0.000009 0.000020  -0.081332 -0.002949 -0.584375
62  3.890452 -0.000004 -0.000003  -1.570798 0.051841 -1.565574
63  17.848145 0.000069 -0.000001  0.000007 0.000000 0.034176
64  16.525263 0.000454 -0.000007  -0.027918 -0.040785 -1.071635
end
triangles
heavy_cap
0  3.358940 -0.792992 72.017715  -0.912924 0.227813 -0.338631  0.863485 0.952606 1 6 1.000000
0  3.702274 -0.722160 71.054268  -0.947476 0.151025 -0.281924  0.884857 0.916874 1 6 1.000000
0  3.735894 -0.959370 70.818527  -0.915112 0.307795 -0.260448  0.898851 0.912734 1 6 1.000000
heavy_cap
0  3.349759 -0.594705 72.133064  -0.906045 0.319897 -0.277035  0.854774 0.943609 1 6 1.000000
0  3.379339 -0.637056 72.034981  -0.903769 0.171383 -0.392210  0.859600 0.944826 1 6 1.000000
0  3.200390 -0.850155 72.344078  -0.907882 0.242868 -0.341709  0.841765 0.954129 1 6 1.000000
heavy_cap
0  3.379339 -0.637056 72.034981  -0.903769 0.171383 -0.392210  0.859600 0.944826 1 6 1.000000
0  3.358940 -0.792992 72.017715  -0.912924 0.227813 -0.338631  0.863485 0.952606 1 6 1.000000
0  3.200390 -0.850155 72.344078  -0.907882 0.242868 -0.341709  0.841765 0.954129 1 6 1.000000
heavy_cap
0  3.379339 -0.637056 72.034981  -0.903769 0.171383 -0.392210  0.859600 0.944826 1 6 1.000000
0  3.465918 -0.567410 71.864716  -0.923715 0.212155 -0.318968  0.864699 0.937965 1 6 1.000000
0  3.358940 -0.792992 72.017715  -0.912924 0.227813 -0.338631  0.863485 0.952606 1 6 1.000000
heavy_cap
0  3.358940 -0.792992 72.017715  -0.912924 0.227813 -0.338631  0.863485 0.952606 1 6 1.000000
0  3.465918 -0.567410 71.864716  -0.923715 0.212155 -0.318968  0.864699 0.937965 1 6 1.000000
0  3.702274 -0.722160 71.054268  -0.947476 0.151025 -0.281924  0.884857 0.916874 1 6 1.000000
heavy_cap
0  3.465918 -0.567410 71.864716  -0.923715 0.212155 -0.318968  0.864699 0.937965 1 6 1.000000
0  3.686198 -0.617019 71.171036  -0.933391 0.224318 -0.280111  0.879453 0.918964 1 6 1.000000
0  3.702274 -0.722160 71.054268  -0.947476 0.151025 -0.281924  0.884857 0.916874 1 6 1.000000
heavy_cap
0  3.798238 -0.891436 70.402039  -0.994242 0.027370 -0.103607  0.901789 0.894149 1 6 1.000000
0  3.702274 -0.722160 71.054268  -0.947476 0.151025 -0.281924  0.884857 0.916874 1 6 1.000000
0  3.686198 -0.617019 71.171036  -0.933391 0.224318 -0.280111  0.879453 0.918964 1 6 1.000000
heavy_cap
0  3.735894 -0.959370 70.818527  -0.915112 0.307795 -0.260448  0.898851 0.912734 1 6 1.000000
0  3.702274 -0.722160 71.054268  -0.947476 0.151025 -0.281924  0.884857 0.916874 1 6 1.000000
0  3.798238 -0.891436 70.402039  -0.994242 0.027370 -0.103607  0.901789 0.894149 1 6 1.000000
heavy_cap
0  3.735894 -0.959370 70.818527  -0.915112 0.307795 -0.260448  0.898851 0.912734 1 6 1.000000
0  3.798238 -0.891436 70.402039  -0.994242 0.027370 -0.103607  0.901789 0.894149 1 6 1.000000
0  3.802970 -1.099639 70.381554  -0.941611 0.302560 -0.147738  0.910448 0.894129 1 6 1.000000
heavy_cap
0  3.462004 -1.927878 70.410316  -0.819485 0.520217 -0.240457  0.961021 0.898834 1 6 1.000000
0  3.735894 -0.959370 70.818527  -0.915112 0.307795 -0.260448  0.898851 0.912734 1 6 1.000000
0  3.802970 -1.099639 70.381554  -0.941611 0.302560 -0.147738  0.910448 0.894129 1 6 1.000000
heavy_cap
0  3.806970 -1.300331 69.586029  -0.946568 0.309723 -0.089894  0.917668 0.860300 1 6 1.000000
0  3.462004 -1.927878 70.410316  -0.819485 0.520217 -0.240457  0.961021 0.898834 1 6 1.000000
0  3.802970 -1.099639 70.381554  -0.941611 0.302560 -0.147738  0.910448 0.894129 1 6 1.000000
heavy_cap
0  3.806970 -1.300331 69.586029  -0.946568 0.309723 -0.089894  0.917668 0.860300 1 6 1.000000
0  3.609825 -1.920042 69.538742  -0.862171 0.490811 -0.125563  0.948363 0.839788 1 6 1.000000
0  3.462004 -1.927878 70.410316  -0.819485 0.520217 -0.240457  0.961021 0.898834 1 6 1.000000
heavy_cap
0  3.798852 -1.366138 69.073174  -0.944658 0.327807 -0.012797  0.913054 0.842015 1 6 1.000000
0  3.609825 -1.920042 69.538742  -0.862171 0.490811 -0.125563  0.948363 0.839788 1 6 1.000000
0  3.806970 -1.300331 69.586029  -0.946568 0.309723 -0.089894  0.917668 0.860300 1 6 1.000000
heavy_cap
0  3.798852 -1.366138 69.073174  -0.944658 0.327807 -0.012797  0.913054 0.842015 1 6 1.000000
0  3.538059 -2.119998 69.122581  -0.855665 0.514549 -0.055460  0.933270 0.811021 1 6 1.000000
0  3.609825 -1.920042 69.538742  -0.862171 0.490811 -0.125563  0.948363 0.839788 1 6 1.000000
heavy_cap
0  3.349759 -0.594705 72.133064  -0.906045 0.319897 -0.277035  0.854774 0.943609 1 6 1.000000
0  3.385214 -0.552886 72.053215  -0.901352 0.356256 -0.246264  0.857852 0.941396 1 6 1.000000
0  3.379339 -0.637056 72.034981  -0.903769 0.171383 -0.392210  0.859600 0.944826 1 6 1.000000
heavy_cap
0  3.385214 -0.552886 72.053215  -0.901352 0.356256 -0.246264  0.857852 0.941396 1 6 1.000000
0  3.465918 -0.567410 71.864716  -0.923715 0.212155 -0.318968  0.864699 0.937965 1 6 1.000000
0  3.379339 -0.637056 72.034981  -0.903769 0.171383 -0.392210  0.859600 0.944826 1 6 1.000000
heavy_cap
0  3.385214 -0.552886 72.053215  -0.901352 0.356256 -0.246264  0.857852 0.941396 1 6 1.000000
0  3.480891 -0.497927 71.856964  -0.894913 0.304774 -0.325951  0.863401 0.935867 1 6 1.000000
0  3.465918 -0.567410 71.864716  -0.923715 0.212155 -0.318968  0.864699 0.937965 1 6 1.000000
heavy_cap
0  3.465918 -0.567410 71.864716  -0.923715 0.212155 -0.318968  0.864699 0.937965 1 6 1.000000
0  3.480891 -0.497927 71.856964  -0.894913 0.304774 -0.325951  0.863401 0.935867 1 6 1.000000
0  3.686198 -0.617019 71.171036  -0.933391 0.224318 -0.280111  0.879453 0.918964 1 6 1.000000
heavy_cap
0  3.798238 -0.891436 70.402039  -0.994242 0.027370 -0.103607  0.901789 0.894149 1 6 1.000000
0  3.831736 -1.134968 69.612755  -0.980871 0.181357 -0.070717  0.911310 0.862533 1 6 1.000000
0  3.802970 -1.099639 70.381554  -0.941611 0.302560 -0.147738  0.910448 0.894129 1 6 1.000000
heavy_cap
0  3.802970 -1.099639 70.381554  -0.941611 0.302560 -0.147738  0.910448 0.894129 1 6 1.000000
0  3.831736 -1.134968 69.612755  -0.980871 0.181357 -0.070717  0.911310 0.862533 1 6 1.000000
0  3.806970 -1.300331 69.586029  -0.946568 0.309723 -0.089894  0.917668 0.860300 1 6 1.000000
heavy_cap
0  3.836469 -1.276296 69.066971  -0.906322 0.414558 -0.081989  0.909850 0.843350 1 6 1.000000
0  3.806970 -1.300331 69.586029  -0.946568 0.309723 -0.089894  0.917668 0.860300 1 6 1.000000
0  3.831736 -1.134968 69.612755  -0.980871 0.181357 -0.070717  0.911310 0.862533 1 6 1.000000
heavy_cap
0  3.836469 -1.276296 69.066971  -0.906322 0.414558 -0.081989  0.909850 0.843350 1 6 1.000000
0  3.798852 -1.366138 69.073174  -0.944658 0.327807 -0.012797  0.913054 0.842015 1 6 1.000000
0  3.806970 -1.300331 69.586029  -0.946568 0.309723 -0.089894  0.917668 0.860300 1 6 1.000000
heavy_cap
0  3.798852 -1.366138 69.073174  -0.944658 0.327807 -0.012797  0.913054 0.842015 1 6 1.000000
0  3.836469 -1.276296 69.066971  -0.906322 0.414558 -0.081989  0.909850 0.843350 1 6 1.000000
0  3.835817 -1.284618 69.056648  -0.793061 0.590718 -0.148685  0.909908 0.842924 1 6 1.000000
heavy_cap
0  3.881635 -1.255774 69.058609  -0.030208 0.960768 -0.275703  0.908286 0.843456 1 6 1.000000
0  3.835817 -1.284618 69.056648  -0.793061 0.590718 -0.148685  0.909908 0.842924 1 6 1.000000
0  3.836469 -1.276296 69.066971  -0.906322 0.414558 -0.081989  0.909850 0.843350 1 6 1.000000
heavy_cap
0  3.877800 -1.247450 69.068237  -0.033094 0.742730 -0.668772  0.908375 0.843798 1 6 1.000000
0  4.300039 -1.264382 69.067474  0.048511 0.922976 -0.381789  0.896235 0.843684 1 6 1.000000
0  3.881635 -1.255774 69.058609  -0.030208 0.960768 -0.275703  0.908286 0.843456 1 6 1.000000
heavy_cap
0  3.836469 -1.276296 69.066971  -0.906322 0.414558 -0.081989  0.909850 0.843350 1 6 1.000000
0  3.877800 -1.247450 69.068237  -0.033094 0.742730 -0.668772  0.908375 0.843798 1 6 1.000000
0  3.881635 -1.255774 69.058609  -0.030208 0.960768 -0.275703  0.908286 0.843456 1 6 1.000000
heavy_cap
0  3.877800 -1.247450 69.068237  -0.033094 0.742730 -0.668772  0.908375 0.843798 1 6 1.000000
0  3.836469 -1.276296 69.066971  -0.906322 0.414558 -0.081989  0.909850 0.843350 1 6 1.000000
0  3.871803 -1.230723 69.087379  -0.089111 0.942820 -0.321168  0.908470 0.844544 1 6 1.000000
heavy_cap
0  3.871803 -1.230723 69.087379  -0.089111 0.942820 -0.321168  0.908470 0.844544 1 6 1.000000
0  3.836469 -1.276296 69.066971  -0.906322 0.414558 -0.081989  0.909850 0.843350 1 6 1.000000
0  3.831736 -1.134968 69.612755  -0.980871 0.181357 -0.070717  0.911310 0.862533 1 6 1.000000
heavy_cap
0  3.871803 -1.230723 69.087379  -0.089111 0.942820 -0.321168  0.908470 0.844544 1 6 1.000000
0  3.831736 -1.134968 69.612755  -0.980871 0.181357 -0.070717  0.911310 0.862533 1 6 1.000000
0  3.856420 -1.046105 69.611298  -0.124909 0.941756 -0.312239  0.907856 0.862948 1 6 1.000000
heavy_cap
0  3.856420 -1.046105 69.611298  -0.124909 0.941756 -0.312239  0.907856 0.862948 1 6 1.000000
0  3.831736 -1.134968 69.612755  -0.980871 0.181357 -0.070717  0.911310 0.862533 1 6 1.000000
0  3.798238 -0.891436 70.402039  -0.994242 0.027370 -0.103607  0.901789 0.894149 1 6 1.000000
heavy_cap
0  3.856420 -1.046105 69.611298  -0.124909 0.941756 -0.312239  0.907856 0.862948 1 6 1.000000
0  3.798238 -0.891436 70.402039  -0.994242 0.027370 -0.103607  0.901789 0.894149 1 6 1.000000
0  3.805214 -0.789109 70.413376  -0.122747 0.947293 -0.295922  0.897524 0.893708 1 6 1.000000
heavy_cap
0  3.805214 -0.789109 70.413376  -0.122747 0.947293 -0.295922  0.897524 0.893708 1 6 1.000000
0  3.798238 -0.891436 70.402039  -0.994242 0.027370 -0.103607  0.901789 0.894149 1 6 1.000000
0  3.686198 -0.617019 71.171036  -0.933391 0.224318 -0.280111  0.879453 0.918964 1 6 1.000000
heavy_cap
0  3.805214 -0.789109 70.413376  -0.122747 0.947293 -0.295922  0.897524 0.893708 1 6 1.000000
0  3.686198 -0.617019 71.171036  -0.933391 0.224318 -0.280111  0.879453 0.918964 1 6 1.000000
0  3.697908 -0.579483 71.175652  -0.002013 0.972169 -0.234272  0.878193 0.918347 1 6 1.000000
heavy_cap
0  3.686198 -0.617019 71.171036  -0.933391 0.224318 -0.280111  0.879453 0.918964 1 6 1.000000
0  3.514348 -0.448967 71.843132  -0.089429 0.984698 -0.149576  0.862688 0.933984 1 6 1.000000
0  3.697908 -0.579483 71.175652  -0.002013 0.972169 -0.234272  0.878193 0.918347 1 6 1.000000
heavy_cap
0  3.686198 -0.617019 71.171036  -0.933391 0.224318 -0.280111  0.879453 0.918964 1 6 1.000000
0  3.480891 -0.497927 71.856964  -0.894913 0.304774 -0.325951  0.863401 0.935867 1 6 1.000000
0  3.514348 -0.448967 71.843132  -0.089429 0.984698 -0.149576  0.862688 0.933984 1 6 1.000000
heavy_cap
0  3.480891 -0.497927 71.856964  -0.894913 0.304774 -0.325951  0.863401 0.935867 1 6 1.000000
0  3.453228 -0.461738 71.990746  -0.104201 0.938333 0.329655  0.859069 0.937112 1 6 1.000000
0  3.514348 -0.448967 71.843132  -0.089429 0.984698 -0.149576  0.862688 0.933984 1 6 1.000000
heavy_cap
0  3.480891 -0.497927 71.856964  -0.894913 0.304774 -0.325951  0.863401 0.935867 1 6 1.000000
0  3.385214 -0.552886 72.053215  -0.901352 0.356256 -0.246264  0.857852 0.941396 1 6 1.000000
0  3.453228 -0.461738 71.990746  -0.104201 0.938333 0.329655  0.859069 0.937112 1 6 1.000000
heavy_cap
0  3.385214 -0.552886 72.053215  -0.901352 0.356256 -0.246264  0.857852 0.941396 1 6 1.000000
0  3.395741 -0.547093 72.127228  -0.005942 0.833356 0.552704  0.855092 0.941147 1 6 1.000000
0  3.453228 -0.461738 71.990746  -0.104201 0.938333 0.329655  0.859069 0.937112 1 6 1.000000
heavy_cap
0  3.385214 -0.552886 72.053215  -0.901352 0.356256 -0.246264  0.857852 0.941396 1 6 1.000000
0  3.349759 -0.594705 72.133064  -0.906045 0.319897 -0.277035  0.854774 0.943609 1 6 1.000000
0  3.395741 -0.547093 72.127228  -0.005942 0.833356 0.552704  0.855092 0.941147 1 6 1.000000
heavy_cap
0  3.349759 -0.594705 72.133064  -0.906045 0.319897 -0.277035  0.854774 0.943609 1 6 1.000000
0  3.360694 -0.593442 72.192543  -0.040521 0.662902 0.747609  0.852560 0.942873 1 6 1.000000
0  3.395741 -0.547093 72.127228  -0.005942 0.833356 0.552704  0.855092 0.941147 1 6 1.000000
heavy_cap
0  3.349759 -0.594705 72.133064  -0.906045 0.319897 -0.277035  0.854774 0.943609 1 6 1.000000
0  3.275095 -0.720983 72.288429  -0.109604 0.594529 0.796569  0.847454 0.947424 1 6 1.000000
0  3.360694 -0.593442 72.192543  -0.040521 0.662902 0.747609  0.852560 0.942873 1 6 1.000000
heavy_cap
0  3.200390 -0.850155 72.344078  -0.907882 0.242868 -0.341709  0.841765 0.954129 1 6 1.000000
0  3.275095 -0.720983 72.288429  -0.109604 0.594529 0.796569  0.847454 0.947424 1 6 1.000000
0  3.349759 -0.594705 72.133064  -0.906045 0.319897 -0.277035  0.854774 0.943609 1 6 1.000000
heavy_cap
0  3.856420 -1.046105 69.611298  -0.124909 0.941756 -0.312239  0.907856 0.862948 1 6 1.000000
0  4.253973 -0.824116 70.412895  0.109332 0.955948 -0.272413  0.882165 0.884248 1 6 1.000000
0  4.305260 -1.071236 69.610886  0.083470 0.950610 -0.298954  0.892075 0.858957 1 6 1.000000
heavy_cap
0  3.856420 -1.046105 69.611298  -0.124909 0.941756 -0.312239  0.907856 0.862948 1 6 1.000000
0  3.805214 -0.789109 70.413376  -0.122747 0.947293 -0.295922  0.897524 0.893708 1 6 1.000000
0  4.253973 -0.824116 70.412895  0.109332 0.955948 -0.272413  0.882165 0.884248 1 6 1.000000
heavy_cap
0  3.805214 -0.789109 70.413376  -0.122747 0.947293 -0.295922  0.897524 0.893708 1 6 1.000000
0  4.138834 -0.615183 71.174713  0.119253 0.968763 -0.217434  0.869011 0.906662 1 6 1.000000
0  4.253973 -0.824116 70.412895  0.109332 0.955948 -0.272413  0.882165 0.884248 1 6 1.000000
heavy_cap
0  3.805214 -0.789109 70.413376  -0.122747 0.947293 -0.295922  0.897524 0.893708 1 6 1.000000
0  3.697908 -0.579483 71.175652  -0.002013 0.972169 -0.234272  0.878193 0.918347 1 6 1.000000
0  4.138834 -0.615183 71.174713  0.119253 0.968763 -0.217434  0.869011 0.906662 1 6 1.000000
heavy_cap
0  3.697908 -0.579483 71.175652  -0.002013 0.972169 -0.234272  0.878193 0.918347 1 6 1.000000
0  3.914799 -0.469489 71.839546  0.096856 0.986814 -0.129678  0.858512 0.923969 1 6 1.000000
0  4.138834 -0.615183 71.174713  0.119253 0.968763 -0.217434  0.869011 0.906662 1 6 1.000000
heavy_cap
0  3.697908 -0.579483 71.175652  -0.002013 0.972169 -0.234272  0.878193 0.918347 1 6 1.000000
0  3.514348 -0.448967 71.843132  -0.089429 0.984698 -0.149576  0.862688 0.933984 1 6 1.000000
0  3.914799 -0.469489 71.839546  0.096856 0.986814 -0.129678  0.858512 0.923969 1 6 1.000000
heavy_cap
0  3.514348 -0.448967 71.843132  -0.089429 0.984698 -0.149576  0.862688 0.933984 1 6 1.000000
0  3.843562 -0.488952 71.994011  0.096027 0.930300 0.354006  0.855581 0.927218 1 6 1.000000
0  3.914799 -0.469489 71.839546  0.096856 0.986814 -0.129678  0.858512 0.923969 1 6 1.000000
heavy_cap
0  3.514348 -0.448967 71.843132  -0.089429 0.984698 -0.149576  0.862688 0.933984 1 6 1.000000
0  3.453228 -0.461738 71.990746  -0.104201 0.938333 0.329655  0.859069 0.937112 1 6 1.000000
0  3.843562 -0.488952 71.994011  0.096027 0.930300 0.354006  0.855581 0.927218 1 6 1.000000
heavy_cap
0  3.453228 -0.461738 71.990746  -0.104201 0.938333 0.329655  0.859069 0.937112 1 6 1.000000
0  3.758861 -0.593034 72.141830  0.086548 0.784663 0.613851  0.851140 0.930235 1 6 1.000000
0  3.843562 -0.488952 71.994011  0.096027 0.930300 0.354006  0.855581 0.927218 1 6 1.000000
heavy_cap
0  3.453228 -0.461738 71.990746  -0.104201 0.938333 0.329655  0.859069 0.937112 1 6 1.000000
0  3.395741 -0.547093 72.127228  -0.005942 0.833356 0.552704  0.855092 0.941147 1 6 1.000000
0  3.758861 -0.593034 72.141830  0.086548 0.784663 0.613851  0.851140 0.930235 1 6 1.000000
heavy_cap
0  3.395741 -0.547093 72.127228  -0.005942 0.833356 0.552704  0.855092 0.941147 1 6 1.000000
0  3.709452 -0.666270 72.231758  0.136748 0.594148 0.792646  0.848031 0.932189 1 6 1.000000
0  3.758861 -0.593034 72.141830  0.086548 0.784663 0.613851  0.851140 0.930235 1 6 1.000000
heavy_cap
0  3.395741 -0.547093 72.127228  -0.005942 0.833356 0.552704  0.855092 0.941147 1 6 1.000000
0  3.360694 -0.593442 72.192543  -0.040521 0.662902 0.747609  0.852560 0.942873 1 6 1.000000
0  3.709452 -0.666270 72.231758  0.136748 0.594148 0.792646  0.848031 0.932189 1 6 1.000000
heavy_cap
0  3.360694 -0.593442 72.192543  -0.040521 0.662902 0.747609  0.852560 0.942873 1 6 1.000000
0  3.654821 -0.823228 72.329140  0.113692 0.474160 0.873067  0.841924 0.933962 1 6 1.000000
0  3.709452 -0.666270 72.231758  0.136748 0.594148 0.792646  0.848031 0.932189 1 6 1.000000
heavy_cap
0  3.360694 -0.593442 72.192543  -0.040521 0.662902 0.747609  0.852560 0.942873 1 6 1.000000
0  3.275095 -0.720983 72.288429  -0.109604 0.594529 0.796569  0.847454 0.947424 1 6 1.000000
0  3.654821 -0.823228 72.329140  0.113692 0.474160 0.873067  0.841924 0.933962 1 6 1.000000
heavy_cap
0  3.654821 -0.823228 72.329140  0.113692 0.474160 0.873067  0.841924 0.933962 1 6 1.000000
0  3.275095 -0.720983 72.288429  -0.109604 0.594529 0.796569  0.847454 0.947424 1 6 1.000000
0  3.211815 -0.885651 72.387527  -0.005071 0.490333 0.871520  0.838689 0.953345 1 6 1.000000
heavy_cap
0  3.200390 -0.850155 72.344078  -0.907882 0.242868 -0.341709  0.841765 0.954129 1 6 1.000000
0  3.211815 -0.885651 72.387527  -0.005071 0.490333 0.871520  0.838689 0.953345 1 6 1.000000
0  3.275095 -0.720983 72.288429  -0.109604 0.594529 0.796569  0.847454 0.947424 1 6 1.000000
heavy_cap
0  3.211815 -0.885651 72.387527  -0.005071 0.490333 0.871520  0.838689 0.953345 1 6 1.000000
0  3.200390 -0.850155 72.344078  -0.907882 0.242868 -0.341709  0.841765 0.954129 1 6 1.000000
0  3.000429 -1.289206 72.585892  -0.871543 0.365945 -0.326338  0.812964 0.961522 1 6 1.000000
heavy_cap
0  3.211815 -0.885651 72.387527  -0.005071 0.490333 0.871520  0.838689 0.953345 1 6 1.000000
0  3.000429 -1.289206 72.585892  -0.871543 0.365945 -0.326338  0.812964 0.961522 1 6 1.000000
0  3.010996 -1.325314 72.630768  0.038873 0.434832 0.899672  0.810265 0.959709 1 6 1.000000
heavy_cap
0  3.654821 -0.823228 72.329140  0.113692 0.474160 0.873067  0.841924 0.933962 1 6 1.000000
0  3.211815 -0.885651 72.387527  -0.005071 0.490333 0.871520  0.838689 0.953345 1 6 1.000000
0  3.585461 -1.044976 72.448036  0.155979 0.407466 0.899801  0.832099 0.935550 1 6 1.000000
heavy_cap
0  3.010996 -1.325314 72.630768  0.038873 0.434832 0.899672  0.810265 0.959709 1 6 1.000000
0  3.585461 -1.044976 72.448036  0.155979 0.407466 0.899801  0.832099 0.935550 1 6 1.000000
0  3.211815 -0.885651 72.387527  -0.005071 0.490333 0.871520  0.838689 0.953345 1 6 1.000000
heavy_cap
0  3.010996 -1.325314 72.630768  0.038873 0.434832 0.899672  0.810265 0.959709 1 6 1.000000
0  3.359713 -1.647226 72.740234  0.173855 0.333001 0.926760  0.801880 0.935665 1 6 1.000000
0  3.585461 -1.044976 72.448036  0.155979 0.407466 0.899801  0.832099 0.935550 1 6 1.000000
heavy_cap
0  2.665502 -1.801329 72.868599  0.049916 0.350881 0.935089  0.772318 0.962439 1 6 1.000000
0  3.359713 -1.647226 72.740234  0.173855 0.333001 0.926760  0.801880 0.935665 1 6 1.000000
0  3.010996 -1.325314 72.630768  0.038873 0.434832 0.899672  0.810265 0.959709 1 6 1.000000
heavy_cap
0  4.277477 -1.604287 69.105408  0.981844 -0.187153 0.030915  0.888283 0.838123 1 6 1.000000
0  4.311545 -1.383111 69.079300  0.379925 -0.126087 -0.916384  0.893221 0.841957 1 6 1.000000
0  4.318848 -1.379194 69.090851  0.986134 -0.158365 0.049612  0.893059 0.842318 1 6 1.000000
heavy_cap
0  4.318848 -1.379194 69.090851  0.986134 -0.158365 0.049612  0.893059 0.842318 1 6 1.000000
0  4.311545 -1.383111 69.079300  0.379925 -0.126087 -0.916384  0.893221 0.841957 1 6 1.000000
0  4.332190 -1.256835 69.074448  0.647321 -0.070009 -0.758996  0.895589 0.844283 1 6 1.000000
heavy_cap
0  4.318848 -1.379194 69.090851  0.986134 -0.158365 0.049612  0.893059 0.842318 1 6 1.000000
0  4.332190 -1.256835 69.074448  0.647321 -0.070009 -0.758996  0.895589 0.844283 1 6 1.000000
0  4.337330 -1.249409 69.086037  0.997962 -0.052487 0.036294  0.895490 0.844602 1 6 1.000000
heavy_cap
0  4.337330 -1.249409 69.086037  0.997962 -0.052487 0.036294  0.895490 0.844602 1 6 1.000000
0  4.332190 -1.256835 69.074448  0.647321 -0.070009 -0.758996  0.895589 0.844283 1 6 1.000000
0  4.320358 -1.243289 69.074532  0.027173 0.642644 -0.765683  0.895938 0.844427 1 6 1.000000
heavy_cap
0  4.337330 -1.249409 69.086037  0.997962 -0.052487 0.036294  0.895490 0.844602 1 6 1.000000
0  4.320358 -1.243289 69.074532  0.027173 0.642644 -0.765683  0.895938 0.844427 1 6 1.000000
0  4.323377 -1.236027 69.086113  0.042042 0.951889 -0.303544  0.895902 0.844780 1 6 1.000000
heavy_cap
0  4.319255 -1.089435 69.610886  0.998187 -0.021298 0.056297  0.891502 0.858574 1 6 1.000000
0  4.337330 -1.249409 69.086037  0.997962 -0.052487 0.036294  0.895490 0.844602 1 6 1.000000
0  4.323377 -1.236027 69.086113  0.042042 0.951889 -0.303544  0.895902 0.844780 1 6 1.000000
heavy_cap
0  4.319255 -1.089435 69.610886  0.998187 -0.021298 0.056297  0.891502 0.858574 1 6 1.000000
0  4.323377 -1.236027 69.086113  0.042042 0.951889 -0.303544  0.895902 0.844780 1 6 1.000000
0  4.305260 -1.071236 69.610886  0.083470 0.950610 -0.298954  0.892075 0.858957 1 6 1.000000
heavy_cap
0  4.305260 -1.071236 69.610886  0.083470 0.950610 -0.298954  0.892075 0.858957 1 6 1.000000
0  4.268294 -0.843292 70.412895  0.993943 0.005400 0.109762  0.881580 0.883718 1 6 1.000000
0  4.319255 -1.089435 69.610886  0.998187 -0.021298 0.056297  0.891502 0.858574 1 6 1.000000
heavy_cap
0  4.305260 -1.071236 69.610886  0.083470 0.950610 -0.298954  0.892075 0.858957 1 6 1.000000
0  4.253973 -0.824116 70.412895  0.109332 0.955948 -0.272413  0.882165 0.884248 1 6 1.000000
0  4.268294 -0.843292 70.412895  0.993943 0.005400 0.109762  0.881580 0.883718 1 6 1.000000
heavy_cap
0  4.253973 -0.824116 70.412895  0.109332 0.955948 -0.272413  0.882165 0.884248 1 6 1.000000
0  4.152665 -0.635053 71.174713  0.969672 0.001517 0.244405  0.868532 0.906104 1 6 1.000000
0  4.268294 -0.843292 70.412895  0.993943 0.005400 0.109762  0.881580 0.883718 1 6 1.000000
heavy_cap
0  4.253973 -0.824116 70.412895  0.109332 0.955948 -0.272413  0.882165 0.884248 1 6 1.000000
0  4.138834 -0.615183 71.174713  0.119253 0.968763 -0.217434  0.869011 0.906662 1 6 1.000000
0  4.152665 -0.635053 71.174713  0.969672 0.001517 0.244405  0.868532 0.906104 1 6 1.000000
heavy_cap
0  3.924917 -0.490296 71.842239  0.940277 -0.011048 0.340229  0.858030 0.923543 1 6 1.000000
0  4.152665 -0.635053 71.174713  0.969672 0.001517 0.244405  0.868532 0.906104 1 6 1.000000
0  4.138834 -0.615183 71.174713  0.119253 0.968763 -0.217434  0.869011 0.906662 1 6 1.000000
heavy_cap
0  3.924917 -0.490296 71.842239  0.940277 -0.011048 0.340229  0.858030 0.923543 1 6 1.000000
0  4.138834 -0.615183 71.174713  0.119253 0.968763 -0.217434  0.869011 0.906662 1 6 1.000000
0  3.914799 -0.469489 71.839546  0.096856 0.986814 -0.129678  0.858512 0.923969 1 6 1.000000
heavy_cap
0  3.843562 -0.488952 71.994011  0.096027 0.930300 0.354006  0.855581 0.927218 1 6 1.000000
0  3.924917 -0.490296 71.842239  0.940277 -0.011048 0.340229  0.858030 0.923543 1 6 1.000000
0  3.914799 -0.469489 71.839546  0.096856 0.986814 -0.129678  0.858512 0.923969 1 6 1.000000
heavy_cap
0  3.843562 -0.488952 71.994011  0.096027 0.930300 0.354006  0.855581 0.927218 1 6 1.000000
0  3.851722 -0.512697 72.004745  0.897079 0.017072 0.441539  0.854915 0.926970 1 6 1.000000
0  3.924917 -0.490296 71.842239  0.940277 -0.011048 0.340229  0.858030 0.923543 1 6 1.000000
heavy_cap
0  3.758861 -0.593034 72.141830  0.086548 0.784663 0.613851  0.851140 0.930235 1 6 1.000000
0  3.851722 -0.512697 72.004745  0.897079 0.017072 0.441539  0.854915 0.926970 1 6 1.000000
0  3.843562 -0.488952 71.994011  0.096027 0.930300 0.354006  0.855581 0.927218 1 6 1.000000
heavy_cap
0  3.758861 -0.593034 72.141830  0.086548 0.784663 0.613851  0.851140 0.930235 1 6 1.000000
0  3.767021 -0.616371 72.155907  0.855461 0.066610 0.513565  0.850347 0.930051 1 6 1.000000
0  3.851722 -0.512697 72.004745  0.897079 0.017072 0.441539  0.854915 0.926970 1 6 1.000000
heavy_cap
0  3.767021 -0.616371 72.155907  0.855461 0.066610 0.513565  0.850347 0.930051 1 6 1.000000
0  3.758861 -0.593034 72.141830  0.086548 0.784663 0.613851  0.851140 0.930235 1 6 1.000000
0  3.709452 -0.666270 72.231758  0.136748 0.594148 0.792646  0.848031 0.932189 1 6 1.000000
heavy_cap
0  4.139119 -0.831096 71.174713  0.962728 -0.082632 0.257540  0.864057 0.901985 1 6 1.000000
0  4.268294 -0.843292 70.412895  0.993943 0.005400 0.109762  0.881580 0.883718 1 6 1.000000
0  4.152665 -0.635053 71.174713  0.969672 0.001517 0.244405  0.868532 0.906104 1 6 1.000000
heavy_cap
0  3.902233 -0.695807 71.860641  0.932533 -0.082807 0.351462  0.852938 0.920731 1 6 1.000000
0  4.139119 -0.831096 71.174713  0.962728 -0.082632 0.257540  0.864057 0.901985 1 6 1.000000
0  4.152665 -0.635053 71.174713  0.969672 0.001517 0.244405  0.868532 0.906104 1 6 1.000000
heavy_cap
0  3.902233 -0.695807 71.860641  0.932533 -0.082807 0.351462  0.852938 0.920731 1 6 1.000000
0  4.152665 -0.635053 71.174713  0.969672 0.001517 0.244405  0.868532 0.906104 1 6 1.000000
0  3.924917 -0.490296 71.842239  0.940277 -0.011048 0.340229  0.858030 0.923543 1 6 1.000000
heavy_cap
0  3.851722 -0.512697 72.004745  0.897079 0.017072 0.441539  0.854915 0.926970 1 6 1.000000
0  3.902233 -0.695807 71.860641  0.932533 -0.082807 0.351462  0.852938 0.920731 1 6 1.000000
0  3.924917 -0.490296 71.842239  0.940277 -0.011048 0.340229  0.858030 0.923543 1 6 1.000000
heavy_cap
0  3.851722 -0.512697 72.004745  0.897079 0.017072 0.441539  0.854915 0.926970 1 6 1.000000
0  3.808025 -0.721756 72.078384  0.909286 -0.063807 0.411250  0.848626 0.926383 1 6 1.000000
0  3.902233 -0.695807 71.860641  0.932533 -0.082807 0.351462  0.852938 0.920731 1 6 1.000000
heavy_cap
0  3.767021 -0.616371 72.155907  0.855461 0.066610 0.513565  0.850347 0.930051 1 6 1.000000
0  3.808025 -0.721756 72.078384  0.909286 -0.063807 0.411250  0.848626 0.926383 1 6 1.000000
0  3.851722 -0.512697 72.004745  0.897079 0.017072 0.441539  0.854915 0.926970 1 6 1.000000
heavy_cap
0  3.767021 -0.616371 72.155907  0.855461 0.066610 0.513565  0.850347 0.930051 1 6 1.000000
0  3.701211 -0.807683 72.288223  0.876121 -0.016541 0.481807  0.843144 0.932069 1 6 1.000000
0  3.808025 -0.721756 72.078384  0.909286 -0.063807 0.411250  0.848626 0.926383 1 6 1.000000
heavy_cap
0  3.701211 -0.807683 72.288223  0.876121 -0.016541 0.481807  0.843144 0.932069 1 6 1.000000
0  3.753353 -1.028369 72.138367  0.912201 -0.106051 0.395781  0.838742 0.923923 1 6 1.000000
0  3.808025 -0.721756 72.078384  0.909286 -0.063807 0.411250  0.848626 0.926383 1 6 1.000000
heavy_cap
0  3.701211 -0.807683 72.288223  0.876121 -0.016541 0.481807  0.843144 0.932069 1 6 1.000000
0  3.630586 -1.047546 72.408501  0.885818 -0.086939 0.455816  0.833056 0.933329 1 6 1.000000
0  3.753353 -1.028369 72.138367  0.912201 -0.106051 0.395781  0.838742 0.923923 1 6 1.000000
heavy_cap
0  3.630586 -1.047546 72.408501  0.885818 -0.086939 0.455816  0.833056 0.933329 1 6 1.000000
0  3.599374 -1.816830 72.263329  0.875684 -0.191871 0.443128  0.810461 0.912855 1 6 1.000000
0  3.753353 -1.028369 72.138367  0.912201 -0.106051 0.395781  0.838742 0.923923 1 6 1.000000
heavy_cap
0  3.630586 -1.047546 72.408501  0.885818 -0.086939 0.455816  0.833056 0.933329 1 6 1.000000
0  3.398555 -1.677173 72.702698  0.842463 -0.193346 0.502865  0.802335 0.932917 1 6 1.000000
0  3.599374 -1.816830 72.263329  0.875684 -0.191871 0.443128  0.810461 0.912855 1 6 1.000000
heavy_cap
0  3.862780 -1.037590 71.875656  0.928105 -0.102070 0.358054  0.843641 0.915556 1 6 1.000000
0  3.753353 -1.028369 72.138367  0.912201 -0.106051 0.395781  0.838742 0.923923 1 6 1.000000
0  3.599374 -1.816830 72.263329  0.875684 -0.191871 0.443128  0.810461 0.912855 1 6 1.000000
heavy_cap
0  3.862780 -1.037590 71.875656  0.928105 -0.102070 0.358054  0.843641 0.915556 1 6 1.000000
0  3.808025 -0.721756 72.078384  0.909286 -0.063807 0.411250  0.848626 0.926383 1 6 1.000000
0  3.753353 -1.028369 72.138367  0.912201 -0.106051 0.395781  0.838742 0.923923 1 6 1.000000
heavy_cap
0  3.862780 -1.037590 71.875656  0.928105 -0.102070 0.358054  0.843641 0.915556 1 6 1.000000
0  3.902233 -0.695807 71.860641  0.932533 -0.082807 0.351462  0.852938 0.920731 1 6 1.000000
0  3.808025 -0.721756 72.078384  0.909286 -0.063807 0.411250  0.848626 0.926383 1 6 1.000000
heavy_cap
0  3.862780 -1.037590 71.875656  0.928105 -0.102070 0.358054  0.843641 0.915556 1 6 1.000000
0  4.139119 -0.831096 71.174713  0.962728 -0.082632 0.257540  0.864057 0.901985 1 6 1.000000
0  3.902233 -0.695807 71.860641  0.932533 -0.082807 0.351462  0.852938 0.920731 1 6 1.000000
heavy_cap
0  3.701211 -0.807683 72.288223  0.876121 -0.016541 0.481807  0.843144 0.932069 1 6 1.000000
0  3.767021 -0.616371 72.155907  0.855461 0.066610 0.513565  0.850347 0.930051 1 6 1.000000
0  3.709452 -0.666270 72.231758  0.136748 0.594148 0.792646  0.848031 0.932189 1 6 1.000000
heavy_cap
0  3.701211 -0.807683 72.288223  0.876121 -0.016541 0.481807  0.843144 0.932069 1 6 1.000000
0  3.709452 -0.666270 72.231758  0.136748 0.594148 0.792646  0.848031 0.932189 1 6 1.000000
0  3.654821 -0.823228 72.329140  0.113692 0.474160 0.873067  0.841924 0.933962 1 6 1.000000
heavy_cap
0  3.654821 -0.823228 72.329140  0.113692 0.474160 0.873067  0.841924 0.933962 1 6 1.000000
0  3.630586 -1.047546 72.408501  0.885818 -0.086939 0.455816  0.833056 0.933329 1 6 1.000000
0  3.701211 -0.807683 72.288223  0.876121 -0.016541 0.481807  0.843144 0.932069 1 6 1.000000
heavy_cap
0  3.654821 -0.823228 72.329140  0.113692 0.474160 0.873067  0.841924 0.933962 1 6 1.000000
0  3.585461 -1.044976 72.448036  0.155979 0.407466 0.899801  0.832099 0.935550 1 6 1.000000
0  3.630586 -1.047546 72.408501  0.885818 -0.086939 0.455816  0.833056 0.933329 1 6 1.000000
heavy_cap
0  3.585461 -1.044976 72.448036  0.155979 0.407466 0.899801  0.832099 0.935550 1 6 1.000000
0  3.398555 -1.677173 72.702698  0.842463 -0.193346 0.502865  0.802335 0.932917 1 6 1.000000
0  3.630586 -1.047546 72.408501  0.885818 -0.086939 0.455816  0.833056 0.933329 1 6 1.000000
heavy_cap
0  3.585461 -1.044976 72.448036  0.155979 0.407466 0.899801  0.832099 0.935550 1 6 1.000000
0  3.359713 -1.647226 72.740234  0.173855 0.333001 0.926760  0.801880 0.935665 1 6 1.000000
0  3.398555 -1.677173 72.702698  0.842463 -0.193346 0.502865  0.802335 0.932917 1 6 1.000000
heavy_cap
0  2.997695 -2.274119 72.985573  0.161664 0.225818 0.960662  0.766618 0.929189 1 6 1.000000
0  3.398555 -1.677173 72.702698  0.842463 -0.193346 0.502865  0.802335 0.932917 1 6 1.000000
0  3.359713 -1.647226 72.740234  0.173855 0.333001 0.926760  0.801880 0.935665 1 6 1.000000
heavy_cap
0  2.665502 -1.801329 72.868599  0.049916 0.350881 0.935089  0.772318 0.962439 1 6 1.000000
0  2.997695 -2.274119 72.985573  0.161664 0.225818 0.960662  0.766618 0.929189 1 6 1.000000
0  3.359713 -1.647226 72.740234  0.173855 0.333001 0.926760  0.801880 0.935665 1 6 1.000000
heavy_cap
0  2.997695 -2.274119 72.985573  0.161664 0.225818 0.960662  0.766618 0.929189 1 6 1.000000
0  2.665502 -1.801329 72.868599  0.049916 0.350881 0.935089  0.772318 0.962439 1 6 1.000000
0  2.225800 -2.189828 73.021095  0.011172 0.289701 0.957052  0.732715 0.959637 1 6 1.000000
heavy_cap
0  2.997695 -2.274119 72.985573  0.161664 0.225818 0.960662  0.766618 0.929189 1 6 1.000000
0  2.225800 -2.189828 73.021095  0.011172 0.289701 0.957052  0.732715 0.959637 1 6 1.000000
0  2.538532 -2.745319 73.135582  0.096899 0.172085 0.980305  0.733694 0.920072 1 6 1.000000
heavy_cap
0  2.538532 -2.745319 73.135582  0.096899 0.172085 0.980305  0.733694 0.920072 1 6 1.000000
0  2.225800 -2.189828 73.021095  0.011172 0.289701 0.957052  0.732715 0.959637 1 6 1.000000
0  1.430241 -2.733530 73.174385  -0.017372 0.270826 0.962471  0.668897 0.939894 1 6 1.000000
heavy_cap
0  2.538532 -2.745319 73.135582  0.096899 0.172085 0.980305  0.733694 0.920072 1 6 1.000000
0  1.430241 -2.733530 73.174385  -0.017372 0.270826 0.962471  0.668897 0.939894 1 6 1.000000
0  1.709067 -3.343287 73.304573  0.056613 0.146389 0.987606  0.682302 0.898702 1 6 1.000000
heavy_cap
0  2.562563 -2.799461 73.097069  0.584230 -0.516589 0.625948  0.734440 0.916450 1 6 1.000000
0  2.538532 -2.745319 73.135582  0.096899 0.172085 0.980305  0.733694 0.920072 1 6 1.000000
0  1.709067 -3.343287 73.304573  0.056613 0.146389 0.987606  0.682302 0.898702 1 6 1.000000
heavy_cap
0  2.562563 -2.799461 73.097069  0.584230 -0.516589 0.625948  0.734440 0.916450 1 6 1.000000
0  1.709067 -3.343287 73.304573  0.056613 0.146389 0.987606  0.682302 0.898702 1 6 1.000000
0  1.725225 -3.403465 73.263290  0.438740 -0.648611 0.621941  0.683605 0.894800 1 6 1.000000
heavy_cap
0  1.725225 -3.403465 73.263290  0.438740 -0.648611 0.621941  0.683605 0.894800 1 6 1.000000
0  2.796797 -3.266495 72.467926  0.588313 -0.556396 0.586781  0.747963 0.879100 1 6 1.000000
0  2.562563 -2.799461 73.097069  0.584230 -0.516589 0.625948  0.734440 0.916450 1 6 1.000000
heavy_cap
0  1.725225 -3.403465 73.263290  0.438740 -0.648611 0.621941  0.683605 0.894800 1 6 1.000000
0  1.879817 -3.936801 72.551071  0.423620 -0.695744 0.580074  0.703218 0.853016 1 6 1.000000
0  2.796797 -3.266495 72.467926  0.588313 -0.556396 0.586781  0.747963 0.879100 1 6 1.000000
heavy_cap
0  1.879817 -3.936801 72.551071  0.423620 -0.695744 0.580074  0.703218 0.853016 1 6 1.000000
0  2.968443 -3.600400 71.958588  0.628597 -0.632232 0.452934  0.759273 0.854470 1 6 1.000000
0  2.796797 -3.266495 72.467926  0.588313 -0.556396 0.586781  0.747963 0.879100 1 6 1.000000
heavy_cap
0  1.879817 -3.936801 72.551071  0.423620 -0.695744 0.580074  0.703218 0.853016 1 6 1.000000
0  1.994262 -4.320074 71.983910  0.432833 -0.775557 0.459528  0.718099 0.825438 1 6 1.000000
0  2.968443 -3.600400 71.958588  0.628597 -0.632232 0.452934  0.759273 0.854470 1 6 1.000000
heavy_cap
0  3.010996 -1.325314 72.630768  0.038873 0.434832 0.899672  0.810265 0.959709 1 6 1.000000
0  3.000429 -1.289206 72.585892  -0.871543 0.365945 -0.326338  0.812964 0.961522 1 6 1.000000
0  2.658076 -1.780275 72.823799  -0.765506 0.578462 -0.281748  0.773889 0.965142 1 6 1.000000
heavy_cap
0  3.010996 -1.325314 72.630768  0.038873 0.434832 0.899672  0.810265 0.959709 1 6 1.000000
0  2.658076 -1.780275 72.823799  -0.765506 0.578462 -0.281748  0.773889 0.965142 1 6 1.000000
0  2.665502 -1.801329 72.868599  0.049916 0.350881 0.935089  0.772318 0.962439 1 6 1.000000
heavy_cap
0  2.217517 -2.177914 72.971931  -0.622380 0.677556 -0.391869  0.732832 0.963126 1 6 1.000000
0  2.665502 -1.801329 72.868599  0.049916 0.350881 0.935089  0.772318 0.962439 1 6 1.000000
0  2.658076 -1.780275 72.823799  -0.765506 0.578462 -0.281748  0.773889 0.965142 1 6 1.000000
heavy_cap
0  2.217517 -2.177914 72.971931  -0.622380 0.677556 -0.391869  0.732832 0.963126 1 6 1.000000
0  2.225800 -2.189828 73.021095  0.011172 0.289701 0.957052  0.732715 0.959637 1 6 1.000000
0  2.665502 -1.801329 72.868599  0.049916 0.350881 0.935089  0.772318 0.962439 1 6 1.000000
heavy_cap
0  1.416042 -2.722310 73.119179  -0.467801 0.793424 -0.389410  0.667319 0.943691 1 6 1.000000
0  2.225800 -2.189828 73.021095  0.011172 0.289701 0.957052  0.732715 0.959637 1 6 1.000000
0  2.217517 -2.177914 72.971931  -0.622380 0.677556 -0.391869  0.732832 0.963126 1 6 1.000000
heavy_cap
0  1.416042 -2.722310 73.119179  -0.467801 0.793424 -0.389410  0.667319 0.943691 1 6 1.000000
0  1.430241 -2.733530 73.174385  -0.017372 0.270826 0.962471  0.668897 0.939894 1 6 1.000000
0  2.225800 -2.189828 73.021095  0.011172 0.289701 0.957052  0.732715 0.959637 1 6 1.000000
heavy_cap
0  1.416042 -2.722310 73.119179  -0.467801 0.793424 -0.389410  0.667319 0.943691 1 6 1.000000
0  0.520849 -3.158830 73.258018  -0.033863 0.274281 0.961053  0.604400 0.905884 1 6 1.000000
0  1.430241 -2.733530 73.174385  -0.017372 0.270826 0.962471  0.668897 0.939894 1 6 1.000000
heavy_cap
0  1.709067 -3.343287 73.304573  0.056613 0.146389 0.987606  0.682302 0.898702 1 6 1.000000
0  1.430241 -2.733530 73.174385  -0.017372 0.270826 0.962471  0.668897 0.939894 1 6 1.000000
0  0.520849 -3.158830 73.258018  -0.033863 0.274281 0.961053  0.604400 0.905884 1 6 1.000000
heavy_cap
0  1.709067 -3.343287 73.304573  0.056613 0.146389 0.987606  0.682302 0.898702 1 6 1.000000
0  0.520849 -3.158830 73.258018  -0.033863 0.274281 0.961053  0.604400 0.905884 1 6 1.000000
0  0.684824 -3.790212 73.400902  0.021924 0.131916 0.991018  0.627737 0.867184 1 6 1.000000
heavy_cap
0  1.725225 -3.403465 73.263290  0.438740 -0.648611 0.621941  0.683605 0.894800 1 6 1.000000
0  1.709067 -3.343287 73.304573  0.056613 0.146389 0.987606  0.682302 0.898702 1 6 1.000000
0  0.684824 -3.790212 73.400902  0.021924 0.131916 0.991018  0.627737 0.867184 1 6 1.000000
heavy_cap
0  1.725225 -3.403465 73.263290  0.438740 -0.648611 0.621941  0.683605 0.894800 1 6 1.000000
0  0.684824 -3.790212 73.400902  0.021924 0.131916 0.991018  0.627737 0.867184 1 6 1.000000
0  0.691638 -3.851573 73.357445  0.268165 -0.752051 0.602085  0.629616 0.863340 1 6 1.000000
heavy_cap
0  0.691638 -3.851573 73.357445  0.268165 -0.752051 0.602085  0.629616 0.863340 1 6 1.000000
0  1.879817 -3.936801 72.551071  0.423620 -0.695744 0.580074  0.703218 0.853016 1 6 1.000000
0  1.725225 -3.403465 73.263290  0.438740 -0.648611 0.621941  0.683605 0.894800 1 6 1.000000
heavy_cap
0  0.691638 -3.851573 73.357445  0.268165 -0.752051 0.602085  0.629616 0.863340 1 6 1.000000
0  0.745087 -4.399106 72.595222  0.238136 -0.793270 0.560370  0.654841 0.820762 1 6 1.000000
0  1.879817 -3.936801 72.551071  0.423620 -0.695744 0.580074  0.703218 0.853016 1 6 1.000000
heavy_cap
0  0.745087 -4.399106 72.595222  0.238136 -0.793270 0.560370  0.654841 0.820762 1 6 1.000000
0  1.994262 -4.320074 71.983910  0.432833 -0.775557 0.459528  0.718099 0.825438 1 6 1.000000
0  1.879817 -3.936801 72.551071  0.423620 -0.695744 0.580074  0.703218 0.853016 1 6 1.000000
heavy_cap
0  0.745087 -4.399106 72.595222  0.238136 -0.793270 0.560370  0.654841 0.820762 1 6 1.000000
0  0.739337 -4.806654 71.994713  0.253865 -0.847812 0.465583  0.670645 0.791052 1 6 1.000000
0  1.994262 -4.320074 71.983910  0.432833 -0.775557 0.459528  0.718099 0.825438 1 6 1.000000
heavy_cap
0  0.739337 -4.806654 71.994713  0.253865 -0.847812 0.465583  0.670645 0.791052 1 6 1.000000
0  2.110259 -4.642675 71.175705  0.465602 -0.834076 0.295858  0.738549 0.794835 1 6 1.000000
0  1.994262 -4.320074 71.983910  0.432833 -0.775557 0.459528  0.718099 0.825438 1 6 1.000000
heavy_cap
0  0.739337 -4.806654 71.994713  0.253865 -0.847812 0.465583  0.670645 0.791052 1 6 1.000000
0  0.793643 -5.145046 71.175659  0.312787 -0.901199 0.300009  0.692447 0.759734 1 6 1.000000
0  2.110259 -4.642675 71.175705  0.465602 -0.834076 0.295858  0.738549 0.794835 1 6 1.000000
heavy_cap
0  2.110259 -4.642675 71.175705  0.465602 -0.834076 0.295858  0.738549 0.794835 1 6 1.000000
0  0.793643 -5.145046 71.175659  0.312787 -0.901199 0.300009  0.692447 0.759734 1 6 1.000000
0  1.324086 -5.231578 70.120445  0.332806 -0.920753 0.203605  0.735623 0.736371 1 6 1.000000
heavy_cap
0  0.684824 -3.790212 73.400902  0.021924 0.131916 0.991018  0.627737 0.867184 1 6 1.000000
0  0.520849 -3.158830 73.258018  -0.033863 0.274281 0.961053  0.604400 0.905884 1 6 1.000000
0  -0.006573 -3.276090 73.271927  0.000015 0.274562 0.961569  0.568962 0.882816 1 6 1.000000
heavy_cap
0  0.510731 -3.145324 73.199875  -0.352936 0.848580 -0.394142  0.601988 0.909683 1 6 1.000000
0  -0.006573 -3.276090 73.271927  0.000015 0.274562 0.961569  0.568962 0.882816 1 6 1.000000
0  0.520849 -3.158830 73.258018  -0.033863 0.274281 0.961053  0.604400 0.905884 1 6 1.000000
heavy_cap
0  1.416042 -2.722310 73.119179  -0.467801 0.793424 -0.389410  0.667319 0.943691 1 6 1.000000
0  0.510731 -3.145324 73.199875  -0.352936 0.848580 -0.394142  0.601988 0.909683 1 6 1.000000
0  0.520849 -3.158830 73.258018  -0.033863 0.274281 0.961053  0.604400 0.905884 1 6 1.000000
heavy_cap
0  -1.429186 -2.722311 73.119171  0.467834 0.793407 -0.389406  0.474568 0.814184 1 6 1.000000
0  -1.443385 -2.733531 73.174377  0.017304 0.270866 0.962461  0.477575 0.811263 1 6 1.000000
0  -0.534035 -3.158830 73.258018  0.033869 0.274304 0.961046  0.534005 0.858792 1 6 1.000000
heavy_cap
0  -1.429186 -2.722311 73.119171  0.467834 0.793407 -0.389406  0.474568 0.814184 1 6 1.000000
0  -0.534035 -3.158830 73.258018  0.033869 0.274304 0.961046  0.534005 0.858792 1 6 1.000000
0  -0.523875 -3.145326 73.199875  0.352942 0.848569 -0.394159  0.531381 0.862495 1 6 1.000000
heavy_cap
0  -0.006573 -3.276090 73.271927  0.000015 0.274562 0.961569  0.568962 0.882816 1 6 1.000000
0  -0.523875 -3.145326 73.199875  0.352942 0.848569 -0.394159  0.531381 0.862495 1 6 1.000000
0  -0.534035 -3.158830 73.258018  0.033869 0.274304 0.961046  0.534005 0.858792 1 6 1.000000
heavy_cap
0  -0.006573 -3.276090 73.271927  0.000015 0.274562 0.961569  0.568962 0.882816 1 6 1.000000
0  -0.006572 -3.265399 73.215828  0.000028 0.908482 -0.417925  0.566462 0.886555 1 6 1.000000
0  -0.523875 -3.145326 73.199875  0.352942 0.848569 -0.394159  0.531381 0.862495 1 6 1.000000
heavy_cap
0  0.510731 -3.145324 73.199875  -0.352936 0.848580 -0.394142  0.601988 0.909683 1 6 1.000000
0  -0.006572 -3.265399 73.215828  0.000028 0.908482 -0.417925  0.566462 0.886555 1 6 1.000000
0  -0.006573 -3.276090 73.271927  0.000015 0.274562 0.961569  0.568962 0.882816 1 6 1.000000
heavy_cap
0  0.691638 -3.851573 73.357445  0.268165 -0.752051 0.602085  0.629616 0.863340 1 6 1.000000
0  0.684824 -3.790212 73.400902  0.021924 0.131916 0.991018  0.627737 0.867184 1 6 1.000000
0  -0.006573 -3.906001 73.418030  -0.000028 0.131730 0.991286  0.594760 0.844420 1 6 1.000000
heavy_cap
0  0.684824 -3.790212 73.400902  0.021924 0.131916 0.991018  0.627737 0.867184 1 6 1.000000
0  -0.006573 -3.276090 73.271927  0.000015 0.274562 0.961569  0.568962 0.882816 1 6 1.000000
0  -0.006573 -3.906001 73.418030  -0.000028 0.131730 0.991286  0.594760 0.844420 1 6 1.000000
heavy_cap
0  -0.697970 -3.790212 73.400902  -0.021817 0.131885 0.991025  0.561210 0.822425 1 6 1.000000
0  -0.006573 -3.906001 73.418030  -0.000028 0.131730 0.991286  0.594760 0.844420 1 6 1.000000
0  -0.006573 -3.276090 73.271927  0.000015 0.274562 0.961569  0.568962 0.882816 1 6 1.000000
heavy_cap
0  -0.697970 -3.790212 73.400902  -0.021817 0.131885 0.991025  0.561210 0.822425 1 6 1.000000
0  -0.006573 -3.276090 73.271927  0.000015 0.274562 0.961569  0.568962 0.882816 1 6 1.000000
0  -0.534035 -3.158830 73.258018  0.033869 0.274304 0.961046  0.534005 0.858792 1 6 1.000000
heavy_cap
0  -1.722213 -3.343287 73.304565  -0.056612 0.146392 0.987605  0.511488 0.783374 1 6 1.000000
0  -0.697970 -3.790212 73.400902  -0.021817 0.131885 0.991025  0.561210 0.822425 1 6 1.000000
0  -0.534035 -3.158830 73.258018  0.033869 0.274304 0.961046  0.534005 0.858792 1 6 1.000000
heavy_cap
0  -1.722213 -3.343287 73.304565  -0.056612 0.146392 0.987605  0.511488 0.783374 1 6 1.000000
0  -0.534035 -3.158830 73.258018  0.033869 0.274304 0.961046  0.534005 0.858792 1 6 1.000000
0  -1.443385 -2.733531 73.174377  0.017304 0.270866 0.962461  0.477575 0.811263 1 6 1.000000
heavy_cap
0  -2.551676 -2.745321 73.135574  -0.096960 0.172114 0.980294  0.472891 0.742784 1 6 1.000000
0  -1.722213 -3.343287 73.304565  -0.056612 0.146392 0.987605  0.511488 0.783374 1 6 1.000000
0  -1.443385 -2.733531 73.174377  0.017304 0.270866 0.962461  0.477575 0.811263 1 6 1.000000
heavy_cap
0  -2.551676 -2.745321 73.135574  -0.096960 0.172114 0.980294  0.472891 0.742784 1 6 1.000000
0  -1.443385 -2.733531 73.174377  0.017304 0.270866 0.962461  0.477575 0.811263 1 6 1.000000
0  -2.238944 -2.189829 73.021088  -0.011295 0.289789 0.957024  0.435206 0.757649 1 6 1.000000
heavy_cap
0  -2.238944 -2.189829 73.021088  -0.011295 0.289789 0.957024  0.435206 0.757649 1 6 1.000000
0  -1.443385 -2.733531 73.174377  0.017304 0.270866 0.962461  0.477575 0.811263 1 6 1.000000
0  -1.429186 -2.722311 73.119171  0.467834 0.793407 -0.389406  0.474568 0.814184 1 6 1.000000
heavy_cap
0  -2.238944 -2.189829 73.021088  -0.011295 0.289789 0.957024  0.435206 0.757649 1 6 1.000000
0  -1.429186 -2.722311 73.119171  0.467834 0.793407 -0.389406  0.474568 0.814184 1 6 1.000000
0  -2.230662 -2.177916 72.971924  0.622324 0.677602 -0.391878  0.431790 0.758786 1 6 1.000000
heavy_cap
0  -2.678646 -1.801332 72.868584  -0.049751 0.350795 0.935130  0.418771 0.720083 1 6 1.000000
0  -2.230662 -2.177916 72.971924  0.622324 0.677602 -0.391878  0.431790 0.758786 1 6 1.000000
0  -2.671220 -1.780277 72.823784  0.765504 0.578452 -0.281776  0.415596 0.719436 1 6 1.000000
heavy_cap
0  -2.678646 -1.801332 72.868584  -0.049751 0.350795 0.935130  0.418771 0.720083 1 6 1.000000
0  -2.238944 -2.189829 73.021088  -0.011295 0.289789 0.957024  0.435206 0.757649 1 6 1.000000
0  -2.230662 -2.177916 72.971924  0.622324 0.677602 -0.391878  0.431790 0.758786 1 6 1.000000
heavy_cap
0  -3.010839 -2.274121 72.985558  -0.161634 0.225764 0.960680  0.453030 0.714595 1 6 1.000000
0  -2.238944 -2.189829 73.021088  -0.011295 0.289789 0.957024  0.435206 0.757649 1 6 1.000000
0  -2.678646 -1.801332 72.868584  -0.049751 0.350795 0.935130  0.418771 0.720083 1 6 1.000000
heavy_cap
0  -3.010839 -2.274121 72.985558  -0.161634 0.225764 0.960680  0.453030 0.714595 1 6 1.000000
0  -2.551676 -2.745321 73.135574  -0.096960 0.172114 0.980294  0.472891 0.742784 1 6 1.000000
0  -2.238944 -2.189829 73.021088  -0.011295 0.289789 0.957024  0.435206 0.757649 1 6 1.000000
heavy_cap
0  -3.043642 -2.322225 72.944717  -0.738584 -0.355117 0.573050  0.456140 0.713014 1 6 1.000000
0  -2.551676 -2.745321 73.135574  -0.096960 0.172114 0.980294  0.472891 0.742784 1 6 1.000000
0  -3.010839 -2.274121 72.985558  -0.161634 0.225764 0.960680  0.453030 0.714595 1 6 1.000000
heavy_cap
0  -3.043642 -2.322225 72.944717  -0.738584 -0.355117 0.573050  0.456140 0.713014 1 6 1.000000
0  -2.575707 -2.799463 73.097061  -0.584243 -0.516592 0.625933  0.476054 0.740810 1 6 1.000000
0  -2.551676 -2.745321 73.135574  -0.096960 0.172114 0.980294  0.472891 0.742784 1 6 1.000000
heavy_cap
0  -2.575707 -2.799463 73.097061  -0.584243 -0.516592 0.625933  0.476054 0.740810 1 6 1.000000
0  -1.722213 -3.343287 73.304565  -0.056612 0.146392 0.987605  0.511488 0.783374 1 6 1.000000
0  -2.551676 -2.745321 73.135574  -0.096960 0.172114 0.980294  0.472891 0.742784 1 6 1.000000
heavy_cap
0  -2.575707 -2.799463 73.097061  -0.584243 -0.516592 0.625933  0.476054 0.740810 1 6 1.000000
0  -1.738369 -3.403466 73.263283  -0.438731 -0.648614 0.621944  0.514658 0.780723 1 6 1.000000
0  -1.722213 -3.343287 73.304565  -0.056612 0.146392 0.987605  0.511488 0.783374 1 6 1.000000
heavy_cap
0  -1.738369 -3.403466 73.263283  -0.438731 -0.648614 0.621944  0.514658 0.780723 1 6 1.000000
0  -0.697970 -3.790212 73.400902  -0.021817 0.131885 0.991025  0.561210 0.822425 1 6 1.000000
0  -1.722213 -3.343287 73.304565  -0.056612 0.146392 0.987605  0.511488 0.783374 1 6 1.000000
heavy_cap
0  -1.738369 -3.403466 73.263283  -0.438731 -0.648614 0.621944  0.514658 0.780723 1 6 1.000000
0  -0.704782 -3.851574 73.357445  -0.268186 -0.752078 0.602043  0.564078 0.819237 1 6 1.000000
0  -0.697970 -3.790212 73.400902  -0.021817 0.131885 0.991025  0.561210 0.822425 1 6 1.000000
heavy_cap
0  -0.704782 -3.851574 73.357445  -0.268186 -0.752078 0.602043  0.564078 0.819237 1 6 1.000000
0  -0.006573 -3.906001 73.418030  -0.000028 0.131730 0.991286  0.594760 0.844420 1 6 1.000000
0  -0.697970 -3.790212 73.400902  -0.021817 0.131885 0.991025  0.561210 0.822425 1 6 1.000000
heavy_cap
0  -0.704782 -3.851574 73.357445  -0.268186 -0.752078 0.602043  0.564078 0.819237 1 6 1.000000
0  -0.006572 -3.960959 73.373970  -0.000076 -0.811631 0.584171  0.597000 0.841091 1 6 1.000000
0  -0.006573 -3.906001 73.418030  -0.000028 0.131730 0.991286  0.594760 0.844420 1 6 1.000000
heavy_cap
0  0.691638 -3.851573 73.357445  0.268165 -0.752051 0.602085  0.629616 0.863340 1 6 1.000000
0  -0.006573 -3.906001 73.418030  -0.000028 0.131730 0.991286  0.594760 0.844420 1 6 1.000000
0  -0.006572 -3.960959 73.373970  -0.000076 -0.811631 0.584171  0.597000 0.841091 1 6 1.000000
heavy_cap
0  0.745087 -4.399106 72.595222  0.238136 -0.793270 0.560370  0.654841 0.820762 1 6 1.000000
0  0.691638 -3.851573 73.357445  0.268165 -0.752051 0.602085  0.629616 0.863340 1 6 1.000000
0  -0.006572 -3.960959 73.373970  -0.000076 -0.811631 0.584171  0.597000 0.841091 1 6 1.000000
heavy_cap
0  -0.006571 -4.464428 72.597214  -0.000000 -0.826628 0.562749  0.624357 0.800470 1 6 1.000000
0  0.739337 -4.806654 71.994713  0.253865 -0.847812 0.465583  0.670645 0.791052 1 6 1.000000
0  0.745087 -4.399106 72.595222  0.238136 -0.793270 0.560370  0.654841 0.820762 1 6 1.000000
heavy_cap
0  0.745087 -4.399106 72.595222  0.238136 -0.793270 0.560370  0.654841 0.820762 1 6 1.000000
0  -0.006572 -3.960959 73.373970  -0.000076 -0.811631 0.584171  0.597000 0.841091 1 6 1.000000
0  -0.006571 -4.464428 72.597214  -0.000000 -0.826628 0.562749  0.624357 0.800470 1 6 1.000000
heavy_cap
0  -0.006572 -3.960959 73.373970  -0.000076 -0.811631 0.584171  0.597000 0.841091 1 6 1.000000
0  -0.758229 -4.399107 72.595215  -0.238139 -0.793268 0.560371  0.594123 0.779896 1 6 1.000000
0  -0.006571 -4.464428 72.597214  -0.000000 -0.826628 0.562749  0.624357 0.800470 1 6 1.000000
heavy_cap
0  -0.006572 -3.960959 73.373970  -0.000076 -0.811631 0.584171  0.597000 0.841091 1 6 1.000000
0  -0.704782 -3.851574 73.357445  -0.268186 -0.752078 0.602043  0.564078 0.819237 1 6 1.000000
0  -0.758229 -4.399107 72.595215  -0.238139 -0.793268 0.560371  0.594123 0.779896 1 6 1.000000
heavy_cap
0  -1.892959 -3.936803 72.551064  -0.423259 -0.695883 0.580171  0.546467 0.747192 1 6 1.000000
0  -0.758229 -4.399107 72.595215  -0.238139 -0.793268 0.560371  0.594123 0.779896 1 6 1.000000
0  -0.704782 -3.851574 73.357445  -0.268186 -0.752078 0.602043  0.564078 0.819237 1 6 1.000000
heavy_cap
0  -1.892959 -3.936803 72.551064  -0.423259 -0.695883 0.580171  0.546467 0.747192 1 6 1.000000
0  -0.704782 -3.851574 73.357445  -0.268186 -0.752078 0.602043  0.564078 0.819237 1 6 1.000000
0  -1.738369 -3.403466 73.263283  -0.438731 -0.648614 0.621944  0.514658 0.780723 1 6 1.000000
heavy_cap
0  -2.809939 -3.266498 72.467911  -0.588315 -0.556399 0.586776  0.506486 0.715173 1 6 1.000000
0  -1.892959 -3.936803 72.551064  -0.423259 -0.695883 0.580171  0.546467 0.747192 1 6 1.000000
0  -1.738369 -3.403466 73.263283  -0.438731 -0.648614 0.621944  0.514658 0.780723 1 6 1.000000
heavy_cap
0  -2.809939 -3.266498 72.467911  -0.588315 -0.556399 0.586776  0.506486 0.715173 1 6 1.000000
0  -1.738369 -3.403466 73.263283  -0.438731 -0.648614 0.621944  0.514658 0.780723 1 6 1.000000
0  -2.575707 -2.799463 73.097061  -0.584243 -0.516592 0.625933  0.476054 0.740810 1 6 1.000000
heavy_cap
0  -3.295989 -2.655069 72.383995  -0.766843 -0.363150 0.529220  0.481371 0.692889 1 6 1.000000
0  -2.809939 -3.266498 72.467911  -0.588315 -0.556399 0.586776  0.506486 0.715173 1 6 1.000000
0  -2.575707 -2.799463 73.097061  -0.584243 -0.516592 0.625933  0.476054 0.740810 1 6 1.000000
heavy_cap
0  -3.295989 -2.655069 72.383995  -0.766843 -0.363150 0.529220  0.481371 0.692889 1 6 1.000000
0  -2.575707 -2.799463 73.097061  -0.584243 -0.516592 0.625933  0.476054 0.740810 1 6 1.000000
0  -3.043642 -2.322225 72.944717  -0.738584 -0.355117 0.573050  0.456140 0.713014 1 6 1.000000
heavy_cap
0  -3.295989 -2.655069 72.383995  -0.766843 -0.363150 0.529220  0.481371 0.692889 1 6 1.000000
0  -3.043642 -2.322225 72.944717  -0.738584 -0.355117 0.573050  0.456140 0.713014 1 6 1.000000
0  -3.411699 -1.677176 72.702682  -0.842474 -0.193335 0.502852  0.438296 0.681503 1 6 1.000000
heavy_cap
0  -3.411699 -1.677176 72.702682  -0.842474 -0.193335 0.502852  0.438296 0.681503 1 6 1.000000
0  -3.043642 -2.322225 72.944717  -0.738584 -0.355117 0.573050  0.456140 0.713014 1 6 1.000000
0  -3.010839 -2.274121 72.985558  -0.161634 0.225764 0.960680  0.453030 0.714595 1 6 1.000000
heavy_cap
0  -3.411699 -1.677176 72.702682  -0.842474 -0.193335 0.502852  0.438296 0.681503 1 6 1.000000
0  -3.010839 -2.274121 72.985558  -0.161634 0.225764 0.960680  0.453030 0.714595 1 6 1.000000
0  -3.372857 -1.647229 72.740219  -0.173872 0.333036 0.926745  0.435771 0.682757 1 6 1.000000
heavy_cap
0  -3.372857 -1.647229 72.740219  -0.173872 0.333036 0.926745  0.435771 0.682757 1 6 1.000000
0  -3.010839 -2.274121 72.985558  -0.161634 0.225764 0.960680  0.453030 0.714595 1 6 1.000000
0  -2.678646 -1.801332 72.868584  -0.049751 0.350795 0.935130  0.418771 0.720083 1 6 1.000000
heavy_cap
0  -3.372857 -1.647229 72.740219  -0.173872 0.333036 0.926745  0.435771 0.682757 1 6 1.000000
0  -2.678646 -1.801332 72.868584  -0.049751 0.350795 0.935130  0.418771 0.720083 1 6 1.000000
0  -3.024140 -1.325317 72.630753  -0.038707 0.434818 0.899686  0.409457 0.681687 1 6 1.000000
heavy_cap
0  -2.671220 -1.780277 72.823784  0.765504 0.578452 -0.281776  0.415596 0.719436 1 6 1.000000
0  -3.024140 -1.325317 72.630753  -0.038707 0.434818 0.899686  0.409457 0.681687 1 6 1.000000
0  -2.678646 -1.801332 72.868584  -0.049751 0.350795 0.935130  0.418771 0.720083 1 6 1.000000
heavy_cap
0  -2.671220 -1.780277 72.823784  0.765504 0.578452 -0.281776  0.415596 0.719436 1 6 1.000000
0  -3.013573 -1.289208 72.585884  0.871668 0.365584 -0.326410  0.406850 0.679544 1 6 1.000000
0  -3.024140 -1.325317 72.630753  -0.038707 0.434818 0.899686  0.409457 0.681687 1 6 1.000000
heavy_cap
0  -3.013573 -1.289208 72.585884  0.871668 0.365584 -0.326410  0.406850 0.679544 1 6 1.000000
0  -3.224957 -0.885654 72.387512  0.004737 0.490362 0.871506  0.407796 0.651308 1 6 1.000000
0  -3.024140 -1.325317 72.630753  -0.038707 0.434818 0.899686  0.409457 0.681687 1 6 1.000000
heavy_cap
0  -3.013573 -1.289208 72.585884  0.871668 0.365584 -0.326410  0.406850 0.679544 1 6 1.000000
0  -3.213533 -0.850158 72.344063  0.907860 0.243030 -0.341652  0.406167 0.648354 1 6 1.000000
0  -3.224957 -0.885654 72.387512  0.004737 0.490362 0.871506  0.407796 0.651308 1 6 1.000000
heavy_cap
0  -3.598603 -1.044978 72.448013  -0.156039 0.407504 0.899773  0.427535 0.653301 1 6 1.000000
0  -3.024140 -1.325317 72.630753  -0.038707 0.434818 0.899686  0.409457 0.681687 1 6 1.000000
0  -3.224957 -0.885654 72.387512  0.004737 0.490362 0.871506  0.407796 0.651308 1 6 1.000000
heavy_cap
0  -3.598603 -1.044978 72.448013  -0.156039 0.407504 0.899773  0.427535 0.653301 1 6 1.000000
0  -3.372857 -1.647229 72.740219  -0.173872 0.333036 0.926745  0.435771 0.682757 1 6 1.000000
0  -3.024140 -1.325317 72.630753  -0.038707 0.434818 0.899686  0.409457 0.681687 1 6 1.000000
heavy_cap
0  -3.598603 -1.044978 72.448013  -0.156039 0.407504 0.899773  0.427535 0.653301 1 6 1.000000
0  -3.411699 -1.677176 72.702682  -0.842474 -0.193335 0.502852  0.438296 0.681503 1 6 1.000000
0  -3.372857 -1.647229 72.740219  -0.173872 0.333036 0.926745  0.435771 0.682757 1 6 1.000000
heavy_cap
0  -3.667963 -0.823230 72.329124  -0.113546 0.474148 0.873093  0.426700 0.643229 1 6 1.000000
0  -3.224957 -0.885654 72.387512  0.004737 0.490362 0.871506  0.407796 0.651308 1 6 1.000000
0  -3.288237 -0.720985 72.288414  0.109611 0.594529 0.796568  0.411837 0.640787 1 6 1.000000
heavy_cap
0  -3.667963 -0.823230 72.329124  -0.113546 0.474148 0.873093  0.426700 0.643229 1 6 1.000000
0  -3.598603 -1.044978 72.448013  -0.156039 0.407504 0.899773  0.427535 0.653301 1 6 1.000000
0  -3.224957 -0.885654 72.387512  0.004737 0.490362 0.871506  0.407796 0.651308 1 6 1.000000
heavy_cap
0  -3.667963 -0.823230 72.329124  -0.113546 0.474148 0.873093  0.426700 0.643229 1 6 1.000000
0  -3.643728 -1.047549 72.408478  -0.885821 -0.086894 0.455819  0.429463 0.651789 1 6 1.000000
0  -3.598603 -1.044978 72.448013  -0.156039 0.407504 0.899773  0.427535 0.653301 1 6 1.000000
heavy_cap
0  -3.598603 -1.044978 72.448013  -0.156039 0.407504 0.899773  0.427535 0.653301 1 6 1.000000
0  -3.643728 -1.047549 72.408478  -0.885821 -0.086894 0.455819  0.429463 0.651789 1 6 1.000000
0  -3.411699 -1.677176 72.702682  -0.842474 -0.193335 0.502852  0.438296 0.681503 1 6 1.000000
heavy_cap
0  -3.612516 -1.816833 72.263313  -0.875726 -0.191790 0.443081  0.455045 0.667880 1 6 1.000000
0  -3.411699 -1.677176 72.702682  -0.842474 -0.193335 0.502852  0.438296 0.681503 1 6 1.000000
0  -3.643728 -1.047549 72.408478  -0.885821 -0.086894 0.455819  0.429463 0.651789 1 6 1.000000
heavy_cap
0  -3.295989 -2.655069 72.383995  -0.766843 -0.363150 0.529220  0.481371 0.692889 1 6 1.000000
0  -3.411699 -1.677176 72.702682  -0.842474 -0.193335 0.502852  0.438296 0.681503 1 6 1.000000
0  -3.612516 -1.816833 72.263313  -0.875726 -0.191790 0.443081  0.455045 0.667880 1 6 1.000000
heavy_cap
0  -3.766943 -1.923236 71.901215  -0.906333 -0.184133 0.380336  0.466398 0.657452 1 6 1.000000
0  -3.295989 -2.655069 72.383995  -0.766843 -0.363150 0.529220  0.481371 0.692889 1 6 1.000000
0  -3.612516 -1.816833 72.263313  -0.875726 -0.191790 0.443081  0.455045 0.667880 1 6 1.000000
heavy_cap
0  -3.766943 -1.923236 71.901215  -0.906333 -0.184133 0.380336  0.466398 0.657452 1 6 1.000000
0  -3.480608 -2.894929 71.931396  -0.826929 -0.381133 0.413432  0.497358 0.678086 1 6 1.000000
0  -3.295989 -2.655069 72.383995  -0.766843 -0.363150 0.529220  0.481371 0.692889 1 6 1.000000
heavy_cap
0  -3.480608 -2.894929 71.931396  -0.826929 -0.381133 0.413432  0.497358 0.678086 1 6 1.000000
0  -2.809939 -3.266498 72.467911  -0.588315 -0.556399 0.586776  0.506486 0.715173 1 6 1.000000
0  -3.295989 -2.655069 72.383995  -0.766843 -0.363150 0.529220  0.481371 0.692889 1 6 1.000000
heavy_cap
0  -3.480608 -2.894929 71.931396  -0.826929 -0.381133 0.413432  0.497358 0.678086 1 6 1.000000
0  -2.981584 -3.600401 71.958572  -0.628597 -0.632231 0.452934  0.525271 0.696242 1 6 1.000000
0  -2.809939 -3.266498 72.467911  -0.588315 -0.556399 0.586776  0.506486 0.715173 1 6 1.000000
heavy_cap
0  -2.981584 -3.600401 71.958572  -0.628597 -0.632231 0.452934  0.525271 0.696242 1 6 1.000000
0  -1.892959 -3.936803 72.551064  -0.423259 -0.695883 0.580171  0.546467 0.747192 1 6 1.000000
0  -2.809939 -3.266498 72.467911  -0.588315 -0.556399 0.586776  0.506486 0.715173 1 6 1.000000
heavy_cap
0  -2.981584 -3.600401 71.958572  -0.628597 -0.632231 0.452934  0.525271 0.696242 1 6 1.000000
0  -2.007401 -4.320075 71.983902  -0.434412 -0.774331 0.460107  0.566438 0.723432 1 6 1.000000
0  -1.892959 -3.936803 72.551064  -0.423259 -0.695883 0.580171  0.546467 0.747192 1 6 1.000000
heavy_cap
0  -2.007401 -4.320075 71.983902  -0.434412 -0.774331 0.460107  0.566438 0.723432 1 6 1.000000
0  -0.758229 -4.399107 72.595215  -0.238139 -0.793268 0.560371  0.594123 0.779896 1 6 1.000000
0  -1.892959 -3.936803 72.551064  -0.423259 -0.695883 0.580171  0.546467 0.747192 1 6 1.000000
heavy_cap
0  -2.007401 -4.320075 71.983902  -0.434412 -0.774331 0.460107  0.566438 0.723432 1 6 1.000000
0  -0.752475 -4.806655 71.994713  -0.251105 -0.847860 0.466990  0.615591 0.754156 1 6 1.000000
0  -0.758229 -4.399107 72.595215  -0.238139 -0.793268 0.560371  0.594123 0.779896 1 6 1.000000
heavy_cap
0  -0.006571 -4.464428 72.597214  -0.000000 -0.826628 0.562749  0.624357 0.800470 1 6 1.000000
0  -0.758229 -4.399107 72.595215  -0.238139 -0.793268 0.560371  0.594123 0.779896 1 6 1.000000
0  -0.752475 -4.806655 71.994713  -0.251105 -0.847860 0.466990  0.615591 0.754156 1 6 1.000000
heavy_cap
0  -0.006571 -4.464428 72.597214  -0.000000 -0.826628 0.562749  0.624357 0.800470 1 6 1.000000
0  -0.752475 -4.806655 71.994713  -0.251105 -0.847860 0.466990  0.615591 0.754156 1 6 1.000000
0  -0.006569 -4.925261 71.990761  -0.000001 -0.862545 0.505981  0.644097 0.771054 1 6 1.000000
heavy_cap
0  -0.006571 -4.464428 72.597214  -0.000000 -0.826628 0.562749  0.624357 0.800470 1 6 1.000000
0  -0.006569 -4.925261 71.990761  -0.000001 -0.862545 0.505981  0.644097 0.771054 1 6 1.000000
0  0.739337 -4.806654 71.994713  0.253865 -0.847812 0.465583  0.670645 0.791052 1 6 1.000000
heavy_cap
0  0.501515 -5.222158 71.175369  0.164846 -0.933845 0.317425  0.682312 0.752078 1 6 1.000000
0  0.739337 -4.806654 71.994713  0.253865 -0.847812 0.465583  0.670645 0.791052 1 6 1.000000
0  -0.006569 -4.925261 71.990761  -0.000001 -0.862545 0.505981  0.644097 0.771054 1 6 1.000000
heavy_cap
0  -3.612516 -1.816833 72.263313  -0.875726 -0.191790 0.443081  0.455045 0.667880 1 6 1.000000
0  -3.875920 -1.037592 71.875633  -0.928119 -0.102090 0.358013  0.443911 0.637405 1 6 1.000000
0  -3.766943 -1.923236 71.901215  -0.906333 -0.184133 0.380336  0.466398 0.657452 1 6 1.000000
heavy_cap
0  -3.373836 -0.593444 72.192528  0.040448 0.662897 0.747617  0.415341 0.634503 1 6 1.000000
0  -3.288237 -0.720985 72.288414  0.109611 0.594529 0.796568  0.411837 0.640787 1 6 1.000000
0  -3.362901 -0.594708 72.133049  0.906051 0.319928 -0.276981  0.414090 0.632375 1 6 1.000000
heavy_cap
0  -3.373836 -0.593444 72.192528  0.040448 0.662897 0.747617  0.415341 0.634503 1 6 1.000000
0  -3.667963 -0.823230 72.329124  -0.113546 0.474148 0.873093  0.426700 0.643229 1 6 1.000000
0  -3.288237 -0.720985 72.288414  0.109611 0.594529 0.796568  0.411837 0.640787 1 6 1.000000
heavy_cap
0  -3.856743 -0.488955 71.993996  -0.095869 0.930321 0.353994  0.430512 0.628501 1 6 1.000000
0  -3.527488 -0.448969 71.843117  0.089379 0.984703 -0.149570  0.422602 0.622604 1 6 1.000000
0  -3.927939 -0.469492 71.839531  -0.096858 0.986816 -0.129665  0.433121 0.625159 1 6 1.000000
heavy_cap
0  -3.856743 -0.488955 71.993996  -0.095869 0.930321 0.353994  0.430512 0.628501 1 6 1.000000
0  -3.927939 -0.469492 71.839531  -0.096858 0.986816 -0.129665  0.433121 0.625159 1 6 1.000000
0  -3.938058 -0.490300 71.842224  -0.940250 -0.011001 0.340308  0.433599 0.625536 1 6 1.000000
heavy_cap
0  -3.856743 -0.488955 71.993996  -0.095869 0.930321 0.353994  0.430512 0.628501 1 6 1.000000
0  -3.938058 -0.490300 71.842224  -0.940250 -0.011001 0.340308  0.433599 0.625536 1 6 1.000000
0  -3.864863 -0.512699 72.004730  -0.897073 0.017089 0.441552  0.430871 0.629099 1 6 1.000000
heavy_cap
0  -3.864863 -0.512699 72.004730  -0.897073 0.017089 0.441552  0.430871 0.629099 1 6 1.000000
0  -3.938058 -0.490300 71.842224  -0.940250 -0.011001 0.340308  0.433599 0.625536 1 6 1.000000
0  -3.915373 -0.695809 71.860626  -0.932533 -0.082813 0.351459  0.437149 0.629811 1 6 1.000000
heavy_cap
0  -3.864863 -0.512699 72.004730  -0.897073 0.017089 0.441552  0.430871 0.629099 1 6 1.000000
0  -3.915373 -0.695809 71.860626  -0.932533 -0.082813 0.351459  0.437149 0.629811 1 6 1.000000
0  -3.821167 -0.721758 72.078369  -0.909291 -0.063804 0.411242  0.432638 0.635046 1 6 1.000000
heavy_cap
0  -3.821167 -0.721758 72.078369  -0.909291 -0.063804 0.411242  0.432638 0.635046 1 6 1.000000
0  -3.915373 -0.695809 71.860626  -0.932533 -0.082813 0.351459  0.437149 0.629811 1 6 1.000000
0  -3.875920 -1.037592 71.875633  -0.928119 -0.102090 0.358013  0.443911 0.637405 1 6 1.000000
heavy_cap
0  -3.821167 -0.721758 72.078369  -0.909291 -0.063804 0.411242  0.432638 0.635046 1 6 1.000000
0  -3.875920 -1.037592 71.875633  -0.928119 -0.102090 0.358013  0.443911 0.637405 1 6 1.000000
0  -3.766495 -1.028370 72.138344  -0.912202 -0.106053 0.395777  0.437182 0.643980 1 6 1.000000
heavy_cap
0  -3.612516 -1.816833 72.263313  -0.875726 -0.191790 0.443081  0.455045 0.667880 1 6 1.000000
0  -3.766495 -1.028370 72.138344  -0.912202 -0.106053 0.395777  0.437182 0.643980 1 6 1.000000
0  -3.875920 -1.037592 71.875633  -0.928119 -0.102090 0.358013  0.443911 0.637405 1 6 1.000000
heavy_cap
0  -3.612516 -1.816833 72.263313  -0.875726 -0.191790 0.443081  0.455045 0.667880 1 6 1.000000
0  -3.643728 -1.047549 72.408478  -0.885821 -0.086894 0.455819  0.429463 0.651789 1 6 1.000000
0  -3.766495 -1.028370 72.138344  -0.912202 -0.106053 0.395777  0.437182 0.643980 1 6 1.000000
heavy_cap
0  -3.714352 -0.807685 72.288200  -0.876146 -0.016641 0.481759  0.428285 0.641597 1 6 1.000000
0  -3.766495 -1.028370 72.138344  -0.912202 -0.106053 0.395777  0.437182 0.643980 1 6 1.000000
0  -3.643728 -1.047549 72.408478  -0.885821 -0.086894 0.455819  0.429463 0.651789 1 6 1.000000
heavy_cap
0  -3.667963 -0.823230 72.329124  -0.113546 0.474148 0.873093  0.426700 0.643229 1 6 1.000000
0  -3.714352 -0.807685 72.288200  -0.876146 -0.016641 0.481759  0.428285 0.641597 1 6 1.000000
0  -3.643728 -1.047549 72.408478  -0.885821 -0.086894 0.455819  0.429463 0.651789 1 6 1.000000
heavy_cap
0  -3.722635 -0.666273 72.231743  -0.136634 0.594107 0.792696  0.427122 0.636830 1 6 1.000000
0  -3.714352 -0.807685 72.288200  -0.876146 -0.016641 0.481759  0.428285 0.641597 1 6 1.000000
0  -3.667963 -0.823230 72.329124  -0.113546 0.474148 0.873093  0.426700 0.643229 1 6 1.000000
heavy_cap
0  -3.373836 -0.593444 72.192528  0.040448 0.662897 0.747617  0.415341 0.634503 1 6 1.000000
0  -3.722635 -0.666273 72.231743  -0.136634 0.594107 0.792696  0.427122 0.636830 1 6 1.000000
0  -3.667963 -0.823230 72.329124  -0.113546 0.474148 0.873093  0.426700 0.643229 1 6 1.000000
heavy_cap
0  -3.722635 -0.666273 72.231743  -0.136634 0.594107 0.792696  0.427122 0.636830 1 6 1.000000
0  -3.373836 -0.593444 72.192528  0.040448 0.662897 0.747617  0.415341 0.634503 1 6 1.000000
0  -3.408883 -0.547094 72.127213  0.005976 0.833291 0.552803  0.416580 0.631542 1 6 1.000000
heavy_cap
0  -3.373836 -0.593444 72.192528  0.040448 0.662897 0.747617  0.415341 0.634503 1 6 1.000000
0  -3.362901 -0.594708 72.133049  0.906051 0.319928 -0.276981  0.414090 0.632375 1 6 1.000000
0  -3.408883 -0.547094 72.127213  0.005976 0.833291 0.552803  0.416580 0.631542 1 6 1.000000
heavy_cap
0  -3.408883 -0.547094 72.127213  0.005976 0.833291 0.552803  0.416580 0.631542 1 6 1.000000
0  -3.362901 -0.594708 72.133049  0.906051 0.319928 -0.276981  0.414090 0.632375 1 6 1.000000
0  -3.398357 -0.552888 72.053200  0.901366 0.356233 -0.246247  0.415800 0.628719 1 6 1.000000
heavy_cap
0  -3.408883 -0.547094 72.127213  0.005976 0.833291 0.552803  0.416580 0.631542 1 6 1.000000
0  -3.398357 -0.552888 72.053200  0.901366 0.356233 -0.246247  0.415800 0.628719 1 6 1.000000
0  -3.466370 -0.461741 71.990730  0.104114 0.938356 0.329619  0.420040 0.626719 1 6 1.000000
heavy_cap
0  -3.466370 -0.461741 71.990730  0.104114 0.938356 0.329619  0.420040 0.626719 1 6 1.000000
0  -3.398357 -0.552888 72.053200  0.901366 0.356233 -0.246247  0.415800 0.628719 1 6 1.000000
0  -3.494032 -0.497929 71.856949  0.894910 0.304784 -0.325951  0.420637 0.622144 1 6 1.000000
heavy_cap
0  -3.466370 -0.461741 71.990730  0.104114 0.938356 0.329619  0.420040 0.626719 1 6 1.000000
0  -3.494032 -0.497929 71.856949  0.894910 0.304784 -0.325951  0.420637 0.622144 1 6 1.000000
0  -3.527488 -0.448969 71.843117  0.089379 0.984703 -0.149570  0.422602 0.622604 1 6 1.000000
heavy_cap
0  -3.856743 -0.488955 71.993996  -0.095869 0.930321 0.353994  0.430512 0.628501 1 6 1.000000
0  -3.466370 -0.461741 71.990730  0.104114 0.938356 0.329619  0.420040 0.626719 1 6 1.000000
0  -3.527488 -0.448969 71.843117  0.089379 0.984703 -0.149570  0.422602 0.622604 1 6 1.000000
heavy_cap
0  -3.772003 -0.593036 72.141815  -0.086756 0.784607 0.613894  0.428403 0.633382 1 6 1.000000
0  -3.466370 -0.461741 71.990730  0.104114 0.938356 0.329619  0.420040 0.626719 1 6 1.000000
0  -3.856743 -0.488955 71.993996  -0.095869 0.930321 0.353994  0.430512 0.628501 1 6 1.000000
heavy_cap
0  -3.772003 -0.593036 72.141815  -0.086756 0.784607 0.613894  0.428403 0.633382 1 6 1.000000
0  -3.856743 -0.488955 71.993996  -0.095869 0.930321 0.353994  0.430512 0.628501 1 6 1.000000
0  -3.864863 -0.512699 72.004730  -0.897073 0.017089 0.441552  0.430871 0.629099 1 6 1.000000
heavy_cap
0  -3.772003 -0.593036 72.141815  -0.086756 0.784607 0.613894  0.428403 0.633382 1 6 1.000000
0  -3.864863 -0.512699 72.004730  -0.897073 0.017089 0.441552  0.430871 0.629099 1 6 1.000000
0  -3.780204 -0.616372 72.155891  -0.855505 0.066399 0.513519  0.428739 0.634121 1 6 1.000000
heavy_cap
0  -3.780204 -0.616372 72.155891  -0.855505 0.066399 0.513519  0.428739 0.634121 1 6 1.000000
0  -3.864863 -0.512699 72.004730  -0.897073 0.017089 0.441552  0.430871 0.629099 1 6 1.000000
0  -3.821167 -0.721758 72.078369  -0.909291 -0.063804 0.411242  0.432638 0.635046 1 6 1.000000
heavy_cap
0  -3.780204 -0.616372 72.155891  -0.855505 0.066399 0.513519  0.428739 0.634121 1 6 1.000000
0  -3.821167 -0.721758 72.078369  -0.909291 -0.063804 0.411242  0.432638 0.635046 1 6 1.000000
0  -3.714352 -0.807685 72.288200  -0.876146 -0.016641 0.481759  0.428285 0.641597 1 6 1.000000
heavy_cap
0  -3.714352 -0.807685 72.288200  -0.876146 -0.016641 0.481759  0.428285 0.641597 1 6 1.000000
0  -3.821167 -0.721758 72.078369  -0.909291 -0.063804 0.411242  0.432638 0.635046 1 6 1.000000
0  -3.766495 -1.028370 72.138344  -0.912202 -0.106053 0.395777  0.437182 0.643980 1 6 1.000000
heavy_cap
0  -3.772003 -0.593036 72.141815  -0.086756 0.784607 0.613894  0.428403 0.633382 1 6 1.000000
0  -3.408883 -0.547094 72.127213  0.005976 0.833291 0.552803  0.416580 0.631542 1 6 1.000000
0  -3.466370 -0.461741 71.990730  0.104114 0.938356 0.329619  0.420040 0.626719 1 6 1.000000
heavy_cap
0  -3.722635 -0.666273 72.231743  -0.136634 0.594107 0.792696  0.427122 0.636830 1 6 1.000000
0  -3.408883 -0.547094 72.127213  0.005976 0.833291 0.552803  0.416580 0.631542 1 6 1.000000
0  -3.772003 -0.593036 72.141815  -0.086756 0.784607 0.613894  0.428403 0.633382 1 6 1.000000
heavy_cap
0  -3.780204 -0.616372 72.155891  -0.855505 0.066399 0.513519  0.428739 0.634121 1 6 1.000000
0  -3.722635 -0.666273 72.231743  -0.136634 0.594107 0.792696  0.427122 0.636830 1 6 1.000000
0  -3.772003 -0.593036 72.141815  -0.086756 0.784607 0.613894  0.428403 0.633382 1 6 1.000000
heavy_cap
0  -3.722635 -0.666273 72.231743  -0.136634 0.594107 0.792696  0.427122 0.636830 1 6 1.000000
0  -3.780204 -0.616372 72.155891  -0.855505 0.066399 0.513519  0.428739 0.634121 1 6 1.000000
0  -3.714352 -0.807685 72.288200  -0.876146 -0.016641 0.481759  0.428285 0.641597 1 6 1.000000
heavy_cap
0  -4.119903 -1.169780 71.174690  -0.959240 -0.107803 0.261221  0.459945 0.621842 1 6 1.000000
0  -3.766943 -1.923236 71.901215  -0.906333 -0.184133 0.380336  0.466398 0.657452 1 6 1.000000
0  -3.875920 -1.037592 71.875633  -0.928119 -0.102090 0.358013  0.443911 0.637405 1 6 1.000000
heavy_cap
0  -4.152257 -0.831099 71.174690  -0.962700 -0.082759 0.257604  0.452029 0.616268 1 6 1.000000
0  -4.119903 -1.169780 71.174690  -0.959240 -0.107803 0.261221  0.459945 0.621842 1 6 1.000000
0  -3.875920 -1.037592 71.875633  -0.928119 -0.102090 0.358013  0.443911 0.637405 1 6 1.000000
heavy_cap
0  -4.152257 -0.831099 71.174690  -0.962700 -0.082759 0.257604  0.452029 0.616268 1 6 1.000000
0  -3.875920 -1.037592 71.875633  -0.928119 -0.102090 0.358013  0.443911 0.637405 1 6 1.000000
0  -3.915373 -0.695809 71.860626  -0.932533 -0.082813 0.351459  0.437149 0.629811 1 6 1.000000
heavy_cap
0  -4.165802 -0.635056 71.174698  -0.969664 0.001566 0.244438  0.447618 0.613184 1 6 1.000000
0  -4.152257 -0.831099 71.174690  -0.962700 -0.082759 0.257604  0.452029 0.616268 1 6 1.000000
0  -3.915373 -0.695809 71.860626  -0.932533 -0.082813 0.351459  0.437149 0.629811 1 6 1.000000
heavy_cap
0  -4.165802 -0.635056 71.174698  -0.969664 0.001566 0.244438  0.447618 0.613184 1 6 1.000000
0  -3.915373 -0.695809 71.860626  -0.932533 -0.082813 0.351459  0.437149 0.629811 1 6 1.000000
0  -3.938058 -0.490300 71.842224  -0.940250 -0.011001 0.340308  0.433599 0.625536 1 6 1.000000
heavy_cap
0  -4.151971 -0.615186 71.174698  -0.119179 0.968781 -0.217395  0.447047 0.612867 1 6 1.000000
0  -4.165802 -0.635056 71.174698  -0.969664 0.001566 0.244438  0.447618 0.613184 1 6 1.000000
0  -3.938058 -0.490300 71.842224  -0.940250 -0.011001 0.340308  0.433599 0.625536 1 6 1.000000
heavy_cap
0  -4.151971 -0.615186 71.174698  -0.119179 0.968781 -0.217395  0.447047 0.612867 1 6 1.000000
0  -3.938058 -0.490300 71.842224  -0.940250 -0.011001 0.340308  0.433599 0.625536 1 6 1.000000
0  -3.927939 -0.469492 71.839531  -0.096858 0.986816 -0.129665  0.433121 0.625159 1 6 1.000000
heavy_cap
0  -3.927939 -0.469492 71.839531  -0.096858 0.986816 -0.129665  0.433121 0.625159 1 6 1.000000
0  -3.711087 -0.579485 71.175636  0.002001 0.972202 -0.234134  0.436004 0.606769 1 6 1.000000
0  -4.151971 -0.615186 71.174698  -0.119179 0.968781 -0.217395  0.447047 0.612867 1 6 1.000000
heavy_cap
0  -3.927939 -0.469492 71.839531  -0.096858 0.986816 -0.129665  0.433121 0.625159 1 6 1.000000
0  -3.527488 -0.448969 71.843117  0.089379 0.984703 -0.149570  0.422602 0.622604 1 6 1.000000
0  -3.711087 -0.579485 71.175636  0.002001 0.972202 -0.234134  0.436004 0.606769 1 6 1.000000
heavy_cap
0  -3.527488 -0.448969 71.843117  0.089379 0.984703 -0.149570  0.422602 0.622604 1 6 1.000000
0  -3.699336 -0.617020 71.171021  0.932163 0.223811 -0.284571  0.435322 0.605752 1 6 1.000000
0  -3.711087 -0.579485 71.175636  0.002001 0.972202 -0.234134  0.436004 0.606769 1 6 1.000000
heavy_cap
0  -3.527488 -0.448969 71.843117  0.089379 0.984703 -0.149570  0.422602 0.622604 1 6 1.000000
0  -3.494032 -0.497929 71.856949  0.894910 0.304784 -0.325951  0.420637 0.622144 1 6 1.000000
0  -3.699336 -0.617020 71.171021  0.932163 0.223811 -0.284571  0.435322 0.605752 1 6 1.000000
heavy_cap
0  -3.479100 -0.567412 71.864700  0.923668 0.212880 -0.318621  0.418373 0.621102 1 6 1.000000
0  -3.699336 -0.617020 71.171021  0.932163 0.223811 -0.284571  0.435322 0.605752 1 6 1.000000
0  -3.494032 -0.497929 71.856949  0.894910 0.304784 -0.325951  0.420637 0.622144 1 6 1.000000
heavy_cap
0  -3.479100 -0.567412 71.864700  0.923668 0.212880 -0.318621  0.418373 0.621102 1 6 1.000000
0  -3.494032 -0.497929 71.856949  0.894910 0.304784 -0.325951  0.420637 0.622144 1 6 1.000000
0  -3.398357 -0.552888 72.053200  0.901366 0.356233 -0.246247  0.415800 0.628719 1 6 1.000000
heavy_cap
0  -3.479100 -0.567412 71.864700  0.923668 0.212880 -0.318621  0.418373 0.621102 1 6 1.000000
0  -3.398357 -0.552888 72.053200  0.901366 0.356233 -0.246247  0.415800 0.628719 1 6 1.000000
0  -3.392481 -0.637059 72.034966  0.903755 0.171411 -0.392232  0.411792 0.627501 1 6 1.000000
heavy_cap
0  -3.392481 -0.637059 72.034966  0.903755 0.171411 -0.392232  0.411792 0.627501 1 6 1.000000
0  -3.398357 -0.552888 72.053200  0.901366 0.356233 -0.246247  0.415800 0.628719 1 6 1.000000
0  -3.362901 -0.594708 72.133049  0.906051 0.319928 -0.276981  0.414090 0.632375 1 6 1.000000
heavy_cap
0  -3.392481 -0.637059 72.034966  0.903755 0.171411 -0.392232  0.411792 0.627501 1 6 1.000000
0  -3.362901 -0.594708 72.133049  0.906051 0.319928 -0.276981  0.414090 0.632375 1 6 1.000000
0  -3.213533 -0.850158 72.344063  0.907860 0.243030 -0.341652  0.406167 0.648354 1 6 1.000000
heavy_cap
0  -3.213533 -0.850158 72.344063  0.907860 0.243030 -0.341652  0.406167 0.648354 1 6 1.000000
0  -3.362901 -0.594708 72.133049  0.906051 0.319928 -0.276981  0.414090 0.632375 1 6 1.000000
0  -3.288237 -0.720985 72.288414  0.109611 0.594529 0.796568  0.411837 0.640787 1 6 1.000000
heavy_cap
0  -3.213533 -0.850158 72.344063  0.907860 0.243030 -0.341652  0.406167 0.648354 1 6 1.000000
0  -3.288237 -0.720985 72.288414  0.109611 0.594529 0.796568  0.411837 0.640787 1 6 1.000000
0  -3.224957 -0.885654 72.387512  0.004737 0.490362 0.871506  0.407796 0.651308 1 6 1.000000
heavy_cap
0  -3.479100 -0.567412 71.864700  0.923668 0.212880 -0.318621  0.418373 0.621102 1 6 1.000000
0  -3.732465 -0.733301 70.995743  0.953082 0.129147 -0.273779  0.437895 0.599553 1 6 1.000000
0  -3.699336 -0.617020 71.171021  0.932163 0.223811 -0.284571  0.435322 0.605752 1 6 1.000000
heavy_cap
0  -3.372080 -0.792996 72.017700  0.912993 0.227806 -0.338450  0.402261 0.624458 1 6 1.000000
0  -3.732465 -0.733301 70.995743  0.953082 0.129147 -0.273779  0.437895 0.599553 1 6 1.000000
0  -3.479100 -0.567412 71.864700  0.923668 0.212880 -0.318621  0.418373 0.621102 1 6 1.000000
heavy_cap
0  -3.392481 -0.637059 72.034966  0.903755 0.171411 -0.392232  0.411792 0.627501 1 6 1.000000
0  -3.372080 -0.792996 72.017700  0.912993 0.227806 -0.338450  0.402261 0.624458 1 6 1.000000
0  -3.479100 -0.567412 71.864700  0.923668 0.212880 -0.318621  0.418373 0.621102 1 6 1.000000
heavy_cap
0  -3.392481 -0.637059 72.034966  0.903755 0.171411 -0.392232  0.411792 0.627501 1 6 1.000000
0  -3.213533 -0.850158 72.344063  0.907860 0.243030 -0.341652  0.406167 0.648354 1 6 1.000000
0  -3.372080 -0.792996 72.017700  0.912993 0.227806 -0.338450  0.402261 0.624458 1 6 1.000000
heavy_cap
0  -4.281428 -0.843295 70.412872  -0.993944 0.005427 0.109757  0.463591 0.598002 1 6 1.000000
0  -4.268045 -1.025833 70.412872  -0.987321 -0.091109 0.129990  0.467821 0.600763 1 6 1.000000
0  -4.152257 -0.831099 71.174690  -0.962700 -0.082759 0.257604  0.452029 0.616268 1 6 1.000000
heavy_cap
0  -4.281428 -0.843295 70.412872  -0.993944 0.005427 0.109757  0.463591 0.598002 1 6 1.000000
0  -4.152257 -0.831099 71.174690  -0.962700 -0.082759 0.257604  0.452029 0.616268 1 6 1.000000
0  -4.165802 -0.635056 71.174698  -0.969664 0.001566 0.244438  0.447618 0.613184 1 6 1.000000
heavy_cap
0  -4.267147 -0.824118 70.412872  -0.109293 0.955943 -0.272447  0.463037 0.597654 1 6 1.000000
0  -4.281428 -0.843295 70.412872  -0.993944 0.005427 0.109757  0.463591 0.598002 1 6 1.000000
0  -4.165802 -0.635056 71.174698  -0.969664 0.001566 0.244438  0.447618 0.613184 1 6 1.000000
heavy_cap
0  -4.267147 -0.824118 70.412872  -0.109293 0.955943 -0.272447  0.463037 0.597654 1 6 1.000000
0  -4.165802 -0.635056 71.174698  -0.969664 0.001566 0.244438  0.447618 0.613184 1 6 1.000000
0  -4.151971 -0.615186 71.174698  -0.119179 0.968781 -0.217395  0.447047 0.612867 1 6 1.000000
heavy_cap
0  -4.151971 -0.615186 71.174698  -0.119179 0.968781 -0.217395  0.447047 0.612867 1 6 1.000000
0  -3.818348 -0.789111 70.413353  0.122755 0.947297 -0.295906  0.452838 0.587734 1 6 1.000000
0  -4.267147 -0.824118 70.412872  -0.109293 0.955943 -0.272447  0.463037 0.597654 1 6 1.000000
heavy_cap
0  -4.151971 -0.615186 71.174698  -0.119179 0.968781 -0.217395  0.447047 0.612867 1 6 1.000000
0  -3.711087 -0.579485 71.175636  0.002001 0.972202 -0.234134  0.436004 0.606769 1 6 1.000000
0  -3.818348 -0.789111 70.413353  0.122755 0.947297 -0.295906  0.452838 0.587734 1 6 1.000000
heavy_cap
0  -3.818348 -0.789111 70.413353  0.122755 0.947297 -0.295906  0.452838 0.587734 1 6 1.000000
0  -3.711087 -0.579485 71.175636  0.002001 0.972202 -0.234134  0.436004 0.606769 1 6 1.000000
0  -3.699336 -0.617020 71.171021  0.932163 0.223811 -0.284571  0.435322 0.605752 1 6 1.000000
heavy_cap
0  -3.818348 -0.789111 70.413353  0.122755 0.947297 -0.295906  0.452838 0.587734 1 6 1.000000
0  -3.699336 -0.617020 71.171021  0.932163 0.223811 -0.284571  0.435322 0.605752 1 6 1.000000
0  -3.811371 -0.891439 70.402023  0.994290 0.029070 -0.102679  0.451758 0.584631 1 6 1.000000
heavy_cap
0  -3.811371 -0.891439 70.402023  0.994290 0.029070 -0.102679  0.451758 0.584631 1 6 1.000000
0  -3.699336 -0.617020 71.171021  0.932163 0.223811 -0.284571  0.435322 0.605752 1 6 1.000000
0  -3.732465 -0.733301 70.995743  0.953082 0.129147 -0.273779  0.437895 0.599553 1 6 1.000000
heavy_cap
0  -3.811371 -0.891439 70.402023  0.994290 0.029070 -0.102679  0.451758 0.584631 1 6 1.000000
0  -3.732465 -0.733301 70.995743  0.953082 0.129147 -0.273779  0.437895 0.599553 1 6 1.000000
0  -3.749029 -0.959373 70.818504  0.913662 0.311283 -0.261391  0.438523 0.589219 1 6 1.000000
heavy_cap
0  -3.372080 -0.792996 72.017700  0.912993 0.227806 -0.338450  0.402261 0.624458 1 6 1.000000
0  -3.749029 -0.959373 70.818504  0.913662 0.311283 -0.261391  0.438523 0.589219 1 6 1.000000
0  -3.732465 -0.733301 70.995743  0.953082 0.129147 -0.273779  0.437895 0.599553 1 6 1.000000
heavy_cap
0  -3.236502 -1.424579 71.944458  0.819319 0.487182 -0.302275  0.385862 0.595310 1 6 1.000000
0  -3.749029 -0.959373 70.818504  0.913662 0.311283 -0.261391  0.438523 0.589219 1 6 1.000000
0  -3.372080 -0.792996 72.017700  0.912993 0.227806 -0.338450  0.402261 0.624458 1 6 1.000000
heavy_cap
0  -3.236502 -1.424579 71.944458  0.819319 0.487182 -0.302275  0.385862 0.595310 1 6 1.000000
0  -3.372080 -0.792996 72.017700  0.912993 0.227806 -0.338450  0.402261 0.624458 1 6 1.000000
0  -3.213533 -0.850158 72.344063  0.907860 0.243030 -0.341652  0.382907 0.632119 1 6 1.000000
heavy_cap
0  -3.236502 -1.424579 71.944458  0.819319 0.487182 -0.302275  0.385862 0.595310 1 6 1.000000
0  -3.213533 -0.850158 72.344063  0.907860 0.243030 -0.341652  0.382907 0.632119 1 6 1.000000
0  -3.013573 -1.289208 72.585884  0.871668 0.365584 -0.326410  0.354733 0.617111 1 6 1.000000
heavy_cap
0  -3.236502 -1.424579 71.944458  0.819319 0.487182 -0.302275  0.385862 0.595310 1 6 1.000000
0  -3.013573 -1.289208 72.585884  0.871668 0.365584 -0.326410  0.354733 0.617111 1 6 1.000000
0  -2.671220 -1.780277 72.823784  0.765504 0.578452 -0.281776  0.321791 0.593884 1 6 1.000000
heavy_cap
0  -2.671220 -1.780277 72.823784  0.765504 0.578452 -0.281776  0.321791 0.593884 1 6 1.000000
0  -2.146081 -2.895785 71.953316  0.599586 0.724632 -0.339714  0.337955 0.502173 1 6 1.000000
0  -3.236502 -1.424579 71.944458  0.819319 0.487182 -0.302275  0.385862 0.595310 1 6 1.000000
heavy_cap
0  -2.671220 -1.780277 72.823784  0.765504 0.578452 -0.281776  0.321791 0.593884 1 6 1.000000
0  -2.230662 -2.177916 72.971924  0.622324 0.677602 -0.391878  0.294396 0.565315 1 6 1.000000
0  -2.146081 -2.895785 71.953316  0.599586 0.724632 -0.339714  0.337955 0.502173 1 6 1.000000
heavy_cap
0  -2.230662 -2.177916 72.971924  0.622324 0.677602 -0.391878  0.294396 0.565315 1 6 1.000000
0  -1.429186 -2.722311 73.119171  0.467834 0.793407 -0.389406  0.252946 0.513972 1 6 1.000000
0  -2.146081 -2.895785 71.953316  0.599586 0.724632 -0.339714  0.337955 0.502173 1 6 1.000000
heavy_cap
0  -3.811371 -0.891439 70.402023  0.994290 0.029070 -0.102679  0.451758 0.584631 1 6 1.000000
0  -3.749029 -0.959373 70.818504  0.913662 0.311283 -0.261391  0.438523 0.589219 1 6 1.000000
0  -3.816104 -1.099640 70.381531  0.941615 0.302565 -0.147700  0.450155 0.578363 1 6 1.000000
heavy_cap
0  -3.475138 -1.927881 70.410301  0.819486 0.520216 -0.240452  0.438050 0.546788 1 6 1.000000
0  -3.816104 -1.099640 70.381531  0.941615 0.302565 -0.147700  0.450155 0.578363 1 6 1.000000
0  -3.749029 -0.959373 70.818504  0.913662 0.311283 -0.261391  0.438523 0.589219 1 6 1.000000
heavy_cap
0  -3.236502 -1.424579 71.944458  0.819319 0.487182 -0.302275  0.385862 0.595310 1 6 1.000000
0  -3.475138 -1.927881 70.410301  0.819486 0.520216 -0.240452  0.438050 0.546788 1 6 1.000000
0  -3.749029 -0.959373 70.818504  0.913662 0.311283 -0.261391  0.438523 0.589219 1 6 1.000000
heavy_cap
0  -3.475138 -1.927881 70.410301  0.819486 0.520216 -0.240452  0.438050 0.546788 1 6 1.000000
0  -3.236502 -1.424579 71.944458  0.819319 0.487182 -0.302275  0.385862 0.595310 1 6 1.000000
0  -2.146081 -2.895785 71.953316  0.599586 0.724632 -0.339714  0.337955 0.502173 1 6 1.000000
heavy_cap
0  -3.475138 -1.927881 70.410301  0.819486 0.520216 -0.240452  0.438050 0.546788 1 6 1.000000
0  -2.146081 -2.895785 71.953316  0.599586 0.724632 -0.339714  0.337955 0.502173 1 6 1.000000
0  -2.474232 -3.313857 70.412865  0.631653 0.722557 -0.280936  0.422111 0.464637 1 6 1.000000
heavy_cap
0  -2.146081 -2.895785 71.953316  0.599586 0.724632 -0.339714  0.337955 0.502173 1 6 1.000000
0  -0.800248 -4.189017 70.412865  0.378281 0.882341 -0.279959  0.381078 0.363116 1 6 1.000000
0  -2.474232 -3.313857 70.412865  0.631653 0.722557 -0.280936  0.422111 0.464637 1 6 1.000000
heavy_cap
0  -2.146081 -2.895785 71.953316  0.599586 0.724632 -0.339714  0.337955 0.502173 1 6 1.000000
0  -0.596945 -3.730718 71.971634  0.377783 0.859041 -0.345440  0.290801 0.408182 1 6 1.000000
0  -0.800248 -4.189017 70.412865  0.378281 0.882341 -0.279959  0.381078 0.363116 1 6 1.000000
heavy_cap
0  -0.596945 -3.730718 71.971634  0.377783 0.859041 -0.345440  0.290801 0.408182 1 6 1.000000
0  -0.006566 -4.354746 70.412865  -0.000000 0.956223 -0.292637  0.357011 0.318984 1 6 1.000000
0  -0.800248 -4.189017 70.412865  0.378281 0.882341 -0.279959  0.381078 0.363116 1 6 1.000000
heavy_cap
0  -0.596945 -3.730718 71.971634  0.377783 0.859041 -0.345440  0.290801 0.408182 1 6 1.000000
0  -0.006569 -3.865194 71.973633  0.000002 0.933422 -0.358781  0.272007 0.375671 1 6 1.000000
0  -0.006566 -4.354746 70.412865  -0.000000 0.956223 -0.292637  0.357011 0.318984 1 6 1.000000
heavy_cap
0  -0.800248 -4.189017 70.412865  0.378281 0.882341 -0.279959  0.381078 0.363116 1 6 1.000000
0  -2.494262 -3.561018 69.524765  0.643198 0.740296 -0.195594  0.470478 0.442650 1 6 1.000000
0  -2.474232 -3.313857 70.412865  0.631653 0.722557 -0.280936  0.422111 0.464637 1 6 1.000000
heavy_cap
0  -0.800248 -4.189017 70.412865  0.378281 0.882341 -0.279959  0.381078 0.363116 1 6 1.000000
0  -0.658466 -4.471756 69.524765  0.364130 0.899149 -0.242777  0.427039 0.325628 1 6 1.000000
0  -2.494262 -3.561018 69.524765  0.643198 0.740296 -0.195594  0.470478 0.442650 1 6 1.000000
heavy_cap
0  -0.006566 -4.354746 70.412865  -0.000000 0.956223 -0.292637  0.357011 0.318984 1 6 1.000000
0  -0.658466 -4.471756 69.524765  0.364130 0.899149 -0.242777  0.427039 0.325628 1 6 1.000000
0  -0.800248 -4.189017 70.412865  0.378281 0.882341 -0.279959  0.381078 0.363116 1 6 1.000000
heavy_cap
0  -0.006566 -4.354746 70.412865  -0.000000 0.956223 -0.292637  0.357011 0.318984 1 6 1.000000
0  -0.006564 -4.604560 69.524765  0.000001 0.959890 -0.280378  0.407336 0.287929 1 6 1.000000
0  -0.658466 -4.471756 69.524765  0.364130 0.899149 -0.242777  0.427039 0.325628 1 6 1.000000
heavy_cap
0  0.645338 -4.471756 69.524773  -0.364129 0.899147 -0.242787  0.382328 0.252718 1 6 1.000000
0  -0.006564 -4.604560 69.524765  0.000001 0.959890 -0.280378  0.407336 0.287929 1 6 1.000000
0  -0.006566 -4.354746 70.412865  -0.000000 0.956223 -0.292637  0.357011 0.318984 1 6 1.000000
heavy_cap
0  0.663903 -4.578243 69.154022  -0.378762 0.890877 -0.250755  0.403045 0.238074 1 6 1.000000
0  -0.006564 -4.604560 69.524765  0.000001 0.959890 -0.280378  0.407336 0.287929 1 6 1.000000
0  0.645338 -4.471756 69.524773  -0.364129 0.899147 -0.242787  0.382328 0.252718 1 6 1.000000
heavy_cap
0  2.427320 -3.687128 69.154030  -0.625488 0.767670 -0.139456  0.316667 0.139341 1 6 1.000000
0  0.663903 -4.578243 69.154022  -0.378762 0.890877 -0.250755  0.403045 0.238074 1 6 1.000000
0  0.645338 -4.471756 69.524773  -0.364129 0.899147 -0.242787  0.382328 0.252718 1 6 1.000000
heavy_cap
0  -1.429186 -2.722311 73.119171  0.467834 0.793407 -0.389406  0.252946 0.513972 1 6 1.000000
0  -0.596945 -3.730718 71.971634  0.377783 0.859041 -0.345440  0.290801 0.408182 1 6 1.000000
0  -2.146081 -2.895785 71.953316  0.599586 0.724632 -0.339714  0.337955 0.502173 1 6 1.000000
heavy_cap
0  -1.429186 -2.722311 73.119171  0.467834 0.793407 -0.389406  0.252946 0.513972 1 6 1.000000
0  -0.523875 -3.145326 73.199875  0.352942 0.848569 -0.394159  0.217962 0.456280 1 6 1.000000
0  -0.596945 -3.730718 71.971634  0.377783 0.859041 -0.345440  0.290801 0.408182 1 6 1.000000
heavy_cap
0  -0.006572 -3.265399 73.215828  0.000028 0.908482 -0.417925  0.199375 0.426404 1 6 1.000000
0  -0.596945 -3.730718 71.971634  0.377783 0.859041 -0.345440  0.290801 0.408182 1 6 1.000000
0  -0.523875 -3.145326 73.199875  0.352942 0.848569 -0.394159  0.217962 0.456280 1 6 1.000000
heavy_cap
0  -0.006572 -3.265399 73.215828  0.000028 0.908482 -0.417925  0.199375 0.426404 1 6 1.000000
0  -0.006569 -3.865194 71.973633  0.000002 0.933422 -0.358781  0.272007 0.375671 1 6 1.000000
0  -0.596945 -3.730718 71.971634  0.377783 0.859041 -0.345440  0.290801 0.408182 1 6 1.000000
heavy_cap
0  0.583807 -3.730718 71.971634  -0.377782 0.859041 -0.345441  0.248289 0.345949 1 6 1.000000
0  -0.006569 -3.865194 71.973633  0.000002 0.933422 -0.358781  0.272007 0.375671 1 6 1.000000
0  -0.006572 -3.265399 73.215828  0.000028 0.908482 -0.417925  0.199375 0.426404 1 6 1.000000
heavy_cap
0  -0.006566 -4.354746 70.412865  -0.000000 0.956223 -0.292637  0.357011 0.318984 1 6 1.000000
0  -0.006569 -3.865194 71.973633  0.000002 0.933422 -0.358781  0.272007 0.375671 1 6 1.000000
0  0.583807 -3.730718 71.971634  -0.377782 0.859041 -0.345441  0.248289 0.345949 1 6 1.000000
heavy_cap
0  -0.006566 -4.354746 70.412865  -0.000000 0.956223 -0.292637  0.357011 0.318984 1 6 1.000000
0  0.583807 -3.730718 71.971634  -0.377782 0.859041 -0.345441  0.248289 0.345949 1 6 1.000000
0  0.787116 -4.189016 70.412872  -0.378281 0.882340 -0.279963  0.326598 0.277827 1 6 1.000000
heavy_cap
0  0.645338 -4.471756 69.524773  -0.364129 0.899147 -0.242787  0.382328 0.252718 1 6 1.000000
0  -0.006566 -4.354746 70.412865  -0.000000 0.956223 -0.292637  0.357011 0.318984 1 6 1.000000
0  0.787116 -4.189016 70.412872  -0.378281 0.882340 -0.279963  0.326598 0.277827 1 6 1.000000
heavy_cap
0  2.481134 -3.561017 69.524780  -0.643189 0.740304 -0.195596  0.293552 0.151632 1 6 1.000000
0  0.645338 -4.471756 69.524773  -0.364129 0.899147 -0.242787  0.382328 0.252718 1 6 1.000000
0  0.787116 -4.189016 70.412872  -0.378281 0.882340 -0.279963  0.326598 0.277827 1 6 1.000000
heavy_cap
0  2.427320 -3.687128 69.154030  -0.625488 0.767670 -0.139456  0.316667 0.139341 1 6 1.000000
0  0.645338 -4.471756 69.524773  -0.364129 0.899147 -0.242787  0.382328 0.252718 1 6 1.000000
0  2.481134 -3.561017 69.524780  -0.643189 0.740304 -0.195596  0.293552 0.151632 1 6 1.000000
heavy_cap
0  3.538059 -2.119998 69.122581  -0.855665 0.514549 -0.055460  0.221046 0.054924 1 6 1.000000
0  2.427320 -3.687128 69.154030  -0.625488 0.767670 -0.139456  0.316667 0.139341 1 6 1.000000
0  2.481134 -3.561017 69.524780  -0.643189 0.740304 -0.195596  0.293552 0.151632 1 6 1.000000
heavy_cap
0  3.538059 -2.119998 69.122581  -0.855665 0.514549 -0.055460  0.221046 0.054924 1 6 1.000000
0  2.481134 -3.561017 69.524780  -0.643189 0.740304 -0.195596  0.293552 0.151632 1 6 1.000000
0  3.609825 -1.920042 69.538742  -0.862171 0.490811 -0.125563  0.192576 0.067324 1 6 1.000000
heavy_cap
0  3.609825 -1.920042 69.538742  -0.862171 0.490811 -0.125563  0.192576 0.067324 1 6 1.000000
0  2.481134 -3.561017 69.524780  -0.643189 0.740304 -0.195596  0.293552 0.151632 1 6 1.000000
0  2.461059 -3.313854 70.412880  -0.631673 0.722552 -0.280906  0.245384 0.187822 1 6 1.000000
heavy_cap
0  3.609825 -1.920042 69.538742  -0.862171 0.490811 -0.125563  0.192576 0.067324 1 6 1.000000
0  2.461059 -3.313854 70.412880  -0.631673 0.722552 -0.280906  0.245384 0.187822 1 6 1.000000
0  3.462004 -1.927878 70.410316  -0.819485 0.520217 -0.240457  0.159466 0.115916 1 6 1.000000
heavy_cap
0  3.462004 -1.927878 70.410316  -0.819485 0.520217 -0.240457  0.159466 0.115916 1 6 1.000000
0  2.461059 -3.313854 70.412880  -0.631673 0.722552 -0.280906  0.245384 0.187822 1 6 1.000000
0  2.132941 -2.895783 71.953323  -0.599584 0.724631 -0.339718  0.171881 0.263422 1 6 1.000000
heavy_cap
0  3.462004 -1.927878 70.410316  -0.819485 0.520217 -0.240457  0.159466 0.115916 1 6 1.000000
0  2.132941 -2.895783 71.953323  -0.599584 0.724631 -0.339718  0.171881 0.263422 1 6 1.000000
0  3.223321 -1.424577 71.944473  -0.819314 0.487199 -0.302261  0.078587 0.188049 1 6 1.000000
heavy_cap
0  2.658076 -1.780275 72.823799  -0.765506 0.578462 -0.281748  0.072575 0.261094 1 6 1.000000
0  3.223321 -1.424577 71.944473  -0.819314 0.487199 -0.302261  0.078587 0.188049 1 6 1.000000
0  2.132941 -2.895783 71.953323  -0.599584 0.724631 -0.339718  0.171881 0.263422 1 6 1.000000
heavy_cap
0  3.223321 -1.424577 71.944473  -0.819314 0.487199 -0.302261  0.078587 0.188049 1 6 1.000000
0  2.658076 -1.780275 72.823799  -0.765506 0.578462 -0.281748  0.072575 0.261094 1 6 1.000000
0  3.000429 -1.289206 72.585892  -0.871543 0.365945 -0.326338  0.050452 0.224304 1 6 1.000000
heavy_cap
0  2.481134 -3.561017 69.524780  -0.643189 0.740304 -0.195596  0.293552 0.151632 1 6 1.000000
0  0.787116 -4.189016 70.412872  -0.378281 0.882340 -0.279963  0.326598 0.277827 1 6 1.000000
0  2.461059 -3.313854 70.412880  -0.631673 0.722552 -0.280906  0.245384 0.187822 1 6 1.000000
heavy_cap
0  0.787116 -4.189016 70.412872  -0.378281 0.882340 -0.279963  0.326598 0.277827 1 6 1.000000
0  2.132941 -2.895783 71.953323  -0.599584 0.724631 -0.339718  0.171881 0.263422 1 6 1.000000
0  2.461059 -3.313854 70.412880  -0.631673 0.722552 -0.280906  0.245384 0.187822 1 6 1.000000
heavy_cap
0  0.787116 -4.189016 70.412872  -0.378281 0.882340 -0.279963  0.326598 0.277827 1 6 1.000000
0  0.583807 -3.730718 71.971634  -0.377782 0.859041 -0.345441  0.248289 0.345949 1 6 1.000000
0  2.132941 -2.895783 71.953323  -0.599584 0.724631 -0.339718  0.171881 0.263422 1 6 1.000000
heavy_cap
0  1.416042 -2.722310 73.119179  -0.467801 0.793424 -0.389410  0.135411 0.346851 1 6 1.000000
0  2.132941 -2.895783 71.953323  -0.599584 0.724631 -0.339718  0.171881 0.263422 1 6 1.000000
0  0.583807 -3.730718 71.971634  -0.377782 0.859041 -0.345441  0.248289 0.345949 1 6 1.000000
heavy_cap
0  1.416042 -2.722310 73.119179  -0.467801 0.793424 -0.389410  0.135411 0.346851 1 6 1.000000
0  0.583807 -3.730718 71.971634  -0.377782 0.859041 -0.345441  0.248289 0.345949 1 6 1.000000
0  0.510731 -3.145324 73.199875  -0.352936 0.848580 -0.394142  0.177689 0.398666 1 6 1.000000
heavy_cap
0  0.583807 -3.730718 71.971634  -0.377782 0.859041 -0.345441  0.248289 0.345949 1 6 1.000000
0  -0.006572 -3.265399 73.215828  0.000028 0.908482 -0.417925  0.199375 0.426404 1 6 1.000000
0  0.510731 -3.145324 73.199875  -0.352936 0.848580 -0.394142  0.177689 0.398666 1 6 1.000000
heavy_cap
0  2.658076 -1.780275 72.823799  -0.765506 0.578462 -0.281748  0.072575 0.261094 1 6 1.000000
0  2.132941 -2.895783 71.953323  -0.599584 0.724631 -0.339718  0.171881 0.263422 1 6 1.000000
0  2.217517 -2.177914 72.971931  -0.622380 0.677556 -0.391869  0.095820 0.294462 1 6 1.000000
heavy_cap
0  2.217517 -2.177914 72.971931  -0.622380 0.677556 -0.391869  0.095820 0.294462 1 6 1.000000
0  2.132941 -2.895783 71.953323  -0.599584 0.724631 -0.339718  0.171881 0.263422 1 6 1.000000
0  1.416042 -2.722310 73.119179  -0.467801 0.793424 -0.389410  0.135411 0.346851 1 6 1.000000
heavy_cap
0  3.200390 -0.850155 72.344078  -0.907882 0.242868 -0.341709  0.032452 0.193149 1 6 1.000000
0  3.223321 -1.424577 71.944473  -0.819314 0.487199 -0.302261  0.078587 0.188049 1 6 1.000000
0  3.000429 -1.289206 72.585892  -0.871543 0.365945 -0.326338  0.050452 0.224304 1 6 1.000000
heavy_cap
0  3.200390 -0.850155 72.344078  -0.907882 0.242868 -0.341709  0.032452 0.193149 1 6 1.000000
0  3.358940 -0.792992 72.017715  -0.912924 0.227813 -0.338631  0.039583 0.169722 1 6 1.000000
0  3.223321 -1.424577 71.944473  -0.819314 0.487199 -0.302261  0.078587 0.188049 1 6 1.000000
heavy_cap
0  3.223321 -1.424577 71.944473  -0.819314 0.487199 -0.302261  0.078587 0.188049 1 6 1.000000
0  3.358940 -0.792992 72.017715  -0.912924 0.227813 -0.338631  0.039583 0.169722 1 6 1.000000
0  3.735894 -0.959370 70.818527  -0.915112 0.307795 -0.260448  0.088522 0.100930 1 6 1.000000
heavy_cap
0  3.223321 -1.424577 71.944473  -0.819314 0.487199 -0.302261  0.078587 0.188049 1 6 1.000000
0  3.735894 -0.959370 70.818527  -0.915112 0.307795 -0.260448  0.088522 0.100930 1 6 1.000000
0  3.462004 -1.927878 70.410316  -0.819485 0.520217 -0.240457  0.159466 0.115916 1 6 1.000000
heavy_cap
0  2.249147 -4.908842 68.891228  -0.001041 0.004115 -0.999991  0.801460 0.723106 1 6 1.000000
0  1.345305 -5.302277 68.891220  -0.000410 0.000830 -1.000000  0.770394 0.695060 1 6 1.000000
0  0.678756 -4.675794 68.908035  -0.042486 0.103489 -0.993723  0.779607 0.646410 1 6 1.000000
heavy_cap
0  2.252901 -4.937812 68.906120  0.479246 -0.749811 -0.456188  0.800264 0.723681 1 6 1.000000
0  1.345305 -5.302277 68.891220  -0.000410 0.000830 -1.000000  0.770394 0.695060 1 6 1.000000
0  2.249147 -4.908842 68.891228  -0.001041 0.004115 -0.999991  0.801460 0.723106 1 6 1.000000
heavy_cap
0  2.252901 -4.937812 68.906120  0.479246 -0.749811 -0.456188  0.800264 0.723681 1 6 1.000000
0  1.345876 -5.334266 68.906158  0.307270 -0.798271 -0.518023  0.769064 0.695890 1 6 1.000000
0  1.345305 -5.302277 68.891220  -0.000410 0.000830 -1.000000  0.770394 0.695060 1 6 1.000000
heavy_cap
0  0.836448 -5.443284 68.891266  0.000042 0.000881 -1.000000  0.752055 0.679081 1 6 1.000000
0  1.345305 -5.302277 68.891220  -0.000410 0.000830 -1.000000  0.770394 0.695060 1 6 1.000000
0  1.345876 -5.334266 68.906158  0.307270 -0.798271 -0.518023  0.769064 0.695890 1 6 1.000000
heavy_cap
0  0.836448 -5.443284 68.891266  0.000042 0.000881 -1.000000  0.752055 0.679081 1 6 1.000000
0  1.345876 -5.334266 68.906158  0.307270 -0.798271 -0.518023  0.769064 0.695890 1 6 1.000000
0  0.837549 -5.484857 68.906158  0.204254 -0.751697 -0.627082  0.750459 0.680357 1 6 1.000000
heavy_cap
0  0.837549 -5.484857 68.906158  0.204254 -0.751697 -0.627082  0.750459 0.680357 1 6 1.000000
0  0.471084 -5.519906 68.891266  0.000938 -0.002394 -0.999997  0.738621 0.668305 1 6 1.000000
0  0.836448 -5.443284 68.891266  0.000042 0.000881 -1.000000  0.752055 0.679081 1 6 1.000000
heavy_cap
0  0.837549 -5.484857 68.906158  0.204254 -0.751697 -0.627082  0.750459 0.680357 1 6 1.000000
0  0.435588 -5.576291 68.906158  0.163390 -0.731954 -0.661473  0.735524 0.668861 1 6 1.000000
0  0.471084 -5.519906 68.891266  0.000938 -0.002394 -0.999997  0.738621 0.668305 1 6 1.000000
heavy_cap
0  0.230200 -5.568131 68.891266  -0.001650 0.008039 -0.999966  0.729347 0.661577 1 6 1.000000
0  0.471084 -5.519906 68.891266  0.000938 -0.002394 -0.999997  0.738621 0.668305 1 6 1.000000
0  0.435588 -5.576291 68.906158  0.163390 -0.731954 -0.661473  0.735524 0.668861 1 6 1.000000
heavy_cap
0  0.230200 -5.568131 68.891266  -0.001650 0.008039 -0.999966  0.729347 0.661577 1 6 1.000000
0  0.435588 -5.576291 68.906158  0.163390 -0.731954 -0.661473  0.735524 0.668861 1 6 1.000000
0  0.229915 -5.616602 68.906158  0.092696 -0.683761 -0.723794  0.727780 0.663324 1 6 1.000000
heavy_cap
0  0.229915 -5.616602 68.906158  0.092696 -0.683761 -0.723794  0.727780 0.663324 1 6 1.000000
0  -0.006562 -5.596773 68.891266  -0.000006 -0.000715 -1.000000  0.719860 0.655995 1 6 1.000000
0  0.230200 -5.568131 68.891266  -0.001650 0.008039 -0.999966  0.729347 0.661577 1 6 1.000000
heavy_cap
0  0.229915 -5.616602 68.906158  0.092696 -0.683761 -0.723794  0.727780 0.663324 1 6 1.000000
0  -0.006562 -5.636879 68.906158  -0.000028 -0.770787 -0.637093  0.718803 0.657628 1 6 1.000000
0  -0.006562 -5.596773 68.891266  -0.000006 -0.000715 -1.000000  0.719860 0.655995 1 6 1.000000
heavy_cap
0  1.345305 -5.302277 68.891220  -0.000410 0.000830 -1.000000  0.770394 0.695060 1 6 1.000000
0  0.836448 -5.443284 68.891266  0.000042 0.000881 -1.000000  0.752055 0.679081 1 6 1.000000
0  0.678756 -4.675794 68.908035  -0.042486 0.103489 -0.993723  0.779607 0.646410 1 6 1.000000
heavy_cap
0  0.836448 -5.443284 68.891266  0.000042 0.000881 -1.000000  0.752055 0.679081 1 6 1.000000
0  0.471084 -5.519906 68.891266  0.000938 -0.002394 -0.999997  0.738621 0.668305 1 6 1.000000
0  0.678756 -4.675794 68.908035  -0.042486 0.103489 -0.993723  0.779607 0.646410 1 6 1.000000
heavy_cap
0  0.471084 -5.519906 68.891266  0.000938 -0.002394 -0.999997  0.738621 0.668305 1 6 1.000000
0  0.230200 -5.568131 68.891266  -0.001650 0.008039 -0.999966  0.729347 0.661577 1 6 1.000000
0  0.678756 -4.675794 68.908035  -0.042486 0.103489 -0.993723  0.779607 0.646410 1 6 1.000000
heavy_cap
0  -0.006562 -4.816105 68.908035  0.000041 0.093731 -0.995598  0.741523 0.622369 1 6 1.000000
0  0.678756 -4.675794 68.908035  -0.042486 0.103489 -0.993723  0.779607 0.646410 1 6 1.000000
0  0.230200 -5.568131 68.891266  -0.001650 0.008039 -0.999966  0.729347 0.661577 1 6 1.000000
heavy_cap
0  -0.006562 -4.816105 68.908035  0.000041 0.093731 -0.995598  0.741523 0.622369 1 6 1.000000
0  0.230200 -5.568131 68.891266  -0.001650 0.008039 -0.999966  0.729347 0.661577 1 6 1.000000
0  -0.006562 -5.596773 68.891266  -0.000006 -0.000715 -1.000000  0.719860 0.655995 1 6 1.000000
heavy_cap
0  0.229629 -5.630432 68.951157  0.119584 -0.988539 -0.092140  0.726503 0.665040 1 6 1.000000
0  -0.006562 -5.647611 68.951157  -0.000003 -0.997255 -0.074044  0.717687 0.659354 1 6 1.000000
0  -0.006562 -5.636879 68.906158  -0.000028 -0.770787 -0.637093  0.718803 0.657628 1 6 1.000000
heavy_cap
0  0.229629 -5.630432 68.951157  0.119584 -0.988539 -0.092140  0.726503 0.665040 1 6 1.000000
0  -0.006562 -5.636879 68.906158  -0.000028 -0.770787 -0.637093  0.718803 0.657628 1 6 1.000000
0  0.229915 -5.616602 68.906158  0.092696 -0.683761 -0.723794  0.727780 0.663324 1 6 1.000000
heavy_cap
0  0.229915 -5.616602 68.906158  0.092696 -0.683761 -0.723794  0.727780 0.663324 1 6 1.000000
0  0.395196 -5.599587 68.951157  0.210845 -0.975463 -0.063373  0.732636 0.669393 1 6 1.000000
0  0.229629 -5.630432 68.951157  0.119584 -0.988539 -0.092140  0.726503 0.665040 1 6 1.000000
heavy_cap
0  0.229915 -5.616602 68.906158  0.092696 -0.683761 -0.723794  0.727780 0.663324 1 6 1.000000
0  0.435588 -5.576291 68.906158  0.163390 -0.731954 -0.661473  0.735524 0.668861 1 6 1.000000
0  0.395196 -5.599587 68.951157  0.210845 -0.975463 -0.063373  0.732636 0.669393 1 6 1.000000
heavy_cap
0  0.822698 -5.500484 68.951157  0.260790 -0.964369 -0.044510  0.748463 0.681491 1 6 1.000000
0  0.395196 -5.599587 68.951157  0.210845 -0.975463 -0.063373  0.732636 0.669393 1 6 1.000000
0  0.435588 -5.576291 68.906158  0.163390 -0.731954 -0.661473  0.735524 0.668861 1 6 1.000000
heavy_cap
0  0.822698 -5.500484 68.951157  0.260790 -0.964369 -0.044510  0.748463 0.681491 1 6 1.000000
0  0.435588 -5.576291 68.906158  0.163390 -0.731954 -0.661473  0.735524 0.668861 1 6 1.000000
0  0.837549 -5.484857 68.906158  0.204254 -0.751697 -0.627082  0.750459 0.680357 1 6 1.000000
heavy_cap
0  0.837549 -5.484857 68.906158  0.204254 -0.751697 -0.627082  0.750459 0.680357 1 6 1.000000
0  1.344979 -5.343608 68.951157  0.362824 -0.931251 -0.033617  0.767620 0.697313 1 6 1.000000
0  0.822698 -5.500484 68.951157  0.260790 -0.964369 -0.044510  0.748463 0.681491 1 6 1.000000
heavy_cap
0  0.837549 -5.484857 68.906158  0.204254 -0.751697 -0.627082  0.750459 0.680357 1 6 1.000000
0  1.345876 -5.334266 68.906158  0.307270 -0.798271 -0.518023  0.769064 0.695890 1 6 1.000000
0  1.344979 -5.343608 68.951157  0.362824 -0.931251 -0.033617  0.767620 0.697313 1 6 1.000000
heavy_cap
0  2.252371 -4.945809 68.951164  0.542579 -0.839927 0.011441  0.798881 0.724929 1 6 1.000000
0  1.344979 -5.343608 68.951157  0.362824 -0.931251 -0.033617  0.767620 0.697313 1 6 1.000000
0  1.345876 -5.334266 68.906158  0.307270 -0.798271 -0.518023  0.769064 0.695890 1 6 1.000000
heavy_cap
0  2.252371 -4.945809 68.951164  0.542579 -0.839927 0.011441  0.798881 0.724929 1 6 1.000000
0  1.345876 -5.334266 68.906158  0.307270 -0.798271 -0.518023  0.769064 0.695890 1 6 1.000000
0  2.252901 -4.937812 68.906120  0.479246 -0.749811 -0.456188  0.800264 0.723681 1 6 1.000000
heavy_cap
0  3.279061 -4.102104 68.949287  0.730689 -0.682664 0.007955  0.835968 0.759940 1 6 1.000000
0  2.252371 -4.945809 68.951164  0.542579 -0.839927 0.011441  0.798881 0.724929 1 6 1.000000
0  2.252901 -4.937812 68.906120  0.479246 -0.749811 -0.456188  0.800264 0.723681 1 6 1.000000
heavy_cap
0  3.279061 -4.102104 68.949287  0.730689 -0.682664 0.007955  0.835968 0.759940 1 6 1.000000
0  2.252901 -4.937812 68.906120  0.479246 -0.749811 -0.456188  0.800264 0.723681 1 6 1.000000
0  3.275349 -4.095250 68.904289  0.631134 -0.598073 -0.493942  0.837314 0.758758 1 6 1.000000
heavy_cap
0  3.275349 -4.095250 68.904289  0.631134 -0.598073 -0.493942  0.837314 0.758758 1 6 1.000000
0  2.252901 -4.937812 68.906120  0.479246 -0.749811 -0.456188  0.800264 0.723681 1 6 1.000000
0  2.249147 -4.908842 68.891228  -0.001041 0.004115 -0.999991  0.801460 0.723106 1 6 1.000000
heavy_cap
0  3.275349 -4.095250 68.904289  0.631134 -0.598073 -0.493942  0.837314 0.758758 1 6 1.000000
0  2.249147 -4.908842 68.891228  -0.001041 0.004115 -0.999991  0.801460 0.723106 1 6 1.000000
0  3.261967 -4.069138 68.889366  -0.003750 -0.008797 -0.999954  0.838467 0.758213 1 6 1.000000
heavy_cap
0  3.261967 -4.069138 68.889366  -0.003750 -0.008797 -0.999954  0.838467 0.758213 1 6 1.000000
0  2.249147 -4.908842 68.891228  -0.001041 0.004115 -0.999991  0.801460 0.723106 1 6 1.000000
0  2.409246 -3.785374 68.907959  -0.055601 0.063378 -0.996440  0.855794 0.718998 1 6 1.000000
heavy_cap
0  2.249147 -4.908842 68.891228  -0.001041 0.004115 -0.999991  0.801460 0.723106 1 6 1.000000
0  0.678756 -4.675794 68.908035  -0.042486 0.103489 -0.993723  0.779607 0.646410 1 6 1.000000
0  2.409246 -3.785374 68.907959  -0.055601 0.063378 -0.996440  0.855794 0.718998 1 6 1.000000
heavy_cap
0  0.227875 -5.625007 68.996162  0.113489 -0.963992 0.240501  0.725329 0.666691 1 6 1.000000
0  -0.006562 -5.647611 68.951157  -0.000003 -0.997255 -0.074044  0.717687 0.659354 1 6 1.000000
0  0.229629 -5.630432 68.951157  0.119584 -0.988539 -0.092140  0.726503 0.665040 1 6 1.000000
heavy_cap
0  0.227875 -5.625007 68.996162  0.113489 -0.963992 0.240501  0.725329 0.666691 1 6 1.000000
0  -0.006562 -5.643775 68.996162  0.000003 -0.992006 0.126188  0.716599 0.661034 1 6 1.000000
0  -0.006562 -5.647611 68.951157  -0.000003 -0.997255 -0.074044  0.717687 0.659354 1 6 1.000000
heavy_cap
0  -0.006562 -5.647611 68.951157  -0.000003 -0.997255 -0.074044  0.717687 0.659354 1 6 1.000000
0  -0.006562 -5.643775 68.996162  0.000003 -0.992006 0.126188  0.716599 0.661034 1 6 1.000000
0  -0.240999 -5.625007 68.996162  -0.113453 -0.964003 0.240473  0.707880 0.655390 1 6 1.000000
heavy_cap
0  -0.006562 -5.647611 68.951157  -0.000003 -0.997255 -0.074044  0.717687 0.659354 1 6 1.000000
0  -0.240999 -5.625007 68.996162  -0.113453 -0.964003 0.240473  0.707880 0.655390 1 6 1.000000
0  -0.242753 -5.630433 68.951149  -0.119524 -0.988537 -0.092242  0.708902 0.653647 1 6 1.000000
heavy_cap
0  -0.242753 -5.630433 68.951149  -0.119524 -0.988537 -0.092242  0.708902 0.653647 1 6 1.000000
0  -0.006562 -5.636879 68.906158  -0.000028 -0.770787 -0.637093  0.718803 0.657628 1 6 1.000000
0  -0.006562 -5.647611 68.951157  -0.000003 -0.997255 -0.074044  0.717687 0.659354 1 6 1.000000
heavy_cap
0  -0.242753 -5.630433 68.951149  -0.119524 -0.988537 -0.092242  0.708902 0.653647 1 6 1.000000
0  -0.243039 -5.616602 68.906151  -0.092687 -0.683708 -0.723846  0.709942 0.651785 1 6 1.000000
0  -0.006562 -5.636879 68.906158  -0.000028 -0.770787 -0.637093  0.718803 0.657628 1 6 1.000000
heavy_cap
0  -0.006562 -5.596773 68.891266  -0.000006 -0.000715 -1.000000  0.719860 0.655995 1 6 1.000000
0  -0.006562 -5.636879 68.906158  -0.000028 -0.770787 -0.637093  0.718803 0.657628 1 6 1.000000
0  -0.243039 -5.616602 68.906151  -0.092687 -0.683708 -0.723846  0.709942 0.651785 1 6 1.000000
heavy_cap
0  -0.006562 -5.596773 68.891266  -0.000006 -0.000715 -1.000000  0.719860 0.655995 1 6 1.000000
0  -0.243039 -5.616602 68.906151  -0.092687 -0.683708 -0.723846  0.709942 0.651785 1 6 1.000000
0  -0.243324 -5.568132 68.891266  0.001665 0.008155 -0.999965  0.710887 0.649650 1 6 1.000000
heavy_cap
0  -0.243324 -5.568132 68.891266  0.001665 0.008155 -0.999965  0.710887 0.649650 1 6 1.000000
0  -0.006562 -4.816105 68.908035  0.000041 0.093731 -0.995598  0.741523 0.622369 1 6 1.000000
0  -0.006562 -5.596773 68.891266  -0.000006 -0.000715 -1.000000  0.719860 0.655995 1 6 1.000000
heavy_cap
0  -0.243324 -5.568132 68.891266  0.001665 0.008155 -0.999965  0.710887 0.649650 1 6 1.000000
0  -0.691880 -4.675795 68.908035  0.042509 0.103596 -0.993711  0.704012 0.598171 1 6 1.000000
0  -0.006562 -4.816105 68.908035  0.000041 0.093731 -0.995598  0.741523 0.622369 1 6 1.000000
heavy_cap
0  -0.236348 -5.615704 69.011177  -0.083706 -0.698553 0.710646  0.707590 0.656143 1 6 1.000000
0  -0.006562 -5.643775 68.996162  0.000003 -0.992006 0.126188  0.716599 0.661034 1 6 1.000000
0  -0.006562 -5.640184 69.011177  -0.000044 -0.940310 0.340320  0.716227 0.661608 1 6 1.000000
heavy_cap
0  -0.236348 -5.615704 69.011177  -0.083706 -0.698553 0.710646  0.707590 0.656143 1 6 1.000000
0  -0.240999 -5.625007 68.996162  -0.113453 -0.964003 0.240473  0.707880 0.655390 1 6 1.000000
0  -0.006562 -5.643775 68.996162  0.000003 -0.992006 0.126188  0.716599 0.661034 1 6 1.000000
heavy_cap
0  -0.377148 -5.589634 69.011177  -0.131768 -0.624377 0.769929  0.702155 0.652940 1 6 1.000000
0  -0.240999 -5.625007 68.996162  -0.113453 -0.964003 0.240473  0.707880 0.655390 1 6 1.000000
0  -0.236348 -5.615704 69.011177  -0.083706 -0.698553 0.710646  0.707590 0.656143 1 6 1.000000
heavy_cap
0  -0.377148 -5.589634 69.011177  -0.131768 -0.624377 0.769929  0.702155 0.652940 1 6 1.000000
0  -0.384696 -5.598365 68.996162  -0.199228 -0.940949 0.273723  0.702336 0.652117 1 6 1.000000
0  -0.240999 -5.625007 68.996162  -0.113453 -0.964003 0.240473  0.707880 0.655390 1 6 1.000000
heavy_cap
0  -0.242753 -5.630433 68.951149  -0.119524 -0.988537 -0.092242  0.708902 0.653647 1 6 1.000000
0  -0.240999 -5.625007 68.996162  -0.113453 -0.964003 0.240473  0.707880 0.655390 1 6 1.000000
0  -0.384696 -5.598365 68.996162  -0.199228 -0.940949 0.273723  0.702336 0.652117 1 6 1.000000
heavy_cap
0  -0.242753 -5.630433 68.951149  -0.119524 -0.988537 -0.092242  0.708902 0.653647 1 6 1.000000
0  -0.384696 -5.598365 68.996162  -0.199228 -0.940949 0.273723  0.702336 0.652117 1 6 1.000000
0  -0.408320 -5.599588 68.951157  -0.210789 -0.975475 -0.063378  0.702451 0.649855 1 6 1.000000
heavy_cap
0  -0.408320 -5.599588 68.951157  -0.210789 -0.975475 -0.063378  0.702451 0.649855 1 6 1.000000
0  -0.243039 -5.616602 68.906151  -0.092687 -0.683708 -0.723846  0.709942 0.651785 1 6 1.000000
0  -0.242753 -5.630433 68.951149  -0.119524 -0.988537 -0.092242  0.708902 0.653647 1 6 1.000000
heavy_cap
0  -0.408320 -5.599588 68.951157  -0.210789 -0.975475 -0.063378  0.702451 0.649855 1 6 1.000000
0  -0.448712 -5.576291 68.906151  -0.163321 -0.731925 -0.661523  0.701757 0.647024 1 6 1.000000
0  -0.243039 -5.616602 68.906151  -0.092687 -0.683708 -0.723846  0.709942 0.651785 1 6 1.000000
heavy_cap
0  -0.243324 -5.568132 68.891266  0.001665 0.008155 -0.999965  0.710887 0.649650 1 6 1.000000
0  -0.243039 -5.616602 68.906151  -0.092687 -0.683708 -0.723846  0.709942 0.651785 1 6 1.000000
0  -0.448712 -5.576291 68.906151  -0.163321 -0.731925 -0.661523  0.701757 0.647024 1 6 1.000000
heavy_cap
0  -0.243324 -5.568132 68.891266  0.001665 0.008155 -0.999965  0.710887 0.649650 1 6 1.000000
0  -0.448712 -5.576291 68.906151  -0.163321 -0.731925 -0.661523  0.701757 0.647024 1 6 1.000000
0  -0.484208 -5.519906 68.891258  -0.000871 -0.002383 -0.999997  0.700999 0.643995 1 6 1.000000
heavy_cap
0  -0.484208 -5.519906 68.891258  -0.000871 -0.002383 -0.999997  0.700999 0.643995 1 6 1.000000
0  -0.691880 -4.675795 68.908035  0.042509 0.103596 -0.993711  0.704012 0.598171 1 6 1.000000
0  -0.243324 -5.568132 68.891266  0.001665 0.008155 -0.999965  0.710887 0.649650 1 6 1.000000
heavy_cap
0  -0.849572 -5.443283 68.891258  -0.000090 0.000898 -1.000000  0.685821 0.636234 1 6 1.000000
0  -0.691880 -4.675795 68.908035  0.042509 0.103596 -0.993711  0.704012 0.598171 1 6 1.000000
0  -0.484208 -5.519906 68.891258  -0.000871 -0.002383 -0.999997  0.700999 0.643995 1 6 1.000000
heavy_cap
0  -1.358429 -5.302277 68.891212  0.000502 0.000951 -0.999999  0.664091 0.626200 1 6 1.000000
0  -0.691880 -4.675795 68.908035  0.042509 0.103596 -0.993711  0.704012 0.598171 1 6 1.000000
0  -0.849572 -5.443283 68.891258  -0.000090 0.000898 -1.000000  0.685821 0.636234 1 6 1.000000
heavy_cap
0  -0.849572 -5.443283 68.891258  -0.000090 0.000898 -1.000000  0.685821 0.636234 1 6 1.000000
0  -1.359000 -5.334267 68.906151  -0.307283 -0.798217 -0.518100  0.663883 0.627720 1 6 1.000000
0  -1.358429 -5.302277 68.891212  0.000502 0.000951 -0.999999  0.664091 0.626200 1 6 1.000000
heavy_cap
0  -1.358429 -5.302277 68.891212  0.000502 0.000951 -0.999999  0.664091 0.626200 1 6 1.000000
0  -1.359000 -5.334267 68.906151  -0.307283 -0.798217 -0.518100  0.663883 0.627720 1 6 1.000000
0  -2.266025 -4.937813 68.906105  -0.479226 -0.749807 -0.456215  0.626743 0.611036 1 6 1.000000
heavy_cap
0  -2.265495 -4.945809 68.951149  -0.542448 -0.840011 0.011448  0.626188 0.612746 1 6 1.000000
0  -2.266025 -4.937813 68.906105  -0.479226 -0.749807 -0.456215  0.626743 0.611036 1 6 1.000000
0  -1.359000 -5.334267 68.906151  -0.307283 -0.798217 -0.518100  0.663883 0.627720 1 6 1.000000
heavy_cap
0  -3.292186 -4.102107 68.949280  -0.730673 -0.682681 0.007920  0.581083 0.593997 1 6 1.000000
0  -2.266025 -4.937813 68.906105  -0.479226 -0.749807 -0.456215  0.626743 0.611036 1 6 1.000000
0  -2.265495 -4.945809 68.951149  -0.542448 -0.840011 0.011448  0.626188 0.612746 1 6 1.000000
heavy_cap
0  -2.265495 -4.945809 68.951149  -0.542448 -0.840011 0.011448  0.626188 0.612746 1 6 1.000000
0  -3.282844 -4.100108 68.994331  -0.674035 -0.620713 0.400488  0.580649 0.595642 1 6 1.000000
0  -3.292186 -4.102107 68.949280  -0.730673 -0.682681 0.007920  0.581083 0.593997 1 6 1.000000
heavy_cap
0  -0.484208 -5.519906 68.891258  -0.000871 -0.002383 -0.999997  0.700999 0.643995 1 6 1.000000
0  -0.850673 -5.484857 68.906151  -0.204260 -0.751653 -0.627132  0.685317 0.638188 1 6 1.000000
0  -0.849572 -5.443283 68.891258  -0.000090 0.000898 -1.000000  0.685821 0.636234 1 6 1.000000
heavy_cap
0  -0.484208 -5.519906 68.891258  -0.000871 -0.002383 -0.999997  0.700999 0.643995 1 6 1.000000
0  -0.448712 -5.576291 68.906151  -0.163321 -0.731925 -0.661523  0.701757 0.647024 1 6 1.000000
0  -0.850673 -5.484857 68.906151  -0.204260 -0.751653 -0.627132  0.685317 0.638188 1 6 1.000000
heavy_cap
0  -0.835863 -5.500485 68.951149  -0.260894 -0.964343 -0.044459  0.685098 0.640444 1 6 1.000000
0  -0.850673 -5.484857 68.906151  -0.204260 -0.751653 -0.627132  0.685317 0.638188 1 6 1.000000
0  -0.448712 -5.576291 68.906151  -0.163321 -0.731925 -0.661523  0.701757 0.647024 1 6 1.000000
heavy_cap
0  -0.835863 -5.500485 68.951149  -0.260894 -0.964343 -0.044459  0.685098 0.640444 1 6 1.000000
0  -0.448712 -5.576291 68.906151  -0.163321 -0.731925 -0.661523  0.701757 0.647024 1 6 1.000000
0  -0.408320 -5.599588 68.951157  -0.210789 -0.975475 -0.063378  0.702451 0.649855 1 6 1.000000
heavy_cap
0  -0.408320 -5.599588 68.951157  -0.210789 -0.975475 -0.063378  0.702451 0.649855 1 6 1.000000
0  -0.801509 -5.503586 68.996155  -0.244016 -0.933008 0.264484  0.685529 0.642996 1 6 1.000000
0  -0.835863 -5.500485 68.951149  -0.260894 -0.964343 -0.044459  0.685098 0.640444 1 6 1.000000
heavy_cap
0  -0.408320 -5.599588 68.951157  -0.210789 -0.975475 -0.063378  0.702451 0.649855 1 6 1.000000
0  -0.384696 -5.598365 68.996162  -0.199228 -0.940949 0.273723  0.702336 0.652117 1 6 1.000000
0  -0.801509 -5.503586 68.996155  -0.244016 -0.933008 0.264484  0.685529 0.642996 1 6 1.000000
heavy_cap
0  -0.771440 -5.501506 69.011169  -0.164403 -0.659526 0.733483  0.686306 0.644314 1 6 1.000000
0  -0.801509 -5.503586 68.996155  -0.244016 -0.933008 0.264484  0.685529 0.642996 1 6 1.000000
0  -0.384696 -5.598365 68.996162  -0.199228 -0.940949 0.273723  0.702336 0.652117 1 6 1.000000
heavy_cap
0  -0.771440 -5.501506 69.011169  -0.164403 -0.659526 0.733483  0.686306 0.644314 1 6 1.000000
0  -0.384696 -5.598365 68.996162  -0.199228 -0.940949 0.273723  0.702336 0.652117 1 6 1.000000
0  -0.377148 -5.589634 69.011177  -0.131768 -0.624377 0.769929  0.702155 0.652940 1 6 1.000000
heavy_cap
0  -0.377148 -5.589634 69.011177  -0.131768 -0.624377 0.769929  0.702155 0.652940 1 6 1.000000
0  -0.753896 -5.496774 69.014107  -0.236144 -0.947386 0.216092  0.686736 0.645008 1 6 1.000000
0  -0.771440 -5.501506 69.011169  -0.164403 -0.659526 0.733483  0.686306 0.644314 1 6 1.000000
heavy_cap
0  -0.377148 -5.589634 69.011177  -0.131768 -0.624377 0.769929  0.702155 0.652940 1 6 1.000000
0  -0.368254 -5.581393 69.014107  -0.191452 -0.949349 0.249163  0.702204 0.653489 1 6 1.000000
0  -0.753896 -5.496774 69.014107  -0.236144 -0.947386 0.216092  0.686736 0.645008 1 6 1.000000
heavy_cap
0  -0.236348 -5.615704 69.011177  -0.083706 -0.698553 0.710646  0.707590 0.656143 1 6 1.000000
0  -0.368254 -5.581393 69.014107  -0.191452 -0.949349 0.249163  0.702204 0.653489 1 6 1.000000
0  -0.377148 -5.589634 69.011177  -0.131768 -0.624377 0.769929  0.702155 0.652940 1 6 1.000000
heavy_cap
0  -0.236348 -5.615704 69.011177  -0.083706 -0.698553 0.710646  0.707590 0.656143 1 6 1.000000
0  -0.231003 -5.607015 69.014114  -0.153903 -0.957924 0.242272  0.707517 0.656609 1 6 1.000000
0  -0.368254 -5.581393 69.014107  -0.191452 -0.949349 0.249163  0.702204 0.653489 1 6 1.000000
heavy_cap
0  -0.006562 -5.640184 69.011177  -0.000044 -0.940310 0.340320  0.716227 0.661608 1 6 1.000000
0  -0.231003 -5.607015 69.014114  -0.153903 -0.957924 0.242272  0.707517 0.656609 1 6 1.000000
0  -0.236348 -5.615704 69.011177  -0.083706 -0.698553 0.710646  0.707590 0.656143 1 6 1.000000
heavy_cap
0  -0.006562 -5.640184 69.011177  -0.000044 -0.940310 0.340320  0.716227 0.661608 1 6 1.000000
0  -0.006562 -5.637328 69.014114  -0.000058 -0.983649 0.180093  0.716128 0.661758 1 6 1.000000
0  -0.231003 -5.607015 69.014114  -0.153903 -0.957924 0.242272  0.707517 0.656609 1 6 1.000000
heavy_cap
0  0.217879 -5.607014 69.014114  0.153710 -0.958040 0.241936  0.724362 0.667525 1 6 1.000000
0  -0.006562 -5.637328 69.014114  -0.000058 -0.983649 0.180093  0.716128 0.661758 1 6 1.000000
0  -0.006562 -5.640184 69.011177  -0.000044 -0.940310 0.340320  0.716227 0.661608 1 6 1.000000
heavy_cap
0  0.217879 -5.607014 69.014114  0.153710 -0.958040 0.241936  0.724362 0.667525 1 6 1.000000
0  -0.006562 -5.640184 69.011177  -0.000044 -0.940310 0.340320  0.716227 0.661608 1 6 1.000000
0  0.223224 -5.615704 69.011177  0.083497 -0.698796 0.710431  0.724759 0.667266 1 6 1.000000
heavy_cap
0  0.223224 -5.615704 69.011177  0.083497 -0.698796 0.710431  0.724759 0.667266 1 6 1.000000
0  0.355089 -5.581392 69.014114  0.191477 -0.949271 0.249440  0.729401 0.671116 1 6 1.000000
0  0.217879 -5.607014 69.014114  0.153710 -0.958040 0.241936  0.724362 0.667525 1 6 1.000000
heavy_cap
0  0.223224 -5.615704 69.011177  0.083497 -0.698796 0.710431  0.724759 0.667266 1 6 1.000000
0  0.364024 -5.589633 69.011177  0.131882 -0.624261 0.770003  0.729926 0.670935 1 6 1.000000
0  0.355089 -5.581392 69.014114  0.191477 -0.949271 0.249440  0.729401 0.671116 1 6 1.000000
heavy_cap
0  -0.849572 -5.443283 68.891258  -0.000090 0.000898 -1.000000  0.685821 0.636234 1 6 1.000000
0  -0.850673 -5.484857 68.906151  -0.204260 -0.751653 -0.627132  0.685317 0.638188 1 6 1.000000
0  -1.359000 -5.334267 68.906151  -0.307283 -0.798217 -0.518100  0.663883 0.627720 1 6 1.000000
heavy_cap
0  -1.358103 -5.343609 68.951149  -0.362883 -0.931229 -0.033585  0.663187 0.629580 1 6 1.000000
0  -1.359000 -5.334267 68.906151  -0.307283 -0.798217 -0.518100  0.663883 0.627720 1 6 1.000000
0  -0.850673 -5.484857 68.906151  -0.204260 -0.751653 -0.627132  0.685317 0.638188 1 6 1.000000
heavy_cap
0  -1.358103 -5.343609 68.951149  -0.362883 -0.931229 -0.033585  0.663187 0.629580 1 6 1.000000
0  -0.850673 -5.484857 68.906151  -0.204260 -0.751653 -0.627132  0.685317 0.638188 1 6 1.000000
0  -0.835863 -5.500485 68.951149  -0.260894 -0.964343 -0.044459  0.685098 0.640444 1 6 1.000000
heavy_cap
0  -0.835863 -5.500485 68.951149  -0.260894 -0.964343 -0.044459  0.685098 0.640444 1 6 1.000000
0  -1.349127 -5.341774 68.996155  -0.351400 -0.897263 0.267277  0.662633 0.631488 1 6 1.000000
0  -1.358103 -5.343609 68.951149  -0.362883 -0.931229 -0.033585  0.663187 0.629580 1 6 1.000000
heavy_cap
0  -0.835863 -5.500485 68.951149  -0.260894 -0.964343 -0.044459  0.685098 0.640444 1 6 1.000000
0  -0.801509 -5.503586 68.996155  -0.244016 -0.933008 0.264484  0.685529 0.642996 1 6 1.000000
0  -1.349127 -5.341774 68.996155  -0.351400 -0.897263 0.267277  0.662633 0.631488 1 6 1.000000
heavy_cap
0  -1.325504 -5.340222 69.011169  -0.215964 -0.599111 0.770990  0.663129 0.632581 1 6 1.000000
0  -1.349127 -5.341774 68.996155  -0.351400 -0.897263 0.267277  0.662633 0.631488 1 6 1.000000
0  -0.801509 -5.503586 68.996155  -0.244016 -0.933008 0.264484  0.685529 0.642996 1 6 1.000000
heavy_cap
0  -1.325504 -5.340222 69.011169  -0.215964 -0.599111 0.770990  0.663129 0.632581 1 6 1.000000
0  -0.801509 -5.503586 68.996155  -0.244016 -0.933008 0.264484  0.685529 0.642996 1 6 1.000000
0  -0.771440 -5.501506 69.011169  -0.164403 -0.659526 0.733483  0.686306 0.644314 1 6 1.000000
heavy_cap
0  -0.771440 -5.501506 69.011169  -0.164403 -0.659526 0.733483  0.686306 0.644314 1 6 1.000000
0  -1.301921 -5.339082 69.014107  -0.354200 -0.928406 0.112273  0.663996 0.633563 1 6 1.000000
0  -1.325504 -5.340222 69.011169  -0.215964 -0.599111 0.770990  0.663129 0.632581 1 6 1.000000
heavy_cap
0  -0.771440 -5.501506 69.011169  -0.164403 -0.659526 0.733483  0.686306 0.644314 1 6 1.000000
0  -0.753896 -5.496774 69.014107  -0.236144 -0.947386 0.216092  0.686736 0.645008 1 6 1.000000
0  -1.301921 -5.339082 69.014107  -0.354200 -0.928406 0.112273  0.663996 0.633563 1 6 1.000000
heavy_cap
0  -1.325504 -5.340222 69.011169  -0.215964 -0.599111 0.770990  0.663129 0.632581 1 6 1.000000
0  -1.301921 -5.339082 69.014107  -0.354200 -0.928406 0.112273  0.663996 0.633563 1 6 1.000000
0  -2.203398 -4.943240 69.014107  -0.535199 -0.836082 0.120535  0.627118 0.616817 1 6 1.000000
heavy_cap
0  -1.325504 -5.340222 69.011169  -0.215964 -0.599111 0.770990  0.663129 0.632581 1 6 1.000000
0  -2.203398 -4.943240 69.014107  -0.535199 -0.836082 0.120535  0.627118 0.616817 1 6 1.000000
0  -2.228897 -4.943320 69.011169  -0.263838 -0.452706 0.851731  0.626205 0.615603 1 6 1.000000
heavy_cap
0  -2.228897 -4.943320 69.011169  -0.263838 -0.452706 0.851731  0.626205 0.615603 1 6 1.000000
0  -1.349127 -5.341774 68.996155  -0.351400 -0.897263 0.267277  0.662633 0.631488 1 6 1.000000
0  -1.325504 -5.340222 69.011169  -0.215964 -0.599111 0.770990  0.663129 0.632581 1 6 1.000000
heavy_cap
0  -2.228897 -4.943320 69.011169  -0.263838 -0.452706 0.851731  0.626205 0.615603 1 6 1.000000
0  -2.255010 -4.943932 68.996155  -0.508191 -0.780665 0.363737  0.625740 0.614516 1 6 1.000000
0  -1.349127 -5.341774 68.996155  -0.351400 -0.897263 0.267277  0.662633 0.631488 1 6 1.000000
heavy_cap
0  -1.358103 -5.343609 68.951149  -0.362883 -0.931229 -0.033585  0.663187 0.629580 1 6 1.000000
0  -1.349127 -5.341774 68.996155  -0.351400 -0.897263 0.267277  0.662633 0.631488 1 6 1.000000
0  -2.255010 -4.943932 68.996155  -0.508191 -0.780665 0.363737  0.625740 0.614516 1 6 1.000000
heavy_cap
0  -1.358103 -5.343609 68.951149  -0.362883 -0.931229 -0.033585  0.663187 0.629580 1 6 1.000000
0  -2.255010 -4.943932 68.996155  -0.508191 -0.780665 0.363737  0.625740 0.614516 1 6 1.000000
0  -2.265495 -4.945809 68.951149  -0.542448 -0.840011 0.011448  0.626188 0.612746 1 6 1.000000
heavy_cap
0  -2.265495 -4.945809 68.951149  -0.542448 -0.840011 0.011448  0.626188 0.612746 1 6 1.000000
0  -1.359000 -5.334267 68.906151  -0.307283 -0.798217 -0.518100  0.663883 0.627720 1 6 1.000000
0  -1.358103 -5.343609 68.951149  -0.362883 -0.931229 -0.033585  0.663187 0.629580 1 6 1.000000
heavy_cap
0  -2.228897 -4.943320 69.011169  -0.263838 -0.452706 0.851731  0.626205 0.615603 1 6 1.000000
0  -2.203398 -4.943240 69.014107  -0.535199 -0.836082 0.120535  0.627118 0.616817 1 6 1.000000
0  -3.231640 -4.099332 69.012238  -0.716004 -0.676351 0.172882  0.581327 0.597740 1 6 1.000000
heavy_cap
0  -2.228897 -4.943320 69.011169  -0.263838 -0.452706 0.851731  0.626205 0.615603 1 6 1.000000
0  -3.231640 -4.099332 69.012238  -0.716004 -0.676351 0.172882  0.581327 0.597740 1 6 1.000000
0  -3.257140 -4.099415 69.009300  -0.328130 -0.321544 0.888223  0.580905 0.596717 1 6 1.000000
heavy_cap
0  -3.257140 -4.099415 69.009300  -0.328130 -0.321544 0.888223  0.580905 0.596717 1 6 1.000000
0  -2.255010 -4.943932 68.996155  -0.508191 -0.780665 0.363737  0.625740 0.614516 1 6 1.000000
0  -2.228897 -4.943320 69.011169  -0.263838 -0.452706 0.851731  0.626205 0.615603 1 6 1.000000
heavy_cap
0  -3.257140 -4.099415 69.009300  -0.328130 -0.321544 0.888223  0.580905 0.596717 1 6 1.000000
0  -3.282844 -4.100108 68.994331  -0.674035 -0.620713 0.400488  0.580649 0.595642 1 6 1.000000
0  -2.255010 -4.943932 68.996155  -0.508191 -0.780665 0.363737  0.625740 0.614516 1 6 1.000000
heavy_cap
0  -2.265495 -4.945809 68.951149  -0.542448 -0.840011 0.011448  0.626188 0.612746 1 6 1.000000
0  -2.255010 -4.943932 68.996155  -0.508191 -0.780665 0.363737  0.625740 0.614516 1 6 1.000000
0  -3.282844 -4.100108 68.994331  -0.674035 -0.620713 0.400488  0.580649 0.595642 1 6 1.000000
heavy_cap
0  -3.754655 -3.322297 68.996246  -0.336629 -0.143536 0.930633  0.549709 0.585451 1 6 1.000000
0  -3.282844 -4.100108 68.994331  -0.674035 -0.620713 0.400488  0.580649 0.595642 1 6 1.000000
0  -3.257140 -4.099415 69.009300  -0.328130 -0.321544 0.888223  0.580905 0.596717 1 6 1.000000
heavy_cap
0  -3.257140 -4.099415 69.009300  -0.328130 -0.321544 0.888223  0.580905 0.596717 1 6 1.000000
0  -3.729237 -3.322256 68.999138  -0.892198 -0.421925 0.161129  0.549843 0.586300 1 6 1.000000
0  -3.754655 -3.322297 68.996246  -0.336629 -0.143536 0.930633  0.549709 0.585451 1 6 1.000000
heavy_cap
0  -3.257140 -4.099415 69.009300  -0.328130 -0.321544 0.888223  0.580905 0.596717 1 6 1.000000
0  -3.231640 -4.099332 69.012238  -0.716004 -0.676351 0.172882  0.581327 0.597740 1 6 1.000000
0  -3.729237 -3.322256 68.999138  -0.892198 -0.421925 0.161129  0.549843 0.586300 1 6 1.000000
heavy_cap
0  -4.069590 -2.339873 68.967438  -0.946807 -0.276604 0.164462  0.517920 0.577896 1 6 1.000000
0  -3.754655 -3.322297 68.996246  -0.336629 -0.143536 0.930633  0.549709 0.585451 1 6 1.000000
0  -3.729237 -3.322256 68.999138  -0.892198 -0.421925 0.161129  0.549843 0.586300 1 6 1.000000
heavy_cap
0  -3.292186 -4.102107 68.949280  -0.730673 -0.682681 0.007920  0.581083 0.593997 1 6 1.000000
0  -3.282844 -4.100108 68.994331  -0.674035 -0.620713 0.400488  0.580649 0.595642 1 6 1.000000
0  -3.779829 -3.322784 68.981232  -0.812920 -0.370766 0.449103  0.549636 0.584456 1 6 1.000000
heavy_cap
0  -3.754655 -3.322297 68.996246  -0.336629 -0.143536 0.930633  0.549709 0.585451 1 6 1.000000
0  -3.779829 -3.322784 68.981232  -0.812920 -0.370766 0.449103  0.549636 0.584456 1 6 1.000000
0  -3.282844 -4.100108 68.994331  -0.674035 -0.620713 0.400488  0.580649 0.595642 1 6 1.000000
heavy_cap
0  -3.779829 -3.322784 68.981232  -0.812920 -0.370766 0.449103  0.549636 0.584456 1 6 1.000000
0  -3.754655 -3.322297 68.996246  -0.336629 -0.143536 0.930633  0.549709 0.585451 1 6 1.000000
0  -4.095009 -2.339953 68.964500  -0.342499 -0.065054 0.937263  0.517857 0.577167 1 6 1.000000
heavy_cap
0  -4.069590 -2.339873 68.967438  -0.946807 -0.276604 0.164462  0.517920 0.577896 1 6 1.000000
0  -4.095009 -2.339953 68.964500  -0.342499 -0.065054 0.937263  0.517857 0.577167 1 6 1.000000
0  -3.754655 -3.322297 68.996246  -0.336629 -0.143536 0.930633  0.549709 0.585451 1 6 1.000000
heavy_cap
0  -4.236013 -1.628239 68.928604  -0.961090 -0.204453 0.185753  0.499107 0.575523 1 6 1.000000
0  -4.095009 -2.339953 68.964500  -0.342499 -0.065054 0.937263  0.517857 0.577167 1 6 1.000000
0  -4.069590 -2.339873 68.967438  -0.946807 -0.276604 0.164462  0.517920 0.577896 1 6 1.000000
heavy_cap
0  -4.236013 -1.628239 68.928604  -0.961090 -0.204453 0.185753  0.499107 0.575523 1 6 1.000000
0  -4.260452 -1.628566 68.925713  -0.353179 -0.023843 0.935252  0.499098 0.574965 1 6 1.000000
0  -4.095009 -2.339953 68.964500  -0.342499 -0.065054 0.937263  0.517857 0.577167 1 6 1.000000
heavy_cap
0  -4.260452 -1.628566 68.925713  -0.353179 -0.023843 0.935252  0.499098 0.574965 1 6 1.000000
0  -4.236013 -1.628239 68.928604  -0.961090 -0.204453 0.185753  0.499107 0.575523 1 6 1.000000
0  -4.281466 -1.418486 68.912041  -0.957696 -0.219119 0.186564  0.494794 0.574396 1 6 1.000000
heavy_cap
0  -4.260452 -1.628566 68.925713  -0.353179 -0.023843 0.935252  0.499098 0.574965 1 6 1.000000
0  -4.281466 -1.418486 68.912041  -0.957696 -0.219119 0.186564  0.494794 0.574396 1 6 1.000000
0  -4.304436 -1.417466 68.909142  -0.370445 -0.017690 0.928686  0.494878 0.573967 1 6 1.000000
heavy_cap
0  -4.315002 -1.314649 68.906448  -0.944445 -0.266855 0.191864  0.493282 0.572915 1 6 1.000000
0  -4.304436 -1.417466 68.909142  -0.370445 -0.017690 0.928686  0.494878 0.573967 1 6 1.000000
0  -4.281466 -1.418486 68.912041  -0.957696 -0.219119 0.186564  0.494794 0.574396 1 6 1.000000
heavy_cap
0  -4.315002 -1.314649 68.906448  -0.944445 -0.266855 0.191864  0.493282 0.572915 1 6 1.000000
0  -4.331691 -1.305266 68.903595  -0.558564 -0.030445 0.828903  0.493400 0.572679 1 6 1.000000
0  -4.304436 -1.417466 68.909142  -0.370445 -0.017690 0.928686  0.494878 0.573967 1 6 1.000000
heavy_cap
0  -4.331691 -1.305266 68.903595  -0.558564 -0.030445 0.828903  0.493400 0.572679 1 6 1.000000
0  -4.315002 -1.314649 68.906448  -0.944445 -0.266855 0.191864  0.493282 0.572915 1 6 1.000000
0  -4.315942 -1.300532 68.906578  -0.058629 0.990376 -0.125368  0.493083 0.572597 1 6 1.000000
heavy_cap
0  -4.331691 -1.305266 68.903595  -0.558564 -0.030445 0.828903  0.493400 0.572679 1 6 1.000000
0  -4.315942 -1.300532 68.906578  -0.058629 0.990376 -0.125368  0.493083 0.572597 1 6 1.000000
0  -4.326264 -1.291721 68.903717  -0.023724 0.907339 0.419730  0.493294 0.572521 1 6 1.000000
heavy_cap
0  -4.315942 -1.300532 68.906578  -0.058629 0.990376 -0.125368  0.493083 0.572597 1 6 1.000000
0  -3.892601 -1.287068 68.907349  0.032140 0.995653 0.087418  0.489595 0.566480 1 6 1.000000
0  -4.326264 -1.291721 68.903717  -0.023724 0.907339 0.419730  0.493294 0.572521 1 6 1.000000
heavy_cap
0  -4.326264 -1.291721 68.903717  -0.023724 0.907339 0.419730  0.493294 0.572521 1 6 1.000000
0  -3.892601 -1.287068 68.907349  0.032140 0.995653 0.087418  0.489595 0.566480 1 6 1.000000
0  -3.889255 -1.288211 68.890823  0.060595 0.959584 -0.274821  0.489856 0.566335 1 6 1.000000
heavy_cap
0  -3.889255 -1.288211 68.890823  0.060595 0.959584 -0.274821  0.489856 0.566335 1 6 1.000000
0  -3.892601 -1.287068 68.907349  0.032140 0.995653 0.087418  0.489595 0.566480 1 6 1.000000
0  -3.850699 -1.310407 68.910042  0.803856 0.584028 -0.112818  0.489323 0.565560 1 6 1.000000
heavy_cap
0  -3.889214 -1.304491 68.845413  0.139873 0.889901 -0.434180  0.490686 0.566095 1 6 1.000000
0  -3.889255 -1.288211 68.890823  0.060595 0.959584 -0.274821  0.489856 0.566335 1 6 1.000000
0  -3.850699 -1.310407 68.910042  0.803856 0.584028 -0.112818  0.489323 0.565560 1 6 1.000000
heavy_cap
0  -3.889214 -1.304491 68.845413  0.139873 0.889901 -0.434180  0.490686 0.566095 1 6 1.000000
0  -3.850699 -1.310407 68.910042  0.803856 0.584028 -0.112818  0.489323 0.565560 1 6 1.000000
0  -3.827809 -1.360795 68.850067  0.836398 0.407091 -0.367035  0.490849 0.564655 1 6 1.000000
heavy_cap
0  -3.889214 -1.304491 68.845413  0.139873 0.889901 -0.434180  0.490686 0.566095 1 6 1.000000
0  -3.827809 -1.360795 68.850067  0.836398 0.407091 -0.367035  0.490849 0.564655 1 6 1.000000
0  -3.854982 -1.389274 68.805756  0.145495 -0.003005 -0.989354  0.492009 0.564830 1 6 1.000000
heavy_cap
0  -3.783991 -1.442109 68.910934  0.935001 0.346057 -0.077577  0.490472 0.562203 1 6 1.000000
0  -3.827809 -1.360795 68.850067  0.836398 0.407091 -0.367035  0.490849 0.564655 1 6 1.000000
0  -3.850699 -1.310407 68.910042  0.803856 0.584028 -0.112818  0.489323 0.565560 1 6 1.000000
heavy_cap
0  -4.315942 -1.300532 68.906578  -0.058629 0.990376 -0.125368  0.493083 0.572597 1 6 1.000000
0  -3.896312 -1.291272 68.911591  0.023076 0.982230 -0.186255  0.489508 0.566563 1 6 1.000000
0  -3.892601 -1.287068 68.907349  0.032140 0.995653 0.087418  0.489595 0.566480 1 6 1.000000
heavy_cap
0  -3.892601 -1.287068 68.907349  0.032140 0.995653 0.087418  0.489595 0.566480 1 6 1.000000
0  -3.896312 -1.291272 68.911591  0.023076 0.982230 -0.186255  0.489508 0.566563 1 6 1.000000
0  -3.850699 -1.310407 68.910042  0.803856 0.584028 -0.112818  0.489323 0.565560 1 6 1.000000
heavy_cap
0  -4.337076 -1.287639 68.888748  -0.018366 0.982465 -0.185538  0.493490 0.572417 1 6 1.000000
0  -3.889255 -1.288211 68.890823  0.060595 0.959584 -0.274821  0.489856 0.566335 1 6 1.000000
0  -3.889214 -1.304491 68.845413  0.139873 0.889901 -0.434180  0.490686 0.566095 1 6 1.000000
heavy_cap
0  -4.326264 -1.291721 68.903717  -0.023724 0.907339 0.419730  0.493294 0.572521 1 6 1.000000
0  -3.889255 -1.288211 68.890823  0.060595 0.959584 -0.274821  0.489856 0.566335 1 6 1.000000
0  -4.337076 -1.287639 68.888748  -0.018366 0.982465 -0.185538  0.493490 0.572417 1 6 1.000000
heavy_cap
0  -4.337076 -1.287639 68.888748  -0.018366 0.982465 -0.185538  0.493490 0.572417 1 6 1.000000
0  -4.331691 -1.305266 68.903595  -0.558564 -0.030445 0.828903  0.493400 0.572679 1 6 1.000000
0  -4.326264 -1.291721 68.903717  -0.023724 0.907339 0.419730  0.493294 0.572521 1 6 1.000000
heavy_cap
0  -3.783991 -1.442109 68.910934  0.935001 0.346057 -0.077577  0.490472 0.562203 1 6 1.000000
0  -3.854982 -1.389274 68.805756  0.145495 -0.003005 -0.989354  0.492009 0.564830 1 6 1.000000
0  -3.827809 -1.360795 68.850067  0.836398 0.407091 -0.367035  0.490849 0.564655 1 6 1.000000
heavy_cap
0  -3.783991 -1.442109 68.910934  0.935001 0.346057 -0.077577  0.490472 0.562203 1 6 1.000000
0  -3.793170 -1.514978 68.821671  0.236204 0.016902 -0.971557  0.493753 0.562216 1 6 1.000000
0  -3.854982 -1.389274 68.805756  0.145495 -0.003005 -0.989354  0.492009 0.564830 1 6 1.000000
heavy_cap
0  -3.793170 -1.514978 68.821671  0.236204 0.016902 -0.971557  0.493753 0.562216 1 6 1.000000
0  -3.783991 -1.442109 68.910934  0.935001 0.346057 -0.077577  0.490472 0.562203 1 6 1.000000
0  -3.487619 -2.200091 68.947372  0.850498 0.522655 -0.059037  0.508244 0.535224 1 6 1.000000
heavy_cap
0  -3.793170 -1.514978 68.821671  0.236204 0.016902 -0.971557  0.493753 0.562216 1 6 1.000000
0  -3.487619 -2.200091 68.947372  0.850498 0.522655 -0.059037  0.508244 0.535224 1 6 1.000000
0  -3.485293 -2.271410 68.888748  0.132386 0.043054 -0.990263  0.512641 0.534543 1 6 1.000000
heavy_cap
0  -4.102067 -2.333548 68.844551  0.043925 -0.037099 -0.998346  0.518212 0.572877 1 6 1.000000
0  -3.793170 -1.514978 68.821671  0.236204 0.016902 -0.971557  0.493753 0.562216 1 6 1.000000
0  -3.485293 -2.271410 68.888748  0.132386 0.043054 -0.990263  0.512641 0.534543 1 6 1.000000
heavy_cap
0  -4.102067 -2.333548 68.844551  0.043925 -0.037099 -0.998346  0.518212 0.572877 1 6 1.000000
0  -3.485293 -2.271410 68.888748  0.132386 0.043054 -0.990263  0.512641 0.534543 1 6 1.000000
0  -3.762203 -3.298059 68.876289  0.016919 -0.003701 -0.999850  0.550291 0.580338 1 6 1.000000
heavy_cap
0  -4.121243 -2.342402 68.859482  -0.864423 -0.281812 -0.416359  0.518202 0.573634 1 6 1.000000
0  -4.102067 -2.333548 68.844551  0.043925 -0.037099 -0.998346  0.518212 0.572877 1 6 1.000000
0  -3.762203 -3.298059 68.876289  0.016919 -0.003701 -0.999850  0.550291 0.580338 1 6 1.000000
heavy_cap
0  -4.121243 -2.342402 68.859482  -0.864423 -0.281812 -0.416359  0.518202 0.573634 1 6 1.000000
0  -3.762203 -3.298059 68.876289  0.016919 -0.003701 -0.999850  0.550291 0.580338 1 6 1.000000
0  -3.780645 -3.318705 68.891182  -0.788349 -0.387523 -0.477841  0.550368 0.581394 1 6 1.000000
heavy_cap
0  -3.780645 -3.318705 68.891182  -0.788349 -0.387523 -0.477841  0.550368 0.581394 1 6 1.000000
0  -4.128179 -2.343217 68.904442  -0.957230 -0.288807 0.017372  0.518003 0.574980 1 6 1.000000
0  -4.121243 -2.342402 68.859482  -0.864423 -0.281812 -0.416359  0.518202 0.573634 1 6 1.000000
heavy_cap
0  -3.780645 -3.318705 68.891182  -0.788349 -0.387523 -0.477841  0.550368 0.581394 1 6 1.000000
0  -3.787499 -3.324255 68.936188  -0.903347 -0.428811 -0.009222  0.550004 0.582934 1 6 1.000000
0  -4.128179 -2.343217 68.904442  -0.957230 -0.288807 0.017372  0.518003 0.574980 1 6 1.000000
heavy_cap
0  -4.120264 -2.340770 68.949486  -0.850152 -0.234260 0.471555  0.517821 0.576315 1 6 1.000000
0  -4.128179 -2.343217 68.904442  -0.957230 -0.288807 0.017372  0.518003 0.574980 1 6 1.000000
0  -3.787499 -3.324255 68.936188  -0.903347 -0.428811 -0.009222  0.550004 0.582934 1 6 1.000000
heavy_cap
0  -4.120264 -2.340770 68.949486  -0.850152 -0.234260 0.471555  0.517821 0.576315 1 6 1.000000
0  -3.787499 -3.324255 68.936188  -0.903347 -0.428811 -0.009222  0.550004 0.582934 1 6 1.000000
0  -3.779829 -3.322784 68.981232  -0.812920 -0.370766 0.449103  0.549636 0.584456 1 6 1.000000
heavy_cap
0  -3.779829 -3.322784 68.981232  -0.812920 -0.370766 0.449103  0.549636 0.584456 1 6 1.000000
0  -4.095009 -2.339953 68.964500  -0.342499 -0.065054 0.937263  0.517857 0.577167 1 6 1.000000
0  -4.120264 -2.340770 68.949486  -0.850152 -0.234260 0.471555  0.517821 0.576315 1 6 1.000000
heavy_cap
0  -4.120264 -2.340770 68.949486  -0.850152 -0.234260 0.471555  0.517821 0.576315 1 6 1.000000
0  -4.095009 -2.339953 68.964500  -0.342499 -0.065054 0.937263  0.517857 0.577167 1 6 1.000000
0  -4.260452 -1.628566 68.925713  -0.353179 -0.023843 0.935252  0.499098 0.574965 1 6 1.000000
heavy_cap
0  -4.120264 -2.340770 68.949486  -0.850152 -0.234260 0.471555  0.517821 0.576315 1 6 1.000000
0  -4.260452 -1.628566 68.925713  -0.353179 -0.023843 0.935252  0.499098 0.574965 1 6 1.000000
0  -4.285218 -1.631626 68.910698  -0.845558 -0.159808 0.509405  0.499140 0.574320 1 6 1.000000
heavy_cap
0  -4.304436 -1.417466 68.909142  -0.370445 -0.017690 0.928686  0.494878 0.573967 1 6 1.000000
0  -4.285218 -1.631626 68.910698  -0.845558 -0.159808 0.509405  0.499140 0.574320 1 6 1.000000
0  -4.260452 -1.628566 68.925713  -0.353179 -0.023843 0.935252  0.499098 0.574965 1 6 1.000000
heavy_cap
0  -4.304436 -1.417466 68.909142  -0.370445 -0.017690 0.928686  0.494878 0.573967 1 6 1.000000
0  -4.327855 -1.420363 68.894127  -0.863349 -0.133619 0.486594  0.495046 0.573490 1 6 1.000000
0  -4.285218 -1.631626 68.910698  -0.845558 -0.159808 0.509405  0.499140 0.574320 1 6 1.000000
heavy_cap
0  -4.331691 -1.305266 68.903595  -0.558564 -0.030445 0.828903  0.493400 0.572679 1 6 1.000000
0  -4.327855 -1.420363 68.894127  -0.863349 -0.133619 0.486594  0.495046 0.573490 1 6 1.000000
0  -4.304436 -1.417466 68.909142  -0.370445 -0.017690 0.928686  0.494878 0.573967 1 6 1.000000
heavy_cap
0  -3.762203 -3.298059 68.876289  0.016919 -0.003701 -0.999850  0.550291 0.580338 1 6 1.000000
0  -3.485293 -2.271410 68.888748  0.132386 0.043054 -0.990263  0.512641 0.534543 1 6 1.000000
0  -2.422372 -3.785376 68.907951  0.055690 0.063339 -0.996437  0.608753 0.560306 1 6 1.000000
heavy_cap
0  -4.102067 -2.333548 68.844551  0.043925 -0.037099 -0.998346  0.518212 0.572877 1 6 1.000000
0  -4.272489 -1.648680 68.805756  0.014185 -0.058775 -0.998171  0.499673 0.571817 1 6 1.000000
0  -3.793170 -1.514978 68.821671  0.236204 0.016902 -0.971557  0.493753 0.562216 1 6 1.000000
heavy_cap
0  -3.854982 -1.389274 68.805756  0.145495 -0.003005 -0.989354  0.492009 0.564830 1 6 1.000000
0  -3.793170 -1.514978 68.821671  0.236204 0.016902 -0.971557  0.493753 0.562216 1 6 1.000000
0  -4.272489 -1.648680 68.805756  0.014185 -0.058775 -0.998171  0.499673 0.571817 1 6 1.000000
heavy_cap
0  -4.331691 -1.305266 68.903595  -0.558564 -0.030445 0.828903  0.493400 0.572679 1 6 1.000000
0  -4.348866 -1.300452 68.888664  -0.937807 -0.023189 0.346381  0.493628 0.572504 1 6 1.000000
0  -4.327855 -1.420363 68.894127  -0.863349 -0.133619 0.486594  0.495046 0.573490 1 6 1.000000
heavy_cap
0  -4.337076 -1.287639 68.888748  -0.018366 0.982465 -0.185538  0.493490 0.572417 1 6 1.000000
0  -4.348866 -1.300452 68.888664  -0.937807 -0.023189 0.346381  0.493628 0.572504 1 6 1.000000
0  -4.331691 -1.305266 68.903595  -0.558564 -0.030445 0.828903  0.493400 0.572679 1 6 1.000000
heavy_cap
0  -4.342054 -1.300411 68.843742  -0.012863 0.924370 -0.381280  0.493863 0.572091 1 6 1.000000
0  -4.348866 -1.300452 68.888664  -0.937807 -0.023189 0.346381  0.493628 0.572504 1 6 1.000000
0  -4.337076 -1.287639 68.888748  -0.018366 0.982465 -0.185538  0.493490 0.572417 1 6 1.000000
heavy_cap
0  -4.337076 -1.287639 68.888748  -0.018366 0.982465 -0.185538  0.493490 0.572417 1 6 1.000000
0  -3.889214 -1.304491 68.845413  0.139873 0.889901 -0.434180  0.490686 0.566095 1 6 1.000000
0  -4.342054 -1.300411 68.843742  -0.012863 0.924370 -0.381280  0.493863 0.572091 1 6 1.000000
heavy_cap
0  -4.342054 -1.300411 68.843742  -0.012863 0.924370 -0.381280  0.493863 0.572091 1 6 1.000000
0  -3.889214 -1.304491 68.845413  0.139873 0.889901 -0.434180  0.490686 0.566095 1 6 1.000000
0  -3.911613 -1.323829 68.812080  0.049398 0.392351 -0.918488  0.491446 0.566226 1 6 1.000000
heavy_cap
0  -3.889214 -1.304491 68.845413  0.139873 0.889901 -0.434180  0.490686 0.566095 1 6 1.000000
0  -3.854982 -1.389274 68.805756  0.145495 -0.003005 -0.989354  0.492009 0.564830 1 6 1.000000
0  -3.911613 -1.323829 68.812080  0.049398 0.392351 -0.918488  0.491446 0.566226 1 6 1.000000
heavy_cap
0  -3.911613 -1.323829 68.812080  0.049398 0.392351 -0.918488  0.491446 0.566226 1 6 1.000000
0  -3.854982 -1.389274 68.805756  0.145495 -0.003005 -0.989354  0.492009 0.564830 1 6 1.000000
0  -4.316839 -1.446352 68.789192  0.005109 -0.020918 -0.999768  0.495833 0.571732 1 6 1.000000
heavy_cap
0  -3.854982 -1.389274 68.805756  0.145495 -0.003005 -0.989354  0.492009 0.564830 1 6 1.000000
0  -4.272489 -1.648680 68.805756  0.014185 -0.058775 -0.998171  0.499673 0.571817 1 6 1.000000
0  -4.316839 -1.446352 68.789192  0.005109 -0.020918 -0.999768  0.495833 0.571732 1 6 1.000000
heavy_cap
0  -4.289665 -1.648883 68.820648  -0.927893 -0.235178 -0.289319  0.499592 0.572306 1 6 1.000000
0  -4.316839 -1.446352 68.789192  0.005109 -0.020918 -0.999768  0.495833 0.571732 1 6 1.000000
0  -4.272489 -1.648680 68.805756  0.014185 -0.058775 -0.998171  0.499673 0.571817 1 6 1.000000
heavy_cap
0  -4.289665 -1.648883 68.820648  -0.927893 -0.235178 -0.289319  0.499592 0.572306 1 6 1.000000
0  -4.272489 -1.648680 68.805756  0.014185 -0.058775 -0.998171  0.499673 0.571817 1 6 1.000000
0  -4.102067 -2.333548 68.844551  0.043925 -0.037099 -0.998346  0.518212 0.572877 1 6 1.000000
heavy_cap
0  -4.289665 -1.648883 68.820648  -0.927893 -0.235178 -0.289319  0.499592 0.572306 1 6 1.000000
0  -4.102067 -2.333548 68.844551  0.043925 -0.037099 -0.998346  0.518212 0.572877 1 6 1.000000
0  -4.121243 -2.342402 68.859482  -0.864423 -0.281812 -0.416359  0.518202 0.573634 1 6 1.000000
heavy_cap
0  -4.128179 -2.343217 68.904442  -0.957230 -0.288807 0.017372  0.518003 0.574980 1 6 1.000000
0  -4.289665 -1.648883 68.820648  -0.927893 -0.235178 -0.289319  0.499592 0.572306 1 6 1.000000
0  -4.121243 -2.342402 68.859482  -0.864423 -0.281812 -0.416359  0.518202 0.573634 1 6 1.000000
heavy_cap
0  -4.128179 -2.343217 68.904442  -0.957230 -0.288807 0.017372  0.518003 0.574980 1 6 1.000000
0  -4.294439 -1.640805 68.865654  -0.971571 -0.216113 0.096665  0.499375 0.573305 1 6 1.000000
0  -4.289665 -1.648883 68.820648  -0.927893 -0.235178 -0.289319  0.499592 0.572306 1 6 1.000000
heavy_cap
0  -4.120264 -2.340770 68.949486  -0.850152 -0.234260 0.471555  0.517821 0.576315 1 6 1.000000
0  -4.294439 -1.640805 68.865654  -0.971571 -0.216113 0.096665  0.499375 0.573305 1 6 1.000000
0  -4.128179 -2.343217 68.904442  -0.957230 -0.288807 0.017372  0.518003 0.574980 1 6 1.000000
heavy_cap
0  -4.120264 -2.340770 68.949486  -0.850152 -0.234260 0.471555  0.517821 0.576315 1 6 1.000000
0  -4.285218 -1.631626 68.910698  -0.845558 -0.159808 0.509405  0.499140 0.574320 1 6 1.000000
0  -4.294439 -1.640805 68.865654  -0.971571 -0.216113 0.096665  0.499375 0.573305 1 6 1.000000
heavy_cap
0  -4.285218 -1.631626 68.910698  -0.845558 -0.159808 0.509405  0.499140 0.574320 1 6 1.000000
0  -4.336872 -1.433051 68.849121  -0.978446 -0.175650 0.108586  0.495453 0.572768 1 6 1.000000
0  -4.294439 -1.640805 68.865654  -0.971571 -0.216113 0.096665  0.499375 0.573305 1 6 1.000000
heavy_cap
0  -4.285218 -1.631626 68.910698  -0.845558 -0.159808 0.509405  0.499140 0.574320 1 6 1.000000
0  -4.327855 -1.420363 68.894127  -0.863349 -0.133619 0.486594  0.495046 0.573490 1 6 1.000000
0  -4.336872 -1.433051 68.849121  -0.978446 -0.175650 0.108586  0.495453 0.572768 1 6 1.000000
heavy_cap
0  -4.355966 -1.312692 68.843620  -0.996233 -0.042772 0.075429  0.494025 0.572214 1 6 1.000000
0  -4.336872 -1.433051 68.849121  -0.978446 -0.175650 0.108586  0.495453 0.572768 1 6 1.000000
0  -4.327855 -1.420363 68.894127  -0.863349 -0.133619 0.486594  0.495046 0.573490 1 6 1.000000
heavy_cap
0  -4.342054 -1.300411 68.843742  -0.012863 0.924370 -0.381280  0.493863 0.572091 1 6 1.000000
0  -3.911613 -1.323829 68.812080  0.049398 0.392351 -0.918488  0.491446 0.566226 1 6 1.000000
0  -4.341726 -1.324931 68.798698  0.000401 0.373497 -0.927631  0.494318 0.571778 1 6 1.000000
heavy_cap
0  -3.911613 -1.323829 68.812080  0.049398 0.392351 -0.918488  0.491446 0.566226 1 6 1.000000
0  -4.316839 -1.446352 68.789192  0.005109 -0.020918 -0.999768  0.495833 0.571732 1 6 1.000000
0  -4.341726 -1.324931 68.798698  0.000401 0.373497 -0.927631  0.494318 0.571778 1 6 1.000000
heavy_cap
0  -4.355966 -1.312692 68.843620  -0.996233 -0.042772 0.075429  0.494025 0.572214 1 6 1.000000
0  -4.327855 -1.420363 68.894127  -0.863349 -0.133619 0.486594  0.495046 0.573490 1 6 1.000000
0  -4.348866 -1.300452 68.888664  -0.937807 -0.023189 0.346381  0.493628 0.572504 1 6 1.000000
heavy_cap
0  -4.342054 -1.300411 68.843742  -0.012863 0.924370 -0.381280  0.493863 0.572091 1 6 1.000000
0  -4.355966 -1.312692 68.843620  -0.996233 -0.042772 0.075429  0.494025 0.572214 1 6 1.000000
0  -4.348866 -1.300452 68.888664  -0.937807 -0.023189 0.346381  0.493628 0.572504 1 6 1.000000
heavy_cap
0  -4.342054 -1.300411 68.843742  -0.012863 0.924370 -0.381280  0.493863 0.572091 1 6 1.000000
0  -4.351600 -1.330072 68.810280  -0.968655 -0.059094 -0.241279  0.494334 0.571953 1 6 1.000000
0  -4.355966 -1.312692 68.843620  -0.996233 -0.042772 0.075429  0.494025 0.572214 1 6 1.000000
heavy_cap
0  -4.342054 -1.300411 68.843742  -0.012863 0.924370 -0.381280  0.493863 0.572091 1 6 1.000000
0  -4.341726 -1.324931 68.798698  0.000401 0.373497 -0.927631  0.494318 0.571778 1 6 1.000000
0  -4.351600 -1.330072 68.810280  -0.968655 -0.059094 -0.241279  0.494334 0.571953 1 6 1.000000
heavy_cap
0  -4.341726 -1.324931 68.798698  0.000401 0.373497 -0.927631  0.494318 0.571778 1 6 1.000000
0  -4.332791 -1.445210 68.804123  -0.943458 -0.190546 -0.271255  0.495755 0.572070 1 6 1.000000
0  -4.351600 -1.330072 68.810280  -0.968655 -0.059094 -0.241279  0.494334 0.571953 1 6 1.000000
heavy_cap
0  -4.341726 -1.324931 68.798698  0.000401 0.373497 -0.927631  0.494318 0.571778 1 6 1.000000
0  -4.316839 -1.446352 68.789192  0.005109 -0.020918 -0.999768  0.495833 0.571732 1 6 1.000000
0  -4.332791 -1.445210 68.804123  -0.943458 -0.190546 -0.271255  0.495755 0.572070 1 6 1.000000
heavy_cap
0  -4.289665 -1.648883 68.820648  -0.927893 -0.235178 -0.289319  0.499592 0.572306 1 6 1.000000
0  -4.332791 -1.445210 68.804123  -0.943458 -0.190546 -0.271255  0.495755 0.572070 1 6 1.000000
0  -4.316839 -1.446352 68.789192  0.005109 -0.020918 -0.999768  0.495833 0.571732 1 6 1.000000
heavy_cap
0  -4.294439 -1.640805 68.865654  -0.971571 -0.216113 0.096665  0.499375 0.573305 1 6 1.000000
0  -4.332791 -1.445210 68.804123  -0.943458 -0.190546 -0.271255  0.495755 0.572070 1 6 1.000000
0  -4.289665 -1.648883 68.820648  -0.927893 -0.235178 -0.289319  0.499592 0.572306 1 6 1.000000
heavy_cap
0  -4.294439 -1.640805 68.865654  -0.971571 -0.216113 0.096665  0.499375 0.573305 1 6 1.000000
0  -4.336872 -1.433051 68.849121  -0.978446 -0.175650 0.108586  0.495453 0.572768 1 6 1.000000
0  -4.332791 -1.445210 68.804123  -0.943458 -0.190546 -0.271255  0.495755 0.572070 1 6 1.000000
heavy_cap
0  -4.351600 -1.330072 68.810280  -0.968655 -0.059094 -0.241279  0.494334 0.571953 1 6 1.000000
0  -4.332791 -1.445210 68.804123  -0.943458 -0.190546 -0.271255  0.495755 0.572070 1 6 1.000000
0  -4.336872 -1.433051 68.849121  -0.978446 -0.175650 0.108586  0.495453 0.572768 1 6 1.000000
heavy_cap
0  -4.351600 -1.330072 68.810280  -0.968655 -0.059094 -0.241279  0.494334 0.571953 1 6 1.000000
0  -4.336872 -1.433051 68.849121  -0.978446 -0.175650 0.108586  0.495453 0.572768 1 6 1.000000
0  -4.355966 -1.312692 68.843620  -0.996233 -0.042772 0.075429  0.494025 0.572214 1 6 1.000000
heavy_cap
0  -2.408214 -3.730052 68.968666  0.614480 0.743981 -0.262498  0.501621 0.425534 1 6 1.000000
0  -3.485293 -2.271410 68.888748  0.132386 0.043054 -0.990263  0.512037 0.531685 1 6 1.000000
0  -3.487619 -2.200091 68.947372  0.850498 0.522655 -0.059037  0.508244 0.535224 1 6 1.000000
heavy_cap
0  -2.408214 -3.730052 68.968666  0.614480 0.743981 -0.262498  0.501621 0.425534 1 6 1.000000
0  -2.422372 -3.785376 68.907951  0.055690 0.063339 -0.996437  0.506018 0.423048 1 6 1.000000
0  -3.485293 -2.271410 68.888748  0.132386 0.043054 -0.990263  0.512037 0.531685 1 6 1.000000
heavy_cap
0  -0.685189 -4.614391 68.978661  0.368234 0.851180 -0.374026  0.459300 0.309753 1 6 1.000000
0  -2.422372 -3.785376 68.907951  0.055690 0.063339 -0.996437  0.506018 0.423048 1 6 1.000000
0  -2.408214 -3.730052 68.968666  0.614480 0.743981 -0.262498  0.501621 0.425534 1 6 1.000000
heavy_cap
0  -0.685189 -4.614391 68.978661  0.368234 0.851180 -0.374026  0.459300 0.309753 1 6 1.000000
0  -0.691880 -4.675795 68.908035  0.042509 0.103596 -0.993711  0.464363 0.306616 1 6 1.000000
0  -2.422372 -3.785376 68.907951  0.055690 0.063339 -0.996437  0.506018 0.423048 1 6 1.000000
heavy_cap
0  -0.006562 -4.760373 68.976860  0.000020 0.931942 -0.362608  0.439136 0.268827 1 6 1.000000
0  -0.691880 -4.675795 68.908035  0.042509 0.103596 -0.993711  0.464363 0.306616 1 6 1.000000
0  -0.685189 -4.614391 68.978661  0.368234 0.851180 -0.374026  0.459300 0.309753 1 6 1.000000
heavy_cap
0  -0.006562 -4.760373 68.976860  0.000020 0.931942 -0.362608  0.439136 0.268827 1 6 1.000000
0  -0.006562 -4.816105 68.908035  0.000041 0.093731 -0.995598  0.444143 0.265853 1 6 1.000000
0  -0.691880 -4.675795 68.908035  0.042509 0.103596 -0.993711  0.464363 0.306616 1 6 1.000000
heavy_cap
0  0.678756 -4.675794 68.908035  -0.042486 0.103489 -0.993723  0.417759 0.228097 1 6 1.000000
0  -0.006562 -4.816105 68.908035  0.000041 0.093731 -0.995598  0.444143 0.265853 1 6 1.000000
0  -0.006562 -4.760373 68.976860  0.000020 0.931942 -0.362608  0.439136 0.268827 1 6 1.000000
heavy_cap
0  0.678756 -4.675794 68.908035  -0.042486 0.103489 -0.993723  0.417759 0.228097 1 6 1.000000
0  -0.006562 -4.760373 68.976860  0.000020 0.931942 -0.362608  0.439136 0.268827 1 6 1.000000
0  0.672063 -4.614391 68.978661  -0.368309 0.851182 -0.373950  0.412415 0.231105 1 6 1.000000
heavy_cap
0  2.409246 -3.785374 68.907959  -0.055601 0.063378 -0.996440  0.332812 0.130415 1 6 1.000000
0  0.678756 -4.675794 68.908035  -0.042486 0.103489 -0.993723  0.417759 0.228097 1 6 1.000000
0  0.672063 -4.614391 68.978661  -0.368309 0.851182 -0.373950  0.412415 0.231105 1 6 1.000000
heavy_cap
0  2.409246 -3.785374 68.907959  -0.055601 0.063378 -0.996440  0.332812 0.130415 1 6 1.000000
0  0.672063 -4.614391 68.978661  -0.368309 0.851182 -0.373950  0.412415 0.231105 1 6 1.000000
0  2.395088 -3.730050 68.968674  -0.614409 0.744030 -0.262529  0.327910 0.132889 1 6 1.000000
heavy_cap
0  3.472167 -2.271408 68.888763  -0.132542 0.042889 -0.990249  0.239636 0.049519 1 6 1.000000
0  2.409246 -3.785374 68.907959  -0.055601 0.063378 -0.996440  0.332812 0.130415 1 6 1.000000
0  2.395088 -3.730050 68.968674  -0.614409 0.744030 -0.262529  0.327910 0.132889 1 6 1.000000
heavy_cap
0  3.472167 -2.271408 68.888763  -0.132542 0.042889 -0.990249  0.239636 0.049519 1 6 1.000000
0  2.395088 -3.730050 68.968674  -0.614409 0.744030 -0.262529  0.327910 0.132889 1 6 1.000000
0  3.474493 -2.200089 68.947388  -0.850528 0.522606 -0.059025  0.233813 0.050457 1 6 1.000000
heavy_cap
0  3.879473 -1.287066 68.907364  -0.031965 0.995656 0.087445  0.907184 0.839245 1 6 1.000000
0  3.883187 -1.291268 68.911606  -0.023124 0.982266 -0.186058  0.907137 0.839389 1 6 1.000000
0  4.302813 -1.300530 68.906601  0.058478 0.990372 -0.125470  0.898413 0.838677 1 6 1.000000
heavy_cap
0  3.879473 -1.287066 68.907364  -0.031965 0.995656 0.087445  0.907184 0.839245 1 6 1.000000
0  3.837572 -1.310403 68.910057  -0.803857 0.584022 -0.112840  0.908386 0.839026 1 6 1.000000
0  3.883187 -1.291268 68.911606  -0.023124 0.982266 -0.186058  0.907137 0.839389 1 6 1.000000
heavy_cap
0  3.770864 -1.442106 68.910950  -0.934999 0.346056 -0.077600  0.911466 0.835720 1 6 1.000000
0  3.837572 -1.310403 68.910057  -0.803857 0.584022 -0.112840  0.908386 0.839026 1 6 1.000000
0  3.814683 -1.360792 68.850082  -0.836384 0.407091 -0.367068  0.908504 0.836783 1 6 1.000000
heavy_cap
0  4.302813 -1.300530 68.906601  0.058478 0.990372 -0.125470  0.898413 0.838677 1 6 1.000000
0  4.301876 -1.314647 68.906471  0.944543 -0.267173 0.190937  0.897955 0.838621 1 6 1.000000
0  4.318562 -1.305263 68.903618  0.558413 -0.030440 0.829004  0.898154 0.838366 1 6 1.000000
heavy_cap
0  4.302813 -1.300530 68.906601  0.058478 0.990372 -0.125470  0.898413 0.838677 1 6 1.000000
0  4.318562 -1.305263 68.903618  0.558413 -0.030440 0.829004  0.898154 0.838366 1 6 1.000000
0  4.313136 -1.291718 68.903740  0.022978 0.907381 0.419681  0.898384 0.838400 1 6 1.000000
heavy_cap
0  3.879473 -1.287066 68.907364  -0.031965 0.995656 0.087445  0.907184 0.839245 1 6 1.000000
0  4.302813 -1.300530 68.906601  0.058478 0.990372 -0.125470  0.898413 0.838677 1 6 1.000000
0  4.313136 -1.291718 68.903740  0.022978 0.907381 0.419681  0.898384 0.838400 1 6 1.000000
heavy_cap
0  3.876128 -1.288209 68.890839  -0.060558 0.959605 -0.274756  0.907199 0.838870 1 6 1.000000
0  3.879473 -1.287066 68.907364  -0.031965 0.995656 0.087445  0.907184 0.839245 1 6 1.000000
0  4.313136 -1.291718 68.903740  0.022978 0.907381 0.419681  0.898384 0.838400 1 6 1.000000
heavy_cap
0  3.876128 -1.288209 68.890839  -0.060558 0.959605 -0.274756  0.907199 0.838870 1 6 1.000000
0  3.837572 -1.310403 68.910057  -0.803857 0.584022 -0.112840  0.908386 0.839026 1 6 1.000000
0  3.879473 -1.287066 68.907364  -0.031965 0.995656 0.087445  0.907184 0.839245 1 6 1.000000
heavy_cap
0  3.876046 -1.304488 68.845428  -0.139892 0.889865 -0.434246  0.906993 0.837799 1 6 1.000000
0  3.837572 -1.310403 68.910057  -0.803857 0.584022 -0.112840  0.908386 0.839026 1 6 1.000000
0  3.876128 -1.288209 68.890839  -0.060558 0.959605 -0.274756  0.907199 0.838870 1 6 1.000000
heavy_cap
0  3.876046 -1.304488 68.845428  -0.139892 0.889865 -0.434246  0.906993 0.837799 1 6 1.000000
0  3.814683 -1.360792 68.850082  -0.836384 0.407091 -0.367068  0.908504 0.836783 1 6 1.000000
0  3.837572 -1.310403 68.910057  -0.803857 0.584022 -0.112840  0.908386 0.839026 1 6 1.000000
heavy_cap
0  3.841856 -1.389271 68.805771  -0.145495 -0.003068 -0.989354  0.907633 0.835612 1 6 1.000000
0  3.814683 -1.360792 68.850082  -0.836384 0.407091 -0.367068  0.908504 0.836783 1 6 1.000000
0  3.876046 -1.304488 68.845428  -0.139892 0.889865 -0.434246  0.906993 0.837799 1 6 1.000000
heavy_cap
0  3.770864 -1.442106 68.910950  -0.934999 0.346056 -0.077600  0.911466 0.835720 1 6 1.000000
0  3.814683 -1.360792 68.850082  -0.836384 0.407091 -0.367068  0.908504 0.836783 1 6 1.000000
0  3.841856 -1.389271 68.805771  -0.145495 -0.003068 -0.989354  0.907633 0.835612 1 6 1.000000
heavy_cap
0  3.770864 -1.442106 68.910950  -0.934999 0.346056 -0.077600  0.911466 0.835720 1 6 1.000000
0  3.841856 -1.389271 68.805771  -0.145495 -0.003068 -0.989354  0.907633 0.835612 1 6 1.000000
0  3.780044 -1.514974 68.821686  -0.236213 0.016862 -0.971555  0.909384 0.832247 1 6 1.000000
heavy_cap
0  3.474493 -2.200089 68.947388  -0.850528 0.522606 -0.059025  0.925632 0.801783 1 6 1.000000
0  3.770864 -1.442106 68.910950  -0.934999 0.346056 -0.077600  0.911466 0.835720 1 6 1.000000
0  3.780044 -1.514974 68.821686  -0.236213 0.016862 -0.971555  0.909384 0.832247 1 6 1.000000
heavy_cap
0  3.474493 -2.200089 68.947388  -0.850528 0.522606 -0.059025  0.925632 0.801783 1 6 1.000000
0  3.780044 -1.514974 68.821686  -0.236213 0.016862 -0.971555  0.909384 0.832247 1 6 1.000000
0  3.472167 -2.271408 68.888763  -0.132542 0.042889 -0.990249  0.923566 0.797407 1 6 1.000000
heavy_cap
0  3.780044 -1.514974 68.821686  -0.236213 0.016862 -0.971555  0.909384 0.832247 1 6 1.000000
0  4.088900 -2.333544 68.844574  -0.044408 -0.037145 -0.998323  0.885417 0.812587 1 6 1.000000
0  3.472167 -2.271408 68.888763  -0.132542 0.042889 -0.990249  0.923566 0.797407 1 6 1.000000
heavy_cap
0  4.088900 -2.333544 68.844574  -0.044408 -0.037145 -0.998323  0.885417 0.812587 1 6 1.000000
0  3.749077 -3.298058 68.876305  -0.016959 -0.003713 -0.999849  0.862936 0.783891 1 6 1.000000
0  3.472167 -2.271408 68.888763  -0.132542 0.042889 -0.990249  0.923566 0.797407 1 6 1.000000
heavy_cap
0  3.749077 -3.298058 68.876305  -0.016959 -0.003713 -0.999849  0.862936 0.783891 1 6 1.000000
0  4.088900 -2.333544 68.844574  -0.044408 -0.037145 -0.998323  0.885417 0.812587 1 6 1.000000
0  4.108117 -2.342399 68.859505  0.864126 -0.281885 -0.416926  0.884649 0.812963 1 6 1.000000
heavy_cap
0  3.749077 -3.298058 68.876305  -0.016959 -0.003713 -0.999849  0.862936 0.783891 1 6 1.000000
0  4.108117 -2.342399 68.859505  0.864126 -0.281885 -0.416926  0.884649 0.812963 1 6 1.000000
0  3.767518 -3.318702 68.891197  0.788401 -0.387624 -0.477674  0.861853 0.784298 1 6 1.000000
heavy_cap
0  4.115053 -2.343215 68.904465  0.957220 -0.288839 0.017395  0.883369 0.813812 1 6 1.000000
0  3.767518 -3.318702 68.891197  0.788401 -0.387624 -0.477674  0.861853 0.784298 1 6 1.000000
0  4.108117 -2.342399 68.859505  0.864126 -0.281885 -0.416926  0.884649 0.812963 1 6 1.000000
heavy_cap
0  4.115053 -2.343215 68.904465  0.957220 -0.288839 0.017395  0.883369 0.813812 1 6 1.000000
0  3.774373 -3.324252 68.936203  0.903296 -0.428918 -0.009238  0.860492 0.785359 1 6 1.000000
0  3.767518 -3.318702 68.891197  0.788401 -0.387624 -0.477674  0.861853 0.784298 1 6 1.000000
heavy_cap
0  3.780044 -1.514974 68.821686  -0.236213 0.016862 -0.971555  0.909384 0.832247 1 6 1.000000
0  4.259363 -1.648677 68.805771  -0.014052 -0.058831 -0.998169  0.895786 0.831186 1 6 1.000000
0  4.088900 -2.333544 68.844574  -0.044408 -0.037145 -0.998323  0.885417 0.812587 1 6 1.000000
heavy_cap
0  4.259363 -1.648677 68.805771  -0.014052 -0.058831 -0.998169  0.895786 0.831186 1 6 1.000000
0  3.780044 -1.514974 68.821686  -0.236213 0.016862 -0.971555  0.909384 0.832247 1 6 1.000000
0  3.841856 -1.389271 68.805771  -0.145495 -0.003068 -0.989354  0.907633 0.835612 1 6 1.000000
heavy_cap
0  4.318562 -1.305263 68.903618  0.558413 -0.030440 0.829004  0.898154 0.838366 1 6 1.000000
0  4.323948 -1.287637 68.888771  0.018470 0.982473 -0.185485  0.898395 0.838127 1 6 1.000000
0  4.313136 -1.291718 68.903740  0.022978 0.907381 0.419681  0.898384 0.838400 1 6 1.000000
heavy_cap
0  3.841856 -1.389271 68.805771  -0.145495 -0.003068 -0.989354  0.907633 0.835612 1 6 1.000000
0  3.876046 -1.304488 68.845428  -0.139892 0.889865 -0.434246  0.906993 0.837799 1 6 1.000000
0  3.898486 -1.323827 68.812096  -0.049434 0.392302 -0.918507  0.906413 0.837023 1 6 1.000000
heavy_cap
0  4.303711 -1.446349 68.789207  -0.004752 -0.020900 -0.999770  0.897888 0.835219 1 6 1.000000
0  3.841856 -1.389271 68.805771  -0.145495 -0.003068 -0.989354  0.907633 0.835612 1 6 1.000000
0  3.898486 -1.323827 68.812096  -0.049434 0.392302 -0.918507  0.906413 0.837023 1 6 1.000000
heavy_cap
0  4.259363 -1.648677 68.805771  -0.014052 -0.058831 -0.998169  0.895786 0.831186 1 6 1.000000
0  3.841856 -1.389271 68.805771  -0.145495 -0.003068 -0.989354  0.907633 0.835612 1 6 1.000000
0  4.303711 -1.446349 68.789207  -0.004752 -0.020900 -0.999770  0.897888 0.835219 1 6 1.000000
heavy_cap
0  4.303711 -1.446349 68.789207  -0.004752 -0.020900 -0.999770  0.897888 0.835219 1 6 1.000000
0  4.276540 -1.648881 68.820663  0.927903 -0.235146 -0.289312  0.895310 0.831524 1 6 1.000000
0  4.259363 -1.648677 68.805771  -0.014052 -0.058831 -0.998169  0.895786 0.831186 1 6 1.000000
heavy_cap
0  4.088900 -2.333544 68.844574  -0.044408 -0.037145 -0.998323  0.885417 0.812587 1 6 1.000000
0  4.259363 -1.648677 68.805771  -0.014052 -0.058831 -0.998169  0.895786 0.831186 1 6 1.000000
0  4.276540 -1.648881 68.820663  0.927903 -0.235146 -0.289312  0.895310 0.831524 1 6 1.000000
heavy_cap
0  4.088900 -2.333544 68.844574  -0.044408 -0.037145 -0.998323  0.885417 0.812587 1 6 1.000000
0  4.276540 -1.648881 68.820663  0.927903 -0.235146 -0.289312  0.895310 0.831524 1 6 1.000000
0  4.108117 -2.342399 68.859505  0.864126 -0.281885 -0.416926  0.884649 0.812963 1 6 1.000000
heavy_cap
0  4.276540 -1.648881 68.820663  0.927903 -0.235146 -0.289312  0.895310 0.831524 1 6 1.000000
0  4.115053 -2.343215 68.904465  0.957220 -0.288839 0.017395  0.883369 0.813812 1 6 1.000000
0  4.108117 -2.342399 68.859505  0.864126 -0.281885 -0.416926  0.884649 0.812963 1 6 1.000000
heavy_cap
0  3.876128 -1.288209 68.890839  -0.060558 0.959605 -0.274756  0.907199 0.838870 1 6 1.000000
0  4.313136 -1.291718 68.903740  0.022978 0.907381 0.419681  0.898384 0.838400 1 6 1.000000
0  4.323948 -1.287637 68.888771  0.018470 0.982473 -0.185485  0.898395 0.838127 1 6 1.000000
heavy_cap
0  3.876046 -1.304488 68.845428  -0.139892 0.889865 -0.434246  0.906993 0.837799 1 6 1.000000
0  3.876128 -1.288209 68.890839  -0.060558 0.959605 -0.274756  0.907199 0.838870 1 6 1.000000
0  4.323948 -1.287637 68.888771  0.018470 0.982473 -0.185485  0.898395 0.838127 1 6 1.000000
heavy_cap
0  3.876046 -1.304488 68.845428  -0.139892 0.889865 -0.434246  0.906993 0.837799 1 6 1.000000
0  4.323948 -1.287637 68.888771  0.018470 0.982473 -0.185485  0.898395 0.838127 1 6 1.000000
0  4.328925 -1.300408 68.843765  0.012891 0.924363 -0.381296  0.898549 0.837545 1 6 1.000000
heavy_cap
0  3.898486 -1.323827 68.812096  -0.049434 0.392302 -0.918507  0.906413 0.837023 1 6 1.000000
0  3.876046 -1.304488 68.845428  -0.139892 0.889865 -0.434246  0.906993 0.837799 1 6 1.000000
0  4.328925 -1.300408 68.843765  0.012891 0.924363 -0.381296  0.898549 0.837545 1 6 1.000000
heavy_cap
0  3.898486 -1.323827 68.812096  -0.049434 0.392302 -0.918507  0.906413 0.837023 1 6 1.000000
0  4.328925 -1.300408 68.843765  0.012891 0.924363 -0.381296  0.898549 0.837545 1 6 1.000000
0  4.328600 -1.324928 68.798721  -0.000780 0.373243 -0.927733  0.898646 0.836881 1 6 1.000000
heavy_cap
0  4.303711 -1.446349 68.789207  -0.004752 -0.020900 -0.999770  0.897888 0.835219 1 6 1.000000
0  3.898486 -1.323827 68.812096  -0.049434 0.392302 -0.918507  0.906413 0.837023 1 6 1.000000
0  4.328600 -1.324928 68.798721  -0.000780 0.373243 -0.927733  0.898646 0.836881 1 6 1.000000
heavy_cap
0  4.319664 -1.445207 68.804138  0.943608 -0.190498 -0.270768  0.897564 0.835483 1 6 1.000000
0  4.303711 -1.446349 68.789207  -0.004752 -0.020900 -0.999770  0.897888 0.835219 1 6 1.000000
0  4.328600 -1.324928 68.798721  -0.000780 0.373243 -0.927733  0.898646 0.836881 1 6 1.000000
heavy_cap
0  4.303711 -1.446349 68.789207  -0.004752 -0.020900 -0.999770  0.897888 0.835219 1 6 1.000000
0  4.319664 -1.445207 68.804138  0.943608 -0.190498 -0.270768  0.897564 0.835483 1 6 1.000000
0  4.276540 -1.648881 68.820663  0.927903 -0.235146 -0.289312  0.895310 0.831524 1 6 1.000000
heavy_cap
0  4.281313 -1.640802 68.865669  0.971581 -0.216071 0.096659  0.894367 0.832267 1 6 1.000000
0  4.276540 -1.648881 68.820663  0.927903 -0.235146 -0.289312  0.895310 0.831524 1 6 1.000000
0  4.319664 -1.445207 68.804138  0.943608 -0.190498 -0.270768  0.897564 0.835483 1 6 1.000000
heavy_cap
0  4.276540 -1.648881 68.820663  0.927903 -0.235146 -0.289312  0.895310 0.831524 1 6 1.000000
0  4.281313 -1.640802 68.865669  0.971581 -0.216071 0.096659  0.894367 0.832267 1 6 1.000000
0  4.115053 -2.343215 68.904465  0.957220 -0.288839 0.017395  0.883369 0.813812 1 6 1.000000
heavy_cap
0  4.107137 -2.340767 68.949509  0.850141 -0.234340 0.471534  0.882091 0.814638 1 6 1.000000
0  4.115053 -2.343215 68.904465  0.957220 -0.288839 0.017395  0.883369 0.813812 1 6 1.000000
0  4.281313 -1.640802 68.865669  0.971581 -0.216071 0.096659  0.894367 0.832267 1 6 1.000000
heavy_cap
0  4.107137 -2.340767 68.949509  0.850141 -0.234340 0.471534  0.882091 0.814638 1 6 1.000000
0  4.281313 -1.640802 68.865669  0.971581 -0.216071 0.096659  0.894367 0.832267 1 6 1.000000
0  4.272092 -1.631623 68.910713  0.845587 -0.159562 0.509434  0.893410 0.833034 1 6 1.000000
heavy_cap
0  4.107137 -2.340767 68.949509  0.850141 -0.234340 0.471534  0.882091 0.814638 1 6 1.000000
0  4.272092 -1.631623 68.910713  0.845587 -0.159562 0.509434  0.893410 0.833034 1 6 1.000000
0  4.247327 -1.628563 68.925728  0.353083 -0.023818 0.935289  0.892747 0.833406 1 6 1.000000
heavy_cap
0  4.272092 -1.631623 68.910713  0.845587 -0.159562 0.509434  0.893410 0.833034 1 6 1.000000
0  4.291308 -1.417462 68.909157  0.370532 -0.017656 0.928652  0.895973 0.837428 1 6 1.000000
0  4.247327 -1.628563 68.925728  0.353083 -0.023818 0.935289  0.892747 0.833406 1 6 1.000000
heavy_cap
0  4.272092 -1.631623 68.910713  0.845587 -0.159562 0.509434  0.893410 0.833034 1 6 1.000000
0  4.314727 -1.420359 68.894142  0.863340 -0.133556 0.486629  0.896404 0.836996 1 6 1.000000
0  4.291308 -1.417462 68.909157  0.370532 -0.017656 0.928652  0.895973 0.837428 1 6 1.000000
heavy_cap
0  4.318562 -1.305263 68.903618  0.558413 -0.030440 0.829004  0.898154 0.838366 1 6 1.000000
0  4.291308 -1.417462 68.909157  0.370532 -0.017656 0.928652  0.895973 0.837428 1 6 1.000000
0  4.314727 -1.420359 68.894142  0.863340 -0.133556 0.486629  0.896404 0.836996 1 6 1.000000
heavy_cap
0  4.318562 -1.305263 68.903618  0.558413 -0.030440 0.829004  0.898154 0.838366 1 6 1.000000
0  4.314727 -1.420359 68.894142  0.863340 -0.133556 0.486629  0.896404 0.836996 1 6 1.000000
0  4.335740 -1.300449 68.888687  0.937803 -0.023437 0.346377  0.898225 0.838021 1 6 1.000000
heavy_cap
0  4.318562 -1.305263 68.903618  0.558413 -0.030440 0.829004  0.898154 0.838366 1 6 1.000000
0  4.335740 -1.300449 68.888687  0.937803 -0.023437 0.346377  0.898225 0.838021 1 6 1.000000
0  4.323948 -1.287637 68.888771  0.018470 0.982473 -0.185485  0.898395 0.838127 1 6 1.000000
heavy_cap
0  4.319664 -1.445207 68.804138  0.943608 -0.190498 -0.270768  0.897564 0.835483 1 6 1.000000
0  4.328600 -1.324928 68.798721  -0.000780 0.373243 -0.927733  0.898646 0.836881 1 6 1.000000
0  4.338474 -1.330070 68.810303  0.968533 -0.059135 -0.241757  0.898448 0.836957 1 6 1.000000
heavy_cap
0  4.328925 -1.300408 68.843765  0.012891 0.924363 -0.381296  0.898549 0.837545 1 6 1.000000
0  4.338474 -1.330070 68.810303  0.968533 -0.059135 -0.241757  0.898448 0.836957 1 6 1.000000
0  4.328600 -1.324928 68.798721  -0.000780 0.373243 -0.927733  0.898646 0.836881 1 6 1.000000
heavy_cap
0  4.107137 -2.340767 68.949509  0.850141 -0.234340 0.471534  0.882091 0.814638 1 6 1.000000
0  4.247327 -1.628563 68.925728  0.353083 -0.023818 0.935289  0.892747 0.833406 1 6 1.000000
0  4.081882 -2.339952 68.964523  0.342519 -0.065111 0.937252  0.881197 0.815008 1 6 1.000000
heavy_cap
0  4.328925 -1.300408 68.843765  0.012891 0.924363 -0.381296  0.898549 0.837545 1 6 1.000000
0  4.323948 -1.287637 68.888771  0.018470 0.982473 -0.185485  0.898395 0.838127 1 6 1.000000
0  4.335740 -1.300449 68.888687  0.937803 -0.023437 0.346377  0.898225 0.838021 1 6 1.000000
heavy_cap
0  4.328925 -1.300408 68.843765  0.012891 0.924363 -0.381296  0.898549 0.837545 1 6 1.000000
0  4.335740 -1.300449 68.888687  0.937803 -0.023437 0.346377  0.898225 0.838021 1 6 1.000000
0  4.342839 -1.312688 68.843643  0.996226 -0.042865 0.075480  0.898331 0.837433 1 6 1.000000
heavy_cap
0  4.328925 -1.300408 68.843765  0.012891 0.924363 -0.381296  0.898549 0.837545 1 6 1.000000
0  4.342839 -1.312688 68.843643  0.996226 -0.042865 0.075480  0.898331 0.837433 1 6 1.000000
0  4.338474 -1.330070 68.810303  0.968533 -0.059135 -0.241757  0.898448 0.836957 1 6 1.000000
heavy_cap
0  4.323744 -1.433048 68.849136  0.978463 -0.175603 0.108503  0.896971 0.836177 1 6 1.000000
0  4.338474 -1.330070 68.810303  0.968533 -0.059135 -0.241757  0.898448 0.836957 1 6 1.000000
0  4.342839 -1.312688 68.843643  0.996226 -0.042865 0.075480  0.898331 0.837433 1 6 1.000000
heavy_cap
0  4.323744 -1.433048 68.849136  0.978463 -0.175603 0.108503  0.896971 0.836177 1 6 1.000000
0  4.319664 -1.445207 68.804138  0.943608 -0.190498 -0.270768  0.897564 0.835483 1 6 1.000000
0  4.338474 -1.330070 68.810303  0.968533 -0.059135 -0.241757  0.898448 0.836957 1 6 1.000000
heavy_cap
0  4.281313 -1.640802 68.865669  0.971581 -0.216071 0.096659  0.894367 0.832267 1 6 1.000000
0  4.319664 -1.445207 68.804138  0.943608 -0.190498 -0.270768  0.897564 0.835483 1 6 1.000000
0  4.323744 -1.433048 68.849136  0.978463 -0.175603 0.108503  0.896971 0.836177 1 6 1.000000
heavy_cap
0  4.323744 -1.433048 68.849136  0.978463 -0.175603 0.108503  0.896971 0.836177 1 6 1.000000
0  4.272092 -1.631623 68.910713  0.845587 -0.159562 0.509434  0.893410 0.833034 1 6 1.000000
0  4.281313 -1.640802 68.865669  0.971581 -0.216071 0.096659  0.894367 0.832267 1 6 1.000000
heavy_cap
0  4.323744 -1.433048 68.849136  0.978463 -0.175603 0.108503  0.896971 0.836177 1 6 1.000000
0  4.314727 -1.420359 68.894142  0.863340 -0.133556 0.486629  0.896404 0.836996 1 6 1.000000
0  4.272092 -1.631623 68.910713  0.845587 -0.159562 0.509434  0.893410 0.833034 1 6 1.000000
heavy_cap
0  4.314727 -1.420359 68.894142  0.863340 -0.133556 0.486629  0.896404 0.836996 1 6 1.000000
0  4.323744 -1.433048 68.849136  0.978463 -0.175603 0.108503  0.896971 0.836177 1 6 1.000000
0  4.342839 -1.312688 68.843643  0.996226 -0.042865 0.075480  0.898331 0.837433 1 6 1.000000
heavy_cap
0  4.314727 -1.420359 68.894142  0.863340 -0.133556 0.486629  0.896404 0.836996 1 6 1.000000
0  4.342839 -1.312688 68.843643  0.996226 -0.042865 0.075480  0.898331 0.837433 1 6 1.000000
0  4.335740 -1.300449 68.888687  0.937803 -0.023437 0.346377  0.898225 0.838021 1 6 1.000000
heavy_cap
0  0.740772 -5.496773 69.014114  0.235986 -0.947262 0.216806  0.743571 0.681862 1 6 1.000000
0  0.355089 -5.581392 69.014114  0.191477 -0.949271 0.249440  0.729401 0.671116 1 6 1.000000
0  0.364024 -5.589633 69.011177  0.131882 -0.624261 0.770003  0.729926 0.670935 1 6 1.000000
heavy_cap
0  0.740772 -5.496773 69.014114  0.235986 -0.947262 0.216806  0.743571 0.681862 1 6 1.000000
0  0.364024 -5.589633 69.011177  0.131882 -0.624261 0.770003  0.729926 0.670935 1 6 1.000000
0  0.758275 -5.501506 69.011177  0.163897 -0.659545 0.733579  0.744388 0.681974 1 6 1.000000
heavy_cap
0  0.758275 -5.501506 69.011177  0.163897 -0.659545 0.733579  0.744388 0.681974 1 6 1.000000
0  1.288797 -5.339081 69.014114  0.354501 -0.928277 0.112385  0.763574 0.698218 1 6 1.000000
0  0.740772 -5.496773 69.014114  0.235986 -0.947262 0.216806  0.743571 0.681862 1 6 1.000000
heavy_cap
0  0.758275 -5.501506 69.011177  0.163897 -0.659545 0.733579  0.744388 0.681974 1 6 1.000000
0  1.312380 -5.340222 69.011177  0.215597 -0.599099 0.771102  0.764847 0.698616 1 6 1.000000
0  1.288797 -5.339081 69.014114  0.354501 -0.928277 0.112385  0.763574 0.698218 1 6 1.000000
heavy_cap
0  2.190231 -4.943238 69.014122  0.535188 -0.836108 0.120406  0.794642 0.725769 1 6 1.000000
0  1.288797 -5.339081 69.014114  0.354501 -0.928277 0.112385  0.763574 0.698218 1 6 1.000000
0  1.312380 -5.340222 69.011177  0.215597 -0.599099 0.771102  0.764847 0.698616 1 6 1.000000
heavy_cap
0  2.190231 -4.943238 69.014122  0.535188 -0.836108 0.120406  0.794642 0.725769 1 6 1.000000
0  1.312380 -5.340222 69.011177  0.215597 -0.599099 0.771102  0.764847 0.698616 1 6 1.000000
0  2.215773 -4.943319 69.011185  0.263577 -0.452689 0.851822  0.796171 0.726121 1 6 1.000000
heavy_cap
0  3.218514 -4.099330 69.012245  0.716459 -0.676009 0.172332  0.832253 0.761320 1 6 1.000000
0  2.190231 -4.943238 69.014122  0.535188 -0.836108 0.120406  0.794642 0.725769 1 6 1.000000
0  2.215773 -4.943319 69.011185  0.263577 -0.452689 0.851822  0.796171 0.726121 1 6 1.000000
heavy_cap
0  3.218514 -4.099330 69.012245  0.716459 -0.676009 0.172332  0.832253 0.761320 1 6 1.000000
0  2.215773 -4.943319 69.011185  0.263577 -0.452689 0.851822  0.796171 0.726121 1 6 1.000000
0  3.244015 -4.099413 69.009308  0.328101 -0.321638 0.888200  0.833426 0.761288 1 6 1.000000
heavy_cap
0  3.716111 -3.322252 68.999153  0.891831 -0.422510 0.161623  0.857227 0.787038 1 6 1.000000
0  3.218514 -4.099330 69.012245  0.716459 -0.676009 0.172332  0.832253 0.761320 1 6 1.000000
0  3.244015 -4.099413 69.009308  0.328101 -0.321638 0.888200  0.833426 0.761288 1 6 1.000000
heavy_cap
0  3.716111 -3.322252 68.999153  0.891831 -0.422510 0.161623  0.857227 0.787038 1 6 1.000000
0  3.244015 -4.099413 69.009308  0.328101 -0.321638 0.888200  0.833426 0.761288 1 6 1.000000
0  3.741529 -3.322293 68.996262  0.336246 -0.143656 0.930753  0.858129 0.786789 1 6 1.000000
heavy_cap
0  4.056463 -2.339870 68.967461  0.946802 -0.276554 0.164570  0.880417 0.815292 1 6 1.000000
0  3.716111 -3.322252 68.999153  0.891831 -0.422510 0.161623  0.857227 0.787038 1 6 1.000000
0  3.741529 -3.322293 68.996262  0.336246 -0.143656 0.930753  0.858129 0.786789 1 6 1.000000
heavy_cap
0  4.056463 -2.339870 68.967461  0.946802 -0.276554 0.164570  0.880417 0.815292 1 6 1.000000
0  3.741529 -3.322293 68.996262  0.336246 -0.143656 0.930753  0.858129 0.786789 1 6 1.000000
0  4.081882 -2.339952 68.964523  0.342519 -0.065111 0.937252  0.881197 0.815008 1 6 1.000000
heavy_cap
0  4.081882 -2.339952 68.964523  0.342519 -0.065111 0.937252  0.881197 0.815008 1 6 1.000000
0  4.222887 -1.628235 68.928619  0.961110 -0.204427 0.185678  0.892149 0.833678 1 6 1.000000
0  4.056463 -2.339870 68.967461  0.946802 -0.276554 0.164570  0.880417 0.815292 1 6 1.000000
heavy_cap
0  4.081882 -2.339952 68.964523  0.342519 -0.065111 0.937252  0.881197 0.815008 1 6 1.000000
0  4.247327 -1.628563 68.925728  0.353083 -0.023818 0.935289  0.892747 0.833406 1 6 1.000000
0  4.222887 -1.628235 68.928619  0.961110 -0.204427 0.185678  0.892149 0.833678 1 6 1.000000
heavy_cap
0  4.247327 -1.628563 68.925728  0.353083 -0.023818 0.935289  0.892747 0.833406 1 6 1.000000
0  4.268337 -1.418483 68.912056  0.957756 -0.218980 0.186417  0.895554 0.837739 1 6 1.000000
0  4.222887 -1.628235 68.928619  0.961110 -0.204427 0.185678  0.892149 0.833678 1 6 1.000000
heavy_cap
0  4.247327 -1.628563 68.925728  0.353083 -0.023818 0.935289  0.892747 0.833406 1 6 1.000000
0  4.291308 -1.417462 68.909157  0.370532 -0.017656 0.928652  0.895973 0.837428 1 6 1.000000
0  4.268337 -1.418483 68.912056  0.957756 -0.218980 0.186417  0.895554 0.837739 1 6 1.000000
heavy_cap
0  4.301876 -1.314647 68.906471  0.944543 -0.267173 0.190937  0.897955 0.838621 1 6 1.000000
0  4.268337 -1.418483 68.912056  0.957756 -0.218980 0.186417  0.895554 0.837739 1 6 1.000000
0  4.291308 -1.417462 68.909157  0.370532 -0.017656 0.928652  0.895973 0.837428 1 6 1.000000
heavy_cap
0  4.301876 -1.314647 68.906471  0.944543 -0.267173 0.190937  0.897955 0.838621 1 6 1.000000
0  4.291308 -1.417462 68.909157  0.370532 -0.017656 0.928652  0.895973 0.837428 1 6 1.000000
0  4.318562 -1.305263 68.903618  0.558413 -0.030440 0.829004  0.898154 0.838366 1 6 1.000000
heavy_cap
0  4.107137 -2.340767 68.949509  0.850141 -0.234340 0.471534  0.882091 0.814638 1 6 1.000000
0  3.774373 -3.324252 68.936203  0.903296 -0.428918 -0.009238  0.860492 0.785359 1 6 1.000000
0  4.115053 -2.343215 68.904465  0.957220 -0.288839 0.017395  0.883369 0.813812 1 6 1.000000
heavy_cap
0  4.107137 -2.340767 68.949509  0.850141 -0.234340 0.471534  0.882091 0.814638 1 6 1.000000
0  3.766702 -3.322783 68.981247  0.812953 -0.370744 0.449062  0.859151 0.786412 1 6 1.000000
0  3.774373 -3.324252 68.936203  0.903296 -0.428918 -0.009238  0.860492 0.785359 1 6 1.000000
heavy_cap
0  4.081882 -2.339952 68.964523  0.342519 -0.065111 0.937252  0.881197 0.815008 1 6 1.000000
0  3.766702 -3.322783 68.981247  0.812953 -0.370744 0.449062  0.859151 0.786412 1 6 1.000000
0  4.107137 -2.340767 68.949509  0.850141 -0.234340 0.471534  0.882091 0.814638 1 6 1.000000
heavy_cap
0  4.081882 -2.339952 68.964523  0.342519 -0.065111 0.937252  0.881197 0.815008 1 6 1.000000
0  3.741529 -3.322293 68.996262  0.336246 -0.143656 0.930753  0.858129 0.786789 1 6 1.000000
0  3.766702 -3.322783 68.981247  0.812953 -0.370744 0.449062  0.859151 0.786412 1 6 1.000000
heavy_cap
0  3.741529 -3.322293 68.996262  0.336246 -0.143656 0.930753  0.858129 0.786789 1 6 1.000000
0  3.269718 -4.100105 68.994339  0.673751 -0.620888 0.400696  0.834571 0.761070 1 6 1.000000
0  3.766702 -3.322783 68.981247  0.812953 -0.370744 0.449062  0.859151 0.786412 1 6 1.000000
heavy_cap
0  3.741529 -3.322293 68.996262  0.336246 -0.143656 0.930753  0.858129 0.786789 1 6 1.000000
0  3.244015 -4.099413 69.009308  0.328101 -0.321638 0.888200  0.833426 0.761288 1 6 1.000000
0  3.269718 -4.100105 68.994339  0.673751 -0.620888 0.400696  0.834571 0.761070 1 6 1.000000
heavy_cap
0  3.244015 -4.099413 69.009308  0.328101 -0.321638 0.888200  0.833426 0.761288 1 6 1.000000
0  2.241885 -4.943931 68.996170  0.508244 -0.780648 0.363699  0.797396 0.726101 1 6 1.000000
0  3.269718 -4.100105 68.994339  0.673751 -0.620888 0.400696  0.834571 0.761070 1 6 1.000000
heavy_cap
0  3.244015 -4.099413 69.009308  0.328101 -0.321638 0.888200  0.833426 0.761288 1 6 1.000000
0  2.215773 -4.943319 69.011185  0.263577 -0.452689 0.851822  0.796171 0.726121 1 6 1.000000
0  2.241885 -4.943931 68.996170  0.508244 -0.780648 0.363699  0.797396 0.726101 1 6 1.000000
heavy_cap
0  2.215773 -4.943319 69.011185  0.263577 -0.452689 0.851822  0.796171 0.726121 1 6 1.000000
0  1.336003 -5.341774 68.996162  0.351563 -0.897178 0.267347  0.766072 0.698625 1 6 1.000000
0  2.241885 -4.943931 68.996170  0.508244 -0.780648 0.363699  0.797396 0.726101 1 6 1.000000
heavy_cap
0  2.215773 -4.943319 69.011185  0.263577 -0.452689 0.851822  0.796171 0.726121 1 6 1.000000
0  1.312380 -5.340222 69.011177  0.215597 -0.599099 0.771102  0.764847 0.698616 1 6 1.000000
0  1.336003 -5.341774 68.996162  0.351563 -0.897178 0.267347  0.766072 0.698625 1 6 1.000000
heavy_cap
0  0.788385 -5.503586 68.996162  0.244034 -0.933036 0.264369  0.745927 0.682148 1 6 1.000000
0  1.336003 -5.341774 68.996162  0.351563 -0.897178 0.267347  0.766072 0.698625 1 6 1.000000
0  1.312380 -5.340222 69.011177  0.215597 -0.599099 0.771102  0.764847 0.698616 1 6 1.000000
heavy_cap
0  0.788385 -5.503586 68.996162  0.244034 -0.933036 0.264369  0.745927 0.682148 1 6 1.000000
0  1.312380 -5.340222 69.011177  0.215597 -0.599099 0.771102  0.764847 0.698616 1 6 1.000000
0  0.758275 -5.501506 69.011177  0.163897 -0.659545 0.733579  0.744388 0.681974 1 6 1.000000
heavy_cap
0  0.758275 -5.501506 69.011177  0.163897 -0.659545 0.733579  0.744388 0.681974 1 6 1.000000
0  0.371572 -5.598365 68.996162  0.199306 -0.940971 0.273588  0.730606 0.670430 1 6 1.000000
0  0.788385 -5.503586 68.996162  0.244034 -0.933036 0.264369  0.745927 0.682148 1 6 1.000000
heavy_cap
0  0.758275 -5.501506 69.011177  0.163897 -0.659545 0.733579  0.744388 0.681974 1 6 1.000000
0  0.364024 -5.589633 69.011177  0.131882 -0.624261 0.770003  0.729926 0.670935 1 6 1.000000
0  0.371572 -5.598365 68.996162  0.199306 -0.940971 0.273588  0.730606 0.670430 1 6 1.000000
heavy_cap
0  0.227875 -5.625007 68.996162  0.113489 -0.963992 0.240501  0.725329 0.666691 1 6 1.000000
0  0.371572 -5.598365 68.996162  0.199306 -0.940971 0.273588  0.730606 0.670430 1 6 1.000000
0  0.364024 -5.589633 69.011177  0.131882 -0.624261 0.770003  0.729926 0.670935 1 6 1.000000
heavy_cap
0  0.227875 -5.625007 68.996162  0.113489 -0.963992 0.240501  0.725329 0.666691 1 6 1.000000
0  0.364024 -5.589633 69.011177  0.131882 -0.624261 0.770003  0.729926 0.670935 1 6 1.000000
0  0.223224 -5.615704 69.011177  0.083497 -0.698796 0.710431  0.724759 0.667266 1 6 1.000000
heavy_cap
0  0.223224 -5.615704 69.011177  0.083497 -0.698796 0.710431  0.724759 0.667266 1 6 1.000000
0  -0.006562 -5.643775 68.996162  0.000003 -0.992006 0.126188  0.716599 0.661034 1 6 1.000000
0  0.227875 -5.625007 68.996162  0.113489 -0.963992 0.240501  0.725329 0.666691 1 6 1.000000
heavy_cap
0  0.223224 -5.615704 69.011177  0.083497 -0.698796 0.710431  0.724759 0.667266 1 6 1.000000
0  -0.006562 -5.640184 69.011177  -0.000044 -0.940310 0.340320  0.716227 0.661608 1 6 1.000000
0  -0.006562 -5.643775 68.996162  0.000003 -0.992006 0.126188  0.716599 0.661034 1 6 1.000000
heavy_cap
0  3.749077 -3.298058 68.876305  -0.016959 -0.003713 -0.999849  0.862936 0.783891 1 6 1.000000
0  2.409246 -3.785374 68.907959  -0.055601 0.063378 -0.996440  0.855794 0.718998 1 6 1.000000
0  3.472167 -2.271408 68.888763  -0.132542 0.042889 -0.990249  0.923566 0.797407 1 6 1.000000
heavy_cap
0  3.749077 -3.298058 68.876305  -0.016959 -0.003713 -0.999849  0.862936 0.783891 1 6 1.000000
0  3.261967 -4.069138 68.889366  -0.003750 -0.008797 -0.999954  0.838467 0.758213 1 6 1.000000
0  2.409246 -3.785374 68.907959  -0.055601 0.063378 -0.996440  0.855794 0.718998 1 6 1.000000
heavy_cap
0  3.767518 -3.318702 68.891197  0.788401 -0.387624 -0.477674  0.861853 0.784298 1 6 1.000000
0  3.261967 -4.069138 68.889366  -0.003750 -0.008797 -0.999954  0.838467 0.758213 1 6 1.000000
0  3.749077 -3.298058 68.876305  -0.016959 -0.003713 -0.999849  0.862936 0.783891 1 6 1.000000
heavy_cap
0  3.767518 -3.318702 68.891197  0.788401 -0.387624 -0.477674  0.861853 0.784298 1 6 1.000000
0  3.275349 -4.095250 68.904289  0.631134 -0.598073 -0.493942  0.837314 0.758758 1 6 1.000000
0  3.261967 -4.069138 68.889366  -0.003750 -0.008797 -0.999954  0.838467 0.758213 1 6 1.000000
heavy_cap
0  3.774373 -3.324252 68.936203  0.903296 -0.428918 -0.009238  0.860492 0.785359 1 6 1.000000
0  3.275349 -4.095250 68.904289  0.631134 -0.598073 -0.493942  0.837314 0.758758 1 6 1.000000
0  3.767518 -3.318702 68.891197  0.788401 -0.387624 -0.477674  0.861853 0.784298 1 6 1.000000
heavy_cap
0  3.774373 -3.324252 68.936203  0.903296 -0.428918 -0.009238  0.860492 0.785359 1 6 1.000000
0  3.279061 -4.102104 68.949287  0.730689 -0.682664 0.007955  0.835968 0.759940 1 6 1.000000
0  3.275349 -4.095250 68.904289  0.631134 -0.598073 -0.493942  0.837314 0.758758 1 6 1.000000
heavy_cap
0  3.766702 -3.322783 68.981247  0.812953 -0.370744 0.449062  0.859151 0.786412 1 6 1.000000
0  3.279061 -4.102104 68.949287  0.730689 -0.682664 0.007955  0.835968 0.759940 1 6 1.000000
0  3.774373 -3.324252 68.936203  0.903296 -0.428918 -0.009238  0.860492 0.785359 1 6 1.000000
heavy_cap
0  3.766702 -3.322783 68.981247  0.812953 -0.370744 0.449062  0.859151 0.786412 1 6 1.000000
0  3.269718 -4.100105 68.994339  0.673751 -0.620888 0.400696  0.834571 0.761070 1 6 1.000000
0  3.279061 -4.102104 68.949287  0.730689 -0.682664 0.007955  0.835968 0.759940 1 6 1.000000
heavy_cap
0  3.269718 -4.100105 68.994339  0.673751 -0.620888 0.400696  0.834571 0.761070 1 6 1.000000
0  2.252371 -4.945809 68.951164  0.542579 -0.839927 0.011441  0.798881 0.724929 1 6 1.000000
0  3.279061 -4.102104 68.949287  0.730689 -0.682664 0.007955  0.835968 0.759940 1 6 1.000000
heavy_cap
0  3.269718 -4.100105 68.994339  0.673751 -0.620888 0.400696  0.834571 0.761070 1 6 1.000000
0  2.241885 -4.943931 68.996170  0.508244 -0.780648 0.363699  0.797396 0.726101 1 6 1.000000
0  2.252371 -4.945809 68.951164  0.542579 -0.839927 0.011441  0.798881 0.724929 1 6 1.000000
heavy_cap
0  2.241885 -4.943931 68.996170  0.508244 -0.780648 0.363699  0.797396 0.726101 1 6 1.000000
0  1.344979 -5.343608 68.951157  0.362824 -0.931251 -0.033617  0.767620 0.697313 1 6 1.000000
0  2.252371 -4.945809 68.951164  0.542579 -0.839927 0.011441  0.798881 0.724929 1 6 1.000000
heavy_cap
0  2.241885 -4.943931 68.996170  0.508244 -0.780648 0.363699  0.797396 0.726101 1 6 1.000000
0  1.336003 -5.341774 68.996162  0.351563 -0.897178 0.267347  0.766072 0.698625 1 6 1.000000
0  1.344979 -5.343608 68.951157  0.362824 -0.931251 -0.033617  0.767620 0.697313 1 6 1.000000
heavy_cap
0  0.822698 -5.500484 68.951157  0.260790 -0.964369 -0.044510  0.748463 0.681491 1 6 1.000000
0  1.344979 -5.343608 68.951157  0.362824 -0.931251 -0.033617  0.767620 0.697313 1 6 1.000000
0  1.336003 -5.341774 68.996162  0.351563 -0.897178 0.267347  0.766072 0.698625 1 6 1.000000
heavy_cap
0  0.822698 -5.500484 68.951157  0.260790 -0.964369 -0.044510  0.748463 0.681491 1 6 1.000000
0  1.336003 -5.341774 68.996162  0.351563 -0.897178 0.267347  0.766072 0.698625 1 6 1.000000
0  0.788385 -5.503586 68.996162  0.244034 -0.933036 0.264369  0.745927 0.682148 1 6 1.000000
heavy_cap
0  0.788385 -5.503586 68.996162  0.244034 -0.933036 0.264369  0.745927 0.682148 1 6 1.000000
0  0.395196 -5.599587 68.951157  0.210845 -0.975463 -0.063373  0.732636 0.669393 1 6 1.000000
0  0.822698 -5.500484 68.951157  0.260790 -0.964369 -0.044510  0.748463 0.681491 1 6 1.000000
heavy_cap
0  0.788385 -5.503586 68.996162  0.244034 -0.933036 0.264369  0.745927 0.682148 1 6 1.000000
0  0.371572 -5.598365 68.996162  0.199306 -0.940971 0.273588  0.730606 0.670430 1 6 1.000000
0  0.395196 -5.599587 68.951157  0.210845 -0.975463 -0.063373  0.732636 0.669393 1 6 1.000000
heavy_cap
0  0.229629 -5.630432 68.951157  0.119584 -0.988539 -0.092140  0.726503 0.665040 1 6 1.000000
0  0.395196 -5.599587 68.951157  0.210845 -0.975463 -0.063373  0.732636 0.669393 1 6 1.000000
0  0.371572 -5.598365 68.996162  0.199306 -0.940971 0.273588  0.730606 0.670430 1 6 1.000000
heavy_cap
0  0.229629 -5.630432 68.951157  0.119584 -0.988539 -0.092140  0.726503 0.665040 1 6 1.000000
0  0.371572 -5.598365 68.996162  0.199306 -0.940971 0.273588  0.730606 0.670430 1 6 1.000000
0  0.227875 -5.625007 68.996162  0.113489 -0.963992 0.240501  0.725329 0.666691 1 6 1.000000
heavy_cap
0  -3.275092 -4.069141 68.889351  0.003484 -0.008892 -0.999954  0.581602 0.591175 1 6 1.000000
0  -3.780645 -3.318705 68.891182  -0.788349 -0.387523 -0.477841  0.550368 0.581394 1 6 1.000000
0  -3.762203 -3.298059 68.876289  0.016919 -0.003701 -0.999850  0.550291 0.580338 1 6 1.000000
heavy_cap
0  -3.762203 -3.298059 68.876289  0.016919 -0.003701 -0.999850  0.550291 0.580338 1 6 1.000000
0  -2.422372 -3.785376 68.907951  0.055690 0.063339 -0.996437  0.608753 0.560306 1 6 1.000000
0  -3.275092 -4.069141 68.889351  0.003484 -0.008892 -0.999954  0.581602 0.591175 1 6 1.000000
heavy_cap
0  -3.275092 -4.069141 68.889351  0.003484 -0.008892 -0.999954  0.581602 0.591175 1 6 1.000000
0  -2.422372 -3.785376 68.907951  0.055690 0.063339 -0.996437  0.608753 0.560306 1 6 1.000000
0  -2.262272 -4.908844 68.891212  0.001155 0.004150 -0.999991  0.626777 0.609758 1 6 1.000000
heavy_cap
0  -2.262272 -4.908844 68.891212  0.001155 0.004150 -0.999991  0.626777 0.609758 1 6 1.000000
0  -2.422372 -3.785376 68.907951  0.055690 0.063339 -0.996437  0.608753 0.560306 1 6 1.000000
0  -0.691880 -4.675795 68.908035  0.042509 0.103596 -0.993711  0.704012 0.598171 1 6 1.000000
heavy_cap
0  -2.262272 -4.908844 68.891212  0.001155 0.004150 -0.999991  0.626777 0.609758 1 6 1.000000
0  -0.691880 -4.675795 68.908035  0.042509 0.103596 -0.993711  0.704012 0.598171 1 6 1.000000
0  -1.358429 -5.302277 68.891212  0.000502 0.000951 -0.999999  0.664091 0.626200 1 6 1.000000
heavy_cap
0  -1.358429 -5.302277 68.891212  0.000502 0.000951 -0.999999  0.664091 0.626200 1 6 1.000000
0  -2.266025 -4.937813 68.906105  -0.479226 -0.749807 -0.456215  0.626743 0.611036 1 6 1.000000
0  -2.262272 -4.908844 68.891212  0.001155 0.004150 -0.999991  0.626777 0.609758 1 6 1.000000
heavy_cap
0  -2.262272 -4.908844 68.891212  0.001155 0.004150 -0.999991  0.626777 0.609758 1 6 1.000000
0  -2.266025 -4.937813 68.906105  -0.479226 -0.749807 -0.456215  0.626743 0.611036 1 6 1.000000
0  -3.288474 -4.095253 68.904282  -0.631167 -0.598121 -0.493841  0.581580 0.592379 1 6 1.000000
heavy_cap
0  -3.292186 -4.102107 68.949280  -0.730673 -0.682681 0.007920  0.581083 0.593997 1 6 1.000000
0  -3.288474 -4.095253 68.904282  -0.631167 -0.598121 -0.493841  0.581580 0.592379 1 6 1.000000
0  -2.266025 -4.937813 68.906105  -0.479226 -0.749807 -0.456215  0.626743 0.611036 1 6 1.000000
heavy_cap
0  -3.787499 -3.324255 68.936188  -0.903347 -0.428811 -0.009222  0.550004 0.582934 1 6 1.000000
0  -3.288474 -4.095253 68.904282  -0.631167 -0.598121 -0.493841  0.581580 0.592379 1 6 1.000000
0  -3.292186 -4.102107 68.949280  -0.730673 -0.682681 0.007920  0.581083 0.593997 1 6 1.000000
heavy_cap
0  -3.292186 -4.102107 68.949280  -0.730673 -0.682681 0.007920  0.581083 0.593997 1 6 1.000000
0  -3.779829 -3.322784 68.981232  -0.812920 -0.370766 0.449103  0.549636 0.584456 1 6 1.000000
0  -3.787499 -3.324255 68.936188  -0.903347 -0.428811 -0.009222  0.550004 0.582934 1 6 1.000000
heavy_cap
0  -2.262272 -4.908844 68.891212  0.001155 0.004150 -0.999991  0.626777 0.609758 1 6 1.000000
0  -3.288474 -4.095253 68.904282  -0.631167 -0.598121 -0.493841  0.581580 0.592379 1 6 1.000000
0  -3.275092 -4.069141 68.889351  0.003484 -0.008892 -0.999954  0.581602 0.591175 1 6 1.000000
heavy_cap
0  -3.275092 -4.069141 68.889351  0.003484 -0.008892 -0.999954  0.581602 0.591175 1 6 1.000000
0  -3.288474 -4.095253 68.904282  -0.631167 -0.598121 -0.493841  0.581580 0.592379 1 6 1.000000
0  -3.780645 -3.318705 68.891182  -0.788349 -0.387523 -0.477841  0.550368 0.581394 1 6 1.000000
heavy_cap
0  -3.787499 -3.324255 68.936188  -0.903347 -0.428811 -0.009222  0.550004 0.582934 1 6 1.000000
0  -3.780645 -3.318705 68.891182  -0.788349 -0.387523 -0.477841  0.550368 0.581394 1 6 1.000000
0  -3.288474 -4.095253 68.904282  -0.631167 -0.598121 -0.493841  0.581580 0.592379 1 6 1.000000
heavy_cap
0  3.798852 -1.366138 69.073174  -0.944658 0.327807 -0.012797  0.361706 0.063354 1 6 1.000000
0  3.835817 -1.284618 69.056648  -0.793061 0.590718 -0.148685  0.364599 0.065449 1 6 1.000000
0  3.837572 -1.310403 68.910057  -0.803857 0.584022 -0.112840  0.361310 0.070273 1 6 1.000000
heavy_cap
0  3.798852 -1.366138 69.073174  -0.944658 0.327807 -0.012797  0.361706 0.063354 1 6 1.000000
0  3.837572 -1.310403 68.910057  -0.803857 0.584022 -0.112840  0.361310 0.070273 1 6 1.000000
0  3.770864 -1.442106 68.910950  -0.934999 0.346056 -0.077600  0.356103 0.067736 1 6 1.000000
heavy_cap
0  3.770864 -1.442106 68.910950  -0.934999 0.346056 -0.077600  0.356103 0.067736 1 6 1.000000
0  3.538059 -2.119998 69.122581  -0.855665 0.514549 -0.055460  0.334287 0.048149 1 6 1.000000
0  3.798852 -1.366138 69.073174  -0.944658 0.327807 -0.012797  0.361706 0.063354 1 6 1.000000
heavy_cap
0  3.770864 -1.442106 68.910950  -0.934999 0.346056 -0.077600  0.356103 0.067736 1 6 1.000000
0  3.474493 -2.200089 68.947388  -0.850528 0.522606 -0.059025  0.327841 0.052816 1 6 1.000000
0  3.538059 -2.119998 69.122581  -0.855665 0.514549 -0.055460  0.334287 0.048149 1 6 1.000000
heavy_cap
0  2.186641 -4.939852 69.148758  0.531318 -0.837447 -0.128001  0.498483 0.201142 1 6 1.000000
0  2.190231 -4.943238 69.014122  0.535188 -0.836108 0.120406  0.494584 0.204710 1 6 1.000000
0  3.218514 -4.099330 69.012245  0.716459 -0.676009 0.172332  0.459121 0.166434 1 6 1.000000
heavy_cap
0  2.186641 -4.939852 69.148758  0.531318 -0.837447 -0.128001  0.498483 0.201142 1 6 1.000000
0  3.218514 -4.099330 69.012245  0.716459 -0.676009 0.172332  0.459121 0.166434 1 6 1.000000
0  3.217004 -4.095659 69.147865  0.702410 -0.665728 -0.251844  0.462999 0.162789 1 6 1.000000
heavy_cap
0  3.217004 -4.095659 69.147865  0.702410 -0.665728 -0.251844  0.462999 0.162789 1 6 1.000000
0  3.218514 -4.099330 69.012245  0.716459 -0.676009 0.172332  0.459121 0.166434 1 6 1.000000
0  3.716111 -3.322252 68.999153  0.891831 -0.422510 0.161623  0.434398 0.139993 1 6 1.000000
heavy_cap
0  3.217004 -4.095659 69.147865  0.702410 -0.665728 -0.251844  0.462999 0.162789 1 6 1.000000
0  3.716111 -3.322252 68.999153  0.891831 -0.422510 0.161623  0.434398 0.139993 1 6 1.000000
0  3.717578 -3.319602 69.141670  0.856946 -0.414777 -0.305947  0.438455 0.136145 1 6 1.000000
heavy_cap
0  3.716111 -3.322252 68.999153  0.891831 -0.422510 0.161623  0.434398 0.139993 1 6 1.000000
0  4.057524 -2.335464 69.120422  0.909236 -0.280435 -0.307645  0.410361 0.106491 1 6 1.000000
0  3.717578 -3.319602 69.141670  0.856946 -0.414777 -0.305947  0.438455 0.136145 1 6 1.000000
heavy_cap
0  3.716111 -3.322252 68.999153  0.891831 -0.422510 0.161623  0.434398 0.139993 1 6 1.000000
0  4.056463 -2.339870 68.967461  0.946802 -0.276554 0.164570  0.406039 0.110657 1 6 1.000000
0  4.057524 -2.335464 69.120422  0.909236 -0.280435 -0.307645  0.410361 0.106491 1 6 1.000000
heavy_cap
0  4.222887 -1.628235 68.928619  0.961110 -0.204427 0.185678  0.385628 0.090470 1 6 1.000000
0  4.057524 -2.335464 69.120422  0.909236 -0.280435 -0.307645  0.410361 0.106491 1 6 1.000000
0  4.056463 -2.339870 68.967461  0.946802 -0.276554 0.164570  0.406039 0.110657 1 6 1.000000
heavy_cap
0  4.222887 -1.628235 68.928619  0.961110 -0.204427 0.185678  0.385628 0.090470 1 6 1.000000
0  4.220928 -1.607796 69.086838  0.937957 -0.220489 -0.267620  0.389710 0.085727 1 6 1.000000
0  4.057524 -2.335464 69.120422  0.909236 -0.280435 -0.307645  0.410361 0.106491 1 6 1.000000
heavy_cap
0  4.220928 -1.607796 69.086838  0.937957 -0.220489 -0.267620  0.389710 0.085727 1 6 1.000000
0  4.222887 -1.628235 68.928619  0.961110 -0.204427 0.185678  0.385628 0.090470 1 6 1.000000
0  4.268337 -1.418483 68.912056  0.957756 -0.218980 0.186417  0.379488 0.084674 1 6 1.000000
heavy_cap
0  4.220928 -1.607796 69.086838  0.937957 -0.220489 -0.267620  0.389710 0.085727 1 6 1.000000
0  4.268337 -1.418483 68.912056  0.957756 -0.218980 0.186417  0.379488 0.084674 1 6 1.000000
0  4.265849 -1.387925 69.072281  0.946331 -0.242238 -0.213959  0.383373 0.079591 1 6 1.000000
heavy_cap
0  4.265849 -1.387925 69.072281  0.946331 -0.242238 -0.213959  0.383373 0.079591 1 6 1.000000
0  4.268337 -1.418483 68.912056  0.957756 -0.218980 0.186417  0.379488 0.084674 1 6 1.000000
0  4.301876 -1.314647 68.906471  0.944543 -0.267173 0.190937  0.376428 0.081673 1 6 1.000000
heavy_cap
0  4.265849 -1.387925 69.072281  0.946331 -0.242238 -0.213959  0.383373 0.079591 1 6 1.000000
0  4.301876 -1.314647 68.906471  0.944543 -0.267173 0.190937  0.376428 0.081673 1 6 1.000000
0  4.299101 -1.279234 69.067352  0.939400 -0.255544 -0.228527  0.380214 0.076436 1 6 1.000000
heavy_cap
0  4.299101 -1.279234 69.067352  0.939400 -0.255544 -0.228527  0.380214 0.076436 1 6 1.000000
0  4.301876 -1.314647 68.906471  0.944543 -0.267173 0.190937  0.376428 0.081673 1 6 1.000000
0  4.302813 -1.300530 68.906601  0.058478 0.990372 -0.125470  0.376062 0.081256 1 6 1.000000
heavy_cap
0  4.299101 -1.279234 69.067352  0.939400 -0.255544 -0.228527  0.380214 0.076436 1 6 1.000000
0  4.302813 -1.300530 68.906601  0.058478 0.990372 -0.125470  0.376062 0.081256 1 6 1.000000
0  4.300039 -1.264382 69.067474  0.048511 0.922976 -0.381789  0.379828 0.075996 1 6 1.000000
heavy_cap
0  3.883187 -1.291268 68.911606  -0.023124 0.982266 -0.186058  0.363002 0.071225 1 6 1.000000
0  4.300039 -1.264382 69.067474  0.048511 0.922976 -0.381789  0.379828 0.075996 1 6 1.000000
0  4.302813 -1.300530 68.906601  0.058478 0.990372 -0.125470  0.376062 0.081256 1 6 1.000000
heavy_cap
0  3.883187 -1.291268 68.911606  -0.023124 0.982266 -0.186058  0.363002 0.071225 1 6 1.000000
0  3.881635 -1.255774 69.058609  -0.030208 0.960768 -0.275703  0.366487 0.066422 1 6 1.000000
0  4.300039 -1.264382 69.067474  0.048511 0.922976 -0.381789  0.379828 0.075996 1 6 1.000000
heavy_cap
0  3.835817 -1.284618 69.056648  -0.793061 0.590718 -0.148685  0.364599 0.065449 1 6 1.000000
0  3.881635 -1.255774 69.058609  -0.030208 0.960768 -0.275703  0.366487 0.066422 1 6 1.000000
0  3.883187 -1.291268 68.911606  -0.023124 0.982266 -0.186058  0.363002 0.071225 1 6 1.000000
heavy_cap
0  3.835817 -1.284618 69.056648  -0.793061 0.590718 -0.148685  0.364599 0.065449 1 6 1.000000
0  3.883187 -1.291268 68.911606  -0.023124 0.982266 -0.186058  0.363002 0.071225 1 6 1.000000
0  3.837572 -1.310403 68.910057  -0.803857 0.584022 -0.112840  0.361310 0.070273 1 6 1.000000
heavy_cap
0  0.110736 -5.521461 69.979851  0.050143 -0.998736 0.003489  0.581045 0.239692 1 6 1.000000
0  -0.006564 -5.543125 69.846313  -0.000004 -0.995440 0.095392  0.580608 0.246640 1 6 1.000000
0  0.112531 -5.535047 69.808609  0.104461 -0.990084 0.093919  0.576252 0.244351 1 6 1.000000
heavy_cap
0  0.112531 -5.535047 69.808609  0.104461 -0.990084 0.093919  0.576252 0.244351 1 6 1.000000
0  0.200414 -5.517177 69.922119  0.018897 -0.999818 0.002657  0.577020 0.238782 1 6 1.000000
0  0.110736 -5.521461 69.979851  0.050143 -0.998736 0.003489  0.581045 0.239692 1 6 1.000000
heavy_cap
0  0.112531 -5.535047 69.808609  0.104461 -0.990084 0.093919  0.576252 0.244351 1 6 1.000000
0  0.203556 -5.527824 69.767242  0.146355 -0.984948 0.091970  0.572573 0.242905 1 6 1.000000
0  0.200414 -5.517177 69.922119  0.018897 -0.999818 0.002657  0.577020 0.238782 1 6 1.000000
heavy_cap
0  0.236400 -5.515421 69.848969  -0.067652 -0.997661 -0.009811  0.573991 0.239731 1 6 1.000000
0  0.200414 -5.517177 69.922119  0.018897 -0.999818 0.002657  0.577020 0.238782 1 6 1.000000
0  0.203556 -5.527824 69.767242  0.146355 -0.984948 0.091970  0.572573 0.242905 1 6 1.000000
heavy_cap
0  0.236400 -5.515421 69.848969  -0.067652 -0.997661 -0.009811  0.573991 0.239731 1 6 1.000000
0  0.203556 -5.527824 69.767242  0.146355 -0.984948 0.091970  0.572573 0.242905 1 6 1.000000
0  0.240031 -5.522275 69.718643  0.292485 -0.952878 0.080476  0.570161 0.243181 1 6 1.000000
heavy_cap
0  0.240031 -5.522275 69.718643  0.292485 -0.952878 0.080476  0.570161 0.243181 1 6 1.000000
0  0.248232 -5.518399 69.781235  -0.174251 -0.984675 -0.007244  0.571754 0.241220 1 6 1.000000
0  0.236400 -5.515421 69.848969  -0.067652 -0.997661 -0.009811  0.573991 0.239731 1 6 1.000000
heavy_cap
0  0.240031 -5.522275 69.718643  0.292485 -0.952878 0.080476  0.570161 0.243181 1 6 1.000000
0  0.248150 -5.516074 69.677849  0.063492 -0.994973 0.077440  0.568674 0.243987 1 6 1.000000
0  0.248232 -5.518399 69.781235  -0.174251 -0.984675 -0.007244  0.571754 0.241220 1 6 1.000000
heavy_cap
0  0.233545 -5.572578 69.178535  0.249217 -0.963702 0.095752  0.555286 0.258736 1 6 1.000000
0  0.248150 -5.516074 69.677849  0.063492 -0.994973 0.077440  0.568674 0.243987 1 6 1.000000
0  0.240031 -5.522275 69.718643  0.292485 -0.952878 0.080476  0.570161 0.243181 1 6 1.000000
heavy_cap
0  0.233545 -5.572578 69.178535  0.249217 -0.963702 0.095752  0.555286 0.258736 1 6 1.000000
0  0.251007 -5.569928 69.170135  0.026226 -0.995302 0.093197  0.554559 0.258474 1 6 1.000000
0  0.248150 -5.516074 69.677849  0.063492 -0.994973 0.077440  0.568674 0.243987 1 6 1.000000
heavy_cap
0  0.234157 -5.577026 69.155327  0.205899 -0.960048 0.189510  0.554629 0.259396 1 6 1.000000
0  0.251007 -5.569928 69.170135  0.026226 -0.995302 0.093197  0.554559 0.258474 1 6 1.000000
0  0.233545 -5.572578 69.178535  0.249217 -0.963702 0.095752  0.555286 0.258736 1 6 1.000000
heavy_cap
0  0.234157 -5.577026 69.155327  0.205899 -0.960048 0.189510  0.554629 0.259396 1 6 1.000000
0  0.332036 -5.556546 69.152748  0.191659 -0.973554 0.124333  0.551805 0.256662 1 6 1.000000
0  0.251007 -5.569928 69.170135  0.026226 -0.995302 0.093197  0.554559 0.258474 1 6 1.000000
heavy_cap
0  0.234157 -5.577026 69.155327  0.205899 -0.960048 0.189510  0.554629 0.259396 1 6 1.000000
0  0.355089 -5.581392 69.014114  0.191477 -0.949271 0.249440  0.547353 0.260060 1 6 1.000000
0  0.332036 -5.556546 69.152748  0.191659 -0.973554 0.124333  0.551805 0.256662 1 6 1.000000
heavy_cap
0  0.355089 -5.581392 69.014114  0.191477 -0.949271 0.249440  0.547353 0.260060 1 6 1.000000
0  0.609028 -5.503016 69.150101  0.224243 -0.973284 0.049327  0.543965 0.248851 1 6 1.000000
0  0.332036 -5.556546 69.152748  0.191659 -0.973554 0.124333  0.551805 0.256662 1 6 1.000000
heavy_cap
0  0.355089 -5.581392 69.014114  0.191477 -0.949271 0.249440  0.547353 0.260060 1 6 1.000000
0  0.740772 -5.496773 69.014114  0.235986 -0.947262 0.216806  0.536533 0.248978 1 6 1.000000
0  0.609028 -5.503016 69.150101  0.224243 -0.973284 0.049327  0.543965 0.248851 1 6 1.000000
heavy_cap
0  0.740772 -5.496773 69.014114  0.235986 -0.947262 0.216806  0.536533 0.248978 1 6 1.000000
0  1.274394 -5.335204 69.148750  0.343323 -0.938240 -0.042849  0.525228 0.229525 1 6 1.000000
0  0.609028 -5.503016 69.150101  0.224243 -0.973284 0.049327  0.543965 0.248851 1 6 1.000000
heavy_cap
0  0.740772 -5.496773 69.014114  0.235986 -0.947262 0.216806  0.536533 0.248978 1 6 1.000000
0  1.288797 -5.339081 69.014114  0.354501 -0.928277 0.112385  0.521062 0.232823 1 6 1.000000
0  1.274394 -5.335204 69.148750  0.343323 -0.938240 -0.042849  0.525228 0.229525 1 6 1.000000
heavy_cap
0  1.288797 -5.339081 69.014114  0.354501 -0.928277 0.112385  0.521062 0.232823 1 6 1.000000
0  2.186641 -4.939852 69.148758  0.531318 -0.837447 -0.128001  0.498483 0.201142 1 6 1.000000
0  1.274394 -5.335204 69.148750  0.343323 -0.938240 -0.042849  0.525228 0.229525 1 6 1.000000
heavy_cap
0  1.288797 -5.339081 69.014114  0.354501 -0.928277 0.112385  0.521062 0.232823 1 6 1.000000
0  2.190231 -4.943238 69.014122  0.535188 -0.836108 0.120406  0.494584 0.204710 1 6 1.000000
0  2.186641 -4.939852 69.148758  0.531318 -0.837447 -0.128001  0.498483 0.201142 1 6 1.000000
heavy_cap
0  0.234157 -5.577026 69.155327  0.205899 -0.960048 0.189510  0.554629 0.259396 1 6 1.000000
0  0.217879 -5.607014 69.014114  0.153710 -0.958040 0.241936  0.551196 0.263957 1 6 1.000000
0  0.355089 -5.581392 69.014114  0.191477 -0.949271 0.249440  0.547353 0.260060 1 6 1.000000
heavy_cap
0  0.188706 -5.588125 69.157730  0.172095 -0.972653 0.155977  0.555980 0.260654 1 6 1.000000
0  0.217879 -5.607014 69.014114  0.153710 -0.958040 0.241936  0.551196 0.263957 1 6 1.000000
0  0.234157 -5.577026 69.155327  0.205899 -0.960048 0.189510  0.554629 0.259396 1 6 1.000000
heavy_cap
0  0.233545 -5.572578 69.178535  0.249217 -0.963702 0.095752  0.555286 0.258736 1 6 1.000000
0  0.188706 -5.588125 69.157730  0.172095 -0.972653 0.155977  0.555980 0.260654 1 6 1.000000
0  0.234157 -5.577026 69.155327  0.205899 -0.960048 0.189510  0.554629 0.259396 1 6 1.000000
heavy_cap
0  0.233545 -5.572578 69.178535  0.249217 -0.963702 0.095752  0.555286 0.258736 1 6 1.000000
0  0.189114 -5.584289 69.188698  0.202519 -0.975069 0.090701  0.556827 0.259758 1 6 1.000000
0  0.188706 -5.588125 69.157730  0.172095 -0.972653 0.155977  0.555980 0.260654 1 6 1.000000
heavy_cap
0  0.189114 -5.584289 69.188698  0.202519 -0.975069 0.090701  0.556827 0.259758 1 6 1.000000
0  0.233545 -5.572578 69.178535  0.249217 -0.963702 0.095752  0.555286 0.258736 1 6 1.000000
0  0.240031 -5.522275 69.718643  0.292485 -0.952878 0.080476  0.570161 0.243181 1 6 1.000000
heavy_cap
0  0.189114 -5.584289 69.188698  0.202519 -0.975069 0.090701  0.556827 0.259758 1 6 1.000000
0  0.240031 -5.522275 69.718643  0.292485 -0.952878 0.080476  0.570161 0.243181 1 6 1.000000
0  0.203556 -5.527824 69.767242  0.146355 -0.984948 0.091970  0.572573 0.242905 1 6 1.000000
heavy_cap
0  0.102251 -5.598121 69.196777  0.119050 -0.988327 0.095063  0.559499 0.262004 1 6 1.000000
0  0.189114 -5.584289 69.188698  0.202519 -0.975069 0.090701  0.556827 0.259758 1 6 1.000000
0  0.203556 -5.527824 69.767242  0.146355 -0.984948 0.091970  0.572573 0.242905 1 6 1.000000
heavy_cap
0  0.102251 -5.598121 69.196777  0.119050 -0.988327 0.095063  0.559499 0.262004 1 6 1.000000
0  0.203556 -5.527824 69.767242  0.146355 -0.984948 0.091970  0.572573 0.242905 1 6 1.000000
0  0.112531 -5.535047 69.808609  0.104461 -0.990084 0.093919  0.576252 0.244351 1 6 1.000000
heavy_cap
0  -0.006563 -5.606647 69.203835  0.000001 -0.994971 0.100167  0.562748 0.264859 1 6 1.000000
0  0.102251 -5.598121 69.196777  0.119050 -0.988327 0.095063  0.559499 0.262004 1 6 1.000000
0  0.112531 -5.535047 69.808609  0.104461 -0.990084 0.093919  0.576252 0.244351 1 6 1.000000
heavy_cap
0  -0.006563 -5.606647 69.203835  0.000001 -0.994971 0.100167  0.562748 0.264859 1 6 1.000000
0  0.112531 -5.535047 69.808609  0.104461 -0.990084 0.093919  0.576252 0.244351 1 6 1.000000
0  -0.006564 -5.543125 69.846313  -0.000004 -0.995440 0.095392  0.580608 0.246640 1 6 1.000000
heavy_cap
0  -0.125659 -5.535047 69.808609  -0.104468 -0.990070 0.094061  0.582982 0.250949 1 6 1.000000
0  -0.006563 -5.606647 69.203835  0.000001 -0.994971 0.100167  0.562748 0.264859 1 6 1.000000
0  -0.006564 -5.543125 69.846313  -0.000004 -0.995440 0.095392  0.580608 0.246640 1 6 1.000000
heavy_cap
0  -0.125659 -5.535047 69.808609  -0.104468 -0.990070 0.094061  0.582982 0.250949 1 6 1.000000
0  -0.115377 -5.598121 69.196777  -0.119032 -0.988324 0.095120  0.565667 0.268051 1 6 1.000000
0  -0.006563 -5.606647 69.203835  0.000001 -0.994971 0.100167  0.562748 0.264859 1 6 1.000000
heavy_cap
0  -0.216725 -5.527825 69.767242  -0.146351 -0.984948 0.091977  0.584504 0.254600 1 6 1.000000
0  -0.115377 -5.598121 69.196777  -0.119032 -0.988324 0.095120  0.565667 0.268051 1 6 1.000000
0  -0.125659 -5.535047 69.808609  -0.104468 -0.990070 0.094061  0.582982 0.250949 1 6 1.000000
heavy_cap
0  -0.216725 -5.527825 69.767242  -0.146351 -0.984948 0.091977  0.584504 0.254600 1 6 1.000000
0  -0.202240 -5.584289 69.188698  -0.202622 -0.975044 0.090733  0.567966 0.270678 1 6 1.000000
0  -0.115377 -5.598121 69.196777  -0.119032 -0.988324 0.095120  0.565667 0.268051 1 6 1.000000
heavy_cap
0  -0.253159 -5.522276 69.718643  -0.292484 -0.952882 0.080432  0.584274 0.257016 1 6 1.000000
0  -0.202240 -5.584289 69.188698  -0.202622 -0.975044 0.090733  0.567966 0.270678 1 6 1.000000
0  -0.216725 -5.527825 69.767242  -0.146351 -0.984948 0.091977  0.584504 0.254600 1 6 1.000000
heavy_cap
0  -0.253159 -5.522276 69.718643  -0.292484 -0.952882 0.080432  0.584274 0.257016 1 6 1.000000
0  -0.246671 -5.572579 69.178535  -0.249197 -0.963704 0.095794  0.569018 0.272200 1 6 1.000000
0  -0.202240 -5.584289 69.188698  -0.202622 -0.975044 0.090733  0.567966 0.270678 1 6 1.000000
heavy_cap
0  -0.246671 -5.572579 69.178535  -0.249197 -0.963704 0.095794  0.569018 0.272200 1 6 1.000000
0  -0.201832 -5.588126 69.157722  -0.172064 -0.972653 0.156015  0.567088 0.271542 1 6 1.000000
0  -0.202240 -5.584289 69.188698  -0.202622 -0.975044 0.090733  0.567966 0.270678 1 6 1.000000
heavy_cap
0  -0.246671 -5.572579 69.178535  -0.249197 -0.963704 0.095794  0.569018 0.272200 1 6 1.000000
0  -0.247283 -5.577027 69.155327  -0.205849 -0.960053 0.189539  0.568371 0.272868 1 6 1.000000
0  -0.201832 -5.588126 69.157722  -0.172064 -0.972653 0.156015  0.567088 0.271542 1 6 1.000000
heavy_cap
0  -0.201832 -5.588126 69.157722  -0.172064 -0.972653 0.156015  0.567088 0.271542 1 6 1.000000
0  -0.247283 -5.577027 69.155327  -0.205849 -0.960053 0.189539  0.568371 0.272868 1 6 1.000000
0  -0.231003 -5.607015 69.014114  -0.153903 -0.957924 0.242272  0.563880 0.276391 1 6 1.000000
heavy_cap
0  -0.247283 -5.577027 69.155327  -0.205849 -0.960053 0.189539  0.568371 0.272868 1 6 1.000000
0  -0.368254 -5.581393 69.014107  -0.191452 -0.949349 0.249163  0.567852 0.280155 1 6 1.000000
0  -0.231003 -5.607015 69.014114  -0.153903 -0.957924 0.242272  0.563880 0.276391 1 6 1.000000
heavy_cap
0  0.102251 -5.598121 69.196777  0.119050 -0.988327 0.095063  0.559499 0.262004 1 6 1.000000
0  -0.006563 -5.606647 69.203835  0.000001 -0.994971 0.100167  0.562748 0.264859 1 6 1.000000
0  -0.006563 -5.611013 69.160912  0.000003 -0.987403 0.158227  0.561550 0.266080 1 6 1.000000
heavy_cap
0  -0.115377 -5.598121 69.196777  -0.119032 -0.988324 0.095120  0.565667 0.268051 1 6 1.000000
0  -0.006563 -5.611013 69.160912  0.000003 -0.987403 0.158227  0.561550 0.266080 1 6 1.000000
0  -0.006563 -5.606647 69.203835  0.000001 -0.994971 0.100167  0.562748 0.264859 1 6 1.000000
heavy_cap
0  -0.115377 -5.598121 69.196777  -0.119032 -0.988324 0.095120  0.565667 0.268051 1 6 1.000000
0  -0.114928 -5.600324 69.159485  -0.126640 -0.981444 0.143977  0.564628 0.269099 1 6 1.000000
0  -0.006563 -5.611013 69.160912  0.000003 -0.987403 0.158227  0.561550 0.266080 1 6 1.000000
heavy_cap
0  -0.202240 -5.584289 69.188698  -0.202622 -0.975044 0.090733  0.567966 0.270678 1 6 1.000000
0  -0.114928 -5.600324 69.159485  -0.126640 -0.981444 0.143977  0.564628 0.269099 1 6 1.000000
0  -0.115377 -5.598121 69.196777  -0.119032 -0.988324 0.095120  0.565667 0.268051 1 6 1.000000
heavy_cap
0  -0.202240 -5.584289 69.188698  -0.202622 -0.975044 0.090733  0.567966 0.270678 1 6 1.000000
0  -0.201832 -5.588126 69.157722  -0.172064 -0.972653 0.156015  0.567088 0.271542 1 6 1.000000
0  -0.114928 -5.600324 69.159485  -0.126640 -0.981444 0.143977  0.564628 0.269099 1 6 1.000000
heavy_cap
0  -0.114928 -5.600324 69.159485  -0.126640 -0.981444 0.143977  0.564628 0.269099 1 6 1.000000
0  -0.201832 -5.588126 69.157722  -0.172064 -0.972653 0.156015  0.567088 0.271542 1 6 1.000000
0  -0.231003 -5.607015 69.014114  -0.153903 -0.957924 0.242272  0.563880 0.276391 1 6 1.000000
heavy_cap
0  -0.114928 -5.600324 69.159485  -0.126640 -0.981444 0.143977  0.564628 0.269099 1 6 1.000000
0  -0.231003 -5.607015 69.014114  -0.153903 -0.957924 0.242272  0.563880 0.276391 1 6 1.000000
0  -0.006562 -5.637328 69.014114  -0.000058 -0.983649 0.180093  0.557436 0.270278 1 6 1.000000
heavy_cap
0  -0.006563 -5.611013 69.160912  0.000003 -0.987403 0.158227  0.561550 0.266080 1 6 1.000000
0  -0.114928 -5.600324 69.159485  -0.126640 -0.981444 0.143977  0.564628 0.269099 1 6 1.000000
0  -0.006562 -5.637328 69.014114  -0.000058 -0.983649 0.180093  0.557436 0.270278 1 6 1.000000
heavy_cap
0  -0.006563 -5.611013 69.160912  0.000003 -0.987403 0.158227  0.561550 0.266080 1 6 1.000000
0  -0.006562 -5.637328 69.014114  -0.000058 -0.983649 0.180093  0.557436 0.270278 1 6 1.000000
0  0.101802 -5.600323 69.159485  0.126220 -0.981507 0.143921  0.558471 0.263064 1 6 1.000000
heavy_cap
0  0.102251 -5.598121 69.196777  0.119050 -0.988327 0.095063  0.559499 0.262004 1 6 1.000000
0  -0.006563 -5.611013 69.160912  0.000003 -0.987403 0.158227  0.561550 0.266080 1 6 1.000000
0  0.101802 -5.600323 69.159485  0.126220 -0.981507 0.143921  0.558471 0.263064 1 6 1.000000
heavy_cap
0  0.101802 -5.600323 69.159485  0.126220 -0.981507 0.143921  0.558471 0.263064 1 6 1.000000
0  0.189114 -5.584289 69.188698  0.202519 -0.975069 0.090701  0.556827 0.259758 1 6 1.000000
0  0.102251 -5.598121 69.196777  0.119050 -0.988327 0.095063  0.559499 0.262004 1 6 1.000000
heavy_cap
0  0.101802 -5.600323 69.159485  0.126220 -0.981507 0.143921  0.558471 0.263064 1 6 1.000000
0  0.188706 -5.588125 69.157730  0.172095 -0.972653 0.155977  0.555980 0.260654 1 6 1.000000
0  0.189114 -5.584289 69.188698  0.202519 -0.975069 0.090701  0.556827 0.259758 1 6 1.000000
heavy_cap
0  0.101802 -5.600323 69.159485  0.126220 -0.981507 0.143921  0.558471 0.263064 1 6 1.000000
0  0.217879 -5.607014 69.014114  0.153710 -0.958040 0.241936  0.551196 0.263957 1 6 1.000000
0  0.188706 -5.588125 69.157730  0.172095 -0.972653 0.155977  0.555980 0.260654 1 6 1.000000
heavy_cap
0  0.101802 -5.600323 69.159485  0.126220 -0.981507 0.143921  0.558471 0.263064 1 6 1.000000
0  -0.006562 -5.637328 69.014114  -0.000058 -0.983649 0.180093  0.557436 0.270278 1 6 1.000000
0  0.217879 -5.607014 69.014114  0.153710 -0.958040 0.241936  0.551196 0.263957 1 6 1.000000
heavy_cap
0  -1.287561 -5.335205 69.148743  -0.343155 -0.938311 -0.042626  0.598820 0.301667 1 6 1.000000
0  -1.301921 -5.339082 69.014107  -0.354200 -0.928406 0.112273  0.595607 0.305897 1 6 1.000000
0  -0.753896 -5.496774 69.014107  -0.236144 -0.947386 0.216092  0.579148 0.290752 1 6 1.000000
heavy_cap
0  -1.287561 -5.335205 69.148743  -0.343155 -0.938311 -0.042626  0.598820 0.301667 1 6 1.000000
0  -0.753896 -5.496774 69.014107  -0.236144 -0.947386 0.216092  0.579148 0.290752 1 6 1.000000
0  -0.622153 -5.503017 69.150093  -0.224708 -0.973172 0.049427  0.579125 0.283321 1 6 1.000000
heavy_cap
0  -0.622153 -5.503017 69.150093  -0.224708 -0.973172 0.049427  0.579125 0.283321 1 6 1.000000
0  -0.753896 -5.496774 69.014107  -0.236144 -0.947386 0.216092  0.579148 0.290752 1 6 1.000000
0  -0.368254 -5.581393 69.014107  -0.191452 -0.949349 0.249163  0.567852 0.280155 1 6 1.000000
heavy_cap
0  -0.622153 -5.503017 69.150093  -0.224708 -0.973172 0.049427  0.579125 0.283321 1 6 1.000000
0  -0.368254 -5.581393 69.014107  -0.191452 -0.949349 0.249163  0.567852 0.280155 1 6 1.000000
0  -0.345203 -5.556546 69.152748  -0.191715 -0.973530 0.124438  0.571162 0.275638 1 6 1.000000
heavy_cap
0  -0.247283 -5.577027 69.155327  -0.205849 -0.960053 0.189539  0.568371 0.272868 1 6 1.000000
0  -0.345203 -5.556546 69.152748  -0.191715 -0.973530 0.124438  0.571162 0.275638 1 6 1.000000
0  -0.368254 -5.581393 69.014107  -0.191452 -0.949349 0.249163  0.567852 0.280155 1 6 1.000000
heavy_cap
0  -0.264133 -5.569928 69.170135  -0.026269 -0.995286 0.093362  0.569296 0.272918 1 6 1.000000
0  -0.345203 -5.556546 69.152748  -0.191715 -0.973530 0.124438  0.571162 0.275638 1 6 1.000000
0  -0.247283 -5.577027 69.155327  -0.205849 -0.960053 0.189539  0.568371 0.272868 1 6 1.000000
heavy_cap
0  -0.264133 -5.569928 69.170135  -0.026269 -0.995286 0.093362  0.569296 0.272918 1 6 1.000000
0  -0.247283 -5.577027 69.155327  -0.205849 -0.960053 0.189539  0.568371 0.272868 1 6 1.000000
0  -0.246671 -5.572579 69.178535  -0.249197 -0.963704 0.095794  0.569018 0.272200 1 6 1.000000
heavy_cap
0  -0.261278 -5.516075 69.677849  -0.063492 -0.994973 0.077446  0.583498 0.258521 1 6 1.000000
0  -0.264133 -5.569928 69.170135  -0.026269 -0.995286 0.093362  0.569296 0.272918 1 6 1.000000
0  -0.246671 -5.572579 69.178535  -0.249197 -0.963704 0.095794  0.569018 0.272200 1 6 1.000000
heavy_cap
0  -0.261278 -5.516075 69.677849  -0.063492 -0.994973 0.077446  0.583498 0.258521 1 6 1.000000
0  -0.246671 -5.572579 69.178535  -0.249197 -0.963704 0.095794  0.569018 0.272200 1 6 1.000000
0  -0.253159 -5.522276 69.718643  -0.292484 -0.952882 0.080432  0.584274 0.257016 1 6 1.000000
heavy_cap
0  -0.253159 -5.522276 69.718643  -0.292484 -0.952882 0.080432  0.584274 0.257016 1 6 1.000000
0  -0.261360 -5.518400 69.781235  0.174219 -0.984680 -0.007269  0.586204 0.255385 1 6 1.000000
0  -0.261278 -5.516075 69.677849  -0.063492 -0.994973 0.077446  0.583498 0.258521 1 6 1.000000
heavy_cap
0  -0.253159 -5.522276 69.718643  -0.292484 -0.952882 0.080432  0.584274 0.257016 1 6 1.000000
0  -0.249528 -5.515422 69.848969  0.067618 -0.997663 -0.009811  0.587648 0.253118 1 6 1.000000
0  -0.261360 -5.518400 69.781235  0.174219 -0.984680 -0.007269  0.586204 0.255385 1 6 1.000000
heavy_cap
0  -0.216725 -5.527825 69.767242  -0.146351 -0.984948 0.091977  0.584504 0.254600 1 6 1.000000
0  -0.249528 -5.515422 69.848969  0.067618 -0.997663 -0.009811  0.587648 0.253118 1 6 1.000000
0  -0.253159 -5.522276 69.718643  -0.292484 -0.952882 0.080432  0.584274 0.257016 1 6 1.000000
heavy_cap
0  -0.216725 -5.527825 69.767242  -0.146351 -0.984948 0.091977  0.584504 0.254600 1 6 1.000000
0  -0.213583 -5.517178 69.922119  -0.018876 -0.999818 0.002667  0.588537 0.250071 1 6 1.000000
0  -0.249528 -5.515422 69.848969  0.067618 -0.997663 -0.009811  0.587648 0.253118 1 6 1.000000
heavy_cap
0  -0.125659 -5.535047 69.808609  -0.104468 -0.990070 0.094061  0.582982 0.250949 1 6 1.000000
0  -0.213583 -5.517178 69.922119  -0.018876 -0.999818 0.002667  0.588537 0.250071 1 6 1.000000
0  -0.216725 -5.527825 69.767242  -0.146351 -0.984948 0.091977  0.584504 0.254600 1 6 1.000000
heavy_cap
0  -0.125659 -5.535047 69.808609  -0.104468 -0.990070 0.094061  0.582982 0.250949 1 6 1.000000
0  -0.123864 -5.521462 69.979851  -0.050147 -0.998736 0.003496  0.587547 0.246064 1 6 1.000000
0  -0.213583 -5.517178 69.922119  -0.018876 -0.999818 0.002667  0.588537 0.250071 1 6 1.000000
heavy_cap
0  -0.006564 -5.543125 69.846313  -0.000004 -0.995440 0.095392  0.580608 0.246640 1 6 1.000000
0  -0.123864 -5.521462 69.979851  -0.050147 -0.998736 0.003496  0.587547 0.246064 1 6 1.000000
0  -0.125659 -5.535047 69.808609  -0.104468 -0.990070 0.094061  0.582982 0.250949 1 6 1.000000
heavy_cap
0  -0.006564 -5.543125 69.846313  -0.000004 -0.995440 0.095392  0.580608 0.246640 1 6 1.000000
0  -0.006564 -5.527010 70.002533  -0.000006 -0.999999 -0.001640  0.584885 0.242279 1 6 1.000000
0  -0.123864 -5.521462 69.979851  -0.050147 -0.998736 0.003496  0.587547 0.246064 1 6 1.000000
heavy_cap
0  0.110736 -5.521461 69.979851  0.050143 -0.998736 0.003489  0.581045 0.239692 1 6 1.000000
0  -0.006564 -5.527010 70.002533  -0.000006 -0.999999 -0.001640  0.584885 0.242279 1 6 1.000000
0  -0.006564 -5.543125 69.846313  -0.000004 -0.995440 0.095392  0.580608 0.246640 1 6 1.000000
heavy_cap
0  -3.896312 -1.291272 68.911591  0.023076 0.982230 -0.186255  0.760304 0.460703 1 6 1.000000
0  -4.313167 -1.264386 69.067451  -0.048665 0.922919 -0.381905  0.755198 0.443975 1 6 1.000000
0  -3.894763 -1.255777 69.058594  0.030068 0.960771 -0.275708  0.765035 0.457120 1 6 1.000000
heavy_cap
0  -3.896312 -1.291272 68.911591  0.023076 0.982230 -0.186255  0.760304 0.460703 1 6 1.000000
0  -4.315942 -1.300532 68.906578  -0.058629 0.990376 -0.125368  0.750018 0.447846 1 6 1.000000
0  -4.313167 -1.264386 69.067451  -0.048665 0.922919 -0.381905  0.755198 0.443975 1 6 1.000000
heavy_cap
0  -4.312229 -1.279237 69.067329  -0.939476 -0.255477 -0.228289  0.754753 0.443598 1 6 1.000000
0  -4.313167 -1.264386 69.067451  -0.048665 0.922919 -0.381905  0.755198 0.443975 1 6 1.000000
0  -4.315942 -1.300532 68.906578  -0.058629 0.990376 -0.125368  0.750018 0.447846 1 6 1.000000
heavy_cap
0  -4.312229 -1.279237 69.067329  -0.939476 -0.255477 -0.228289  0.754753 0.443598 1 6 1.000000
0  -4.315942 -1.300532 68.906578  -0.058629 0.990376 -0.125368  0.750018 0.447846 1 6 1.000000
0  -4.315002 -1.314649 68.906448  -0.944445 -0.266855 0.191864  0.749592 0.447488 1 6 1.000000
heavy_cap
0  -4.278977 -1.387928 69.072266  -0.946315 -0.242287 -0.213973  0.751536 0.440504 1 6 1.000000
0  -4.312229 -1.279237 69.067329  -0.939476 -0.255477 -0.228289  0.754753 0.443598 1 6 1.000000
0  -4.315002 -1.314649 68.906448  -0.944445 -0.266855 0.191864  0.749592 0.447488 1 6 1.000000
heavy_cap
0  -4.278977 -1.387928 69.072266  -0.946315 -0.242287 -0.213973  0.751536 0.440504 1 6 1.000000
0  -4.315002 -1.314649 68.906448  -0.944445 -0.266855 0.191864  0.749592 0.447488 1 6 1.000000
0  -4.281466 -1.418486 68.912041  -0.957696 -0.219119 0.186564  0.746530 0.444488 1 6 1.000000
heavy_cap
0  -4.234097 -1.607798 69.086823  -0.937877 -0.220668 -0.267755  0.745277 0.434290 1 6 1.000000
0  -4.278977 -1.387928 69.072266  -0.946315 -0.242287 -0.213973  0.751536 0.440504 1 6 1.000000
0  -4.281466 -1.418486 68.912041  -0.957696 -0.219119 0.186564  0.746530 0.444488 1 6 1.000000
heavy_cap
0  -4.234097 -1.607798 69.086823  -0.937877 -0.220668 -0.267755  0.745277 0.434290 1 6 1.000000
0  -4.281466 -1.418486 68.912041  -0.957696 -0.219119 0.186564  0.746530 0.444488 1 6 1.000000
0  -4.236013 -1.628239 68.928604  -0.961090 -0.204453 0.185753  0.740616 0.438466 1 6 1.000000
heavy_cap
0  -4.070652 -2.335466 69.120399  -0.909229 -0.280462 -0.307643  0.724106 0.414060 1 6 1.000000
0  -4.234097 -1.607798 69.086823  -0.937877 -0.220668 -0.267755  0.745277 0.434290 1 6 1.000000
0  -4.236013 -1.628239 68.928604  -0.961090 -0.204453 0.185753  0.740616 0.438466 1 6 1.000000
heavy_cap
0  -4.070652 -2.335466 69.120399  -0.909229 -0.280462 -0.307643  0.724106 0.414060 1 6 1.000000
0  -4.236013 -1.628239 68.928604  -0.961090 -0.204453 0.185753  0.740616 0.438466 1 6 1.000000
0  -4.069590 -2.339873 68.967438  -0.946807 -0.276604 0.164462  0.720028 0.418462 1 6 1.000000
heavy_cap
0  -3.729237 -3.322256 68.999138  -0.892198 -0.421925 0.161129  0.690136 0.390695 1 6 1.000000
0  -4.070652 -2.335466 69.120399  -0.909229 -0.280462 -0.307643  0.724106 0.414060 1 6 1.000000
0  -4.069590 -2.339873 68.967438  -0.946807 -0.276604 0.164462  0.720028 0.418462 1 6 1.000000
heavy_cap
0  -3.729237 -3.322256 68.999138  -0.892198 -0.421925 0.161129  0.690136 0.390695 1 6 1.000000
0  -3.730705 -3.319603 69.141655  -0.856962 -0.414702 -0.306004  0.693901 0.386561 1 6 1.000000
0  -4.070652 -2.335466 69.120399  -0.909229 -0.280462 -0.307643  0.724106 0.414060 1 6 1.000000
heavy_cap
0  -3.230130 -4.095661 69.147858  -0.702415 -0.665725 -0.251840  0.666776 0.362552 1 6 1.000000
0  -3.730705 -3.319603 69.141655  -0.856962 -0.414702 -0.306004  0.693901 0.386561 1 6 1.000000
0  -3.729237 -3.322256 68.999138  -0.892198 -0.421925 0.161129  0.690136 0.390695 1 6 1.000000
heavy_cap
0  -3.230130 -4.095661 69.147858  -0.702415 -0.665725 -0.251840  0.666776 0.362552 1 6 1.000000
0  -3.729237 -3.322256 68.999138  -0.892198 -0.421925 0.161129  0.690136 0.390695 1 6 1.000000
0  -3.231640 -4.099332 69.012238  -0.716004 -0.676351 0.172882  0.663210 0.366504 1 6 1.000000
heavy_cap
0  -2.199808 -4.939855 69.148743  -0.531501 -0.837328 -0.128019  0.627728 0.327841 1 6 1.000000
0  -3.230130 -4.095661 69.147858  -0.702415 -0.665725 -0.251840  0.666776 0.362552 1 6 1.000000
0  -3.231640 -4.099332 69.012238  -0.716004 -0.676351 0.172882  0.663210 0.366504 1 6 1.000000
heavy_cap
0  -2.199808 -4.939855 69.148743  -0.531501 -0.837328 -0.128019  0.627728 0.327841 1 6 1.000000
0  -3.231640 -4.099332 69.012238  -0.716004 -0.676351 0.172882  0.663210 0.366504 1 6 1.000000
0  -2.203398 -4.943240 69.014107  -0.535199 -0.836082 0.120535  0.624238 0.331810 1 6 1.000000
heavy_cap
0  -2.199808 -4.939855 69.148743  -0.531501 -0.837328 -0.128019  0.627728 0.327841 1 6 1.000000
0  -2.203398 -4.943240 69.014107  -0.535199 -0.836082 0.120535  0.624238 0.331810 1 6 1.000000
0  -1.301921 -5.339082 69.014107  -0.354200 -0.928406 0.112273  0.595607 0.305897 1 6 1.000000
heavy_cap
0  -2.199808 -4.939855 69.148743  -0.531501 -0.837328 -0.128019  0.627728 0.327841 1 6 1.000000
0  -1.301921 -5.339082 69.014107  -0.354200 -0.928406 0.112273  0.595607 0.305897 1 6 1.000000
0  -1.287561 -5.335205 69.148743  -0.343155 -0.938311 -0.042626  0.598820 0.301667 1 6 1.000000
heavy_cap
0  3.474493 -2.200089 68.947388  -0.850528 0.522606 -0.059025  0.956126 0.774377 1 6 1.000000
0  2.427320 -3.687128 69.154030  -0.625488 0.767670 -0.139456  0.925426 0.711438 1 6 1.000000
0  3.538059 -2.119998 69.122581  -0.855665 0.514549 -0.055460  0.963820 0.772352 1 6 1.000000
heavy_cap
0  3.474493 -2.200089 68.947388  -0.850528 0.522606 -0.059025  0.956126 0.774377 1 6 1.000000
0  2.395088 -3.730050 68.968674  -0.614409 0.744030 -0.262529  0.918794 0.715089 1 6 1.000000
0  2.427320 -3.687128 69.154030  -0.625488 0.767670 -0.139456  0.925426 0.711438 1 6 1.000000
heavy_cap
0  2.395088 -3.730050 68.968674  -0.614409 0.744030 -0.262529  0.918794 0.715089 1 6 1.000000
0  0.663903 -4.578243 69.154022  -0.378762 0.890877 -0.250755  0.886080 0.645272 1 6 1.000000
0  2.427320 -3.687128 69.154030  -0.625488 0.767670 -0.139456  0.925426 0.711438 1 6 1.000000
heavy_cap
0  2.395088 -3.730050 68.968674  -0.614409 0.744030 -0.262529  0.918794 0.715089 1 6 1.000000
0  0.672063 -4.614391 68.978661  -0.368309 0.851182 -0.373950  0.880722 0.649823 1 6 1.000000
0  0.663903 -4.578243 69.154022  -0.378762 0.890877 -0.250755  0.886080 0.645272 1 6 1.000000
heavy_cap
0  0.672063 -4.614391 68.978661  -0.368309 0.851182 -0.373950  0.880722 0.649823 1 6 1.000000
0  -0.006563 -4.724634 69.154022  0.000000 0.962191 -0.272375  0.870304 0.622207 1 6 1.000000
0  0.663903 -4.578243 69.154022  -0.378762 0.890877 -0.250755  0.886080 0.645272 1 6 1.000000
heavy_cap
0  0.672063 -4.614391 68.978661  -0.368309 0.851182 -0.373950  0.880722 0.649823 1 6 1.000000
0  -0.006562 -4.760373 68.976860  0.000020 0.931942 -0.362608  0.864708 0.626557 1 6 1.000000
0  -0.006563 -4.724634 69.154022  0.000000 0.962191 -0.272375  0.870304 0.622207 1 6 1.000000
heavy_cap
0  -0.685189 -4.614391 68.978661  0.368234 0.851180 -0.374026  0.848966 0.604342 1 6 1.000000
0  -0.006563 -4.724634 69.154022  0.000000 0.962191 -0.272375  0.870304 0.622207 1 6 1.000000
0  -0.006562 -4.760373 68.976860  0.000020 0.931942 -0.362608  0.864708 0.626557 1 6 1.000000
heavy_cap
0  -0.685189 -4.614391 68.978661  0.368234 0.851180 -0.374026  0.848966 0.604342 1 6 1.000000
0  -0.677029 -4.578243 69.154022  0.378719 0.890896 -0.250751  0.854700 0.600275 1 6 1.000000
0  -0.006563 -4.724634 69.154022  0.000000 0.962191 -0.272375  0.870304 0.622207 1 6 1.000000
heavy_cap
0  -2.408214 -3.730052 68.968666  0.614480 0.743981 -0.262498  0.810454 0.545945 1 6 1.000000
0  -0.677029 -4.578243 69.154022  0.378719 0.890896 -0.250751  0.854700 0.600275 1 6 1.000000
0  -0.685189 -4.614391 68.978661  0.368234 0.851180 -0.374026  0.848966 0.604342 1 6 1.000000
heavy_cap
0  -2.408214 -3.730052 68.968666  0.614480 0.743981 -0.262498  0.810454 0.545945 1 6 1.000000
0  -2.440446 -3.687130 69.154022  0.625493 0.767666 -0.139451  0.815629 0.540421 1 6 1.000000
0  -0.677029 -4.578243 69.154022  0.378719 0.890896 -0.250751  0.854700 0.600275 1 6 1.000000
heavy_cap
0  -3.487619 -2.200091 68.947372  0.850498 0.522655 -0.059037  0.779403 0.495483 1 6 1.000000
0  -2.440446 -3.687130 69.154022  0.625493 0.767666 -0.139451  0.815629 0.540421 1 6 1.000000
0  -2.408214 -3.730052 68.968666  0.614480 0.743981 -0.262498  0.810454 0.545945 1 6 1.000000
heavy_cap
0  -3.487619 -2.200091 68.947372  0.850498 0.522655 -0.059037  0.779403 0.495483 1 6 1.000000
0  -3.551187 -2.120002 69.122566  0.855632 0.514600 -0.055503  0.783941 0.488947 1 6 1.000000
0  -2.440446 -3.687130 69.154022  0.625493 0.767666 -0.139451  0.815629 0.540421 1 6 1.000000
heavy_cap
0  -3.783991 -1.442109 68.910934  0.935001 0.346057 -0.077577  0.763931 0.467529 1 6 1.000000
0  -3.551187 -2.120002 69.122566  0.855632 0.514600 -0.055503  0.783941 0.488947 1 6 1.000000
0  -3.487619 -2.200091 68.947372  0.850498 0.522655 -0.059037  0.779403 0.495483 1 6 1.000000
heavy_cap
0  -3.783991 -1.442109 68.910934  0.935001 0.346057 -0.077577  0.763931 0.467529 1 6 1.000000
0  -3.811980 -1.366140 69.073158  0.944662 0.327795 -0.012798  0.768198 0.461841 1 6 1.000000
0  -3.551187 -2.120002 69.122566  0.855632 0.514600 -0.055503  0.783941 0.488947 1 6 1.000000
heavy_cap
0  -3.811980 -1.366140 69.073158  0.944662 0.327795 -0.012798  0.768198 0.461841 1 6 1.000000
0  -3.783991 -1.442109 68.910934  0.935001 0.346057 -0.077577  0.763931 0.467529 1 6 1.000000
0  -3.850699 -1.310407 68.910042  0.803856 0.584028 -0.112818  0.761288 0.462374 1 6 1.000000
heavy_cap
0  -3.811980 -1.366140 69.073158  0.944662 0.327795 -0.012798  0.768198 0.461841 1 6 1.000000
0  -3.850699 -1.310407 68.910042  0.803856 0.584028 -0.112818  0.761288 0.462374 1 6 1.000000
0  -3.848944 -1.284622 69.056633  0.793167 0.590626 -0.148481  0.766047 0.458991 1 6 1.000000
heavy_cap
0  -3.848944 -1.284622 69.056633  0.793167 0.590626 -0.148481  0.766047 0.458991 1 6 1.000000
0  -3.850699 -1.310407 68.910042  0.803856 0.584028 -0.112818  0.761288 0.462374 1 6 1.000000
0  -3.896312 -1.291272 68.911591  0.023076 0.982230 -0.186255  0.760304 0.460703 1 6 1.000000
heavy_cap
0  -3.848944 -1.284622 69.056633  0.793167 0.590626 -0.148481  0.766047 0.458991 1 6 1.000000
0  -3.896312 -1.291272 68.911591  0.023076 0.982230 -0.186255  0.760304 0.460703 1 6 1.000000
0  -3.894763 -1.255777 69.058594  0.030068 0.960771 -0.275708  0.765035 0.457120 1 6 1.000000
heavy_cap
0  -4.345318 -1.256837 69.074425  -0.647460 -0.069765 -0.758899  0.489919 0.576607 1 6 1.000000
0  -4.324672 -1.383114 69.079285  -0.380066 -0.126161 -0.916315  0.492440 0.577603 1 6 1.000000
0  -4.331976 -1.379197 69.090828  -0.986126 -0.158382 0.049717  0.492222 0.577847 1 6 1.000000
heavy_cap
0  -4.290604 -1.604290 69.105392  -0.981855 -0.187059 0.031151  0.497061 0.580073 1 6 1.000000
0  -4.331976 -1.379197 69.090828  -0.986126 -0.158382 0.049717  0.492222 0.577847 1 6 1.000000
0  -4.324672 -1.383114 69.079285  -0.380066 -0.126161 -0.916315  0.492440 0.577603 1 6 1.000000
heavy_cap
0  -4.290604 -1.604290 69.105392  -0.981855 -0.187059 0.031151  0.497061 0.580073 1 6 1.000000
0  -4.324672 -1.383114 69.079285  -0.380066 -0.126161 -0.916315  0.492440 0.577603 1 6 1.000000
0  -4.282771 -1.606657 69.093803  -0.343285 -0.121469 -0.931344  0.497240 0.579775 1 6 1.000000
heavy_cap
0  -4.282771 -1.606657 69.093803  -0.343285 -0.121469 -0.931344  0.497240 0.579775 1 6 1.000000
0  -4.130261 -2.334528 69.138962  -0.960221 -0.279015 -0.011206  0.516143 0.584050 1 6 1.000000
0  -4.290604 -1.604290 69.105392  -0.981855 -0.187059 0.031151  0.497061 0.580073 1 6 1.000000
heavy_cap
0  -4.282771 -1.606657 69.093803  -0.343285 -0.121469 -0.931344  0.497240 0.579775 1 6 1.000000
0  -4.121610 -2.335181 69.127373  -0.311850 -0.123138 -0.942118  0.516326 0.583646 1 6 1.000000
0  -4.130261 -2.334528 69.138962  -0.960221 -0.279015 -0.011206  0.516143 0.584050 1 6 1.000000
heavy_cap
0  -3.811980 -1.366140 69.073158  0.944662 0.327795 -0.012798  0.485690 0.563494 1 6 1.000000
0  -3.848944 -1.284622 69.056633  0.793167 0.590626 -0.148481  0.486112 0.565887 1 6 1.000000
0  -3.849638 -1.276299 69.066956  0.906263 0.414699 -0.081927  0.485840 0.566066 1 6 1.000000
heavy_cap
0  -3.894763 -1.255777 69.058594  0.030068 0.960771 -0.275708  0.486281 0.567180 1 6 1.000000
0  -3.849638 -1.276299 69.066956  0.906263 0.414699 -0.081927  0.485840 0.566066 1 6 1.000000
0  -3.848944 -1.284622 69.056633  0.793167 0.590626 -0.148481  0.486112 0.565887 1 6 1.000000
heavy_cap
0  -3.849638 -1.276299 69.066956  0.906263 0.414699 -0.081927  0.485840 0.566066 1 6 1.000000
0  -3.894763 -1.255777 69.058594  0.030068 0.960771 -0.275708  0.486281 0.567180 1 6 1.000000
0  -3.890928 -1.247454 69.068222  0.032842 0.742838 -0.668665  0.486009 0.567233 1 6 1.000000
heavy_cap
0  -4.313167 -1.264386 69.067451  -0.048665 0.922919 -0.381905  0.490143 0.575934 1 6 1.000000
0  -3.890928 -1.247454 69.068222  0.032842 0.742838 -0.668665  0.486009 0.567233 1 6 1.000000
0  -3.894763 -1.255777 69.058594  0.030068 0.960771 -0.275708  0.486281 0.567180 1 6 1.000000
heavy_cap
0  -4.313167 -1.264386 69.067451  -0.048665 0.922919 -0.381905  0.490143 0.575934 1 6 1.000000
0  -4.333485 -1.243291 69.074509  -0.026396 0.642656 -0.765700  0.489698 0.576396 1 6 1.000000
0  -3.890928 -1.247454 69.068222  0.032842 0.742838 -0.668665  0.486009 0.567233 1 6 1.000000
heavy_cap
0  -4.313167 -1.264386 69.067451  -0.048665 0.922919 -0.381905  0.490143 0.575934 1 6 1.000000
0  -4.345318 -1.256837 69.074425  -0.647460 -0.069765 -0.758899  0.489919 0.576607 1 6 1.000000
0  -4.333485 -1.243291 69.074509  -0.026396 0.642656 -0.765700  0.489698 0.576396 1 6 1.000000
heavy_cap
0  -4.313167 -1.264386 69.067451  -0.048665 0.922919 -0.381905  0.490143 0.575934 1 6 1.000000
0  -4.312229 -1.279237 69.067329  -0.939476 -0.255477 -0.228289  0.490494 0.576016 1 6 1.000000
0  -4.345318 -1.256837 69.074425  -0.647460 -0.069765 -0.758899  0.489919 0.576607 1 6 1.000000
heavy_cap
0  -4.312229 -1.279237 69.067329  -0.939476 -0.255477 -0.228289  0.490494 0.576016 1 6 1.000000
0  -4.324672 -1.383114 69.079285  -0.380066 -0.126161 -0.916315  0.492440 0.577603 1 6 1.000000
0  -4.345318 -1.256837 69.074425  -0.647460 -0.069765 -0.758899  0.489919 0.576607 1 6 1.000000
heavy_cap
0  -4.312229 -1.279237 69.067329  -0.939476 -0.255477 -0.228289  0.490494 0.576016 1 6 1.000000
0  -4.278977 -1.387928 69.072266  -0.946315 -0.242287 -0.213973  0.493074 0.576840 1 6 1.000000
0  -4.324672 -1.383114 69.079285  -0.380066 -0.126161 -0.916315  0.492440 0.577603 1 6 1.000000
heavy_cap
0  -4.278977 -1.387928 69.072266  -0.946315 -0.242287 -0.213973  0.493074 0.576840 1 6 1.000000
0  -4.282771 -1.606657 69.093803  -0.343285 -0.121469 -0.931344  0.497240 0.579775 1 6 1.000000
0  -4.324672 -1.383114 69.079285  -0.380066 -0.126161 -0.916315  0.492440 0.577603 1 6 1.000000
heavy_cap
0  -4.278977 -1.387928 69.072266  -0.946315 -0.242287 -0.213973  0.493074 0.576840 1 6 1.000000
0  -4.234097 -1.607798 69.086823  -0.937877 -0.220668 -0.267755  0.497835 0.578746 1 6 1.000000
0  -4.282771 -1.606657 69.093803  -0.343285 -0.121469 -0.931344  0.497240 0.579775 1 6 1.000000
heavy_cap
0  -4.234097 -1.607798 69.086823  -0.937877 -0.220668 -0.267755  0.497835 0.578746 1 6 1.000000
0  -4.121610 -2.335181 69.127373  -0.311850 -0.123138 -0.942118  0.516326 0.583646 1 6 1.000000
0  -4.282771 -1.606657 69.093803  -0.343285 -0.121469 -0.931344  0.497240 0.579775 1 6 1.000000
heavy_cap
0  -4.234097 -1.607798 69.086823  -0.937877 -0.220668 -0.267755  0.497835 0.578746 1 6 1.000000
0  -4.070652 -2.335466 69.120399  -0.909229 -0.280462 -0.307643  0.517051 0.582346 1 6 1.000000
0  -4.121610 -2.335181 69.127373  -0.311850 -0.123138 -0.942118  0.516326 0.583646 1 6 1.000000
heavy_cap
0  0.663903 -4.578243 69.154022  -0.378762 0.890877 -0.250755  0.403045 0.238074 1 6 1.000000
0  -0.006563 -4.724634 69.154022  0.000000 0.962191 -0.272375  0.429093 0.274822 1 6 1.000000
0  -0.006564 -4.604560 69.524765  0.000001 0.959890 -0.280378  0.407336 0.287929 1 6 1.000000
heavy_cap
0  -0.006564 -4.604560 69.524765  0.000001 0.959890 -0.280378  0.407336 0.287929 1 6 1.000000
0  -0.006563 -4.724634 69.154022  0.000000 0.962191 -0.272375  0.429093 0.274822 1 6 1.000000
0  -0.677029 -4.578243 69.154022  0.378719 0.890896 -0.250751  0.449018 0.314511 1 6 1.000000
heavy_cap
0  -0.006564 -4.604560 69.524765  0.000001 0.959890 -0.280378  0.407336 0.287929 1 6 1.000000
0  -0.677029 -4.578243 69.154022  0.378719 0.890896 -0.250751  0.449018 0.314511 1 6 1.000000
0  -0.658466 -4.471756 69.524765  0.364130 0.899149 -0.242777  0.427039 0.325628 1 6 1.000000
heavy_cap
0  -0.658466 -4.471756 69.524765  0.364130 0.899149 -0.242777  0.427039 0.325628 1 6 1.000000
0  -0.677029 -4.578243 69.154022  0.378719 0.890896 -0.250751  0.449018 0.314511 1 6 1.000000
0  -2.440446 -3.687130 69.154022  0.625493 0.767666 -0.139451  0.491105 0.430898 1 6 1.000000
heavy_cap
0  -0.658466 -4.471756 69.524765  0.364130 0.899149 -0.242777  0.427039 0.325628 1 6 1.000000
0  -2.440446 -3.687130 69.154022  0.625493 0.767666 -0.139451  0.491105 0.430898 1 6 1.000000
0  -2.494262 -3.561018 69.524765  0.643198 0.740296 -0.195594  0.470478 0.442650 1 6 1.000000
heavy_cap
0  -2.494262 -3.561018 69.524765  0.643198 0.740296 -0.195594  0.470478 0.442650 1 6 1.000000
0  -2.440446 -3.687130 69.154022  0.625493 0.767666 -0.139451  0.491105 0.430898 1 6 1.000000
0  -3.551187 -2.120002 69.122566  0.855632 0.514600 -0.055503  0.497185 0.537625 1 6 1.000000
heavy_cap
0  -2.494262 -3.561018 69.524765  0.643198 0.740296 -0.195594  0.470478 0.442650 1 6 1.000000
0  -3.551187 -2.120002 69.122566  0.855632 0.514600 -0.055503  0.497185 0.537625 1 6 1.000000
0  -3.622995 -1.920044 69.538727  0.862184 0.490792 -0.125548  0.475741 0.543236 1 6 1.000000
heavy_cap
0  -3.811980 -1.366140 69.073158  0.944662 0.327795 -0.012798  0.485690 0.563494 1 6 1.000000
0  -3.622995 -1.920044 69.538727  0.862184 0.490792 -0.125548  0.475741 0.543236 1 6 1.000000
0  -3.551187 -2.120002 69.122566  0.855632 0.514600 -0.055503  0.497185 0.537625 1 6 1.000000
heavy_cap
0  -3.811980 -1.366140 69.073158  0.944662 0.327795 -0.012798  0.485690 0.563494 1 6 1.000000
0  -3.820100 -1.300333 69.586014  0.946567 0.309730 -0.089878  0.472165 0.565954 1 6 1.000000
0  -3.622995 -1.920044 69.538727  0.862184 0.490792 -0.125548  0.475741 0.543236 1 6 1.000000
heavy_cap
0  -3.820100 -1.300333 69.586014  0.946567 0.309730 -0.089878  0.472165 0.565954 1 6 1.000000
0  -3.811980 -1.366140 69.073158  0.944662 0.327795 -0.012798  0.485690 0.563494 1 6 1.000000
0  -3.849638 -1.276299 69.066956  0.906263 0.414699 -0.081927  0.485840 0.566066 1 6 1.000000
heavy_cap
0  -3.820100 -1.300333 69.586014  0.946567 0.309730 -0.089878  0.472165 0.565954 1 6 1.000000
0  -3.849638 -1.276299 69.066956  0.906263 0.414699 -0.081927  0.485840 0.566066 1 6 1.000000
0  -3.844866 -1.134970 69.612740  0.980873 0.181351 -0.070715  0.472263 0.570840 1 6 1.000000
heavy_cap
0  -3.884930 -1.230726 69.087364  0.089071 0.942846 -0.321104  0.485448 0.567409 1 6 1.000000
0  -3.844866 -1.134970 69.612740  0.980873 0.181351 -0.070715  0.472263 0.570840 1 6 1.000000
0  -3.849638 -1.276299 69.066956  0.906263 0.414699 -0.081927  0.485840 0.566066 1 6 1.000000
heavy_cap
0  -3.890928 -1.247454 69.068222  0.032842 0.742838 -0.668665  0.486009 0.567233 1 6 1.000000
0  -3.884930 -1.230726 69.087364  0.089071 0.942846 -0.321104  0.485448 0.567409 1 6 1.000000
0  -3.849638 -1.276299 69.066956  0.906263 0.414699 -0.081927  0.485840 0.566066 1 6 1.000000
heavy_cap
0  -4.336505 -1.236030 69.086090  -0.041577 0.951939 -0.303452  0.489453 0.576539 1 6 1.000000
0  -3.884930 -1.230726 69.087364  0.089071 0.942846 -0.321104  0.485448 0.567409 1 6 1.000000
0  -3.890928 -1.247454 69.068222  0.032842 0.742838 -0.668665  0.486009 0.567233 1 6 1.000000
heavy_cap
0  -4.336505 -1.236030 69.086090  -0.041577 0.951939 -0.303452  0.489453 0.576539 1 6 1.000000
0  -3.890928 -1.247454 69.068222  0.032842 0.742838 -0.668665  0.486009 0.567233 1 6 1.000000
0  -4.333485 -1.243291 69.074509  -0.026396 0.642656 -0.765700  0.489698 0.576396 1 6 1.000000
heavy_cap
0  -4.333485 -1.243291 69.074509  -0.026396 0.642656 -0.765700  0.489698 0.576396 1 6 1.000000
0  -4.350458 -1.249411 69.086014  -0.997974 -0.052195 0.036387  0.489715 0.576785 1 6 1.000000
0  -4.336505 -1.236030 69.086090  -0.041577 0.951939 -0.303452  0.489453 0.576539 1 6 1.000000
heavy_cap
0  -4.333485 -1.243291 69.074509  -0.026396 0.642656 -0.765700  0.489698 0.576396 1 6 1.000000
0  -4.345318 -1.256837 69.074425  -0.647460 -0.069765 -0.758899  0.489919 0.576607 1 6 1.000000
0  -4.350458 -1.249411 69.086014  -0.997974 -0.052195 0.036387  0.489715 0.576785 1 6 1.000000
heavy_cap
0  -4.345318 -1.256837 69.074425  -0.647460 -0.069765 -0.758899  0.489919 0.576607 1 6 1.000000
0  -4.331976 -1.379197 69.090828  -0.986126 -0.158382 0.049717  0.492222 0.577847 1 6 1.000000
0  -4.350458 -1.249411 69.086014  -0.997974 -0.052195 0.036387  0.489715 0.576785 1 6 1.000000
heavy_cap
0  -4.135321 -2.305277 69.610855  -0.964020 -0.263076 0.038171  0.510976 0.597178 1 6 1.000000
0  -4.290604 -1.604290 69.105392  -0.981855 -0.187059 0.031151  0.497061 0.580073 1 6 1.000000
0  -4.130261 -2.334528 69.138962  -0.960221 -0.279015 -0.011206  0.516143 0.584050 1 6 1.000000
heavy_cap
0  -4.135321 -2.305277 69.610855  -0.964020 -0.263076 0.038171  0.510976 0.597178 1 6 1.000000
0  -4.277509 -1.513350 69.610863  -0.985381 -0.157453 0.065057  0.489763 0.589747 1 6 1.000000
0  -4.290604 -1.604290 69.105392  -0.981855 -0.187059 0.031151  0.497061 0.580073 1 6 1.000000
heavy_cap
0  -4.277509 -1.513350 69.610863  -0.985381 -0.157453 0.065057  0.489763 0.589747 1 6 1.000000
0  -4.331976 -1.379197 69.090828  -0.986126 -0.158382 0.049717  0.492222 0.577847 1 6 1.000000
0  -4.290604 -1.604290 69.105392  -0.981855 -0.187059 0.031151  0.497061 0.580073 1 6 1.000000
heavy_cap
0  -4.277509 -1.513350 69.610863  -0.985381 -0.157453 0.065057  0.489763 0.589747 1 6 1.000000
0  -4.315331 -1.251169 69.610863  -0.988998 -0.125589 0.078172  0.483955 0.586313 1 6 1.000000
0  -4.331976 -1.379197 69.090828  -0.986126 -0.158382 0.049717  0.492222 0.577847 1 6 1.000000
heavy_cap
0  -4.350458 -1.249411 69.086014  -0.997974 -0.052195 0.036387  0.489715 0.576785 1 6 1.000000
0  -4.331976 -1.379197 69.090828  -0.986126 -0.158382 0.049717  0.492222 0.577847 1 6 1.000000
0  -4.315331 -1.251169 69.610863  -0.988998 -0.125589 0.078172  0.483955 0.586313 1 6 1.000000
heavy_cap
0  -4.350458 -1.249411 69.086014  -0.997974 -0.052195 0.036387  0.489715 0.576785 1 6 1.000000
0  -4.315331 -1.251169 69.610863  -0.988998 -0.125589 0.078172  0.483955 0.586313 1 6 1.000000
0  -4.332385 -1.089438 69.610863  -0.998192 -0.021180 0.056244  0.480524 0.584009 1 6 1.000000
heavy_cap
0  -4.332385 -1.089438 69.610863  -0.998192 -0.021180 0.056244  0.480524 0.584009 1 6 1.000000
0  -4.336505 -1.236030 69.086090  -0.041577 0.951939 -0.303452  0.489453 0.576539 1 6 1.000000
0  -4.350458 -1.249411 69.086014  -0.997974 -0.052195 0.036387  0.489715 0.576785 1 6 1.000000
heavy_cap
0  -4.332385 -1.089438 69.610863  -0.998192 -0.021180 0.056244  0.480524 0.584009 1 6 1.000000
0  -4.318391 -1.071240 69.610863  -0.083477 0.950583 -0.299037  0.480077 0.583682 1 6 1.000000
0  -4.336505 -1.236030 69.086090  -0.041577 0.951939 -0.303452  0.489453 0.576539 1 6 1.000000
heavy_cap
0  -4.318391 -1.071240 69.610863  -0.083477 0.950583 -0.299037  0.480077 0.583682 1 6 1.000000
0  -3.884930 -1.230726 69.087364  0.089071 0.942846 -0.321104  0.485448 0.567409 1 6 1.000000
0  -4.336505 -1.236030 69.086090  -0.041577 0.951939 -0.303452  0.489453 0.576539 1 6 1.000000
heavy_cap
0  -4.318391 -1.071240 69.610863  -0.083477 0.950583 -0.299037  0.480077 0.583682 1 6 1.000000
0  -3.869550 -1.046106 69.611275  0.124853 0.941790 -0.312159  0.472863 0.573367 1 6 1.000000
0  -3.884930 -1.230726 69.087364  0.089071 0.942846 -0.321104  0.485448 0.567409 1 6 1.000000
heavy_cap
0  -3.884930 -1.230726 69.087364  0.089071 0.942846 -0.321104  0.485448 0.567409 1 6 1.000000
0  -3.869550 -1.046106 69.611275  0.124853 0.941790 -0.312159  0.472863 0.573367 1 6 1.000000
0  -3.844866 -1.134970 69.612740  0.980873 0.181351 -0.070715  0.472263 0.570840 1 6 1.000000
heavy_cap
0  -4.115413 -2.216908 70.412872  -0.964358 -0.238378 0.114847  0.498572 0.617854 1 6 1.000000
0  -4.277509 -1.513350 69.610863  -0.985381 -0.157453 0.065057  0.489763 0.589747 1 6 1.000000
0  -4.135321 -2.305277 69.610855  -0.964020 -0.263076 0.038171  0.510976 0.597178 1 6 1.000000
heavy_cap
0  -4.115413 -2.216908 70.412872  -0.964358 -0.238378 0.114847  0.498572 0.617854 1 6 1.000000
0  -4.235732 -1.337546 70.412872  -0.984020 -0.123514 0.128250  0.475227 0.605437 1 6 1.000000
0  -4.277509 -1.513350 69.610863  -0.985381 -0.157453 0.065057  0.489763 0.589747 1 6 1.000000
heavy_cap
0  -4.235732 -1.337546 70.412872  -0.984020 -0.123514 0.128250  0.475227 0.605437 1 6 1.000000
0  -4.315331 -1.251169 69.610863  -0.988998 -0.125589 0.078172  0.483955 0.586313 1 6 1.000000
0  -4.277509 -1.513350 69.610863  -0.985381 -0.157453 0.065057  0.489763 0.589747 1 6 1.000000
heavy_cap
0  -4.235732 -1.337546 70.412872  -0.984020 -0.123514 0.128250  0.475227 0.605437 1 6 1.000000
0  -4.268045 -1.025833 70.412872  -0.987321 -0.091109 0.129990  0.467821 0.600763 1 6 1.000000
0  -4.315331 -1.251169 69.610863  -0.988998 -0.125589 0.078172  0.483955 0.586313 1 6 1.000000
heavy_cap
0  -4.332385 -1.089438 69.610863  -0.998192 -0.021180 0.056244  0.480524 0.584009 1 6 1.000000
0  -4.315331 -1.251169 69.610863  -0.988998 -0.125589 0.078172  0.483955 0.586313 1 6 1.000000
0  -4.268045 -1.025833 70.412872  -0.987321 -0.091109 0.129990  0.467821 0.600763 1 6 1.000000
heavy_cap
0  -4.332385 -1.089438 69.610863  -0.998192 -0.021180 0.056244  0.480524 0.584009 1 6 1.000000
0  -4.268045 -1.025833 70.412872  -0.987321 -0.091109 0.129990  0.467821 0.600763 1 6 1.000000
0  -4.281428 -0.843295 70.412872  -0.993944 0.005427 0.109757  0.463591 0.598002 1 6 1.000000
heavy_cap
0  -4.281428 -0.843295 70.412872  -0.993944 0.005427 0.109757  0.463591 0.598002 1 6 1.000000
0  -4.318391 -1.071240 69.610863  -0.083477 0.950583 -0.299037  0.480077 0.583682 1 6 1.000000
0  -4.332385 -1.089438 69.610863  -0.998192 -0.021180 0.056244  0.480524 0.584009 1 6 1.000000
heavy_cap
0  -4.281428 -0.843295 70.412872  -0.993944 0.005427 0.109757  0.463591 0.598002 1 6 1.000000
0  -4.267147 -0.824118 70.412872  -0.109293 0.955943 -0.272447  0.463037 0.597654 1 6 1.000000
0  -4.318391 -1.071240 69.610863  -0.083477 0.950583 -0.299037  0.480077 0.583682 1 6 1.000000
heavy_cap
0  -4.267147 -0.824118 70.412872  -0.109293 0.955943 -0.272447  0.463037 0.597654 1 6 1.000000
0  -3.869550 -1.046106 69.611275  0.124853 0.941790 -0.312159  0.472863 0.573367 1 6 1.000000
0  -4.318391 -1.071240 69.610863  -0.083477 0.950583 -0.299037  0.480077 0.583682 1 6 1.000000
heavy_cap
0  -4.267147 -0.824118 70.412872  -0.109293 0.955943 -0.272447  0.463037 0.597654 1 6 1.000000
0  -3.818348 -0.789111 70.413353  0.122755 0.947297 -0.295906  0.452838 0.587734 1 6 1.000000
0  -3.869550 -1.046106 69.611275  0.124853 0.941790 -0.312159  0.472863 0.573367 1 6 1.000000
heavy_cap
0  -3.869550 -1.046106 69.611275  0.124853 0.941790 -0.312159  0.472863 0.573367 1 6 1.000000
0  -3.818348 -0.789111 70.413353  0.122755 0.947297 -0.295906  0.452838 0.587734 1 6 1.000000
0  -3.811371 -0.891439 70.402023  0.994290 0.029070 -0.102679  0.451758 0.584631 1 6 1.000000
heavy_cap
0  -3.869550 -1.046106 69.611275  0.124853 0.941790 -0.312159  0.472863 0.573367 1 6 1.000000
0  -3.811371 -0.891439 70.402023  0.994290 0.029070 -0.102679  0.451758 0.584631 1 6 1.000000
0  -3.844866 -1.134970 69.612740  0.980873 0.181351 -0.070715  0.472263 0.570840 1 6 1.000000
heavy_cap
0  -3.811371 -0.891439 70.402023  0.994290 0.029070 -0.102679  0.451758 0.584631 1 6 1.000000
0  -3.816104 -1.099640 70.381531  0.941615 0.302565 -0.147700  0.450155 0.578363 1 6 1.000000
0  -3.844866 -1.134970 69.612740  0.980873 0.181351 -0.070715  0.472263 0.570840 1 6 1.000000
heavy_cap
0  -3.816104 -1.099640 70.381531  0.941615 0.302565 -0.147700  0.450155 0.578363 1 6 1.000000
0  -3.820100 -1.300333 69.586014  0.946567 0.309730 -0.089878  0.472165 0.565954 1 6 1.000000
0  -3.844866 -1.134970 69.612740  0.980873 0.181351 -0.070715  0.472263 0.570840 1 6 1.000000
heavy_cap
0  -3.475138 -1.927881 70.410301  0.819486 0.520216 -0.240452  0.438050 0.546788 1 6 1.000000
0  -3.820100 -1.300333 69.586014  0.946567 0.309730 -0.089878  0.472165 0.565954 1 6 1.000000
0  -3.816104 -1.099640 70.381531  0.941615 0.302565 -0.147700  0.450155 0.578363 1 6 1.000000
heavy_cap
0  -3.475138 -1.927881 70.410301  0.819486 0.520216 -0.240452  0.438050 0.546788 1 6 1.000000
0  -3.622995 -1.920044 69.538727  0.862184 0.490792 -0.125548  0.475741 0.543236 1 6 1.000000
0  -3.820100 -1.300333 69.586014  0.946567 0.309730 -0.089878  0.472165 0.565954 1 6 1.000000
heavy_cap
0  -2.474232 -3.313857 70.412865  0.631653 0.722557 -0.280936  0.422111 0.464637 1 6 1.000000
0  -3.622995 -1.920044 69.538727  0.862184 0.490792 -0.125548  0.475741 0.543236 1 6 1.000000
0  -3.475138 -1.927881 70.410301  0.819486 0.520216 -0.240452  0.438050 0.546788 1 6 1.000000
heavy_cap
0  -2.474232 -3.313857 70.412865  0.631653 0.722557 -0.280936  0.422111 0.464637 1 6 1.000000
0  -2.494262 -3.561018 69.524765  0.643198 0.740296 -0.195594  0.470478 0.442650 1 6 1.000000
0  -3.622995 -1.920044 69.538727  0.862184 0.490792 -0.125548  0.475741 0.543236 1 6 1.000000
heavy_cap
0  -0.599020 -5.523048 69.167923  -0.217659 -0.973547 0.069497  0.689582 0.654466 1 6 1.000000
0  -0.333983 -5.566379 69.162659  -0.086764 -0.793821 -0.601930  0.699755 0.659858 1 6 1.000000
0  -0.331861 -5.570417 69.168701  -0.139064 -0.987453 0.074822  0.699873 0.660242 1 6 1.000000
heavy_cap
0  -0.599020 -5.523048 69.167923  -0.217659 -0.973547 0.069497  0.689582 0.654466 1 6 1.000000
0  -0.611994 -5.519337 69.158379  -0.195073 -0.837969 -0.509661  0.689181 0.653660 1 6 1.000000
0  -0.333983 -5.566379 69.162659  -0.086764 -0.793821 -0.601930  0.699755 0.659858 1 6 1.000000
heavy_cap
0  -1.338846 -5.338674 69.167313  -0.333467 -0.941206 0.054132  0.659352 0.639405 1 6 1.000000
0  -0.611994 -5.519337 69.158379  -0.195073 -0.837969 -0.509661  0.689181 0.653660 1 6 1.000000
0  -0.599020 -5.523048 69.167923  -0.217659 -0.973547 0.069497  0.689582 0.654466 1 6 1.000000
heavy_cap
0  -1.327668 -5.313258 69.628960  -0.332604 -0.937438 0.102880  0.651253 0.656500 1 6 1.000000
0  -1.338846 -5.338674 69.167313  -0.333467 -0.941206 0.054132  0.659352 0.639405 1 6 1.000000
0  -0.599020 -5.523048 69.167923  -0.217659 -0.973547 0.069497  0.689582 0.654466 1 6 1.000000
heavy_cap
0  -2.236774 -4.913948 69.610847  -0.535106 -0.837714 0.109075  0.615767 0.638397 1 6 1.000000
0  -1.338846 -5.338674 69.167313  -0.333467 -0.941206 0.054132  0.659352 0.639405 1 6 1.000000
0  -1.327668 -5.313258 69.628960  -0.332604 -0.937438 0.102880  0.651253 0.656500 1 6 1.000000
heavy_cap
0  -1.337216 -5.231579 70.120445  -0.326920 -0.922673 0.204445  0.640656 0.673773 1 6 1.000000
0  -2.236774 -4.913948 69.610847  -0.535106 -0.837714 0.109075  0.615767 0.638397 1 6 1.000000
0  -1.327668 -5.313258 69.628960  -0.332604 -0.937438 0.102880  0.651253 0.656500 1 6 1.000000
heavy_cap
0  -1.337216 -5.231579 70.120445  -0.326920 -0.922673 0.204445  0.640656 0.673773 1 6 1.000000
0  -2.208745 -4.836310 70.174217  -0.521378 -0.834600 0.177788  0.605960 0.658069 1 6 1.000000
0  -2.236774 -4.913948 69.610847  -0.535106 -0.837714 0.109075  0.615767 0.638397 1 6 1.000000
heavy_cap
0  -1.337216 -5.231579 70.120445  -0.326920 -0.922673 0.204445  0.640656 0.673773 1 6 1.000000
0  -2.123393 -4.642675 71.175697  -0.474137 -0.829950 0.293900  0.586816 0.693477 1 6 1.000000
0  -2.208745 -4.836310 70.174217  -0.521378 -0.834600 0.177788  0.605960 0.658069 1 6 1.000000
heavy_cap
0  -3.246044 -4.012679 70.282265  -0.694643 -0.704061 0.147546  0.560792 0.640677 1 6 1.000000
0  -2.208745 -4.836310 70.174217  -0.521378 -0.834600 0.177788  0.605960 0.658069 1 6 1.000000
0  -2.123393 -4.642675 71.175697  -0.474137 -0.829950 0.293900  0.586816 0.693477 1 6 1.000000
heavy_cap
0  -3.246044 -4.012679 70.282265  -0.694643 -0.704061 0.147546  0.560792 0.640677 1 6 1.000000
0  -2.123393 -4.642675 71.175697  -0.474137 -0.829950 0.293900  0.586816 0.693477 1 6 1.000000
0  -3.146657 -3.873147 71.174759  -0.668646 -0.691243 0.274037  0.544590 0.669893 1 6 1.000000
heavy_cap
0  -3.776853 -3.244987 70.367737  -0.888618 -0.443367 0.117404  0.530450 0.630345 1 6 1.000000
0  -3.246044 -4.012679 70.282265  -0.694643 -0.704061 0.147546  0.560792 0.640677 1 6 1.000000
0  -3.146657 -3.873147 71.174759  -0.668646 -0.691243 0.274037  0.544590 0.669893 1 6 1.000000
heavy_cap
0  -3.776853 -3.244987 70.367737  -0.888618 -0.443367 0.117404  0.530450 0.630345 1 6 1.000000
0  -3.146657 -3.873147 71.174759  -0.668646 -0.691243 0.274037  0.544590 0.669893 1 6 1.000000
0  -3.681179 -3.125895 71.173538  -0.867734 -0.425080 0.257575  0.515882 0.654516 1 6 1.000000
heavy_cap
0  -4.115413 -2.216908 70.412872  -0.964358 -0.238378 0.114847  0.498572 0.617854 1 6 1.000000
0  -3.776853 -3.244987 70.367737  -0.888618 -0.443367 0.117404  0.530450 0.630345 1 6 1.000000
0  -3.681179 -3.125895 71.173538  -0.867734 -0.425080 0.257575  0.515882 0.654516 1 6 1.000000
heavy_cap
0  -4.115413 -2.216908 70.412872  -0.964358 -0.238378 0.114847  0.498572 0.617854 1 6 1.000000
0  -3.681179 -3.125895 71.173538  -0.867734 -0.425080 0.257575  0.515882 0.654516 1 6 1.000000
0  -4.008518 -2.092309 71.173546  -0.943118 -0.209366 0.258253  0.484144 0.637365 1 6 1.000000
heavy_cap
0  -4.235732 -1.337546 70.412872  -0.984020 -0.123514 0.128250  0.475227 0.605437 1 6 1.000000
0  -4.115413 -2.216908 70.412872  -0.964358 -0.238378 0.114847  0.498572 0.617854 1 6 1.000000
0  -4.008518 -2.092309 71.173546  -0.943118 -0.209366 0.258253  0.484144 0.637365 1 6 1.000000
heavy_cap
0  -4.235732 -1.337546 70.412872  -0.984020 -0.123514 0.128250  0.475227 0.605437 1 6 1.000000
0  -4.008518 -2.092309 71.173546  -0.943118 -0.209366 0.258253  0.484144 0.637365 1 6 1.000000
0  -4.119903 -1.169780 71.174690  -0.959240 -0.107803 0.261221  0.459945 0.621842 1 6 1.000000
heavy_cap
0  -4.268045 -1.025833 70.412872  -0.987321 -0.091109 0.129990  0.467821 0.600763 1 6 1.000000
0  -4.235732 -1.337546 70.412872  -0.984020 -0.123514 0.128250  0.475227 0.605437 1 6 1.000000
0  -4.119903 -1.169780 71.174690  -0.959240 -0.107803 0.261221  0.459945 0.621842 1 6 1.000000
heavy_cap
0  -4.268045 -1.025833 70.412872  -0.987321 -0.091109 0.129990  0.467821 0.600763 1 6 1.000000
0  -4.119903 -1.169780 71.174690  -0.959240 -0.107803 0.261221  0.459945 0.621842 1 6 1.000000
0  -4.152257 -0.831099 71.174690  -0.962700 -0.082759 0.257604  0.452029 0.616268 1 6 1.000000
heavy_cap
0  -2.208745 -4.836310 70.174217  -0.521378 -0.834600 0.177788  0.605960 0.658069 1 6 1.000000
0  -3.278887 -4.070939 69.610855  -0.715800 -0.693752 0.079616  0.571116 0.618494 1 6 1.000000
0  -2.236774 -4.913948 69.610847  -0.535106 -0.837714 0.109075  0.615767 0.638397 1 6 1.000000
heavy_cap
0  -2.208745 -4.836310 70.174217  -0.521378 -0.834600 0.177788  0.605960 0.658069 1 6 1.000000
0  -3.246044 -4.012679 70.282265  -0.694643 -0.704061 0.147546  0.560792 0.640677 1 6 1.000000
0  -3.278887 -4.070939 69.610855  -0.715800 -0.693752 0.079616  0.571116 0.618494 1 6 1.000000
heavy_cap
0  -1.338846 -5.338674 69.167313  -0.333467 -0.941206 0.054132  0.659352 0.639405 1 6 1.000000
0  -1.331706 -5.338510 69.155724  -0.209582 -0.584534 -0.783834  0.659947 0.638986 1 6 1.000000
0  -0.611994 -5.519337 69.158379  -0.195073 -0.837969 -0.509661  0.689181 0.653660 1 6 1.000000
heavy_cap
0  -2.250441 -4.939608 69.155724  -0.255060 -0.396313 -0.881975  0.622987 0.621758 1 6 1.000000
0  -1.331706 -5.338510 69.155724  -0.209582 -0.584534 -0.783834  0.659947 0.638986 1 6 1.000000
0  -1.338846 -5.338674 69.167313  -0.333467 -0.941206 0.054132  0.659352 0.639405 1 6 1.000000
heavy_cap
0  -2.250441 -4.939608 69.155724  -0.255060 -0.396313 -0.881975  0.622987 0.621758 1 6 1.000000
0  -1.338846 -5.338674 69.167313  -0.333467 -0.941206 0.054132  0.659352 0.639405 1 6 1.000000
0  -2.258397 -4.939159 69.167313  -0.538014 -0.840604 0.062659  0.622276 0.622289 1 6 1.000000
heavy_cap
0  -2.236774 -4.913948 69.610847  -0.535106 -0.837714 0.109075  0.615767 0.638397 1 6 1.000000
0  -2.258397 -4.939159 69.167313  -0.538014 -0.840604 0.062659  0.622276 0.622289 1 6 1.000000
0  -1.338846 -5.338674 69.167313  -0.333467 -0.941206 0.054132  0.659352 0.639405 1 6 1.000000
heavy_cap
0  -2.236774 -4.913948 69.610847  -0.535106 -0.837714 0.109075  0.615767 0.638397 1 6 1.000000
0  -3.289168 -4.094887 69.166420  -0.723288 -0.689194 0.043201  0.577474 0.603499 1 6 1.000000
0  -2.258397 -4.939159 69.167313  -0.538014 -0.840604 0.062659  0.622276 0.622289 1 6 1.000000
heavy_cap
0  -2.236774 -4.913948 69.610847  -0.535106 -0.837714 0.109075  0.615767 0.638397 1 6 1.000000
0  -3.278887 -4.070939 69.610855  -0.715800 -0.693752 0.079616  0.571116 0.618494 1 6 1.000000
0  -3.289168 -4.094887 69.166420  -0.723288 -0.689194 0.043201  0.577474 0.603499 1 6 1.000000
heavy_cap
0  -3.278887 -4.070939 69.610855  -0.715800 -0.693752 0.079616  0.571116 0.618494 1 6 1.000000
0  -3.790396 -3.319034 69.160225  -0.898544 -0.438808 -0.008130  0.546754 0.592562 1 6 1.000000
0  -3.289168 -4.094887 69.166420  -0.723288 -0.689194 0.043201  0.577474 0.603499 1 6 1.000000
heavy_cap
0  -3.278887 -4.070939 69.610855  -0.715800 -0.693752 0.079616  0.571116 0.618494 1 6 1.000000
0  -3.797496 -3.301206 69.610855  -0.897442 -0.439313 0.040015  0.541413 0.607029 1 6 1.000000
0  -3.790396 -3.319034 69.160225  -0.898544 -0.438808 -0.008130  0.546754 0.592562 1 6 1.000000
heavy_cap
0  -3.246044 -4.012679 70.282265  -0.694643 -0.704061 0.147546  0.560792 0.640677 1 6 1.000000
0  -3.797496 -3.301206 69.610855  -0.897442 -0.439313 0.040015  0.541413 0.607029 1 6 1.000000
0  -3.278887 -4.070939 69.610855  -0.715800 -0.693752 0.079616  0.571116 0.618494 1 6 1.000000
heavy_cap
0  -3.246044 -4.012679 70.282265  -0.694643 -0.704061 0.147546  0.560792 0.640677 1 6 1.000000
0  -3.776853 -3.244987 70.367737  -0.888618 -0.443367 0.117404  0.530450 0.630345 1 6 1.000000
0  -3.797496 -3.301206 69.610855  -0.897442 -0.439313 0.040015  0.541413 0.607029 1 6 1.000000
heavy_cap
0  -3.280926 -4.095417 69.154877  -0.314033 -0.301141 -0.900387  0.577996 0.602986 1 6 1.000000
0  -2.250441 -4.939608 69.155724  -0.255060 -0.396313 -0.881975  0.622987 0.621758 1 6 1.000000
0  -2.258397 -4.939159 69.167313  -0.538014 -0.840604 0.062659  0.622276 0.622289 1 6 1.000000
heavy_cap
0  -3.280926 -4.095417 69.154877  -0.314033 -0.301141 -0.900387  0.577996 0.602986 1 6 1.000000
0  -2.258397 -4.939159 69.167313  -0.538014 -0.840604 0.062659  0.622276 0.622289 1 6 1.000000
0  -3.289168 -4.094887 69.166420  -0.723288 -0.689194 0.043201  0.577474 0.603499 1 6 1.000000
heavy_cap
0  -3.781705 -3.319399 69.148674  -0.302800 -0.161352 -0.939296  0.547081 0.592067 1 6 1.000000
0  -3.280926 -4.095417 69.154877  -0.314033 -0.301141 -0.900387  0.577996 0.602986 1 6 1.000000
0  -3.289168 -4.094887 69.166420  -0.723288 -0.689194 0.043201  0.577474 0.603499 1 6 1.000000
heavy_cap
0  -3.781705 -3.319399 69.148674  -0.302800 -0.161352 -0.939296  0.547081 0.592067 1 6 1.000000
0  -3.289168 -4.094887 69.166420  -0.723288 -0.689194 0.043201  0.577474 0.603499 1 6 1.000000
0  -3.790396 -3.319034 69.160225  -0.898544 -0.438808 -0.008130  0.546754 0.592562 1 6 1.000000
heavy_cap
0  -4.135321 -2.305277 69.610855  -0.964020 -0.263076 0.038171  0.510976 0.597178 1 6 1.000000
0  -3.776853 -3.244987 70.367737  -0.888618 -0.443367 0.117404  0.530450 0.630345 1 6 1.000000
0  -4.115413 -2.216908 70.412872  -0.964358 -0.238378 0.114847  0.498572 0.617854 1 6 1.000000
heavy_cap
0  -4.135321 -2.305277 69.610855  -0.964020 -0.263076 0.038171  0.510976 0.597178 1 6 1.000000
0  -3.797496 -3.301206 69.610855  -0.897442 -0.439313 0.040015  0.541413 0.607029 1 6 1.000000
0  -3.776853 -3.244987 70.367737  -0.888618 -0.443367 0.117404  0.530450 0.630345 1 6 1.000000
heavy_cap
0  -4.130261 -2.334528 69.138962  -0.960221 -0.279015 -0.011206  0.516143 0.584050 1 6 1.000000
0  -3.797496 -3.301206 69.610855  -0.897442 -0.439313 0.040015  0.541413 0.607029 1 6 1.000000
0  -4.135321 -2.305277 69.610855  -0.964020 -0.263076 0.038171  0.510976 0.597178 1 6 1.000000
heavy_cap
0  -4.130261 -2.334528 69.138962  -0.960221 -0.279015 -0.011206  0.516143 0.584050 1 6 1.000000
0  -3.790396 -3.319034 69.160225  -0.898544 -0.438808 -0.008130  0.546754 0.592562 1 6 1.000000
0  -3.797496 -3.301206 69.610855  -0.897442 -0.439313 0.040015  0.541413 0.607029 1 6 1.000000
heavy_cap
0  -4.121610 -2.335181 69.127373  -0.311850 -0.123138 -0.942118  0.516326 0.583646 1 6 1.000000
0  -3.790396 -3.319034 69.160225  -0.898544 -0.438808 -0.008130  0.546754 0.592562 1 6 1.000000
0  -4.130261 -2.334528 69.138962  -0.960221 -0.279015 -0.011206  0.516143 0.584050 1 6 1.000000
heavy_cap
0  -4.121610 -2.335181 69.127373  -0.311850 -0.123138 -0.942118  0.516326 0.583646 1 6 1.000000
0  -3.781705 -3.319399 69.148674  -0.302800 -0.161352 -0.939296  0.547081 0.592067 1 6 1.000000
0  -3.790396 -3.319034 69.160225  -0.898544 -0.438808 -0.008130  0.546754 0.592562 1 6 1.000000
heavy_cap
0  -3.781705 -3.319399 69.148674  -0.302800 -0.161352 -0.939296  0.547081 0.592067 1 6 1.000000
0  -4.121610 -2.335181 69.127373  -0.311850 -0.123138 -0.942118  0.516326 0.583646 1 6 1.000000
0  -4.070652 -2.335466 69.120399  -0.909229 -0.280462 -0.307643  0.517051 0.582346 1 6 1.000000
heavy_cap
0  -3.781705 -3.319399 69.148674  -0.302800 -0.161352 -0.939296  0.547081 0.592067 1 6 1.000000
0  -4.070652 -2.335466 69.120399  -0.909229 -0.280462 -0.307643  0.517051 0.582346 1 6 1.000000
0  -3.730705 -3.319603 69.141655  -0.856962 -0.414702 -0.306004  0.548323 0.590823 1 6 1.000000
heavy_cap
0  -3.730705 -3.319603 69.141655  -0.856962 -0.414702 -0.306004  0.548323 0.590823 1 6 1.000000
0  -3.280926 -4.095417 69.154877  -0.314033 -0.301141 -0.900387  0.577996 0.602986 1 6 1.000000
0  -3.781705 -3.319399 69.148674  -0.302800 -0.161352 -0.939296  0.547081 0.592067 1 6 1.000000
heavy_cap
0  -3.730705 -3.319603 69.141655  -0.856962 -0.414702 -0.306004  0.548323 0.590823 1 6 1.000000
0  -3.230130 -4.095661 69.147858  -0.702415 -0.665725 -0.251840  0.579665 0.602220 1 6 1.000000
0  -3.280926 -4.095417 69.154877  -0.314033 -0.301141 -0.900387  0.577996 0.602986 1 6 1.000000
heavy_cap
0  -3.230130 -4.095661 69.147858  -0.702415 -0.665725 -0.251840  0.579665 0.602220 1 6 1.000000
0  -2.250441 -4.939608 69.155724  -0.255060 -0.396313 -0.881975  0.622987 0.621758 1 6 1.000000
0  -3.280926 -4.095417 69.154877  -0.314033 -0.301141 -0.900387  0.577996 0.602986 1 6 1.000000
heavy_cap
0  -3.230130 -4.095661 69.147858  -0.702415 -0.665725 -0.251840  0.579665 0.602220 1 6 1.000000
0  -2.199808 -4.939855 69.148743  -0.531501 -0.837328 -0.128019  0.625006 0.621601 1 6 1.000000
0  -2.250441 -4.939608 69.155724  -0.255060 -0.396313 -0.881975  0.622987 0.621758 1 6 1.000000
heavy_cap
0  -2.199808 -4.939855 69.148743  -0.531501 -0.837328 -0.128019  0.625006 0.621601 1 6 1.000000
0  -1.331706 -5.338510 69.155724  -0.209582 -0.584534 -0.783834  0.659947 0.638986 1 6 1.000000
0  -2.250441 -4.939608 69.155724  -0.255060 -0.396313 -0.881975  0.622987 0.621758 1 6 1.000000
heavy_cap
0  -2.199808 -4.939855 69.148743  -0.531501 -0.837328 -0.128019  0.625006 0.621601 1 6 1.000000
0  -1.287561 -5.335205 69.148743  -0.343155 -0.938311 -0.042626  0.661846 0.639076 1 6 1.000000
0  -1.331706 -5.338510 69.155724  -0.209582 -0.584534 -0.783834  0.659947 0.638986 1 6 1.000000
heavy_cap
0  -1.287561 -5.335205 69.148743  -0.343155 -0.938311 -0.042626  0.661846 0.639076 1 6 1.000000
0  -0.611994 -5.519337 69.158379  -0.195073 -0.837969 -0.509661  0.689181 0.653660 1 6 1.000000
0  -1.331706 -5.338510 69.155724  -0.209582 -0.584534 -0.783834  0.659947 0.638986 1 6 1.000000
heavy_cap
0  -1.287561 -5.335205 69.148743  -0.343155 -0.938311 -0.042626  0.661846 0.639076 1 6 1.000000
0  -0.622153 -5.503017 69.150093  -0.224708 -0.973172 0.049427  0.689003 0.652794 1 6 1.000000
0  -0.611994 -5.519337 69.158379  -0.195073 -0.837969 -0.509661  0.689181 0.653660 1 6 1.000000
heavy_cap
0  -0.345203 -5.556546 69.152748  -0.191715 -0.973530 0.124438  0.699777 0.659173 1 6 1.000000
0  -0.611994 -5.519337 69.158379  -0.195073 -0.837969 -0.509661  0.689181 0.653660 1 6 1.000000
0  -0.622153 -5.503017 69.150093  -0.224708 -0.973172 0.049427  0.689003 0.652794 1 6 1.000000
heavy_cap
0  -0.345203 -5.556546 69.152748  -0.191715 -0.973530 0.124438  0.699777 0.659173 1 6 1.000000
0  -0.333983 -5.566379 69.162659  -0.086764 -0.793821 -0.601930  0.699755 0.659858 1 6 1.000000
0  -0.611994 -5.519337 69.158379  -0.195073 -0.837969 -0.509661  0.689181 0.653660 1 6 1.000000
heavy_cap
0  -0.264133 -5.569928 69.170135  -0.026269 -0.995286 0.093362  0.702451 0.661717 1 6 1.000000
0  -0.333983 -5.566379 69.162659  -0.086764 -0.793821 -0.601930  0.699755 0.659858 1 6 1.000000
0  -0.345203 -5.556546 69.152748  -0.191715 -0.973530 0.124438  0.699777 0.659173 1 6 1.000000
heavy_cap
0  -0.264133 -5.569928 69.170135  -0.026269 -0.995286 0.093362  0.702451 0.661717 1 6 1.000000
0  -0.331861 -5.570417 69.168701  -0.139064 -0.987453 0.074822  0.699873 0.660242 1 6 1.000000
0  -0.333983 -5.566379 69.162659  -0.086764 -0.793821 -0.601930  0.699755 0.659858 1 6 1.000000
heavy_cap
0  -0.264133 -5.569928 69.170135  -0.026269 -0.995286 0.093362  0.702451 0.661717 1 6 1.000000
0  -0.327742 -5.529782 69.662956  -0.100884 -0.992729 0.065654  0.688393 0.678454 1 6 1.000000
0  -0.331861 -5.570417 69.168701  -0.139064 -0.987453 0.074822  0.699873 0.660242 1 6 1.000000
heavy_cap
0  -0.327742 -5.529782 69.662956  -0.100884 -0.992729 0.065654  0.688393 0.678454 1 6 1.000000
0  -0.599020 -5.523048 69.167923  -0.217659 -0.973547 0.069497  0.689582 0.654466 1 6 1.000000
0  -0.331861 -5.570417 69.168701  -0.139064 -0.987453 0.074822  0.699873 0.660242 1 6 1.000000
heavy_cap
0  -0.327742 -5.529782 69.662956  -0.100884 -0.992729 0.065654  0.688393 0.678454 1 6 1.000000
0  -0.591187 -5.483802 69.704765  -0.220806 -0.970973 0.091954  0.677723 0.674341 1 6 1.000000
0  -0.599020 -5.523048 69.167923  -0.217659 -0.973547 0.069497  0.689582 0.654466 1 6 1.000000
heavy_cap
0  -1.327668 -5.313258 69.628960  -0.332604 -0.937438 0.102880  0.651253 0.656500 1 6 1.000000
0  -0.599020 -5.523048 69.167923  -0.217659 -0.973547 0.069497  0.689582 0.654466 1 6 1.000000
0  -0.591187 -5.483802 69.704765  -0.220806 -0.970973 0.091954  0.677723 0.674341 1 6 1.000000
heavy_cap
0  -0.597308 -5.438230 70.058434  -0.250128 -0.949381 0.190032  0.669756 0.687000 1 6 1.000000
0  -1.327668 -5.313258 69.628960  -0.332604 -0.937438 0.102880  0.651253 0.656500 1 6 1.000000
0  -0.591187 -5.483802 69.704765  -0.220806 -0.970973 0.091954  0.677723 0.674341 1 6 1.000000
heavy_cap
0  -0.597308 -5.438230 70.058434  -0.250128 -0.949381 0.190032  0.669756 0.687000 1 6 1.000000
0  -1.337216 -5.231579 70.120445  -0.326920 -0.922673 0.204445  0.640656 0.673773 1 6 1.000000
0  -1.327668 -5.313258 69.628960  -0.332604 -0.937438 0.102880  0.651253 0.656500 1 6 1.000000
heavy_cap
0  -1.337216 -5.231579 70.120445  -0.326920 -0.922673 0.204445  0.640656 0.673773 1 6 1.000000
0  -0.597308 -5.438230 70.058434  -0.250128 -0.949381 0.190032  0.669756 0.687000 1 6 1.000000
0  -1.057045 -5.049575 71.175659  -0.319260 -0.897784 0.303408  0.636007 0.722210 1 6 1.000000
heavy_cap
0  -1.337216 -5.231579 70.120445  -0.326920 -0.922673 0.204445  0.640656 0.673773 1 6 1.000000
0  -1.057045 -5.049575 71.175659  -0.319260 -0.897784 0.303408  0.636007 0.722210 1 6 1.000000
0  -2.123393 -4.642675 71.175697  -0.474137 -0.829950 0.293900  0.586816 0.693477 1 6 1.000000
heavy_cap
0  -2.007401 -4.320075 71.983902  -0.434412 -0.774331 0.460107  0.566438 0.723432 1 6 1.000000
0  -2.123393 -4.642675 71.175697  -0.474137 -0.829950 0.293900  0.586816 0.693477 1 6 1.000000
0  -1.057045 -5.049575 71.175659  -0.319260 -0.897784 0.303408  0.636007 0.722210 1 6 1.000000
heavy_cap
0  -3.146657 -3.873147 71.174759  -0.668646 -0.691243 0.274037  0.544590 0.669893 1 6 1.000000
0  -2.123393 -4.642675 71.175697  -0.474137 -0.829950 0.293900  0.586816 0.693477 1 6 1.000000
0  -2.007401 -4.320075 71.983902  -0.434412 -0.774331 0.460107  0.566438 0.723432 1 6 1.000000
heavy_cap
0  -3.146657 -3.873147 71.174759  -0.668646 -0.691243 0.274037  0.544590 0.669893 1 6 1.000000
0  -2.007401 -4.320075 71.983902  -0.434412 -0.774331 0.460107  0.566438 0.723432 1 6 1.000000
0  -2.981584 -3.600401 71.958572  -0.628597 -0.632231 0.452934  0.525271 0.696242 1 6 1.000000
heavy_cap
0  -3.681179 -3.125895 71.173538  -0.867734 -0.425080 0.257575  0.515882 0.654516 1 6 1.000000
0  -3.146657 -3.873147 71.174759  -0.668646 -0.691243 0.274037  0.544590 0.669893 1 6 1.000000
0  -2.981584 -3.600401 71.958572  -0.628597 -0.632231 0.452934  0.525271 0.696242 1 6 1.000000
heavy_cap
0  -3.681179 -3.125895 71.173538  -0.867734 -0.425080 0.257575  0.515882 0.654516 1 6 1.000000
0  -2.981584 -3.600401 71.958572  -0.628597 -0.632231 0.452934  0.525271 0.696242 1 6 1.000000
0  -3.480608 -2.894929 71.931396  -0.826929 -0.381133 0.413432  0.497358 0.678086 1 6 1.000000
heavy_cap
0  -4.008518 -2.092309 71.173546  -0.943118 -0.209366 0.258253  0.484144 0.637365 1 6 1.000000
0  -3.681179 -3.125895 71.173538  -0.867734 -0.425080 0.257575  0.515882 0.654516 1 6 1.000000
0  -3.480608 -2.894929 71.931396  -0.826929 -0.381133 0.413432  0.497358 0.678086 1 6 1.000000
heavy_cap
0  -4.008518 -2.092309 71.173546  -0.943118 -0.209366 0.258253  0.484144 0.637365 1 6 1.000000
0  -3.480608 -2.894929 71.931396  -0.826929 -0.381133 0.413432  0.497358 0.678086 1 6 1.000000
0  -3.766943 -1.923236 71.901215  -0.906333 -0.184133 0.380336  0.466398 0.657452 1 6 1.000000
heavy_cap
0  -4.119903 -1.169780 71.174690  -0.959240 -0.107803 0.261221  0.459945 0.621842 1 6 1.000000
0  -4.008518 -2.092309 71.173546  -0.943118 -0.209366 0.258253  0.484144 0.637365 1 6 1.000000
0  -3.766943 -1.923236 71.901215  -0.906333 -0.184133 0.380336  0.466398 0.657452 1 6 1.000000
heavy_cap
0  -0.597308 -5.438230 70.058434  -0.250128 -0.949381 0.190032  0.669756 0.687000 1 6 1.000000
0  -0.514690 -5.222159 71.175369  -0.206898 -0.930058 0.303619  0.646922 0.728551 1 6 1.000000
0  -1.057045 -5.049575 71.175659  -0.319260 -0.897784 0.303408  0.636007 0.722210 1 6 1.000000
heavy_cap
0  0.110736 -5.521461 69.979851  0.050143 -0.998736 0.003489  0.697143 0.699906 1 6 1.000000
0  0.200414 -5.517177 69.922119  0.018897 -0.999818 0.002657  0.701621 0.700009 1 6 1.000000
0  0.219346 -5.527337 70.009224  0.130137 -0.981374 0.141317  0.700206 0.703516 1 6 1.000000
heavy_cap
0  0.110736 -5.521461 69.979851  0.050143 -0.998736 0.003489  0.697143 0.699906 1 6 1.000000
0  0.219346 -5.527337 70.009224  0.130137 -0.981374 0.141317  0.700206 0.703516 1 6 1.000000
0  0.120160 -5.532150 70.063492  0.097122 -0.984943 0.143020  0.695487 0.703047 1 6 1.000000
heavy_cap
0  0.120160 -5.532150 70.063492  0.097122 -0.984943 0.143020  0.695487 0.703047 1 6 1.000000
0  0.219346 -5.527337 70.009224  0.130137 -0.981374 0.141317  0.700206 0.703516 1 6 1.000000
0  0.183849 -5.481560 70.253212  0.129362 -0.966227 0.222871  0.693232 0.711375 1 6 1.000000
heavy_cap
0  0.120160 -5.532150 70.063492  0.097122 -0.984943 0.143020  0.695487 0.703047 1 6 1.000000
0  0.183849 -5.481560 70.253212  0.129362 -0.966227 0.222871  0.693232 0.711375 1 6 1.000000
0  -0.006565 -5.493597 70.277977  0.000001 -0.973231 0.229829  0.686092 0.707740 1 6 1.000000
heavy_cap
0  0.183849 -5.481560 70.253212  0.129362 -0.966227 0.222871  0.693232 0.711375 1 6 1.000000
0  -0.006567 -5.281890 71.174683  0.000003 -0.948674 0.316257  0.665021 0.739656 1 6 1.000000
0  -0.006565 -5.493597 70.277977  0.000001 -0.973231 0.229829  0.686092 0.707740 1 6 1.000000
heavy_cap
0  -0.196979 -5.481560 70.253212  -0.129320 -0.966251 0.222791  0.679940 0.702621 1 6 1.000000
0  -0.006565 -5.493597 70.277977  0.000001 -0.973231 0.229829  0.686092 0.707740 1 6 1.000000
0  -0.006567 -5.281890 71.174683  0.000003 -0.948674 0.316257  0.665021 0.739656 1 6 1.000000
heavy_cap
0  -0.196979 -5.481560 70.253212  -0.129320 -0.966251 0.222791  0.679940 0.702621 1 6 1.000000
0  -0.006567 -5.281890 71.174683  0.000003 -0.948674 0.316257  0.665021 0.739656 1 6 1.000000
0  -0.514690 -5.222159 71.175369  -0.206898 -0.930058 0.303619  0.646922 0.728551 1 6 1.000000
heavy_cap
0  -0.514690 -5.222159 71.175369  -0.206898 -0.930058 0.303619  0.646922 0.728551 1 6 1.000000
0  -0.398735 -5.471767 70.144440  -0.210868 -0.957805 0.195308  0.675186 0.694351 1 6 1.000000
0  -0.196979 -5.481560 70.253212  -0.129320 -0.966251 0.222791  0.679940 0.702621 1 6 1.000000
heavy_cap
0  -0.597308 -5.438230 70.058434  -0.250128 -0.949381 0.190032  0.669756 0.687000 1 6 1.000000
0  -0.398735 -5.471767 70.144440  -0.210868 -0.957805 0.195308  0.675186 0.694351 1 6 1.000000
0  -0.514690 -5.222159 71.175369  -0.206898 -0.930058 0.303619  0.646922 0.728551 1 6 1.000000
heavy_cap
0  -0.321744 -5.532312 69.803391  -0.174529 -0.981248 0.081797  0.685625 0.683792 1 6 1.000000
0  -0.398735 -5.471767 70.144440  -0.210868 -0.957805 0.195308  0.675186 0.694351 1 6 1.000000
0  -0.597308 -5.438230 70.058434  -0.250128 -0.949381 0.190032  0.669756 0.687000 1 6 1.000000
heavy_cap
0  -0.321744 -5.532312 69.803391  -0.174529 -0.981248 0.081797  0.685625 0.683792 1 6 1.000000
0  -0.597308 -5.438230 70.058434  -0.250128 -0.949381 0.190032  0.669756 0.687000 1 6 1.000000
0  -0.591187 -5.483802 69.704765  -0.220806 -0.970973 0.091954  0.677723 0.674341 1 6 1.000000
heavy_cap
0  -0.591187 -5.483802 69.704765  -0.220806 -0.970973 0.091954  0.677723 0.674341 1 6 1.000000
0  -0.327742 -5.529782 69.662956  -0.100884 -0.992729 0.065654  0.688393 0.678454 1 6 1.000000
0  -0.321744 -5.532312 69.803391  -0.174529 -0.981248 0.081797  0.685625 0.683792 1 6 1.000000
heavy_cap
0  -0.327742 -5.529782 69.662956  -0.100884 -0.992729 0.065654  0.688393 0.678454 1 6 1.000000
0  -0.261360 -5.518400 69.781235  0.174219 -0.984680 -0.007269  0.688369 0.684320 1 6 1.000000
0  -0.321744 -5.532312 69.803391  -0.174529 -0.981248 0.081797  0.685625 0.683792 1 6 1.000000
heavy_cap
0  -0.327742 -5.529782 69.662956  -0.100884 -0.992729 0.065654  0.688393 0.678454 1 6 1.000000
0  -0.261278 -5.516075 69.677849  -0.063492 -0.994973 0.077446  0.690523 0.680442 1 6 1.000000
0  -0.261360 -5.518400 69.781235  0.174219 -0.984680 -0.007269  0.688369 0.684320 1 6 1.000000
heavy_cap
0  -0.264133 -5.569928 69.170135  -0.026269 -0.995286 0.093362  0.702451 0.661717 1 6 1.000000
0  -0.261278 -5.516075 69.677849  -0.063492 -0.994973 0.077446  0.690523 0.680442 1 6 1.000000
0  -0.327742 -5.529782 69.662956  -0.100884 -0.992729 0.065654  0.688393 0.678454 1 6 1.000000
heavy_cap
0  -0.321744 -5.532312 69.803391  -0.174529 -0.981248 0.081797  0.685625 0.683792 1 6 1.000000
0  -0.261360 -5.518400 69.781235  0.174219 -0.984680 -0.007269  0.688369 0.684320 1 6 1.000000
0  -0.249528 -5.515422 69.848969  0.067618 -0.997663 -0.009811  0.687336 0.687031 1 6 1.000000
heavy_cap
0  -0.321744 -5.532312 69.803391  -0.174529 -0.981248 0.081797  0.685625 0.683792 1 6 1.000000
0  -0.249528 -5.515422 69.848969  0.067618 -0.997663 -0.009811  0.687336 0.687031 1 6 1.000000
0  -0.282862 -5.530274 69.934601  -0.183507 -0.979418 0.084055  0.684215 0.689355 1 6 1.000000
heavy_cap
0  -0.282862 -5.530274 69.934601  -0.183507 -0.979418 0.084055  0.684215 0.689355 1 6 1.000000
0  -0.398735 -5.471767 70.144440  -0.210868 -0.957805 0.195308  0.675186 0.694351 1 6 1.000000
0  -0.321744 -5.532312 69.803391  -0.174529 -0.981248 0.081797  0.685625 0.683792 1 6 1.000000
heavy_cap
0  -0.232515 -5.527337 70.009224  -0.130191 -0.981365 0.141324  0.684377 0.693124 1 6 1.000000
0  -0.398735 -5.471767 70.144440  -0.210868 -0.957805 0.195308  0.675186 0.694351 1 6 1.000000
0  -0.282862 -5.530274 69.934601  -0.183507 -0.979418 0.084055  0.684215 0.689355 1 6 1.000000
heavy_cap
0  -0.232515 -5.527337 70.009224  -0.130191 -0.981365 0.141324  0.684377 0.693124 1 6 1.000000
0  -0.196979 -5.481560 70.253212  -0.129320 -0.966251 0.222791  0.679940 0.702621 1 6 1.000000
0  -0.398735 -5.471767 70.144440  -0.210868 -0.957805 0.195308  0.675186 0.694351 1 6 1.000000
heavy_cap
0  -0.133290 -5.532151 70.063492  -0.097136 -0.984943 0.143012  0.686679 0.697260 1 6 1.000000
0  -0.196979 -5.481560 70.253212  -0.129320 -0.966251 0.222791  0.679940 0.702621 1 6 1.000000
0  -0.232515 -5.527337 70.009224  -0.130191 -0.981365 0.141324  0.684377 0.693124 1 6 1.000000
heavy_cap
0  -0.006565 -5.493597 70.277977  0.000001 -0.973231 0.229829  0.686092 0.707740 1 6 1.000000
0  -0.196979 -5.481560 70.253212  -0.129320 -0.966251 0.222791  0.679940 0.702621 1 6 1.000000
0  -0.133290 -5.532151 70.063492  -0.097136 -0.984943 0.143012  0.686679 0.697260 1 6 1.000000
heavy_cap
0  -0.006565 -5.493597 70.277977  0.000001 -0.973231 0.229829  0.686092 0.707740 1 6 1.000000
0  -0.133290 -5.532151 70.063492  -0.097136 -0.984943 0.143012  0.686679 0.697260 1 6 1.000000
0  -0.006565 -5.540026 70.082947  0.000002 -0.990841 0.135032  0.690661 0.700793 1 6 1.000000
heavy_cap
0  0.120160 -5.532150 70.063492  0.097122 -0.984943 0.143020  0.695487 0.703047 1 6 1.000000
0  -0.006565 -5.493597 70.277977  0.000001 -0.973231 0.229829  0.686092 0.707740 1 6 1.000000
0  -0.006565 -5.540026 70.082947  0.000002 -0.990841 0.135032  0.690661 0.700793 1 6 1.000000
heavy_cap
0  -0.006564 -5.527010 70.002533  -0.000006 -0.999999 -0.001640  0.692522 0.697960 1 6 1.000000
0  0.120160 -5.532150 70.063492  0.097122 -0.984943 0.143020  0.695487 0.703047 1 6 1.000000
0  -0.006565 -5.540026 70.082947  0.000002 -0.990841 0.135032  0.690661 0.700793 1 6 1.000000
heavy_cap
0  -0.006564 -5.527010 70.002533  -0.000006 -0.999999 -0.001640  0.692522 0.697960 1 6 1.000000
0  0.110736 -5.521461 69.979851  0.050143 -0.998736 0.003489  0.697143 0.699906 1 6 1.000000
0  0.120160 -5.532150 70.063492  0.097122 -0.984943 0.143020  0.695487 0.703047 1 6 1.000000
heavy_cap
0  -0.282862 -5.530274 69.934601  -0.183507 -0.979418 0.084055  0.684215 0.689355 1 6 1.000000
0  -0.249528 -5.515422 69.848969  0.067618 -0.997663 -0.009811  0.687336 0.687031 1 6 1.000000
0  -0.213583 -5.517178 69.922119  -0.018876 -0.999818 0.002667  0.687024 0.690437 1 6 1.000000
heavy_cap
0  -0.282862 -5.530274 69.934601  -0.183507 -0.979418 0.084055  0.684215 0.689355 1 6 1.000000
0  -0.213583 -5.517178 69.922119  -0.018876 -0.999818 0.002667  0.687024 0.690437 1 6 1.000000
0  -0.232515 -5.527337 70.009224  -0.130191 -0.981365 0.141324  0.684377 0.693124 1 6 1.000000
heavy_cap
0  -0.232515 -5.527337 70.009224  -0.130191 -0.981365 0.141324  0.684377 0.693124 1 6 1.000000
0  -0.213583 -5.517178 69.922119  -0.018876 -0.999818 0.002667  0.687024 0.690437 1 6 1.000000
0  -0.123864 -5.521462 69.979851  -0.050147 -0.998736 0.003496  0.688900 0.694496 1 6 1.000000
heavy_cap
0  -0.232515 -5.527337 70.009224  -0.130191 -0.981365 0.141324  0.684377 0.693124 1 6 1.000000
0  -0.123864 -5.521462 69.979851  -0.050147 -0.998736 0.003496  0.688900 0.694496 1 6 1.000000
0  -0.133290 -5.532151 70.063492  -0.097136 -0.984943 0.143012  0.686679 0.697260 1 6 1.000000
heavy_cap
0  -0.133290 -5.532151 70.063492  -0.097136 -0.984943 0.143012  0.686679 0.697260 1 6 1.000000
0  -0.123864 -5.521462 69.979851  -0.050147 -0.998736 0.003496  0.688900 0.694496 1 6 1.000000
0  -0.006564 -5.527010 70.002533  -0.000006 -0.999999 -0.001640  0.692522 0.697960 1 6 1.000000
heavy_cap
0  -0.133290 -5.532151 70.063492  -0.097136 -0.984943 0.143012  0.686679 0.697260 1 6 1.000000
0  -0.006564 -5.527010 70.002533  -0.000006 -0.999999 -0.001640  0.692522 0.697960 1 6 1.000000
0  -0.006565 -5.540026 70.082947  0.000002 -0.990841 0.135032  0.690661 0.700793 1 6 1.000000
heavy_cap
0  3.668043 -3.125892 71.173553  0.867709 -0.425123 0.257588  0.803289 0.848498 1 6 1.000000
0  3.763721 -3.244985 70.367752  0.888641 -0.443317 0.117416  0.821724 0.824896 1 6 1.000000
0  4.102278 -2.216907 70.412888  0.964382 -0.238281 0.114842  0.847067 0.852478 1 6 1.000000
heavy_cap
0  3.995381 -2.092305 71.173561  0.943066 -0.209561 0.258283  0.831947 0.874352 1 6 1.000000
0  3.467468 -2.894928 71.931412  0.826954 -0.381118 0.413395  0.786772 0.874956 1 6 1.000000
0  3.668043 -3.125892 71.173553  0.867709 -0.425123 0.257588  0.803289 0.848498 1 6 1.000000
heavy_cap
0  3.668043 -3.125892 71.173553  0.867709 -0.425123 0.257588  0.803289 0.848498 1 6 1.000000
0  4.102278 -2.216907 70.412888  0.964382 -0.238281 0.114842  0.847067 0.852478 1 6 1.000000
0  3.995381 -2.092305 71.173561  0.943066 -0.209561 0.258283  0.831947 0.874352 1 6 1.000000
heavy_cap
0  3.995381 -2.092305 71.173561  0.943066 -0.209561 0.258283  0.831947 0.874352 1 6 1.000000
0  4.102278 -2.216907 70.412888  0.964382 -0.238281 0.114842  0.847067 0.852478 1 6 1.000000
0  4.222599 -1.337543 70.412895  0.984058 -0.123272 0.128193  0.869121 0.872979 1 6 1.000000
heavy_cap
0  4.122191 -2.305274 69.610878  0.964033 -0.263033 0.038142  0.863672 0.831201 1 6 1.000000
0  3.763721 -3.244985 70.367752  0.888641 -0.443317 0.117416  0.821724 0.824896 1 6 1.000000
0  3.784367 -3.301202 69.610870  0.897457 -0.439282 0.040029  0.840384 0.804460 1 6 1.000000
heavy_cap
0  4.122191 -2.305274 69.610878  0.964033 -0.263033 0.038142  0.863672 0.831201 1 6 1.000000
0  4.102278 -2.216907 70.412888  0.964382 -0.238281 0.114842  0.847067 0.852478 1 6 1.000000
0  3.763721 -3.244985 70.367752  0.888641 -0.443317 0.117416  0.821724 0.824896 1 6 1.000000
heavy_cap
0  4.102278 -2.216907 70.412888  0.964382 -0.238281 0.114842  0.847067 0.852478 1 6 1.000000
0  4.122191 -2.305274 69.610878  0.964033 -0.263033 0.038142  0.863672 0.831201 1 6 1.000000
0  4.264379 -1.513347 69.610878  0.985389 -0.157376 0.065122  0.881004 0.850566 1 6 1.000000
heavy_cap
0  4.102278 -2.216907 70.412888  0.964382 -0.238281 0.114842  0.847067 0.852478 1 6 1.000000
0  4.264379 -1.513347 69.610878  0.985389 -0.157376 0.065122  0.881004 0.850566 1 6 1.000000
0  4.222599 -1.337543 70.412895  0.984058 -0.123272 0.128193  0.869121 0.872979 1 6 1.000000
heavy_cap
0  4.302200 -1.251165 69.610886  0.989011 -0.125522 0.078113  0.887366 0.855609 1 6 1.000000
0  4.222599 -1.337543 70.412895  0.984058 -0.123272 0.128193  0.869121 0.872979 1 6 1.000000
0  4.264379 -1.513347 69.610878  0.985389 -0.157376 0.065122  0.881004 0.850566 1 6 1.000000
heavy_cap
0  4.302200 -1.251165 69.610886  0.989011 -0.125522 0.078113  0.887366 0.855609 1 6 1.000000
0  4.254871 -1.025831 70.412895  0.987320 -0.091106 0.129996  0.876974 0.879739 1 6 1.000000
0  4.222599 -1.337543 70.412895  0.984058 -0.123272 0.128193  0.869121 0.872979 1 6 1.000000
heavy_cap
0  4.254871 -1.025831 70.412895  0.987320 -0.091106 0.129996  0.876974 0.879739 1 6 1.000000
0  4.106765 -1.169777 71.174713  0.959242 -0.107795 0.261218  0.855872 0.894871 1 6 1.000000
0  4.222599 -1.337543 70.412895  0.984058 -0.123272 0.128193  0.869121 0.872979 1 6 1.000000
heavy_cap
0  3.995381 -2.092305 71.173561  0.943066 -0.209561 0.258283  0.831947 0.874352 1 6 1.000000
0  4.222599 -1.337543 70.412895  0.984058 -0.123272 0.128193  0.869121 0.872979 1 6 1.000000
0  4.106765 -1.169777 71.174713  0.959242 -0.107795 0.261218  0.855872 0.894871 1 6 1.000000
heavy_cap
0  4.106765 -1.169777 71.174713  0.959242 -0.107795 0.261218  0.855872 0.894871 1 6 1.000000
0  3.753803 -1.923235 71.901230  0.906364 -0.184162 0.380248  0.817292 0.898595 1 6 1.000000
0  3.995381 -2.092305 71.173561  0.943066 -0.209561 0.258283  0.831947 0.874352 1 6 1.000000
heavy_cap
0  3.995381 -2.092305 71.173561  0.943066 -0.209561 0.258283  0.831947 0.874352 1 6 1.000000
0  3.753803 -1.923235 71.901230  0.906364 -0.184162 0.380248  0.817292 0.898595 1 6 1.000000
0  3.467468 -2.894928 71.931412  0.826954 -0.381118 0.413395  0.786772 0.874956 1 6 1.000000
heavy_cap
0  3.753803 -1.923235 71.901230  0.906364 -0.184162 0.380248  0.817292 0.898595 1 6 1.000000
0  3.282847 -2.655067 72.384010  0.766800 -0.363113 0.529308  0.777881 0.895377 1 6 1.000000
0  3.467468 -2.894928 71.931412  0.826954 -0.381118 0.413395  0.786772 0.874956 1 6 1.000000
heavy_cap
0  3.862780 -1.037590 71.875656  0.928105 -0.102070 0.358054  0.843641 0.915556 1 6 1.000000
0  3.599374 -1.816830 72.263329  0.875684 -0.191871 0.443128  0.810461 0.912855 1 6 1.000000
0  3.753803 -1.923235 71.901230  0.906364 -0.184162 0.380248  0.817292 0.898595 1 6 1.000000
heavy_cap
0  4.106765 -1.169777 71.174713  0.959242 -0.107795 0.261218  0.855872 0.894871 1 6 1.000000
0  3.862780 -1.037590 71.875656  0.928105 -0.102070 0.358054  0.843641 0.915556 1 6 1.000000
0  3.753803 -1.923235 71.901230  0.906364 -0.184162 0.380248  0.817292 0.898595 1 6 1.000000
heavy_cap
0  3.862780 -1.037590 71.875656  0.928105 -0.102070 0.358054  0.843641 0.915556 1 6 1.000000
0  4.106765 -1.169777 71.174713  0.959242 -0.107795 0.261218  0.855872 0.894871 1 6 1.000000
0  4.139119 -0.831096 71.174713  0.962728 -0.082632 0.257540  0.864057 0.901985 1 6 1.000000
heavy_cap
0  4.254871 -1.025831 70.412895  0.987320 -0.091106 0.129996  0.876974 0.879739 1 6 1.000000
0  4.139119 -0.831096 71.174713  0.962728 -0.082632 0.257540  0.864057 0.901985 1 6 1.000000
0  4.106765 -1.169777 71.174713  0.959242 -0.107795 0.261218  0.855872 0.894871 1 6 1.000000
heavy_cap
0  4.139119 -0.831096 71.174713  0.962728 -0.082632 0.257540  0.864057 0.901985 1 6 1.000000
0  4.254871 -1.025831 70.412895  0.987320 -0.091106 0.129996  0.876974 0.879739 1 6 1.000000
0  4.268294 -0.843292 70.412895  0.993943 0.005400 0.109762  0.881580 0.883718 1 6 1.000000
heavy_cap
0  4.254871 -1.025831 70.412895  0.987320 -0.091106 0.129996  0.876974 0.879739 1 6 1.000000
0  4.319255 -1.089435 69.610886  0.998187 -0.021298 0.056297  0.891502 0.858574 1 6 1.000000
0  4.268294 -0.843292 70.412895  0.993943 0.005400 0.109762  0.881580 0.883718 1 6 1.000000
heavy_cap
0  4.254871 -1.025831 70.412895  0.987320 -0.091106 0.129996  0.876974 0.879739 1 6 1.000000
0  4.302200 -1.251165 69.610886  0.989011 -0.125522 0.078113  0.887366 0.855609 1 6 1.000000
0  4.319255 -1.089435 69.610886  0.998187 -0.021298 0.056297  0.891502 0.858574 1 6 1.000000
heavy_cap
0  4.302200 -1.251165 69.610886  0.989011 -0.125522 0.078113  0.887366 0.855609 1 6 1.000000
0  4.337330 -1.249409 69.086037  0.997962 -0.052487 0.036294  0.895490 0.844602 1 6 1.000000
0  4.319255 -1.089435 69.610886  0.998187 -0.021298 0.056297  0.891502 0.858574 1 6 1.000000
heavy_cap
0  4.302200 -1.251165 69.610886  0.989011 -0.125522 0.078113  0.887366 0.855609 1 6 1.000000
0  4.318848 -1.379194 69.090851  0.986134 -0.158365 0.049612  0.893059 0.842318 1 6 1.000000
0  4.337330 -1.249409 69.086037  0.997962 -0.052487 0.036294  0.895490 0.844602 1 6 1.000000
heavy_cap
0  4.264379 -1.513347 69.610878  0.985389 -0.157376 0.065122  0.881004 0.850566 1 6 1.000000
0  4.318848 -1.379194 69.090851  0.986134 -0.158365 0.049612  0.893059 0.842318 1 6 1.000000
0  4.302200 -1.251165 69.610886  0.989011 -0.125522 0.078113  0.887366 0.855609 1 6 1.000000
heavy_cap
0  4.264379 -1.513347 69.610878  0.985389 -0.157376 0.065122  0.881004 0.850566 1 6 1.000000
0  4.277477 -1.604287 69.105408  0.981844 -0.187153 0.030915  0.888283 0.838123 1 6 1.000000
0  4.318848 -1.379194 69.090851  0.986134 -0.158365 0.049612  0.893059 0.842318 1 6 1.000000
heavy_cap
0  4.277477 -1.604287 69.105408  0.981844 -0.187153 0.030915  0.888283 0.838123 1 6 1.000000
0  4.264379 -1.513347 69.610878  0.985389 -0.157376 0.065122  0.881004 0.850566 1 6 1.000000
0  4.122191 -2.305274 69.610878  0.964033 -0.263033 0.038142  0.863672 0.831201 1 6 1.000000
heavy_cap
0  4.277477 -1.604287 69.105408  0.981844 -0.187153 0.030915  0.888283 0.838123 1 6 1.000000
0  4.122191 -2.305274 69.610878  0.964033 -0.263033 0.038142  0.863672 0.831201 1 6 1.000000
0  4.117092 -2.334526 69.138985  0.960236 -0.278967 -0.011161  0.874938 0.820005 1 6 1.000000
heavy_cap
0  4.117092 -2.334526 69.138985  0.960236 -0.278967 -0.011161  0.874938 0.820005 1 6 1.000000
0  4.122191 -2.305274 69.610878  0.964033 -0.263033 0.038142  0.863672 0.831201 1 6 1.000000
0  3.784367 -3.301202 69.610870  0.897457 -0.439282 0.040029  0.840384 0.804460 1 6 1.000000
heavy_cap
0  4.117092 -2.334526 69.138985  0.960236 -0.278967 -0.011161  0.874938 0.820005 1 6 1.000000
0  3.784367 -3.301202 69.610870  0.897457 -0.439282 0.040029  0.840384 0.804460 1 6 1.000000
0  3.777229 -3.319030 69.160240  0.898532 -0.438832 -0.008190  0.852393 0.792893 1 6 1.000000
heavy_cap
0  3.265759 -4.070937 69.610863  0.715801 -0.693751 0.079610  0.816558 0.780024 1 6 1.000000
0  3.276042 -4.094884 69.166435  0.723415 -0.689050 0.043372  0.828345 0.767511 1 6 1.000000
0  3.777229 -3.319030 69.160240  0.898532 -0.438832 -0.008190  0.852393 0.792893 1 6 1.000000
heavy_cap
0  3.265759 -4.070937 69.610863  0.715801 -0.693751 0.079610  0.816558 0.780024 1 6 1.000000
0  3.777229 -3.319030 69.160240  0.898532 -0.438832 -0.008190  0.852393 0.792893 1 6 1.000000
0  3.784367 -3.301202 69.610870  0.897457 -0.439282 0.040029  0.840384 0.804460 1 6 1.000000
heavy_cap
0  3.784367 -3.301202 69.610870  0.897457 -0.439282 0.040029  0.840384 0.804460 1 6 1.000000
0  3.232913 -4.012677 70.282280  0.694641 -0.704062 0.147550  0.799347 0.799139 1 6 1.000000
0  3.265759 -4.070937 69.610863  0.715801 -0.693751 0.079610  0.816558 0.780024 1 6 1.000000
heavy_cap
0  3.784367 -3.301202 69.610870  0.897457 -0.439282 0.040029  0.840384 0.804460 1 6 1.000000
0  3.763721 -3.244985 70.367752  0.888641 -0.443317 0.117416  0.821724 0.824896 1 6 1.000000
0  3.232913 -4.012677 70.282280  0.694641 -0.704062 0.147550  0.799347 0.799139 1 6 1.000000
heavy_cap
0  3.763721 -3.244985 70.367752  0.888641 -0.443317 0.117416  0.821724 0.824896 1 6 1.000000
0  3.133523 -3.873144 71.174774  0.668573 -0.691316 0.274030  0.777426 0.826178 1 6 1.000000
0  3.232913 -4.012677 70.282280  0.694641 -0.704062 0.147550  0.799347 0.799139 1 6 1.000000
heavy_cap
0  3.763721 -3.244985 70.367752  0.888641 -0.443317 0.117416  0.821724 0.824896 1 6 1.000000
0  3.668043 -3.125892 71.173553  0.867709 -0.425123 0.257588  0.803289 0.848498 1 6 1.000000
0  3.133523 -3.873144 71.174774  0.668573 -0.691316 0.274030  0.777426 0.826178 1 6 1.000000
heavy_cap
0  2.968443 -3.600400 71.958588  0.628597 -0.632232 0.452934  0.759273 0.854470 1 6 1.000000
0  3.133523 -3.873144 71.174774  0.668573 -0.691316 0.274030  0.777426 0.826178 1 6 1.000000
0  3.668043 -3.125892 71.173553  0.867709 -0.425123 0.257588  0.803289 0.848498 1 6 1.000000
heavy_cap
0  2.968443 -3.600400 71.958588  0.628597 -0.632232 0.452934  0.759273 0.854470 1 6 1.000000
0  3.668043 -3.125892 71.173553  0.867709 -0.425123 0.257588  0.803289 0.848498 1 6 1.000000
0  3.467468 -2.894928 71.931412  0.826954 -0.381118 0.413395  0.786772 0.874956 1 6 1.000000
heavy_cap
0  2.796797 -3.266495 72.467926  0.588313 -0.556396 0.586781  0.747963 0.879100 1 6 1.000000
0  2.968443 -3.600400 71.958588  0.628597 -0.632232 0.452934  0.759273 0.854470 1 6 1.000000
0  3.467468 -2.894928 71.931412  0.826954 -0.381118 0.413395  0.786772 0.874956 1 6 1.000000
heavy_cap
0  2.796797 -3.266495 72.467926  0.588313 -0.556396 0.586781  0.747963 0.879100 1 6 1.000000
0  3.467468 -2.894928 71.931412  0.826954 -0.381118 0.413395  0.786772 0.874956 1 6 1.000000
0  3.282847 -2.655067 72.384010  0.766800 -0.363113 0.529308  0.777881 0.895377 1 6 1.000000
heavy_cap
0  2.562563 -2.799461 73.097069  0.584230 -0.516589 0.625948  0.734440 0.916450 1 6 1.000000
0  2.796797 -3.266495 72.467926  0.588313 -0.556396 0.586781  0.747963 0.879100 1 6 1.000000
0  3.282847 -2.655067 72.384010  0.766800 -0.363113 0.529308  0.777881 0.895377 1 6 1.000000
heavy_cap
0  2.562563 -2.799461 73.097069  0.584230 -0.516589 0.625948  0.734440 0.916450 1 6 1.000000
0  3.282847 -2.655067 72.384010  0.766800 -0.363113 0.529308  0.777881 0.895377 1 6 1.000000
0  3.030498 -2.322222 72.944733  0.738562 -0.355142 0.573062  0.767103 0.925767 1 6 1.000000
heavy_cap
0  3.030498 -2.322222 72.944733  0.738562 -0.355142 0.573062  0.767103 0.925767 1 6 1.000000
0  2.538532 -2.745319 73.135582  0.096899 0.172085 0.980305  0.733694 0.920072 1 6 1.000000
0  2.562563 -2.799461 73.097069  0.584230 -0.516589 0.625948  0.734440 0.916450 1 6 1.000000
heavy_cap
0  3.030498 -2.322222 72.944733  0.738562 -0.355142 0.573062  0.767103 0.925767 1 6 1.000000
0  2.997695 -2.274119 72.985573  0.161664 0.225818 0.960662  0.766618 0.929189 1 6 1.000000
0  2.538532 -2.745319 73.135582  0.096899 0.172085 0.980305  0.733694 0.920072 1 6 1.000000
heavy_cap
0  2.997695 -2.274119 72.985573  0.161664 0.225818 0.960662  0.766618 0.929189 1 6 1.000000
0  3.030498 -2.322222 72.944733  0.738562 -0.355142 0.573062  0.767103 0.925767 1 6 1.000000
0  3.398555 -1.677173 72.702698  0.842463 -0.193346 0.502865  0.802335 0.932917 1 6 1.000000
heavy_cap
0  3.398555 -1.677173 72.702698  0.842463 -0.193346 0.502865  0.802335 0.932917 1 6 1.000000
0  3.030498 -2.322222 72.944733  0.738562 -0.355142 0.573062  0.767103 0.925767 1 6 1.000000
0  3.282847 -2.655067 72.384010  0.766800 -0.363113 0.529308  0.777881 0.895377 1 6 1.000000
heavy_cap
0  3.398555 -1.677173 72.702698  0.842463 -0.193346 0.502865  0.802335 0.932917 1 6 1.000000
0  3.282847 -2.655067 72.384010  0.766800 -0.363113 0.529308  0.777881 0.895377 1 6 1.000000
0  3.599374 -1.816830 72.263329  0.875684 -0.191871 0.443128  0.810461 0.912855 1 6 1.000000
heavy_cap
0  3.753803 -1.923235 71.901230  0.906364 -0.184162 0.380248  0.817292 0.898595 1 6 1.000000
0  3.599374 -1.816830 72.263329  0.875684 -0.191871 0.443128  0.810461 0.912855 1 6 1.000000
0  3.282847 -2.655067 72.384010  0.766800 -0.363113 0.529308  0.777881 0.895377 1 6 1.000000
heavy_cap
0  1.994262 -4.320074 71.983910  0.432833 -0.775557 0.459528  0.718099 0.825438 1 6 1.000000
0  3.133523 -3.873144 71.174774  0.668573 -0.691316 0.274030  0.777426 0.826178 1 6 1.000000
0  2.968443 -3.600400 71.958588  0.628597 -0.632232 0.452934  0.759273 0.854470 1 6 1.000000
heavy_cap
0  1.994262 -4.320074 71.983910  0.432833 -0.775557 0.459528  0.718099 0.825438 1 6 1.000000
0  2.110259 -4.642675 71.175705  0.465602 -0.834076 0.295858  0.738549 0.794835 1 6 1.000000
0  3.133523 -3.873144 71.174774  0.668573 -0.691316 0.274030  0.777426 0.826178 1 6 1.000000
heavy_cap
0  3.232913 -4.012677 70.282280  0.694641 -0.704062 0.147550  0.799347 0.799139 1 6 1.000000
0  3.133523 -3.873144 71.174774  0.668573 -0.691316 0.274030  0.777426 0.826178 1 6 1.000000
0  2.110259 -4.642675 71.175705  0.465602 -0.834076 0.295858  0.738549 0.794835 1 6 1.000000
heavy_cap
0  3.232913 -4.012677 70.282280  0.694641 -0.704062 0.147550  0.799347 0.799139 1 6 1.000000
0  2.110259 -4.642675 71.175705  0.465602 -0.834076 0.295858  0.738549 0.794835 1 6 1.000000
0  2.195615 -4.836308 70.174232  0.521377 -0.834600 0.177789  0.764355 0.762775 1 6 1.000000
heavy_cap
0  3.265759 -4.070937 69.610863  0.715801 -0.693751 0.079610  0.816558 0.780024 1 6 1.000000
0  3.232913 -4.012677 70.282280  0.694641 -0.704062 0.147550  0.799347 0.799139 1 6 1.000000
0  2.195615 -4.836308 70.174232  0.521377 -0.834600 0.177789  0.764355 0.762775 1 6 1.000000
heavy_cap
0  3.265759 -4.070937 69.610863  0.715801 -0.693751 0.079610  0.816558 0.780024 1 6 1.000000
0  2.195615 -4.836308 70.174232  0.521377 -0.834600 0.177789  0.764355 0.762775 1 6 1.000000
0  2.223645 -4.913946 69.610863  0.535106 -0.837714 0.109074  0.778983 0.745481 1 6 1.000000
heavy_cap
0  2.223645 -4.913946 69.610863  0.535106 -0.837714 0.109074  0.778983 0.745481 1 6 1.000000
0  3.276042 -4.094884 69.166435  0.723415 -0.689050 0.043372  0.828345 0.767511 1 6 1.000000
0  3.265759 -4.070937 69.610863  0.715801 -0.693751 0.079610  0.816558 0.780024 1 6 1.000000
heavy_cap
0  2.223645 -4.913946 69.610863  0.535106 -0.837714 0.109074  0.778983 0.745481 1 6 1.000000
0  2.245271 -4.939158 69.167328  0.538249 -0.840457 0.062608  0.791495 0.732637 1 6 1.000000
0  3.276042 -4.094884 69.166435  0.723415 -0.689050 0.043372  0.828345 0.767511 1 6 1.000000
heavy_cap
0  1.325720 -5.338674 69.167320  0.333835 -0.941081 0.054037  0.760047 0.704967 1 6 1.000000
0  2.245271 -4.939158 69.167328  0.538249 -0.840457 0.062608  0.791495 0.732637 1 6 1.000000
0  2.223645 -4.913946 69.610863  0.535106 -0.837714 0.109074  0.778983 0.745481 1 6 1.000000
heavy_cap
0  1.325720 -5.338674 69.167320  0.333835 -0.941081 0.054037  0.760047 0.704967 1 6 1.000000
0  2.223645 -4.913946 69.610863  0.535106 -0.837714 0.109074  0.778983 0.745481 1 6 1.000000
0  1.314540 -5.313257 69.628967  0.332654 -0.937420 0.102886  0.747452 0.719504 1 6 1.000000
heavy_cap
0  2.223645 -4.913946 69.610863  0.535106 -0.837714 0.109074  0.778983 0.745481 1 6 1.000000
0  1.324086 -5.231578 70.120445  0.332806 -0.920753 0.203605  0.735623 0.736371 1 6 1.000000
0  1.314540 -5.313257 69.628967  0.332654 -0.937420 0.102886  0.747452 0.719504 1 6 1.000000
heavy_cap
0  2.223645 -4.913946 69.610863  0.535106 -0.837714 0.109074  0.778983 0.745481 1 6 1.000000
0  2.195615 -4.836308 70.174232  0.521377 -0.834600 0.177789  0.764355 0.762775 1 6 1.000000
0  1.324086 -5.231578 70.120445  0.332806 -0.920753 0.203605  0.735623 0.736371 1 6 1.000000
heavy_cap
0  2.110259 -4.642675 71.175705  0.465602 -0.834076 0.295858  0.738549 0.794835 1 6 1.000000
0  1.324086 -5.231578 70.120445  0.332806 -0.920753 0.203605  0.735623 0.736371 1 6 1.000000
0  2.195615 -4.836308 70.174232  0.521377 -0.834600 0.177789  0.764355 0.762775 1 6 1.000000
heavy_cap
0  1.324086 -5.231578 70.120445  0.332806 -0.920753 0.203605  0.735623 0.736371 1 6 1.000000
0  0.793643 -5.145046 71.175659  0.312787 -0.901199 0.300009  0.692447 0.759734 1 6 1.000000
0  0.584178 -5.438231 70.058434  0.244512 -0.952917 0.179343  0.711695 0.714568 1 6 1.000000
heavy_cap
0  1.314540 -5.313257 69.628967  0.332654 -0.937420 0.102886  0.747452 0.719504 1 6 1.000000
0  1.324086 -5.231578 70.120445  0.332806 -0.920753 0.203605  0.735623 0.736371 1 6 1.000000
0  0.584178 -5.438231 70.058434  0.244512 -0.952917 0.179343  0.711695 0.714568 1 6 1.000000
heavy_cap
0  1.314540 -5.313257 69.628967  0.332654 -0.937420 0.102886  0.747452 0.719504 1 6 1.000000
0  0.584178 -5.438231 70.058434  0.244512 -0.952917 0.179343  0.711695 0.714568 1 6 1.000000
0  0.578059 -5.483802 69.704773  0.220852 -0.970962 0.091966  0.720182 0.702107 1 6 1.000000
heavy_cap
0  0.585894 -5.523048 69.167931  0.217780 -0.973525 0.069431  0.733678 0.683122 1 6 1.000000
0  1.314540 -5.313257 69.628967  0.332654 -0.937420 0.102886  0.747452 0.719504 1 6 1.000000
0  0.578059 -5.483802 69.704773  0.220852 -0.970962 0.091966  0.720182 0.702107 1 6 1.000000
heavy_cap
0  0.585894 -5.523048 69.167931  0.217780 -0.973525 0.069431  0.733678 0.683122 1 6 1.000000
0  1.325720 -5.338674 69.167320  0.333835 -0.941081 0.054037  0.760047 0.704967 1 6 1.000000
0  1.314540 -5.313257 69.628967  0.332654 -0.937420 0.102886  0.747452 0.719504 1 6 1.000000
heavy_cap
0  0.598868 -5.519336 69.158386  0.194068 -0.838277 -0.509538  0.734587 0.683162 1 6 1.000000
0  1.325720 -5.338674 69.167320  0.333835 -0.941081 0.054037  0.760047 0.704967 1 6 1.000000
0  0.585894 -5.523048 69.167931  0.217780 -0.973525 0.069431  0.733678 0.683122 1 6 1.000000
heavy_cap
0  0.598868 -5.519336 69.158386  0.194068 -0.838277 -0.509538  0.734587 0.683162 1 6 1.000000
0  1.318580 -5.338509 69.155731  0.209812 -0.584417 -0.783860  0.760193 0.704241 1 6 1.000000
0  1.325720 -5.338674 69.167320  0.333835 -0.941081 0.054037  0.760047 0.704967 1 6 1.000000
heavy_cap
0  1.325720 -5.338674 69.167320  0.333835 -0.941081 0.054037  0.760047 0.704967 1 6 1.000000
0  1.318580 -5.338509 69.155731  0.209812 -0.584417 -0.783860  0.760193 0.704241 1 6 1.000000
0  2.237315 -4.939607 69.155739  0.255115 -0.396265 -0.881981  0.791700 0.731744 1 6 1.000000
heavy_cap
0  1.325720 -5.338674 69.167320  0.333835 -0.941081 0.054037  0.760047 0.704967 1 6 1.000000
0  2.237315 -4.939607 69.155739  0.255115 -0.396265 -0.881981  0.791700 0.731744 1 6 1.000000
0  2.245271 -4.939158 69.167328  0.538249 -0.840457 0.062608  0.791495 0.732637 1 6 1.000000
heavy_cap
0  2.245271 -4.939158 69.167328  0.538249 -0.840457 0.062608  0.791495 0.732637 1 6 1.000000
0  2.237315 -4.939607 69.155739  0.255115 -0.396265 -0.881981  0.791700 0.731744 1 6 1.000000
0  3.267800 -4.095414 69.154884  0.314395 -0.301003 -0.900307  0.828622 0.766781 1 6 1.000000
heavy_cap
0  2.245271 -4.939158 69.167328  0.538249 -0.840457 0.062608  0.791495 0.732637 1 6 1.000000
0  3.267800 -4.095414 69.154884  0.314395 -0.301003 -0.900307  0.828622 0.766781 1 6 1.000000
0  3.276042 -4.094884 69.166435  0.723415 -0.689050 0.043372  0.828345 0.767511 1 6 1.000000
heavy_cap
0  3.276042 -4.094884 69.166435  0.723415 -0.689050 0.043372  0.828345 0.767511 1 6 1.000000
0  3.267800 -4.095414 69.154884  0.314395 -0.301003 -0.900307  0.828622 0.766781 1 6 1.000000
0  3.768579 -3.319397 69.148689  0.302912 -0.161301 -0.939269  0.852741 0.792347 1 6 1.000000
heavy_cap
0  3.276042 -4.094884 69.166435  0.723415 -0.689050 0.043372  0.828345 0.767511 1 6 1.000000
0  3.768579 -3.319397 69.148689  0.302912 -0.161301 -0.939269  0.852741 0.792347 1 6 1.000000
0  3.777229 -3.319030 69.160240  0.898532 -0.438832 -0.008190  0.852393 0.792893 1 6 1.000000
heavy_cap
0  4.108483 -2.335178 69.127396  0.311915 -0.123192 -0.942090  0.875274 0.819624 1 6 1.000000
0  3.777229 -3.319030 69.160240  0.898532 -0.438832 -0.008190  0.852393 0.792893 1 6 1.000000
0  3.768579 -3.319397 69.148689  0.302912 -0.161301 -0.939269  0.852741 0.792347 1 6 1.000000
heavy_cap
0  4.108483 -2.335178 69.127396  0.311915 -0.123192 -0.942090  0.875274 0.819624 1 6 1.000000
0  4.117092 -2.334526 69.138985  0.960236 -0.278967 -0.011161  0.874938 0.820005 1 6 1.000000
0  3.777229 -3.319030 69.160240  0.898532 -0.438832 -0.008190  0.852393 0.792893 1 6 1.000000
heavy_cap
0  4.269643 -1.606654 69.093819  0.343041 -0.121569 -0.931420  0.888516 0.837786 1 6 1.000000
0  4.117092 -2.334526 69.138985  0.960236 -0.278967 -0.011161  0.874938 0.820005 1 6 1.000000
0  4.108483 -2.335178 69.127396  0.311915 -0.123192 -0.942090  0.875274 0.819624 1 6 1.000000
heavy_cap
0  4.269643 -1.606654 69.093819  0.343041 -0.121569 -0.931420  0.888516 0.837786 1 6 1.000000
0  4.277477 -1.604287 69.105408  0.981844 -0.187153 0.030915  0.888283 0.838123 1 6 1.000000
0  4.117092 -2.334526 69.138985  0.960236 -0.278967 -0.011161  0.874938 0.820005 1 6 1.000000
heavy_cap
0  4.277477 -1.604287 69.105408  0.981844 -0.187153 0.030915  0.888283 0.838123 1 6 1.000000
0  4.269643 -1.606654 69.093819  0.343041 -0.121569 -0.931420  0.888516 0.837786 1 6 1.000000
0  4.311545 -1.383111 69.079300  0.379925 -0.126087 -0.916384  0.893221 0.841957 1 6 1.000000
heavy_cap
0  0.585894 -5.523048 69.167931  0.217780 -0.973525 0.069431  0.733678 0.683122 1 6 1.000000
0  0.320857 -5.566379 69.162666  0.086949 -0.793895 -0.601807  0.724553 0.675971 1 6 1.000000
0  0.598868 -5.519336 69.158386  0.194068 -0.838277 -0.509538  0.734587 0.683162 1 6 1.000000
heavy_cap
0  0.739337 -4.806654 71.994713  0.253865 -0.847812 0.465583  0.670645 0.791052 1 6 1.000000
0  0.501515 -5.222158 71.175369  0.164846 -0.933845 0.317425  0.682312 0.752078 1 6 1.000000
0  0.793643 -5.145046 71.175659  0.312787 -0.901199 0.300009  0.692447 0.759734 1 6 1.000000
heavy_cap
0  0.793643 -5.145046 71.175659  0.312787 -0.901199 0.300009  0.692447 0.759734 1 6 1.000000
0  0.501515 -5.222158 71.175369  0.164846 -0.933845 0.317425  0.682312 0.752078 1 6 1.000000
0  0.385605 -5.471767 70.144440  0.213733 -0.957036 0.195960  0.702748 0.712473 1 6 1.000000
heavy_cap
0  0.793643 -5.145046 71.175659  0.312787 -0.901199 0.300009  0.692447 0.759734 1 6 1.000000
0  0.385605 -5.471767 70.144440  0.213733 -0.957036 0.195960  0.702748 0.712473 1 6 1.000000
0  0.584178 -5.438231 70.058434  0.244512 -0.952917 0.179343  0.711695 0.714568 1 6 1.000000
heavy_cap
0  0.308616 -5.532313 69.803391  0.174501 -0.981251 0.081827  0.708290 0.698631 1 6 1.000000
0  0.584178 -5.438231 70.058434  0.244512 -0.952917 0.179343  0.711695 0.714568 1 6 1.000000
0  0.385605 -5.471767 70.144440  0.213733 -0.957036 0.195960  0.702748 0.712473 1 6 1.000000
heavy_cap
0  0.308616 -5.532313 69.803391  0.174501 -0.981251 0.081827  0.708290 0.698631 1 6 1.000000
0  0.578059 -5.483802 69.704773  0.220852 -0.970962 0.091966  0.720182 0.702107 1 6 1.000000
0  0.584178 -5.438231 70.058434  0.244512 -0.952917 0.179343  0.711695 0.714568 1 6 1.000000
heavy_cap
0  0.578059 -5.483802 69.704773  0.220852 -0.970962 0.091966  0.720182 0.702107 1 6 1.000000
0  0.308616 -5.532313 69.803391  0.174501 -0.981251 0.081827  0.708290 0.698631 1 6 1.000000
0  0.314614 -5.529782 69.662956  0.100873 -0.992731 0.065647  0.712078 0.693929 1 6 1.000000
heavy_cap
0  0.314614 -5.529782 69.662956  0.100873 -0.992731 0.065647  0.712078 0.693929 1 6 1.000000
0  0.585894 -5.523048 69.167931  0.217780 -0.973525 0.069431  0.733678 0.683122 1 6 1.000000
0  0.578059 -5.483802 69.704773  0.220852 -0.970962 0.091966  0.720182 0.702107 1 6 1.000000
heavy_cap
0  0.314614 -5.529782 69.662956  0.100873 -0.992731 0.065647  0.712078 0.693929 1 6 1.000000
0  0.318735 -5.570417 69.168701  0.139114 -0.987426 0.075077  0.724155 0.676019 1 6 1.000000
0  0.585894 -5.523048 69.167931  0.217780 -0.973525 0.069431  0.733678 0.683122 1 6 1.000000
heavy_cap
0  0.585894 -5.523048 69.167931  0.217780 -0.973525 0.069431  0.733678 0.683122 1 6 1.000000
0  0.318735 -5.570417 69.168701  0.139114 -0.987426 0.075077  0.724155 0.676019 1 6 1.000000
0  0.320857 -5.566379 69.162666  0.086949 -0.793895 -0.601807  0.724553 0.675971 1 6 1.000000
heavy_cap
0  0.251007 -5.569928 69.170135  0.026226 -0.995302 0.093197  0.721750 0.674255 1 6 1.000000
0  0.320857 -5.566379 69.162666  0.086949 -0.793895 -0.601807  0.724553 0.675971 1 6 1.000000
0  0.318735 -5.570417 69.168701  0.139114 -0.987426 0.075077  0.724155 0.676019 1 6 1.000000
heavy_cap
0  0.251007 -5.569928 69.170135  0.026226 -0.995302 0.093197  0.721750 0.674255 1 6 1.000000
0  0.332036 -5.556546 69.152748  0.191659 -0.973554 0.124333  0.725175 0.675670 1 6 1.000000
0  0.320857 -5.566379 69.162666  0.086949 -0.793895 -0.601807  0.724553 0.675971 1 6 1.000000
heavy_cap
0  0.598868 -5.519336 69.158386  0.194068 -0.838277 -0.509538  0.734587 0.683162 1 6 1.000000
0  0.320857 -5.566379 69.162666  0.086949 -0.793895 -0.601807  0.724553 0.675971 1 6 1.000000
0  0.332036 -5.556546 69.152748  0.191659 -0.973554 0.124333  0.725175 0.675670 1 6 1.000000
heavy_cap
0  0.598868 -5.519336 69.158386  0.194068 -0.838277 -0.509538  0.734587 0.683162 1 6 1.000000
0  0.332036 -5.556546 69.152748  0.191659 -0.973554 0.124333  0.725175 0.675670 1 6 1.000000
0  0.609028 -5.503016 69.150101  0.224243 -0.973284 0.049327  0.735460 0.682970 1 6 1.000000
heavy_cap
0  1.274394 -5.335204 69.148750  0.343323 -0.938240 -0.042849  0.759326 0.702512 1 6 1.000000
0  0.598868 -5.519336 69.158386  0.194068 -0.838277 -0.509538  0.734587 0.683162 1 6 1.000000
0  0.609028 -5.503016 69.150101  0.224243 -0.973284 0.049327  0.735460 0.682970 1 6 1.000000
heavy_cap
0  1.274394 -5.335204 69.148750  0.343323 -0.938240 -0.042849  0.759326 0.702512 1 6 1.000000
0  1.318580 -5.338509 69.155731  0.209812 -0.584417 -0.783860  0.760193 0.704241 1 6 1.000000
0  0.598868 -5.519336 69.158386  0.194068 -0.838277 -0.509538  0.734587 0.683162 1 6 1.000000
heavy_cap
0  2.186641 -4.939852 69.148758  0.531318 -0.837447 -0.128001  0.791007 0.729779 1 6 1.000000
0  1.318580 -5.338509 69.155731  0.209812 -0.584417 -0.783860  0.760193 0.704241 1 6 1.000000
0  1.274394 -5.335204 69.148750  0.343323 -0.938240 -0.042849  0.759326 0.702512 1 6 1.000000
heavy_cap
0  2.186641 -4.939852 69.148758  0.531318 -0.837447 -0.128001  0.791007 0.729779 1 6 1.000000
0  2.237315 -4.939607 69.155739  0.255115 -0.396265 -0.881981  0.791700 0.731744 1 6 1.000000
0  1.318580 -5.338509 69.155731  0.209812 -0.584417 -0.783860  0.760193 0.704241 1 6 1.000000
heavy_cap
0  3.217004 -4.095659 69.147865  0.702410 -0.665728 -0.251844  0.828646 0.764851 1 6 1.000000
0  2.237315 -4.939607 69.155739  0.255115 -0.396265 -0.881981  0.791700 0.731744 1 6 1.000000
0  2.186641 -4.939852 69.148758  0.531318 -0.837447 -0.128001  0.791007 0.729779 1 6 1.000000
heavy_cap
0  0.269734 -5.530274 69.934601  0.183534 -0.979410 0.084092  0.703738 0.702158 1 6 1.000000
0  0.308616 -5.532313 69.803391  0.174501 -0.981251 0.081827  0.708290 0.698631 1 6 1.000000
0  0.385605 -5.471767 70.144440  0.213733 -0.957036 0.195960  0.702748 0.712473 1 6 1.000000
heavy_cap
0  0.251007 -5.569928 69.170135  0.026226 -0.995302 0.093197  0.721750 0.674255 1 6 1.000000
0  0.318735 -5.570417 69.168701  0.139114 -0.987426 0.075077  0.724155 0.676019 1 6 1.000000
0  0.314614 -5.529782 69.662956  0.100873 -0.992731 0.065647  0.712078 0.693929 1 6 1.000000
heavy_cap
0  0.251007 -5.569928 69.170135  0.026226 -0.995302 0.093197  0.721750 0.674255 1 6 1.000000
0  0.314614 -5.529782 69.662956  0.100873 -0.992731 0.065647  0.712078 0.693929 1 6 1.000000
0  0.248150 -5.516074 69.677849  0.063492 -0.994973 0.077440  0.709391 0.692774 1 6 1.000000
heavy_cap
0  0.248232 -5.518399 69.781235  -0.174251 -0.984675 -0.007244  0.706698 0.696317 1 6 1.000000
0  0.248150 -5.516074 69.677849  0.063492 -0.994973 0.077440  0.709391 0.692774 1 6 1.000000
0  0.314614 -5.529782 69.662956  0.100873 -0.992731 0.065647  0.712078 0.693929 1 6 1.000000
heavy_cap
0  0.248232 -5.518399 69.781235  -0.174251 -0.984675 -0.007244  0.706698 0.696317 1 6 1.000000
0  0.314614 -5.529782 69.662956  0.100873 -0.992731 0.065647  0.712078 0.693929 1 6 1.000000
0  0.308616 -5.532313 69.803391  0.174501 -0.981251 0.081827  0.708290 0.698631 1 6 1.000000
heavy_cap
0  0.236400 -5.515421 69.848969  -0.067652 -0.997661 -0.009811  0.704623 0.698358 1 6 1.000000
0  0.248232 -5.518399 69.781235  -0.174251 -0.984675 -0.007244  0.706698 0.696317 1 6 1.000000
0  0.308616 -5.532313 69.803391  0.174501 -0.981251 0.081827  0.708290 0.698631 1 6 1.000000
heavy_cap
0  0.236400 -5.515421 69.848969  -0.067652 -0.997661 -0.009811  0.704623 0.698358 1 6 1.000000
0  0.308616 -5.532313 69.803391  0.174501 -0.981251 0.081827  0.708290 0.698631 1 6 1.000000
0  0.269734 -5.530274 69.934601  0.183534 -0.979410 0.084092  0.703738 0.702158 1 6 1.000000
heavy_cap
0  0.200414 -5.517177 69.922119  0.018897 -0.999818 0.002657  0.701621 0.700009 1 6 1.000000
0  0.236400 -5.515421 69.848969  -0.067652 -0.997661 -0.009811  0.704623 0.698358 1 6 1.000000
0  0.269734 -5.530274 69.934601  0.183534 -0.979410 0.084092  0.703738 0.702158 1 6 1.000000
heavy_cap
0  0.200414 -5.517177 69.922119  0.018897 -0.999818 0.002657  0.701621 0.700009 1 6 1.000000
0  0.269734 -5.530274 69.934601  0.183534 -0.979410 0.084092  0.703738 0.702158 1 6 1.000000
0  0.219346 -5.527337 70.009224  0.130137 -0.981374 0.141317  0.700206 0.703516 1 6 1.000000
heavy_cap
0  0.219346 -5.527337 70.009224  0.130137 -0.981374 0.141317  0.700206 0.703516 1 6 1.000000
0  0.269734 -5.530274 69.934601  0.183534 -0.979410 0.084092  0.703738 0.702158 1 6 1.000000
0  0.385605 -5.471767 70.144440  0.213733 -0.957036 0.195960  0.702748 0.712473 1 6 1.000000
heavy_cap
0  0.219346 -5.527337 70.009224  0.130137 -0.981374 0.141317  0.700206 0.703516 1 6 1.000000
0  0.385605 -5.471767 70.144440  0.213733 -0.957036 0.195960  0.702748 0.712473 1 6 1.000000
0  0.183849 -5.481560 70.253212  0.129362 -0.966227 0.222871  0.693232 0.711375 1 6 1.000000
heavy_cap
0  0.501515 -5.222158 71.175369  0.164846 -0.933845 0.317425  0.682312 0.752078 1 6 1.000000
0  0.183849 -5.481560 70.253212  0.129362 -0.966227 0.222871  0.693232 0.711375 1 6 1.000000
0  0.385605 -5.471767 70.144440  0.213733 -0.957036 0.195960  0.702748 0.712473 1 6 1.000000
heavy_cap
0  0.183849 -5.481560 70.253212  0.129362 -0.966227 0.222871  0.693232 0.711375 1 6 1.000000
0  0.501515 -5.222158 71.175369  0.164846 -0.933845 0.317425  0.682312 0.752078 1 6 1.000000
0  -0.006567 -5.281890 71.174683  0.000003 -0.948674 0.316257  0.665021 0.739656 1 6 1.000000
heavy_cap
0  0.501515 -5.222158 71.175369  0.164846 -0.933845 0.317425  0.682312 0.752078 1 6 1.000000
0  -0.006569 -4.925261 71.990761  -0.000001 -0.862545 0.505981  0.644097 0.771054 1 6 1.000000
0  -0.006567 -5.281890 71.174683  0.000003 -0.948674 0.316257  0.665021 0.739656 1 6 1.000000
heavy_cap
0  -0.514690 -5.222159 71.175369  -0.206898 -0.930058 0.303619  0.646922 0.728551 1 6 1.000000
0  -0.006567 -5.281890 71.174683  0.000003 -0.948674 0.316257  0.665021 0.739656 1 6 1.000000
0  -0.006569 -4.925261 71.990761  -0.000001 -0.862545 0.505981  0.644097 0.771054 1 6 1.000000
heavy_cap
0  -0.514690 -5.222159 71.175369  -0.206898 -0.930058 0.303619  0.646922 0.728551 1 6 1.000000
0  -0.006569 -4.925261 71.990761  -0.000001 -0.862545 0.505981  0.644097 0.771054 1 6 1.000000
0  -0.752475 -4.806655 71.994713  -0.251105 -0.847860 0.466990  0.615591 0.754156 1 6 1.000000
heavy_cap
0  -0.752475 -4.806655 71.994713  -0.251105 -0.847860 0.466990  0.615591 0.754156 1 6 1.000000
0  -1.057045 -5.049575 71.175659  -0.319260 -0.897784 0.303408  0.636007 0.722210 1 6 1.000000
0  -0.514690 -5.222159 71.175369  -0.206898 -0.930058 0.303619  0.646922 0.728551 1 6 1.000000
heavy_cap
0  -2.007401 -4.320075 71.983902  -0.434412 -0.774331 0.460107  0.566438 0.723432 1 6 1.000000
0  -1.057045 -5.049575 71.175659  -0.319260 -0.897784 0.303408  0.636007 0.722210 1 6 1.000000
0  -0.752475 -4.806655 71.994713  -0.251105 -0.847860 0.466990  0.615591 0.754156 1 6 1.000000
heavy_cap
0  3.217004 -4.095659 69.147865  0.702410 -0.665728 -0.251844  0.828646 0.764851 1 6 1.000000
0  3.267800 -4.095414 69.154884  0.314395 -0.301003 -0.900307  0.828622 0.766781 1 6 1.000000
0  2.237315 -4.939607 69.155739  0.255115 -0.396265 -0.881981  0.791700 0.731744 1 6 1.000000
heavy_cap
0  3.717578 -3.319602 69.141670  0.856946 -0.414777 -0.305947  0.853427 0.790562 1 6 1.000000
0  3.267800 -4.095414 69.154884  0.314395 -0.301003 -0.900307  0.828622 0.766781 1 6 1.000000
0  3.217004 -4.095659 69.147865  0.702410 -0.665728 -0.251844  0.828646 0.764851 1 6 1.000000
heavy_cap
0  3.717578 -3.319602 69.141670  0.856946 -0.414777 -0.305947  0.853427 0.790562 1 6 1.000000
0  3.768579 -3.319397 69.148689  0.302912 -0.161301 -0.939269  0.852741 0.792347 1 6 1.000000
0  3.267800 -4.095414 69.154884  0.314395 -0.301003 -0.900307  0.828622 0.766781 1 6 1.000000
heavy_cap
0  4.057524 -2.335464 69.120422  0.909236 -0.280435 -0.307645  0.876273 0.818270 1 6 1.000000
0  3.768579 -3.319397 69.148689  0.302912 -0.161301 -0.939269  0.852741 0.792347 1 6 1.000000
0  3.717578 -3.319602 69.141670  0.856946 -0.414777 -0.305947  0.853427 0.790562 1 6 1.000000
heavy_cap
0  4.057524 -2.335464 69.120422  0.909236 -0.280435 -0.307645  0.876273 0.818270 1 6 1.000000
0  4.108483 -2.335178 69.127396  0.311915 -0.123192 -0.942090  0.875274 0.819624 1 6 1.000000
0  3.768579 -3.319397 69.148689  0.302912 -0.161301 -0.939269  0.852741 0.792347 1 6 1.000000
heavy_cap
0  4.108483 -2.335178 69.127396  0.311915 -0.123192 -0.942090  0.875274 0.819624 1 6 1.000000
0  4.057524 -2.335464 69.120422  0.909236 -0.280435 -0.307645  0.876273 0.818270 1 6 1.000000
0  4.220928 -1.607796 69.086838  0.937957 -0.220489 -0.267620  0.889324 0.836645 1 6 1.000000
heavy_cap
0  4.108483 -2.335178 69.127396  0.311915 -0.123192 -0.942090  0.875274 0.819624 1 6 1.000000
0  4.220928 -1.607796 69.086838  0.937957 -0.220489 -0.267620  0.889324 0.836645 1 6 1.000000
0  4.269643 -1.606654 69.093819  0.343041 -0.121569 -0.931420  0.888516 0.837786 1 6 1.000000
heavy_cap
0  4.265849 -1.387925 69.072281  0.946331 -0.242238 -0.213959  0.893746 0.840879 1 6 1.000000
0  4.269643 -1.606654 69.093819  0.343041 -0.121569 -0.931420  0.888516 0.837786 1 6 1.000000
0  4.220928 -1.607796 69.086838  0.937957 -0.220489 -0.267620  0.889324 0.836645 1 6 1.000000
heavy_cap
0  4.265849 -1.387925 69.072281  0.946331 -0.242238 -0.213959  0.893746 0.840879 1 6 1.000000
0  4.311545 -1.383111 69.079300  0.379925 -0.126087 -0.916384  0.893221 0.841957 1 6 1.000000
0  4.269643 -1.606654 69.093819  0.343041 -0.121569 -0.931420  0.888516 0.837786 1 6 1.000000
heavy_cap
0  4.299101 -1.279234 69.067352  0.939400 -0.255544 -0.228527  0.895960 0.843332 1 6 1.000000
0  4.311545 -1.383111 69.079300  0.379925 -0.126087 -0.916384  0.893221 0.841957 1 6 1.000000
0  4.265849 -1.387925 69.072281  0.946331 -0.242238 -0.213959  0.893746 0.840879 1 6 1.000000
heavy_cap
0  4.299101 -1.279234 69.067352  0.939400 -0.255544 -0.228527  0.895960 0.843332 1 6 1.000000
0  4.332190 -1.256835 69.074448  0.647321 -0.070009 -0.758996  0.895589 0.844283 1 6 1.000000
0  4.311545 -1.383111 69.079300  0.379925 -0.126087 -0.916384  0.893221 0.841957 1 6 1.000000
heavy_cap
0  4.300039 -1.264382 69.067474  0.048511 0.922976 -0.381789  0.896235 0.843684 1 6 1.000000
0  4.332190 -1.256835 69.074448  0.647321 -0.070009 -0.758996  0.895589 0.844283 1 6 1.000000
0  4.299101 -1.279234 69.067352  0.939400 -0.255544 -0.228527  0.895960 0.843332 1 6 1.000000
heavy_cap
0  4.300039 -1.264382 69.067474  0.048511 0.922976 -0.381789  0.896235 0.843684 1 6 1.000000
0  4.320358 -1.243289 69.074532  0.027173 0.642644 -0.765683  0.895938 0.844427 1 6 1.000000
0  4.332190 -1.256835 69.074448  0.647321 -0.070009 -0.758996  0.895589 0.844283 1 6 1.000000
heavy_cap
0  3.877800 -1.247450 69.068237  -0.033094 0.742730 -0.668772  0.908375 0.843798 1 6 1.000000
0  4.320358 -1.243289 69.074532  0.027173 0.642644 -0.765683  0.895938 0.844427 1 6 1.000000
0  4.300039 -1.264382 69.067474  0.048511 0.922976 -0.381789  0.896235 0.843684 1 6 1.000000
heavy_cap
0  3.877800 -1.247450 69.068237  -0.033094 0.742730 -0.668772  0.908375 0.843798 1 6 1.000000
0  4.323377 -1.236027 69.086113  0.042042 0.951889 -0.303544  0.895902 0.844780 1 6 1.000000
0  4.320358 -1.243289 69.074532  0.027173 0.642644 -0.765683  0.895938 0.844427 1 6 1.000000
heavy_cap
0  3.877800 -1.247450 69.068237  -0.033094 0.742730 -0.668772  0.908375 0.843798 1 6 1.000000
0  3.871803 -1.230723 69.087379  -0.089111 0.942820 -0.321168  0.908470 0.844544 1 6 1.000000
0  4.323377 -1.236027 69.086113  0.042042 0.951889 -0.303544  0.895902 0.844780 1 6 1.000000
heavy_cap
0  4.305260 -1.071236 69.610886  0.083470 0.950610 -0.298954  0.892075 0.858957 1 6 1.000000
0  4.323377 -1.236027 69.086113  0.042042 0.951889 -0.303544  0.895902 0.844780 1 6 1.000000
0  3.871803 -1.230723 69.087379  -0.089111 0.942820 -0.321168  0.908470 0.844544 1 6 1.000000
heavy_cap
0  4.305260 -1.071236 69.610886  0.083470 0.950610 -0.298954  0.892075 0.858957 1 6 1.000000
0  3.871803 -1.230723 69.087379  -0.089111 0.942820 -0.321168  0.908470 0.844544 1 6 1.000000
0  3.856420 -1.046105 69.611298  -0.124909 0.941756 -0.312239  0.907856 0.862948 1 6 1.000000
end
