version 1
nodes
0 "ValveBiped.Bip01_Pelvis" -1
1 "ValveBiped.Bip01_Spine" 0
2 "ValveBiped.Bip01_Spine1" 1
3 "ValveBiped.Bip01_Spine2" 2
4 "ValveBiped.Bip01_Spine4" 3
5 "ValveBiped.Bip01_Neck1" 4
6 "ValveBiped.Bip01_Head1" 5
7 "ValveBiped.forward" 6
8 "ValveBiped.Bip01_R_Clavicle" 4
9 "ValveBiped.Bip01_R_UpperArm" 8
10 "ValveBiped.Bip01_R_Forearm" 9
11 "ValveBiped.Bip01_R_Hand" 10
12 "ValveBiped.Anim_Attachment_RH" 11
13 "ValveBiped.Bip01_R_Finger4" 11
14 "ValveBiped.Bip01_R_Finger41" 13
15 "ValveBiped.Bip01_R_Finger42" 14
16 "ValveBiped.Bip01_R_Finger3" 11
17 "ValveBiped.Bip01_R_Finger31" 16
18 "ValveBiped.Bip01_R_Finger32" 17
19 "ValveBiped.Bip01_R_Finger2" 11
20 "ValveBiped.Bip01_R_Finger21" 19
21 "ValveBiped.Bip01_R_Finger22" 20
22 "ValveBiped.Bip01_R_Finger1" 11
23 "ValveBiped.Bip01_R_Finger11" 22
24 "ValveBiped.Bip01_R_Finger12" 23
25 "ValveBiped.Bip01_R_Finger0" 11
26 "ValveBiped.Bip01_R_Finger01" 25
27 "ValveBiped.Bip01_R_Finger02" 26
28 "ValveBiped.Bip01_R_Ulna" 10
29 "ValveBiped.Bip01_R_Wrist" 10
30 "ValveBiped.Bip01_R_Shoulder" 9
31 "ValveBiped.Bip01_R_Bicep" 9
32 "ValveBiped.Bip01_R_Trapezius" 8
33 "ValveBiped.Bip01_L_Clavicle" 4
34 "ValveBiped.Bip01_L_UpperArm" 33
35 "ValveBiped.Bip01_L_Forearm" 34
36 "ValveBiped.Bip01_L_Hand" 35
37 "ValveBiped.Anim_Attachment_LH" 36
38 "ValveBiped.Bip01_L_Finger4" 36
39 "ValveBiped.Bip01_L_Finger41" 38
40 "ValveBiped.Bip01_L_Finger42" 39
41 "ValveBiped.Bip01_L_Finger3" 36
42 "ValveBiped.Bip01_L_Finger31" 41
43 "ValveBiped.Bip01_L_Finger32" 42
44 "ValveBiped.Bip01_L_Finger2" 36
45 "ValveBiped.Bip01_L_Finger21" 44
46 "ValveBiped.Bip01_L_Finger22" 45
47 "ValveBiped.Bip01_L_Finger1" 36
48 "ValveBiped.Bip01_L_Finger11" 47
49 "ValveBiped.Bip01_L_Finger12" 48
50 "ValveBiped.Bip01_L_Finger0" 36
51 "ValveBiped.Bip01_L_Finger01" 50
52 "ValveBiped.Bip01_L_Finger02" 51
53 "ValveBiped.Bip01_L_Ulna" 35
54 "ValveBiped.Bip01_L_Wrist" 35
55 "ValveBiped.Bip01_L_Shoulder" 34
56 "ValveBiped.Bip01_L_Bicep" 34
57 "ValveBiped.Bip01_L_Trapezius" 33
58 "ValveBiped.Bip01_R_Thigh" 0
59 "ValveBiped.Bip01_R_Calf" 58
60 "ValveBiped.Bip01_R_Foot" 59
61 "ValveBiped.Bip01_R_Toe0" 60
62 "ValveBiped.Bip01_L_Thigh" 0
63 "ValveBiped.Bip01_L_Calf" 62
64 "ValveBiped.Bip01_L_Foot" 63
65 "ValveBiped.Bip01_L_Toe0" 64
end
skeleton
time 0
0  -0.000005 -0.533615 38.566917  1.570796 -0.000000 0.000000
1  0.000005 3.345128 -2.981901  1.570796 0.086300 1.570795
2  4.018326 0.000028 -0.000004  -0.000000 0.000001 -0.029242
3  3.518548 0.000019 -0.000001  0.000000 -0.000010 0.100338
4  8.942651 0.000031 -0.000089  0.000002 0.000011 0.194099
5  3.307269 0.000003 0.000003  3.141590 -0.000002 0.400487
6  3.593729 0.000054 0.000010  -0.000001 -0.000002 0.406601
7  1.999980 -3.000015 0.000004  -1.570796 0.000002 -1.326453
8  2.033356 1.000782 -1.937613  1.473101 1.855075 -0.198654
9  6.028152 -0.000013 0.000018  1.638419 -0.011206 -0.476864
10  11.692579 -0.000059 -0.000007  -0.000029 0.000002 -0.253681
11  10.321170 0.000074 0.000035  -1.564903 0.106609 0.044445
12  2.400698 -1.531087 -0.000016  -1.570795 -0.000003 -1.570740
13  3.462493 -0.118535 1.189796  0.318746 -0.187821 -0.038115
14  1.173578 -0.000030 -0.000004  0.000014 -0.011986 -0.439704
15  0.653070 -0.000008 0.000004  0.000000 -0.006167 -0.244276
16  3.536607 0.045015 0.429834  0.075300 -0.136169 -0.029114
17  1.376191 -0.000013 -0.000005  -0.000192 0.070787 -0.253774
18  1.071577 0.000012 0.000008  0.000001 -0.009720 -0.430761
19  3.483994 -0.045014 -0.429870  -0.107600 -0.094517 0.020230
20  1.538370 -0.000002 0.000001  0.018123 0.105856 -0.215743
21  1.084355 -0.000025 -0.000008  -0.000001 -0.004485 -0.216380
22  3.462615 -0.133169 -1.327627  -0.337042 0.041112 0.096128
23  1.545146 -0.000007 0.000008  0.001070 0.081513 -0.334582
24  0.986792 -0.000004 0.000006  0.000000 -0.004240 -0.244329
25  0.723063 -0.321729 -1.314700  1.228441 0.458667 -0.563507
26  1.664166 0.000005 -0.000016  0.000402 0.008228 0.198942
27  1.102086 -0.000004 0.000011  -0.000000 -0.009619 0.363911
28  5.160594 0.000038 0.000028  0.000082 -0.000001 0.000009
29  10.321166 0.000074 0.000030  0.000146 -0.000002 0.000000
30  1.500001 -0.000009 -0.000006  -0.000001 -0.000000 -0.000001
31  5.559998 -0.000030 0.000001  -0.000001 -0.000000 -0.000002
32  5.166972 0.000019 0.000016  0.000001 0.000001 0.000002
33  2.033340 1.000779 1.937669  -1.544955 -1.855083 -0.198636
34  6.028141 0.000072 -0.000015  -1.574071 0.068729 -0.464211
35  11.692611 0.000029 -0.000004  0.000091 0.000003 -0.275137
36  9.618691 0.000012 -0.000003  1.573227 -0.106630 0.044854
37  2.232803 -1.417893 0.000012  1.570797 -0.000002 1.570827
38  3.220391 -0.117936 -1.185576  -0.058718 0.068535 0.047425
39  1.090121 0.000003 0.000009  -0.014245 0.015942 -0.253000
40  0.605757 0.000002 0.000007  0.000001 0.005043 -0.244314
41  3.289307 0.038716 -0.429119  -0.087986 0.075001 0.023745
42  1.277877 0.000010 0.000008  -0.005943 -0.038289 -0.136608
43  0.996349 -0.000016 0.000005  0.000001 0.007477 -0.430806
44  3.240386 -0.038761 0.429144  0.005986 0.027720 0.111739
45  1.431523 -0.000000 0.000008  -0.005360 -0.010188 -0.289551
46  1.007435 -0.000003 -0.000002  0.000000 0.003130 -0.216406
47  3.220502 -0.114259 1.325344  0.193696 -0.037488 0.073238
48  1.439155 -0.000013 0.000000  -0.014024 -0.070686 -0.203032
49  0.923288 -0.000017 0.000013  0.000011 0.002611 -0.244344
50  0.672530 -0.288905 1.314183  -1.312282 -0.275497 -0.557966
51  1.541140 -0.000006 0.000002  0.013371 -0.092038 -0.077183
52  1.057831 0.000007 -0.000010  0.000004 0.011263 0.364892
53  4.809352 0.000007 0.000016  0.000700 -0.000000 0.000004
54  9.618715 0.000011 0.000026  0.001288 -0.000000 0.000000
55  1.500019 0.000003 -0.000016  -0.000001 -0.000000 0.000003
56  5.560028 0.000014 -0.000029  -0.000001 0.000000 0.000002
57  5.166964 0.000047 -0.000014  0.000004 0.000001 0.000007
58  -3.890452 0.000004 0.000007  -1.570796 0.051839 -1.576021
59  17.848135 0.000090 0.000000  -0.000001 -0.000000 0.034136
60  16.525229 0.000930 -0.000004  0.038610 0.040779 -1.071578
61  6.879455 0.000015 -0.000007  -0.081332 -0.002950 -0.584378
62  3.890452 -0.000004 -0.000003  -1.570799 0.051839 -1.565574
63  17.848122 -0.000017 -0.000007  0.000004 0.000000 0.034172
64  16.525246 0.000429 0.000000  -0.027916 -0.040783 -1.071611
65  6.879446 -0.000017 -0.000001  -0.007299 -0.002949 -0.584395
end
triangles
jetpack
0  0.008536 8.832636 68.651482  0.000046 -0.000090 1.000000  0.797800 0.714559 1 4 1.000000
0  -0.581768 9.422832 67.503685  -0.641667 0.649380 0.408127  0.843300 0.669059 1 4 1.000000
0  -0.826168 8.832636 67.503693  -0.908717 -0.000020 0.417412  0.820300 0.669059 1 4 1.000000
jetpack
0  0.008536 8.832636 68.651482  0.000046 -0.000090 1.000000  0.797800 0.714559 1 4 1.000000
0  0.008532 9.667533 67.503685  0.000055 0.916954 0.398993  0.797400 0.669059 1 4 1.000000
0  -0.581768 9.422832 67.503685  -0.641667 0.649380 0.408127  0.820300 0.669059 1 4 1.000000
jetpack
0  1.156327 8.832632 65.977783  0.999998 -0.000014 0.002161  0.743700 0.604659 1 4 1.000000
0  0.822828 9.607832 66.386284  0.698489 0.699738 0.149933  0.770200 0.621859 1 4 1.000000
0  1.160029 8.832630 66.386284  0.991682 -0.000022 0.128711  0.743700 0.621859 1 4 1.000000
jetpack
0  1.160029 8.832630 66.386284  0.991682 -0.000022 0.128711  0.743700 0.621859 1 4 1.000000
0  0.822829 8.057528 66.386284  0.698484 -0.699728 0.150003  0.770200 0.621859 1 4 1.000000
0  1.156327 8.832632 65.977783  0.999998 -0.000014 0.002161  0.743700 0.604659 1 4 1.000000
jetpack
0  1.156327 8.832632 65.977783  0.999998 -0.000014 0.002161  0.743700 0.604659 1 4 1.000000
0  0.822829 8.057528 66.386284  0.698484 -0.699728 0.150003  0.770200 0.621859 1 4 1.000000
0  0.820028 8.021231 65.977684  0.689619 -0.721241 0.065093  0.770200 0.604659 1 4 1.000000
jetpack
0  0.822829 8.057528 66.386284  0.698484 -0.699728 0.150003  0.770200 0.621859 1 4 1.000000
0  0.008529 7.736331 66.386284  0.000023 -0.985026 0.172407  0.797400 0.621859 1 4 1.000000
0  0.820028 8.021231 65.977684  0.689619 -0.721241 0.065093  0.770200 0.604659 1 4 1.000000
jetpack
0  0.820028 8.021231 65.977684  0.689619 -0.721241 0.065093  0.770200 0.604659 1 4 1.000000
0  0.008529 7.736331 66.386284  0.000023 -0.985026 0.172407  0.797400 0.621859 1 4 1.000000
0  0.008528 7.684831 65.977692  0.000040 -0.992150 0.125053  0.797400 0.604659 1 4 1.000000
jetpack
0  0.008528 7.684831 65.977692  0.000040 -0.992150 0.125053  0.797400 0.604659 1 4 1.000000
0  0.008529 7.736331 66.386284  0.000023 -0.985026 0.172407  0.797400 0.621859 1 4 1.000000
0  -0.803172 8.021235 65.977692  -0.689712 -0.721126 0.065388  0.824600 0.604659 1 4 1.000000
jetpack
0  -0.803172 8.021235 65.977692  -0.689712 -0.721126 0.065388  0.824600 0.604659 1 4 1.000000
0  0.008529 7.736331 66.386284  0.000023 -0.985026 0.172407  0.797400 0.621859 1 4 1.000000
0  -0.805771 8.057528 66.386292  -0.698419 -0.699771 0.150107  0.824600 0.621859 1 4 1.000000
jetpack
0  -0.803172 8.021235 65.977692  -0.689712 -0.721126 0.065388  0.824600 0.604659 1 4 1.000000
0  -0.805771 8.057528 66.386292  -0.698419 -0.699771 0.150107  0.824600 0.621859 1 4 1.000000
0  -1.139373 8.832632 65.977692  -0.999998 -0.000015 0.002134  0.851100 0.604659 1 4 1.000000
jetpack
0  -1.139373 8.832632 65.977692  -0.999998 -0.000015 0.002134  0.851100 0.604659 1 4 1.000000
0  -0.805771 8.057528 66.386292  -0.698419 -0.699771 0.150107  0.824600 0.621859 1 4 1.000000
0  -1.143171 8.832629 66.386292  -0.991692 -0.000025 0.128635  0.851100 0.621859 1 4 1.000000
jetpack
0  -1.143171 8.832629 66.386292  -0.991692 -0.000025 0.128635  0.851100 0.621859 1 4 1.000000
0  -0.805771 8.057528 66.386292  -0.698419 -0.699771 0.150107  0.824600 0.621859 1 4 1.000000
0  -0.826168 8.832636 67.503693  -0.908717 -0.000020 0.417412  0.843300 0.669059 1 4 1.000000
jetpack
0  -1.143171 8.832629 66.386292  -0.991692 -0.000025 0.128635  0.851100 0.621859 1 4 1.000000
0  -0.826168 8.832636 67.503693  -0.908717 -0.000020 0.417412  0.843300 0.669059 1 4 1.000000
0  -0.805772 9.607832 66.386284  -0.698425 0.699780 0.150039  0.824600 0.621859 1 4 1.000000
jetpack
0  -0.805772 9.607832 66.386284  -0.698425 0.699780 0.150039  0.824600 0.621859 1 4 1.000000
0  -0.826168 8.832636 67.503693  -0.908717 -0.000020 0.417412  0.843300 0.669059 1 4 1.000000
0  -0.581768 9.422832 67.503685  -0.641667 0.649380 0.408127  0.820300 0.669059 1 4 1.000000
jetpack
0  -0.805772 9.607832 66.386284  -0.698425 0.699780 0.150039  0.824600 0.621859 1 4 1.000000
0  -0.581768 9.422832 67.503685  -0.641667 0.649380 0.408127  0.820300 0.669059 1 4 1.000000
0  0.008528 9.929034 66.386284  0.000024 0.985056 0.172233  0.797400 0.621859 1 4 1.000000
jetpack
0  0.008528 9.929034 66.386284  0.000024 0.985056 0.172233  0.797400 0.621859 1 4 1.000000
0  -0.581768 9.422832 67.503685  -0.641667 0.649380 0.408127  0.820300 0.669059 1 4 1.000000
0  0.008532 9.667533 67.503685  0.000055 0.916954 0.398993  0.797400 0.669059 1 4 1.000000
jetpack
0  0.598632 9.422832 67.503685  0.641631 0.649409 0.408138  0.774500 0.669059 1 4 1.000000
0  0.008528 9.929034 66.386284  0.000024 0.985056 0.172233  0.797400 0.621859 1 4 1.000000
0  0.008532 9.667533 67.503685  0.000055 0.916954 0.398993  0.797400 0.669059 1 4 1.000000
jetpack
0  0.008536 8.832636 68.651482  0.000046 -0.000090 1.000000  0.797800 0.714559 1 4 1.000000
0  0.598632 9.422832 67.503685  0.641631 0.649409 0.408138  0.774500 0.669059 1 4 1.000000
0  0.008532 9.667533 67.503685  0.000055 0.916954 0.398993  0.797400 0.669059 1 4 1.000000
jetpack
0  0.008536 8.832636 68.651482  0.000046 -0.000090 1.000000  0.797800 0.714559 1 4 1.000000
0  0.843132 8.832636 67.503685  0.908716 -0.000020 0.417415  0.751500 0.669059 1 4 1.000000
0  0.598632 9.422832 67.503685  0.641631 0.649409 0.408138  0.774500 0.669059 1 4 1.000000
jetpack
0  0.820027 9.644035 65.977684  0.689667 0.721210 0.064927  0.770200 0.604659 1 4 1.000000
0  0.822828 9.607832 66.386284  0.698489 0.699738 0.149933  0.770200 0.621859 1 4 1.000000
0  1.156327 8.832632 65.977783  0.999998 -0.000014 0.002161  0.743700 0.604659 1 4 1.000000
jetpack
0  -1.143171 8.832629 66.386292  -0.991692 -0.000025 0.128635  0.851100 0.621859 1 4 1.000000
0  -0.805772 9.607832 66.386284  -0.698425 0.699780 0.150039  0.824600 0.621859 1 4 1.000000
0  -1.139373 8.832632 65.977692  -0.999998 -0.000015 0.002134  0.851100 0.604659 1 4 1.000000
jetpack
0  -1.139373 8.832632 65.977692  -0.999998 -0.000015 0.002134  0.851100 0.604659 1 4 1.000000
0  -0.805772 9.607832 66.386284  -0.698425 0.699780 0.150039  0.824600 0.621859 1 4 1.000000
0  -0.803173 9.644035 65.977684  -0.689754 0.721100 0.065227  0.824600 0.604659 1 4 1.000000
jetpack
0  -0.805772 9.607832 66.386284  -0.698425 0.699780 0.150039  0.824600 0.621859 1 4 1.000000
0  0.008528 9.929034 66.386284  0.000024 0.985056 0.172233  0.797400 0.621859 1 4 1.000000
0  -0.803173 9.644035 65.977684  -0.689754 0.721100 0.065227  0.824600 0.604659 1 4 1.000000
jetpack
0  -0.803173 9.644035 65.977684  -0.689754 0.721100 0.065227  0.824600 0.604659 1 4 1.000000
0  0.008528 9.929034 66.386284  0.000024 0.985056 0.172233  0.797400 0.621859 1 4 1.000000
0  0.008527 9.980433 65.977783  0.000039 0.992177 0.124841  0.797400 0.604659 1 4 1.000000
jetpack
0  0.008527 9.980433 65.977783  0.000039 0.992177 0.124841  0.797400 0.604659 1 4 1.000000
0  0.008528 9.929034 66.386284  0.000024 0.985056 0.172233  0.797400 0.621859 1 4 1.000000
0  0.820027 9.644035 65.977684  0.689667 0.721210 0.064927  0.770200 0.604659 1 4 1.000000
jetpack
0  0.820027 9.644035 65.977684  0.689667 0.721210 0.064927  0.770200 0.604659 1 4 1.000000
0  0.008528 9.929034 66.386284  0.000024 0.985056 0.172233  0.797400 0.621859 1 4 1.000000
0  0.822828 9.607832 66.386284  0.698489 0.699738 0.149933  0.770200 0.621859 1 4 1.000000
jetpack
0  0.822828 9.607832 66.386284  0.698489 0.699738 0.149933  0.770200 0.621859 1 4 1.000000
0  0.008528 9.929034 66.386284  0.000024 0.985056 0.172233  0.797400 0.621859 1 4 1.000000
0  0.598632 9.422832 67.503685  0.641631 0.649409 0.408138  0.774500 0.669059 1 4 1.000000
jetpack
0  0.843132 8.832636 67.503685  0.908716 -0.000020 0.417415  0.751500 0.669059 1 4 1.000000
0  0.822828 9.607832 66.386284  0.698489 0.699738 0.149933  0.770200 0.621859 1 4 1.000000
0  0.598632 9.422832 67.503685  0.641631 0.649409 0.408138  0.774500 0.669059 1 4 1.000000
jetpack
0  1.160029 8.832630 66.386284  0.991682 -0.000022 0.128711  0.743700 0.621859 1 4 1.000000
0  0.822828 9.607832 66.386284  0.698489 0.699738 0.149933  0.770200 0.621859 1 4 1.000000
0  0.843132 8.832636 67.503685  0.908716 -0.000020 0.417415  0.751500 0.669059 1 4 1.000000
jetpack
0  1.160029 8.832630 66.386284  0.991682 -0.000022 0.128711  0.743700 0.621859 1 4 1.000000
0  0.843132 8.832636 67.503685  0.908716 -0.000020 0.417415  0.751500 0.669059 1 4 1.000000
0  0.822829 8.057528 66.386284  0.698484 -0.699728 0.150003  0.770200 0.621859 1 4 1.000000
jetpack
0  0.822829 8.057528 66.386284  0.698484 -0.699728 0.150003  0.770200 0.621859 1 4 1.000000
0  0.843132 8.832636 67.503685  0.908716 -0.000020 0.417415  0.751500 0.669059 1 4 1.000000
0  0.598632 8.242534 67.503693  0.641430 -0.649575 0.408190  0.774500 0.669059 1 4 1.000000
jetpack
0  0.822829 8.057528 66.386284  0.698484 -0.699728 0.150003  0.770200 0.621859 1 4 1.000000
0  0.598632 8.242534 67.503693  0.641430 -0.649575 0.408190  0.774500 0.669059 1 4 1.000000
0  0.008529 7.736331 66.386284  0.000023 -0.985026 0.172407  0.797400 0.621859 1 4 1.000000
jetpack
0  0.008529 7.736331 66.386284  0.000023 -0.985026 0.172407  0.797400 0.621859 1 4 1.000000
0  0.598632 8.242534 67.503693  0.641430 -0.649575 0.408190  0.774500 0.669059 1 4 1.000000
0  0.008533 7.998333 67.503693  0.000055 -0.916912 0.399090  0.797400 0.669059 1 4 1.000000
jetpack
0  -0.581768 8.242534 67.503693  -0.641467 -0.649546 0.408178  0.820300 0.669059 1 4 1.000000
0  0.008529 7.736331 66.386284  0.000023 -0.985026 0.172407  0.797400 0.621859 1 4 1.000000
0  0.008533 7.998333 67.503693  0.000055 -0.916912 0.399090  0.797400 0.669059 1 4 1.000000
jetpack
0  0.008536 8.832636 68.651482  0.000046 -0.000090 1.000000  0.797200 0.714559 1 4 1.000000
0  -0.581768 8.242534 67.503693  -0.641467 -0.649546 0.408178  0.820300 0.669059 1 4 1.000000
0  0.008533 7.998333 67.503693  0.000055 -0.916912 0.399090  0.797400 0.669059 1 4 1.000000
jetpack
0  0.008536 8.832636 68.651482  0.000046 -0.000090 1.000000  0.797200 0.714559 1 4 1.000000
0  -0.826168 8.832636 67.503693  -0.908717 -0.000020 0.417412  0.843300 0.669059 1 4 1.000000
0  -0.581768 8.242534 67.503693  -0.641467 -0.649546 0.408178  0.820300 0.669059 1 4 1.000000
jetpack
0  -0.826168 8.832636 67.503693  -0.908717 -0.000020 0.417412  0.843300 0.669059 1 4 1.000000
0  -0.805771 8.057528 66.386292  -0.698419 -0.699771 0.150107  0.824600 0.621859 1 4 1.000000
0  -0.581768 8.242534 67.503693  -0.641467 -0.649546 0.408178  0.820300 0.669059 1 4 1.000000
jetpack
0  -0.805771 8.057528 66.386292  -0.698419 -0.699771 0.150107  0.824600 0.621859 1 4 1.000000
0  0.008529 7.736331 66.386284  0.000023 -0.985026 0.172407  0.797400 0.621859 1 4 1.000000
0  -0.581768 8.242534 67.503693  -0.641467 -0.649546 0.408178  0.820300 0.669059 1 4 1.000000
jetpack
0  0.008536 8.832636 68.651482  0.000046 -0.000090 1.000000  0.797200 0.714559 1 4 1.000000
0  0.598632 8.242534 67.503693  0.641430 -0.649575 0.408190  0.774500 0.669059 1 4 1.000000
0  0.843132 8.832636 67.503685  0.908716 -0.000020 0.417415  0.751500 0.669059 1 4 1.000000
jetpack
0  0.008536 8.832636 68.651482  0.000046 -0.000090 1.000000  0.797200 0.714559 1 4 1.000000
0  0.008533 7.998333 67.503693  0.000055 -0.916912 0.399090  0.797400 0.669059 1 4 1.000000
0  0.598632 8.242534 67.503693  0.641430 -0.649575 0.408190  0.774500 0.669059 1 4 1.000000
jetpack
0  -5.347032 7.951593 46.783432  -0.711690 0.702457 -0.007180  0.825100 0.004459 1 4 1.000000
0  -4.867323 8.646700 49.944237  -0.862771 -0.000033 -0.505594  0.850300 0.143059 1 4 1.000000
0  -5.059134 8.646692 46.713951  -0.998242 0.000052 0.059274  0.850200 0.004459 1 4 1.000000
jetpack
0  -4.867323 8.646700 49.944237  -0.862771 -0.000033 -0.505594  0.850300 0.143059 1 4 1.000000
0  -5.347033 9.341999 46.783440  -0.711560 -0.702588 -0.007263  0.825100 0.004459 1 4 1.000000
0  -5.059134 8.646692 46.713951  -0.998242 0.000052 0.059274  0.850200 0.004459 1 4 1.000000
jetpack
0  -4.993125 8.950602 49.974655  -0.651887 -0.514273 -0.557285  0.825100 0.143059 1 4 1.000000
0  -5.347033 9.341999 46.783440  -0.711560 -0.702588 -0.007263  0.825100 0.004459 1 4 1.000000
0  -4.867323 8.646700 49.944237  -0.862771 -0.000033 -0.505594  0.850300 0.143059 1 4 1.000000
jetpack
0  -4.993125 8.950602 49.974655  -0.651887 -0.514273 -0.557285  0.825100 0.143059 1 4 1.000000
0  -6.046032 9.631295 46.952038  -0.040076 -0.985201 -0.166653  0.803800 0.004559 1 4 1.000000
0  -5.347033 9.341999 46.783440  -0.711560 -0.702588 -0.007263  0.825100 0.004459 1 4 1.000000
jetpack
0  -5.298820 9.077201 50.048462  -0.163045 -0.718619 -0.676020  0.803800 0.143059 1 4 1.000000
0  -6.046032 9.631295 46.952038  -0.040076 -0.985201 -0.166653  0.803800 0.004559 1 4 1.000000
0  -4.993125 8.950602 49.974655  -0.651887 -0.514273 -0.557285  0.825100 0.143059 1 4 1.000000
jetpack
0  -5.298820 9.077201 50.048462  -0.163045 -0.718619 -0.676020  0.803800 0.143059 1 4 1.000000
0  -5.604321 8.950602 50.122154  0.326148 -0.514121 -0.793289  0.781300 0.143059 1 4 1.000000
0  -6.046032 9.631295 46.952038  -0.040076 -0.985201 -0.166653  0.803800 0.004559 1 4 1.000000
jetpack
0  -6.046032 9.631295 46.952038  -0.040076 -0.985201 -0.166653  0.803800 0.004559 1 4 1.000000
0  -5.604321 8.950602 50.122154  0.326148 -0.514121 -0.793289  0.781300 0.143059 1 4 1.000000
0  -6.744628 9.341997 47.120541  0.630264 -0.702289 -0.330995  0.781200 0.004659 1 4 1.000000
jetpack
0  -5.604321 8.950602 50.122154  0.326148 -0.514121 -0.793289  0.781300 0.143059 1 4 1.000000
0  -5.730022 8.646699 50.152451  0.537146 -0.000013 -0.843489  0.756600 0.143059 1 4 1.000000
0  -6.744628 9.341997 47.120541  0.630264 -0.702289 -0.330995  0.781200 0.004659 1 4 1.000000
jetpack
0  -6.744628 9.341997 47.120541  0.630264 -0.702289 -0.330995  0.781200 0.004659 1 4 1.000000
0  -5.730022 8.646699 50.152451  0.537146 -0.000013 -0.843489  0.756600 0.143059 1 4 1.000000
0  -7.031932 8.646696 47.189938  0.915497 0.000048 -0.402326  0.756600 0.004659 1 4 1.000000
jetpack
0  -5.730022 8.646699 50.152451  0.537146 -0.000013 -0.843489  0.756600 0.143059 1 4 1.000000
0  -6.744629 7.951593 47.120541  0.630419 0.702156 -0.330982  0.781200 0.004659 1 4 1.000000
0  -7.031932 8.646696 47.189938  0.915497 0.000048 -0.402326  0.756600 0.004659 1 4 1.000000
jetpack
0  -5.604322 8.342697 50.122135  0.326166 0.514187 -0.793239  0.781300 0.143059 1 4 1.000000
0  -6.744629 7.951593 47.120541  0.630419 0.702156 -0.330982  0.781200 0.004659 1 4 1.000000
0  -5.730022 8.646699 50.152451  0.537146 -0.000013 -0.843489  0.756600 0.143059 1 4 1.000000
jetpack
0  -5.604322 8.342697 50.122135  0.326166 0.514187 -0.793239  0.781300 0.143059 1 4 1.000000
0  -6.046032 7.661895 46.952038  -0.040073 0.985203 -0.166640  0.803800 0.004559 1 4 1.000000
0  -6.744629 7.951593 47.120541  0.630419 0.702156 -0.330982  0.781200 0.004659 1 4 1.000000
jetpack
0  -5.298822 8.216198 50.048462  -0.163053 0.718532 -0.676111  0.803800 0.143059 1 4 1.000000
0  -6.046032 7.661895 46.952038  -0.040073 0.985203 -0.166640  0.803800 0.004559 1 4 1.000000
0  -5.604322 8.342697 50.122135  0.326166 0.514187 -0.793239  0.781300 0.143059 1 4 1.000000
jetpack
0  -5.298822 8.216198 50.048462  -0.163053 0.718532 -0.676111  0.803800 0.143059 1 4 1.000000
0  -4.993124 8.342701 49.974655  -0.651872 0.514300 -0.557278  0.825100 0.143059 1 4 1.000000
0  -6.046032 7.661895 46.952038  -0.040073 0.985203 -0.166640  0.803800 0.004559 1 4 1.000000
jetpack
0  -6.046032 7.661895 46.952038  -0.040073 0.985203 -0.166640  0.803800 0.004559 1 4 1.000000
0  -4.993124 8.342701 49.974655  -0.651872 0.514300 -0.557278  0.825100 0.143059 1 4 1.000000
0  -5.347032 7.951593 46.783432  -0.711690 0.702457 -0.007180  0.825100 0.004459 1 4 1.000000
jetpack
0  -4.993124 8.342701 49.974655  -0.651872 0.514300 -0.557278  0.825100 0.143059 1 4 1.000000
0  -4.867323 8.646700 49.944237  -0.862771 -0.000033 -0.505594  0.850300 0.143059 1 4 1.000000
0  -5.347032 7.951593 46.783432  -0.711690 0.702457 -0.007180  0.825100 0.004459 1 4 1.000000
jetpack
0  3.355909 8.678722 59.983147  -0.000001 0.000000 -1.000000  0.633300 0.971359 1 4 1.000000
0  1.629609 8.151620 59.983150  -0.000003 0.000000 -1.000000  0.731300 0.995259 1 4 1.000000
0  1.629609 8.678721 59.983150  -0.000004 0.000000 -1.000000  0.731300 0.971359 1 4 1.000000
jetpack
0  3.355909 8.151623 59.983147  0.000000 0.000000 -1.000000  0.633300 0.995259 1 4 1.000000
0  1.629609 8.151620 59.983150  -0.000003 0.000000 -1.000000  0.731300 0.995259 1 4 1.000000
0  3.355909 8.678722 59.983147  -0.000001 0.000000 -1.000000  0.633300 0.971359 1 4 1.000000
jetpack
0  3.093887 8.366507 52.954845  -0.382565 0.000010 0.923928  0.489600 0.971259 1 4 1.000000
0  3.283287 8.697811 53.144142  -0.917844 0.000003 0.396940  0.469400 0.946159 1 4 1.000000
0  3.093887 8.730309 52.954842  -0.357024 0.000009 0.934095  0.489600 0.946059 1 4 1.000000
jetpack
0  3.283287 8.366507 53.144146  -0.923827 0.000004 0.382810  0.469400 0.971459 1 4 1.000000
0  3.283287 8.697811 53.144142  -0.917844 0.000003 0.396940  0.469400 0.946159 1 4 1.000000
0  3.093887 8.366507 52.954845  -0.382565 0.000010 0.923928  0.489600 0.971259 1 4 1.000000
jetpack
0  3.283310 8.697824 60.593845  -1.000000 -0.000003 0.000003  0.972000 0.946159 1 4 1.000000
0  3.283287 8.366507 53.144146  -0.923827 0.000004 0.382810  0.469400 0.971359 1 4 1.000000
0  3.283311 8.366518 60.593845  -1.000000 -0.000003 0.000003  0.972500 0.971359 1 4 1.000000
jetpack
0  3.283287 8.697811 53.144142  -0.917844 0.000003 0.396940  0.469400 0.946159 1 4 1.000000
0  3.283287 8.366507 53.144146  -0.923827 0.000004 0.382810  0.469400 0.971359 1 4 1.000000
0  3.283310 8.697824 60.593845  -1.000000 -0.000003 0.000003  0.972000 0.946159 1 4 1.000000
jetpack
0  1.032486 8.366507 52.954849  0.000003 0.000001 1.000000  0.662100 0.971359 1 4 1.000000
0  3.093887 8.730309 52.954842  -0.357024 0.000009 0.934095  0.489600 0.946159 1 4 1.000000
0  1.032486 8.907107 52.954849  0.000003 0.000000 1.000000  0.662100 0.946159 1 4 1.000000
jetpack
0  3.093887 8.366507 52.954845  -0.382565 0.000010 0.923928  0.489600 0.971359 1 4 1.000000
0  3.093887 8.730309 52.954842  -0.357024 0.000009 0.934095  0.489600 0.946159 1 4 1.000000
0  1.032486 8.366507 52.954849  0.000003 0.000001 1.000000  0.662100 0.971359 1 4 1.000000
jetpack
0  -5.316878 8.647022 64.096397  0.000071 0.000154 1.000000  0.925800 0.756759 1 4 1.000000
0  -5.839480 8.124323 63.437382  -0.600802 -0.600836 0.527288  0.896600 0.716859 1 4 1.000000
0  -5.316875 7.908023 63.437374  0.000068 -0.849690 0.527282  0.925700 0.716859 1 4 1.000000
jetpack
0  -5.316878 8.647022 64.096397  0.000071 0.000154 1.000000  0.925800 0.756759 1 4 1.000000
0  -6.055882 8.647020 63.437378  -0.849728 0.000199 0.527222  0.867400 0.716859 1 4 1.000000
0  -5.839480 8.124323 63.437382  -0.600802 -0.600836 0.527288  0.896600 0.716859 1 4 1.000000
jetpack
0  -5.316878 8.647022 64.096397  0.000071 0.000154 1.000000  0.925800 0.756759 1 4 1.000000
0  -5.839480 9.169028 63.437382  -0.600927 0.600885 0.527091  0.896600 0.716859 1 4 1.000000
0  -6.055882 8.647020 63.437378  -0.849728 0.000199 0.527222  0.867400 0.716859 1 4 1.000000
jetpack
0  -5.316878 8.647022 64.096397  0.000071 0.000154 1.000000  0.925800 0.756759 1 4 1.000000
0  -4.578083 8.647024 63.437378  0.849734 0.000194 0.527211  0.984000 0.716859 1 4 1.000000
0  -4.794480 9.169026 63.437370  0.601021 0.600725 0.527166  0.954900 0.716859 1 4 1.000000
jetpack
0  -5.316878 8.647022 64.096397  0.000071 0.000154 1.000000  0.925800 0.756759 1 4 1.000000
0  -4.794480 9.169026 63.437370  0.601021 0.600725 0.527166  0.954900 0.716859 1 4 1.000000
0  -5.316875 9.385824 63.437378  -0.000051 0.849855 0.527017  0.925700 0.716859 1 4 1.000000
jetpack
0  -5.316878 8.647022 64.096397  0.000071 0.000154 1.000000  0.925800 0.756759 1 4 1.000000
0  -5.316875 9.385824 63.437378  -0.000051 0.849855 0.527017  0.925700 0.716859 1 4 1.000000
0  -5.839480 9.169028 63.437382  -0.600927 0.600885 0.527091  0.896600 0.716859 1 4 1.000000
jetpack
0  -5.316875 9.385824 63.437378  -0.000051 0.849855 0.527017  0.925700 0.716859 1 4 1.000000
0  -5.316883 9.707025 62.503975  -0.000089 0.945527 0.325544  0.925700 0.665959 1 4 1.000000
0  -5.839480 9.169028 63.437382  -0.600927 0.600885 0.527091  0.896600 0.716859 1 4 1.000000
jetpack
0  -5.839480 9.169028 63.437382  -0.600927 0.600885 0.527091  0.896600 0.716859 1 4 1.000000
0  -5.316883 9.707025 62.503975  -0.000089 0.945527 0.325544  0.925700 0.665959 1 4 1.000000
0  -6.066879 9.396626 62.503975  -0.668315 0.668708 0.325861  0.891900 0.665959 1 4 1.000000
jetpack
0  -5.839480 9.169028 63.437382  -0.600927 0.600885 0.527091  0.896600 0.716859 1 4 1.000000
0  -6.066879 9.396626 62.503975  -0.668315 0.668708 0.325861  0.891900 0.665959 1 4 1.000000
0  -6.055882 8.647020 63.437378  -0.849728 0.000199 0.527222  0.867400 0.716859 1 4 1.000000
jetpack
0  -6.055882 8.647020 63.437378  -0.849728 0.000199 0.527222  0.867400 0.716859 1 4 1.000000
0  -6.066879 9.396626 62.503975  -0.668315 0.668708 0.325861  0.891900 0.665959 1 4 1.000000
0  -6.377584 8.647018 62.503979  -0.945426 0.000175 0.325838  0.858100 0.665959 1 4 1.000000
jetpack
0  -6.055882 8.647020 63.437378  -0.849728 0.000199 0.527222  0.867400 0.716859 1 4 1.000000
0  -6.377584 8.647018 62.503979  -0.945426 0.000175 0.325838  0.858100 0.665959 1 4 1.000000
0  -5.839480 8.124323 63.437382  -0.600802 -0.600836 0.527288  0.896600 0.716859 1 4 1.000000
jetpack
0  -5.839480 8.124323 63.437382  -0.600802 -0.600836 0.527288  0.896600 0.716859 1 4 1.000000
0  -6.377584 8.647018 62.503979  -0.945426 0.000175 0.325838  0.858100 0.665959 1 4 1.000000
0  -6.066878 7.896616 62.503979  -0.668410 -0.668574 0.325940  0.891900 0.665959 1 4 1.000000
jetpack
0  -5.316876 7.586215 62.503975  0.000037 -0.945382 0.325965  0.925700 0.665959 1 4 1.000000
0  -5.839480 8.124323 63.437382  -0.600802 -0.600836 0.527288  0.896600 0.716859 1 4 1.000000
0  -6.066878 7.896616 62.503979  -0.668410 -0.668574 0.325940  0.891900 0.665959 1 4 1.000000
jetpack
0  -5.316875 7.908023 63.437374  0.000068 -0.849690 0.527282  0.925700 0.716859 1 4 1.000000
0  -5.839480 8.124323 63.437382  -0.600802 -0.600836 0.527288  0.896600 0.716859 1 4 1.000000
0  -5.316876 7.586215 62.503975  0.000037 -0.945382 0.325965  0.925700 0.665959 1 4 1.000000
jetpack
0  -5.316875 7.908023 63.437374  0.000068 -0.849690 0.527282  0.925700 0.716859 1 4 1.000000
0  -5.316876 7.586215 62.503975  0.000037 -0.945382 0.325965  0.925700 0.665959 1 4 1.000000
0  -4.794480 8.124324 63.437374  0.600830 -0.600819 0.527276  0.954900 0.716859 1 4 1.000000
jetpack
0  -5.316878 8.647022 64.096397  0.000071 0.000154 1.000000  0.925800 0.756759 1 4 1.000000
0  -5.316875 7.908023 63.437374  0.000068 -0.849690 0.527282  0.925700 0.716859 1 4 1.000000
0  -4.794480 8.124324 63.437374  0.600830 -0.600819 0.527276  0.954900 0.716859 1 4 1.000000
jetpack
0  -5.316878 8.647022 64.096397  0.000071 0.000154 1.000000  0.925800 0.756759 1 4 1.000000
0  -4.794480 8.124324 63.437374  0.600830 -0.600819 0.527276  0.954900 0.716859 1 4 1.000000
0  -4.578083 8.647024 63.437378  0.849734 0.000194 0.527211  0.984000 0.716859 1 4 1.000000
jetpack
0  -4.794480 8.124324 63.437374  0.600830 -0.600819 0.527276  0.954900 0.716859 1 4 1.000000
0  -4.566981 7.896616 62.503975  0.668421 -0.668527 0.326014  0.959500 0.665959 1 4 1.000000
0  -4.578083 8.647024 63.437378  0.849734 0.000194 0.527211  0.984000 0.716859 1 4 1.000000
jetpack
0  -4.578083 8.647024 63.437378  0.849734 0.000194 0.527211  0.984000 0.716859 1 4 1.000000
0  -4.566981 7.896616 62.503975  0.668421 -0.668527 0.326014  0.959500 0.665959 1 4 1.000000
0  -4.256281 8.647020 62.503971  0.945388 0.000170 0.325946  0.993300 0.665959 1 4 1.000000
jetpack
0  -4.578083 8.647024 63.437378  0.849734 0.000194 0.527211  0.984000 0.716859 1 4 1.000000
0  -4.256281 8.647020 62.503971  0.945388 0.000170 0.325946  0.993300 0.665959 1 4 1.000000
0  -4.794480 9.169026 63.437370  0.601021 0.600725 0.527166  0.954900 0.716859 1 4 1.000000
jetpack
0  -4.794480 9.169026 63.437370  0.601021 0.600725 0.527166  0.954900 0.716859 1 4 1.000000
0  -4.256281 8.647020 62.503971  0.945388 0.000170 0.325946  0.993300 0.665959 1 4 1.000000
0  -4.566982 9.396625 62.503975  0.668470 0.668599 0.325766  0.959500 0.665959 1 4 1.000000
jetpack
0  -4.794480 9.169026 63.437370  0.601021 0.600725 0.527166  0.954900 0.716859 1 4 1.000000
0  -4.566982 9.396625 62.503975  0.668470 0.668599 0.325766  0.959500 0.665959 1 4 1.000000
0  -5.316875 9.385824 63.437378  -0.000051 0.849855 0.527017  0.925700 0.716859 1 4 1.000000
jetpack
0  -5.316875 9.385824 63.437378  -0.000051 0.849855 0.527017  0.925700 0.716859 1 4 1.000000
0  -4.566982 9.396625 62.503975  0.668470 0.668599 0.325766  0.959500 0.665959 1 4 1.000000
0  -5.316883 9.707025 62.503975  -0.000089 0.945527 0.325544  0.925700 0.665959 1 4 1.000000
jetpack
0  -4.794480 8.124324 63.437374  0.600830 -0.600819 0.527276  0.954900 0.716859 1 4 1.000000
0  -5.316876 7.586215 62.503975  0.000037 -0.945382 0.325965  0.925700 0.665959 1 4 1.000000
0  -4.566981 7.896616 62.503975  0.668421 -0.668527 0.326014  0.959500 0.665959 1 4 1.000000
jetpack
0  -4.057817 6.459496 50.997044  0.031235 -0.986699 0.159532  0.598900 0.109459 1 4 1.000000
0  -6.358504 6.966906 55.701477  0.106298 -0.994309 0.007064  0.395400 0.005759 1 4 1.000000
0  -6.359818 6.197798 51.025963  0.113477 -0.980370 0.161236  0.598900 0.005759 1 4 1.000000
jetpack
0  -2.214919 6.366001 50.975243  -0.203014 -0.966770 0.155373  0.598900 0.191259 1 4 1.000000
0  -4.038404 7.208609 55.675869  0.031422 -0.999452 0.010386  0.395700 0.109359 1 4 1.000000
0  -4.057817 6.459496 50.997044  0.031235 -0.986699 0.159532  0.598900 0.109459 1 4 1.000000
jetpack
0  -4.038404 7.208609 55.675869  0.031422 -0.999452 0.010386  0.395700 0.109359 1 4 1.000000
0  -6.358504 6.966906 55.701477  0.106298 -0.994309 0.007064  0.395400 0.005759 1 4 1.000000
0  -4.057817 6.459496 50.997044  0.031235 -0.986699 0.159532  0.598900 0.109459 1 4 1.000000
jetpack
0  -4.057087 6.460719 60.878075  0.015759 -0.998656 0.049377  0.173500 0.109259 1 4 1.000000
0  -6.358504 6.966906 55.701477  0.106298 -0.994309 0.007064  0.395400 0.005759 1 4 1.000000
0  -4.038404 7.208609 55.675869  0.031422 -0.999452 0.010386  0.395700 0.109359 1 4 1.000000
jetpack
0  -6.359587 6.200608 60.892879  0.112408 -0.993051 0.034839  0.173700 0.005559 1 4 1.000000
0  -6.358504 6.966906 55.701477  0.106298 -0.994309 0.007064  0.395400 0.005759 1 4 1.000000
0  -4.057087 6.460719 60.878075  0.015759 -0.998656 0.049377  0.173500 0.109259 1 4 1.000000
jetpack
0  -4.057087 6.460719 60.878075  0.015759 -0.998656 0.049377  0.173500 0.109259 1 4 1.000000
0  -5.123682 6.997419 62.925774  -0.008061 -0.970885 0.239409  0.083600 0.060559 1 4 1.000000
0  -6.359587 6.200608 60.892879  0.112408 -0.993051 0.034839  0.173700 0.005559 1 4 1.000000
jetpack
0  -4.057087 6.460719 60.878075  0.015759 -0.998656 0.049377  0.173500 0.109259 1 4 1.000000
0  -2.214687 6.366619 61.040665  -0.212278 -0.976922 0.023680  0.166500 0.191059 1 4 1.000000
0  -5.123682 6.997419 62.925774  -0.008061 -0.970885 0.239409  0.083600 0.060559 1 4 1.000000
jetpack
0  -5.123682 6.997419 62.925774  -0.008061 -0.970885 0.239409  0.083600 0.060559 1 4 1.000000
0  -2.214687 6.366619 61.040665  -0.212278 -0.976922 0.023680  0.166500 0.191059 1 4 1.000000
0  -2.214678 6.918625 64.066002  -0.134003 -0.966146 0.220468  0.036100 0.190859 1 4 1.000000
jetpack
0  -1.194587 5.987015 61.109867  -0.249623 -0.967142 0.048215  0.164100 0.240159 1 4 1.000000
0  -2.214678 6.918625 64.066002  -0.134003 -0.966146 0.220468  0.036100 0.190859 1 4 1.000000
0  -2.214687 6.366619 61.040665  -0.212278 -0.976922 0.023680  0.166500 0.191059 1 4 1.000000
jetpack
0  0.000025 6.858826 64.807693  0.000002 -0.962748 0.270399  0.002500 0.283659 1 4 1.000000
0  -2.214678 6.918625 64.066002  -0.134003 -0.966146 0.220468  0.036100 0.190859 1 4 1.000000
0  -1.194587 5.987015 61.109867  -0.249623 -0.967142 0.048215  0.164100 0.240159 1 4 1.000000
jetpack
0  0.000025 6.858826 64.807693  0.000002 -0.962748 0.270399  0.002500 0.283659 1 4 1.000000
0  -1.194587 5.987015 61.109867  -0.249623 -0.967142 0.048215  0.164100 0.240159 1 4 1.000000
0  0.000014 5.767618 61.194862  0.000001 -0.996636 0.081957  0.160400 0.294259 1 4 1.000000
jetpack
0  1.194613 5.987020 61.109859  0.249624 -0.967142 0.048212  0.164100 0.240159 1 4 1.000000
0  0.000025 6.858826 64.807693  0.000002 -0.962748 0.270399  0.002500 0.283659 1 4 1.000000
0  0.000014 5.767618 61.194862  0.000001 -0.996636 0.081957  0.160400 0.294259 1 4 1.000000
jetpack
0  0.000014 5.767618 61.194862  0.000001 -0.996636 0.081957  0.160400 0.294259 1 4 1.000000
0  -0.000004 6.551011 55.799557  0.000007 -0.999984 0.005632  0.390700 0.294259 1 4 1.000000
0  1.194613 5.987020 61.109859  0.249624 -0.967142 0.048212  0.164100 0.240159 1 4 1.000000
jetpack
0  1.194613 5.987020 61.109859  0.249624 -0.967142 0.048212  0.164100 0.240159 1 4 1.000000
0  -0.000004 6.551011 55.799557  0.000007 -0.999984 0.005632  0.390700 0.294259 1 4 1.000000
0  1.195196 6.755807 55.766453  0.262686 -0.964849 0.007929  0.392000 0.239959 1 4 1.000000
jetpack
0  1.195196 6.755807 55.766453  0.262686 -0.964849 0.007929  0.392000 0.239959 1 4 1.000000
0  -0.000004 6.551011 55.799557  0.000007 -0.999984 0.005632  0.390700 0.294259 1 4 1.000000
0  1.195681 5.984201 50.961136  0.258347 -0.953749 0.153685  0.598900 0.240359 1 4 1.000000
jetpack
0  2.214881 6.366004 50.975227  0.203000 -0.966773 0.155372  0.598900 0.191259 1 4 1.000000
0  1.195196 6.755807 55.766453  0.262686 -0.964849 0.007929  0.392000 0.239959 1 4 1.000000
0  1.195681 5.984201 50.961136  0.258347 -0.953749 0.153685  0.598900 0.240359 1 4 1.000000
jetpack
0  2.214796 7.136713 55.739349  0.194674 -0.980840 0.007417  0.392800 0.190959 1 4 1.000000
0  1.195196 6.755807 55.766453  0.262686 -0.964849 0.007929  0.392000 0.239959 1 4 1.000000
0  2.214881 6.366004 50.975227  0.203000 -0.966773 0.155372  0.598900 0.191259 1 4 1.000000
jetpack
0  2.214796 7.136713 55.739349  0.194674 -0.980840 0.007417  0.392800 0.190959 1 4 1.000000
0  2.214881 6.366004 50.975227  0.203000 -0.966773 0.155372  0.598900 0.191259 1 4 1.000000
0  4.038396 7.208613 55.675846  -0.031422 -0.999452 0.010386  0.395700 0.109359 1 4 1.000000
jetpack
0  4.057013 6.460723 60.878048  -0.015751 -0.998656 0.049375  0.173500 0.109259 1 4 1.000000
0  2.214796 7.136713 55.739349  0.194674 -0.980840 0.007417  0.392800 0.190959 1 4 1.000000
0  4.038396 7.208613 55.675846  -0.031422 -0.999452 0.010386  0.395700 0.109359 1 4 1.000000
jetpack
0  -2.214804 7.136710 55.739365  -0.194687 -0.980837 0.007418  0.392800 0.190959 1 4 1.000000
0  -1.195304 6.755808 55.766460  -0.262694 -0.964847 0.007931  0.392000 0.239959 1 4 1.000000
0  -2.214687 6.366619 61.040665  -0.212278 -0.976922 0.023680  0.166500 0.191059 1 4 1.000000
jetpack
0  -2.214687 6.366619 61.040665  -0.212278 -0.976922 0.023680  0.166500 0.191059 1 4 1.000000
0  -1.195304 6.755808 55.766460  -0.262694 -0.964847 0.007931  0.392000 0.239959 1 4 1.000000
0  -1.194587 5.987015 61.109867  -0.249623 -0.967142 0.048215  0.164100 0.240159 1 4 1.000000
jetpack
0  -0.000004 6.551011 55.799557  0.000007 -0.999984 0.005632  0.390700 0.294259 1 4 1.000000
0  -1.194587 5.987015 61.109867  -0.249623 -0.967142 0.048215  0.164100 0.240159 1 4 1.000000
0  -1.195304 6.755808 55.766460  -0.262694 -0.964847 0.007931  0.392000 0.239959 1 4 1.000000
jetpack
0  0.000014 5.767618 61.194862  0.000001 -0.996636 0.081957  0.160400 0.294259 1 4 1.000000
0  -1.194587 5.987015 61.109867  -0.249623 -0.967142 0.048215  0.164100 0.240159 1 4 1.000000
0  -0.000004 6.551011 55.799557  0.000007 -0.999984 0.005632  0.390700 0.294259 1 4 1.000000
jetpack
0  -2.214687 6.366619 61.040665  -0.212278 -0.976922 0.023680  0.166500 0.191059 1 4 1.000000
0  -4.057087 6.460719 60.878075  0.015759 -0.998656 0.049377  0.173500 0.109259 1 4 1.000000
0  -2.214804 7.136710 55.739365  -0.194687 -0.980837 0.007418  0.392800 0.190959 1 4 1.000000
jetpack
0  -2.214804 7.136710 55.739365  -0.194687 -0.980837 0.007418  0.392800 0.190959 1 4 1.000000
0  -4.057087 6.460719 60.878075  0.015759 -0.998656 0.049377  0.173500 0.109259 1 4 1.000000
0  -4.038404 7.208609 55.675869  0.031422 -0.999452 0.010386  0.395700 0.109359 1 4 1.000000
jetpack
0  -2.214804 7.136710 55.739365  -0.194687 -0.980837 0.007418  0.392800 0.190959 1 4 1.000000
0  -4.038404 7.208609 55.675869  0.031422 -0.999452 0.010386  0.395700 0.109359 1 4 1.000000
0  -2.214919 6.366001 50.975243  -0.203014 -0.966770 0.155373  0.598900 0.191259 1 4 1.000000
jetpack
0  -2.214919 6.366001 50.975243  -0.203014 -0.966770 0.155373  0.598900 0.191259 1 4 1.000000
0  -1.195304 6.755808 55.766460  -0.262694 -0.964847 0.007931  0.392000 0.239959 1 4 1.000000
0  -2.214804 7.136710 55.739365  -0.194687 -0.980837 0.007418  0.392800 0.190959 1 4 1.000000
jetpack
0  -1.195819 5.984201 50.961151  -0.258352 -0.953748 0.153686  0.598900 0.240359 1 4 1.000000
0  -1.195304 6.755808 55.766460  -0.262694 -0.964847 0.007931  0.392000 0.239959 1 4 1.000000
0  -2.214919 6.366001 50.975243  -0.203014 -0.966770 0.155373  0.598900 0.191259 1 4 1.000000
jetpack
0  -1.195819 5.984201 50.961151  -0.258352 -0.953748 0.153686  0.598900 0.240359 1 4 1.000000
0  -0.000004 6.551011 55.799557  0.000007 -0.999984 0.005632  0.390700 0.294259 1 4 1.000000
0  -1.195304 6.755808 55.766460  -0.262694 -0.964847 0.007931  0.392000 0.239959 1 4 1.000000
jetpack
0  -0.000018 5.768199 50.961235  0.000009 -0.987163 0.159717  0.598900 0.294259 1 4 1.000000
0  -0.000004 6.551011 55.799557  0.000007 -0.999984 0.005632  0.390700 0.294259 1 4 1.000000
0  -1.195819 5.984201 50.961151  -0.258352 -0.953748 0.153686  0.598900 0.240359 1 4 1.000000
jetpack
0  1.195681 5.984201 50.961136  0.258347 -0.953749 0.153685  0.598900 0.240359 1 4 1.000000
0  -0.000004 6.551011 55.799557  0.000007 -0.999984 0.005632  0.390700 0.294259 1 4 1.000000
0  -0.000018 5.768199 50.961235  0.000009 -0.987163 0.159717  0.598900 0.294259 1 4 1.000000
jetpack
0  2.214713 6.366621 61.040653  0.212277 -0.976923 0.023678  0.166500 0.191059 1 4 1.000000
0  2.214796 7.136713 55.739349  0.194674 -0.980840 0.007417  0.392800 0.190959 1 4 1.000000
0  4.057013 6.460723 60.878048  -0.015751 -0.998656 0.049375  0.173500 0.109259 1 4 1.000000
jetpack
0  2.214713 6.366621 61.040653  0.212277 -0.976923 0.023678  0.166500 0.191059 1 4 1.000000
0  1.195196 6.755807 55.766453  0.262686 -0.964849 0.007929  0.392000 0.239959 1 4 1.000000
0  2.214796 7.136713 55.739349  0.194674 -0.980840 0.007417  0.392800 0.190959 1 4 1.000000
jetpack
0  1.194613 5.987020 61.109859  0.249624 -0.967142 0.048212  0.164100 0.240159 1 4 1.000000
0  1.195196 6.755807 55.766453  0.262686 -0.964849 0.007929  0.392000 0.239959 1 4 1.000000
0  2.214713 6.366621 61.040653  0.212277 -0.976923 0.023678  0.166500 0.191059 1 4 1.000000
jetpack
0  4.038396 7.208613 55.675846  -0.031422 -0.999452 0.010386  0.395700 0.109359 1 4 1.000000
0  6.358496 6.966911 55.701439  -0.106296 -0.994309 0.007064  0.395400 0.005759 1 4 1.000000
0  4.057013 6.460723 60.878048  -0.015751 -0.998656 0.049375  0.173500 0.109259 1 4 1.000000
jetpack
0  4.057013 6.460723 60.878048  -0.015751 -0.998656 0.049375  0.173500 0.109259 1 4 1.000000
0  6.358496 6.966911 55.701439  -0.106296 -0.994309 0.007064  0.395400 0.005759 1 4 1.000000
0  6.359613 6.200623 60.892838  -0.112398 -0.993052 0.034841  0.173700 0.005559 1 4 1.000000
jetpack
0  5.123719 6.997427 62.925743  0.008065 -0.970885 0.239410  0.083600 0.060559 1 4 1.000000
0  4.057013 6.460723 60.878048  -0.015751 -0.998656 0.049375  0.173500 0.109259 1 4 1.000000
0  6.359613 6.200623 60.892838  -0.112398 -0.993052 0.034841  0.173700 0.005559 1 4 1.000000
jetpack
0  5.123719 6.997427 62.925743  0.008065 -0.970885 0.239410  0.083600 0.060559 1 4 1.000000
0  2.214713 6.366621 61.040653  0.212277 -0.976923 0.023678  0.166500 0.191059 1 4 1.000000
0  4.057013 6.460723 60.878048  -0.015751 -0.998656 0.049375  0.173500 0.109259 1 4 1.000000
jetpack
0  2.214722 6.918626 64.065987  0.134006 -0.966145 0.220467  0.036100 0.190859 1 4 1.000000
0  2.214713 6.366621 61.040653  0.212277 -0.976923 0.023678  0.166500 0.191059 1 4 1.000000
0  5.123719 6.997427 62.925743  0.008065 -0.970885 0.239410  0.083600 0.060559 1 4 1.000000
jetpack
0  2.214722 6.918626 64.065987  0.134006 -0.966145 0.220467  0.036100 0.190859 1 4 1.000000
0  1.194613 5.987020 61.109859  0.249624 -0.967142 0.048212  0.164100 0.240159 1 4 1.000000
0  2.214713 6.366621 61.040653  0.212277 -0.976923 0.023678  0.166500 0.191059 1 4 1.000000
jetpack
0  0.000025 6.858826 64.807693  0.000002 -0.962748 0.270399  0.002500 0.283659 1 4 1.000000
0  1.194613 5.987020 61.109859  0.249624 -0.967142 0.048212  0.164100 0.240159 1 4 1.000000
0  2.214722 6.918626 64.065987  0.134006 -0.966145 0.220467  0.036100 0.190859 1 4 1.000000
jetpack
0  6.358496 6.966911 55.701439  -0.106296 -0.994309 0.007064  0.395400 0.005759 1 4 1.000000
0  4.057777 6.459503 50.997032  -0.031232 -0.986699 0.159532  0.598900 0.109459 1 4 1.000000
0  6.359784 6.197805 51.025909  -0.113474 -0.980371 0.161236  0.598900 0.005759 1 4 1.000000
jetpack
0  4.038396 7.208613 55.675846  -0.031422 -0.999452 0.010386  0.395700 0.109359 1 4 1.000000
0  4.057777 6.459503 50.997032  -0.031232 -0.986699 0.159532  0.598900 0.109459 1 4 1.000000
0  6.358496 6.966911 55.701439  -0.106296 -0.994309 0.007064  0.395400 0.005759 1 4 1.000000
jetpack
0  4.038396 7.208613 55.675846  -0.031422 -0.999452 0.010386  0.395700 0.109359 1 4 1.000000
0  2.214881 6.366004 50.975227  0.203000 -0.966773 0.155372  0.598900 0.191259 1 4 1.000000
0  4.057777 6.459503 50.997032  -0.031232 -0.986699 0.159532  0.598900 0.109459 1 4 1.000000
jetpack
0  -4.958133 8.646690 46.689529  0.997052 0.000021 -0.076730  0.976700 0.002559 1 4 1.000000
0  -5.276630 9.415797 46.766331  0.710087 0.704007 -0.012279  0.948800 0.002559 1 4 1.000000
0  -4.707123 8.646698 49.951233  0.999195 0.000038 -0.040107  0.976800 0.128659 1 4 1.000000
jetpack
0  -4.707123 8.646698 49.951233  0.999195 0.000038 -0.040107  0.976800 0.128659 1 4 1.000000
0  -4.885820 9.077803 49.994339  0.721272 0.692626 -0.005963  0.948800 0.128659 1 4 1.000000
0  -4.707223 8.646698 50.385857  1.000000 0.000032 0.000129  0.976800 0.160559 1 4 1.000000
jetpack
0  -4.707123 8.646698 49.951233  0.999195 0.000038 -0.040107  0.976800 0.128659 1 4 1.000000
0  -5.276630 9.415797 46.766331  0.710087 0.704007 -0.012279  0.948800 0.002559 1 4 1.000000
0  -4.885820 9.077803 49.994339  0.721272 0.692626 -0.005963  0.948800 0.128659 1 4 1.000000
jetpack
0  -5.276630 9.415797 46.766331  0.710087 0.704007 -0.012279  0.948800 0.002559 1 4 1.000000
0  -6.046032 9.734298 46.952034  0.036228 0.989225 0.141852  0.925100 0.002659 1 4 1.000000
0  -4.885820 9.077803 49.994339  0.721272 0.692626 -0.005963  0.948800 0.128659 1 4 1.000000
jetpack
0  -6.046032 9.734298 46.952034  0.036228 0.989225 0.141852  0.925100 0.002659 1 4 1.000000
0  -6.815132 9.415794 47.137543  -0.640018 0.707061 0.300736  0.900000 0.002759 1 4 1.000000
0  -5.317123 9.256501 50.098351  0.044736 0.996329 0.072988  0.925100 0.128659 1 4 1.000000
jetpack
0  -4.885820 9.077803 49.994339  0.721272 0.692626 -0.005963  0.948800 0.128659 1 4 1.000000
0  -6.046032 9.734298 46.952034  0.036228 0.989225 0.141852  0.925100 0.002659 1 4 1.000000
0  -5.317123 9.256501 50.098351  0.044736 0.996329 0.072988  0.925100 0.128659 1 4 1.000000
jetpack
0  -4.885820 9.077803 49.994339  0.721272 0.692626 -0.005963  0.948800 0.128659 1 4 1.000000
0  -5.317123 9.256501 50.098351  0.044736 0.996329 0.072988  0.925100 0.128659 1 4 1.000000
0  -4.885819 9.077803 50.385841  0.707146 0.707068 -0.000052  0.948800 0.160559 1 4 1.000000
jetpack
0  -4.707223 8.646698 50.385857  1.000000 0.000032 0.000129  0.976800 0.160559 1 4 1.000000
0  -4.885820 9.077803 49.994339  0.721272 0.692626 -0.005963  0.948800 0.128659 1 4 1.000000
0  -4.885819 9.077803 50.385841  0.707146 0.707068 -0.000052  0.948800 0.160559 1 4 1.000000
jetpack
0  -4.885819 9.077803 50.385841  0.379633 0.379603 -0.843671  0.948800 0.160559 1 4 1.000000
0  -4.497921 9.465608 50.734863  0.379607 0.379587 -0.843690  0.959600 0.196259 1 4 1.000000
0  -4.707223 8.646698 50.385857  0.536767 0.000037 -0.843730  0.976800 0.160559 1 4 1.000000
jetpack
0  -4.707223 8.646698 50.385857  0.536767 0.000037 -0.843730  0.976800 0.160559 1 4 1.000000
0  -4.497921 9.465608 50.734863  0.379607 0.379587 -0.843690  0.959600 0.196259 1 4 1.000000
0  -4.158619 8.646701 50.734852  0.536755 0.000027 -0.843738  0.995400 0.196259 1 4 1.000000
jetpack
0  -5.317122 8.036900 50.098351  0.044712 -0.996329 0.073002  0.925100 0.128659 1 4 1.000000
0  -5.316921 8.036900 50.385849  0.000219 -1.000000 -0.000005  0.925100 0.160559 1 4 1.000000
0  -5.748222 8.215497 50.202446  -0.667824 -0.728615 0.152091  0.900100 0.128659 1 4 1.000000
jetpack
0  -6.815131 7.877493 47.137535  -0.640059 -0.707005 0.300779  0.900000 0.002759 1 4 1.000000
0  -5.317122 8.036900 50.098351  0.044712 -0.996329 0.073002  0.925100 0.128659 1 4 1.000000
0  -5.748222 8.215497 50.202446  -0.667824 -0.728615 0.152091  0.900100 0.128659 1 4 1.000000
jetpack
0  -6.815131 7.877493 47.137535  -0.640059 -0.707005 0.300779  0.900000 0.002759 1 4 1.000000
0  -5.748222 8.215497 50.202446  -0.667824 -0.728615 0.152091  0.900100 0.128659 1 4 1.000000
0  -7.132932 8.646692 47.214233  -0.929105 0.000024 0.369816  0.872600 0.002759 1 4 1.000000
jetpack
0  -7.031932 8.646696 47.189938  -0.233879 0.000004 -0.972266  0.872600 0.002759 1 4 1.000000
0  -6.815131 7.877493 47.137535  -0.234378 0.000124 -0.972145  0.900000 0.002759 1 4 1.000000
0  -7.132932 8.646692 47.214233  -0.233838 0.000004 -0.972275  0.872600 0.002759 1 4 1.000000
jetpack
0  -6.815132 9.415794 47.137543  -0.234478 -0.000084 -0.972121  0.900000 0.002759 1 4 1.000000
0  -7.031932 8.646696 47.189938  -0.233879 0.000004 -0.972266  0.872600 0.002759 1 4 1.000000
0  -7.132932 8.646692 47.214233  -0.233838 0.000004 -0.972275  0.872600 0.002759 1 4 1.000000
jetpack
0  -6.744628 9.341997 47.120541  -0.234515 -0.000074 -0.972112  0.900000 0.002759 1 4 1.000000
0  -7.031932 8.646696 47.189938  -0.233879 0.000004 -0.972266  0.872600 0.002759 1 4 1.000000
0  -6.815132 9.415794 47.137543  -0.234478 -0.000084 -0.972121  0.900000 0.002759 1 4 1.000000
jetpack
0  -6.046032 9.734298 46.952034  -0.234500 -0.000089 -0.972116  0.925100 0.002659 1 4 1.000000
0  -6.744628 9.341997 47.120541  -0.234515 -0.000074 -0.972112  0.900000 0.002759 1 4 1.000000
0  -6.815132 9.415794 47.137543  -0.234478 -0.000084 -0.972121  0.900000 0.002759 1 4 1.000000
jetpack
0  -6.046032 9.631295 46.952038  -0.234472 -0.000037 -0.972123  0.925100 0.002659 1 4 1.000000
0  -6.744628 9.341997 47.120541  -0.234515 -0.000074 -0.972112  0.900000 0.002759 1 4 1.000000
0  -6.046032 9.734298 46.952034  -0.234500 -0.000089 -0.972116  0.925100 0.002659 1 4 1.000000
jetpack
0  -6.046032 9.631295 46.952038  -0.234472 -0.000037 -0.972123  0.925100 0.002659 1 4 1.000000
0  -6.046032 9.734298 46.952034  -0.234500 -0.000089 -0.972116  0.925100 0.002659 1 4 1.000000
0  -5.347033 9.341999 46.783440  -0.235330 -0.000750 -0.971915  0.948800 0.002559 1 4 1.000000
jetpack
0  -5.347033 9.341999 46.783440  -0.235330 -0.000750 -0.971915  0.948800 0.002559 1 4 1.000000
0  -6.046032 9.734298 46.952034  -0.234500 -0.000089 -0.972116  0.925100 0.002659 1 4 1.000000
0  -5.276630 9.415797 46.766331  -0.235317 -0.000771 -0.971918  0.948800 0.002559 1 4 1.000000
jetpack
0  -5.347033 9.341999 46.783440  -0.235330 -0.000750 -0.971915  0.948800 0.002559 1 4 1.000000
0  -5.276630 9.415797 46.766331  -0.235317 -0.000771 -0.971918  0.948800 0.002559 1 4 1.000000
0  -5.059134 8.646692 46.713951  -0.235042 -0.000004 -0.971985  0.976700 0.002559 1 4 1.000000
jetpack
0  -5.059134 8.646692 46.713951  -0.235042 -0.000004 -0.971985  0.976700 0.002559 1 4 1.000000
0  -5.276630 9.415797 46.766331  -0.235317 -0.000771 -0.971918  0.948800 0.002559 1 4 1.000000
0  -4.958133 8.646690 46.689529  -0.235004 -0.000003 -0.971994  0.976700 0.002559 1 4 1.000000
jetpack
0  -5.276629 7.877494 46.766335  -0.235283 0.000697 -0.971927  0.948800 0.002559 1 4 1.000000
0  -5.059134 8.646692 46.713951  -0.235042 -0.000004 -0.971985  0.976700 0.002559 1 4 1.000000
0  -4.958133 8.646690 46.689529  -0.235004 -0.000003 -0.971994  0.976700 0.002559 1 4 1.000000
jetpack
0  -4.958133 8.646690 46.689529  0.997052 0.000021 -0.076730  0.976700 0.002559 1 4 1.000000
0  -4.707123 8.646698 49.951233  0.999195 0.000038 -0.040107  0.976800 0.128659 1 4 1.000000
0  -5.276629 7.877494 46.766335  0.710140 -0.703953 -0.012287  0.948800 0.002559 1 4 1.000000
jetpack
0  -5.276629 7.877494 46.766335  0.710140 -0.703953 -0.012287  0.948800 0.002559 1 4 1.000000
0  -4.707123 8.646698 49.951233  0.999195 0.000038 -0.040107  0.976800 0.128659 1 4 1.000000
0  -4.885820 8.215497 49.994339  0.721245 -0.692655 -0.005936  0.948800 0.128659 1 4 1.000000
jetpack
0  -4.707123 8.646698 49.951233  0.999195 0.000038 -0.040107  0.976800 0.128659 1 4 1.000000
0  -4.707223 8.646698 50.385857  1.000000 0.000032 0.000129  0.976800 0.160559 1 4 1.000000
0  -4.885820 8.215497 49.994339  0.721245 -0.692655 -0.005936  0.948800 0.128659 1 4 1.000000
jetpack
0  -4.885820 8.215497 49.994339  0.721245 -0.692655 -0.005936  0.948800 0.128659 1 4 1.000000
0  -4.707223 8.646698 50.385857  1.000000 0.000032 0.000129  0.976800 0.160559 1 4 1.000000
0  -4.885821 8.215500 50.385857  0.707097 -0.707116 -0.000044  0.948800 0.160559 1 4 1.000000
jetpack
0  -4.707223 8.646698 50.385857  0.536767 0.000037 -0.843730  0.976800 0.160559 1 4 1.000000
0  -4.158619 8.646701 50.734852  0.536755 0.000027 -0.843738  0.995400 0.196259 1 4 1.000000
0  -4.885821 8.215500 50.385857  0.379566 -0.379523 -0.843737  0.948800 0.160559 1 4 1.000000
jetpack
0  -6.744629 7.951593 47.120541  -0.234412 0.000113 -0.972137  0.900000 0.002759 1 4 1.000000
0  -6.815131 7.877493 47.137535  -0.234378 0.000124 -0.972145  0.900000 0.002759 1 4 1.000000
0  -7.031932 8.646696 47.189938  -0.233879 0.000004 -0.972266  0.872600 0.002759 1 4 1.000000
jetpack
0  -6.744629 7.951593 47.120541  -0.234412 0.000113 -0.972137  0.900000 0.002759 1 4 1.000000
0  -6.046032 7.558889 46.952038  -0.234508 0.000053 -0.972114  0.925100 0.002659 1 4 1.000000
0  -6.815131 7.877493 47.137535  -0.234378 0.000124 -0.972145  0.900000 0.002759 1 4 1.000000
jetpack
0  -6.046032 7.558889 46.952038  0.036224 -0.989218 0.141896  0.925100 0.002659 1 4 1.000000
0  -5.317122 8.036900 50.098351  0.044712 -0.996329 0.073002  0.925100 0.128659 1 4 1.000000
0  -6.815131 7.877493 47.137535  -0.640059 -0.707005 0.300779  0.900000 0.002759 1 4 1.000000
jetpack
0  -6.046032 7.558889 46.952038  0.036224 -0.989218 0.141896  0.925100 0.002659 1 4 1.000000
0  -4.885820 8.215497 49.994339  0.721245 -0.692655 -0.005936  0.948800 0.128659 1 4 1.000000
0  -5.317122 8.036900 50.098351  0.044712 -0.996329 0.073002  0.925100 0.128659 1 4 1.000000
jetpack
0  -4.885820 8.215497 49.994339  0.721245 -0.692655 -0.005936  0.948800 0.128659 1 4 1.000000
0  -4.885821 8.215500 50.385857  0.707097 -0.707116 -0.000044  0.948800 0.160559 1 4 1.000000
0  -5.317122 8.036900 50.098351  0.044712 -0.996329 0.073002  0.925100 0.128659 1 4 1.000000
jetpack
0  -5.317122 8.036900 50.098351  0.044712 -0.996329 0.073002  0.925100 0.128659 1 4 1.000000
0  -4.885821 8.215500 50.385857  0.707097 -0.707116 -0.000044  0.948800 0.160559 1 4 1.000000
0  -5.316921 8.036900 50.385849  0.000219 -1.000000 -0.000005  0.925100 0.160559 1 4 1.000000
jetpack
0  -4.885821 8.215500 50.385857  0.379566 -0.379523 -0.843737  0.948800 0.160559 1 4 1.000000
0  -4.497920 7.827602 50.734840  0.379557 -0.379538 -0.843734  0.959600 0.196259 1 4 1.000000
0  -5.316921 8.036900 50.385849  0.000037 -0.536743 -0.843746  0.925100 0.160559 1 4 1.000000
jetpack
0  -5.276629 7.877494 46.766335  0.710140 -0.703953 -0.012287  0.948800 0.002559 1 4 1.000000
0  -4.885820 8.215497 49.994339  0.721245 -0.692655 -0.005936  0.948800 0.128659 1 4 1.000000
0  -6.046032 7.558889 46.952038  0.036224 -0.989218 0.141896  0.925100 0.002659 1 4 1.000000
jetpack
0  -6.046032 7.661895 46.952038  -0.234487 0.000000 -0.972119  0.925100 0.002659 1 4 1.000000
0  -6.046032 7.558889 46.952038  -0.234508 0.000053 -0.972114  0.925100 0.002659 1 4 1.000000
0  -6.744629 7.951593 47.120541  -0.234412 0.000113 -0.972137  0.900000 0.002759 1 4 1.000000
jetpack
0  -6.046032 7.661895 46.952038  -0.234487 0.000000 -0.972119  0.925100 0.002659 1 4 1.000000
0  -5.347032 7.951593 46.783432  -0.235301 0.000676 -0.971922  0.948800 0.002559 1 4 1.000000
0  -6.046032 7.558889 46.952038  -0.234508 0.000053 -0.972114  0.925100 0.002659 1 4 1.000000
jetpack
0  -6.046032 7.558889 46.952038  -0.234508 0.000053 -0.972114  0.925100 0.002659 1 4 1.000000
0  -5.347032 7.951593 46.783432  -0.235301 0.000676 -0.971922  0.948800 0.002559 1 4 1.000000
0  -5.276629 7.877494 46.766335  -0.235283 0.000697 -0.971927  0.948800 0.002559 1 4 1.000000
jetpack
0  -5.347032 7.951593 46.783432  -0.235301 0.000676 -0.971922  0.948800 0.002559 1 4 1.000000
0  -5.059134 8.646692 46.713951  -0.235042 -0.000004 -0.971985  0.976700 0.002559 1 4 1.000000
0  -5.276629 7.877494 46.766335  -0.235283 0.000697 -0.971927  0.948800 0.002559 1 4 1.000000
jetpack
0  -4.885821 8.215500 50.385857  0.379566 -0.379523 -0.843737  0.948800 0.160559 1 4 1.000000
0  -4.158619 8.646701 50.734852  0.536755 0.000027 -0.843738  0.995400 0.196259 1 4 1.000000
0  -4.497920 7.827602 50.734840  0.379557 -0.379538 -0.843734  0.959600 0.196259 1 4 1.000000
jetpack
0  -4.158619 8.646701 50.734852  1.000000 0.000034 -0.000005  0.995400 0.196259 1 4 1.000000
0  -4.158586 8.647020 61.859169  1.000000 0.000148 -0.000014  0.995400 0.611659 1 4 1.000000
0  -4.497920 7.827602 50.734840  0.707132 -0.707081 -0.000009  0.959600 0.196259 1 4 1.000000
jetpack
0  -4.497920 7.827602 50.734840  0.707132 -0.707081 -0.000009  0.959600 0.196259 1 4 1.000000
0  -4.158586 8.647020 61.859169  1.000000 0.000148 -0.000014  0.995400 0.611659 1 4 1.000000
0  -4.497885 7.827321 61.859169  0.707115 -0.707098 -0.000007  0.959600 0.611659 1 4 1.000000
jetpack
0  -4.158586 8.647020 61.859169  0.907199 0.000117 0.420703  0.995400 0.611659 1 4 1.000000
0  -4.398582 8.647017 62.376671  0.907207 0.000139 0.420684  0.995400 0.638059 1 4 1.000000
0  -4.497885 7.827321 61.859169  0.641438 -0.641508 0.420744  0.959600 0.611659 1 4 1.000000
jetpack
0  -4.497885 7.827321 61.859169  0.641438 -0.641508 0.420744  0.959600 0.611659 1 4 1.000000
0  -4.398582 8.647017 62.376671  0.907207 0.000139 0.420684  0.995400 0.638059 1 4 1.000000
0  -4.667483 7.997121 62.376675  0.641622 -0.641396 0.420633  0.959600 0.638059 1 4 1.000000
jetpack
0  -4.398583 8.647020 62.519470  1.000000 0.000224 0.000006  0.995400 0.655659 1 4 1.000000
0  -4.667483 7.997121 62.376675  0.707250 -0.706964 -0.000006  0.959600 0.638059 1 4 1.000000
0  -4.398582 8.647017 62.376671  1.000000 0.000207 0.000008  0.995400 0.638059 1 4 1.000000
jetpack
0  -4.667483 7.997120 62.519470  0.707248 -0.706965 -0.000005  0.959600 0.655659 1 4 1.000000
0  -4.667483 7.997121 62.376675  0.707250 -0.706964 -0.000006  0.959600 0.638059 1 4 1.000000
0  -4.398583 8.647020 62.519470  1.000000 0.000224 0.000006  0.995400 0.655659 1 4 1.000000
jetpack
0  -4.667483 7.997120 62.519470  0.707248 -0.706965 -0.000005  0.959600 0.655659 1 4 1.000000
0  -5.316876 7.728118 62.376675  0.000040 -1.000000 0.000008  0.929200 0.638059 1 4 1.000000
0  -4.667483 7.997121 62.376675  0.707250 -0.706964 -0.000006  0.959600 0.638059 1 4 1.000000
jetpack
0  -5.316883 7.728119 62.519474  0.000018 -1.000000 0.000010  0.929200 0.655659 1 4 1.000000
0  -5.316876 7.728118 62.376675  0.000040 -1.000000 0.000008  0.929200 0.638059 1 4 1.000000
0  -4.667483 7.997120 62.519470  0.707248 -0.706965 -0.000005  0.959600 0.655659 1 4 1.000000
jetpack
0  -5.316883 7.728119 62.519474  0.000018 -1.000000 0.000010  0.929200 0.655659 1 4 1.000000
0  -5.966383 7.997120 62.376678  -0.707173 -0.707040 -0.000020  0.897500 0.638059 1 4 1.000000
0  -5.316876 7.728118 62.376675  0.000040 -1.000000 0.000008  0.929200 0.638059 1 4 1.000000
jetpack
0  -5.966386 7.997119 62.519478  -0.707175 -0.707038 -0.000020  0.897500 0.655659 1 4 1.000000
0  -5.966383 7.997120 62.376678  -0.707173 -0.707040 -0.000020  0.897500 0.638059 1 4 1.000000
0  -5.316883 7.728119 62.519474  0.000018 -1.000000 0.000010  0.929200 0.655659 1 4 1.000000
jetpack
0  -5.966386 7.997119 62.519478  -0.707175 -0.707038 -0.000020  0.897500 0.655659 1 4 1.000000
0  -6.235384 8.647018 62.376678  -1.000000 0.000203 -0.000011  0.857400 0.638059 1 4 1.000000
0  -5.966383 7.997120 62.376678  -0.707173 -0.707040 -0.000020  0.897500 0.638059 1 4 1.000000
jetpack
0  -6.235385 8.647020 62.519478  -1.000000 0.000202 -0.000009  0.857400 0.655659 1 4 1.000000
0  -6.235384 8.647018 62.376678  -1.000000 0.000203 -0.000011  0.857400 0.638059 1 4 1.000000
0  -5.966386 7.997119 62.519478  -0.707175 -0.707038 -0.000020  0.897500 0.655659 1 4 1.000000
jetpack
0  -6.235385 8.647020 62.519478  -1.000000 0.000202 -0.000009  0.857400 0.655659 1 4 1.000000
0  -5.966384 9.296225 62.376675  -0.707007 0.707206 0.000012  0.897500 0.638059 1 4 1.000000
0  -6.235384 8.647018 62.376678  -1.000000 0.000203 -0.000011  0.857400 0.638059 1 4 1.000000
jetpack
0  -5.966384 9.296223 62.519474  -0.707016 0.707197 0.000012  0.897500 0.655659 1 4 1.000000
0  -5.966384 9.296225 62.376675  -0.707007 0.707206 0.000012  0.897500 0.638059 1 4 1.000000
0  -6.235385 8.647020 62.519478  -1.000000 0.000202 -0.000009  0.857400 0.655659 1 4 1.000000
jetpack
0  -5.966384 9.296223 62.519474  -0.707016 0.707197 0.000012  0.897500 0.655659 1 4 1.000000
0  -5.316884 9.565123 62.376671  0.000028 1.000000 0.000006  0.929200 0.638059 1 4 1.000000
0  -5.966384 9.296225 62.376675  -0.707007 0.707206 0.000012  0.897500 0.638059 1 4 1.000000
jetpack
0  -5.316884 9.565121 62.519470  0.000024 1.000000 0.000005  0.929200 0.655659 1 4 1.000000
0  -5.316884 9.565123 62.376671  0.000028 1.000000 0.000006  0.929200 0.638059 1 4 1.000000
0  -5.966384 9.296223 62.519474  -0.707016 0.707197 0.000012  0.897500 0.655659 1 4 1.000000
jetpack
0  -5.316884 9.565121 62.519470  0.000024 1.000000 0.000005  0.929200 0.655659 1 4 1.000000
0  -4.667484 9.296222 62.376671  0.707068 0.707145 0.000000  0.959600 0.638059 1 4 1.000000
0  -5.316884 9.565123 62.376671  0.000028 1.000000 0.000006  0.929200 0.638059 1 4 1.000000
jetpack
0  -4.667484 9.296222 62.519470  0.707063 0.707151 -0.000000  0.959600 0.655659 1 4 1.000000
0  -4.667484 9.296222 62.376671  0.707068 0.707145 0.000000  0.959600 0.638059 1 4 1.000000
0  -5.316884 9.565121 62.519470  0.000024 1.000000 0.000005  0.929200 0.655659 1 4 1.000000
jetpack
0  -4.667484 9.296222 62.519470  0.707063 0.707151 -0.000000  0.959600 0.655659 1 4 1.000000
0  -4.398582 8.647017 62.376671  1.000000 0.000207 0.000008  0.995400 0.638059 1 4 1.000000
0  -4.667484 9.296222 62.376671  0.707068 0.707145 0.000000  0.959600 0.638059 1 4 1.000000
jetpack
0  -4.398583 8.647020 62.519470  1.000000 0.000224 0.000006  0.995400 0.655659 1 4 1.000000
0  -4.398582 8.647017 62.376671  1.000000 0.000207 0.000008  0.995400 0.638059 1 4 1.000000
0  -4.667484 9.296222 62.519470  0.707063 0.707151 -0.000000  0.959600 0.655659 1 4 1.000000
jetpack
0  -6.136081 7.827320 61.859177  -0.641454 -0.641501 0.420730  0.897200 0.611659 1 4 1.000000
0  -5.966383 7.997120 62.376678  -0.641546 -0.641353 0.420816  0.897500 0.638059 1 4 1.000000
0  -6.475386 8.647017 61.859177  -0.907190 0.000123 0.420721  0.857400 0.611659 1 4 1.000000
jetpack
0  -6.475386 8.647017 61.859177  -0.907190 0.000123 0.420721  0.857400 0.611659 1 4 1.000000
0  -5.966383 7.997120 62.376678  -0.641546 -0.641353 0.420816  0.897500 0.638059 1 4 1.000000
0  -6.235384 8.647018 62.376678  -0.907181 0.000175 0.420740  0.857400 0.638059 1 4 1.000000
jetpack
0  -6.475386 8.647017 61.859177  -0.907190 0.000123 0.420721  0.857400 0.611659 1 4 1.000000
0  -6.235384 8.647018 62.376678  -0.907181 0.000175 0.420740  0.857400 0.638059 1 4 1.000000
0  -6.136084 9.466023 61.859173  -0.641285 0.641624 0.420800  0.897200 0.611659 1 4 1.000000
jetpack
0  -6.136084 9.466023 61.859173  -0.641285 0.641624 0.420800  0.897200 0.611659 1 4 1.000000
0  -6.235384 8.647018 62.376678  -0.907181 0.000175 0.420740  0.857400 0.638059 1 4 1.000000
0  -5.966384 9.296225 62.376675  -0.641325 0.641618 0.420747  0.897500 0.638059 1 4 1.000000
jetpack
0  -6.136084 9.466023 61.859173  -0.641285 0.641624 0.420800  0.897200 0.611659 1 4 1.000000
0  -5.966384 9.296225 62.376675  -0.641325 0.641618 0.420747  0.897500 0.638059 1 4 1.000000
0  -5.316884 9.804922 61.859169  -0.000029 0.907293 0.420498  0.929200 0.611659 1 4 1.000000
jetpack
0  -5.316884 9.804922 61.859169  -0.000029 0.907293 0.420498  0.929200 0.611659 1 4 1.000000
0  -5.966384 9.296225 62.376675  -0.641325 0.641618 0.420747  0.897500 0.638059 1 4 1.000000
0  -5.316884 9.565123 62.376671  -0.000052 0.907296 0.420493  0.929200 0.638059 1 4 1.000000
jetpack
0  -5.316884 9.804922 61.859169  -0.000029 0.907293 0.420498  0.929200 0.611659 1 4 1.000000
0  -5.316884 9.565123 62.376671  -0.000052 0.907296 0.420493  0.929200 0.638059 1 4 1.000000
0  -4.497886 9.466023 61.859169  0.641378 0.641625 0.420656  0.959600 0.611659 1 4 1.000000
jetpack
0  -4.497886 9.466023 61.859169  0.641378 0.641625 0.420656  0.959600 0.611659 1 4 1.000000
0  -5.316884 9.565123 62.376671  -0.000052 0.907296 0.420493  0.929200 0.638059 1 4 1.000000
0  -4.667484 9.296222 62.376671  0.641468 0.641486 0.420731  0.959600 0.638059 1 4 1.000000
jetpack
0  -4.497886 9.466023 61.859169  0.641378 0.641625 0.420656  0.959600 0.611659 1 4 1.000000
0  -4.667484 9.296222 62.376671  0.641468 0.641486 0.420731  0.959600 0.638059 1 4 1.000000
0  -4.158586 8.647020 61.859169  0.907199 0.000117 0.420703  0.995400 0.611659 1 4 1.000000
jetpack
0  -4.158586 8.647020 61.859169  0.907199 0.000117 0.420703  0.995400 0.611659 1 4 1.000000
0  -4.667484 9.296222 62.376671  0.641468 0.641486 0.420731  0.959600 0.638059 1 4 1.000000
0  -4.398582 8.647017 62.376671  0.907207 0.000139 0.420684  0.995400 0.638059 1 4 1.000000
jetpack
0  -6.475420 8.646701 50.734852  -1.000000 0.000035 -0.000007  0.857400 0.196259 1 4 1.000000
0  -6.136081 7.827320 61.859177  -0.707077 -0.707137 -0.000005  0.897200 0.611659 1 4 1.000000
0  -6.475386 8.647017 61.859177  -1.000000 0.000158 0.000001  0.857400 0.611659 1 4 1.000000
jetpack
0  -6.136116 7.827600 50.734859  -0.707085 -0.707129 -0.000003  0.897200 0.196259 1 4 1.000000
0  -6.136081 7.827320 61.859177  -0.707077 -0.707137 -0.000005  0.897200 0.611659 1 4 1.000000
0  -6.475420 8.646701 50.734852  -1.000000 0.000035 -0.000007  0.857400 0.196259 1 4 1.000000
jetpack
0  -6.136116 7.827600 50.734859  -0.707085 -0.707129 -0.000003  0.897200 0.196259 1 4 1.000000
0  -5.316884 7.488317 61.859074  0.000032 -1.000000 -0.000011  0.929200 0.611659 1 4 1.000000
0  -6.136081 7.827320 61.859177  -0.707077 -0.707137 -0.000005  0.897200 0.611659 1 4 1.000000
jetpack
0  -5.316915 7.488299 50.734840  0.000043 -1.000000 -0.000011  0.929200 0.196259 1 4 1.000000
0  -5.316884 7.488317 61.859074  0.000032 -1.000000 -0.000011  0.929200 0.611659 1 4 1.000000
0  -6.136116 7.827600 50.734859  -0.707085 -0.707129 -0.000003  0.897200 0.196259 1 4 1.000000
jetpack
0  -5.748121 8.215498 50.385857  -0.379510 -0.379536 -0.843756  0.900100 0.160559 1 4 1.000000
0  -5.316915 7.488299 50.734840  0.000013 -0.536746 -0.843744  0.929200 0.196259 1 4 1.000000
0  -6.136116 7.827600 50.734859  -0.379536 -0.379510 -0.843756  0.897200 0.196259 1 4 1.000000
jetpack
0  -5.748121 8.215498 50.385857  -0.379510 -0.379536 -0.843756  0.900100 0.160559 1 4 1.000000
0  -6.136116 7.827600 50.734859  -0.379536 -0.379510 -0.843756  0.897200 0.196259 1 4 1.000000
0  -5.926724 8.646700 50.385857  -0.536688 0.000013 -0.843781  0.872600 0.160559 1 4 1.000000
jetpack
0  -5.926423 8.646699 50.245449  -0.982708 0.000042 0.185160  0.872600 0.128659 1 4 1.000000
0  -5.748121 8.215498 50.385857  -0.707248 -0.706966 0.000144  0.900100 0.160559 1 4 1.000000
0  -5.926724 8.646700 50.385857  -0.999998 0.000055 -0.002142  0.872600 0.160559 1 4 1.000000
jetpack
0  -5.748119 9.077806 50.385849  -0.707293 0.706920 0.000137  0.900100 0.160559 1 4 1.000000
0  -5.926423 8.646699 50.245449  -0.982708 0.000042 0.185160  0.872600 0.128659 1 4 1.000000
0  -5.926724 8.646700 50.385857  -0.999998 0.000055 -0.002142  0.872600 0.160559 1 4 1.000000
jetpack
0  -5.748220 9.077806 50.202446  -0.667870 0.728571 0.152098  0.900100 0.128659 1 4 1.000000
0  -5.926423 8.646699 50.245449  -0.982708 0.000042 0.185160  0.872600 0.128659 1 4 1.000000
0  -5.748119 9.077806 50.385849  -0.707293 0.706920 0.000137  0.900100 0.160559 1 4 1.000000
jetpack
0  -5.316917 9.256499 50.385849  0.000223 1.000000 0.000004  0.925100 0.160559 1 4 1.000000
0  -5.748220 9.077806 50.202446  -0.667870 0.728571 0.152098  0.900100 0.128659 1 4 1.000000
0  -5.748119 9.077806 50.385849  -0.707293 0.706920 0.000137  0.900100 0.160559 1 4 1.000000
jetpack
0  -5.748119 9.077806 50.385849  -0.379545 0.379582 -0.843720  0.900100 0.160559 1 4 1.000000
0  -6.136119 9.465605 50.734867  -0.379583 0.379584 -0.843702  0.897200 0.196259 1 4 1.000000
0  -5.316917 9.256499 50.385849  0.000074 0.536870 -0.843665  0.925100 0.160559 1 4 1.000000
jetpack
0  -5.316917 9.256499 50.385849  0.000074 0.536870 -0.843665  0.925100 0.160559 1 4 1.000000
0  -6.136119 9.465605 50.734867  -0.379583 0.379584 -0.843702  0.897200 0.196259 1 4 1.000000
0  -5.316919 9.804903 50.734848  0.000040 0.536875 -0.843662  0.929200 0.196259 1 4 1.000000
jetpack
0  -6.136119 9.465605 50.734867  -0.707069 0.707145 -0.000023  0.897200 0.196259 1 4 1.000000
0  -6.136084 9.466023 61.859173  -0.706929 0.707284 -0.000007  0.897200 0.611659 1 4 1.000000
0  -5.316919 9.804903 50.734848  0.000049 1.000000 -0.000019  0.929200 0.196259 1 4 1.000000
jetpack
0  -5.316919 9.804903 50.734848  0.000049 1.000000 -0.000019  0.929200 0.196259 1 4 1.000000
0  -6.136084 9.466023 61.859173  -0.706929 0.707284 -0.000007  0.897200 0.611659 1 4 1.000000
0  -5.316884 9.804922 61.859169  0.000058 1.000000 -0.000019  0.929200 0.611659 1 4 1.000000
jetpack
0  -5.316919 9.804903 50.734848  0.000049 1.000000 -0.000019  0.929200 0.196259 1 4 1.000000
0  -5.316884 9.804922 61.859169  0.000058 1.000000 -0.000019  0.929200 0.611659 1 4 1.000000
0  -4.497921 9.465608 50.734863  0.707085 0.707129 -0.000012  0.959600 0.196259 1 4 1.000000
jetpack
0  -4.497921 9.465608 50.734863  0.707085 0.707129 -0.000012  0.959600 0.196259 1 4 1.000000
0  -5.316884 9.804922 61.859169  0.000058 1.000000 -0.000019  0.929200 0.611659 1 4 1.000000
0  -4.497886 9.466023 61.859169  0.706957 0.707256 -0.000027  0.959600 0.611659 1 4 1.000000
jetpack
0  -4.497921 9.465608 50.734863  0.707085 0.707129 -0.000012  0.959600 0.196259 1 4 1.000000
0  -4.497886 9.466023 61.859169  0.706957 0.707256 -0.000027  0.959600 0.611659 1 4 1.000000
0  -4.158619 8.646701 50.734852  1.000000 0.000034 -0.000005  0.995400 0.196259 1 4 1.000000
jetpack
0  -4.158619 8.646701 50.734852  1.000000 0.000034 -0.000005  0.995400 0.196259 1 4 1.000000
0  -4.497886 9.466023 61.859169  0.706957 0.707256 -0.000027  0.959600 0.611659 1 4 1.000000
0  -4.158586 8.647020 61.859169  1.000000 0.000148 -0.000014  0.995400 0.611659 1 4 1.000000
jetpack
0  -5.926724 8.646700 50.385857  -0.536688 0.000013 -0.843781  0.872600 0.160559 1 4 1.000000
0  -6.136116 7.827600 50.734859  -0.379536 -0.379510 -0.843756  0.897200 0.196259 1 4 1.000000
0  -6.475420 8.646701 50.734852  -0.536696 0.000024 -0.843776  0.857400 0.196259 1 4 1.000000
jetpack
0  -5.926724 8.646700 50.385857  -0.536688 0.000013 -0.843781  0.872600 0.160559 1 4 1.000000
0  -6.475420 8.646701 50.734852  -0.536696 0.000024 -0.843776  0.857400 0.196259 1 4 1.000000
0  -5.748119 9.077806 50.385849  -0.379545 0.379582 -0.843720  0.900100 0.160559 1 4 1.000000
jetpack
0  -5.748119 9.077806 50.385849  -0.379545 0.379582 -0.843720  0.900100 0.160559 1 4 1.000000
0  -6.475420 8.646701 50.734852  -0.536696 0.000024 -0.843776  0.857400 0.196259 1 4 1.000000
0  -6.136119 9.465605 50.734867  -0.379583 0.379584 -0.843702  0.897200 0.196259 1 4 1.000000
jetpack
0  -6.475420 8.646701 50.734852  -1.000000 0.000035 -0.000007  0.857400 0.196259 1 4 1.000000
0  -6.475386 8.647017 61.859177  -1.000000 0.000158 0.000001  0.857400 0.611659 1 4 1.000000
0  -6.136119 9.465605 50.734867  -0.707069 0.707145 -0.000023  0.897200 0.196259 1 4 1.000000
jetpack
0  -6.136119 9.465605 50.734867  -0.707069 0.707145 -0.000023  0.897200 0.196259 1 4 1.000000
0  -6.475386 8.647017 61.859177  -1.000000 0.000158 0.000001  0.857400 0.611659 1 4 1.000000
0  -6.136084 9.466023 61.859173  -0.706929 0.707284 -0.000007  0.897200 0.611659 1 4 1.000000
jetpack
0  -4.885819 9.077803 50.385841  0.379633 0.379603 -0.843671  0.948800 0.160559 1 4 1.000000
0  -5.316919 9.804903 50.734848  0.000040 0.536875 -0.843662  0.929200 0.196259 1 4 1.000000
0  -4.497921 9.465608 50.734863  0.379607 0.379587 -0.843690  0.959600 0.196259 1 4 1.000000
jetpack
0  -5.316917 9.256499 50.385849  0.000074 0.536870 -0.843665  0.925100 0.160559 1 4 1.000000
0  -5.316919 9.804903 50.734848  0.000040 0.536875 -0.843662  0.929200 0.196259 1 4 1.000000
0  -4.885819 9.077803 50.385841  0.379633 0.379603 -0.843671  0.948800 0.160559 1 4 1.000000
jetpack
0  -4.885819 9.077803 50.385841  0.707146 0.707068 -0.000052  0.948800 0.160559 1 4 1.000000
0  -5.317123 9.256501 50.098351  0.044736 0.996329 0.072988  0.925100 0.128659 1 4 1.000000
0  -5.316917 9.256499 50.385849  0.000223 1.000000 0.000004  0.925100 0.160559 1 4 1.000000
jetpack
0  -5.317123 9.256501 50.098351  0.044736 0.996329 0.072988  0.925100 0.128659 1 4 1.000000
0  -5.748220 9.077806 50.202446  -0.667870 0.728571 0.152098  0.900100 0.128659 1 4 1.000000
0  -5.316917 9.256499 50.385849  0.000223 1.000000 0.000004  0.925100 0.160559 1 4 1.000000
jetpack
0  -5.317123 9.256501 50.098351  0.044736 0.996329 0.072988  0.925100 0.128659 1 4 1.000000
0  -6.815132 9.415794 47.137543  -0.640018 0.707061 0.300736  0.900000 0.002759 1 4 1.000000
0  -5.748220 9.077806 50.202446  -0.667870 0.728571 0.152098  0.900100 0.128659 1 4 1.000000
jetpack
0  -6.815132 9.415794 47.137543  -0.640018 0.707061 0.300736  0.900000 0.002759 1 4 1.000000
0  -5.926423 8.646699 50.245449  -0.982708 0.000042 0.185160  0.872600 0.128659 1 4 1.000000
0  -5.748220 9.077806 50.202446  -0.667870 0.728571 0.152098  0.900100 0.128659 1 4 1.000000
jetpack
0  -7.132932 8.646692 47.214233  -0.929105 0.000024 0.369816  0.872600 0.002759 1 4 1.000000
0  -5.926423 8.646699 50.245449  -0.982708 0.000042 0.185160  0.872600 0.128659 1 4 1.000000
0  -6.815132 9.415794 47.137543  -0.640018 0.707061 0.300736  0.900000 0.002759 1 4 1.000000
jetpack
0  -7.132932 8.646692 47.214233  -0.929105 0.000024 0.369816  0.872600 0.002759 1 4 1.000000
0  -5.748222 8.215497 50.202446  -0.667824 -0.728615 0.152091  0.900100 0.128659 1 4 1.000000
0  -5.926423 8.646699 50.245449  -0.982708 0.000042 0.185160  0.872600 0.128659 1 4 1.000000
jetpack
0  -5.748222 8.215497 50.202446  -0.667824 -0.728615 0.152091  0.900100 0.128659 1 4 1.000000
0  -5.748121 8.215498 50.385857  -0.707248 -0.706966 0.000144  0.900100 0.160559 1 4 1.000000
0  -5.926423 8.646699 50.245449  -0.982708 0.000042 0.185160  0.872600 0.128659 1 4 1.000000
jetpack
0  -5.748222 8.215497 50.202446  -0.667824 -0.728615 0.152091  0.900100 0.128659 1 4 1.000000
0  -5.316921 8.036900 50.385849  0.000219 -1.000000 -0.000005  0.925100 0.160559 1 4 1.000000
0  -5.748121 8.215498 50.385857  -0.707248 -0.706966 0.000144  0.900100 0.160559 1 4 1.000000
jetpack
0  -5.316921 8.036900 50.385849  0.000037 -0.536743 -0.843746  0.925100 0.160559 1 4 1.000000
0  -5.316915 7.488299 50.734840  0.000013 -0.536746 -0.843744  0.929200 0.196259 1 4 1.000000
0  -5.748121 8.215498 50.385857  -0.379510 -0.379536 -0.843756  0.900100 0.160559 1 4 1.000000
jetpack
0  -5.316921 8.036900 50.385849  0.000037 -0.536743 -0.843746  0.925100 0.160559 1 4 1.000000
0  -4.497920 7.827602 50.734840  0.379557 -0.379538 -0.843734  0.959600 0.196259 1 4 1.000000
0  -5.316915 7.488299 50.734840  0.000013 -0.536746 -0.843744  0.929200 0.196259 1 4 1.000000
jetpack
0  -4.497920 7.827602 50.734840  0.707132 -0.707081 -0.000009  0.959600 0.196259 1 4 1.000000
0  -4.497885 7.827321 61.859169  0.707115 -0.707098 -0.000007  0.959600 0.611659 1 4 1.000000
0  -5.316915 7.488299 50.734840  0.000043 -1.000000 -0.000011  0.929200 0.196259 1 4 1.000000
jetpack
0  -5.316915 7.488299 50.734840  0.000043 -1.000000 -0.000011  0.929200 0.196259 1 4 1.000000
0  -4.497885 7.827321 61.859169  0.707115 -0.707098 -0.000007  0.959600 0.611659 1 4 1.000000
0  -5.316884 7.488317 61.859074  0.000032 -1.000000 -0.000011  0.929200 0.611659 1 4 1.000000
jetpack
0  -4.497885 7.827321 61.859169  0.641438 -0.641508 0.420744  0.959600 0.611659 1 4 1.000000
0  -4.667483 7.997121 62.376675  0.641622 -0.641396 0.420633  0.959600 0.638059 1 4 1.000000
0  -5.316884 7.488317 61.859074  0.000109 -0.907318 0.420446  0.929200 0.611659 1 4 1.000000
jetpack
0  -5.316884 7.488317 61.859074  0.000109 -0.907318 0.420446  0.929200 0.611659 1 4 1.000000
0  -4.667483 7.997121 62.376675  0.641622 -0.641396 0.420633  0.959600 0.638059 1 4 1.000000
0  -5.316876 7.728118 62.376675  0.000146 -0.907314 0.420454  0.929200 0.638059 1 4 1.000000
jetpack
0  -5.316884 7.488317 61.859074  0.000109 -0.907318 0.420446  0.929200 0.611659 1 4 1.000000
0  -5.316876 7.728118 62.376675  0.000146 -0.907314 0.420454  0.929200 0.638059 1 4 1.000000
0  -6.136081 7.827320 61.859177  -0.641454 -0.641501 0.420730  0.897200 0.611659 1 4 1.000000
jetpack
0  -6.136081 7.827320 61.859177  -0.641454 -0.641501 0.420730  0.897200 0.611659 1 4 1.000000
0  -5.316876 7.728118 62.376675  0.000146 -0.907314 0.420454  0.929200 0.638059 1 4 1.000000
0  -5.966383 7.997120 62.376678  -0.641546 -0.641353 0.420816  0.897500 0.638059 1 4 1.000000
jetpack
0  -6.431289 7.551319 60.793076  -0.968234 -0.036618 0.247351  0.054100 0.671559 1 4 1.000000
0  -5.123682 6.997419 62.925774  -0.659795 -0.009286 0.751388  0.034300 0.759459 1 4 1.000000
0  -5.140981 7.445120 62.917675  -0.655572 -0.011673 0.755042  0.051700 0.759059 1 4 1.000000
jetpack
0  -6.359587 6.200608 60.892879  -0.963547 -0.031520 0.265675  0.003800 0.675059 1 4 1.000000
0  -5.123682 6.997419 62.925774  -0.659795 -0.009286 0.751388  0.034300 0.759459 1 4 1.000000
0  -6.431289 7.551319 60.793076  -0.968234 -0.036618 0.247351  0.054100 0.671559 1 4 1.000000
jetpack
0  -6.431289 7.551319 60.793076  -0.968234 -0.036618 0.247351  0.054100 0.671559 1 4 1.000000
0  -6.358504 6.966906 55.701477  -0.994884 -0.101016 -0.001041  0.034700 0.480159 1 4 1.000000
0  -6.359587 6.200608 60.892879  -0.963547 -0.031520 0.265675  0.003800 0.675059 1 4 1.000000
jetpack
0  -2.390917 8.517804 51.818344  -0.508820 0.860872 -0.000902  0.335800 0.327659 1 4 1.000000
0  -2.390311 8.520411 53.964062  -0.353633 0.935384 -0.000029  0.335800 0.408559 1 4 1.000000
0  -2.187217 8.924206 51.848461  -0.807635 0.589682 -0.000396  0.363400 0.328559 1 4 1.000000
jetpack
0  -2.390917 8.517804 51.818344  -0.508820 0.860872 -0.000902  0.335800 0.327659 1 4 1.000000
0  -3.729417 8.532503 51.818138  0.010289 0.999947 -0.000785  0.263300 0.326959 1 4 1.000000
0  -2.390311 8.520411 53.964062  -0.353633 0.935384 -0.000029  0.335800 0.408559 1 4 1.000000
jetpack
0  -2.390311 8.520411 53.964062  -0.353633 0.935384 -0.000029  0.335800 0.408559 1 4 1.000000
0  -3.729417 8.532503 51.818138  0.010289 0.999947 -0.000785  0.263300 0.326959 1 4 1.000000
0  -3.729389 8.532519 60.848068  0.007562 0.999971 0.000803  0.265100 0.680559 1 4 1.000000
jetpack
0  -3.729389 8.532519 60.848068  0.852454 0.522802 -0.000004  0.265100 0.680559 1 4 1.000000
0  -3.729417 8.532503 51.818138  0.852500 0.522726 0.000014  0.263300 0.326959 1 4 1.000000
0  -4.522195 9.825218 59.483067  0.603288 0.797524 0.000014  0.211400 0.627259 1 4 1.000000
jetpack
0  -4.522195 9.825218 59.483067  0.603288 0.797524 0.000014  0.211400 0.627259 1 4 1.000000
0  -3.729417 8.532503 51.818138  0.852500 0.522726 0.000014  0.263300 0.326959 1 4 1.000000
0  -4.522219 9.825506 51.390957  0.463717 0.885984 0.000032  0.211400 0.311259 1 4 1.000000
jetpack
0  -4.522219 9.825506 51.390957  0.463717 0.885984 0.000032  0.211400 0.311259 1 4 1.000000
0  -6.112295 9.825215 59.195175  -0.545083 0.838381 0.000816  0.148400 0.611559 1 4 1.000000
0  -4.522195 9.825218 59.483067  0.603288 0.797524 0.000014  0.211400 0.627259 1 4 1.000000
jetpack
0  -6.112316 9.825505 51.610161  -0.215539 0.976495 0.000038  0.148300 0.325159 1 4 1.000000
0  -6.112295 9.825215 59.195175  -0.545083 0.838381 0.000816  0.148400 0.611559 1 4 1.000000
0  -4.522219 9.825506 51.390957  0.463717 0.885984 0.000032  0.211400 0.311259 1 4 1.000000
jetpack
0  -6.461215 9.425305 52.354973  -0.801297 0.598238 0.005898  0.128000 0.353559 1 4 1.000000
0  -6.112295 9.825215 59.195175  -0.545083 0.838381 0.000816  0.148400 0.611559 1 4 1.000000
0  -6.112316 9.825505 51.610161  -0.215539 0.976495 0.000038  0.148300 0.325159 1 4 1.000000
jetpack
0  -6.461215 9.425305 52.354973  -0.801297 0.598238 0.005898  0.128000 0.353559 1 4 1.000000
0  -6.617913 9.142305 52.433472  -0.856884 0.515369 0.012024  0.114600 0.356459 1 4 1.000000
0  -6.112295 9.825215 59.195175  -0.545083 0.838381 0.000816  0.148400 0.611559 1 4 1.000000
jetpack
0  -6.112295 9.825215 59.195175  -0.545083 0.838381 0.000816  0.148400 0.611559 1 4 1.000000
0  -6.617913 9.142305 52.433472  -0.856884 0.515369 0.012024  0.114600 0.356459 1 4 1.000000
0  -6.702113 9.043702 52.933971  -0.845931 0.533130 0.013144  0.109200 0.375359 1 4 1.000000
jetpack
0  -6.786413 8.778603 53.023373  -0.995618 0.090649 0.022970  0.099400 0.379059 1 4 1.000000
0  -6.112295 9.825215 59.195175  -0.545083 0.838381 0.000816  0.148400 0.611559 1 4 1.000000
0  -6.702113 9.043702 52.933971  -0.845931 0.533130 0.013144  0.109200 0.375359 1 4 1.000000
jetpack
0  -6.786390 8.778620 60.373878  -0.999505 -0.031332 0.002993  0.099400 0.656559 1 4 1.000000
0  -6.112295 9.825215 59.195175  -0.545083 0.838381 0.000816  0.148400 0.611559 1 4 1.000000
0  -6.786413 8.778603 53.023373  -0.995618 0.090649 0.022970  0.099400 0.379059 1 4 1.000000
jetpack
0  -6.786390 8.778620 60.373878  -0.999505 -0.031332 0.002993  0.099400 0.656559 1 4 1.000000
0  -6.786413 8.778603 53.023373  -0.995618 0.090649 0.022970  0.099400 0.379059 1 4 1.000000
0  -6.742013 8.515905 52.936378  -0.968378 -0.249479 0.002150  0.089800 0.376059 1 4 1.000000
jetpack
0  -6.742013 8.515905 52.936378  -0.968378 -0.249479 0.002150  0.089800 0.376059 1 4 1.000000
0  -6.431289 7.551319 60.793076  -0.959199 -0.282703 0.003948  0.054100 0.671559 1 4 1.000000
0  -6.786390 8.778620 60.373878  -0.999505 -0.031332 0.002993  0.099400 0.656559 1 4 1.000000
jetpack
0  -6.697817 8.361403 52.409874  -0.974464 -0.224351 0.009302  0.083100 0.356159 1 4 1.000000
0  -6.431289 7.551319 60.793076  -0.959199 -0.282703 0.003948  0.054100 0.671559 1 4 1.000000
0  -6.742013 8.515905 52.936378  -0.968378 -0.249479 0.002150  0.089800 0.376059 1 4 1.000000
jetpack
0  -6.431289 7.551319 60.793076  -0.959199 -0.282703 0.003948  0.054100 0.671559 1 4 1.000000
0  -6.697817 8.361403 52.409874  -0.974464 -0.224351 0.009302  0.083100 0.356159 1 4 1.000000
0  -6.609316 7.941105 52.141579  -0.887626 -0.460559 -0.002485  0.065300 0.346059 1 4 1.000000
jetpack
0  -6.431289 7.551319 60.793076  -0.959199 -0.282703 0.003948  0.054100 0.671559 1 4 1.000000
0  -6.609316 7.941105 52.141579  -0.887626 -0.460559 -0.002485  0.065300 0.346059 1 4 1.000000
0  -6.432117 7.681900 51.410965  -0.835330 -0.549696 -0.007577  0.054700 0.318259 1 4 1.000000
jetpack
0  -6.432117 7.681900 51.410965  -0.998233 -0.058975 0.007299  0.054700 0.318259 1 4 1.000000
0  -6.358504 6.966906 55.701477  -0.994884 -0.101016 -0.001041  0.034700 0.480159 1 4 1.000000
0  -6.431289 7.551319 60.793076  -0.968234 -0.036618 0.247351  0.054100 0.671559 1 4 1.000000
jetpack
0  -6.358504 6.966906 55.701477  -0.994884 -0.101016 -0.001041  0.034700 0.480159 1 4 1.000000
0  -6.432117 7.681900 51.410965  -0.998233 -0.058975 0.007299  0.054700 0.318259 1 4 1.000000
0  -6.408018 7.208200 51.180267  -0.998649 -0.051304 0.008199  0.036600 0.308459 1 4 1.000000
jetpack
0  -6.358504 6.966906 55.701477  -0.994884 -0.101016 -0.001041  0.034700 0.480159 1 4 1.000000
0  -6.408018 7.208200 51.180267  -0.998649 -0.051304 0.008199  0.036600 0.308459 1 4 1.000000
0  -6.359818 6.197798 51.025963  -0.998768 -0.048916 0.008327  0.001200 0.301259 1 4 1.000000
jetpack
0  -2.392992 8.523621 59.827961  -0.192045 0.981386 -0.000391  0.335800 0.640659 1 4 1.000000
0  -2.031092 8.673014 59.726162  -0.522032 0.837787 -0.159984  0.365000 0.640459 1 4 1.000000
0  -2.390311 8.520411 53.964062  -0.353633 0.935384 -0.000029  0.335800 0.408559 1 4 1.000000
jetpack
0  -3.729389 8.532519 60.848068  0.007562 0.999971 0.000803  0.265100 0.680559 1 4 1.000000
0  -2.392992 8.523621 59.827961  -0.192045 0.981386 -0.000391  0.335800 0.640659 1 4 1.000000
0  -2.390311 8.520411 53.964062  -0.353633 0.935384 -0.000029  0.335800 0.408559 1 4 1.000000
jetpack
0  -2.392289 8.521021 60.848061  -0.197050 0.980390 0.002635  0.336000 0.680559 1 4 1.000000
0  -2.392992 8.523621 59.827961  -0.192045 0.981386 -0.000391  0.335800 0.640659 1 4 1.000000
0  -3.729389 8.532519 60.848068  0.007562 0.999971 0.000803  0.265100 0.680559 1 4 1.000000
jetpack
0  -2.027489 8.677520 60.848061  -0.709354 0.704851 0.001421  0.364700 0.680559 1 4 1.000000
0  -2.392992 8.523621 59.827961  -0.192045 0.981386 -0.000391  0.335800 0.640659 1 4 1.000000
0  -2.392289 8.521021 60.848061  -0.197050 0.980390 0.002635  0.336000 0.680559 1 4 1.000000
jetpack
0  -2.031092 8.673014 59.726162  -0.522032 0.837787 -0.159984  0.365000 0.640459 1 4 1.000000
0  -2.392992 8.523621 59.827961  -0.192045 0.981386 -0.000391  0.335800 0.640659 1 4 1.000000
0  -2.027489 8.677520 60.848061  -0.709354 0.704851 0.001421  0.364700 0.680559 1 4 1.000000
jetpack
0  -2.031092 8.673014 59.726162  -0.522032 0.837787 -0.159984  0.365000 0.640459 1 4 1.000000
0  -2.027489 8.677520 60.848061  -0.709354 0.704851 0.001421  0.364700 0.680559 1 4 1.000000
0  -1.681893 9.502320 59.726158  -0.794249 0.607553 -0.006903  0.395900 0.637859 1 4 1.000000
jetpack
0  -1.681893 9.502320 59.726158  -0.794249 0.607553 -0.006903  0.395900 0.637859 1 4 1.000000
0  -2.027489 8.677520 60.848061  -0.709354 0.704851 0.001421  0.364700 0.680559 1 4 1.000000
0  -1.680089 9.503519 60.848057  -0.837812 0.545959 0.000764  0.395700 0.680559 1 4 1.000000
jetpack
0  -1.680089 9.503519 60.848057  -0.837812 0.545959 0.000764  0.395700 0.680559 1 4 1.000000
0  -1.192090 10.020526 60.848057  -0.577989 0.815963 -0.011541  0.428800 0.679859 1 4 1.000000
0  -1.681893 9.502320 59.726158  -0.794249 0.607553 -0.006903  0.395900 0.637859 1 4 1.000000
jetpack
0  1.680111 9.503523 60.848049  0.837811 0.545960 0.000757  0.395700 0.680559 1 4 1.000000
0  2.027511 8.677526 60.848049  0.709356 0.704849 0.001416  0.364700 0.680559 1 4 1.000000
0  1.681907 9.502321 59.726147  0.888510 0.458824 -0.005521  0.395900 0.637859 1 4 1.000000
jetpack
0  1.192111 10.020525 60.848049  0.577989 0.815963 -0.011545  0.428800 0.679859 1 4 1.000000
0  1.680111 9.503523 60.848049  0.837811 0.545960 0.000757  0.395700 0.680559 1 4 1.000000
0  1.681907 9.502321 59.726147  0.888510 0.458824 -0.005521  0.395900 0.637859 1 4 1.000000
jetpack
0  1.681907 9.502321 59.726147  0.888510 0.458824 -0.005521  0.395900 0.637859 1 4 1.000000
0  1.192089 9.883812 53.925449  0.525580 0.850703 -0.008307  0.428800 0.408459 1 4 1.000000
0  1.192111 10.020525 60.848049  0.577989 0.815963 -0.011545  0.428800 0.679859 1 4 1.000000
jetpack
0  1.192111 10.020525 60.848049  0.577989 0.815963 -0.011545  0.428800 0.679859 1 4 1.000000
0  1.192089 9.883812 53.925449  0.525580 0.850703 -0.008307  0.428800 0.408459 1 4 1.000000
0  0.000010 10.564831 60.841049  0.000000 0.999815 -0.019244  0.496500 0.680159 1 4 1.000000
jetpack
0  0.000010 10.564831 60.841049  0.000000 0.999815 -0.019244  0.496500 0.680159 1 4 1.000000
0  1.192089 9.883812 53.925449  0.525580 0.850703 -0.008307  0.428800 0.408459 1 4 1.000000
0  -0.000012 10.456717 53.884052  -0.000001 0.999803 -0.019834  0.496500 0.409059 1 4 1.000000
jetpack
0  -0.000012 10.456717 53.884052  -0.000001 0.999803 -0.019834  0.496500 0.409059 1 4 1.000000
0  -1.192111 9.883811 53.925453  -0.525581 0.850703 -0.008304  0.428800 0.408459 1 4 1.000000
0  0.000010 10.564831 60.841049  0.000000 0.999815 -0.019244  0.496500 0.680159 1 4 1.000000
jetpack
0  -1.192111 9.883811 53.925453  -0.525581 0.850703 -0.008304  0.428800 0.408459 1 4 1.000000
0  -0.000012 10.456717 53.884052  -0.000001 0.999803 -0.019834  0.496500 0.409059 1 4 1.000000
0  -1.192120 9.837910 51.260948  -0.487505 0.872830 -0.022528  0.428700 0.306259 1 4 1.000000
jetpack
0  -1.192120 9.837910 51.260948  -0.487505 0.872830 -0.022528  0.428700 0.306259 1 4 1.000000
0  -1.681919 9.503503 51.260944  -0.667492 0.744589 -0.006433  0.395900 0.307159 1 4 1.000000
0  -1.192111 9.883811 53.925453  -0.525581 0.850703 -0.008304  0.428800 0.408459 1 4 1.000000
jetpack
0  -1.192111 9.883811 53.925453  -0.525581 0.850703 -0.008304  0.428800 0.408459 1 4 1.000000
0  -1.681919 9.503503 51.260944  -0.667492 0.744589 -0.006433  0.395900 0.307159 1 4 1.000000
0  -1.681911 9.504814 53.964058  -0.662124 0.749394 -0.000057  0.395800 0.407259 1 4 1.000000
jetpack
0  -1.681919 9.503503 51.260944  -0.667492 0.744589 -0.006433  0.395900 0.307159 1 4 1.000000
0  -2.187217 8.924206 51.848461  -0.807635 0.589682 -0.000396  0.363400 0.328559 1 4 1.000000
0  -1.681911 9.504814 53.964058  -0.662124 0.749394 -0.000057  0.395800 0.407259 1 4 1.000000
jetpack
0  -1.681911 9.504814 53.964058  -0.662124 0.749394 -0.000057  0.395800 0.407259 1 4 1.000000
0  -2.187217 8.924206 51.848461  -0.807635 0.589682 -0.000396  0.363400 0.328559 1 4 1.000000
0  -2.187011 8.924811 53.964062  -0.830287 0.557336 -0.000079  0.364300 0.406959 1 4 1.000000
jetpack
0  -2.187217 8.924206 51.848461  -0.807635 0.589682 -0.000396  0.363400 0.328559 1 4 1.000000
0  -2.390311 8.520411 53.964062  -0.353633 0.935384 -0.000029  0.335800 0.408559 1 4 1.000000
0  -2.187011 8.924811 53.964062  -0.830287 0.557336 -0.000079  0.364300 0.406959 1 4 1.000000
jetpack
0  -2.024010 8.679411 53.970963  -0.019758 0.014999 0.999692  0.365400 0.412559 1 4 1.000000
0  -2.187011 8.924811 53.964062  -0.019597 0.014456 0.999703  0.364300 0.406959 1 4 1.000000
0  -2.390311 8.520411 53.964062  -0.024136 0.012110 0.999635  0.335800 0.408559 1 4 1.000000
jetpack
0  -2.390311 8.520411 53.964062  -0.353633 0.935384 -0.000029  0.335800 0.408559 1 4 1.000000
0  -2.031092 8.673014 59.726162  -0.522032 0.837787 -0.159984  0.365000 0.640459 1 4 1.000000
0  -2.024010 8.679411 53.970963  -0.300792 0.953690 0.000075  0.365400 0.412559 1 4 1.000000
jetpack
0  -2.031092 8.673014 59.726162  -0.522032 0.837787 -0.159984  0.365000 0.640459 1 4 1.000000
0  -1.607693 8.765921 59.666161  -0.700945 0.498531 -0.510042  0.387100 0.635559 1 4 1.000000
0  -2.024010 8.679411 53.970963  -0.300792 0.953690 0.000075  0.365400 0.412559 1 4 1.000000
jetpack
0  -1.607693 8.765921 59.666161  -0.700945 0.498531 -0.510042  0.387100 0.635559 1 4 1.000000
0  -2.031092 8.673014 59.726162  -0.522032 0.837787 -0.159984  0.365000 0.640459 1 4 1.000000
0  -1.681893 9.502320 59.726158  -0.950281 -0.071050 -0.303178  0.395900 0.637859 1 4 1.000000
jetpack
0  -1.681893 9.502320 59.726158  -0.950281 -0.071050 -0.303178  0.395900 0.637859 1 4 1.000000
0  -1.681911 9.504814 53.964058  -0.995025 -0.099626 0.000041  0.395800 0.407259 1 4 1.000000
0  -1.607693 8.765921 59.666161  -0.700945 0.498531 -0.510042  0.387100 0.635559 1 4 1.000000
jetpack
0  -1.681911 9.504814 53.964058  -0.662124 0.749394 -0.000057  0.395800 0.407259 1 4 1.000000
0  -1.681893 9.502320 59.726158  -0.794249 0.607553 -0.006903  0.395900 0.637859 1 4 1.000000
0  -1.192111 9.883811 53.925453  -0.525581 0.850703 -0.008304  0.428800 0.408459 1 4 1.000000
jetpack
0  -1.192111 9.883811 53.925453  -0.525581 0.850703 -0.008304  0.428800 0.408459 1 4 1.000000
0  -1.681893 9.502320 59.726158  -0.794249 0.607553 -0.006903  0.395900 0.637859 1 4 1.000000
0  -1.192090 10.020526 60.848057  -0.577989 0.815963 -0.011541  0.428800 0.679859 1 4 1.000000
jetpack
0  0.000010 10.564831 60.841049  0.000000 0.999815 -0.019244  0.496500 0.680159 1 4 1.000000
0  -1.192111 9.883811 53.925453  -0.525581 0.850703 -0.008304  0.428800 0.408459 1 4 1.000000
0  -1.192090 10.020526 60.848057  -0.577989 0.815963 -0.011541  0.428800 0.679859 1 4 1.000000
jetpack
0  -2.186519 8.924205 51.260933  -0.754046 0.656821 -0.000896  0.364300 0.307159 1 4 1.000000
0  -2.187217 8.924206 51.848461  -0.807635 0.589682 -0.000396  0.363400 0.328559 1 4 1.000000
0  -1.681919 9.503503 51.260944  -0.667492 0.744589 -0.006433  0.395900 0.307159 1 4 1.000000
jetpack
0  -1.607710 8.763308 53.976463  -0.017061 0.015581 0.999733  0.387100 0.414659 1 4 1.000000
0  -2.187011 8.924811 53.964062  -0.019597 0.014456 0.999703  0.364300 0.406959 1 4 1.000000
0  -2.024010 8.679411 53.970963  -0.019758 0.014999 0.999692  0.365400 0.412559 1 4 1.000000
jetpack
0  -1.681911 9.504814 53.964058  -0.017225 0.015002 0.999739  0.395800 0.407259 1 4 1.000000
0  -2.187011 8.924811 53.964062  -0.019597 0.014456 0.999703  0.364300 0.406959 1 4 1.000000
0  -1.607710 8.763308 53.976463  -0.017061 0.015581 0.999733  0.387100 0.414659 1 4 1.000000
jetpack
0  -1.607693 8.765921 59.666161  -0.700945 0.498531 -0.510042  0.387100 0.635559 1 4 1.000000
0  -1.681911 9.504814 53.964058  -0.995025 -0.099626 0.000041  0.395800 0.407259 1 4 1.000000
0  -1.607710 8.763308 53.976463  -0.995031 -0.099570 0.000049  0.387100 0.414659 1 4 1.000000
jetpack
0  -2.024010 8.679411 53.970963  -0.300792 0.953690 0.000075  0.365400 0.412559 1 4 1.000000
0  -1.607693 8.765921 59.666161  -0.700945 0.498531 -0.510042  0.387100 0.635559 1 4 1.000000
0  -1.607710 8.763308 53.976463  -0.197552 0.980292 -0.000450  0.387100 0.414659 1 4 1.000000
jetpack
0  -1.192120 9.837910 51.260948  -0.487505 0.872830 -0.022528  0.428700 0.306259 1 4 1.000000
0  -0.000012 10.456717 53.884052  -0.000001 0.999803 -0.019834  0.496500 0.409059 1 4 1.000000
0  -0.000020 10.350508 51.260944  0.000001 0.999181 -0.040457  0.496500 0.307059 1 4 1.000000
jetpack
0  -0.000012 10.456717 53.884052  -0.000001 0.999803 -0.019834  0.496500 0.409059 1 4 1.000000
0  1.192080 9.837909 51.260941  0.487500 0.872832 -0.022532  0.428700 0.306259 1 4 1.000000
0  -0.000020 10.350508 51.260944  0.000001 0.999181 -0.040457  0.496500 0.307059 1 4 1.000000
jetpack
0  1.192089 9.883812 53.925449  0.525580 0.850703 -0.008307  0.428800 0.408459 1 4 1.000000
0  1.192080 9.837909 51.260941  0.487500 0.872832 -0.022532  0.428700 0.306259 1 4 1.000000
0  -0.000012 10.456717 53.884052  -0.000001 0.999803 -0.019834  0.496500 0.409059 1 4 1.000000
jetpack
0  1.192080 9.837909 51.260941  0.487500 0.872832 -0.022532  0.428700 0.306259 1 4 1.000000
0  1.192089 9.883812 53.925449  0.525580 0.850703 -0.008307  0.428800 0.408459 1 4 1.000000
0  1.681881 9.503509 51.260921  0.667487 0.744594 -0.006439  0.395900 0.307159 1 4 1.000000
jetpack
0  1.681881 9.503509 51.260921  0.667487 0.744594 -0.006439  0.395900 0.307159 1 4 1.000000
0  1.192089 9.883812 53.925449  0.525580 0.850703 -0.008307  0.428800 0.408459 1 4 1.000000
0  1.681889 9.504816 53.964046  0.810577 0.585633 -0.000039  0.395800 0.407259 1 4 1.000000
jetpack
0  1.681889 9.504816 53.964046  0.810577 0.585633 -0.000039  0.395800 0.407259 1 4 1.000000
0  2.187183 8.924214 51.848442  0.807635 0.589683 -0.000402  0.363400 0.328559 1 4 1.000000
0  1.681881 9.503509 51.260921  0.667487 0.744594 -0.006439  0.395900 0.307159 1 4 1.000000
jetpack
0  2.186990 8.924815 53.964046  0.830288 0.557335 -0.000082  0.364300 0.406959 1 4 1.000000
0  2.187183 8.924214 51.848442  0.807635 0.589683 -0.000402  0.363400 0.328559 1 4 1.000000
0  1.681889 9.504816 53.964046  0.810577 0.585633 -0.000039  0.395800 0.407259 1 4 1.000000
jetpack
0  2.186990 8.924815 53.964046  0.830288 0.557335 -0.000082  0.364300 0.406959 1 4 1.000000
0  2.390290 8.520412 53.964043  0.353630 0.935385 -0.000032  0.335800 0.408559 1 4 1.000000
0  2.187183 8.924214 51.848442  0.807635 0.589683 -0.000402  0.363400 0.328559 1 4 1.000000
jetpack
0  2.186990 8.924815 53.964046  0.019595 0.014452 0.999704  0.364300 0.406959 1 4 1.000000
0  2.023989 8.679409 53.970947  0.019763 0.014994 0.999692  0.365400 0.412559 1 4 1.000000
0  2.390290 8.520412 53.964043  0.024136 0.012104 0.999635  0.335800 0.408559 1 4 1.000000
jetpack
0  2.023989 8.679409 53.970947  0.300791 0.953690 0.000073  0.365400 0.412559 1 4 1.000000
0  2.031108 8.673020 59.726151  0.515042 0.857165 -0.000189  0.365000 0.640459 1 4 1.000000
0  2.390290 8.520412 53.964043  0.353630 0.935385 -0.000032  0.335800 0.408559 1 4 1.000000
jetpack
0  2.031108 8.673020 59.726151  0.515042 0.857165 -0.000189  0.365000 0.640459 1 4 1.000000
0  2.023989 8.679409 53.970947  0.300791 0.953690 0.000073  0.365400 0.412559 1 4 1.000000
0  1.607707 8.765923 59.666149  0.213485 0.976946 0.000764  0.387100 0.635559 1 4 1.000000
jetpack
0  2.031108 8.673020 59.726151  0.153944 0.064818 -0.985951  0.365000 0.640459 1 4 1.000000
0  1.607707 8.765923 59.666149  0.153944 0.064818 -0.985951  0.387100 0.635559 1 4 1.000000
0  1.681907 9.502321 59.726147  0.153944 0.064818 -0.985951  0.395900 0.637859 1 4 1.000000
jetpack
0  1.607707 8.765923 59.666149  0.994968 -0.100196 -0.000040  0.387100 0.635559 1 4 1.000000
0  1.681889 9.504816 53.964046  0.810577 0.585633 -0.000039  0.395800 0.407259 1 4 1.000000
0  1.681907 9.502321 59.726147  0.888510 0.458824 -0.005521  0.395900 0.637859 1 4 1.000000
jetpack
0  1.681889 9.504816 53.964046  0.810577 0.585633 -0.000039  0.395800 0.407259 1 4 1.000000
0  1.192089 9.883812 53.925449  0.525580 0.850703 -0.008307  0.428800 0.408459 1 4 1.000000
0  1.681907 9.502321 59.726147  0.888510 0.458824 -0.005521  0.395900 0.637859 1 4 1.000000
jetpack
0  2.187183 8.924214 51.848442  0.807635 0.589683 -0.000402  0.363400 0.328559 1 4 1.000000
0  2.186481 8.924212 51.260941  0.754046 0.656821 -0.000904  0.364300 0.307159 1 4 1.000000
0  1.681881 9.503509 51.260921  0.667487 0.744594 -0.006439  0.395900 0.307159 1 4 1.000000
jetpack
0  1.607707 8.765923 59.666149  0.213485 0.976946 0.000764  0.387100 0.635559 1 4 1.000000
0  2.023989 8.679409 53.970947  0.300791 0.953690 0.000073  0.365400 0.412559 1 4 1.000000
0  1.607689 8.763309 53.976452  0.197558 0.980291 -0.000451  0.387100 0.414659 1 4 1.000000
jetpack
0  2.186990 8.924815 53.964046  0.019595 0.014452 0.999704  0.364300 0.406959 1 4 1.000000
0  1.607689 8.763309 53.976452  0.017056 0.015579 0.999733  0.387100 0.414659 1 4 1.000000
0  2.023989 8.679409 53.970947  0.019763 0.014994 0.999692  0.365400 0.412559 1 4 1.000000
jetpack
0  1.681889 9.504816 53.964046  0.017216 0.015002 0.999739  0.395800 0.407259 1 4 1.000000
0  1.607689 8.763309 53.976452  0.017056 0.015579 0.999733  0.387100 0.414659 1 4 1.000000
0  2.186990 8.924815 53.964046  0.019595 0.014452 0.999704  0.364300 0.406959 1 4 1.000000
jetpack
0  1.607689 8.763309 53.976452  0.995031 -0.099568 0.000043  0.387100 0.414659 1 4 1.000000
0  1.681889 9.504816 53.964046  0.810577 0.585633 -0.000039  0.395800 0.407259 1 4 1.000000
0  1.607707 8.765923 59.666149  0.994968 -0.100196 -0.000040  0.387100 0.635559 1 4 1.000000
jetpack
0  2.187183 8.924214 51.848442  0.807635 0.589683 -0.000402  0.363400 0.328559 1 4 1.000000
0  2.390290 8.520412 53.964043  0.353630 0.935385 -0.000032  0.335800 0.408559 1 4 1.000000
0  2.390883 8.517807 51.818344  0.508829 0.860867 -0.000905  0.335800 0.327659 1 4 1.000000
jetpack
0  2.390883 8.517807 51.818344  0.508829 0.860867 -0.000905  0.335800 0.327659 1 4 1.000000
0  2.390290 8.520412 53.964043  0.353630 0.935385 -0.000032  0.335800 0.408559 1 4 1.000000
0  3.729383 8.532514 51.818134  -0.010295 0.999947 -0.000785  0.263300 0.326959 1 4 1.000000
jetpack
0  6.609182 7.941109 52.141537  0.887687 -0.460442 -0.002495  0.065300 0.346059 1 4 1.000000
0  6.697785 8.361413 52.409832  0.974424 -0.224527 0.009277  0.083100 0.356159 1 4 1.000000
0  6.431315 7.551325 60.793037  0.959200 -0.282701 0.003941  0.054100 0.671559 1 4 1.000000
jetpack
0  6.697785 8.361413 52.409832  0.974424 -0.224527 0.009277  0.083100 0.356159 1 4 1.000000
0  6.741989 8.515914 52.936337  0.968375 -0.249488 0.002141  0.089800 0.376059 1 4 1.000000
0  6.431315 7.551325 60.793037  0.959200 -0.282701 0.003941  0.054100 0.671559 1 4 1.000000
jetpack
0  6.741989 8.515914 52.936337  0.968375 -0.249488 0.002141  0.089800 0.376059 1 4 1.000000
0  6.786410 8.778626 60.373837  0.999505 -0.031329 0.002987  0.099400 0.656559 1 4 1.000000
0  6.431315 7.551325 60.793037  0.959200 -0.282701 0.003941  0.054100 0.671559 1 4 1.000000
jetpack
0  6.786386 8.778614 53.023331  0.995617 0.090657 0.022963  0.099400 0.379059 1 4 1.000000
0  6.786410 8.778626 60.373837  0.999505 -0.031329 0.002987  0.099400 0.656559 1 4 1.000000
0  6.741989 8.515914 52.936337  0.968375 -0.249488 0.002141  0.089800 0.376059 1 4 1.000000
jetpack
0  6.786386 8.778614 53.023331  0.995617 0.090657 0.022963  0.099400 0.379059 1 4 1.000000
0  6.112303 9.825222 59.195137  0.545080 0.838384 0.000813  0.148400 0.611559 1 4 1.000000
0  6.786410 8.778626 60.373837  0.999505 -0.031329 0.002987  0.099400 0.656559 1 4 1.000000
jetpack
0  6.702086 9.043711 52.933933  0.845936 0.533123 0.013140  0.109200 0.375359 1 4 1.000000
0  6.112303 9.825222 59.195137  0.545080 0.838384 0.000813  0.148400 0.611559 1 4 1.000000
0  6.786386 8.778614 53.023331  0.995617 0.090657 0.022963  0.099400 0.379059 1 4 1.000000
jetpack
0  6.617885 9.142313 52.433434  0.856888 0.515363 0.012021  0.114600 0.356459 1 4 1.000000
0  6.112303 9.825222 59.195137  0.545080 0.838384 0.000813  0.148400 0.611559 1 4 1.000000
0  6.702086 9.043711 52.933933  0.845936 0.533123 0.013140  0.109200 0.375359 1 4 1.000000
jetpack
0  6.112303 9.825222 59.195137  0.545080 0.838384 0.000813  0.148400 0.611559 1 4 1.000000
0  6.617885 9.142313 52.433434  0.856888 0.515363 0.012021  0.114600 0.356459 1 4 1.000000
0  6.461190 9.425314 52.354935  0.801294 0.598242 0.005895  0.128000 0.353559 1 4 1.000000
jetpack
0  6.112303 9.825222 59.195137  0.545080 0.838384 0.000813  0.148400 0.611559 1 4 1.000000
0  6.461190 9.425314 52.354935  0.801294 0.598242 0.005895  0.128000 0.353559 1 4 1.000000
0  6.112282 9.825512 51.610115  0.215533 0.976497 0.000037  0.148300 0.325159 1 4 1.000000
jetpack
0  4.522182 9.825506 51.390930  -0.463714 0.885985 0.000034  0.211400 0.311259 1 4 1.000000
0  6.112303 9.825222 59.195137  0.545080 0.838384 0.000813  0.148400 0.611559 1 4 1.000000
0  6.112282 9.825512 51.610115  0.215533 0.976497 0.000037  0.148300 0.325159 1 4 1.000000
jetpack
0  4.522207 9.825217 59.483040  -0.603288 0.797524 0.000018  0.211400 0.627259 1 4 1.000000
0  6.112303 9.825222 59.195137  0.545080 0.838384 0.000813  0.148400 0.611559 1 4 1.000000
0  4.522182 9.825506 51.390930  -0.463714 0.885985 0.000034  0.211400 0.311259 1 4 1.000000
jetpack
0  4.522182 9.825506 51.390930  -0.463714 0.885985 0.000034  0.211400 0.311259 1 4 1.000000
0  3.729383 8.532514 51.818134  -0.852499 0.522729 0.000019  0.263300 0.326959 1 4 1.000000
0  4.522207 9.825217 59.483040  -0.603288 0.797524 0.000018  0.211400 0.627259 1 4 1.000000
jetpack
0  4.522207 9.825217 59.483040  -0.603288 0.797524 0.000018  0.211400 0.627259 1 4 1.000000
0  3.729383 8.532514 51.818134  -0.852499 0.522729 0.000019  0.263300 0.326959 1 4 1.000000
0  3.729411 8.532528 60.848042  -0.852452 0.522805 0.000002  0.265100 0.680559 1 4 1.000000
jetpack
0  3.729383 8.532514 51.818134  -0.010295 0.999947 -0.000785  0.263300 0.326959 1 4 1.000000
0  2.390290 8.520412 53.964043  0.353630 0.935385 -0.000032  0.335800 0.408559 1 4 1.000000
0  3.729411 8.532528 60.848042  -0.007567 0.999971 0.000804  0.265100 0.680559 1 4 1.000000
jetpack
0  2.393008 8.523623 59.827946  0.192048 0.981385 -0.000392  0.335800 0.640659 1 4 1.000000
0  3.729411 8.532528 60.848042  -0.007567 0.999971 0.000804  0.265100 0.680559 1 4 1.000000
0  2.390290 8.520412 53.964043  0.353630 0.935385 -0.000032  0.335800 0.408559 1 4 1.000000
jetpack
0  2.390290 8.520412 53.964043  0.353630 0.935385 -0.000032  0.335800 0.408559 1 4 1.000000
0  2.031108 8.673020 59.726151  0.515042 0.857165 -0.000189  0.365000 0.640459 1 4 1.000000
0  2.393008 8.523623 59.827946  0.192048 0.981385 -0.000392  0.335800 0.640659 1 4 1.000000
jetpack
0  2.031108 8.673020 59.726151  0.515042 0.857165 -0.000189  0.365000 0.640459 1 4 1.000000
0  2.027511 8.677526 60.848049  0.709356 0.704849 0.001416  0.364700 0.680559 1 4 1.000000
0  2.393008 8.523623 59.827946  0.192048 0.981385 -0.000392  0.335800 0.640659 1 4 1.000000
jetpack
0  1.681907 9.502321 59.726147  0.888510 0.458824 -0.005521  0.395900 0.637859 1 4 1.000000
0  2.027511 8.677526 60.848049  0.709356 0.704849 0.001416  0.364700 0.680559 1 4 1.000000
0  2.031108 8.673020 59.726151  0.515042 0.857165 -0.000189  0.365000 0.640459 1 4 1.000000
jetpack
0  2.392311 8.521023 60.848045  0.197051 0.980390 0.002634  0.336000 0.680559 1 4 1.000000
0  3.729411 8.532528 60.848042  -0.007567 0.999971 0.000804  0.265100 0.680559 1 4 1.000000
0  2.393008 8.523623 59.827946  0.192048 0.981385 -0.000392  0.335800 0.640659 1 4 1.000000
jetpack
0  2.393008 8.523623 59.827946  0.192048 0.981385 -0.000392  0.335800 0.640659 1 4 1.000000
0  2.027511 8.677526 60.848049  0.709356 0.704849 0.001416  0.364700 0.680559 1 4 1.000000
0  2.392311 8.521023 60.848045  0.197051 0.980390 0.002634  0.336000 0.680559 1 4 1.000000
jetpack
0  6.492585 8.399611 52.377434  -0.989704 0.141086 0.024105  0.484200 0.900559 1 4 1.000000
0  6.424984 7.971715 52.106434  -0.989704 0.141086 0.024105  0.459600 0.913059 1 4 1.000000
0  6.526487 8.548309 52.899036  -0.989704 0.141086 0.024105  0.492900 0.876759 1 4 1.000000
jetpack
0  6.229384 7.208607 51.820438  -0.666701 0.017157 -0.745127  0.415000 0.920759 1 4 1.000000
0  6.289682 7.714405 51.385925  -0.987991 0.149486 -0.039095  0.443500 0.945859 1 4 1.000000
0  6.286481 7.208205 51.145027  -0.995373 0.046351 -0.084173  0.415100 0.956959 1 4 1.000000
jetpack
0  6.229984 7.471207 51.820236  -0.915271 0.185045 -0.357822  0.429200 0.920759 1 4 1.000000
0  6.289682 7.714405 51.385925  -0.987991 0.149486 -0.039095  0.443500 0.945859 1 4 1.000000
0  6.229384 7.208607 51.820438  -0.666701 0.017157 -0.745127  0.415000 0.920759 1 4 1.000000
jetpack
0  6.289682 7.714405 51.385925  -0.987991 0.149486 -0.039095  0.443500 0.945859 1 4 1.000000
0  6.229984 7.471207 51.820236  -0.915271 0.185045 -0.357822  0.429200 0.920759 1 4 1.000000
0  6.424984 7.971715 52.106434  -0.946208 0.323496 -0.006441  0.459600 0.913059 1 4 1.000000
jetpack
0  6.424984 7.971715 52.106434  -0.946208 0.323496 -0.006441  0.459600 0.913059 1 4 1.000000
0  6.229984 7.471207 51.820236  -0.915271 0.185045 -0.357822  0.429200 0.920759 1 4 1.000000
0  6.223091 7.471807 53.442135  -0.960228 0.276286 -0.040354  0.429100 0.851859 1 4 1.000000
jetpack
0  6.526487 8.548309 52.899036  -0.973606 0.224725 -0.039863  0.492900 0.876759 1 4 1.000000
0  6.424984 7.971715 52.106434  -0.946208 0.323496 -0.006441  0.459600 0.913059 1 4 1.000000
0  6.223091 7.471807 53.442135  -0.960228 0.276286 -0.040354  0.429100 0.851859 1 4 1.000000
jetpack
0  6.560288 8.777313 53.399937  -0.994295 -0.082831 -0.067208  0.506000 0.851859 1 4 1.000000
0  6.526487 8.548309 52.899036  -0.973606 0.224725 -0.039863  0.492900 0.876759 1 4 1.000000
0  6.223091 7.471807 53.442135  -0.960228 0.276286 -0.040354  0.429100 0.851859 1 4 1.000000
jetpack
0  6.560286 8.777311 52.970135  -0.997031 -0.077005 0.000005  0.506000 0.873459 1 4 1.000000
0  6.526487 8.548309 52.899036  -0.973606 0.224725 -0.039863  0.492900 0.876759 1 4 1.000000
0  6.560288 8.777313 53.399937  -0.994295 -0.082831 -0.067208  0.506000 0.851859 1 4 1.000000
jetpack
0  6.560288 8.777313 53.399937  -0.994295 -0.082831 -0.067208  0.506000 0.851859 1 4 1.000000
0  6.489587 9.004313 52.899734  -0.833000 -0.547377 -0.080558  0.518000 0.878559 1 4 1.000000
0  6.560286 8.777311 52.970135  -0.997031 -0.077005 0.000005  0.506000 0.873459 1 4 1.000000
jetpack
0  5.994786 9.646511 52.937336  -0.511014 -0.855494 -0.083629  0.566000 0.868159 1 4 1.000000
0  6.489587 9.004313 52.899734  -0.833000 -0.547377 -0.080558  0.518000 0.878559 1 4 1.000000
0  6.560288 8.777313 53.399937  -0.994295 -0.082831 -0.067208  0.506000 0.851859 1 4 1.000000
jetpack
0  6.418988 9.108610 52.394032  -0.826268 -0.555115 -0.095543  0.525200 0.901659 1 4 1.000000
0  6.489587 9.004313 52.899734  -0.833000 -0.547377 -0.080558  0.518000 0.878559 1 4 1.000000
0  5.994786 9.646511 52.937336  -0.511014 -0.855494 -0.083629  0.566000 0.868159 1 4 1.000000
jetpack
0  5.994786 9.646511 52.937336  -0.511014 -0.855494 -0.083629  0.566000 0.868159 1 4 1.000000
0  6.289386 9.370612 52.310837  -0.796865 -0.593425 -0.113375  0.541500 0.905659 1 4 1.000000
0  6.418988 9.108610 52.394032  -0.826268 -0.555115 -0.095543  0.525200 0.901659 1 4 1.000000
jetpack
0  5.994782 9.726711 51.610123  -0.176054 -0.982607 -0.059055  0.566100 0.937759 1 4 1.000000
0  6.289386 9.370612 52.310837  -0.796865 -0.593425 -0.113375  0.541500 0.905659 1 4 1.000000
0  5.994786 9.646511 52.937336  -0.511014 -0.855494 -0.083629  0.566000 0.868159 1 4 1.000000
jetpack
0  4.643483 9.646511 52.735737  0.564596 -0.824549 -0.036752  0.643600 0.868159 1 4 1.000000
0  5.994782 9.726711 51.610123  -0.176054 -0.982607 -0.059055  0.566100 0.937759 1 4 1.000000
0  5.994786 9.646511 52.937336  -0.511014 -0.855494 -0.083629  0.566000 0.868159 1 4 1.000000
jetpack
0  4.643479 9.726709 51.390732  0.479379 -0.876052 -0.052237  0.643600 0.937959 1 4 1.000000
0  5.994782 9.726711 51.610123  -0.176054 -0.982607 -0.059055  0.566100 0.937759 1 4 1.000000
0  4.643483 9.646511 52.735737  0.564596 -0.824549 -0.036752  0.643600 0.868159 1 4 1.000000
jetpack
0  4.643483 9.646511 52.735737  0.564596 -0.824549 -0.036752  0.643600 0.868159 1 4 1.000000
0  3.899683 8.370304 51.818138  0.867955 -0.496549 -0.009615  0.729200 0.937659 1 4 1.000000
0  4.643479 9.726709 51.390732  0.479379 -0.876052 -0.052237  0.643600 0.937959 1 4 1.000000
jetpack
0  4.125188 8.776713 53.399841  0.867312 -0.497751 0.003659  0.695400 0.866459 1 4 1.000000
0  3.899683 8.370304 51.818138  0.867955 -0.496549 -0.009615  0.729200 0.937659 1 4 1.000000
0  4.643483 9.646511 52.735737  0.564596 -0.824549 -0.036752  0.643600 0.868159 1 4 1.000000
jetpack
0  3.899683 8.370304 51.818138  0.867955 -0.496549 -0.009615  0.729200 0.937659 1 4 1.000000
0  4.125188 8.776713 53.399841  0.867312 -0.497751 0.003659  0.695400 0.866459 1 4 1.000000
0  3.898485 8.371610 52.424744  0.941075 -0.338193 0.001602  0.728900 0.909959 1 4 1.000000
jetpack
0  4.125188 8.776713 53.399841  0.867312 -0.497751 0.003659  0.695400 0.866459 1 4 1.000000
0  3.898188 8.369708 53.398144  0.967689 -0.252149 -0.000198  0.728300 0.866459 1 4 1.000000
0  3.898485 8.371610 52.424744  0.941075 -0.338193 0.001602  0.728900 0.909959 1 4 1.000000
jetpack
0  -3.899717 8.370306 51.818146  -0.000768 -0.999997 0.002149  0.729200 0.937659 1 4 1.000000
0  -2.205317 8.369005 51.818138  -0.000236 -0.999998 0.002149  0.813200 0.937259 1 4 1.000000
0  -3.898515 8.371609 52.424767  -0.000766 -0.999997 0.002154  0.728900 0.909959 1 4 1.000000
jetpack
0  -3.898515 8.371609 52.424767  -0.000766 -0.999997 0.002154  0.728900 0.909959 1 4 1.000000
0  -2.205317 8.369005 51.818138  -0.000236 -0.999998 0.002149  0.813200 0.937259 1 4 1.000000
0  -2.181815 8.370303 52.424557  -0.000236 -0.999998 0.002052  0.813200 0.910059 1 4 1.000000
jetpack
0  -2.205317 8.369005 51.818138  -0.000236 -0.999998 0.002149  0.813200 0.937259 1 4 1.000000
0  -0.000017 8.369705 51.818245  0.000001 -0.999999 0.001186  0.901400 0.937359 1 4 1.000000
0  -2.181815 8.370303 52.424557  -0.000236 -0.999998 0.002052  0.813200 0.910059 1 4 1.000000
jetpack
0  -2.181815 8.370303 52.424557  -0.000236 -0.999998 0.002052  0.813200 0.910059 1 4 1.000000
0  -0.000017 8.369705 51.818245  0.000001 -0.999999 0.001186  0.901400 0.937359 1 4 1.000000
0  -0.000015 8.370305 52.424149  0.000000 -1.000000 0.000990  0.901400 0.909859 1 4 1.000000
jetpack
0  -0.000015 8.370305 52.424149  0.000000 -1.000000 0.000990  0.901400 0.909859 1 4 1.000000
0  -0.000017 8.369705 51.818245  0.000001 -0.999999 0.001186  0.901400 0.937359 1 4 1.000000
0  2.181785 8.370305 52.424545  0.000237 -0.999998 0.002042  0.813200 0.910059 1 4 1.000000
jetpack
0  2.181785 8.370305 52.424545  0.000237 -0.999998 0.002042  0.813200 0.910059 1 4 1.000000
0  -0.000017 8.369705 51.818245  0.000001 -0.999999 0.001186  0.901400 0.937359 1 4 1.000000
0  2.205283 8.369013 51.818146  0.000236 -0.999998 0.002140  0.813200 0.937259 1 4 1.000000
jetpack
0  2.205283 8.369013 51.818146  0.000236 -0.999998 0.002140  0.813200 0.937259 1 4 1.000000
0  3.898485 8.371610 52.424744  0.000762 -0.999997 0.002156  0.728900 0.909959 1 4 1.000000
0  2.181785 8.370305 52.424545  0.000237 -0.999998 0.002042  0.813200 0.910059 1 4 1.000000
jetpack
0  3.899683 8.370304 51.818138  0.000762 -0.999997 0.002154  0.729200 0.937659 1 4 1.000000
0  3.898485 8.371610 52.424744  0.000762 -0.999997 0.002156  0.728900 0.909959 1 4 1.000000
0  2.205283 8.369013 51.818146  0.000236 -0.999998 0.002140  0.813200 0.937259 1 4 1.000000
jetpack
0  -6.526514 8.548306 52.899075  0.989704 0.141085 0.024097  0.492900 0.876759 1 4 1.000000
0  -6.425016 7.971704 52.106476  0.989704 0.141085 0.024097  0.459600 0.913059 1 4 1.000000
0  -6.492615 8.399604 52.377476  0.989704 0.141085 0.024097  0.484200 0.900559 1 4 1.000000
jetpack
0  -6.223111 7.471804 53.442177  0.960227 0.276289 -0.040362  0.429100 0.851859 1 4 1.000000
0  -6.425016 7.971704 52.106476  0.946206 0.323501 -0.006449  0.459600 0.913059 1 4 1.000000
0  -6.526514 8.548306 52.899075  0.973605 0.224728 -0.039872  0.492900 0.876759 1 4 1.000000
jetpack
0  -6.223111 7.471804 53.442177  0.960227 0.276289 -0.040362  0.429100 0.851859 1 4 1.000000
0  -6.526514 8.548306 52.899075  0.973605 0.224728 -0.039872  0.492900 0.876759 1 4 1.000000
0  -6.560310 8.777306 53.399979  0.993944 -0.107616 -0.022245  0.506000 0.851859 1 4 1.000000
jetpack
0  -6.560310 8.777306 53.399979  0.993944 -0.107616 -0.022245  0.506000 0.851859 1 4 1.000000
0  -6.526514 8.548306 52.899075  0.973605 0.224728 -0.039872  0.492900 0.876759 1 4 1.000000
0  -6.560314 8.777304 52.970177  0.973761 -0.214463 -0.076121  0.506000 0.873459 1 4 1.000000
jetpack
0  -6.560310 8.777306 53.399979  0.993944 -0.107616 -0.022245  0.506000 0.851859 1 4 1.000000
0  -6.560314 8.777304 52.970177  0.973761 -0.214463 -0.076121  0.506000 0.873459 1 4 1.000000
0  -5.994816 9.646505 52.937374  0.518744 -0.850661 -0.085329  0.566000 0.868159 1 4 1.000000
jetpack
0  -6.489614 9.004305 52.899773  0.695289 -0.505804 -0.510623  0.518000 0.878559 1 4 1.000000
0  -5.994816 9.646505 52.937374  0.518744 -0.850661 -0.085329  0.566000 0.868159 1 4 1.000000
0  -6.560314 8.777304 52.970177  0.973761 -0.214463 -0.076121  0.506000 0.873459 1 4 1.000000
jetpack
0  -6.419015 9.108603 52.394073  0.826273 -0.555108 -0.095544  0.525200 0.901659 1 4 1.000000
0  -5.994816 9.646505 52.937374  0.518744 -0.850661 -0.085329  0.566000 0.868159 1 4 1.000000
0  -6.489614 9.004305 52.899773  0.695289 -0.505804 -0.510623  0.518000 0.878559 1 4 1.000000
jetpack
0  -6.289416 9.370604 52.310875  0.796868 -0.593420 -0.113377  0.541500 0.905659 1 4 1.000000
0  -5.994816 9.646505 52.937374  0.518744 -0.850661 -0.085329  0.566000 0.868159 1 4 1.000000
0  -6.419015 9.108603 52.394073  0.826273 -0.555108 -0.095544  0.525200 0.901659 1 4 1.000000
jetpack
0  -5.994818 9.726707 51.610168  0.176055 -0.982607 -0.059057  0.566100 0.937759 1 4 1.000000
0  -5.994816 9.646505 52.937374  0.518744 -0.850661 -0.085329  0.566000 0.868159 1 4 1.000000
0  -6.289416 9.370604 52.310875  0.796868 -0.593420 -0.113377  0.541500 0.905659 1 4 1.000000
jetpack
0  -5.994818 9.726707 51.610168  0.176055 -0.982607 -0.059057  0.566100 0.937759 1 4 1.000000
0  -4.643614 9.646505 52.735767  -0.564559 -0.824574 -0.036744  0.643600 0.868159 1 4 1.000000
0  -5.994816 9.646505 52.937374  0.518744 -0.850661 -0.085329  0.566000 0.868159 1 4 1.000000
jetpack
0  -4.643618 9.726704 51.390759  -0.479360 -0.876062 -0.052236  0.643600 0.937959 1 4 1.000000
0  -4.643614 9.646505 52.735767  -0.564559 -0.824574 -0.036744  0.643600 0.868159 1 4 1.000000
0  -5.994818 9.726707 51.610168  0.176055 -0.982607 -0.059057  0.566100 0.937759 1 4 1.000000
jetpack
0  -4.643618 9.726704 51.390759  -0.479360 -0.876062 -0.052236  0.643600 0.937959 1 4 1.000000
0  -3.899717 8.370306 51.818146  -0.867926 -0.496600 -0.009604  0.729200 0.937659 1 4 1.000000
0  -4.643614 9.646505 52.735767  -0.564559 -0.824574 -0.036744  0.643600 0.868159 1 4 1.000000
jetpack
0  -4.643614 9.646505 52.735767  -0.564559 -0.824574 -0.036744  0.643600 0.868159 1 4 1.000000
0  -3.899717 8.370306 51.818146  -0.867926 -0.496600 -0.009604  0.729200 0.937659 1 4 1.000000
0  -4.125212 8.776709 53.399864  -0.867334 -0.497713 0.003634  0.695400 0.866459 1 4 1.000000
jetpack
0  -4.125212 8.776709 53.399864  -0.867334 -0.497713 0.003634  0.695400 0.866459 1 4 1.000000
0  -3.899717 8.370306 51.818146  -0.867926 -0.496600 -0.009604  0.729200 0.937659 1 4 1.000000
0  -3.898515 8.371609 52.424767  -0.941076 -0.338191 0.001581  0.728900 0.909959 1 4 1.000000
jetpack
0  -3.898312 8.369707 53.398170  -0.967697 -0.252117 -0.000291  0.728300 0.866459 1 4 1.000000
0  -4.125212 8.776709 53.399864  -0.867334 -0.497713 0.003634  0.695400 0.866459 1 4 1.000000
0  -3.898515 8.371609 52.424767  -0.941076 -0.338191 0.001581  0.728900 0.909959 1 4 1.000000
jetpack
0  -6.223111 7.471804 53.442177  0.960227 0.276289 -0.040362  0.429100 0.851859 1 4 1.000000
0  -6.230016 7.471203 51.820274  0.979252 0.198125 -0.042569  0.429200 0.920759 1 4 1.000000
0  -6.425016 7.971704 52.106476  0.946206 0.323501 -0.006449  0.459600 0.913059 1 4 1.000000
jetpack
0  -6.425016 7.971704 52.106476  0.946206 0.323501 -0.006449  0.459600 0.913059 1 4 1.000000
0  -6.230016 7.471203 51.820274  0.979252 0.198125 -0.042569  0.429200 0.920759 1 4 1.000000
0  -6.289719 7.714404 51.385963  0.987990 0.149489 -0.039104  0.443500 0.945859 1 4 1.000000
jetpack
0  -6.286519 7.208201 51.145073  0.995372 0.046353 -0.084183  0.415100 0.956959 1 4 1.000000
0  -6.289719 7.714404 51.385963  0.987990 0.149489 -0.039104  0.443500 0.945859 1 4 1.000000
0  -6.229416 7.208602 51.820473  0.993878 0.026309 -0.107309  0.415000 0.920759 1 4 1.000000
jetpack
0  -6.229416 7.208602 51.820473  0.993878 0.026309 -0.107309  0.415000 0.920759 1 4 1.000000
0  -6.289719 7.714404 51.385963  0.987990 0.149489 -0.039104  0.443500 0.945859 1 4 1.000000
0  -6.230016 7.471203 51.820274  0.979252 0.198125 -0.042569  0.429200 0.920759 1 4 1.000000
jetpack
0  6.609182 7.941109 52.141537  0.887687 -0.460442 -0.002495  0.065300 0.346059 1 4 1.000000
0  6.431315 7.551325 60.793037  0.959200 -0.282701 0.003941  0.054100 0.671559 1 4 1.000000
0  6.432082 7.681909 51.410923  0.835475 -0.549476 -0.007580  0.054700 0.318259 1 4 1.000000
jetpack
0  5.123719 6.997427 62.925743  0.659800 -0.009288 0.751384  0.034300 0.759459 1 4 1.000000
0  6.431315 7.551325 60.793037  0.968235 -0.036619 0.247344  0.054100 0.671559 1 4 1.000000
0  5.141019 7.445125 62.917645  0.655578 -0.011675 0.755037  0.051700 0.759059 1 4 1.000000
jetpack
0  6.359613 6.200623 60.892838  0.963549 -0.031521 0.265668  0.003800 0.675059 1 4 1.000000
0  6.431315 7.551325 60.793037  0.968235 -0.036619 0.247344  0.054100 0.671559 1 4 1.000000
0  5.123719 6.997427 62.925743  0.659800 -0.009288 0.751384  0.034300 0.759459 1 4 1.000000
jetpack
0  6.359613 6.200623 60.892838  0.963549 -0.031521 0.265668  0.003800 0.675059 1 4 1.000000
0  6.358496 6.966911 55.701439  0.994884 -0.101016 -0.001048  0.034700 0.480159 1 4 1.000000
0  6.431315 7.551325 60.793037  0.968235 -0.036619 0.247344  0.054100 0.671559 1 4 1.000000
jetpack
0  6.431315 7.551325 60.793037  0.968235 -0.036619 0.247344  0.054100 0.671559 1 4 1.000000
0  6.358496 6.966911 55.701439  0.994884 -0.101016 -0.001048  0.034700 0.480159 1 4 1.000000
0  6.432082 7.681909 51.410923  0.998233 -0.058974 0.007293  0.054700 0.318259 1 4 1.000000
jetpack
0  6.407982 7.208206 51.180214  0.998650 -0.051301 0.008192  0.036600 0.308459 1 4 1.000000
0  6.432082 7.681909 51.410923  0.998233 -0.058974 0.007293  0.054700 0.318259 1 4 1.000000
0  6.358496 6.966911 55.701439  0.994884 -0.101016 -0.001048  0.034700 0.480159 1 4 1.000000
jetpack
0  6.407982 7.208206 51.180214  0.998650 -0.051301 0.008192  0.036600 0.308459 1 4 1.000000
0  6.358496 6.966911 55.701439  0.994884 -0.101016 -0.001048  0.034700 0.480159 1 4 1.000000
0  6.359784 6.197805 51.025909  0.998768 -0.048913 0.008321  0.001200 0.301259 1 4 1.000000
jetpack
0  5.994786 9.646511 52.937336  0.029761 -0.518402 -0.854619  0.095000 0.983359 1 4 1.000000
0  4.125188 8.776713 53.399841  0.031799 -0.215279 -0.976035  0.013400 0.938259 1 4 1.000000
0  4.643483 9.646511 52.735737  0.112810 -0.644574 -0.756173  0.035800 0.983459 1 4 1.000000
jetpack
0  6.560288 8.777313 53.399937  0.000094 -0.232199 -0.972668  0.119600 0.938259 1 4 1.000000
0  4.125188 8.776713 53.399841  0.031799 -0.215279 -0.976035  0.013400 0.938259 1 4 1.000000
0  5.994786 9.646511 52.937336  0.029761 -0.518402 -0.854619  0.095000 0.983359 1 4 1.000000
jetpack
0  6.560288 8.777313 53.399937  0.000094 -0.232199 -0.972668  0.119600 0.938259 1 4 1.000000
0  6.223091 7.471807 53.442135  0.006565 -0.021843 -0.999740  0.106800 0.881359 1 4 1.000000
0  4.125188 8.776713 53.399841  0.031799 -0.215279 -0.976035  0.013400 0.938259 1 4 1.000000
jetpack
0  4.125188 8.776713 53.399841  0.031799 -0.215279 -0.976035  0.013400 0.938259 1 4 1.000000
0  6.223091 7.471807 53.442135  0.006565 -0.021843 -0.999740  0.106800 0.881359 1 4 1.000000
0  3.898188 7.471807 53.392345  0.018615 0.002505 -0.999824  0.005500 0.881259 1 4 1.000000
jetpack
0  3.898188 7.471807 53.392345  0.018615 0.002505 -0.999824  0.005500 0.881259 1 4 1.000000
0  3.898188 8.369708 53.398144  -0.004099 0.006457 -0.999971  0.005500 0.920459 1 4 1.000000
0  4.125188 8.776713 53.399841  0.031799 -0.215279 -0.976035  0.013400 0.938259 1 4 1.000000
jetpack
0  3.093887 8.730309 52.954842  0.081712 0.994342 0.067875  0.513600 0.995259 1 4 1.000000
0  1.032485 8.907110 52.596043  0.084228 0.996421 0.007069  0.662200 0.971359 1 4 1.000000
0  1.032486 8.907107 52.954849  0.085451 0.996342 0.000003  0.662200 0.995259 1 4 1.000000
jetpack
0  3.595611 8.366524 60.593842  0.000000 0.000000 1.000000  0.996800 0.971359 1 4 1.000000
0  3.595610 8.697824 60.593842  0.000019 0.000000 1.000000  0.972200 0.971359 1 4 1.000000
0  3.283311 8.366518 60.593845  0.000018 0.000000 1.000000  0.996600 0.995259 1 4 1.000000
jetpack
0  3.283311 8.366518 60.593845  0.000018 0.000000 1.000000  0.996600 0.995259 1 4 1.000000
0  3.595610 8.697824 60.593842  0.000019 0.000000 1.000000  0.972200 0.971359 1 4 1.000000
0  3.283310 8.697824 60.593845  0.000037 0.000000 1.000000  0.972100 0.995259 1 4 1.000000
jetpack
0  3.283310 8.697824 60.593845  -0.000000 1.000000 -0.000002  0.972100 0.995259 1 4 1.000000
0  3.595610 8.697824 60.593842  -0.000000 1.000000 -0.000002  0.972200 0.971359 1 4 1.000000
0  3.283287 8.697811 53.144142  0.034894 0.998929 0.030387  0.496300 0.995259 1 4 1.000000
jetpack
0  3.283287 8.697811 53.144142  0.034894 0.998929 0.030387  0.496300 0.995259 1 4 1.000000
0  3.595610 8.697824 60.593842  -0.000000 1.000000 -0.000002  0.972200 0.971359 1 4 1.000000
0  3.595586 8.697814 52.785442  0.063463 0.996454 0.055247  0.469400 0.971359 1 4 1.000000
jetpack
0  3.595586 8.697814 52.785442  0.063463 0.996454 0.055247  0.469400 0.971359 1 4 1.000000
0  3.093887 8.730309 52.954842  0.081712 0.994342 0.067875  0.513600 0.995259 1 4 1.000000
0  3.283287 8.697811 53.144142  0.034894 0.998929 0.030387  0.496300 0.995259 1 4 1.000000
jetpack
0  3.406185 8.730309 52.596035  0.084909 0.993644 0.073905  0.489600 0.971359 1 4 1.000000
0  3.093887 8.730309 52.954842  0.081712 0.994342 0.067875  0.513600 0.995259 1 4 1.000000
0  3.595586 8.697814 52.785442  0.063463 0.996454 0.055247  0.469400 0.971359 1 4 1.000000
jetpack
0  3.406185 8.730309 52.596035  0.084909 0.993644 0.073905  0.489600 0.971359 1 4 1.000000
0  1.032485 8.907110 52.596043  0.084228 0.996421 0.007069  0.662200 0.971359 1 4 1.000000
0  3.093887 8.730309 52.954842  0.081712 0.994342 0.067875  0.513600 0.995259 1 4 1.000000
jetpack
0  3.406185 8.730309 52.596035  0.358458 -0.000027 -0.933546  0.489600 0.971359 1 4 1.000000
0  1.032485 8.366507 52.596046  -0.000006 -0.000009 -1.000000  0.662200 0.946159 1 4 1.000000
0  1.032485 8.907110 52.596043  -0.000006 -0.000007 -1.000000  0.662200 0.971359 1 4 1.000000
jetpack
0  3.595586 8.366509 52.785442  0.923883 0.000000 -0.382674  0.469500 0.946159 1 4 1.000000
0  3.595610 8.697824 60.593842  1.000000 0.000004 -0.000003  0.972200 0.971359 1 4 1.000000
0  3.595611 8.366524 60.593842  1.000000 0.000004 -0.000003  0.972500 0.946159 1 4 1.000000
jetpack
0  3.595586 8.697814 52.785442  0.917909 -0.000007 -0.396791  0.469400 0.971359 1 4 1.000000
0  3.595610 8.697824 60.593842  1.000000 0.000004 -0.000003  0.972200 0.971359 1 4 1.000000
0  3.595586 8.366509 52.785442  0.923883 0.000000 -0.382674  0.469500 0.946159 1 4 1.000000
jetpack
0  3.406185 8.366508 52.596046  0.382702 -0.000022 -0.923872  0.489600 0.946159 1 4 1.000000
0  3.595586 8.697814 52.785442  0.917909 -0.000007 -0.396791  0.469400 0.971359 1 4 1.000000
0  3.595586 8.366509 52.785442  0.923883 0.000000 -0.382674  0.469500 0.946159 1 4 1.000000
jetpack
0  3.406185 8.730309 52.596035  0.358458 -0.000027 -0.933546  0.489600 0.971359 1 4 1.000000
0  3.595586 8.697814 52.785442  0.917909 -0.000007 -0.396791  0.469400 0.971359 1 4 1.000000
0  3.406185 8.366508 52.596046  0.382702 -0.000022 -0.923872  0.489600 0.946159 1 4 1.000000
jetpack
0  3.406185 8.366508 52.596046  0.382702 -0.000022 -0.923872  0.489600 0.946159 1 4 1.000000
0  1.032485 8.366507 52.596046  -0.000006 -0.000009 -1.000000  0.662200 0.946159 1 4 1.000000
0  3.406185 8.730309 52.596035  0.358458 -0.000027 -0.933546  0.489600 0.971359 1 4 1.000000
jetpack
0  -1.629591 8.678720 60.304062  0.000001 0.000000 1.000000  0.731300 0.971359 1 4 1.000000
0  -3.355890 8.151616 60.304066  0.000001 0.000000 1.000000  0.633300 0.995259 1 4 1.000000
0  -1.629590 8.151621 60.304062  0.000001 0.000000 1.000000  0.731300 0.995259 1 4 1.000000
jetpack
0  -3.355891 8.678718 60.304066  0.000000 0.000000 1.000000  0.633300 0.971359 1 4 1.000000
0  -3.355890 8.151616 60.304066  0.000000 0.000000 1.000000  0.633300 0.995259 1 4 1.000000
0  -1.629591 8.678720 60.304062  0.000000 0.000000 1.000000  0.731300 0.971359 1 4 1.000000
jetpack
0  -1.629592 8.678720 59.983162  -0.000002 1.000000 0.000000  0.731300 0.946159 1 4 1.000000
0  -3.355891 8.678718 60.304066  -0.000002 1.000000 0.000000  0.633300 0.971359 1 4 1.000000
0  -1.629591 8.678720 60.304062  -0.000002 1.000000 0.000000  0.731300 0.971359 1 4 1.000000
jetpack
0  -3.355891 8.678720 59.983166  0.000000 1.000000 0.000014  0.633300 0.946159 1 4 1.000000
0  -3.355891 8.678718 60.304066  0.000000 1.000000 0.000014  0.633300 0.971359 1 4 1.000000
0  -1.629592 8.678720 59.983162  0.000000 1.000000 0.000014  0.731300 0.946159 1 4 1.000000
jetpack
0  3.898185 7.209206 52.419643  0.000150 0.001936 -0.999998  0.769500 0.819659 1 4 1.000000
0  -0.000015 7.209203 52.419056  -0.000004 0.004394 -0.999990  0.995400 0.819659 1 4 1.000000
0  3.898085 7.469308 52.420147  0.000105 0.003531 -0.999994  0.769500 0.829159 1 4 1.000000
jetpack
0  3.898485 8.371610 52.424744  0.000113 0.005094 -0.999987  0.769500 0.862059 1 4 1.000000
0  3.898085 7.469308 52.420147  0.000105 0.003531 -0.999994  0.769500 0.829159 1 4 1.000000
0  2.181785 8.370305 52.424545  0.000020 0.004784 -0.999989  0.869500 0.861959 1 4 1.000000
jetpack
0  2.181785 8.370305 52.424545  0.000020 0.004784 -0.999989  0.869500 0.861959 1 4 1.000000
0  3.898085 7.469308 52.420147  0.000105 0.003531 -0.999994  0.769500 0.829159 1 4 1.000000
0  -0.000015 7.209203 52.419056  -0.000004 0.004394 -0.999990  0.995400 0.819659 1 4 1.000000
jetpack
0  -0.000015 8.370305 52.424149  -0.000005 0.004386 -0.999990  0.995400 0.861959 1 4 1.000000
0  2.181785 8.370305 52.424545  0.000020 0.004784 -0.999989  0.869500 0.861959 1 4 1.000000
0  -0.000015 7.209203 52.419056  -0.000004 0.004394 -0.999990  0.995400 0.819659 1 4 1.000000
jetpack
0  -2.181815 8.370303 52.424557  -0.000025 0.004783 -0.999989  0.869500 0.861959 1 4 1.000000
0  -0.000015 8.370305 52.424149  -0.000005 0.004386 -0.999990  0.995400 0.861959 1 4 1.000000
0  -0.000015 7.209203 52.419056  -0.000004 0.004394 -0.999990  0.995400 0.819659 1 4 1.000000
jetpack
0  -3.898115 7.469303 52.420170  -0.000111 0.003531 -0.999994  0.769500 0.829159 1 4 1.000000
0  -2.181815 8.370303 52.424557  -0.000025 0.004783 -0.999989  0.869500 0.861959 1 4 1.000000
0  -0.000015 7.209203 52.419056  -0.000004 0.004394 -0.999990  0.995400 0.819659 1 4 1.000000
jetpack
0  -0.000015 7.209203 52.419056  -0.000004 0.004394 -0.999990  0.995400 0.819659 1 4 1.000000
0  -3.898215 7.209201 52.419666  -0.000156 0.001936 -0.999998  0.769500 0.819659 1 4 1.000000
0  -3.898115 7.469303 52.420170  -0.000111 0.003531 -0.999994  0.769500 0.829159 1 4 1.000000
jetpack
0  -3.898515 8.371609 52.424767  -0.000123 0.005094 -0.999987  0.769500 0.862059 1 4 1.000000
0  -2.181815 8.370303 52.424557  -0.000025 0.004783 -0.999989  0.869500 0.861959 1 4 1.000000
0  -3.898115 7.469303 52.420170  -0.000111 0.003531 -0.999994  0.769500 0.829159 1 4 1.000000
jetpack
0  5.599176 8.950603 50.122101  -0.326143 -0.514108 -0.793299  0.652100 0.703759 1 4 1.000000
0  5.724877 8.646705 50.152412  -0.537114 -0.000040 -0.843510  0.615900 0.668259 1 4 1.000000
0  5.599176 8.342706 50.122108  -0.326152 0.514152 -0.793267  0.615500 0.617459 1 4 1.000000
jetpack
0  5.293777 8.216207 50.048409  0.163019 0.718627 -0.676017  0.651000 0.581159 1 4 1.000000
0  4.988078 8.342707 49.974617  0.651695 0.514434 -0.557360  0.701800 0.580959 1 4 1.000000
0  5.599176 8.342706 50.122108  -0.326152 0.514152 -0.793267  0.615500 0.617459 1 4 1.000000
jetpack
0  5.599176 8.342706 50.122108  -0.326152 0.514152 -0.793267  0.615500 0.617459 1 4 1.000000
0  4.988078 8.342707 49.974617  0.651695 0.514434 -0.557360  0.701800 0.580959 1 4 1.000000
0  5.599176 8.950603 50.122101  -0.326143 -0.514108 -0.793299  0.652100 0.703759 1 4 1.000000
jetpack
0  4.988077 8.950603 49.974609  0.651718 -0.514404 -0.557363  0.738400 0.667159 1 4 1.000000
0  5.599176 8.950603 50.122101  -0.326143 -0.514108 -0.793299  0.652100 0.703759 1 4 1.000000
0  4.988078 8.342707 49.974617  0.651695 0.514434 -0.557360  0.701800 0.580959 1 4 1.000000
jetpack
0  5.293777 9.077211 50.048409  0.163007 -0.718675 -0.675969  0.702800 0.703359 1 4 1.000000
0  5.599176 8.950603 50.122101  -0.326143 -0.514108 -0.793299  0.652100 0.703759 1 4 1.000000
0  4.988077 8.950603 49.974609  0.651718 -0.514404 -0.557363  0.738400 0.667159 1 4 1.000000
jetpack
0  4.862077 8.646704 49.944221  0.862676 -0.000035 -0.505758  0.738000 0.616359 1 4 1.000000
0  4.988077 8.950603 49.974609  0.651718 -0.514404 -0.557363  0.738400 0.667159 1 4 1.000000
0  4.988078 8.342707 49.974617  0.651695 0.514434 -0.557360  0.701800 0.580959 1 4 1.000000
jetpack
0  -1.107981 9.991831 63.679169  0.000000 0.000004 1.000000  0.613500 0.510659 1 4 1.000000
0  -1.014480 9.761127 63.679169  0.000002 0.000002 1.000000  0.618700 0.491559 1 4 1.000000
0  -0.496681 10.611832 63.679161  -0.000001 0.000014 1.000000  0.647500 0.544859 1 4 1.000000
jetpack
0  1.111019 9.991829 63.679153  0.000008 -0.000009 1.000000  0.736800 0.510659 1 4 1.000000
0  -1.014480 9.761127 63.679169  0.000002 0.000002 1.000000  0.618700 0.491559 1 4 1.000000
0  1.017620 9.761131 63.679153  0.000005 -0.000003 1.000000  0.731600 0.491559 1 4 1.000000
jetpack
0  1.111019 9.991829 63.679153  0.000008 -0.000009 1.000000  0.736800 0.510659 1 4 1.000000
0  0.499819 10.611833 63.679169  0.000006 -0.000005 1.000000  0.702800 0.544859 1 4 1.000000
0  -1.014480 9.761127 63.679169  0.000002 0.000002 1.000000  0.618700 0.491559 1 4 1.000000
jetpack
0  -0.496681 10.611832 63.679161  -0.000001 0.000014 1.000000  0.647500 0.544859 1 4 1.000000
0  -1.014480 9.761127 63.679169  0.000002 0.000002 1.000000  0.618700 0.491559 1 4 1.000000
0  0.499819 10.611833 63.679169  0.000006 -0.000005 1.000000  0.702800 0.544859 1 4 1.000000
jetpack
0  0.001619 10.791235 63.679161  -0.000007 0.000021 1.000000  0.675200 0.554759 1 4 1.000000
0  -0.496681 10.611832 63.679161  -0.000001 0.000014 1.000000  0.647500 0.544859 1 4 1.000000
0  0.499819 10.611833 63.679169  0.000006 -0.000005 1.000000  0.702800 0.544859 1 4 1.000000
jetpack
0  6.061816 9.396628 62.503937  -0.000005 -0.000003 -1.000000  0.700700 0.703759 1 4 1.000000
0  6.372518 8.647027 62.503937  -0.000016 -0.000003 -1.000000  0.736900 0.668259 1 4 1.000000
0  6.061817 7.896621 62.503941  -0.000003 -0.000003 -1.000000  0.737300 0.617459 1 4 1.000000
jetpack
0  6.061817 7.896621 62.503941  -0.000003 -0.000003 -1.000000  0.737300 0.617459 1 4 1.000000
0  4.561920 7.896620 62.503944  -0.000002 -0.000003 -1.000000  0.651000 0.580959 1 4 1.000000
0  6.061816 9.396628 62.503937  -0.000005 -0.000003 -1.000000  0.700700 0.703759 1 4 1.000000
jetpack
0  4.561919 9.396629 62.503941  -0.000005 -0.000003 -1.000000  0.614400 0.667159 1 4 1.000000
0  6.061816 9.396628 62.503937  -0.000005 -0.000003 -1.000000  0.700700 0.703759 1 4 1.000000
0  4.561920 7.896620 62.503944  -0.000002 -0.000003 -1.000000  0.651000 0.580959 1 4 1.000000
jetpack
0  4.251217 8.647023 62.503944  0.000000 -0.000003 -1.000000  0.614800 0.616359 1 4 1.000000
0  4.561919 9.396629 62.503941  -0.000005 -0.000003 -1.000000  0.614400 0.667159 1 4 1.000000
0  4.561920 7.896620 62.503944  -0.000002 -0.000003 -1.000000  0.651000 0.580959 1 4 1.000000
jetpack
0  5.311917 9.707029 62.503937  -0.000002 -0.000006 -1.000000  0.649900 0.703359 1 4 1.000000
0  6.061816 9.396628 62.503937  -0.000005 -0.000003 -1.000000  0.700700 0.703759 1 4 1.000000
0  4.561919 9.396629 62.503941  -0.000005 -0.000003 -1.000000  0.614400 0.667159 1 4 1.000000
jetpack
0  5.311922 7.586220 62.503944  0.000001 -0.000006 -1.000000  0.701700 0.581159 1 4 1.000000
0  4.561920 7.896620 62.503944  -0.000002 -0.000003 -1.000000  0.651000 0.580959 1 4 1.000000
0  6.061817 7.896621 62.503941  -0.000003 -0.000003 -1.000000  0.737300 0.617459 1 4 1.000000
jetpack
0  1.456081 8.832607 51.288334  0.000019 0.000011 -1.000000  0.614400 0.667159 1 4 1.000000
0  1.032081 7.809201 51.288342  0.000132 -0.000063 -1.000000  0.649900 0.703359 1 4 1.000000
0  0.008482 7.385003 51.288231  -0.000004 0.000026 -1.000000  0.700700 0.703759 1 4 1.000000
jetpack
0  0.008482 7.385003 51.288231  -0.000004 0.000026 -1.000000  0.700700 0.703759 1 4 1.000000
0  -1.439319 8.832605 51.288338  -0.000029 0.000015 -1.000000  0.737300 0.617459 1 4 1.000000
0  1.456081 8.832607 51.288334  0.000019 0.000011 -1.000000  0.614400 0.667159 1 4 1.000000
jetpack
0  -1.439319 8.832605 51.288338  -0.000029 0.000015 -1.000000  0.737300 0.617459 1 4 1.000000
0  0.008480 10.280313 51.288338  -0.000006 -0.000000 -1.000000  0.651000 0.580959 1 4 1.000000
0  1.456081 8.832607 51.288334  0.000019 0.000011 -1.000000  0.614400 0.667159 1 4 1.000000
jetpack
0  -1.015219 9.856411 51.288345  -0.000018 0.000013 -1.000000  0.701700 0.581159 1 4 1.000000
0  0.008480 10.280313 51.288338  -0.000006 -0.000000 -1.000000  0.651000 0.580959 1 4 1.000000
0  -1.439319 8.832605 51.288338  -0.000029 0.000015 -1.000000  0.737300 0.617459 1 4 1.000000
jetpack
0  1.032081 9.856408 51.288322  -0.000018 -0.000021 -1.000000  0.614800 0.616359 1 4 1.000000
0  1.456081 8.832607 51.288334  0.000019 0.000011 -1.000000  0.614400 0.667159 1 4 1.000000
0  0.008480 10.280313 51.288338  -0.000006 -0.000000 -1.000000  0.651000 0.580959 1 4 1.000000
jetpack
0  -1.015218 7.809202 51.288349  -0.000158 -0.000071 -1.000000  0.736900 0.668259 1 4 1.000000
0  -1.439319 8.832605 51.288338  -0.000029 0.000015 -1.000000  0.737300 0.617459 1 4 1.000000
0  0.008482 7.385003 51.288231  -0.000004 0.000026 -1.000000  0.700700 0.703759 1 4 1.000000
jetpack
0  0.820025 9.644033 65.250885  0.000000 0.000002 1.000000  0.529600 0.519159 1 4 1.000000
0  0.008524 9.980432 65.250885  0.000000 0.000000 1.000000  0.540700 0.530459 1 4 1.000000
0  -0.803175 9.644033 65.250885  0.000005 0.000004 1.000000  0.556500 0.530559 1 4 1.000000
jetpack
0  -0.803175 9.644033 65.250885  0.000005 0.000004 1.000000  0.556500 0.530559 1 4 1.000000
0  -0.803175 8.021228 65.250893  0.000004 0.000000 1.000000  0.567900 0.503659 1 4 1.000000
0  0.820025 9.644033 65.250885  0.000000 0.000002 1.000000  0.529600 0.519159 1 4 1.000000
jetpack
0  -0.803175 8.021228 65.250893  0.000004 0.000000 1.000000  0.567900 0.503659 1 4 1.000000
0  0.820025 8.021234 65.250885  -0.000000 -0.000002 1.000000  0.541000 0.492259 1 4 1.000000
0  0.820025 9.644033 65.250885  0.000000 0.000002 1.000000  0.529600 0.519159 1 4 1.000000
jetpack
0  0.008526 7.684829 65.250885  -0.000002 -0.000011 1.000000  0.556800 0.492259 1 4 1.000000
0  0.820025 8.021234 65.250885  -0.000000 -0.000002 1.000000  0.541000 0.492259 1 4 1.000000
0  -0.803175 8.021228 65.250893  0.000004 0.000000 1.000000  0.567900 0.503659 1 4 1.000000
jetpack
0  1.156325 8.832628 65.250885  0.000000 0.000000 1.000000  0.529700 0.503259 1 4 1.000000
0  0.820025 9.644033 65.250885  0.000000 0.000002 1.000000  0.529600 0.519159 1 4 1.000000
0  0.820025 8.021234 65.250885  -0.000000 -0.000002 1.000000  0.541000 0.492259 1 4 1.000000
jetpack
0  -1.139375 8.832630 65.250893  0.000028 0.000005 1.000000  0.567800 0.519459 1 4 1.000000
0  -0.803175 8.021228 65.250893  0.000004 0.000000 1.000000  0.567900 0.503659 1 4 1.000000
0  -0.803175 9.644033 65.250885  0.000005 0.000004 1.000000  0.556500 0.530559 1 4 1.000000
jetpack
0  1.032121 9.856433 64.187279  0.000006 0.000002 1.000000  0.614400 0.667159 1 4 1.000000
0  0.008521 10.280633 64.187286  0.000000 -0.000009 1.000000  0.649900 0.703359 1 4 1.000000
0  -1.015179 9.856432 64.187286  0.000006 0.000002 1.000000  0.700700 0.703759 1 4 1.000000
jetpack
0  -1.015179 9.856432 64.187286  0.000006 0.000002 1.000000  0.700700 0.703759 1 4 1.000000
0  -1.015178 7.808927 64.187294  0.000006 0.000002 1.000000  0.737300 0.617459 1 4 1.000000
0  1.032121 9.856433 64.187279  0.000006 0.000002 1.000000  0.614400 0.667159 1 4 1.000000
jetpack
0  -1.015178 7.808927 64.187294  0.000006 0.000002 1.000000  0.737300 0.617459 1 4 1.000000
0  1.032122 7.808926 64.187286  0.000006 0.000002 1.000000  0.651000 0.580959 1 4 1.000000
0  1.032121 9.856433 64.187279  0.000006 0.000002 1.000000  0.614400 0.667159 1 4 1.000000
jetpack
0  0.008522 7.384725 64.187286  -0.000000 -0.000009 1.000000  0.701700 0.581159 1 4 1.000000
0  1.032122 7.808926 64.187286  0.000006 0.000002 1.000000  0.651000 0.580959 1 4 1.000000
0  -1.015178 7.808927 64.187294  0.000006 0.000002 1.000000  0.737300 0.617459 1 4 1.000000
jetpack
0  1.456122 8.832629 64.187279  0.000035 0.000004 1.000000  0.614800 0.616359 1 4 1.000000
0  1.032121 9.856433 64.187279  0.000006 0.000002 1.000000  0.614400 0.667159 1 4 1.000000
0  1.032122 7.808926 64.187286  0.000006 0.000002 1.000000  0.651000 0.580959 1 4 1.000000
jetpack
0  -1.439278 8.832628 64.187294  0.000035 0.000004 1.000000  0.736900 0.668259 1 4 1.000000
0  -1.015178 7.808927 64.187294  0.000006 0.000002 1.000000  0.737300 0.617459 1 4 1.000000
0  -1.015179 9.856432 64.187286  0.000006 0.000002 1.000000  0.700700 0.703759 1 4 1.000000
jetpack
0  -4.566981 7.896616 62.503975  0.000002 0.000000 -1.000000  0.614400 0.667159 1 4 1.000000
0  -5.316876 7.586215 62.503975  0.000000 0.000006 -1.000000  0.649900 0.703359 1 4 1.000000
0  -6.066878 7.896616 62.503979  -0.000005 -0.000001 -1.000000  0.700700 0.703759 1 4 1.000000
jetpack
0  -6.066878 7.896616 62.503979  -0.000005 -0.000001 -1.000000  0.700700 0.703759 1 4 1.000000
0  -6.066879 9.396626 62.503975  -0.000004 -0.000001 -1.000000  0.737300 0.617459 1 4 1.000000
0  -4.566981 7.896616 62.503975  0.000002 0.000000 -1.000000  0.614400 0.667159 1 4 1.000000
jetpack
0  -6.066879 9.396626 62.503975  -0.000004 -0.000001 -1.000000  0.737300 0.617459 1 4 1.000000
0  -4.566982 9.396625 62.503975  0.000004 -0.000000 -1.000000  0.651000 0.580959 1 4 1.000000
0  -4.566981 7.896616 62.503975  0.000002 0.000000 -1.000000  0.614400 0.667159 1 4 1.000000
jetpack
0  -5.316883 9.707025 62.503975  -0.000004 0.000000 -1.000000  0.701700 0.581159 1 4 1.000000
0  -4.566982 9.396625 62.503975  0.000004 -0.000000 -1.000000  0.651000 0.580959 1 4 1.000000
0  -6.066879 9.396626 62.503975  -0.000004 -0.000001 -1.000000  0.737300 0.617459 1 4 1.000000
jetpack
0  -4.256281 8.647020 62.503971  0.000000 -0.000000 -1.000000  0.614800 0.616359 1 4 1.000000
0  -4.566981 7.896616 62.503975  0.000002 0.000000 -1.000000  0.614400 0.667159 1 4 1.000000
0  -4.566982 9.396625 62.503975  0.000004 -0.000000 -1.000000  0.651000 0.580959 1 4 1.000000
jetpack
0  -6.377584 8.647018 62.503979  -0.000033 -0.000003 -1.000000  0.736900 0.668259 1 4 1.000000
0  -6.066879 9.396626 62.503975  -0.000004 -0.000001 -1.000000  0.737300 0.617459 1 4 1.000000
0  -6.066878 7.896616 62.503979  -0.000005 -0.000001 -1.000000  0.700700 0.703759 1 4 1.000000
jetpack
0  3.355910 8.151621 60.304047  0.000001 0.000000 1.000000  0.633300 0.995259 1 4 1.000000
0  1.629610 8.678722 60.304050  0.000003 0.000000 1.000000  0.731300 0.971359 1 4 1.000000
0  1.629610 8.151623 60.304050  0.000004 0.000000 1.000000  0.731300 0.995259 1 4 1.000000
jetpack
0  3.355910 8.678722 60.304047  0.000000 0.000000 1.000000  0.633300 0.971359 1 4 1.000000
0  1.629610 8.678722 60.304050  0.000003 0.000000 1.000000  0.731300 0.971359 1 4 1.000000
0  3.355910 8.151621 60.304047  0.000001 0.000000 1.000000  0.633300 0.995259 1 4 1.000000
jetpack
0  3.355910 8.678722 60.304047  -0.000000 1.000000 0.000000  0.633300 0.971359 1 4 1.000000
0  1.629609 8.678721 59.983150  -0.000000 1.000000 0.000001  0.731300 0.946159 1 4 1.000000
0  1.629610 8.678722 60.304050  0.000000 1.000000 0.000001  0.731300 0.971359 1 4 1.000000
jetpack
0  3.355909 8.678722 59.983147  -0.000001 1.000000 0.000000  0.633300 0.946159 1 4 1.000000
0  1.629609 8.678721 59.983150  -0.000000 1.000000 0.000001  0.731300 0.946159 1 4 1.000000
0  3.355910 8.678722 60.304047  -0.000000 1.000000 0.000000  0.633300 0.971359 1 4 1.000000
jetpack
0  0.008527 9.980433 65.977783  0.000000 0.000295 -1.000000  0.701700 0.581159 1 4 1.000000
0  0.820027 9.644035 65.977684  0.000056 0.000049 -1.000000  0.651000 0.580959 1 4 1.000000
0  -0.803173 9.644035 65.977684  -0.000002 0.000047 -1.000000  0.737300 0.617459 1 4 1.000000
jetpack
0  -0.803173 9.644035 65.977684  -0.000002 0.000047 -1.000000  0.737300 0.617459 1 4 1.000000
0  0.820027 9.644035 65.977684  0.000056 0.000049 -1.000000  0.651000 0.580959 1 4 1.000000
0  0.820028 8.021231 65.977684  0.000054 -0.000003 -1.000000  0.614400 0.667159 1 4 1.000000
jetpack
0  -0.803172 8.021235 65.977692  -0.000004 -0.000006 -1.000000  0.700700 0.703759 1 4 1.000000
0  -0.803173 9.644035 65.977684  -0.000002 0.000047 -1.000000  0.737300 0.617459 1 4 1.000000
0  0.820028 8.021231 65.977684  0.000054 -0.000003 -1.000000  0.614400 0.667159 1 4 1.000000
jetpack
0  0.820028 8.021231 65.977684  0.000054 -0.000003 -1.000000  0.614400 0.667159 1 4 1.000000
0  0.008528 7.684831 65.977692  0.000000 -0.000011 -1.000000  0.649900 0.703359 1 4 1.000000
0  -0.803172 8.021235 65.977692  -0.000004 -0.000006 -1.000000  0.700700 0.703759 1 4 1.000000
jetpack
0  -1.139373 8.832632 65.977692  0.000000 -0.000005 -1.000000  0.736900 0.668259 1 4 1.000000
0  -0.803173 9.644035 65.977684  -0.000002 0.000047 -1.000000  0.737300 0.617459 1 4 1.000000
0  -0.803172 8.021235 65.977692  -0.000004 -0.000006 -1.000000  0.700700 0.703759 1 4 1.000000
jetpack
0  1.156327 8.832632 65.977783  0.000336 0.000000 -1.000000  0.614800 0.616359 1 4 1.000000
0  0.820028 8.021231 65.977684  0.000054 -0.000003 -1.000000  0.614400 0.667159 1 4 1.000000
0  0.820027 9.644035 65.977684  0.000056 0.000049 -1.000000  0.651000 0.580959 1 4 1.000000
jetpack
0  4.880681 9.077810 50.385803  -0.707086 0.707128 0.000144  0.903500 0.160559 1 4 1.000000
0  4.880579 9.077810 49.994316  -0.721317 0.692580 -0.005914  0.903500 0.128659 1 4 1.000000
0  4.702076 8.646703 50.385826  -1.000000 0.000035 0.000242  0.875500 0.160559 1 4 1.000000
jetpack
0  4.880681 9.077810 50.385803  -0.707086 0.707128 0.000144  0.903500 0.160559 1 4 1.000000
0  5.311977 9.256510 50.098312  -0.044725 0.996329 0.072994  0.927300 0.128659 1 4 1.000000
0  4.880579 9.077810 49.994316  -0.721317 0.692580 -0.005914  0.903500 0.128659 1 4 1.000000
jetpack
0  5.311978 8.036903 50.098312  -0.044703 -0.996329 0.073005  0.927300 0.128659 1 4 1.000000
0  5.743078 8.215502 50.202400  0.667780 -0.728664 0.152050  0.952300 0.128659 1 4 1.000000
0  5.311879 8.036903 50.385826  -0.000058 -1.000000 0.000012  0.927300 0.160559 1 4 1.000000
jetpack
0  4.880679 8.215502 50.385818  -0.707038 -0.707176 0.000138  0.903500 0.160559 1 4 1.000000
0  5.311978 8.036903 50.098312  -0.044703 -0.996329 0.073005  0.927300 0.128659 1 4 1.000000
0  5.311879 8.036903 50.385826  -0.000058 -1.000000 0.000012  0.927300 0.160559 1 4 1.000000
jetpack
0  4.880578 8.215503 49.994324  -0.721292 -0.692606 -0.005894  0.903500 0.128659 1 4 1.000000
0  5.311978 8.036903 50.098312  -0.044703 -0.996329 0.073005  0.927300 0.128659 1 4 1.000000
0  4.880679 8.215502 50.385818  -0.707038 -0.707176 0.000138  0.903500 0.160559 1 4 1.000000
jetpack
0  4.702076 8.646703 50.385826  -1.000000 0.000035 0.000242  0.875500 0.160559 1 4 1.000000
0  4.880578 8.215503 49.994324  -0.721292 -0.692606 -0.005894  0.903500 0.128659 1 4 1.000000
0  4.880679 8.215502 50.385818  -0.707038 -0.707176 0.000138  0.903500 0.160559 1 4 1.000000
jetpack
0  4.701977 8.646704 49.951202  -0.999194 0.000039 -0.040130  0.875500 0.128659 1 4 1.000000
0  4.880578 8.215503 49.994324  -0.721292 -0.692606 -0.005894  0.903500 0.128659 1 4 1.000000
0  4.702076 8.646703 50.385826  -1.000000 0.000035 0.000242  0.875500 0.160559 1 4 1.000000
jetpack
0  4.702076 8.646703 50.385826  -1.000000 0.000035 0.000242  0.875500 0.160559 1 4 1.000000
0  4.880579 9.077810 49.994316  -0.721317 0.692580 -0.005914  0.903500 0.128659 1 4 1.000000
0  4.701977 8.646704 49.951202  -0.999194 0.000039 -0.040130  0.875500 0.128659 1 4 1.000000
jetpack
0  4.880579 9.077810 49.994316  -0.721317 0.692580 -0.005914  0.903500 0.128659 1 4 1.000000
0  5.271469 9.415802 46.766296  -0.710069 0.704025 -0.012280  0.903500 0.002559 1 4 1.000000
0  4.701977 8.646704 49.951202  -0.999194 0.000039 -0.040130  0.875500 0.128659 1 4 1.000000
jetpack
0  4.880579 9.077810 49.994316  -0.721317 0.692580 -0.005914  0.903500 0.128659 1 4 1.000000
0  6.040967 9.734308 46.951992  -0.036166 0.989226 0.141862  0.927300 0.002659 1 4 1.000000
0  5.271469 9.415802 46.766296  -0.710069 0.704025 -0.012280  0.903500 0.002559 1 4 1.000000
jetpack
0  5.311977 9.256510 50.098312  -0.044725 0.996329 0.072994  0.927300 0.128659 1 4 1.000000
0  6.040967 9.734308 46.951992  -0.036166 0.989226 0.141862  0.927300 0.002659 1 4 1.000000
0  4.880579 9.077810 49.994316  -0.721317 0.692580 -0.005914  0.903500 0.128659 1 4 1.000000
jetpack
0  5.311977 9.256510 50.098312  -0.044725 0.996329 0.072994  0.927300 0.128659 1 4 1.000000
0  6.809868 9.415804 47.137493  0.640005 0.707084 0.300710  0.952400 0.002759 1 4 1.000000
0  6.040967 9.734308 46.951992  -0.036166 0.989226 0.141862  0.927300 0.002659 1 4 1.000000
jetpack
0  5.743080 9.077805 50.202408  0.667825 0.728621 0.152053  0.952300 0.128659 1 4 1.000000
0  6.809868 9.415804 47.137493  0.640005 0.707084 0.300710  0.952400 0.002759 1 4 1.000000
0  5.311977 9.256510 50.098312  -0.044725 0.996329 0.072994  0.927300 0.128659 1 4 1.000000
jetpack
0  5.311881 9.256507 50.385811  -0.000052 1.000000 0.000016  0.927300 0.160559 1 4 1.000000
0  5.743080 9.077805 50.202408  0.667825 0.728621 0.152053  0.952300 0.128659 1 4 1.000000
0  5.311977 9.256510 50.098312  -0.044725 0.996329 0.072994  0.927300 0.128659 1 4 1.000000
jetpack
0  5.311881 9.256507 50.385811  -0.000052 1.000000 0.000016  0.927300 0.160559 1 4 1.000000
0  5.311977 9.256510 50.098312  -0.044725 0.996329 0.072994  0.927300 0.128659 1 4 1.000000
0  4.880681 9.077810 50.385803  -0.707086 0.707128 0.000144  0.903500 0.160559 1 4 1.000000
jetpack
0  5.311881 9.256507 50.385811  -0.000004 0.536870 -0.843665  0.927300 0.160559 1 4 1.000000
0  4.880681 9.077810 50.385803  -0.379600 0.379610 -0.843683  0.903500 0.160559 1 4 1.000000
0  5.311881 9.804909 50.734810  0.000003 0.536879 -0.843659  0.923200 0.196259 1 4 1.000000
jetpack
0  5.311881 9.804909 50.734810  0.000003 0.536879 -0.843659  0.923200 0.196259 1 4 1.000000
0  4.880681 9.077810 50.385803  -0.379600 0.379610 -0.843683  0.903500 0.160559 1 4 1.000000
0  4.492781 9.465610 50.734810  -0.379577 0.379586 -0.843704  0.892800 0.196259 1 4 1.000000
jetpack
0  4.880681 9.077810 50.385803  -0.379600 0.379610 -0.843683  0.903500 0.160559 1 4 1.000000
0  4.702076 8.646703 50.385826  -0.536702 0.000061 -0.843772  0.875500 0.160559 1 4 1.000000
0  4.492781 9.465610 50.734810  -0.379577 0.379586 -0.843704  0.892800 0.196259 1 4 1.000000
jetpack
0  4.492781 9.465610 50.734810  -0.379577 0.379586 -0.843704  0.892800 0.196259 1 4 1.000000
0  4.702076 8.646703 50.385826  -0.536702 0.000061 -0.843772  0.875500 0.160559 1 4 1.000000
0  4.153379 8.646704 50.734818  -0.536699 0.000023 -0.843774  0.856900 0.196259 1 4 1.000000
jetpack
0  4.702076 8.646703 50.385826  -0.536702 0.000061 -0.843772  0.875500 0.160559 1 4 1.000000
0  4.880679 8.215502 50.385818  -0.379512 -0.379566 -0.843742  0.903500 0.160559 1 4 1.000000
0  4.153379 8.646704 50.734818  -0.536699 0.000023 -0.843774  0.856900 0.196259 1 4 1.000000
jetpack
0  5.311879 8.036903 50.385826  -0.000058 -1.000000 0.000012  0.927300 0.160559 1 4 1.000000
0  5.743078 8.215502 50.202400  0.667780 -0.728664 0.152050  0.952300 0.128659 1 4 1.000000
0  5.742979 8.215503 50.385818  0.707220 -0.706994 0.000211  0.952300 0.160559 1 4 1.000000
jetpack
0  4.153379 8.646704 50.734818  -0.536699 0.000023 -0.843774  0.856900 0.196259 1 4 1.000000
0  4.880679 8.215502 50.385818  -0.379512 -0.379566 -0.843742  0.903500 0.160559 1 4 1.000000
0  4.492785 7.827603 50.734810  -0.379528 -0.379575 -0.843731  0.892800 0.196259 1 4 1.000000
jetpack
0  4.880679 8.215502 50.385818  -0.379512 -0.379566 -0.843742  0.903500 0.160559 1 4 1.000000
0  5.311879 8.036903 50.385826  0.000015 -0.536754 -0.843739  0.927300 0.160559 1 4 1.000000
0  4.492785 7.827603 50.734810  -0.379528 -0.379575 -0.843731  0.892800 0.196259 1 4 1.000000
jetpack
0  4.492785 7.827603 50.734810  -0.379528 -0.379575 -0.843731  0.892800 0.196259 1 4 1.000000
0  5.311879 8.036903 50.385826  0.000015 -0.536754 -0.843739  0.927300 0.160559 1 4 1.000000
0  5.311883 7.488306 50.734818  0.000012 -0.536749 -0.843742  0.923200 0.196259 1 4 1.000000
jetpack
0  5.311879 8.036903 50.385826  0.000015 -0.536754 -0.843739  0.927300 0.160559 1 4 1.000000
0  5.742979 8.215503 50.385818  0.379574 -0.379529 -0.843730  0.952300 0.160559 1 4 1.000000
0  5.311883 7.488306 50.734818  0.000012 -0.536749 -0.843742  0.923200 0.196259 1 4 1.000000
jetpack
0  5.311883 7.488306 50.734818  0.000012 -0.536749 -0.843742  0.923200 0.196259 1 4 1.000000
0  5.742979 8.215503 50.385818  0.379574 -0.379529 -0.843730  0.952300 0.160559 1 4 1.000000
0  6.130880 7.827604 50.734810  0.379561 -0.379535 -0.843734  0.955100 0.196259 1 4 1.000000
jetpack
0  6.809868 9.415804 47.137493  0.234621 0.000054 -0.972087  0.952400 0.002759 1 4 1.000000
0  6.739469 9.342007 47.120495  0.234655 0.000058 -0.972079  0.900000 0.002759 1 4 1.000000
0  6.040967 9.734308 46.951992  0.234509 -0.000110 -0.972114  0.927300 0.002659 1 4 1.000000
jetpack
0  6.809868 9.415804 47.137493  0.234621 0.000054 -0.972087  0.952400 0.002759 1 4 1.000000
0  7.026866 8.646699 47.189896  0.234111 -0.000001 -0.972210  0.872600 0.002759 1 4 1.000000
0  6.739469 9.342007 47.120495  0.234655 0.000058 -0.972079  0.900000 0.002759 1 4 1.000000
jetpack
0  7.127768 8.646700 47.214191  0.234073 -0.000002 -0.972219  0.979800 0.002759 1 4 1.000000
0  7.026866 8.646699 47.189896  0.234111 -0.000001 -0.972210  0.872600 0.002759 1 4 1.000000
0  6.809868 9.415804 47.137493  0.234621 0.000054 -0.972087  0.952400 0.002759 1 4 1.000000
jetpack
0  7.127768 8.646700 47.214191  0.929115 0.000026 0.369790  0.979800 0.002759 1 4 1.000000
0  6.809868 9.415804 47.137493  0.640005 0.707084 0.300710  0.952400 0.002759 1 4 1.000000
0  5.921378 8.646705 50.245407  0.982655 0.000033 0.185440  0.979800 0.128659 1 4 1.000000
jetpack
0  5.921378 8.646705 50.245407  0.982655 0.000033 0.185440  0.979800 0.128659 1 4 1.000000
0  6.809868 9.415804 47.137493  0.640005 0.707084 0.300710  0.952400 0.002759 1 4 1.000000
0  5.743080 9.077805 50.202408  0.667825 0.728621 0.152053  0.952300 0.128659 1 4 1.000000
jetpack
0  5.742980 9.077809 50.385815  0.707251 0.706962 0.000187  0.952300 0.160559 1 4 1.000000
0  5.921378 8.646705 50.245407  0.982655 0.000033 0.185440  0.979800 0.128659 1 4 1.000000
0  5.743080 9.077805 50.202408  0.667825 0.728621 0.152053  0.952300 0.128659 1 4 1.000000
jetpack
0  5.742980 9.077809 50.385815  0.707251 0.706962 0.000187  0.952300 0.160559 1 4 1.000000
0  5.743080 9.077805 50.202408  0.667825 0.728621 0.152053  0.952300 0.128659 1 4 1.000000
0  5.311881 9.256507 50.385811  -0.000052 1.000000 0.000016  0.927300 0.160559 1 4 1.000000
jetpack
0  5.742980 9.077809 50.385815  0.379625 0.379569 -0.843689  0.952300 0.160559 1 4 1.000000
0  5.311881 9.256507 50.385811  -0.000004 0.536870 -0.843665  0.927300 0.160559 1 4 1.000000
0  6.130879 9.465615 50.734833  0.379626 0.379609 -0.843671  0.955100 0.196259 1 4 1.000000
jetpack
0  6.130879 9.465615 50.734833  0.379626 0.379609 -0.843671  0.955100 0.196259 1 4 1.000000
0  5.311881 9.256507 50.385811  -0.000004 0.536870 -0.843665  0.927300 0.160559 1 4 1.000000
0  5.311881 9.804909 50.734810  0.000003 0.536879 -0.843659  0.923200 0.196259 1 4 1.000000
jetpack
0  6.130879 9.465615 50.734833  0.707097 0.707117 -0.000027  0.955100 0.196259 1 4 1.000000
0  5.311881 9.804909 50.734810  0.000008 1.000000 -0.000019  0.923200 0.196259 1 4 1.000000
0  6.130914 9.466028 61.859135  0.706961 0.707252 -0.000012  0.955100 0.611659 1 4 1.000000
jetpack
0  6.130914 9.466028 61.859135  0.706961 0.707252 -0.000012  0.955100 0.611659 1 4 1.000000
0  5.311881 9.804909 50.734810  0.000008 1.000000 -0.000019  0.923200 0.196259 1 4 1.000000
0  5.311916 9.804929 61.859135  0.000008 1.000000 -0.000019  0.923200 0.611659 1 4 1.000000
jetpack
0  5.311881 9.804909 50.734810  0.000008 1.000000 -0.000019  0.923200 0.196259 1 4 1.000000
0  4.492781 9.465610 50.734810  -0.707033 0.707180 -0.000007  0.892800 0.196259 1 4 1.000000
0  5.311916 9.804929 61.859135  0.000008 1.000000 -0.000019  0.923200 0.611659 1 4 1.000000
jetpack
0  5.311916 9.804929 61.859135  0.000008 1.000000 -0.000019  0.923200 0.611659 1 4 1.000000
0  4.492781 9.465610 50.734810  -0.707033 0.707180 -0.000007  0.892800 0.196259 1 4 1.000000
0  4.492816 9.466028 61.859138  -0.706905 0.707308 -0.000023  0.892800 0.611659 1 4 1.000000
jetpack
0  4.492781 9.465610 50.734810  -0.707033 0.707180 -0.000007  0.892800 0.196259 1 4 1.000000
0  4.153379 8.646704 50.734818  -1.000000 0.000036 0.000001  0.856900 0.196259 1 4 1.000000
0  4.492816 9.466028 61.859138  -0.706905 0.707308 -0.000023  0.892800 0.611659 1 4 1.000000
jetpack
0  4.492816 9.466028 61.859138  -0.706905 0.707308 -0.000023  0.892800 0.611659 1 4 1.000000
0  4.153379 8.646704 50.734818  -1.000000 0.000036 0.000001  0.856900 0.196259 1 4 1.000000
0  4.153414 8.647023 61.859142  -1.000000 0.000143 -0.000007  0.856900 0.611659 1 4 1.000000
jetpack
0  4.153379 8.646704 50.734818  -1.000000 0.000036 0.000001  0.856900 0.196259 1 4 1.000000
0  4.492785 7.827603 50.734810  -0.707078 -0.707136 -0.000005  0.892800 0.196259 1 4 1.000000
0  4.153414 8.647023 61.859142  -1.000000 0.000143 -0.000007  0.856900 0.611659 1 4 1.000000
jetpack
0  4.153414 8.647023 61.859142  -1.000000 0.000143 -0.000007  0.856900 0.611659 1 4 1.000000
0  4.492785 7.827603 50.734810  -0.707078 -0.707136 -0.000005  0.892800 0.196259 1 4 1.000000
0  4.492820 7.827325 61.859142  -0.707060 -0.707153 -0.000003  0.892800 0.611659 1 4 1.000000
jetpack
0  4.492785 7.827603 50.734810  -0.707078 -0.707136 -0.000005  0.892800 0.196259 1 4 1.000000
0  5.311883 7.488306 50.734818  0.000026 -1.000000 -0.000011  0.923200 0.196259 1 4 1.000000
0  4.492820 7.827325 61.859142  -0.707060 -0.707153 -0.000003  0.892800 0.611659 1 4 1.000000
jetpack
0  4.492820 7.827325 61.859142  -0.707060 -0.707153 -0.000003  0.892800 0.611659 1 4 1.000000
0  5.311883 7.488306 50.734818  0.000026 -1.000000 -0.000011  0.923200 0.196259 1 4 1.000000
0  5.311916 7.488322 61.859039  0.000032 -1.000000 -0.000011  0.923200 0.611659 1 4 1.000000
jetpack
0  5.311883 7.488306 50.734818  0.000026 -1.000000 -0.000011  0.923200 0.196259 1 4 1.000000
0  6.130880 7.827604 50.734810  0.707117 -0.707097 -0.000007  0.955100 0.196259 1 4 1.000000
0  5.311916 7.488322 61.859039  0.000032 -1.000000 -0.000011  0.923200 0.611659 1 4 1.000000
jetpack
0  5.311916 7.488322 61.859039  0.000032 -1.000000 -0.000011  0.923200 0.611659 1 4 1.000000
0  6.130880 7.827604 50.734810  0.707117 -0.707097 -0.000007  0.955100 0.196259 1 4 1.000000
0  6.130915 7.827325 61.859138  0.707110 -0.707104 -0.000009  0.955100 0.611659 1 4 1.000000
jetpack
0  6.470214 8.647025 61.859135  1.000000 0.000161 -0.000005  0.994900 0.611659 1 4 1.000000
0  6.130879 9.465615 50.734833  0.707097 0.707117 -0.000027  0.955100 0.196259 1 4 1.000000
0  6.130914 9.466028 61.859135  0.706961 0.707252 -0.000012  0.955100 0.611659 1 4 1.000000
jetpack
0  6.470181 8.646706 50.734818  1.000000 0.000035 -0.000014  0.994900 0.196259 1 4 1.000000
0  6.130879 9.465615 50.734833  0.707097 0.707117 -0.000027  0.955100 0.196259 1 4 1.000000
0  6.470214 8.647025 61.859135  1.000000 0.000161 -0.000005  0.994900 0.611659 1 4 1.000000
jetpack
0  6.470181 8.646706 50.734818  0.536754 0.000032 -0.843739  0.994900 0.196259 1 4 1.000000
0  5.742980 9.077809 50.385815  0.379625 0.379569 -0.843689  0.952300 0.160559 1 4 1.000000
0  6.130879 9.465615 50.734833  0.379626 0.379609 -0.843671  0.955100 0.196259 1 4 1.000000
jetpack
0  5.921576 8.646705 50.385818  0.536752 0.000020 -0.843740  0.979800 0.160559 1 4 1.000000
0  5.742980 9.077809 50.385815  0.379625 0.379569 -0.843689  0.952300 0.160559 1 4 1.000000
0  6.470181 8.646706 50.734818  0.536754 0.000032 -0.843739  0.994900 0.196259 1 4 1.000000
jetpack
0  5.921576 8.646705 50.385818  0.999999 0.000043 -0.001407  0.979800 0.160559 1 4 1.000000
0  5.921378 8.646705 50.245407  0.982655 0.000033 0.185440  0.979800 0.128659 1 4 1.000000
0  5.742980 9.077809 50.385815  0.707251 0.706962 0.000187  0.952300 0.160559 1 4 1.000000
jetpack
0  5.311922 7.728121 62.376640  -0.000097 -0.907318 0.420444  0.923100 0.638059 1 4 1.000000
0  6.130915 7.827325 61.859138  0.641492 -0.641525 0.420635  0.955100 0.611659 1 4 1.000000
0  5.961317 7.997124 62.376640  0.641626 -0.641339 0.420714  0.954800 0.638059 1 4 1.000000
jetpack
0  5.311916 7.488322 61.859039  -0.000067 -0.907315 0.420451  0.923200 0.611659 1 4 1.000000
0  6.130915 7.827325 61.859138  0.641492 -0.641525 0.420635  0.955100 0.611659 1 4 1.000000
0  5.311922 7.728121 62.376640  -0.000097 -0.907318 0.420444  0.923100 0.638059 1 4 1.000000
jetpack
0  4.662517 7.997123 62.376644  -0.641470 -0.641490 0.420721  0.892700 0.638059 1 4 1.000000
0  5.311916 7.488322 61.859039  -0.000067 -0.907315 0.420451  0.923200 0.611659 1 4 1.000000
0  5.311922 7.728121 62.376640  -0.000097 -0.907318 0.420444  0.923100 0.638059 1 4 1.000000
jetpack
0  4.492820 7.827325 61.859142  -0.641367 -0.641537 0.420808  0.892800 0.611659 1 4 1.000000
0  5.311916 7.488322 61.859039  -0.000067 -0.907315 0.420451  0.923200 0.611659 1 4 1.000000
0  4.662517 7.997123 62.376644  -0.641470 -0.641490 0.420721  0.892700 0.638059 1 4 1.000000
jetpack
0  4.393416 8.647024 62.376644  -0.907187 0.000191 0.420729  0.856900 0.638059 1 4 1.000000
0  4.492820 7.827325 61.859142  -0.641367 -0.641537 0.420808  0.892800 0.611659 1 4 1.000000
0  4.662517 7.997123 62.376644  -0.641470 -0.641490 0.420721  0.892700 0.638059 1 4 1.000000
jetpack
0  4.153414 8.647023 61.859142  -0.907176 0.000145 0.420751  0.856900 0.611659 1 4 1.000000
0  4.492820 7.827325 61.859142  -0.641367 -0.641537 0.420808  0.892800 0.611659 1 4 1.000000
0  4.393416 8.647024 62.376644  -0.907187 0.000191 0.420729  0.856900 0.638059 1 4 1.000000
jetpack
0  4.662516 9.296229 62.376640  -0.641367 0.641546 0.420794  0.892700 0.638059 1 4 1.000000
0  4.153414 8.647023 61.859142  -0.907176 0.000145 0.420751  0.856900 0.611659 1 4 1.000000
0  4.393416 8.647024 62.376644  -0.907187 0.000191 0.420729  0.856900 0.638059 1 4 1.000000
jetpack
0  4.492816 9.466028 61.859138  -0.641327 0.641616 0.420747  0.892800 0.611659 1 4 1.000000
0  4.153414 8.647023 61.859142  -0.907176 0.000145 0.420751  0.856900 0.611659 1 4 1.000000
0  4.662516 9.296229 62.376640  -0.641367 0.641546 0.420794  0.892700 0.638059 1 4 1.000000
jetpack
0  5.311916 9.565130 62.376640  0.000102 0.907293 0.420500  0.923100 0.638059 1 4 1.000000
0  4.492816 9.466028 61.859138  -0.641327 0.641616 0.420747  0.892800 0.611659 1 4 1.000000
0  4.662516 9.296229 62.376640  -0.641367 0.641546 0.420794  0.892700 0.638059 1 4 1.000000
jetpack
0  5.311916 9.804929 61.859135  0.000083 0.907298 0.420489  0.923200 0.611659 1 4 1.000000
0  4.492816 9.466028 61.859138  -0.641327 0.641616 0.420747  0.892800 0.611659 1 4 1.000000
0  5.311916 9.565130 62.376640  0.000102 0.907293 0.420500  0.923100 0.638059 1 4 1.000000
jetpack
0  5.961316 9.296227 62.376637  0.641402 0.641603 0.420654  0.954800 0.638059 1 4 1.000000
0  5.311916 9.804929 61.859135  0.000083 0.907298 0.420489  0.923200 0.611659 1 4 1.000000
0  5.311916 9.565130 62.376640  0.000102 0.907293 0.420500  0.923100 0.638059 1 4 1.000000
jetpack
0  6.130914 9.466028 61.859135  0.641327 0.641649 0.420697  0.955100 0.611659 1 4 1.000000
0  5.311916 9.804929 61.859135  0.000083 0.907298 0.420489  0.923200 0.611659 1 4 1.000000
0  5.961316 9.296227 62.376637  0.641402 0.641603 0.420654  0.954800 0.638059 1 4 1.000000
jetpack
0  6.230318 8.647026 62.376637  0.907253 0.000176 0.420585  0.994900 0.638059 1 4 1.000000
0  6.130914 9.466028 61.859135  0.641327 0.641649 0.420697  0.955100 0.611659 1 4 1.000000
0  5.961316 9.296227 62.376637  0.641402 0.641603 0.420654  0.954800 0.638059 1 4 1.000000
jetpack
0  6.470214 8.647025 61.859135  0.907263 0.000121 0.420565  0.994900 0.611659 1 4 1.000000
0  6.130914 9.466028 61.859135  0.641327 0.641649 0.420697  0.955100 0.611659 1 4 1.000000
0  6.230318 8.647026 62.376637  0.907253 0.000176 0.420585  0.994900 0.638059 1 4 1.000000
jetpack
0  5.961317 7.997124 62.376640  0.641626 -0.641339 0.420714  0.954800 0.638059 1 4 1.000000
0  6.470214 8.647025 61.859135  0.907263 0.000121 0.420565  0.994900 0.611659 1 4 1.000000
0  6.230318 8.647026 62.376637  0.907253 0.000176 0.420585  0.994900 0.638059 1 4 1.000000
jetpack
0  6.130915 7.827325 61.859138  0.641492 -0.641525 0.420635  0.955100 0.611659 1 4 1.000000
0  6.470214 8.647025 61.859135  0.907263 0.000121 0.420565  0.994900 0.611659 1 4 1.000000
0  5.961317 7.997124 62.376640  0.641626 -0.641339 0.420714  0.954800 0.638059 1 4 1.000000
jetpack
0  6.130915 7.827325 61.859138  0.707110 -0.707104 -0.000009  0.955100 0.611659 1 4 1.000000
0  6.470181 8.646706 50.734818  1.000000 0.000035 -0.000014  0.994900 0.196259 1 4 1.000000
0  6.470214 8.647025 61.859135  1.000000 0.000161 -0.000005  0.994900 0.611659 1 4 1.000000
jetpack
0  6.130880 7.827604 50.734810  0.707117 -0.707097 -0.000007  0.955100 0.196259 1 4 1.000000
0  6.470181 8.646706 50.734818  1.000000 0.000035 -0.000014  0.994900 0.196259 1 4 1.000000
0  6.130915 7.827325 61.859138  0.707110 -0.707104 -0.000009  0.955100 0.611659 1 4 1.000000
jetpack
0  4.393416 8.647024 62.376644  -1.000000 0.000188 0.000011  0.856900 0.638059 1 4 1.000000
0  4.662516 9.296231 62.519440  -0.706963 0.707250 -0.000004  0.892700 0.655659 1 4 1.000000
0  4.662516 9.296229 62.376640  -0.706978 0.707236 -0.000006  0.892700 0.638059 1 4 1.000000
jetpack
0  4.393417 8.647026 62.519444  -1.000000 0.000208 0.000010  0.856900 0.655659 1 4 1.000000
0  4.662516 9.296231 62.519440  -0.706963 0.707250 -0.000004  0.892700 0.655659 1 4 1.000000
0  4.393416 8.647024 62.376644  -1.000000 0.000188 0.000011  0.856900 0.638059 1 4 1.000000
jetpack
0  4.662517 7.997123 62.376644  -0.707161 -0.707052 0.000009  0.892700 0.638059 1 4 1.000000
0  4.393417 8.647026 62.519444  -1.000000 0.000208 0.000010  0.856900 0.655659 1 4 1.000000
0  4.393416 8.647024 62.376644  -1.000000 0.000188 0.000011  0.856900 0.638059 1 4 1.000000
jetpack
0  4.662515 7.997125 62.519444  -0.707174 -0.707039 0.000006  0.892700 0.655659 1 4 1.000000
0  4.393417 8.647026 62.519444  -1.000000 0.000208 0.000010  0.856900 0.655659 1 4 1.000000
0  4.662517 7.997123 62.376644  -0.707161 -0.707052 0.000009  0.892700 0.638059 1 4 1.000000
jetpack
0  5.311922 7.728121 62.376640  0.000031 -1.000000 0.000017  0.923100 0.638059 1 4 1.000000
0  4.662515 7.997125 62.519444  -0.707174 -0.707039 0.000006  0.892700 0.655659 1 4 1.000000
0  4.662517 7.997123 62.376644  -0.707161 -0.707052 0.000009  0.892700 0.638059 1 4 1.000000
jetpack
0  5.311917 7.728123 62.519440  0.000005 -1.000000 0.000015  0.923100 0.655659 1 4 1.000000
0  4.662515 7.997125 62.519444  -0.707174 -0.707039 0.000006  0.892700 0.655659 1 4 1.000000
0  5.311922 7.728121 62.376640  0.000031 -1.000000 0.000017  0.923100 0.638059 1 4 1.000000
jetpack
0  5.961317 7.997124 62.376640  0.707200 -0.707013 0.000021  0.954800 0.638059 1 4 1.000000
0  5.311917 7.728123 62.519440  0.000005 -1.000000 0.000015  0.923100 0.655659 1 4 1.000000
0  5.311922 7.728121 62.376640  0.000031 -1.000000 0.000017  0.923100 0.638059 1 4 1.000000
jetpack
0  5.961315 7.997126 62.519440  0.707194 -0.707019 0.000019  0.954800 0.655659 1 4 1.000000
0  5.311917 7.728123 62.519440  0.000005 -1.000000 0.000015  0.923100 0.655659 1 4 1.000000
0  5.961317 7.997124 62.376640  0.707200 -0.707013 0.000021  0.954800 0.638059 1 4 1.000000
jetpack
0  6.230318 8.647026 62.376637  1.000000 0.000202 0.000001  0.994900 0.638059 1 4 1.000000
0  5.961315 7.997126 62.519440  0.707194 -0.707019 0.000019  0.954800 0.655659 1 4 1.000000
0  5.961317 7.997124 62.376640  0.707200 -0.707013 0.000021  0.954800 0.638059 1 4 1.000000
jetpack
0  6.230318 8.647025 62.519436  1.000000 0.000191 0.000000  0.994900 0.655659 1 4 1.000000
0  5.961315 7.997126 62.519440  0.707194 -0.707019 0.000019  0.954800 0.655659 1 4 1.000000
0  6.230318 8.647026 62.376637  1.000000 0.000202 0.000001  0.994900 0.638059 1 4 1.000000
jetpack
0  5.961316 9.296227 62.376637  0.707005 0.707208 0.000000  0.954800 0.638059 1 4 1.000000
0  6.230318 8.647025 62.519436  1.000000 0.000191 0.000000  0.994900 0.655659 1 4 1.000000
0  6.230318 8.647026 62.376637  1.000000 0.000202 0.000001  0.994900 0.638059 1 4 1.000000
jetpack
0  5.961316 9.296227 62.519436  0.707014 0.707200 0.000000  0.954800 0.655659 1 4 1.000000
0  6.230318 8.647025 62.519436  1.000000 0.000191 0.000000  0.994900 0.655659 1 4 1.000000
0  5.961316 9.296227 62.376637  0.707005 0.707208 0.000000  0.954800 0.638059 1 4 1.000000
jetpack
0  5.311916 9.565130 62.376640  -0.000001 1.000000 -0.000010  0.923100 0.638059 1 4 1.000000
0  5.961316 9.296227 62.519436  0.707014 0.707200 0.000000  0.954800 0.655659 1 4 1.000000
0  5.961316 9.296227 62.376637  0.707005 0.707208 0.000000  0.954800 0.638059 1 4 1.000000
jetpack
0  5.311916 9.565132 62.519440  0.000016 1.000000 -0.000009  0.923100 0.655659 1 4 1.000000
0  5.961316 9.296227 62.519436  0.707014 0.707200 0.000000  0.954800 0.655659 1 4 1.000000
0  5.311916 9.565130 62.376640  -0.000001 1.000000 -0.000010  0.923100 0.638059 1 4 1.000000
jetpack
0  4.662516 9.296229 62.376640  -0.706978 0.707236 -0.000006  0.892700 0.638059 1 4 1.000000
0  5.311916 9.565132 62.519440  0.000016 1.000000 -0.000009  0.923100 0.655659 1 4 1.000000
0  5.311916 9.565130 62.376640  -0.000001 1.000000 -0.000010  0.923100 0.638059 1 4 1.000000
jetpack
0  4.662516 9.296231 62.519440  -0.706963 0.707250 -0.000004  0.892700 0.655659 1 4 1.000000
0  5.311916 9.565132 62.519440  0.000016 1.000000 -0.000009  0.923100 0.655659 1 4 1.000000
0  4.662516 9.296229 62.376640  -0.706978 0.707236 -0.000006  0.892700 0.638059 1 4 1.000000
jetpack
0  6.130880 7.827604 50.734810  0.379561 -0.379535 -0.843734  0.955100 0.196259 1 4 1.000000
0  5.921576 8.646705 50.385818  0.536752 0.000020 -0.843740  0.979800 0.160559 1 4 1.000000
0  6.470181 8.646706 50.734818  0.536754 0.000032 -0.843739  0.994900 0.196259 1 4 1.000000
jetpack
0  5.742979 8.215503 50.385818  0.379574 -0.379529 -0.843730  0.952300 0.160559 1 4 1.000000
0  5.921576 8.646705 50.385818  0.536752 0.000020 -0.843740  0.979800 0.160559 1 4 1.000000
0  6.130880 7.827604 50.734810  0.379561 -0.379535 -0.843734  0.955100 0.196259 1 4 1.000000
jetpack
0  5.742979 8.215503 50.385818  0.707220 -0.706994 0.000211  0.952300 0.160559 1 4 1.000000
0  5.921378 8.646705 50.245407  0.982655 0.000033 0.185440  0.979800 0.128659 1 4 1.000000
0  5.921576 8.646705 50.385818  0.999999 0.000043 -0.001407  0.979800 0.160559 1 4 1.000000
jetpack
0  5.743078 8.215502 50.202400  0.667780 -0.728664 0.152050  0.952300 0.128659 1 4 1.000000
0  5.921378 8.646705 50.245407  0.982655 0.000033 0.185440  0.979800 0.128659 1 4 1.000000
0  5.742979 8.215503 50.385818  0.707220 -0.706994 0.000211  0.952300 0.160559 1 4 1.000000
jetpack
0  5.743078 8.215502 50.202400  0.667780 -0.728664 0.152050  0.952300 0.128659 1 4 1.000000
0  7.127768 8.646700 47.214191  0.929115 0.000026 0.369790  0.979800 0.002759 1 4 1.000000
0  5.921378 8.646705 50.245407  0.982655 0.000033 0.185440  0.979800 0.128659 1 4 1.000000
jetpack
0  6.809869 7.877500 47.137497  0.640050 -0.707022 0.300759  0.952400 0.002759 1 4 1.000000
0  7.127768 8.646700 47.214191  0.929115 0.000026 0.369790  0.979800 0.002759 1 4 1.000000
0  5.743078 8.215502 50.202400  0.667780 -0.728664 0.152050  0.952300 0.128659 1 4 1.000000
jetpack
0  5.311978 8.036903 50.098312  -0.044703 -0.996329 0.073005  0.927300 0.128659 1 4 1.000000
0  6.809869 7.877500 47.137497  0.640050 -0.707022 0.300759  0.952400 0.002759 1 4 1.000000
0  5.743078 8.215502 50.202400  0.667780 -0.728664 0.152050  0.952300 0.128659 1 4 1.000000
jetpack
0  6.040968 7.558895 46.951996  -0.036162 -0.989219 0.141907  0.927300 0.002659 1 4 1.000000
0  6.809869 7.877500 47.137497  0.640050 -0.707022 0.300759  0.952400 0.002759 1 4 1.000000
0  5.311978 8.036903 50.098312  -0.044703 -0.996329 0.073005  0.927300 0.128659 1 4 1.000000
jetpack
0  4.880578 8.215503 49.994324  -0.721292 -0.692606 -0.005894  0.903500 0.128659 1 4 1.000000
0  6.040968 7.558895 46.951996  -0.036162 -0.989219 0.141907  0.927300 0.002659 1 4 1.000000
0  5.311978 8.036903 50.098312  -0.044703 -0.996329 0.073005  0.927300 0.128659 1 4 1.000000
jetpack
0  5.271470 7.877498 46.766300  -0.710121 -0.703973 -0.012286  0.903500 0.002559 1 4 1.000000
0  6.040968 7.558895 46.951996  -0.036162 -0.989219 0.141907  0.927300 0.002659 1 4 1.000000
0  4.880578 8.215503 49.994324  -0.721292 -0.692606 -0.005894  0.903500 0.128659 1 4 1.000000
jetpack
0  4.701977 8.646704 49.951202  -0.999194 0.000039 -0.040130  0.875500 0.128659 1 4 1.000000
0  5.271470 7.877498 46.766300  -0.710121 -0.703973 -0.012286  0.903500 0.002559 1 4 1.000000
0  4.880578 8.215503 49.994324  -0.721292 -0.692606 -0.005894  0.903500 0.128659 1 4 1.000000
jetpack
0  4.952967 8.646698 46.689503  -0.997052 0.000021 -0.076724  0.875600 0.002559 1 4 1.000000
0  5.271470 7.877498 46.766300  -0.710121 -0.703973 -0.012286  0.903500 0.002559 1 4 1.000000
0  4.701977 8.646704 49.951202  -0.999194 0.000039 -0.040130  0.875500 0.128659 1 4 1.000000
jetpack
0  4.701977 8.646704 49.951202  -0.999194 0.000039 -0.040130  0.875500 0.128659 1 4 1.000000
0  5.271469 9.415802 46.766296  -0.710069 0.704025 -0.012280  0.903500 0.002559 1 4 1.000000
0  4.952967 8.646698 46.689503  -0.997052 0.000021 -0.076724  0.875600 0.002559 1 4 1.000000
jetpack
0  5.271469 9.415802 46.766296  0.235266 -0.000748 -0.971931  0.903500 0.002559 1 4 1.000000
0  5.053866 8.646698 46.713898  0.235012 -0.000003 -0.971992  0.976700 0.002559 1 4 1.000000
0  4.952967 8.646698 46.689503  0.234973 -0.000002 -0.972002  0.875600 0.002559 1 4 1.000000
jetpack
0  5.341867 9.342003 46.783398  0.235284 -0.000728 -0.971926  0.948800 0.002559 1 4 1.000000
0  5.053866 8.646698 46.713898  0.235012 -0.000003 -0.971992  0.976700 0.002559 1 4 1.000000
0  5.271469 9.415802 46.766296  0.235266 -0.000748 -0.971931  0.903500 0.002559 1 4 1.000000
jetpack
0  6.040967 9.734308 46.951992  0.234509 -0.000110 -0.972114  0.927300 0.002659 1 4 1.000000
0  5.341867 9.342003 46.783398  0.235284 -0.000728 -0.971926  0.948800 0.002559 1 4 1.000000
0  5.271469 9.415802 46.766296  0.235266 -0.000748 -0.971931  0.903500 0.002559 1 4 1.000000
jetpack
0  6.040967 9.631307 46.952000  0.234483 -0.000072 -0.972120  0.925100 0.002659 1 4 1.000000
0  5.341867 9.342003 46.783398  0.235284 -0.000728 -0.971926  0.948800 0.002559 1 4 1.000000
0  6.040967 9.734308 46.951992  0.234509 -0.000110 -0.972114  0.927300 0.002659 1 4 1.000000
jetpack
0  6.040967 9.734308 46.951992  0.234509 -0.000110 -0.972114  0.927300 0.002659 1 4 1.000000
0  6.739469 9.342007 47.120495  0.234655 0.000058 -0.972079  0.900000 0.002759 1 4 1.000000
0  6.040967 9.631307 46.952000  0.234483 -0.000072 -0.972120  0.925100 0.002659 1 4 1.000000
jetpack
0  4.952967 8.646698 46.689503  0.234973 -0.000002 -0.972002  0.875600 0.002559 1 4 1.000000
0  5.053866 8.646698 46.713898  0.235012 -0.000003 -0.971992  0.976700 0.002559 1 4 1.000000
0  5.271470 7.877498 46.766300  0.235281 0.000723 -0.971927  0.903500 0.002559 1 4 1.000000
jetpack
0  5.271470 7.877498 46.766300  0.235281 0.000723 -0.971927  0.903500 0.002559 1 4 1.000000
0  5.053866 8.646698 46.713898  0.235012 -0.000003 -0.971992  0.976700 0.002559 1 4 1.000000
0  5.341868 7.951600 46.783398  0.235296 0.000700 -0.971924  0.948800 0.002559 1 4 1.000000
jetpack
0  5.271470 7.877498 46.766300  0.235281 0.000723 -0.971927  0.903500 0.002559 1 4 1.000000
0  5.341868 7.951600 46.783398  0.235296 0.000700 -0.971924  0.948800 0.002559 1 4 1.000000
0  6.040968 7.558895 46.951996  0.234500 0.000046 -0.972116  0.927300 0.002659 1 4 1.000000
jetpack
0  6.040968 7.558895 46.951996  0.234500 0.000046 -0.972116  0.927300 0.002659 1 4 1.000000
0  5.341868 7.951600 46.783398  0.235296 0.000700 -0.971924  0.948800 0.002559 1 4 1.000000
0  6.040968 7.661898 46.951996  0.234467 0.000000 -0.972124  0.925100 0.002659 1 4 1.000000
jetpack
0  6.040968 7.661898 46.951996  0.234467 0.000000 -0.972124  0.925100 0.002659 1 4 1.000000
0  6.739470 7.951601 47.120502  0.234605 -0.000038 -0.972091  0.900000 0.002759 1 4 1.000000
0  6.040968 7.558895 46.951996  0.234500 0.000046 -0.972116  0.927300 0.002659 1 4 1.000000
jetpack
0  6.040968 7.558895 46.951996  0.234500 0.000046 -0.972116  0.927300 0.002659 1 4 1.000000
0  6.739470 7.951601 47.120502  0.234605 -0.000038 -0.972091  0.900000 0.002759 1 4 1.000000
0  6.809869 7.877500 47.137497  0.234578 -0.000032 -0.972097  0.952400 0.002759 1 4 1.000000
jetpack
0  6.739470 7.951601 47.120502  0.234605 -0.000038 -0.972091  0.900000 0.002759 1 4 1.000000
0  7.026866 8.646699 47.189896  0.234111 -0.000001 -0.972210  0.872600 0.002759 1 4 1.000000
0  6.809869 7.877500 47.137497  0.234578 -0.000032 -0.972097  0.952400 0.002759 1 4 1.000000
jetpack
0  6.809869 7.877500 47.137497  0.234578 -0.000032 -0.972097  0.952400 0.002759 1 4 1.000000
0  7.026866 8.646699 47.189896  0.234111 -0.000001 -0.972210  0.872600 0.002759 1 4 1.000000
0  7.127768 8.646700 47.214191  0.234073 -0.000002 -0.972219  0.872600 0.002759 1 4 1.000000
jetpack
0  -6.112316 9.825505 51.610161  -0.432563 -0.530041 -0.729346  0.503400 0.509759 1 4 1.000000
0  -4.643618 9.726704 51.390759  -0.006316 0.004556 -0.999970  0.517700 0.449059 1 4 1.000000
0  -5.994818 9.726707 51.610168  -0.328118 -0.390275 -0.860247  0.517700 0.509859 1 4 1.000000
jetpack
0  -4.522219 9.825506 51.390957  0.075412 -0.090658 -0.993023  0.503400 0.446059 1 4 1.000000
0  -4.643618 9.726704 51.390759  -0.006316 0.004556 -0.999970  0.517700 0.449059 1 4 1.000000
0  -6.112316 9.825505 51.610161  -0.432563 -0.530041 -0.729346  0.503400 0.509759 1 4 1.000000
jetpack
0  -4.522219 9.825506 51.390957  0.075412 -0.090658 -0.993023  0.503400 0.446059 1 4 1.000000
0  -3.729417 8.532503 51.818138  0.081588 -0.086434 -0.992911  0.503400 0.379159 1 4 1.000000
0  -4.643618 9.726704 51.390759  -0.006316 0.004556 -0.999970  0.517700 0.449059 1 4 1.000000
jetpack
0  -4.643618 9.726704 51.390759  -0.006316 0.004556 -0.999970  0.517700 0.449059 1 4 1.000000
0  -3.729417 8.532503 51.818138  0.081588 -0.086434 -0.992911  0.503400 0.379159 1 4 1.000000
0  -3.899717 8.370306 51.818146  0.121301 -0.127370 -0.984410  0.517700 0.382659 1 4 1.000000
jetpack
0  -3.729417 8.532503 51.818138  0.081588 -0.086434 -0.992911  0.503400 0.379159 1 4 1.000000
0  -2.390917 8.517804 51.818344  0.002232 0.017905 -0.999837  0.503400 0.320259 1 4 1.000000
0  -3.899717 8.370306 51.818146  0.121301 -0.127370 -0.984410  0.517700 0.382659 1 4 1.000000
jetpack
0  -3.899717 8.370306 51.818146  0.121301 -0.127370 -0.984410  0.517700 0.382659 1 4 1.000000
0  -2.390917 8.517804 51.818344  0.002232 0.017905 -0.999837  0.503400 0.320259 1 4 1.000000
0  -2.205317 8.369005 51.818138  -0.024923 -0.006050 -0.999671  0.517700 0.314559 1 4 1.000000
jetpack
0  -6.408018 7.208200 51.180267  -0.266056 0.287478 -0.920093  0.503400 0.725959 1 4 1.000000
0  -6.289719 7.714404 51.385963  -0.275180 0.683281 -0.676316  0.517800 0.701459 1 4 1.000000
0  -6.286519 7.208201 51.145073  -0.182759 0.220530 -0.958105  0.517900 0.724859 1 4 1.000000
jetpack
0  -6.432117 7.681900 51.410965  -0.272509 0.712419 -0.646683  0.503400 0.702159 1 4 1.000000
0  -6.289719 7.714404 51.385963  -0.275180 0.683281 -0.676316  0.517800 0.701459 1 4 1.000000
0  -6.408018 7.208200 51.180267  -0.266056 0.287478 -0.920093  0.503400 0.725959 1 4 1.000000
jetpack
0  -6.289719 7.714404 51.385963  -0.275180 0.683281 -0.676316  0.517800 0.701459 1 4 1.000000
0  -6.432117 7.681900 51.410965  -0.272509 0.712419 -0.646683  0.503400 0.702159 1 4 1.000000
0  -6.425016 7.971704 52.106476  -0.244224 0.755828 -0.607519  0.517700 0.669859 1 4 1.000000
jetpack
0  -6.425016 7.971704 52.106476  -0.244224 0.755828 -0.607519  0.517700 0.669859 1 4 1.000000
0  -6.432117 7.681900 51.410965  -0.272509 0.712419 -0.646683  0.503400 0.702159 1 4 1.000000
0  -6.609316 7.941105 52.141579  -0.241760 0.696615 -0.675484  0.503400 0.668459 1 4 1.000000
jetpack
0  -6.425016 7.971704 52.106476  -0.244224 0.755828 -0.607519  0.517700 0.669859 1 4 1.000000
0  -6.609316 7.941105 52.141579  -0.241760 0.696615 -0.675484  0.503400 0.668459 1 4 1.000000
0  -6.492615 8.399604 52.377476  -0.239240 0.745835 -0.621686  0.517700 0.647459 1 4 1.000000
jetpack
0  -6.492615 8.399604 52.377476  -0.239240 0.745835 -0.621686  0.517700 0.647459 1 4 1.000000
0  -6.609316 7.941105 52.141579  -0.241760 0.696615 -0.675484  0.503400 0.668459 1 4 1.000000
0  -6.697817 8.361403 52.409874  -0.232900 0.783268 -0.576410  0.503400 0.648559 1 4 1.000000
jetpack
0  -6.492615 8.399604 52.377476  -0.239240 0.745835 -0.621686  0.517700 0.647459 1 4 1.000000
0  -6.697817 8.361403 52.409874  -0.232900 0.783268 -0.576410  0.503400 0.648559 1 4 1.000000
0  -6.526514 8.548306 52.899075  -0.226249 0.705856 -0.671251  0.517700 0.620159 1 4 1.000000
jetpack
0  -6.526514 8.548306 52.899075  -0.226249 0.705856 -0.671251  0.517700 0.620159 1 4 1.000000
0  -6.697817 8.361403 52.409874  -0.232900 0.783268 -0.576410  0.503400 0.648559 1 4 1.000000
0  -6.742013 8.515905 52.936378  -0.227818 0.646644 -0.727977  0.503400 0.617659 1 4 1.000000
jetpack
0  -6.526514 8.548306 52.899075  -0.226249 0.705856 -0.671251  0.517700 0.620159 1 4 1.000000
0  -6.742013 8.515905 52.936378  -0.227818 0.646644 -0.727977  0.503400 0.617659 1 4 1.000000
0  -6.560314 8.777304 52.970177  -0.219403 0.004451 -0.975624  0.517800 0.607859 1 4 1.000000
jetpack
0  -6.560314 8.777304 52.970177  -0.219403 0.004451 -0.975624  0.517800 0.607859 1 4 1.000000
0  -6.742013 8.515905 52.936378  -0.227818 0.646644 -0.727977  0.503400 0.617659 1 4 1.000000
0  -6.786413 8.778603 53.023373  -0.228787 0.026284 -0.973122  0.503400 0.608359 1 4 1.000000
jetpack
0  -6.786413 8.778603 53.023373  -0.228787 0.026284 -0.973122  0.503400 0.608359 1 4 1.000000
0  -6.702113 9.043702 52.933971  -0.243283 -0.628591 -0.738706  0.503400 0.598659 1 4 1.000000
0  -6.560314 8.777304 52.970177  -0.219403 0.004451 -0.975624  0.517800 0.607859 1 4 1.000000
jetpack
0  -6.560314 8.777304 52.970177  -0.219403 0.004451 -0.975624  0.517800 0.607859 1 4 1.000000
0  -6.702113 9.043702 52.933971  -0.243283 -0.628591 -0.738706  0.503400 0.598659 1 4 1.000000
0  -6.489614 9.004305 52.899773  -0.237482 -0.740269 -0.628971  0.517700 0.595259 1 4 1.000000
jetpack
0  -6.702113 9.043702 52.933971  -0.243283 -0.628591 -0.738706  0.503400 0.598659 1 4 1.000000
0  -6.617913 9.142305 52.433472  -0.249157 -0.755655 -0.605728  0.503400 0.579259 1 4 1.000000
0  -6.489614 9.004305 52.899773  -0.237482 -0.740269 -0.628971  0.517700 0.595259 1 4 1.000000
jetpack
0  -6.489614 9.004305 52.899773  -0.237482 -0.740269 -0.628971  0.517700 0.595259 1 4 1.000000
0  -6.617913 9.142305 52.433472  -0.249157 -0.755655 -0.605728  0.503400 0.579259 1 4 1.000000
0  -6.419015 9.108603 52.394073  -0.267648 -0.559739 -0.784256  0.517800 0.575259 1 4 1.000000
jetpack
0  -6.617913 9.142305 52.433472  -0.249157 -0.755655 -0.605728  0.503400 0.579259 1 4 1.000000
0  -6.461215 9.425305 52.354973  -0.328774 -0.399442 -0.855777  0.503400 0.548259 1 4 1.000000
0  -6.419015 9.108603 52.394073  -0.267648 -0.559739 -0.784256  0.517800 0.575259 1 4 1.000000
jetpack
0  -6.419015 9.108603 52.394073  -0.267648 -0.559739 -0.784256  0.517800 0.575259 1 4 1.000000
0  -6.461215 9.425305 52.354973  -0.328774 -0.399442 -0.855777  0.503400 0.548259 1 4 1.000000
0  -6.289416 9.370604 52.310875  -0.373996 -0.521954 -0.766611  0.517800 0.550459 1 4 1.000000
jetpack
0  -6.461215 9.425305 52.354973  -0.328774 -0.399442 -0.855777  0.503400 0.548259 1 4 1.000000
0  -6.112316 9.825505 51.610161  -0.432563 -0.530041 -0.729346  0.503400 0.509759 1 4 1.000000
0  -6.289416 9.370604 52.310875  -0.373996 -0.521954 -0.766611  0.517800 0.550459 1 4 1.000000
jetpack
0  -6.289416 9.370604 52.310875  -0.373996 -0.521954 -0.766611  0.517800 0.550459 1 4 1.000000
0  -6.112316 9.825505 51.610161  -0.432563 -0.530041 -0.729346  0.503400 0.509759 1 4 1.000000
0  -5.994818 9.726707 51.610168  -0.328118 -0.390275 -0.860247  0.517700 0.509859 1 4 1.000000
jetpack
0  3.898181 7.208203 51.094543  0.000002 1.000000 -0.000562  0.523400 0.570559 1 4 1.000000
0  6.229384 7.208607 51.820438  0.000010 1.000000 -0.000587  0.564000 0.725859 1 4 1.000000
0  6.286481 7.208205 51.145027  0.000012 1.000000 -0.000594  0.523400 0.725959 1 4 1.000000
jetpack
0  3.898183 7.208606 51.816246  -0.000073 1.000000 -0.000662  0.564400 0.570559 1 4 1.000000
0  6.229384 7.208607 51.820438  0.000010 1.000000 -0.000587  0.564000 0.725859 1 4 1.000000
0  3.898181 7.208203 51.094543  0.000002 1.000000 -0.000562  0.523400 0.570559 1 4 1.000000
jetpack
0  -0.000019 7.208202 51.078434  -0.000000 1.000000 0.000253  0.523400 0.318559 1 4 1.000000
0  3.898183 7.208606 51.816246  -0.000073 1.000000 -0.000662  0.564400 0.570559 1 4 1.000000
0  3.898181 7.208203 51.094543  0.000002 1.000000 -0.000562  0.523400 0.570559 1 4 1.000000
jetpack
0  -6.286519 7.208201 51.145073  -0.000013 1.000000 -0.000595  0.523400 0.725959 1 4 1.000000
0  -6.229416 7.208602 51.820473  -0.000010 1.000000 -0.000588  0.564000 0.725859 1 4 1.000000
0  -3.898219 7.208201 51.094543  -0.000003 1.000000 -0.000559  0.523400 0.570559 1 4 1.000000
jetpack
0  -3.898219 7.208201 51.094543  -0.000003 1.000000 -0.000559  0.523400 0.570559 1 4 1.000000
0  -6.229416 7.208602 51.820473  -0.000010 1.000000 -0.000588  0.564000 0.725859 1 4 1.000000
0  -3.898217 7.208602 51.816257  0.000073 1.000000 -0.000658  0.564400 0.570559 1 4 1.000000
jetpack
0  -3.898217 7.208602 51.816257  0.000073 1.000000 -0.000658  0.564400 0.570559 1 4 1.000000
0  -0.000019 7.208202 51.078434  -0.000000 1.000000 0.000253  0.523400 0.318559 1 4 1.000000
0  -3.898219 7.208201 51.094543  -0.000003 1.000000 -0.000559  0.523400 0.570559 1 4 1.000000
jetpack
0  -0.000016 7.207904 51.904953  -0.000001 0.999999 -0.001029  0.564000 0.318559 1 4 1.000000
0  -0.000019 7.208202 51.078434  -0.000000 1.000000 0.000253  0.523400 0.318559 1 4 1.000000
0  -3.898217 7.208602 51.816257  0.000073 1.000000 -0.000658  0.564400 0.570559 1 4 1.000000
jetpack
0  -0.000016 7.207904 51.904953  -0.000001 0.999999 -0.001029  0.564000 0.318559 1 4 1.000000
0  3.898183 7.208606 51.816246  -0.000073 1.000000 -0.000662  0.564400 0.570559 1 4 1.000000
0  -0.000019 7.208202 51.078434  -0.000000 1.000000 0.000253  0.523400 0.318559 1 4 1.000000
jetpack
0  -0.000016 7.207904 51.904953  -0.000001 0.999999 -0.001029  0.564000 0.318559 1 4 1.000000
0  3.898185 7.209206 52.419643  -0.000186 0.999999 -0.001123  0.595300 0.570559 1 4 1.000000
0  3.898183 7.208606 51.816246  -0.000073 1.000000 -0.000662  0.564400 0.570559 1 4 1.000000
jetpack
0  -0.000015 7.209203 52.419056  -0.000001 0.999997 -0.002527  0.595200 0.318559 1 4 1.000000
0  3.898185 7.209206 52.419643  -0.000186 0.999999 -0.001123  0.595300 0.570559 1 4 1.000000
0  -0.000016 7.207904 51.904953  -0.000001 0.999999 -0.001029  0.564000 0.318559 1 4 1.000000
jetpack
0  -0.000016 7.207904 51.904953  -0.000001 0.999999 -0.001029  0.564000 0.318559 1 4 1.000000
0  -3.898215 7.209201 52.419666  0.000185 0.999999 -0.001120  0.595300 0.570559 1 4 1.000000
0  -0.000015 7.209203 52.419056  -0.000001 0.999997 -0.002527  0.595200 0.318559 1 4 1.000000
jetpack
0  -3.898217 7.208602 51.816257  0.000073 1.000000 -0.000658  0.564400 0.570559 1 4 1.000000
0  -3.898215 7.209201 52.419666  0.000185 0.999999 -0.001120  0.595300 0.570559 1 4 1.000000
0  -0.000016 7.207904 51.904953  -0.000001 0.999999 -0.001029  0.564000 0.318559 1 4 1.000000
jetpack
0  2.214722 7.381523 64.065987  0.341702 0.000124 0.939808  0.305800 0.943159 1 4 1.000000
0  5.123719 6.997427 62.925743  0.659800 -0.009288 0.751384  0.161700 0.919459 1 4 1.000000
0  5.141019 7.445125 62.917645  0.655578 -0.011675 0.755037  0.167200 0.899359 1 4 1.000000
jetpack
0  2.214722 6.918626 64.065987  0.340960 0.000013 0.940078  0.300000 0.963959 1 4 1.000000
0  5.123719 6.997427 62.925743  0.659800 -0.009288 0.751384  0.161700 0.919459 1 4 1.000000
0  2.214722 7.381523 64.065987  0.341702 0.000124 0.939808  0.305800 0.943159 1 4 1.000000
jetpack
0  0.000024 7.321728 64.807594  0.000003 0.000189 1.000000  0.409500 0.972359 1 4 1.000000
0  2.214722 6.918626 64.065987  0.340960 0.000013 0.940078  0.300000 0.963959 1 4 1.000000
0  2.214722 7.381523 64.065987  0.341702 0.000124 0.939808  0.305800 0.943159 1 4 1.000000
jetpack
0  0.000025 6.858826 64.807693  0.000004 0.000214 1.000000  0.404400 0.993359 1 4 1.000000
0  2.214722 6.918626 64.065987  0.340960 0.000013 0.940078  0.300000 0.963959 1 4 1.000000
0  0.000024 7.321728 64.807594  0.000003 0.000189 1.000000  0.409500 0.972359 1 4 1.000000
jetpack
0  0.000024 7.321728 64.807594  0.000003 0.000189 1.000000  0.409500 0.972359 1 4 1.000000
0  -2.214678 6.918625 64.066002  -0.340957 0.000027 0.940079  0.300000 0.963959 1 4 1.000000
0  0.000025 6.858826 64.807693  0.000004 0.000214 1.000000  0.404400 0.993359 1 4 1.000000
jetpack
0  -2.214678 7.381523 64.065994  -0.341700 0.000139 0.939809  0.305800 0.943159 1 4 1.000000
0  -2.214678 6.918625 64.066002  -0.340957 0.000027 0.940079  0.300000 0.963959 1 4 1.000000
0  0.000024 7.321728 64.807594  0.000003 0.000189 1.000000  0.409500 0.972359 1 4 1.000000
jetpack
0  -2.214678 6.918625 64.066002  -0.340957 0.000027 0.940079  0.300000 0.963959 1 4 1.000000
0  -2.214678 7.381523 64.065994  -0.341700 0.000139 0.939809  0.305800 0.943159 1 4 1.000000
0  -5.123682 6.997419 62.925774  -0.659795 -0.009286 0.751388  0.161700 0.919459 1 4 1.000000
jetpack
0  -5.123682 6.997419 62.925774  -0.659795 -0.009286 0.751388  0.161700 0.919459 1 4 1.000000
0  -2.214678 7.381523 64.065994  -0.341700 0.000139 0.939809  0.305800 0.943159 1 4 1.000000
0  -5.140981 7.445120 62.917675  -0.655572 -0.011673 0.755042  0.167200 0.899359 1 4 1.000000
jetpack
0  -5.140981 7.445120 62.917675  -0.016471 0.997485 0.068937  0.167200 0.899359 1 4 1.000000
0  -3.552388 7.604022 60.904770  -0.019536 0.997800 0.063350  0.235900 0.801959 1 4 1.000000
0  -6.431289 7.551319 60.793076  -0.020690 0.997834 0.062443  0.103100 0.804559 1 4 1.000000
jetpack
0  -3.552388 7.604022 60.904770  -0.019536 0.997800 0.063350  0.235900 0.801959 1 4 1.000000
0  -5.140981 7.445120 62.917675  -0.016471 0.997485 0.068937  0.167200 0.899359 1 4 1.000000
0  -2.183387 7.609818 61.221867  -0.071132 0.994613 0.075404  0.299300 0.810059 1 4 1.000000
jetpack
0  -2.183387 7.609818 61.221867  -0.071132 0.994613 0.075404  0.299300 0.810059 1 4 1.000000
0  -5.140981 7.445120 62.917675  -0.016471 0.997485 0.068937  0.167200 0.899359 1 4 1.000000
0  -2.214678 7.381523 64.065994  -0.026417 0.994466 0.101685  0.305800 0.943159 1 4 1.000000
jetpack
0  -2.183387 7.609818 61.221867  -0.071132 0.994613 0.075404  0.299300 0.810059 1 4 1.000000
0  -2.214678 7.381523 64.065994  -0.026417 0.994466 0.101685  0.305800 0.943159 1 4 1.000000
0  -1.192187 7.743320 61.287762  -0.083174 0.990291 0.111378  0.346500 0.809659 1 4 1.000000
jetpack
0  -1.192187 7.743320 61.287762  -0.083174 0.990291 0.111378  0.346500 0.809659 1 4 1.000000
0  -2.214678 7.381523 64.065994  -0.026417 0.994466 0.101685  0.305800 0.943159 1 4 1.000000
0  0.000024 7.321728 64.807594  0.000001 0.991771 0.128027  0.409500 0.972359 1 4 1.000000
jetpack
0  -1.192187 7.743320 61.287762  -0.083174 0.990291 0.111378  0.346500 0.809659 1 4 1.000000
0  0.000024 7.321728 64.807594  0.000001 0.991771 0.128027  0.409500 0.972359 1 4 1.000000
0  0.000013 7.809521 61.356857  0.000003 0.990156 0.139968  0.402700 0.811959 1 4 1.000000
jetpack
0  0.000024 7.321728 64.807594  0.000001 0.991771 0.128027  0.409500 0.972359 1 4 1.000000
0  1.192113 7.743318 61.287754  0.083169 0.990292 0.111378  0.346500 0.809659 1 4 1.000000
0  0.000013 7.809521 61.356857  0.000003 0.990156 0.139968  0.402700 0.811959 1 4 1.000000
jetpack
0  0.000024 7.321728 64.807594  0.000001 0.991771 0.128027  0.409500 0.972359 1 4 1.000000
0  2.214722 7.381523 64.065987  0.026416 0.994466 0.101684  0.305800 0.943159 1 4 1.000000
0  1.192113 7.743318 61.287754  0.083169 0.990292 0.111378  0.346500 0.809659 1 4 1.000000
jetpack
0  1.192113 7.743318 61.287754  0.083169 0.990292 0.111378  0.346500 0.809659 1 4 1.000000
0  2.214722 7.381523 64.065987  0.026416 0.994466 0.101684  0.305800 0.943159 1 4 1.000000
0  2.183413 7.609820 61.221851  0.071124 0.994613 0.075404  0.299300 0.810059 1 4 1.000000
jetpack
0  2.214722 7.381523 64.065987  0.026416 0.994466 0.101684  0.305800 0.943159 1 4 1.000000
0  5.141019 7.445125 62.917645  0.016470 0.997485 0.068936  0.167200 0.899359 1 4 1.000000
0  2.183413 7.609820 61.221851  0.071124 0.994613 0.075404  0.299300 0.810059 1 4 1.000000
jetpack
0  2.183413 7.609820 61.221851  0.071124 0.994613 0.075404  0.299300 0.810059 1 4 1.000000
0  5.141019 7.445125 62.917645  0.016470 0.997485 0.068936  0.167200 0.899359 1 4 1.000000
0  3.552412 7.604023 60.904747  0.019537 0.997800 0.063348  0.235900 0.801959 1 4 1.000000
jetpack
0  3.552412 7.604023 60.904747  0.019537 0.997800 0.063348  0.235900 0.801959 1 4 1.000000
0  5.141019 7.445125 62.917645  0.016470 0.997485 0.068936  0.167200 0.899359 1 4 1.000000
0  6.431315 7.551325 60.793037  0.020688 0.997834 0.062441  0.103100 0.804559 1 4 1.000000
jetpack
0  -6.786390 8.778620 60.373878  -0.104825 0.548822 0.829341  0.085100 0.747659 1 4 1.000000
0  -4.522195 9.825218 59.483067  -0.071474 0.731645 0.677928  0.185500 0.675759 1 4 1.000000
0  -6.112295 9.825215 59.195175  -0.112777 0.774144 0.622883  0.110500 0.672059 1 4 1.000000
jetpack
0  -3.729389 8.532519 60.848068  -0.040312 0.248019 0.967916  0.229500 0.759059 1 4 1.000000
0  -4.522195 9.825218 59.483067  -0.071474 0.731645 0.677928  0.185500 0.675759 1 4 1.000000
0  -6.786390 8.778620 60.373878  -0.104825 0.548822 0.829341  0.085100 0.747659 1 4 1.000000
jetpack
0  -6.786390 8.778620 60.373878  -0.104825 0.548822 0.829341  0.085100 0.747659 1 4 1.000000
0  -6.431289 7.551319 60.793076  -0.109458 0.247459 0.962696  0.103100 0.804559 1 4 1.000000
0  -3.729389 8.532519 60.848068  -0.040312 0.248019 0.967916  0.229500 0.759059 1 4 1.000000
jetpack
0  -3.729389 8.532519 60.848068  -0.040312 0.248019 0.967916  0.229500 0.759059 1 4 1.000000
0  -6.431289 7.551319 60.793076  -0.109458 0.247459 0.962696  0.103100 0.804559 1 4 1.000000
0  -3.552388 7.604022 60.904770  -0.065531 0.118308 0.990812  0.235900 0.801959 1 4 1.000000
jetpack
0  -3.552388 7.604022 60.904770  -0.065531 0.118308 0.990812  0.235900 0.801959 1 4 1.000000
0  -2.392289 8.521021 60.848061  -0.142626 0.288681 0.946742  0.293500 0.764759 1 4 1.000000
0  -3.729389 8.532519 60.848068  -0.040312 0.248019 0.967916  0.229500 0.759059 1 4 1.000000
jetpack
0  -2.183387 7.609818 61.221867  -0.159188 0.337180 0.927884  0.299300 0.810059 1 4 1.000000
0  -2.392289 8.521021 60.848061  -0.142626 0.288681 0.946742  0.293500 0.764759 1 4 1.000000
0  -3.552388 7.604022 60.904770  -0.065531 0.118308 0.990812  0.235900 0.801959 1 4 1.000000
jetpack
0  -2.027489 8.677520 60.848061  -0.237650 0.242045 0.940711  0.312500 0.760059 1 4 1.000000
0  -2.392289 8.521021 60.848061  -0.142626 0.288681 0.946742  0.293500 0.764759 1 4 1.000000
0  -2.183387 7.609818 61.221867  -0.159188 0.337180 0.927884  0.299300 0.810059 1 4 1.000000
jetpack
0  -2.027489 8.677520 60.848061  -0.237650 0.242045 0.940711  0.312500 0.760059 1 4 1.000000
0  -2.183387 7.609818 61.221867  -0.159188 0.337180 0.927884  0.299300 0.810059 1 4 1.000000
0  -1.192187 7.743320 61.287762  -0.128629 0.230627 0.964503  0.346500 0.809659 1 4 1.000000
jetpack
0  -1.680089 9.503519 60.848057  -0.231732 0.174815 0.956943  0.334200 0.724859 1 4 1.000000
0  -2.027489 8.677520 60.848061  -0.237650 0.242045 0.940711  0.312500 0.760059 1 4 1.000000
0  -1.192187 7.743320 61.287762  -0.128629 0.230627 0.964503  0.346500 0.809659 1 4 1.000000
jetpack
0  -1.680089 9.503519 60.848057  -0.231732 0.174815 0.956943  0.334200 0.724859 1 4 1.000000
0  -1.192187 7.743320 61.287762  -0.128629 0.230627 0.964503  0.346500 0.809659 1 4 1.000000
0  -1.192090 10.020526 60.848057  -0.109616 0.185415 0.976527  0.359400 0.703159 1 4 1.000000
jetpack
0  0.000013 7.809521 61.356857  0.000006 0.187913 0.982186  0.402700 0.811959 1 4 1.000000
0  -1.192090 10.020526 60.848057  -0.109616 0.185415 0.976527  0.359400 0.703159 1 4 1.000000
0  -1.192187 7.743320 61.287762  -0.128629 0.230627 0.964503  0.346500 0.809659 1 4 1.000000
jetpack
0  0.000010 10.564831 60.841049  -0.000000 0.184008 0.982925  0.416900 0.683459 1 4 1.000000
0  -1.192090 10.020526 60.848057  -0.109616 0.185415 0.976527  0.359400 0.703159 1 4 1.000000
0  0.000013 7.809521 61.356857  0.000006 0.187913 0.982186  0.402700 0.811959 1 4 1.000000
jetpack
0  0.000013 7.809521 61.356857  0.000006 0.187913 0.982186  0.402700 0.811959 1 4 1.000000
0  1.192111 10.020525 60.848049  0.109616 0.185413 0.976528  0.359400 0.703159 1 4 1.000000
0  0.000010 10.564831 60.841049  -0.000000 0.184008 0.982925  0.416900 0.683459 1 4 1.000000
jetpack
0  1.192113 7.743318 61.287754  0.128633 0.230618 0.964504  0.346500 0.809659 1 4 1.000000
0  1.192111 10.020525 60.848049  0.109616 0.185413 0.976528  0.359400 0.703159 1 4 1.000000
0  0.000013 7.809521 61.356857  0.000006 0.187913 0.982186  0.402700 0.811959 1 4 1.000000
jetpack
0  1.192113 7.743318 61.287754  0.128633 0.230618 0.964504  0.346500 0.809659 1 4 1.000000
0  1.680111 9.503523 60.848049  0.231716 0.174806 0.956949  0.334200 0.724859 1 4 1.000000
0  1.192111 10.020525 60.848049  0.109616 0.185413 0.976528  0.359400 0.703159 1 4 1.000000
jetpack
0  1.192113 7.743318 61.287754  0.128633 0.230618 0.964504  0.346500 0.809659 1 4 1.000000
0  2.027511 8.677526 60.848049  0.237637 0.242040 0.940715  0.312500 0.760059 1 4 1.000000
0  1.680111 9.503523 60.848049  0.231716 0.174806 0.956949  0.334200 0.724859 1 4 1.000000
jetpack
0  2.183413 7.609820 61.221851  0.159193 0.337177 0.927884  0.299300 0.810059 1 4 1.000000
0  2.027511 8.677526 60.848049  0.237637 0.242040 0.940715  0.312500 0.760059 1 4 1.000000
0  1.192113 7.743318 61.287754  0.128633 0.230618 0.964504  0.346500 0.809659 1 4 1.000000
jetpack
0  2.392311 8.521023 60.848045  0.142627 0.288680 0.946743  0.293500 0.764759 1 4 1.000000
0  2.027511 8.677526 60.848049  0.237637 0.242040 0.940715  0.312500 0.760059 1 4 1.000000
0  2.183413 7.609820 61.221851  0.159193 0.337177 0.927884  0.299300 0.810059 1 4 1.000000
jetpack
0  2.183413 7.609820 61.221851  0.159193 0.337177 0.927884  0.299300 0.810059 1 4 1.000000
0  3.552412 7.604023 60.904747  0.065534 0.118309 0.990812  0.235900 0.801959 1 4 1.000000
0  2.392311 8.521023 60.848045  0.142627 0.288680 0.946743  0.293500 0.764759 1 4 1.000000
jetpack
0  2.392311 8.521023 60.848045  0.142627 0.288680 0.946743  0.293500 0.764759 1 4 1.000000
0  3.552412 7.604023 60.904747  0.065534 0.118309 0.990812  0.235900 0.801959 1 4 1.000000
0  3.729411 8.532528 60.848042  0.040316 0.248021 0.967915  0.229500 0.759059 1 4 1.000000
jetpack
0  3.552412 7.604023 60.904747  0.065534 0.118309 0.990812  0.235900 0.801959 1 4 1.000000
0  6.431315 7.551325 60.793037  0.109466 0.247460 0.962694  0.103100 0.804559 1 4 1.000000
0  3.729411 8.532528 60.848042  0.040316 0.248021 0.967915  0.229500 0.759059 1 4 1.000000
jetpack
0  3.729411 8.532528 60.848042  0.040316 0.248021 0.967915  0.229500 0.759059 1 4 1.000000
0  6.431315 7.551325 60.793037  0.109466 0.247460 0.962694  0.103100 0.804559 1 4 1.000000
0  6.786410 8.778626 60.373837  0.104830 0.548822 0.829340  0.085100 0.747659 1 4 1.000000
jetpack
0  3.729411 8.532528 60.848042  0.040316 0.248021 0.967915  0.229500 0.759059 1 4 1.000000
0  6.786410 8.778626 60.373837  0.104830 0.548822 0.829340  0.085100 0.747659 1 4 1.000000
0  4.522207 9.825217 59.483040  0.071477 0.731646 0.677927  0.185500 0.675759 1 4 1.000000
jetpack
0  4.522207 9.825217 59.483040  0.071477 0.731646 0.677927  0.185500 0.675759 1 4 1.000000
0  6.786410 8.778626 60.373837  0.104830 0.548822 0.829340  0.085100 0.747659 1 4 1.000000
0  6.112303 9.825222 59.195137  0.112775 0.774143 0.622883  0.110500 0.672059 1 4 1.000000
jetpack
0  1.456081 8.832607 51.288334  1.000000 -0.000063 -0.000003  0.743500 0.149559 1 4 1.000000
0  1.456122 8.832629 64.187279  1.000000 -0.000023 -0.000008  0.743500 0.529859 1 4 1.000000
0  1.032081 7.809201 51.288342  0.707139 -0.707074 -0.000013  0.770400 0.149559 1 4 1.000000
jetpack
0  1.032081 7.809201 51.288342  0.707139 -0.707074 -0.000013  0.770400 0.149559 1 4 1.000000
0  1.456122 8.832629 64.187279  1.000000 -0.000023 -0.000008  0.743500 0.529859 1 4 1.000000
0  1.032122 7.808926 64.187286  0.707174 -0.707040 -0.000017  0.770400 0.529859 1 4 1.000000
jetpack
0  1.032081 7.809201 51.288342  0.707139 -0.707074 -0.000013  0.770400 0.149559 1 4 1.000000
0  1.032122 7.808926 64.187286  0.707174 -0.707040 -0.000017  0.770400 0.529859 1 4 1.000000
0  0.008482 7.385003 51.288231  0.000020 -1.000000 -0.000021  0.797200 0.149559 1 4 1.000000
jetpack
0  0.008482 7.385003 51.288231  0.000020 -1.000000 -0.000021  0.797200 0.149559 1 4 1.000000
0  1.032122 7.808926 64.187286  0.707174 -0.707040 -0.000017  0.770400 0.529859 1 4 1.000000
0  0.008522 7.384725 64.187286  0.000014 -1.000000 -0.000022  0.797200 0.529859 1 4 1.000000
jetpack
0  0.008482 7.385003 51.288231  0.000020 -1.000000 -0.000021  0.797200 0.149559 1 4 1.000000
0  0.008522 7.384725 64.187286  0.000014 -1.000000 -0.000022  0.797200 0.529859 1 4 1.000000
0  -1.015218 7.809202 51.288349  -0.707091 -0.707122 -0.000013  0.824100 0.149559 1 4 1.000000
jetpack
0  -1.015218 7.809202 51.288349  -0.707091 -0.707122 -0.000013  0.824100 0.149559 1 4 1.000000
0  0.008522 7.384725 64.187286  0.000014 -1.000000 -0.000022  0.797200 0.529859 1 4 1.000000
0  -1.015178 7.808927 64.187294  -0.707135 -0.707079 -0.000008  0.824100 0.529859 1 4 1.000000
jetpack
0  -1.015218 7.809202 51.288349  -0.707091 -0.707122 -0.000013  0.824100 0.149559 1 4 1.000000
0  -1.015178 7.808927 64.187294  -0.707135 -0.707079 -0.000008  0.824100 0.529859 1 4 1.000000
0  -1.439319 8.832605 51.288338  -1.000000 -0.000070 -0.000001  0.850900 0.149559 1 4 1.000000
jetpack
0  -1.439319 8.832605 51.288338  -1.000000 -0.000070 -0.000001  0.850900 0.149559 1 4 1.000000
0  -1.015178 7.808927 64.187294  -0.707135 -0.707079 -0.000008  0.824100 0.529859 1 4 1.000000
0  -1.439278 8.832628 64.187294  -1.000000 -0.000016 0.000003  0.850900 0.529859 1 4 1.000000
jetpack
0  -1.439319 8.832605 51.288338  -1.000000 -0.000070 -0.000001  0.850900 0.149559 1 4 1.000000
0  -1.439278 8.832628 64.187294  -1.000000 -0.000016 0.000003  0.850900 0.529859 1 4 1.000000
0  -1.015219 9.856411 51.288345  -0.707064 0.707150 0.000001  0.824100 0.149559 1 4 1.000000
jetpack
0  -1.015219 9.856411 51.288345  -0.707064 0.707150 0.000001  0.824100 0.149559 1 4 1.000000
0  -1.439278 8.832628 64.187294  -1.000000 -0.000016 0.000003  0.850900 0.529859 1 4 1.000000
0  -1.015179 9.856432 64.187286  -0.707142 0.707071 -0.000010  0.824100 0.529859 1 4 1.000000
jetpack
0  -1.015219 9.856411 51.288345  -0.707064 0.707150 0.000001  0.824100 0.149559 1 4 1.000000
0  -1.015179 9.856432 64.187286  -0.707142 0.707071 -0.000010  0.824100 0.529859 1 4 1.000000
0  0.008480 10.280313 51.288338  0.000010 1.000000 -0.000014  0.797200 0.149559 1 4 1.000000
jetpack
0  0.008480 10.280313 51.288338  0.000010 1.000000 -0.000014  0.797200 0.149559 1 4 1.000000
0  -1.015179 9.856432 64.187286  -0.707142 0.707071 -0.000010  0.824100 0.529859 1 4 1.000000
0  0.008521 10.280633 64.187286  0.000013 1.000000 -0.000014  0.797200 0.529859 1 4 1.000000
jetpack
0  0.008480 10.280313 51.288338  0.000010 1.000000 -0.000014  0.797200 0.149559 1 4 1.000000
0  0.008521 10.280633 64.187286  0.000013 1.000000 -0.000014  0.797200 0.529859 1 4 1.000000
0  1.032081 9.856408 51.288322  0.707106 0.707108 -0.000014  0.770400 0.149559 1 4 1.000000
jetpack
0  1.032081 9.856408 51.288322  0.707106 0.707108 -0.000014  0.770400 0.149559 1 4 1.000000
0  0.008521 10.280633 64.187286  0.000013 1.000000 -0.000014  0.797200 0.529859 1 4 1.000000
0  1.032121 9.856433 64.187279  0.707192 0.707022 -0.000004  0.770400 0.529859 1 4 1.000000
jetpack
0  1.032081 9.856408 51.288322  0.707106 0.707108 -0.000014  0.770400 0.149559 1 4 1.000000
0  1.032121 9.856433 64.187279  0.707192 0.707022 -0.000004  0.770400 0.529859 1 4 1.000000
0  1.456081 8.832607 51.288334  1.000000 -0.000063 -0.000003  0.743500 0.149559 1 4 1.000000
jetpack
0  1.456081 8.832607 51.288334  1.000000 -0.000063 -0.000003  0.743500 0.149559 1 4 1.000000
0  1.032121 9.856433 64.187279  0.707192 0.707022 -0.000004  0.770400 0.529859 1 4 1.000000
0  1.456122 8.832629 64.187279  1.000000 -0.000023 -0.000008  0.743500 0.529859 1 4 1.000000
jetpack
0  -1.629591 8.151620 59.983162  0.000000 -0.000000 -1.000000  0.731300 0.995259 1 4 1.000000
0  -3.355891 8.678720 59.983166  0.000000 -0.000000 -1.000000  0.633300 0.971359 1 4 1.000000
0  -1.629592 8.678720 59.983162  0.000000 -0.000000 -1.000000  0.731300 0.971359 1 4 1.000000
jetpack
0  -3.355891 8.151615 59.983166  -0.000004 0.000000 -1.000000  0.633300 0.995259 1 4 1.000000
0  -3.355891 8.678720 59.983166  -0.000004 0.000000 -1.000000  0.633300 0.971359 1 4 1.000000
0  -1.629591 8.151620 59.983162  -0.000004 0.000000 -1.000000  0.731300 0.995259 1 4 1.000000
jetpack
0  -1.032514 8.366507 52.954857  0.000004 0.000000 1.000000  0.662100 0.971359 1 4 1.000000
0  -3.093913 8.730306 52.954865  0.357027 0.000000 0.934094  0.489600 0.946159 1 4 1.000000
0  -3.093913 8.366504 52.954865  0.382572 0.000000 0.923925  0.489600 0.971359 1 4 1.000000
jetpack
0  -1.032514 8.907107 52.954857  0.000003 0.000000 1.000000  0.662100 0.946159 1 4 1.000000
0  -3.093913 8.730306 52.954865  0.357027 0.000000 0.934094  0.489600 0.946159 1 4 1.000000
0  -1.032514 8.366507 52.954857  0.000004 0.000000 1.000000  0.662100 0.971359 1 4 1.000000
jetpack
0  -3.283313 8.366506 53.144165  0.923832 0.000000 0.382799  0.469400 0.971359 1 4 1.000000
0  -3.283289 8.697825 60.593864  1.000000 0.000000 -0.000003  0.972000 0.946159 1 4 1.000000
0  -3.283289 8.366522 60.593864  1.000000 0.000000 -0.000003  0.972500 0.971359 1 4 1.000000
jetpack
0  -3.283313 8.697811 53.144165  0.917849 0.000000 0.396930  0.469400 0.946159 1 4 1.000000
0  -3.283289 8.697825 60.593864  1.000000 0.000000 -0.000003  0.972000 0.946159 1 4 1.000000
0  -3.283313 8.366506 53.144165  0.923832 0.000000 0.382799  0.469400 0.971359 1 4 1.000000
jetpack
0  -3.283313 8.366506 53.144165  0.923832 0.000000 0.382799  0.469400 0.971459 1 4 1.000000
0  -3.093913 8.366504 52.954865  0.382572 0.000000 0.923925  0.489600 0.971259 1 4 1.000000
0  -3.283313 8.697811 53.144165  0.917849 0.000000 0.396930  0.469400 0.946159 1 4 1.000000
jetpack
0  -3.283313 8.697811 53.144165  0.917849 0.000000 0.396930  0.469400 0.946159 1 4 1.000000
0  -3.093913 8.366504 52.954865  0.382572 0.000000 0.923925  0.489600 0.971259 1 4 1.000000
0  -3.093913 8.730306 52.954865  0.357027 0.000000 0.934094  0.489600 0.946059 1 4 1.000000
jetpack
0  -6.230016 7.471203 51.820274  -0.001808 -0.000760 -0.999998  0.571000 0.726159 1 4 1.000000
0  -3.898217 7.208602 51.816257  0.706351 -0.000615 -0.707861  0.600700 0.611959 1 4 1.000000
0  -6.229416 7.208602 51.820473  -0.001807 -0.000760 -0.999998  0.600700 0.726259 1 4 1.000000
jetpack
0  -3.898217 7.471203 51.816055  0.705522 -0.000545 -0.708688  0.571000 0.611959 1 4 1.000000
0  -3.898217 7.208602 51.816257  0.706351 -0.000615 -0.707861  0.600700 0.611959 1 4 1.000000
0  -6.230016 7.471203 51.820274  -0.001808 -0.000760 -0.999998  0.571000 0.726159 1 4 1.000000
jetpack
0  -3.898115 7.469303 52.420170  1.000000 -0.000285 -0.000046  0.571200 0.573559 1 4 1.000000
0  -3.898217 7.208602 51.816257  0.706351 -0.000615 -0.707861  0.600700 0.611959 1 4 1.000000
0  -3.898217 7.471203 51.816055  0.705522 -0.000545 -0.708688  0.571000 0.611959 1 4 1.000000
jetpack
0  -3.898215 7.209201 52.419666  1.000000 -0.000386 -0.000003  0.600700 0.573559 1 4 1.000000
0  -3.898217 7.208602 51.816257  0.706351 -0.000615 -0.707861  0.600700 0.611959 1 4 1.000000
0  -3.898115 7.469303 52.420170  1.000000 -0.000285 -0.000046  0.571200 0.573559 1 4 1.000000
jetpack
0  -6.776515 8.226000 52.207870  -1.000000 -0.000001 0.000004  0.613100 0.785459 1 4 1.000000
0  -6.776515 8.640002 52.446968  -1.000000 -0.000001 0.000002  0.589300 0.771759 1 4 1.000000
0  -6.776516 9.054503 52.207863  -1.000000 0.000000 0.000004  0.565500 0.785459 1 4 1.000000
jetpack
0  -6.776517 9.054502 51.729362  -1.000000 0.000005 0.000002  0.565500 0.812959 1 4 1.000000
0  -6.776520 8.640302 51.490166  -1.000000 0.000000 0.000004  0.589300 0.826659 1 4 1.000000
0  -6.776516 9.054503 52.207863  -1.000000 0.000000 0.000004  0.565500 0.785459 1 4 1.000000
jetpack
0  -6.776516 9.054503 52.207863  -1.000000 0.000000 0.000004  0.565500 0.785459 1 4 1.000000
0  -6.776520 8.640302 51.490166  -1.000000 0.000000 0.000004  0.589300 0.826659 1 4 1.000000
0  -6.776515 8.226000 52.207870  -1.000000 -0.000001 0.000004  0.613100 0.785459 1 4 1.000000
jetpack
0  -6.776517 8.226002 51.729355  -1.000000 0.000000 0.000004  0.613100 0.812959 1 4 1.000000
0  -6.776515 8.226000 52.207870  -1.000000 -0.000001 0.000004  0.613100 0.785459 1 4 1.000000
0  -6.776520 8.640302 51.490166  -1.000000 0.000000 0.000004  0.589300 0.826659 1 4 1.000000
jetpack
0  -3.898312 8.369707 53.398170  0.004120 0.006462 -0.999971  0.005500 0.920459 1 4 1.000000
0  -3.898212 7.471804 53.392368  -0.018619 0.002504 -0.999824  0.005500 0.881259 1 4 1.000000
0  -4.125212 8.776709 53.399864  -0.031804 -0.215282 -0.976034  0.013400 0.938259 1 4 1.000000
jetpack
0  -6.223111 7.471804 53.442177  -0.006574 -0.021845 -0.999740  0.106800 0.881359 1 4 1.000000
0  -4.125212 8.776709 53.399864  -0.031804 -0.215282 -0.976034  0.013400 0.938259 1 4 1.000000
0  -3.898212 7.471804 53.392368  -0.018619 0.002504 -0.999824  0.005500 0.881259 1 4 1.000000
jetpack
0  -6.560310 8.777306 53.399979  -0.000103 -0.232200 -0.972668  0.119600 0.938259 1 4 1.000000
0  -4.125212 8.776709 53.399864  -0.031804 -0.215282 -0.976034  0.013400 0.938259 1 4 1.000000
0  -6.223111 7.471804 53.442177  -0.006574 -0.021845 -0.999740  0.106800 0.881359 1 4 1.000000
jetpack
0  -6.560310 8.777306 53.399979  -0.000103 -0.232200 -0.972668  0.119600 0.938259 1 4 1.000000
0  -5.994816 9.646505 52.937374  -0.029769 -0.518404 -0.854618  0.095000 0.983359 1 4 1.000000
0  -4.125212 8.776709 53.399864  -0.031804 -0.215282 -0.976034  0.013400 0.938259 1 4 1.000000
jetpack
0  -4.125212 8.776709 53.399864  -0.031804 -0.215282 -0.976034  0.013400 0.938259 1 4 1.000000
0  -5.994816 9.646505 52.937374  -0.029769 -0.518404 -0.854618  0.095000 0.983359 1 4 1.000000
0  -4.643614 9.646505 52.735767  -0.112822 -0.644581 -0.756165  0.035800 0.983459 1 4 1.000000
jetpack
0  -0.770318 9.580109 51.637428  -0.969209 -0.239930 -0.055379  0.606700 0.002259 1 4 1.000000
0  -1.014505 9.563911 55.981258  -0.927642 -0.372490 -0.027043  0.606700 0.242659 1 4 1.000000
0  -0.841318 9.866911 51.637451  -0.966615 0.252026 -0.046233  0.619100 0.002259 1 4 1.000000
jetpack
0  -1.014505 9.563911 55.981258  -0.927642 -0.372490 -0.027043  0.606700 0.242659 1 4 1.000000
0  -1.014480 9.761127 63.679169  -0.926792 -0.375452 0.009622  0.606700 0.483059 1 4 1.000000
0  -1.108005 9.794714 55.981258  -0.981975 0.186499 -0.030699  0.619100 0.242659 1 4 1.000000
jetpack
0  -0.841318 9.866911 51.637451  -0.966615 0.252026 -0.046233  0.619100 0.002259 1 4 1.000000
0  -1.014505 9.563911 55.981258  -0.927642 -0.372490 -0.027043  0.606700 0.242659 1 4 1.000000
0  -1.108005 9.794714 55.981258  -0.981975 0.186499 -0.030699  0.619100 0.242659 1 4 1.000000
jetpack
0  -1.108005 9.794714 55.981258  -0.981975 0.186499 -0.030699  0.619100 0.242659 1 4 1.000000
0  -0.496705 10.414718 55.981255  -0.541492 0.840390 -0.023055  0.648800 0.242659 1 4 1.000000
0  -0.841318 9.866911 51.637451  -0.966615 0.252026 -0.046233  0.619100 0.002259 1 4 1.000000
jetpack
0  -0.841318 9.866911 51.637451  -0.966615 0.252026 -0.046233  0.619100 0.002259 1 4 1.000000
0  -0.496705 10.414718 55.981255  -0.541492 0.840390 -0.023055  0.648800 0.242659 1 4 1.000000
0  -0.376919 10.382315 51.637455  -0.566302 0.823954 -0.020056  0.648800 0.002259 1 4 1.000000
jetpack
0  -0.496705 10.414718 55.981255  -0.541492 0.840390 -0.023055  0.648800 0.242659 1 4 1.000000
0  0.001595 10.594017 55.981251  0.000032 0.999771 -0.021424  0.673000 0.242659 1 4 1.000000
0  -0.376919 10.382315 51.637455  -0.566302 0.823954 -0.020056  0.648800 0.002259 1 4 1.000000
jetpack
0  -0.376919 10.382315 51.637455  -0.566302 0.823954 -0.020056  0.648800 0.002259 1 4 1.000000
0  0.001595 10.594017 55.981251  0.000032 0.999771 -0.021424  0.673000 0.242659 1 4 1.000000
0  0.001581 10.531111 51.637436  0.000046 0.999895 -0.014480  0.673000 0.002259 1 4 1.000000
jetpack
0  0.001581 10.531111 51.637436  0.000046 0.999895 -0.014480  0.673000 0.002259 1 4 1.000000
0  0.001595 10.594017 55.981251  0.000032 0.999771 -0.021424  0.673000 0.242659 1 4 1.000000
0  0.379981 10.382314 51.637451  0.566294 0.823959 -0.020059  0.697200 0.002259 1 4 1.000000
jetpack
0  0.379981 10.382314 51.637451  0.566294 0.823959 -0.020059  0.697200 0.002259 1 4 1.000000
0  0.001595 10.594017 55.981251  0.000032 0.999771 -0.021424  0.673000 0.242659 1 4 1.000000
0  0.499795 10.414719 55.981251  0.541549 0.840353 -0.023052  0.697200 0.242659 1 4 1.000000
jetpack
0  0.379981 10.382314 51.637451  0.566294 0.823959 -0.020059  0.697200 0.002259 1 4 1.000000
0  0.499795 10.414719 55.981251  0.541549 0.840353 -0.023052  0.697200 0.242659 1 4 1.000000
0  0.844482 9.866909 51.637447  0.966640 0.251932 -0.046238  0.726900 0.002259 1 4 1.000000
jetpack
0  0.844482 9.866909 51.637447  0.966640 0.251932 -0.046238  0.726900 0.002259 1 4 1.000000
0  0.499795 10.414719 55.981251  0.541549 0.840353 -0.023052  0.697200 0.242659 1 4 1.000000
0  1.110995 9.794714 55.981251  0.981980 0.186481 -0.030672  0.726900 0.242659 1 4 1.000000
jetpack
0  1.110995 9.794714 55.981251  0.981980 0.186481 -0.030672  0.726900 0.242659 1 4 1.000000
0  1.017595 9.563913 55.981251  0.927774 -0.372161 -0.027033  0.739300 0.242659 1 4 1.000000
0  0.844482 9.866909 51.637447  0.966640 0.251932 -0.046238  0.726900 0.002259 1 4 1.000000
jetpack
0  1.110995 9.794714 55.981251  0.981980 0.186481 -0.030672  0.726900 0.242659 1 4 1.000000
0  1.017620 9.761131 63.679153  0.926875 -0.375247 0.009606  0.739300 0.483059 1 4 1.000000
0  1.017595 9.563913 55.981251  0.927774 -0.372161 -0.027033  0.739300 0.242659 1 4 1.000000
jetpack
0  1.111019 9.991829 63.679153  0.926874 -0.375249 0.009606  0.726900 0.483059 1 4 1.000000
0  1.017620 9.761131 63.679153  0.926875 -0.375247 0.009606  0.739300 0.483059 1 4 1.000000
0  1.110995 9.794714 55.981251  0.981980 0.186481 -0.030672  0.726900 0.242659 1 4 1.000000
jetpack
0  1.110995 9.794714 55.981251  0.981980 0.186481 -0.030672  0.726900 0.242659 1 4 1.000000
0  0.499795 10.414719 55.981251  0.541549 0.840353 -0.023052  0.697200 0.242659 1 4 1.000000
0  1.111019 9.991829 63.679153  0.712030 0.701919 -0.017975  0.726900 0.483059 1 4 1.000000
jetpack
0  1.111019 9.991829 63.679153  0.712030 0.701919 -0.017975  0.726900 0.483059 1 4 1.000000
0  0.499795 10.414719 55.981251  0.541549 0.840353 -0.023052  0.697200 0.242659 1 4 1.000000
0  0.499819 10.611833 63.679169  0.537109 0.843236 -0.021600  0.697200 0.483059 1 4 1.000000
jetpack
0  0.499795 10.414719 55.981251  0.541549 0.840353 -0.023052  0.697200 0.242659 1 4 1.000000
0  0.001595 10.594017 55.981251  0.000032 0.999771 -0.021424  0.673000 0.242659 1 4 1.000000
0  0.499819 10.611833 63.679169  0.537109 0.843236 -0.021600  0.697200 0.483059 1 4 1.000000
jetpack
0  0.499819 10.611833 63.679169  0.537109 0.843236 -0.021600  0.697200 0.483059 1 4 1.000000
0  0.001595 10.594017 55.981251  0.000032 0.999771 -0.021424  0.673000 0.242659 1 4 1.000000
0  0.001619 10.791235 63.679161  0.000033 0.999672 -0.025612  0.673000 0.483059 1 4 1.000000
jetpack
0  0.001595 10.594017 55.981251  0.000032 0.999771 -0.021424  0.673000 0.242659 1 4 1.000000
0  -0.496681 10.611832 63.679161  -0.537048 0.843275 -0.021598  0.648800 0.483059 1 4 1.000000
0  0.001619 10.791235 63.679161  0.000033 0.999672 -0.025612  0.673000 0.483059 1 4 1.000000
jetpack
0  -0.496705 10.414718 55.981255  -0.541492 0.840390 -0.023055  0.648800 0.242659 1 4 1.000000
0  -0.496681 10.611832 63.679161  -0.537048 0.843275 -0.021598  0.648800 0.483059 1 4 1.000000
0  0.001595 10.594017 55.981251  0.000032 0.999771 -0.021424  0.673000 0.242659 1 4 1.000000
jetpack
0  -0.496705 10.414718 55.981255  -0.541492 0.840390 -0.023055  0.648800 0.242659 1 4 1.000000
0  -1.107981 9.991831 63.679169  -0.711971 0.701979 -0.017973  0.619100 0.483059 1 4 1.000000
0  -0.496681 10.611832 63.679161  -0.537048 0.843275 -0.021598  0.648800 0.483059 1 4 1.000000
jetpack
0  -1.108005 9.794714 55.981258  -0.981975 0.186499 -0.030699  0.619100 0.242659 1 4 1.000000
0  -1.107981 9.991831 63.679169  -0.711971 0.701979 -0.017973  0.619100 0.483059 1 4 1.000000
0  -0.496705 10.414718 55.981255  -0.541492 0.840390 -0.023055  0.648800 0.242659 1 4 1.000000
jetpack
0  -1.108005 9.794714 55.981258  -0.982008 0.186335 -0.030644  0.619100 0.242659 1 4 1.000000
0  -1.014480 9.761127 63.679169  -0.926735 -0.375593 0.009621  0.606700 0.483059 1 4 1.000000
0  -1.107981 9.991831 63.679169  -0.926735 -0.375593 0.009621  0.619100 0.483059 1 4 1.000000
jetpack
0  0.844482 9.866909 51.637447  0.966640 0.251932 -0.046238  0.726900 0.002259 1 4 1.000000
0  1.017595 9.563913 55.981251  0.927774 -0.372161 -0.027033  0.739300 0.242659 1 4 1.000000
0  0.773382 9.580110 51.637451  0.969128 -0.240256 -0.055381  0.739300 0.002259 1 4 1.000000
jetpack
0  -5.730022 8.646699 50.152451  0.537146 -0.000013 -0.843489  0.736900 0.668259 1 4 1.000000
0  -5.604321 8.950602 50.122154  0.326148 -0.514121 -0.793289  0.737300 0.617459 1 4 1.000000
0  -5.604322 8.342697 50.122135  0.326166 0.514187 -0.793239  0.700700 0.703759 1 4 1.000000
jetpack
0  -4.993124 8.342701 49.974655  -0.651872 0.514300 -0.557278  0.614400 0.667159 1 4 1.000000
0  -5.298822 8.216198 50.048462  -0.163053 0.718532 -0.676111  0.649900 0.703359 1 4 1.000000
0  -5.604322 8.342697 50.122135  0.326166 0.514187 -0.793239  0.700700 0.703759 1 4 1.000000
jetpack
0  -5.604322 8.342697 50.122135  0.326166 0.514187 -0.793239  0.700700 0.703759 1 4 1.000000
0  -5.604321 8.950602 50.122154  0.326148 -0.514121 -0.793289  0.737300 0.617459 1 4 1.000000
0  -4.993124 8.342701 49.974655  -0.651872 0.514300 -0.557278  0.614400 0.667159 1 4 1.000000
jetpack
0  -5.604321 8.950602 50.122154  0.326148 -0.514121 -0.793289  0.737300 0.617459 1 4 1.000000
0  -4.993125 8.950602 49.974655  -0.651887 -0.514273 -0.557285  0.651000 0.580959 1 4 1.000000
0  -4.993124 8.342701 49.974655  -0.651872 0.514300 -0.557278  0.614400 0.667159 1 4 1.000000
jetpack
0  -5.298820 9.077201 50.048462  -0.163045 -0.718619 -0.676020  0.701700 0.581159 1 4 1.000000
0  -4.993125 8.950602 49.974655  -0.651887 -0.514273 -0.557285  0.651000 0.580959 1 4 1.000000
0  -5.604321 8.950602 50.122154  0.326148 -0.514121 -0.793289  0.737300 0.617459 1 4 1.000000
jetpack
0  -4.867323 8.646700 49.944237  -0.862771 -0.000033 -0.505594  0.614800 0.616359 1 4 1.000000
0  -4.993124 8.342701 49.974655  -0.651872 0.514300 -0.557278  0.614400 0.667159 1 4 1.000000
0  -4.993125 8.950602 49.974655  -0.651887 -0.514273 -0.557285  0.651000 0.580959 1 4 1.000000
jetpack
0  -3.898217 7.471203 51.816055  0.000006 0.999995 0.003144  0.469200 0.759459 1 4 1.000000
0  -6.230016 7.471203 51.820274  0.000765 1.000000 0.000194  0.549800 0.759659 1 4 1.000000
0  -3.898115 7.469303 52.420170  0.000175 1.000000 0.000294  0.469200 0.784859 1 4 1.000000
jetpack
0  -6.223111 7.471804 53.442177  0.000667 0.999999 -0.000930  0.549900 0.826559 1 4 1.000000
0  -3.898115 7.469303 52.420170  0.000175 1.000000 0.000294  0.469200 0.784859 1 4 1.000000
0  -6.230016 7.471203 51.820274  0.000765 1.000000 0.000194  0.549800 0.759659 1 4 1.000000
jetpack
0  -3.898212 7.471804 53.392368  -0.000055 0.999997 -0.002572  0.469200 0.826559 1 4 1.000000
0  -3.898115 7.469303 52.420170  0.000175 1.000000 0.000294  0.469200 0.784859 1 4 1.000000
0  -6.223111 7.471804 53.442177  0.000667 0.999999 -0.000930  0.549900 0.826559 1 4 1.000000
jetpack
0  -3.898115 7.469303 52.420170  -1.000000 -0.000444 -0.000099  0.469200 0.784859 1 4 1.000000
0  -3.898212 7.471804 53.392368  -1.000000 -0.000270 0.000062  0.469200 0.826559 1 4 1.000000
0  -3.898515 8.371609 52.424767  -0.941076 -0.338191 0.001581  0.429100 0.784859 1 4 1.000000
jetpack
0  -3.898515 8.371609 52.424767  -0.941076 -0.338191 0.001581  0.429100 0.784859 1 4 1.000000
0  -3.898212 7.471804 53.392368  -1.000000 -0.000270 0.000062  0.469200 0.826559 1 4 1.000000
0  -3.898312 8.369707 53.398170  -0.967697 -0.252117 -0.000291  0.429100 0.826559 1 4 1.000000
jetpack
0  -6.776517 8.226002 51.729355  0.000007 -0.866010 -0.500026  0.719300 0.773259 1 4 1.000000
0  -6.269820 8.640301 51.490173  0.000009 0.000040 -1.000000  0.744500 0.743359 1 4 1.000000
0  -6.269817 8.226000 51.729362  0.000009 -0.866033 -0.499987  0.719300 0.743359 1 4 1.000000
jetpack
0  -6.776520 8.640302 51.490166  0.000014 0.000074 -1.000000  0.744500 0.773259 1 4 1.000000
0  -6.269820 8.640301 51.490173  0.000009 0.000040 -1.000000  0.744500 0.743359 1 4 1.000000
0  -6.776517 8.226002 51.729355  0.000007 -0.866010 -0.500026  0.719300 0.773259 1 4 1.000000
jetpack
0  -6.776520 8.640302 51.490166  0.000014 0.000074 -1.000000  0.744500 0.773259 1 4 1.000000
0  -6.269817 9.054503 51.729370  0.000002 0.866048 -0.499962  0.769700 0.743359 1 4 1.000000
0  -6.269820 8.640301 51.490173  0.000009 0.000040 -1.000000  0.744500 0.743359 1 4 1.000000
jetpack
0  -6.776517 9.054502 51.729362  0.000009 0.866057 -0.499946  0.769700 0.773259 1 4 1.000000
0  -6.269817 9.054503 51.729370  0.000002 0.866048 -0.499962  0.769700 0.743359 1 4 1.000000
0  -6.776520 8.640302 51.490166  0.000014 0.000074 -1.000000  0.744500 0.773259 1 4 1.000000
jetpack
0  -6.776517 9.054502 51.729362  0.000009 0.866057 -0.499946  0.769700 0.773259 1 4 1.000000
0  -6.269816 9.054502 52.207870  -0.000018 0.865936 0.500155  0.795000 0.743359 1 4 1.000000
0  -6.269817 9.054503 51.729370  0.000002 0.866048 -0.499962  0.769700 0.743359 1 4 1.000000
jetpack
0  -6.776516 9.054503 52.207863  -0.000007 0.865927 0.500170  0.795000 0.773259 1 4 1.000000
0  -6.269816 9.054502 52.207870  -0.000018 0.865936 0.500155  0.795000 0.743359 1 4 1.000000
0  -6.776517 9.054502 51.729362  0.000009 0.866057 -0.499946  0.769700 0.773259 1 4 1.000000
jetpack
0  -6.776516 9.054503 52.207863  -0.000007 0.865927 0.500170  0.795000 0.773259 1 4 1.000000
0  -6.269815 8.640002 52.446972  -0.000009 -0.000235 1.000000  0.820200 0.743359 1 4 1.000000
0  -6.269816 9.054502 52.207870  -0.000018 0.865936 0.500155  0.795000 0.743359 1 4 1.000000
jetpack
0  -6.776515 8.640002 52.446968  -0.000005 -0.000267 1.000000  0.820200 0.773259 1 4 1.000000
0  -6.269815 8.640002 52.446972  -0.000009 -0.000235 1.000000  0.820200 0.743359 1 4 1.000000
0  -6.776516 9.054503 52.207863  -0.000007 0.865927 0.500170  0.795000 0.773259 1 4 1.000000
jetpack
0  -6.776515 8.640002 52.446968  -0.000005 -0.000267 1.000000  0.820200 0.773259 1 4 1.000000
0  -6.269815 8.226001 52.207878  -0.000003 -0.866047 0.499963  0.845400 0.743359 1 4 1.000000
0  -6.269815 8.640002 52.446972  -0.000009 -0.000235 1.000000  0.820200 0.743359 1 4 1.000000
jetpack
0  -6.776515 8.226000 52.207870  -0.000010 -0.866070 0.499923  0.845400 0.773259 1 4 1.000000
0  -6.269815 8.226001 52.207878  -0.000003 -0.866047 0.499963  0.845400 0.743359 1 4 1.000000
0  -6.776515 8.640002 52.446968  -0.000005 -0.000267 1.000000  0.820200 0.773259 1 4 1.000000
jetpack
0  -6.776515 8.226000 52.207870  -0.000010 -0.866070 0.499923  0.845400 0.773259 1 4 1.000000
0  -6.269817 8.226000 51.729362  0.000009 -0.866033 -0.499987  0.870700 0.743359 1 4 1.000000
0  -6.269815 8.226001 52.207878  -0.000003 -0.866047 0.499963  0.845400 0.743359 1 4 1.000000
jetpack
0  -6.776517 8.226002 51.729355  0.000007 -0.866010 -0.500026  0.870700 0.773259 1 4 1.000000
0  -6.269817 8.226000 51.729362  0.000009 -0.866033 -0.499987  0.870700 0.743359 1 4 1.000000
0  -6.776515 8.226000 52.207870  -0.000010 -0.866070 0.499923  0.845400 0.773259 1 4 1.000000
jetpack
0  3.898183 7.208606 51.816246  0.001797 -0.000784 -0.999998  0.600700 0.611959 1 4 1.000000
0  6.229984 7.471207 51.820236  -0.915271 0.185045 -0.357822  0.571000 0.726159 1 4 1.000000
0  6.229384 7.208607 51.820438  -0.666701 0.017157 -0.745127  0.600700 0.726259 1 4 1.000000
jetpack
0  3.898183 7.471207 51.816040  0.001797 -0.000784 -0.999998  0.571000 0.611959 1 4 1.000000
0  6.229984 7.471207 51.820236  -0.915271 0.185045 -0.357822  0.571000 0.726159 1 4 1.000000
0  3.898183 7.208606 51.816246  0.001797 -0.000784 -0.999998  0.600700 0.611959 1 4 1.000000
jetpack
0  3.898183 7.208606 51.816246  -1.000000 -0.000099 -0.000119  0.600700 0.611959 1 4 1.000000
0  3.898085 7.469308 52.420147  -1.000000 -0.000283 -0.000040  0.571200 0.573559 1 4 1.000000
0  3.898183 7.471207 51.816040  -1.000000 0.000000 -0.000162  0.571000 0.611959 1 4 1.000000
jetpack
0  3.898185 7.209206 52.419643  -1.000000 -0.000383 0.000004  0.600700 0.573559 1 4 1.000000
0  3.898085 7.469308 52.420147  -1.000000 -0.000283 -0.000040  0.571200 0.573559 1 4 1.000000
0  3.898183 7.208606 51.816246  -1.000000 -0.000099 -0.000119  0.600700 0.611959 1 4 1.000000
jetpack
0  -1.032515 8.907105 52.596058  -0.084228 0.996421 0.007080  0.662200 0.971359 1 4 1.000000
0  -3.093913 8.730306 52.954865  -0.081711 0.994342 0.067874  0.513600 0.995259 1 4 1.000000
0  -1.032514 8.907107 52.954857  -0.085454 0.996342 -0.000005  0.662200 0.995259 1 4 1.000000
jetpack
0  -3.406215 8.730305 52.596066  -0.084916 0.993643 0.073910  0.489600 0.971359 1 4 1.000000
0  -3.093913 8.730306 52.954865  -0.081718 0.994346 0.067802  0.513600 0.995259 1 4 1.000000
0  -1.032515 8.907105 52.596058  -0.084226 0.996422 0.007078  0.662200 0.971359 1 4 1.000000
jetpack
0  -3.406215 8.730305 52.596066  -0.084916 0.993643 0.073910  0.489600 0.971359 1 4 1.000000
0  -3.595614 8.697806 52.785465  -0.063476 0.996453 0.055246  0.469400 0.971359 1 4 1.000000
0  -3.093913 8.730306 52.954865  -0.081718 0.994346 0.067802  0.513600 0.995259 1 4 1.000000
jetpack
0  -3.406215 8.730305 52.596066  -0.358465 0.000008 -0.933543  0.489600 0.971359 1 4 1.000000
0  -3.406214 8.366503 52.596062  -0.382696 0.000007 -0.923874  0.489600 0.946159 1 4 1.000000
0  -3.595614 8.697806 52.785465  -0.917905 0.000002 -0.396799  0.469400 0.971359 1 4 1.000000
jetpack
0  -3.595614 8.697806 52.785465  -0.917905 0.000002 -0.396799  0.469400 0.971359 1 4 1.000000
0  -3.406214 8.366503 52.596062  -0.382696 0.000007 -0.923874  0.489600 0.946159 1 4 1.000000
0  -3.595614 8.366503 52.785465  -0.923878 -0.000000 -0.382688  0.469500 0.946159 1 4 1.000000
jetpack
0  -3.595614 8.697806 52.785465  -0.917905 0.000002 -0.396799  0.469400 0.971359 1 4 1.000000
0  -3.595614 8.366503 52.785465  -0.923878 -0.000000 -0.382688  0.469500 0.946159 1 4 1.000000
0  -3.595690 8.697821 60.593864  -1.000000 -0.000003 -0.000010  0.972200 0.971359 1 4 1.000000
jetpack
0  -3.595690 8.697821 60.593864  -1.000000 -0.000003 -0.000010  0.972200 0.971359 1 4 1.000000
0  -3.595614 8.366503 52.785465  -0.923878 -0.000000 -0.382688  0.469500 0.946159 1 4 1.000000
0  -3.595689 8.366518 60.593864  -1.000000 -0.000003 -0.000010  0.972500 0.946159 1 4 1.000000
jetpack
0  -1.032515 8.907105 52.596058  0.000000 0.000000 -1.000000  0.662200 0.971359 1 4 1.000000
0  -1.032515 8.366505 52.596058  -0.000000 0.000001 -1.000000  0.662200 0.946159 1 4 1.000000
0  -3.406215 8.730305 52.596066  -0.358465 0.000008 -0.933543  0.489600 0.971359 1 4 1.000000
jetpack
0  -3.406215 8.730305 52.596066  -0.358465 0.000008 -0.933543  0.489600 0.971359 1 4 1.000000
0  -1.032515 8.366505 52.596058  -0.000000 0.000001 -1.000000  0.662200 0.946159 1 4 1.000000
0  -3.406214 8.366503 52.596062  -0.382696 0.000007 -0.923874  0.489600 0.946159 1 4 1.000000
jetpack
0  -3.595689 8.366518 60.593864  0.000000 0.000000 1.000000  0.996800 0.971359 1 4 1.000000
0  -3.283289 8.366522 60.593864  0.000000 0.000000 1.000000  0.996600 0.995259 1 4 1.000000
0  -3.595690 8.697821 60.593864  0.000000 0.000000 1.000000  0.972200 0.971359 1 4 1.000000
jetpack
0  -3.595690 8.697821 60.593864  0.000000 0.000000 1.000000  0.972200 0.971359 1 4 1.000000
0  -3.283289 8.366522 60.593864  0.000000 0.000000 1.000000  0.996600 0.995259 1 4 1.000000
0  -3.283289 8.697825 60.593864  0.000000 0.000000 1.000000  0.972100 0.995259 1 4 1.000000
jetpack
0  -3.283313 8.697811 53.144165  -0.034909 0.998929 0.030380  0.496300 0.995259 1 4 1.000000
0  -3.595690 8.697821 60.593864  -0.000015 1.000000 -0.000002  0.972200 0.971359 1 4 1.000000
0  -3.283289 8.697825 60.593864  -0.000015 1.000000 -0.000002  0.972100 0.995259 1 4 1.000000
jetpack
0  -3.595614 8.697806 52.785465  -0.063476 0.996453 0.055246  0.469400 0.971359 1 4 1.000000
0  -3.595690 8.697821 60.593864  -0.000015 1.000000 -0.000002  0.972200 0.971359 1 4 1.000000
0  -3.283313 8.697811 53.144165  -0.034909 0.998929 0.030380  0.496300 0.995259 1 4 1.000000
jetpack
0  -3.093913 8.730306 52.954865  -0.081718 0.994346 0.067802  0.513600 0.995259 1 4 1.000000
0  -3.595614 8.697806 52.785465  -0.063476 0.996453 0.055246  0.469400 0.971359 1 4 1.000000
0  -3.283313 8.697811 53.144165  -0.034909 0.998929 0.030380  0.496300 0.995259 1 4 1.000000
jetpack
0  6.776489 9.054508 52.207832  1.000000 -0.000001 -0.000004  0.565500 0.785459 1 4 1.000000
0  6.776485 8.640014 52.446930  1.000000 -0.000005 0.000008  0.589300 0.771759 1 4 1.000000
0  6.776485 8.226007 52.207836  1.000000 -0.000002 -0.000002  0.613100 0.785459 1 4 1.000000
jetpack
0  6.776484 8.226007 51.729332  1.000000 0.000005 -0.000002  0.613100 0.812959 1 4 1.000000
0  6.776482 8.640312 51.490135  1.000000 0.000001 -0.000007  0.589300 0.826659 1 4 1.000000
0  6.776485 8.226007 52.207836  1.000000 -0.000002 -0.000002  0.613100 0.785459 1 4 1.000000
jetpack
0  6.776485 8.226007 52.207836  1.000000 -0.000002 -0.000002  0.613100 0.785459 1 4 1.000000
0  6.776482 8.640312 51.490135  1.000000 0.000001 -0.000007  0.589300 0.826659 1 4 1.000000
0  6.776489 9.054508 52.207832  1.000000 -0.000001 -0.000004  0.565500 0.785459 1 4 1.000000
jetpack
0  6.776483 9.054517 51.729324  1.000000 0.000010 -0.000012  0.565500 0.812959 1 4 1.000000
0  6.776489 9.054508 52.207832  1.000000 -0.000001 -0.000004  0.565500 0.785459 1 4 1.000000
0  6.776482 8.640312 51.490135  1.000000 0.000001 -0.000007  0.589300 0.826659 1 4 1.000000
jetpack
0  -2.187217 8.924206 51.848461  -0.460143 -0.543285 -0.702218  0.852200 0.876659 1 4 1.000000
0  -2.186519 8.924205 51.260933  -0.430541 -0.584279 -0.687933  0.852200 0.899459 1 4 1.000000
0  -2.016317 8.800804 51.831947  -0.514576 -0.111358 -0.850183  0.836100 0.876659 1 4 1.000000
jetpack
0  -2.016317 8.800804 51.831947  -0.514576 -0.111358 -0.850183  0.836100 0.876659 1 4 1.000000
0  -2.186519 8.924205 51.260933  -0.430541 -0.584279 -0.687933  0.852200 0.899459 1 4 1.000000
0  -2.012719 8.794806 51.261444  -0.407247 -0.549885 -0.729230  0.836200 0.899459 1 4 1.000000
jetpack
0  -2.012719 8.794806 51.261444  0.733001 -0.680192 0.006976  0.836200 0.899459 1 4 1.000000
0  -1.646818 9.193806 51.718754  0.593647 -0.804715 0.004151  0.812200 0.876659 1 4 1.000000
0  -2.016317 8.800804 51.831947  0.730198 -0.683134 0.011788  0.836100 0.876659 1 4 1.000000
jetpack
0  -1.646719 9.193208 51.260952  0.586656 -0.809836 -0.000514  0.812100 0.899459 1 4 1.000000
0  -1.646818 9.193806 51.718754  0.593647 -0.804715 0.004151  0.812200 0.876659 1 4 1.000000
0  -2.012719 8.794806 51.261444  0.733001 -0.680192 0.006976  0.836200 0.899459 1 4 1.000000
jetpack
0  -1.646719 9.193208 51.260952  0.586656 -0.809836 -0.000514  0.812100 0.899459 1 4 1.000000
0  -1.192218 9.398506 51.718548  0.307208 -0.951633 -0.004348  0.791100 0.876659 1 4 1.000000
0  -1.646818 9.193806 51.718754  0.593647 -0.804715 0.004151  0.812200 0.876659 1 4 1.000000
jetpack
0  -1.192219 9.401406 51.260647  0.308147 -0.951323 -0.005480  0.791100 0.899559 1 4 1.000000
0  -1.192218 9.398506 51.718548  0.307208 -0.951633 -0.004348  0.791100 0.876659 1 4 1.000000
0  -1.646719 9.193208 51.260952  0.586656 -0.809836 -0.000514  0.812100 0.899459 1 4 1.000000
jetpack
0  -1.192219 9.401406 51.260647  0.308147 -0.951323 -0.005480  0.791100 0.899559 1 4 1.000000
0  -0.000018 9.637306 51.718239  -0.000007 -0.999997 -0.002629  0.737900 0.876659 1 4 1.000000
0  -1.192218 9.398506 51.718548  0.307208 -0.951633 -0.004348  0.791100 0.876659 1 4 1.000000
jetpack
0  -0.000019 9.638006 51.260643  -0.000008 -0.999999 -0.001535  0.737900 0.899559 1 4 1.000000
0  -0.000018 9.637306 51.718239  -0.000007 -0.999997 -0.002629  0.737900 0.876659 1 4 1.000000
0  -1.192219 9.401406 51.260647  0.308147 -0.951323 -0.005480  0.791100 0.899559 1 4 1.000000
jetpack
0  1.192081 9.401406 51.260647  -0.308098 -0.951339 -0.005414  0.791100 0.899559 1 4 1.000000
0  -0.000018 9.637306 51.718239  -0.000007 -0.999997 -0.002629  0.737900 0.876659 1 4 1.000000
0  -0.000019 9.638006 51.260643  -0.000008 -0.999999 -0.001535  0.737900 0.899559 1 4 1.000000
jetpack
0  1.192182 9.398508 51.718544  -0.307202 -0.951635 -0.004295  0.791100 0.876659 1 4 1.000000
0  -0.000018 9.637306 51.718239  -0.000007 -0.999997 -0.002629  0.737900 0.876659 1 4 1.000000
0  1.192081 9.401406 51.260647  -0.308098 -0.951339 -0.005414  0.791100 0.899559 1 4 1.000000
jetpack
0  1.646681 9.193209 51.260933  -0.586642 -0.809847 -0.000482  0.812100 0.899459 1 4 1.000000
0  1.192182 9.398508 51.718544  -0.307202 -0.951635 -0.004295  0.791100 0.876659 1 4 1.000000
0  1.192081 9.401406 51.260647  -0.308098 -0.951339 -0.005414  0.791100 0.899559 1 4 1.000000
jetpack
0  1.646782 9.193810 51.718750  -0.593644 -0.804717 0.004163  0.812200 0.876659 1 4 1.000000
0  1.192182 9.398508 51.718544  -0.307202 -0.951635 -0.004295  0.791100 0.876659 1 4 1.000000
0  1.646681 9.193209 51.260933  -0.586642 -0.809847 -0.000482  0.812100 0.899459 1 4 1.000000
jetpack
0  2.012681 8.794809 51.261444  -0.732998 -0.680195 0.006987  0.836200 0.899459 1 4 1.000000
0  1.646782 9.193810 51.718750  -0.593644 -0.804717 0.004163  0.812200 0.876659 1 4 1.000000
0  1.646681 9.193209 51.260933  -0.586642 -0.809847 -0.000482  0.812100 0.899459 1 4 1.000000
jetpack
0  2.016283 8.800815 51.831947  -0.730191 -0.683142 0.011799  0.836100 0.876659 1 4 1.000000
0  1.646782 9.193810 51.718750  -0.593644 -0.804717 0.004163  0.812200 0.876659 1 4 1.000000
0  2.012681 8.794809 51.261444  -0.732998 -0.680195 0.006987  0.836200 0.899459 1 4 1.000000
jetpack
0  2.186481 8.924212 51.260941  0.430584 -0.584272 -0.687912  0.852200 0.899459 1 4 1.000000
0  2.016283 8.800815 51.831947  0.588037 -0.808834 0.000480  0.836100 0.876659 1 4 1.000000
0  2.012681 8.794809 51.261444  0.407293 -0.549861 -0.729222  0.836200 0.899459 1 4 1.000000
jetpack
0  2.187183 8.924214 51.848442  0.585447 -0.810711 -0.000697  0.852200 0.876659 1 4 1.000000
0  2.016283 8.800815 51.831947  0.588037 -0.808834 0.000480  0.836100 0.876659 1 4 1.000000
0  2.186481 8.924212 51.260941  0.430584 -0.584272 -0.687912  0.852200 0.899459 1 4 1.000000
jetpack
0  4.988077 8.950603 49.974609  0.651718 -0.514404 -0.557363  0.825100 0.143059 1 4 1.000000
0  4.862077 8.646704 49.944221  0.862676 -0.000035 -0.505758  0.850300 0.143059 1 4 1.000000
0  5.341867 9.342003 46.783398  0.711495 -0.702653 -0.007283  0.825100 0.004459 1 4 1.000000
jetpack
0  5.341867 9.342003 46.783398  0.711495 -0.702653 -0.007283  0.825100 0.004459 1 4 1.000000
0  4.862077 8.646704 49.944221  0.862676 -0.000035 -0.505758  0.850300 0.143059 1 4 1.000000
0  5.053866 8.646698 46.713898  0.998242 0.000052 0.059267  0.850200 0.004459 1 4 1.000000
jetpack
0  5.053866 8.646698 46.713898  0.998242 0.000052 0.059267  0.850200 0.004459 1 4 1.000000
0  4.862077 8.646704 49.944221  0.862676 -0.000035 -0.505758  0.850300 0.143059 1 4 1.000000
0  5.341868 7.951600 46.783398  0.711623 0.702524 -0.007200  0.825100 0.004459 1 4 1.000000
jetpack
0  5.341868 7.951600 46.783398  0.711623 0.702524 -0.007200  0.825100 0.004459 1 4 1.000000
0  4.862077 8.646704 49.944221  0.862676 -0.000035 -0.505758  0.850300 0.143059 1 4 1.000000
0  4.988078 8.342707 49.974617  0.651695 0.514434 -0.557360  0.825100 0.143059 1 4 1.000000
jetpack
0  5.341868 7.951600 46.783398  0.711623 0.702524 -0.007200  0.825100 0.004459 1 4 1.000000
0  4.988078 8.342707 49.974617  0.651695 0.514434 -0.557360  0.825100 0.143059 1 4 1.000000
0  6.040968 7.661898 46.951996  0.040033 0.985202 -0.166656  0.803800 0.004559 1 4 1.000000
jetpack
0  6.040968 7.661898 46.951996  0.040033 0.985202 -0.166656  0.803800 0.004559 1 4 1.000000
0  4.988078 8.342707 49.974617  0.651695 0.514434 -0.557360  0.825100 0.143059 1 4 1.000000
0  5.293777 8.216207 50.048409  0.163019 0.718627 -0.676017  0.803800 0.143059 1 4 1.000000
jetpack
0  5.293777 8.216207 50.048409  0.163019 0.718627 -0.676017  0.803800 0.143059 1 4 1.000000
0  5.599176 8.342706 50.122108  -0.326152 0.514152 -0.793267  0.781300 0.143059 1 4 1.000000
0  6.040968 7.661898 46.951996  0.040033 0.985202 -0.166656  0.803800 0.004559 1 4 1.000000
jetpack
0  6.040968 7.661898 46.951996  0.040033 0.985202 -0.166656  0.803800 0.004559 1 4 1.000000
0  5.599176 8.342706 50.122108  -0.326152 0.514152 -0.793267  0.781300 0.143059 1 4 1.000000
0  6.739470 7.951601 47.120502  -0.630400 0.702174 -0.330980  0.781200 0.004659 1 4 1.000000
jetpack
0  5.599176 8.342706 50.122108  -0.326152 0.514152 -0.793267  0.781300 0.143059 1 4 1.000000
0  5.724877 8.646705 50.152412  -0.537114 -0.000040 -0.843510  0.756600 0.143059 1 4 1.000000
0  6.739470 7.951601 47.120502  -0.630400 0.702174 -0.330980  0.781200 0.004659 1 4 1.000000
jetpack
0  6.739470 7.951601 47.120502  -0.630400 0.702174 -0.330980  0.781200 0.004659 1 4 1.000000
0  5.724877 8.646705 50.152412  -0.537114 -0.000040 -0.843510  0.756600 0.143059 1 4 1.000000
0  7.026866 8.646699 47.189896  -0.915488 0.000047 -0.402346  0.756600 0.004659 1 4 1.000000
jetpack
0  7.026866 8.646699 47.189896  -0.915488 0.000047 -0.402346  0.756600 0.004659 1 4 1.000000
0  5.724877 8.646705 50.152412  -0.537114 -0.000040 -0.843510  0.756600 0.143059 1 4 1.000000
0  6.739469 9.342007 47.120495  -0.630243 -0.702308 -0.330995  0.781200 0.004659 1 4 1.000000
jetpack
0  6.739469 9.342007 47.120495  -0.630243 -0.702308 -0.330995  0.781200 0.004659 1 4 1.000000
0  5.724877 8.646705 50.152412  -0.537114 -0.000040 -0.843510  0.756600 0.143059 1 4 1.000000
0  5.599176 8.950603 50.122101  -0.326143 -0.514108 -0.793299  0.781300 0.143059 1 4 1.000000
jetpack
0  6.739469 9.342007 47.120495  -0.630243 -0.702308 -0.330995  0.781200 0.004659 1 4 1.000000
0  5.599176 8.950603 50.122101  -0.326143 -0.514108 -0.793299  0.781300 0.143059 1 4 1.000000
0  6.040967 9.631307 46.952000  0.040038 -0.985199 -0.166671  0.803800 0.004559 1 4 1.000000
jetpack
0  6.040967 9.631307 46.952000  0.040038 -0.985199 -0.166671  0.803800 0.004559 1 4 1.000000
0  5.599176 8.950603 50.122101  -0.326143 -0.514108 -0.793299  0.781300 0.143059 1 4 1.000000
0  5.293777 9.077211 50.048409  0.163007 -0.718675 -0.675969  0.803800 0.143059 1 4 1.000000
jetpack
0  5.293777 9.077211 50.048409  0.163007 -0.718675 -0.675969  0.803800 0.143059 1 4 1.000000
0  4.988077 8.950603 49.974609  0.651718 -0.514404 -0.557363  0.825100 0.143059 1 4 1.000000
0  6.040967 9.631307 46.952000  0.040038 -0.985199 -0.166671  0.803800 0.004559 1 4 1.000000
jetpack
0  6.040967 9.631307 46.952000  0.040038 -0.985199 -0.166671  0.803800 0.004559 1 4 1.000000
0  4.988077 8.950603 49.974609  0.651718 -0.514404 -0.557363  0.825100 0.143059 1 4 1.000000
0  5.341867 9.342003 46.783398  0.711495 -0.702653 -0.007283  0.825100 0.004459 1 4 1.000000
jetpack
0  0.844482 9.866909 51.637447  -0.000045 -0.000009 -1.000000  0.736800 0.510659 1 4 1.000000
0  0.773382 9.580110 51.637451  -0.000006 0.000001 -1.000000  0.731600 0.491559 1 4 1.000000
0  0.379981 10.382314 51.637451  0.000008 0.000005 -1.000000  0.702800 0.544859 1 4 1.000000
jetpack
0  -0.770318 9.580109 51.637428  0.000018 0.000007 -1.000000  0.618700 0.491559 1 4 1.000000
0  0.379981 10.382314 51.637451  0.000008 0.000005 -1.000000  0.702800 0.544859 1 4 1.000000
0  0.773382 9.580110 51.637451  -0.000006 0.000001 -1.000000  0.731600 0.491559 1 4 1.000000
jetpack
0  -0.841318 9.866911 51.637451  -0.000016 0.000060 -1.000000  0.613500 0.510659 1 4 1.000000
0  0.379981 10.382314 51.637451  -0.000005 -0.000024 -1.000000  0.702800 0.544859 1 4 1.000000
0  -0.770318 9.580109 51.637428  -0.000020 0.000072 -1.000000  0.618700 0.491559 1 4 1.000000
jetpack
0  -0.376919 10.382315 51.637455  -0.000000 -0.000006 -1.000000  0.647500 0.544859 1 4 1.000000
0  0.379981 10.382314 51.637451  -0.000005 -0.000024 -1.000000  0.702800 0.544859 1 4 1.000000
0  -0.841318 9.866911 51.637451  -0.000016 0.000060 -1.000000  0.613500 0.510659 1 4 1.000000
jetpack
0  0.001581 10.531111 51.637436  -0.000002 -0.000115 -1.000000  0.675200 0.554759 1 4 1.000000
0  0.379981 10.382314 51.637451  -0.000005 -0.000024 -1.000000  0.702800 0.544859 1 4 1.000000
0  -0.376919 10.382315 51.637455  -0.000000 -0.000006 -1.000000  0.647500 0.544859 1 4 1.000000
jetpack
0  2.187183 8.924214 51.848442  0.031455 0.089495 -0.995490  0.870000 0.882959 1 4 1.000000
0  2.390883 8.517807 51.818344  -0.002260 0.017867 -0.999838  0.858300 0.861959 1 4 1.000000
0  2.016283 8.800815 51.831947  0.333852 0.188553 -0.923575  0.879100 0.877759 1 4 1.000000
jetpack
0  2.016283 8.800815 51.831947  0.333852 0.188553 -0.923575  0.879100 0.877759 1 4 1.000000
0  2.390883 8.517807 51.818344  -0.002260 0.017867 -0.999838  0.858300 0.861959 1 4 1.000000
0  2.205283 8.369013 51.818146  0.024901 -0.006075 -0.999671  0.868100 0.861959 1 4 1.000000
jetpack
0  2.016283 8.800815 51.831947  0.333852 0.188553 -0.923575  0.879100 0.877759 1 4 1.000000
0  2.205283 8.369013 51.818146  0.024901 -0.006075 -0.999671  0.868100 0.861959 1 4 1.000000
0  1.646782 9.193810 51.718750  -0.035748 -0.143403 -0.989018  0.900600 0.892059 1 4 1.000000
jetpack
0  1.646782 9.193810 51.718750  -0.035748 -0.143403 -0.989018  0.900600 0.892059 1 4 1.000000
0  2.205283 8.369013 51.818146  0.024901 -0.006075 -0.999671  0.868100 0.861959 1 4 1.000000
0  1.192182 9.398508 51.718544  -0.014691 -0.100386 -0.994840  0.927100 0.899559 1 4 1.000000
jetpack
0  -0.000017 8.369705 51.818245  0.000003 -0.086712 -0.996233  0.995400 0.861959 1 4 1.000000
0  1.192182 9.398508 51.718544  -0.014691 -0.100386 -0.994840  0.927100 0.899559 1 4 1.000000
0  2.205283 8.369013 51.818146  0.024901 -0.006075 -0.999671  0.868100 0.861959 1 4 1.000000
jetpack
0  -0.000018 9.637306 51.718239  0.000003 -0.078650 -0.996902  0.995400 0.908259 1 4 1.000000
0  1.192182 9.398508 51.718544  -0.014691 -0.100386 -0.994840  0.927100 0.899559 1 4 1.000000
0  -0.000017 8.369705 51.818245  0.000003 -0.086712 -0.996233  0.995400 0.861959 1 4 1.000000
jetpack
0  -0.000018 9.637306 51.718239  0.000003 -0.078650 -0.996902  0.995400 0.908259 1 4 1.000000
0  -0.000017 8.369705 51.818245  0.000003 -0.086712 -0.996233  0.995400 0.861959 1 4 1.000000
0  -1.192218 9.398506 51.718548  0.014690 -0.100379 -0.994841  0.927100 0.899559 1 4 1.000000
jetpack
0  -1.192218 9.398506 51.718548  0.014690 -0.100379 -0.994841  0.927100 0.899559 1 4 1.000000
0  -0.000017 8.369705 51.818245  0.000003 -0.086712 -0.996233  0.995400 0.861959 1 4 1.000000
0  -2.205317 8.369005 51.818138  -0.024923 -0.006050 -0.999671  0.868100 0.861959 1 4 1.000000
jetpack
0  -2.205317 8.369005 51.818138  -0.024923 -0.006050 -0.999671  0.868100 0.861959 1 4 1.000000
0  -1.646818 9.193806 51.718754  0.035712 -0.143384 -0.989023  0.900600 0.892059 1 4 1.000000
0  -1.192218 9.398506 51.718548  0.014690 -0.100379 -0.994841  0.927100 0.899559 1 4 1.000000
jetpack
0  -2.016317 8.800804 51.831947  -0.514576 -0.111358 -0.850183  0.879100 0.877759 1 4 1.000000
0  -1.646818 9.193806 51.718754  0.035712 -0.143384 -0.989023  0.900600 0.892059 1 4 1.000000
0  -2.205317 8.369005 51.818138  -0.024923 -0.006050 -0.999671  0.868100 0.861959 1 4 1.000000
jetpack
0  -2.390917 8.517804 51.818344  0.002232 0.017905 -0.999837  0.858300 0.861959 1 4 1.000000
0  -2.016317 8.800804 51.831947  -0.514576 -0.111358 -0.850183  0.879100 0.877759 1 4 1.000000
0  -2.205317 8.369005 51.818138  -0.024923 -0.006050 -0.999671  0.868100 0.861959 1 4 1.000000
jetpack
0  -2.187217 8.924206 51.848461  -0.460143 -0.543285 -0.702218  0.870000 0.882959 1 4 1.000000
0  -2.016317 8.800804 51.831947  -0.514576 -0.111358 -0.850183  0.879100 0.877759 1 4 1.000000
0  -2.390917 8.517804 51.818344  0.002232 0.017905 -0.999837  0.858300 0.861959 1 4 1.000000
jetpack
0  6.776484 8.226007 51.729332  0.000004 -0.866020 -0.500010  0.870700 0.773259 1 4 1.000000
0  6.776485 8.226007 52.207836  -0.000020 -0.866062 0.499936  0.845400 0.773259 1 4 1.000000
0  6.269783 8.226007 51.729317  0.000007 -0.866024 -0.500002  0.870700 0.743359 1 4 1.000000
jetpack
0  6.269783 8.226007 51.729317  0.000007 -0.866024 -0.500002  0.870700 0.743359 1 4 1.000000
0  6.776485 8.226007 52.207836  -0.000020 -0.866062 0.499936  0.845400 0.773259 1 4 1.000000
0  6.269785 8.226010 52.207832  -0.000013 -0.866046 0.499964  0.845400 0.743359 1 4 1.000000
jetpack
0  6.776485 8.226007 52.207836  -0.000020 -0.866062 0.499936  0.845400 0.773259 1 4 1.000000
0  6.776485 8.640014 52.446930  -0.000019 -0.000265 1.000000  0.820200 0.773259 1 4 1.000000
0  6.269785 8.226010 52.207832  -0.000013 -0.866046 0.499964  0.845400 0.743359 1 4 1.000000
jetpack
0  6.269785 8.226010 52.207832  -0.000013 -0.866046 0.499964  0.845400 0.743359 1 4 1.000000
0  6.776485 8.640014 52.446930  -0.000019 -0.000265 1.000000  0.820200 0.773259 1 4 1.000000
0  6.269785 8.640015 52.446922  -0.000013 -0.000230 1.000000  0.820200 0.743359 1 4 1.000000
jetpack
0  6.776485 8.640014 52.446930  -0.000019 -0.000265 1.000000  0.820200 0.773259 1 4 1.000000
0  6.776489 9.054508 52.207832  -0.000007 0.865915 0.500192  0.795000 0.773259 1 4 1.000000
0  6.269785 8.640015 52.446922  -0.000013 -0.000230 1.000000  0.820200 0.743359 1 4 1.000000
jetpack
0  6.269785 8.640015 52.446922  -0.000013 -0.000230 1.000000  0.820200 0.743359 1 4 1.000000
0  6.776489 9.054508 52.207832  -0.000007 0.865915 0.500192  0.795000 0.773259 1 4 1.000000
0  6.269788 9.054511 52.207817  -0.000010 0.865942 0.500145  0.795000 0.743359 1 4 1.000000
jetpack
0  6.776489 9.054508 52.207832  -0.000007 0.865915 0.500192  0.795000 0.773259 1 4 1.000000
0  6.776483 9.054517 51.729324  0.000002 0.866060 -0.499940  0.769700 0.773259 1 4 1.000000
0  6.269788 9.054511 52.207817  -0.000010 0.865942 0.500145  0.795000 0.743359 1 4 1.000000
jetpack
0  6.269788 9.054511 52.207817  -0.000010 0.865942 0.500145  0.795000 0.743359 1 4 1.000000
0  6.776483 9.054517 51.729324  0.000002 0.866060 -0.499940  0.769700 0.773259 1 4 1.000000
0  6.269783 9.054518 51.729324  0.000006 0.866043 -0.499970  0.769700 0.743359 1 4 1.000000
jetpack
0  6.776483 9.054517 51.729324  0.000002 0.866060 -0.499940  0.769700 0.773259 1 4 1.000000
0  6.776482 8.640312 51.490135  0.000004 0.000062 -1.000000  0.744500 0.773259 1 4 1.000000
0  6.269783 9.054518 51.729324  0.000006 0.866043 -0.499970  0.769700 0.743359 1 4 1.000000
jetpack
0  6.269783 9.054518 51.729324  0.000006 0.866043 -0.499970  0.769700 0.743359 1 4 1.000000
0  6.776482 8.640312 51.490135  0.000004 0.000062 -1.000000  0.744500 0.773259 1 4 1.000000
0  6.269782 8.640312 51.490131  0.000014 0.000037 -1.000000  0.744500 0.743359 1 4 1.000000
jetpack
0  6.776482 8.640312 51.490135  0.000004 0.000062 -1.000000  0.744500 0.773259 1 4 1.000000
0  6.776484 8.226007 51.729332  0.000004 -0.866020 -0.500010  0.719300 0.773259 1 4 1.000000
0  6.269782 8.640312 51.490131  0.000014 0.000037 -1.000000  0.744500 0.743359 1 4 1.000000
jetpack
0  6.269782 8.640312 51.490131  0.000014 0.000037 -1.000000  0.744500 0.743359 1 4 1.000000
0  6.776484 8.226007 51.729332  0.000004 -0.866020 -0.500010  0.719300 0.773259 1 4 1.000000
0  6.269783 8.226007 51.729317  0.000007 -0.866024 -0.500002  0.719300 0.743359 1 4 1.000000
jetpack
0  3.898188 8.369708 53.398144  0.967689 -0.252149 -0.000198  0.429100 0.826559 1 4 1.000000
0  3.898188 7.471807 53.392345  1.000000 -0.000211 0.000110  0.469200 0.826559 1 4 1.000000
0  3.898485 8.371610 52.424744  0.941075 -0.338193 0.001602  0.429100 0.784859 1 4 1.000000
jetpack
0  3.898485 8.371610 52.424744  0.941075 -0.338193 0.001602  0.429100 0.784859 1 4 1.000000
0  3.898188 7.471807 53.392345  1.000000 -0.000211 0.000110  0.469200 0.826559 1 4 1.000000
0  3.898085 7.469308 52.420147  1.000000 -0.000442 -0.000105  0.469200 0.784859 1 4 1.000000
jetpack
0  3.898188 7.471807 53.392345  0.000055 0.999997 -0.002570  0.469200 0.826559 1 4 1.000000
0  6.223091 7.471807 53.442135  -0.000667 0.999999 -0.000929  0.549900 0.826559 1 4 1.000000
0  3.898085 7.469308 52.420147  -0.000175 1.000000 0.000294  0.469200 0.784859 1 4 1.000000
jetpack
0  3.898085 7.469308 52.420147  -0.000175 1.000000 0.000294  0.469200 0.784859 1 4 1.000000
0  6.223091 7.471807 53.442135  -0.000667 0.999999 -0.000929  0.549900 0.826559 1 4 1.000000
0  6.229984 7.471207 51.820236  -0.000764 1.000000 0.000195  0.549800 0.759659 1 4 1.000000
jetpack
0  6.229984 7.471207 51.820236  -0.000764 1.000000 0.000195  0.549800 0.759659 1 4 1.000000
0  3.898183 7.471207 51.816040  -0.000006 0.999995 0.003143  0.469200 0.759459 1 4 1.000000
0  3.898085 7.469308 52.420147  -0.000175 1.000000 0.000294  0.469200 0.784859 1 4 1.000000
jetpack
0  6.407982 7.208206 51.180214  0.266018 0.287492 -0.920099  0.623300 0.819659 1 4 1.000000
0  6.359784 6.197805 51.025909  0.046536 0.120283 -0.991648  0.629800 0.782059 1 4 1.000000
0  6.286481 7.208205 51.145027  0.182727 0.220542 -0.958109  0.630400 0.819659 1 4 1.000000
jetpack
0  4.057777 6.459503 50.997032  0.014842 0.130164 -0.991381  0.760200 0.791659 1 4 1.000000
0  6.286481 7.208205 51.145027  0.182727 0.220542 -0.958109  0.630400 0.819659 1 4 1.000000
0  6.359784 6.197805 51.025909  0.046536 0.120283 -0.991648  0.629800 0.782059 1 4 1.000000
jetpack
0  3.898181 7.208203 51.094543  0.011842 0.131955 -0.991185  0.769500 0.819659 1 4 1.000000
0  6.286481 7.208205 51.145027  0.182727 0.220542 -0.958109  0.630400 0.819659 1 4 1.000000
0  4.057777 6.459503 50.997032  0.014842 0.130164 -0.991381  0.760200 0.791659 1 4 1.000000
jetpack
0  4.057777 6.459503 50.997032  0.014842 0.130164 -0.991381  0.760200 0.791659 1 4 1.000000
0  2.214881 6.366004 50.975227  -0.000021 0.121014 -0.992651  0.872700 0.788059 1 4 1.000000
0  3.898181 7.208203 51.094543  0.011842 0.131955 -0.991185  0.769500 0.819659 1 4 1.000000
jetpack
0  3.898181 7.208203 51.094543  0.011842 0.131955 -0.991185  0.769500 0.819659 1 4 1.000000
0  2.214881 6.366004 50.975227  -0.000021 0.121014 -0.992651  0.872700 0.788059 1 4 1.000000
0  -0.000019 7.208202 51.078434  -0.000005 0.092688 -0.995695  0.995400 0.819659 1 4 1.000000
jetpack
0  -0.000019 7.208202 51.078434  -0.000005 0.092688 -0.995695  0.995400 0.819659 1 4 1.000000
0  2.214881 6.366004 50.975227  -0.000021 0.121014 -0.992651  0.872700 0.788059 1 4 1.000000
0  1.195681 5.984201 50.961136  -0.015653 0.080219 -0.996654  0.926900 0.773659 1 4 1.000000
jetpack
0  -0.000019 7.208202 51.078434  -0.000005 0.092688 -0.995695  0.995400 0.819659 1 4 1.000000
0  1.195681 5.984201 50.961136  -0.015653 0.080219 -0.996654  0.926900 0.773659 1 4 1.000000
0  -0.000018 5.768199 50.961235  -0.000009 0.081120 -0.996704  0.995400 0.764859 1 4 1.000000
jetpack
0  -1.195819 5.984201 50.961151  0.015646 0.080212 -0.996655  0.926900 0.773659 1 4 1.000000
0  -0.000019 7.208202 51.078434  -0.000005 0.092688 -0.995695  0.995400 0.819659 1 4 1.000000
0  -0.000018 5.768199 50.961235  -0.000009 0.081120 -0.996704  0.995400 0.764859 1 4 1.000000
jetpack
0  -2.214919 6.366001 50.975243  0.000021 0.120998 -0.992653  0.872700 0.788059 1 4 1.000000
0  -0.000019 7.208202 51.078434  -0.000005 0.092688 -0.995695  0.995400 0.819659 1 4 1.000000
0  -1.195819 5.984201 50.961151  0.015646 0.080212 -0.996655  0.926900 0.773659 1 4 1.000000
jetpack
0  -0.000019 7.208202 51.078434  -0.000005 0.092688 -0.995695  0.995400 0.819659 1 4 1.000000
0  -2.214919 6.366001 50.975243  0.000021 0.120998 -0.992653  0.872700 0.788059 1 4 1.000000
0  -3.898219 7.208201 51.094543  -0.011851 0.131940 -0.991187  0.769500 0.819659 1 4 1.000000
jetpack
0  -3.898219 7.208201 51.094543  -0.011851 0.131940 -0.991187  0.769500 0.819659 1 4 1.000000
0  -2.214919 6.366001 50.975243  0.000021 0.120998 -0.992653  0.872700 0.788059 1 4 1.000000
0  -4.057817 6.459496 50.997044  -0.014853 0.130151 -0.991383  0.760200 0.791659 1 4 1.000000
jetpack
0  -3.898219 7.208201 51.094543  -0.011851 0.131940 -0.991187  0.769500 0.819659 1 4 1.000000
0  -4.057817 6.459496 50.997044  -0.014853 0.130151 -0.991383  0.760200 0.791659 1 4 1.000000
0  -6.286519 7.208201 51.145073  -0.182759 0.220530 -0.958105  0.630400 0.819659 1 4 1.000000
jetpack
0  -6.286519 7.208201 51.145073  -0.182759 0.220530 -0.958105  0.630400 0.819659 1 4 1.000000
0  -4.057817 6.459496 50.997044  -0.014853 0.130151 -0.991383  0.760200 0.791659 1 4 1.000000
0  -6.359818 6.197798 51.025963  -0.046557 0.120277 -0.991648  0.629800 0.782059 1 4 1.000000
jetpack
0  -6.359818 6.197798 51.025963  -0.046557 0.120277 -0.991648  0.629800 0.782059 1 4 1.000000
0  -6.408018 7.208200 51.180267  -0.266056 0.287478 -0.920093  0.623300 0.819659 1 4 1.000000
0  -6.286519 7.208201 51.145073  -0.182759 0.220530 -0.958105  0.630400 0.819659 1 4 1.000000
jetpack
0  0.008528 7.878829 66.017685  -0.000006 -1.000000 0.000003  0.797200 0.595859 1 4 1.000000
0  0.008525 7.878828 65.058182  0.000006 -1.000000 0.000002  0.797200 0.570459 1 4 1.000000
0  0.683128 8.158031 66.017685  0.707059 -0.707154 -0.000000  0.770400 0.595859 1 4 1.000000
jetpack
0  0.683128 8.158031 66.017685  0.707059 -0.707154 -0.000000  0.770400 0.595859 1 4 1.000000
0  0.008525 7.878828 65.058182  0.000006 -1.000000 0.000002  0.797200 0.570459 1 4 1.000000
0  0.683125 8.158029 65.058182  0.707067 -0.707147 -0.000001  0.770400 0.570459 1 4 1.000000
jetpack
0  0.683128 8.158031 66.017685  0.707059 -0.707154 -0.000000  0.770400 0.595859 1 4 1.000000
0  0.683125 8.158029 65.058182  0.707067 -0.707147 -0.000001  0.770400 0.570459 1 4 1.000000
0  0.962427 8.832632 66.017685  1.000000 -0.000033 -0.000002  0.743500 0.595859 1 4 1.000000
jetpack
0  0.962427 8.832632 66.017685  1.000000 -0.000033 -0.000002  0.743500 0.595859 1 4 1.000000
0  0.683125 8.158029 65.058182  0.707067 -0.707147 -0.000001  0.770400 0.570459 1 4 1.000000
0  0.962424 8.832630 65.058182  1.000000 -0.000021 -0.000002  0.743500 0.570459 1 4 1.000000
jetpack
0  0.962427 8.832632 66.017685  1.000000 -0.000033 -0.000002  0.743500 0.595859 1 4 1.000000
0  0.962424 8.832630 65.058182  1.000000 -0.000021 -0.000002  0.743500 0.570459 1 4 1.000000
0  0.683127 9.507335 66.017685  0.707084 0.707129 -0.000002  0.770400 0.595859 1 4 1.000000
jetpack
0  0.683127 9.507335 66.017685  0.707084 0.707129 -0.000002  0.770400 0.595859 1 4 1.000000
0  0.962424 8.832630 65.058182  1.000000 -0.000021 -0.000002  0.743500 0.570459 1 4 1.000000
0  0.683124 9.507337 65.058182  0.707073 0.707140 -0.000003  0.770400 0.570459 1 4 1.000000
jetpack
0  0.683127 9.507335 66.017685  0.707084 0.707129 -0.000002  0.770400 0.595859 1 4 1.000000
0  0.683124 9.507337 65.058182  0.707073 0.707140 -0.000003  0.770400 0.570459 1 4 1.000000
0  0.008527 9.786530 66.017685  0.000003 1.000000 -0.000000  0.797200 0.595859 1 4 1.000000
jetpack
0  0.008527 9.786530 66.017685  0.000003 1.000000 -0.000000  0.797200 0.595859 1 4 1.000000
0  0.683124 9.507337 65.058182  0.707073 0.707140 -0.000003  0.770400 0.570459 1 4 1.000000
0  0.008524 9.786530 65.058182  -0.000012 1.000000 -0.000001  0.797200 0.570459 1 4 1.000000
jetpack
0  0.008527 9.786530 66.017685  0.000003 1.000000 -0.000000  0.797200 0.595859 1 4 1.000000
0  0.008524 9.786530 65.058182  -0.000012 1.000000 -0.000001  0.797200 0.570459 1 4 1.000000
0  -0.666073 9.507331 66.017685  -0.706986 0.707228 0.000002  0.824100 0.595859 1 4 1.000000
jetpack
0  -0.666073 9.507331 66.017685  -0.706986 0.707228 0.000002  0.824100 0.595859 1 4 1.000000
0  0.008524 9.786530 65.058182  -0.000012 1.000000 -0.000001  0.797200 0.570459 1 4 1.000000
0  -0.666076 9.507330 65.058182  -0.706996 0.707218 0.000002  0.824100 0.570459 1 4 1.000000
jetpack
0  -0.666073 9.507331 66.017685  -0.706986 0.707228 0.000002  0.824100 0.595859 1 4 1.000000
0  -0.666076 9.507330 65.058182  -0.706996 0.707218 0.000002  0.824100 0.570459 1 4 1.000000
0  -0.945572 8.832630 66.017685  -1.000000 -0.000022 0.000003  0.851000 0.595859 1 4 1.000000
jetpack
0  -0.945572 8.832630 66.017685  -1.000000 -0.000022 0.000003  0.851000 0.595859 1 4 1.000000
0  -0.666076 9.507330 65.058182  -0.706996 0.707218 0.000002  0.824100 0.570459 1 4 1.000000
0  -0.945576 8.832630 65.058182  -1.000000 -0.000033 0.000004  0.851000 0.570459 1 4 1.000000
jetpack
0  -0.945572 8.832630 66.017685  -1.000000 -0.000022 0.000003  0.851000 0.595859 1 4 1.000000
0  -0.945576 8.832630 65.058182  -1.000000 -0.000033 0.000004  0.851000 0.570459 1 4 1.000000
0  -0.666072 8.158031 66.017693  -0.706977 -0.707236 0.000003  0.824100 0.595859 1 4 1.000000
jetpack
0  -0.666072 8.158031 66.017693  -0.706977 -0.707236 0.000003  0.824100 0.595859 1 4 1.000000
0  -0.945576 8.832630 65.058182  -1.000000 -0.000033 0.000004  0.851000 0.570459 1 4 1.000000
0  -0.666075 8.158031 65.058189  -0.706968 -0.707245 0.000003  0.824100 0.570459 1 4 1.000000
jetpack
0  -0.666072 8.158031 66.017693  -0.706977 -0.707236 0.000003  0.824100 0.595859 1 4 1.000000
0  -0.666075 8.158031 65.058189  -0.706968 -0.707245 0.000003  0.824100 0.570459 1 4 1.000000
0  0.008528 7.878829 66.017685  -0.000006 -1.000000 0.000003  0.797200 0.595859 1 4 1.000000
jetpack
0  0.008528 7.878829 66.017685  -0.000006 -1.000000 0.000003  0.797200 0.595859 1 4 1.000000
0  -0.666075 8.158031 65.058189  -0.706968 -0.707245 0.000003  0.824100 0.570459 1 4 1.000000
0  0.008525 7.878828 65.058182  0.000006 -1.000000 0.000002  0.797200 0.570459 1 4 1.000000
jetpack
0  -1.139375 8.832630 65.250893  -1.000000 0.000004 0.000004  0.851400 0.576059 1 4 1.000000
0  -0.803179 9.644032 64.096588  -0.707140 0.707074 0.000000  0.824500 0.533259 1 4 1.000000
0  -1.139379 8.832627 64.096596  -1.000000 -0.000008 0.000003  0.851400 0.533259 1 4 1.000000
jetpack
0  -0.803175 9.644033 65.250885  -0.707131 0.707083 0.000000  0.824500 0.576059 1 4 1.000000
0  -0.803179 9.644032 64.096588  -0.707140 0.707074 0.000000  0.824500 0.533259 1 4 1.000000
0  -1.139375 8.832630 65.250893  -1.000000 0.000004 0.000004  0.851400 0.576059 1 4 1.000000
jetpack
0  -0.803175 9.644033 65.250885  -0.707131 0.707083 0.000000  0.824500 0.576059 1 4 1.000000
0  0.008521 9.980428 64.096588  0.000037 1.000000 -0.000004  0.797700 0.533259 1 4 1.000000
0  -0.803179 9.644032 64.096588  -0.707140 0.707074 0.000000  0.824500 0.533259 1 4 1.000000
jetpack
0  0.008524 9.980432 65.250885  0.000050 1.000000 -0.000003  0.797700 0.576059 1 4 1.000000
0  0.008521 9.980428 64.096588  0.000037 1.000000 -0.000004  0.797700 0.533259 1 4 1.000000
0  -0.803175 9.644033 65.250885  -0.707131 0.707083 0.000000  0.824500 0.576059 1 4 1.000000
jetpack
0  0.008524 9.980432 65.250885  0.000050 1.000000 -0.000003  0.797700 0.576059 1 4 1.000000
0  0.820021 9.644030 64.096588  0.707122 0.707091 -0.000005  0.770800 0.533259 1 4 1.000000
0  0.008521 9.980428 64.096588  0.000037 1.000000 -0.000004  0.797700 0.533259 1 4 1.000000
jetpack
0  0.820025 9.644033 65.250885  0.707132 0.707081 -0.000004  0.770800 0.576059 1 4 1.000000
0  0.820021 9.644030 64.096588  0.707122 0.707091 -0.000005  0.770800 0.533259 1 4 1.000000
0  0.008524 9.980432 65.250885  0.000050 1.000000 -0.000003  0.797700 0.576059 1 4 1.000000
jetpack
0  0.820025 9.644033 65.250885  0.707132 0.707081 -0.000004  0.770800 0.576059 1 4 1.000000
0  1.156321 8.832627 64.096588  1.000000 0.000007 -0.000004  0.744000 0.533259 1 4 1.000000
0  0.820021 9.644030 64.096588  0.707122 0.707091 -0.000005  0.770800 0.533259 1 4 1.000000
jetpack
0  1.156325 8.832628 65.250885  1.000000 -0.000008 -0.000002  0.744000 0.576059 1 4 1.000000
0  1.156321 8.832627 64.096588  1.000000 0.000007 -0.000004  0.744000 0.533259 1 4 1.000000
0  0.820025 9.644033 65.250885  0.707132 0.707081 -0.000004  0.770800 0.576059 1 4 1.000000
jetpack
0  1.156325 8.832628 65.250885  1.000000 -0.000008 -0.000002  0.744000 0.576059 1 4 1.000000
0  0.820022 8.021227 64.096588  0.707134 -0.707080 0.000002  0.770800 0.533259 1 4 1.000000
0  1.156321 8.832627 64.096588  1.000000 0.000007 -0.000004  0.744000 0.533259 1 4 1.000000
jetpack
0  0.820025 8.021234 65.250885  0.707125 -0.707088 0.000001  0.770800 0.576059 1 4 1.000000
0  0.820022 8.021227 64.096588  0.707134 -0.707080 0.000002  0.770800 0.533259 1 4 1.000000
0  1.156325 8.832628 65.250885  1.000000 -0.000008 -0.000002  0.744000 0.576059 1 4 1.000000
jetpack
0  0.820025 8.021234 65.250885  0.707125 -0.707088 0.000001  0.770800 0.576059 1 4 1.000000
0  0.008522 7.684827 64.096588  0.000049 -1.000000 0.000004  0.797700 0.533259 1 4 1.000000
0  0.820022 8.021227 64.096588  0.707134 -0.707080 0.000002  0.770800 0.533259 1 4 1.000000
jetpack
0  0.008526 7.684829 65.250885  0.000038 -1.000000 -0.000000  0.797700 0.576059 1 4 1.000000
0  0.008522 7.684827 64.096588  0.000049 -1.000000 0.000004  0.797700 0.533259 1 4 1.000000
0  0.820025 8.021234 65.250885  0.707125 -0.707088 0.000001  0.770800 0.576059 1 4 1.000000
jetpack
0  0.008526 7.684829 65.250885  0.000038 -1.000000 -0.000000  0.797700 0.576059 1 4 1.000000
0  -0.803178 8.021231 64.096596  -0.707130 -0.707084 0.000002  0.824500 0.533259 1 4 1.000000
0  0.008522 7.684827 64.096588  0.000049 -1.000000 0.000004  0.797700 0.533259 1 4 1.000000
jetpack
0  -0.803175 8.021228 65.250893  -0.707138 -0.707075 0.000001  0.824500 0.576059 1 4 1.000000
0  -0.803178 8.021231 64.096596  -0.707130 -0.707084 0.000002  0.824500 0.533259 1 4 1.000000
0  0.008526 7.684829 65.250885  0.000038 -1.000000 -0.000000  0.797700 0.576059 1 4 1.000000
jetpack
0  -0.803175 8.021228 65.250893  -0.707138 -0.707075 0.000001  0.824500 0.576059 1 4 1.000000
0  -1.139379 8.832627 64.096596  -1.000000 -0.000008 0.000003  0.851400 0.533259 1 4 1.000000
0  -0.803178 8.021231 64.096596  -0.707130 -0.707084 0.000002  0.824500 0.533259 1 4 1.000000
jetpack
0  -1.139375 8.832630 65.250893  -1.000000 0.000004 0.000004  0.851400 0.576059 1 4 1.000000
0  -1.139379 8.832627 64.096596  -1.000000 -0.000008 0.000003  0.851400 0.533259 1 4 1.000000
0  -0.803175 8.021228 65.250893  -0.707138 -0.707075 0.000001  0.824500 0.576059 1 4 1.000000
jetpack
0  1.646681 9.193209 51.260933  0.000093 -0.000298 -1.000000  0.900600 0.892059 1 4 1.000000
0  2.186481 8.924212 51.260941  0.430584 -0.584272 -0.687912  0.870000 0.882959 1 4 1.000000
0  2.012681 8.794809 51.261444  0.407293 -0.549861 -0.729222  0.879100 0.877759 1 4 1.000000
jetpack
0  1.681881 9.503509 51.260921  0.000368 0.000132 -1.000000  0.899600 0.904459 1 4 1.000000
0  2.186481 8.924212 51.260941  0.430584 -0.584272 -0.687912  0.870000 0.882959 1 4 1.000000
0  1.646681 9.193209 51.260933  0.000093 -0.000298 -1.000000  0.900600 0.892059 1 4 1.000000
jetpack
0  1.192081 9.401406 51.260647  0.000333 0.000527 -1.000000  0.927100 0.899559 1 4 1.000000
0  1.681881 9.503509 51.260921  0.000368 0.000132 -1.000000  0.899600 0.904459 1 4 1.000000
0  1.646681 9.193209 51.260933  0.000093 -0.000298 -1.000000  0.900600 0.892059 1 4 1.000000
jetpack
0  1.192080 9.837909 51.260941  0.000236 0.000624 -1.000000  0.926900 0.918859 1 4 1.000000
0  1.681881 9.503509 51.260921  0.000368 0.000132 -1.000000  0.899600 0.904459 1 4 1.000000
0  1.192081 9.401406 51.260647  0.000333 0.000527 -1.000000  0.927100 0.899559 1 4 1.000000
jetpack
0  1.192081 9.401406 51.260647  0.000333 0.000527 -1.000000  0.927100 0.899559 1 4 1.000000
0  -0.000019 9.638006 51.260643  -0.000005 0.000476 -1.000000  0.995400 0.908259 1 4 1.000000
0  1.192080 9.837909 51.260941  0.000236 0.000624 -1.000000  0.926900 0.918859 1 4 1.000000
jetpack
0  1.192080 9.837909 51.260941  0.000236 0.000624 -1.000000  0.926900 0.918859 1 4 1.000000
0  -0.000019 9.638006 51.260643  -0.000005 0.000476 -1.000000  0.995400 0.908259 1 4 1.000000
0  -0.000020 10.350508 51.260944  -0.000007 0.000423 -1.000000  0.995400 0.935759 1 4 1.000000
jetpack
0  -0.000019 9.638006 51.260643  -0.000005 0.000476 -1.000000  0.995400 0.908259 1 4 1.000000
0  -1.192120 9.837910 51.260948  -0.000259 0.000639 -1.000000  0.926900 0.918859 1 4 1.000000
0  -0.000020 10.350508 51.260944  -0.000007 0.000423 -1.000000  0.995400 0.935759 1 4 1.000000
jetpack
0  -1.192219 9.401406 51.260647  -0.000367 0.000543 -1.000000  0.927100 0.899559 1 4 1.000000
0  -1.192120 9.837910 51.260948  -0.000259 0.000639 -1.000000  0.926900 0.918859 1 4 1.000000
0  -0.000019 9.638006 51.260643  -0.000005 0.000476 -1.000000  0.995400 0.908259 1 4 1.000000
jetpack
0  -1.192219 9.401406 51.260647  -0.000367 0.000543 -1.000000  0.927100 0.899559 1 4 1.000000
0  -1.681919 9.503503 51.260944  -0.000399 0.000145 -1.000000  0.899600 0.904459 1 4 1.000000
0  -1.192120 9.837910 51.260948  -0.000259 0.000639 -1.000000  0.926900 0.918859 1 4 1.000000
jetpack
0  -1.646719 9.193208 51.260952  -0.000084 -0.000286 -1.000000  0.900600 0.892059 1 4 1.000000
0  -1.681919 9.503503 51.260944  -0.000399 0.000145 -1.000000  0.899600 0.904459 1 4 1.000000
0  -1.192219 9.401406 51.260647  -0.000367 0.000543 -1.000000  0.927100 0.899559 1 4 1.000000
jetpack
0  -1.646719 9.193208 51.260952  -0.000084 -0.000286 -1.000000  0.900600 0.892059 1 4 1.000000
0  -2.186519 8.924205 51.260933  -0.430541 -0.584279 -0.687933  0.870000 0.882959 1 4 1.000000
0  -1.681919 9.503503 51.260944  -0.000399 0.000145 -1.000000  0.899600 0.904459 1 4 1.000000
jetpack
0  -2.012719 8.794806 51.261444  -0.407247 -0.549885 -0.729230  0.879100 0.877759 1 4 1.000000
0  -2.186519 8.924205 51.260933  -0.430541 -0.584279 -0.687933  0.870000 0.882959 1 4 1.000000
0  -1.646719 9.193208 51.260952  -0.000084 -0.000286 -1.000000  0.900600 0.892059 1 4 1.000000
jetpack
0  6.050817 8.647030 63.437340  0.849739 0.000180 0.527204  0.983500 0.716859 1 4 1.000000
0  5.311922 8.647030 64.096367  0.000041 0.000157 1.000000  0.925100 0.756759 1 4 1.000000
0  5.834320 8.124328 63.437340  0.600805 -0.600856 0.527262  0.954300 0.716859 1 4 1.000000
jetpack
0  5.834320 9.169030 63.437340  0.600905 0.600915 0.527081  0.954300 0.716859 1 4 1.000000
0  5.311922 8.647030 64.096367  0.000041 0.000157 1.000000  0.925100 0.756759 1 4 1.000000
0  6.050817 8.647030 63.437340  0.849739 0.000180 0.527204  0.983500 0.716859 1 4 1.000000
jetpack
0  5.311923 9.385831 63.437340  0.000156 0.849861 0.527008  0.925200 0.716859 1 4 1.000000
0  5.311922 8.647030 64.096367  0.000041 0.000157 1.000000  0.925100 0.756759 1 4 1.000000
0  5.834320 9.169030 63.437340  0.600905 0.600915 0.527081  0.954300 0.716859 1 4 1.000000
jetpack
0  4.789420 9.169033 63.437347  -0.600961 0.600778 0.527173  0.896000 0.716859 1 4 1.000000
0  5.311922 8.647030 64.096367  0.000041 0.000157 1.000000  0.925100 0.756759 1 4 1.000000
0  5.311923 9.385831 63.437340  0.000156 0.849861 0.527008  0.925200 0.716859 1 4 1.000000
jetpack
0  4.572917 8.647024 63.437344  -0.849728 0.000208 0.527221  0.866900 0.716859 1 4 1.000000
0  5.311922 8.647030 64.096367  0.000041 0.000157 1.000000  0.925100 0.756759 1 4 1.000000
0  4.789420 9.169033 63.437347  -0.600961 0.600778 0.527173  0.896000 0.716859 1 4 1.000000
jetpack
0  4.789420 8.124328 63.437344  -0.600750 -0.600877 0.527300  0.896000 0.716859 1 4 1.000000
0  5.311922 8.647030 64.096367  0.000041 0.000157 1.000000  0.925100 0.756759 1 4 1.000000
0  4.572917 8.647024 63.437344  -0.849728 0.000208 0.527221  0.866900 0.716859 1 4 1.000000
jetpack
0  5.311923 7.908028 63.437340  0.000031 -0.849691 0.527280  0.925200 0.716859 1 4 1.000000
0  5.311922 8.647030 64.096367  0.000041 0.000157 1.000000  0.925100 0.756759 1 4 1.000000
0  4.789420 8.124328 63.437344  -0.600750 -0.600877 0.527300  0.896000 0.716859 1 4 1.000000
jetpack
0  5.311923 7.908028 63.437340  0.000031 -0.849691 0.527280  0.925200 0.716859 1 4 1.000000
0  4.789420 8.124328 63.437344  -0.600750 -0.600877 0.527300  0.896000 0.716859 1 4 1.000000
0  5.311922 7.586220 62.503944  0.000025 -0.945377 0.325978  0.925200 0.665959 1 4 1.000000
jetpack
0  5.311922 7.586220 62.503944  0.000025 -0.945377 0.325978  0.925200 0.665959 1 4 1.000000
0  4.789420 8.124328 63.437344  -0.600750 -0.600877 0.527300  0.896000 0.716859 1 4 1.000000
0  4.561920 7.896620 62.503944  -0.668395 -0.668568 0.325983  0.891400 0.665959 1 4 1.000000
jetpack
0  4.789420 8.124328 63.437344  -0.600750 -0.600877 0.527300  0.896000 0.716859 1 4 1.000000
0  4.572917 8.647024 63.437344  -0.849728 0.000208 0.527221  0.866900 0.716859 1 4 1.000000
0  4.561920 7.896620 62.503944  -0.668395 -0.668568 0.325983  0.891400 0.665959 1 4 1.000000
jetpack
0  4.561920 7.896620 62.503944  -0.668395 -0.668568 0.325983  0.891400 0.665959 1 4 1.000000
0  4.572917 8.647024 63.437344  -0.849728 0.000208 0.527221  0.866900 0.716859 1 4 1.000000
0  4.251217 8.647023 62.503944  -0.945410 0.000192 0.325884  0.857600 0.665959 1 4 1.000000
jetpack
0  4.572917 8.647024 63.437344  -0.849728 0.000208 0.527221  0.866900 0.716859 1 4 1.000000
0  4.789420 9.169033 63.437347  -0.600961 0.600778 0.527173  0.896000 0.716859 1 4 1.000000
0  4.251217 8.647023 62.503944  -0.945410 0.000192 0.325884  0.857600 0.665959 1 4 1.000000
jetpack
0  4.251217 8.647023 62.503944  -0.945410 0.000192 0.325884  0.857600 0.665959 1 4 1.000000
0  4.789420 9.169033 63.437347  -0.600961 0.600778 0.527173  0.896000 0.716859 1 4 1.000000
0  4.561919 9.396629 62.503941  -0.668448 0.668618 0.325771  0.891400 0.665959 1 4 1.000000
jetpack
0  4.789420 9.169033 63.437347  -0.600961 0.600778 0.527173  0.896000 0.716859 1 4 1.000000
0  5.311923 9.385831 63.437340  0.000156 0.849861 0.527008  0.925200 0.716859 1 4 1.000000
0  4.561919 9.396629 62.503941  -0.668448 0.668618 0.325771  0.891400 0.665959 1 4 1.000000
jetpack
0  4.561919 9.396629 62.503941  -0.668448 0.668618 0.325771  0.891400 0.665959 1 4 1.000000
0  5.311923 9.385831 63.437340  0.000156 0.849861 0.527008  0.925200 0.716859 1 4 1.000000
0  5.311917 9.707029 62.503937  0.000145 0.945521 0.325560  0.925200 0.665959 1 4 1.000000
jetpack
0  5.311923 9.385831 63.437340  0.000156 0.849861 0.527008  0.925200 0.716859 1 4 1.000000
0  5.834320 9.169030 63.437340  0.600905 0.600915 0.527081  0.954300 0.716859 1 4 1.000000
0  5.311917 9.707029 62.503937  0.000145 0.945521 0.325560  0.925200 0.665959 1 4 1.000000
jetpack
0  5.311917 9.707029 62.503937  0.000145 0.945521 0.325560  0.925200 0.665959 1 4 1.000000
0  5.834320 9.169030 63.437340  0.600905 0.600915 0.527081  0.954300 0.716859 1 4 1.000000
0  6.061816 9.396628 62.503937  0.668320 0.668687 0.325892  0.959000 0.665959 1 4 1.000000
jetpack
0  5.834320 9.169030 63.437340  0.600905 0.600915 0.527081  0.954300 0.716859 1 4 1.000000
0  6.050817 8.647030 63.437340  0.849739 0.000180 0.527204  0.983500 0.716859 1 4 1.000000
0  6.061816 9.396628 62.503937  0.668320 0.668687 0.325892  0.959000 0.665959 1 4 1.000000
jetpack
0  6.061816 9.396628 62.503937  0.668320 0.668687 0.325892  0.959000 0.665959 1 4 1.000000
0  6.050817 8.647030 63.437340  0.849739 0.000180 0.527204  0.983500 0.716859 1 4 1.000000
0  6.372518 8.647027 62.503937  0.945416 0.000154 0.325865  0.992800 0.665959 1 4 1.000000
jetpack
0  6.050817 8.647030 63.437340  0.849739 0.000180 0.527204  0.983500 0.716859 1 4 1.000000
0  5.834320 8.124328 63.437340  0.600805 -0.600856 0.527262  0.954300 0.716859 1 4 1.000000
0  6.372518 8.647027 62.503937  0.945416 0.000154 0.325865  0.992800 0.665959 1 4 1.000000
jetpack
0  6.372518 8.647027 62.503937  0.945416 0.000154 0.325865  0.992800 0.665959 1 4 1.000000
0  5.834320 8.124328 63.437340  0.600805 -0.600856 0.527262  0.954300 0.716859 1 4 1.000000
0  6.061817 7.896621 62.503941  0.668424 -0.668529 0.326004  0.959000 0.665959 1 4 1.000000
jetpack
0  5.834320 8.124328 63.437340  0.600805 -0.600856 0.527262  0.954300 0.716859 1 4 1.000000
0  5.311922 7.586220 62.503944  0.000025 -0.945377 0.325978  0.925200 0.665959 1 4 1.000000
0  6.061817 7.896621 62.503941  0.668424 -0.668529 0.326004  0.959000 0.665959 1 4 1.000000
jetpack
0  5.311923 7.908028 63.437340  0.000031 -0.849691 0.527280  0.925200 0.716859 1 4 1.000000
0  5.311922 7.586220 62.503944  0.000025 -0.945377 0.325978  0.925200 0.665959 1 4 1.000000
0  5.834320 8.124328 63.437340  0.600805 -0.600856 0.527262  0.954300 0.716859 1 4 1.000000
jetpack
0  5.834320 8.124328 63.437340  0.600805 -0.600856 0.527262  0.954300 0.716859 1 4 1.000000
0  5.311922 8.647030 64.096367  0.000041 0.000157 1.000000  0.925100 0.756759 1 4 1.000000
0  5.311923 7.908028 63.437340  0.000031 -0.849691 0.527280  0.925200 0.716859 1 4 1.000000
jetpack
0  2.390883 8.517807 51.818344  -0.002260 0.017867 -0.999838  0.503400 0.320259 1 4 1.000000
0  3.899683 8.370304 51.818138  -0.121344 -0.127361 -0.984406  0.517700 0.382659 1 4 1.000000
0  2.205283 8.369013 51.818146  0.024901 -0.006075 -0.999671  0.517700 0.314559 1 4 1.000000
jetpack
0  3.729383 8.532514 51.818134  -0.081621 -0.086423 -0.992909  0.503400 0.379159 1 4 1.000000
0  3.899683 8.370304 51.818138  -0.121344 -0.127361 -0.984406  0.517700 0.382659 1 4 1.000000
0  2.390883 8.517807 51.818344  -0.002260 0.017867 -0.999838  0.503400 0.320259 1 4 1.000000
jetpack
0  3.899683 8.370304 51.818138  -0.121344 -0.127361 -0.984406  0.517700 0.382659 1 4 1.000000
0  3.729383 8.532514 51.818134  -0.081621 -0.086423 -0.992909  0.503400 0.379159 1 4 1.000000
0  4.643479 9.726709 51.390732  0.006264 0.004454 -0.999970  0.517700 0.449059 1 4 1.000000
jetpack
0  4.643479 9.726709 51.390732  0.006264 0.004454 -0.999970  0.517700 0.449059 1 4 1.000000
0  3.729383 8.532514 51.818134  -0.081621 -0.086423 -0.992909  0.503400 0.379159 1 4 1.000000
0  4.522182 9.825506 51.390930  -0.075386 -0.090607 -0.993029  0.503400 0.446059 1 4 1.000000
jetpack
0  6.112282 9.825512 51.610115  0.432551 -0.530044 -0.729351  0.503400 0.509759 1 4 1.000000
0  4.643479 9.726709 51.390732  0.006264 0.004454 -0.999970  0.517700 0.449059 1 4 1.000000
0  4.522182 9.825506 51.390930  -0.075386 -0.090607 -0.993029  0.503400 0.446059 1 4 1.000000
jetpack
0  5.994782 9.726711 51.610123  0.328102 -0.390258 -0.860261  0.517700 0.509859 1 4 1.000000
0  4.643479 9.726709 51.390732  0.006264 0.004454 -0.999970  0.517700 0.449059 1 4 1.000000
0  6.112282 9.825512 51.610115  0.432551 -0.530044 -0.729351  0.503400 0.509759 1 4 1.000000
jetpack
0  5.994782 9.726711 51.610123  0.328102 -0.390258 -0.860261  0.517700 0.509859 1 4 1.000000
0  6.112282 9.825512 51.610115  0.432551 -0.530044 -0.729351  0.503400 0.509759 1 4 1.000000
0  6.289386 9.370612 52.310837  0.374003 -0.521955 -0.766605  0.517800 0.550459 1 4 1.000000
jetpack
0  6.289386 9.370612 52.310837  0.374003 -0.521955 -0.766605  0.517800 0.550459 1 4 1.000000
0  6.112282 9.825512 51.610115  0.432551 -0.530044 -0.729351  0.503400 0.509759 1 4 1.000000
0  6.461190 9.425314 52.354935  0.328796 -0.399437 -0.855771  0.503400 0.548259 1 4 1.000000
jetpack
0  6.289386 9.370612 52.310837  0.374003 -0.521955 -0.766605  0.517800 0.550459 1 4 1.000000
0  6.461190 9.425314 52.354935  0.328796 -0.399437 -0.855771  0.503400 0.548259 1 4 1.000000
0  6.418988 9.108610 52.394032  0.267682 -0.559726 -0.784253  0.517800 0.575259 1 4 1.000000
jetpack
0  6.418988 9.108610 52.394032  0.267682 -0.559726 -0.784253  0.517800 0.575259 1 4 1.000000
0  6.461190 9.425314 52.354935  0.328796 -0.399437 -0.855771  0.503400 0.548259 1 4 1.000000
0  6.617885 9.142313 52.433434  0.249183 -0.755651 -0.605722  0.503400 0.579259 1 4 1.000000
jetpack
0  6.418988 9.108610 52.394032  0.267682 -0.559726 -0.784253  0.517800 0.575259 1 4 1.000000
0  6.617885 9.142313 52.433434  0.249183 -0.755651 -0.605722  0.503400 0.579259 1 4 1.000000
0  6.489587 9.004313 52.899734  0.237482 -0.740263 -0.628977  0.517700 0.595259 1 4 1.000000
jetpack
0  6.489587 9.004313 52.899734  0.237482 -0.740263 -0.628977  0.517700 0.595259 1 4 1.000000
0  6.617885 9.142313 52.433434  0.249183 -0.755651 -0.605722  0.503400 0.579259 1 4 1.000000
0  6.702086 9.043711 52.933933  0.243286 -0.628584 -0.738711  0.503400 0.598659 1 4 1.000000
jetpack
0  6.489587 9.004313 52.899734  0.237482 -0.740263 -0.628977  0.517700 0.595259 1 4 1.000000
0  6.702086 9.043711 52.933933  0.243286 -0.628584 -0.738711  0.503400 0.598659 1 4 1.000000
0  6.560286 8.777311 52.970135  0.219401 0.004456 -0.975625  0.517800 0.607859 1 4 1.000000
jetpack
0  6.560286 8.777311 52.970135  0.219401 0.004456 -0.975625  0.517800 0.607859 1 4 1.000000
0  6.702086 9.043711 52.933933  0.243286 -0.628584 -0.738711  0.503400 0.598659 1 4 1.000000
0  6.786386 8.778614 53.023331  0.228802 0.026287 -0.973118  0.503400 0.608359 1 4 1.000000
jetpack
0  6.786386 8.778614 53.023331  0.228802 0.026287 -0.973118  0.503400 0.608359 1 4 1.000000
0  6.741989 8.515914 52.936337  0.227799 0.646644 -0.727983  0.503400 0.617659 1 4 1.000000
0  6.560286 8.777311 52.970135  0.219401 0.004456 -0.975625  0.517800 0.607859 1 4 1.000000
jetpack
0  6.560286 8.777311 52.970135  0.219401 0.004456 -0.975625  0.517800 0.607859 1 4 1.000000
0  6.741989 8.515914 52.936337  0.227799 0.646644 -0.727983  0.503400 0.617659 1 4 1.000000
0  6.526487 8.548309 52.899036  0.226215 0.705859 -0.671260  0.517700 0.620159 1 4 1.000000
jetpack
0  6.741989 8.515914 52.936337  0.227799 0.646644 -0.727983  0.503400 0.617659 1 4 1.000000
0  6.697785 8.361413 52.409832  0.232906 0.783274 -0.576400  0.503400 0.648559 1 4 1.000000
0  6.526487 8.548309 52.899036  0.226215 0.705859 -0.671260  0.517700 0.620159 1 4 1.000000
jetpack
0  6.526487 8.548309 52.899036  0.226215 0.705859 -0.671260  0.517700 0.620159 1 4 1.000000
0  6.697785 8.361413 52.409832  0.232906 0.783274 -0.576400  0.503400 0.648559 1 4 1.000000
0  6.492585 8.399611 52.377434  0.239257 0.745820 -0.621699  0.517700 0.647459 1 4 1.000000
jetpack
0  6.697785 8.361413 52.409832  0.232906 0.783274 -0.576400  0.503400 0.648559 1 4 1.000000
0  6.609182 7.941109 52.141537  0.241860 0.696582 -0.675483  0.503400 0.668459 1 4 1.000000
0  6.492585 8.399611 52.377434  0.239257 0.745820 -0.621699  0.517700 0.647459 1 4 1.000000
jetpack
0  6.492585 8.399611 52.377434  0.239257 0.745820 -0.621699  0.517700 0.647459 1 4 1.000000
0  6.609182 7.941109 52.141537  0.241860 0.696582 -0.675483  0.503400 0.668459 1 4 1.000000
0  6.424984 7.971715 52.106434  0.244328 0.755799 -0.607512  0.517700 0.669859 1 4 1.000000
jetpack
0  6.609182 7.941109 52.141537  0.241860 0.696582 -0.675483  0.503400 0.668459 1 4 1.000000
0  6.432082 7.681909 51.410923  0.272465 0.712425 -0.646694  0.503400 0.702159 1 4 1.000000
0  6.424984 7.971715 52.106434  0.244328 0.755799 -0.607512  0.517700 0.669859 1 4 1.000000
jetpack
0  6.424984 7.971715 52.106434  0.244328 0.755799 -0.607512  0.517700 0.669859 1 4 1.000000
0  6.432082 7.681909 51.410923  0.272465 0.712425 -0.646694  0.503400 0.702159 1 4 1.000000
0  6.289682 7.714405 51.385925  0.275122 0.683293 -0.676327  0.517800 0.701459 1 4 1.000000
jetpack
0  6.432082 7.681909 51.410923  0.272465 0.712425 -0.646694  0.503400 0.702159 1 4 1.000000
0  6.407982 7.208206 51.180214  0.266018 0.287492 -0.920099  0.503400 0.725959 1 4 1.000000
0  6.289682 7.714405 51.385925  0.275122 0.683293 -0.676327  0.517800 0.701459 1 4 1.000000
jetpack
0  6.289682 7.714405 51.385925  0.275122 0.683293 -0.676327  0.517800 0.701459 1 4 1.000000
0  6.407982 7.208206 51.180214  0.266018 0.287492 -0.920099  0.503400 0.725959 1 4 1.000000
0  6.286481 7.208205 51.145027  0.182727 0.220542 -0.958109  0.517900 0.724859 1 4 1.000000
end
