version 1
nodes
0 "ValveBiped.Bip01_Pelvis" -1
1 "ValveBiped.Bip01_Spine" 0
2 "ValveBiped.Bip01_Spine1" 1
3 "ValveBiped.Bip01_Spine2" 2
4 "ValveBiped.Bip01_Spine4" 3
5 "ValveBiped.Bip01_Neck1" 4
6 "ValveBiped.Bip01_Head1" 5
7 "ValveBiped.forward" 6
8 "ValveBiped.Bip01_R_Clavicle" 4
9 "ValveBiped.Bip01_R_UpperArm" 8
10 "ValveBiped.Bip01_R_Forearm" 9
11 "ValveBiped.Bip01_R_Hand" 10
12 "ValveBiped.Anim_Attachment_RH" 11
13 "ValveBiped.Bip01_R_Finger4" 11
14 "ValveBiped.Bip01_R_Finger41" 13
15 "ValveBiped.Bip01_R_Finger42" 14
16 "ValveBiped.Bip01_R_Finger3" 11
17 "ValveBiped.Bip01_R_Finger31" 16
18 "ValveBiped.Bip01_R_Finger32" 17
19 "ValveBiped.Bip01_R_Finger2" 11
20 "ValveBiped.Bip01_R_Finger21" 19
21 "ValveBiped.Bip01_R_Finger22" 20
22 "ValveBiped.Bip01_R_Finger1" 11
23 "ValveBiped.Bip01_R_Finger11" 22
24 "ValveBiped.Bip01_R_Finger12" 23
25 "ValveBiped.Bip01_R_Finger0" 11
26 "ValveBiped.Bip01_R_Finger01" 25
27 "ValveBiped.Bip01_R_Finger02" 26
28 "ValveBiped.Bip01_R_Ulna" 10
29 "ValveBiped.Bip01_R_Wrist" 10
30 "ValveBiped.Bip01_R_Shoulder" 9
31 "ValveBiped.Bip01_R_Bicep" 9
32 "ValveBiped.Bip01_R_Trapezius" 8
33 "ValveBiped.Bip01_L_Clavicle" 4
34 "ValveBiped.Bip01_L_UpperArm" 33
35 "ValveBiped.Bip01_L_Forearm" 34
36 "ValveBiped.Bip01_L_Hand" 35
37 "ValveBiped.Anim_Attachment_LH" 36
38 "ValveBiped.Bip01_L_Finger4" 36
39 "ValveBiped.Bip01_L_Finger41" 38
40 "ValveBiped.Bip01_L_Finger42" 39
41 "ValveBiped.Bip01_L_Finger3" 36
42 "ValveBiped.Bip01_L_Finger31" 41
43 "ValveBiped.Bip01_L_Finger32" 42
44 "ValveBiped.Bip01_L_Finger2" 36
45 "ValveBiped.Bip01_L_Finger21" 44
46 "ValveBiped.Bip01_L_Finger22" 45
47 "ValveBiped.Bip01_L_Finger1" 36
48 "ValveBiped.Bip01_L_Finger11" 47
49 "ValveBiped.Bip01_L_Finger12" 48
50 "ValveBiped.Bip01_L_Finger0" 36
51 "ValveBiped.Bip01_L_Finger01" 50
52 "ValveBiped.Bip01_L_Finger02" 51
53 "ValveBiped.Bip01_L_Ulna" 35
54 "ValveBiped.Bip01_L_Wrist" 35
55 "ValveBiped.Bip01_L_Shoulder" 34
56 "ValveBiped.Bip01_L_Bicep" 34
57 "ValveBiped.Bip01_L_Trapezius" 33
58 "ValveBiped.Bip01_R_Thigh" 0
59 "ValveBiped.Bip01_R_Calf" 58
60 "ValveBiped.Bip01_R_Foot" 59
61 "ValveBiped.Bip01_R_Toe0" 60
62 "ValveBiped.Bip01_L_Thigh" 0
63 "ValveBiped.Bip01_L_Calf" 62
64 "ValveBiped.Bip01_L_Foot" 63
end
skeleton
time 0
0  -0.000005 -0.533615 38.566917  1.570796 -0.000000 0.000000
1  0.000005 3.345128 -2.981901  1.570797 0.086286 1.570793
2  4.018296 -0.000026 -0.000024  0.000000 -0.000005 -0.029256
3  3.518545 0.000006 -0.000026  0.000000 -0.000038 0.100338
4  8.942595 0.000019 -0.000404  0.000008 0.000043 0.194105
5  3.307231 -0.000024 -0.000003  3.141592 -0.000000 0.400477
6  3.593700 0.000028 0.000009  -0.000000 0.000003 0.406593
7  1.999993 -3.000003 0.000014  -1.570791 -0.000004 -1.326470
8  2.033313 1.000770 -1.937615  1.473078 1.855094 -0.198686
9  6.028139 0.000075 0.000071  1.590089 -0.099565 0.273381
10  11.692579 0.000044 0.000030  -0.001727 0.013682 -0.311270
11  11.481688 0.000189 -0.000007  -1.564934 0.106621 0.044214
12  2.676047 -1.712468 -0.000001  -1.570807 0.000003 -1.570882
13  3.859644 -0.132621 1.193095  0.366275 -0.149870 -0.332035
14  1.312554 0.000016 0.000006  0.148503 0.140474 -0.017321
15  0.729385 0.000014 0.000006  0.000018 -0.006140 -0.244264
16  3.942246 0.050289 0.431027  0.129735 -0.110546 -0.545327
17  1.539099 -0.000008 -0.000002  0.034172 0.141236 0.546468
18  1.196313 -0.000046 0.000004  -0.000012 -0.009656 -0.430764
19  3.883624 -0.050387 -0.431055  -0.103681 -0.052846 -0.146773
20  1.719591 0.000015 -0.000006  -0.007599 0.030955 -0.099110
21  1.209154 0.000012 -0.000026  -0.000017 -0.004442 -0.216378
22  3.859820 -0.148973 -1.331293  -0.345585 0.028171 -0.268451
23  1.719426 0.000013 0.000010  -0.019991 -0.090337 0.128390
24  1.099680 -0.000002 0.000010  -0.000013 -0.004195 -0.244322
25  0.805985 -0.359834 -1.318334  1.258253 0.364083 -0.444386
26  1.789777 -0.000002 0.000047  0.019256 -0.120173 0.075543
27  1.206990 -0.000011 0.000005  0.000006 -0.009612 0.362903
28  5.740849 0.000090 0.000017  0.000078 0.000001 0.000023
29  11.481688 0.000189 -0.000007  0.000140 -0.000001 0.000023
30  1.500008 0.000001 0.000014  -0.000000 0.000001 0.000004
31  5.560010 0.000018 0.000002  -0.000000 0.000000 0.000014
32  5.166965 0.000064 0.000062  0.000003 -0.000011 0.000002
33  2.033358 1.000748 1.937657  -1.544924 -1.855087 -0.198676
34  6.028135 0.000068 -0.000071  -1.520704 0.079992 0.279604
35  11.692547 -0.000484 -0.000006  0.001825 -0.014042 -0.318124
36  11.481679 0.000770 -0.000021  1.573200 -0.106595 0.044276
37  2.676125 -1.712386 0.000082  1.570786 0.000024 1.570758
38  3.859731 -0.142339 -1.191916  -0.373251 0.084821 -0.392589
39  1.312561 -0.000021 0.000023  -0.033213 -0.054307 0.096968
40  0.729369 -0.000023 -0.000006  0.000024 0.004970 -0.244303
41  3.942330 0.046841 -0.431389  -0.117934 0.118568 -0.428277
42  1.539064 -0.000002 -0.000015  -0.020011 -0.129391 0.326111
43  1.196316 0.000078 -0.000009  0.000008 0.007370 -0.430797
44  3.883706 -0.046671 0.431498  0.093519 0.039462 -0.340164
45  1.719582 -0.000001 -0.000001  0.034074 -0.016608 0.192357
46  1.209167 0.000014 -0.000021  -0.000005 0.003101 -0.216393
47  3.859867 -0.137820 1.332523  0.348572 -0.036149 -0.383815
48  1.719406 0.000006 -0.000025  0.108419 0.085473 0.261800
49  1.099660 0.000012 -0.000005  -0.000003 0.002595 -0.244331
50  0.806037 -0.348869 1.321290  -1.284110 -0.334965 -0.484552
51  1.789778 0.000014 0.000014  0.019426 0.057122 0.062857
52  1.207013 0.000023 -0.000013  0.000005 0.011267 0.362851
53  5.740856 0.000389 0.000011  0.000683 0.000000 0.000060
54  11.481727 0.000774 0.000022  0.001274 0.000001 0.000078
55  1.499982 -0.000063 -0.000011  0.000001 0.000000 -0.000043
56  5.559988 -0.000229 -0.000037  0.000001 0.000000 -0.000083
57  5.166951 0.000060 -0.000059  0.000002 -0.000013 -0.000002
58  -3.890452 0.000004 0.000007  -1.570796 0.051841 -1.576021
59  17.848219 0.000199 -0.000010  -0.000003 -0.000000 0.034052
60  16.525284 0.002464 0.000003  0.038612 0.040780 -1.071484
61  6.879457 -0.000004 0.000019  -0.081333 -0.002949 -0.584376
62  3.890452 -0.000004 -0.000003  -1.570798 0.051841 -1.565574
63  17.848133 0.000073 -0.000007  0.000007 0.000000 0.034176
64  16.525267 0.000451 -0.000010  -0.027918 -0.040785 -1.071627
end
triangles
tactical_vest
0  -3.954546 5.193439 59.871101  0.467430 -0.849987 0.242964  0.970620 0.348619 1 4 1.000000
0  -5.384505 4.453426 60.033272  0.467430 -0.849987 0.242964  0.964353 0.387504 1 4 1.000000
0  -5.422852 4.365895 59.800827  0.467430 -0.849987 0.242964  0.970620 0.390022 1 4 1.000000
tactical_vest
0  5.354418 -6.276521 54.031582  0.283288 -0.191535 -0.939714  0.031726 0.425448 1 4 1.000000
0  4.593545 -6.327275 53.812553  0.220355 -0.212234 -0.952051  0.027430 0.446557 1 4 1.000000
0  5.213931 -5.761896 53.884335  0.283285 -0.191542 -0.939714  0.023869 0.425365 1 4 1.000000
tactical_vest
0  5.354418 -6.276521 54.031582  0.283288 -0.191535 -0.939714  0.031726 0.425448 1 4 1.000000
0  4.734033 -6.841901 53.959789  0.188430 -0.222251 -0.956608  0.035287 0.446640 1 4 1.000000
0  4.593545 -6.327275 53.812553  0.220355 -0.212234 -0.952051  0.027430 0.446557 1 4 1.000000
tactical_vest
0  4.734033 -6.841901 53.959789  0.188430 -0.222251 -0.956608  0.035287 0.446640 1 4 1.000000
0  3.659234 -6.814780 53.811848  0.100260 -0.248292 -0.963483  0.025805 0.474322 1 4 1.000000
0  4.593545 -6.327275 53.812553  0.220355 -0.212234 -0.952051  0.027430 0.446557 1 4 1.000000
tactical_vest
0  4.734033 -6.841901 53.959789  0.188430 -0.222251 -0.956608  0.035287 0.446640 1 4 1.000000
0  3.799721 -7.329403 53.959087  0.091973 -0.250618 -0.963707  0.033662 0.474405 1 4 1.000000
0  3.659234 -6.814780 53.811848  0.100260 -0.248292 -0.963483  0.025805 0.474322 1 4 1.000000
tactical_vest
0  3.799721 -7.329403 53.959087  0.091973 -0.250618 -0.963707  0.033662 0.474405 1 4 1.000000
0  2.977470 -7.169881 53.860355  -0.081524 -0.368025 -0.926235  0.025015 0.494758 1 4 1.000000
0  3.659234 -6.814780 53.811848  0.100260 -0.248292 -0.963483  0.025805 0.474322 1 4 1.000000
tactical_vest
0  3.799721 -7.329403 53.959087  0.091973 -0.250618 -0.963707  0.033662 0.474405 1 4 1.000000
0  3.117956 -7.684506 54.007591  -0.157581 -0.311154 -0.937204  0.032872 0.494841 1 4 1.000000
0  2.977470 -7.169881 53.860355  -0.081524 -0.368025 -0.926235  0.025015 0.494758 1 4 1.000000
tactical_vest
0  2.977470 -7.169881 53.860355  -0.081524 -0.368025 -0.926235  0.025015 0.494758 1 4 1.000000
0  3.117956 -7.684506 54.007591  -0.157581 -0.311154 -0.937204  0.032872 0.494841 1 4 1.000000
0  2.917405 -7.478251 54.062309  -0.182117 -0.440718 -0.878977  0.032595 0.500767 1 4 1.000000
tactical_vest
0  2.977470 -7.169881 53.860355  -0.081524 -0.368025 -0.926235  0.025015 0.494758 1 4 1.000000
0  2.917405 -7.478251 54.062309  -0.182117 -0.440718 -0.878977  0.032595 0.500767 1 4 1.000000
0  2.776918 -7.250540 53.931122  -0.169995 -0.466691 -0.867929  0.024738 0.500684 1 4 1.000000
tactical_vest
0  2.776918 -7.250540 53.931122  -0.169995 -0.466691 -0.867929  0.024738 0.500684 1 4 1.000000
0  2.917405 -7.478251 54.062309  -0.182117 -0.440718 -0.878977  0.032595 0.500767 1 4 1.000000
0  2.753641 -7.809881 54.186348  -0.515131 -0.394395 -0.760981  0.032330 0.505529 1 4 1.000000
tactical_vest
0  2.776918 -7.250540 53.931122  -0.169995 -0.466691 -0.867929  0.024738 0.500684 1 4 1.000000
0  2.753641 -7.809881 54.186348  -0.515131 -0.394395 -0.760981  0.032330 0.505529 1 4 1.000000
0  2.613153 -7.295258 54.039104  -0.547039 -0.364898 -0.753391  0.024473 0.505446 1 4 1.000000
tactical_vest
0  2.440228 -7.843592 54.516159  -0.782048 -0.359206 -0.509286  0.031726 0.514457 1 4 1.000000
0  2.613153 -7.295258 54.039104  -0.547039 -0.364898 -0.753391  0.024473 0.505446 1 4 1.000000
0  2.753641 -7.809881 54.186348  -0.515131 -0.394395 -0.760981  0.032330 0.505529 1 4 1.000000
tactical_vest
0  2.440228 -7.843592 54.516159  -0.782048 -0.359206 -0.509286  0.031726 0.514457 1 4 1.000000
0  2.299741 -7.328965 54.368916  -0.776430 -0.359963 -0.517284  0.023869 0.514374 1 4 1.000000
0  2.613153 -7.295258 54.039104  -0.547039 -0.364898 -0.753391  0.024473 0.505446 1 4 1.000000
tactical_vest
0  1.398338 -5.491165 58.404308  -0.368481 0.747470 -0.552730  0.023869 0.293612 1 4 1.000000
0  3.622837 -6.196685 55.688858  -0.425780 0.811066 -0.401102  0.080433 0.370281 1 4 1.000000
0  1.644882 -6.921082 56.170715  -0.401755 0.796987 -0.451004  0.023869 0.364227 1 4 1.000000
tactical_vest
0  1.685001 -7.104379 55.696316  -0.399001 0.848978 -0.346461  0.024401 0.377717 1 4 1.000000
0  1.644882 -6.921082 56.170715  -0.401755 0.796987 -0.451004  0.023869 0.364227 1 4 1.000000
0  3.622837 -6.196685 55.688858  -0.425780 0.811066 -0.401102  0.080433 0.370281 1 4 1.000000
tactical_vest
0  5.110257 -2.366958 59.843910  -0.479525 0.700935 -0.527964  0.138502 0.228089 1 4 1.000000
0  5.735148 -2.103873 59.608707  -0.479034 0.782876 -0.397027  0.156751 0.231530 1 4 1.000000
0  5.924546 -2.114968 59.358311  -0.503027 0.728076 -0.465691  0.161942 0.237905 1 4 1.000000
tactical_vest
0  5.924546 -2.114968 59.358311  -0.503027 0.728076 -0.465691  0.161942 0.237905 1 4 1.000000
0  6.087037 -2.277878 58.943531  -0.539242 0.671180 -0.508660  0.165653 0.249968 1 4 1.000000
0  5.110257 -2.366958 59.843910  -0.479525 0.700935 -0.527964  0.138502 0.228089 1 4 1.000000
tactical_vest
0  5.126474 -3.732457 58.109726  -0.479072 0.675063 -0.561053  0.132222 0.285741 1 4 1.000000
0  5.110257 -2.366958 59.843910  -0.479525 0.700935 -0.527964  0.138502 0.228089 1 4 1.000000
0  6.087037 -2.277878 58.943531  -0.539242 0.671180 -0.508660  0.165653 0.249968 1 4 1.000000
tactical_vest
0  6.109874 -2.791581 58.245407  -0.575689 0.652247 -0.493109  0.163795 0.272763 1 4 1.000000
0  5.126474 -3.732457 58.109726  -0.479072 0.675063 -0.561053  0.132222 0.285741 1 4 1.000000
0  6.087037 -2.277878 58.943531  -0.539242 0.671180 -0.508660  0.165653 0.249968 1 4 1.000000
tactical_vest
0  5.149944 -4.324317 57.402813  -0.525123 0.706175 -0.474935  0.129846 0.309708 1 4 1.000000
0  5.126474 -3.732457 58.109726  -0.479072 0.675063 -0.561053  0.132222 0.285741 1 4 1.000000
0  6.109874 -2.791581 58.245407  -0.575689 0.652247 -0.493109  0.163795 0.272763 1 4 1.000000
tactical_vest
0  5.149944 -4.324317 57.402813  -0.525123 0.706175 -0.474935  0.129846 0.309708 1 4 1.000000
0  6.109874 -2.791581 58.245407  -0.575689 0.652247 -0.493109  0.163795 0.272763 1 4 1.000000
0  6.046999 -3.541149 57.201992  -0.652171 0.644777 -0.398667  0.158661 0.306428 1 4 1.000000
tactical_vest
0  5.149944 -4.324317 57.402813  -0.525123 0.706175 -0.474935  0.129846 0.309708 1 4 1.000000
0  6.046999 -3.541149 57.201992  -0.652171 0.644777 -0.398667  0.158661 0.306428 1 4 1.000000
0  5.781224 -4.970088 55.136219  -0.628723 0.712428 -0.311695  0.145262 0.372136 1 4 1.000000
tactical_vest
0  5.149944 -4.324317 57.402813  -0.525123 0.706175 -0.474935  0.129846 0.309708 1 4 1.000000
0  5.781224 -4.970088 55.136219  -0.628723 0.712428 -0.311695  0.145262 0.372136 1 4 1.000000
0  4.873426 -5.688199 55.292046  -0.534268 0.778542 -0.329287  0.116704 0.375652 1 4 1.000000
tactical_vest
0  4.873426 -5.688199 55.292046  -0.534268 0.778542 -0.329287  0.116704 0.375652 1 4 1.000000
0  5.781224 -4.970088 55.136219  -0.628723 0.712428 -0.311695  0.145262 0.372136 1 4 1.000000
0  5.496423 -5.481397 54.196888  -0.600438 0.775499 -0.195128  0.135941 0.400003 1 4 1.000000
tactical_vest
0  5.213931 -5.761896 53.884335  -0.622281 0.759317 -0.190273  0.127255 0.410289 1 4 1.000000
0  4.873426 -5.688199 55.292046  -0.534268 0.778542 -0.329287  0.116704 0.375652 1 4 1.000000
0  5.496423 -5.481397 54.196888  -0.600438 0.775499 -0.195128  0.135941 0.400003 1 4 1.000000
tactical_vest
0  4.593545 -6.327275 53.812553  -0.519840 0.815067 -0.255798  0.107511 0.417804 1 4 1.000000
0  4.873426 -5.688199 55.292046  -0.534268 0.778542 -0.329287  0.116704 0.375652 1 4 1.000000
0  5.213931 -5.761896 53.884335  -0.622281 0.759317 -0.190273  0.127255 0.410289 1 4 1.000000
tactical_vest
0  3.622837 -6.196685 55.688858  -0.425780 0.811066 -0.401102  0.080433 0.370281 1 4 1.000000
0  4.873426 -5.688199 55.292046  -0.534268 0.778542 -0.329287  0.116704 0.375652 1 4 1.000000
0  4.593545 -6.327275 53.812553  -0.519840 0.815067 -0.255798  0.107511 0.417804 1 4 1.000000
tactical_vest
0  3.622837 -6.196685 55.688858  -0.425780 0.811066 -0.401102  0.080433 0.370281 1 4 1.000000
0  4.593545 -6.327275 53.812553  -0.519840 0.815067 -0.255798  0.107511 0.417804 1 4 1.000000
0  3.659234 -6.814780 53.811848  -0.451214 0.845004 -0.287007  0.080153 0.422106 1 4 1.000000
tactical_vest
0  3.622837 -6.196685 55.688858  -0.425780 0.811066 -0.401102  0.080433 0.370281 1 4 1.000000
0  3.659234 -6.814780 53.811848  -0.451214 0.845004 -0.287007  0.080153 0.422106 1 4 1.000000
0  2.977470 -7.169881 53.860355  -0.442813 0.844464 -0.301325  0.060112 0.424084 1 4 1.000000
tactical_vest
0  3.622837 -6.196685 55.688858  -0.425780 0.811066 -0.401102  0.080433 0.370281 1 4 1.000000
0  2.977470 -7.169881 53.860355  -0.442813 0.844464 -0.301325  0.060112 0.424084 1 4 1.000000
0  2.299741 -7.328965 54.368916  -0.417931 0.851008 -0.317993  0.040785 0.412835 1 4 1.000000
tactical_vest
0  2.299741 -7.328965 54.368916  -0.417931 0.851008 -0.317993  0.040785 0.412835 1 4 1.000000
0  1.685001 -7.104379 55.696316  -0.399001 0.848978 -0.346461  0.024401 0.377717 1 4 1.000000
0  3.622837 -6.196685 55.688858  -0.425780 0.811066 -0.401102  0.080433 0.370281 1 4 1.000000
tactical_vest
0  2.977470 -7.169881 53.860355  -0.442813 0.844464 -0.301325  0.060112 0.424084 1 4 1.000000
0  2.776918 -7.250540 53.931122  -0.452678 0.821754 -0.346126  0.054290 0.423044 1 4 1.000000
0  2.613153 -7.295258 54.039104  -0.452644 0.821764 -0.346146  0.049601 0.420754 1 4 1.000000
tactical_vest
0  2.613153 -7.295258 54.039104  -0.452644 0.821764 -0.346146  0.049601 0.420754 1 4 1.000000
0  2.299741 -7.328965 54.368916  -0.417931 0.851008 -0.317993  0.040785 0.412835 1 4 1.000000
0  2.977470 -7.169881 53.860355  -0.442813 0.844464 -0.301325  0.060112 0.424084 1 4 1.000000
tactical_vest
0  3.684169 -4.788959 57.891884  -0.387979 0.745121 -0.542464  0.088216 0.301228 1 4 1.000000
0  5.149944 -4.324317 57.402813  -0.525123 0.706175 -0.474935  0.129846 0.309708 1 4 1.000000
0  4.873426 -5.688199 55.292046  -0.534268 0.778542 -0.329287  0.116704 0.375652 1 4 1.000000
tactical_vest
0  3.684169 -4.788959 57.891884  -0.387979 0.745121 -0.542464  0.088216 0.301228 1 4 1.000000
0  5.126474 -3.732457 58.109726  -0.479072 0.675063 -0.561053  0.132222 0.285741 1 4 1.000000
0  5.149944 -4.324317 57.402813  -0.525123 0.706175 -0.474935  0.129846 0.309708 1 4 1.000000
tactical_vest
0  3.684169 -4.788959 57.891884  -0.387979 0.745121 -0.542464  0.088216 0.301228 1 4 1.000000
0  3.660703 -4.198364 58.598885  -0.398713 0.717657 -0.570961  0.090583 0.277275 1 4 1.000000
0  5.126474 -3.732457 58.109726  -0.479072 0.675063 -0.561053  0.132222 0.285741 1 4 1.000000
tactical_vest
0  3.660703 -4.198364 58.598885  -0.398713 0.717657 -0.570961  0.090583 0.277275 1 4 1.000000
0  5.110257 -2.366958 59.843910  -0.479525 0.700935 -0.527964  0.138502 0.228089 1 4 1.000000
0  5.126474 -3.732457 58.109726  -0.479072 0.675063 -0.561053  0.132222 0.285741 1 4 1.000000
tactical_vest
0  3.660703 -4.198364 58.598885  -0.398713 0.717657 -0.570961  0.090583 0.277275 1 4 1.000000
0  3.570179 -3.139226 60.046562  -0.426092 0.717234 -0.551381  0.093286 0.230002 1 4 1.000000
0  5.110257 -2.366958 59.843910  -0.479525 0.700935 -0.527964  0.138502 0.228089 1 4 1.000000
tactical_vest
0  2.094680 -3.916111 60.156353  -0.396215 0.747058 -0.533778  0.049847 0.234274 1 4 1.000000
0  3.570179 -3.139226 60.046562  -0.426092 0.717234 -0.551381  0.093286 0.230002 1 4 1.000000
0  3.660703 -4.198364 58.598885  -0.398713 0.717657 -0.570961  0.090583 0.277275 1 4 1.000000
tactical_vest
0  1.699629 -4.280536 59.914967  -0.371677 0.778865 -0.505198  0.037570 0.243714 1 4 1.000000
0  2.094680 -3.916111 60.156353  -0.396215 0.747058 -0.533778  0.049847 0.234274 1 4 1.000000
0  3.660703 -4.198364 58.598885  -0.398713 0.717657 -0.570961  0.090583 0.277275 1 4 1.000000
tactical_vest
0  3.660703 -4.198364 58.598885  -0.398713 0.717657 -0.570961  0.090583 0.277275 1 4 1.000000
0  1.426089 -4.900567 59.111305  -0.362541 0.755682 -0.545443  0.027548 0.269753 1 4 1.000000
0  1.699629 -4.280536 59.914967  -0.371677 0.778865 -0.505198  0.037570 0.243714 1 4 1.000000
tactical_vest
0  1.398338 -5.491165 58.404308  -0.368481 0.747470 -0.552730  0.023869 0.293612 1 4 1.000000
0  1.426089 -4.900567 59.111305  -0.362541 0.755682 -0.545443  0.027548 0.269753 1 4 1.000000
0  3.660703 -4.198364 58.598885  -0.398713 0.717657 -0.570961  0.090583 0.277275 1 4 1.000000
tactical_vest
0  1.398338 -5.491165 58.404308  -0.368481 0.747470 -0.552730  0.023869 0.293612 1 4 1.000000
0  3.660703 -4.198364 58.598885  -0.398713 0.717657 -0.570961  0.090583 0.277275 1 4 1.000000
0  3.684169 -4.788959 57.891884  -0.387979 0.745121 -0.542464  0.088216 0.301228 1 4 1.000000
tactical_vest
0  1.398338 -5.491165 58.404308  -0.368481 0.747470 -0.552730  0.023869 0.293612 1 4 1.000000
0  3.684169 -4.788959 57.891884  -0.387979 0.745121 -0.542464  0.088216 0.301228 1 4 1.000000
0  3.622837 -6.196685 55.688858  -0.425780 0.811066 -0.401102  0.080433 0.370281 1 4 1.000000
tactical_vest
0  3.684169 -4.788959 57.891884  -0.387979 0.745121 -0.542464  0.088216 0.301228 1 4 1.000000
0  4.873426 -5.688199 55.292046  -0.534268 0.778542 -0.329287  0.116704 0.375652 1 4 1.000000
0  3.622837 -6.196685 55.688858  -0.425780 0.811066 -0.401102  0.080433 0.370281 1 4 1.000000
tactical_vest
0  1.538824 -6.005788 58.551548  0.372527 -0.768379 0.520401  0.306334 0.293335 1 4 1.000000
0  3.781377 -4.557797 59.071869  0.394545 -0.723893 0.565962  0.240320 0.267612 1 4 1.000000
0  1.647258 -5.312103 59.500183  0.375359 -0.763932 0.524894  0.300310 0.262668 1 4 1.000000
tactical_vest
0  1.538824 -6.005788 58.551548  0.372527 -0.768379 0.520401  0.306334 0.293335 1 4 1.000000
0  3.824656 -5.303585 58.039124  0.385053 -0.765299 0.515803  0.242627 0.301215 1 4 1.000000
0  3.781377 -4.557797 59.071869  0.394545 -0.723893 0.565962  0.240320 0.267612 1 4 1.000000
tactical_vest
0  1.843636 -4.811556 60.073956  0.379385 -0.748332 0.544119  0.292815 0.243372 1 4 1.000000
0  1.647258 -5.312103 59.500183  0.375359 -0.763932 0.524894  0.300310 0.262668 1 4 1.000000
0  3.781377 -4.557797 59.071869  0.394545 -0.723893 0.565962  0.240320 0.267612 1 4 1.000000
tactical_vest
0  3.781377 -4.557797 59.071869  0.394545 -0.723893 0.565962  0.240320 0.267612 1 4 1.000000
0  2.235166 -4.430737 60.303596  0.393307 -0.722747 0.568283  0.280675 0.234027 1 4 1.000000
0  1.843636 -4.811556 60.073956  0.379385 -0.748332 0.544119  0.292815 0.243372 1 4 1.000000
tactical_vest
0  3.781377 -4.557797 59.071869  0.394545 -0.723893 0.565962  0.240320 0.267612 1 4 1.000000
0  3.710666 -3.653850 60.193802  0.418083 -0.694321 0.585769  0.237915 0.229878 1 4 1.000000
0  2.235166 -4.430737 60.303596  0.393307 -0.722747 0.568283  0.280675 0.234027 1 4 1.000000
tactical_vest
0  3.781377 -4.557797 59.071869  0.394545 -0.723893 0.565962  0.240320 0.267612 1 4 1.000000
0  5.250743 -2.881585 59.991150  0.484115 -0.676084 0.555466  0.193438 0.228089 1 4 1.000000
0  3.710666 -3.653850 60.193802  0.418083 -0.694321 0.585769  0.237915 0.229878 1 4 1.000000
tactical_vest
0  3.781377 -4.557797 59.071869  0.394545 -0.723893 0.565962  0.240320 0.267612 1 4 1.000000
0  5.255683 -4.088931 58.617424  0.502624 -0.678521 0.535704  0.199062 0.275389 1 4 1.000000
0  5.250743 -2.881585 59.991150  0.484115 -0.676084 0.555466  0.193438 0.228089 1 4 1.000000
tactical_vest
0  3.824656 -5.303585 58.039124  0.385053 -0.765299 0.515803  0.242627 0.301215 1 4 1.000000
0  5.255683 -4.088931 58.617424  0.502624 -0.678521 0.535704  0.199062 0.275389 1 4 1.000000
0  3.781377 -4.557797 59.071869  0.394545 -0.723893 0.565962  0.240320 0.267612 1 4 1.000000
tactical_vest
0  3.824656 -5.303585 58.039124  0.385053 -0.765299 0.515803  0.242627 0.301215 1 4 1.000000
0  5.290431 -4.838941 57.550060  0.532342 -0.716376 0.451018  0.201592 0.309836 1 4 1.000000
0  5.255683 -4.088931 58.617424  0.502624 -0.678521 0.535704  0.199062 0.275389 1 4 1.000000
tactical_vest
0  3.824656 -5.303585 58.039124  0.385053 -0.765299 0.515803  0.242627 0.301215 1 4 1.000000
0  5.013912 -6.202824 55.439289  0.534268 -0.778542 0.329287  0.214926 0.375738 1 4 1.000000
0  5.290431 -4.838941 57.550060  0.532342 -0.716376 0.451018  0.201592 0.309836 1 4 1.000000
tactical_vest
0  3.824656 -5.303585 58.039124  0.385053 -0.765299 0.515803  0.242627 0.301215 1 4 1.000000
0  3.763324 -6.711312 55.836098  0.425780 -0.811066 0.401102  0.250540 0.370271 1 4 1.000000
0  5.013912 -6.202824 55.439289  0.534268 -0.778542 0.329287  0.214926 0.375738 1 4 1.000000
tactical_vest
0  1.538824 -6.005788 58.551548  0.372527 -0.768379 0.520401  0.306334 0.293335 1 4 1.000000
0  3.763324 -6.711312 55.836098  0.425780 -0.811066 0.401102  0.250540 0.370271 1 4 1.000000
0  3.824656 -5.303585 58.039124  0.385053 -0.765299 0.515803  0.242627 0.301215 1 4 1.000000
tactical_vest
0  1.538824 -6.005788 58.551548  0.372527 -0.768379 0.520401  0.306334 0.293335 1 4 1.000000
0  1.785369 -7.435705 56.317955  0.401754 -0.796987 0.451005  0.306334 0.364024 1 4 1.000000
0  3.763324 -6.711312 55.836098  0.425780 -0.811066 0.401102  0.250540 0.370271 1 4 1.000000
tactical_vest
0  3.763324 -6.711312 55.836098  0.425780 -0.811066 0.401102  0.250540 0.370271 1 4 1.000000
0  1.785369 -7.435705 56.317955  0.401754 -0.796987 0.451005  0.306334 0.364024 1 4 1.000000
0  1.825488 -7.619004 55.843555  0.398997 -0.848978 0.346464  0.305990 0.377497 1 4 1.000000
tactical_vest
0  1.825488 -7.619004 55.843555  0.398997 -0.848978 0.346464  0.305990 0.377497 1 4 1.000000
0  2.440228 -7.843592 54.516159  0.417932 -0.851008 0.317992  0.290359 0.412609 1 4 1.000000
0  3.763324 -6.711312 55.836098  0.425780 -0.811066 0.401102  0.250540 0.370271 1 4 1.000000
tactical_vest
0  2.753641 -7.809881 54.186348  0.371474 -0.921842 0.110518  0.281800 0.420540 1 4 1.000000
0  2.917405 -7.478251 54.062309  -0.395527 -0.143957 -0.907102  0.277220 0.422840 1 4 1.000000
0  3.117956 -7.684506 54.007591  0.299877 -0.951684 -0.066117  0.271509 0.423894 1 4 1.000000
tactical_vest
0  2.440228 -7.843592 54.516159  0.417932 -0.851008 0.317992  0.290359 0.412609 1 4 1.000000
0  2.753641 -7.809881 54.186348  0.371474 -0.921842 0.110518  0.281800 0.420540 1 4 1.000000
0  3.117956 -7.684506 54.007591  0.299877 -0.951684 -0.066117  0.271509 0.423894 1 4 1.000000
tactical_vest
0  3.763324 -6.711312 55.836098  0.425780 -0.811066 0.401102  0.250540 0.370271 1 4 1.000000
0  2.440228 -7.843592 54.516159  0.417932 -0.851008 0.317992  0.290359 0.412609 1 4 1.000000
0  3.117956 -7.684506 54.007591  0.299877 -0.951684 -0.066117  0.271509 0.423894 1 4 1.000000
tactical_vest
0  3.117956 -7.684506 54.007591  0.299877 -0.951684 -0.066117  0.271509 0.423894 1 4 1.000000
0  3.799721 -7.329403 53.959087  0.451215 -0.845005 0.287005  0.251774 0.421973 1 4 1.000000
0  3.763324 -6.711312 55.836098  0.425780 -0.811066 0.401102  0.250540 0.370271 1 4 1.000000
tactical_vest
0  3.763324 -6.711312 55.836098  0.425780 -0.811066 0.401102  0.250540 0.370271 1 4 1.000000
0  3.799721 -7.329403 53.959087  0.451215 -0.845005 0.287005  0.251774 0.421973 1 4 1.000000
0  4.734033 -6.841901 53.959789  0.519841 -0.815067 0.255797  0.224767 0.417761 1 4 1.000000
tactical_vest
0  3.763324 -6.711312 55.836098  0.425780 -0.811066 0.401102  0.250540 0.370271 1 4 1.000000
0  4.734033 -6.841901 53.959789  0.519841 -0.815067 0.255797  0.224767 0.417761 1 4 1.000000
0  5.013912 -6.202824 55.439289  0.534268 -0.778542 0.329287  0.214926 0.375738 1 4 1.000000
tactical_vest
0  5.013912 -6.202824 55.439289  0.534268 -0.778542 0.329287  0.214926 0.375738 1 4 1.000000
0  4.734033 -6.841901 53.959789  0.519841 -0.815067 0.255797  0.224767 0.417761 1 4 1.000000
0  5.354418 -6.276521 54.031582  0.622279 -0.759319 0.190273  0.205551 0.410256 1 4 1.000000
tactical_vest
0  5.636909 -5.996023 54.344131  0.600435 -0.775501 0.195129  0.196856 0.400011 1 4 1.000000
0  5.013912 -6.202824 55.439289  0.534268 -0.778542 0.329287  0.214926 0.375738 1 4 1.000000
0  5.354418 -6.276521 54.031582  0.622279 -0.759319 0.190273  0.205551 0.410256 1 4 1.000000
tactical_vest
0  5.921711 -5.484714 55.283455  0.628725 -0.712427 0.311694  0.187238 0.372224 1 4 1.000000
0  5.013912 -6.202824 55.439289  0.534268 -0.778542 0.329287  0.214926 0.375738 1 4 1.000000
0  5.636909 -5.996023 54.344131  0.600435 -0.775501 0.195129  0.196856 0.400011 1 4 1.000000
tactical_vest
0  5.290431 -4.838941 57.550060  0.532342 -0.716376 0.451018  0.201592 0.309836 1 4 1.000000
0  5.013912 -6.202824 55.439289  0.534268 -0.778542 0.329287  0.214926 0.375738 1 4 1.000000
0  5.921711 -5.484714 55.283455  0.628725 -0.712427 0.311694  0.187238 0.372224 1 4 1.000000
tactical_vest
0  5.290431 -4.838941 57.550060  0.532342 -0.716376 0.451018  0.201592 0.309836 1 4 1.000000
0  5.921711 -5.484714 55.283455  0.628725 -0.712427 0.311694  0.187238 0.372224 1 4 1.000000
0  6.187485 -4.055774 57.349228  0.652174 -0.644777 0.398663  0.173797 0.306532 1 4 1.000000
tactical_vest
0  5.290431 -4.838941 57.550060  0.532342 -0.716376 0.451018  0.201592 0.309836 1 4 1.000000
0  6.187485 -4.055774 57.349228  0.652174 -0.644777 0.398663  0.173797 0.306532 1 4 1.000000
0  6.250361 -3.306207 58.392654  0.615611 -0.634260 0.467694  0.168712 0.272852 1 4 1.000000
tactical_vest
0  5.290431 -4.838941 57.550060  0.532342 -0.716376 0.451018  0.201592 0.309836 1 4 1.000000
0  6.250361 -3.306207 58.392654  0.615611 -0.634260 0.467694  0.168712 0.272852 1 4 1.000000
0  5.255683 -4.088931 58.617424  0.502624 -0.678521 0.535704  0.199062 0.275389 1 4 1.000000
tactical_vest
0  5.255683 -4.088931 58.617424  0.502624 -0.678521 0.535704  0.199062 0.275389 1 4 1.000000
0  6.250361 -3.306207 58.392654  0.615611 -0.634260 0.467694  0.168712 0.272852 1 4 1.000000
0  6.227524 -2.792503 59.090771  0.564158 -0.646248 0.513896  0.166933 0.250030 1 4 1.000000
tactical_vest
0  5.250743 -2.881585 59.991150  0.484115 -0.676084 0.555466  0.193438 0.228089 1 4 1.000000
0  5.255683 -4.088931 58.617424  0.502624 -0.678521 0.535704  0.199062 0.275389 1 4 1.000000
0  6.227524 -2.792503 59.090771  0.564158 -0.646248 0.513896  0.166933 0.250030 1 4 1.000000
tactical_vest
0  6.227524 -2.792503 59.090771  0.564158 -0.646248 0.513896  0.166933 0.250030 1 4 1.000000
0  6.065034 -2.629593 59.505554  0.503022 -0.728083 0.465688  0.170537 0.237952 1 4 1.000000
0  5.250743 -2.881585 59.991150  0.484115 -0.676084 0.555466  0.193438 0.228089 1 4 1.000000
tactical_vest
0  6.065034 -2.629593 59.505554  0.503022 -0.728083 0.465688  0.170537 0.237952 1 4 1.000000
0  5.875635 -2.618499 59.755951  0.479034 -0.782877 0.397026  0.175569 0.231570 1 4 1.000000
0  5.250743 -2.881585 59.991150  0.484115 -0.676084 0.555466  0.193438 0.228089 1 4 1.000000
tactical_vest
0  2.299741 -7.328965 54.368916  -0.776430 -0.359963 -0.517284  0.303652 0.197374 1 4 1.000000
0  2.440228 -7.843592 54.516159  -0.782048 -0.359206 -0.509286  0.303574 0.204373 1 4 1.000000
0  1.825488 -7.619004 55.843555  -0.935960 -0.305564 -0.174954  0.269469 0.216134 1 4 1.000000
tactical_vest
0  2.299741 -7.328965 54.368916  -0.776430 -0.359963 -0.517284  0.303652 0.197374 1 4 1.000000
0  1.825488 -7.619004 55.843555  -0.935960 -0.305564 -0.174954  0.269469 0.216134 1 4 1.000000
0  1.685001 -7.104379 55.696316  -0.939366 -0.302596 -0.161327  0.269548 0.209135 1 4 1.000000
tactical_vest
0  1.825488 -7.619004 55.843555  -0.935960 -0.305564 -0.174954  0.269469 0.216134 1 4 1.000000
0  1.644882 -6.921082 56.170715  -0.966696 -0.253162 0.037532  0.256116 0.210942 1 4 1.000000
0  1.685001 -7.104379 55.696316  -0.939366 -0.302596 -0.161327  0.269548 0.209135 1 4 1.000000
tactical_vest
0  1.825488 -7.619004 55.843555  -0.935960 -0.305564 -0.174954  0.269469 0.216134 1 4 1.000000
0  1.785369 -7.435705 56.317955  -0.966533 -0.254409 0.033006  0.256038 0.217941 1 4 1.000000
0  1.644882 -6.921082 56.170715  -0.966696 -0.253162 0.037532  0.256116 0.210942 1 4 1.000000
tactical_vest
0  1.785369 -7.435705 56.317955  -0.966533 -0.254409 0.033006  0.256038 0.217941 1 4 1.000000
0  1.398338 -5.491165 58.404308  -0.964130 -0.221230 0.146664  0.185585 0.206226 1 4 1.000000
0  1.644882 -6.921082 56.170715  -0.966696 -0.253162 0.037532  0.256116 0.210942 1 4 1.000000
tactical_vest
0  1.785369 -7.435705 56.317955  -0.966533 -0.254409 0.033006  0.256038 0.217941 1 4 1.000000
0  1.538824 -6.005788 58.551548  -0.963273 -0.236766 0.126680  0.185506 0.213225 1 4 1.000000
0  1.398338 -5.491165 58.404308  -0.964130 -0.221230 0.146664  0.185585 0.206226 1 4 1.000000
tactical_vest
0  1.538824 -6.005788 58.551548  -0.963273 -0.236766 0.126680  0.185506 0.213225 1 4 1.000000
0  1.426089 -4.900567 59.111305  -0.929274 -0.176165 0.324679  0.161536 0.201519 1 4 1.000000
0  1.398338 -5.491165 58.404308  -0.964130 -0.221230 0.146664  0.185585 0.206226 1 4 1.000000
tactical_vest
0  1.538824 -6.005788 58.551548  -0.963273 -0.236766 0.126680  0.185506 0.213225 1 4 1.000000
0  1.647258 -5.312103 59.500183  -0.921833 -0.171333 0.347663  0.154536 0.209215 1 4 1.000000
0  1.426089 -4.900567 59.111305  -0.929274 -0.176165 0.324679  0.161536 0.201519 1 4 1.000000
tactical_vest
0  1.647258 -5.312103 59.500183  -0.921833 -0.171333 0.347663  0.154536 0.209215 1 4 1.000000
0  1.699629 -4.280536 59.914967  -0.905872 -0.117619 0.406894  0.134964 0.197374 1 4 1.000000
0  1.426089 -4.900567 59.111305  -0.929274 -0.176165 0.324679  0.161536 0.201519 1 4 1.000000
tactical_vest
0  1.647258 -5.312103 59.500183  -0.921833 -0.171333 0.347663  0.154536 0.209215 1 4 1.000000
0  1.843636 -4.811556 60.073956  -0.902208 -0.120691 0.414070  0.134823 0.204906 1 4 1.000000
0  1.699629 -4.280536 59.914967  -0.905872 -0.117619 0.406894  0.134964 0.197374 1 4 1.000000
tactical_vest
0  3.458446 -3.494050 59.849094  -0.269332 -0.709698 -0.650991  0.881603 0.204953 1 4 1.000000
0  4.848811 -3.251071 59.008976  -0.263777 -0.717939 -0.644194  0.886905 0.165165 1 4 1.000000
0  4.896566 -3.400225 59.156181  -0.263012 -0.719062 -0.643253  0.881603 0.165099 1 4 1.000000
tactical_vest
0  3.458446 -3.494050 59.849094  -0.269332 -0.709698 -0.650991  0.881603 0.204953 1 4 1.000000
0  3.396549 -3.307840 59.672230  -0.269952 -0.708768 -0.651746  0.888172 0.205111 1 4 1.000000
0  4.848811 -3.251071 59.008976  -0.263777 -0.717939 -0.644194  0.886905 0.165165 1 4 1.000000
tactical_vest
0  5.522664 4.725014 59.743301  -0.044832 -0.008922 -0.998955  0.803700 0.371821 1 4 1.000000
0  4.011303 5.247178 59.806458  -0.168912 -0.378827 -0.909922  0.811012 0.329886 1 4 1.000000
0  4.021733 5.437432 59.715836  -0.180608 -0.414873 -0.891774  0.805854 0.327579 1 4 1.000000
tactical_vest
0  5.522664 4.725014 59.743301  -0.044832 -0.008922 -0.998955  0.803700 0.371821 1 4 1.000000
0  5.479610 4.419415 59.738800  -0.034972 0.019644 -0.999195  0.811012 0.374286 1 4 1.000000
0  4.011303 5.247178 59.806458  -0.168912 -0.378827 -0.909922  0.811012 0.329886 1 4 1.000000
tactical_vest
0  3.300364 0.941589 62.535873  -0.221067 0.040932 -0.974399  0.926856 0.158271 1 4 1.000000
0  4.988666 0.786887 62.153549  -0.220469 0.145332 -0.964506  0.881603 0.153610 1 4 1.000000
0  3.296070 0.759685 62.528717  -0.234378 0.134805 -0.962754  0.926465 0.162757 1 4 1.000000
tactical_vest
0  3.300364 0.941589 62.535873  -0.221067 0.040932 -0.974399  0.926856 0.158271 1 4 1.000000
0  4.992914 0.954923 62.145470  -0.235509 -0.032115 -0.971341  0.881969 0.149326 1 4 1.000000
0  4.988666 0.786887 62.153549  -0.220469 0.145332 -0.964506  0.881603 0.153610 1 4 1.000000
tactical_vest
0  3.313858 1.513384 62.558361  -0.240768 -0.085575 -0.966803  0.928089 0.144171 1 4 1.000000
0  4.992914 0.954923 62.145470  -0.235509 -0.032115 -0.971341  0.881969 0.149326 1 4 1.000000
0  3.300364 0.941589 62.535873  -0.221067 0.040932 -0.974399  0.926856 0.158271 1 4 1.000000
tactical_vest
0  3.313858 1.513384 62.558361  -0.240768 -0.085575 -0.966803  0.928089 0.144171 1 4 1.000000
0  5.006271 1.483127 62.120068  -0.229806 -0.088666 -0.969189  0.883117 0.135859 1 4 1.000000
0  4.992914 0.954923 62.145470  -0.235509 -0.032115 -0.971341  0.881969 0.149326 1 4 1.000000
tactical_vest
0  3.371753 2.459083 62.338402  -0.216649 -0.267670 -0.938837  0.929367 0.118302 1 4 1.000000
0  5.006271 1.483127 62.120068  -0.229806 -0.088666 -0.969189  0.883117 0.135859 1 4 1.000000
0  3.313858 1.513384 62.558361  -0.240768 -0.085575 -0.966803  0.928089 0.144171 1 4 1.000000
tactical_vest
0  3.371753 2.459083 62.338402  -0.216649 -0.267670 -0.938837  0.929367 0.118302 1 4 1.000000
0  5.074511 2.332109 62.019676  -0.187360 -0.226197 -0.955893  0.883758 0.113512 1 4 1.000000
0  5.006271 1.483127 62.120068  -0.229806 -0.088666 -0.969189  0.883117 0.135859 1 4 1.000000
tactical_vest
0  3.457159 3.317045 61.975220  -0.184638 -0.473947 -0.860978  0.929769 0.093181 1 4 1.000000
0  5.074511 2.332109 62.019676  -0.187360 -0.226197 -0.955893  0.883758 0.113512 1 4 1.000000
0  3.371753 2.459083 62.338402  -0.216649 -0.267670 -0.938837  0.929367 0.118302 1 4 1.000000
tactical_vest
0  3.457159 3.317045 61.975220  -0.184638 -0.473947 -0.860978  0.929769 0.093181 1 4 1.000000
0  5.157375 3.177267 61.704525  -0.163596 -0.462287 -0.871508  0.884157 0.089175 1 4 1.000000
0  5.074511 2.332109 62.019676  -0.187360 -0.226197 -0.955893  0.883758 0.113512 1 4 1.000000
tactical_vest
0  3.564652 3.998174 61.424160  -0.160205 -0.643317 -0.748650  0.929224 0.070624 1 4 1.000000
0  5.157375 3.177267 61.704525  -0.163596 -0.462287 -0.871508  0.884157 0.089175 1 4 1.000000
0  3.457159 3.317045 61.975220  -0.184638 -0.473947 -0.860978  0.929769 0.093181 1 4 1.000000
tactical_vest
0  3.564652 3.998174 61.424160  -0.160205 -0.643317 -0.748650  0.929224 0.070624 1 4 1.000000
0  5.265187 3.756704 61.293026  -0.176637 -0.663780 -0.726770  0.883213 0.070483 1 4 1.000000
0  5.157375 3.177267 61.704525  -0.163596 -0.462287 -0.871508  0.884157 0.089175 1 4 1.000000
tactical_vest
0  3.715423 4.626674 60.763123  -0.204265 -0.759441 -0.617677  0.927455 0.048209 1 4 1.000000
0  5.265187 3.756704 61.293026  -0.176637 -0.663780 -0.726770  0.883213 0.070483 1 4 1.000000
0  3.564652 3.998174 61.424160  -0.160205 -0.643317 -0.748650  0.929224 0.070624 1 4 1.000000
tactical_vest
0  3.715423 4.626674 60.763123  -0.204265 -0.759441 -0.617677  0.927455 0.048209 1 4 1.000000
0  5.345429 4.129983 60.783955  -0.252963 -0.803033 -0.539581  0.882497 0.056089 1 4 1.000000
0  5.265187 3.756704 61.293026  -0.176637 -0.663780 -0.726770  0.883213 0.070483 1 4 1.000000
tactical_vest
0  3.798052 4.907453 60.326401  -0.257136 -0.792759 -0.552643  0.926362 0.036806 1 4 1.000000
0  5.345429 4.129983 60.783955  -0.252963 -0.803033 -0.539581  0.882497 0.056089 1 4 1.000000
0  3.715423 4.626674 60.763123  -0.204265 -0.759441 -0.617677  0.927455 0.048209 1 4 1.000000
tactical_vest
0  3.798052 4.907453 60.326401  -0.257136 -0.792759 -0.552643  0.926362 0.036806 1 4 1.000000
0  5.408518 4.357533 60.320732  -0.309328 -0.843426 -0.439260  0.881796 0.045819 1 4 1.000000
0  5.345429 4.129983 60.783955  -0.252963 -0.803033 -0.539581  0.882497 0.056089 1 4 1.000000
tactical_vest
0  3.874038 5.119174 59.999741  -0.281482 -0.750417 -0.598032  0.925170 0.028193 1 4 1.000000
0  5.408518 4.357533 60.320732  -0.309328 -0.843426 -0.439260  0.881796 0.045819 1 4 1.000000
0  3.798052 4.907453 60.326401  -0.257136 -0.792759 -0.552643  0.926362 0.036806 1 4 1.000000
tactical_vest
0  3.874038 5.119174 59.999741  -0.281482 -0.750417 -0.598032  0.925170 0.028193 1 4 1.000000
0  5.441260 4.507680 59.970966  -0.336113 -0.841542 -0.422888  0.881603 0.038649 1 4 1.000000
0  5.408518 4.357533 60.320732  -0.309328 -0.843426 -0.439260  0.881796 0.045819 1 4 1.000000
tactical_vest
0  4.011303 5.247178 59.806458  -0.283192 -0.694706 -0.661201  0.777984 0.422673 1 4 1.000000
0  5.441260 4.507680 59.970966  -0.336113 -0.841542 -0.422888  0.784226 0.459729 1 4 1.000000
0  3.874038 5.119174 59.999741  -0.281482 -0.750417 -0.598032  0.780642 0.418001 1 4 1.000000
tactical_vest
0  4.139602 5.002849 60.385212  0.211100 0.773863 0.597137  0.561606 0.444594 1 4 1.000000
0  5.188081 4.642379 60.481705  0.256381 0.879355 0.401253  0.557435 0.474195 1 4 1.000000
0  5.195509 4.677909 60.367851  0.284872 0.909603 0.302441  0.559081 0.474117 1 4 1.000000
tactical_vest
0  4.139602 5.002849 60.385212  0.211100 0.773863 0.597137  0.561606 0.444594 1 4 1.000000
0  4.115489 4.938737 60.472515  0.191255 0.791055 0.581079  0.559301 0.444367 1 4 1.000000
0  5.188081 4.642379 60.481705  0.256381 0.879355 0.401253  0.557435 0.474195 1 4 1.000000
tactical_vest
0  4.115489 4.938737 60.472515  0.191255 0.791055 0.581079  0.559301 0.444367 1 4 1.000000
0  5.117862 4.391716 60.964855  0.179265 0.812334 0.554957  0.547685 0.474045 1 4 1.000000
0  5.188081 4.642379 60.481705  0.256381 0.879355 0.401253  0.557435 0.474195 1 4 1.000000
tactical_vest
0  4.115489 4.938737 60.472515  0.191255 0.791055 0.581079  0.559301 0.444367 1 4 1.000000
0  4.023809 4.663942 60.881474  0.146634 0.789099 0.596508  0.549271 0.443727 1 4 1.000000
0  5.117862 4.391716 60.964855  0.179265 0.812334 0.554957  0.547685 0.474045 1 4 1.000000
tactical_vest
0  4.023809 4.663942 60.881474  0.146634 0.789099 0.596508  0.549271 0.443727 1 4 1.000000
0  5.064289 4.146205 61.298790  0.144164 0.780271 0.608600  0.539069 0.474195 1 4 1.000000
0  5.117862 4.391716 60.964855  0.179265 0.812334 0.554957  0.547685 0.474045 1 4 1.000000
tactical_vest
0  4.023809 4.663942 60.881474  0.146634 0.789099 0.596508  0.549271 0.443727 1 4 1.000000
0  3.944791 4.279847 61.371574  0.132488 0.769664 0.624551  0.536015 0.444065 1 4 1.000000
0  5.064289 4.146205 61.298790  0.144164 0.780271 0.608600  0.539069 0.474195 1 4 1.000000
tactical_vest
0  3.623161 4.142223 61.619621  0.158208 0.698584 0.697819  0.536137 0.300168 1 4 1.000000
0  5.206844 3.324328 61.941074  0.164690 0.471823 0.866176  0.581161 0.318163 1 4 1.000000
0  5.312492 3.936068 61.506256  0.138131 0.683661 0.716608  0.581840 0.299265 1 4 1.000000
tactical_vest
0  3.623161 4.142223 61.619621  0.158208 0.698584 0.697819  0.536137 0.300168 1 4 1.000000
0  3.528782 3.466298 62.231167  0.197152 0.494571 0.846481  0.536015 0.321781 1 4 1.000000
0  5.206844 3.324328 61.941074  0.164690 0.471823 0.866176  0.581161 0.318163 1 4 1.000000
tactical_vest
0  3.528782 3.466298 62.231167  0.197152 0.494571 0.846481  0.536015 0.321781 1 4 1.000000
0  5.119483 2.433289 62.273331  0.201709 0.225178 0.953210  0.581872 0.343617 1 4 1.000000
0  5.206844 3.324328 61.941074  0.164690 0.471823 0.866176  0.581161 0.318163 1 4 1.000000
tactical_vest
0  3.528782 3.466298 62.231167  0.197152 0.494571 0.846481  0.536015 0.321781 1 4 1.000000
0  3.438739 2.561757 62.614071  0.231191 0.264531 0.936255  0.536712 0.347906 1 4 1.000000
0  5.119483 2.433289 62.273331  0.201709 0.225178 0.953210  0.581872 0.343617 1 4 1.000000
tactical_vest
0  3.438739 2.561757 62.614071  0.231191 0.264531 0.936255  0.536712 0.347906 1 4 1.000000
0  5.055289 1.538595 62.378860  0.245969 0.042038 0.968366  0.583157 0.367696 1 4 1.000000
0  5.119483 2.433289 62.273331  0.201709 0.225178 0.953210  0.581872 0.343617 1 4 1.000000
tactical_vest
0  3.438739 2.561757 62.614071  0.231191 0.264531 0.936255  0.536712 0.347906 1 4 1.000000
0  3.385677 1.570494 62.840954  0.268864 0.074628 0.960283  0.538644 0.375200 1 4 1.000000
0  5.055289 1.538595 62.378860  0.245969 0.042038 0.968366  0.583157 0.367696 1 4 1.000000
tactical_vest
0  3.385677 1.570494 62.840954  0.268864 0.074628 0.960283  0.538644 0.375200 1 4 1.000000
0  5.032010 0.977945 62.352631  0.266198 -0.053548 0.962430  0.584392 0.382160 1 4 1.000000
0  5.055289 1.538595 62.378860  0.245969 0.042038 0.968366  0.583157 0.367696 1 4 1.000000
tactical_vest
0  3.385677 1.570494 62.840954  0.268864 0.074628 0.960283  0.538644 0.375200 1 4 1.000000
0  3.371450 0.967656 62.817242  0.269431 -0.044199 0.962005  0.540261 0.390746 1 4 1.000000
0  5.032010 0.977945 62.352631  0.266198 -0.053548 0.962430  0.584392 0.382160 1 4 1.000000
tactical_vest
0  4.021733 5.437432 59.715836  0.251733 0.815433 0.521249  0.541997 0.253537 1 4 1.000000
0  3.913259 5.205126 60.131638  0.234641 0.832912 0.501200  0.539978 0.262480 1 4 1.000000
0  5.502079 4.727669 60.111259  0.232702 0.864642 0.445245  0.583925 0.269520 1 4 1.000000
tactical_vest
0  5.311051 4.696534 60.271065  0.210332 0.881807 0.422111  0.578973 0.271939 1 4 1.000000
0  5.502079 4.727669 60.111259  0.232702 0.864642 0.445245  0.583925 0.269520 1 4 1.000000
0  3.913259 5.205126 60.131638  0.234641 0.832912 0.501200  0.539978 0.262480 1 4 1.000000
tactical_vest
0  5.311051 4.696534 60.271065  0.210332 0.881807 0.422111  0.578973 0.271939 1 4 1.000000
0  3.913259 5.205126 60.131638  0.234641 0.832912 0.501200  0.539978 0.262480 1 4 1.000000
0  4.054318 5.079285 60.289722  0.225086 0.844767 0.485495  0.544196 0.266254 1 4 1.000000
tactical_vest
0  4.054318 5.079285 60.289722  0.225086 0.844767 0.485495  0.544196 0.266254 1 4 1.000000
0  3.913259 5.205126 60.131638  0.234641 0.832912 0.501200  0.539978 0.262480 1 4 1.000000
0  3.839716 5.018479 60.459858  0.194739 0.801751 0.565041  0.538717 0.269584 1 4 1.000000
tactical_vest
0  4.054318 5.079285 60.289722  0.225086 0.844767 0.485495  0.544196 0.266254 1 4 1.000000
0  3.839716 5.018479 60.459858  0.194739 0.801751 0.565041  0.538717 0.269584 1 4 1.000000
0  4.011555 4.968872 60.467796  0.199436 0.796069 0.571401  0.543466 0.270355 1 4 1.000000
tactical_vest
0  4.011555 4.968872 60.467796  0.199436 0.796069 0.571401  0.543466 0.270355 1 4 1.000000
0  3.839716 5.018479 60.459858  0.194739 0.801751 0.565041  0.538717 0.269584 1 4 1.000000
0  3.743629 4.727871 60.873550  0.164973 0.778738 0.605269  0.537221 0.279985 1 4 1.000000
tactical_vest
0  4.011555 4.968872 60.467796  0.199436 0.796069 0.571401  0.543466 0.270355 1 4 1.000000
0  3.743629 4.727871 60.873550  0.164973 0.778738 0.605269  0.537221 0.279985 1 4 1.000000
0  3.918182 4.687982 60.878441  0.161373 0.780495 0.603976  0.542009 0.280477 1 4 1.000000
tactical_vest
0  3.918182 4.687982 60.878441  0.161373 0.780495 0.603976  0.542009 0.280477 1 4 1.000000
0  3.743629 4.727871 60.873550  0.164973 0.778738 0.605269  0.537221 0.279985 1 4 1.000000
0  3.623161 4.142223 61.619621  0.158208 0.698584 0.697819  0.536137 0.300168 1 4 1.000000
tactical_vest
0  3.918182 4.687982 60.878441  0.161373 0.780495 0.603976  0.542009 0.280477 1 4 1.000000
0  3.623161 4.142223 61.619621  0.158208 0.698584 0.697819  0.536137 0.300168 1 4 1.000000
0  3.823527 4.227835 61.464970  0.145934 0.772928 0.617483  0.541157 0.296337 1 4 1.000000
tactical_vest
0  3.823527 4.227835 61.464970  0.145934 0.772928 0.617483  0.541157 0.296337 1 4 1.000000
0  3.623161 4.142223 61.619621  0.158208 0.698584 0.697819  0.536137 0.300168 1 4 1.000000
0  5.312492 3.936068 61.506256  0.138131 0.683661 0.716608  0.581840 0.299265 1 4 1.000000
tactical_vest
0  3.823527 4.227835 61.464970  0.145934 0.772928 0.617483  0.541157 0.296337 1 4 1.000000
0  5.312492 3.936068 61.506256  0.138131 0.683661 0.716608  0.581840 0.299265 1 4 1.000000
0  5.157871 4.067101 61.377079  0.148197 0.777364 0.611345  0.577250 0.295579 1 4 1.000000
tactical_vest
0  5.157871 4.067101 61.377079  0.148197 0.777364 0.611345  0.577250 0.295579 1 4 1.000000
0  5.312492 3.936068 61.506256  0.138131 0.683661 0.716608  0.581840 0.299265 1 4 1.000000
0  5.398391 4.329614 60.969547  0.175207 0.830159 0.529281  0.582692 0.285469 1 4 1.000000
tactical_vest
0  5.157871 4.067101 61.377079  0.148197 0.777364 0.611345  0.577250 0.295579 1 4 1.000000
0  5.398391 4.329614 60.969547  0.175207 0.830159 0.529281  0.582692 0.285469 1 4 1.000000
0  5.223621 4.368371 60.966675  0.179310 0.828538 0.530446  0.577902 0.285021 1 4 1.000000
tactical_vest
0  5.223621 4.368371 60.966675  0.179310 0.828538 0.530446  0.577902 0.285021 1 4 1.000000
0  5.398391 4.329614 60.969547  0.175207 0.830159 0.529281  0.582692 0.285469 1 4 1.000000
0  5.466047 4.569518 60.481178  0.224764 0.872911 0.433022  0.583579 0.276018 1 4 1.000000
tactical_vest
0  5.223621 4.368371 60.966675  0.179310 0.828538 0.530446  0.577902 0.285021 1 4 1.000000
0  5.466047 4.569518 60.481178  0.224764 0.872911 0.433022  0.583579 0.276018 1 4 1.000000
0  5.292840 4.614832 60.481472  0.219126 0.875727 0.430215  0.578811 0.275413 1 4 1.000000
tactical_vest
0  5.292840 4.614832 60.481472  0.219126 0.875727 0.430215  0.578811 0.275413 1 4 1.000000
0  5.466047 4.569518 60.481178  0.224764 0.872911 0.433022  0.583579 0.276018 1 4 1.000000
0  5.502079 4.727669 60.111259  0.232702 0.864642 0.445245  0.583925 0.269520 1 4 1.000000
tactical_vest
0  5.292840 4.614832 60.481472  0.219126 0.875727 0.430215  0.578811 0.275413 1 4 1.000000
0  5.502079 4.727669 60.111259  0.232702 0.864642 0.445245  0.583925 0.269520 1 4 1.000000
0  5.311051 4.696534 60.271065  0.210332 0.881807 0.422111  0.578973 0.271939 1 4 1.000000
tactical_vest
0  3.296070 0.759685 62.528717  0.914593 -0.037420 0.402641  0.860820 0.368574 1 4 1.000000
0  3.321085 0.941908 62.488842  0.914572 -0.037430 0.402688  0.862070 0.363741 1 4 1.000000
0  3.300364 0.941589 62.535873  0.914566 -0.037433 0.402701  0.860820 0.363686 1 4 1.000000
tactical_vest
0  3.296070 0.759685 62.528717  0.914593 -0.037420 0.402641  0.860820 0.368574 1 4 1.000000
0  3.316955 0.766884 62.481956  0.914599 -0.037417 0.402627  0.862070 0.368444 1 4 1.000000
0  3.321085 0.941908 62.488842  0.914572 -0.037430 0.402688  0.862070 0.363741 1 4 1.000000
tactical_vest
0  3.366924 0.775877 62.809692  0.275951 -0.204463 0.939173  0.932112 0.198844 1 4 1.000000
0  5.024991 0.178273 62.192410  0.279480 -0.323457 0.904028  0.947402 0.154962 1 4 1.000000
0  5.024605 0.799587 62.344284  0.266170 -0.228728 0.936396  0.932112 0.153938 1 4 1.000000
tactical_vest
0  3.366924 0.775877 62.809692  0.275951 -0.204463 0.939173  0.932112 0.198844 1 4 1.000000
0  3.355273 -0.035815 62.642715  0.297029 -0.283239 0.911893  0.952253 0.200539 1 4 1.000000
0  5.024991 0.178273 62.192410  0.279480 -0.323457 0.904028  0.947402 0.154962 1 4 1.000000
tactical_vest
0  3.355273 -0.035815 62.642715  0.297029 -0.283239 0.911893  0.952253 0.200539 1 4 1.000000
0  5.013640 -0.430495 61.892731  0.308668 -0.451557 0.837150  0.961443 0.156132 1 4 1.000000
0  5.024991 0.178273 62.192410  0.279480 -0.323457 0.904028  0.947402 0.154962 1 4 1.000000
tactical_vest
0  3.355273 -0.035815 62.642715  0.297029 -0.283239 0.911893  0.952253 0.200539 1 4 1.000000
0  3.346024 -0.712415 62.385880  0.336155 -0.383163 0.860341  0.968328 0.201823 1 4 1.000000
0  5.013640 -0.430495 61.892731  0.308668 -0.451557 0.837150  0.961443 0.156132 1 4 1.000000
tactical_vest
0  -5.635628 -4.630648 56.409035  0.264618 -0.859814 0.436690  0.731065 0.368144 1 4 1.000000
0  -5.700532 -5.678690 54.384834  0.264588 -0.859822 0.436692  0.736475 0.416547 1 4 1.000000
0  -5.464964 -5.594943 54.406998  0.264585 -0.859822 0.436692  0.731065 0.416037 1 4 1.000000
tactical_vest
0  -5.635628 -4.630648 56.409035  0.264618 -0.859814 0.436690  0.731065 0.368144 1 4 1.000000
0  -5.871193 -4.714397 56.386875  0.264620 -0.859813 0.436690  0.736475 0.368654 1 4 1.000000
0  -5.700532 -5.678690 54.384834  0.264588 -0.859822 0.436692  0.736475 0.416547 1 4 1.000000
tactical_vest
0  -4.975793 4.702207 53.075752  0.104378 0.991610 -0.076250  0.768773 0.461737 1 4 1.000000
0  -5.282008 4.882181 54.997093  0.104379 0.991610 -0.076248  0.769493 0.418775 1 4 1.000000
0  -5.002378 4.853396 55.005550  0.104379 0.991610 -0.076248  0.775641 0.419793 1 4 1.000000
tactical_vest
0  -4.975793 4.702207 53.075752  0.104378 0.991610 -0.076250  0.768773 0.461737 1 4 1.000000
0  -5.255424 4.730991 53.067303  0.104378 0.991610 -0.076251  0.762625 0.460719 1 4 1.000000
0  -5.282008 4.882181 54.997093  0.104379 0.991610 -0.076248  0.769493 0.418775 1 4 1.000000
tactical_vest
0  -6.316474 -4.328694 56.308472  -0.772845 -0.580904 0.255463  0.744073 0.363080 1 4 1.000000
0  -5.700532 -5.678690 54.384834  -0.607118 -0.728655 0.316968  0.736475 0.416547 1 4 1.000000
0  -5.871193 -4.714397 56.386875  -0.656108 -0.700258 0.281354  0.736475 0.368654 1 4 1.000000
tactical_vest
0  -6.316474 -4.328694 56.308472  -0.772845 -0.580904 0.255463  0.744073 0.363080 1 4 1.000000
0  -6.384642 -5.175627 54.265694  -0.741987 -0.610588 0.276836  0.750647 0.409235 1 4 1.000000
0  -5.700532 -5.678690 54.384834  -0.607118 -0.728655 0.316968  0.736475 0.416547 1 4 1.000000
tactical_vest
0  -6.015768 -4.358523 56.352890  0.745706 0.609039 -0.270175  0.947934 0.344414 1 4 1.000000
0  -5.464964 -5.594943 54.406998  0.544916 0.768947 -0.334345  0.962011 0.393079 1 4 1.000000
0  -6.083936 -5.205459 54.310108  0.717251 0.635307 -0.286244  0.947934 0.392483 1 4 1.000000
tactical_vest
0  -6.015768 -4.358523 56.352890  0.745706 0.609039 -0.270175  0.947934 0.344414 1 4 1.000000
0  -5.635628 -4.630648 56.409035  0.583096 0.750247 -0.311654  0.955181 0.344839 1 4 1.000000
0  -5.464964 -5.594943 54.406998  0.544916 0.768947 -0.334345  0.962011 0.393079 1 4 1.000000
tactical_vest
0  5.436500 -4.723419 56.551407  -0.287000 -0.880893 0.376376  0.677843 0.367267 1 4 1.000000
0  5.644750 -5.663447 54.510117  -0.287017 -0.880889 0.376373  0.679707 0.415785 1 4 1.000000
0  5.671536 -4.808949 56.530460  -0.286999 -0.880893 0.376376  0.672796 0.368733 1 4 1.000000
tactical_vest
0  5.436500 -4.723419 56.551407  -0.287000 -0.880893 0.376376  0.677843 0.367267 1 4 1.000000
0  5.409713 -5.577918 54.531055  -0.287018 -0.880888 0.376372  0.684754 0.414319 1 4 1.000000
0  5.644750 -5.663447 54.510117  -0.287017 -0.880889 0.376373  0.679707 0.415785 1 4 1.000000
tactical_vest
0  4.988617 4.705713 53.077641  -0.097866 0.991295 -0.088075  0.786568 0.460491 1 4 1.000000
0  5.294288 4.906424 54.997009  -0.097878 0.991294 -0.088073  0.792826 0.418077 1 4 1.000000
0  5.268438 4.732581 53.069115  -0.097864 0.991295 -0.088075  0.792812 0.460567 1 4 1.000000
tactical_vest
0  4.988617 4.705713 53.077641  -0.097866 0.991295 -0.088075  0.786568 0.460491 1 4 1.000000
0  5.014467 4.879553 55.005539  -0.097879 0.991293 -0.088073  0.786583 0.418001 1 4 1.000000
0  5.294288 4.906424 54.997009  -0.097878 0.991294 -0.088073  0.792826 0.418077 1 4 1.000000
tactical_vest
0  -3.687247 5.968603 54.614601  0.826133 -0.558801 0.072425  0.102987 0.957907 1 4 1.000000
0  -3.427490 6.249181 53.816441  0.826133 -0.558801 0.072425  0.113044 0.974106 1 4 1.000000
0  -3.372543 6.429469 54.580711  0.826133 -0.558801 0.072424  0.113044 0.956667 1 4 1.000000
tactical_vest
0  -3.687247 5.968603 54.614601  0.826133 -0.558801 0.072425  0.102987 0.957907 1 4 1.000000
0  -3.742195 5.788311 53.850334  0.826133 -0.558801 0.072426  0.102986 0.975346 1 4 1.000000
0  -3.427490 6.249181 53.816441  0.826133 -0.558801 0.072425  0.113044 0.974106 1 4 1.000000
tactical_vest
0  -4.256896 6.146317 53.859299  -0.848336 0.529234 -0.015417  0.395572 0.968964 1 4 1.000000
0  -3.657900 7.124557 54.479885  -0.855213 0.518205 0.008605  0.412765 0.948819 1 4 1.000000
0  -3.710950 7.123450 53.704842  -0.867501 0.493963 0.058672  0.395572 0.946618 1 4 1.000000
tactical_vest
0  -4.256896 6.146317 53.859299  -0.848336 0.529234 -0.015417  0.395572 0.968964 1 4 1.000000
0  -4.203846 6.325054 54.634346  -0.830069 0.553155 -0.070749  0.413277 0.967236 1 4 1.000000
0  -3.657900 7.124557 54.479885  -0.855213 0.518205 0.008605  0.412765 0.948819 1 4 1.000000
tactical_vest
0  -3.710950 7.123450 53.704842  0.003241 0.999994 -0.001622  0.360982 0.567069 1 4 1.000000
0  0.120307 7.112287 54.479385  0.003208 0.999994 -0.001456  0.343720 0.652574 1 4 1.000000
0  0.120307 7.111181 53.704346  0.003202 0.999994 -0.001427  0.361004 0.652573 1 4 1.000000
tactical_vest
0  -3.710950 7.123450 53.704842  0.003241 0.999994 -0.001622  0.360982 0.567069 1 4 1.000000
0  -3.657900 7.124557 54.479885  0.003247 0.999993 -0.001652  0.343698 0.568253 1 4 1.000000
0  0.120307 7.112287 54.479385  0.003208 0.999994 -0.001456  0.343720 0.652574 1 4 1.000000
tactical_vest
0  -3.687247 5.968603 54.614601  0.269563 0.916095 -0.296826  0.347101 0.664977 1 4 1.000000
0  -4.286414 6.599530 55.093800  0.570738 0.745184 -0.344904  0.361390 0.654914 1 4 1.000000
0  -3.496210 6.054710 55.052074  0.470517 0.807252 -0.356310  0.343698 0.654814 1 4 1.000000
tactical_vest
0  -3.687247 5.968603 54.614601  0.269563 0.916095 -0.296826  0.347101 0.664977 1 4 1.000000
0  -4.203846 6.325054 54.634346  0.638062 0.708331 -0.301902  0.358653 0.665209 1 4 1.000000
0  -4.286414 6.599530 55.093800  0.570738 0.745184 -0.344904  0.361390 0.654914 1 4 1.000000
tactical_vest
0  -4.203846 6.325054 54.634346  0.638062 0.708331 -0.301902  0.358653 0.665209 1 4 1.000000
0  -4.407456 6.193135 53.703884  0.547563 0.795154 -0.260584  0.361390 0.686389 1 4 1.000000
0  -4.286414 6.599530 55.093800  0.570738 0.745184 -0.344904  0.361390 0.654914 1 4 1.000000
tactical_vest
0  -4.203846 6.325054 54.634346  0.638062 0.708331 -0.301902  0.358653 0.665209 1 4 1.000000
0  -4.256896 6.146317 53.859299  0.519082 0.815308 -0.256568  0.358336 0.682689 1 4 1.000000
0  -4.407456 6.193135 53.703884  0.547563 0.795154 -0.260584  0.361390 0.686389 1 4 1.000000
tactical_vest
0  -4.256896 6.146317 53.859299  0.519082 0.815308 -0.256568  0.358336 0.682689 1 4 1.000000
0  -3.619731 5.648077 53.689491  0.539883 0.793157 -0.281830  0.343805 0.685687 1 4 1.000000
0  -4.407456 6.193135 53.703884  0.547563 0.795154 -0.260584  0.361390 0.686389 1 4 1.000000
tactical_vest
0  -4.256896 6.146317 53.859299  0.519082 0.815308 -0.256568  0.358336 0.682689 1 4 1.000000
0  -3.742195 5.788311 53.850334  0.530520 0.800214 -0.279653  0.346847 0.682223 1 4 1.000000
0  -3.619731 5.648077 53.689491  0.539883 0.793157 -0.281830  0.343805 0.685687 1 4 1.000000
tactical_vest
0  -3.742195 5.788311 53.850334  0.530520 0.800214 -0.279653  0.346847 0.682223 1 4 1.000000
0  -3.496210 6.054710 55.052074  0.470517 0.807252 -0.356310  0.343698 0.654814 1 4 1.000000
0  -3.619731 5.648077 53.689491  0.539883 0.793157 -0.281830  0.343805 0.685687 1 4 1.000000
tactical_vest
0  -3.742195 5.788311 53.850334  0.530520 0.800214 -0.279653  0.346847 0.682223 1 4 1.000000
0  -3.687247 5.968603 54.614601  0.269563 0.916095 -0.296826  0.347101 0.664977 1 4 1.000000
0  -3.496210 6.054710 55.052074  0.470517 0.807252 -0.356310  0.343698 0.654814 1 4 1.000000
tactical_vest
0  -5.705541 3.938703 55.285820  -0.882547 0.464486 -0.073240  0.100235 0.957380 1 4 1.000000
0  -4.286414 6.599530 55.093800  -0.882565 0.466409 -0.059514  0.100235 0.897022 1 4 1.000000
0  -4.407456 6.193135 53.703884  -0.885893 0.457884 -0.074400  0.068732 0.904658 1 4 1.000000
tactical_vest
0  -4.760838 5.321605 52.840591  -0.884948 0.458284 -0.082714  0.048225 0.923365 1 4 1.000000
0  -5.705541 3.938703 55.285820  -0.882547 0.464486 -0.073240  0.100235 0.957380 1 4 1.000000
0  -4.407456 6.193135 53.703884  -0.885893 0.457884 -0.074400  0.068732 0.904658 1 4 1.000000
tactical_vest
0  -5.771218 3.438588 52.840679  -0.878824 0.471552 -0.072843  0.045194 0.965937 1 4 1.000000
0  -5.705541 3.938703 55.285820  -0.882547 0.464486 -0.073240  0.100235 0.957380 1 4 1.000000
0  -4.760838 5.321605 52.840591  -0.884948 0.458284 -0.082714  0.048225 0.923365 1 4 1.000000
tactical_vest
0  4.021733 5.437432 59.715836  0.428475 0.903385 0.017453  0.541997 0.253537 1 4 1.000000
0  5.502079 4.727669 60.111259  0.428475 0.903385 0.017453  0.583925 0.269520 1 4 1.000000
0  5.522664 4.725014 59.743301  0.428475 0.903385 0.017453  0.584392 0.267258 1 4 1.000000
tactical_vest
0  -4.407456 6.193135 53.703884  0.379703 0.569512 -0.729028  0.409104 0.798835 1 4 1.000000
0  -4.005545 4.802569 52.826916  0.379236 0.569524 -0.729261  0.387933 0.820372 1 4 1.000000
0  -4.760838 5.321605 52.840591  0.378174 0.569551 -0.729792  0.408179 0.817869 1 4 1.000000
tactical_vest
0  -4.407456 6.193135 53.703884  0.379703 0.569512 -0.729028  0.409104 0.798835 1 4 1.000000
0  -3.619731 5.648077 53.689491  0.380732 0.569484 -0.728513  0.387952 0.801519 1 4 1.000000
0  -4.005545 4.802569 52.826916  0.379236 0.569524 -0.729261  0.387933 0.820372 1 4 1.000000
tactical_vest
0  -3.835474 7.256260 59.294399  0.033734 0.052573 0.998047  0.369490 0.774177 1 4 1.000000
0  -3.166059 6.850447 59.293156  0.033764 0.052573 0.998046  0.371800 0.791493 1 4 1.000000
0  -3.770607 7.336818 59.287964  0.033731 0.052573 0.998047  0.371800 0.774177 1 4 1.000000
tactical_vest
0  -3.835474 7.256260 59.294399  0.033734 0.052573 0.998047  0.369490 0.774177 1 4 1.000000
0  -3.230925 6.769888 59.299591  0.033767 0.052573 0.998046  0.369490 0.791494 1 4 1.000000
0  -3.166059 6.850447 59.293156  0.033764 0.052573 0.998046  0.371800 0.791493 1 4 1.000000
tactical_vest
0  -3.360446 6.579478 55.593288  -0.033689 -0.052573 -0.998049  0.413657 0.876875 1 4 1.000000
0  -3.900050 7.146348 55.581661  -0.033698 -0.052572 -0.998048  0.411345 0.859592 1 4 1.000000
0  -3.295579 6.660038 55.586853  -0.033688 -0.052573 -0.998049  0.411345 0.876877 1 4 1.000000
tactical_vest
0  -3.360446 6.579478 55.593288  -0.033689 -0.052573 -0.998049  0.413657 0.876875 1 4 1.000000
0  -3.964918 7.065787 55.588097  -0.033699 -0.052572 -0.998048  0.413657 0.859590 1 4 1.000000
0  -3.900050 7.146348 55.581661  -0.033698 -0.052572 -0.998048  0.411345 0.859592 1 4 1.000000
tactical_vest
0  -3.166059 6.850447 59.293156  0.626006 0.777463 -0.060564  0.345356 0.688916 1 4 1.000000
0  -3.796427 7.289243 58.410351  0.626007 0.777462 -0.060565  0.358743 0.708687 1 4 1.000000
0  -3.770607 7.336818 59.287964  0.626001 0.777467 -0.060564  0.358851 0.689066 1 4 1.000000
tactical_vest
0  -3.166059 6.850447 59.293156  0.626006 0.777463 -0.060564  0.345356 0.688916 1 4 1.000000
0  -3.191920 6.802797 58.414177  0.626008 0.777461 -0.060565  0.345248 0.708568 1 4 1.000000
0  -3.796427 7.289243 58.410351  0.626007 0.777462 -0.060565  0.358743 0.708687 1 4 1.000000
tactical_vest
0  -3.796427 7.289243 58.410351  0.626007 0.777462 -0.060565  0.358743 0.708687 1 4 1.000000
0  -3.191920 6.802797 58.414177  0.626008 0.777461 -0.060565  0.345248 0.708568 1 4 1.000000
0  -3.222394 6.746646 57.378407  0.626007 0.777463 -0.060560  0.345121 0.731725 1 4 1.000000
tactical_vest
0  -3.796427 7.289243 58.410351  0.626007 0.777462 -0.060565  0.358743 0.708687 1 4 1.000000
0  -3.222394 6.746646 57.378407  0.626007 0.777463 -0.060560  0.345121 0.731725 1 4 1.000000
0  -3.826901 7.233093 57.374588  0.626003 0.777465 -0.060564  0.358616 0.731844 1 4 1.000000
tactical_vest
0  -3.826901 7.233093 57.374588  0.626003 0.777465 -0.060564  0.358616 0.731844 1 4 1.000000
0  -3.222394 6.746646 57.378407  0.626007 0.777463 -0.060560  0.345121 0.731725 1 4 1.000000
0  -3.252791 6.690631 56.344975  0.625896 0.777309 -0.063594  0.344994 0.754830 1 4 1.000000
tactical_vest
0  -3.826901 7.233093 57.374588  0.626003 0.777465 -0.060564  0.358616 0.731844 1 4 1.000000
0  -3.252791 6.690631 56.344975  0.625896 0.777309 -0.063594  0.344994 0.754830 1 4 1.000000
0  -3.857450 7.176807 56.336491  0.625888 0.777310 -0.063656  0.358489 0.755054 1 4 1.000000
tactical_vest
0  -3.857450 7.176807 56.336491  0.625888 0.777310 -0.063656  0.358489 0.755054 1 4 1.000000
0  -3.252791 6.690631 56.344975  0.625896 0.777309 -0.063594  0.344994 0.754830 1 4 1.000000
0  -3.295579 6.660038 55.586853  0.625789 0.777137 -0.066679  0.345358 0.771786 1 4 1.000000
tactical_vest
0  -3.857450 7.176807 56.336491  0.625888 0.777310 -0.063656  0.358489 0.755054 1 4 1.000000
0  -3.295579 6.660038 55.586853  0.625789 0.777137 -0.066679  0.345358 0.771786 1 4 1.000000
0  -3.900050 7.146348 55.581661  0.625787 0.777139 -0.066679  0.358851 0.771936 1 4 1.000000
tactical_vest
0  3.434613 -3.327953 60.101185  -0.964779 -0.254378 0.067037  0.627742 0.368149 1 4 1.000000
0  3.396549 -3.307840 59.672230  -0.965250 -0.250661 0.073900  0.617935 0.374296 1 4 1.000000
0  3.458446 -3.494050 59.849094  -0.965250 -0.250660 0.073900  0.624816 0.375727 1 4 1.000000
tactical_vest
0  3.434613 -3.327953 60.101185  -0.964779 -0.254378 0.067037  0.627742 0.368149 1 4 1.000000
0  3.367739 -3.107052 59.976978  -0.964217 -0.256690 0.066304  0.621472 0.365135 1 4 1.000000
0  3.396549 -3.307840 59.672230  -0.965250 -0.250661 0.073900  0.617935 0.374296 1 4 1.000000
tactical_vest
0  3.355080 -2.907828 60.644909  -0.965587 -0.234376 0.112734  0.633037 0.350407 1 4 1.000000
0  3.367739 -3.107052 59.976978  -0.964217 -0.256690 0.066304  0.621472 0.365135 1 4 1.000000
0  3.434613 -3.327953 60.101185  -0.964779 -0.254378 0.067037  0.627742 0.368149 1 4 1.000000
tactical_vest
0  3.355080 -2.907828 60.644909  -0.965587 -0.234376 0.112734  0.633037 0.350407 1 4 1.000000
0  3.288475 -2.708561 60.492706  -0.965349 -0.233604 0.116323  0.626486 0.348301 1 4 1.000000
0  3.367739 -3.107052 59.976978  -0.964217 -0.256690 0.066304  0.621472 0.365135 1 4 1.000000
tactical_vest
0  3.352642 -2.371910 61.264011  -0.967175 -0.178330 0.181025  0.638387 0.329073 1 4 1.000000
0  3.288475 -2.708561 60.492706  -0.965349 -0.233604 0.116323  0.626486 0.348301 1 4 1.000000
0  3.355080 -2.907828 60.644909  -0.965587 -0.234376 0.112734  0.633037 0.350407 1 4 1.000000
tactical_vest
0  3.352642 -2.371910 61.264011  -0.967175 -0.178330 0.181025  0.638387 0.329073 1 4 1.000000
0  3.286577 -2.200236 61.079929  -0.966530 -0.181382 0.181439  0.631561 0.328066 1 4 1.000000
0  3.288475 -2.708561 60.492706  -0.965349 -0.233604 0.116323  0.626486 0.348301 1 4 1.000000
tactical_vest
0  3.356651 -1.885942 61.686909  -0.962313 -0.176597 0.206804  0.640214 0.311881 1 4 1.000000
0  3.286577 -2.200236 61.079929  -0.966530 -0.181382 0.181439  0.631561 0.328066 1 4 1.000000
0  3.352642 -2.371910 61.264011  -0.967175 -0.178330 0.181025  0.638387 0.329073 1 4 1.000000
tactical_vest
0  3.356651 -1.885942 61.686909  -0.962313 -0.176597 0.206804  0.640214 0.311881 1 4 1.000000
0  3.285983 -1.766195 61.463509  -0.961387 -0.180397 0.207825  0.633313 0.312614 1 4 1.000000
0  3.286577 -2.200236 61.079929  -0.966530 -0.181382 0.181439  0.631561 0.328066 1 4 1.000000
tactical_vest
0  3.346500 -1.367659 62.075279  -0.963847 -0.141567 0.225739  0.640756 0.294495 1 4 1.000000
0  3.285983 -1.766195 61.463509  -0.961387 -0.180397 0.207825  0.633313 0.312614 1 4 1.000000
0  3.356651 -1.885942 61.686909  -0.962313 -0.176597 0.206804  0.640214 0.311881 1 4 1.000000
tactical_vest
0  3.346500 -1.367659 62.075279  -0.963847 -0.141567 0.225739  0.640756 0.294495 1 4 1.000000
0  3.276716 -1.279622 61.832947  -0.963248 -0.149806 0.222961  0.633927 0.296217 1 4 1.000000
0  3.285983 -1.766195 61.463509  -0.961387 -0.180397 0.207825  0.633313 0.312614 1 4 1.000000
tactical_vest
0  3.346024 -0.712415 62.385880  -0.965935 -0.094171 0.241043  0.637511 0.275325 1 4 1.000000
0  3.276716 -1.279622 61.832947  -0.963248 -0.149806 0.222961  0.633927 0.296217 1 4 1.000000
0  3.346500 -1.367659 62.075279  -0.963847 -0.141567 0.225739  0.640756 0.294495 1 4 1.000000
tactical_vest
0  3.346024 -0.712415 62.385880  -0.965935 -0.094171 0.241043  0.637511 0.275325 1 4 1.000000
0  3.276265 -0.658117 62.127544  -0.965755 -0.098231 0.240141  0.630850 0.278035 1 4 1.000000
0  3.276716 -1.279622 61.832947  -0.963248 -0.149806 0.222961  0.633927 0.296217 1 4 1.000000
tactical_vest
0  3.355273 -0.035815 62.642715  -0.967612 -0.055348 0.246301  0.632782 0.256535 1 4 1.000000
0  3.276265 -0.658117 62.127544  -0.965755 -0.098231 0.240141  0.630850 0.278035 1 4 1.000000
0  3.346024 -0.712415 62.385880  -0.965935 -0.094171 0.241043  0.637511 0.275325 1 4 1.000000
tactical_vest
0  3.355273 -0.035815 62.642715  -0.967612 -0.055348 0.246301  0.632782 0.256535 1 4 1.000000
0  3.285037 -0.016358 62.371159  -0.967431 -0.060885 0.245705  0.626364 0.260212 1 4 1.000000
0  3.276265 -0.658117 62.127544  -0.965755 -0.098231 0.240141  0.630850 0.278035 1 4 1.000000
tactical_vest
0  3.366924 0.775877 62.809692  -0.968418 -0.036436 0.246655  0.624014 0.236179 1 4 1.000000
0  3.285037 -0.016358 62.371159  -0.967431 -0.060885 0.245705  0.626364 0.260212 1 4 1.000000
0  3.355273 -0.035815 62.642715  -0.967612 -0.055348 0.246301  0.632782 0.256535 1 4 1.000000
tactical_vest
0  3.366924 0.775877 62.809692  -0.968418 -0.036436 0.246655  0.624014 0.236179 1 4 1.000000
0  3.296070 0.759685 62.528717  -0.968512 -0.036240 0.246317  0.617935 0.240782 1 4 1.000000
0  3.285037 -0.016358 62.371159  -0.967431 -0.060885 0.245705  0.626364 0.260212 1 4 1.000000
tactical_vest
0  3.367739 -3.107052 59.976978  -0.310141 0.745684 -0.589719  0.749310 0.340626 1 4 1.000000
0  4.848811 -3.251071 59.008976  -0.313098 0.744386 -0.589795  0.707980 0.360738 1 4 1.000000
0  3.396549 -3.307840 59.672230  -0.280415 0.789148 -0.546454  0.748115 0.350237 1 4 1.000000
tactical_vest
0  3.367739 -3.107052 59.976978  -0.310141 0.745684 -0.589719  0.749310 0.340626 1 4 1.000000
0  4.880887 -3.018084 59.279602  -0.322264 0.729129 -0.603753  0.707464 0.351134 1 4 1.000000
0  4.848811 -3.251071 59.008976  -0.313098 0.744386 -0.589795  0.707980 0.360738 1 4 1.000000
tactical_vest
0  3.288475 -2.708561 60.492706  -0.328158 0.716661 -0.615393  0.752117 0.323294 1 4 1.000000
0  4.880887 -3.018084 59.279602  -0.322264 0.729129 -0.603753  0.707464 0.351134 1 4 1.000000
0  3.367739 -3.107052 59.976978  -0.310141 0.745684 -0.589719  0.749310 0.340626 1 4 1.000000
tactical_vest
0  3.288475 -2.708561 60.492706  -0.328158 0.716661 -0.615393  0.752117 0.323294 1 4 1.000000
0  4.889113 -2.576018 59.790726  -0.335170 0.708287 -0.621281  0.707892 0.333003 1 4 1.000000
0  4.880887 -3.018084 59.279602  -0.322264 0.729129 -0.603753  0.707464 0.351134 1 4 1.000000
tactical_vest
0  3.286577 -2.200236 61.079929  -0.354364 0.655970 -0.666431  0.752913 0.302466 1 4 1.000000
0  4.889113 -2.576018 59.790726  -0.335170 0.708287 -0.621281  0.707892 0.333003 1 4 1.000000
0  3.288475 -2.708561 60.492706  -0.328158 0.716661 -0.615393  0.752117 0.323294 1 4 1.000000
tactical_vest
0  3.286577 -2.200236 61.079929  -0.354364 0.655970 -0.666431  0.752913 0.302466 1 4 1.000000
0  4.906898 -2.025422 60.380199  -0.349746 0.670277 -0.654527  0.708139 0.311326 1 4 1.000000
0  4.889113 -2.576018 59.790726  -0.335170 0.708287 -0.621281  0.707892 0.333003 1 4 1.000000
tactical_vest
0  3.285983 -1.766195 61.463509  -0.359470 0.591590 -0.721666  0.753357 0.286959 1 4 1.000000
0  4.906898 -2.025422 60.380199  -0.349746 0.670277 -0.654527  0.708139 0.311326 1 4 1.000000
0  3.286577 -2.200236 61.079929  -0.354364 0.655970 -0.666431  0.752913 0.302466 1 4 1.000000
tactical_vest
0  3.285983 -1.766195 61.463509  -0.359470 0.591590 -0.721666  0.753357 0.286959 1 4 1.000000
0  4.929976 -1.485235 60.890079  -0.345500 0.622401 -0.702315  0.708111 0.291378 1 4 1.000000
0  4.906898 -2.025422 60.380199  -0.349746 0.670277 -0.654527  0.708139 0.311326 1 4 1.000000
tactical_vest
0  3.276716 -1.279622 61.832947  -0.347527 0.488812 -0.800180  0.753978 0.270755 1 4 1.000000
0  4.929976 -1.485235 60.890079  -0.345500 0.622401 -0.702315  0.708111 0.291378 1 4 1.000000
0  3.285983 -1.766195 61.463509  -0.359470 0.591590 -0.721666  0.753357 0.286959 1 4 1.000000
tactical_vest
0  3.276716 -1.279622 61.832947  -0.347527 0.488812 -0.800180  0.753978 0.270755 1 4 1.000000
0  4.951704 -0.946217 61.323071  -0.326943 0.538522 -0.776597  0.707983 0.272940 1 4 1.000000
0  4.929976 -1.485235 60.890079  -0.345500 0.622401 -0.702315  0.708111 0.291378 1 4 1.000000
tactical_vest
0  3.276265 -0.658117 62.127544  -0.316475 0.385207 -0.866867  0.754153 0.253476 1 4 1.000000
0  4.951704 -0.946217 61.323071  -0.326943 0.538522 -0.776597  0.707983 0.272940 1 4 1.000000
0  3.276716 -1.279622 61.832947  -0.347527 0.488812 -0.800180  0.753978 0.270755 1 4 1.000000
tactical_vest
0  3.276265 -0.658117 62.127544  -0.316475 0.385207 -0.866867  0.754153 0.253476 1 4 1.000000
0  4.966765 -0.383972 61.663788  -0.290045 0.454623 -0.842135  0.707858 0.255860 1 4 1.000000
0  4.951704 -0.946217 61.323071  -0.326943 0.538522 -0.776597  0.707983 0.272940 1 4 1.000000
tactical_vest
0  3.285037 -0.016358 62.371159  -0.278556 0.283075 -0.917756  0.753980 0.236799 1 4 1.000000
0  4.966765 -0.383972 61.663788  -0.290045 0.454623 -0.842135  0.707858 0.255860 1 4 1.000000
0  3.276265 -0.658117 62.127544  -0.316475 0.385207 -0.866867  0.754153 0.253476 1 4 1.000000
tactical_vest
0  3.285037 -0.016358 62.371159  -0.278556 0.283075 -0.917756  0.753980 0.236799 1 4 1.000000
0  4.977533 0.193504 61.948475  -0.246508 0.359283 -0.900083  0.707741 0.239584 1 4 1.000000
0  4.966765 -0.383972 61.663788  -0.290045 0.454623 -0.842135  0.707858 0.255860 1 4 1.000000
tactical_vest
0  3.296070 0.759685 62.528717  -0.234378 0.134805 -0.962754  0.753517 0.219281 1 4 1.000000
0  4.977533 0.193504 61.948475  -0.246508 0.359283 -0.900083  0.707741 0.239584 1 4 1.000000
0  3.285037 -0.016358 62.371159  -0.278556 0.283075 -0.917756  0.753980 0.236799 1 4 1.000000
tactical_vest
0  3.296070 0.759685 62.528717  -0.234378 0.134805 -0.962754  0.753517 0.219281 1 4 1.000000
0  4.988666 0.786887 62.153549  -0.220469 0.145332 -0.964506  0.707464 0.224551 1 4 1.000000
0  4.977533 0.193504 61.948475  -0.246508 0.359283 -0.900083  0.707741 0.239584 1 4 1.000000
tactical_vest
0  -5.282008 4.882181 54.997093  -0.837285 0.544077 -0.054160  0.769493 0.418775 1 4 1.000000
0  -5.255424 4.730991 53.067303  -0.837285 0.544077 -0.054160  0.762625 0.460719 1 4 1.000000
0  -5.529043 4.306252 53.030476  -0.837285 0.544077 -0.054160  0.756496 0.462646 1 4 1.000000
tactical_vest
0  -3.964918 7.065787 55.588097  0.625795 0.777133 -0.066675  0.083178 0.890120 1 4 1.000000
0  -3.246371 6.474202 55.436905  0.625793 0.777134 -0.066671  0.067013 0.893450 1 4 1.000000
0  -4.096763 7.158359 55.429604  0.625796 0.777132 -0.066676  0.085996 0.893673 1 4 1.000000
tactical_vest
0  -3.964918 7.065787 55.588097  0.625795 0.777133 -0.066675  0.083178 0.890120 1 4 1.000000
0  -3.360446 6.579478 55.593288  0.625795 0.777133 -0.066670  0.069684 0.889961 1 4 1.000000
0  -3.246371 6.474202 55.436905  0.625793 0.777134 -0.066671  0.067013 0.893450 1 4 1.000000
tactical_vest
0  -3.360446 6.579478 55.593288  0.625795 0.777133 -0.066670  0.069684 0.889961 1 4 1.000000
0  -3.194793 6.511080 56.350819  0.625937 0.777274 -0.063623  0.066587 0.873009 1 4 1.000000
0  -3.246371 6.474202 55.436905  0.625793 0.777134 -0.066671  0.067013 0.893450 1 4 1.000000
tactical_vest
0  -3.360446 6.579478 55.593288  0.625795 0.777133 -0.066670  0.069684 0.889961 1 4 1.000000
0  -3.317657 6.610071 56.351410  0.625935 0.777276 -0.063623  0.069331 0.873004 1 4 1.000000
0  -3.194793 6.511080 56.350819  0.625937 0.777274 -0.063623  0.066587 0.873009 1 4 1.000000
tactical_vest
0  -3.317657 6.610071 56.351410  0.625935 0.777276 -0.063623  0.069331 0.873004 1 4 1.000000
0  -3.164319 6.567230 57.386585  0.626010 0.777460 -0.060560  0.066729 0.849852 1 4 1.000000
0  -3.194793 6.511080 56.350819  0.625937 0.777274 -0.063623  0.066587 0.873009 1 4 1.000000
tactical_vest
0  -3.317657 6.610071 56.351410  0.625935 0.777276 -0.063623  0.069331 0.873004 1 4 1.000000
0  -3.287261 6.666086 57.384842  0.626006 0.777463 -0.060559  0.069473 0.849899 1 4 1.000000
0  -3.164319 6.567230 57.386585  0.626010 0.777460 -0.060560  0.066729 0.849852 1 4 1.000000
tactical_vest
0  -3.287261 6.666086 57.384842  0.626006 0.777463 -0.060559  0.069473 0.849899 1 4 1.000000
0  -3.133844 6.623380 58.422352  0.625998 0.777469 -0.060565  0.066871 0.826695 1 4 1.000000
0  -3.164319 6.567230 57.386585  0.626010 0.777460 -0.060560  0.066729 0.849852 1 4 1.000000
tactical_vest
0  -3.287261 6.666086 57.384842  0.626006 0.777463 -0.060559  0.069473 0.849899 1 4 1.000000
0  -3.256787 6.722235 58.420609  0.625998 0.777469 -0.060565  0.069615 0.826742 1 4 1.000000
0  -3.133844 6.623380 58.422352  0.625998 0.777469 -0.060565  0.066871 0.826695 1 4 1.000000
tactical_vest
0  -3.256787 6.722235 58.420609  0.625998 0.777469 -0.060565  0.069615 0.826742 1 4 1.000000
0  -3.103371 6.679530 59.458115  0.626010 0.777460 -0.060567  0.067013 0.803538 1 4 1.000000
0  -3.133844 6.623380 58.422352  0.625998 0.777469 -0.060565  0.066871 0.826695 1 4 1.000000
tactical_vest
0  -3.256787 6.722235 58.420609  0.625998 0.777469 -0.060565  0.069615 0.826742 1 4 1.000000
0  -3.230925 6.769888 59.299591  0.626010 0.777459 -0.060566  0.069735 0.807091 1 4 1.000000
0  -3.103371 6.679530 59.458115  0.626010 0.777460 -0.060567  0.067013 0.803538 1 4 1.000000
tactical_vest
0  -3.230925 6.769888 59.299591  0.626010 0.777459 -0.060566  0.069735 0.807091 1 4 1.000000
0  -3.953762 7.363688 59.450809  0.625992 0.777474 -0.060561  0.085996 0.803761 1 4 1.000000
0  -3.103371 6.679530 59.458115  0.626010 0.777460 -0.060567  0.067013 0.803538 1 4 1.000000
tactical_vest
0  -3.230925 6.769888 59.299591  0.626010 0.777459 -0.060566  0.069735 0.807091 1 4 1.000000
0  -3.835474 7.256260 59.294399  0.625989 0.777477 -0.060559  0.083230 0.807249 1 4 1.000000
0  -3.953762 7.363688 59.450809  0.625992 0.777474 -0.060561  0.085996 0.803761 1 4 1.000000
tactical_vest
0  -3.835474 7.256260 59.294399  0.625989 0.777477 -0.060559  0.083230 0.807249 1 4 1.000000
0  -3.984234 7.307536 58.415043  0.626007 0.777462 -0.060565  0.085854 0.826918 1 4 1.000000
0  -3.953762 7.363688 59.450809  0.625992 0.777474 -0.060561  0.085996 0.803761 1 4 1.000000
tactical_vest
0  -3.835474 7.256260 59.294399  0.625989 0.777477 -0.060559  0.083230 0.807249 1 4 1.000000
0  -3.861294 7.208681 58.416786  0.626007 0.777462 -0.060565  0.083110 0.826871 1 4 1.000000
0  -3.984234 7.307536 58.415043  0.626007 0.777462 -0.060565  0.085854 0.826918 1 4 1.000000
tactical_vest
0  -3.861294 7.208681 58.416786  0.626007 0.777462 -0.060565  0.083110 0.826871 1 4 1.000000
0  -4.014709 7.251388 57.379284  0.626005 0.777464 -0.060565  0.085712 0.850075 1 4 1.000000
0  -3.984234 7.307536 58.415043  0.626007 0.777462 -0.060565  0.085854 0.826918 1 4 1.000000
tactical_vest
0  -3.861294 7.208681 58.416786  0.626007 0.777462 -0.060565  0.083110 0.826871 1 4 1.000000
0  -3.891767 7.152532 57.381023  0.626008 0.777461 -0.060566  0.082968 0.850028 1 4 1.000000
0  -4.014709 7.251388 57.379284  0.626005 0.777464 -0.060565  0.085712 0.850075 1 4 1.000000
tactical_vest
0  -3.891767 7.152532 57.381023  0.626008 0.777461 -0.060566  0.082968 0.850028 1 4 1.000000
0  -4.045183 7.195238 56.343517  0.625940 0.777272 -0.063628  0.085570 0.873232 1 4 1.000000
0  -4.014709 7.251388 57.379284  0.626005 0.777464 -0.060565  0.085712 0.850075 1 4 1.000000
tactical_vest
0  -3.891767 7.152532 57.381023  0.626008 0.777461 -0.060566  0.082968 0.850028 1 4 1.000000
0  -3.922319 7.096246 56.342926  0.625942 0.777270 -0.063628  0.082826 0.873237 1 4 1.000000
0  -4.045183 7.195238 56.343517  0.625940 0.777272 -0.063628  0.085570 0.873232 1 4 1.000000
tactical_vest
0  -3.922319 7.096246 56.342926  0.625942 0.777270 -0.063628  0.082826 0.873237 1 4 1.000000
0  -4.096763 7.158359 55.429604  0.625796 0.777132 -0.066676  0.085996 0.893673 1 4 1.000000
0  -4.045183 7.195238 56.343517  0.625940 0.777272 -0.063628  0.085570 0.873232 1 4 1.000000
tactical_vest
0  -3.922319 7.096246 56.342926  0.625942 0.777270 -0.063628  0.082826 0.873237 1 4 1.000000
0  -3.964918 7.065787 55.588097  0.625795 0.777133 -0.066675  0.083178 0.890120 1 4 1.000000
0  -4.096763 7.158359 55.429604  0.625796 0.777132 -0.066676  0.085996 0.893673 1 4 1.000000
tactical_vest
0  -5.153187 4.203969 60.011715  0.800638 -0.599119 -0.005928  0.145168 0.947451 1 4 1.000000
0  -3.598301 6.281799 59.998238  0.800589 -0.599184 -0.005950  0.142812 0.902137 1 4 1.000000
0  -5.149415 4.207959 60.117699  0.800639 -0.599117 -0.005927  0.142812 0.947588 1 4 1.000000
tactical_vest
0  -5.153187 4.203969 60.011715  0.800638 -0.599119 -0.005928  0.145168 0.947451 1 4 1.000000
0  -3.602075 6.277807 59.892254  0.800587 -0.599186 -0.005951  0.145168 0.901999 1 4 1.000000
0  -3.598301 6.281799 59.998238  0.800589 -0.599184 -0.005950  0.142812 0.902137 1 4 1.000000
tactical_vest
0  -3.602075 6.277807 59.892254  0.627038 0.777278 -0.051604  0.366156 0.963175 1 4 1.000000
0  -4.243933 6.801978 59.987808  0.627071 0.777253 -0.051577  0.363788 0.948810 1 4 1.000000
0  -3.598301 6.281799 59.998238  0.627035 0.777280 -0.051606  0.363788 0.963220 1 4 1.000000
tactical_vest
0  -3.602075 6.277807 59.892254  0.627038 0.777278 -0.051604  0.366156 0.963175 1 4 1.000000
0  -4.247704 6.797987 59.881824  0.627074 0.777250 -0.051575  0.366156 0.948764 1 4 1.000000
0  -4.243933 6.801978 59.987808  0.627071 0.777253 -0.051577  0.363788 0.948810 1 4 1.000000
tactical_vest
0  -4.247704 6.797987 59.881824  -0.816872 0.576772 0.007345  0.110558 0.895930 1 4 1.000000
0  -5.594569 4.887311 60.121006  -0.816893 0.576742 0.007359  0.113044 0.939550 1 4 1.000000
0  -4.243933 6.801978 59.987808  -0.816872 0.576773 0.007344  0.112926 0.895921 1 4 1.000000
tactical_vest
0  -4.247704 6.797987 59.881824  -0.816872 0.576772 0.007345  0.110558 0.895930 1 4 1.000000
0  -5.598341 4.883321 60.015018  -0.816894 0.576741 0.007360  0.110676 0.939558 1 4 1.000000
0  -5.594569 4.887311 60.121006  -0.816893 0.576742 0.007359  0.113044 0.939550 1 4 1.000000
tactical_vest
0  -5.149415 4.207959 60.117699  0.045655 0.034053 0.998377  0.432967 0.625578 1 4 1.000000
0  -4.243933 6.801978 59.987808  0.025463 0.041126 0.998829  0.414474 0.567069 1 4 1.000000
0  -5.594569 4.887311 60.121006  0.054586 0.030917 0.998030  0.415936 0.619383 1 4 1.000000
tactical_vest
0  -5.149415 4.207959 60.117699  0.045655 0.034053 0.998377  0.432967 0.625578 1 4 1.000000
0  -3.598301 6.281799 59.998238  0.018862 0.043434 0.998878  0.432967 0.567746 1 4 1.000000
0  -4.243933 6.801978 59.987808  0.025463 0.041126 0.998829  0.414474 0.567069 1 4 1.000000
tactical_vest
0  -5.153187 4.203969 60.011715  0.041605 0.037090 0.998446  0.399099 0.761464 1 4 1.000000
0  -5.846626 4.755464 60.029461  0.043579 0.031110 0.998565  0.379337 0.761021 1 4 1.000000
0  -5.141886 4.003390 60.018864  0.042113 0.037732 0.998400  0.402007 0.764879 1 4 1.000000
tactical_vest
0  -5.153187 4.203969 60.011715  0.041605 0.037090 0.998446  0.399099 0.761464 1 4 1.000000
0  -5.598341 4.883321 60.015018  0.039412 0.036402 0.998560  0.382023 0.755394 1 4 1.000000
0  -5.846626 4.755464 60.029461  0.043579 0.031110 0.998565  0.379337 0.761021 1 4 1.000000
tactical_vest
0  -5.598341 4.883321 60.015018  0.039412 0.036402 0.998560  0.382023 0.755394 1 4 1.000000
0  -4.273912 6.984929 59.875725  0.030140 0.037031 0.998859  0.377190 0.700120 1 4 1.000000
0  -5.846626 4.755464 60.029461  0.043579 0.031110 0.998565  0.379337 0.761021 1 4 1.000000
tactical_vest
0  -5.598341 4.883321 60.015018  0.039412 0.036402 0.998560  0.382023 0.755394 1 4 1.000000
0  -4.247704 6.797987 59.881824  0.030856 0.037575 0.998817  0.380178 0.703091 1 4 1.000000
0  -4.273912 6.984929 59.875725  0.030140 0.037031 0.998859  0.377190 0.700120 1 4 1.000000
tactical_vest
0  -4.247704 6.797987 59.881824  0.030856 0.037575 0.998817  0.380178 0.703091 1 4 1.000000
0  -3.424163 6.300003 59.885086  0.033269 0.043617 0.998494  0.401538 0.700836 1 4 1.000000
0  -4.273912 6.984929 59.875725  0.030140 0.037031 0.998859  0.377190 0.700120 1 4 1.000000
tactical_vest
0  -4.247704 6.797987 59.881824  0.030856 0.037575 0.998817  0.380178 0.703091 1 4 1.000000
0  -3.602075 6.277807 59.892254  0.034472 0.045813 0.998355  0.398676 0.703633 1 4 1.000000
0  -3.424163 6.300003 59.885086  0.033269 0.043617 0.998494  0.401538 0.700836 1 4 1.000000
tactical_vest
0  -3.602075 6.277807 59.892254  0.034472 0.045813 0.998355  0.398676 0.703633 1 4 1.000000
0  -5.141886 4.003390 60.018864  0.042113 0.037732 0.998400  0.402007 0.764879 1 4 1.000000
0  -3.424163 6.300003 59.885086  0.033269 0.043617 0.998494  0.401538 0.700836 1 4 1.000000
tactical_vest
0  -3.602075 6.277807 59.892254  0.034472 0.045813 0.998355  0.398676 0.703633 1 4 1.000000
0  -5.153187 4.203969 60.011715  0.041605 0.037090 0.998446  0.399099 0.761464 1 4 1.000000
0  -5.141886 4.003390 60.018864  0.042113 0.037732 0.998400  0.402007 0.764879 1 4 1.000000
tactical_vest
0  -3.230925 6.769888 59.299591  0.779270 -0.626592 0.011040  0.367640 0.567069 1 4 1.000000
0  -3.191920 6.802797 58.414177  0.779277 -0.626583 0.011041  0.369345 0.586788 1 4 1.000000
0  -3.166059 6.850447 59.293156  0.779269 -0.626592 0.011040  0.369403 0.567192 1 4 1.000000
tactical_vest
0  -3.230925 6.769888 59.299591  0.779270 -0.626592 0.011040  0.367640 0.567069 1 4 1.000000
0  -3.256787 6.722235 58.420609  0.779277 -0.626583 0.011041  0.367582 0.586665 1 4 1.000000
0  -3.191920 6.802797 58.414177  0.779277 -0.626583 0.011041  0.369345 0.586788 1 4 1.000000
tactical_vest
0  -3.256787 6.722235 58.420609  0.779277 -0.626583 0.011041  0.367582 0.586665 1 4 1.000000
0  -3.222394 6.746646 57.378407  0.779270 -0.626591 0.011041  0.369276 0.609880 1 4 1.000000
0  -3.191920 6.802797 58.414177  0.779277 -0.626583 0.011041  0.369345 0.586788 1 4 1.000000
tactical_vest
0  -3.256787 6.722235 58.420609  0.779277 -0.626583 0.011041  0.367582 0.586665 1 4 1.000000
0  -3.287261 6.666086 57.384842  0.779270 -0.626591 0.011041  0.367513 0.609756 1 4 1.000000
0  -3.222394 6.746646 57.378407  0.779270 -0.626591 0.011041  0.369276 0.609880 1 4 1.000000
tactical_vest
0  -3.287261 6.666086 57.384842  0.779270 -0.626591 0.011041  0.367513 0.609756 1 4 1.000000
0  -3.252791 6.690631 56.344975  0.778740 -0.627336 -0.003751  0.369207 0.632919 1 4 1.000000
0  -3.222394 6.746646 57.378407  0.779270 -0.626591 0.011041  0.369276 0.609880 1 4 1.000000
tactical_vest
0  -3.287261 6.666086 57.384842  0.779270 -0.626591 0.011041  0.367513 0.609756 1 4 1.000000
0  -3.317657 6.610071 56.351410  0.778739 -0.627337 -0.003780  0.367444 0.632796 1 4 1.000000
0  -3.252791 6.690631 56.344975  0.778740 -0.627336 -0.003751  0.369207 0.632919 1 4 1.000000
tactical_vest
0  -3.317657 6.610071 56.351410  0.778739 -0.627337 -0.003780  0.367444 0.632796 1 4 1.000000
0  -3.295579 6.660038 55.586853  0.778033 -0.627949 -0.018572  0.369403 0.649788 1 4 1.000000
0  -3.252791 6.690631 56.344975  0.778740 -0.627336 -0.003751  0.369207 0.632919 1 4 1.000000
tactical_vest
0  -3.317657 6.610071 56.351410  0.778739 -0.627337 -0.003780  0.367444 0.632796 1 4 1.000000
0  -3.360446 6.579478 55.593288  0.778033 -0.627948 -0.018572  0.367640 0.649664 1 4 1.000000
0  -3.295579 6.660038 55.586853  0.778033 -0.627949 -0.018572  0.369403 0.649788 1 4 1.000000
tactical_vest
0  3.778182 5.788311 53.850334  0.037994 -0.107374 -0.993493  0.238117 0.810347 1 4 1.000000
0  3.746939 7.123450 53.704842  0.012884 -0.119232 -0.992783  0.268092 0.810949 1 4 1.000000
0  4.292886 6.146316 53.859299  0.090825 -0.105782 -0.990233  0.246007 0.798835 1 4 1.000000
tactical_vest
0  3.778182 5.788311 53.850334  0.037994 -0.107374 -0.993493  0.238117 0.810347 1 4 1.000000
0  3.463478 6.249180 53.816444  -0.028673 -0.117409 -0.992670  0.248448 0.817337 1 4 1.000000
0  3.746939 7.123450 53.704842  0.012884 -0.119232 -0.992783  0.268092 0.810949 1 4 1.000000
tactical_vest
0  3.463478 6.249180 53.816444  -0.028673 -0.117409 -0.992670  0.248448 0.817337 1 4 1.000000
0  -0.084319 7.111180 53.704346  0.000569 -0.126651 -0.991947  0.268092 0.896454 1 4 1.000000
0  3.746939 7.123450 53.704842  0.012884 -0.119232 -0.992783  0.268092 0.810949 1 4 1.000000
tactical_vest
0  3.463478 6.249180 53.816444  -0.028673 -0.117409 -0.992670  0.248448 0.817337 1 4 1.000000
0  -0.084319 6.236909 53.815948  0.000576 -0.126625 -0.991950  0.248428 0.896516 1 4 1.000000
0  -0.084319 7.111180 53.704346  0.000569 -0.126651 -0.991947  0.268092 0.896454 1 4 1.000000
tactical_vest
0  5.089202 3.449363 55.688663  -0.077266 -0.266978 -0.960600  0.042718 0.891524 1 4 1.000000
0  5.187175 3.266363 55.731667  -0.257143 -0.364788 -0.894878  0.042954 0.896219 1 4 1.000000
0  3.506927 6.085210 55.061771  0.042874 -0.206754 -0.977453  0.042593 0.821939 1 4 1.000000
tactical_vest
0  5.741529 3.938703 55.285820  -0.126844 -0.295765 -0.946802  0.024183 0.888783 1 4 1.000000
0  5.187175 3.266363 55.731667  -0.257143 -0.364788 -0.894878  0.042954 0.896219 1 4 1.000000
0  5.089202 3.449363 55.688663  -0.077266 -0.266978 -0.960600  0.042718 0.891524 1 4 1.000000
tactical_vest
0  5.741529 3.938703 55.285820  -0.126844 -0.295765 -0.946802  0.024183 0.888783 1 4 1.000000
0  5.882613 3.916106 55.275093  -0.122316 -0.300537 -0.945894  0.021715 0.890796 1 4 1.000000
0  5.187175 3.266363 55.731667  -0.257143 -0.364788 -0.894878  0.042954 0.896219 1 4 1.000000
tactical_vest
0  4.322402 6.599530 55.093800  0.007659 -0.236483 -0.971605  0.021154 0.821440 1 4 1.000000
0  5.882613 3.916106 55.275093  -0.122316 -0.300537 -0.945894  0.021715 0.890796 1 4 1.000000
0  5.741529 3.938703 55.285820  -0.126844 -0.295765 -0.946802  0.024183 0.888783 1 4 1.000000
tactical_vest
0  4.322402 6.599530 55.093800  0.007659 -0.236483 -0.971605  0.021154 0.821440 1 4 1.000000
0  4.356678 6.770140 55.052406  0.010865 -0.237828 -0.971247  0.018519 0.818487 1 4 1.000000
0  5.882613 3.916106 55.275093  -0.122316 -0.300537 -0.945894  0.021715 0.890796 1 4 1.000000
tactical_vest
0  3.532199 6.054710 55.052074  0.238095 -0.273901 -0.931820  0.042441 0.822789 1 4 1.000000
0  4.356678 6.770140 55.052406  0.010865 -0.237828 -0.971247  0.018519 0.818487 1 4 1.000000
0  4.322402 6.599530 55.093800  0.007659 -0.236483 -0.971605  0.021154 0.821440 1 4 1.000000
tactical_vest
0  3.871462 7.256257 59.294395  -0.033728 0.052546 0.998049  0.367249 0.774177 1 4 1.000000
0  3.202047 6.850447 59.293156  -0.033697 0.052571 0.998048  0.364939 0.791493 1 4 1.000000
0  3.266915 6.769886 59.299591  -0.033694 0.052574 0.998048  0.367249 0.791494 1 4 1.000000
tactical_vest
0  3.871462 7.256257 59.294395  -0.033728 0.052546 0.998049  0.367249 0.774177 1 4 1.000000
0  3.806595 7.336818 59.287964  -0.033731 0.052544 0.998049  0.364939 0.774177 1 4 1.000000
0  3.202047 6.850447 59.293156  -0.033697 0.052571 0.998048  0.364939 0.791493 1 4 1.000000
tactical_vest
0  3.396435 6.579479 55.593288  0.033695 -0.052576 -0.998048  0.383563 0.672099 1 4 1.000000
0  3.936039 7.146348 55.581657  0.033764 -0.052576 -0.998046  0.385875 0.654817 1 4 1.000000
0  4.000907 7.065789 55.588093  0.033771 -0.052576 -0.998046  0.383563 0.654814 1 4 1.000000
tactical_vest
0  3.396435 6.579479 55.593288  0.033695 -0.052576 -0.998048  0.383563 0.672099 1 4 1.000000
0  3.331568 6.660038 55.586853  0.033688 -0.052576 -0.998049  0.385875 0.672102 1 4 1.000000
0  3.936039 7.146348 55.581657  0.033764 -0.052576 -0.998046  0.385875 0.654817 1 4 1.000000
tactical_vest
0  3.893439 7.176807 56.336487  -0.625890 0.777309 -0.063656  0.361454 0.755054 1 4 1.000000
0  3.936039 7.146348 55.581657  -0.625796 0.777132 -0.066678  0.361092 0.771936 1 4 1.000000
0  3.331568 6.660038 55.586853  -0.625791 0.777135 -0.066679  0.374585 0.771786 1 4 1.000000
tactical_vest
0  3.893439 7.176807 56.336487  -0.625890 0.777309 -0.063656  0.361454 0.755054 1 4 1.000000
0  3.331568 6.660038 55.586853  -0.625791 0.777135 -0.066679  0.374585 0.771786 1 4 1.000000
0  3.288779 6.690631 56.344975  -0.625894 0.777311 -0.063595  0.374949 0.754830 1 4 1.000000
tactical_vest
0  3.862890 7.233092 57.374588  -0.626002 0.777466 -0.060563  0.361327 0.731844 1 4 1.000000
0  3.893439 7.176807 56.336487  -0.625890 0.777309 -0.063656  0.361454 0.755054 1 4 1.000000
0  3.288779 6.690631 56.344975  -0.625894 0.777311 -0.063595  0.374949 0.754830 1 4 1.000000
tactical_vest
0  3.862890 7.233092 57.374588  -0.626002 0.777466 -0.060563  0.361327 0.731844 1 4 1.000000
0  3.288779 6.690631 56.344975  -0.625894 0.777311 -0.063595  0.374949 0.754830 1 4 1.000000
0  3.258382 6.746646 57.378407  -0.626006 0.777463 -0.060559  0.374822 0.731725 1 4 1.000000
tactical_vest
0  3.832416 7.289241 58.410351  -0.626005 0.777464 -0.060565  0.361199 0.708687 1 4 1.000000
0  3.862890 7.233092 57.374588  -0.626002 0.777466 -0.060563  0.361327 0.731844 1 4 1.000000
0  3.258382 6.746646 57.378407  -0.626006 0.777463 -0.060559  0.374822 0.731725 1 4 1.000000
tactical_vest
0  3.832416 7.289241 58.410351  -0.626005 0.777464 -0.060565  0.361199 0.708687 1 4 1.000000
0  3.258382 6.746646 57.378407  -0.626006 0.777463 -0.060559  0.374822 0.731725 1 4 1.000000
0  3.227908 6.802796 58.414173  -0.626005 0.777464 -0.060566  0.374695 0.708568 1 4 1.000000
tactical_vest
0  3.202047 6.850447 59.293156  -0.626003 0.777465 -0.060566  0.374587 0.688916 1 4 1.000000
0  3.832416 7.289241 58.410351  -0.626005 0.777464 -0.060565  0.361199 0.708687 1 4 1.000000
0  3.227908 6.802796 58.414173  -0.626005 0.777464 -0.060566  0.374695 0.708568 1 4 1.000000
tactical_vest
0  3.202047 6.850447 59.293156  -0.626003 0.777465 -0.060566  0.374587 0.688916 1 4 1.000000
0  3.806595 7.336818 59.287964  -0.626002 0.777466 -0.060566  0.361092 0.689066 1 4 1.000000
0  3.832416 7.289241 58.410351  -0.626005 0.777464 -0.060565  0.361199 0.708687 1 4 1.000000
tactical_vest
0  5.014467 4.879553 55.005539  -0.840406 -0.538644 0.059838  0.536015 0.031445 1 4 1.000000
0  4.988617 4.705713 53.077641  -0.840406 -0.538644 0.059838  0.578884 0.028193 1 4 1.000000
0  5.263083 4.278027 53.082516  -0.840406 -0.538644 0.059838  0.580329 0.038181 1 4 1.000000
tactical_vest
0  5.189177 4.203969 60.011711  -0.800628 -0.599132 -0.005948  0.105961 0.941373 1 4 1.000000
0  3.634290 6.281797 59.998238  -0.800607 -0.599160 -0.005965  0.108317 0.896059 1 4 1.000000
0  3.638063 6.277809 59.892254  -0.800607 -0.599161 -0.005965  0.105961 0.895921 1 4 1.000000
tactical_vest
0  5.189177 4.203969 60.011711  -0.800628 -0.599132 -0.005948  0.105961 0.941373 1 4 1.000000
0  5.185403 4.207959 60.117699  -0.800629 -0.599131 -0.005948  0.108317 0.941510 1 4 1.000000
0  3.634290 6.281797 59.998238  -0.800607 -0.599160 -0.005965  0.108317 0.896059 1 4 1.000000
tactical_vest
0  3.638063 6.277809 59.892254  -0.627062 0.777260 -0.051575  0.415898 0.874001 1 4 1.000000
0  4.279923 6.801980 59.987808  -0.627073 0.777250 -0.051598  0.418266 0.859636 1 4 1.000000
0  4.283695 6.797987 59.881824  -0.627074 0.777249 -0.051601  0.415898 0.859590 1 4 1.000000
tactical_vest
0  3.638063 6.277809 59.892254  -0.627062 0.777260 -0.051575  0.415898 0.874001 1 4 1.000000
0  3.634290 6.281797 59.998238  -0.627062 0.777261 -0.051572  0.418266 0.874046 1 4 1.000000
0  4.279923 6.801980 59.987808  -0.627073 0.777250 -0.051598  0.418266 0.859636 1 4 1.000000
tactical_vest
0  4.283695 6.797987 59.881824  0.816891 0.576745 0.007348  0.366274 0.888026 1 4 1.000000
0  5.630558 4.887311 60.121006  0.816884 0.576755 0.007363  0.363788 0.931646 1 4 1.000000
0  5.634330 4.883322 60.015018  0.816884 0.576755 0.007364  0.366156 0.931655 1 4 1.000000
tactical_vest
0  4.283695 6.797987 59.881824  0.816891 0.576745 0.007348  0.366274 0.888026 1 4 1.000000
0  4.279923 6.801980 59.987808  0.816892 0.576744 0.007348  0.363906 0.888018 1 4 1.000000
0  5.630558 4.887311 60.121006  0.816884 0.576755 0.007363  0.363788 0.931646 1 4 1.000000
tactical_vest
0  5.185403 4.207959 60.117699  -0.045666 0.034053 0.998376  0.412351 0.938763 1 4 1.000000
0  4.279923 6.801980 59.987808  -0.025461 0.041126 0.998830  0.430844 0.880254 1 4 1.000000
0  3.634290 6.281797 59.998238  -0.018855 0.043434 0.998878  0.412351 0.880930 1 4 1.000000
tactical_vest
0  5.185403 4.207959 60.117699  -0.045666 0.034053 0.998376  0.412351 0.938763 1 4 1.000000
0  5.630558 4.887311 60.121006  -0.054603 0.030916 0.998029  0.429382 0.932568 1 4 1.000000
0  4.279923 6.801980 59.987808  -0.025461 0.041126 0.998830  0.430844 0.880254 1 4 1.000000
tactical_vest
0  5.882614 4.577499 56.451065  0.842780 0.508161 -0.177469  0.193081 0.769543 1 4 1.000000
0  5.882613 3.916106 55.275093  0.862161 0.441585 -0.248358  0.179708 0.796472 1 4 1.000000
0  4.356678 6.770140 55.052406  0.847508 0.528865 -0.045072  0.244470 0.796594 1 4 1.000000
tactical_vest
0  4.356678 6.770140 55.052406  0.847508 0.528865 -0.045072  0.244470 0.796594 1 4 1.000000
0  4.081172 7.195240 56.343513  0.816682 0.576568 -0.024500  0.252610 0.767078 1 4 1.000000
0  5.882614 4.577499 56.451065  0.842780 0.508161 -0.177469  0.193081 0.769543 1 4 1.000000
tactical_vest
0  4.081172 7.195240 56.343513  0.816682 0.576568 -0.024500  0.252610 0.767078 1 4 1.000000
0  5.882614 4.911859 57.679707  0.802139 0.593318 -0.067422  0.199106 0.741811 1 4 1.000000
0  5.882614 4.577499 56.451065  0.842780 0.508161 -0.177469  0.193081 0.769543 1 4 1.000000
tactical_vest
0  4.081172 7.195240 56.343513  0.816682 0.576568 -0.024500  0.252610 0.767078 1 4 1.000000
0  4.050698 7.251388 57.379284  0.787960 0.615643 -0.010160  0.252679 0.743922 1 4 1.000000
0  5.882614 4.911859 57.679707  0.802139 0.593318 -0.067422  0.199106 0.741811 1 4 1.000000
tactical_vest
0  4.050698 7.251388 57.379284  0.787960 0.615643 -0.010160  0.252679 0.743922 1 4 1.000000
0  5.882614 4.930267 58.822216  0.798534 0.601406 0.025588  0.198192 0.716353 1 4 1.000000
0  5.882614 4.911859 57.679707  0.802139 0.593318 -0.067422  0.199106 0.741811 1 4 1.000000
tactical_vest
0  4.050698 7.251388 57.379284  0.787960 0.615643 -0.010160  0.252679 0.743922 1 4 1.000000
0  4.020226 7.307537 58.415043  0.786343 0.617626 -0.014236  0.252748 0.720766 1 4 1.000000
0  5.882614 4.930267 58.822216  0.798534 0.601406 0.025588  0.198192 0.716353 1 4 1.000000
tactical_vest
0  5.882614 4.930267 58.822216  0.798534 0.601406 0.025588  0.198192 0.716353 1 4 1.000000
0  4.020226 7.307537 58.415043  0.786343 0.617626 -0.014236  0.252748 0.720766 1 4 1.000000
0  4.309902 6.984929 59.875721  0.789363 0.613927 -0.000051  0.243693 0.688916 1 4 1.000000
tactical_vest
0  4.020226 7.307537 58.415043  0.786343 0.617626 -0.014236  0.252748 0.720766 1 4 1.000000
0  3.989751 7.363688 59.450809  0.770217 0.637671 -0.011908  0.252817 0.697610 1 4 1.000000
0  4.309902 6.984929 59.875721  0.789363 0.613927 -0.000051  0.243693 0.688916 1 4 1.000000
tactical_vest
0  4.309902 6.984929 59.875721  0.789363 0.613927 -0.000051  0.243693 0.688916 1 4 1.000000
0  5.882615 4.755463 60.029465  0.811546 0.578258 0.083728  0.192898 0.689673 1 4 1.000000
0  5.882614 4.930267 58.822216  0.798534 0.601406 0.025588  0.198192 0.716353 1 4 1.000000
tactical_vest
0  4.356678 6.770140 55.052406  0.847508 0.528865 -0.045072  0.244470 0.796594 1 4 1.000000
0  4.132752 7.158359 55.429604  0.878299 0.477150 0.030315  0.252817 0.787521 1 4 1.000000
0  4.081172 7.195240 56.343513  0.816682 0.576568 -0.024500  0.252610 0.767078 1 4 1.000000
tactical_vest
0  -2.498973 -7.843592 54.516155  0.782048 -0.359205 -0.509287  0.040333 0.514409 1 4 1.000000
0  -2.671901 -7.295259 54.039104  0.547072 -0.364885 -0.753373  0.047286 0.504873 1 4 1.000000
0  -2.358486 -7.328966 54.368912  0.776437 -0.359958 -0.517278  0.048151 0.514251 1 4 1.000000
tactical_vest
0  -2.498973 -7.843592 54.516155  0.782048 -0.359205 -0.509287  0.040333 0.514409 1 4 1.000000
0  -2.812386 -7.809882 54.186344  0.562602 -0.365719 -0.741437  0.039468 0.505031 1 4 1.000000
0  -2.671901 -7.295259 54.039104  0.547072 -0.364885 -0.753373  0.047286 0.504873 1 4 1.000000
tactical_vest
0  -2.835664 -7.250540 53.931122  0.311533 -0.339017 -0.887702  0.046944 0.499980 1 4 1.000000
0  -2.671901 -7.295259 54.039104  0.547072 -0.364885 -0.753373  0.047286 0.504873 1 4 1.000000
0  -2.812386 -7.809882 54.186344  0.562602 -0.365719 -0.741437  0.039468 0.505031 1 4 1.000000
tactical_vest
0  -2.835664 -7.250540 53.931122  0.311533 -0.339017 -0.887702  0.046944 0.499980 1 4 1.000000
0  -2.812386 -7.809882 54.186344  0.562602 -0.365719 -0.741437  0.039468 0.505031 1 4 1.000000
0  -2.976151 -7.765166 54.078362  0.337819 -0.342999 -0.876487  0.039126 0.500138 1 4 1.000000
tactical_vest
0  -3.036216 -7.169883 53.860352  0.049715 -0.287251 -0.956564  0.046630 0.493996 1 4 1.000000
0  -2.835664 -7.250540 53.931122  0.311533 -0.339017 -0.887702  0.046944 0.499980 1 4 1.000000
0  -2.976151 -7.765166 54.078362  0.337819 -0.342999 -0.876487  0.039126 0.500138 1 4 1.000000
tactical_vest
0  -3.036216 -7.169883 53.860352  0.049715 -0.287251 -0.956564  0.046630 0.493996 1 4 1.000000
0  -2.976151 -7.765166 54.078362  0.337819 -0.342999 -0.876487  0.039126 0.500138 1 4 1.000000
0  -3.176702 -7.684507 54.007591  0.084726 -0.295397 -0.951610  0.038812 0.494154 1 4 1.000000
tactical_vest
0  -3.858467 -7.329403 53.959087  -0.091978 -0.250618 -0.963707  0.038070 0.473833 1 4 1.000000
0  -3.036216 -7.169883 53.860352  0.049715 -0.287251 -0.956564  0.046630 0.493996 1 4 1.000000
0  -3.176702 -7.684507 54.007591  0.084726 -0.295397 -0.951610  0.038812 0.494154 1 4 1.000000
tactical_vest
0  -3.858467 -7.329403 53.959087  -0.091978 -0.250618 -0.963707  0.038070 0.473833 1 4 1.000000
0  -3.717980 -6.814779 53.811848  -0.100267 -0.248291 -0.963482  0.045888 0.473675 1 4 1.000000
0  -3.036216 -7.169883 53.860352  0.049715 -0.287251 -0.956564  0.046630 0.493996 1 4 1.000000
tactical_vest
0  -4.792777 -6.841900 53.959793  -0.188435 -0.222256 -0.956606  0.036567 0.446323 1 4 1.000000
0  -3.717980 -6.814779 53.811848  -0.100267 -0.248291 -0.963482  0.045888 0.473675 1 4 1.000000
0  -3.858467 -7.329403 53.959087  -0.091978 -0.250618 -0.963707  0.038070 0.473833 1 4 1.000000
tactical_vest
0  -4.792777 -6.841900 53.959793  -0.188435 -0.222256 -0.956606  0.036567 0.446323 1 4 1.000000
0  -4.652292 -6.327274 53.812553  -0.220358 -0.212239 -0.952049  0.044385 0.446165 1 4 1.000000
0  -3.717980 -6.814779 53.811848  -0.100267 -0.248291 -0.963482  0.045888 0.473675 1 4 1.000000
tactical_vest
0  -5.413163 -6.276522 54.031582  -0.283287 -0.191537 -0.939714  0.040333 0.425522 1 4 1.000000
0  -4.652292 -6.327274 53.812553  -0.220358 -0.212239 -0.952049  0.044385 0.446165 1 4 1.000000
0  -4.792777 -6.841900 53.959793  -0.188435 -0.222256 -0.956606  0.036567 0.446323 1 4 1.000000
tactical_vest
0  -5.413163 -6.276522 54.031582  -0.283287 -0.191537 -0.939714  0.040333 0.425522 1 4 1.000000
0  -5.272676 -5.761895 53.884335  -0.283284 -0.191541 -0.939714  0.048151 0.425365 1 4 1.000000
0  -4.652292 -6.327274 53.812553  -0.220358 -0.212239 -0.952049  0.044385 0.446165 1 4 1.000000
tactical_vest
0  -5.053212 3.449361 55.688663  0.861191 -0.502971 0.073284  0.342076 0.881082 1 4 1.000000
0  -3.496210 6.054710 55.052074  0.823417 -0.536967 -0.183441  0.342353 0.812347 1 4 1.000000
0  -3.470937 6.085210 55.061771  0.777026 -0.542470 -0.319307  0.342200 0.811497 1 4 1.000000
tactical_vest
0  -1.597570 -6.005789 58.551548  -0.372526 -0.768379 0.520402  0.023869 0.100466 1 4 1.000000
0  -1.706003 -5.312103 59.500183  -0.375358 -0.763933 0.524893  0.025149 0.069372 1 4 1.000000
0  -3.840123 -4.557797 59.071861  -0.394546 -0.723893 0.565961  0.076412 0.068174 1 4 1.000000
tactical_vest
0  -3.840123 -4.557797 59.071861  -0.394546 -0.723893 0.565961  0.076412 0.068174 1 4 1.000000
0  -1.706003 -5.312103 59.500183  -0.375358 -0.763933 0.524893  0.025149 0.069372 1 4 1.000000
0  -1.902382 -4.811556 60.073956  -0.379388 -0.748333 0.544117  0.028946 0.049433 1 4 1.000000
tactical_vest
0  -1.902382 -4.811556 60.073956  -0.379388 -0.748333 0.544117  0.028946 0.049433 1 4 1.000000
0  -2.293912 -4.430738 60.303596  -0.393308 -0.722749 0.568281  0.037765 0.038916 1 4 1.000000
0  -3.840123 -4.557797 59.071861  -0.394546 -0.723893 0.565961  0.076412 0.068174 1 4 1.000000
tactical_vest
0  -2.293912 -4.430738 60.303596  -0.393308 -0.722749 0.568281  0.037765 0.038916 1 4 1.000000
0  -3.769412 -3.653852 60.193802  -0.418084 -0.694323 0.585765  0.072328 0.030462 1 4 1.000000
0  -3.840123 -4.557797 59.071861  -0.394546 -0.723893 0.565961  0.076412 0.068174 1 4 1.000000
tactical_vest
0  -3.840123 -4.557797 59.071861  -0.394546 -0.723893 0.565961  0.076412 0.068174 1 4 1.000000
0  -3.769412 -3.653852 60.193802  -0.418084 -0.694323 0.585765  0.072328 0.030462 1 4 1.000000
0  -5.309488 -2.881585 59.991150  -0.484113 -0.676085 0.555468  0.108424 0.024186 1 4 1.000000
tactical_vest
0  -5.309488 -2.881585 59.991150  -0.484113 -0.676085 0.555468  0.108424 0.024186 1 4 1.000000
0  -5.934378 -2.618499 59.755951  -0.479039 -0.782873 0.397030  0.123023 0.025849 1 4 1.000000
0  -6.123779 -2.629593 59.505554  -0.503024 -0.728078 0.465692  0.127547 0.031693 1 4 1.000000
tactical_vest
0  -3.176702 -7.684507 54.007591  -0.442812 -0.844464 0.301328  0.064591 0.226809 1 4 1.000000
0  -2.976151 -7.765166 54.078362  -0.452624 -0.821743 0.346222  0.059879 0.226337 1 4 1.000000
0  -2.812386 -7.809882 54.186344  -0.452633 -0.821768 0.346151  0.056024 0.224510 1 4 1.000000
tactical_vest
0  -2.812386 -7.809882 54.186344  -0.452633 -0.821768 0.346151  0.056024 0.224510 1 4 1.000000
0  -2.498973 -7.843592 54.516155  -0.417930 -0.851008 0.317992  0.048629 0.217477 1 4 1.000000
0  -3.176702 -7.684507 54.007591  -0.442812 -0.844464 0.301328  0.064591 0.226809 1 4 1.000000
tactical_vest
0  -3.822070 -6.711311 55.836098  -0.425780 -0.811066 0.401102  0.080206 0.171256 1 4 1.000000
0  -3.176702 -7.684507 54.007591  -0.442812 -0.844464 0.301328  0.064591 0.226809 1 4 1.000000
0  -2.498973 -7.843592 54.516155  -0.417930 -0.851008 0.317992  0.048629 0.217477 1 4 1.000000
tactical_vest
0  -2.498973 -7.843592 54.516155  -0.417930 -0.851008 0.317992  0.048629 0.217477 1 4 1.000000
0  -1.884233 -7.619005 55.843555  -0.398999 -0.848978 0.346463  0.034010 0.184095 1 4 1.000000
0  -3.822070 -6.711311 55.836098  -0.425780 -0.811066 0.401102  0.080206 0.171256 1 4 1.000000
tactical_vest
0  -1.884233 -7.619005 55.843555  -0.398999 -0.848978 0.346463  0.034010 0.184095 1 4 1.000000
0  -1.844114 -7.435708 56.317951  -0.401752 -0.796987 0.451006  0.032977 0.170715 1 4 1.000000
0  -3.822070 -6.711311 55.836098  -0.425780 -0.811066 0.401102  0.080206 0.171256 1 4 1.000000
tactical_vest
0  -1.597570 -6.005789 58.551548  -0.372526 -0.768379 0.520402  0.023869 0.100466 1 4 1.000000
0  -3.822070 -6.711311 55.836098  -0.425780 -0.811066 0.401102  0.080206 0.171256 1 4 1.000000
0  -1.844114 -7.435708 56.317951  -0.401752 -0.796987 0.451006  0.032977 0.170715 1 4 1.000000
tactical_vest
0  -1.597570 -6.005789 58.551548  -0.372526 -0.768379 0.520402  0.023869 0.100466 1 4 1.000000
0  -3.883401 -5.303584 58.039124  -0.385053 -0.765298 0.515804  0.079186 0.101792 1 4 1.000000
0  -3.822070 -6.711311 55.836098  -0.425780 -0.811066 0.401102  0.080206 0.171256 1 4 1.000000
tactical_vest
0  -1.597570 -6.005789 58.551548  -0.372526 -0.768379 0.520402  0.023869 0.100466 1 4 1.000000
0  -3.840123 -4.557797 59.071861  -0.394546 -0.723893 0.565961  0.076412 0.068174 1 4 1.000000
0  -3.883401 -5.303584 58.039124  -0.385053 -0.765298 0.515804  0.079186 0.101792 1 4 1.000000
tactical_vest
0  -3.883401 -5.303584 58.039124  -0.385053 -0.765298 0.515804  0.079186 0.101792 1 4 1.000000
0  -3.840123 -4.557797 59.071861  -0.394546 -0.723893 0.565961  0.076412 0.068174 1 4 1.000000
0  -5.314429 -4.088930 58.617428  -0.502625 -0.678520 0.535704  0.111778 0.071711 1 4 1.000000
tactical_vest
0  -3.840123 -4.557797 59.071861  -0.394546 -0.723893 0.565961  0.076412 0.068174 1 4 1.000000
0  -5.309488 -2.881585 59.991150  -0.484113 -0.676085 0.555468  0.108424 0.024186 1 4 1.000000
0  -5.314429 -4.088930 58.617428  -0.502625 -0.678520 0.535704  0.111778 0.071711 1 4 1.000000
tactical_vest
0  -5.314429 -4.088930 58.617428  -0.502625 -0.678520 0.535704  0.111778 0.071711 1 4 1.000000
0  -5.309488 -2.881585 59.991150  -0.484113 -0.676085 0.555468  0.108424 0.024186 1 4 1.000000
0  -6.286271 -2.792505 59.090771  -0.564158 -0.646247 0.513897  0.131789 0.043338 1 4 1.000000
tactical_vest
0  -6.123779 -2.629593 59.505554  -0.503024 -0.728078 0.465692  0.127547 0.031693 1 4 1.000000
0  -6.286271 -2.792505 59.090771  -0.564158 -0.646247 0.513897  0.131789 0.043338 1 4 1.000000
0  -5.309488 -2.881585 59.991150  -0.484113 -0.676085 0.555468  0.108424 0.024186 1 4 1.000000
tactical_vest
0  -6.309108 -3.306205 58.392654  -0.615616 -0.634258 0.467691  0.133543 0.066191 1 4 1.000000
0  -5.314429 -4.088930 58.617428  -0.502625 -0.678520 0.535704  0.111778 0.071711 1 4 1.000000
0  -6.286271 -2.792505 59.090771  -0.564158 -0.646247 0.513897  0.131789 0.043338 1 4 1.000000
tactical_vest
0  -5.349177 -4.838942 57.550056  -0.532340 -0.716378 0.451018  0.114284 0.106196 1 4 1.000000
0  -5.314429 -4.088930 58.617428  -0.502625 -0.678520 0.535704  0.111778 0.071711 1 4 1.000000
0  -6.309108 -3.306205 58.392654  -0.615616 -0.634258 0.467691  0.133543 0.066191 1 4 1.000000
tactical_vest
0  -3.883401 -5.303584 58.039124  -0.385053 -0.765298 0.515804  0.079186 0.101792 1 4 1.000000
0  -5.314429 -4.088930 58.617428  -0.502625 -0.678520 0.535704  0.111778 0.071711 1 4 1.000000
0  -5.349177 -4.838942 57.550056  -0.532340 -0.716378 0.451018  0.114284 0.106196 1 4 1.000000
tactical_vest
0  -3.883401 -5.303584 58.039124  -0.385053 -0.765298 0.515804  0.079186 0.101792 1 4 1.000000
0  -5.349177 -4.838942 57.550056  -0.532340 -0.716378 0.451018  0.114284 0.106196 1 4 1.000000
0  -5.072658 -6.202823 55.439289  -0.534267 -0.778543 0.329287  0.109650 0.173095 1 4 1.000000
tactical_vest
0  -3.883401 -5.303584 58.039124  -0.385053 -0.765298 0.515804  0.079186 0.101792 1 4 1.000000
0  -5.072658 -6.202823 55.439289  -0.534267 -0.778543 0.329287  0.109650 0.173095 1 4 1.000000
0  -3.822070 -6.711311 55.836098  -0.425780 -0.811066 0.401102  0.080206 0.171256 1 4 1.000000
tactical_vest
0  -3.822070 -6.711311 55.836098  -0.425780 -0.811066 0.401102  0.080206 0.171256 1 4 1.000000
0  -5.072658 -6.202823 55.439289  -0.534267 -0.778543 0.329287  0.109650 0.173095 1 4 1.000000
0  -4.792777 -6.841900 53.959793  -0.519840 -0.815067 0.255798  0.102625 0.215969 1 4 1.000000
tactical_vest
0  -3.822070 -6.711311 55.836098  -0.425780 -0.811066 0.401102  0.080206 0.171256 1 4 1.000000
0  -4.792777 -6.841900 53.959793  -0.519840 -0.815067 0.255798  0.102625 0.215969 1 4 1.000000
0  -3.858467 -7.329403 53.959087  -0.451217 -0.845003 0.287006  0.080584 0.222901 1 4 1.000000
tactical_vest
0  -3.822070 -6.711311 55.836098  -0.425780 -0.811066 0.401102  0.080206 0.171256 1 4 1.000000
0  -3.858467 -7.329403 53.959087  -0.451217 -0.845003 0.287006  0.080584 0.222901 1 4 1.000000
0  -3.176702 -7.684507 54.007591  -0.442812 -0.844464 0.301328  0.064591 0.226809 1 4 1.000000
tactical_vest
0  -5.349177 -4.838942 57.550056  -0.532340 -0.716378 0.451018  0.114284 0.106196 1 4 1.000000
0  -6.309108 -3.306205 58.392654  -0.615616 -0.634258 0.467691  0.133543 0.066191 1 4 1.000000
0  -6.246231 -4.055774 57.349232  -0.652170 -0.644779 0.398666  0.133543 0.100180 1 4 1.000000
tactical_vest
0  -1.706003 -5.312103 59.500183  0.921833 -0.171333 0.347663  0.154536 0.184253 1 4 1.000000
0  -1.758374 -4.280535 59.914967  0.905871 -0.117619 0.406896  0.134964 0.196094 1 4 1.000000
0  -1.902382 -4.811556 60.073956  0.902207 -0.120692 0.414073  0.134823 0.188562 1 4 1.000000
tactical_vest
0  -1.706003 -5.312103 59.500183  0.921833 -0.171333 0.347663  0.154536 0.184253 1 4 1.000000
0  -1.484834 -4.900568 59.111305  0.929274 -0.176166 0.324679  0.161536 0.191949 1 4 1.000000
0  -1.758374 -4.280535 59.914967  0.905871 -0.117619 0.406896  0.134964 0.196094 1 4 1.000000
tactical_vest
0  -1.597570 -6.005789 58.551548  0.963272 -0.236768 0.126681  0.185506 0.180243 1 4 1.000000
0  -1.484834 -4.900568 59.111305  0.929274 -0.176166 0.324679  0.161536 0.191949 1 4 1.000000
0  -1.706003 -5.312103 59.500183  0.921833 -0.171333 0.347663  0.154536 0.184253 1 4 1.000000
tactical_vest
0  -1.597570 -6.005789 58.551548  0.963272 -0.236768 0.126681  0.185506 0.180243 1 4 1.000000
0  -1.457083 -5.491164 58.404305  0.964130 -0.221232 0.146664  0.185585 0.187242 1 4 1.000000
0  -1.484834 -4.900568 59.111305  0.929274 -0.176166 0.324679  0.161536 0.191949 1 4 1.000000
tactical_vest
0  -1.844114 -7.435708 56.317951  0.966534 -0.254408 0.033004  0.256038 0.175526 1 4 1.000000
0  -1.457083 -5.491164 58.404305  0.964130 -0.221232 0.146664  0.185585 0.187242 1 4 1.000000
0  -1.597570 -6.005789 58.551548  0.963272 -0.236768 0.126681  0.185506 0.180243 1 4 1.000000
tactical_vest
0  -1.844114 -7.435708 56.317951  0.966534 -0.254408 0.033004  0.256038 0.175526 1 4 1.000000
0  -1.703628 -6.921081 56.170712  0.966697 -0.253159 0.037530  0.256116 0.182525 1 4 1.000000
0  -1.457083 -5.491164 58.404305  0.964130 -0.221232 0.146664  0.185585 0.187242 1 4 1.000000
tactical_vest
0  -1.884233 -7.619005 55.843555  0.935961 -0.305562 -0.174953  0.269469 0.177334 1 4 1.000000
0  -1.703628 -6.921081 56.170712  0.966697 -0.253159 0.037530  0.256116 0.182525 1 4 1.000000
0  -1.844114 -7.435708 56.317951  0.966534 -0.254408 0.033004  0.256038 0.175526 1 4 1.000000
tactical_vest
0  -1.884233 -7.619005 55.843555  0.935961 -0.305562 -0.174953  0.269469 0.177334 1 4 1.000000
0  -1.743747 -7.104379 55.696312  0.939367 -0.302593 -0.161326  0.269548 0.184332 1 4 1.000000
0  -1.703628 -6.921081 56.170712  0.966697 -0.253159 0.037530  0.256116 0.182525 1 4 1.000000
tactical_vest
0  -2.358486 -7.328966 54.368912  0.776437 -0.359958 -0.517278  0.303652 0.196094 1 4 1.000000
0  -1.743747 -7.104379 55.696312  0.939367 -0.302593 -0.161326  0.269548 0.184332 1 4 1.000000
0  -1.884233 -7.619005 55.843555  0.935961 -0.305562 -0.174953  0.269469 0.177334 1 4 1.000000
tactical_vest
0  -2.358486 -7.328966 54.368912  0.776437 -0.359958 -0.517278  0.303652 0.196094 1 4 1.000000
0  -1.884233 -7.619005 55.843555  0.935961 -0.305562 -0.174953  0.269469 0.177334 1 4 1.000000
0  -2.498973 -7.843592 54.516155  0.782048 -0.359205 -0.509287  0.303574 0.189095 1 4 1.000000
tactical_vest
0  -3.401690 -3.547878 59.886120  0.269322 -0.707650 -0.653221  0.897098 0.204584 1 4 1.000000
0  -4.792057 -3.302248 59.046772  0.263781 -0.715906 -0.646450  0.891784 0.165205 1 4 1.000000
0  -3.339794 -3.361113 59.709839  0.269940 -0.706719 -0.653973  0.890515 0.204789 1 4 1.000000
tactical_vest
0  -3.401690 -3.547878 59.886120  0.269322 -0.707650 -0.653221  0.897098 0.204584 1 4 1.000000
0  -4.839808 -3.451865 59.193508  0.263018 -0.717032 -0.645513  0.897098 0.165099 1 4 1.000000
0  -4.792057 -3.302248 59.046772  0.263781 -0.715906 -0.646450  0.891784 0.165205 1 4 1.000000
tactical_vest
0  -5.465908 4.671476 59.806293  0.044833 -0.005768 -0.998978  0.811039 0.420741 1 4 1.000000
0  -3.954546 5.193439 59.871101  0.168926 -0.375956 -0.911110  0.803700 0.378956 1 4 1.000000
0  -5.422852 4.365895 59.800827  0.034972 0.022800 -0.999128  0.803700 0.423160 1 4 1.000000
tactical_vest
0  -5.465908 4.671476 59.806293  0.044833 -0.005768 -0.998978  0.811039 0.420741 1 4 1.000000
0  -3.964976 5.383979 59.781078  0.180623 -0.412059 -0.893075  0.808849 0.376628 1 4 1.000000
0  -3.954546 5.193439 59.871101  0.168926 -0.375956 -0.911110  0.803700 0.378956 1 4 1.000000
tactical_vest
0  2.058065 -7.569746 54.528652  0.752466 -0.036799 -0.657602  0.213684 0.223916 1 4 1.000000
0  2.156437 -6.971498 54.607735  0.752457 -0.036795 -0.657613  0.205530 0.220888 1 4 1.000000
0  2.156436 -7.232045 54.622318  0.752488 -0.036809 -0.657576  0.212476 0.220888 1 4 1.000000
tactical_vest
0  2.058065 -7.569746 54.528652  0.752466 -0.036799 -0.657602  0.213684 0.223916 1 4 1.000000
0  2.058065 -7.022289 54.498024  0.752450 -0.036791 -0.657621  0.206739 0.223916 1 4 1.000000
0  2.156437 -6.971498 54.607735  0.752457 -0.036795 -0.657613  0.205530 0.220888 1 4 1.000000
tactical_vest
0  2.155500 -6.958570 54.669735  0.165180 -0.055093 -0.984724  0.167562 0.225712 1 4 1.000000
0  2.700971 -6.999114 54.763504  0.165185 -0.055095 -0.984722  0.153692 0.220858 1 4 1.000000
0  2.155500 -7.506028 54.700363  0.165177 -0.055091 -0.984724  0.169007 0.219222 1 4 1.000000
tactical_vest
0  2.155500 -6.958570 54.669735  0.165180 -0.055093 -0.984724  0.167562 0.225712 1 4 1.000000
0  2.700971 -6.804261 54.752602  0.165190 -0.055097 -0.984722  0.152612 0.225712 1 4 1.000000
0  2.700971 -6.999114 54.763504  0.165185 -0.055095 -0.984722  0.153692 0.220858 1 4 1.000000
tactical_vest
0  2.159025 -3.984497 59.650810  0.100824 0.035390 0.994275  0.334126 0.357390 1 4 1.000000
0  0.661167 -4.852042 59.833569  0.092401 0.035458 0.995090  0.373979 0.373469 1 4 1.000000
0  2.156112 -4.567337 59.671852  0.100821 0.035392 0.994275  0.334265 0.364989 1 4 1.000000
tactical_vest
0  2.159025 -3.984497 59.650810  0.100824 0.035390 0.994275  0.334126 0.357390 1 4 1.000000
0  0.664079 -4.269206 59.812531  0.090067 0.039536 0.995151  0.373841 0.365869 1 4 1.000000
0  0.661167 -4.852042 59.833569  0.092401 0.035458 0.995090  0.373979 0.373469 1 4 1.000000
tactical_vest
0  0.664079 -4.269206 59.812531  0.090067 0.039536 0.995151  0.373841 0.365869 1 4 1.000000
0  -0.029373 -4.919659 59.895279  0.000000 0.046874 0.998901  0.392320 0.375656 1 4 1.000000
0  0.661167 -4.852042 59.833569  0.092401 0.035458 0.995090  0.373979 0.373469 1 4 1.000000
tactical_vest
0  0.664079 -4.269206 59.812531  0.090067 0.039536 0.995151  0.373841 0.365869 1 4 1.000000
0  -0.029373 -4.337195 59.862698  -0.000000 0.055850 0.998439  0.392267 0.367980 1 4 1.000000
0  -0.029373 -4.919659 59.895279  0.000000 0.046874 0.998901  0.392320 0.375656 1 4 1.000000
tactical_vest
0  -0.722825 -4.269205 59.812531  -0.090062 0.039536 0.995151  0.410740 0.365869 1 4 1.000000
0  -0.029373 -4.919659 59.895279  0.000000 0.046874 0.998901  0.392320 0.375656 1 4 1.000000
0  -0.029373 -4.337195 59.862698  -0.000000 0.055850 0.998439  0.392267 0.367980 1 4 1.000000
tactical_vest
0  -0.722825 -4.269205 59.812531  -0.090062 0.039536 0.995151  0.410740 0.365869 1 4 1.000000
0  -0.719912 -4.852042 59.833569  -0.092398 0.035458 0.995091  0.410724 0.373469 1 4 1.000000
0  -0.029373 -4.919659 59.895279  0.000000 0.046874 0.998901  0.392320 0.375656 1 4 1.000000
tactical_vest
0  -2.217771 -3.984500 59.650803  -0.100822 0.035395 0.994275  0.450573 0.357390 1 4 1.000000
0  -0.719912 -4.852042 59.833569  -0.092398 0.035458 0.995091  0.410724 0.373469 1 4 1.000000
0  -0.722825 -4.269205 59.812531  -0.090062 0.039536 0.995151  0.410740 0.365869 1 4 1.000000
tactical_vest
0  -2.217771 -3.984500 59.650803  -0.100822 0.035395 0.994275  0.450573 0.357390 1 4 1.000000
0  -2.214858 -4.567337 59.671848  -0.100821 0.035398 0.994275  0.450556 0.364989 1 4 1.000000
0  -0.719912 -4.852042 59.833569  -0.092398 0.035458 0.995091  0.410724 0.373469 1 4 1.000000
tactical_vest
0  -3.954546 5.193439 59.871101  0.283179 -0.692617 -0.663393  0.970620 0.348619 1 4 1.000000
0  -3.817281 5.064827 60.063976  0.281460 -0.748511 -0.600426  0.967811 0.344414 1 4 1.000000
0  -5.384505 4.453426 60.033272  0.336128 -0.840199 -0.425540  0.964353 0.387504 1 4 1.000000
tactical_vest
0  2.683421 -6.561954 55.914665  0.312559 0.053067 0.948415  0.170287 0.219222 1 4 1.000000
0  2.133880 -7.142214 56.128235  0.312553 0.053067 0.948417  0.186653 0.224109 1 4 1.000000
0  2.683421 -6.756806 55.925568  0.312567 0.053066 0.948412  0.171634 0.224100 1 4 1.000000
tactical_vest
0  2.683421 -6.561954 55.914665  0.312559 0.053067 0.948415  0.170287 0.219222 1 4 1.000000
0  2.133881 -6.660079 56.101257  0.312549 0.053067 0.948418  0.185303 0.219222 1 4 1.000000
0  2.133880 -7.142214 56.128235  0.312553 0.053067 0.948417  0.186653 0.224109 1 4 1.000000
tactical_vest
0  2.700971 -6.804261 54.752602  0.999896 0.000806 0.014393  0.049432 0.456950 1 4 1.000000
0  2.692494 -6.981847 55.351429  0.999889 0.000832 0.014872  0.057312 0.442315 1 4 1.000000
0  2.700971 -6.999114 54.763504  0.999896 0.000806 0.014393  0.054568 0.457723 1 4 1.000000
tactical_vest
0  2.700971 -6.804261 54.752602  0.999896 0.000806 0.014393  0.049432 0.456950 1 4 1.000000
0  2.692494 -6.786994 55.340530  0.999888 0.000838 0.014972  0.052176 0.441541 1 4 1.000000
0  2.692494 -6.981847 55.351429  0.999889 0.000832 0.014872  0.057312 0.442315 1 4 1.000000
tactical_vest
0  2.692494 -6.786994 55.340530  0.999888 0.000838 0.014972  0.052176 0.441541 1 4 1.000000
0  2.683421 -6.756806 55.925568  0.999880 0.000865 0.015462  0.054568 0.426138 1 4 1.000000
0  2.692494 -6.981847 55.351429  0.999889 0.000832 0.014872  0.057312 0.442315 1 4 1.000000
tactical_vest
0  2.692494 -6.786994 55.340530  0.999888 0.000838 0.014972  0.052176 0.441541 1 4 1.000000
0  2.683421 -6.561954 55.914665  0.999880 0.000866 0.015462  0.049432 0.425365 1 4 1.000000
0  2.683421 -6.756806 55.925568  0.999880 0.000865 0.015462  0.054568 0.426138 1 4 1.000000
tactical_vest
0  2.133881 -6.660079 56.101257  0.999995 -0.000180 -0.003184  0.452434 0.356109 1 4 1.000000
0  2.136053 -6.684018 56.784843  0.999995 -0.000172 -0.003064  0.434034 0.351004 1 4 1.000000
0  2.133880 -7.142214 56.128235  0.999995 -0.000181 -0.003184  0.455329 0.351785 1 4 1.000000
tactical_vest
0  2.133881 -6.660079 56.101257  0.999995 -0.000180 -0.003184  0.452434 0.356109 1 4 1.000000
0  2.136053 -6.210058 56.758327  0.999996 -0.000509 -0.002835  0.431260 0.355147 1 4 1.000000
0  2.136053 -6.684018 56.784843  0.999995 -0.000172 -0.003064  0.434034 0.351004 1 4 1.000000
tactical_vest
0  2.136053 -6.210058 56.758327  0.999996 -0.000509 -0.002835  0.431260 0.355147 1 4 1.000000
0  2.140908 -5.667104 58.443806  0.999982 -0.004422 -0.003985  0.382485 0.346039 1 4 1.000000
0  2.136053 -6.684018 56.784843  0.999995 -0.000172 -0.003064  0.434034 0.351004 1 4 1.000000
tactical_vest
0  2.136053 -6.210058 56.758327  0.999996 -0.000509 -0.002835  0.431260 0.355147 1 4 1.000000
0  2.142802 -5.186095 58.343864  0.999972 -0.005042 -0.005587  0.381158 0.351509 1 4 1.000000
0  2.140908 -5.667104 58.443806  0.999982 -0.004422 -0.003985  0.382485 0.346039 1 4 1.000000
tactical_vest
0  2.142802 -5.186095 58.343864  0.999972 -0.005042 -0.005587  0.381158 0.351509 1 4 1.000000
0  2.150939 -5.033089 59.259159  0.999957 -0.005279 -0.007650  0.354996 0.346452 1 4 1.000000
0  2.140908 -5.667104 58.443806  0.999982 -0.004422 -0.003985  0.382485 0.346039 1 4 1.000000
tactical_vest
0  2.142802 -5.186095 58.343864  0.999972 -0.005042 -0.005587  0.381158 0.351509 1 4 1.000000
0  2.153507 -4.470001 59.210442  0.999961 -0.005207 -0.007114  0.351265 0.352845 1 4 1.000000
0  2.150939 -5.033089 59.259159  0.999957 -0.005279 -0.007650  0.354996 0.346452 1 4 1.000000
tactical_vest
0  2.153507 -4.470001 59.210442  0.999961 -0.005207 -0.007114  0.351265 0.352845 1 4 1.000000
0  2.156112 -4.567337 59.671852  0.999964 -0.005198 -0.006742  0.338762 0.349739 1 4 1.000000
0  2.150939 -5.033089 59.259159  0.999957 -0.005279 -0.007650  0.354996 0.346452 1 4 1.000000
tactical_vest
0  2.153507 -4.470001 59.210442  0.999961 -0.005207 -0.007114  0.351265 0.352845 1 4 1.000000
0  2.159025 -3.984497 59.650810  0.999964 -0.005241 -0.006751  0.334126 0.356109 1 4 1.000000
0  2.156112 -4.567337 59.671852  0.999964 -0.005198 -0.006742  0.338762 0.349739 1 4 1.000000
tactical_vest
0  0.641554 -7.591432 56.303379  0.192310 -0.869279 0.455380  0.452434 0.252477 1 4 1.000000
0  -0.029373 -7.631846 56.338428  -0.000001 -0.886218 0.463269  0.451945 0.234690 1 4 1.000000
0  -0.029373 -7.787661 55.939465  -0.000001 -0.962629 0.270825  0.463241 0.234866 1 4 1.000000
tactical_vest
0  0.643727 -7.133235 56.959995  0.202528 -0.809055 0.551736  0.431234 0.253180 1 4 1.000000
0  -0.029373 -7.631846 56.338428  -0.000001 -0.886218 0.463269  0.451945 0.234690 1 4 1.000000
0  0.641554 -7.591432 56.303379  0.192310 -0.869279 0.455380  0.452434 0.252477 1 4 1.000000
tactical_vest
0  0.643727 -7.133235 56.959995  0.202528 -0.809055 0.551736  0.431234 0.253180 1 4 1.000000
0  -0.029373 -7.215758 56.997395  -0.000004 -0.829005 0.559241  0.431235 0.235136 1 4 1.000000
0  -0.029373 -7.631846 56.338428  -0.000001 -0.886218 0.463269  0.451945 0.234690 1 4 1.000000
tactical_vest
0  0.645907 -5.958457 58.605675  0.144726 -0.791922 0.593224  0.377758 0.254979 1 4 1.000000
0  -0.029373 -7.215758 56.997395  -0.000004 -0.829005 0.559241  0.431235 0.235136 1 4 1.000000
0  0.643727 -7.133235 56.959995  0.202528 -0.809055 0.551736  0.431234 0.253180 1 4 1.000000
tactical_vest
0  0.645907 -5.958457 58.605675  0.144726 -0.791922 0.593224  0.377758 0.254979 1 4 1.000000
0  -0.029373 -5.966939 58.665237  -0.000000 -0.798782 0.601621  0.376285 0.237171 1 4 1.000000
0  -0.029373 -7.215758 56.997395  -0.000004 -0.829005 0.559241  0.431235 0.235136 1 4 1.000000
tactical_vest
0  -0.700300 -7.591432 56.303379  -0.192310 -0.869279 0.455380  0.452041 0.217435 1 4 1.000000
0  -0.705280 -7.738930 55.905468  -0.194240 -0.947013 0.255806  0.463203 0.217517 1 4 1.000000
0  -0.029373 -7.787661 55.939465  -0.000001 -0.962629 0.270825  0.463241 0.234866 1 4 1.000000
tactical_vest
0  -0.700300 -7.591432 56.303379  -0.192310 -0.869279 0.455380  0.452041 0.217435 1 4 1.000000
0  -0.029373 -7.787661 55.939465  -0.000001 -0.962629 0.270825  0.463241 0.234866 1 4 1.000000
0  -0.029373 -7.631846 56.338428  -0.000001 -0.886218 0.463269  0.451945 0.234690 1 4 1.000000
tactical_vest
0  -0.702473 -7.133233 56.959991  -0.202531 -0.809054 0.551737  0.430840 0.218025 1 4 1.000000
0  -0.700300 -7.591432 56.303379  -0.192310 -0.869279 0.455380  0.452041 0.217435 1 4 1.000000
0  -0.029373 -7.631846 56.338428  -0.000001 -0.886218 0.463269  0.451945 0.234690 1 4 1.000000
tactical_vest
0  -0.702473 -7.133233 56.959991  -0.202531 -0.809054 0.551737  0.430840 0.218025 1 4 1.000000
0  -0.029373 -7.631846 56.338428  -0.000001 -0.886218 0.463269  0.451945 0.234690 1 4 1.000000
0  -0.029373 -7.215758 56.997395  -0.000004 -0.829005 0.559241  0.431235 0.235136 1 4 1.000000
tactical_vest
0  -0.704653 -5.958457 58.605675  -0.144725 -0.791922 0.593223  0.377364 0.219710 1 4 1.000000
0  -0.702473 -7.133233 56.959991  -0.202531 -0.809054 0.551737  0.430840 0.218025 1 4 1.000000
0  -0.029373 -7.215758 56.997395  -0.000004 -0.829005 0.559241  0.431235 0.235136 1 4 1.000000
tactical_vest
0  -0.704653 -5.958457 58.605675  -0.144725 -0.791922 0.593223  0.377364 0.219710 1 4 1.000000
0  -0.029373 -7.215758 56.997395  -0.000004 -0.829005 0.559241  0.431235 0.235136 1 4 1.000000
0  -0.029373 -5.966939 58.665237  -0.000000 -0.798782 0.601621  0.376285 0.237171 1 4 1.000000
tactical_vest
0  -0.704653 -5.958457 58.605675  -0.144725 -0.791922 0.593223  0.377364 0.219710 1 4 1.000000
0  -0.029373 -5.966939 58.665237  -0.000000 -0.798782 0.601621  0.376285 0.237171 1 4 1.000000
0  -0.029373 -5.369071 59.454750  0.000001 -0.747746 0.663985  0.350187 0.238165 1 4 1.000000
tactical_vest
0  0.645907 -5.958457 58.605675  0.144726 -0.791922 0.593224  0.377758 0.254979 1 4 1.000000
0  -0.029373 -5.369071 59.454750  0.000001 -0.747746 0.663985  0.350187 0.238165 1 4 1.000000
0  -0.029373 -5.966939 58.665237  -0.000000 -0.798782 0.601621  0.376285 0.237171 1 4 1.000000
tactical_vest
0  0.645907 -5.958457 58.605675  0.144726 -0.791922 0.593224  0.377758 0.254979 1 4 1.000000
0  0.655975 -5.320057 59.420925  0.153493 -0.724820 0.671622  0.350540 0.256366 1 4 1.000000
0  -0.029373 -5.369071 59.454750  0.000001 -0.747746 0.663985  0.350187 0.238165 1 4 1.000000
tactical_vest
0  -2.198957 -7.305105 55.725243  -0.460559 -0.850730 0.253266  0.461346 0.180924 1 4 1.000000
0  -2.214245 -7.506027 54.700363  -0.640258 -0.768132 -0.006573  0.487779 0.181898 1 4 1.000000
0  -0.717181 -7.901221 54.893341  -0.183796 -0.970026 0.158961  0.488841 0.218729 1 4 1.000000
tactical_vest
0  -2.198957 -7.305105 55.725243  -0.460559 -0.850730 0.253266  0.461346 0.180924 1 4 1.000000
0  -0.717181 -7.901221 54.893341  -0.183796 -0.970026 0.158961  0.488841 0.218729 1 4 1.000000
0  -0.705280 -7.738930 55.905468  -0.194240 -0.947013 0.255806  0.463203 0.217517 1 4 1.000000
tactical_vest
0  -0.705280 -7.738930 55.905468  -0.194240 -0.947013 0.255806  0.463203 0.217517 1 4 1.000000
0  -0.717181 -7.901221 54.893341  -0.183796 -0.970026 0.158961  0.488841 0.218729 1 4 1.000000
0  -0.029373 -7.970798 54.924706  -0.000002 -0.991342 0.131302  0.489213 0.236298 1 4 1.000000
tactical_vest
0  -0.705280 -7.738930 55.905468  -0.194240 -0.947013 0.255806  0.463203 0.217517 1 4 1.000000
0  -0.029373 -7.970798 54.924706  -0.000002 -0.991342 0.131302  0.489213 0.236298 1 4 1.000000
0  -0.029373 -7.787661 55.939465  -0.000001 -0.962629 0.270825  0.463241 0.234866 1 4 1.000000
tactical_vest
0  0.646535 -7.738931 55.905468  0.194237 -0.947013 0.255808  0.463598 0.252819 1 4 1.000000
0  -0.029373 -7.787661 55.939465  -0.000001 -0.962629 0.270825  0.463241 0.234866 1 4 1.000000
0  -0.029373 -7.970798 54.924706  -0.000002 -0.991342 0.131302  0.489213 0.236298 1 4 1.000000
tactical_vest
0  0.641554 -7.591432 56.303379  0.192310 -0.869279 0.455380  0.452434 0.252477 1 4 1.000000
0  -0.029373 -7.787661 55.939465  -0.000001 -0.962629 0.270825  0.463241 0.234866 1 4 1.000000
0  0.646535 -7.738931 55.905468  0.194237 -0.947013 0.255808  0.463598 0.252819 1 4 1.000000
tactical_vest
0  2.133880 -7.142214 56.128235  0.410390 -0.813607 0.411855  0.451132 0.293923 1 4 1.000000
0  0.641554 -7.591432 56.303379  0.192310 -0.869279 0.455380  0.452434 0.252477 1 4 1.000000
0  0.646535 -7.738931 55.905468  0.194237 -0.947013 0.255808  0.463598 0.252819 1 4 1.000000
tactical_vest
0  2.136053 -6.684018 56.784843  0.301552 -0.798814 0.520540  0.429933 0.294625 1 4 1.000000
0  0.641554 -7.591432 56.303379  0.192310 -0.869279 0.455380  0.452434 0.252477 1 4 1.000000
0  2.133880 -7.142214 56.128235  0.410390 -0.813607 0.411855  0.451132 0.293923 1 4 1.000000
tactical_vest
0  2.136053 -6.684018 56.784843  0.301552 -0.798814 0.520540  0.429933 0.294625 1 4 1.000000
0  0.643727 -7.133235 56.959995  0.202528 -0.809055 0.551736  0.431234 0.253180 1 4 1.000000
0  0.641554 -7.591432 56.303379  0.192310 -0.869279 0.455380  0.452434 0.252477 1 4 1.000000
tactical_vest
0  2.140908 -5.667104 58.443806  0.234018 -0.788226 0.569153  0.378191 0.295733 1 4 1.000000
0  0.643727 -7.133235 56.959995  0.202528 -0.809055 0.551736  0.431234 0.253180 1 4 1.000000
0  2.136053 -6.684018 56.784843  0.301552 -0.798814 0.520540  0.429933 0.294625 1 4 1.000000
tactical_vest
0  2.140908 -5.667104 58.443806  0.234018 -0.788226 0.569153  0.378191 0.295733 1 4 1.000000
0  0.645907 -5.958457 58.605675  0.144726 -0.791922 0.593224  0.377758 0.254979 1 4 1.000000
0  0.643727 -7.133235 56.959995  0.202528 -0.809055 0.551736  0.431234 0.253180 1 4 1.000000
tactical_vest
0  0.645907 -5.958457 58.605675  0.144726 -0.791922 0.593224  0.377758 0.254979 1 4 1.000000
0  2.140908 -5.667104 58.443806  0.234018 -0.788226 0.569153  0.378191 0.295733 1 4 1.000000
0  2.150939 -5.033089 59.259159  0.209843 -0.711646 0.670467  0.351027 0.297099 1 4 1.000000
tactical_vest
0  0.645907 -5.958457 58.605675  0.144726 -0.791922 0.593224  0.377758 0.254979 1 4 1.000000
0  2.150939 -5.033089 59.259159  0.209843 -0.711646 0.670467  0.351027 0.297099 1 4 1.000000
0  0.655975 -5.320057 59.420925  0.153493 -0.724820 0.671622  0.350540 0.256366 1 4 1.000000
tactical_vest
0  0.655975 -5.320057 59.420925  0.153493 -0.724820 0.671622  0.350540 0.256366 1 4 1.000000
0  2.150939 -5.033089 59.259159  0.209843 -0.711646 0.670467  0.351027 0.297099 1 4 1.000000
0  2.156112 -4.567337 59.671852  0.203746 -0.650091 0.732031  0.335404 0.298463 1 4 1.000000
tactical_vest
0  0.655975 -5.320057 59.420925  0.153493 -0.724820 0.671622  0.350540 0.256366 1 4 1.000000
0  2.156112 -4.567337 59.671852  0.203746 -0.650091 0.732031  0.335404 0.298463 1 4 1.000000
0  0.661167 -4.852042 59.833569  0.168034 -0.652987 0.738494  0.334889 0.257741 1 4 1.000000
tactical_vest
0  0.655975 -5.320057 59.420925  0.153493 -0.724820 0.671622  0.350540 0.256366 1 4 1.000000
0  0.661167 -4.852042 59.833569  0.168034 -0.652987 0.738494  0.334889 0.257741 1 4 1.000000
0  -0.029373 -4.919659 59.895279  0.000002 -0.682541 0.730847  0.334126 0.239256 1 4 1.000000
tactical_vest
0  0.655975 -5.320057 59.420925  0.153493 -0.724820 0.671622  0.350540 0.256366 1 4 1.000000
0  -0.029373 -4.919659 59.895279  0.000002 -0.682541 0.730847  0.334126 0.239256 1 4 1.000000
0  -0.029373 -5.369071 59.454750  0.000001 -0.747746 0.663985  0.350187 0.238165 1 4 1.000000
tactical_vest
0  -0.714720 -5.320058 59.420929  -0.153494 -0.724820 0.671622  0.350139 0.220571 1 4 1.000000
0  -0.029373 -5.369071 59.454750  0.000001 -0.747746 0.663985  0.350187 0.238165 1 4 1.000000
0  -0.029373 -4.919659 59.895279  0.000002 -0.682541 0.730847  0.334126 0.239256 1 4 1.000000
tactical_vest
0  -0.714720 -5.320058 59.420929  -0.153494 -0.724820 0.671622  0.350139 0.220571 1 4 1.000000
0  -2.214858 -4.567337 59.671848  -0.203749 -0.650089 0.732032  0.334126 0.184317 1 4 1.000000
0  -2.209685 -5.033090 59.259155  -0.209845 -0.711646 0.670466  0.349752 0.183223 1 4 1.000000
tactical_vest
0  -0.714720 -5.320058 59.420929  -0.153494 -0.724820 0.671622  0.350139 0.220571 1 4 1.000000
0  -0.719912 -4.852042 59.833569  -0.168037 -0.652981 0.738498  0.334485 0.221675 1 4 1.000000
0  -2.214858 -4.567337 59.671848  -0.203749 -0.650089 0.732032  0.334126 0.184317 1 4 1.000000
tactical_vest
0  -0.714720 -5.320058 59.420929  -0.153494 -0.724820 0.671622  0.350139 0.220571 1 4 1.000000
0  -0.029373 -4.919659 59.895279  0.000002 -0.682541 0.730847  0.334126 0.239256 1 4 1.000000
0  -0.719912 -4.852042 59.833569  -0.168037 -0.652981 0.738498  0.334485 0.221675 1 4 1.000000
tactical_vest
0  2.133880 -7.142214 56.128235  0.410390 -0.813607 0.411855  0.451132 0.293923 1 4 1.000000
0  2.692494 -6.981847 55.351429  0.564868 -0.814465 0.132553  0.470627 0.309634 1 4 1.000000
0  2.683421 -6.756806 55.925568  0.619178 -0.727721 0.295025  0.454359 0.309149 1 4 1.000000
tactical_vest
0  2.133880 -7.142214 56.128235  0.410390 -0.813607 0.411855  0.451132 0.293923 1 4 1.000000
0  2.140211 -7.305106 55.725243  0.460558 -0.850731 0.253266  0.462615 0.294239 1 4 1.000000
0  2.692494 -6.981847 55.351429  0.564868 -0.814465 0.132553  0.470627 0.309634 1 4 1.000000
tactical_vest
0  2.133880 -7.142214 56.128235  0.410390 -0.813607 0.411855  0.451132 0.293923 1 4 1.000000
0  0.646535 -7.738931 55.905468  0.194237 -0.947013 0.255808  0.463598 0.252819 1 4 1.000000
0  2.140211 -7.305106 55.725243  0.460558 -0.850731 0.253266  0.462615 0.294239 1 4 1.000000
tactical_vest
0  2.140211 -7.305106 55.725243  0.460558 -0.850731 0.253266  0.462615 0.294239 1 4 1.000000
0  0.646535 -7.738931 55.905468  0.194237 -0.947013 0.255808  0.463598 0.252819 1 4 1.000000
0  0.658435 -7.901223 54.893345  0.183794 -0.970026 0.158963  0.489243 0.254653 1 4 1.000000
tactical_vest
0  0.646535 -7.738931 55.905468  0.194237 -0.947013 0.255808  0.463598 0.252819 1 4 1.000000
0  -0.029373 -7.970798 54.924706  -0.000002 -0.991342 0.131302  0.489213 0.236298 1 4 1.000000
0  0.658435 -7.901223 54.893345  0.183794 -0.970026 0.158963  0.489243 0.254653 1 4 1.000000
tactical_vest
0  0.658435 -7.901223 54.893345  0.183794 -0.970026 0.158963  0.489243 0.254653 1 4 1.000000
0  -0.029373 -7.970798 54.924706  -0.000002 -0.991342 0.131302  0.489213 0.236298 1 4 1.000000
0  -0.029373 -8.024364 54.361683  -0.000002 -0.992034 0.125971  0.503001 0.237315 1 4 1.000000
tactical_vest
0  -0.717181 -7.901221 54.893341  -0.183796 -0.970026 0.158961  0.488841 0.218729 1 4 1.000000
0  -0.029373 -8.024364 54.361683  -0.000002 -0.992034 0.125971  0.503001 0.237315 1 4 1.000000
0  -0.029373 -7.970798 54.924706  -0.000002 -0.991342 0.131302  0.489213 0.236298 1 4 1.000000
tactical_vest
0  -0.717181 -7.901221 54.893341  -0.183796 -0.970026 0.158961  0.488841 0.218729 1 4 1.000000
0  -0.723228 -7.988793 54.386944  -0.151104 -0.973756 0.170197  0.501751 0.219304 1 4 1.000000
0  -0.029373 -8.024364 54.361683  -0.000002 -0.992034 0.125971  0.503001 0.237315 1 4 1.000000
tactical_vest
0  -2.116811 -7.569745 54.528652  -0.532539 -0.846372 0.007544  0.492626 0.184533 1 4 1.000000
0  -0.723228 -7.988793 54.386944  -0.151104 -0.973756 0.170197  0.501751 0.219304 1 4 1.000000
0  -0.717181 -7.901221 54.893341  -0.183796 -0.970026 0.158961  0.488841 0.218729 1 4 1.000000
tactical_vest
0  -0.717181 -7.901221 54.893341  -0.183796 -0.970026 0.158961  0.488841 0.218729 1 4 1.000000
0  -2.214245 -7.506027 54.700363  -0.640258 -0.768132 -0.006573  0.487779 0.181898 1 4 1.000000
0  -2.116811 -7.569745 54.528652  -0.532539 -0.846372 0.007544  0.492626 0.184533 1 4 1.000000
tactical_vest
0  -2.214245 -7.506027 54.700363  -0.640258 -0.768132 -0.006573  0.487779 0.181898 1 4 1.000000
0  -2.215182 -7.232043 54.622318  -0.882340 -0.131715 -0.451804  0.489388 0.181953 1 4 1.000000
0  -2.116811 -7.569745 54.528652  -0.532539 -0.846372 0.007544  0.492626 0.184533 1 4 1.000000
tactical_vest
0  2.140211 -7.305106 55.725243  0.460558 -0.850731 0.253266  0.462615 0.294239 1 4 1.000000
0  2.700971 -6.999114 54.763504  0.616753 -0.779192 0.111696  0.484528 0.311097 1 4 1.000000
0  2.692494 -6.981847 55.351429  0.564868 -0.814465 0.132553  0.470627 0.309634 1 4 1.000000
tactical_vest
0  2.140211 -7.305106 55.725243  0.460558 -0.850731 0.253266  0.462615 0.294239 1 4 1.000000
0  2.155500 -7.506028 54.700363  0.640262 -0.768128 -0.006576  0.489057 0.296011 1 4 1.000000
0  2.700971 -6.999114 54.763504  0.616753 -0.779192 0.111696  0.484528 0.311097 1 4 1.000000
tactical_vest
0  2.140211 -7.305106 55.725243  0.460558 -0.850731 0.253266  0.462615 0.294239 1 4 1.000000
0  0.658435 -7.901223 54.893345  0.183794 -0.970026 0.158963  0.489243 0.254653 1 4 1.000000
0  2.155500 -7.506028 54.700363  0.640262 -0.768128 -0.006576  0.489057 0.296011 1 4 1.000000
tactical_vest
0  2.155500 -7.506028 54.700363  0.640262 -0.768128 -0.006576  0.489057 0.296011 1 4 1.000000
0  0.658435 -7.901223 54.893345  0.183794 -0.970026 0.158963  0.489243 0.254653 1 4 1.000000
0  2.058065 -7.569746 54.528652  0.532542 -0.846370 0.007538  0.493847 0.293558 1 4 1.000000
tactical_vest
0  0.658435 -7.901223 54.893345  0.183794 -0.970026 0.158963  0.489243 0.254653 1 4 1.000000
0  0.664483 -7.988797 54.386944  0.151102 -0.973756 0.170199  0.502157 0.255543 1 4 1.000000
0  2.058065 -7.569746 54.528652  0.532542 -0.846370 0.007538  0.493847 0.293558 1 4 1.000000
tactical_vest
0  0.658435 -7.901223 54.893345  0.183794 -0.970026 0.158963  0.489243 0.254653 1 4 1.000000
0  -0.029373 -8.024364 54.361683  -0.000002 -0.992034 0.125971  0.503001 0.237315 1 4 1.000000
0  0.664483 -7.988797 54.386944  0.151102 -0.973756 0.170199  0.502157 0.255543 1 4 1.000000
tactical_vest
0  2.156436 -7.232045 54.622318  0.882340 -0.131712 -0.451806  0.490666 0.296115 1 4 1.000000
0  2.155500 -7.506028 54.700363  0.640262 -0.768128 -0.006576  0.489057 0.296011 1 4 1.000000
0  2.058065 -7.569746 54.528652  0.532542 -0.846370 0.007538  0.493847 0.293558 1 4 1.000000
tactical_vest
0  -0.704653 -5.958457 58.605675  -0.144725 -0.791922 0.593223  0.377364 0.219710 1 4 1.000000
0  -0.029373 -5.369071 59.454750  0.000001 -0.747746 0.663985  0.350187 0.238165 1 4 1.000000
0  -0.714720 -5.320058 59.420929  -0.153494 -0.724820 0.671622  0.350139 0.220571 1 4 1.000000
tactical_vest
0  -0.704653 -5.958457 58.605675  -0.144725 -0.791922 0.593223  0.377364 0.219710 1 4 1.000000
0  -0.714720 -5.320058 59.420929  -0.153494 -0.724820 0.671622  0.350139 0.220571 1 4 1.000000
0  -2.209685 -5.033090 59.259155  -0.209845 -0.711646 0.670466  0.349752 0.183223 1 4 1.000000
tactical_vest
0  -0.704653 -5.958457 58.605675  -0.144725 -0.791922 0.593223  0.377364 0.219710 1 4 1.000000
0  -2.209685 -5.033090 59.259155  -0.209845 -0.711646 0.670466  0.349752 0.183223 1 4 1.000000
0  -2.199653 -5.667104 58.443802  -0.234017 -0.788226 0.569154  0.376922 0.182381 1 4 1.000000
tactical_vest
0  -2.199653 -5.667104 58.443802  -0.234017 -0.788226 0.569154  0.376922 0.182381 1 4 1.000000
0  -0.702473 -7.133233 56.959991  -0.202531 -0.809054 0.551737  0.430840 0.218025 1 4 1.000000
0  -0.704653 -5.958457 58.605675  -0.144725 -0.791922 0.593223  0.377364 0.219710 1 4 1.000000
tactical_vest
0  -2.199653 -5.667104 58.443802  -0.234017 -0.788226 0.569154  0.376922 0.182381 1 4 1.000000
0  -2.194799 -6.684016 56.784847  -0.301550 -0.798814 0.520541  0.428666 0.181527 1 4 1.000000
0  -0.702473 -7.133233 56.959991  -0.202531 -0.809054 0.551737  0.430840 0.218025 1 4 1.000000
tactical_vest
0  -2.194799 -6.684016 56.784847  -0.301550 -0.798814 0.520541  0.428666 0.181527 1 4 1.000000
0  -0.700300 -7.591432 56.303379  -0.192310 -0.869279 0.455380  0.452041 0.217435 1 4 1.000000
0  -0.702473 -7.133233 56.959991  -0.202531 -0.809054 0.551737  0.430840 0.218025 1 4 1.000000
tactical_vest
0  -2.194799 -6.684016 56.784847  -0.301550 -0.798814 0.520541  0.428666 0.181527 1 4 1.000000
0  -2.192626 -7.142213 56.128235  -0.410389 -0.813607 0.411855  0.449867 0.180938 1 4 1.000000
0  -0.700300 -7.591432 56.303379  -0.192310 -0.869279 0.455380  0.452041 0.217435 1 4 1.000000
tactical_vest
0  -2.192626 -7.142213 56.128235  -0.410389 -0.813607 0.411855  0.449867 0.180938 1 4 1.000000
0  -0.705280 -7.738930 55.905468  -0.194240 -0.947013 0.255806  0.463203 0.217517 1 4 1.000000
0  -0.700300 -7.591432 56.303379  -0.192310 -0.869279 0.455380  0.452041 0.217435 1 4 1.000000
tactical_vest
0  -2.192626 -7.142213 56.128235  -0.410389 -0.813607 0.411855  0.449867 0.180938 1 4 1.000000
0  -2.198957 -7.305105 55.725243  -0.460559 -0.850730 0.253266  0.461346 0.180924 1 4 1.000000
0  -0.705280 -7.738930 55.905468  -0.194240 -0.947013 0.255806  0.463203 0.217517 1 4 1.000000
tactical_vest
0  -2.192626 -7.142213 56.128235  -0.410389 -0.813607 0.411855  0.449867 0.180938 1 4 1.000000
0  -2.751239 -6.981849 55.351425  -0.564866 -0.814467 0.132550  0.469036 0.167474 1 4 1.000000
0  -2.198957 -7.305105 55.725243  -0.460559 -0.850730 0.253266  0.461346 0.180924 1 4 1.000000
tactical_vest
0  -2.198957 -7.305105 55.725243  -0.460559 -0.850730 0.253266  0.461346 0.180924 1 4 1.000000
0  -2.751239 -6.981849 55.351425  -0.564866 -0.814467 0.132550  0.469036 0.167474 1 4 1.000000
0  -2.759717 -6.999115 54.763500  -0.616748 -0.779196 0.111696  0.482932 0.168494 1 4 1.000000
tactical_vest
0  -2.198957 -7.305105 55.725243  -0.460559 -0.850730 0.253266  0.461346 0.180924 1 4 1.000000
0  -2.759717 -6.999115 54.763500  -0.616748 -0.779196 0.111696  0.482932 0.168494 1 4 1.000000
0  -2.214245 -7.506027 54.700363  -0.640258 -0.768132 -0.006573  0.487779 0.181898 1 4 1.000000
tactical_vest
0  -2.192626 -7.142213 56.128235  -0.410389 -0.813607 0.411855  0.449867 0.180938 1 4 1.000000
0  -2.742167 -6.756808 55.925568  -0.619173 -0.727727 0.295023  0.452773 0.167462 1 4 1.000000
0  -2.751239 -6.981849 55.351425  -0.564866 -0.814467 0.132550  0.469036 0.167474 1 4 1.000000
tactical_vest
0  -3.964976 5.383979 59.781078  -0.428482 0.903322 0.020303  0.906488 0.207566 1 4 1.000000
0  -5.465908 4.671476 59.806293  -0.428482 0.903322 0.020303  0.864448 0.221948 1 4 1.000000
0  -5.445324 4.672969 60.174259  -0.428482 0.903322 0.020303  0.864577 0.224162 1 4 1.000000
tactical_vest
0  2.156437 -6.971498 54.607735  0.999888 0.000836 0.014933  0.205530 0.220888 1 4 1.000000
0  2.155500 -7.506028 54.700363  0.999888 0.000833 0.014922  0.212225 0.219222 1 4 1.000000
0  2.156436 -7.232045 54.622318  0.999888 0.000830 0.014909  0.212476 0.220888 1 4 1.000000
tactical_vest
0  2.156437 -6.971498 54.607735  0.999888 0.000836 0.014933  0.205530 0.220888 1 4 1.000000
0  2.155500 -6.958570 54.669735  0.999888 0.000836 0.014934  0.205279 0.219222 1 4 1.000000
0  2.155500 -7.506028 54.700363  0.999888 0.000833 0.014922  0.212225 0.219222 1 4 1.000000
tactical_vest
0  2.144988 -6.913213 55.392391  -0.264296 0.945382 -0.190789  0.471859 0.041173 1 4 1.000000
0  2.700971 -6.804261 54.752602  -0.247919 0.967454 -0.050691  0.485525 0.024186 1 4 1.000000
0  2.155500 -6.958570 54.669735  -0.265957 0.957368 -0.112750  0.489318 0.038893 1 4 1.000000
tactical_vest
0  2.144988 -6.913213 55.392391  -0.264296 0.945382 -0.190789  0.471859 0.041173 1 4 1.000000
0  2.692494 -6.786994 55.340530  -0.244946 0.952189 -0.182587  0.471571 0.026161 1 4 1.000000
0  2.700971 -6.804261 54.752602  -0.247919 0.967454 -0.050691  0.485525 0.024186 1 4 1.000000
tactical_vest
0  2.133881 -6.660079 56.101257  -0.290060 0.866066 -0.407178  0.452070 0.042133 1 4 1.000000
0  2.692494 -6.786994 55.340530  -0.244946 0.952189 -0.182587  0.471571 0.026161 1 4 1.000000
0  2.144988 -6.913213 55.392391  -0.264296 0.945382 -0.190789  0.471859 0.041173 1 4 1.000000
tactical_vest
0  2.133881 -6.660079 56.101257  -0.290060 0.866066 -0.407178  0.452070 0.042133 1 4 1.000000
0  2.683421 -6.561954 55.914665  -0.279611 0.892389 -0.354203  0.455287 0.026816 1 4 1.000000
0  2.692494 -6.786994 55.340530  -0.244946 0.952189 -0.182587  0.471571 0.026161 1 4 1.000000
tactical_vest
0  2.155500 -6.958570 54.669735  -0.265957 0.957368 -0.112750  0.489318 0.038893 1 4 1.000000
0  2.156437 -6.971498 54.607735  -0.263284 0.943601 -0.200746  0.490932 0.038753 1 4 1.000000
0  2.058065 -7.022289 54.498024  -0.272067 0.943147 -0.190926  0.494122 0.041247 1 4 1.000000
tactical_vest
0  0.658436 -7.353768 54.862709  -0.198278 0.976474 -0.084762  0.489550 0.080415 1 4 1.000000
0  2.155500 -6.958570 54.669735  -0.265957 0.957368 -0.112750  0.489318 0.038893 1 4 1.000000
0  2.058065 -7.022289 54.498024  -0.272067 0.943147 -0.190926  0.494122 0.041247 1 4 1.000000
tactical_vest
0  2.144988 -6.913213 55.392391  -0.264296 0.945382 -0.190789  0.471859 0.041173 1 4 1.000000
0  2.155500 -6.958570 54.669735  -0.265957 0.957368 -0.112750  0.489318 0.038893 1 4 1.000000
0  0.658436 -7.353768 54.862709  -0.198278 0.976474 -0.084762  0.489550 0.080415 1 4 1.000000
tactical_vest
0  2.144988 -6.913213 55.392391  -0.264296 0.945382 -0.190789  0.471859 0.041173 1 4 1.000000
0  0.658436 -7.353768 54.862709  -0.198278 0.976474 -0.084762  0.489550 0.080415 1 4 1.000000
0  0.650292 -7.335420 55.576450  -0.208938 0.961887 -0.176407  0.472644 0.082773 1 4 1.000000
tactical_vest
0  2.133881 -6.660079 56.101257  -0.290060 0.866066 -0.407178  0.452070 0.042133 1 4 1.000000
0  2.144988 -6.913213 55.392391  -0.264296 0.945382 -0.190789  0.471859 0.041173 1 4 1.000000
0  0.650292 -7.335420 55.576450  -0.208938 0.961887 -0.176407  0.472644 0.082773 1 4 1.000000
tactical_vest
0  2.133881 -6.660079 56.101257  -0.290060 0.866066 -0.407178  0.452070 0.042133 1 4 1.000000
0  0.650292 -7.335420 55.576450  -0.208938 0.961887 -0.176407  0.472644 0.082773 1 4 1.000000
0  0.641554 -7.109298 56.276402  -0.195932 0.878148 -0.436425  0.453408 0.083812 1 4 1.000000
tactical_vest
0  2.136053 -6.210058 56.758327  -0.301092 0.794824 -0.526876  0.430979 0.041365 1 4 1.000000
0  2.133881 -6.660079 56.101257  -0.290060 0.866066 -0.407178  0.452070 0.042133 1 4 1.000000
0  0.641554 -7.109298 56.276402  -0.195932 0.878148 -0.436425  0.453408 0.083812 1 4 1.000000
tactical_vest
0  2.136053 -6.210058 56.758327  -0.301092 0.794824 -0.526876  0.430979 0.041365 1 4 1.000000
0  0.641554 -7.109298 56.276402  -0.195932 0.878148 -0.436425  0.453408 0.083812 1 4 1.000000
0  0.643727 -6.659278 56.933472  -0.201943 0.804973 -0.557887  0.432318 0.083044 1 4 1.000000
tactical_vest
0  2.142802 -5.186095 58.343864  -0.233557 0.772859 -0.590035  0.380879 0.039857 1 4 1.000000
0  2.136053 -6.210058 56.758327  -0.301092 0.794824 -0.526876  0.430979 0.041365 1 4 1.000000
0  0.643727 -6.659278 56.933472  -0.201943 0.804973 -0.557887  0.432318 0.083044 1 4 1.000000
tactical_vest
0  2.142802 -5.186095 58.343864  -0.233557 0.772859 -0.590035  0.380879 0.039857 1 4 1.000000
0  0.643727 -6.659278 56.933472  -0.201943 0.804973 -0.557887  0.432318 0.083044 1 4 1.000000
0  0.647799 -5.477885 58.505745  -0.143029 0.775333 -0.615144  0.380517 0.080585 1 4 1.000000
tactical_vest
0  0.647799 -5.477885 58.505745  -0.143029 0.775333 -0.615144  0.380517 0.080585 1 4 1.000000
0  2.153507 -4.470001 59.210442  -0.209492 0.706093 -0.676422  0.351501 0.037881 1 4 1.000000
0  2.142802 -5.186095 58.343864  -0.233557 0.772859 -0.590035  0.380879 0.039857 1 4 1.000000
tactical_vest
0  0.647799 -5.477885 58.505745  -0.143029 0.775333 -0.615144  0.380517 0.080585 1 4 1.000000
0  0.658540 -4.757117 59.372215  -0.148374 0.718690 -0.679316  0.351082 0.078579 1 4 1.000000
0  2.153507 -4.470001 59.210442  -0.209492 0.706093 -0.676422  0.351501 0.037881 1 4 1.000000
tactical_vest
0  0.658540 -4.757117 59.372215  -0.148374 0.718690 -0.679316  0.351082 0.078579 1 4 1.000000
0  2.159025 -3.984497 59.650810  -0.204549 0.658428 -0.724315  0.335020 0.036119 1 4 1.000000
0  2.153507 -4.470001 59.210442  -0.209492 0.706093 -0.676422  0.351501 0.037881 1 4 1.000000
tactical_vest
0  0.658540 -4.757117 59.372215  -0.148374 0.718690 -0.679316  0.351082 0.078579 1 4 1.000000
0  0.664079 -4.269206 59.812531  -0.162716 0.662058 -0.731575  0.334572 0.076801 1 4 1.000000
0  2.159025 -3.984497 59.650810  -0.204549 0.658428 -0.724315  0.335020 0.036119 1 4 1.000000
tactical_vest
0  0.658540 -4.757117 59.372215  -0.148374 0.718690 -0.679316  0.351082 0.078579 1 4 1.000000
0  -0.029373 -4.337195 59.862698  -0.000001 0.688401 -0.725331  0.334126 0.095195 1 4 1.000000
0  0.664079 -4.269206 59.812531  -0.162716 0.662058 -0.731575  0.334572 0.076801 1 4 1.000000
tactical_vest
0  0.658540 -4.757117 59.372215  -0.148374 0.718690 -0.679316  0.351082 0.078579 1 4 1.000000
0  -0.029372 -4.807706 59.395535  -0.000001 0.739448 -0.673214  0.351043 0.096637 1 4 1.000000
0  -0.029373 -4.337195 59.862698  -0.000001 0.688401 -0.725331  0.334126 0.095195 1 4 1.000000
tactical_vest
0  -0.717286 -4.757118 59.372215  0.148374 0.718689 -0.679316  0.350802 0.113919 1 4 1.000000
0  -0.029373 -4.337195 59.862698  -0.000001 0.688401 -0.725331  0.334126 0.095195 1 4 1.000000
0  -0.029372 -4.807706 59.395535  -0.000001 0.739448 -0.673214  0.351043 0.096637 1 4 1.000000
tactical_vest
0  -0.706544 -5.477885 58.505745  0.143028 0.775333 -0.615144  0.380241 0.115374 1 4 1.000000
0  -0.717286 -4.757118 59.372215  0.148374 0.718689 -0.679316  0.350802 0.113919 1 4 1.000000
0  -0.029372 -4.807706 59.395535  -0.000001 0.739448 -0.673214  0.351043 0.096637 1 4 1.000000
tactical_vest
0  0.647799 -5.477885 58.505745  -0.143029 0.775333 -0.615144  0.380517 0.080585 1 4 1.000000
0  -0.029372 -4.807706 59.395535  -0.000001 0.739448 -0.673214  0.351043 0.096637 1 4 1.000000
0  0.658540 -4.757117 59.372215  -0.148374 0.718690 -0.679316  0.351082 0.078579 1 4 1.000000
tactical_vest
0  0.643727 -6.659278 56.933472  -0.201943 0.804973 -0.557887  0.432318 0.083044 1 4 1.000000
0  -0.029372 -7.149717 56.311455  0.000000 0.892276 -0.451490  0.452968 0.101409 1 4 1.000000
0  -0.029373 -6.741799 56.970871  0.000005 0.824812 -0.565408  0.432360 0.100965 1 4 1.000000
tactical_vest
0  0.643727 -6.659278 56.933472  -0.201943 0.804973 -0.557887  0.432318 0.083044 1 4 1.000000
0  0.641554 -7.109298 56.276402  -0.195932 0.878148 -0.436425  0.453408 0.083812 1 4 1.000000
0  -0.029372 -7.149717 56.311455  0.000000 0.892276 -0.451490  0.452968 0.101409 1 4 1.000000
tactical_vest
0  0.641554 -7.109298 56.276402  -0.195932 0.878148 -0.436425  0.453408 0.083812 1 4 1.000000
0  -0.029373 -7.409201 55.610699  0.000000 0.979066 -0.203543  0.472647 0.100799 1 4 1.000000
0  -0.029372 -7.149717 56.311455  0.000000 0.892276 -0.451490  0.452968 0.101409 1 4 1.000000
tactical_vest
0  0.641554 -7.109298 56.276402  -0.195932 0.878148 -0.436425  0.453408 0.083812 1 4 1.000000
0  0.650292 -7.335420 55.576450  -0.208938 0.961887 -0.176407  0.472644 0.082773 1 4 1.000000
0  -0.029373 -7.409201 55.610699  0.000000 0.979066 -0.203543  0.472647 0.100799 1 4 1.000000
tactical_vest
0  0.650292 -7.335420 55.576450  -0.208938 0.961887 -0.176407  0.472644 0.082773 1 4 1.000000
0  -0.029373 -7.460907 54.896175  0.000001 0.999236 -0.039093  0.489996 0.098854 1 4 1.000000
0  -0.029373 -7.409201 55.610699  0.000000 0.979066 -0.203543  0.472647 0.100799 1 4 1.000000
tactical_vest
0  0.650292 -7.335420 55.576450  -0.208938 0.961887 -0.176407  0.472644 0.082773 1 4 1.000000
0  0.658436 -7.353768 54.862709  -0.198278 0.976474 -0.084762  0.489550 0.080415 1 4 1.000000
0  -0.029373 -7.460907 54.896175  0.000001 0.999236 -0.039093  0.489996 0.098854 1 4 1.000000
tactical_vest
0  0.658436 -7.353768 54.862709  -0.198278 0.976474 -0.084762  0.489550 0.080415 1 4 1.000000
0  -0.029372 -7.476904 54.331051  0.000001 0.996230 -0.086750  0.503399 0.097162 1 4 1.000000
0  -0.029373 -7.460907 54.896175  0.000001 0.999236 -0.039093  0.489996 0.098854 1 4 1.000000
tactical_vest
0  0.658436 -7.353768 54.862709  -0.198278 0.976474 -0.084762  0.489550 0.080415 1 4 1.000000
0  0.664483 -7.441339 54.356312  -0.151101 0.973756 -0.170198  0.502496 0.079198 1 4 1.000000
0  -0.029372 -7.476904 54.331051  0.000001 0.996230 -0.086750  0.503399 0.097162 1 4 1.000000
tactical_vest
0  2.058065 -7.022289 54.498024  -0.272067 0.943147 -0.190926  0.494122 0.041247 1 4 1.000000
0  0.664483 -7.441339 54.356312  -0.151101 0.973756 -0.170198  0.502496 0.079198 1 4 1.000000
0  0.658436 -7.353768 54.862709  -0.198278 0.976474 -0.084762  0.489550 0.080415 1 4 1.000000
tactical_vest
0  0.647799 -5.477885 58.505745  -0.143029 0.775333 -0.615144  0.380517 0.080585 1 4 1.000000
0  0.643727 -6.659278 56.933472  -0.201943 0.804973 -0.557887  0.432318 0.083044 1 4 1.000000
0  -0.029373 -6.741799 56.970871  0.000005 0.824812 -0.565408  0.432360 0.100965 1 4 1.000000
tactical_vest
0  0.647799 -5.477885 58.505745  -0.143029 0.775333 -0.615144  0.380517 0.080585 1 4 1.000000
0  -0.029373 -6.741799 56.970871  0.000005 0.824812 -0.565408  0.432360 0.100965 1 4 1.000000
0  -0.029372 -5.490262 58.556816  -0.000000 0.780194 -0.625538  0.379344 0.098218 1 4 1.000000
tactical_vest
0  0.647799 -5.477885 58.505745  -0.143029 0.775333 -0.615144  0.380517 0.080585 1 4 1.000000
0  -0.029372 -5.490262 58.556816  -0.000000 0.780194 -0.625538  0.379344 0.098218 1 4 1.000000
0  -0.029372 -4.807706 59.395535  -0.000001 0.739448 -0.673214  0.351043 0.096637 1 4 1.000000
tactical_vest
0  -0.706544 -5.477885 58.505745  0.143028 0.775333 -0.615144  0.380241 0.115374 1 4 1.000000
0  -0.029372 -4.807706 59.395535  -0.000001 0.739448 -0.673214  0.351043 0.096637 1 4 1.000000
0  -0.029372 -5.490262 58.556816  -0.000000 0.780194 -0.625538  0.379344 0.098218 1 4 1.000000
tactical_vest
0  -0.706544 -5.477885 58.505745  0.143028 0.775333 -0.615144  0.380241 0.115374 1 4 1.000000
0  -0.029372 -5.490262 58.556816  -0.000000 0.780194 -0.625538  0.379344 0.098218 1 4 1.000000
0  -0.029373 -6.741799 56.970871  0.000005 0.824812 -0.565408  0.432360 0.100965 1 4 1.000000
tactical_vest
0  -0.706544 -5.477885 58.505745  0.143028 0.775333 -0.615144  0.380241 0.115374 1 4 1.000000
0  -0.029373 -6.741799 56.970871  0.000005 0.824812 -0.565408  0.432360 0.100965 1 4 1.000000
0  -0.702473 -6.659276 56.933468  0.201946 0.804972 -0.557887  0.432043 0.117624 1 4 1.000000
tactical_vest
0  -0.702473 -6.659276 56.933468  0.201946 0.804972 -0.557887  0.432043 0.117624 1 4 1.000000
0  -0.029373 -6.741799 56.970871  0.000005 0.824812 -0.565408  0.432360 0.100965 1 4 1.000000
0  -0.029372 -7.149717 56.311455  0.000000 0.892276 -0.451490  0.452968 0.101409 1 4 1.000000
tactical_vest
0  -0.702473 -6.659276 56.933468  0.201946 0.804972 -0.557887  0.432043 0.117624 1 4 1.000000
0  -0.029372 -7.149717 56.311455  0.000000 0.892276 -0.451490  0.452968 0.101409 1 4 1.000000
0  -0.700300 -7.109297 56.276402  0.195928 0.878148 -0.436427  0.453134 0.118280 1 4 1.000000
tactical_vest
0  -0.700300 -7.109297 56.276402  0.195928 0.878148 -0.436427  0.453134 0.118280 1 4 1.000000
0  -0.029372 -7.149717 56.311455  0.000000 0.892276 -0.451490  0.452968 0.101409 1 4 1.000000
0  -0.029373 -7.409201 55.610699  0.000000 0.979066 -0.203543  0.472647 0.100799 1 4 1.000000
tactical_vest
0  -0.700300 -7.109297 56.276402  0.195928 0.878148 -0.436427  0.453134 0.118280 1 4 1.000000
0  -0.029373 -7.409201 55.610699  0.000000 0.979066 -0.203543  0.472647 0.100799 1 4 1.000000
0  -0.709038 -7.335421 55.576447  0.208939 0.961886 -0.176407  0.472367 0.117690 1 4 1.000000
tactical_vest
0  -0.709038 -7.335421 55.576447  0.208939 0.961886 -0.176407  0.472367 0.117690 1 4 1.000000
0  -0.029373 -7.409201 55.610699  0.000000 0.979066 -0.203543  0.472647 0.100799 1 4 1.000000
0  -0.029373 -7.460907 54.896175  0.000001 0.999236 -0.039093  0.489996 0.098854 1 4 1.000000
tactical_vest
0  -0.709038 -7.335421 55.576447  0.208939 0.961886 -0.176407  0.472367 0.117690 1 4 1.000000
0  -0.029373 -7.460907 54.896175  0.000001 0.999236 -0.039093  0.489996 0.098854 1 4 1.000000
0  -0.717181 -7.353767 54.862709  0.198279 0.976474 -0.084761  0.489269 0.115750 1 4 1.000000
tactical_vest
0  -0.717181 -7.353767 54.862709  0.198279 0.976474 -0.084761  0.489269 0.115750 1 4 1.000000
0  -0.029373 -7.460907 54.896175  0.000001 0.999236 -0.039093  0.489996 0.098854 1 4 1.000000
0  -0.029372 -7.476904 54.331051  0.000001 0.996230 -0.086750  0.503399 0.097162 1 4 1.000000
tactical_vest
0  -0.717181 -7.353767 54.862709  0.198279 0.976474 -0.084761  0.489269 0.115750 1 4 1.000000
0  -0.029372 -7.476904 54.331051  0.000001 0.996230 -0.086750  0.503399 0.097162 1 4 1.000000
0  -0.723229 -7.441339 54.356312  0.151098 0.973757 -0.170197  0.502213 0.114844 1 4 1.000000
tactical_vest
0  -0.717181 -7.353767 54.862709  0.198279 0.976474 -0.084761  0.489269 0.115750 1 4 1.000000
0  -0.723229 -7.441339 54.356312  0.151098 0.973757 -0.170197  0.502213 0.114844 1 4 1.000000
0  -2.116811 -7.022288 54.498024  0.272068 0.943146 -0.190929  0.493270 0.148487 1 4 1.000000
tactical_vest
0  -0.706544 -5.477885 58.505745  0.143028 0.775333 -0.615144  0.380241 0.115374 1 4 1.000000
0  -2.212250 -4.470001 59.210442  0.209493 0.706091 -0.676423  0.350610 0.150024 1 4 1.000000
0  -0.717286 -4.757118 59.372215  0.148374 0.718689 -0.679316  0.350802 0.113919 1 4 1.000000
tactical_vest
0  -0.706544 -5.477885 58.505745  0.143028 0.775333 -0.615144  0.380241 0.115374 1 4 1.000000
0  -2.201549 -5.186094 58.343868  0.233556 0.772859 -0.590035  0.379992 0.151450 1 4 1.000000
0  -2.212250 -4.470001 59.210442  0.209493 0.706091 -0.676423  0.350610 0.150024 1 4 1.000000
tactical_vest
0  -2.201549 -5.186094 58.343868  0.233556 0.772859 -0.590035  0.379992 0.151450 1 4 1.000000
0  -0.706544 -5.477885 58.505745  0.143028 0.775333 -0.615144  0.380241 0.115374 1 4 1.000000
0  -0.702473 -6.659276 56.933468  0.201946 0.804972 -0.557887  0.432043 0.117624 1 4 1.000000
tactical_vest
0  -2.201549 -5.186094 58.343868  0.233556 0.772859 -0.590035  0.379992 0.151450 1 4 1.000000
0  -0.702473 -6.659276 56.933468  0.201946 0.804972 -0.557887  0.432043 0.117624 1 4 1.000000
0  -2.194798 -6.210059 56.758324  0.301093 0.794824 -0.526876  0.430095 0.152611 1 4 1.000000
tactical_vest
0  -2.194798 -6.210059 56.758324  0.301093 0.794824 -0.526876  0.430095 0.152611 1 4 1.000000
0  -0.702473 -6.659276 56.933468  0.201946 0.804972 -0.557887  0.432043 0.117624 1 4 1.000000
0  -0.700300 -7.109297 56.276402  0.195928 0.878148 -0.436427  0.453134 0.118280 1 4 1.000000
tactical_vest
0  -2.194798 -6.210059 56.758324  0.301093 0.794824 -0.526876  0.430095 0.152611 1 4 1.000000
0  -0.700300 -7.109297 56.276402  0.195928 0.878148 -0.436427  0.453134 0.118280 1 4 1.000000
0  -2.192626 -6.660079 56.101257  0.290058 0.866067 -0.407179  0.451186 0.153267 1 4 1.000000
tactical_vest
0  -2.192626 -6.660079 56.101257  0.290058 0.866067 -0.407179  0.451186 0.153267 1 4 1.000000
0  -0.700300 -7.109297 56.276402  0.195928 0.878148 -0.436427  0.453134 0.118280 1 4 1.000000
0  -0.709038 -7.335421 55.576447  0.208939 0.961886 -0.176407  0.472367 0.117690 1 4 1.000000
tactical_vest
0  -2.192626 -6.660079 56.101257  0.290058 0.866067 -0.407179  0.451186 0.153267 1 4 1.000000
0  -0.709038 -7.335421 55.576447  0.208939 0.961886 -0.176407  0.472367 0.117690 1 4 1.000000
0  -2.203733 -6.913212 55.392391  0.264294 0.945383 -0.190788  0.470971 0.152878 1 4 1.000000
tactical_vest
0  -2.203733 -6.913212 55.392391  0.264294 0.945383 -0.190788  0.470971 0.152878 1 4 1.000000
0  -0.709038 -7.335421 55.576447  0.208939 0.961886 -0.176407  0.472367 0.117690 1 4 1.000000
0  -0.717181 -7.353767 54.862709  0.198279 0.976474 -0.084761  0.489269 0.115750 1 4 1.000000
tactical_vest
0  -2.203733 -6.913212 55.392391  0.264294 0.945383 -0.190788  0.470971 0.152878 1 4 1.000000
0  -0.717181 -7.353767 54.862709  0.198279 0.976474 -0.084761  0.489269 0.115750 1 4 1.000000
0  -2.214245 -6.958569 54.669731  0.265959 0.957368 -0.112752  0.488426 0.151138 1 4 1.000000
tactical_vest
0  -2.214245 -6.958569 54.669731  0.265959 0.957368 -0.112752  0.488426 0.151138 1 4 1.000000
0  -0.717181 -7.353767 54.862709  0.198279 0.976474 -0.084761  0.489269 0.115750 1 4 1.000000
0  -2.116811 -7.022288 54.498024  0.272068 0.943146 -0.190929  0.493270 0.148487 1 4 1.000000
tactical_vest
0  -2.215182 -6.971498 54.607735  0.263299 0.943594 -0.200757  0.490039 0.151046 1 4 1.000000
0  -2.214245 -6.958569 54.669731  0.265959 0.957368 -0.112752  0.488426 0.151138 1 4 1.000000
0  -2.116811 -7.022288 54.498024  0.272068 0.943146 -0.190929  0.493270 0.148487 1 4 1.000000
tactical_vest
0  -2.192626 -6.660079 56.101257  0.290058 0.866067 -0.407179  0.451186 0.153267 1 4 1.000000
0  -2.751239 -6.786996 55.340530  0.244940 0.952191 -0.182585  0.470460 0.165993 1 4 1.000000
0  -2.742167 -6.561954 55.914669  0.279608 0.892390 -0.354203  0.454179 0.166182 1 4 1.000000
tactical_vest
0  -2.192626 -6.660079 56.101257  0.290058 0.866067 -0.407179  0.451186 0.153267 1 4 1.000000
0  -2.203733 -6.913212 55.392391  0.264294 0.945383 -0.190788  0.470971 0.152878 1 4 1.000000
0  -2.751239 -6.786996 55.340530  0.244940 0.952191 -0.182585  0.470460 0.165993 1 4 1.000000
tactical_vest
0  -2.203733 -6.913212 55.392391  0.264294 0.945383 -0.190788  0.470971 0.152878 1 4 1.000000
0  -2.759717 -6.804262 54.752602  0.247915 0.967455 -0.050690  0.484410 0.164454 1 4 1.000000
0  -2.751239 -6.786996 55.340530  0.244940 0.952191 -0.182585  0.470460 0.165993 1 4 1.000000
tactical_vest
0  -2.203733 -6.913212 55.392391  0.264294 0.945383 -0.190788  0.470971 0.152878 1 4 1.000000
0  -2.214245 -6.958569 54.669731  0.265959 0.957368 -0.112752  0.488426 0.151138 1 4 1.000000
0  -2.759717 -6.804262 54.752602  0.247915 0.967455 -0.050690  0.484410 0.164454 1 4 1.000000
tactical_vest
0  -0.717286 -4.757118 59.372215  0.148374 0.718689 -0.679316  0.350802 0.113919 1 4 1.000000
0  -0.722825 -4.269205 59.812531  0.162719 0.662056 -0.731577  0.334289 0.112427 1 4 1.000000
0  -0.029373 -4.337195 59.862698  -0.000001 0.688401 -0.725331  0.334126 0.095195 1 4 1.000000
tactical_vest
0  -0.717286 -4.757118 59.372215  0.148374 0.718689 -0.679316  0.350802 0.113919 1 4 1.000000
0  -2.217771 -3.984500 59.650803  0.204551 0.658425 -0.724317  0.334126 0.148546 1 4 1.000000
0  -0.722825 -4.269205 59.812531  0.162719 0.662056 -0.731577  0.334289 0.112427 1 4 1.000000
tactical_vest
0  -0.717286 -4.757118 59.372215  0.148374 0.718689 -0.679316  0.350802 0.113919 1 4 1.000000
0  -2.212250 -4.470001 59.210442  0.209493 0.706091 -0.676423  0.350610 0.150024 1 4 1.000000
0  -2.217771 -3.984500 59.650803  0.204551 0.658425 -0.724317  0.334126 0.148546 1 4 1.000000
tactical_vest
0  4.021733 5.437432 59.715836  -0.683513 -0.283011 -0.672841  0.650026 0.218568 1 4 1.000000
0  4.011303 5.247178 59.806458  -0.683513 -0.283011 -0.672841  0.649337 0.224131 1 4 1.000000
0  3.874038 5.119174 59.999741  -0.683513 -0.283011 -0.672841  0.651931 0.229429 1 4 1.000000
tactical_vest
0  3.346024 -0.712415 62.385880  0.336155 -0.383163 0.860341  0.864448 0.346850 1 4 1.000000
0  4.997759 -1.023262 61.533520  0.346936 -0.534166 0.770910  0.909973 0.368947 1 4 1.000000
0  5.013640 -0.430495 61.892731  0.308668 -0.451557 0.837150  0.910181 0.354363 1 4 1.000000
tactical_vest
0  3.346024 -0.712415 62.385880  0.336155 -0.383163 0.860341  0.864448 0.346850 1 4 1.000000
0  3.346500 -1.367659 62.075279  0.369202 -0.482433 0.794323  0.864555 0.360769 1 4 1.000000
0  4.997759 -1.023262 61.533520  0.346936 -0.534166 0.770910  0.909973 0.368947 1 4 1.000000
tactical_vest
0  3.346500 -1.367659 62.075279  0.369202 -0.482433 0.794323  0.864555 0.360769 1 4 1.000000
0  4.974853 -1.591431 61.077957  0.367243 -0.616616 0.696360  0.909756 0.385736 1 4 1.000000
0  4.997759 -1.023262 61.533520  0.346936 -0.534166 0.770910  0.909973 0.368947 1 4 1.000000
tactical_vest
0  3.346500 -1.367659 62.075279  0.369202 -0.482433 0.794323  0.864555 0.360769 1 4 1.000000
0  3.356651 -1.885942 61.686909  0.383541 -0.581954 0.717096  0.865144 0.375358 1 4 1.000000
0  4.974853 -1.591431 61.077957  0.367243 -0.616616 0.696360  0.909756 0.385736 1 4 1.000000
tactical_vest
0  3.356651 -1.885942 61.686909  0.383541 -0.581954 0.717096  0.865144 0.375358 1 4 1.000000
0  4.950521 -2.160943 60.540394  0.374600 -0.663163 0.647989  0.909639 0.404604 1 4 1.000000
0  4.974853 -1.591431 61.077957  0.367243 -0.616616 0.696360  0.909756 0.385736 1 4 1.000000
tactical_vest
0  3.356651 -1.885942 61.686909  0.383541 -0.581954 0.717096  0.865144 0.375358 1 4 1.000000
0  3.352642 -2.371910 61.264011  0.380390 -0.647174 0.660658  0.865432 0.390533 1 4 1.000000
0  4.950521 -2.160943 60.540394  0.374600 -0.663163 0.647989  0.909639 0.404604 1 4 1.000000
tactical_vest
0  3.352642 -2.371910 61.264011  0.380390 -0.647174 0.660658  0.865432 0.390533 1 4 1.000000
0  4.931770 -2.741428 59.918922  0.361064 -0.701393 0.614557  0.909807 0.425678 1 4 1.000000
0  4.950521 -2.160943 60.540394  0.374600 -0.663163 0.647989  0.909639 0.404604 1 4 1.000000
tactical_vest
0  3.352642 -2.371910 61.264011  0.380390 -0.647174 0.660658  0.865432 0.390533 1 4 1.000000
0  3.355080 -2.907828 60.644909  0.354644 -0.708964 0.609589  0.866194 0.411104 1 4 1.000000
0  4.931770 -2.741428 59.918922  0.361064 -0.701393 0.614557  0.909807 0.425678 1 4 1.000000
tactical_vest
0  3.355080 -2.907828 60.644909  0.354644 -0.708964 0.609589  0.866194 0.411104 1 4 1.000000
0  4.923099 -3.207496 59.380051  0.348468 -0.722908 0.596636  0.910181 0.443593 1 4 1.000000
0  4.931770 -2.741428 59.918922  0.361064 -0.701393 0.614557  0.909807 0.425678 1 4 1.000000
tactical_vest
0  3.355080 -2.907828 60.644909  0.354644 -0.708964 0.609589  0.866194 0.411104 1 4 1.000000
0  3.434613 -3.327953 60.101185  0.338524 -0.737373 0.584537  0.868971 0.428593 1 4 1.000000
0  4.923099 -3.207496 59.380051  0.348468 -0.722908 0.596636  0.910181 0.443593 1 4 1.000000
tactical_vest
0  3.434613 -3.327953 60.101185  0.338524 -0.737373 0.584537  0.868971 0.428593 1 4 1.000000
0  4.896566 -3.400225 59.156181  0.340751 -0.737141 0.583534  0.909722 0.451059 1 4 1.000000
0  4.923099 -3.207496 59.380051  0.348468 -0.722908 0.596636  0.910181 0.443593 1 4 1.000000
tactical_vest
0  3.434613 -3.327953 60.101185  0.338524 -0.737373 0.584537  0.868971 0.428593 1 4 1.000000
0  3.458446 -3.494050 59.849094  0.312500 -0.779378 0.543059  0.869928 0.436453 1 4 1.000000
0  4.896566 -3.400225 59.156181  0.340751 -0.737141 0.583534  0.909722 0.451059 1 4 1.000000
tactical_vest
0  -4.005545 4.802569 52.826916  -0.013214 0.007015 -0.999888  0.387933 0.820372 1 4 1.000000
0  -5.771218 3.438588 52.840679  -0.013123 0.006903 -0.999890  0.409104 0.865353 1 4 1.000000
0  -4.760838 5.321605 52.840591  -0.013253 0.007063 -0.999887  0.408179 0.817869 1 4 1.000000
tactical_vest
0  -4.005545 4.802569 52.826916  -0.013214 0.007015 -0.999888  0.387933 0.820372 1 4 1.000000
0  -5.120214 2.947962 52.828796  -0.013081 0.006852 -0.999891  0.391215 0.868364 1 4 1.000000
0  -5.771218 3.438588 52.840679  -0.013123 0.006903 -0.999890  0.409104 0.865353 1 4 1.000000
tactical_vest
0  5.089202 3.449363 55.688663  0.641679 -0.749101 0.164607  0.395572 0.880254 1 4 1.000000
0  5.807208 3.438589 52.840675  0.604348 -0.781435 0.155318  0.410110 0.944154 1 4 1.000000
0  5.741529 3.938703 55.285820  0.655873 -0.735908 0.168136  0.409924 0.889281 1 4 1.000000
tactical_vest
0  5.089202 3.449363 55.688663  0.641679 -0.749101 0.164607  0.395572 0.880254 1 4 1.000000
0  5.156203 2.947963 52.828793  0.593045 -0.790595 0.152503  0.395572 0.944377 1 4 1.000000
0  5.807208 3.438589 52.840675  0.604348 -0.781435 0.155318  0.410110 0.944154 1 4 1.000000
tactical_vest
0  -6.873141 -3.143041 56.000652  0.042995 0.989087 -0.140923  0.722360 0.367795 1 4 1.000000
0  -6.609769 -3.148933 56.237316  0.111518 0.988770 -0.099486  0.728561 0.363080 1 4 1.000000
0  -6.589473 -3.171178 56.042561  0.112981 0.988438 -0.101124  0.728723 0.367423 1 4 1.000000
tactical_vest
0  -6.873141 -3.143041 56.000652  0.042995 0.989087 -0.140923  0.722360 0.367795 1 4 1.000000
0  -6.994783 -3.111315 56.187393  0.066119 0.989947 -0.125033  0.719936 0.363438 1 4 1.000000
0  -6.609769 -3.148933 56.237316  0.111518 0.988770 -0.099486  0.728561 0.363080 1 4 1.000000
tactical_vest
0  -7.016410 -3.503565 53.977428  0.048611 0.977307 -0.206173  0.721809 0.413425 1 4 1.000000
0  -6.994783 -3.111315 56.187393  0.066119 0.989947 -0.125033  0.719936 0.363438 1 4 1.000000
0  -6.873141 -3.143041 56.000652  0.042995 0.989087 -0.140923  0.722360 0.367795 1 4 1.000000
tactical_vest
0  -7.016410 -3.503565 53.977428  0.048611 0.977307 -0.206173  0.721809 0.413425 1 4 1.000000
0  -7.117626 -3.540814 53.777031  0.085497 0.971811 -0.219711  0.719279 0.417799 1 4 1.000000
0  -6.994783 -3.111315 56.187393  0.066119 0.989947 -0.125033  0.719936 0.363438 1 4 1.000000
tactical_vest
0  -6.732739 -3.531701 54.019329  0.123368 0.964800 -0.232254  0.728171 0.413054 1 4 1.000000
0  -7.117626 -3.540814 53.777031  0.085497 0.971811 -0.219711  0.719279 0.417799 1 4 1.000000
0  -7.016410 -3.503565 53.977428  0.048611 0.977307 -0.206173  0.721809 0.413425 1 4 1.000000
tactical_vest
0  -6.732739 -3.531701 54.019329  0.123368 0.964800 -0.232254  0.728171 0.413054 1 4 1.000000
0  -6.695711 -3.581651 53.826958  0.120468 0.966249 -0.227705  0.728723 0.417509 1 4 1.000000
0  -7.117626 -3.540814 53.777031  0.085497 0.971811 -0.219711  0.719279 0.417799 1 4 1.000000
tactical_vest
0  4.011303 5.247178 59.806458  -0.467419 -0.849222 0.245644  0.777984 0.422673 1 4 1.000000
0  5.479610 4.419415 59.738800  -0.467419 -0.849222 0.245644  0.777984 0.462305 1 4 1.000000
0  5.441260 4.507680 59.970966  -0.467419 -0.849222 0.245644  0.784226 0.459729 1 4 1.000000
tactical_vest
0  -6.609769 -3.148933 56.237316  -0.116848 0.113357 0.986659  0.707464 0.428745 1 4 1.000000
0  -6.920710 -3.384503 56.227558  -0.116857 0.113364 0.986658  0.713314 0.422572 1 4 1.000000
0  -6.536116 -3.422081 56.277416  -0.116833 0.113345 0.986663  0.713314 0.431148 1 4 1.000000
tactical_vest
0  -6.609769 -3.148933 56.237316  -0.116848 0.113357 0.986659  0.707464 0.428745 1 4 1.000000
0  -6.994783 -3.111315 56.187393  -0.116871 0.113376 0.986654  0.707464 0.420160 1 4 1.000000
0  -6.920710 -3.384503 56.227558  -0.116857 0.113364 0.986658  0.713314 0.422572 1 4 1.000000
tactical_vest
0  -6.636682 -3.899561 53.883099  0.101288 -0.154764 -0.982746  0.719279 0.431598 1 4 1.000000
0  -7.117626 -3.540814 53.777031  0.101277 -0.154774 -0.982745  0.726248 0.420141 1 4 1.000000
0  -6.695711 -3.581651 53.826958  0.101317 -0.154735 -0.982747  0.726248 0.429534 1 4 1.000000
tactical_vest
0  -6.636682 -3.899561 53.883099  0.101288 -0.154764 -0.982746  0.719279 0.431598 1 4 1.000000
0  -7.058183 -3.858767 53.833241  0.101248 -0.154803 -0.982744  0.719279 0.422215 1 4 1.000000
0  -7.117626 -3.540814 53.777031  0.101277 -0.154774 -0.982745  0.726248 0.420141 1 4 1.000000
tactical_vest
0  -6.994783 -3.111315 56.187393  -0.965519 -0.239498 0.102044  0.810320 0.270968 1 4 1.000000
0  -7.058183 -3.858767 53.833241  -0.981113 -0.175173 0.082041  0.803700 0.325237 1 4 1.000000
0  -6.920710 -3.384503 56.227558  -0.963670 -0.245994 0.104056  0.804295 0.271131 1 4 1.000000
tactical_vest
0  -6.994783 -3.111315 56.187393  -0.965519 -0.239498 0.102044  0.810320 0.270968 1 4 1.000000
0  -7.117626 -3.540814 53.777031  -0.982265 -0.169451 0.080255  0.810784 0.325237 1 4 1.000000
0  -7.058183 -3.858767 53.833241  -0.981113 -0.175173 0.082041  0.803700 0.325237 1 4 1.000000
tactical_vest
0  -6.968881 -3.797024 53.964134  -0.144402 -0.857768 0.493338  0.585796 0.439022 1 4 1.000000
0  -6.636682 -3.899561 53.883099  -0.151466 -0.866537 0.475575  0.578552 0.442169 1 4 1.000000
0  -6.668174 -3.826854 54.008556  -0.155261 -0.871122 0.465876  0.579098 0.438941 1 4 1.000000
tactical_vest
0  -6.968881 -3.797024 53.964134  -0.144402 -0.857768 0.493338  0.585796 0.439022 1 4 1.000000
0  -7.058183 -3.858767 53.833241  -0.141793 -0.854453 0.499804  0.587931 0.442076 1 4 1.000000
0  -6.636682 -3.899561 53.883099  -0.151466 -0.866537 0.475575  0.578552 0.442169 1 4 1.000000
tactical_vest
0  -6.518424 -3.404327 56.141651  -0.078261 -0.987243 -0.138661  0.579098 0.395297 1 4 1.000000
0  -6.920710 -3.384503 56.227558  -0.077994 -0.987444 -0.137372  0.587931 0.393088 1 4 1.000000
0  -6.819134 -3.374501 56.097237  -0.077801 -0.987589 -0.136436  0.585796 0.395379 1 4 1.000000
tactical_vest
0  -6.518424 -3.404327 56.141651  -0.078261 -0.987243 -0.138661  0.579098 0.395297 1 4 1.000000
0  -6.536116 -3.422081 56.277416  -0.078394 -0.987141 -0.139306  0.579369 0.393100 1 4 1.000000
0  -6.920710 -3.384503 56.227558  -0.077994 -0.987444 -0.137372  0.587931 0.393088 1 4 1.000000
tactical_vest
0  -6.819134 -3.374501 56.097237  0.309124 -0.936137 0.167599  0.585796 0.395379 1 4 1.000000
0  -7.058183 -3.858767 53.833241  0.395085 -0.905970 0.152070  0.587931 0.442076 1 4 1.000000
0  -6.968881 -3.797024 53.964134  0.403493 -0.902529 0.150447  0.585796 0.439022 1 4 1.000000
tactical_vest
0  -6.819134 -3.374501 56.097237  0.309124 -0.936137 0.167599  0.585796 0.395379 1 4 1.000000
0  -6.920710 -3.384503 56.227558  0.307588 -0.936597 0.167860  0.587931 0.393088 1 4 1.000000
0  -7.058183 -3.858767 53.833241  0.395085 -0.905970 0.152070  0.587931 0.442076 1 4 1.000000
tactical_vest
0  -6.532792 -3.963799 56.199177  -0.881868 -0.423910 0.206421  0.608187 0.378507 1 4 1.000000
0  -6.384642 -5.175627 54.265694  -0.741987 -0.610588 0.276836  0.592730 0.425952 1 4 1.000000
0  -6.316474 -4.328694 56.308472  -0.772845 -0.580904 0.255463  0.599534 0.378122 1 4 1.000000
tactical_vest
0  -6.532792 -3.963799 56.199177  -0.881868 -0.423910 0.206421  0.608187 0.378507 1 4 1.000000
0  -6.709933 -4.596967 54.126465  -0.909837 -0.376292 0.174930  0.605525 0.426433 1 4 1.000000
0  -6.384642 -5.175627 54.265694  -0.741987 -0.610588 0.276836  0.592730 0.425952 1 4 1.000000
tactical_vest
0  -6.819134 -3.374501 56.097237  -0.909974 -0.373078 0.180998  0.622076 0.378122 1 4 1.000000
0  -6.709933 -4.596967 54.126465  -0.909837 -0.376292 0.174930  0.605525 0.426433 1 4 1.000000
0  -6.532792 -3.963799 56.199177  -0.881868 -0.423910 0.206421  0.608187 0.378507 1 4 1.000000
tactical_vest
0  -6.819134 -3.374501 56.097237  -0.909974 -0.373078 0.180998  0.622076 0.378122 1 4 1.000000
0  -6.968881 -3.797024 53.964134  -0.951224 -0.282993 0.122832  0.623302 0.426312 1 4 1.000000
0  -6.709933 -4.596967 54.126465  -0.909837 -0.376292 0.174930  0.605525 0.426433 1 4 1.000000
tactical_vest
0  -5.282008 4.882181 54.997093  -0.409298 0.888211 -0.208701  0.769493 0.418775 1 4 1.000000
0  -5.529043 4.306252 53.030476  -0.675046 0.701984 -0.227006  0.756496 0.462646 1 4 1.000000
0  -5.875764 4.607968 54.994526  -0.534575 0.812753 -0.231652  0.756496 0.418001 1 4 1.000000
tactical_vest
0  -6.589473 -3.171178 56.042561  0.969019 0.241438 -0.052061  0.642658 0.194969 1 4 1.000000
0  -6.536116 -3.422081 56.277416  0.941013 0.315231 0.122975  0.646966 0.201305 1 4 1.000000
0  -6.518424 -3.404327 56.141651  0.942407 0.333786 -0.021339  0.644061 0.200451 1 4 1.000000
tactical_vest
0  -6.589473 -3.171178 56.042561  0.969019 0.241438 -0.052061  0.642658 0.194969 1 4 1.000000
0  -6.609769 -3.148933 56.237316  0.960587 0.269187 0.069356  0.646994 0.195150 1 4 1.000000
0  -6.536116 -3.422081 56.277416  0.941013 0.315231 0.122975  0.646966 0.201305 1 4 1.000000
tactical_vest
0  -6.990375 -1.117684 55.708164  0.993767 0.110958 0.010709  0.642225 0.148628 1 4 1.000000
0  -6.872774 -2.196090 53.827663  0.996384 0.084963 0.001036  0.597404 0.165857 1 4 1.000000
0  -6.900588 -1.369516 53.710743  0.997904 0.031952 0.056267  0.597676 0.147300 1 4 1.000000
tactical_vest
0  -6.990375 -1.117684 55.708164  0.993767 0.110958 0.010709  0.642225 0.148628 1 4 1.000000
0  -6.855013 -1.949785 55.830612  0.986038 0.158425 -0.051285  0.642084 0.167342 1 4 1.000000
0  -6.872774 -2.196090 53.827663  0.996384 0.084963 0.001036  0.597404 0.165857 1 4 1.000000
tactical_vest
0  -6.855013 -1.949785 55.830612  0.986038 0.158425 -0.051285  0.642084 0.167342 1 4 1.000000
0  -6.732739 -3.531701 54.019329  0.982074 0.187160 -0.022402  0.597101 0.195898 1 4 1.000000
0  -6.872774 -2.196090 53.827663  0.996384 0.084963 0.001036  0.597404 0.165857 1 4 1.000000
tactical_vest
0  -6.855013 -1.949785 55.830612  0.986038 0.158425 -0.051285  0.642084 0.167342 1 4 1.000000
0  -6.589473 -3.171178 56.042561  0.969019 0.241438 -0.052061  0.642658 0.194969 1 4 1.000000
0  -6.732739 -3.531701 54.019329  0.982074 0.187160 -0.022402  0.597101 0.195898 1 4 1.000000
tactical_vest
0  -6.589473 -3.171178 56.042561  0.969019 0.241438 -0.052061  0.642658 0.194969 1 4 1.000000
0  -6.668174 -3.826854 54.008556  0.972177 0.233944 -0.011898  0.595875 0.202356 1 4 1.000000
0  -6.732739 -3.531701 54.019329  0.982074 0.187160 -0.022402  0.597101 0.195898 1 4 1.000000
tactical_vest
0  -6.589473 -3.171178 56.042561  0.969019 0.241438 -0.052061  0.642658 0.194969 1 4 1.000000
0  -6.518424 -3.404327 56.141651  0.942407 0.333786 -0.021339  0.644061 0.200451 1 4 1.000000
0  -6.668174 -3.826854 54.008556  0.972177 0.233944 -0.011898  0.595875 0.202356 1 4 1.000000
tactical_vest
0  -6.518424 -3.404327 56.141651  0.942407 0.333786 -0.021339  0.644061 0.200451 1 4 1.000000
0  -6.409227 -4.626791 54.170879  0.909838 0.376291 -0.174930  0.596801 0.220552 1 4 1.000000
0  -6.668174 -3.826854 54.008556  0.972177 0.233944 -0.011898  0.595875 0.202356 1 4 1.000000
tactical_vest
0  -6.518424 -3.404327 56.141651  0.942407 0.333786 -0.021339  0.644061 0.200451 1 4 1.000000
0  -6.232085 -3.993631 56.243603  0.881870 0.423906 -0.206419  0.644490 0.214799 1 4 1.000000
0  -6.409227 -4.626791 54.170879  0.909838 0.376291 -0.174930  0.596801 0.220552 1 4 1.000000
tactical_vest
0  -6.232085 -3.993631 56.243603  0.881870 0.423906 -0.206419  0.644490 0.214799 1 4 1.000000
0  -6.083936 -5.205459 54.310108  0.717251 0.635307 -0.286244  0.598027 0.233837 1 4 1.000000
0  -6.409227 -4.626791 54.170879  0.909838 0.376291 -0.174930  0.596801 0.220552 1 4 1.000000
tactical_vest
0  -6.232085 -3.993631 56.243603  0.881870 0.423906 -0.206419  0.644490 0.214799 1 4 1.000000
0  -6.015768 -4.358523 56.352890  0.745706 0.609039 -0.270175  0.645374 0.223926 1 4 1.000000
0  -6.083936 -5.205459 54.310108  0.717251 0.635307 -0.286244  0.598027 0.233837 1 4 1.000000
tactical_vest
0  -6.668174 -3.826854 54.008556  0.972177 0.233944 -0.011898  0.595875 0.202356 1 4 1.000000
0  -6.695711 -3.581651 53.826958  0.969765 0.205911 0.130979  0.592730 0.196339 1 4 1.000000
0  -6.732739 -3.531701 54.019329  0.982074 0.187160 -0.022402  0.597101 0.195898 1 4 1.000000
tactical_vest
0  -6.668174 -3.826854 54.008556  0.972177 0.233944 -0.011898  0.595875 0.202356 1 4 1.000000
0  -6.636682 -3.899561 53.883099  0.971073 0.202625 0.126336  0.592889 0.203526 1 4 1.000000
0  -6.695711 -3.581651 53.826958  0.969765 0.205911 0.130979  0.592730 0.196339 1 4 1.000000
tactical_vest
0  -5.942769 4.287174 55.035252  0.677487 -0.685689 0.266162  0.646994 0.028193 1 4 1.000000
0  -5.790298 3.611711 53.112087  0.828279 -0.491630 0.268799  0.602563 0.036391 1 4 1.000000
0  -5.538718 3.966187 53.084034  0.753417 -0.610783 0.243531  0.603321 0.028604 1 4 1.000000
tactical_vest
0  -5.942769 4.287174 55.035252  0.677487 -0.685689 0.266162  0.646994 0.028193 1 4 1.000000
0  -6.243098 3.961837 55.051361  0.785728 -0.547184 0.288480  0.646048 0.035283 1 4 1.000000
0  -5.790298 3.611711 53.112087  0.828279 -0.491630 0.268799  0.602563 0.036391 1 4 1.000000
tactical_vest
0  -6.243098 3.961837 55.051361  0.785728 -0.547184 0.288480  0.646048 0.035283 1 4 1.000000
0  -6.044386 3.119123 53.166897  0.880652 -0.380418 0.282373  0.601910 0.047299 1 4 1.000000
0  -5.790298 3.611711 53.112087  0.828279 -0.491630 0.268799  0.602563 0.036391 1 4 1.000000
tactical_vest
0  -6.243098 3.961837 55.051361  0.785728 -0.547184 0.288480  0.646048 0.035283 1 4 1.000000
0  -6.519271 3.485780 55.100113  0.870882 -0.396991 0.289764  0.645307 0.045800 1 4 1.000000
0  -6.044386 3.119123 53.166897  0.880652 -0.380418 0.282373  0.601910 0.047299 1 4 1.000000
tactical_vest
0  -6.519271 3.485780 55.100113  0.870882 -0.396991 0.289764  0.645307 0.045800 1 4 1.000000
0  -6.280386 2.546051 53.237011  0.901599 -0.326185 0.284116  0.601322 0.060032 1 4 1.000000
0  -6.044386 3.119123 53.166897  0.880652 -0.380418 0.282373  0.601910 0.047299 1 4 1.000000
tactical_vest
0  -6.519271 3.485780 55.100113  0.870882 -0.396991 0.289764  0.645307 0.045800 1 4 1.000000
0  -6.758628 2.911062 55.170021  0.911787 -0.305069 0.274912  0.644707 0.058567 1 4 1.000000
0  -6.280386 2.546051 53.237011  0.901599 -0.326185 0.284116  0.601322 0.060032 1 4 1.000000
tactical_vest
0  -6.758628 2.911062 55.170021  0.911787 -0.305069 0.274912  0.644707 0.058567 1 4 1.000000
0  -6.505772 1.966064 53.309895  0.925874 -0.266798 0.267536  0.600798 0.072942 1 4 1.000000
0  -6.280386 2.546051 53.237011  0.901599 -0.326185 0.284116  0.601322 0.060032 1 4 1.000000
tactical_vest
0  -6.758628 2.911062 55.170021  0.911787 -0.305069 0.274912  0.644707 0.058567 1 4 1.000000
0  -6.945854 2.320366 55.245384  0.941985 -0.225151 0.248941  0.644201 0.071721 1 4 1.000000
0  -6.505772 1.966064 53.309895  0.925874 -0.266798 0.267536  0.600798 0.072942 1 4 1.000000
tactical_vest
0  -6.945854 2.320366 55.245384  0.941985 -0.225151 0.248941  0.644201 0.071721 1 4 1.000000
0  -6.662898 1.391426 53.378769  0.954939 -0.174765 0.239894  0.600225 0.085732 1 4 1.000000
0  -6.505772 1.966064 53.309895  0.925874 -0.266798 0.267536  0.600798 0.072942 1 4 1.000000
tactical_vest
0  -6.945854 2.320366 55.245384  0.941985 -0.225151 0.248941  0.644201 0.071721 1 4 1.000000
0  -7.076588 1.726898 55.322361  0.970572 -0.113652 0.212307  0.643753 0.084960 1 4 1.000000
0  -6.662898 1.391426 53.378769  0.954939 -0.174765 0.239894  0.600225 0.085732 1 4 1.000000
tactical_vest
0  -7.076588 1.726898 55.322361  0.970572 -0.113652 0.212307  0.643753 0.084960 1 4 1.000000
0  -6.757445 0.809674 53.442001  0.973085 -0.106271 0.204479  0.599514 0.098666 1 4 1.000000
0  -6.662898 1.391426 53.378769  0.954939 -0.174765 0.239894  0.600225 0.085732 1 4 1.000000
tactical_vest
0  -7.076588 1.726898 55.322361  0.970572 -0.113652 0.212307  0.643753 0.084960 1 4 1.000000
0  -7.107128 1.118882 55.401608  0.986108 -0.021173 0.164750  0.643333 0.098544 1 4 1.000000
0  -6.757445 0.809674 53.442001  0.973085 -0.106271 0.204479  0.599514 0.098666 1 4 1.000000
tactical_vest
0  -7.107128 1.118882 55.401608  0.986108 -0.021173 0.164750  0.643333 0.098544 1 4 1.000000
0  -6.837078 0.170724 53.512810  0.984186 -0.067798 0.163649  0.598776 0.112884 1 4 1.000000
0  -6.757445 0.809674 53.442001  0.973085 -0.106271 0.204479  0.599514 0.098666 1 4 1.000000
tactical_vest
0  -7.107128 1.118882 55.401608  0.986108 -0.021173 0.164750  0.643333 0.098544 1 4 1.000000
0  -7.116310 0.454079 55.489769  0.992947 0.026596 0.115542  0.642924 0.113412 1 4 1.000000
0  -6.837078 0.170724 53.512810  0.984186 -0.067798 0.163649  0.598776 0.112884 1 4 1.000000
tactical_vest
0  -7.116310 0.454079 55.489769  0.992947 0.026596 0.115542  0.642924 0.113412 1 4 1.000000
0  -6.892986 -0.566511 53.603828  0.994062 -0.011705 0.108186  0.598147 0.129332 1 4 1.000000
0  -6.837078 0.170724 53.512810  0.984186 -0.067798 0.163649  0.598776 0.112884 1 4 1.000000
tactical_vest
0  -7.116310 0.454079 55.489769  0.992947 0.026596 0.115542  0.642924 0.113412 1 4 1.000000
0  -7.063697 -0.301412 55.592850  0.995321 0.075572 0.060212  0.642529 0.130322 1 4 1.000000
0  -6.892986 -0.566511 53.603828  0.994062 -0.011705 0.108186  0.598147 0.129332 1 4 1.000000
tactical_vest
0  -7.063697 -0.301412 55.592850  0.995321 0.075572 0.060212  0.642529 0.130322 1 4 1.000000
0  -6.900588 -1.369516 53.710743  0.997904 0.031952 0.056267  0.597676 0.147300 1 4 1.000000
0  -6.892986 -0.566511 53.603828  0.994062 -0.011705 0.108186  0.598147 0.129332 1 4 1.000000
tactical_vest
0  -7.063697 -0.301412 55.592850  0.995321 0.075572 0.060212  0.642529 0.130322 1 4 1.000000
0  -6.990375 -1.117684 55.708164  0.993767 0.110958 0.010709  0.642225 0.148628 1 4 1.000000
0  -6.900588 -1.369516 53.710743  0.997904 0.031952 0.056267  0.597676 0.147300 1 4 1.000000
tactical_vest
0  6.584085 -3.527671 54.120235  -0.116894 0.962761 -0.243775  0.708039 0.413033 1 4 1.000000
0  6.969118 -3.542146 53.878437  -0.077107 0.970018 -0.230476  0.716936 0.417818 1 4 1.000000
0  6.546904 -3.579653 53.928436  -0.113988 0.964248 -0.239234  0.707464 0.417486 1 4 1.000000
tactical_vest
0  6.584085 -3.527671 54.120235  -0.116894 0.962761 -0.243775  0.708039 0.413033 1 4 1.000000
0  6.867966 -3.501872 54.078274  -0.042413 0.975040 -0.217938  0.714425 0.413432 1 4 1.000000
0  6.969118 -3.542146 53.878437  -0.077107 0.970018 -0.230476  0.716936 0.417818 1 4 1.000000
tactical_vest
0  6.867966 -3.501872 54.078274  -0.042413 0.975040 -0.217938  0.714425 0.413432 1 4 1.000000
0  6.910925 -3.084983 56.283672  -0.060876 0.988842 -0.135963  0.716251 0.363475 1 4 1.000000
0  6.969118 -3.542146 53.878437  -0.077107 0.970018 -0.230476  0.716936 0.417818 1 4 1.000000
tactical_vest
0  6.867966 -3.501872 54.078274  -0.042413 0.975040 -0.217938  0.714425 0.413432 1 4 1.000000
0  6.789247 -3.118130 56.097206  -0.036289 0.987596 -0.152762  0.713850 0.367818 1 4 1.000000
0  6.910925 -3.084983 56.283672  -0.060876 0.988842 -0.135963  0.716251 0.363475 1 4 1.000000
tactical_vest
0  6.789247 -3.118130 56.097206  -0.036289 0.987596 -0.152762  0.713850 0.367818 1 4 1.000000
0  6.525632 -3.119513 56.333664  -0.105005 0.988225 -0.111285  0.707598 0.363080 1 4 1.000000
0  6.910925 -3.084983 56.283672  -0.060876 0.988842 -0.135963  0.716251 0.363475 1 4 1.000000
tactical_vest
0  6.789247 -3.118130 56.097206  -0.036289 0.987596 -0.152762  0.713850 0.367818 1 4 1.000000
0  6.505365 -3.143930 56.139153  -0.106464 0.987884 -0.112915  0.707464 0.367419 1 4 1.000000
0  6.525632 -3.119513 56.333664  -0.105005 0.988225 -0.111285  0.707598 0.363080 1 4 1.000000
tactical_vest
0  6.525632 -3.119513 56.333664  0.116712 0.124229 0.985366  0.704333 0.426713 1 4 1.000000
0  6.835044 -3.357192 56.326981  0.116710 0.124231 0.985366  0.698488 0.420497 1 4 1.000000
0  6.910925 -3.084983 56.283672  0.116707 0.124235 0.985366  0.704341 0.418103 1 4 1.000000
tactical_vest
0  6.525632 -3.119513 56.333664  0.116712 0.124229 0.985366  0.704333 0.426713 1 4 1.000000
0  6.450169 -3.391685 56.376915  0.116716 0.124225 0.985366  0.698479 0.429097 1 4 1.000000
0  6.835044 -3.357192 56.326981  0.116710 0.124231 0.985366  0.698488 0.420497 1 4 1.000000
tactical_vest
0  6.485759 -3.896484 53.988270  -0.101407 -0.165709 -0.980947  0.741177 0.418890 1 4 1.000000
0  6.969118 -3.542146 53.878437  -0.101395 -0.165721 -0.980946  0.748147 0.430407 1 4 1.000000
0  6.907562 -3.859018 53.938343  -0.101362 -0.165756 -0.980944  0.741177 0.428316 1 4 1.000000
tactical_vest
0  6.485759 -3.896484 53.988270  -0.101407 -0.165709 -0.980947  0.741177 0.418890 1 4 1.000000
0  6.546904 -3.579653 53.928436  -0.101440 -0.165673 -0.980950  0.748147 0.420972 1 4 1.000000
0  6.969118 -3.542146 53.878437  -0.101395 -0.165721 -0.980946  0.748147 0.430407 1 4 1.000000
tactical_vest
0  6.910925 -3.084983 56.283672  0.965155 -0.248905 0.080763  0.803700 0.214265 1 4 1.000000
0  6.907562 -3.859018 53.938343  0.980827 -0.185477 0.059807  0.810501 0.268557 1 4 1.000000
0  6.969118 -3.542146 53.878437  0.981993 -0.179812 0.057935  0.803700 0.268626 1 4 1.000000
tactical_vest
0  6.910925 -3.084983 56.283672  0.965155 -0.248905 0.080763  0.803700 0.214265 1 4 1.000000
0  6.835044 -3.357192 56.326981  0.963291 -0.255341 0.082889  0.809419 0.214382 1 4 1.000000
0  6.907562 -3.859018 53.938343  0.980827 -0.185477 0.059807  0.810501 0.268557 1 4 1.000000
tactical_vest
0  6.818544 -3.795154 54.068405  0.138393 -0.852785 0.503592  0.568806 0.439090 1 4 1.000000
0  6.485759 -3.896484 53.988270  0.145403 -0.861814 0.485936  0.576210 0.441916 1 4 1.000000
0  6.907562 -3.859018 53.938343  0.135805 -0.849376 0.510017  0.566747 0.442231 1 4 1.000000
tactical_vest
0  6.818544 -3.795154 54.068405  0.138393 -0.852785 0.503592  0.568806 0.439090 1 4 1.000000
0  6.517609 -3.822505 54.112888  0.149168 -0.866541 0.476294  0.575575 0.438718 1 4 1.000000
0  6.485759 -3.896484 53.988270  0.145403 -0.861814 0.485936  0.576210 0.441916 1 4 1.000000
tactical_vest
0  6.432714 -3.375423 56.240929  0.128635 0.172758 0.976528  0.696136 0.422486 1 4 1.000000
0  6.526648 -3.966656 56.333149  0.129435 0.165916 0.977609  0.688339 0.433343 1 4 1.000000
0  6.733648 -3.348076 56.196445  0.128623 0.172759 0.976530  0.691031 0.418103 1 4 1.000000
tactical_vest
0  6.432714 -3.375423 56.240929  0.128635 0.172758 0.976528  0.696136 0.422486 1 4 1.000000
0  6.225712 -3.994003 56.377628  0.130295 0.158304 0.978756  0.693444 0.437725 1 4 1.000000
0  6.526648 -3.966656 56.333149  0.129435 0.165916 0.977609  0.688339 0.433343 1 4 1.000000
tactical_vest
0  6.225712 -3.994003 56.377628  0.130295 0.158304 0.978756  0.693444 0.437725 1 4 1.000000
0  6.276814 -4.371983 56.429005  0.133623 0.128036 0.982727  0.689168 0.444695 1 4 1.000000
0  6.526648 -3.966656 56.333149  0.129435 0.165916 0.977609  0.688339 0.433343 1 4 1.000000
tactical_vest
0  6.225712 -3.994003 56.377628  0.130295 0.158304 0.978756  0.693444 0.437725 1 4 1.000000
0  5.975879 -4.399333 56.473484  0.136772 0.064290 0.988514  0.694273 0.449077 1 4 1.000000
0  6.276814 -4.371983 56.429005  0.133623 0.128036 0.982727  0.689168 0.444695 1 4 1.000000
tactical_vest
0  5.975879 -4.399333 56.473484  0.136772 0.064290 0.988514  0.694273 0.449077 1 4 1.000000
0  5.671536 -4.808949 56.530460  0.113971 0.053306 0.992053  0.690840 0.457544 1 4 1.000000
0  6.276814 -4.371983 56.429005  0.133623 0.128036 0.982727  0.689168 0.444695 1 4 1.000000
tactical_vest
0  5.975879 -4.399333 56.473484  0.136772 0.064290 0.988514  0.694273 0.449077 1 4 1.000000
0  5.436500 -4.723419 56.551407  0.109155 0.056933 0.992393  0.696136 0.458985 1 4 1.000000
0  5.671536 -4.808949 56.530460  0.113971 0.053306 0.992053  0.690840 0.457544 1 4 1.000000
tactical_vest
0  6.432714 -3.375423 56.240929  0.071967 -0.989301 -0.126900  0.576210 0.395257 1 4 1.000000
0  6.835044 -3.357192 56.326981  0.071697 -0.989487 -0.125595  0.567460 0.393448 1 4 1.000000
0  6.450169 -3.391685 56.376915  0.072102 -0.989208 -0.127552  0.576103 0.393088 1 4 1.000000
tactical_vest
0  6.432714 -3.375423 56.240929  0.071967 -0.989301 -0.126900  0.576210 0.395257 1 4 1.000000
0  6.733648 -3.348076 56.196445  0.071501 -0.989621 -0.124648  0.569441 0.395629 1 4 1.000000
0  6.835044 -3.357192 56.326981  0.071697 -0.989487 -0.125595  0.567460 0.393448 1 4 1.000000
tactical_vest
0  5.409713 -5.577918 54.531055  -0.131492 -0.115486 -0.984567  0.688339 0.415761 1 4 1.000000
0  6.136746 -5.166275 54.385689  -0.130293 -0.154579 -0.979351  0.699992 0.396414 1 4 1.000000
0  5.644750 -5.663447 54.510117  -0.130435 -0.117341 -0.984488  0.693691 0.414340 1 4 1.000000
tactical_vest
0  5.409713 -5.577918 54.531055  -0.131492 -0.115486 -0.984567  0.688339 0.415761 1 4 1.000000
0  5.835810 -5.193624 54.430164  -0.134019 -0.124051 -0.983184  0.694860 0.400769 1 4 1.000000
0  6.136746 -5.166275 54.385689  -0.130293 -0.154579 -0.979351  0.699992 0.396414 1 4 1.000000
tactical_vest
0  5.835810 -5.193624 54.430164  -0.134019 -0.124051 -0.983184  0.694860 0.400769 1 4 1.000000
0  6.492630 -4.591421 54.239941  -0.129967 -0.160687 -0.978411  0.698718 0.381491 1 4 1.000000
0  6.136746 -5.166275 54.385689  -0.130293 -0.154579 -0.979351  0.699992 0.396414 1 4 1.000000
tactical_vest
0  5.835810 -5.193624 54.430164  -0.134019 -0.124051 -0.983184  0.694860 0.400769 1 4 1.000000
0  6.191693 -4.618771 54.284409  -0.129525 -0.164486 -0.977838  0.693586 0.385846 1 4 1.000000
0  6.492630 -4.591421 54.239941  -0.129967 -0.160687 -0.978411  0.698718 0.381491 1 4 1.000000
tactical_vest
0  6.191693 -4.618771 54.284409  -0.129525 -0.164486 -0.977838  0.693586 0.385846 1 4 1.000000
0  6.818544 -3.795154 54.068405  -0.130353 -0.157500 -0.978878  0.693471 0.363282 1 4 1.000000
0  6.492630 -4.591421 54.239941  -0.129967 -0.160687 -0.978411  0.698718 0.381491 1 4 1.000000
tactical_vest
0  6.191693 -4.618771 54.284409  -0.129525 -0.164486 -0.977838  0.693586 0.385846 1 4 1.000000
0  6.517609 -3.822505 54.112888  -0.130362 -0.157491 -0.978878  0.688339 0.367637 1 4 1.000000
0  6.818544 -3.795154 54.068405  -0.130353 -0.157500 -0.978878  0.693471 0.363282 1 4 1.000000
tactical_vest
0  6.953150 0.472039 55.543892  0.132301 0.140002 0.981273  0.766150 0.134083 1 4 1.000000
0  7.201736 -0.257324 55.614994  0.132140 0.141327 0.981104  0.762591 0.151335 1 4 1.000000
0  7.230246 0.497225 55.502937  0.132322 0.139864 0.981289  0.759981 0.134657 1 4 1.000000
tactical_vest
0  6.953150 0.472039 55.543892  0.132301 0.140002 0.981273  0.766150 0.134083 1 4 1.000000
0  6.924644 -0.282504 55.655945  0.132126 0.141466 0.981086  0.768760 0.150761 1 4 1.000000
0  7.201736 -0.257324 55.614994  0.132140 0.141327 0.981104  0.762591 0.151335 1 4 1.000000
tactical_vest
0  6.924644 -0.282504 55.655945  0.132126 0.141466 0.981086  0.768760 0.150761 1 4 1.000000
0  7.150092 -1.072114 55.739952  0.132315 0.139891 0.981286  0.766779 0.169065 1 4 1.000000
0  7.201736 -0.257324 55.614994  0.132140 0.141327 0.981104  0.762591 0.151335 1 4 1.000000
tactical_vest
0  6.924644 -0.282504 55.655945  0.132126 0.141466 0.981086  0.768760 0.150761 1 4 1.000000
0  6.872996 -1.097298 55.780914  0.132398 0.139199 0.981374  0.772947 0.168491 1 4 1.000000
0  7.150092 -1.072114 55.739952  0.132315 0.139891 0.981286  0.766779 0.169065 1 4 1.000000
tactical_vest
0  6.872996 -1.097298 55.780914  0.132398 0.139199 0.981374  0.772947 0.168491 1 4 1.000000
0  7.028965 -1.901944 55.872120  0.131819 0.144566 0.980676  0.773422 0.186626 1 4 1.000000
0  7.150092 -1.072114 55.739952  0.132315 0.139891 0.981286  0.766779 0.169065 1 4 1.000000
tactical_vest
0  6.872996 -1.097298 55.780914  0.132398 0.139199 0.981374  0.772947 0.168491 1 4 1.000000
0  6.751868 -1.927125 55.913082  0.131447 0.147864 0.980234  0.779591 0.186052 1 4 1.000000
0  7.028965 -1.901944 55.872120  0.131819 0.144566 0.980676  0.773422 0.186626 1 4 1.000000
tactical_vest
0  6.751868 -1.927125 55.913082  0.131447 0.147864 0.980234  0.779591 0.186052 1 4 1.000000
0  6.789247 -3.118130 56.097206  0.130586 0.155473 0.979171  0.785958 0.211923 1 4 1.000000
0  7.028965 -1.901944 55.872120  0.131819 0.144566 0.980676  0.773422 0.186626 1 4 1.000000
tactical_vest
0  6.751868 -1.927125 55.913082  0.131447 0.147864 0.980234  0.779591 0.186052 1 4 1.000000
0  6.505365 -3.143930 56.139153  0.130590 0.155473 0.979170  0.792277 0.211335 1 4 1.000000
0  6.789247 -3.118130 56.097206  0.130586 0.155473 0.979171  0.785958 0.211923 1 4 1.000000
tactical_vest
0  5.014467 4.879553 55.005539  0.053074 0.155649 0.986386  0.792277 0.028193 1 4 1.000000
0  5.886252 4.628356 54.998264  0.131405 0.194321 0.972097  0.774539 0.037597 1 4 1.000000
0  5.294288 4.906424 54.997009  0.024883 0.057512 0.998035  0.786075 0.028921 1 4 1.000000
tactical_vest
0  5.014467 4.879553 55.005539  0.053074 0.155649 0.986386  0.792277 0.028193 1 4 1.000000
0  5.610009 4.600711 55.043198  0.120036 0.319456 0.939968  0.780705 0.037100 1 4 1.000000
0  5.886252 4.628356 54.998264  0.131405 0.194321 0.972097  0.774539 0.037597 1 4 1.000000
tactical_vest
0  5.610009 4.600711 55.043198  0.120036 0.319456 0.939968  0.780705 0.037100 1 4 1.000000
0  6.228025 4.333442 55.000900  0.133571 0.165742 0.977082  0.768510 0.045437 1 4 1.000000
0  5.886252 4.628356 54.998264  0.131405 0.194321 0.972097  0.774539 0.037597 1 4 1.000000
tactical_vest
0  5.610009 4.600711 55.043198  0.120036 0.319456 0.939968  0.780705 0.037100 1 4 1.000000
0  5.951134 4.307636 55.042839  0.133090 0.157932 0.978440  0.774678 0.044883 1 4 1.000000
0  6.228025 4.333442 55.000900  0.133571 0.165742 0.977082  0.768510 0.045437 1 4 1.000000
tactical_vest
0  5.951134 4.307636 55.042839  0.133090 0.157932 0.978440  0.774678 0.044883 1 4 1.000000
0  6.485780 4.005754 55.022125  0.129057 0.172716 0.976480  0.763594 0.053859 1 4 1.000000
0  6.228025 4.333442 55.000900  0.133571 0.165742 0.977082  0.768510 0.045437 1 4 1.000000
tactical_vest
0  5.951134 4.307636 55.042839  0.133090 0.157932 0.978440  0.774678 0.044883 1 4 1.000000
0  6.208684 3.980573 55.063087  0.129211 0.167920 0.977296  0.769762 0.053285 1 4 1.000000
0  6.485780 4.005754 55.022125  0.129057 0.172716 0.976480  0.763594 0.053859 1 4 1.000000
tactical_vest
0  6.208684 3.980573 55.063087  0.129211 0.167920 0.977296  0.769762 0.053285 1 4 1.000000
0  6.728589 3.528530 55.076778  0.127779 0.180548 0.975231  0.759961 0.065481 1 4 1.000000
0  6.485780 4.005754 55.022125  0.129057 0.172716 0.976480  0.763594 0.053859 1 4 1.000000
tactical_vest
0  6.208684 3.980573 55.063087  0.129211 0.167920 0.977296  0.769762 0.053285 1 4 1.000000
0  6.451493 3.503347 55.117741  0.127923 0.179349 0.975433  0.766129 0.064907 1 4 1.000000
0  6.728589 3.528530 55.076778  0.127779 0.180548 0.975231  0.759961 0.065481 1 4 1.000000
tactical_vest
0  6.451493 3.503347 55.117741  0.127923 0.179349 0.975433  0.766129 0.064907 1 4 1.000000
0  6.965825 2.953141 55.153709  0.128329 0.175679 0.976048  0.757622 0.079106 1 4 1.000000
0  6.728589 3.528530 55.076778  0.127779 0.180548 0.975231  0.759961 0.065481 1 4 1.000000
tactical_vest
0  6.451493 3.503347 55.117741  0.127923 0.179349 0.975433  0.766129 0.064907 1 4 1.000000
0  6.688728 2.927957 55.194668  0.128118 0.177369 0.975769  0.763791 0.078532 1 4 1.000000
0  6.965825 2.953141 55.153709  0.128329 0.175679 0.976048  0.757622 0.079106 1 4 1.000000
tactical_vest
0  6.688728 2.927957 55.194668  0.128118 0.177369 0.975769  0.763791 0.078532 1 4 1.000000
0  7.120763 2.362173 55.236233  0.129692 0.163660 0.977955  0.756496 0.092838 1 4 1.000000
0  6.965825 2.953141 55.153709  0.128329 0.175679 0.976048  0.757622 0.079106 1 4 1.000000
tactical_vest
0  6.688728 2.927957 55.194668  0.128118 0.177369 0.975769  0.763791 0.078532 1 4 1.000000
0  6.843666 2.336990 55.277187  0.129608 0.164358 0.977849  0.762664 0.092264 1 4 1.000000
0  7.120763 2.362173 55.236233  0.129692 0.163660 0.977955  0.756496 0.092838 1 4 1.000000
tactical_vest
0  6.843666 2.336990 55.277187  0.129608 0.164358 0.977849  0.762664 0.092264 1 4 1.000000
0  7.207558 1.768821 55.320343  0.130913 0.152739 0.979557  0.756607 0.106359 1 4 1.000000
0  7.120763 2.362173 55.236233  0.129692 0.163660 0.977955  0.756496 0.092838 1 4 1.000000
tactical_vest
0  6.843666 2.336990 55.277187  0.129608 0.164358 0.977849  0.762664 0.092264 1 4 1.000000
0  6.930463 1.743640 55.361309  0.130923 0.152686 0.979564  0.762775 0.105785 1 4 1.000000
0  7.207558 1.768821 55.320343  0.130913 0.152739 0.979557  0.756607 0.106359 1 4 1.000000
tactical_vest
0  6.930463 1.743640 55.361309  0.130923 0.152686 0.979564  0.762775 0.105785 1 4 1.000000
0  7.244471 1.161291 55.406857  0.131941 0.143613 0.980799  0.757914 0.119942 1 4 1.000000
0  7.207558 1.768821 55.320343  0.130913 0.152739 0.979557  0.756607 0.106359 1 4 1.000000
tactical_vest
0  6.930463 1.743640 55.361309  0.130923 0.152686 0.979564  0.762775 0.105785 1 4 1.000000
0  6.967375 1.136105 55.447815  0.131998 0.143126 0.980863  0.764082 0.119368 1 4 1.000000
0  7.244471 1.161291 55.406857  0.131941 0.143613 0.980799  0.757914 0.119942 1 4 1.000000
tactical_vest
0  6.967375 1.136105 55.447815  0.131998 0.143126 0.980863  0.764082 0.119368 1 4 1.000000
0  7.230246 0.497225 55.502937  0.132322 0.139864 0.981289  0.759981 0.134657 1 4 1.000000
0  7.244471 1.161291 55.406857  0.131941 0.143613 0.980799  0.757914 0.119942 1 4 1.000000
tactical_vest
0  6.967375 1.136105 55.447815  0.131998 0.143126 0.980863  0.764082 0.119368 1 4 1.000000
0  6.953150 0.472039 55.543892  0.132301 0.140002 0.981273  0.766150 0.134083 1 4 1.000000
0  7.230246 0.497225 55.502937  0.132322 0.139864 0.981289  0.759981 0.134657 1 4 1.000000
tactical_vest
0  6.733648 -3.348076 56.196445  -0.323176 -0.928059 0.185103  0.569441 0.395629 1 4 1.000000
0  6.907562 -3.859018 53.938343  -0.387605 -0.905073 0.174942  0.566747 0.442231 1 4 1.000000
0  6.835044 -3.357192 56.326981  -0.321994 -0.928435 0.185279  0.567460 0.393448 1 4 1.000000
tactical_vest
0  6.733648 -3.348076 56.196445  -0.323176 -0.928059 0.185103  0.569441 0.395629 1 4 1.000000
0  6.818544 -3.795154 54.068405  -0.393495 -0.902719 0.173955  0.568806 0.439090 1 4 1.000000
0  6.907562 -3.859018 53.938343  -0.387605 -0.905073 0.174942  0.566747 0.442231 1 4 1.000000
tactical_vest
0  6.517609 -3.822505 54.112888  -0.965181 0.261568 -0.002686  0.587232 0.221600 1 4 1.000000
0  6.546904 -3.579653 53.928436  -0.968522 0.213741 0.127594  0.590387 0.215713 1 4 1.000000
0  6.485759 -3.896484 53.988270  -0.969853 0.210390 0.122973  0.590232 0.222684 1 4 1.000000
tactical_vest
0  6.517609 -3.822505 54.112888  -0.965181 0.261568 -0.002686  0.587232 0.221600 1 4 1.000000
0  6.584085 -3.527671 54.120235  -0.979690 0.200092 -0.013095  0.585995 0.215363 1 4 1.000000
0  6.546904 -3.579653 53.928436  -0.968522 0.213741 0.127594  0.590387 0.215713 1 4 1.000000
tactical_vest
0  6.225712 -3.994003 56.377628  -0.911657 0.397612 -0.103856  0.538651 0.233276 1 4 1.000000
0  5.835810 -5.193624 54.430164  -0.769643 0.611142 -0.184811  0.585289 0.251195 1 4 1.000000
0  5.975879 -4.399333 56.473484  -0.736026 0.640172 -0.220105  0.537910 0.241450 1 4 1.000000
tactical_vest
0  6.225712 -3.994003 56.377628  -0.911657 0.397612 -0.103856  0.538651 0.233276 1 4 1.000000
0  6.191693 -4.618771 54.284409  -0.896854 0.425600 -0.120489  0.586381 0.238933 1 4 1.000000
0  5.835810 -5.193624 54.430164  -0.769643 0.611142 -0.184811  0.585289 0.251195 1 4 1.000000
tactical_vest
0  6.432714 -3.375423 56.240929  -0.947010 0.320910 0.013746  0.538980 0.219805 1 4 1.000000
0  6.191693 -4.618771 54.284409  -0.896854 0.425600 -0.120489  0.586381 0.238933 1 4 1.000000
0  6.225712 -3.994003 56.377628  -0.911657 0.397612 -0.103856  0.538651 0.233276 1 4 1.000000
tactical_vest
0  6.432714 -3.375423 56.240929  -0.947010 0.320910 0.013746  0.538980 0.219805 1 4 1.000000
0  6.517609 -3.822505 54.112888  -0.965181 0.261568 -0.002686  0.587232 0.221600 1 4 1.000000
0  6.191693 -4.618771 54.284409  -0.896854 0.425600 -0.120489  0.586381 0.238933 1 4 1.000000
tactical_vest
0  6.505365 -3.143930 56.139153  -0.968625 0.246173 -0.034128  0.540365 0.214568 1 4 1.000000
0  6.517609 -3.822505 54.112888  -0.965181 0.261568 -0.002686  0.587232 0.221600 1 4 1.000000
0  6.432714 -3.375423 56.240929  -0.947010 0.320910 0.013746  0.538980 0.219805 1 4 1.000000
tactical_vest
0  6.505365 -3.143930 56.139153  -0.968625 0.246173 -0.034128  0.540365 0.214568 1 4 1.000000
0  6.584085 -3.527671 54.120235  -0.979690 0.200092 -0.013095  0.585995 0.215363 1 4 1.000000
0  6.517609 -3.822505 54.112888  -0.965181 0.261568 -0.002686  0.587232 0.221600 1 4 1.000000
tactical_vest
0  6.751868 -1.927125 55.913082  -0.986604 0.155283 -0.050006  0.540878 0.187992 1 4 1.000000
0  6.584085 -3.527671 54.120235  -0.979690 0.200092 -0.013095  0.585995 0.215363 1 4 1.000000
0  6.505365 -3.143930 56.139153  -0.968625 0.246173 -0.034128  0.540365 0.214568 1 4 1.000000
tactical_vest
0  6.751868 -1.927125 55.913082  -0.986604 0.155283 -0.050006  0.540878 0.187992 1 4 1.000000
0  6.792064 -2.196002 53.913017  -0.993423 0.112574 -0.020930  0.585678 0.186201 1 4 1.000000
0  6.584085 -3.527671 54.120235  -0.979690 0.200092 -0.013095  0.585995 0.215363 1 4 1.000000
tactical_vest
0  6.872996 -1.097298 55.780914  -0.995739 0.091754 -0.009192  0.540748 0.169728 1 4 1.000000
0  6.792064 -2.196002 53.913017  -0.993423 0.112574 -0.020930  0.585678 0.186201 1 4 1.000000
0  6.751868 -1.927125 55.913082  -0.986604 0.155283 -0.050006  0.540878 0.187992 1 4 1.000000
tactical_vest
0  6.872996 -1.097298 55.780914  -0.995739 0.091754 -0.009192  0.540748 0.169728 1 4 1.000000
0  6.838156 -1.371318 53.786400  -0.999179 0.030156 0.027041  0.585446 0.167952 1 4 1.000000
0  6.792064 -2.196002 53.913017  -0.993423 0.112574 -0.020930  0.585678 0.186201 1 4 1.000000
tactical_vest
0  6.924644 -0.282504 55.655945  -0.998435 0.044763 0.033531  0.540517 0.151557 1 4 1.000000
0  6.838156 -1.371318 53.786400  -0.999179 0.030156 0.027041  0.585446 0.167952 1 4 1.000000
0  6.872996 -1.097298 55.780914  -0.995739 0.091754 -0.009192  0.540748 0.169728 1 4 1.000000
tactical_vest
0  6.924644 -0.282504 55.655945  -0.998435 0.044763 0.033531  0.540517 0.151557 1 4 1.000000
0  6.818205 -0.569356 53.669933  -0.997814 -0.010783 0.065195  0.585078 0.149967 1 4 1.000000
0  6.838156 -1.371318 53.786400  -0.999179 0.030156 0.027041  0.585446 0.167952 1 4 1.000000
tactical_vest
0  6.953150 0.472039 55.543892  -0.997398 0.031146 0.065011  0.540225 0.134603 1 4 1.000000
0  6.818205 -0.569356 53.669933  -0.997814 -0.010783 0.065195  0.585078 0.149967 1 4 1.000000
0  6.924644 -0.282504 55.655945  -0.998435 0.044763 0.033531  0.540517 0.151557 1 4 1.000000
tactical_vest
0  6.953150 0.472039 55.543892  -0.997398 0.031146 0.065011  0.540225 0.134603 1 4 1.000000
0  6.795270 0.167457 53.570099  -0.995569 -0.019775 0.091930  0.584583 0.133303 1 4 1.000000
0  6.818205 -0.569356 53.669933  -0.997814 -0.010783 0.065195  0.585078 0.149967 1 4 1.000000
tactical_vest
0  6.967375 1.136105 55.447815  -0.995286 -0.013241 0.096072  0.539912 0.119666 1 4 1.000000
0  6.795270 0.167457 53.570099  -0.995569 -0.019775 0.091930  0.584583 0.133303 1 4 1.000000
0  6.953150 0.472039 55.543892  -0.997398 0.031146 0.065011  0.540225 0.134603 1 4 1.000000
tactical_vest
0  6.967375 1.136105 55.447815  -0.995286 -0.013241 0.096072  0.539912 0.119666 1 4 1.000000
0  6.765231 0.806318 53.491627  -0.990524 -0.063981 0.121530  0.583978 0.118818 1 4 1.000000
0  6.795270 0.167457 53.570099  -0.995569 -0.019775 0.091930  0.584583 0.133303 1 4 1.000000
tactical_vest
0  6.930463 1.743640 55.361309  -0.987357 -0.090492 0.130141  0.539596 0.105941 1 4 1.000000
0  6.765231 0.806318 53.491627  -0.990524 -0.063981 0.121530  0.583978 0.118818 1 4 1.000000
0  6.967375 1.136105 55.447815  -0.995286 -0.013241 0.096072  0.539912 0.119666 1 4 1.000000
tactical_vest
0  6.930463 1.743640 55.361309  -0.987357 -0.090492 0.130141  0.539596 0.105941 1 4 1.000000
0  6.691195 1.388136 53.421379  -0.969765 -0.173937 0.171178  0.583400 0.105581 1 4 1.000000
0  6.765231 0.806318 53.491627  -0.990524 -0.063981 0.121530  0.583978 0.118818 1 4 1.000000
tactical_vest
0  6.505365 -3.143930 56.139153  -0.968625 0.246173 -0.034128  0.540365 0.214568 1 4 1.000000
0  6.450169 -3.391685 56.376915  -0.939060 0.322750 0.118318  0.536060 0.220693 1 4 1.000000
0  6.525632 -3.119513 56.333664  -0.958874 0.276233 0.065237  0.536015 0.214789 1 4 1.000000
tactical_vest
0  6.505365 -3.143930 56.139153  -0.968625 0.246173 -0.034128  0.540365 0.214568 1 4 1.000000
0  6.432714 -3.375423 56.240929  -0.947010 0.320910 0.013746  0.538980 0.219805 1 4 1.000000
0  6.450169 -3.391685 56.376915  -0.939060 0.322750 0.118318  0.536060 0.220693 1 4 1.000000
tactical_vest
0  6.843666 2.336990 55.277187  -0.965286 -0.186542 0.182827  0.539280 0.092410 1 4 1.000000
0  6.691195 1.388136 53.421379  -0.969765 -0.173937 0.171178  0.583400 0.105581 1 4 1.000000
0  6.930463 1.743640 55.361309  -0.987357 -0.090492 0.130141  0.539596 0.105941 1 4 1.000000
tactical_vest
0  6.843666 2.336990 55.277187  -0.965286 -0.186542 0.182827  0.539280 0.092410 1 4 1.000000
0  6.510118 1.962900 53.345562  -0.929359 -0.287482 0.231617  0.582971 0.092430 1 4 1.000000
0  6.691195 1.388136 53.421379  -0.969765 -0.173937 0.171178  0.583400 0.105581 1 4 1.000000
tactical_vest
0  6.688728 2.927957 55.194668  -0.926680 -0.290222 0.238822  0.538939 0.078802 1 4 1.000000
0  6.510118 1.962900 53.345562  -0.929359 -0.287482 0.231617  0.582971 0.092430 1 4 1.000000
0  6.843666 2.336990 55.277187  -0.965286 -0.186542 0.182827  0.539280 0.092410 1 4 1.000000
tactical_vest
0  6.688728 2.927957 55.194668  -0.926680 -0.290222 0.238822  0.538939 0.078802 1 4 1.000000
0  6.279034 2.543203 53.265644  -0.908016 -0.330185 0.257846  0.582612 0.079057 1 4 1.000000
0  6.510118 1.962900 53.345562  -0.929359 -0.287482 0.231617  0.582971 0.092430 1 4 1.000000
tactical_vest
0  6.451493 3.503347 55.117741  -0.889122 -0.374936 0.262459  0.538534 0.065428 1 4 1.000000
0  6.279034 2.543203 53.265644  -0.908016 -0.330185 0.257846  0.582612 0.079057 1 4 1.000000
0  6.688728 2.927957 55.194668  -0.926680 -0.290222 0.238822  0.538939 0.078802 1 4 1.000000
tactical_vest
0  6.451493 3.503347 55.117741  -0.889122 -0.374936 0.262459  0.538534 0.065428 1 4 1.000000
0  6.046824 3.116922 53.188541  -0.890411 -0.372789 0.261146  0.582217 0.065727 1 4 1.000000
0  6.279034 2.543203 53.265644  -0.908016 -0.330185 0.257846  0.582612 0.079057 1 4 1.000000
tactical_vest
0  6.208684 3.980573 55.063087  -0.822763 -0.499479 0.271261  0.538000 0.054184 1 4 1.000000
0  6.046824 3.116922 53.188541  -0.890411 -0.372789 0.261146  0.582217 0.065727 1 4 1.000000
0  6.451493 3.503347 55.117741  -0.889122 -0.374936 0.262459  0.538534 0.065428 1 4 1.000000
tactical_vest
0  6.208684 3.980573 55.063087  -0.822763 -0.499479 0.271261  0.538000 0.054184 1 4 1.000000
0  5.795991 3.610463 53.127659  -0.836323 -0.480307 0.264328  0.581759 0.054158 1 4 1.000000
0  6.046824 3.116922 53.188541  -0.890411 -0.372789 0.261146  0.582217 0.065727 1 4 1.000000
tactical_vest
0  5.951134 4.307636 55.042839  -0.704667 -0.657150 0.267578  0.537259 0.046274 1 4 1.000000
0  5.795991 3.610463 53.127659  -0.836323 -0.480307 0.264328  0.581759 0.054158 1 4 1.000000
0  6.208684 3.980573 55.063087  -0.822763 -0.499479 0.271261  0.538000 0.054184 1 4 1.000000
tactical_vest
0  5.951134 4.307636 55.042839  -0.704667 -0.657150 0.267578  0.537259 0.046274 1 4 1.000000
0  5.546746 3.966208 53.095169  -0.757588 -0.602957 0.250009  0.581181 0.045696 1 4 1.000000
0  5.795991 3.610463 53.127659  -0.836323 -0.480307 0.264328  0.581759 0.054158 1 4 1.000000
tactical_vest
0  5.610009 4.600711 55.043198  -0.544604 -0.803269 0.241175  0.536191 0.039078 1 4 1.000000
0  5.546746 3.966208 53.095169  -0.757588 -0.602957 0.250009  0.581181 0.045696 1 4 1.000000
0  5.951134 4.307636 55.042839  -0.704667 -0.657150 0.267578  0.537259 0.046274 1 4 1.000000
tactical_vest
0  5.610009 4.600711 55.043198  -0.544604 -0.803269 0.241175  0.536191 0.039078 1 4 1.000000
0  5.263083 4.278027 53.082516  -0.678551 -0.696075 0.234623  0.580329 0.038181 1 4 1.000000
0  5.546746 3.966208 53.095169  -0.757588 -0.602957 0.250009  0.581181 0.045696 1 4 1.000000
tactical_vest
0  5.014467 4.879553 55.005539  -0.425036 -0.878104 0.219723  0.536015 0.031445 1 4 1.000000
0  5.263083 4.278027 53.082516  -0.678551 -0.696075 0.234623  0.580329 0.038181 1 4 1.000000
0  5.610009 4.600711 55.043198  -0.544604 -0.803269 0.241175  0.536191 0.039078 1 4 1.000000
tactical_vest
0  -5.002378 4.853396 55.005550  0.836838 -0.544761 0.054207  0.663321 0.418127 1 4 1.000000
0  -5.253029 4.276284 53.075325  0.836838 -0.544761 0.054207  0.678128 0.457877 1 4 1.000000
0  -4.975793 4.702207 53.075752  0.836838 -0.544761 0.054207  0.670942 0.453697 1 4 1.000000
tactical_vest
0  -5.053212 3.449361 55.688663  -0.641679 -0.749102 0.164607  0.162881 0.895232 1 4 1.000000
0  -5.771218 3.438588 52.840679  -0.604347 -0.781435 0.155318  0.148343 0.959132 1 4 1.000000
0  -5.120214 2.947962 52.828796  -0.593044 -0.790596 0.152503  0.162881 0.959355 1 4 1.000000
tactical_vest
0  -5.053212 3.449361 55.688663  -0.641679 -0.749102 0.164607  0.162881 0.895232 1 4 1.000000
0  -5.705541 3.938703 55.285820  -0.655872 -0.735909 0.168136  0.148529 0.904260 1 4 1.000000
0  -5.771218 3.438588 52.840679  -0.604347 -0.781435 0.155318  0.148343 0.959132 1 4 1.000000
tactical_vest
0  4.041534 4.802569 52.826916  0.013208 0.007017 -0.999888  0.412233 0.588606 1 4 1.000000
0  5.807208 3.438589 52.840675  0.013123 0.006905 -0.999890  0.391062 0.633587 1 4 1.000000
0  5.156203 2.947963 52.828793  0.013083 0.006853 -0.999891  0.408952 0.636598 1 4 1.000000
tactical_vest
0  4.041534 4.802569 52.826916  0.013208 0.007017 -0.999888  0.412233 0.588606 1 4 1.000000
0  4.796827 5.321605 52.840591  0.013246 0.007065 -0.999887  0.391988 0.586103 1 4 1.000000
0  5.807208 3.438589 52.840675  0.013123 0.006905 -0.999890  0.391062 0.633587 1 4 1.000000
tactical_vest
0  5.089202 3.449363 55.688663  -0.861191 -0.502972 0.073280  0.297096 0.898757 1 4 1.000000
0  3.532199 6.054710 55.052074  -0.823426 -0.536964 -0.183411  0.238117 0.904542 1 4 1.000000
0  3.655720 5.648079 53.689491  -0.866731 -0.492315 0.080023  0.241761 0.935878 1 4 1.000000
tactical_vest
0  3.655720 5.648079 53.689491  -0.866731 -0.492315 0.080023  0.241761 0.935878 1 4 1.000000
0  4.041534 4.802569 52.826916  -0.863189 -0.498454 0.080308  0.256849 0.957614 1 4 1.000000
0  5.089202 3.449363 55.688663  -0.861191 -0.502972 0.073280  0.297096 0.898757 1 4 1.000000
tactical_vest
0  4.041534 4.802569 52.826916  -0.863189 -0.498454 0.080308  0.256849 0.957614 1 4 1.000000
0  5.156203 2.947963 52.828793  -0.855029 -0.513827 0.070054  0.297096 0.963399 1 4 1.000000
0  5.089202 3.449363 55.688663  -0.861191 -0.502972 0.073280  0.297096 0.898757 1 4 1.000000
tactical_vest
0  5.294288 4.906424 54.997009  0.840849 0.537958 -0.059784  0.695803 0.030261 1 4 1.000000
0  5.539327 4.305670 53.037582  0.840849 0.537958 -0.059784  0.650895 0.038418 1 4 1.000000
0  5.268438 4.732581 53.069115  0.840849 0.537958 -0.059784  0.652859 0.028193 1 4 1.000000
tactical_vest
0  -5.138751 4.622396 60.430687  0.145409 -0.520058 0.841663  0.589356 0.390425 1 4 1.000000
0  -4.105010 5.047433 60.514725  0.145379 -0.519948 0.841736  0.586734 0.361709 1 4 1.000000
0  -5.160912 4.722558 60.496407  0.145411 -0.520067 0.841657  0.586734 0.390622 1 4 1.000000
tactical_vest
0  -5.138751 4.622396 60.430687  0.145409 -0.520058 0.841663  0.589356 0.390425 1 4 1.000000
0  -4.082850 4.947276 60.449032  0.145376 -0.519939 0.841742  0.589356 0.361512 1 4 1.000000
0  -4.105010 5.047433 60.514725  0.145379 -0.519948 0.841736  0.586734 0.361709 1 4 1.000000
tactical_vest
0  -3.888040 4.221165 61.433098  -0.010434 0.546916 -0.837122  0.586734 0.328673 1 4 1.000000
0  -5.029698 4.187910 61.425610  -0.010439 0.546971 -0.837086  0.589914 0.359170 1 4 1.000000
0  -3.910201 4.321324 61.498810  -0.010433 0.546912 -0.837125  0.589914 0.328816 1 4 1.000000
tactical_vest
0  -3.888040 4.221165 61.433098  -0.010434 0.546916 -0.837122  0.586734 0.328673 1 4 1.000000
0  -5.007538 4.087751 61.359886  -0.010440 0.546976 -0.837083  0.586734 0.359027 1 4 1.000000
0  -5.029698 4.187910 61.425610  -0.010439 0.546971 -0.837086  0.589914 0.359170 1 4 1.000000
tactical_vest
0  -3.997563 5.024015 60.353817  -0.145039 0.519958 -0.841788  0.643098 0.275053 1 4 1.000000
0  -5.276453 4.741491 60.399673  -0.145080 0.520095 -0.841696  0.646279 0.309869 1 4 1.000000
0  -4.019725 5.124170 60.419498  -0.145037 0.519949 -0.841794  0.646279 0.274919 1 4 1.000000
tactical_vest
0  -3.997563 5.024015 60.353817  -0.145039 0.519958 -0.841788  0.643098 0.275053 1 4 1.000000
0  -5.254294 4.641329 60.333961  -0.145083 0.520104 -0.841691  0.643098 0.310003 1 4 1.000000
0  -5.276453 4.741491 60.399673  -0.145080 0.520095 -0.841696  0.646279 0.309869 1 4 1.000000
tactical_vest
0  -5.101121 4.008400 61.437927  0.010310 -0.546919 0.837122  0.645716 0.272335 1 4 1.000000
0  -3.788935 4.269020 61.592041  0.010305 -0.546924 0.837119  0.643098 0.236420 1 4 1.000000
0  -5.123279 4.108562 61.503639  0.010310 -0.546919 0.837122  0.643098 0.272577 1 4 1.000000
tactical_vest
0  -5.101121 4.008400 61.437927  0.010310 -0.546919 0.837122  0.645716 0.272335 1 4 1.000000
0  -3.766777 4.168859 61.526329  0.010305 -0.546925 0.837118  0.645716 0.236179 1 4 1.000000
0  -3.788935 4.269020 61.592041  0.010305 -0.546924 0.837119  0.643098 0.236420 1 4 1.000000
tactical_vest
0  -5.083271 4.434477 61.092449  -0.175952 0.824139 0.538364  0.643191 0.462492 1 4 1.000000
0  -5.258245 4.659117 60.609798  -0.228693 0.875883 0.424886  0.633782 0.465497 1 4 1.000000
0  -5.189028 4.411121 61.094189  -0.173103 0.825029 0.537924  0.643348 0.465394 1 4 1.000000
tactical_vest
0  -5.083271 4.434477 61.092449  -0.175952 0.824139 0.538364  0.643191 0.462492 1 4 1.000000
0  -5.153489 4.686661 60.610104  -0.212146 0.884048 0.416478  0.633525 0.462606 1 4 1.000000
0  -5.258245 4.659117 60.609798  -0.228693 0.875883 0.424886  0.633782 0.465497 1 4 1.000000
tactical_vest
0  -5.153489 4.686661 60.610104  -0.212146 0.884048 0.416478  0.633525 0.462606 1 4 1.000000
0  -5.276453 4.741491 60.399673  -0.220916 0.883808 0.412406  0.630336 0.465331 1 4 1.000000
0  -5.258245 4.659117 60.609798  -0.228693 0.875883 0.424886  0.633782 0.465497 1 4 1.000000
tactical_vest
0  -5.153489 4.686661 60.610104  -0.212146 0.884048 0.416478  0.633525 0.462606 1 4 1.000000
0  -5.160912 4.722558 60.496407  -0.183646 0.900272 0.394695  0.631895 0.462488 1 4 1.000000
0  -5.276453 4.741491 60.399673  -0.220916 0.883808 0.412406  0.630336 0.465331 1 4 1.000000
tactical_vest
0  -5.160912 4.722558 60.496407  -0.183646 0.900272 0.394695  0.631895 0.462488 1 4 1.000000
0  -4.019725 5.124170 60.419498  -0.201210 0.842061 0.500448  0.625995 0.430468 1 4 1.000000
0  -5.276453 4.741491 60.399673  -0.220916 0.883808 0.412406  0.630336 0.465331 1 4 1.000000
tactical_vest
0  -5.160912 4.722558 60.496407  -0.183646 0.900272 0.394695  0.631895 0.462488 1 4 1.000000
0  -4.105010 5.047433 60.514725  -0.212448 0.833266 0.510426  0.628172 0.433184 1 4 1.000000
0  -4.019725 5.124170 60.419498  -0.201210 0.842061 0.500448  0.625995 0.430468 1 4 1.000000
tactical_vest
0  -4.105010 5.047433 60.514725  -0.212448 0.833266 0.510426  0.628172 0.433184 1 4 1.000000
0  -3.976964 5.013194 60.597210  -0.182508 0.790113 0.585160  0.630097 0.430051 1 4 1.000000
0  -4.019725 5.124170 60.419498  -0.201210 0.842061 0.500448  0.625995 0.430468 1 4 1.000000
tactical_vest
0  -4.105010 5.047433 60.514725  -0.212448 0.833266 0.510426  0.628172 0.433184 1 4 1.000000
0  -4.080898 4.983047 60.601837  -0.195279 0.774756 0.601348  0.630454 0.432938 1 4 1.000000
0  -3.976964 5.013194 60.597210  -0.182508 0.790113 0.585160  0.630097 0.430051 1 4 1.000000
tactical_vest
0  -4.080898 4.983047 60.601837  -0.195279 0.774756 0.601348  0.630454 0.432938 1 4 1.000000
0  -3.883590 4.731011 61.006966  -0.163422 0.780368 0.603588  0.640211 0.429338 1 4 1.000000
0  -3.976964 5.013194 60.597210  -0.182508 0.790113 0.585160  0.630097 0.430051 1 4 1.000000
tactical_vest
0  -4.080898 4.983047 60.601837  -0.195279 0.774756 0.601348  0.630454 0.432938 1 4 1.000000
0  -3.989216 4.706964 61.009930  -0.160805 0.781372 0.602992  0.640393 0.432242 1 4 1.000000
0  -3.883590 4.731011 61.006966  -0.163422 0.780368 0.603588  0.640211 0.429338 1 4 1.000000
tactical_vest
0  -3.989216 4.706964 61.009930  -0.160805 0.781372 0.602992  0.640393 0.432242 1 4 1.000000
0  -3.788935 4.269020 61.592041  -0.143846 0.771588 0.619646  0.656014 0.429588 1 4 1.000000
0  -3.883590 4.731011 61.006966  -0.163422 0.780368 0.603588  0.640211 0.429338 1 4 1.000000
tactical_vest
0  -3.989216 4.706964 61.009930  -0.160805 0.781372 0.602992  0.640393 0.432242 1 4 1.000000
0  -3.910201 4.321324 61.498810  -0.143493 0.771509 0.619826  0.653587 0.432451 1 4 1.000000
0  -3.788935 4.269020 61.592041  -0.143846 0.771588 0.619646  0.656014 0.429588 1 4 1.000000
tactical_vest
0  -3.910201 4.321324 61.498810  -0.143493 0.771509 0.619826  0.653587 0.432451 1 4 1.000000
0  -5.123279 4.108562 61.503639  -0.146271 0.776386 0.613050  0.653868 0.465497 1 4 1.000000
0  -3.788935 4.269020 61.592041  -0.143846 0.771588 0.619646  0.656014 0.429588 1 4 1.000000
tactical_vest
0  -3.910201 4.321324 61.498810  -0.143493 0.771509 0.619826  0.653587 0.432451 1 4 1.000000
0  -5.029698 4.187910 61.425610  -0.146329 0.775841 0.613725  0.651761 0.462575 1 4 1.000000
0  -5.123279 4.108562 61.503639  -0.146271 0.776386 0.613050  0.653868 0.465497 1 4 1.000000
tactical_vest
0  -5.029698 4.187910 61.425610  -0.146329 0.775841 0.613725  0.651761 0.462575 1 4 1.000000
0  -5.189028 4.411121 61.094189  -0.173103 0.825029 0.537924  0.643348 0.465394 1 4 1.000000
0  -5.123279 4.108562 61.503639  -0.146271 0.776386 0.613050  0.653868 0.465497 1 4 1.000000
tactical_vest
0  -5.029698 4.187910 61.425610  -0.146329 0.775841 0.613725  0.651761 0.462575 1 4 1.000000
0  -5.083271 4.434477 61.092449  -0.175952 0.824139 0.538364  0.643191 0.462492 1 4 1.000000
0  -5.189028 4.411121 61.094189  -0.173103 0.825029 0.537924  0.643348 0.465394 1 4 1.000000
tactical_vest
0  -5.254294 4.641329 60.333961  -0.976397 -0.215986 -0.000057  0.910593 0.199654 1 4 1.000000
0  -5.258245 4.659117 60.609798  -0.974669 -0.223345 0.011717  0.906447 0.193499 1 4 1.000000
0  -5.276453 4.741491 60.399673  -0.976399 -0.215973 -0.000058  0.907348 0.199517 1 4 1.000000
tactical_vest
0  -5.254294 4.641329 60.333961  -0.976397 -0.215986 -0.000057  0.910593 0.199654 1 4 1.000000
0  -5.236083 4.558960 60.544106  -0.974953 -0.222193 0.009861  0.909692 0.193636 1 4 1.000000
0  -5.258245 4.659117 60.609798  -0.974669 -0.223345 0.011717  0.906447 0.193499 1 4 1.000000
tactical_vest
0  -5.236083 4.558960 60.544106  -0.974953 -0.222193 0.009861  0.909692 0.193636 1 4 1.000000
0  -5.189028 4.411121 61.094189  -0.974969 -0.222123 0.009829  0.905762 0.178791 1 4 1.000000
0  -5.258245 4.659117 60.609798  -0.974669 -0.223345 0.011717  0.906447 0.193499 1 4 1.000000
tactical_vest
0  -5.236083 4.558960 60.544106  -0.974953 -0.222193 0.009861  0.909692 0.193636 1 4 1.000000
0  -5.166872 4.310961 61.028473  -0.974965 -0.222139 0.009861  0.909007 0.178927 1 4 1.000000
0  -5.189028 4.411121 61.094189  -0.974969 -0.222123 0.009829  0.905762 0.178791 1 4 1.000000
tactical_vest
0  -5.166872 4.310961 61.028473  -0.974965 -0.222139 0.009861  0.909007 0.178927 1 4 1.000000
0  -5.123279 4.108562 61.503639  -0.976653 -0.214814 -0.001898  0.907348 0.165099 1 4 1.000000
0  -5.189028 4.411121 61.094189  -0.974969 -0.222123 0.009829  0.905762 0.178791 1 4 1.000000
tactical_vest
0  -5.166872 4.310961 61.028473  -0.974965 -0.222139 0.009861  0.909007 0.178927 1 4 1.000000
0  -5.101121 4.008400 61.437927  -0.976653 -0.214815 -0.001899  0.910593 0.165236 1 4 1.000000
0  -5.123279 4.108562 61.503639  -0.976653 -0.214814 -0.001898  0.907348 0.165099 1 4 1.000000
tactical_vest
0  -5.007538 4.087751 61.359886  0.976652 0.214818 0.001933  0.920065 0.165267 1 4 1.000000
0  -5.083271 4.434477 61.092449  0.974953 0.222189 -0.009891  0.924564 0.176203 1 4 1.000000
0  -5.029698 4.187910 61.425610  0.976652 0.214819 0.001933  0.923284 0.165099 1 4 1.000000
tactical_vest
0  -5.007538 4.087751 61.359886  0.976652 0.214818 0.001933  0.920065 0.165267 1 4 1.000000
0  -5.061110 4.334313 61.026741  0.974959 0.222166 -0.009846  0.921344 0.176370 1 4 1.000000
0  -5.083271 4.434477 61.092449  0.974953 0.222189 -0.009891  0.924564 0.176203 1 4 1.000000
tactical_vest
0  -5.061110 4.334313 61.026741  0.974959 0.222166 -0.009846  0.921344 0.176370 1 4 1.000000
0  -5.153489 4.686661 60.610104  0.974863 0.222562 -0.010379  0.923975 0.190868 1 4 1.000000
0  -5.083271 4.434477 61.092449  0.974953 0.222189 -0.009891  0.924564 0.176203 1 4 1.000000
tactical_vest
0  -5.061110 4.334313 61.026741  0.974959 0.222166 -0.009846  0.921344 0.176370 1 4 1.000000
0  -5.131323 4.586506 60.544415  0.975268 0.220892 -0.007717  0.920755 0.191035 1 4 1.000000
0  -5.153489 4.686661 60.610104  0.974863 0.222562 -0.010379  0.923975 0.190868 1 4 1.000000
tactical_vest
0  -5.131323 4.586506 60.544415  0.975268 0.220892 -0.007717  0.920755 0.191035 1 4 1.000000
0  -5.160912 4.722558 60.496407  0.976880 0.213757 0.003681  0.923284 0.194002 1 4 1.000000
0  -5.153489 4.686661 60.610104  0.974863 0.222562 -0.010379  0.923975 0.190868 1 4 1.000000
tactical_vest
0  -5.131323 4.586506 60.544415  0.975268 0.220892 -0.007717  0.920755 0.191035 1 4 1.000000
0  -5.138751 4.622396 60.430687  0.976883 0.213744 0.003648  0.920065 0.194169 1 4 1.000000
0  -5.160912 4.722558 60.496407  0.976880 0.213757 0.003681  0.923284 0.194002 1 4 1.000000
tactical_vest
0  -3.766777 4.168859 61.526329  0.977495 0.210794 0.008308  0.681126 0.310217 1 4 1.000000
0  -3.883590 4.731011 61.006966  0.972918 0.230045 -0.022589  0.685107 0.330486 1 4 1.000000
0  -3.788935 4.269020 61.592041  0.977495 0.210795 0.008308  0.684345 0.310397 1 4 1.000000
tactical_vest
0  -3.766777 4.168859 61.526329  0.977495 0.210794 0.008308  0.681126 0.310217 1 4 1.000000
0  -3.861432 4.630850 60.941254  0.973430 0.228151 -0.019525  0.681888 0.330305 1 4 1.000000
0  -3.883590 4.731011 61.006966  0.972918 0.230045 -0.022589  0.685107 0.330486 1 4 1.000000
tactical_vest
0  -3.861432 4.630850 60.941254  0.973430 0.228151 -0.019525  0.681888 0.330305 1 4 1.000000
0  -3.976964 5.013194 60.597210  0.965516 0.253238 -0.060403  0.684748 0.343921 1 4 1.000000
0  -3.883590 4.731011 61.006966  0.972918 0.230045 -0.022589  0.685107 0.330486 1 4 1.000000
tactical_vest
0  -3.861432 4.630850 60.941254  0.973430 0.228151 -0.019525  0.681888 0.330305 1 4 1.000000
0  -3.954805 4.913033 60.531490  0.965613 0.252976 -0.059961  0.681529 0.343741 1 4 1.000000
0  -3.976964 5.013194 60.597210  0.965516 0.253238 -0.060403  0.684748 0.343921 1 4 1.000000
tactical_vest
0  -3.954805 4.913033 60.531490  0.965613 0.252976 -0.059961  0.681529 0.343741 1 4 1.000000
0  -4.019725 5.124170 60.419498  0.963317 0.259074 -0.070009  0.684345 0.349570 1 4 1.000000
0  -3.976964 5.013194 60.597210  0.965516 0.253238 -0.060403  0.684748 0.343921 1 4 1.000000
tactical_vest
0  -3.954805 4.913033 60.531490  0.965613 0.252976 -0.059961  0.681529 0.343741 1 4 1.000000
0  -3.997563 5.024015 60.353817  0.963316 0.259080 -0.070004  0.681126 0.349390 1 4 1.000000
0  -4.019725 5.124170 60.419498  0.963317 0.259074 -0.070009  0.684345 0.349570 1 4 1.000000
tactical_vest
0  -4.082850 4.947276 60.449032  -0.962513 -0.261110 0.073421  0.646841 0.345540 1 4 1.000000
0  -4.080898 4.983047 60.601837  -0.965082 -0.254417 0.062356  0.643615 0.342823 1 4 1.000000
0  -4.105010 5.047433 60.514725  -0.962510 -0.261119 0.073423  0.643602 0.345779 1 4 1.000000
tactical_vest
0  -4.082850 4.947276 60.449032  -0.962513 -0.261110 0.073421  0.646841 0.345540 1 4 1.000000
0  -4.058739 4.882887 60.536125  -0.965315 -0.253786 0.061320  0.646854 0.342584 1 4 1.000000
0  -4.080898 4.983047 60.601837  -0.965082 -0.254417 0.062356  0.643615 0.342823 1 4 1.000000
tactical_vest
0  -4.058739 4.882887 60.536125  -0.965315 -0.253786 0.061320  0.646854 0.342584 1 4 1.000000
0  -3.989216 4.706964 61.009930  -0.972935 -0.229985 0.022466  0.643098 0.329431 1 4 1.000000
0  -4.080898 4.983047 60.601837  -0.965082 -0.254417 0.062356  0.643615 0.342823 1 4 1.000000
tactical_vest
0  -4.058739 4.882887 60.536125  -0.965315 -0.253786 0.061320  0.646854 0.342584 1 4 1.000000
0  -3.967057 4.606803 60.944214  -0.973418 -0.228197 0.019573  0.646337 0.329192 1 4 1.000000
0  -3.989216 4.706964 61.009930  -0.972935 -0.229985 0.022466  0.643098 0.329431 1 4 1.000000
tactical_vest
0  -3.967057 4.606803 60.944214  -0.973418 -0.228197 0.019573  0.646337 0.329192 1 4 1.000000
0  -3.910201 4.321324 61.498810  -0.977488 -0.210826 -0.008311  0.643615 0.312584 1 4 1.000000
0  -3.989216 4.706964 61.009930  -0.972935 -0.229985 0.022466  0.643098 0.329431 1 4 1.000000
tactical_vest
0  -3.967057 4.606803 60.944214  -0.973418 -0.228197 0.019573  0.646337 0.329192 1 4 1.000000
0  -3.888040 4.221165 61.433098  -0.977488 -0.210829 -0.008312  0.646854 0.312345 1 4 1.000000
0  -3.910201 4.321324 61.498810  -0.977488 -0.210826 -0.008311  0.643615 0.312584 1 4 1.000000
tactical_vest
0  -4.936162 0.893813 62.196465  0.597082 0.051086 0.800552  0.860820 0.371075 1 4 1.000000
0  -4.888789 0.732028 62.171467  0.596977 0.051081 0.800630  0.862005 0.375196 1 4 1.000000
0  -4.892879 0.893733 62.164196  0.597117 0.051088 0.800526  0.862005 0.370916 1 4 1.000000
tactical_vest
0  -4.936162 0.893813 62.196465  0.597082 0.051086 0.800552  0.860820 0.371075 1 4 1.000000
0  -4.931912 0.725753 62.204018  0.596945 0.051079 0.800655  0.860820 0.375522 1 4 1.000000
0  -4.888789 0.732028 62.171467  0.596977 0.051081 0.800630  0.862005 0.375196 1 4 1.000000
tactical_vest
0  -4.923370 0.743668 62.355022  -0.982688 -0.032315 -0.182427  0.685700 0.352525 1 4 1.000000
0  -4.892879 0.893733 62.164196  -0.982664 -0.032454 -0.182531  0.681363 0.357266 1 4 1.000000
0  -4.888789 0.732028 62.171467  -0.982556 -0.033081 -0.183000  0.685700 0.357435 1 4 1.000000
tactical_vest
0  -4.923370 0.743668 62.355022  -0.982688 -0.032315 -0.182427  0.685700 0.352525 1 4 1.000000
0  -4.930496 0.915254 62.363583  -0.982787 -0.031742 -0.181997  0.681126 0.351912 1 4 1.000000
0  -4.892879 0.893733 62.164196  -0.982664 -0.032454 -0.182531  0.681363 0.357266 1 4 1.000000
tactical_vest
0  -3.332734 0.903956 62.810604  0.969742 0.012536 0.243812  0.925002 0.196512 1 4 1.000000
0  -3.260203 0.704722 62.532364  0.969742 0.012536 0.243810  0.920065 0.204262 1 4 1.000000
0  -3.264335 0.879725 62.539799  0.969743 0.012537 0.243807  0.924748 0.203777 1 4 1.000000
tactical_vest
0  -3.332734 0.903956 62.810604  0.969742 0.012536 0.243812  0.925002 0.196512 1 4 1.000000
0  -3.328379 0.719453 62.802769  0.969741 0.012534 0.243814  0.920065 0.197022 1 4 1.000000
0  -3.260203 0.704722 62.532364  0.969742 0.012536 0.243810  0.920065 0.204262 1 4 1.000000
tactical_vest
0  -3.332734 0.903956 62.810604  -0.270551 -0.047998 0.961508  0.685887 0.307397 1 4 1.000000
0  -4.923370 0.743668 62.355022  -0.269445 -0.058318 0.961248  0.681473 0.265118 1 4 1.000000
0  -3.328379 0.719453 62.802769  -0.270633 -0.047220 0.961524  0.681126 0.307875 1 4 1.000000
tactical_vest
0  -3.332734 0.903956 62.810604  -0.270551 -0.047998 0.961508  0.685887 0.307397 1 4 1.000000
0  -4.930496 0.915254 62.363583  -0.269356 -0.059141 0.961223  0.685887 0.264591 1 4 1.000000
0  -4.923370 0.743668 62.355022  -0.269445 -0.058318 0.961248  0.681473 0.265118 1 4 1.000000
tactical_vest
0  -3.239319 0.697375 62.579105  0.234377 0.137806 -0.962329  0.756496 0.214265 1 4 1.000000
0  -4.920776 0.133018 61.997086  0.246512 0.362102 -0.898952  0.801358 0.236559 1 4 1.000000
0  -4.931912 0.725753 62.204018  0.220473 0.148354 -0.964045  0.801358 0.221542 1 4 1.000000
tactical_vest
0  -3.239319 0.697375 62.579105  0.234377 0.137806 -0.962329  0.756496 0.214265 1 4 1.000000
0  -3.228283 -0.078169 62.419117  0.278555 0.285952 -0.916864  0.756740 0.231762 1 4 1.000000
0  -4.920776 0.133018 61.997086  0.246512 0.362102 -0.898952  0.801358 0.236559 1 4 1.000000
tactical_vest
0  -3.228283 -0.078169 62.419117  0.278555 0.285952 -0.916864  0.756740 0.231762 1 4 1.000000
0  -4.910007 -0.443556 61.710594  0.290047 0.457265 -0.840703  0.801244 0.252822 1 4 1.000000
0  -4.920776 0.133018 61.997086  0.246512 0.362102 -0.898952  0.801358 0.236559 1 4 1.000000
tactical_vest
0  -3.228283 -0.078169 62.419117  0.278555 0.285952 -0.916864  0.756740 0.231762 1 4 1.000000
0  -3.219506 -0.719157 62.173492  0.316476 0.387931 -0.865652  0.756798 0.248427 1 4 1.000000
0  -4.910007 -0.443556 61.710594  0.290047 0.457265 -0.840703  0.801244 0.252822 1 4 1.000000
tactical_vest
0  -3.219506 -0.719157 62.173492  0.316476 0.387931 -0.865652  0.756798 0.248427 1 4 1.000000
0  -4.894944 -1.004721 61.368114  0.326944 0.540964 -0.774897  0.800925 0.269887 1 4 1.000000
0  -4.910007 -0.443556 61.710594  0.290047 0.457265 -0.840703  0.801244 0.252822 1 4 1.000000
tactical_vest
0  -3.219506 -0.719157 62.173492  0.316476 0.387931 -0.865652  0.756798 0.248427 1 4 1.000000
0  -3.219956 -1.339732 61.876938  0.347528 0.491331 -0.798635  0.757015 0.265705 1 4 1.000000
0  -4.894944 -1.004721 61.368114  0.326944 0.540964 -0.774897  0.800925 0.269887 1 4 1.000000
tactical_vest
0  -3.219956 -1.339732 61.876938  0.347528 0.491331 -0.798635  0.757015 0.265705 1 4 1.000000
0  -4.873218 -1.542373 60.933426  0.345502 0.624611 -0.700349  0.800280 0.288305 1 4 1.000000
0  -4.894944 -1.004721 61.368114  0.326944 0.540964 -0.774897  0.800925 0.269887 1 4 1.000000
tactical_vest
0  -3.219956 -1.339732 61.876938  0.347528 0.491331 -0.798635  0.757015 0.265705 1 4 1.000000
0  -3.229223 -1.825136 61.505970  0.359471 0.593861 -0.719798  0.757236 0.281925 1 4 1.000000
0  -4.873218 -1.542373 60.933426  0.345502 0.624611 -0.700349  0.800280 0.288305 1 4 1.000000
tactical_vest
0  -3.229223 -1.825136 61.505970  0.359471 0.593861 -0.719798  0.757236 0.281925 1 4 1.000000
0  -4.850141 -2.080941 60.421852  0.349746 0.672339 -0.652409  0.799496 0.308234 1 4 1.000000
0  -4.873218 -1.542373 60.933426  0.345502 0.624611 -0.700349  0.800280 0.288305 1 4 1.000000
tactical_vest
0  -3.229223 -1.825136 61.505970  0.359471 0.593861 -0.719798  0.757236 0.281925 1 4 1.000000
0  -3.229819 -2.257965 61.121025  0.354363 0.658069 -0.664358  0.757154 0.297438 1 4 1.000000
0  -4.850141 -2.080941 60.421852  0.349746 0.672339 -0.652409  0.799496 0.308234 1 4 1.000000
tactical_vest
0  -3.229819 -2.257965 61.121025  0.354363 0.658069 -0.664358  0.757154 0.297438 1 4 1.000000
0  -4.832357 -2.629668 59.830647  0.335167 0.710245 -0.619044  0.798756 0.329900 1 4 1.000000
0  -4.850141 -2.080941 60.421852  0.349746 0.672339 -0.652409  0.799496 0.308234 1 4 1.000000
tactical_vest
0  -3.229819 -2.257965 61.121025  0.354363 0.658069 -0.664358  0.757154 0.297438 1 4 1.000000
0  -3.231720 -2.764429 60.532200  0.328158 0.718601 -0.613127  0.756904 0.318280 1 4 1.000000
0  -4.832357 -2.629668 59.830647  0.335167 0.710245 -0.619044  0.798756 0.329900 1 4 1.000000
tactical_vest
0  -3.231720 -2.764429 60.532200  0.328158 0.718601 -0.613127  0.756904 0.318280 1 4 1.000000
0  -4.824131 -3.070117 59.318134  0.322260 0.731032 -0.601449  0.798273 0.348031 1 4 1.000000
0  -4.832357 -2.629668 59.830647  0.335167 0.710245 -0.619044  0.798756 0.329900 1 4 1.000000
tactical_vest
0  -3.231720 -2.764429 60.532200  0.328158 0.718601 -0.613127  0.756904 0.318280 1 4 1.000000
0  -3.310983 -3.161288 60.015221  0.310141 0.747542 -0.587362  0.758719 0.335715 1 4 1.000000
0  -4.824131 -3.070117 59.318134  0.322260 0.731032 -0.601449  0.798273 0.348031 1 4 1.000000
tactical_vest
0  -3.310983 -3.161288 60.015221  0.310141 0.747542 -0.587362  0.758719 0.335715 1 4 1.000000
0  -4.792057 -3.302248 59.046772  0.313095 0.746247 -0.587442  0.797273 0.357602 1 4 1.000000
0  -4.824131 -3.070117 59.318134  0.322260 0.731032 -0.601449  0.798273 0.348031 1 4 1.000000
tactical_vest
0  -3.310983 -3.161288 60.015221  0.310141 0.747542 -0.587362  0.758719 0.335715 1 4 1.000000
0  -3.339794 -3.361113 59.709839  0.280416 0.790871 -0.543957  0.759275 0.345367 1 4 1.000000
0  -4.792057 -3.302248 59.046772  0.313095 0.746247 -0.587442  0.797273 0.357602 1 4 1.000000
tactical_vest
0  -3.967057 4.606803 60.944214  -0.146633 0.787212 0.598996  0.960157 0.444377 1 4 1.000000
0  -5.007538 4.087751 61.359886  -0.144159 0.778340 0.611069  0.971472 0.474729 1 4 1.000000
0  -3.888040 4.221165 61.433098  -0.132489 0.767689 0.626977  0.973351 0.444609 1 4 1.000000
tactical_vest
0  -3.967057 4.606803 60.944214  -0.146633 0.787212 0.598996  0.960157 0.444377 1 4 1.000000
0  -5.061110 4.334313 61.026741  -0.179257 0.810569 0.557535  0.962902 0.474631 1 4 1.000000
0  -5.007538 4.087751 61.359886  -0.144159 0.778340 0.611069  0.971472 0.474729 1 4 1.000000
tactical_vest
0  -4.058739 4.882887 60.536125  -0.191244 0.789205 0.583593  0.950217 0.445055 1 4 1.000000
0  -5.061110 4.334313 61.026741  -0.179257 0.810569 0.557535  0.962902 0.474631 1 4 1.000000
0  -3.967057 4.606803 60.944214  -0.146633 0.787212 0.598996  0.960157 0.444377 1 4 1.000000
tactical_vest
0  -4.058739 4.882887 60.536125  -0.191244 0.789205 0.583593  0.950217 0.445055 1 4 1.000000
0  -5.131323 4.586506 60.544415  -0.256382 0.878067 0.404063  0.953236 0.474729 1 4 1.000000
0  -5.061110 4.334313 61.026741  -0.179257 0.810569 0.557535  0.962902 0.474631 1 4 1.000000
tactical_vest
0  -4.082850 4.947276 60.449032  -0.211082 0.771954 0.599610  0.947934 0.445298 1 4 1.000000
0  -5.131323 4.586506 60.544415  -0.256382 0.878067 0.404063  0.953236 0.474729 1 4 1.000000
0  -4.058739 4.882887 60.536125  -0.191244 0.789205 0.583593  0.950217 0.445055 1 4 1.000000
tactical_vest
0  -4.082850 4.947276 60.449032  -0.211082 0.771954 0.599610  0.947934 0.445298 1 4 1.000000
0  -5.138751 4.622396 60.430687  -0.284889 0.908625 0.305351  0.951606 0.474608 1 4 1.000000
0  -5.131323 4.586506 60.544415  -0.256382 0.878067 0.404063  0.953236 0.474729 1 4 1.000000
tactical_vest
0  -3.657900 7.124557 54.479885  0.020006 0.151545 0.988248  0.141617 0.815438 1 4 1.000000
0  0.120307 6.417199 54.580215  0.000603 0.143588 0.989637  0.125789 0.899758 1 4 1.000000
0  0.120307 7.112287 54.479385  0.000598 0.143558 0.989642  0.141343 0.899758 1 4 1.000000
tactical_vest
0  -3.657900 7.124557 54.479885  0.020006 0.151545 0.988248  0.141617 0.815438 1 4 1.000000
0  -3.372543 6.429469 54.580711  0.026582 0.126568 0.991602  0.126062 0.821806 1 4 1.000000
0  0.120307 6.417199 54.580215  0.000603 0.143588 0.989637  0.125789 0.899758 1 4 1.000000
tactical_vest
0  -4.203846 6.325054 54.634346  0.051339 0.101518 0.993508  0.123708 0.803254 1 4 1.000000
0  -3.372543 6.429469 54.580711  0.026582 0.126568 0.991602  0.126062 0.821806 1 4 1.000000
0  -3.657900 7.124557 54.479885  0.020006 0.151545 0.988248  0.141617 0.815438 1 4 1.000000
tactical_vest
0  -4.203846 6.325054 54.634346  0.051339 0.101518 0.993508  0.123708 0.803254 1 4 1.000000
0  -3.687247 5.968603 54.614601  0.060315 0.032168 0.997661  0.115764 0.814783 1 4 1.000000
0  -3.372543 6.429469 54.580711  0.026582 0.126568 0.991602  0.126062 0.821806 1 4 1.000000
tactical_vest
0  -3.427490 6.249181 53.816441  0.028663 -0.117407 -0.992670  0.289977 0.817337 1 4 1.000000
0  0.120307 7.111181 53.704346  -0.000570 -0.126651 -0.991947  0.270333 0.896454 1 4 1.000000
0  0.120307 6.236909 53.815948  -0.000576 -0.126625 -0.991951  0.289998 0.896516 1 4 1.000000
tactical_vest
0  -3.427490 6.249181 53.816441  0.028663 -0.117407 -0.992670  0.289977 0.817337 1 4 1.000000
0  -3.710950 7.123450 53.704842  -0.012887 -0.119230 -0.992783  0.270333 0.810949 1 4 1.000000
0  0.120307 7.111181 53.704346  -0.000570 -0.126651 -0.991947  0.270333 0.896454 1 4 1.000000
tactical_vest
0  -3.742195 5.788311 53.850334  -0.038001 -0.107373 -0.993492  0.300308 0.810347 1 4 1.000000
0  -3.710950 7.123450 53.704842  -0.012887 -0.119230 -0.992783  0.270333 0.810949 1 4 1.000000
0  -3.427490 6.249181 53.816441  0.028663 -0.117407 -0.992670  0.289977 0.817337 1 4 1.000000
tactical_vest
0  -3.742195 5.788311 53.850334  -0.038001 -0.107373 -0.993492  0.300308 0.810347 1 4 1.000000
0  -4.256896 6.146317 53.859299  -0.090825 -0.105782 -0.990233  0.292419 0.798835 1 4 1.000000
0  -3.710950 7.123450 53.704842  -0.012887 -0.119230 -0.992783  0.270333 0.810949 1 4 1.000000
tactical_vest
0  -3.496210 6.054710 55.052074  -0.238079 -0.273899 -0.931825  0.342353 0.812347 1 4 1.000000
0  -4.286414 6.599530 55.093800  -0.007648 -0.236482 -0.971606  0.363639 0.810998 1 4 1.000000
0  -4.320688 6.770141 55.052406  -0.010859 -0.237827 -0.971247  0.366274 0.808045 1 4 1.000000
tactical_vest
0  -4.286414 6.599530 55.093800  -0.007648 -0.236482 -0.971606  0.363639 0.810998 1 4 1.000000
0  -5.846626 3.916105 55.275093  0.122261 -0.300540 -0.945901  0.363078 0.880354 1 4 1.000000
0  -4.320688 6.770141 55.052406  -0.010859 -0.237827 -0.971247  0.366274 0.808045 1 4 1.000000
tactical_vest
0  -4.286414 6.599530 55.093800  -0.007648 -0.236482 -0.971606  0.363639 0.810998 1 4 1.000000
0  -5.705541 3.938703 55.285820  0.126791 -0.295767 -0.946808  0.360611 0.878340 1 4 1.000000
0  -5.846626 3.916105 55.275093  0.122261 -0.300540 -0.945901  0.363078 0.880354 1 4 1.000000
tactical_vest
0  -5.705541 3.938703 55.285820  0.126791 -0.295767 -0.946808  0.360611 0.878340 1 4 1.000000
0  -5.151186 3.266362 55.731670  0.257122 -0.364809 -0.894876  0.341840 0.885777 1 4 1.000000
0  -5.846626 3.916105 55.275093  0.122261 -0.300540 -0.945901  0.363078 0.880354 1 4 1.000000
tactical_vest
0  -5.705541 3.938703 55.285820  0.126791 -0.295767 -0.946808  0.360611 0.878340 1 4 1.000000
0  -5.053212 3.449361 55.688663  0.077027 -0.267114 -0.960581  0.342076 0.881082 1 4 1.000000
0  -5.151186 3.266362 55.731670  0.257122 -0.364809 -0.894876  0.341840 0.885777 1 4 1.000000
tactical_vest
0  -5.053212 3.449361 55.688663  0.077027 -0.267114 -0.960581  0.342076 0.881082 1 4 1.000000
0  -3.470937 6.085210 55.061771  -0.042871 -0.206959 -0.977410  0.342200 0.811497 1 4 1.000000
0  -5.151186 3.266362 55.731670  0.257122 -0.364809 -0.894876  0.341840 0.885777 1 4 1.000000
tactical_vest
0  -5.846627 4.930267 58.822216  -0.798533 0.601407 0.025589  0.309682 0.716353 1 4 1.000000
0  -5.846626 4.755464 60.029461  -0.811544 0.578260 0.083731  0.314976 0.689673 1 4 1.000000
0  -4.273912 6.984929 59.875725  -0.789362 0.613928 -0.000052  0.264181 0.688916 1 4 1.000000
tactical_vest
0  -3.953762 7.363688 59.450809  -0.770216 0.637672 -0.011911  0.255057 0.697610 1 4 1.000000
0  -3.984234 7.307536 58.415043  -0.786343 0.617627 -0.014235  0.255126 0.720766 1 4 1.000000
0  -4.273912 6.984929 59.875725  -0.789362 0.613928 -0.000052  0.264181 0.688916 1 4 1.000000
tactical_vest
0  -3.984234 7.307536 58.415043  -0.786343 0.617627 -0.014235  0.255126 0.720766 1 4 1.000000
0  -5.846627 4.930267 58.822216  -0.798533 0.601407 0.025589  0.309682 0.716353 1 4 1.000000
0  -4.273912 6.984929 59.875725  -0.789362 0.613928 -0.000052  0.264181 0.688916 1 4 1.000000
tactical_vest
0  -4.014709 7.251388 57.379284  -0.787962 0.615640 -0.010160  0.255195 0.743922 1 4 1.000000
0  -5.846627 4.930267 58.822216  -0.798533 0.601407 0.025589  0.309682 0.716353 1 4 1.000000
0  -3.984234 7.307536 58.415043  -0.786343 0.617627 -0.014235  0.255126 0.720766 1 4 1.000000
tactical_vest
0  -4.014709 7.251388 57.379284  -0.787962 0.615640 -0.010160  0.255195 0.743922 1 4 1.000000
0  -5.846626 4.911858 57.679707  -0.802138 0.593320 -0.067423  0.308768 0.741811 1 4 1.000000
0  -5.846627 4.930267 58.822216  -0.798533 0.601407 0.025589  0.309682 0.716353 1 4 1.000000
tactical_vest
0  -4.045183 7.195238 56.343517  -0.816683 0.576567 -0.024501  0.255264 0.767078 1 4 1.000000
0  -5.846626 4.911858 57.679707  -0.802138 0.593320 -0.067423  0.308768 0.741811 1 4 1.000000
0  -4.014709 7.251388 57.379284  -0.787962 0.615640 -0.010160  0.255195 0.743922 1 4 1.000000
tactical_vest
0  -4.045183 7.195238 56.343517  -0.816683 0.576567 -0.024501  0.255264 0.767078 1 4 1.000000
0  -5.846627 4.577499 56.451069  -0.842779 0.508162 -0.177469  0.314794 0.769543 1 4 1.000000
0  -5.846626 4.911858 57.679707  -0.802138 0.593320 -0.067423  0.308768 0.741811 1 4 1.000000
tactical_vest
0  -5.846627 4.577499 56.451069  -0.842779 0.508162 -0.177469  0.314794 0.769543 1 4 1.000000
0  -4.045183 7.195238 56.343517  -0.816683 0.576567 -0.024501  0.255264 0.767078 1 4 1.000000
0  -4.320688 6.770141 55.052406  -0.847508 0.528866 -0.045071  0.263404 0.796594 1 4 1.000000
tactical_vest
0  -4.045183 7.195238 56.343517  -0.816683 0.576567 -0.024501  0.255264 0.767078 1 4 1.000000
0  -4.096763 7.158359 55.429604  -0.878296 0.477156 0.030315  0.255057 0.787521 1 4 1.000000
0  -4.320688 6.770141 55.052406  -0.847508 0.528866 -0.045071  0.263404 0.796594 1 4 1.000000
tactical_vest
0  -4.320688 6.770141 55.052406  -0.847508 0.528866 -0.045071  0.263404 0.796594 1 4 1.000000
0  -5.846626 3.916105 55.275093  -0.862162 0.441584 -0.248357  0.328166 0.796472 1 4 1.000000
0  -5.846627 4.577499 56.451069  -0.842779 0.508162 -0.177469  0.314794 0.769543 1 4 1.000000
tactical_vest
0  -3.997563 5.024015 60.353817  -0.225073 0.843182 0.488248  0.903987 0.220261 1 4 1.000000
0  -3.782965 4.962668 60.523708  -0.194765 0.799923 0.567618  0.909358 0.223490 1 4 1.000000
0  -3.856502 5.150361 60.196148  -0.234631 0.831304 0.503867  0.908277 0.216437 1 4 1.000000
tactical_vest
0  -3.997563 5.024015 60.353817  -0.225073 0.843182 0.488248  0.903987 0.220261 1 4 1.000000
0  -3.954805 4.913033 60.531490  -0.199454 0.794214 0.573970  0.904625 0.224334 1 4 1.000000
0  -3.782965 4.962668 60.523708  -0.194765 0.799923 0.567618  0.909358 0.223490 1 4 1.000000
tactical_vest
0  -3.954805 4.913033 60.531490  -0.199454 0.794214 0.573970  0.904625 0.224334 1 4 1.000000
0  -3.686879 4.670757 60.936485  -0.164941 0.776832 0.607722  0.910662 0.233830 1 4 1.000000
0  -3.782965 4.962668 60.523708  -0.194765 0.799923 0.567618  0.909358 0.223490 1 4 1.000000
tactical_vest
0  -3.954805 4.913033 60.531490  -0.199454 0.794214 0.573970  0.904625 0.224334 1 4 1.000000
0  -3.861432 4.630850 60.941254  -0.161330 0.778595 0.606434  0.905886 0.234394 1 4 1.000000
0  -3.686879 4.670757 60.936485  -0.164941 0.776832 0.607722  0.910662 0.233830 1 4 1.000000
tactical_vest
0  -3.861432 4.630850 60.941254  -0.161330 0.778595 0.606434  0.905886 0.234394 1 4 1.000000
0  -3.566412 4.082758 61.680710  -0.158218 0.696358 0.700037  0.911437 0.253927 1 4 1.000000
0  -3.686879 4.670757 60.936485  -0.164941 0.776832 0.607722  0.910662 0.233830 1 4 1.000000
tactical_vest
0  -3.861432 4.630850 60.941254  -0.161330 0.778595 0.606434  0.905886 0.234394 1 4 1.000000
0  -3.766777 4.168859 61.526329  -0.145955 0.770972 0.619919  0.906495 0.250187 1 4 1.000000
0  -3.566412 4.082758 61.680710  -0.158218 0.696358 0.700037  0.911437 0.253927 1 4 1.000000
tactical_vest
0  -3.964976 5.383979 59.781078  -0.251736 0.813784 0.523818  0.906488 0.207566 1 4 1.000000
0  -5.445324 4.672969 60.174259  -0.232697 0.863228 0.447984  0.864577 0.224162 1 4 1.000000
0  -3.856502 5.150361 60.196148  -0.234631 0.831304 0.503867  0.908277 0.216437 1 4 1.000000
tactical_vest
0  -3.328932 1.507200 62.893871  -0.268868 0.071614 0.960511  0.909449 0.328921 1 4 1.000000
0  -4.975259 0.916184 62.403694  -0.266195 -0.056560 0.962258  0.864448 0.336647 1 4 1.000000
0  -3.314700 0.904439 62.868279  -0.269437 -0.047202 0.961860  0.908237 0.344507 1 4 1.000000
tactical_vest
0  -3.328932 1.507200 62.893871  -0.268868 0.071614 0.960511  0.909449 0.328921 1 4 1.000000
0  -4.998542 1.476747 62.431679  -0.245969 0.038996 0.968493  0.865303 0.322148 1 4 1.000000
0  -4.975259 0.916184 62.403694  -0.266195 -0.056560 0.962258  0.864448 0.336647 1 4 1.000000
tactical_vest
0  -3.381996 2.499173 62.670113  -0.231193 0.261584 0.937083  0.910959 0.301600 1 4 1.000000
0  -4.998542 1.476747 62.431679  -0.245969 0.038996 0.968493  0.865303 0.322148 1 4 1.000000
0  -3.328932 1.507200 62.893871  -0.268868 0.071614 0.960511  0.909449 0.328921 1 4 1.000000
tactical_vest
0  -3.381996 2.499173 62.670113  -0.231193 0.261584 0.937083  0.910959 0.301600 1 4 1.000000
0  -5.062737 2.371769 62.328964  -0.201713 0.222178 0.953912  0.866114 0.298041 1 4 1.000000
0  -4.998542 1.476747 62.431679  -0.245969 0.038996 0.968493  0.865303 0.322148 1 4 1.000000
tactical_vest
0  -3.472041 3.404911 62.290054  -0.197156 0.491883 0.848045  0.911430 0.275486 1 4 1.000000
0  -5.062737 2.371769 62.328964  -0.201713 0.222178 0.953912  0.866114 0.298041 1 4 1.000000
0  -3.381996 2.499173 62.670113  -0.231193 0.261584 0.937083  0.910959 0.301600 1 4 1.000000
tactical_vest
0  -3.472041 3.404911 62.290054  -0.197156 0.491883 0.848045  0.911430 0.275486 1 4 1.000000
0  -5.150103 3.263849 61.999512  -0.164694 0.469064 0.867672  0.866562 0.272592 1 4 1.000000
0  -5.062737 2.371769 62.328964  -0.201713 0.222178 0.953912  0.866114 0.298041 1 4 1.000000
tactical_vest
0  -3.566412 4.082758 61.680710  -0.158218 0.696358 0.700037  0.911437 0.253927 1 4 1.000000
0  -5.150103 3.263849 61.999512  -0.164694 0.469064 0.867672  0.866562 0.272592 1 4 1.000000
0  -3.472041 3.404911 62.290054  -0.197156 0.491883 0.848045  0.911430 0.275486 1 4 1.000000
tactical_vest
0  -3.566412 4.082758 61.680710  -0.158218 0.696358 0.700037  0.911437 0.253927 1 4 1.000000
0  -5.255744 3.876958 61.566677  -0.138143 0.681364 0.718790  0.865890 0.253740 1 4 1.000000
0  -5.150103 3.263849 61.999512  -0.164694 0.469064 0.867672  0.866562 0.272592 1 4 1.000000
tactical_vest
0  -3.766777 4.168859 61.526329  -0.145955 0.770972 0.619919  0.906495 0.250187 1 4 1.000000
0  -5.255744 3.876958 61.566677  -0.138143 0.681364 0.718790  0.865890 0.253740 1 4 1.000000
0  -3.566412 4.082758 61.680710  -0.158218 0.696358 0.700037  0.911437 0.253927 1 4 1.000000
tactical_vest
0  -3.766777 4.168859 61.526329  -0.145955 0.770972 0.619919  0.906495 0.250187 1 4 1.000000
0  -5.101121 4.008400 61.437927  -0.148211 0.775408 0.613821  0.870523 0.249994 1 4 1.000000
0  -5.255744 3.876958 61.566677  -0.138143 0.681364 0.718790  0.865890 0.253740 1 4 1.000000
tactical_vest
0  -5.101121 4.008400 61.437927  -0.148211 0.775408 0.613821  0.870523 0.249994 1 4 1.000000
0  -5.341640 4.272196 61.031223  -0.175213 0.828468 0.531922  0.865278 0.240007 1 4 1.000000
0  -5.255744 3.876958 61.566677  -0.138143 0.681364 0.718790  0.865890 0.253740 1 4 1.000000
tactical_vest
0  -5.101121 4.008400 61.437927  -0.148211 0.775408 0.613821  0.870523 0.249994 1 4 1.000000
0  -5.166872 4.310961 61.028473  -0.179307 0.826846 0.533080  0.870054 0.239484 1 4 1.000000
0  -5.341640 4.272196 61.031223  -0.175213 0.828468 0.531922  0.865278 0.240007 1 4 1.000000
tactical_vest
0  -5.166872 4.310961 61.028473  -0.179307 0.826846 0.533080  0.870054 0.239484 1 4 1.000000
0  -5.409289 4.513649 60.543678  -0.224738 0.871531 0.435806  0.864684 0.230617 1 4 1.000000
0  -5.341640 4.272196 61.031223  -0.175213 0.828468 0.531922  0.865278 0.240007 1 4 1.000000
tactical_vest
0  -5.166872 4.310961 61.028473  -0.179307 0.826846 0.533080  0.870054 0.239484 1 4 1.000000
0  -5.236083 4.558960 60.544106  -0.219093 0.874358 0.433009  0.869432 0.229938 1 4 1.000000
0  -5.409289 4.513649 60.543678  -0.224738 0.871531 0.435806  0.864684 0.230617 1 4 1.000000
tactical_vest
0  -5.236083 4.558960 60.544106  -0.219093 0.874358 0.433009  0.869432 0.229938 1 4 1.000000
0  -5.445324 4.672969 60.174259  -0.232697 0.863228 0.447984  0.864577 0.224162 1 4 1.000000
0  -5.409289 4.513649 60.543678  -0.224738 0.871531 0.435806  0.864684 0.230617 1 4 1.000000
tactical_vest
0  -5.236083 4.558960 60.544106  -0.219093 0.874358 0.433009  0.869432 0.229938 1 4 1.000000
0  -5.254294 4.641329 60.333961  -0.210323 0.880462 0.424913  0.869410 0.226488 1 4 1.000000
0  -5.445324 4.672969 60.174259  -0.232697 0.863228 0.447984  0.864577 0.224162 1 4 1.000000
tactical_vest
0  -5.254294 4.641329 60.333961  -0.210323 0.880462 0.424913  0.869410 0.226488 1 4 1.000000
0  -3.856502 5.150361 60.196148  -0.234631 0.831304 0.503867  0.908277 0.216437 1 4 1.000000
0  -5.445324 4.672969 60.174259  -0.232697 0.863228 0.447984  0.864577 0.224162 1 4 1.000000
tactical_vest
0  -5.254294 4.641329 60.333961  -0.210323 0.880462 0.424913  0.869410 0.226488 1 4 1.000000
0  -3.997563 5.024015 60.353817  -0.225073 0.843182 0.488248  0.903987 0.220261 1 4 1.000000
0  -3.856502 5.150361 60.196148  -0.234631 0.831304 0.503867  0.908277 0.216437 1 4 1.000000
tactical_vest
0  -3.239319 0.697375 62.579105  -0.914569 -0.038691 0.402575  0.862106 0.361343 1 4 1.000000
0  -3.264335 0.879725 62.539799  -0.914557 -0.038680 0.402603  0.860820 0.356455 1 4 1.000000
0  -3.260203 0.704722 62.532364  -0.914572 -0.038695 0.402567  0.860820 0.361152 1 4 1.000000
tactical_vest
0  -3.239319 0.697375 62.579105  -0.914569 -0.038691 0.402575  0.862106 0.361343 1 4 1.000000
0  -3.243612 0.879258 62.586826  -0.914554 -0.038677 0.402611  0.862106 0.356462 1 4 1.000000
0  -3.264335 0.879725 62.539799  -0.914557 -0.038680 0.402603  0.860820 0.356455 1 4 1.000000
tactical_vest
0  -3.289269 -0.774270 62.431656  -0.336155 -0.385865 0.859132  0.801248 0.400419 1 4 1.000000
0  -4.941001 -1.082430 61.578320  -0.346936 -0.536593 0.769223  0.757304 0.402678 1 4 1.000000
0  -3.289742 -1.428532 62.118992  -0.369199 -0.484935 0.792799  0.801248 0.415658 1 4 1.000000
tactical_vest
0  -3.289269 -0.774270 62.431656  -0.336155 -0.385865 0.859132  0.801248 0.400419 1 4 1.000000
0  -4.956882 -0.490800 61.939392  -0.308674 -0.454180 0.835728  0.756819 0.389364 1 4 1.000000
0  -4.941001 -1.082430 61.578320  -0.346936 -0.536593 0.769223  0.757304 0.402678 1 4 1.000000
tactical_vest
0  -3.298518 -0.098481 62.690609  -0.297032 -0.286095 0.911000  0.801024 0.384287 1 4 1.000000
0  -4.956882 -0.490800 61.939392  -0.308674 -0.454180 0.835728  0.756819 0.389364 1 4 1.000000
0  -3.289269 -0.774270 62.431656  -0.336155 -0.385865 0.859132  0.801248 0.400419 1 4 1.000000
tactical_vest
0  -3.298518 -0.098481 62.690609  -0.297032 -0.286095 0.911000  0.801024 0.384287 1 4 1.000000
0  -4.968237 0.117019 62.240967  -0.279490 -0.326287 0.903007  0.756495 0.375269 1 4 1.000000
0  -4.956882 -0.490800 61.939392  -0.308674 -0.454180 0.835728  0.756819 0.389364 1 4 1.000000
tactical_vest
0  -3.310173 0.712683 62.860130  -0.275955 -0.207409 0.938526  0.800826 0.364070 1 4 1.000000
0  -4.968237 0.117019 62.240967  -0.279490 -0.326287 0.903007  0.756495 0.375269 1 4 1.000000
0  -3.298518 -0.098481 62.690609  -0.297032 -0.286095 0.911000  0.801024 0.384287 1 4 1.000000
tactical_vest
0  -3.310173 0.712683 62.860130  -0.275955 -0.207409 0.938526  0.800826 0.364070 1 4 1.000000
0  -4.967854 0.737853 62.394791  -0.266183 -0.231666 0.935670  0.756579 0.359945 1 4 1.000000
0  -4.968237 0.117019 62.240967  -0.279490 -0.326287 0.903007  0.756495 0.375269 1 4 1.000000
tactical_vest
0  -3.470937 6.085210 55.061771  0.845164 -0.533856 0.026386  0.228846 0.905563 1 4 1.000000
0  -3.246371 6.474202 55.436905  0.878012 -0.477679 -0.030277  0.235876 0.896113 1 4 1.000000
0  -3.194793 6.511080 56.350819  0.830222 -0.557416 0.004383  0.233209 0.875952 1 4 1.000000
tactical_vest
0  -5.096796 3.745688 56.750839  0.827593 -0.535106 0.169563  0.171784 0.875410 1 4 1.000000
0  -5.151186 3.266362 55.731670  0.863387 -0.472752 0.176264  0.165121 0.899540 1 4 1.000000
0  -3.470937 6.085210 55.061771  0.845164 -0.533856 0.026386  0.228846 0.905563 1 4 1.000000
tactical_vest
0  -3.470937 6.085210 55.061771  0.845164 -0.533856 0.026386  0.228846 0.905563 1 4 1.000000
0  -3.194793 6.511080 56.350819  0.830222 -0.557416 0.004383  0.233209 0.875952 1 4 1.000000
0  -5.096796 3.745688 56.750839  0.827593 -0.535106 0.169563  0.171784 0.875410 1 4 1.000000
tactical_vest
0  -5.096796 3.745688 56.750839  0.827593 -0.535106 0.169563  0.171784 0.875410 1 4 1.000000
0  -3.194793 6.511080 56.350819  0.830222 -0.557416 0.004383  0.233209 0.875952 1 4 1.000000
0  -3.164319 6.567230 57.386585  0.802879 -0.595433 0.029062  0.230515 0.853019 1 4 1.000000
tactical_vest
0  -5.096796 3.745688 56.750839  0.827593 -0.535106 0.169563  0.171784 0.875410 1 4 1.000000
0  -3.164319 6.567230 57.386585  0.802879 -0.595433 0.029062  0.230515 0.853019 1 4 1.000000
0  -5.138301 4.062936 57.584480  0.775386 -0.609435 0.165427  0.175630 0.855857 1 4 1.000000
tactical_vest
0  -5.138301 4.062936 57.584480  0.775386 -0.609435 0.165427  0.175630 0.855857 1 4 1.000000
0  -3.164319 6.567230 57.386585  0.802879 -0.595433 0.029062  0.230515 0.853019 1 4 1.000000
0  -3.133844 6.623380 58.422352  0.776759 -0.629511 0.019017  0.227821 0.830085 1 4 1.000000
tactical_vest
0  -5.138301 4.062936 57.584480  0.775386 -0.609435 0.165427  0.175630 0.855857 1 4 1.000000
0  -3.133844 6.623380 58.422352  0.776759 -0.629511 0.019017  0.227821 0.830085 1 4 1.000000
0  -5.286699 4.033162 58.801670  0.783013 -0.621988 -0.004696  0.170445 0.829059 1 4 1.000000
tactical_vest
0  -5.286699 4.033162 58.801670  0.783013 -0.621988 -0.004696  0.170445 0.829059 1 4 1.000000
0  -3.133844 6.623380 58.422352  0.776759 -0.629511 0.019017  0.227821 0.830085 1 4 1.000000
0  -3.424163 6.300003 59.885086  0.774560 -0.632452 -0.007849  0.215318 0.798835 1 4 1.000000
tactical_vest
0  -5.141886 4.003390 60.018864  0.792965 -0.599437 -0.109003  0.165121 0.802589 1 4 1.000000
0  -5.286699 4.033162 58.801670  0.783013 -0.621988 -0.004696  0.170445 0.829059 1 4 1.000000
0  -3.424163 6.300003 59.885086  0.774560 -0.632452 -0.007849  0.215318 0.798835 1 4 1.000000
tactical_vest
0  -3.133844 6.623380 58.422352  0.776759 -0.629511 0.019017  0.227821 0.830085 1 4 1.000000
0  -3.103371 6.679530 59.458115  0.770240 -0.637643 0.011907  0.225126 0.807151 1 4 1.000000
0  -3.424163 6.300003 59.885086  0.774560 -0.632452 -0.007849  0.215318 0.798835 1 4 1.000000
tactical_vest
0  5.195509 4.677909 60.367851  -0.145359 -0.517382 0.843319  0.702334 0.391478 1 4 1.000000
0  4.161761 5.103216 60.450607  -0.145341 -0.517381 0.843323  0.704978 0.363642 1 4 1.000000
0  4.139602 5.002849 60.385212  -0.145339 -0.517381 0.843323  0.702334 0.363282 1 4 1.000000
tactical_vest
0  5.195509 4.677909 60.367851  -0.145359 -0.517382 0.843319  0.702334 0.391478 1 4 1.000000
0  5.217668 4.778277 60.433247  -0.145360 -0.517382 0.843319  0.704978 0.391839 1 4 1.000000
0  4.161761 5.103216 60.450607  -0.145341 -0.517381 0.843323  0.704978 0.363642 1 4 1.000000
tactical_vest
0  3.944791 4.279847 61.371574  0.010434 0.544223 -0.838875  0.646290 0.383303 1 4 1.000000
0  5.086448 4.246571 61.364182  0.010440 0.544239 -0.838866  0.643098 0.413737 1 4 1.000000
0  5.064289 4.146205 61.298790  0.010440 0.544240 -0.838865  0.646290 0.413508 1 4 1.000000
tactical_vest
0  3.944791 4.279847 61.371574  0.010434 0.544223 -0.838875  0.646290 0.383303 1 4 1.000000
0  3.966950 4.380212 61.436962  0.010434 0.544222 -0.838876  0.643098 0.383532 1 4 1.000000
0  5.086448 4.246571 61.364182  0.010440 0.544239 -0.838866  0.643098 0.413737 1 4 1.000000
tactical_vest
0  4.054318 5.079285 60.289722  0.145101 0.517461 -0.843314  0.589933 0.292222 1 4 1.000000
0  5.333209 4.796901 60.336460  0.145075 0.517454 -0.843324  0.586734 0.326266 1 4 1.000000
0  5.311051 4.696534 60.271065  0.145073 0.517453 -0.843324  0.589933 0.326330 1 4 1.000000
tactical_vest
0  4.054318 5.079285 60.289722  0.145101 0.517461 -0.843314  0.589933 0.292222 1 4 1.000000
0  4.076477 5.179653 60.355122  0.145103 0.517462 -0.843314  0.586734 0.292158 1 4 1.000000
0  5.333209 4.796901 60.336460  0.145075 0.517454 -0.843324  0.586734 0.326266 1 4 1.000000
tactical_vest
0  5.157871 4.067101 61.377079  -0.010310 -0.544311 0.838820  0.586734 0.289404 1 4 1.000000
0  3.845685 4.328202 61.530361  -0.010316 -0.544261 0.838853  0.589371 0.253948 1 4 1.000000
0  3.823527 4.227835 61.464970  -0.010317 -0.544258 0.838855  0.586734 0.253537 1 4 1.000000
tactical_vest
0  5.157871 4.067101 61.377079  -0.010310 -0.544311 0.838820  0.586734 0.289404 1 4 1.000000
0  5.180030 4.167470 61.442482  -0.010310 -0.544314 0.838818  0.589371 0.289815 1 4 1.000000
0  3.845685 4.328202 61.530361  -0.010316 -0.544261 0.838853  0.589371 0.253948 1 4 1.000000
tactical_vest
0  5.223621 4.368371 60.966675  0.974958 -0.222136 0.010555  0.914516 0.178843 1 4 1.000000
0  5.180030 4.167470 61.442482  0.976654 -0.214814 -0.001228  0.916143 0.165099 1 4 1.000000
0  5.157871 4.067101 61.377079  0.976655 -0.214810 -0.001228  0.912936 0.165315 1 4 1.000000
tactical_vest
0  5.223621 4.368371 60.966675  0.974958 -0.222136 0.010555  0.914516 0.178843 1 4 1.000000
0  5.245780 4.468738 61.032070  0.974963 -0.222118 0.010524  0.917722 0.178627 1 4 1.000000
0  5.180030 4.167470 61.442482  0.976654 -0.214814 -0.001228  0.916143 0.165099 1 4 1.000000
tactical_vest
0  5.292840 4.614832 60.481472  0.974957 -0.222140 0.010574  0.913822 0.193388 1 4 1.000000
0  5.245780 4.468738 61.032070  0.974963 -0.222118 0.010524  0.917722 0.178627 1 4 1.000000
0  5.223621 4.368371 60.966675  0.974958 -0.222136 0.010555  0.914516 0.178843 1 4 1.000000
tactical_vest
0  5.292840 4.614832 60.481472  0.974957 -0.222140 0.010574  0.913822 0.193388 1 4 1.000000
0  5.314999 4.715199 60.546871  0.974673 -0.223290 0.012438  0.917029 0.193172 1 4 1.000000
0  5.245780 4.468738 61.032070  0.974963 -0.222118 0.010524  0.917722 0.178627 1 4 1.000000
tactical_vest
0  5.311051 4.696534 60.271065  0.976397 -0.215983 0.000639  0.912936 0.199372 1 4 1.000000
0  5.314999 4.715199 60.546871  0.974673 -0.223290 0.012438  0.917029 0.193172 1 4 1.000000
0  5.292840 4.614832 60.481472  0.974957 -0.222140 0.010574  0.913822 0.193388 1 4 1.000000
tactical_vest
0  5.311051 4.696534 60.271065  0.976397 -0.215983 0.000639  0.912936 0.199372 1 4 1.000000
0  5.333209 4.796901 60.336460  0.976397 -0.215982 0.000639  0.916143 0.199156 1 4 1.000000
0  5.314999 4.715199 60.546871  0.974673 -0.223290 0.012438  0.917029 0.193172 1 4 1.000000
tactical_vest
0  5.089202 3.449363 55.688663  -0.861191 -0.502972 0.073280  0.042718 0.891524 1 4 1.000000
0  3.506927 6.085210 55.061771  -0.777046 -0.542468 -0.319262  0.042593 0.821939 1 4 1.000000
0  3.532199 6.054710 55.052074  -0.823426 -0.536964 -0.183411  0.042441 0.822789 1 4 1.000000
tactical_vest
0  4.992914 0.954923 62.145470  -0.596973 0.053600 0.800469  0.754140 0.363248 1 4 1.000000
0  4.945543 0.793058 62.120975  -0.596948 0.053589 0.800488  0.752990 0.367359 1 4 1.000000
0  4.988666 0.786887 62.153549  -0.596940 0.053585 0.800494  0.754140 0.367695 1 4 1.000000
tactical_vest
0  4.992914 0.954923 62.145470  -0.596973 0.053600 0.800469  0.754140 0.363248 1 4 1.000000
0  4.949631 0.954738 62.113197  -0.596981 0.053603 0.800463  0.752990 0.363081 1 4 1.000000
0  4.945543 0.793058 62.120975  -0.596948 0.053589 0.800488  0.752990 0.367359 1 4 1.000000
tactical_vest
0  4.980123 0.805278 62.304497  0.982690 -0.032872 -0.182316  0.803700 0.426009 1 4 1.000000
0  4.949631 0.954738 62.113197  0.982666 -0.033013 -0.182423  0.808045 0.430905 1 4 1.000000
0  4.987248 0.976891 62.312527  0.982791 -0.032293 -0.181877  0.808284 0.425503 1 4 1.000000
tactical_vest
0  4.980123 0.805278 62.304497  0.982690 -0.032872 -0.182316  0.803700 0.426009 1 4 1.000000
0  4.945543 0.793058 62.120975  0.982555 -0.033647 -0.182903  0.803700 0.430969 1 4 1.000000
0  4.949631 0.954738 62.113197  0.982666 -0.033013 -0.182423  0.808045 0.430905 1 4 1.000000
tactical_vest
0  3.389484 0.966991 62.759563  -0.969741 0.013295 0.243774  0.649337 0.419184 1 4 1.000000
0  3.316955 0.766884 62.481956  -0.969740 0.013294 0.243778  0.654253 0.426903 1 4 1.000000
0  3.385129 0.782464 62.752304  -0.969742 0.013296 0.243768  0.654253 0.419566 1 4 1.000000
tactical_vest
0  3.389484 0.966991 62.759563  -0.969741 0.013295 0.243774  0.649337 0.419184 1 4 1.000000
0  3.321085 0.941908 62.488842  -0.969739 0.013292 0.243784  0.649590 0.426540 1 4 1.000000
0  3.316955 0.766884 62.481956  -0.969740 0.013294 0.243778  0.654253 0.426903 1 4 1.000000
tactical_vest
0  3.389484 0.966991 62.759563  0.270550 -0.044999 0.961654  0.681126 0.261826 1 4 1.000000
0  4.980123 0.805278 62.304497  0.269426 -0.055343 0.961430  0.685544 0.219042 1 4 1.000000
0  4.987248 0.976891 62.312527  0.269335 -0.056167 0.961407  0.681126 0.218568 1 4 1.000000
tactical_vest
0  3.389484 0.966991 62.759563  0.270550 -0.044999 0.961654  0.681126 0.261826 1 4 1.000000
0  3.385129 0.782464 62.752304  0.270633 -0.044220 0.961666  0.685891 0.262249 1 4 1.000000
0  4.980123 0.805278 62.304497  0.269426 -0.055343 0.961430  0.685544 0.219042 1 4 1.000000
tactical_vest
0  6.276814 -4.371983 56.429005  0.761958 -0.613444 0.207618  0.663321 0.364520 1 4 1.000000
0  5.644750 -5.663447 54.510117  0.694356 -0.681828 0.230173  0.679707 0.415785 1 4 1.000000
0  6.136746 -5.166275 54.385689  0.788194 -0.589934 0.175296  0.663321 0.411009 1 4 1.000000
tactical_vest
0  6.276814 -4.371983 56.429005  0.761958 -0.613444 0.207618  0.663321 0.364520 1 4 1.000000
0  5.671536 -4.808949 56.530460  0.590291 -0.746209 0.307780  0.672796 0.368733 1 4 1.000000
0  5.644750 -5.663447 54.510117  0.694356 -0.681828 0.230173  0.679707 0.415785 1 4 1.000000
tactical_vest
0  5.975879 -4.399333 56.473484  -0.736026 0.640172 -0.220105  0.640756 0.378070 1 4 1.000000
0  5.409713 -5.577918 54.531055  -0.653862 0.716199 -0.243976  0.625995 0.426996 1 4 1.000000
0  5.436500 -4.723419 56.551407  -0.521008 0.788586 -0.326622  0.632917 0.378627 1 4 1.000000
tactical_vest
0  5.975879 -4.399333 56.473484  -0.736026 0.640172 -0.220105  0.640756 0.378070 1 4 1.000000
0  5.835810 -5.193624 54.430164  -0.769643 0.611142 -0.184811  0.640756 0.426181 1 4 1.000000
0  5.409713 -5.577918 54.531055  -0.653862 0.716199 -0.243976  0.625995 0.426996 1 4 1.000000
tactical_vest
0  -1.159673 6.837177 58.816864  0.000014 -0.000014 1.000000  0.226624 0.955524 1 4 1.000000
0  -1.737050 7.113492 58.816868  0.000006 -0.000014 1.000000  0.232758 0.968409 1 4 1.000000
0  -1.737050 6.837177 58.816864  0.000000 -0.000014 1.000000  0.226624 0.968409 1 4 1.000000
tactical_vest
0  -1.159673 6.837177 58.816864  0.000014 -0.000014 1.000000  0.226624 0.955524 1 4 1.000000
0  -1.159673 7.113494 58.816868  0.000020 -0.000014 1.000000  0.232758 0.955524 1 4 1.000000
0  -1.737050 7.113492 58.816868  0.000006 -0.000014 1.000000  0.232758 0.968409 1 4 1.000000
tactical_vest
0  -1.737050 6.837177 58.816864  -0.831838 -0.000005 0.555018  0.431295 0.688916 1 4 1.000000
0  -2.050328 7.113495 58.347343  -0.831837 -0.000002 0.555020  0.437619 0.699100 1 4 1.000000
0  -2.050328 6.837178 58.347343  -0.831837 0.000000 0.555020  0.431455 0.699064 1 4 1.000000
tactical_vest
0  -1.737050 6.837177 58.816864  -0.831838 -0.000005 0.555018  0.431295 0.688916 1 4 1.000000
0  -1.737050 7.113492 58.816868  -0.831839 -0.000008 0.555018  0.437459 0.688952 1 4 1.000000
0  -2.050328 7.113495 58.347343  -0.831837 -0.000002 0.555020  0.437619 0.699100 1 4 1.000000
tactical_vest
0  -2.050327 6.837181 56.777287  0.000001 0.000014 -1.000000  0.337646 0.681962 1 4 1.000000
0  -1.159673 7.113499 56.777290  0.000006 0.000014 -1.000000  0.331481 0.662085 1 4 1.000000
0  -1.159673 6.837183 56.777287  0.000008 0.000014 -1.000000  0.337646 0.662085 1 4 1.000000
tactical_vest
0  -2.050327 6.837181 56.777287  0.000001 0.000014 -1.000000  0.337646 0.681962 1 4 1.000000
0  -2.050328 7.113499 56.777290  0.000000 0.000014 -1.000000  0.331481 0.681962 1 4 1.000000
0  -1.159673 7.113499 56.777290  0.000006 0.000014 -1.000000  0.331481 0.662085 1 4 1.000000
tactical_vest
0  -1.159673 7.113499 56.777290  1.000000 0.000000 0.000000  0.226624 0.953283 1 4 1.000000
0  -1.159673 6.837177 58.816864  1.000000 0.000000 0.000000  0.232788 0.907804 1 4 1.000000
0  -1.159673 6.837183 56.777287  1.000000 0.000000 0.000000  0.232788 0.953275 1 4 1.000000
tactical_vest
0  -1.159673 7.113499 56.777290  1.000000 0.000000 0.000000  0.226624 0.953283 1 4 1.000000
0  -1.159673 7.113494 58.816868  1.000000 0.000000 0.000000  0.226624 0.907812 1 4 1.000000
0  -1.159673 6.837177 58.816864  1.000000 0.000000 0.000000  0.232788 0.907804 1 4 1.000000
tactical_vest
0  -1.737050 7.113492 58.816868  -0.000003 1.000000 0.000007  0.398054 0.638839 1 4 1.000000
0  -1.159673 7.113494 58.816868  -0.000001 1.000000 0.000004  0.410940 0.638839 1 4 1.000000
0  -2.050328 7.113495 58.347343  -0.000001 1.000000 0.000004  0.391062 0.649313 1 4 1.000000
tactical_vest
0  -1.159673 7.113494 58.816868  -0.000001 1.000000 0.000004  0.410940 0.638839 1 4 1.000000
0  -1.159673 7.113499 56.777290  -0.000000 1.000000 0.000003  0.410940 0.684340 1 4 1.000000
0  -2.050328 7.113495 58.347343  -0.000001 1.000000 0.000004  0.391062 0.649313 1 4 1.000000
tactical_vest
0  -1.159673 7.113499 56.777290  -0.000000 1.000000 0.000003  0.410940 0.684340 1 4 1.000000
0  -2.050328 7.113499 56.777290  0.000000 1.000000 0.000003  0.391062 0.684340 1 4 1.000000
0  -2.050328 7.113495 58.347343  -0.000001 1.000000 0.000004  0.391062 0.649313 1 4 1.000000
tactical_vest
0  -2.050328 7.113499 56.777290  -1.000000 -0.000003 -0.000001  0.437459 0.734103 1 4 1.000000
0  -2.050328 6.837178 58.347343  -1.000000 -0.000000 -0.000000  0.431455 0.699064 1 4 1.000000
0  -2.050328 7.113495 58.347343  -1.000000 0.000000 0.000000  0.437619 0.699100 1 4 1.000000
tactical_vest
0  -2.050328 7.113499 56.777290  -1.000000 -0.000003 -0.000001  0.437459 0.734103 1 4 1.000000
0  -2.050327 6.837181 56.777287  -1.000000 -0.000003 -0.000001  0.431295 0.734066 1 4 1.000000
0  -2.050328 6.837178 58.347343  -1.000000 -0.000000 -0.000000  0.431455 0.699064 1 4 1.000000
tactical_vest
0  -2.050327 6.837181 56.777287  0.000002 -1.000000 -0.000002  0.433058 0.684320 1 4 1.000000
0  -1.159673 6.837183 56.777287  0.000001 -1.000000 -0.000003  0.413180 0.684320 1 4 1.000000
0  -2.050328 6.837178 58.347343  0.000000 -1.000000 -0.000003  0.433058 0.649309 1 4 1.000000
tactical_vest
0  -1.159673 6.837183 56.777287  0.000001 -1.000000 -0.000003  0.413180 0.684320 1 4 1.000000
0  -1.159673 6.837177 58.816864  -0.000000 -1.000000 -0.000003  0.413180 0.638839 1 4 1.000000
0  -2.050328 6.837178 58.347343  0.000000 -1.000000 -0.000003  0.433058 0.649309 1 4 1.000000
tactical_vest
0  -1.159673 6.837177 58.816864  -0.000000 -1.000000 -0.000003  0.413180 0.638839 1 4 1.000000
0  -1.737050 6.837177 58.816864  0.000000 -1.000000 0.000000  0.426066 0.638839 1 4 1.000000
0  -2.050328 6.837178 58.347343  0.000000 -1.000000 -0.000003  0.433058 0.649309 1 4 1.000000
tactical_vest
0  1.416488 7.918372 54.436226  -1.000000 0.000006 0.000000  0.330643 0.891547 1 4 1.000000
0  1.416490 8.066142 56.515522  -1.000000 0.000000 0.000000  0.333939 0.845195 1 4 1.000000
0  1.416489 8.066148 54.436230  -1.000000 0.000006 0.000000  0.333939 0.891551 1 4 1.000000
tactical_vest
0  1.416488 7.918372 54.436226  -1.000000 0.000006 0.000000  0.330643 0.891547 1 4 1.000000
0  1.416490 7.918366 56.515518  -1.000000 0.000000 0.000000  0.330643 0.845191 1 4 1.000000
0  1.416490 8.066142 56.515522  -1.000000 0.000000 0.000000  0.333939 0.845195 1 4 1.000000
tactical_vest
0  1.416490 7.918366 56.515518  -1.000000 0.000000 0.000000  0.330643 0.845191 1 4 1.000000
0  1.416489 8.066135 58.594814  -1.000000 0.000000 -0.000000  0.333939 0.798839 1 4 1.000000
0  1.416490 8.066142 56.515522  -1.000000 0.000000 0.000000  0.333939 0.845195 1 4 1.000000
tactical_vest
0  1.416490 7.918366 56.515518  -1.000000 0.000000 0.000000  0.330643 0.845191 1 4 1.000000
0  1.416489 7.918361 58.594814  -1.000000 0.000000 -0.000000  0.330643 0.798835 1 4 1.000000
0  1.416489 8.066135 58.594814  -1.000000 0.000000 -0.000000  0.333939 0.798839 1 4 1.000000
tactical_vest
0  1.863489 7.918372 54.436230  0.000006 0.000005 -1.000000  0.258485 0.686014 1 4 1.000000
0  1.416489 8.066148 54.436230  0.000023 0.000021 -1.000000  0.261783 0.676038 1 4 1.000000
0  1.863490 8.066148 54.436230  0.000000 0.000000 -1.000000  0.261783 0.686014 1 4 1.000000
tactical_vest
0  1.863489 7.918372 54.436230  0.000006 0.000005 -1.000000  0.258485 0.686014 1 4 1.000000
0  1.416488 7.918372 54.436226  0.000029 0.000026 -1.000000  0.258485 0.676038 1 4 1.000000
0  1.416489 8.066148 54.436230  0.000023 0.000021 -1.000000  0.261783 0.676038 1 4 1.000000
tactical_vest
0  1.416489 8.066148 54.436230  0.000000 1.000000 0.000003  0.331481 0.659844 1 4 1.000000
0  1.863490 8.066141 56.515518  0.000002 1.000000 0.000002  0.341457 0.613457 1 4 1.000000
0  1.863490 8.066148 54.436230  0.000000 1.000000 0.000003  0.341457 0.659844 1 4 1.000000
tactical_vest
0  1.416489 8.066148 54.436230  0.000000 1.000000 0.000003  0.331481 0.659844 1 4 1.000000
0  1.416490 8.066142 56.515522  0.000002 1.000000 0.000003  0.331481 0.613457 1 4 1.000000
0  1.863490 8.066141 56.515518  0.000002 1.000000 0.000002  0.341457 0.613457 1 4 1.000000
tactical_vest
0  1.863490 8.066138 58.289917  -0.000002 1.000000 0.000005  0.341457 0.573871 1 4 1.000000
0  1.863490 8.066141 56.515518  0.000002 1.000000 0.000002  0.341457 0.613457 1 4 1.000000
0  1.416490 8.066142 56.515522  0.000002 1.000000 0.000003  0.331481 0.613457 1 4 1.000000
tactical_vest
0  1.416490 8.066142 56.515522  0.000002 1.000000 0.000003  0.331481 0.613457 1 4 1.000000
0  1.416489 8.066135 58.594814  -0.000001 1.000000 0.000009  0.331481 0.567069 1 4 1.000000
0  1.863490 8.066138 58.289917  -0.000002 1.000000 0.000005  0.341457 0.573871 1 4 1.000000
tactical_vest
0  1.416489 8.066135 58.594814  -0.000001 1.000000 0.000009  0.331481 0.567069 1 4 1.000000
0  1.662102 8.066134 58.594814  0.000004 1.000000 0.000019  0.336962 0.567069 1 4 1.000000
0  1.863490 8.066138 58.289917  -0.000002 1.000000 0.000005  0.341457 0.573871 1 4 1.000000
tactical_vest
0  4.000907 7.065789 55.588093  -0.625791 0.777135 -0.066679  0.096454 0.890127 1 4 1.000000
0  3.282361 6.474202 55.436905  -0.625793 0.777134 -0.066676  0.112618 0.893457 1 4 1.000000
0  3.396435 6.579479 55.593288  -0.625792 0.777135 -0.066675  0.109947 0.889968 1 4 1.000000
tactical_vest
0  3.396435 6.579479 55.593288  -0.625792 0.777135 -0.066675  0.109947 0.889968 1 4 1.000000
0  3.282361 6.474202 55.436905  -0.625793 0.777134 -0.066676  0.112618 0.893457 1 4 1.000000
0  3.230782 6.511080 56.350819  -0.625938 0.777273 -0.063622  0.113044 0.873016 1 4 1.000000
tactical_vest
0  3.396435 6.579479 55.593288  -0.625792 0.777135 -0.066675  0.109947 0.889968 1 4 1.000000
0  3.230782 6.511080 56.350819  -0.625938 0.777273 -0.063622  0.113044 0.873016 1 4 1.000000
0  3.353647 6.610071 56.351410  -0.625936 0.777275 -0.063622  0.110300 0.873012 1 4 1.000000
tactical_vest
0  3.353647 6.610071 56.351410  -0.625936 0.777275 -0.063622  0.110300 0.873012 1 4 1.000000
0  3.230782 6.511080 56.350819  -0.625938 0.777273 -0.063622  0.113044 0.873016 1 4 1.000000
0  3.200308 6.567230 57.386585  -0.626010 0.777460 -0.060560  0.112902 0.849859 1 4 1.000000
tactical_vest
0  3.353647 6.610071 56.351410  -0.625936 0.777275 -0.063622  0.110300 0.873012 1 4 1.000000
0  3.200308 6.567230 57.386585  -0.626010 0.777460 -0.060560  0.112902 0.849859 1 4 1.000000
0  3.323250 6.666086 57.384842  -0.626007 0.777463 -0.060560  0.110158 0.849907 1 4 1.000000
tactical_vest
0  3.323250 6.666086 57.384842  -0.626007 0.777463 -0.060560  0.110158 0.849907 1 4 1.000000
0  3.200308 6.567230 57.386585  -0.626010 0.777460 -0.060560  0.112902 0.849859 1 4 1.000000
0  3.169834 6.623380 58.422352  -0.626004 0.777464 -0.060565  0.112760 0.826702 1 4 1.000000
tactical_vest
0  3.323250 6.666086 57.384842  -0.626007 0.777463 -0.060560  0.110158 0.849907 1 4 1.000000
0  3.169834 6.623380 58.422352  -0.626004 0.777464 -0.060565  0.112760 0.826702 1 4 1.000000
0  3.292776 6.722236 58.420609  -0.626004 0.777465 -0.060565  0.110016 0.826750 1 4 1.000000
tactical_vest
0  3.292776 6.722236 58.420609  -0.626004 0.777465 -0.060565  0.110016 0.826750 1 4 1.000000
0  3.169834 6.623380 58.422352  -0.626004 0.777464 -0.060565  0.112760 0.826702 1 4 1.000000
0  3.139360 6.679530 59.458115  -0.626005 0.777463 -0.060572  0.112618 0.803545 1 4 1.000000
tactical_vest
0  3.292776 6.722236 58.420609  -0.626004 0.777465 -0.060565  0.110016 0.826750 1 4 1.000000
0  3.139360 6.679530 59.458115  -0.626005 0.777463 -0.060572  0.112618 0.803545 1 4 1.000000
0  3.266915 6.769886 59.299591  -0.626004 0.777464 -0.060571  0.109896 0.807098 1 4 1.000000
tactical_vest
0  3.266915 6.769886 59.299591  -0.626004 0.777464 -0.060571  0.109896 0.807098 1 4 1.000000
0  3.139360 6.679530 59.458115  -0.626005 0.777463 -0.060572  0.112618 0.803545 1 4 1.000000
0  3.989751 7.363688 59.450809  -0.626008 0.777461 -0.060569  0.093635 0.803768 1 4 1.000000
tactical_vest
0  3.266915 6.769886 59.299591  -0.626004 0.777464 -0.060571  0.109896 0.807098 1 4 1.000000
0  3.989751 7.363688 59.450809  -0.626008 0.777461 -0.060569  0.093635 0.803768 1 4 1.000000
0  3.871462 7.256257 59.294395  -0.626008 0.777461 -0.060568  0.096401 0.807257 1 4 1.000000
tactical_vest
0  3.871462 7.256257 59.294395  -0.626008 0.777461 -0.060568  0.096401 0.807257 1 4 1.000000
0  3.989751 7.363688 59.450809  -0.626008 0.777461 -0.060569  0.093635 0.803768 1 4 1.000000
0  4.020226 7.307537 58.415043  -0.626004 0.777465 -0.060565  0.093777 0.826925 1 4 1.000000
tactical_vest
0  3.871462 7.256257 59.294395  -0.626008 0.777461 -0.060568  0.096401 0.807257 1 4 1.000000
0  4.020226 7.307537 58.415043  -0.626004 0.777465 -0.060565  0.093777 0.826925 1 4 1.000000
0  3.897283 7.208681 58.416782  -0.626004 0.777465 -0.060565  0.096521 0.826878 1 4 1.000000
tactical_vest
0  3.897283 7.208681 58.416782  -0.626004 0.777465 -0.060565  0.096521 0.826878 1 4 1.000000
0  4.020226 7.307537 58.415043  -0.626004 0.777465 -0.060565  0.093777 0.826925 1 4 1.000000
0  4.050698 7.251388 57.379284  -0.626006 0.777463 -0.060564  0.093919 0.850082 1 4 1.000000
tactical_vest
0  3.897283 7.208681 58.416782  -0.626004 0.777465 -0.060565  0.096521 0.826878 1 4 1.000000
0  4.050698 7.251388 57.379284  -0.626006 0.777463 -0.060564  0.093919 0.850082 1 4 1.000000
0  3.927757 7.152532 57.381020  -0.626009 0.777460 -0.060565  0.096663 0.850035 1 4 1.000000
tactical_vest
0  3.927757 7.152532 57.381020  -0.626009 0.777460 -0.060565  0.096663 0.850035 1 4 1.000000
0  4.050698 7.251388 57.379284  -0.626006 0.777463 -0.060564  0.093919 0.850082 1 4 1.000000
0  4.081172 7.195240 56.343513  -0.625936 0.777275 -0.063628  0.094061 0.873239 1 4 1.000000
tactical_vest
0  3.927757 7.152532 57.381020  -0.626009 0.777460 -0.060565  0.096663 0.850035 1 4 1.000000
0  4.081172 7.195240 56.343513  -0.625936 0.777275 -0.063628  0.094061 0.873239 1 4 1.000000
0  3.958306 7.096247 56.342922  -0.625938 0.777273 -0.063628  0.096805 0.873244 1 4 1.000000
tactical_vest
0  3.958306 7.096247 56.342922  -0.625938 0.777273 -0.063628  0.096805 0.873244 1 4 1.000000
0  4.081172 7.195240 56.343513  -0.625936 0.777275 -0.063628  0.094061 0.873239 1 4 1.000000
0  4.132752 7.158359 55.429604  -0.625794 0.777133 -0.066680  0.093635 0.893680 1 4 1.000000
tactical_vest
0  3.958306 7.096247 56.342922  -0.625938 0.777273 -0.063628  0.096805 0.873244 1 4 1.000000
0  4.132752 7.158359 55.429604  -0.625794 0.777133 -0.066680  0.093635 0.893680 1 4 1.000000
0  4.000907 7.065789 55.588093  -0.625791 0.777135 -0.066679  0.096454 0.890127 1 4 1.000000
tactical_vest
0  4.000907 7.065789 55.588093  -0.625791 0.777135 -0.066679  0.096454 0.890127 1 4 1.000000
0  4.132752 7.158359 55.429604  -0.625794 0.777133 -0.066680  0.093635 0.893680 1 4 1.000000
0  3.282361 6.474202 55.436905  -0.625793 0.777134 -0.066676  0.112618 0.893457 1 4 1.000000
tactical_vest
0  1.416488 7.918372 54.436226  -0.000001 1.000000 -0.000000  0.147949 0.786645 1 4 1.000000
0  2.085545 7.918372 54.214172  0.000002 1.000000 0.000002  0.162881 0.791599 1 4 1.000000
0  1.194435 7.918372 54.214172  -0.000002 1.000000 -0.000001  0.142993 0.791599 1 4 1.000000
tactical_vest
0  1.416488 7.918372 54.436226  -0.000001 1.000000 -0.000000  0.147949 0.786645 1 4 1.000000
0  1.863489 7.918372 54.436230  0.000001 1.000000 0.000004  0.157925 0.786645 1 4 1.000000
0  2.085545 7.918372 54.214172  0.000002 1.000000 0.000002  0.162881 0.791599 1 4 1.000000
tactical_vest
0  1.863489 7.918372 54.436230  0.000001 1.000000 0.000004  0.157925 0.786645 1 4 1.000000
0  2.085545 7.918365 56.515518  0.000000 1.000000 0.000003  0.162881 0.740258 1 4 1.000000
0  2.085545 7.918372 54.214172  0.000002 1.000000 0.000002  0.162881 0.791599 1 4 1.000000
tactical_vest
0  1.863489 7.918372 54.436230  0.000001 1.000000 0.000004  0.157925 0.786645 1 4 1.000000
0  1.863490 7.918365 56.515518  -0.000000 1.000000 0.000003  0.157925 0.740258 1 4 1.000000
0  2.085545 7.918365 56.515518  0.000000 1.000000 0.000003  0.162881 0.740258 1 4 1.000000
tactical_vest
0  1.863490 7.918365 56.515518  -0.000000 1.000000 0.000003  0.157925 0.740258 1 4 1.000000
0  2.085544 7.918361 58.356632  -0.000001 1.000000 0.000003  0.162881 0.699183 1 4 1.000000
0  2.085545 7.918365 56.515518  0.000000 1.000000 0.000003  0.162881 0.740258 1 4 1.000000
tactical_vest
0  1.863490 7.918365 56.515518  -0.000000 1.000000 0.000003  0.157925 0.740258 1 4 1.000000
0  1.863490 7.918361 58.289917  -0.000002 1.000000 0.000003  0.157925 0.700672 1 4 1.000000
0  2.085544 7.918361 58.356632  -0.000001 1.000000 0.000003  0.162881 0.699183 1 4 1.000000
tactical_vest
0  1.863490 7.918361 58.289917  -0.000002 1.000000 0.000003  0.157925 0.700672 1 4 1.000000
0  1.781553 7.918359 58.816868  -0.000002 1.000000 0.000002  0.156096 0.688916 1 4 1.000000
0  2.085544 7.918361 58.356632  -0.000001 1.000000 0.000003  0.162881 0.699183 1 4 1.000000
tactical_vest
0  1.863490 7.918361 58.289917  -0.000002 1.000000 0.000003  0.157925 0.700672 1 4 1.000000
0  1.662102 7.918359 58.594814  -0.000002 1.000000 0.000004  0.153430 0.693870 1 4 1.000000
0  1.781553 7.918359 58.816868  -0.000002 1.000000 0.000002  0.156096 0.688916 1 4 1.000000
tactical_vest
0  1.662102 7.918359 58.594814  -0.000002 1.000000 0.000004  0.153430 0.693870 1 4 1.000000
0  1.194435 7.918359 58.816868  -0.000002 1.000000 0.000004  0.142993 0.688916 1 4 1.000000
0  1.781553 7.918359 58.816868  -0.000002 1.000000 0.000002  0.156096 0.688916 1 4 1.000000
tactical_vest
0  1.662102 7.918359 58.594814  -0.000002 1.000000 0.000004  0.153430 0.693870 1 4 1.000000
0  1.416489 7.918361 58.594814  0.000001 1.000000 0.000008  0.147949 0.693870 1 4 1.000000
0  1.194435 7.918359 58.816868  -0.000002 1.000000 0.000004  0.142993 0.688916 1 4 1.000000
tactical_vest
0  1.416489 7.918361 58.594814  0.000001 1.000000 0.000008  0.147949 0.693870 1 4 1.000000
0  1.194436 7.918365 56.515518  -0.000004 1.000000 0.000003  0.142993 0.740258 1 4 1.000000
0  1.194435 7.918359 58.816868  -0.000002 1.000000 0.000004  0.142993 0.688916 1 4 1.000000
tactical_vest
0  1.416489 7.918361 58.594814  0.000001 1.000000 0.000008  0.147949 0.693870 1 4 1.000000
0  1.416490 7.918366 56.515518  -0.000004 1.000000 0.000003  0.147949 0.740258 1 4 1.000000
0  1.194436 7.918365 56.515518  -0.000004 1.000000 0.000003  0.142993 0.740258 1 4 1.000000
tactical_vest
0  1.416490 7.918366 56.515518  -0.000004 1.000000 0.000003  0.147949 0.740258 1 4 1.000000
0  1.194435 7.918372 54.214172  -0.000002 1.000000 -0.000001  0.142993 0.791599 1 4 1.000000
0  1.194436 7.918365 56.515518  -0.000004 1.000000 0.000003  0.142993 0.740258 1 4 1.000000
tactical_vest
0  1.416490 7.918366 56.515518  -0.000004 1.000000 0.000003  0.147949 0.740258 1 4 1.000000
0  1.416488 7.918372 54.436226  -0.000001 1.000000 -0.000000  0.147949 0.786645 1 4 1.000000
0  1.194435 7.918372 54.214172  -0.000002 1.000000 -0.000001  0.142993 0.791599 1 4 1.000000
tactical_vest
0  1.781553 7.918359 58.816868  0.834410 -0.000002 0.551144  0.115945 0.688993 1 4 1.000000
0  2.085544 6.806309 58.356628  0.834413 -0.000002 0.551139  0.140571 0.698866 1 4 1.000000
0  2.085544 7.918361 58.356632  0.834408 -0.000002 0.551148  0.115764 0.698943 1 4 1.000000
tactical_vest
0  1.781553 7.918359 58.816868  0.834410 -0.000002 0.551144  0.115945 0.688993 1 4 1.000000
0  1.781553 6.806308 58.816864  0.834416 -0.000002 0.551135  0.140753 0.688916 1 4 1.000000
0  2.085544 6.806309 58.356628  0.834413 -0.000002 0.551139  0.140571 0.698866 1 4 1.000000
tactical_vest
0  -1.159106 7.918366 56.308945  1.000000 0.000002 0.000001  0.115764 0.906539 1 4 1.000000
0  -1.159107 7.857869 56.454079  1.000000 0.000012 0.000011  0.117113 0.903302 1 4 1.000000
0  -1.159106 7.711816 56.512321  1.000000 0.000002 0.000002  0.120371 0.901999 1 4 1.000000
tactical_vest
0  -1.159106 6.806314 56.498302  1.000000 -0.000000 -0.000000  0.140571 0.902284 1 4 1.000000
0  -1.159106 7.918366 56.308945  1.000000 0.000002 0.000001  0.115764 0.906539 1 4 1.000000
0  -1.159106 7.711816 56.512321  1.000000 0.000002 0.000002  0.120371 0.901999 1 4 1.000000
tactical_vest
0  -1.159107 7.918372 54.214172  1.000000 0.000001 -0.000001  0.115764 0.953240 1 4 1.000000
0  -1.159106 7.918366 56.308945  1.000000 0.000002 0.000001  0.115764 0.906539 1 4 1.000000
0  -1.159106 6.806314 56.498302  1.000000 -0.000000 -0.000000  0.140571 0.902284 1 4 1.000000
tactical_vest
0  -1.159106 6.806314 56.498302  1.000000 -0.000000 -0.000000  0.140571 0.902284 1 4 1.000000
0  -1.159107 6.806322 53.776924  1.000000 0.000000 -0.000000  0.140571 0.962955 1 4 1.000000
0  -1.159107 7.918372 54.214172  1.000000 0.000001 -0.000001  0.115764 0.953240 1 4 1.000000
tactical_vest
0  -1.159107 6.806322 53.776924  1.000000 0.000000 -0.000000  0.140571 0.962955 1 4 1.000000
0  -1.159107 7.481132 53.776928  1.000000 0.000000 0.000000  0.125518 0.962975 1 4 1.000000
0  -1.159107 7.918372 54.214172  1.000000 0.000001 -0.000001  0.115764 0.953240 1 4 1.000000
tactical_vest
0  -1.159107 7.481132 53.776928  1.000000 0.000000 0.000000  0.125518 0.962975 1 4 1.000000
0  -1.159107 7.699752 53.835510  1.000000 0.000001 -0.000001  0.120641 0.961676 1 4 1.000000
0  -1.159107 7.918372 54.214172  1.000000 0.000001 -0.000001  0.115764 0.953240 1 4 1.000000
tactical_vest
0  -1.159107 7.699752 53.835510  1.000000 0.000001 -0.000001  0.120641 0.961676 1 4 1.000000
0  -1.159108 7.859796 53.995552  1.000000 0.000014 -0.000009  0.117070 0.958113 1 4 1.000000
0  -1.159107 7.918372 54.214172  1.000000 0.000001 -0.000001  0.115764 0.953240 1 4 1.000000
tactical_vest
0  5.189177 4.203969 60.011711  -0.041631 0.037107 0.998444  0.371423 0.952802 1 4 1.000000
0  5.882615 4.755463 60.029465  -0.043584 0.031111 0.998565  0.391185 0.952359 1 4 1.000000
0  5.634330 4.883322 60.015018  -0.039411 0.036397 0.998560  0.388499 0.946731 1 4 1.000000
tactical_vest
0  5.634330 4.883322 60.015018  -0.039411 0.036397 0.998560  0.388499 0.946731 1 4 1.000000
0  5.882615 4.755463 60.029465  -0.043584 0.031111 0.998565  0.391185 0.952359 1 4 1.000000
0  4.309902 6.984929 59.875721  -0.030143 0.037050 0.998859  0.393332 0.891458 1 4 1.000000
tactical_vest
0  5.634330 4.883322 60.015018  -0.039411 0.036397 0.998560  0.388499 0.946731 1 4 1.000000
0  4.309902 6.984929 59.875721  -0.030143 0.037050 0.998859  0.393332 0.891458 1 4 1.000000
0  4.283695 6.797987 59.881824  -0.030856 0.037593 0.998817  0.390343 0.894429 1 4 1.000000
tactical_vest
0  4.283695 6.797987 59.881824  -0.030856 0.037593 0.998817  0.390343 0.894429 1 4 1.000000
0  4.309902 6.984929 59.875721  -0.030143 0.037050 0.998859  0.393332 0.891458 1 4 1.000000
0  3.460152 6.300002 59.885086  -0.033231 0.043619 0.998495  0.368984 0.892174 1 4 1.000000
tactical_vest
0  4.283695 6.797987 59.881824  -0.030856 0.037593 0.998817  0.390343 0.894429 1 4 1.000000
0  3.460152 6.300002 59.885086  -0.033231 0.043619 0.998495  0.368984 0.892174 1 4 1.000000
0  3.638063 6.277809 59.892254  -0.034430 0.045814 0.998357  0.371846 0.894971 1 4 1.000000
tactical_vest
0  3.638063 6.277809 59.892254  -0.034430 0.045814 0.998357  0.371846 0.894971 1 4 1.000000
0  3.460152 6.300002 59.885086  -0.033231 0.043619 0.998495  0.368984 0.892174 1 4 1.000000
0  5.177876 4.003390 60.018864  -0.042138 0.037750 0.998398  0.368515 0.956217 1 4 1.000000
tactical_vest
0  3.638063 6.277809 59.892254  -0.034430 0.045814 0.998357  0.371846 0.894971 1 4 1.000000
0  5.177876 4.003390 60.018864  -0.042138 0.037750 0.998398  0.368515 0.956217 1 4 1.000000
0  5.189177 4.203969 60.011711  -0.041631 0.037107 0.998444  0.371423 0.952802 1 4 1.000000
tactical_vest
0  5.189177 4.203969 60.011711  -0.041631 0.037107 0.998444  0.371423 0.952802 1 4 1.000000
0  5.177876 4.003390 60.018864  -0.042138 0.037750 0.998398  0.368515 0.956217 1 4 1.000000
0  5.882615 4.755463 60.029465  -0.043584 0.031111 0.998565  0.391185 0.952359 1 4 1.000000
tactical_vest
0  -1.159107 7.857869 56.454079  0.000000 0.370410 0.928868  0.392533 0.767120 1 4 1.000000
0  -2.050215 7.711816 56.512321  0.000000 0.370408 0.928869  0.412421 0.770497 1 4 1.000000
0  -1.159106 7.711816 56.512321  0.000000 0.370411 0.928868  0.392533 0.770497 1 4 1.000000
tactical_vest
0  -1.159107 7.857869 56.454079  0.000000 0.370410 0.928868  0.392533 0.767120 1 4 1.000000
0  -2.050216 7.857871 56.454079  0.000000 0.370407 0.928869  0.412421 0.767120 1 4 1.000000
0  -2.050215 7.711816 56.512321  0.000000 0.370408 0.928869  0.412421 0.770497 1 4 1.000000
tactical_vest
0  -1.159106 7.918366 56.308945  -0.000001 0.923022 0.384746  0.431232 0.802036 1 4 1.000000
0  -2.050216 7.857871 56.454079  -0.000000 0.923026 0.384737  0.411345 0.798835 1 4 1.000000
0  -1.159107 7.857869 56.454079  -0.000001 0.923022 0.384747  0.431232 0.798835 1 4 1.000000
tactical_vest
0  -1.159106 7.918366 56.308945  -0.000001 0.923022 0.384746  0.431232 0.802036 1 4 1.000000
0  -2.050216 7.918366 56.308945  0.000000 0.923027 0.384736  0.411345 0.802036 1 4 1.000000
0  -2.050216 7.857871 56.454079  -0.000000 0.923026 0.384737  0.411345 0.798835 1 4 1.000000
tactical_vest
0  -2.050216 7.918372 54.214172  -1.000000 -0.000001 0.000000  0.429055 0.740157 1 4 1.000000
0  -2.050216 7.859796 53.995552  -1.000000 0.000009 -0.000002  0.427748 0.745030 1 4 1.000000
0  -2.050217 7.699751 53.835510  -1.000000 -0.000010 0.000008  0.424178 0.748593 1 4 1.000000
tactical_vest
0  -2.050217 7.699751 53.835510  -1.000000 -0.000010 0.000008  0.424178 0.748593 1 4 1.000000
0  -2.050215 7.481133 53.776928  -1.000000 -0.000002 -0.000000  0.419301 0.749892 1 4 1.000000
0  -2.050216 7.918372 54.214172  -1.000000 -0.000001 0.000000  0.429055 0.740157 1 4 1.000000
tactical_vest
0  -2.050215 7.481133 53.776928  -1.000000 -0.000002 -0.000000  0.419301 0.749892 1 4 1.000000
0  -2.050215 6.806323 53.776924  -1.000000 -0.000000 -0.000001  0.404247 0.749872 1 4 1.000000
0  -2.050216 7.918372 54.214172  -1.000000 -0.000001 0.000000  0.429055 0.740157 1 4 1.000000
tactical_vest
0  -2.050215 6.806323 53.776924  -1.000000 -0.000000 -0.000001  0.404247 0.749872 1 4 1.000000
0  -2.050216 6.806314 56.498306  -1.000000 -0.000000 0.000001  0.404247 0.689201 1 4 1.000000
0  -2.050216 7.918372 54.214172  -1.000000 -0.000001 0.000000  0.429055 0.740157 1 4 1.000000
tactical_vest
0  -2.050216 7.918366 56.308945  -1.000000 -0.000001 0.000001  0.429055 0.693456 1 4 1.000000
0  -2.050216 7.918372 54.214172  -1.000000 -0.000001 0.000000  0.429055 0.740157 1 4 1.000000
0  -2.050216 6.806314 56.498306  -1.000000 -0.000000 0.000001  0.404247 0.689201 1 4 1.000000
tactical_vest
0  -2.050216 6.806314 56.498306  -1.000000 -0.000000 0.000001  0.404247 0.689201 1 4 1.000000
0  -2.050215 7.711816 56.512321  -1.000000 -0.000000 0.000004  0.424447 0.688916 1 4 1.000000
0  -2.050216 7.918366 56.308945  -1.000000 -0.000001 0.000001  0.429055 0.693456 1 4 1.000000
tactical_vest
0  -2.050215 7.711816 56.512321  -1.000000 -0.000000 0.000004  0.424447 0.688916 1 4 1.000000
0  -2.050216 7.857871 56.454079  -1.000000 -0.000007 -0.000003  0.427705 0.690219 1 4 1.000000
0  -2.050216 7.918366 56.308945  -1.000000 -0.000001 0.000001  0.429055 0.693456 1 4 1.000000
tactical_vest
0  3.353647 6.610071 56.351410  -0.778730 -0.627348 -0.003780  0.365204 0.632796 1 4 1.000000
0  3.331568 6.660038 55.586853  -0.778027 -0.627957 -0.018572  0.363244 0.649788 1 4 1.000000
0  3.396435 6.579479 55.593288  -0.778027 -0.627956 -0.018572  0.365008 0.649664 1 4 1.000000
tactical_vest
0  3.353647 6.610071 56.351410  -0.778730 -0.627348 -0.003780  0.365204 0.632796 1 4 1.000000
0  3.288779 6.690631 56.344975  -0.778731 -0.627347 -0.003751  0.363440 0.632919 1 4 1.000000
0  3.331568 6.660038 55.586853  -0.778027 -0.627957 -0.018572  0.363244 0.649788 1 4 1.000000
tactical_vest
0  3.323250 6.666086 57.384842  -0.779267 -0.626594 0.011042  0.365135 0.609756 1 4 1.000000
0  3.288779 6.690631 56.344975  -0.778731 -0.627347 -0.003751  0.363440 0.632919 1 4 1.000000
0  3.353647 6.610071 56.351410  -0.778730 -0.627348 -0.003780  0.365204 0.632796 1 4 1.000000
tactical_vest
0  3.323250 6.666086 57.384842  -0.779267 -0.626594 0.011042  0.365135 0.609756 1 4 1.000000
0  3.258382 6.746646 57.378407  -0.779267 -0.626595 0.011042  0.363372 0.609880 1 4 1.000000
0  3.288779 6.690631 56.344975  -0.778731 -0.627347 -0.003751  0.363440 0.632919 1 4 1.000000
tactical_vest
0  3.292776 6.722236 58.420609  -0.779265 -0.626598 0.011041  0.365066 0.586665 1 4 1.000000
0  3.258382 6.746646 57.378407  -0.779267 -0.626595 0.011042  0.363372 0.609880 1 4 1.000000
0  3.323250 6.666086 57.384842  -0.779267 -0.626594 0.011042  0.365135 0.609756 1 4 1.000000
tactical_vest
0  3.292776 6.722236 58.420609  -0.779265 -0.626598 0.011041  0.365066 0.586665 1 4 1.000000
0  3.227908 6.802796 58.414173  -0.779265 -0.626597 0.011041  0.363303 0.586789 1 4 1.000000
0  3.258382 6.746646 57.378407  -0.779267 -0.626595 0.011042  0.363372 0.609880 1 4 1.000000
tactical_vest
0  3.266915 6.769886 59.299591  -0.779273 -0.626588 0.011041  0.365008 0.567069 1 4 1.000000
0  3.227908 6.802796 58.414173  -0.779265 -0.626597 0.011041  0.363303 0.586789 1 4 1.000000
0  3.292776 6.722236 58.420609  -0.779265 -0.626598 0.011041  0.365066 0.586665 1 4 1.000000
tactical_vest
0  3.266915 6.769886 59.299591  -0.779273 -0.626588 0.011041  0.365008 0.567069 1 4 1.000000
0  3.202047 6.850447 59.293156  -0.779273 -0.626587 0.011041  0.363244 0.567192 1 4 1.000000
0  3.227908 6.802796 58.414173  -0.779265 -0.626597 0.011041  0.363303 0.586789 1 4 1.000000
tactical_vest
0  3.460152 6.300002 59.885086  -0.774560 -0.632452 -0.007850  0.279043 0.567069 1 4 1.000000
0  3.139360 6.679530 59.458115  -0.770241 -0.637642 0.011906  0.269235 0.575385 1 4 1.000000
0  3.169834 6.623380 58.422352  -0.776759 -0.629511 0.019016  0.266541 0.598319 1 4 1.000000
tactical_vest
0  5.322690 4.033162 58.801670  -0.783012 -0.621989 -0.004697  0.323917 0.597293 1 4 1.000000
0  5.177876 4.003390 60.018864  -0.792961 -0.599441 -0.109005  0.329240 0.570823 1 4 1.000000
0  3.460152 6.300002 59.885086  -0.774560 -0.632452 -0.007850  0.279043 0.567069 1 4 1.000000
tactical_vest
0  3.169834 6.623380 58.422352  -0.776759 -0.629511 0.019016  0.266541 0.598319 1 4 1.000000
0  5.322690 4.033162 58.801670  -0.783012 -0.621989 -0.004697  0.323917 0.597293 1 4 1.000000
0  3.460152 6.300002 59.885086  -0.774560 -0.632452 -0.007850  0.279043 0.567069 1 4 1.000000
tactical_vest
0  5.174292 4.062936 57.584480  -0.775383 -0.609438 0.165428  0.318732 0.624091 1 4 1.000000
0  5.322690 4.033162 58.801670  -0.783012 -0.621989 -0.004697  0.323917 0.597293 1 4 1.000000
0  3.169834 6.623380 58.422352  -0.776759 -0.629511 0.019016  0.266541 0.598319 1 4 1.000000
tactical_vest
0  5.174292 4.062936 57.584480  -0.775383 -0.609438 0.165428  0.318732 0.624091 1 4 1.000000
0  3.169834 6.623380 58.422352  -0.776759 -0.629511 0.019016  0.266541 0.598319 1 4 1.000000
0  3.200308 6.567230 57.386585  -0.802879 -0.595434 0.029063  0.263847 0.621253 1 4 1.000000
tactical_vest
0  5.132785 3.745689 56.750839  -0.827590 -0.535110 0.169564  0.322577 0.643644 1 4 1.000000
0  5.174292 4.062936 57.584480  -0.775383 -0.609438 0.165428  0.318732 0.624091 1 4 1.000000
0  3.200308 6.567230 57.386585  -0.802879 -0.595434 0.029063  0.263847 0.621253 1 4 1.000000
tactical_vest
0  5.132785 3.745689 56.750839  -0.827590 -0.535110 0.169564  0.322577 0.643644 1 4 1.000000
0  3.200308 6.567230 57.386585  -0.802879 -0.595434 0.029063  0.263847 0.621253 1 4 1.000000
0  3.230782 6.511080 56.350819  -0.830223 -0.557414 0.004383  0.261153 0.644187 1 4 1.000000
tactical_vest
0  5.132785 3.745689 56.750839  -0.827590 -0.535110 0.169564  0.322577 0.643644 1 4 1.000000
0  3.230782 6.511080 56.350819  -0.830223 -0.557414 0.004383  0.261153 0.644187 1 4 1.000000
0  3.506927 6.085210 55.061771  -0.845164 -0.533855 0.026386  0.265515 0.673798 1 4 1.000000
tactical_vest
0  3.230782 6.511080 56.350819  -0.830223 -0.557414 0.004383  0.261153 0.644187 1 4 1.000000
0  3.282361 6.474202 55.436905  -0.878012 -0.477680 -0.030278  0.258485 0.664347 1 4 1.000000
0  3.506927 6.085210 55.061771  -0.845164 -0.533855 0.026386  0.265515 0.673798 1 4 1.000000
tactical_vest
0  3.506927 6.085210 55.061771  -0.845164 -0.533855 0.026386  0.265515 0.673798 1 4 1.000000
0  5.187175 3.266363 55.731667  -0.863383 -0.472758 0.176265  0.329240 0.667774 1 4 1.000000
0  5.132785 3.745689 56.750839  -0.827590 -0.535110 0.169564  0.322577 0.643644 1 4 1.000000
tactical_vest
0  -5.185221 -3.732457 58.109730  0.479074 0.675063 -0.561051  0.192850 0.109009 1 4 1.000000
0  -6.168619 -2.791582 58.245411  0.575688 0.652246 -0.493111  0.178861 0.129858 1 4 1.000000
0  -6.145782 -2.277878 58.943531  0.539242 0.671180 -0.508661  0.155950 0.129858 1 4 1.000000
tactical_vest
0  -3.036216 -7.169883 53.860352  0.442813 0.844464 -0.301327  0.332846 0.051997 1 4 1.000000
0  -3.717980 -6.814779 53.811848  0.451217 0.845003 -0.287006  0.330350 0.067355 1 4 1.000000
0  -3.681582 -6.196686 55.688858  0.425780 0.811066 -0.401102  0.278830 0.072061 1 4 1.000000
tactical_vest
0  -3.681582 -6.196686 55.688858  0.425780 0.811066 -0.401102  0.278830 0.072061 1 4 1.000000
0  -3.717980 -6.814779 53.811848  0.451217 0.845003 -0.287006  0.330350 0.067355 1 4 1.000000
0  -4.652292 -6.327274 53.812553  0.519841 0.815066 -0.255798  0.325367 0.088719 1 4 1.000000
tactical_vest
0  -3.681582 -6.196686 55.688858  0.425780 0.811066 -0.401102  0.278830 0.072061 1 4 1.000000
0  -4.652292 -6.327274 53.812553  0.519841 0.815066 -0.255798  0.325367 0.088719 1 4 1.000000
0  -4.932171 -5.688199 55.292046  0.534268 0.778542 -0.329287  0.283238 0.099531 1 4 1.000000
tactical_vest
0  -3.742914 -4.788958 57.891884  0.387978 0.745121 -0.542465  0.209545 0.076618 1 4 1.000000
0  -3.681582 -6.196686 55.688858  0.425780 0.811066 -0.401102  0.278830 0.072061 1 4 1.000000
0  -4.932171 -5.688199 55.292046  0.534268 0.778542 -0.329287  0.283238 0.099531 1 4 1.000000
tactical_vest
0  -3.742914 -4.788958 57.891884  0.387978 0.745121 -0.542465  0.209545 0.076618 1 4 1.000000
0  -4.932171 -5.688199 55.292046  0.534268 0.778542 -0.329287  0.283238 0.099531 1 4 1.000000
0  -5.208690 -4.324317 57.402813  0.525123 0.706175 -0.474934  0.216993 0.109400 1 4 1.000000
tactical_vest
0  -3.742914 -4.788958 57.891884  0.387978 0.745121 -0.542465  0.209545 0.076618 1 4 1.000000
0  -5.208690 -4.324317 57.402813  0.525123 0.706175 -0.474934  0.216993 0.109400 1 4 1.000000
0  -5.185221 -3.732457 58.109730  0.479074 0.675063 -0.561051  0.192850 0.109009 1 4 1.000000
tactical_vest
0  -5.208690 -4.324317 57.402813  0.525123 0.706175 -0.474934  0.216993 0.109400 1 4 1.000000
0  -6.168619 -2.791582 58.245411  0.575688 0.652246 -0.493111  0.178861 0.129858 1 4 1.000000
0  -5.185221 -3.732457 58.109730  0.479074 0.675063 -0.561051  0.192850 0.109009 1 4 1.000000
tactical_vest
0  -5.208690 -4.324317 57.402813  0.525123 0.706175 -0.474934  0.216993 0.109400 1 4 1.000000
0  -6.105744 -3.541150 57.201988  0.652172 0.644777 -0.398666  0.212714 0.127274 1 4 1.000000
0  -6.168619 -2.791582 58.245411  0.575688 0.652246 -0.493111  0.178861 0.129858 1 4 1.000000
tactical_vest
0  -5.983291 -2.114969 59.358311  0.503024 0.728079 -0.465692  0.143980 0.126798 1 4 1.000000
0  -5.793892 -2.103873 59.608707  0.479036 0.782872 -0.397034  0.137760 0.123074 1 4 1.000000
0  -5.169001 -2.366958 59.843910  0.479525 0.700935 -0.527965  0.134823 0.109572 1 4 1.000000
tactical_vest
0  -6.145782 -2.277878 58.943531  0.539242 0.671180 -0.508661  0.155950 0.129858 1 4 1.000000
0  -5.983291 -2.114969 59.358311  0.503024 0.728079 -0.465692  0.143980 0.126798 1 4 1.000000
0  -5.169001 -2.366958 59.843910  0.479525 0.700935 -0.527965  0.134823 0.109572 1 4 1.000000
tactical_vest
0  -5.169001 -2.366958 59.843910  0.479525 0.700935 -0.527965  0.134823 0.109572 1 4 1.000000
0  -5.185221 -3.732457 58.109730  0.479074 0.675063 -0.561051  0.192850 0.109009 1 4 1.000000
0  -6.145782 -2.277878 58.943531  0.539242 0.671180 -0.508661  0.155950 0.129858 1 4 1.000000
tactical_vest
0  -3.719450 -4.198363 58.598881  0.398712 0.717657 -0.570961  0.185416 0.076235 1 4 1.000000
0  -5.185221 -3.732457 58.109730  0.479074 0.675063 -0.561051  0.192850 0.109009 1 4 1.000000
0  -5.169001 -2.366958 59.843910  0.479525 0.700935 -0.527965  0.134823 0.109572 1 4 1.000000
tactical_vest
0  -3.742914 -4.788958 57.891884  0.387978 0.745121 -0.542465  0.209545 0.076618 1 4 1.000000
0  -5.185221 -3.732457 58.109730  0.479074 0.675063 -0.561051  0.192850 0.109009 1 4 1.000000
0  -3.719450 -4.198363 58.598881  0.398712 0.717657 -0.570961  0.185416 0.076235 1 4 1.000000
tactical_vest
0  -1.457083 -5.491164 58.404305  0.368481 0.747471 -0.552728  0.203412 0.024186 1 4 1.000000
0  -3.742914 -4.788958 57.891884  0.387978 0.745121 -0.542465  0.209545 0.076618 1 4 1.000000
0  -3.719450 -4.198363 58.598881  0.398712 0.717657 -0.570961  0.185416 0.076235 1 4 1.000000
tactical_vest
0  -1.457083 -5.491164 58.404305  0.368481 0.747471 -0.552728  0.203412 0.024186 1 4 1.000000
0  -3.681582 -6.196686 55.688858  0.425780 0.811066 -0.401102  0.278830 0.072061 1 4 1.000000
0  -3.742914 -4.788958 57.891884  0.387978 0.745121 -0.542465  0.209545 0.076618 1 4 1.000000
tactical_vest
0  -1.457083 -5.491164 58.404305  0.368481 0.747471 -0.552728  0.203412 0.024186 1 4 1.000000
0  -1.703628 -6.921081 56.170712  0.401755 0.796987 -0.451005  0.274172 0.027496 1 4 1.000000
0  -3.681582 -6.196686 55.688858  0.425780 0.811066 -0.401102  0.278830 0.072061 1 4 1.000000
tactical_vest
0  -3.681582 -6.196686 55.688858  0.425780 0.811066 -0.401102  0.278830 0.072061 1 4 1.000000
0  -1.703628 -6.921081 56.170712  0.401755 0.796987 -0.451005  0.274172 0.027496 1 4 1.000000
0  -1.743747 -7.104379 55.696312  0.399000 0.848978 -0.346462  0.287598 0.027244 1 4 1.000000
tactical_vest
0  -1.743747 -7.104379 55.696312  0.399000 0.848978 -0.346462  0.287598 0.027244 1 4 1.000000
0  -2.358486 -7.328966 54.368912  0.417930 0.851008 -0.317994  0.322149 0.037886 1 4 1.000000
0  -3.681582 -6.196686 55.688858  0.425780 0.811066 -0.401102  0.278830 0.072061 1 4 1.000000
tactical_vest
0  -3.681582 -6.196686 55.688858  0.425780 0.811066 -0.401102  0.278830 0.072061 1 4 1.000000
0  -2.358486 -7.328966 54.368912  0.417930 0.851008 -0.317994  0.322149 0.037886 1 4 1.000000
0  -3.036216 -7.169883 53.860352  0.442813 0.844464 -0.301327  0.332846 0.051997 1 4 1.000000
tactical_vest
0  -2.358486 -7.328966 54.368912  0.417930 0.851008 -0.317994  0.322149 0.037886 1 4 1.000000
0  -2.671901 -7.295259 54.039104  0.452651 0.821755 -0.346158  0.329804 0.044174 1 4 1.000000
0  -3.036216 -7.169883 53.860352  0.442813 0.844464 -0.301327  0.332846 0.051997 1 4 1.000000
tactical_vest
0  -2.671901 -7.295259 54.039104  0.452651 0.821755 -0.346158  0.329804 0.044174 1 4 1.000000
0  -2.835664 -7.250540 53.931122  0.452630 0.821771 -0.346148  0.331963 0.047621 1 4 1.000000
0  -3.036216 -7.169883 53.860352  0.442813 0.844464 -0.301327  0.332846 0.051997 1 4 1.000000
tactical_vest
0  -1.457083 -5.491164 58.404305  0.368481 0.747471 -0.552728  0.203412 0.024186 1 4 1.000000
0  -3.719450 -4.198363 58.598881  0.398712 0.717657 -0.570961  0.185416 0.076235 1 4 1.000000
0  -1.484834 -4.900568 59.111305  0.362541 0.755684 -0.545441  0.179362 0.025116 1 4 1.000000
tactical_vest
0  -1.758374 -4.280535 59.914967  0.371675 0.778866 -0.505198  0.153075 0.032651 1 4 1.000000
0  -1.484834 -4.900568 59.111305  0.362541 0.755684 -0.545441  0.179362 0.025116 1 4 1.000000
0  -3.719450 -4.198363 58.598881  0.398712 0.717657 -0.570961  0.185416 0.076235 1 4 1.000000
tactical_vest
0  -3.719450 -4.198363 58.598881  0.398712 0.717657 -0.570961  0.185416 0.076235 1 4 1.000000
0  -2.153425 -3.916112 60.156353  0.396214 0.747059 -0.533776  0.143320 0.041988 1 4 1.000000
0  -1.758374 -4.280535 59.914967  0.371675 0.778866 -0.505198  0.153075 0.032651 1 4 1.000000
tactical_vest
0  -3.719450 -4.198363 58.598881  0.398712 0.717657 -0.570961  0.185416 0.076235 1 4 1.000000
0  -3.628925 -3.139226 60.046562  0.426091 0.717235 -0.551380  0.137919 0.075161 1 4 1.000000
0  -2.153425 -3.916112 60.156353  0.396214 0.747059 -0.533776  0.143320 0.041988 1 4 1.000000
tactical_vest
0  -3.719450 -4.198363 58.598881  0.398712 0.717657 -0.570961  0.185416 0.076235 1 4 1.000000
0  -5.169001 -2.366958 59.843910  0.479525 0.700935 -0.527965  0.134823 0.109572 1 4 1.000000
0  -3.628925 -3.139226 60.046562  0.426091 0.717235 -0.551380  0.137919 0.075161 1 4 1.000000
tactical_vest
0  -4.792777 -6.841900 53.959793  -0.519840 -0.815067 0.255798  0.320890 0.151054 1 4 1.000000
0  -5.072658 -6.202823 55.439289  -0.534267 -0.778543 0.329287  0.278616 0.158984 1 4 1.000000
0  -5.413163 -6.276522 54.031582  -0.622275 -0.759322 0.190273  0.310617 0.139650 1 4 1.000000
tactical_vest
0  -5.413163 -6.276522 54.031582  -0.622275 -0.759322 0.190273  0.310617 0.139650 1 4 1.000000
0  -5.072658 -6.202823 55.439289  -0.534267 -0.778543 0.329287  0.278616 0.158984 1 4 1.000000
0  -5.695658 -5.996023 54.344131  -0.600432 -0.775504 0.195129  0.299423 0.138116 1 4 1.000000
tactical_vest
0  -5.072658 -6.202823 55.439289  -0.534267 -0.778543 0.329287  0.278616 0.158984 1 4 1.000000
0  -5.980457 -5.484715 55.283459  -0.628723 -0.712428 0.311696  0.270965 0.140822 1 4 1.000000
0  -5.695658 -5.996023 54.344131  -0.600432 -0.775504 0.195129  0.299423 0.138116 1 4 1.000000
tactical_vest
0  -5.349177 -4.838942 57.550056  -0.532340 -0.716378 0.451018  0.211627 0.160323 1 4 1.000000
0  -5.980457 -5.484715 55.283459  -0.628723 -0.712428 0.311696  0.270965 0.140822 1 4 1.000000
0  -5.072658 -6.202823 55.439289  -0.534267 -0.778543 0.329287  0.278616 0.158984 1 4 1.000000
tactical_vest
0  -5.349177 -4.838942 57.550056  -0.532340 -0.716378 0.451018  0.211627 0.160323 1 4 1.000000
0  -6.246231 -4.055774 57.349232  -0.652170 -0.644779 0.398666  0.204004 0.140056 1 4 1.000000
0  -5.980457 -5.484715 55.283459  -0.628723 -0.712428 0.311696  0.270965 0.140822 1 4 1.000000
tactical_vest
0  -3.964976 5.383979 59.781078  0.683537 -0.280890 -0.673704  0.861423 0.207566 1 4 1.000000
0  -3.817281 5.064827 60.063976  0.683537 -0.280890 -0.673704  0.859545 0.218993 1 4 1.000000
0  -3.954546 5.193439 59.871101  0.683537 -0.280890 -0.673704  0.862106 0.213193 1 4 1.000000
tactical_vest
0  -2.050215 7.481133 53.776928  -0.000003 0.000006 -1.000000  0.018519 0.966238 1 4 1.000000
0  -1.159107 6.806322 53.776924  -0.000002 0.000006 -1.000000  0.038407 0.981295 1 4 1.000000
0  -2.050215 6.806323 53.776924  -0.000006 0.000006 -1.000000  0.018519 0.981295 1 4 1.000000
tactical_vest
0  -2.050215 7.481133 53.776928  -0.000003 0.000006 -1.000000  0.018519 0.966238 1 4 1.000000
0  -1.159107 7.481132 53.776928  0.000000 0.000006 -1.000000  0.038407 0.966238 1 4 1.000000
0  -1.159107 6.806322 53.776924  -0.000002 0.000006 -1.000000  0.038407 0.981295 1 4 1.000000
tactical_vest
0  -1.159108 7.859796 53.995552  0.000000 0.965928 -0.258809  0.431232 0.853682 1 4 1.000000
0  -2.050216 7.918372 54.214172  0.000000 0.965929 -0.258806  0.411345 0.848769 1 4 1.000000
0  -1.159107 7.918372 54.214172  0.000000 0.965928 -0.258810  0.431232 0.848769 1 4 1.000000
tactical_vest
0  -1.159108 7.859796 53.995552  0.000000 0.965928 -0.258809  0.431232 0.853682 1 4 1.000000
0  -2.050216 7.859796 53.995552  0.000000 0.965929 -0.258806  0.411345 0.853682 1 4 1.000000
0  -2.050216 7.918372 54.214172  0.000000 0.965929 -0.258806  0.411345 0.848769 1 4 1.000000
tactical_vest
0  -1.159107 7.699752 53.835510  0.000001 0.707100 -0.707114  0.431232 0.857349 1 4 1.000000
0  -2.050216 7.859796 53.995552  0.000008 0.707100 -0.707114  0.411345 0.853682 1 4 1.000000
0  -1.159108 7.859796 53.995552  0.000000 0.707100 -0.707113  0.431232 0.853682 1 4 1.000000
tactical_vest
0  -1.159107 7.699752 53.835510  0.000001 0.707100 -0.707114  0.431232 0.857349 1 4 1.000000
0  -2.050217 7.699751 53.835510  0.000009 0.707099 -0.707114  0.411345 0.857349 1 4 1.000000
0  -2.050216 7.859796 53.995552  0.000008 0.707100 -0.707114  0.411345 0.853682 1 4 1.000000
tactical_vest
0  -1.159107 7.481132 53.776928  -0.000000 0.258833 -0.965922  0.038407 0.966238 1 4 1.000000
0  -2.050217 7.699751 53.835510  -0.000008 0.258834 -0.965922  0.018519 0.961386 1 4 1.000000
0  -1.159107 7.699752 53.835510  0.000002 0.258833 -0.965922  0.038407 0.961386 1 4 1.000000
tactical_vest
0  -1.159107 7.481132 53.776928  -0.000000 0.258833 -0.965922  0.038407 0.966238 1 4 1.000000
0  -2.050215 7.481133 53.776928  -0.000009 0.258834 -0.965922  0.018519 0.966238 1 4 1.000000
0  -2.050217 7.699751 53.835510  -0.000008 0.258834 -0.965922  0.018519 0.961386 1 4 1.000000
tactical_vest
0  -1.159107 6.806322 53.776924  -0.000001 -1.000000 -0.000003  0.018519 0.959145 1 4 1.000000
0  -2.050216 6.806314 56.498306  -0.000000 -1.000000 -0.000003  0.038407 0.898460 1 4 1.000000
0  -2.050215 6.806323 53.776924  -0.000001 -1.000000 -0.000003  0.038407 0.959145 1 4 1.000000
tactical_vest
0  -1.159107 6.806322 53.776924  -0.000001 -1.000000 -0.000003  0.018519 0.959145 1 4 1.000000
0  -1.159106 6.806314 56.498302  -0.000000 -1.000000 -0.000003  0.018519 0.898460 1 4 1.000000
0  -2.050216 6.806314 56.498306  -0.000000 -1.000000 -0.000003  0.038407 0.898460 1 4 1.000000
tactical_vest
0  -2.050216 7.918372 54.214172  0.000000 1.000000 0.000003  0.411345 0.848769 1 4 1.000000
0  -1.159106 7.918366 56.308945  0.000000 1.000000 0.000003  0.431232 0.802036 1 4 1.000000
0  -1.159107 7.918372 54.214172  0.000000 1.000000 0.000003  0.431232 0.848769 1 4 1.000000
tactical_vest
0  -2.050216 7.918372 54.214172  0.000000 1.000000 0.000003  0.411345 0.848769 1 4 1.000000
0  -2.050216 7.918366 56.308945  0.000000 1.000000 0.000003  0.411345 0.802036 1 4 1.000000
0  -1.159106 7.918366 56.308945  0.000000 1.000000 0.000003  0.431232 0.802036 1 4 1.000000
tactical_vest
0  -1.159106 6.806314 56.498302  0.000005 -0.015478 0.999880  0.392533 0.790564 1 4 1.000000
0  -2.050215 7.711816 56.512321  0.000005 -0.015478 0.999880  0.412421 0.770497 1 4 1.000000
0  -2.050216 6.806314 56.498306  0.000009 -0.015476 0.999880  0.412421 0.790564 1 4 1.000000
tactical_vest
0  -1.159106 6.806314 56.498302  0.000005 -0.015478 0.999880  0.392533 0.790564 1 4 1.000000
0  -1.159106 7.711816 56.512321  0.000000 -0.015480 0.999880  0.392533 0.770497 1 4 1.000000
0  -2.050215 7.711816 56.512321  0.000005 -0.015478 0.999880  0.412421 0.770497 1 4 1.000000
tactical_vest
0  1.416489 7.918361 58.594814  -0.000004 0.000000 1.000000  0.264023 0.681520 1 4 1.000000
0  1.662102 8.066134 58.594814  -0.000027 0.000000 1.000000  0.267303 0.676038 1 4 1.000000
0  1.416489 8.066135 58.594814  0.000021 0.000000 1.000000  0.267303 0.681520 1 4 1.000000
tactical_vest
0  1.416489 7.918361 58.594814  -0.000004 0.000000 1.000000  0.264023 0.681520 1 4 1.000000
0  1.662102 7.918359 58.594814  -0.000053 0.000000 1.000000  0.264023 0.676038 1 4 1.000000
0  1.662102 8.066134 58.594814  -0.000027 0.000000 1.000000  0.267303 0.676038 1 4 1.000000
tactical_vest
0  1.781553 7.918359 58.816868  0.000000 -0.000003 1.000000  0.377190 0.767120 1 4 1.000000
0  1.194435 6.806308 58.816864  0.000000 -0.000003 1.000000  0.390293 0.791805 1 4 1.000000
0  1.781553 6.806308 58.816864  0.000000 -0.000003 1.000000  0.377190 0.791805 1 4 1.000000
tactical_vest
0  1.781553 7.918359 58.816868  0.000000 -0.000003 1.000000  0.377190 0.767120 1 4 1.000000
0  1.194435 7.918359 58.816868  0.000000 -0.000003 1.000000  0.390293 0.767120 1 4 1.000000
0  1.194435 6.806308 58.816864  0.000000 -0.000003 1.000000  0.390293 0.791805 1 4 1.000000
tactical_vest
0  1.194434 7.481130 53.776928  0.000000 0.000006 -1.000000  0.368515 0.963310 1 4 1.000000
0  2.085544 6.806322 53.776924  0.000000 0.000006 -1.000000  0.388402 0.978367 1 4 1.000000
0  1.194434 6.806322 53.776924  0.000000 0.000006 -1.000000  0.368515 0.978367 1 4 1.000000
tactical_vest
0  1.194434 7.481130 53.776928  0.000000 0.000006 -1.000000  0.368515 0.963310 1 4 1.000000
0  2.085544 7.481132 53.776928  0.000000 0.000006 -1.000000  0.388402 0.963310 1 4 1.000000
0  2.085544 6.806322 53.776924  0.000000 0.000006 -1.000000  0.388402 0.978367 1 4 1.000000
tactical_vest
0  2.085545 7.859792 53.995552  0.000001 0.965926 -0.258820  0.162881 0.796512 1 4 1.000000
0  1.194435 7.918372 54.214172  0.000004 0.965929 -0.258807  0.142993 0.791599 1 4 1.000000
0  2.085545 7.918372 54.214172  0.000000 0.965925 -0.258823  0.162881 0.791599 1 4 1.000000
tactical_vest
0  2.085545 7.859792 53.995552  0.000001 0.965926 -0.258820  0.162881 0.796512 1 4 1.000000
0  1.194434 7.859796 53.995552  0.000005 0.965930 -0.258804  0.142993 0.796512 1 4 1.000000
0  1.194435 7.918372 54.214172  0.000004 0.965929 -0.258807  0.142993 0.791599 1 4 1.000000
tactical_vest
0  2.085543 7.699751 53.835510  0.000008 0.707107 -0.707107  0.162881 0.800179 1 4 1.000000
0  1.194434 7.859796 53.995552  0.000001 0.707099 -0.707115  0.142993 0.796512 1 4 1.000000
0  2.085545 7.859792 53.995552  0.000009 0.707108 -0.707105  0.162881 0.796512 1 4 1.000000
tactical_vest
0  2.085543 7.699751 53.835510  0.000008 0.707107 -0.707107  0.162881 0.800179 1 4 1.000000
0  1.194435 7.699750 53.835510  0.000000 0.707097 -0.707117  0.142993 0.800179 1 4 1.000000
0  1.194434 7.859796 53.995552  0.000001 0.707099 -0.707115  0.142993 0.796512 1 4 1.000000
tactical_vest
0  2.085544 7.481132 53.776928  -0.000005 0.258833 -0.965922  0.388402 0.963310 1 4 1.000000
0  1.194435 7.699750 53.835510  0.000007 0.258833 -0.965922  0.368515 0.958458 1 4 1.000000
0  2.085543 7.699751 53.835510  -0.000008 0.258833 -0.965922  0.388402 0.958458 1 4 1.000000
tactical_vest
0  2.085544 7.481132 53.776928  -0.000005 0.258833 -0.965922  0.388402 0.963310 1 4 1.000000
0  1.194434 7.481130 53.776928  0.000009 0.258833 -0.965922  0.368515 0.963310 1 4 1.000000
0  1.194435 7.699750 53.835510  0.000007 0.258833 -0.965922  0.368515 0.958458 1 4 1.000000
tactical_vest
0  1.194435 7.918372 54.214172  -1.000000 -0.000001 0.000001  0.091395 0.791562 1 4 1.000000
0  1.194434 7.859796 53.995552  -1.000000 -0.000016 0.000008  0.090088 0.796435 1 4 1.000000
0  1.194435 7.699750 53.835510  -1.000000 0.000003 -0.000002  0.086518 0.799998 1 4 1.000000
tactical_vest
0  1.194435 7.699750 53.835510  -1.000000 0.000003 -0.000002  0.086518 0.799998 1 4 1.000000
0  1.194434 7.481130 53.776928  -1.000000 0.000001 0.000001  0.081641 0.801297 1 4 1.000000
0  1.194435 7.918372 54.214172  -1.000000 -0.000001 0.000001  0.091395 0.791562 1 4 1.000000
tactical_vest
0  1.194434 7.481130 53.776928  -1.000000 0.000001 0.000001  0.081641 0.801297 1 4 1.000000
0  1.194434 6.806322 53.776924  -1.000000 0.000000 0.000001  0.066587 0.801277 1 4 1.000000
0  1.194435 7.918372 54.214172  -1.000000 -0.000001 0.000001  0.091395 0.791562 1 4 1.000000
tactical_vest
0  1.194434 6.806322 53.776924  -1.000000 0.000000 0.000001  0.066587 0.801277 1 4 1.000000
0  1.194435 6.806314 56.498306  -1.000000 0.000001 0.000000  0.066587 0.740606 1 4 1.000000
0  1.194435 7.918372 54.214172  -1.000000 -0.000001 0.000001  0.091395 0.791562 1 4 1.000000
tactical_vest
0  1.194435 6.806314 56.498306  -1.000000 0.000001 0.000000  0.066587 0.740606 1 4 1.000000
0  1.194436 7.918365 56.515518  -1.000000 0.000001 -0.000000  0.091395 0.740256 1 4 1.000000
0  1.194435 7.918372 54.214172  -1.000000 -0.000001 0.000001  0.091395 0.791562 1 4 1.000000
tactical_vest
0  1.194435 7.918359 58.816868  -1.000000 0.000000 -0.000000  0.091395 0.688949 1 4 1.000000
0  1.194436 7.918365 56.515518  -1.000000 0.000001 -0.000000  0.091395 0.740256 1 4 1.000000
0  1.194435 6.806314 56.498306  -1.000000 0.000001 0.000000  0.066587 0.740606 1 4 1.000000
tactical_vest
0  1.194435 7.918359 58.816868  -1.000000 0.000000 -0.000000  0.091395 0.688949 1 4 1.000000
0  1.194435 6.806314 56.498306  -1.000000 0.000001 0.000000  0.066587 0.740606 1 4 1.000000
0  1.194435 6.806308 58.816864  -1.000000 0.000000 0.000000  0.066587 0.688916 1 4 1.000000
tactical_vest
0  2.085544 6.806322 53.776924  0.000000 -1.000000 -0.000003  0.093635 0.801304 1 4 1.000000
0  1.194435 6.806314 56.498306  0.000000 -1.000000 -0.000003  0.113523 0.740619 1 4 1.000000
0  1.194434 6.806322 53.776924  0.000000 -1.000000 -0.000003  0.113523 0.801304 1 4 1.000000
tactical_vest
0  2.085544 6.806322 53.776924  0.000000 -1.000000 -0.000003  0.093635 0.801304 1 4 1.000000
0  2.085545 6.806314 56.498306  0.000000 -1.000000 -0.000003  0.093635 0.740619 1 4 1.000000
0  1.194435 6.806314 56.498306  0.000000 -1.000000 -0.000003  0.113523 0.740619 1 4 1.000000
tactical_vest
0  1.194435 6.806314 56.498306  0.000000 -1.000000 -0.000003  0.113523 0.740619 1 4 1.000000
0  2.085545 6.806314 56.498306  0.000000 -1.000000 -0.000003  0.093635 0.740619 1 4 1.000000
0  2.085544 6.806309 58.356628  0.000000 -1.000000 -0.000003  0.093635 0.699179 1 4 1.000000
tactical_vest
0  1.194435 6.806308 58.816864  0.000000 -1.000000 -0.000003  0.113523 0.688916 1 4 1.000000
0  1.194435 6.806314 56.498306  0.000000 -1.000000 -0.000003  0.113523 0.740619 1 4 1.000000
0  2.085544 6.806309 58.356628  0.000000 -1.000000 -0.000003  0.093635 0.699179 1 4 1.000000
tactical_vest
0  2.085544 6.806309 58.356628  0.000000 -1.000000 -0.000003  0.093635 0.699179 1 4 1.000000
0  1.781553 6.806308 58.816864  0.000000 -1.000000 -0.000004  0.100420 0.688916 1 4 1.000000
0  1.194435 6.806308 58.816864  0.000000 -1.000000 -0.000003  0.113523 0.688916 1 4 1.000000
tactical_vest
0  1.662102 7.918359 58.594814  0.834417 0.000000 0.551134  0.339599 0.798835 1 4 1.000000
0  1.863490 8.066138 58.289917  0.834416 0.000000 0.551135  0.336180 0.805435 1 4 1.000000
0  1.662102 8.066134 58.594814  0.834417 0.000000 0.551134  0.336303 0.798844 1 4 1.000000
tactical_vest
0  1.662102 7.918359 58.594814  0.834417 0.000000 0.551134  0.339599 0.798835 1 4 1.000000
0  1.863490 7.918361 58.289917  0.834415 0.000000 0.551136  0.339477 0.805426 1 4 1.000000
0  1.863490 8.066138 58.289917  0.834416 0.000000 0.551135  0.336180 0.805435 1 4 1.000000
tactical_vest
0  -2.657628 6.880404 53.994652  -0.963310 0.000002 -0.268393  0.018561 0.805367 1 4 1.000000
0  -2.709008 6.271450 54.179070  -0.963313 0.000000 -0.268382  0.032191 0.801331 1 4 1.000000
0  -2.709008 6.880406 54.179073  -0.963309 0.000002 -0.268396  0.018606 0.801308 1 4 1.000000
tactical_vest
0  -2.657628 6.880404 53.994652  -0.963310 0.000002 -0.268393  0.018561 0.805367 1 4 1.000000
0  -2.657628 6.271450 53.994652  -0.963314 0.000000 -0.268379  0.032145 0.805390 1 4 1.000000
0  -2.709008 6.271450 54.179070  -0.963313 0.000000 -0.268382  0.032191 0.801331 1 4 1.000000
tactical_vest
0  -2.602533 6.880406 53.918266  -0.811048 0.000000 -0.584979  0.018519 0.807013 1 4 1.000000
0  -2.657628 6.271450 53.994652  -0.811030 0.000000 -0.585004  0.032145 0.805390 1 4 1.000000
0  -2.657628 6.880404 53.994652  -0.811050 0.000000 -0.584976  0.018561 0.805367 1 4 1.000000
tactical_vest
0  -2.602533 6.880406 53.918266  -0.811048 0.000000 -0.584979  0.018519 0.807013 1 4 1.000000
0  -2.602533 6.271451 53.918266  -0.811028 0.000000 -0.585007  0.032104 0.807036 1 4 1.000000
0  -2.657628 6.271450 53.994652  -0.811030 0.000000 -0.585004  0.032145 0.805390 1 4 1.000000
tactical_vest
0  -2.058512 6.271435 59.190517  -0.847391 0.000000 0.530969  0.032104 0.688938 1 4 1.000000
0  -2.502342 6.880393 58.482193  -0.847391 0.000000 0.530970  0.018761 0.705162 1 4 1.000000
0  -2.502342 6.271437 58.482193  -0.847390 0.000000 0.530971  0.032346 0.705185 1 4 1.000000
tactical_vest
0  -2.058512 6.271435 59.190517  -0.847391 0.000000 0.530969  0.032104 0.688938 1 4 1.000000
0  -2.058512 6.880392 59.190517  -0.847392 0.000000 0.530967  0.018519 0.688916 1 4 1.000000
0  -2.502342 6.880393 58.482193  -0.847391 0.000000 0.530970  0.018761 0.705162 1 4 1.000000
tactical_vest
0  -2.502343 6.880394 58.131035  -1.000000 0.000000 0.000003  0.018738 0.712991 1 4 1.000000
0  -2.502342 6.271437 58.482193  -1.000000 0.000000 0.000003  0.032346 0.705185 1 4 1.000000
0  -2.502342 6.880393 58.482193  -1.000000 0.000000 0.000003  0.018761 0.705162 1 4 1.000000
tactical_vest
0  -2.502343 6.880394 58.131035  -1.000000 0.000000 0.000003  0.018738 0.712991 1 4 1.000000
0  -2.502343 6.271438 58.131035  -1.000000 0.000000 0.000003  0.032322 0.713014 1 4 1.000000
0  -2.502342 6.271437 58.482193  -1.000000 0.000000 0.000003  0.032346 0.705185 1 4 1.000000
tactical_vest
0  -2.709008 6.271439 57.785648  -0.858117 0.000000 0.513453  0.032434 0.720926 1 4 1.000000
0  -2.502343 6.880394 58.131035  -0.858118 0.000000 0.513452  0.018738 0.712991 1 4 1.000000
0  -2.709008 6.880395 57.785648  -0.858120 0.000000 0.513450  0.018849 0.720903 1 4 1.000000
tactical_vest
0  -2.709008 6.271439 57.785648  -0.858117 0.000000 0.513453  0.032434 0.720926 1 4 1.000000
0  -2.502343 6.271438 58.131035  -0.858116 0.000000 0.513456  0.032322 0.713014 1 4 1.000000
0  -2.502343 6.880394 58.131035  -0.858118 0.000000 0.513452  0.018738 0.712991 1 4 1.000000
tactical_vest
0  -2.709008 6.271450 54.179070  -1.000000 0.000000 0.000000  0.032191 0.801331 1 4 1.000000
0  -2.709008 6.880395 57.785648  -1.000000 0.000000 0.000000  0.018849 0.720903 1 4 1.000000
0  -2.709008 6.880406 54.179073  -1.000000 0.000000 0.000000  0.018606 0.801308 1 4 1.000000
tactical_vest
0  -2.709008 6.271450 54.179070  -1.000000 0.000000 0.000000  0.032191 0.801331 1 4 1.000000
0  -2.709008 6.271439 57.785648  -1.000000 0.000000 0.000000  0.032434 0.720926 1 4 1.000000
0  -2.709008 6.880395 57.785648  -1.000000 0.000000 0.000000  0.018849 0.720903 1 4 1.000000
tactical_vest
0  -0.029373 6.880391 59.197124  -0.000000 0.000000 1.000000  0.149293 0.847706 1 4 1.000000
0  1.999766 6.271436 59.190517  0.003255 0.000000 0.999995  0.162878 0.802420 1 4 1.000000
0  1.999766 6.880391 59.190517  0.003254 0.000000 0.999995  0.149290 0.802420 1 4 1.000000
tactical_vest
0  -0.029373 6.880391 59.197124  -0.000000 0.000000 1.000000  0.149293 0.847706 1 4 1.000000
0  -0.029373 6.271435 59.197124  -0.000001 0.000000 1.000000  0.162881 0.847706 1 4 1.000000
0  1.999766 6.271436 59.190517  0.003255 0.000000 0.999995  0.162878 0.802420 1 4 1.000000
tactical_vest
0  -0.029373 6.880391 59.197124  -0.000000 0.000000 1.000000  0.149293 0.847706 1 4 1.000000
0  -2.058512 6.271435 59.190517  -0.003255 0.000000 0.999995  0.162878 0.892991 1 4 1.000000
0  -0.029373 6.271435 59.197124  -0.000001 0.000000 1.000000  0.162881 0.847706 1 4 1.000000
tactical_vest
0  -0.029373 6.880391 59.197124  -0.000000 0.000000 1.000000  0.149293 0.847706 1 4 1.000000
0  -2.058512 6.880392 59.190517  -0.003254 0.000000 0.999995  0.149290 0.892991 1 4 1.000000
0  -2.058512 6.271435 59.190517  -0.003255 0.000000 0.999995  0.162878 0.892991 1 4 1.000000
tactical_vest
0  2.598883 6.880404 53.994656  0.963309 0.000000 -0.268394  0.048548 0.805367 1 4 1.000000
0  2.650263 6.271450 54.179070  0.963312 0.000001 -0.268383  0.034917 0.801331 1 4 1.000000
0  2.598883 6.271450 53.994652  0.963313 0.000002 -0.268379  0.034963 0.805390 1 4 1.000000
tactical_vest
0  2.598883 6.880404 53.994656  0.963309 0.000000 -0.268394  0.048548 0.805367 1 4 1.000000
0  2.650263 6.880404 54.179070  0.963308 0.000000 -0.268397  0.048502 0.801308 1 4 1.000000
0  2.650263 6.271450 54.179070  0.963312 0.000001 -0.268383  0.034917 0.801331 1 4 1.000000
tactical_vest
0  2.543787 6.880407 53.918266  0.811005 0.000003 -0.585040  0.048589 0.807013 1 4 1.000000
0  2.598883 6.271450 53.994652  0.811040 0.000000 -0.584990  0.034963 0.805390 1 4 1.000000
0  2.543787 6.271450 53.918266  0.811045 0.000000 -0.584985  0.035004 0.807036 1 4 1.000000
tactical_vest
0  2.543787 6.880407 53.918266  0.811005 0.000003 -0.585040  0.048589 0.807013 1 4 1.000000
0  2.598883 6.880404 53.994656  0.811000 0.000004 -0.585046  0.048548 0.805367 1 4 1.000000
0  2.598883 6.271450 53.994652  0.811040 0.000000 -0.584990  0.034963 0.805390 1 4 1.000000
tactical_vest
0  1.999766 6.271436 59.190517  0.847391 0.000000 0.530970  0.035004 0.688939 1 4 1.000000
0  2.443597 6.880393 58.482193  0.847390 0.000000 0.530971  0.048347 0.705162 1 4 1.000000
0  1.999766 6.880391 59.190517  0.847392 0.000000 0.530969  0.048589 0.688916 1 4 1.000000
tactical_vest
0  1.999766 6.271436 59.190517  0.847391 0.000000 0.530970  0.035004 0.688939 1 4 1.000000
0  2.443597 6.271437 58.482193  0.847389 0.000000 0.530972  0.034762 0.705185 1 4 1.000000
0  2.443597 6.880393 58.482193  0.847390 0.000000 0.530971  0.048347 0.705162 1 4 1.000000
tactical_vest
0  2.443597 6.880394 58.131035  1.000000 0.000000 0.000000  0.048371 0.712991 1 4 1.000000
0  2.443597 6.271437 58.482193  1.000000 0.000000 0.000000  0.034762 0.705185 1 4 1.000000
0  2.443597 6.271438 58.131035  1.000000 0.000000 0.000000  0.034786 0.713014 1 4 1.000000
tactical_vest
0  2.443597 6.880394 58.131035  1.000000 0.000000 0.000000  0.048371 0.712991 1 4 1.000000
0  2.443597 6.880393 58.482193  1.000000 0.000000 0.000000  0.048347 0.705162 1 4 1.000000
0  2.443597 6.271437 58.482193  1.000000 0.000000 0.000000  0.034762 0.705185 1 4 1.000000
tactical_vest
0  2.650263 6.271439 57.785648  0.858116 0.000000 0.513455  0.034674 0.720926 1 4 1.000000
0  2.443597 6.880394 58.131035  0.858117 0.000000 0.513454  0.048371 0.712991 1 4 1.000000
0  2.443597 6.271438 58.131035  0.858115 0.000000 0.513458  0.034786 0.713014 1 4 1.000000
tactical_vest
0  2.650263 6.271439 57.785648  0.858116 0.000000 0.513455  0.034674 0.720926 1 4 1.000000
0  2.650263 6.880395 57.785648  0.858119 0.000000 0.513451  0.048259 0.720903 1 4 1.000000
0  2.443597 6.880394 58.131035  0.858117 0.000000 0.513454  0.048371 0.712991 1 4 1.000000
tactical_vest
0  -0.029373 6.271439 58.131035  0.000000 -1.000000 -0.000003  0.112504 0.626872 1 4 1.000000
0  -0.029373 6.271435 59.197124  0.000000 -1.000000 -0.000004  0.136288 0.626872 1 4 1.000000
0  -2.058512 6.271435 59.190517  0.000000 -1.000000 -0.000004  0.136140 0.581586 1 4 1.000000
tactical_vest
0  1.999766 6.271436 59.190517  -0.000000 -1.000000 -0.000002  0.136140 0.672158 1 4 1.000000
0  -0.029373 6.271435 59.197124  0.000000 -1.000000 -0.000004  0.136288 0.626872 1 4 1.000000
0  -0.029373 6.271439 58.131035  0.000000 -1.000000 -0.000003  0.112504 0.626872 1 4 1.000000
tactical_vest
0  -0.029373 6.271439 58.131035  0.000000 -1.000000 -0.000003  0.112504 0.626872 1 4 1.000000
0  2.443597 6.271438 58.131035  -0.000001 -1.000000 -0.000002  0.112504 0.682063 1 4 1.000000
0  1.999766 6.271436 59.190517  -0.000000 -1.000000 -0.000002  0.136140 0.672158 1 4 1.000000
tactical_vest
0  2.443597 6.271438 58.131035  -0.000001 -1.000000 -0.000002  0.112504 0.682063 1 4 1.000000
0  2.443597 6.271437 58.482193  -0.000002 -1.000000 -0.000003  0.120338 0.682063 1 4 1.000000
0  1.999766 6.271436 59.190517  -0.000000 -1.000000 -0.000002  0.136140 0.672158 1 4 1.000000
tactical_vest
0  2.392860 6.271451 53.918266  -0.000002 -1.000000 -0.000002  0.018519 0.680931 1 4 1.000000
0  2.543787 6.271450 53.918266  -0.000006 -1.000000 -0.000005  0.018519 0.684299 1 4 1.000000
0  2.598883 6.271450 53.994652  -0.000005 -1.000000 0.000004  0.020224 0.685528 1 4 1.000000
tactical_vest
0  2.650263 6.271450 54.179070  -0.000001 -1.000000 -0.000001  0.024338 0.686675 1 4 1.000000
0  2.392860 6.271451 53.918266  -0.000002 -1.000000 -0.000002  0.018519 0.680931 1 4 1.000000
0  2.598883 6.271450 53.994652  -0.000005 -1.000000 0.000004  0.020224 0.685528 1 4 1.000000
tactical_vest
0  2.650263 6.271450 54.179070  -0.000001 -1.000000 -0.000001  0.024338 0.686675 1 4 1.000000
0  2.650263 6.271439 57.785648  -0.000000 -1.000000 -0.000003  0.104798 0.686675 1 4 1.000000
0  2.392860 6.271451 53.918266  -0.000002 -1.000000 -0.000002  0.018519 0.680931 1 4 1.000000
tactical_vest
0  2.443597 6.271438 58.131035  -0.000001 -1.000000 -0.000002  0.112504 0.682063 1 4 1.000000
0  2.392860 6.271451 53.918266  -0.000002 -1.000000 -0.000002  0.018519 0.680931 1 4 1.000000
0  2.650263 6.271439 57.785648  -0.000000 -1.000000 -0.000003  0.104798 0.686675 1 4 1.000000
tactical_vest
0  -0.029373 6.271451 53.918266  0.000000 -1.000000 -0.000003  0.018519 0.626872 1 4 1.000000
0  2.392860 6.271451 53.918266  -0.000002 -1.000000 -0.000002  0.018519 0.680931 1 4 1.000000
0  2.443597 6.271438 58.131035  -0.000001 -1.000000 -0.000002  0.112504 0.682063 1 4 1.000000
tactical_vest
0  -0.029373 6.271451 53.918266  0.000000 -1.000000 -0.000003  0.018519 0.626872 1 4 1.000000
0  2.443597 6.271438 58.131035  -0.000001 -1.000000 -0.000002  0.112504 0.682063 1 4 1.000000
0  -0.029373 6.271439 58.131035  0.000000 -1.000000 -0.000003  0.112504 0.626872 1 4 1.000000
tactical_vest
0  -0.029373 6.271451 53.918266  0.000000 -1.000000 -0.000003  0.018519 0.626872 1 4 1.000000
0  -0.029373 6.271439 58.131035  0.000000 -1.000000 -0.000003  0.112504 0.626872 1 4 1.000000
0  -2.502343 6.271438 58.131035  0.000000 -1.000000 -0.000003  0.112504 0.571681 1 4 1.000000
tactical_vest
0  -2.502343 6.271438 58.131035  0.000000 -1.000000 -0.000003  0.112504 0.571681 1 4 1.000000
0  -0.029373 6.271439 58.131035  0.000000 -1.000000 -0.000003  0.112504 0.626872 1 4 1.000000
0  -2.058512 6.271435 59.190517  0.000000 -1.000000 -0.000004  0.136140 0.581586 1 4 1.000000
tactical_vest
0  -2.502342 6.271437 58.482193  -0.000001 -1.000000 -0.000006  0.120338 0.571681 1 4 1.000000
0  -2.502343 6.271438 58.131035  0.000000 -1.000000 -0.000003  0.112504 0.571681 1 4 1.000000
0  -2.058512 6.271435 59.190517  0.000000 -1.000000 -0.000004  0.136140 0.581586 1 4 1.000000
tactical_vest
0  -0.029373 6.271451 53.918266  0.000000 -1.000000 -0.000003  0.018519 0.626872 1 4 1.000000
0  -2.502343 6.271438 58.131035  0.000000 -1.000000 -0.000003  0.112504 0.571681 1 4 1.000000
0  -2.451605 6.271449 53.918266  -0.000003 -1.000000 -0.000004  0.018519 0.572814 1 4 1.000000
tactical_vest
0  -2.451605 6.271449 53.918266  -0.000003 -1.000000 -0.000004  0.018519 0.572814 1 4 1.000000
0  -2.502343 6.271438 58.131035  0.000000 -1.000000 -0.000003  0.112504 0.571681 1 4 1.000000
0  -2.709008 6.271439 57.785648  -0.000000 -1.000000 -0.000003  0.104798 0.567069 1 4 1.000000
tactical_vest
0  -2.709008 6.271450 54.179070  -0.000006 -1.000000 -0.000002  0.024338 0.567069 1 4 1.000000
0  -2.451605 6.271449 53.918266  -0.000003 -1.000000 -0.000004  0.018519 0.572814 1 4 1.000000
0  -2.709008 6.271439 57.785648  -0.000000 -1.000000 -0.000003  0.104798 0.567069 1 4 1.000000
tactical_vest
0  -2.709008 6.271450 54.179070  -0.000006 -1.000000 -0.000002  0.024338 0.567069 1 4 1.000000
0  -2.657628 6.271450 53.994652  -0.000007 -1.000000 -0.000004  0.020224 0.568216 1 4 1.000000
0  -2.451605 6.271449 53.918266  -0.000003 -1.000000 -0.000004  0.018519 0.572814 1 4 1.000000
tactical_vest
0  -2.602533 6.271451 53.918266  -0.000013 -1.000000 -0.000021  0.018519 0.569445 1 4 1.000000
0  -2.451605 6.271449 53.918266  -0.000003 -1.000000 -0.000004  0.018519 0.572814 1 4 1.000000
0  -2.657628 6.271450 53.994652  -0.000007 -1.000000 -0.000004  0.020224 0.568216 1 4 1.000000
tactical_vest
0  2.443597 6.880394 58.131035  0.000000 1.000000 0.000003  0.162302 0.682063 1 4 1.000000
0  1.999766 6.880391 59.190517  0.000000 1.000000 0.000003  0.138675 0.672158 1 4 1.000000
0  2.443597 6.880393 58.482193  0.000000 1.000000 0.000003  0.154471 0.682063 1 4 1.000000
tactical_vest
0  2.443597 6.880394 58.131035  0.000000 1.000000 0.000003  0.162302 0.682063 1 4 1.000000
0  -0.029373 6.880395 58.131035  0.000000 1.000000 0.000003  0.162302 0.626872 1 4 1.000000
0  1.999766 6.880391 59.190517  0.000000 1.000000 0.000003  0.138675 0.672158 1 4 1.000000
tactical_vest
0  -0.029373 6.880395 58.131035  0.000000 1.000000 0.000003  0.162302 0.626872 1 4 1.000000
0  -0.029373 6.880391 59.197124  0.000000 1.000000 0.000004  0.138528 0.626872 1 4 1.000000
0  1.999766 6.880391 59.190517  0.000000 1.000000 0.000003  0.138675 0.672158 1 4 1.000000
tactical_vest
0  -0.029373 6.880391 59.197124  0.000000 1.000000 0.000004  0.138528 0.626872 1 4 1.000000
0  -0.029373 6.880395 58.131035  0.000000 1.000000 0.000003  0.162302 0.626872 1 4 1.000000
0  -2.058512 6.880392 59.190517  -0.000000 1.000000 0.000002  0.138675 0.581586 1 4 1.000000
tactical_vest
0  -2.502343 6.880394 58.131035  -0.000001 1.000000 0.000002  0.162302 0.571681 1 4 1.000000
0  -2.502342 6.880393 58.482193  -0.000002 1.000000 0.000000  0.154471 0.571681 1 4 1.000000
0  -2.058512 6.880392 59.190517  -0.000000 1.000000 0.000002  0.138675 0.581586 1 4 1.000000
tactical_vest
0  -0.029373 6.880395 58.131035  0.000000 1.000000 0.000003  0.162302 0.626872 1 4 1.000000
0  -2.502343 6.880394 58.131035  -0.000001 1.000000 0.000002  0.162302 0.571681 1 4 1.000000
0  -2.058512 6.880392 59.190517  -0.000000 1.000000 0.000002  0.138675 0.581586 1 4 1.000000
tactical_vest
0  -0.029373 6.880408 53.918266  -0.000000 1.000000 0.000003  0.256245 0.626872 1 4 1.000000
0  -2.502343 6.880394 58.131035  -0.000001 1.000000 0.000002  0.162302 0.571681 1 4 1.000000
0  -0.029373 6.880395 58.131035  0.000000 1.000000 0.000003  0.162302 0.626872 1 4 1.000000
tactical_vest
0  -0.029373 6.880408 53.918266  -0.000000 1.000000 0.000003  0.256245 0.626872 1 4 1.000000
0  -0.029373 6.880395 58.131035  0.000000 1.000000 0.000003  0.162302 0.626872 1 4 1.000000
0  2.443597 6.880394 58.131035  0.000000 1.000000 0.000003  0.162302 0.682063 1 4 1.000000
tactical_vest
0  -0.029373 6.880408 53.918266  -0.000000 1.000000 0.000003  0.256245 0.626872 1 4 1.000000
0  2.443597 6.880394 58.131035  0.000000 1.000000 0.000003  0.162302 0.682063 1 4 1.000000
0  2.392860 6.880407 53.918266  0.000004 1.000000 0.000006  0.256245 0.680931 1 4 1.000000
tactical_vest
0  2.392860 6.880407 53.918266  0.000004 1.000000 0.000006  0.256245 0.680931 1 4 1.000000
0  2.443597 6.880394 58.131035  0.000000 1.000000 0.000003  0.162302 0.682063 1 4 1.000000
0  2.650263 6.880395 57.785648  0.000001 1.000000 0.000003  0.170004 0.686675 1 4 1.000000
tactical_vest
0  2.650263 6.880404 54.179070  0.000010 1.000000 0.000001  0.250429 0.686675 1 4 1.000000
0  2.392860 6.880407 53.918266  0.000004 1.000000 0.000006  0.256245 0.680931 1 4 1.000000
0  2.650263 6.880395 57.785648  0.000001 1.000000 0.000003  0.170004 0.686675 1 4 1.000000
tactical_vest
0  2.650263 6.880404 54.179070  0.000010 1.000000 0.000001  0.250429 0.686675 1 4 1.000000
0  2.598883 6.880404 53.994656  0.000012 1.000000 0.000003  0.254541 0.685528 1 4 1.000000
0  2.392860 6.880407 53.918266  0.000004 1.000000 0.000006  0.256245 0.680931 1 4 1.000000
tactical_vest
0  2.543787 6.880407 53.918266  0.000000 1.000000 0.000041  0.256245 0.684299 1 4 1.000000
0  2.392860 6.880407 53.918266  0.000004 1.000000 0.000006  0.256245 0.680931 1 4 1.000000
0  2.598883 6.880404 53.994656  0.000012 1.000000 0.000003  0.254541 0.685528 1 4 1.000000
tactical_vest
0  -0.029373 6.880408 53.918266  -0.000000 1.000000 0.000003  0.256245 0.626872 1 4 1.000000
0  -2.451604 6.880404 53.918266  0.000002 1.000000 0.000004  0.256245 0.572814 1 4 1.000000
0  -2.502343 6.880394 58.131035  -0.000001 1.000000 0.000002  0.162302 0.571681 1 4 1.000000
tactical_vest
0  -2.502343 6.880394 58.131035  -0.000001 1.000000 0.000002  0.162302 0.571681 1 4 1.000000
0  -2.451604 6.880404 53.918266  0.000002 1.000000 0.000004  0.256245 0.572814 1 4 1.000000
0  -2.709008 6.880395 57.785648  0.000001 1.000000 0.000003  0.170003 0.567069 1 4 1.000000
tactical_vest
0  -2.709008 6.880406 54.179073  0.000008 1.000000 -0.000000  0.250429 0.567069 1 4 1.000000
0  -2.709008 6.880395 57.785648  0.000001 1.000000 0.000003  0.170003 0.567069 1 4 1.000000
0  -2.451604 6.880404 53.918266  0.000002 1.000000 0.000004  0.256245 0.572814 1 4 1.000000
tactical_vest
0  -2.709008 6.880406 54.179073  0.000008 1.000000 -0.000000  0.250429 0.567069 1 4 1.000000
0  -2.451604 6.880404 53.918266  0.000002 1.000000 0.000004  0.256245 0.572814 1 4 1.000000
0  -2.657628 6.880404 53.994652  -0.000001 1.000000 -0.000003  0.254541 0.568216 1 4 1.000000
tactical_vest
0  -2.451604 6.880404 53.918266  0.000002 1.000000 0.000004  0.256245 0.572814 1 4 1.000000
0  -2.602533 6.880406 53.918266  0.000013 1.000000 0.000036  0.256245 0.569445 1 4 1.000000
0  -2.657628 6.880404 53.994652  -0.000001 1.000000 -0.000003  0.254541 0.568216 1 4 1.000000
tactical_vest
0  2.650263 6.271450 54.179070  1.000000 0.000000 0.000000  0.034917 0.801331 1 4 1.000000
0  2.650263 6.880395 57.785648  1.000000 0.000000 0.000000  0.048259 0.720903 1 4 1.000000
0  2.650263 6.271439 57.785648  1.000000 0.000000 0.000000  0.034674 0.720926 1 4 1.000000
tactical_vest
0  2.650263 6.271450 54.179070  1.000000 0.000000 0.000000  0.034917 0.801331 1 4 1.000000
0  2.650263 6.880404 54.179070  1.000000 0.000000 0.000000  0.048502 0.801308 1 4 1.000000
0  2.650263 6.880395 57.785648  1.000000 0.000000 0.000000  0.048259 0.720903 1 4 1.000000
tactical_vest
0  -3.372543 6.429469 54.580711  -0.003342 -0.973234 0.229790  0.385693 0.800061 1 4 1.000000
0  0.120307 6.236909 53.815948  -0.003379 -0.973273 0.229628  0.368515 0.878013 1 4 1.000000
0  0.120307 6.417199 54.580215  -0.003386 -0.973280 0.229596  0.385674 0.878013 1 4 1.000000
tactical_vest
0  -3.372543 6.429469 54.580711  -0.003342 -0.973234 0.229790  0.385693 0.800061 1 4 1.000000
0  -3.427490 6.249181 53.816441  -0.003335 -0.973227 0.229820  0.368533 0.798835 1 4 1.000000
0  0.120307 6.236909 53.815948  -0.003379 -0.973273 0.229628  0.368515 0.878013 1 4 1.000000
tactical_vest
0  0.120307 7.112287 54.479385  1.000000 -0.000000 0.000000  0.145740 0.963781 1 4 1.000000
0  0.120307 6.236909 53.815948  1.000000 -0.000000 0.000000  0.162881 0.981260 1 4 1.000000
0  0.120307 7.111181 53.704346  1.000000 0.000000 0.000000  0.162881 0.961596 1 4 1.000000
tactical_vest
0  0.120307 7.112287 54.479385  1.000000 -0.000000 0.000000  0.145740 0.963781 1 4 1.000000
0  0.120307 6.417199 54.580215  1.000000 -0.000000 0.000000  0.145473 0.979449 1 4 1.000000
0  0.120307 6.236909 53.815948  1.000000 -0.000000 0.000000  0.162881 0.981260 1 4 1.000000
tactical_vest
0  -3.964918 7.065787 55.588097  -0.778030 0.627953 0.018570  0.090078 0.886424 1 4 1.000000
0  -3.857450 7.176807 56.336491  -0.778734 0.627343 0.003750  0.088412 0.869522 1 4 1.000000
0  -3.900050 7.146348 55.581661  -0.778030 0.627952 0.018570  0.088236 0.886407 1 4 1.000000
tactical_vest
0  -3.964918 7.065787 55.588097  -0.778030 0.627953 0.018570  0.090078 0.886424 1 4 1.000000
0  -3.922319 7.096246 56.342926  -0.778733 0.627344 0.003778  0.090254 0.869539 1 4 1.000000
0  -3.857450 7.176807 56.336491  -0.778734 0.627343 0.003750  0.088412 0.869522 1 4 1.000000
tactical_vest
0  -3.922319 7.096246 56.342926  -0.778733 0.627344 0.003778  0.090254 0.869539 1 4 1.000000
0  -3.826901 7.233093 57.374588  -0.779277 0.626582 -0.011040  0.088350 0.846314 1 4 1.000000
0  -3.857450 7.176807 56.336491  -0.778734 0.627343 0.003750  0.088412 0.869522 1 4 1.000000
tactical_vest
0  -3.922319 7.096246 56.342926  -0.778733 0.627344 0.003778  0.090254 0.869539 1 4 1.000000
0  -3.891767 7.152532 57.381023  -0.779277 0.626582 -0.011040  0.090192 0.846331 1 4 1.000000
0  -3.826901 7.233093 57.374588  -0.779277 0.626582 -0.011040  0.088350 0.846314 1 4 1.000000
tactical_vest
0  -3.891767 7.152532 57.381023  -0.779277 0.626582 -0.011040  0.090192 0.846331 1 4 1.000000
0  -3.796427 7.289243 58.410351  -0.779278 0.626581 -0.011039  0.088289 0.823158 1 4 1.000000
0  -3.826901 7.233093 57.374588  -0.779277 0.626582 -0.011040  0.088350 0.846314 1 4 1.000000
tactical_vest
0  -3.891767 7.152532 57.381023  -0.779277 0.626582 -0.011040  0.090192 0.846331 1 4 1.000000
0  -3.861294 7.208681 58.416786  -0.779277 0.626582 -0.011040  0.090130 0.823175 1 4 1.000000
0  -3.796427 7.289243 58.410351  -0.779278 0.626581 -0.011039  0.088289 0.823158 1 4 1.000000
tactical_vest
0  -3.861294 7.208681 58.416786  -0.779277 0.626582 -0.011040  0.090130 0.823175 1 4 1.000000
0  -3.770607 7.336818 59.287964  -0.779266 0.626597 -0.011044  0.088236 0.803538 1 4 1.000000
0  -3.796427 7.289243 58.410351  -0.779278 0.626581 -0.011039  0.088289 0.823158 1 4 1.000000
tactical_vest
0  -3.861294 7.208681 58.416786  -0.779277 0.626582 -0.011040  0.090130 0.823175 1 4 1.000000
0  -3.835474 7.256260 59.294399  -0.779264 0.626598 -0.011044  0.090078 0.803555 1 4 1.000000
0  -3.770607 7.336818 59.287964  -0.779266 0.626597 -0.011044  0.088236 0.803538 1 4 1.000000
tactical_vest
0  -3.246371 6.474202 55.436905  0.410624 0.500010 -0.762481  0.341840 0.802261 1 4 1.000000
0  -4.320688 6.770141 55.052406  0.406052 0.495475 -0.767871  0.366274 0.808045 1 4 1.000000
0  -4.096763 7.158359 55.429604  0.410700 0.502382 -0.760880  0.365915 0.798835 1 4 1.000000
tactical_vest
0  -3.246371 6.474202 55.436905  0.410624 0.500010 -0.762481  0.341840 0.802261 1 4 1.000000
0  -3.470937 6.085210 55.061771  0.286690 0.343337 -0.894387  0.342200 0.811497 1 4 1.000000
0  -4.320688 6.770141 55.052406  0.406052 0.495475 -0.767871  0.366274 0.808045 1 4 1.000000
tactical_vest
0  -3.496210 6.054710 55.052074  0.155826 0.179828 -0.971278  0.342353 0.812347 1 4 1.000000
0  -4.320688 6.770141 55.052406  0.406052 0.495475 -0.767871  0.366274 0.808045 1 4 1.000000
0  -3.470937 6.085210 55.061771  0.286690 0.343337 -0.894387  0.342200 0.811497 1 4 1.000000
tactical_vest
0  -0.723229 -7.441339 54.356312  -0.082277 -0.055676 -0.995053  0.408357 0.405955 1 4 1.000000
0  -2.116811 -7.569745 54.528652  -0.117503 -0.055474 -0.991522  0.445255 0.408496 1 4 1.000000
0  -2.116811 -7.022288 54.498024  -0.117502 -0.055472 -0.991522  0.445190 0.415145 1 4 1.000000
tactical_vest
0  -0.723229 -7.441339 54.356312  -0.082277 -0.055676 -0.995053  0.408357 0.405955 1 4 1.000000
0  -0.723228 -7.988793 54.386944  -0.073904 -0.055713 -0.995708  0.408422 0.399306 1 4 1.000000
0  -2.116811 -7.569745 54.528652  -0.117503 -0.055474 -0.991522  0.445255 0.408496 1 4 1.000000
tactical_vest
0  -0.029372 -7.476904 54.331051  -0.000000 -0.055866 -0.998438  0.389929 0.405296 1 4 1.000000
0  -0.723228 -7.988793 54.386944  -0.073904 -0.055713 -0.995708  0.408422 0.399306 1 4 1.000000
0  -0.723229 -7.441339 54.356312  -0.082277 -0.055676 -0.995053  0.408357 0.405955 1 4 1.000000
tactical_vest
0  -0.029372 -7.476904 54.331051  -0.000000 -0.055866 -0.998438  0.389929 0.405296 1 4 1.000000
0  -0.029373 -8.024364 54.361683  0.000003 -0.055866 -0.998438  0.389995 0.398647 1 4 1.000000
0  -0.723228 -7.988793 54.386944  -0.073904 -0.055713 -0.995708  0.408422 0.399306 1 4 1.000000
tactical_vest
0  -0.029372 -7.476904 54.331051  -0.000000 -0.055866 -0.998438  0.389929 0.405296 1 4 1.000000
0  0.664483 -7.988797 54.386944  0.073904 -0.055713 -0.995708  0.371505 0.399306 1 4 1.000000
0  -0.029373 -8.024364 54.361683  0.000003 -0.055866 -0.998438  0.389995 0.398647 1 4 1.000000
tactical_vest
0  -0.029372 -7.476904 54.331051  -0.000000 -0.055866 -0.998438  0.389929 0.405296 1 4 1.000000
0  0.664483 -7.441339 54.356312  0.082275 -0.055676 -0.995053  0.371439 0.405955 1 4 1.000000
0  0.664483 -7.988797 54.386944  0.073904 -0.055713 -0.995708  0.371505 0.399306 1 4 1.000000
tactical_vest
0  0.664483 -7.441339 54.356312  0.082275 -0.055676 -0.995053  0.371439 0.405955 1 4 1.000000
0  2.058065 -7.569746 54.528652  0.117508 -0.055473 -0.991521  0.334192 0.408496 1 4 1.000000
0  0.664483 -7.988797 54.386944  0.073904 -0.055713 -0.995708  0.371505 0.399306 1 4 1.000000
tactical_vest
0  0.664483 -7.441339 54.356312  0.082275 -0.055676 -0.995053  0.371439 0.405955 1 4 1.000000
0  2.058065 -7.022289 54.498024  0.117507 -0.055472 -0.991521  0.334126 0.415145 1 4 1.000000
0  2.058065 -7.569746 54.528652  0.117508 -0.055473 -0.991521  0.334192 0.408496 1 4 1.000000
tactical_vest
0  -5.598341 4.883321 60.015018  -0.835260 -0.547545 0.050339  0.110676 0.939558 1 4 1.000000
0  -5.149415 4.207959 60.117699  -0.835284 -0.547510 0.050336  0.112926 0.954418 1 4 1.000000
0  -5.594569 4.887311 60.121006  -0.835258 -0.547549 0.050339  0.113044 0.939550 1 4 1.000000
tactical_vest
0  -5.598341 4.883321 60.015018  -0.835260 -0.547545 0.050339  0.110676 0.939558 1 4 1.000000
0  -5.153187 4.203969 60.011715  -0.835286 -0.547507 0.050335  0.110558 0.954426 1 4 1.000000
0  -5.149415 4.207959 60.117699  -0.835284 -0.547510 0.050336  0.112926 0.954418 1 4 1.000000
tactical_vest
0  -5.151186 3.266362 55.731670  -0.754454 -0.574414 0.317564  0.342753 0.786306 1 4 1.000000
0  -5.846627 4.577499 56.451069  -0.756268 -0.604724 0.249734  0.314794 0.769543 1 4 1.000000
0  -5.846626 3.916105 55.275093  -0.750654 -0.575866 0.323878  0.328166 0.796472 1 4 1.000000
tactical_vest
0  -5.151186 3.266362 55.731670  -0.754454 -0.574414 0.317564  0.342753 0.786306 1 4 1.000000
0  -5.096796 3.745688 56.750839  -0.762112 -0.595030 0.255196  0.333222 0.763017 1 4 1.000000
0  -5.846627 4.577499 56.451069  -0.756268 -0.604724 0.249734  0.314794 0.769543 1 4 1.000000
tactical_vest
0  -5.846627 4.577499 56.451069  -0.756268 -0.604724 0.249734  0.314794 0.769543 1 4 1.000000
0  -5.096796 3.745688 56.750839  -0.762112 -0.595030 0.255196  0.333222 0.763017 1 4 1.000000
0  -5.138301 4.062936 57.584480  -0.768696 -0.636601 0.062008  0.327145 0.744142 1 4 1.000000
tactical_vest
0  -5.846627 4.577499 56.451069  -0.756268 -0.604724 0.249734  0.314794 0.769543 1 4 1.000000
0  -5.138301 4.062936 57.584480  -0.768696 -0.636601 0.062008  0.327145 0.744142 1 4 1.000000
0  -5.846626 4.911858 57.679707  -0.787101 -0.615208 0.044621  0.308768 0.741811 1 4 1.000000
tactical_vest
0  -5.846626 4.911858 57.679707  -0.787101 -0.615208 0.044621  0.308768 0.741811 1 4 1.000000
0  -5.138301 4.062936 57.584480  -0.768696 -0.636601 0.062008  0.327145 0.744142 1 4 1.000000
0  -5.286699 4.033162 58.801670  -0.830790 -0.556253 0.019281  0.329309 0.717233 1 4 1.000000
tactical_vest
0  -5.846626 4.911858 57.679707  -0.787101 -0.615208 0.044621  0.308768 0.741811 1 4 1.000000
0  -5.286699 4.033162 58.801670  -0.830790 -0.556253 0.019281  0.329309 0.717233 1 4 1.000000
0  -5.846627 4.930267 58.822216  -0.824881 -0.565268 0.006636  0.309682 0.716353 1 4 1.000000
tactical_vest
0  -5.846627 4.930267 58.822216  -0.824881 -0.565268 0.006636  0.309682 0.716353 1 4 1.000000
0  -5.286699 4.033162 58.801670  -0.830790 -0.556253 0.019281  0.329309 0.717233 1 4 1.000000
0  -5.141886 4.003390 60.018864  -0.787392 -0.616302 -0.013647  0.331296 0.690014 1 4 1.000000
tactical_vest
0  -5.846627 4.930267 58.822216  -0.824881 -0.565268 0.006636  0.309682 0.716353 1 4 1.000000
0  -5.141886 4.003390 60.018864  -0.787392 -0.616302 -0.013647  0.331296 0.690014 1 4 1.000000
0  -5.846626 4.755464 60.029461  -0.726847 -0.679712 -0.098418  0.314976 0.689673 1 4 1.000000
tactical_vest
0  -3.619731 5.648077 53.689491  0.866730 -0.492316 0.080023  0.223816 0.939346 1 4 1.000000
0  -3.496210 6.054710 55.052074  0.823417 -0.536967 -0.183441  0.224384 0.907804 1 4 1.000000
0  -5.053212 3.449361 55.688663  0.861191 -0.502971 0.073284  0.165121 0.907804 1 4 1.000000
tactical_vest
0  -5.053212 3.449361 55.688663  0.861191 -0.502971 0.073284  0.165121 0.907804 1 4 1.000000
0  -4.005545 4.802569 52.826916  0.863189 -0.498453 0.080308  0.210922 0.962451 1 4 1.000000
0  -3.619731 5.648077 53.689491  0.866730 -0.492316 0.080023  0.223816 0.939346 1 4 1.000000
tactical_vest
0  -5.053212 3.449361 55.688663  0.861191 -0.502971 0.073284  0.165121 0.907804 1 4 1.000000
0  -5.120214 2.947962 52.828796  0.855030 -0.513825 0.070053  0.171432 0.972137 1 4 1.000000
0  -4.005545 4.802569 52.826916  0.863189 -0.498453 0.080308  0.210922 0.962451 1 4 1.000000
tactical_vest
0  -6.015768 -4.358523 56.352890  -0.132437 0.086136 0.987442  0.732925 0.449861 1 4 1.000000
0  -5.871193 -4.714397 56.386875  -0.118106 0.046741 0.991900  0.736343 0.458340 1 4 1.000000
0  -5.635628 -4.630648 56.409035  -0.111029 0.049681 0.992575  0.731065 0.459769 1 4 1.000000
tactical_vest
0  -6.015768 -4.358523 56.352890  -0.132437 0.086136 0.987442  0.732925 0.449861 1 4 1.000000
0  -6.316474 -4.328694 56.308472  -0.126310 0.179491 0.975617  0.738011 0.445490 1 4 1.000000
0  -5.871193 -4.714397 56.386875  -0.118106 0.046741 0.991900  0.736343 0.458340 1 4 1.000000
tactical_vest
0  -6.232085 -3.993631 56.243603  -0.125896 0.182958 0.975026  0.733748 0.438510 1 4 1.000000
0  -6.316474 -4.328694 56.308472  -0.126310 0.179491 0.975617  0.738011 0.445490 1 4 1.000000
0  -6.015768 -4.358523 56.352890  -0.132437 0.086136 0.987442  0.732925 0.449861 1 4 1.000000
tactical_vest
0  -6.232085 -3.993631 56.243603  -0.125896 0.182958 0.975026  0.733748 0.438510 1 4 1.000000
0  -6.532792 -3.963799 56.199177  -0.131196 0.139158 0.981541  0.738835 0.434139 1 4 1.000000
0  -6.316474 -4.328694 56.308472  -0.126310 0.179491 0.975617  0.738011 0.445490 1 4 1.000000
tactical_vest
0  -6.518424 -3.404327 56.141651  -0.135130 0.104777 0.985272  0.731065 0.423261 1 4 1.000000
0  -6.532792 -3.963799 56.199177  -0.131196 0.139158 0.981541  0.738835 0.434139 1 4 1.000000
0  -6.232085 -3.993631 56.243603  -0.125896 0.182958 0.975026  0.733748 0.438510 1 4 1.000000
tactical_vest
0  -6.518424 -3.404327 56.141651  -0.135130 0.104777 0.985272  0.731065 0.423261 1 4 1.000000
0  -6.819134 -3.374501 56.097237  -0.135128 0.104777 0.985273  0.736152 0.418890 1 4 1.000000
0  -6.532792 -3.963799 56.199177  -0.131196 0.139158 0.981541  0.738835 0.434139 1 4 1.000000
tactical_vest
0  -5.002378 4.853396 55.005550  0.419122 -0.883383 0.209694  0.663321 0.418127 1 4 1.000000
0  -5.599750 4.578002 55.039375  0.539152 -0.809585 0.232137  0.676888 0.418195 1 4 1.000000
0  -5.253029 4.276284 53.075325  0.673800 -0.703191 0.226973  0.678128 0.457877 1 4 1.000000
tactical_vest
0  -5.599750 4.578002 55.039375  0.539152 -0.809585 0.232137  0.676888 0.418195 1 4 1.000000
0  -5.538718 3.966187 53.084034  0.753417 -0.610783 0.243531  0.685141 0.460354 1 4 1.000000
0  -5.253029 4.276284 53.075325  0.673800 -0.703191 0.226973  0.678128 0.457877 1 4 1.000000
tactical_vest
0  -5.599750 4.578002 55.039375  0.539152 -0.809585 0.232137  0.676888 0.418195 1 4 1.000000
0  -5.942769 4.287174 55.035252  0.677487 -0.685689 0.266162  0.685141 0.420365 1 4 1.000000
0  -5.538718 3.966187 53.084034  0.753417 -0.610783 0.243531  0.685141 0.460354 1 4 1.000000
tactical_vest
0  -3.424163 6.300003 59.885086  0.404215 0.510980 0.758624  0.401538 0.700836 1 4 1.000000
0  -3.953762 7.363688 59.450809  0.403805 0.510890 0.758903  0.377658 0.688916 1 4 1.000000
0  -4.273912 6.984929 59.875725  0.403357 0.510790 0.759208  0.377190 0.700120 1 4 1.000000
tactical_vest
0  -3.424163 6.300003 59.885086  0.404215 0.510980 0.758624  0.401538 0.700836 1 4 1.000000
0  -3.103371 6.679530 59.458115  0.404662 0.511079 0.758319  0.402007 0.689609 1 4 1.000000
0  -3.953762 7.363688 59.450809  0.403805 0.510890 0.758903  0.377658 0.688916 1 4 1.000000
tactical_vest
0  3.408531 6.429471 54.580711  0.003341 -0.973234 0.229793  0.371644 0.568295 1 4 1.000000
0  -0.084319 6.236909 53.815948  0.003379 -0.973272 0.229629  0.388822 0.646247 1 4 1.000000
0  3.463478 6.249180 53.816444  0.003334 -0.973227 0.229824  0.388803 0.567069 1 4 1.000000
tactical_vest
0  3.408531 6.429471 54.580711  0.003341 -0.973234 0.229793  0.371644 0.568295 1 4 1.000000
0  -0.084319 6.417199 54.580215  0.003387 -0.973280 0.229598  0.371662 0.646247 1 4 1.000000
0  -0.084319 6.236909 53.815948  0.003379 -0.973272 0.229629  0.388822 0.646247 1 4 1.000000
tactical_vest
0  -0.084319 7.112288 54.479389  -1.000000 0.000000 0.000000  0.431802 0.769305 1 4 1.000000
0  -0.084319 6.236909 53.815948  -1.000000 0.000000 0.000000  0.414661 0.786785 1 4 1.000000
0  -0.084319 6.417199 54.580215  -1.000000 0.000000 0.000000  0.432069 0.784974 1 4 1.000000
tactical_vest
0  -0.084319 7.112288 54.479389  -1.000000 0.000000 0.000000  0.431802 0.769305 1 4 1.000000
0  -0.084319 7.111180 53.704346  -1.000000 -0.000000 0.000000  0.414661 0.767120 1 4 1.000000
0  -0.084319 6.236909 53.815948  -1.000000 0.000000 0.000000  0.414661 0.786785 1 4 1.000000
tactical_vest
0  3.723237 5.968603 54.614601  -0.826133 -0.558801 0.072428  0.425575 0.947858 1 4 1.000000
0  3.463478 6.249180 53.816444  -0.826134 -0.558800 0.072428  0.415517 0.964056 1 4 1.000000
0  3.778182 5.788311 53.850334  -0.826135 -0.558798 0.072429  0.425575 0.965296 1 4 1.000000
tactical_vest
0  3.723237 5.968603 54.614601  -0.826133 -0.558801 0.072428  0.425575 0.947858 1 4 1.000000
0  3.408531 6.429471 54.580711  -0.826132 -0.558802 0.072427  0.415517 0.946618 1 4 1.000000
0  3.463478 6.249180 53.816444  -0.826134 -0.558800 0.072428  0.415517 0.964056 1 4 1.000000
tactical_vest
0  4.239836 6.325054 54.634346  -0.051351 0.101521 0.993507  0.320458 0.798835 1 4 1.000000
0  3.408531 6.429471 54.580711  -0.026589 0.126573 0.991601  0.318104 0.817387 1 4 1.000000
0  3.723237 5.968603 54.614601  -0.060325 0.032168 0.997660  0.328402 0.810364 1 4 1.000000
tactical_vest
0  4.239836 6.325054 54.634346  -0.051351 0.101521 0.993507  0.320458 0.798835 1 4 1.000000
0  3.693888 7.124557 54.479881  -0.020012 0.151550 0.988247  0.302549 0.811019 1 4 1.000000
0  3.408531 6.429471 54.580711  -0.026589 0.126573 0.991601  0.318104 0.817387 1 4 1.000000
tactical_vest
0  3.693888 7.124557 54.479881  -0.020012 0.151550 0.988247  0.302549 0.811019 1 4 1.000000
0  -0.084319 6.417199 54.580215  -0.000601 0.143584 0.989638  0.318377 0.895340 1 4 1.000000
0  3.408531 6.429471 54.580711  -0.026589 0.126573 0.991601  0.318104 0.817387 1 4 1.000000
tactical_vest
0  3.693888 7.124557 54.479881  -0.020012 0.151550 0.988247  0.302549 0.811019 1 4 1.000000
0  -0.084319 7.112288 54.479389  -0.000595 0.143553 0.989643  0.302822 0.895340 1 4 1.000000
0  -0.084319 6.417199 54.580215  -0.000601 0.143584 0.989638  0.318377 0.895340 1 4 1.000000
tactical_vest
0  4.292886 6.146316 53.859299  0.848336 0.529234 -0.015417  0.362698 0.796523 1 4 1.000000
0  3.693888 7.124557 54.479881  0.855213 0.518205 0.008606  0.345505 0.776378 1 4 1.000000
0  4.239836 6.325054 54.634346  0.830070 0.553152 -0.070750  0.344994 0.794795 1 4 1.000000
tactical_vest
0  4.292886 6.146316 53.859299  0.848336 0.529234 -0.015417  0.362698 0.796523 1 4 1.000000
0  3.746939 7.123450 53.704842  0.867500 0.493966 0.058674  0.362698 0.774177 1 4 1.000000
0  3.693888 7.124557 54.479881  0.855213 0.518205 0.008606  0.345505 0.776378 1 4 1.000000
tactical_vest
0  3.746939 7.123450 53.704842  -0.003241 0.999994 -0.001621  0.045216 0.809277 1 4 1.000000
0  -0.084319 7.112288 54.479389  -0.003208 0.999994 -0.001458  0.062478 0.894781 1 4 1.000000
0  3.693888 7.124557 54.479881  -0.003247 0.999993 -0.001651  0.062501 0.810461 1 4 1.000000
tactical_vest
0  3.746939 7.123450 53.704842  -0.003241 0.999994 -0.001621  0.045216 0.809277 1 4 1.000000
0  -0.084319 7.111180 53.704346  -0.003202 0.999994 -0.001430  0.045194 0.894781 1 4 1.000000
0  -0.084319 7.112288 54.479389  -0.003208 0.999994 -0.001458  0.062478 0.894781 1 4 1.000000
tactical_vest
0  5.741529 3.938703 55.285820  0.882547 0.464485 -0.073239  0.302549 0.957938 1 4 1.000000
0  5.807208 3.438589 52.840675  0.878825 0.471552 -0.072842  0.357590 0.966495 1 4 1.000000
0  4.796827 5.321605 52.840591  0.884949 0.458283 -0.082713  0.354559 0.923923 1 4 1.000000
tactical_vest
0  4.443444 6.193135 53.703884  0.885894 0.457883 -0.074400  0.334052 0.905216 1 4 1.000000
0  5.741529 3.938703 55.285820  0.882547 0.464485 -0.073239  0.302549 0.957938 1 4 1.000000
0  4.796827 5.321605 52.840591  0.884949 0.458283 -0.082713  0.354559 0.923923 1 4 1.000000
tactical_vest
0  4.322402 6.599530 55.093800  0.882565 0.466408 -0.059514  0.302549 0.897580 1 4 1.000000
0  5.741529 3.938703 55.285820  0.882547 0.464485 -0.073239  0.302549 0.957938 1 4 1.000000
0  4.443444 6.193135 53.703884  0.885894 0.457883 -0.074400  0.334052 0.905216 1 4 1.000000
tactical_vest
0  7.230246 0.497225 55.502937  0.997398 -0.031149 -0.065010  0.693747 0.135876 1 4 1.000000
0  7.201736 -0.257324 55.614994  0.998435 -0.044764 -0.033530  0.693925 0.152731 1 4 1.000000
0  7.095301 -0.544172 53.628983  0.997814 0.010782 -0.065193  0.649337 0.151956 1 4 1.000000
tactical_vest
0  7.201736 -0.257324 55.614994  0.998435 -0.044764 -0.033530  0.693925 0.152731 1 4 1.000000
0  7.115252 -1.346131 53.745445  0.999179 -0.030156 -0.027040  0.649467 0.169820 1 4 1.000000
0  7.095301 -0.544172 53.628983  0.997814 0.010782 -0.065193  0.649337 0.151956 1 4 1.000000
tactical_vest
0  7.201736 -0.257324 55.614994  0.998435 -0.044764 -0.033530  0.693925 0.152731 1 4 1.000000
0  7.150092 -1.072114 55.739952  0.995740 -0.091750 0.009191  0.694198 0.170693 1 4 1.000000
0  7.115252 -1.346131 53.745445  0.999179 -0.030156 -0.027040  0.649467 0.169820 1 4 1.000000
tactical_vest
0  7.150092 -1.072114 55.739952  0.995740 -0.091750 0.009191  0.694198 0.170693 1 4 1.000000
0  7.069160 -2.170818 53.872063  0.993691 -0.110237 0.020625  0.649741 0.187762 1 4 1.000000
0  7.115252 -1.346131 53.745445  0.999179 -0.030156 -0.027040  0.649467 0.169820 1 4 1.000000
tactical_vest
0  7.150092 -1.072114 55.739952  0.995740 -0.091750 0.009191  0.694198 0.170693 1 4 1.000000
0  7.028965 -1.901944 55.872120  0.987015 -0.152780 0.049597  0.694574 0.188566 1 4 1.000000
0  7.069160 -2.170818 53.872063  0.993691 -0.110237 0.020625  0.649741 0.187762 1 4 1.000000
tactical_vest
0  7.028965 -1.901944 55.872120  0.987015 -0.152780 0.049597  0.694574 0.188566 1 4 1.000000
0  6.867966 -3.501872 54.078274  0.986360 -0.156485 0.051042  0.650211 0.216225 1 4 1.000000
0  7.069160 -2.170818 53.872063  0.993691 -0.110237 0.020625  0.649741 0.187762 1 4 1.000000
tactical_vest
0  7.028965 -1.901944 55.872120  0.987015 -0.152780 0.049597  0.694574 0.188566 1 4 1.000000
0  6.789247 -3.118130 56.097206  0.981003 -0.179952 0.072454  0.695803 0.214345 1 4 1.000000
0  6.867966 -3.501872 54.078274  0.986360 -0.156485 0.051042  0.650211 0.216225 1 4 1.000000
tactical_vest
0  5.294288 4.906424 54.997009  0.415243 0.883006 -0.218798  0.695803 0.030261 1 4 1.000000
0  5.886252 4.628356 54.998264  0.540049 0.806471 -0.240732  0.695042 0.038640 1 4 1.000000
0  5.539327 4.305670 53.037582  0.679792 0.694857 -0.234643  0.650895 0.038418 1 4 1.000000
tactical_vest
0  5.886252 4.628356 54.998264  0.540049 0.806471 -0.240732  0.695042 0.038640 1 4 1.000000
0  5.823635 3.992016 53.053223  0.758865 0.601373 -0.249949  0.650313 0.046386 1 4 1.000000
0  5.539327 4.305670 53.037582  0.679792 0.694857 -0.234643  0.650895 0.038418 1 4 1.000000
tactical_vest
0  5.886252 4.628356 54.998264  0.540049 0.806471 -0.240732  0.695042 0.038640 1 4 1.000000
0  6.228025 4.333442 55.000900  0.706495 0.655169 -0.267617  0.694237 0.046393 1 4 1.000000
0  5.823635 3.992016 53.053223  0.758865 0.601373 -0.249949  0.650313 0.046386 1 4 1.000000
tactical_vest
0  6.228025 4.333442 55.000900  0.706495 0.655169 -0.267617  0.694237 0.046393 1 4 1.000000
0  6.073086 3.635648 53.086697  0.836556 0.479913 -0.264305  0.649991 0.055192 1 4 1.000000
0  5.823635 3.992016 53.053223  0.758865 0.601373 -0.249949  0.650313 0.046386 1 4 1.000000
tactical_vest
0  6.228025 4.333442 55.000900  0.706495 0.655169 -0.267617  0.694237 0.046393 1 4 1.000000
0  6.485780 4.005754 55.022125  0.823097 0.498946 -0.271228  0.693737 0.054737 1 4 1.000000
0  6.073086 3.635648 53.086697  0.836556 0.479913 -0.264305  0.649991 0.055192 1 4 1.000000
tactical_vest
0  6.485780 4.005754 55.022125  0.823097 0.498946 -0.271228  0.693737 0.054737 1 4 1.000000
0  6.323920 3.142109 53.147575  0.890411 0.372789 -0.261146  0.649855 0.067055 1 4 1.000000
0  6.073086 3.635648 53.086697  0.836556 0.479913 -0.264305  0.649991 0.055192 1 4 1.000000
tactical_vest
0  6.485780 4.005754 55.022125  0.823097 0.498946 -0.271228  0.693737 0.054737 1 4 1.000000
0  6.728589 3.528530 55.076778  0.889122 0.374936 -0.262458  0.693515 0.066316 1 4 1.000000
0  6.323920 3.142109 53.147575  0.890411 0.372789 -0.261146  0.649855 0.067055 1 4 1.000000
tactical_vest
0  6.728589 3.528530 55.076778  0.889122 0.374936 -0.262458  0.693515 0.066316 1 4 1.000000
0  6.556130 2.568388 53.224689  0.908016 0.330184 -0.257847  0.649831 0.080627 1 4 1.000000
0  6.323920 3.142109 53.147575  0.890411 0.372789 -0.261146  0.649855 0.067055 1 4 1.000000
tactical_vest
0  6.728589 3.528530 55.076778  0.889122 0.374936 -0.262458  0.693515 0.066316 1 4 1.000000
0  6.965825 2.953141 55.153709  0.926679 0.290222 -0.238823  0.693483 0.079937 1 4 1.000000
0  6.556130 2.568388 53.224689  0.908016 0.330184 -0.257847  0.649831 0.080627 1 4 1.000000
tactical_vest
0  6.965825 2.953141 55.153709  0.926679 0.290222 -0.238823  0.693483 0.079937 1 4 1.000000
0  6.787215 1.988083 53.304604  0.929358 0.287484 -0.231617  0.649844 0.094167 1 4 1.000000
0  6.556130 2.568388 53.224689  0.908016 0.330184 -0.257847  0.649831 0.080627 1 4 1.000000
tactical_vest
0  6.965825 2.953141 55.153709  0.926679 0.290222 -0.238823  0.693483 0.079937 1 4 1.000000
0  7.120763 2.362173 55.236233  0.965286 0.186542 -0.182826  0.693520 0.093704 1 4 1.000000
0  6.787215 1.988083 53.304604  0.929358 0.287484 -0.231617  0.649844 0.094167 1 4 1.000000
tactical_vest
0  7.120763 2.362173 55.236233  0.965286 0.186542 -0.182826  0.693520 0.093704 1 4 1.000000
0  6.968292 1.413319 53.380421  0.969765 0.173938 -0.171178  0.649780 0.107429 1 4 1.000000
0  6.787215 1.988083 53.304604  0.929358 0.287484 -0.231617  0.649844 0.094167 1 4 1.000000
tactical_vest
0  7.120763 2.362173 55.236233  0.965286 0.186542 -0.182826  0.693520 0.093704 1 4 1.000000
0  7.207558 1.768821 55.320343  0.987357 0.090491 -0.130141  0.693581 0.107302 1 4 1.000000
0  6.968292 1.413319 53.380421  0.969765 0.173938 -0.171178  0.649780 0.107429 1 4 1.000000
tactical_vest
0  7.207558 1.768821 55.320343  0.987357 0.090491 -0.130141  0.693581 0.107302 1 4 1.000000
0  7.042328 0.831500 53.450661  0.990524 0.063982 -0.121530  0.649571 0.120748 1 4 1.000000
0  6.968292 1.413319 53.380421  0.969765 0.173938 -0.171178  0.649780 0.107429 1 4 1.000000
tactical_vest
0  7.207558 1.768821 55.320343  0.987357 0.090491 -0.130141  0.693581 0.107302 1 4 1.000000
0  7.244471 1.161291 55.406857  0.995286 0.013241 -0.096071  0.693646 0.121008 1 4 1.000000
0  7.042328 0.831500 53.450661  0.990524 0.063982 -0.121530  0.649571 0.120748 1 4 1.000000
tactical_vest
0  7.244471 1.161291 55.406857  0.995286 0.013241 -0.096071  0.693646 0.121008 1 4 1.000000
0  7.072367 0.192640 53.529144  0.995569 0.019775 -0.091929  0.649368 0.135287 1 4 1.000000
0  7.042328 0.831500 53.450661  0.990524 0.063982 -0.121530  0.649571 0.120748 1 4 1.000000
tactical_vest
0  7.244471 1.161291 55.406857  0.995286 0.013241 -0.096071  0.693646 0.121008 1 4 1.000000
0  7.230246 0.497225 55.502937  0.997398 -0.031149 -0.065010  0.693747 0.135876 1 4 1.000000
0  7.072367 0.192640 53.529144  0.995569 0.019775 -0.091929  0.649368 0.135287 1 4 1.000000
tactical_vest
0  7.230246 0.497225 55.502937  0.997398 -0.031149 -0.065010  0.693747 0.135876 1 4 1.000000
0  7.095301 -0.544172 53.628983  0.997814 0.010782 -0.065193  0.649337 0.151956 1 4 1.000000
0  7.072367 0.192640 53.529144  0.995569 0.019775 -0.091929  0.649368 0.135287 1 4 1.000000
tactical_vest
0  4.443444 6.193135 53.703884  -0.379703 0.569512 -0.729028  0.391062 0.567069 1 4 1.000000
0  4.041534 4.802569 52.826916  -0.379236 0.569524 -0.729262  0.412233 0.588606 1 4 1.000000
0  3.655720 5.648079 53.689491  -0.380732 0.569484 -0.728513  0.412215 0.569753 1 4 1.000000
tactical_vest
0  4.443444 6.193135 53.703884  -0.379703 0.569512 -0.729028  0.391062 0.567069 1 4 1.000000
0  4.796827 5.321605 52.840591  -0.378174 0.569551 -0.729792  0.391988 0.586103 1 4 1.000000
0  4.041534 4.802569 52.826916  -0.379236 0.569524 -0.729262  0.412233 0.588606 1 4 1.000000
tactical_vest
0  3.897283 7.208681 58.416782  0.779270 0.626591 -0.011041  0.145156 0.822057 1 4 1.000000
0  3.806595 7.336818 59.287964  0.779280 0.626579 -0.011039  0.147049 0.802420 1 4 1.000000
0  3.871462 7.256257 59.294395  0.779281 0.626578 -0.011038  0.145208 0.802437 1 4 1.000000
tactical_vest
0  3.897283 7.208681 58.416782  0.779270 0.626591 -0.011041  0.145156 0.822057 1 4 1.000000
0  3.832416 7.289241 58.410351  0.779270 0.626591 -0.011041  0.146997 0.822040 1 4 1.000000
0  3.806595 7.336818 59.287964  0.779280 0.626579 -0.011039  0.147049 0.802420 1 4 1.000000
tactical_vest
0  3.927757 7.152532 57.381020  0.779267 0.626595 -0.011040  0.145094 0.845213 1 4 1.000000
0  3.832416 7.289241 58.410351  0.779270 0.626591 -0.011041  0.146997 0.822040 1 4 1.000000
0  3.897283 7.208681 58.416782  0.779270 0.626591 -0.011041  0.145156 0.822057 1 4 1.000000
tactical_vest
0  3.927757 7.152532 57.381020  0.779267 0.626595 -0.011040  0.145094 0.845213 1 4 1.000000
0  3.862890 7.233092 57.374588  0.779267 0.626595 -0.011040  0.146936 0.845196 1 4 1.000000
0  3.832416 7.289241 58.410351  0.779270 0.626591 -0.011041  0.146997 0.822040 1 4 1.000000
tactical_vest
0  3.958306 7.096247 56.342922  0.778737 0.627340 0.003779  0.145032 0.868421 1 4 1.000000
0  3.862890 7.233092 57.374588  0.779267 0.626595 -0.011040  0.146936 0.845196 1 4 1.000000
0  3.927757 7.152532 57.381020  0.779267 0.626595 -0.011040  0.145094 0.845213 1 4 1.000000
tactical_vest
0  3.958306 7.096247 56.342922  0.778737 0.627340 0.003779  0.145032 0.868421 1 4 1.000000
0  3.893439 7.176807 56.336487  0.778738 0.627339 0.003750  0.146874 0.868404 1 4 1.000000
0  3.862890 7.233092 57.374588  0.779267 0.626595 -0.011040  0.146936 0.845196 1 4 1.000000
tactical_vest
0  4.000907 7.065789 55.588093  0.778019 0.627967 0.018570  0.145208 0.885306 1 4 1.000000
0  3.893439 7.176807 56.336487  0.778738 0.627339 0.003750  0.146874 0.868404 1 4 1.000000
0  3.958306 7.096247 56.342922  0.778737 0.627340 0.003779  0.145032 0.868421 1 4 1.000000
tactical_vest
0  4.000907 7.065789 55.588093  0.778019 0.627967 0.018570  0.145208 0.885306 1 4 1.000000
0  3.936039 7.146348 55.581657  0.778017 0.627968 0.018570  0.147049 0.885289 1 4 1.000000
0  3.893439 7.176807 56.336487  0.778738 0.627339 0.003750  0.146874 0.868404 1 4 1.000000
tactical_vest
0  -3.377858 -3.382579 60.138737  -0.338525 -0.739216 0.582204  0.853424 0.426134 1 4 1.000000
0  -4.839808 -3.451865 59.193508  -0.340757 -0.738976 0.581205  0.814350 0.450417 1 4 1.000000
0  -3.401690 -3.547878 59.886120  -0.312499 -0.781095 0.540587  0.852656 0.434028 1 4 1.000000
tactical_vest
0  -3.377858 -3.382579 60.138737  -0.338525 -0.739216 0.582204  0.853424 0.426134 1 4 1.000000
0  -4.866343 -3.259844 59.417980  -0.348472 -0.724785 0.594351  0.813805 0.442981 1 4 1.000000
0  -4.839808 -3.451865 59.193508  -0.340757 -0.738976 0.581205  0.814350 0.450417 1 4 1.000000
tactical_vest
0  -3.298326 -2.964176 60.683781  -0.354646 -0.710881 0.607351  0.855909 0.408540 1 4 1.000000
0  -4.866343 -3.259844 59.417980  -0.348472 -0.724785 0.594351  0.813805 0.442981 1 4 1.000000
0  -3.377858 -3.382579 60.138737  -0.338525 -0.739216 0.582204  0.853424 0.426134 1 4 1.000000
tactical_vest
0  -3.298326 -2.964176 60.683781  -0.354646 -0.710881 0.607351  0.855909 0.408540 1 4 1.000000
0  -4.875013 -2.795484 59.958321  -0.361064 -0.703331 0.612338  0.813979 0.425070 1 4 1.000000
0  -4.866343 -3.259844 59.417980  -0.348472 -0.724785 0.594351  0.813805 0.442981 1 4 1.000000
tactical_vest
0  -3.295881 -2.430218 61.304562  -0.380389 -0.649256 0.658612  0.856442 0.387960 1 4 1.000000
0  -4.875013 -2.795484 59.958321  -0.361064 -0.703331 0.612338  0.813979 0.425070 1 4 1.000000
0  -3.298326 -2.964176 60.683781  -0.354646 -0.710881 0.607351  0.855909 0.408540 1 4 1.000000
tactical_vest
0  -3.295881 -2.430218 61.304562  -0.380389 -0.649256 0.658612  0.856442 0.387960 1 4 1.000000
0  -4.893758 -2.216972 60.581619  -0.374597 -0.665206 0.645893  0.813995 0.404015 1 4 1.000000
0  -4.875013 -2.795484 59.958321  -0.361064 -0.703331 0.612338  0.813979 0.425070 1 4 1.000000
tactical_vest
0  -3.299892 -1.945587 61.728992  -0.383538 -0.584212 0.715259  0.856796 0.372791 1 4 1.000000
0  -4.893758 -2.216972 60.581619  -0.374597 -0.665206 0.645893  0.813995 0.404015 1 4 1.000000
0  -3.295881 -2.430218 61.304562  -0.380389 -0.649256 0.658612  0.856442 0.387960 1 4 1.000000
tactical_vest
0  -3.299892 -1.945587 61.728992  -0.383538 -0.584212 0.715259  0.856796 0.372791 1 4 1.000000
0  -4.918091 -1.649160 61.120968  -0.367240 -0.618808 0.694415  0.813871 0.385176 1 4 1.000000
0  -4.893758 -2.216972 60.581619  -0.374597 -0.665206 0.645893  0.813995 0.404015 1 4 1.000000
tactical_vest
0  -3.289742 -1.428532 62.118992  -0.369199 -0.484935 0.792799  0.857577 0.358196 1 4 1.000000
0  -4.918091 -1.649160 61.120968  -0.367240 -0.618808 0.694415  0.813871 0.385176 1 4 1.000000
0  -3.299892 -1.945587 61.728992  -0.383538 -0.584212 0.715259  0.856796 0.372791 1 4 1.000000
tactical_vest
0  -3.289742 -1.428532 62.118992  -0.369199 -0.484935 0.792799  0.857577 0.358196 1 4 1.000000
0  -4.941001 -1.082430 61.578320  -0.346936 -0.536593 0.769223  0.813805 0.368419 1 4 1.000000
0  -4.918091 -1.649160 61.120968  -0.367240 -0.618808 0.694415  0.813871 0.385176 1 4 1.000000
tactical_vest
0  5.140021 4.492085 61.030258  0.175940 0.825837 0.535760  0.606892 0.462001 1 4 1.000000
0  5.314999 4.715199 60.546871  0.228710 0.877236 0.422077  0.616496 0.465075 1 4 1.000000
0  5.210239 4.742745 60.547096  0.212156 0.885376 0.413641  0.616641 0.462171 1 4 1.000000
tactical_vest
0  5.210239 4.742745 60.547096  0.212156 0.885376 0.413641  0.616641 0.462171 1 4 1.000000
0  5.314999 4.715199 60.546871  0.228710 0.877236 0.422077  0.616496 0.465075 1 4 1.000000
0  5.333209 4.796901 60.336460  0.220883 0.885129 0.409582  0.619972 0.464970 1 4 1.000000
tactical_vest
0  5.210239 4.742745 60.547096  0.212156 0.885376 0.413641  0.616641 0.462171 1 4 1.000000
0  5.333209 4.796901 60.336460  0.220883 0.885129 0.409582  0.619972 0.464970 1 4 1.000000
0  5.217668 4.778277 60.433247  0.183602 0.901543 0.391805  0.618287 0.462096 1 4 1.000000
tactical_vest
0  5.217668 4.778277 60.433247  0.183602 0.901543 0.391805  0.618287 0.462096 1 4 1.000000
0  5.333209 4.796901 60.336460  0.220883 0.885129 0.409582  0.619972 0.464970 1 4 1.000000
0  4.076477 5.179653 60.355122  0.201210 0.843666 0.497736  0.622957 0.429857 1 4 1.000000
tactical_vest
0  5.217668 4.778277 60.433247  0.183602 0.901543 0.391805  0.618287 0.462096 1 4 1.000000
0  4.076477 5.179653 60.355122  0.201210 0.843666 0.497736  0.622957 0.429857 1 4 1.000000
0  4.161761 5.103216 60.450607  0.212439 0.834898 0.507755  0.620871 0.432578 1 4 1.000000
tactical_vest
0  4.161761 5.103216 60.450607  0.212439 0.834898 0.507755  0.620871 0.432578 1 4 1.000000
0  4.076477 5.179653 60.355122  0.201210 0.843666 0.497736  0.622957 0.429857 1 4 1.000000
0  4.033713 5.069238 60.533192  0.182476 0.791957 0.582671  0.618812 0.429446 1 4 1.000000
tactical_vest
0  4.161761 5.103216 60.450607  0.212439 0.834898 0.507755  0.620871 0.432578 1 4 1.000000
0  4.033713 5.069238 60.533192  0.182476 0.791957 0.582671  0.618812 0.429446 1 4 1.000000
0  4.137648 5.039105 60.537914  0.195244 0.776640 0.598924  0.618566 0.432346 1 4 1.000000
tactical_vest
0  4.137648 5.039105 60.537914  0.195244 0.776640 0.598924  0.618566 0.432346 1 4 1.000000
0  4.033713 5.069238 60.533192  0.182476 0.791957 0.582671  0.618812 0.429446 1 4 1.000000
0  3.940341 4.788347 60.943836  0.163460 0.782258 0.601126  0.608608 0.428775 1 4 1.000000
tactical_vest
0  4.137648 5.039105 60.537914  0.195244 0.776640 0.598924  0.618566 0.432346 1 4 1.000000
0  3.940341 4.788347 60.943836  0.163460 0.782258 0.601126  0.608608 0.428775 1 4 1.000000
0  4.045968 4.764309 60.946873  0.160845 0.783261 0.600526  0.608537 0.431686 1 4 1.000000
tactical_vest
0  4.045968 4.764309 60.946873  0.160845 0.783261 0.600526  0.608537 0.431686 1 4 1.000000
0  3.940341 4.788347 60.943836  0.163460 0.782258 0.601126  0.608608 0.428775 1 4 1.000000
0  3.845685 4.328202 61.530361  0.143852 0.773544 0.617200  0.592730 0.429149 1 4 1.000000
tactical_vest
0  4.045968 4.764309 60.946873  0.160845 0.783261 0.600526  0.608537 0.431686 1 4 1.000000
0  3.845685 4.328202 61.530361  0.143852 0.773544 0.617200  0.592730 0.429149 1 4 1.000000
0  3.966950 4.380212 61.436962  0.143496 0.773467 0.617379  0.595280 0.431999 1 4 1.000000
tactical_vest
0  3.966950 4.380212 61.436962  0.143496 0.773467 0.617379  0.595280 0.431999 1 4 1.000000
0  3.845685 4.328202 61.530361  0.143852 0.773544 0.617200  0.592730 0.429149 1 4 1.000000
0  5.180030 4.167470 61.442482  0.146227 0.778360 0.610551  0.596270 0.465075 1 4 1.000000
tactical_vest
0  3.966950 4.380212 61.436962  0.143496 0.773467 0.617379  0.595280 0.431999 1 4 1.000000
0  5.180030 4.167470 61.442482  0.146227 0.778360 0.610551  0.596270 0.465075 1 4 1.000000
0  5.086448 4.246571 61.364182  0.146288 0.777820 0.611225  0.598275 0.462135 1 4 1.000000
tactical_vest
0  5.086448 4.246571 61.364182  0.146288 0.777820 0.611225  0.598275 0.462135 1 4 1.000000
0  5.180030 4.167470 61.442482  0.146227 0.778360 0.610551  0.596270 0.465075 1 4 1.000000
0  5.245780 4.468738 61.032070  0.173089 0.826730 0.535311  0.606847 0.464911 1 4 1.000000
tactical_vest
0  5.086448 4.246571 61.364182  0.146288 0.777820 0.611225  0.598275 0.462135 1 4 1.000000
0  5.245780 4.468738 61.032070  0.173089 0.826730 0.535311  0.606847 0.464911 1 4 1.000000
0  5.140021 4.492085 61.030258  0.175940 0.825837 0.535760  0.606892 0.462001 1 4 1.000000
tactical_vest
0  5.140021 4.492085 61.030258  0.175940 0.825837 0.535760  0.606892 0.462001 1 4 1.000000
0  5.245780 4.468738 61.032070  0.173089 0.826730 0.535311  0.606847 0.464911 1 4 1.000000
0  5.314999 4.715199 60.546871  0.228710 0.877236 0.422077  0.616496 0.465075 1 4 1.000000
tactical_vest
0  3.532199 6.054710 55.052074  -0.155495 0.179847 -0.971327  0.042441 0.822789 1 4 1.000000
0  3.506927 6.085210 55.061771  -0.286690 0.343336 -0.894388  0.042593 0.821939 1 4 1.000000
0  4.356678 6.770140 55.052406  -0.406056 0.495474 -0.767870  0.018519 0.818487 1 4 1.000000
tactical_vest
0  3.282361 6.474202 55.436905  -0.410626 0.500010 -0.762480  0.042954 0.812703 1 4 1.000000
0  4.356678 6.770140 55.052406  -0.406056 0.495474 -0.767870  0.018519 0.818487 1 4 1.000000
0  3.506927 6.085210 55.061771  -0.286690 0.343336 -0.894388  0.042593 0.821939 1 4 1.000000
tactical_vest
0  3.282361 6.474202 55.436905  -0.410626 0.500010 -0.762480  0.042954 0.812703 1 4 1.000000
0  4.132752 7.158359 55.429604  -0.410705 0.502380 -0.760878  0.018879 0.809277 1 4 1.000000
0  4.356678 6.770140 55.052406  -0.406056 0.495474 -0.767870  0.018519 0.818487 1 4 1.000000
tactical_vest
0  5.188081 4.642379 60.481705  -0.975275 0.220832 -0.008455  0.798932 0.443597 1 4 1.000000
0  5.217668 4.778277 60.433247  -0.976885 0.213743 0.002964  0.796439 0.446433 1 4 1.000000
0  5.195509 4.677909 60.367851  -0.976883 0.213753 0.002966  0.799608 0.446710 1 4 1.000000
tactical_vest
0  5.188081 4.642379 60.481705  -0.975275 0.220832 -0.008455  0.798932 0.443597 1 4 1.000000
0  5.210239 4.742745 60.547096  -0.974872 0.222485 -0.011138  0.795764 0.443321 1 4 1.000000
0  5.217668 4.778277 60.433247  -0.976885 0.213743 0.002964  0.796439 0.446433 1 4 1.000000
tactical_vest
0  5.117862 4.391716 60.964855  -0.974962 0.222120 -0.010559  0.798337 0.429173 1 4 1.000000
0  5.210239 4.742745 60.547096  -0.974872 0.222485 -0.011138  0.795764 0.443321 1 4 1.000000
0  5.188081 4.642379 60.481705  -0.975275 0.220832 -0.008455  0.798932 0.443597 1 4 1.000000
tactical_vest
0  5.117862 4.391716 60.964855  -0.974962 0.222120 -0.010559  0.798337 0.429173 1 4 1.000000
0  5.140021 4.492085 61.030258  -0.974956 0.222146 -0.010599  0.795169 0.428897 1 4 1.000000
0  5.210239 4.742745 60.547096  -0.974872 0.222485 -0.011138  0.795764 0.443321 1 4 1.000000
tactical_vest
0  5.064289 4.146205 61.298790  -0.976654 0.214814 0.001249  0.799608 0.418277 1 4 1.000000
0  5.140021 4.492085 61.030258  -0.974956 0.222146 -0.010599  0.795169 0.428897 1 4 1.000000
0  5.117862 4.391716 60.964855  -0.974962 0.222120 -0.010559  0.798337 0.429173 1 4 1.000000
tactical_vest
0  5.064289 4.146205 61.298790  -0.976654 0.214814 0.001249  0.799608 0.418277 1 4 1.000000
0  5.086448 4.246571 61.364182  -0.976653 0.214817 0.001251  0.796439 0.418001 1 4 1.000000
0  5.140021 4.492085 61.030258  -0.974956 0.222146 -0.010599  0.795169 0.428897 1 4 1.000000
tactical_vest
0  4.011555 4.968872 60.467796  -0.965617 0.252768 -0.060769  0.903002 0.197914 1 4 1.000000
0  4.076477 5.179653 60.355122  -0.963320 0.258833 -0.070845  0.900240 0.203480 1 4 1.000000
0  4.054318 5.079285 60.289722  -0.963321 0.258833 -0.070842  0.903419 0.203415 1 4 1.000000
tactical_vest
0  4.011555 4.968872 60.467796  -0.965617 0.252768 -0.060769  0.903002 0.197914 1 4 1.000000
0  4.033713 5.069238 60.533192  -0.965518 0.253037 -0.061210  0.899822 0.197979 1 4 1.000000
0  4.076477 5.179653 60.355122  -0.963320 0.258833 -0.070845  0.900240 0.203480 1 4 1.000000
tactical_vest
0  3.918182 4.687982 60.878441  -0.973424 0.228113 -0.020236  0.902620 0.184812 1 4 1.000000
0  4.033713 5.069238 60.533192  -0.965518 0.253037 -0.061210  0.899822 0.197979 1 4 1.000000
0  4.011555 4.968872 60.467796  -0.965617 0.252768 -0.060769  0.903002 0.197914 1 4 1.000000
tactical_vest
0  3.918182 4.687982 60.878441  -0.973424 0.228113 -0.020236  0.902620 0.184812 1 4 1.000000
0  3.940341 4.788347 60.943836  -0.972911 0.230002 -0.023305  0.899440 0.184877 1 4 1.000000
0  4.033713 5.069238 60.533192  -0.965518 0.253037 -0.061210  0.899822 0.197979 1 4 1.000000
tactical_vest
0  3.823527 4.227835 61.464970  -0.977494 0.210825 0.007644  0.903419 0.165099 1 4 1.000000
0  3.940341 4.788347 60.943836  -0.972911 0.230002 -0.023305  0.899440 0.184877 1 4 1.000000
0  3.918182 4.687982 60.878441  -0.973424 0.228113 -0.020236  0.902620 0.184812 1 4 1.000000
tactical_vest
0  3.823527 4.227835 61.464970  -0.977494 0.210825 0.007644  0.903419 0.165099 1 4 1.000000
0  3.845685 4.328202 61.530361  -0.977494 0.210823 0.007643  0.900240 0.165164 1 4 1.000000
0  3.940341 4.788347 60.943836  -0.972911 0.230002 -0.023305  0.899440 0.184877 1 4 1.000000
tactical_vest
0  4.023809 4.663942 60.881474  0.973417 -0.228140 0.020292  0.643641 0.364771 1 4 1.000000
0  3.966950 4.380212 61.436962  0.977489 -0.210846 -0.007636  0.646309 0.348276 1 4 1.000000
0  3.944791 4.279847 61.371574  0.977489 -0.210847 -0.007637  0.643098 0.348122 1 4 1.000000
tactical_vest
0  4.023809 4.663942 60.881474  0.973417 -0.228140 0.020292  0.643641 0.364771 1 4 1.000000
0  4.045968 4.764309 60.946873  0.972933 -0.229921 0.023190  0.646852 0.364925 1 4 1.000000
0  3.966950 4.380212 61.436962  0.977489 -0.210846 -0.007636  0.646309 0.348276 1 4 1.000000
tactical_vest
0  4.115489 4.938737 60.472515  0.965311 -0.253605 0.062127  0.643098 0.377917 1 4 1.000000
0  4.045968 4.764309 60.946873  0.972933 -0.229921 0.023190  0.646852 0.364925 1 4 1.000000
0  4.023809 4.663942 60.881474  0.973417 -0.228140 0.020292  0.643641 0.364771 1 4 1.000000
tactical_vest
0  4.115489 4.938737 60.472515  0.965311 -0.253605 0.062127  0.643098 0.377917 1 4 1.000000
0  4.137648 5.039105 60.537914  0.965081 -0.254223 0.063162  0.646309 0.378072 1 4 1.000000
0  4.045968 4.764309 60.946873  0.972933 -0.229921 0.023190  0.646852 0.364925 1 4 1.000000
tactical_vest
0  4.139602 5.002849 60.385212  0.962512 -0.260876 0.074256  0.643100 0.380807 1 4 1.000000
0  4.137648 5.039105 60.537914  0.965081 -0.254223 0.063162  0.646309 0.378072 1 4 1.000000
0  4.115489 4.938737 60.472515  0.965311 -0.253605 0.062127  0.643098 0.377917 1 4 1.000000
tactical_vest
0  4.139602 5.002849 60.385212  0.962512 -0.260876 0.074256  0.643100 0.380807 1 4 1.000000
0  4.161761 5.103216 60.450607  0.962516 -0.260865 0.074252  0.646310 0.380961 1 4 1.000000
0  4.137648 5.039105 60.537914  0.965081 -0.254223 0.063162  0.646309 0.378072 1 4 1.000000
tactical_vest
0  2.085545 6.806314 56.498306  1.000000 -0.000000 0.000000  0.140645 0.740295 1 4 1.000000
0  2.085544 7.918361 58.356632  1.000000 -0.000000 0.000001  0.115764 0.698943 1 4 1.000000
0  2.085544 6.806309 58.356628  1.000000 0.000000 0.000001  0.140571 0.698866 1 4 1.000000
tactical_vest
0  2.085545 6.806314 56.498306  1.000000 -0.000000 0.000000  0.140645 0.740295 1 4 1.000000
0  2.085545 7.918365 56.515518  1.000000 -0.000000 0.000000  0.115837 0.739989 1 4 1.000000
0  2.085544 7.918361 58.356632  1.000000 -0.000000 0.000001  0.115764 0.698943 1 4 1.000000
tactical_vest
0  2.085545 7.918372 54.214172  1.000000 -0.000001 -0.000001  0.115928 0.791295 1 4 1.000000
0  2.085545 7.918365 56.515518  1.000000 -0.000000 0.000000  0.115837 0.739989 1 4 1.000000
0  2.085545 6.806314 56.498306  1.000000 -0.000000 0.000000  0.140645 0.740295 1 4 1.000000
tactical_vest
0  2.085545 6.806314 56.498306  1.000000 -0.000000 0.000000  0.140645 0.740295 1 4 1.000000
0  2.085544 6.806322 53.776924  1.000000 -0.000000 -0.000001  0.140753 0.800966 1 4 1.000000
0  2.085545 7.918372 54.214172  1.000000 -0.000001 -0.000001  0.115928 0.791295 1 4 1.000000
tactical_vest
0  2.085544 6.806322 53.776924  1.000000 -0.000000 -0.000001  0.140753 0.800966 1 4 1.000000
0  2.085544 7.481132 53.776928  1.000000 0.000002 -0.000004  0.125699 0.801013 1 4 1.000000
0  2.085545 7.918372 54.214172  1.000000 -0.000001 -0.000001  0.115928 0.791295 1 4 1.000000
tactical_vest
0  2.085544 7.481132 53.776928  1.000000 0.000002 -0.000004  0.125699 0.801013 1 4 1.000000
0  2.085543 7.699751 53.835510  1.000000 0.000005 -0.000009  0.120820 0.799722 1 4 1.000000
0  2.085545 7.918372 54.214172  1.000000 -0.000001 -0.000001  0.115928 0.791295 1 4 1.000000
tactical_vest
0  2.085543 7.699751 53.835510  1.000000 0.000005 -0.000009  0.120820 0.799722 1 4 1.000000
0  2.085545 7.859792 53.995552  1.000000 -0.000014 0.000005  0.117243 0.796165 1 4 1.000000
0  2.085545 7.918372 54.214172  1.000000 -0.000001 -0.000001  0.115928 0.791295 1 4 1.000000
tactical_vest
0  2.392860 6.271451 53.918266  0.000035 0.000000 -1.000000  0.050829 0.692284 1 4 1.000000
0  2.543787 6.880407 53.918266  0.000013 0.000000 -1.000000  0.064347 0.688916 1 4 1.000000
0  2.543787 6.271450 53.918266  0.000083 0.000000 -1.000000  0.050829 0.688916 1 4 1.000000
tactical_vest
0  2.392860 6.271451 53.918266  0.000035 0.000000 -1.000000  0.050829 0.692284 1 4 1.000000
0  2.392860 6.880407 53.918266  -0.000000 0.000000 -1.000000  0.064347 0.692284 1 4 1.000000
0  2.543787 6.880407 53.918266  0.000013 0.000000 -1.000000  0.064347 0.688916 1 4 1.000000
tactical_vest
0  -0.029373 6.271451 53.918266  -0.000001 0.000000 -1.000000  0.050829 0.746343 1 4 1.000000
0  2.392860 6.880407 53.918266  -0.000000 0.000000 -1.000000  0.064347 0.692284 1 4 1.000000
0  2.392860 6.271451 53.918266  0.000035 0.000000 -1.000000  0.050829 0.692284 1 4 1.000000
tactical_vest
0  -0.029373 6.271451 53.918266  -0.000001 0.000000 -1.000000  0.050829 0.746343 1 4 1.000000
0  -0.029373 6.880408 53.918266  -0.000001 0.000000 -1.000000  0.064347 0.746343 1 4 1.000000
0  2.392860 6.880407 53.918266  -0.000000 0.000000 -1.000000  0.064347 0.692284 1 4 1.000000
tactical_vest
0  -0.029373 6.271451 53.918266  -0.000001 0.000000 -1.000000  0.050829 0.746343 1 4 1.000000
0  -2.451604 6.880404 53.918266  -0.000002 0.000000 -1.000000  0.064346 0.800401 1 4 1.000000
0  -0.029373 6.880408 53.918266  -0.000001 0.000000 -1.000000  0.064347 0.746343 1 4 1.000000
tactical_vest
0  -0.029373 6.271451 53.918266  -0.000001 0.000000 -1.000000  0.050829 0.746343 1 4 1.000000
0  -2.451605 6.271449 53.918266  -0.000000 0.000000 -1.000000  0.050829 0.800401 1 4 1.000000
0  -2.451604 6.880404 53.918266  -0.000002 0.000000 -1.000000  0.064346 0.800401 1 4 1.000000
tactical_vest
0  -2.451605 6.271449 53.918266  -0.000000 0.000000 -1.000000  0.050829 0.800401 1 4 1.000000
0  -2.602533 6.880406 53.918266  -0.000003 0.000000 -1.000000  0.064346 0.803769 1 4 1.000000
0  -2.451604 6.880404 53.918266  -0.000002 0.000000 -1.000000  0.064346 0.800401 1 4 1.000000
tactical_vest
0  -2.451605 6.271449 53.918266  -0.000000 0.000000 -1.000000  0.050829 0.800401 1 4 1.000000
0  -2.602533 6.271451 53.918266  0.000000 0.000000 -1.000000  0.050829 0.803769 1 4 1.000000
0  -2.602533 6.880406 53.918266  -0.000003 0.000000 -1.000000  0.064346 0.803769 1 4 1.000000
tactical_vest
0  5.634330 4.883322 60.015018  0.835259 -0.547547 0.050335  0.366156 0.931655 1 4 1.000000
0  5.185403 4.207959 60.117699  0.835275 -0.547522 0.050350  0.363906 0.946515 1 4 1.000000
0  5.189177 4.203969 60.011711  0.835277 -0.547519 0.050351  0.366274 0.946523 1 4 1.000000
tactical_vest
0  5.634330 4.883322 60.015018  0.835259 -0.547547 0.050335  0.366156 0.931655 1 4 1.000000
0  5.630558 4.887311 60.121006  0.835258 -0.547550 0.050334  0.363788 0.931646 1 4 1.000000
0  5.185403 4.207959 60.117699  0.835275 -0.547522 0.050350  0.363906 0.946515 1 4 1.000000
tactical_vest
0  5.882614 4.930267 58.822216  0.824882 -0.565266 0.006637  0.198192 0.716353 1 4 1.000000
0  5.882615 4.755463 60.029465  0.726845 -0.679714 -0.098419  0.192898 0.689673 1 4 1.000000
0  5.177876 4.003390 60.018864  0.787392 -0.616301 -0.013647  0.176579 0.690014 1 4 1.000000
tactical_vest
0  5.882614 4.930267 58.822216  0.824882 -0.565266 0.006637  0.198192 0.716353 1 4 1.000000
0  5.177876 4.003390 60.018864  0.787392 -0.616301 -0.013647  0.176579 0.690014 1 4 1.000000
0  5.322690 4.033162 58.801670  0.830791 -0.556250 0.019282  0.178565 0.717233 1 4 1.000000
tactical_vest
0  5.882614 4.911859 57.679707  0.787103 -0.615205 0.044620  0.199106 0.741811 1 4 1.000000
0  5.882614 4.930267 58.822216  0.824882 -0.565266 0.006637  0.198192 0.716353 1 4 1.000000
0  5.322690 4.033162 58.801670  0.830791 -0.556250 0.019282  0.178565 0.717233 1 4 1.000000
tactical_vest
0  5.882614 4.911859 57.679707  0.787103 -0.615205 0.044620  0.199106 0.741811 1 4 1.000000
0  5.322690 4.033162 58.801670  0.830791 -0.556250 0.019282  0.178565 0.717233 1 4 1.000000
0  5.174292 4.062936 57.584480  0.768697 -0.636600 0.062007  0.180729 0.744142 1 4 1.000000
tactical_vest
0  5.882614 4.577499 56.451065  0.756269 -0.604724 0.249733  0.193081 0.769543 1 4 1.000000
0  5.882614 4.911859 57.679707  0.787103 -0.615205 0.044620  0.199106 0.741811 1 4 1.000000
0  5.174292 4.062936 57.584480  0.768697 -0.636600 0.062007  0.180729 0.744142 1 4 1.000000
tactical_vest
0  5.882614 4.577499 56.451065  0.756269 -0.604724 0.249733  0.193081 0.769543 1 4 1.000000
0  5.174292 4.062936 57.584480  0.768697 -0.636600 0.062007  0.180729 0.744142 1 4 1.000000
0  5.132785 3.745689 56.750839  0.762110 -0.595033 0.255195  0.174652 0.763017 1 4 1.000000
tactical_vest
0  5.187175 3.266363 55.731667  0.754455 -0.574414 0.317563  0.165121 0.786306 1 4 1.000000
0  5.882614 4.577499 56.451065  0.756269 -0.604724 0.249733  0.193081 0.769543 1 4 1.000000
0  5.132785 3.745689 56.750839  0.762110 -0.595033 0.255195  0.174652 0.763017 1 4 1.000000
tactical_vest
0  5.187175 3.266363 55.731667  0.754455 -0.574414 0.317563  0.165121 0.786306 1 4 1.000000
0  5.882613 3.916106 55.275093  0.750658 -0.575862 0.323877  0.179708 0.796472 1 4 1.000000
0  5.882614 4.577499 56.451065  0.756269 -0.604724 0.249733  0.193081 0.769543 1 4 1.000000
tactical_vest
0  3.723237 5.968603 54.614601  -0.269563 0.916095 -0.296826  0.377919 0.664977 1 4 1.000000
0  4.322402 6.599530 55.093800  -0.570740 0.745183 -0.344905  0.363630 0.654914 1 4 1.000000
0  4.239836 6.325054 54.634346  -0.638067 0.708327 -0.301902  0.366367 0.665209 1 4 1.000000
tactical_vest
0  4.239836 6.325054 54.634346  -0.638067 0.708327 -0.301902  0.366367 0.665209 1 4 1.000000
0  4.322402 6.599530 55.093800  -0.570740 0.745183 -0.344905  0.363630 0.654914 1 4 1.000000
0  4.443444 6.193135 53.703884  -0.547563 0.795156 -0.260580  0.363630 0.686389 1 4 1.000000
tactical_vest
0  4.239836 6.325054 54.634346  -0.638067 0.708327 -0.301902  0.366367 0.665209 1 4 1.000000
0  4.443444 6.193135 53.703884  -0.547563 0.795156 -0.260580  0.363630 0.686389 1 4 1.000000
0  4.292886 6.146316 53.859299  -0.519084 0.815308 -0.256564  0.366684 0.682689 1 4 1.000000
tactical_vest
0  4.292886 6.146316 53.859299  -0.519084 0.815308 -0.256564  0.366684 0.682689 1 4 1.000000
0  4.443444 6.193135 53.703884  -0.547563 0.795156 -0.260580  0.363630 0.686389 1 4 1.000000
0  3.655720 5.648079 53.689491  -0.539880 0.793160 -0.281828  0.381215 0.685687 1 4 1.000000
tactical_vest
0  4.292886 6.146316 53.859299  -0.519084 0.815308 -0.256564  0.366684 0.682689 1 4 1.000000
0  3.655720 5.648079 53.689491  -0.539880 0.793160 -0.281828  0.381215 0.685687 1 4 1.000000
0  3.778182 5.788311 53.850334  -0.530520 0.800215 -0.279652  0.378174 0.682223 1 4 1.000000
tactical_vest
0  3.778182 5.788311 53.850334  -0.530520 0.800215 -0.279652  0.378174 0.682223 1 4 1.000000
0  3.655720 5.648079 53.689491  -0.539880 0.793160 -0.281828  0.381215 0.685687 1 4 1.000000
0  3.532199 6.054710 55.052074  -0.470516 0.807253 -0.356310  0.381323 0.654814 1 4 1.000000
tactical_vest
0  3.778182 5.788311 53.850334  -0.530520 0.800215 -0.279652  0.378174 0.682223 1 4 1.000000
0  3.532199 6.054710 55.052074  -0.470516 0.807253 -0.356310  0.381323 0.654814 1 4 1.000000
0  3.723237 5.968603 54.614601  -0.269563 0.916095 -0.296826  0.377919 0.664977 1 4 1.000000
tactical_vest
0  3.723237 5.968603 54.614601  -0.269563 0.916095 -0.296826  0.377919 0.664977 1 4 1.000000
0  3.532199 6.054710 55.052074  -0.470516 0.807253 -0.356310  0.381323 0.654814 1 4 1.000000
0  4.322402 6.599530 55.093800  -0.570740 0.745183 -0.344905  0.363630 0.654914 1 4 1.000000
tactical_vest
0  3.460152 6.300002 59.885086  -0.404211 0.510980 0.758626  0.368984 0.892174 1 4 1.000000
0  3.989751 7.363688 59.450809  -0.403799 0.510889 0.758906  0.392863 0.880254 1 4 1.000000
0  3.139360 6.679530 59.458115  -0.404662 0.511079 0.758319  0.368515 0.880947 1 4 1.000000
tactical_vest
0  3.460152 6.300002 59.885086  -0.404211 0.510980 0.758626  0.368984 0.892174 1 4 1.000000
0  4.309902 6.984929 59.875721  -0.403347 0.510790 0.759213  0.393332 0.891458 1 4 1.000000
0  3.989751 7.363688 59.450809  -0.403799 0.510889 0.758906  0.392863 0.880254 1 4 1.000000
tactical_vest
0  -2.116811 -7.569745 54.528652  -0.752466 -0.036798 -0.657602  0.223369 0.219222 1 4 1.000000
0  -2.215182 -6.971498 54.607735  -0.752451 -0.036795 -0.657619  0.215215 0.222250 1 4 1.000000
0  -2.116811 -7.022288 54.498024  -0.752438 -0.036793 -0.657634  0.216424 0.219222 1 4 1.000000
tactical_vest
0  -2.116811 -7.569745 54.528652  -0.752466 -0.036798 -0.657602  0.223369 0.219222 1 4 1.000000
0  -2.215182 -7.232043 54.622318  -0.752506 -0.036805 -0.657556  0.222161 0.222250 1 4 1.000000
0  -2.215182 -6.971498 54.607735  -0.752451 -0.036795 -0.657619  0.215215 0.222250 1 4 1.000000
tactical_vest
0  -2.214245 -6.958569 54.669731  -0.165189 -0.055094 -0.984722  0.202662 0.219222 1 4 1.000000
0  -2.759717 -6.999115 54.763500  -0.165189 -0.055085 -0.984722  0.188933 0.224093 1 4 1.000000
0  -2.759717 -6.804262 54.752602  -0.165190 -0.055078 -0.984723  0.187933 0.219222 1 4 1.000000
tactical_vest
0  -2.214245 -6.958569 54.669731  -0.165189 -0.055094 -0.984722  0.202662 0.219222 1 4 1.000000
0  -2.214245 -7.506027 54.700363  -0.165189 -0.055098 -0.984722  0.203999 0.225735 1 4 1.000000
0  -2.759717 -6.999115 54.763500  -0.165189 -0.055085 -0.984722  0.188933 0.224093 1 4 1.000000
tactical_vest
0  -2.742167 -6.561954 55.914669  -0.312539 0.053057 0.948422  0.134823 0.224132 1 4 1.000000
0  -2.192626 -7.142213 56.128235  -0.312546 0.053064 0.948419  0.151332 0.219222 1 4 1.000000
0  -2.192626 -6.660079 56.101257  -0.312550 0.053068 0.948418  0.150069 0.224132 1 4 1.000000
tactical_vest
0  -2.742167 -6.561954 55.914669  -0.312539 0.053057 0.948422  0.134823 0.224132 1 4 1.000000
0  -2.742167 -6.756808 55.925568  -0.312531 0.053048 0.948425  0.136083 0.219231 1 4 1.000000
0  -2.192626 -7.142213 56.128235  -0.312546 0.053064 0.948419  0.151332 0.219222 1 4 1.000000
tactical_vest
0  -2.751239 -6.786996 55.340530  -0.999888 0.000837 0.014972  0.063729 0.441541 1 4 1.000000
0  -2.742167 -6.756808 55.925568  -0.999880 0.000864 0.015460  0.061337 0.426138 1 4 1.000000
0  -2.742167 -6.561954 55.914669  -0.999880 0.000864 0.015461  0.066473 0.425365 1 4 1.000000
tactical_vest
0  -2.751239 -6.786996 55.340530  -0.999888 0.000837 0.014972  0.063729 0.441541 1 4 1.000000
0  -2.751239 -6.981849 55.351425  -0.999889 0.000831 0.014872  0.058593 0.442315 1 4 1.000000
0  -2.742167 -6.756808 55.925568  -0.999880 0.000864 0.015460  0.061337 0.426138 1 4 1.000000
tactical_vest
0  -2.759717 -6.804262 54.752602  -0.999896 0.000804 0.014395  0.066473 0.456950 1 4 1.000000
0  -2.751239 -6.981849 55.351425  -0.999889 0.000831 0.014872  0.058593 0.442315 1 4 1.000000
0  -2.751239 -6.786996 55.340530  -0.999888 0.000837 0.014972  0.063729 0.441541 1 4 1.000000
tactical_vest
0  -2.759717 -6.804262 54.752602  -0.999896 0.000804 0.014395  0.066473 0.456950 1 4 1.000000
0  -2.759717 -6.999115 54.763500  -0.999896 0.000804 0.014395  0.061337 0.457723 1 4 1.000000
0  -2.751239 -6.981849 55.351425  -0.999889 0.000831 0.014872  0.058593 0.442315 1 4 1.000000
tactical_vest
0  -2.212250 -4.470001 59.210442  -0.999961 -0.005203 -0.007118  0.351265 0.337953 1 4 1.000000
0  -2.214858 -4.567337 59.671848  -0.999964 -0.005196 -0.006748  0.338762 0.341059 1 4 1.000000
0  -2.217771 -3.984500 59.650803  -0.999963 -0.005243 -0.006758  0.334126 0.334689 1 4 1.000000
tactical_vest
0  -2.212250 -4.470001 59.210442  -0.999961 -0.005203 -0.007118  0.351265 0.337953 1 4 1.000000
0  -2.209685 -5.033090 59.259155  -0.999957 -0.005276 -0.007652  0.354996 0.344347 1 4 1.000000
0  -2.214858 -4.567337 59.671848  -0.999964 -0.005196 -0.006748  0.338762 0.341059 1 4 1.000000
tactical_vest
0  -2.201549 -5.186094 58.343868  -0.999972 -0.005045 -0.005586  0.381158 0.339290 1 4 1.000000
0  -2.209685 -5.033090 59.259155  -0.999957 -0.005276 -0.007652  0.354996 0.344347 1 4 1.000000
0  -2.212250 -4.470001 59.210442  -0.999961 -0.005203 -0.007118  0.351265 0.337953 1 4 1.000000
tactical_vest
0  -2.201549 -5.186094 58.343868  -0.999972 -0.005045 -0.005586  0.381158 0.339290 1 4 1.000000
0  -2.199653 -5.667104 58.443802  -0.999982 -0.004426 -0.003984  0.382485 0.344759 1 4 1.000000
0  -2.209685 -5.033090 59.259155  -0.999957 -0.005276 -0.007652  0.354996 0.344347 1 4 1.000000
tactical_vest
0  -2.194798 -6.210059 56.758324  -0.999996 -0.000507 -0.002836  0.431260 0.335651 1 4 1.000000
0  -2.199653 -5.667104 58.443802  -0.999982 -0.004426 -0.003984  0.382485 0.344759 1 4 1.000000
0  -2.201549 -5.186094 58.343868  -0.999972 -0.005045 -0.005586  0.381158 0.339290 1 4 1.000000
tactical_vest
0  -2.194798 -6.210059 56.758324  -0.999996 -0.000507 -0.002836  0.431260 0.335651 1 4 1.000000
0  -2.194799 -6.684016 56.784847  -0.999995 -0.000170 -0.003066  0.434034 0.339795 1 4 1.000000
0  -2.199653 -5.667104 58.443802  -0.999982 -0.004426 -0.003984  0.382485 0.344759 1 4 1.000000
tactical_vest
0  -2.192626 -6.660079 56.101257  -0.999995 -0.000178 -0.003185  0.452434 0.334689 1 4 1.000000
0  -2.194799 -6.684016 56.784847  -0.999995 -0.000170 -0.003066  0.434034 0.339795 1 4 1.000000
0  -2.194798 -6.210059 56.758324  -0.999996 -0.000507 -0.002836  0.431260 0.335651 1 4 1.000000
tactical_vest
0  -2.192626 -6.660079 56.101257  -0.999995 -0.000178 -0.003185  0.452434 0.334689 1 4 1.000000
0  -2.192626 -7.142213 56.128235  -0.999995 -0.000178 -0.003185  0.455329 0.339014 1 4 1.000000
0  -2.194799 -6.684016 56.784847  -0.999995 -0.000170 -0.003066  0.434034 0.339795 1 4 1.000000
tactical_vest
0  5.735148 -2.103873 59.608707  0.750847 0.362874 0.551862  0.134823 0.168590 1 4 1.000000
0  5.875635 -2.618499 59.755951  0.750845 0.362874 0.551865  0.135092 0.161604 1 4 1.000000
0  6.065034 -2.629593 59.505554  0.852412 0.345091 0.392818  0.140779 0.164953 1 4 1.000000
tactical_vest
0  5.735148 -2.103873 59.608707  0.750847 0.362874 0.551862  0.134823 0.168590 1 4 1.000000
0  6.065034 -2.629593 59.505554  0.852412 0.345091 0.392818  0.140779 0.164953 1 4 1.000000
0  5.924546 -2.114968 59.358311  0.844318 0.347254 0.408095  0.140510 0.171939 1 4 1.000000
tactical_vest
0  6.227524 -2.792503 59.090771  0.962885 0.269044 0.021633  0.152341 0.167260 1 4 1.000000
0  5.924546 -2.114968 59.358311  0.844318 0.347254 0.408095  0.140510 0.171939 1 4 1.000000
0  6.065034 -2.629593 59.505554  0.852412 0.345091 0.392818  0.140779 0.164953 1 4 1.000000
tactical_vest
0  6.227524 -2.792503 59.090771  0.962885 0.269044 0.021633  0.152341 0.167260 1 4 1.000000
0  6.087037 -2.277878 58.943531  0.954822 0.284871 0.084638  0.152072 0.174246 1 4 1.000000
0  5.924546 -2.114968 59.358311  0.844318 0.347254 0.408095  0.140510 0.171939 1 4 1.000000
tactical_vest
0  6.227524 -2.792503 59.090771  0.962885 0.269044 0.021633  0.152341 0.167260 1 4 1.000000
0  6.109874 -2.791581 58.245407  0.962792 0.216585 -0.161625  0.175081 0.172760 1 4 1.000000
0  6.087037 -2.277878 58.943531  0.954822 0.284871 0.084638  0.152072 0.174246 1 4 1.000000
tactical_vest
0  6.227524 -2.792503 59.090771  0.962885 0.269044 0.021633  0.152341 0.167260 1 4 1.000000
0  6.250361 -3.306207 58.392654  0.961224 0.211910 -0.176472  0.175350 0.165774 1 4 1.000000
0  6.109874 -2.791581 58.245407  0.962792 0.216585 -0.161625  0.175081 0.172760 1 4 1.000000
tactical_vest
0  6.250361 -3.306207 58.392654  0.961224 0.211910 -0.176472  0.175350 0.165774 1 4 1.000000
0  6.046999 -3.541149 57.201992  0.954712 0.196778 -0.223166  0.209252 0.170947 1 4 1.000000
0  6.109874 -2.791581 58.245407  0.962792 0.216585 -0.161625  0.175081 0.172760 1 4 1.000000
tactical_vest
0  6.250361 -3.306207 58.392654  0.961224 0.211910 -0.176472  0.175350 0.165774 1 4 1.000000
0  6.187485 -4.055774 57.349228  0.953135 0.193704 -0.232408  0.209521 0.163961 1 4 1.000000
0  6.046999 -3.541149 57.201992  0.954712 0.196778 -0.223166  0.209252 0.170947 1 4 1.000000
tactical_vest
0  6.187485 -4.055774 57.349228  0.953135 0.193704 -0.232408  0.209521 0.163961 1 4 1.000000
0  5.781224 -4.970088 55.136219  0.938756 0.170616 -0.299378  0.276176 0.168590 1 4 1.000000
0  6.046999 -3.541149 57.201992  0.954712 0.196778 -0.223166  0.209252 0.170947 1 4 1.000000
tactical_vest
0  6.187485 -4.055774 57.349228  0.953135 0.193704 -0.232408  0.209521 0.163961 1 4 1.000000
0  5.921711 -5.484714 55.283455  0.934886 0.165352 -0.314080  0.276444 0.161604 1 4 1.000000
0  5.781224 -4.970088 55.136219  0.938756 0.170616 -0.299378  0.276176 0.168590 1 4 1.000000
tactical_vest
0  5.921711 -5.484714 55.283455  0.934886 0.165352 -0.314080  0.276444 0.161604 1 4 1.000000
0  5.496423 -5.481397 54.196888  0.856202 0.088076 -0.509078  0.304690 0.170619 1 4 1.000000
0  5.781224 -4.970088 55.136219  0.938756 0.170616 -0.299378  0.276176 0.168590 1 4 1.000000
tactical_vest
0  5.921711 -5.484714 55.283455  0.934886 0.165352 -0.314080  0.276444 0.161604 1 4 1.000000
0  5.636909 -5.996023 54.344131  0.835444 0.072184 -0.544815  0.304959 0.163633 1 4 1.000000
0  5.496423 -5.481397 54.196888  0.856202 0.088076 -0.509078  0.304690 0.170619 1 4 1.000000
tactical_vest
0  5.354418 -6.276521 54.031582  0.738074 0.008448 -0.674667  0.316114 0.161833 1 4 1.000000
0  5.496423 -5.481397 54.196888  0.856202 0.088076 -0.509078  0.304690 0.170619 1 4 1.000000
0  5.636909 -5.996023 54.344131  0.835444 0.072184 -0.544815  0.304959 0.163633 1 4 1.000000
tactical_vest
0  5.354418 -6.276521 54.031582  0.738074 0.008448 -0.674667  0.316114 0.161833 1 4 1.000000
0  5.213931 -5.761896 53.884335  0.738077 0.008447 -0.674663  0.315845 0.168819 1 4 1.000000
0  5.496423 -5.481397 54.196888  0.856202 0.088076 -0.509078  0.304690 0.170619 1 4 1.000000
tactical_vest
0  -5.309488 -2.881585 59.991150  -0.086322 0.295759 0.951354  0.358247 0.313866 1 4 1.000000
0  -5.793892 -2.103873 59.608707  -0.211828 0.321849 0.922791  0.339535 0.321180 1 4 1.000000
0  -5.934378 -2.618499 59.755951  -0.211822 0.321851 0.922791  0.339484 0.313448 1 4 1.000000
tactical_vest
0  -5.309488 -2.881585 59.991150  -0.086322 0.295759 0.951354  0.358247 0.313866 1 4 1.000000
0  -5.169001 -2.366958 59.843910  -0.116906 0.302555 0.945935  0.358297 0.321598 1 4 1.000000
0  -5.793892 -2.103873 59.608707  -0.211828 0.321849 0.922791  0.339535 0.321180 1 4 1.000000
tactical_vest
0  -3.769412 -3.653852 60.193802  0.041036 0.264471 0.963520  0.404382 0.314434 1 4 1.000000
0  -5.169001 -2.366958 59.843910  -0.116906 0.302555 0.945935  0.358297 0.321598 1 4 1.000000
0  -5.309488 -2.881585 59.991150  -0.086322 0.295759 0.951354  0.358247 0.313866 1 4 1.000000
tactical_vest
0  -3.769412 -3.653852 60.193802  0.041036 0.264471 0.963520  0.404382 0.314434 1 4 1.000000
0  -3.628925 -3.139226 60.046562  0.033280 0.266512 0.963257  0.404433 0.322166 1 4 1.000000
0  -5.169001 -2.366958 59.843910  -0.116906 0.302555 0.945935  0.358297 0.321598 1 4 1.000000
tactical_vest
0  -2.293912 -4.430738 60.303596  0.064255 0.258257 0.963937  0.448670 0.314664 1 4 1.000000
0  -3.628925 -3.139226 60.046562  0.033280 0.266512 0.963257  0.404433 0.322166 1 4 1.000000
0  -3.769412 -3.653852 60.193802  0.041036 0.264471 0.963520  0.404382 0.314434 1 4 1.000000
tactical_vest
0  -2.293912 -4.430738 60.303596  0.064255 0.258257 0.963937  0.448670 0.314664 1 4 1.000000
0  -2.153425 -3.916112 60.156353  0.064255 0.258258 0.963937  0.448720 0.322396 1 4 1.000000
0  -3.628925 -3.139226 60.046562  0.033280 0.266512 0.963257  0.404433 0.322166 1 4 1.000000
tactical_vest
0  -3.964976 5.383979 59.781078  0.908063 0.418830 -0.001579  0.861423 0.207566 1 4 1.000000
0  -3.856502 5.150361 60.196148  0.920723 0.389992 0.013222  0.855321 0.218910 1 4 1.000000
0  -3.817281 5.064827 60.063976  0.915926 0.401163 0.012185  0.859545 0.218993 1 4 1.000000
tactical_vest
0  -3.856502 5.150361 60.196148  0.920723 0.389992 0.013222  0.855321 0.218910 1 4 1.000000
0  -3.741300 4.852067 60.389931  0.938404 0.345253 0.014106  0.855174 0.228560 1 4 1.000000
0  -3.817281 5.064827 60.063976  0.915926 0.401163 0.012185  0.859545 0.218993 1 4 1.000000
tactical_vest
0  -3.856502 5.150361 60.196148  0.920723 0.389992 0.013222  0.855321 0.218910 1 4 1.000000
0  -3.782965 4.962668 60.523708  0.942671 0.333570 0.010146  0.850553 0.227928 1 4 1.000000
0  -3.741300 4.852067 60.389931  0.938404 0.345253 0.014106  0.855174 0.228560 1 4 1.000000
tactical_vest
0  -3.782965 4.962668 60.523708  0.942671 0.333570 0.010146  0.850553 0.227928 1 4 1.000000
0  -3.658672 4.569907 60.825737  0.961563 0.274565 0.003252  0.849299 0.241283 1 4 1.000000
0  -3.741300 4.852067 60.389931  0.938404 0.345253 0.014106  0.855174 0.228560 1 4 1.000000
tactical_vest
0  -3.782965 4.962668 60.523708  0.942671 0.333570 0.010146  0.850553 0.227928 1 4 1.000000
0  -3.686879 4.670757 60.936485  0.962551 0.271026 0.006310  0.845341 0.240554 1 4 1.000000
0  -3.658672 4.569907 60.825737  0.961563 0.274565 0.003252  0.849299 0.241283 1 4 1.000000
tactical_vest
0  -3.686879 4.670757 60.936485  0.962551 0.271026 0.006310  0.845341 0.240554 1 4 1.000000
0  -3.507903 3.939326 61.484783  0.960337 0.264289 0.088903  0.843335 0.265177 1 4 1.000000
0  -3.658672 4.569907 60.825737  0.961563 0.274565 0.003252  0.849299 0.241283 1 4 1.000000
tactical_vest
0  -3.686879 4.670757 60.936485  0.962551 0.271026 0.006310  0.845341 0.240554 1 4 1.000000
0  -3.566412 4.082758 61.680710  0.959913 0.263332 0.096038  0.836835 0.264675 1 4 1.000000
0  -3.507903 3.939326 61.484783  0.960337 0.264289 0.088903  0.843335 0.265177 1 4 1.000000
tactical_vest
0  -3.566412 4.082758 61.680710  0.959913 0.263332 0.096038  0.836835 0.264675 1 4 1.000000
0  -3.400416 3.256465 62.033638  0.966918 0.207368 0.148551  0.840630 0.288645 1 4 1.000000
0  -3.507903 3.939326 61.484783  0.960337 0.264289 0.088903  0.843335 0.265177 1 4 1.000000
tactical_vest
0  -3.566412 4.082758 61.680710  0.959913 0.263332 0.096038  0.836835 0.264675 1 4 1.000000
0  -3.472041 3.404911 62.290054  0.966659 0.207694 0.149780  0.832684 0.288884 1 4 1.000000
0  -3.400416 3.256465 62.033638  0.966918 0.207368 0.148551  0.840630 0.288645 1 4 1.000000
tactical_vest
0  -3.472041 3.404911 62.290054  0.966659 0.207694 0.149780  0.832684 0.288884 1 4 1.000000
0  -3.315009 2.397366 62.394123  0.973088 0.136004 0.186020  0.844737 0.313400 1 4 1.000000
0  -3.400416 3.256465 62.033638  0.966918 0.207368 0.148551  0.840630 0.288645 1 4 1.000000
tactical_vest
0  -3.472041 3.404911 62.290054  0.966659 0.207694 0.149780  0.832684 0.288884 1 4 1.000000
0  -3.381996 2.499173 62.670113  0.972444 0.138184 0.187773  0.837015 0.314983 1 4 1.000000
0  -3.315009 2.397366 62.394123  0.973088 0.136004 0.186020  0.844737 0.313400 1 4 1.000000
tactical_vest
0  -3.381996 2.499173 62.670113  0.972444 0.138184 0.187773  0.837015 0.314983 1 4 1.000000
0  -3.257110 1.450982 62.611111  0.970866 0.054913 0.233246  0.853361 0.338060 1 4 1.000000
0  -3.315009 2.397366 62.394123  0.973088 0.136004 0.186020  0.844737 0.313400 1 4 1.000000
tactical_vest
0  -3.381996 2.499173 62.670113  0.972444 0.138184 0.187773  0.837015 0.314983 1 4 1.000000
0  -3.328932 1.507200 62.893871  0.970243 0.061204 0.234272  0.846139 0.340772 1 4 1.000000
0  -3.257110 1.450982 62.611111  0.970866 0.054913 0.233246  0.853361 0.338060 1 4 1.000000
tactical_vest
0  -3.328932 1.507200 62.893871  0.970243 0.061204 0.234272  0.846139 0.340772 1 4 1.000000
0  -3.243612 0.879258 62.586826  0.969740 0.012543 0.243816  0.862106 0.350713 1 4 1.000000
0  -3.257110 1.450982 62.611111  0.970866 0.054913 0.233246  0.853361 0.338060 1 4 1.000000
tactical_vest
0  -3.328932 1.507200 62.893871  0.970243 0.061204 0.234272  0.846139 0.340772 1 4 1.000000
0  -3.314700 0.904439 62.868279  0.969741 0.012545 0.243812  0.855358 0.354113 1 4 1.000000
0  -3.243612 0.879258 62.586826  0.969740 0.012543 0.243816  0.862106 0.350713 1 4 1.000000
tactical_vest
0  -2.215182 -6.971498 54.607735  -0.999888 0.000836 0.014938  0.215215 0.222250 1 4 1.000000
0  -2.214245 -7.506027 54.700363  -0.999888 0.000836 0.014938  0.221910 0.223916 1 4 1.000000
0  -2.214245 -6.958569 54.669731  -0.999888 0.000836 0.014938  0.214964 0.223916 1 4 1.000000
tactical_vest
0  -2.215182 -6.971498 54.607735  -0.999888 0.000836 0.014938  0.215215 0.222250 1 4 1.000000
0  -2.215182 -7.232043 54.622318  -0.999888 0.000835 0.014938  0.222161 0.222250 1 4 1.000000
0  -2.214245 -7.506027 54.700363  -0.999888 0.000836 0.014938  0.221910 0.223916 1 4 1.000000
tactical_vest
0  -5.793892 -2.103873 59.608707  -0.750852 0.362869 0.551858  0.339535 0.321180 1 4 1.000000
0  -6.123779 -2.629593 59.505554  -0.852409 0.345094 0.392823  0.334126 0.312377 1 4 1.000000
0  -5.934378 -2.618499 59.755951  -0.750843 0.362872 0.551869  0.339484 0.313448 1 4 1.000000
tactical_vest
0  -5.793892 -2.103873 59.608707  -0.750852 0.362869 0.551858  0.339535 0.321180 1 4 1.000000
0  -5.983291 -2.114969 59.358311  -0.844321 0.347252 0.408091  0.334177 0.320110 1 4 1.000000
0  -6.123779 -2.629593 59.505554  -0.852409 0.345094 0.392823  0.334126 0.312377 1 4 1.000000
tactical_vest
0  -2.293912 -4.430738 60.303596  0.569664 0.084183 0.817555  0.448670 0.314664 1 4 1.000000
0  -1.758374 -4.280535 59.914967  0.569557 0.084638 0.817583  0.461301 0.320598 1 4 1.000000
0  -2.153425 -3.916112 60.156353  0.571137 0.077885 0.817151  0.448720 0.322396 1 4 1.000000
tactical_vest
0  -2.293912 -4.430738 60.303596  0.569664 0.084183 0.817555  0.448670 0.314664 1 4 1.000000
0  -1.902382 -4.811556 60.073956  0.568082 0.090834 0.817944  0.461411 0.312377 1 4 1.000000
0  -1.758374 -4.280535 59.914967  0.569557 0.084638 0.817583  0.461301 0.320598 1 4 1.000000
tactical_vest
0  2.235166 -4.430737 60.303596  -0.569665 0.084184 0.817554  0.443275 0.331455 1 4 1.000000
0  1.699629 -4.280536 59.914967  -0.569557 0.084639 0.817582  0.456411 0.325137 1 4 1.000000
0  1.843636 -4.811556 60.073956  -0.568083 0.090834 0.817943  0.456483 0.333409 1 4 1.000000
tactical_vest
0  2.235166 -4.430737 60.303596  -0.569665 0.084184 0.817554  0.443275 0.331455 1 4 1.000000
0  2.094680 -3.916111 60.156353  -0.571137 0.077886 0.817152  0.443358 0.323676 1 4 1.000000
0  1.699629 -4.280536 59.914967  -0.569557 0.084639 0.817582  0.456411 0.325137 1 4 1.000000
tactical_vest
0  2.235166 -4.430737 60.303596  -0.064259 0.258258 0.963936  0.443275 0.331455 1 4 1.000000
0  3.570179 -3.139226 60.046562  -0.033281 0.266513 0.963257  0.398919 0.324295 1 4 1.000000
0  2.094680 -3.916111 60.156353  -0.064264 0.258259 0.963936  0.443358 0.323676 1 4 1.000000
tactical_vest
0  2.235166 -4.430737 60.303596  -0.064259 0.258258 0.963936  0.443275 0.331455 1 4 1.000000
0  3.710666 -3.653850 60.193802  -0.041032 0.264471 0.963520  0.398836 0.332074 1 4 1.000000
0  3.570179 -3.139226 60.046562  -0.033281 0.266513 0.963257  0.398919 0.324295 1 4 1.000000
tactical_vest
0  3.710666 -3.653850 60.193802  -0.041032 0.264471 0.963520  0.398836 0.332074 1 4 1.000000
0  5.110257 -2.366958 59.843910  0.116905 0.302555 0.945935  0.352759 0.325196 1 4 1.000000
0  3.570179 -3.139226 60.046562  -0.033281 0.266513 0.963257  0.398919 0.324295 1 4 1.000000
tactical_vest
0  3.710666 -3.653850 60.193802  -0.041032 0.264471 0.963520  0.398836 0.332074 1 4 1.000000
0  5.250743 -2.881585 59.991150  0.086322 0.295759 0.951354  0.352676 0.332976 1 4 1.000000
0  5.110257 -2.366958 59.843910  0.116905 0.302555 0.945935  0.352759 0.325196 1 4 1.000000
tactical_vest
0  5.250743 -2.881585 59.991150  0.086322 0.295759 0.951354  0.352676 0.332976 1 4 1.000000
0  5.735148 -2.103873 59.608707  0.211828 0.321848 0.922791  0.334209 0.325630 1 4 1.000000
0  5.110257 -2.366958 59.843910  0.116905 0.302555 0.945935  0.352759 0.325196 1 4 1.000000
tactical_vest
0  5.250743 -2.881585 59.991150  0.086322 0.295759 0.951354  0.352676 0.332976 1 4 1.000000
0  5.875635 -2.618499 59.755951  0.211821 0.321851 0.922791  0.334126 0.333409 1 4 1.000000
0  5.735148 -2.103873 59.608707  0.211828 0.321848 0.922791  0.334209 0.325630 1 4 1.000000
tactical_vest
0  6.733648 -3.348076 56.196445  0.945455 -0.314840 0.083609  0.536993 0.393088 1 4 1.000000
0  6.492630 -4.591421 54.239941  0.896855 -0.425598 0.120489  0.552761 0.441384 1 4 1.000000
0  6.818544 -3.795154 54.068405  0.927890 -0.355714 0.111749  0.536015 0.441352 1 4 1.000000
tactical_vest
0  6.733648 -3.348076 56.196445  0.945455 -0.314840 0.083609  0.536993 0.393088 1 4 1.000000
0  6.526648 -3.966656 56.333149  0.911655 -0.397615 0.103858  0.549873 0.393435 1 4 1.000000
0  6.492630 -4.591421 54.239941  0.896855 -0.425598 0.120489  0.552761 0.441384 1 4 1.000000
tactical_vest
0  6.526648 -3.966656 56.333149  0.911655 -0.397615 0.103858  0.549873 0.393435 1 4 1.000000
0  6.136746 -5.166275 54.385689  0.788194 -0.589934 0.175296  0.564404 0.440901 1 4 1.000000
0  6.492630 -4.591421 54.239941  0.896855 -0.425598 0.120489  0.552761 0.441384 1 4 1.000000
tactical_vest
0  6.526648 -3.966656 56.333149  0.911655 -0.397615 0.103858  0.549873 0.393435 1 4 1.000000
0  6.276814 -4.371983 56.429005  0.761958 -0.613444 0.207618  0.557484 0.393088 1 4 1.000000
0  6.136746 -5.166275 54.385689  0.788194 -0.589934 0.175296  0.564404 0.440901 1 4 1.000000
tactical_vest
0  1.863490 7.918361 58.289917  1.000000 0.000000 0.000000  0.339477 0.805426 1 4 1.000000
0  1.863490 8.066141 56.515518  1.000000 0.000000 0.000000  0.336237 0.844994 1 4 1.000000
0  1.863490 8.066138 58.289917  1.000000 0.000000 0.000000  0.336180 0.805435 1 4 1.000000
tactical_vest
0  1.863490 7.918361 58.289917  1.000000 0.000000 0.000000  0.339477 0.805426 1 4 1.000000
0  1.863490 7.918365 56.515518  1.000000 -0.000000 -0.000000  0.339533 0.844985 1 4 1.000000
0  1.863490 8.066141 56.515518  1.000000 0.000000 0.000000  0.336237 0.844994 1 4 1.000000
tactical_vest
0  1.863490 7.918365 56.515518  1.000000 -0.000000 -0.000000  0.339533 0.844985 1 4 1.000000
0  1.863490 8.066148 54.436230  1.000000 -0.000006 -0.000000  0.336303 0.891350 1 4 1.000000
0  1.863490 8.066141 56.515518  1.000000 0.000000 0.000000  0.336237 0.844994 1 4 1.000000
tactical_vest
0  1.863490 7.918365 56.515518  1.000000 -0.000000 -0.000000  0.339533 0.844985 1 4 1.000000
0  1.863489 7.918372 54.436230  1.000000 -0.000006 -0.000000  0.339599 0.891341 1 4 1.000000
0  1.863490 8.066148 54.436230  1.000000 -0.000006 -0.000000  0.336303 0.891350 1 4 1.000000
tactical_vest
0  -5.413163 -6.276522 54.031582  -0.738070 0.008451 -0.674671  0.310617 0.139650 1 4 1.000000
0  -5.555170 -5.481397 54.196892  -0.856201 0.088078 -0.509080  0.298988 0.131139 1 4 1.000000
0  -5.272676 -5.761895 53.884335  -0.738067 0.008447 -0.674674  0.310183 0.132673 1 4 1.000000
tactical_vest
0  -5.413163 -6.276522 54.031582  -0.738070 0.008451 -0.674671  0.310617 0.139650 1 4 1.000000
0  -5.695658 -5.996023 54.344131  -0.835445 0.072189 -0.544813  0.299423 0.138116 1 4 1.000000
0  -5.555170 -5.481397 54.196892  -0.856201 0.088078 -0.509080  0.298988 0.131139 1 4 1.000000
tactical_vest
0  -5.980457 -5.484715 55.283459  -0.934887 0.165350 -0.314079  0.270965 0.140822 1 4 1.000000
0  -5.555170 -5.481397 54.196892  -0.856201 0.088078 -0.509080  0.298988 0.131139 1 4 1.000000
0  -5.695658 -5.996023 54.344131  -0.835445 0.072189 -0.544813  0.299423 0.138116 1 4 1.000000
tactical_vest
0  -5.980457 -5.484715 55.283459  -0.934887 0.165350 -0.314079  0.270965 0.140822 1 4 1.000000
0  -5.839970 -4.970088 55.136215  -0.938757 0.170613 -0.299377  0.270530 0.133845 1 4 1.000000
0  -5.555170 -5.481397 54.196892  -0.856201 0.088078 -0.509080  0.298988 0.131139 1 4 1.000000
tactical_vest
0  -6.246231 -4.055774 57.349232  -0.953136 0.193700 -0.232406  0.204004 0.140056 1 4 1.000000
0  -5.839970 -4.970088 55.136215  -0.938757 0.170613 -0.299377  0.270530 0.133845 1 4 1.000000
0  -5.980457 -5.484715 55.283459  -0.934887 0.165350 -0.314079  0.270965 0.140822 1 4 1.000000
tactical_vest
0  -6.246231 -4.055774 57.349232  -0.953136 0.193700 -0.232406  0.204004 0.140056 1 4 1.000000
0  -6.105744 -3.541150 57.201988  -0.954713 0.196776 -0.223165  0.203569 0.133078 1 4 1.000000
0  -5.839970 -4.970088 55.136215  -0.938757 0.170613 -0.299377  0.270530 0.133845 1 4 1.000000
tactical_vest
0  -6.309108 -3.306205 58.392654  -0.961223 0.211914 -0.176474  0.169800 0.139055 1 4 1.000000
0  -6.105744 -3.541150 57.201988  -0.954713 0.196776 -0.223165  0.203569 0.133078 1 4 1.000000
0  -6.246231 -4.055774 57.349232  -0.953136 0.193700 -0.232406  0.204004 0.140056 1 4 1.000000
tactical_vest
0  -6.309108 -3.306205 58.392654  -0.961223 0.211914 -0.176474  0.169800 0.139055 1 4 1.000000
0  -6.168619 -2.791582 58.245411  -0.962790 0.216590 -0.161627  0.169365 0.132078 1 4 1.000000
0  -6.105744 -3.541150 57.201988  -0.954713 0.196776 -0.223165  0.203569 0.133078 1 4 1.000000
tactical_vest
0  -6.286271 -2.792505 59.090771  -0.962884 0.269049 0.021632  0.146762 0.138116 1 4 1.000000
0  -6.168619 -2.791582 58.245411  -0.962790 0.216590 -0.161627  0.169365 0.132078 1 4 1.000000
0  -6.309108 -3.306205 58.392654  -0.961223 0.211914 -0.176474  0.169800 0.139055 1 4 1.000000
tactical_vest
0  -6.286271 -2.792505 59.090771  -0.962884 0.269049 0.021632  0.146762 0.138116 1 4 1.000000
0  -6.145782 -2.277878 58.943531  -0.954822 0.284873 0.084635  0.146327 0.131139 1 4 1.000000
0  -6.168619 -2.791582 58.245411  -0.962790 0.216590 -0.161627  0.169365 0.132078 1 4 1.000000
tactical_vest
0  -6.286271 -2.792505 59.090771  -0.962884 0.269049 0.021632  0.146762 0.138116 1 4 1.000000
0  -5.983291 -2.114969 59.358311  -0.844321 0.347252 0.408091  0.134823 0.133720 1 4 1.000000
0  -6.145782 -2.277878 58.943531  -0.954822 0.284873 0.084635  0.146327 0.131139 1 4 1.000000
tactical_vest
0  -6.286271 -2.792505 59.090771  -0.962884 0.269049 0.021632  0.146762 0.138116 1 4 1.000000
0  -6.123779 -2.629593 59.505554  -0.852409 0.345094 0.392823  0.135258 0.140698 1 4 1.000000
0  -5.983291 -2.114969 59.358311  -0.844321 0.347252 0.408091  0.134823 0.133720 1 4 1.000000
tactical_vest
0  -5.208690 -4.324317 57.402813  0.525123 0.706175 -0.474934  0.340547 0.376961 1 4 1.000000
0  -5.839970 -4.970088 55.136215  0.628723 0.712428 -0.311696  0.400824 0.395238 1 4 1.000000
0  -6.105744 -3.541150 57.201988  0.652172 0.644777 -0.398666  0.334126 0.397367 1 4 1.000000
tactical_vest
0  -5.208690 -4.324317 57.402813  0.525123 0.706175 -0.474934  0.340547 0.376961 1 4 1.000000
0  -4.932171 -5.688199 55.292046  0.534268 0.778542 -0.329287  0.407307 0.376936 1 4 1.000000
0  -5.839970 -4.970088 55.136215  0.628723 0.712428 -0.311696  0.400824 0.395238 1 4 1.000000
tactical_vest
0  -5.839970 -4.970088 55.136215  0.628723 0.712428 -0.311696  0.400824 0.395238 1 4 1.000000
0  -4.932171 -5.688199 55.292046  0.534268 0.778542 -0.329287  0.407307 0.376936 1 4 1.000000
0  -5.555170 -5.481397 54.196892  0.600434 0.775503 -0.195128  0.429082 0.397367 1 4 1.000000
tactical_vest
0  -5.555170 -5.481397 54.196892  0.600434 0.775503 -0.195128  0.429082 0.397367 1 4 1.000000
0  -4.932171 -5.688199 55.292046  0.534268 0.778542 -0.329287  0.407307 0.376936 1 4 1.000000
0  -5.272676 -5.761895 53.884335  0.622279 0.759319 -0.190272  0.439995 0.395608 1 4 1.000000
tactical_vest
0  -4.932171 -5.688199 55.292046  0.534268 0.778542 -0.329287  0.407307 0.376936 1 4 1.000000
0  -4.652292 -6.327274 53.812553  0.519841 0.815066 -0.255798  0.449489 0.384006 1 4 1.000000
0  -5.272676 -5.761895 53.884335  0.622279 0.759319 -0.190272  0.439995 0.395608 1 4 1.000000
tactical_vest
0  -6.409227 -4.626791 54.170879  0.128574 -0.161078 -0.978531  0.655735 0.387019 1 4 1.000000
0  -6.968881 -3.797024 53.964134  0.129090 -0.156906 -0.979141  0.655863 0.364520 1 4 1.000000
0  -6.668174 -3.826854 54.008556  0.129103 -0.156902 -0.979140  0.660978 0.368836 1 4 1.000000
tactical_vest
0  -6.409227 -4.626791 54.170879  0.128574 -0.161078 -0.978531  0.655735 0.387019 1 4 1.000000
0  -6.709933 -4.596967 54.126465  0.128810 -0.158949 -0.978848  0.650619 0.382703 1 4 1.000000
0  -6.968881 -3.797024 53.964134  0.129090 -0.156906 -0.979141  0.655863 0.364520 1 4 1.000000
tactical_vest
0  -6.083936 -5.205459 54.310108  0.140565 -0.054840 -0.988551  0.654452 0.401903 1 4 1.000000
0  -6.709933 -4.596967 54.126465  0.128810 -0.158949 -0.978848  0.650619 0.382703 1 4 1.000000
0  -6.409227 -4.626791 54.170879  0.128574 -0.161078 -0.978531  0.655735 0.387019 1 4 1.000000
tactical_vest
0  -6.083936 -5.205459 54.310108  0.140565 -0.054840 -0.988551  0.654452 0.401903 1 4 1.000000
0  -6.384642 -5.175627 54.265694  0.129689 -0.139117 -0.981747  0.649337 0.397587 1 4 1.000000
0  -6.709933 -4.596967 54.126465  0.128810 -0.158949 -0.978848  0.650619 0.382703 1 4 1.000000
tactical_vest
0  -5.464964 -5.594943 54.406998  0.122795 -0.064394 -0.990341  0.660978 0.416842 1 4 1.000000
0  -6.384642 -5.175627 54.265694  0.129689 -0.139117 -0.981747  0.649337 0.397587 1 4 1.000000
0  -6.083936 -5.205459 54.310108  0.140565 -0.054840 -0.988551  0.654452 0.401903 1 4 1.000000
tactical_vest
0  -5.464964 -5.594943 54.406998  0.122795 -0.064394 -0.990341  0.660978 0.416842 1 4 1.000000
0  -5.700532 -5.678690 54.384834  0.118998 -0.072684 -0.990231  0.655645 0.415455 1 4 1.000000
0  -6.384642 -5.175627 54.265694  0.129689 -0.139117 -0.981747  0.649337 0.397587 1 4 1.000000
tactical_vest
0  5.032010 0.977945 62.352631  -0.029652 -0.997798 0.059327  0.956007 0.441685 1 4 1.000000
0  4.949631 0.954738 62.113197  -0.090351 -0.987801 0.126828  0.949422 0.441116 1 4 1.000000
0  4.992914 0.954923 62.145470  -0.090346 -0.987802 0.126827  0.950490 0.442034 1 4 1.000000
tactical_vest
0  5.032010 0.977945 62.352631  -0.029652 -0.997798 0.059327  0.956007 0.441685 1 4 1.000000
0  4.987248 0.976891 62.312527  -0.043906 -0.996202 0.075192  0.954730 0.440780 1 4 1.000000
0  4.949631 0.954738 62.113197  -0.090351 -0.987801 0.126828  0.949422 0.441116 1 4 1.000000
tactical_vest
0  3.371450 0.967656 62.817242  0.057546 -0.997907 0.029494  0.956505 0.395421 1 4 1.000000
0  4.987248 0.976891 62.312527  -0.043906 -0.996202 0.075192  0.954730 0.440780 1 4 1.000000
0  5.032010 0.977945 62.352631  -0.029652 -0.997798 0.059327  0.956007 0.441685 1 4 1.000000
tactical_vest
0  3.371450 0.967656 62.817242  0.057546 -0.997907 0.029494  0.956505 0.395421 1 4 1.000000
0  3.389484 0.966991 62.759563  0.082377 -0.995905 0.037235  0.955209 0.396265 1 4 1.000000
0  4.987248 0.976891 62.312527  -0.043906 -0.996202 0.075192  0.954730 0.440780 1 4 1.000000
tactical_vest
0  3.300364 0.941589 62.535873  0.141787 -0.988326 0.055753  0.948943 0.395421 1 4 1.000000
0  3.389484 0.966991 62.759563  0.082377 -0.995905 0.037235  0.955209 0.396265 1 4 1.000000
0  3.371450 0.967656 62.817242  0.057546 -0.997907 0.029494  0.956505 0.395421 1 4 1.000000
tactical_vest
0  3.300364 0.941589 62.535873  0.141787 -0.988326 0.055753  0.948943 0.395421 1 4 1.000000
0  3.321085 0.941908 62.488842  0.141784 -0.988326 0.055754  0.947934 0.396265 1 4 1.000000
0  3.389484 0.966991 62.759563  0.082377 -0.995905 0.037235  0.955209 0.396265 1 4 1.000000
tactical_vest
0  3.385677 1.570494 62.840954  -0.970244 0.061938 0.234072  0.665291 0.348980 1 4 1.000000
0  3.300364 0.941589 62.535873  -0.969742 0.013298 0.243769  0.649337 0.358520 1 4 1.000000
0  3.371450 0.967656 62.817242  -0.969743 0.013297 0.243766  0.656055 0.362178 1 4 1.000000
tactical_vest
0  3.385677 1.570494 62.840954  -0.970244 0.061938 0.234072  0.665291 0.348980 1 4 1.000000
0  3.313858 1.513384 62.558361  -0.970868 0.055642 0.233064  0.658097 0.346002 1 4 1.000000
0  3.300364 0.941589 62.535873  -0.969742 0.013298 0.243769  0.649337 0.358520 1 4 1.000000
tactical_vest
0  3.438739 2.561757 62.614071  -0.972446 0.138767 0.187331  0.674440 0.323528 1 4 1.000000
0  3.313858 1.513384 62.558361  -0.970868 0.055642 0.233064  0.658097 0.346002 1 4 1.000000
0  3.385677 1.570494 62.840954  -0.970244 0.061938 0.234072  0.665291 0.348980 1 4 1.000000
tactical_vest
0  3.438739 2.561757 62.614071  -0.972446 0.138767 0.187331  0.674440 0.323528 1 4 1.000000
0  3.371753 2.459083 62.338402  -0.973090 0.136580 0.185582  0.666742 0.321689 1 4 1.000000
0  3.313858 1.513384 62.558361  -0.970868 0.055642 0.233064  0.658097 0.346002 1 4 1.000000
tactical_vest
0  3.528782 3.466298 62.231167  -0.966660 0.208166 0.149116  0.678784 0.297881 1 4 1.000000
0  3.371753 2.459083 62.338402  -0.973090 0.136580 0.185582  0.666742 0.321689 1 4 1.000000
0  3.438739 2.561757 62.614071  -0.972446 0.138767 0.187331  0.674440 0.323528 1 4 1.000000
tactical_vest
0  3.528782 3.466298 62.231167  -0.966660 0.208166 0.149116  0.678784 0.297881 1 4 1.000000
0  3.457159 3.317045 61.975220  -0.966919 0.207838 0.147887  0.670863 0.297362 1 4 1.000000
0  3.371753 2.459083 62.338402  -0.973090 0.136580 0.185582  0.666742 0.321689 1 4 1.000000
tactical_vest
0  3.623161 4.142223 61.619621  -0.959911 0.263641 0.095206  0.674644 0.274099 1 4 1.000000
0  3.457159 3.317045 61.975220  -0.966919 0.207838 0.147887  0.670863 0.297362 1 4 1.000000
0  3.528782 3.466298 62.231167  -0.966660 0.208166 0.149116  0.678784 0.297881 1 4 1.000000
tactical_vest
0  3.623161 4.142223 61.619621  -0.959911 0.263641 0.095206  0.674644 0.274099 1 4 1.000000
0  3.564652 3.998174 61.424160  -0.960335 0.264574 0.088069  0.668162 0.274370 1 4 1.000000
0  3.457159 3.317045 61.975220  -0.966919 0.207838 0.147887  0.670863 0.297362 1 4 1.000000
tactical_vest
0  3.743629 4.727871 60.873550  -0.962550 0.271049 0.005451  0.666140 0.250483 1 4 1.000000
0  3.564652 3.998174 61.424160  -0.960335 0.264574 0.088069  0.668162 0.274370 1 4 1.000000
0  3.623161 4.142223 61.619621  -0.959911 0.263641 0.095206  0.674644 0.274099 1 4 1.000000
tactical_vest
0  3.743629 4.727871 60.873550  -0.962550 0.271049 0.005451  0.666140 0.250483 1 4 1.000000
0  3.715423 4.626674 60.763123  -0.961562 0.274577 0.002381  0.662190 0.251095 1 4 1.000000
0  3.564652 3.998174 61.424160  -0.960335 0.264574 0.088069  0.668162 0.274370 1 4 1.000000
tactical_vest
0  3.839716 5.018479 60.459858  -0.942671 0.333600 0.009081  0.660919 0.238235 1 4 1.000000
0  3.715423 4.626674 60.763123  -0.961562 0.274577 0.002381  0.662190 0.251095 1 4 1.000000
0  3.743629 4.727871 60.873550  -0.962550 0.271049 0.005451  0.666140 0.250483 1 4 1.000000
tactical_vest
0  3.839716 5.018479 60.459858  -0.942671 0.333600 0.009081  0.660919 0.238235 1 4 1.000000
0  3.798052 4.907453 60.326401  -0.938401 0.345303 0.012999  0.656311 0.238700 1 4 1.000000
0  3.715423 4.626674 60.763123  -0.961562 0.274577 0.002381  0.662190 0.251095 1 4 1.000000
tactical_vest
0  3.913259 5.205126 60.131638  -0.920717 0.390046 0.011980  0.656143 0.229500 1 4 1.000000
0  3.798052 4.907453 60.326401  -0.938401 0.345303 0.012999  0.656311 0.238700 1 4 1.000000
0  3.839716 5.018479 60.459858  -0.942671 0.333600 0.009081  0.660919 0.238235 1 4 1.000000
tactical_vest
0  3.913259 5.205126 60.131638  -0.920717 0.390046 0.011980  0.656143 0.229500 1 4 1.000000
0  3.874038 5.119174 59.999741  -0.915921 0.401210 0.010911  0.651931 0.229429 1 4 1.000000
0  3.798052 4.907453 60.326401  -0.938401 0.345303 0.012999  0.656311 0.238700 1 4 1.000000
tactical_vest
0  4.021733 5.437432 59.715836  -0.908064 0.418822 -0.002901  0.650026 0.218568 1 4 1.000000
0  3.874038 5.119174 59.999741  -0.915921 0.401210 0.010911  0.651931 0.229429 1 4 1.000000
0  3.913259 5.205126 60.131638  -0.920717 0.390046 0.011980  0.656143 0.229500 1 4 1.000000
tactical_vest
0  -3.243612 0.879258 62.586826  -0.141756 -0.988501 0.052646  0.966452 0.395421 1 4 1.000000
0  -3.332734 0.903956 62.810604  -0.082375 -0.996018 0.034096  0.960143 0.396308 1 4 1.000000
0  -3.264335 0.879725 62.539799  -0.141752 -0.988501 0.052647  0.967461 0.396240 1 4 1.000000
tactical_vest
0  -3.243612 0.879258 62.586826  -0.141756 -0.988501 0.052646  0.966452 0.395421 1 4 1.000000
0  -3.314700 0.904439 62.868279  -0.057547 -0.997995 0.026349  0.958847 0.395492 1 4 1.000000
0  -3.332734 0.903956 62.810604  -0.082375 -0.996018 0.034096  0.960143 0.396308 1 4 1.000000
tactical_vest
0  -3.314700 0.904439 62.868279  -0.057547 -0.997995 0.026349  0.958847 0.395492 1 4 1.000000
0  -4.930496 0.915254 62.363583  0.043876 -0.996434 0.072066  0.960143 0.440443 1 4 1.000000
0  -3.332734 0.903956 62.810604  -0.082375 -0.996018 0.034096  0.960143 0.396308 1 4 1.000000
tactical_vest
0  -3.314700 0.904439 62.868279  -0.057547 -0.997995 0.026349  0.958847 0.395492 1 4 1.000000
0  -4.975259 0.916184 62.403694  0.029635 -0.997979 0.056202  0.958847 0.441362 1 4 1.000000
0  -4.930496 0.915254 62.363583  0.043876 -0.996434 0.072066  0.960143 0.440443 1 4 1.000000
tactical_vest
0  -4.975259 0.916184 62.403694  0.029635 -0.997979 0.056202  0.958847 0.441362 1 4 1.000000
0  -4.892879 0.893733 62.164196  0.090396 -0.988190 0.123729  0.965476 0.440736 1 4 1.000000
0  -4.930496 0.915254 62.363583  0.043876 -0.996434 0.072066  0.960143 0.440443 1 4 1.000000
tactical_vest
0  -4.975259 0.916184 62.403694  0.029635 -0.997979 0.056202  0.958847 0.441362 1 4 1.000000
0  -4.936162 0.893813 62.196465  0.090414 -0.988188 0.123735  0.964389 0.441667 1 4 1.000000
0  -4.892879 0.893733 62.164196  0.090396 -0.988190 0.123729  0.965476 0.440736 1 4 1.000000
tactical_vest
0  -4.931912 0.725753 62.204018  -0.218757 0.970355 -0.102745  0.966252 0.301639 1 4 1.000000
0  -4.923370 0.743668 62.355022  -0.127814 0.991796 0.002053  0.969445 0.300933 1 4 1.000000
0  -4.888789 0.732028 62.171467  -0.218763 0.970354 -0.102744  0.965514 0.300559 1 4 1.000000
tactical_vest
0  -4.931912 0.725753 62.204018  -0.218757 0.970355 -0.102745  0.966252 0.301639 1 4 1.000000
0  -4.967854 0.737853 62.394791  -0.100413 0.994396 0.033082  0.970337 0.302027 1 4 1.000000
0  -4.923370 0.743668 62.355022  -0.127814 0.991796 0.002053  0.969445 0.300933 1 4 1.000000
tactical_vest
0  -4.967854 0.737853 62.394791  -0.100413 0.994396 0.033082  0.970337 0.302027 1 4 1.000000
0  -3.328379 0.719453 62.802769  0.150763 0.986191 0.068541  0.969445 0.257887 1 4 1.000000
0  -4.923370 0.743668 62.355022  -0.127814 0.991796 0.002053  0.969445 0.300933 1 4 1.000000
tactical_vest
0  -4.967854 0.737853 62.394791  -0.100413 0.994396 0.033082  0.970337 0.302027 1 4 1.000000
0  -3.310173 0.712683 62.860130  0.095469 0.991647 0.086733  0.970337 0.257289 1 4 1.000000
0  -3.328379 0.719453 62.802769  0.150763 0.986191 0.068541  0.969445 0.257887 1 4 1.000000
tactical_vest
0  -3.310173 0.712683 62.860130  0.095469 0.991647 0.086733  0.970337 0.257289 1 4 1.000000
0  -3.260203 0.704722 62.532364  0.289789 0.956861 0.020937  0.963609 0.256871 1 4 1.000000
0  -3.328379 0.719453 62.802769  0.150763 0.986191 0.068541  0.969445 0.257887 1 4 1.000000
tactical_vest
0  -3.310173 0.712683 62.860130  0.095469 0.991647 0.086733  0.970337 0.257289 1 4 1.000000
0  -3.239319 0.697375 62.579105  0.289784 0.956863 0.020936  0.964272 0.256233 1 4 1.000000
0  -3.260203 0.704722 62.532364  0.289789 0.956861 0.020937  0.963609 0.256871 1 4 1.000000
tactical_vest
0  -4.975259 0.916184 62.403694  -0.982910 -0.032709 -0.181157  0.937064 0.151596 1 4 1.000000
0  -4.949522 1.422094 62.172710  -0.982908 -0.062252 -0.173251  0.939626 0.137022 1 4 1.000000
0  -4.936162 0.893813 62.196465  -0.982772 -0.033030 -0.181846  0.932112 0.149047 1 4 1.000000
tactical_vest
0  -4.975259 0.916184 62.403694  -0.982910 -0.032709 -0.181157  0.937064 0.151596 1 4 1.000000
0  -4.998542 1.476747 62.431679  -0.983300 -0.067806 -0.168888  0.946220 0.139619 1 4 1.000000
0  -4.949522 1.422094 62.172710  -0.982908 -0.062252 -0.173251  0.939626 0.137022 1 4 1.000000
tactical_vest
0  -4.998542 1.476747 62.431679  -0.983300 -0.067806 -0.168888  0.946220 0.139619 1 4 1.000000
0  -5.017766 2.271388 62.074986  -0.984777 -0.112109 -0.132837  0.950413 0.116661 1 4 1.000000
0  -4.949522 1.422094 62.172710  -0.982908 -0.062252 -0.173251  0.939626 0.137022 1 4 1.000000
tactical_vest
0  -4.998542 1.476747 62.431679  -0.983300 -0.067806 -0.168888  0.946220 0.139619 1 4 1.000000
0  -5.062737 2.371769 62.328964  -0.984875 -0.116329 -0.128410  0.957590 0.118186 1 4 1.000000
0  -5.017766 2.271388 62.074986  -0.984777 -0.112109 -0.132837  0.950413 0.116661 1 4 1.000000
tactical_vest
0  -5.062737 2.371769 62.328964  -0.984875 -0.116329 -0.128410  0.957590 0.118186 1 4 1.000000
0  -5.100632 3.117531 61.762497  -0.979142 -0.180757 -0.092783  0.956403 0.093070 1 4 1.000000
0  -5.017766 2.271388 62.074986  -0.984777 -0.112109 -0.132837  0.950413 0.116661 1 4 1.000000
tactical_vest
0  -5.062737 2.371769 62.328964  -0.984875 -0.116329 -0.128410  0.957590 0.118186 1 4 1.000000
0  -5.150103 3.263849 61.999512  -0.979272 -0.182629 -0.087593  0.963906 0.093314 1 4 1.000000
0  -5.100632 3.117531 61.762497  -0.979142 -0.180757 -0.092783  0.956403 0.093070 1 4 1.000000
tactical_vest
0  -5.150103 3.263849 61.999512  -0.979272 -0.182629 -0.087593  0.963906 0.093314 1 4 1.000000
0  -5.208439 3.698265 61.352871  -0.974609 -0.221204 -0.034730  0.956220 0.073780 1 4 1.000000
0  -5.100632 3.117531 61.762497  -0.979142 -0.180757 -0.092783  0.956403 0.093070 1 4 1.000000
tactical_vest
0  -5.150103 3.263849 61.999512  -0.979272 -0.182629 -0.087593  0.963906 0.093314 1 4 1.000000
0  -5.255744 3.876958 61.566677  -0.975300 -0.218229 -0.034150  0.963699 0.072965 1 4 1.000000
0  -5.208439 3.698265 61.352871  -0.974609 -0.221204 -0.034730  0.956220 0.073780 1 4 1.000000
tactical_vest
0  -5.255744 3.876958 61.566677  -0.975300 -0.218229 -0.034150  0.963699 0.072965 1 4 1.000000
0  -5.288676 4.073152 60.845009  -0.968221 -0.249986 -0.007401  0.950715 0.057604 1 4 1.000000
0  -5.208439 3.698265 61.352871  -0.974609 -0.221204 -0.034730  0.956220 0.073780 1 4 1.000000
tactical_vest
0  -5.255744 3.876958 61.566677  -0.975300 -0.218229 -0.034150  0.963699 0.072965 1 4 1.000000
0  -5.341640 4.272196 61.031223  -0.968480 -0.248881 -0.010235  0.957896 0.055907 1 4 1.000000
0  -5.288676 4.073152 60.845009  -0.968221 -0.249986 -0.007401  0.950715 0.057604 1 4 1.000000
tactical_vest
0  -5.341640 4.272196 61.031223  -0.968480 -0.248881 -0.010235  0.957896 0.055907 1 4 1.000000
0  -5.351759 4.302175 60.382568  -0.966691 -0.255806 -0.008510  0.943988 0.045374 1 4 1.000000
0  -5.288676 4.073152 60.845009  -0.968221 -0.249986 -0.007401  0.950715 0.057604 1 4 1.000000
tactical_vest
0  -5.341640 4.272196 61.031223  -0.968480 -0.248881 -0.010235  0.957896 0.055907 1 4 1.000000
0  -5.409289 4.513649 60.543678  -0.965753 -0.259394 -0.005942  0.950805 0.043011 1 4 1.000000
0  -5.351759 4.302175 60.382568  -0.966691 -0.255806 -0.008510  0.943988 0.045374 1 4 1.000000
tactical_vest
0  -5.409289 4.513649 60.543678  -0.965753 -0.259394 -0.005942  0.950805 0.043011 1 4 1.000000
0  -5.384505 4.453426 60.033272  -0.909968 -0.370578 0.186091  0.938570 0.036655 1 4 1.000000
0  -5.351759 4.302175 60.382568  -0.966691 -0.255806 -0.008510  0.943988 0.045374 1 4 1.000000
tactical_vest
0  -5.409289 4.513649 60.543678  -0.965753 -0.259394 -0.005942  0.950805 0.043011 1 4 1.000000
0  -5.445324 4.672969 60.174259  -0.966562 -0.252732 0.043405  0.945065 0.033800 1 4 1.000000
0  -5.384505 4.453426 60.033272  -0.909968 -0.370578 0.186091  0.938570 0.036655 1 4 1.000000
tactical_vest
0  -5.445324 4.672969 60.174259  -0.966562 -0.252732 0.043405  0.945065 0.033800 1 4 1.000000
0  -5.422852 4.365895 59.800827  -0.963182 -0.233195 0.133796  0.932112 0.034952 1 4 1.000000
0  -5.384505 4.453426 60.033272  -0.909968 -0.370578 0.186091  0.938570 0.036655 1 4 1.000000
tactical_vest
0  -5.445324 4.672969 60.174259  -0.966562 -0.252732 0.043405  0.945065 0.033800 1 4 1.000000
0  -5.465908 4.671476 59.806293  -0.988533 -0.140289 0.055868  0.936903 0.028193 1 4 1.000000
0  -5.422852 4.365895 59.800827  -0.963182 -0.233195 0.133796  0.932112 0.034952 1 4 1.000000
tactical_vest
0  -4.839808 -3.451865 59.193508  -0.972446 0.107473 -0.206878  0.819252 0.355854 1 4 1.000000
0  -4.824131 -3.070117 59.318134  -0.977205 0.128468 -0.169017  0.815636 0.345755 1 4 1.000000
0  -4.792057 -3.302248 59.046772  -0.972448 0.107470 -0.206871  0.813805 0.355198 1 4 1.000000
tactical_vest
0  -4.839808 -3.451865 59.193508  -0.972446 0.107473 -0.206878  0.819252 0.355854 1 4 1.000000
0  -4.866343 -3.259844 59.417980  -0.976249 0.123541 -0.177975  0.820766 0.348042 1 4 1.000000
0  -4.824131 -3.070117 59.318134  -0.977205 0.128468 -0.169017  0.815636 0.345755 1 4 1.000000
tactical_vest
0  -4.866343 -3.259844 59.417980  -0.976249 0.123541 -0.177975  0.820766 0.348042 1 4 1.000000
0  -4.832357 -2.629668 59.830647  -0.979358 0.138795 -0.146952  0.819183 0.327947 1 4 1.000000
0  -4.824131 -3.070117 59.318134  -0.977205 0.128468 -0.169017  0.815636 0.345755 1 4 1.000000
tactical_vest
0  -4.866343 -3.259844 59.417980  -0.976249 0.123541 -0.177975  0.820766 0.348042 1 4 1.000000
0  -4.875013 -2.795484 59.958321  -0.979382 0.139256 -0.146354  0.824506 0.329268 1 4 1.000000
0  -4.832357 -2.629668 59.830647  -0.979358 0.138795 -0.146952  0.819183 0.327947 1 4 1.000000
tactical_vest
0  -4.875013 -2.795484 59.958321  -0.979382 0.139256 -0.146354  0.824506 0.329268 1 4 1.000000
0  -4.850141 -2.080941 60.421852  -0.979040 0.125873 -0.160114  0.822586 0.306537 1 4 1.000000
0  -4.832357 -2.629668 59.830647  -0.979358 0.138795 -0.146952  0.819183 0.327947 1 4 1.000000
tactical_vest
0  -4.875013 -2.795484 59.958321  -0.979382 0.139256 -0.146354  0.824506 0.329268 1 4 1.000000
0  -4.893758 -2.216972 60.581619  -0.979030 0.124933 -0.160910  0.828093 0.306696 1 4 1.000000
0  -4.850141 -2.080941 60.421852  -0.979040 0.125873 -0.160114  0.822586 0.306537 1 4 1.000000
tactical_vest
0  -4.893758 -2.216972 60.581619  -0.979030 0.124933 -0.160910  0.828093 0.306696 1 4 1.000000
0  -4.873218 -1.542373 60.933426  -0.978995 0.110808 -0.171146  0.824463 0.286656 1 4 1.000000
0  -4.850141 -2.080941 60.421852  -0.979040 0.125873 -0.160114  0.822586 0.306537 1 4 1.000000
tactical_vest
0  -4.893758 -2.216972 60.581619  -0.979030 0.124933 -0.160910  0.828093 0.306696 1 4 1.000000
0  -4.918091 -1.649160 61.120968  -0.979002 0.108941 -0.172296  0.830072 0.285735 1 4 1.000000
0  -4.873218 -1.542373 60.933426  -0.978995 0.110808 -0.171146  0.824463 0.286656 1 4 1.000000
tactical_vest
0  -4.918091 -1.649160 61.120968  -0.979002 0.108941 -0.172296  0.830072 0.285735 1 4 1.000000
0  -4.894944 -1.004721 61.368114  -0.979173 0.095488 -0.179170  0.824736 0.268072 1 4 1.000000
0  -4.873218 -1.542373 60.933426  -0.978995 0.110808 -0.171146  0.824463 0.286656 1 4 1.000000
tactical_vest
0  -4.918091 -1.649160 61.120968  -0.979002 0.108941 -0.172296  0.830072 0.285735 1 4 1.000000
0  -4.941001 -1.082430 61.578320  -0.979238 0.092624 -0.180316  0.830342 0.266160 1 4 1.000000
0  -4.894944 -1.004721 61.368114  -0.979173 0.095488 -0.179170  0.824736 0.268072 1 4 1.000000
tactical_vest
0  -4.941001 -1.082430 61.578320  -0.979238 0.092624 -0.180316  0.830342 0.266160 1 4 1.000000
0  -4.910007 -0.443556 61.710594  -0.979601 0.080708 -0.184033  0.822691 0.250532 1 4 1.000000
0  -4.894944 -1.004721 61.368114  -0.979173 0.095488 -0.179170  0.824736 0.268072 1 4 1.000000
tactical_vest
0  -4.941001 -1.082430 61.578320  -0.979238 0.092624 -0.180316  0.830342 0.266160 1 4 1.000000
0  -4.956882 -0.490800 61.939392  -0.979683 0.078515 -0.184547  0.828186 0.247668 1 4 1.000000
0  -4.910007 -0.443556 61.710594  -0.979601 0.080708 -0.184033  0.822691 0.250532 1 4 1.000000
tactical_vest
0  -4.956882 -0.490800 61.939392  -0.979683 0.078515 -0.184547  0.828186 0.247668 1 4 1.000000
0  -4.920776 0.133018 61.997086  -0.980398 0.063229 -0.186607  0.819221 0.233602 1 4 1.000000
0  -4.910007 -0.443556 61.710594  -0.979601 0.080708 -0.184033  0.822691 0.250532 1 4 1.000000
tactical_vest
0  -4.956882 -0.490800 61.939392  -0.979683 0.078515 -0.184547  0.828186 0.247668 1 4 1.000000
0  -4.968237 0.117019 62.240967  -0.980642 0.057943 -0.187040  0.824519 0.229828 1 4 1.000000
0  -4.920776 0.133018 61.997086  -0.980398 0.063229 -0.186607  0.819221 0.233602 1 4 1.000000
tactical_vest
0  -4.968237 0.117019 62.240967  -0.980642 0.057943 -0.187040  0.824519 0.229828 1 4 1.000000
0  -4.931912 0.725753 62.204018  -0.981070 0.047142 -0.187826  0.813805 0.217651 1 4 1.000000
0  -4.920776 0.133018 61.997086  -0.980398 0.063229 -0.186607  0.819221 0.233602 1 4 1.000000
tactical_vest
0  -4.968237 0.117019 62.240967  -0.980642 0.057943 -0.187040  0.824519 0.229828 1 4 1.000000
0  -4.967854 0.737853 62.394791  -0.981071 0.047142 -0.187824  0.817547 0.214181 1 4 1.000000
0  -4.931912 0.725753 62.204018  -0.981070 0.047142 -0.187826  0.813805 0.217651 1 4 1.000000
tactical_vest
0  -3.310173 0.712683 62.860130  0.968418 -0.037205 0.246539  0.609729 0.236179 1 4 1.000000
0  -3.228283 -0.078169 62.419117  0.967432 -0.061648 0.245510  0.607055 0.260386 1 4 1.000000
0  -3.239319 0.697375 62.579105  0.968512 -0.037008 0.246202  0.615593 0.240892 1 4 1.000000
tactical_vest
0  -3.310173 0.712683 62.860130  0.968418 -0.037205 0.246539  0.609729 0.236179 1 4 1.000000
0  -3.298518 -0.098481 62.690609  0.967612 -0.056116 0.246125  0.600847 0.256602 1 4 1.000000
0  -3.228283 -0.078169 62.419117  0.967432 -0.061648 0.245510  0.607055 0.260386 1 4 1.000000
tactical_vest
0  -3.298518 -0.098481 62.690609  0.967612 -0.056116 0.246125  0.600847 0.256602 1 4 1.000000
0  -3.219506 -0.719157 62.173492  0.965752 -0.098989 0.239842  0.602485 0.278259 1 4 1.000000
0  -3.228283 -0.078169 62.419117  0.967432 -0.061648 0.245510  0.607055 0.260386 1 4 1.000000
tactical_vest
0  -3.298518 -0.098481 62.690609  0.967612 -0.056116 0.246125  0.600847 0.256602 1 4 1.000000
0  -3.289269 -0.774270 62.431656  0.965931 -0.094933 0.240759  0.596029 0.275445 1 4 1.000000
0  -3.219506 -0.719157 62.173492  0.965752 -0.098989 0.239842  0.602485 0.278259 1 4 1.000000
tactical_vest
0  -3.289269 -0.774270 62.431656  0.965931 -0.094933 0.240759  0.596029 0.275445 1 4 1.000000
0  -3.219956 -1.339732 61.876938  0.963247 -0.150508 0.222493  0.599356 0.296473 1 4 1.000000
0  -3.219506 -0.719157 62.173492  0.965752 -0.098989 0.239842  0.602485 0.278259 1 4 1.000000
tactical_vest
0  -3.289269 -0.774270 62.431656  0.965931 -0.094933 0.240759  0.596029 0.275445 1 4 1.000000
0  -3.289742 -1.428532 62.118992  0.963845 -0.142280 0.225300  0.592730 0.294648 1 4 1.000000
0  -3.219956 -1.339732 61.876938  0.963247 -0.150508 0.222493  0.599356 0.296473 1 4 1.000000
tactical_vest
0  -3.289742 -1.428532 62.118992  0.963845 -0.142280 0.225300  0.592730 0.294648 1 4 1.000000
0  -3.229223 -1.825136 61.505970  0.961387 -0.181055 0.207256  0.599963 0.312877 1 4 1.000000
0  -3.219956 -1.339732 61.876938  0.963247 -0.150508 0.222493  0.599356 0.296473 1 4 1.000000
tactical_vest
0  -3.289742 -1.428532 62.118992  0.963845 -0.142280 0.225300  0.592730 0.294648 1 4 1.000000
0  -3.299892 -1.945587 61.728992  0.962311 -0.177252 0.206249  0.593264 0.312041 1 4 1.000000
0  -3.229223 -1.825136 61.505970  0.961387 -0.181055 0.207256  0.599963 0.312877 1 4 1.000000
tactical_vest
0  -3.299892 -1.945587 61.728992  0.962311 -0.177252 0.206249  0.593264 0.312041 1 4 1.000000
0  -3.229819 -2.257965 61.121025  0.966532 -0.181951 0.180859  0.601685 0.328347 1 4 1.000000
0  -3.229223 -1.825136 61.505970  0.961387 -0.181055 0.207256  0.599963 0.312877 1 4 1.000000
tactical_vest
0  -3.299892 -1.945587 61.728992  0.962311 -0.177252 0.206249  0.593264 0.312041 1 4 1.000000
0  -3.295881 -2.430218 61.304562  0.967177 -0.178897 0.180455  0.595044 0.329261 1 4 1.000000
0  -3.229819 -2.257965 61.121025  0.966532 -0.181951 0.180859  0.601685 0.328347 1 4 1.000000
tactical_vest
0  -3.295881 -2.430218 61.304562  0.967177 -0.178897 0.180455  0.595044 0.329261 1 4 1.000000
0  -3.231720 -2.764429 60.532200  0.965347 -0.233977 0.115583  0.606735 0.348597 1 4 1.000000
0  -3.229819 -2.257965 61.121025  0.966532 -0.181951 0.180859  0.601685 0.328347 1 4 1.000000
tactical_vest
0  -3.295881 -2.430218 61.304562  0.967177 -0.178897 0.180455  0.595044 0.329261 1 4 1.000000
0  -3.298326 -2.964176 60.683781  0.965586 -0.234738 0.111994  0.600368 0.350611 1 4 1.000000
0  -3.231720 -2.764429 60.532200  0.965347 -0.233977 0.115583  0.606735 0.348597 1 4 1.000000
tactical_vest
0  -3.298326 -2.964176 60.683781  0.965586 -0.234738 0.111994  0.600368 0.350611 1 4 1.000000
0  -3.310983 -3.161288 60.015221  0.964216 -0.256902 0.065495  0.611975 0.365314 1 4 1.000000
0  -3.231720 -2.764429 60.532200  0.965347 -0.233977 0.115583  0.606735 0.348597 1 4 1.000000
tactical_vest
0  -3.298326 -2.964176 60.683781  0.965586 -0.234738 0.111994  0.600368 0.350611 1 4 1.000000
0  -3.377858 -3.382579 60.138737  0.964778 -0.254591 0.066234  0.605889 0.368236 1 4 1.000000
0  -3.310983 -3.161288 60.015221  0.964216 -0.256902 0.065495  0.611975 0.365314 1 4 1.000000
tactical_vest
0  -3.377858 -3.382579 60.138737  0.964778 -0.254591 0.066234  0.605889 0.368236 1 4 1.000000
0  -3.339794 -3.361113 59.709839  0.965250 -0.250892 0.073107  0.615593 0.374434 1 4 1.000000
0  -3.310983 -3.161288 60.015221  0.964216 -0.256902 0.065495  0.611975 0.365314 1 4 1.000000
tactical_vest
0  -3.377858 -3.382579 60.138737  0.964778 -0.254591 0.066234  0.605889 0.368236 1 4 1.000000
0  -3.401690 -3.547878 59.886120  0.965251 -0.250891 0.073108  0.608882 0.375780 1 4 1.000000
0  -3.339794 -3.361113 59.709839  0.965250 -0.250892 0.073107  0.615593 0.374434 1 4 1.000000
tactical_vest
0  -3.817281 5.064827 60.063976  0.281460 -0.748511 -0.600426  0.917890 0.207566 1 4 1.000000
0  -5.351759 4.302175 60.382568  0.309324 -0.842019 -0.441954  0.961214 0.225356 1 4 1.000000
0  -5.384505 4.453426 60.033272  0.336128 -0.840199 -0.425540  0.961267 0.218204 1 4 1.000000
tactical_vest
0  -3.817281 5.064827 60.063976  0.281460 -0.748511 -0.600426  0.917890 0.207566 1 4 1.000000
0  -3.741300 4.852067 60.389931  0.257112 -0.790986 -0.555189  0.916806 0.216159 1 4 1.000000
0  -5.351759 4.302175 60.382568  0.309324 -0.842019 -0.441954  0.961214 0.225356 1 4 1.000000
tactical_vest
0  -3.741300 4.852067 60.389931  0.257112 -0.790986 -0.555189  0.916806 0.216159 1 4 1.000000
0  -5.288676 4.073152 60.845009  0.252946 -0.801305 -0.542152  0.960689 0.235601 1 4 1.000000
0  -5.351759 4.302175 60.382568  0.309324 -0.842019 -0.441954  0.961214 0.225356 1 4 1.000000
tactical_vest
0  -3.741300 4.852067 60.389931  0.257112 -0.790986 -0.555189  0.916806 0.216159 1 4 1.000000
0  -3.658672 4.569907 60.825737  0.204262 -0.757475 -0.620088  0.915858 0.227539 1 4 1.000000
0  -5.288676 4.073152 60.845009  0.252946 -0.801305 -0.542152  0.960689 0.235601 1 4 1.000000
tactical_vest
0  -3.658672 4.569907 60.825737  0.204262 -0.757475 -0.620088  0.915858 0.227539 1 4 1.000000
0  -5.208439 3.698265 61.352871  0.176632 -0.661458 -0.728886  0.960128 0.249970 1 4 1.000000
0  -5.288676 4.073152 60.845009  0.252946 -0.801305 -0.542152  0.960689 0.235601 1 4 1.000000
tactical_vest
0  -3.658672 4.569907 60.825737  0.204262 -0.757475 -0.620088  0.915858 0.227539 1 4 1.000000
0  -3.507903 3.939326 61.484783  0.160212 -0.640931 -0.750693  0.914245 0.249921 1 4 1.000000
0  -5.208439 3.698265 61.352871  0.176632 -0.661458 -0.728886  0.960128 0.249970 1 4 1.000000
tactical_vest
0  -3.507903 3.939326 61.484783  0.160212 -0.640931 -0.750693  0.914245 0.249921 1 4 1.000000
0  -5.100632 3.117531 61.762497  0.163601 -0.459513 -0.872973  0.959222 0.268647 1 4 1.000000
0  -5.208439 3.698265 61.352871  0.176632 -0.661458 -0.728886  0.960128 0.249970 1 4 1.000000
tactical_vest
0  -3.507903 3.939326 61.484783  0.160212 -0.640931 -0.750693  0.914245 0.249921 1 4 1.000000
0  -3.400416 3.256465 62.033638  0.184646 -0.471214 -0.862475  0.913780 0.272459 1 4 1.000000
0  -5.100632 3.117531 61.762497  0.163601 -0.459513 -0.872973  0.959222 0.268647 1 4 1.000000
tactical_vest
0  -3.400416 3.256465 62.033638  0.184646 -0.471214 -0.862475  0.913780 0.272459 1 4 1.000000
0  -5.017766 2.271388 62.074986  0.187369 -0.223190 -0.956598  0.959524 0.292985 1 4 1.000000
0  -5.100632 3.117531 61.762497  0.163601 -0.459513 -0.872973  0.959222 0.268647 1 4 1.000000
tactical_vest
0  -3.400416 3.256465 62.033638  0.184646 -0.471214 -0.862475  0.913780 0.272459 1 4 1.000000
0  -3.315009 2.397366 62.394123  0.216658 -0.264718 -0.939672  0.914108 0.297579 1 4 1.000000
0  -5.017766 2.271388 62.074986  0.187369 -0.223190 -0.956598  0.959524 0.292985 1 4 1.000000
tactical_vest
0  -3.315009 2.397366 62.394123  0.216658 -0.264718 -0.939672  0.914108 0.297579 1 4 1.000000
0  -4.949522 1.422094 62.172710  0.229815 -0.085630 -0.969460  0.959953 0.315348 1 4 1.000000
0  -5.017766 2.271388 62.074986  0.187369 -0.223190 -0.956598  0.959524 0.292985 1 4 1.000000
tactical_vest
0  -3.315009 2.397366 62.394123  0.216658 -0.264718 -0.939672  0.914108 0.297579 1 4 1.000000
0  -3.257110 1.450982 62.611111  0.240775 -0.082538 -0.967065  0.915207 0.323461 1 4 1.000000
0  -4.949522 1.422094 62.172710  0.229815 -0.085630 -0.969460  0.959953 0.315348 1 4 1.000000
tactical_vest
0  -3.257110 1.450982 62.611111  0.240775 -0.082538 -0.967065  0.915207 0.323461 1 4 1.000000
0  -4.936162 0.893813 62.196465  0.235513 -0.029074 -0.971436  0.960950 0.328830 1 4 1.000000
0  -4.949522 1.422094 62.172710  0.229815 -0.085630 -0.969460  0.959953 0.315348 1 4 1.000000
tactical_vest
0  -3.257110 1.450982 62.611111  0.240775 -0.082538 -0.967065  0.915207 0.323461 1 4 1.000000
0  -3.243612 0.879258 62.586826  0.221068 0.043976 -0.974266  0.916248 0.337580 1 4 1.000000
0  -4.936162 0.893813 62.196465  0.235513 -0.029074 -0.971436  0.960950 0.328830 1 4 1.000000
tactical_vest
0  -3.243612 0.879258 62.586826  0.221068 0.043976 -0.974266  0.916248 0.337580 1 4 1.000000
0  -4.931912 0.725753 62.204018  0.220473 0.148354 -0.964045  0.961267 0.333119 1 4 1.000000
0  -4.936162 0.893813 62.196465  0.235513 -0.029074 -0.971436  0.960950 0.328830 1 4 1.000000
tactical_vest
0  -3.243612 0.879258 62.586826  0.221068 0.043976 -0.974266  0.916248 0.337580 1 4 1.000000
0  -3.239319 0.697375 62.579105  0.234377 0.137806 -0.962329  0.916579 0.342072 1 4 1.000000
0  -4.931912 0.725753 62.204018  0.220473 0.148354 -0.964045  0.961267 0.333119 1 4 1.000000
tactical_vest
0  6.046824 3.116922 53.188541  -0.127382 -0.183975 -0.974642  0.714086 0.067522 1 4 1.000000
0  6.073086 3.635648 53.086697  -0.127413 -0.183493 -0.974729  0.717018 0.056172 1 4 1.000000
0  6.323920 3.142109 53.147575  -0.127427 -0.183527 -0.974721  0.720256 0.068109 1 4 1.000000
tactical_vest
0  6.046824 3.116922 53.188541  -0.127382 -0.183975 -0.974642  0.714086 0.067522 1 4 1.000000
0  5.795991 3.610463 53.127659  -0.128182 -0.182368 -0.974839  0.710848 0.055585 1 4 1.000000
0  6.073086 3.635648 53.086697  -0.127413 -0.183493 -0.974729  0.717018 0.056172 1 4 1.000000
tactical_vest
0  5.795991 3.610463 53.127659  -0.128182 -0.182368 -0.974839  0.710848 0.055585 1 4 1.000000
0  5.823635 3.992016 53.053223  -0.130568 -0.176972 -0.975517  0.713186 0.047274 1 4 1.000000
0  6.073086 3.635648 53.086697  -0.127413 -0.183493 -0.974729  0.717018 0.056172 1 4 1.000000
tactical_vest
0  5.795991 3.610463 53.127659  -0.128182 -0.182368 -0.974839  0.710848 0.055585 1 4 1.000000
0  5.546746 3.966208 53.095169  -0.133916 -0.172557 -0.975854  0.707017 0.046704 1 4 1.000000
0  5.823635 3.992016 53.053223  -0.130568 -0.176972 -0.975517  0.713186 0.047274 1 4 1.000000
tactical_vest
0  5.546746 3.966208 53.095169  -0.133916 -0.172557 -0.975854  0.707017 0.046704 1 4 1.000000
0  5.539327 4.305670 53.037582  -0.145414 -0.121567 -0.981874  0.708394 0.039189 1 4 1.000000
0  5.823635 3.992016 53.053223  -0.130568 -0.176972 -0.975517  0.713186 0.047274 1 4 1.000000
tactical_vest
0  5.546746 3.966208 53.095169  -0.133916 -0.172557 -0.975854  0.707017 0.046704 1 4 1.000000
0  5.263083 4.278027 53.082516  -0.127794 -0.072724 -0.989131  0.702229 0.038669 1 4 1.000000
0  5.539327 4.305670 53.037582  -0.145414 -0.121567 -0.981874  0.708394 0.039189 1 4 1.000000
tactical_vest
0  5.263083 4.278027 53.082516  -0.127794 -0.072724 -0.989131  0.702229 0.038669 1 4 1.000000
0  5.268438 4.732581 53.069115  -0.064916 -0.028643 -0.997480  0.704357 0.028839 1 4 1.000000
0  5.539327 4.305670 53.037582  -0.145414 -0.121567 -0.981874  0.708394 0.039189 1 4 1.000000
tactical_vest
0  5.263083 4.278027 53.082516  -0.127794 -0.072724 -0.989131  0.702229 0.038669 1 4 1.000000
0  4.988617 4.705713 53.077641  -0.027644 -0.029132 -0.999193  0.698145 0.028193 1 4 1.000000
0  5.268438 4.732581 53.069115  -0.064916 -0.028643 -0.997480  0.704357 0.028839 1 4 1.000000
tactical_vest
0  6.584085 -3.527671 54.120235  -0.133198 -0.132042 -0.982254  0.698145 0.216336 1 4 1.000000
0  7.069160 -2.170818 53.872063  -0.132503 -0.138411 -0.981471  0.715734 0.188730 1 4 1.000000
0  6.867966 -3.501872 54.078274  -0.133201 -0.132041 -0.982254  0.704466 0.216938 1 4 1.000000
tactical_vest
0  6.584085 -3.527671 54.120235  -0.133198 -0.132042 -0.982254  0.698145 0.216336 1 4 1.000000
0  6.792064 -2.196002 53.913017  -0.132657 -0.136897 -0.981663  0.709564 0.188143 1 4 1.000000
0  7.069160 -2.170818 53.872063  -0.132503 -0.138411 -0.981471  0.715734 0.188730 1 4 1.000000
tactical_vest
0  6.792064 -2.196002 53.913017  -0.132657 -0.136897 -0.981663  0.709564 0.188143 1 4 1.000000
0  7.115252 -1.346131 53.745445  -0.131811 -0.144546 -0.980680  0.721017 0.170908 1 4 1.000000
0  7.069160 -2.170818 53.872063  -0.132503 -0.138411 -0.981471  0.715734 0.188730 1 4 1.000000
tactical_vest
0  6.792064 -2.196002 53.913017  -0.132657 -0.136897 -0.981663  0.709564 0.188143 1 4 1.000000
0  6.838156 -1.371318 53.786400  -0.131818 -0.144351 -0.980707  0.714847 0.170321 1 4 1.000000
0  7.115252 -1.346131 53.745445  -0.131811 -0.144546 -0.980680  0.721017 0.170908 1 4 1.000000
tactical_vest
0  6.838156 -1.371318 53.786400  -0.131818 -0.144351 -0.980707  0.714847 0.170321 1 4 1.000000
0  7.095301 -0.544172 53.628983  -0.132171 -0.141186 -0.981120  0.723766 0.153105 1 4 1.000000
0  7.115252 -1.346131 53.745445  -0.131811 -0.144546 -0.980680  0.721017 0.170908 1 4 1.000000
tactical_vest
0  6.838156 -1.371318 53.786400  -0.131818 -0.144351 -0.980707  0.714847 0.170321 1 4 1.000000
0  6.818205 -0.569356 53.669933  -0.132113 -0.141630 -0.981064  0.717596 0.152518 1 4 1.000000
0  7.095301 -0.544172 53.628983  -0.132171 -0.141186 -0.981120  0.723766 0.153105 1 4 1.000000
tactical_vest
0  6.818205 -0.569356 53.669933  -0.132113 -0.141630 -0.981064  0.717596 0.152518 1 4 1.000000
0  7.072367 0.192640 53.529144  -0.133213 -0.131859 -0.982277  0.724772 0.136457 1 4 1.000000
0  7.095301 -0.544172 53.628983  -0.132171 -0.141186 -0.981120  0.723766 0.153105 1 4 1.000000
tactical_vest
0  6.818205 -0.569356 53.669933  -0.132113 -0.141630 -0.981064  0.717596 0.152518 1 4 1.000000
0  6.795270 0.167457 53.570099  -0.133162 -0.132303 -0.982224  0.718602 0.135869 1 4 1.000000
0  7.072367 0.192640 53.529144  -0.133213 -0.131859 -0.982277  0.724772 0.136457 1 4 1.000000
tactical_vest
0  6.795270 0.167457 53.570099  -0.133162 -0.132303 -0.982224  0.718602 0.135869 1 4 1.000000
0  7.042328 0.831500 53.450661  -0.133259 -0.131287 -0.982347  0.725034 0.121918 1 4 1.000000
0  7.072367 0.192640 53.529144  -0.133213 -0.131859 -0.982277  0.724772 0.136457 1 4 1.000000
tactical_vest
0  6.795270 0.167457 53.570099  -0.133162 -0.132303 -0.982224  0.718602 0.135869 1 4 1.000000
0  6.765231 0.806318 53.491627  -0.133280 -0.131172 -0.982360  0.718864 0.121331 1 4 1.000000
0  7.042328 0.831500 53.450661  -0.133259 -0.131287 -0.982347  0.725034 0.121918 1 4 1.000000
tactical_vest
0  6.765231 0.806318 53.491627  -0.133280 -0.131172 -0.982360  0.718864 0.121331 1 4 1.000000
0  6.968292 1.413319 53.380421  -0.131072 -0.151303 -0.979759  0.724825 0.108589 1 4 1.000000
0  7.042328 0.831500 53.450661  -0.133259 -0.131287 -0.982347  0.725034 0.121918 1 4 1.000000
tactical_vest
0  6.765231 0.806318 53.491627  -0.133280 -0.131172 -0.982360  0.718864 0.121331 1 4 1.000000
0  6.691195 1.388136 53.421379  -0.130825 -0.153589 -0.979436  0.718655 0.108002 1 4 1.000000
0  6.968292 1.413319 53.380421  -0.131072 -0.151303 -0.979759  0.724825 0.108589 1 4 1.000000
tactical_vest
0  6.691195 1.388136 53.421379  -0.130825 -0.153589 -0.979436  0.718655 0.108002 1 4 1.000000
0  6.787215 1.988083 53.304604  -0.128248 -0.176064 -0.975989  0.724159 0.095310 1 4 1.000000
0  6.968292 1.413319 53.380421  -0.131072 -0.151303 -0.979759  0.724825 0.108589 1 4 1.000000
tactical_vest
0  6.691195 1.388136 53.421379  -0.130825 -0.153589 -0.979436  0.718655 0.108002 1 4 1.000000
0  6.510118 1.962900 53.345562  -0.127992 -0.178290 -0.975618  0.717989 0.094723 1 4 1.000000
0  6.787215 1.988083 53.304604  -0.128248 -0.176064 -0.975989  0.724159 0.095310 1 4 1.000000
tactical_vest
0  6.510118 1.962900 53.345562  -0.127992 -0.178290 -0.975618  0.717989 0.094723 1 4 1.000000
0  6.556130 2.568388 53.224689  -0.127333 -0.183941 -0.974655  0.722723 0.081738 1 4 1.000000
0  6.787215 1.988083 53.304604  -0.128248 -0.176064 -0.975989  0.724159 0.095310 1 4 1.000000
tactical_vest
0  6.510118 1.962900 53.345562  -0.127992 -0.178290 -0.975618  0.717989 0.094723 1 4 1.000000
0  6.279034 2.543203 53.265644  -0.127382 -0.183561 -0.974720  0.716553 0.081151 1 4 1.000000
0  6.556130 2.568388 53.224689  -0.127333 -0.183941 -0.974655  0.722723 0.081738 1 4 1.000000
tactical_vest
0  6.279034 2.543203 53.265644  -0.127382 -0.183561 -0.974720  0.716553 0.081151 1 4 1.000000
0  6.323920 3.142109 53.147575  -0.127427 -0.183527 -0.974721  0.720256 0.068109 1 4 1.000000
0  6.556130 2.568388 53.224689  -0.127333 -0.183941 -0.974655  0.722723 0.081738 1 4 1.000000
tactical_vest
0  6.279034 2.543203 53.265644  -0.127382 -0.183561 -0.974720  0.716553 0.081151 1 4 1.000000
0  6.046824 3.116922 53.188541  -0.127382 -0.183975 -0.974642  0.714086 0.067522 1 4 1.000000
0  6.323920 3.142109 53.147575  -0.127427 -0.183527 -0.974721  0.720256 0.068109 1 4 1.000000
tactical_vest
0  -7.131899 -1.922323 55.789711  -0.986453 -0.155940 0.050923  0.834123 0.176034 1 4 1.000000
0  -7.016410 -3.503565 53.977428  -0.990267 -0.129827 0.050171  0.878188 0.205223 1 4 1.000000
0  -6.873141 -3.143041 56.000652  -0.976531 -0.189222 0.102869  0.832684 0.203089 1 4 1.000000
tactical_vest
0  -7.131899 -1.922323 55.789711  -0.986453 -0.155940 0.050923  0.834123 0.176034 1 4 1.000000
0  -7.149662 -2.168625 53.786762  -0.996585 -0.082567 -0.001322  0.878828 0.175630 1 4 1.000000
0  -7.016410 -3.503565 53.977428  -0.990267 -0.129827 0.050171  0.878188 0.205223 1 4 1.000000
tactical_vest
0  -7.267260 -1.090217 55.667255  -0.993768 -0.110956 -0.010707  0.834584 0.157540 1 4 1.000000
0  -7.149662 -2.168625 53.786762  -0.996585 -0.082567 -0.001322  0.878828 0.175630 1 4 1.000000
0  -7.131899 -1.922323 55.789711  -0.986453 -0.155940 0.050923  0.834123 0.176034 1 4 1.000000
tactical_vest
0  -7.267260 -1.090217 55.667255  -0.993768 -0.110956 -0.010707  0.834584 0.157540 1 4 1.000000
0  -7.177477 -1.342051 53.669846  -0.997904 -0.031956 -0.056264  0.879153 0.157208 1 4 1.000000
0  -7.149662 -2.168625 53.786762  -0.996585 -0.082567 -0.001322  0.878828 0.175630 1 4 1.000000
tactical_vest
0  -7.340581 -0.273948 55.551941  -0.995321 -0.075575 -0.060209  0.834869 0.139272 1 4 1.000000
0  -7.177477 -1.342051 53.669846  -0.997904 -0.031956 -0.056264  0.879153 0.157208 1 4 1.000000
0  -7.267260 -1.090217 55.667255  -0.993768 -0.110956 -0.010707  0.834584 0.157540 1 4 1.000000
tactical_vest
0  -7.340581 -0.273948 55.551941  -0.995321 -0.075575 -0.060209  0.834869 0.139272 1 4 1.000000
0  -7.169878 -0.539047 53.562920  -0.994062 0.011703 -0.108184  0.879261 0.139190 1 4 1.000000
0  -7.177477 -1.342051 53.669846  -0.997904 -0.031956 -0.056264  0.879153 0.157208 1 4 1.000000
tactical_vest
0  -7.393201 0.481547 55.448872  -0.992946 -0.026597 -0.115542  0.835019 0.122300 1 4 1.000000
0  -7.169878 -0.539047 53.562920  -0.994062 0.011703 -0.108184  0.879261 0.139190 1 4 1.000000
0  -7.340581 -0.273948 55.551941  -0.995321 -0.075575 -0.060209  0.834869 0.139272 1 4 1.000000
tactical_vest
0  -7.393201 0.481547 55.448872  -0.992946 -0.026597 -0.115542  0.835019 0.122300 1 4 1.000000
0  -7.113965 0.198189 53.471905  -0.984186 0.067801 -0.163650  0.879162 0.122577 1 4 1.000000
0  -7.169878 -0.539047 53.562920  -0.994062 0.011703 -0.108184  0.879261 0.139190 1 4 1.000000
tactical_vest
0  -7.384017 1.146349 55.360703  -0.986108 0.021174 -0.164752  0.835089 0.107359 1 4 1.000000
0  -7.113965 0.198189 53.471905  -0.984186 0.067801 -0.163650  0.879162 0.122577 1 4 1.000000
0  -7.393201 0.481547 55.448872  -0.992946 -0.026597 -0.115542  0.835019 0.122300 1 4 1.000000
tactical_vest
0  -7.384017 1.146349 55.360703  -0.986108 0.021174 -0.164752  0.835089 0.107359 1 4 1.000000
0  -7.034331 0.837139 53.401104  -0.973085 0.106270 -0.204479  0.878882 0.108166 1 4 1.000000
0  -7.113965 0.198189 53.471905  -0.984186 0.067801 -0.163650  0.879162 0.122577 1 4 1.000000
tactical_vest
0  -7.353476 1.754361 55.281460  -0.970571 0.113654 -0.212308  0.835107 0.093663 1 4 1.000000
0  -7.034331 0.837139 53.401104  -0.973085 0.106270 -0.204479  0.878882 0.108166 1 4 1.000000
0  -7.384017 1.146349 55.360703  -0.986108 0.021174 -0.164752  0.835089 0.107359 1 4 1.000000
tactical_vest
0  -7.353476 1.754361 55.281460  -0.970571 0.113654 -0.212308  0.835107 0.093663 1 4 1.000000
0  -6.939785 1.418893 53.337860  -0.954939 0.174765 -0.239893  0.878589 0.095022 1 4 1.000000
0  -7.034331 0.837139 53.401104  -0.973085 0.106270 -0.204479  0.878882 0.108166 1 4 1.000000
tactical_vest
0  -7.222739 2.347828 55.204475  -0.941985 0.225153 -0.248940  0.835085 0.080226 1 4 1.000000
0  -6.939785 1.418893 53.337860  -0.954939 0.174765 -0.239893  0.878589 0.095022 1 4 1.000000
0  -7.353476 1.754361 55.281460  -0.970571 0.113654 -0.212308  0.835107 0.093663 1 4 1.000000
tactical_vest
0  -7.222739 2.347828 55.204475  -0.941985 0.225153 -0.248940  0.835085 0.080226 1 4 1.000000
0  -6.782659 1.993530 53.268993  -0.925874 0.266800 -0.267536  0.878428 0.081993 1 4 1.000000
0  -6.939785 1.418893 53.337860  -0.954939 0.174765 -0.239893  0.878589 0.095022 1 4 1.000000
tactical_vest
0  -7.035513 2.938529 55.129120  -0.911790 0.305064 -0.274909  0.835004 0.066782 1 4 1.000000
0  -6.782659 1.993530 53.268993  -0.925874 0.266800 -0.267536  0.878428 0.081993 1 4 1.000000
0  -7.222739 2.347828 55.204475  -0.941985 0.225153 -0.248940  0.835085 0.080226 1 4 1.000000
tactical_vest
0  -7.035513 2.938529 55.129120  -0.911790 0.305064 -0.274909  0.835004 0.066782 1 4 1.000000
0  -6.557272 2.573517 53.196102  -0.901599 0.326186 -0.284117  0.878320 0.068788 1 4 1.000000
0  -6.782659 1.993530 53.268993  -0.925874 0.266800 -0.267536  0.878428 0.081993 1 4 1.000000
tactical_vest
0  -6.796161 3.513245 55.059212  -0.870883 0.396989 -0.289762  0.834816 0.053638 1 4 1.000000
0  -6.557272 2.573517 53.196102  -0.901599 0.326186 -0.284117  0.878320 0.068788 1 4 1.000000
0  -7.035513 2.938529 55.129120  -0.911790 0.305064 -0.274909  0.835004 0.066782 1 4 1.000000
tactical_vest
0  -6.796161 3.513245 55.059212  -0.870883 0.396989 -0.289762  0.834816 0.053638 1 4 1.000000
0  -6.321273 3.146591 53.125996  -0.880649 0.380424 -0.282375  0.878143 0.055683 1 4 1.000000
0  -6.557272 2.573517 53.196102  -0.901599 0.326186 -0.284117  0.878320 0.068788 1 4 1.000000
tactical_vest
0  -6.519984 3.989300 55.010464  -0.786105 0.546646 -0.288474  0.834414 0.042675 1 4 1.000000
0  -6.321273 3.146591 53.125996  -0.880649 0.380424 -0.282375  0.878143 0.055683 1 4 1.000000
0  -6.796161 3.513245 55.059212  -0.870883 0.396989 -0.289762  0.834816 0.053638 1 4 1.000000
tactical_vest
0  -6.519984 3.989300 55.010464  -0.786105 0.546646 -0.288474  0.834414 0.042675 1 4 1.000000
0  -6.067183 3.639176 53.071182  -0.828525 0.491230 -0.268776  0.877842 0.044369 1 4 1.000000
0  -6.321273 3.146591 53.125996  -0.880649 0.380424 -0.282375  0.878143 0.055683 1 4 1.000000
tactical_vest
0  -6.219446 4.315271 54.993370  -0.679340 0.683811 -0.266268  0.833717 0.035070 1 4 1.000000
0  -6.067183 3.639176 53.071182  -0.828525 0.491230 -0.268776  0.877842 0.044369 1 4 1.000000
0  -6.519984 3.989300 55.010464  -0.786105 0.546646 -0.288474  0.834414 0.042675 1 4 1.000000
tactical_vest
0  -6.219446 4.315271 54.993370  -0.679340 0.683811 -0.266268  0.833717 0.035070 1 4 1.000000
0  -5.815399 3.994285 53.042152  -0.754710 0.609202 -0.243489  0.877355 0.036152 1 4 1.000000
0  -6.067183 3.639176 53.071182  -0.828525 0.491230 -0.268776  0.877842 0.044369 1 4 1.000000
tactical_vest
0  -5.875764 4.607968 54.994526  -0.534575 0.812753 -0.231652  0.832684 0.028193 1 4 1.000000
0  -5.815399 3.994285 53.042152  -0.754710 0.609202 -0.243489  0.877355 0.036152 1 4 1.000000
0  -6.219446 4.315271 54.993370  -0.679340 0.683811 -0.266268  0.833717 0.035070 1 4 1.000000
tactical_vest
0  -5.875764 4.607968 54.994526  -0.534575 0.812753 -0.231652  0.832684 0.028193 1 4 1.000000
0  -5.529043 4.306252 53.030476  -0.675046 0.701984 -0.227006  0.876584 0.028889 1 4 1.000000
0  -5.815399 3.994285 53.042152  -0.754710 0.609202 -0.243489  0.877355 0.036152 1 4 1.000000
tactical_vest
0  -6.855013 -1.949785 55.830612  -0.131774 0.134225 0.982150  0.807280 0.185960 1 4 1.000000
0  -6.873141 -3.143041 56.000652  -0.130878 0.141811 0.981204  0.800921 0.211839 1 4 1.000000
0  -6.589473 -3.171178 56.042561  -0.130876 0.141811 0.981204  0.794620 0.211270 1 4 1.000000
tactical_vest
0  -6.855013 -1.949785 55.830612  -0.131774 0.134225 0.982150  0.807280 0.185960 1 4 1.000000
0  -7.131899 -1.922323 55.789711  -0.132194 0.130624 0.982579  0.813430 0.186515 1 4 1.000000
0  -6.873141 -3.143041 56.000652  -0.130878 0.141811 0.981204  0.800921 0.211839 1 4 1.000000
tactical_vest
0  -6.990375 -1.117684 55.708164  -0.132888 0.124723 0.983252  0.813917 0.168388 1 4 1.000000
0  -7.131899 -1.922323 55.789711  -0.132194 0.130624 0.982579  0.813430 0.186515 1 4 1.000000
0  -6.855013 -1.949785 55.830612  -0.131774 0.134225 0.982150  0.807280 0.185960 1 4 1.000000
tactical_vest
0  -6.990375 -1.117684 55.708164  -0.132888 0.124723 0.983252  0.813917 0.168388 1 4 1.000000
0  -7.267260 -1.090217 55.667255  -0.132824 0.125319 0.983185  0.820067 0.168943 1 4 1.000000
0  -7.131899 -1.922323 55.789711  -0.132194 0.130624 0.982579  0.813430 0.186515 1 4 1.000000
tactical_vest
0  -7.063697 -0.301412 55.592850  -0.132761 0.126054 0.983100  0.818099 0.150652 1 4 1.000000
0  -7.267260 -1.090217 55.667255  -0.132824 0.125319 0.983185  0.820067 0.168943 1 4 1.000000
0  -6.990375 -1.117684 55.708164  -0.132888 0.124723 0.983252  0.813917 0.168388 1 4 1.000000
tactical_vest
0  -7.063697 -0.301412 55.592850  -0.132761 0.126054 0.983100  0.818099 0.150652 1 4 1.000000
0  -7.340581 -0.273948 55.551941  -0.132789 0.125797 0.983129  0.824250 0.151208 1 4 1.000000
0  -7.267260 -1.090217 55.667255  -0.132824 0.125319 0.983185  0.820067 0.168943 1 4 1.000000
tactical_vest
0  -7.116310 0.454079 55.489769  -0.132468 0.128176 0.982865  0.820707 0.133973 1 4 1.000000
0  -7.340581 -0.273948 55.551941  -0.132789 0.125797 0.983129  0.824250 0.151208 1 4 1.000000
0  -7.063697 -0.301412 55.592850  -0.132761 0.126054 0.983100  0.818099 0.150652 1 4 1.000000
tactical_vest
0  -7.116310 0.454079 55.489769  -0.132468 0.128176 0.982865  0.820707 0.133973 1 4 1.000000
0  -7.393201 0.481547 55.448872  -0.132387 0.128837 0.982789  0.826858 0.134528 1 4 1.000000
0  -7.340581 -0.273948 55.551941  -0.132789 0.125797 0.983129  0.824250 0.151208 1 4 1.000000
tactical_vest
0  -7.107128 1.118882 55.401608  -0.131881 0.133300 0.982262  0.822774 0.119258 1 4 1.000000
0  -7.393201 0.481547 55.448872  -0.132387 0.128837 0.982789  0.826858 0.134528 1 4 1.000000
0  -7.116310 0.454079 55.489769  -0.132468 0.128176 0.982865  0.820707 0.133973 1 4 1.000000
tactical_vest
0  -7.107128 1.118882 55.401608  -0.131881 0.133300 0.982262  0.822774 0.119258 1 4 1.000000
0  -7.384017 1.146349 55.360703  -0.131866 0.133435 0.982246  0.828924 0.119814 1 4 1.000000
0  -7.393201 0.481547 55.448872  -0.132387 0.128837 0.982789  0.826858 0.134528 1 4 1.000000
tactical_vest
0  -7.076588 1.726898 55.322361  -0.130485 0.145163 0.980766  0.824080 0.105677 1 4 1.000000
0  -7.384017 1.146349 55.360703  -0.131866 0.133435 0.982246  0.828924 0.119814 1 4 1.000000
0  -7.107128 1.118882 55.401608  -0.131881 0.133300 0.982262  0.822774 0.119258 1 4 1.000000
tactical_vest
0  -7.076588 1.726898 55.322361  -0.130485 0.145163 0.980766  0.824080 0.105677 1 4 1.000000
0  -7.353476 1.754361 55.281460  -0.130507 0.144959 0.980793  0.830231 0.106232 1 4 1.000000
0  -7.384017 1.146349 55.360703  -0.131866 0.133435 0.982246  0.828924 0.119814 1 4 1.000000
tactical_vest
0  -6.945854 2.320366 55.245384  -0.128614 0.160870 0.978560  0.824192 0.092160 1 4 1.000000
0  -7.353476 1.754361 55.281460  -0.130507 0.144959 0.980793  0.830231 0.106232 1 4 1.000000
0  -7.076588 1.726898 55.322361  -0.130485 0.145163 0.980766  0.824080 0.105677 1 4 1.000000
tactical_vest
0  -6.945854 2.320366 55.245384  -0.128614 0.160870 0.978560  0.824192 0.092160 1 4 1.000000
0  -7.222739 2.347828 55.204475  -0.128719 0.159979 0.978692  0.830342 0.092716 1 4 1.000000
0  -7.353476 1.754361 55.281460  -0.130507 0.144959 0.980793  0.830231 0.106232 1 4 1.000000
tactical_vest
0  -6.758628 2.911062 55.170021  -0.127593 0.169047 0.977314  0.823065 0.078436 1 4 1.000000
0  -7.222739 2.347828 55.204475  -0.128719 0.159979 0.978692  0.830342 0.092716 1 4 1.000000
0  -6.945854 2.320366 55.245384  -0.128614 0.160870 0.978560  0.824192 0.092160 1 4 1.000000
tactical_vest
0  -6.758628 2.911062 55.170021  -0.127593 0.169047 0.977314  0.823065 0.078436 1 4 1.000000
0  -7.035513 2.938529 55.129120  -0.127704 0.168093 0.977464  0.829215 0.078991 1 4 1.000000
0  -7.222739 2.347828 55.204475  -0.128719 0.159979 0.978692  0.830342 0.092716 1 4 1.000000
tactical_vest
0  -6.519271 3.485780 55.100113  -0.127106 0.172957 0.976693  0.820729 0.064822 1 4 1.000000
0  -7.035513 2.938529 55.129120  -0.127704 0.168093 0.977464  0.829215 0.078991 1 4 1.000000
0  -6.758628 2.911062 55.170021  -0.127593 0.169047 0.977314  0.823065 0.078436 1 4 1.000000
tactical_vest
0  -6.519271 3.485780 55.100113  -0.127106 0.172957 0.976693  0.820729 0.064822 1 4 1.000000
0  -6.796161 3.513245 55.059212  -0.127168 0.172549 0.976758  0.826879 0.065378 1 4 1.000000
0  -7.035513 2.938529 55.129120  -0.127704 0.168093 0.977464  0.829215 0.078991 1 4 1.000000
tactical_vest
0  -6.243098 3.961837 55.051361  -0.127587 0.168977 0.977327  0.817102 0.053215 1 4 1.000000
0  -6.796161 3.513245 55.059212  -0.127168 0.172549 0.976758  0.826879 0.065378 1 4 1.000000
0  -6.519271 3.485780 55.100113  -0.127106 0.172957 0.976693  0.820729 0.064822 1 4 1.000000
tactical_vest
0  -6.243098 3.961837 55.051361  -0.127587 0.168977 0.977327  0.817102 0.053215 1 4 1.000000
0  -6.519984 3.989300 55.010464  -0.127627 0.171975 0.976799  0.823252 0.053770 1 4 1.000000
0  -6.796161 3.513245 55.059212  -0.127168 0.172549 0.976758  0.826879 0.065378 1 4 1.000000
tactical_vest
0  -5.942769 4.287174 55.035252  -0.132565 0.151316 0.979556  0.812199 0.044829 1 4 1.000000
0  -6.519984 3.989300 55.010464  -0.127627 0.171975 0.976799  0.823252 0.053770 1 4 1.000000
0  -6.243098 3.961837 55.051361  -0.127587 0.168977 0.977327  0.817102 0.053215 1 4 1.000000
tactical_vest
0  -5.942769 4.287174 55.035252  -0.132565 0.151316 0.979556  0.812199 0.044829 1 4 1.000000
0  -6.219446 4.315271 54.993370  -0.132094 0.165847 0.977265  0.818348 0.045365 1 4 1.000000
0  -6.519984 3.989300 55.010464  -0.127627 0.171975 0.976799  0.823252 0.053770 1 4 1.000000
tactical_vest
0  -5.599750 4.578002 55.039375  -0.118854 0.309097 0.943574  0.806192 0.037068 1 4 1.000000
0  -6.219446 4.315271 54.993370  -0.132094 0.165847 0.977265  0.818348 0.045365 1 4 1.000000
0  -5.942769 4.287174 55.035252  -0.132565 0.151316 0.979556  0.812199 0.044829 1 4 1.000000
tactical_vest
0  -5.599750 4.578002 55.039375  -0.118854 0.309097 0.943574  0.806192 0.037068 1 4 1.000000
0  -5.875764 4.607968 54.994526  -0.131059 0.183668 0.974212  0.812338 0.037545 1 4 1.000000
0  -6.219446 4.315271 54.993370  -0.132094 0.165847 0.977265  0.818348 0.045365 1 4 1.000000
tactical_vest
0  -5.002378 4.853396 55.005550  -0.053010 0.144293 0.988114  0.794620 0.028193 1 4 1.000000
0  -5.875764 4.607968 54.994526  -0.131059 0.183668 0.974212  0.812338 0.037545 1 4 1.000000
0  -5.599750 4.578002 55.039375  -0.118854 0.309097 0.943574  0.806192 0.037068 1 4 1.000000
tactical_vest
0  -5.002378 4.853396 55.005550  -0.053010 0.144293 0.988114  0.794620 0.028193 1 4 1.000000
0  -5.282008 4.882181 54.997093  -0.025472 0.045833 0.998624  0.800820 0.028904 1 4 1.000000
0  -5.875764 4.607968 54.994526  -0.131059 0.183668 0.974212  0.812338 0.037545 1 4 1.000000
tactical_vest
0  -5.253029 4.276284 53.075325  0.128271 -0.061842 -0.989809  0.750113 0.038665 1 4 1.000000
0  -5.255424 4.730991 53.067303  0.065675 -0.017256 -0.997692  0.747948 0.028839 1 4 1.000000
0  -4.975793 4.702207 53.075752  0.028392 -0.017483 -0.999444  0.754153 0.028193 1 4 1.000000
tactical_vest
0  -5.253029 4.276284 53.075325  0.128271 -0.061842 -0.989809  0.750113 0.038665 1 4 1.000000
0  -5.529043 4.306252 53.030476  0.145568 -0.110883 -0.983115  0.743986 0.039182 1 4 1.000000
0  -5.255424 4.730991 53.067303  0.065675 -0.017256 -0.997692  0.747948 0.028839 1 4 1.000000
tactical_vest
0  -5.538718 3.966187 53.084034  0.133733 -0.161863 -0.977709  0.745350 0.046698 1 4 1.000000
0  -5.529043 4.306252 53.030476  0.145568 -0.110883 -0.983115  0.743986 0.039182 1 4 1.000000
0  -5.253029 4.276284 53.075325  0.128271 -0.061842 -0.989809  0.750113 0.038665 1 4 1.000000
tactical_vest
0  -5.538718 3.966187 53.084034  0.133733 -0.161863 -0.977709  0.745350 0.046698 1 4 1.000000
0  -5.815399 3.994285 53.042152  0.130358 -0.166257 -0.977428  0.739216 0.047265 1 4 1.000000
0  -5.529043 4.306252 53.030476  0.145568 -0.110883 -0.983115  0.743986 0.039182 1 4 1.000000
tactical_vest
0  -5.790298 3.611711 53.112087  0.127932 -0.171641 -0.976818  0.741531 0.055578 1 4 1.000000
0  -5.815399 3.994285 53.042152  0.130358 -0.166257 -0.977428  0.739216 0.047265 1 4 1.000000
0  -5.538718 3.966187 53.084034  0.133733 -0.161863 -0.977709  0.745350 0.046698 1 4 1.000000
tactical_vest
0  -5.790298 3.611711 53.112087  0.127932 -0.171641 -0.976818  0.741531 0.055578 1 4 1.000000
0  -6.067183 3.639176 53.071182  0.127140 -0.172762 -0.976723  0.735396 0.056162 1 4 1.000000
0  -5.815399 3.994285 53.042152  0.130358 -0.166257 -0.977428  0.739216 0.047265 1 4 1.000000
tactical_vest
0  -6.044386 3.119123 53.166897  0.127084 -0.173254 -0.976644  0.738296 0.067516 1 4 1.000000
0  -6.067183 3.639176 53.071182  0.127140 -0.172762 -0.976723  0.735396 0.056162 1 4 1.000000
0  -5.790298 3.611711 53.112087  0.127932 -0.171641 -0.976818  0.741531 0.055578 1 4 1.000000
tactical_vest
0  -6.044386 3.119123 53.166897  0.127084 -0.173254 -0.976644  0.738296 0.067516 1 4 1.000000
0  -6.321273 3.146591 53.125996  0.127142 -0.172808 -0.976715  0.732161 0.068100 1 4 1.000000
0  -6.067183 3.639176 53.071182  0.127140 -0.172762 -0.976723  0.735396 0.056162 1 4 1.000000
tactical_vest
0  -6.280386 2.546051 53.237011  0.127266 -0.172033 -0.976836  0.735826 0.081146 1 4 1.000000
0  -6.321273 3.146591 53.125996  0.127142 -0.172808 -0.976715  0.732161 0.068100 1 4 1.000000
0  -6.044386 3.119123 53.166897  0.127084 -0.173254 -0.976644  0.738296 0.067516 1 4 1.000000
tactical_vest
0  -6.280386 2.546051 53.237011  0.127266 -0.172033 -0.976836  0.735826 0.081146 1 4 1.000000
0  -6.557272 2.573517 53.196102  0.127258 -0.172079 -0.976829  0.729691 0.081730 1 4 1.000000
0  -6.321273 3.146591 53.125996  0.127142 -0.172808 -0.976715  0.732161 0.068100 1 4 1.000000
tactical_vest
0  -6.505772 1.966064 53.309895  0.128240 -0.163719 -0.978136  0.734385 0.094719 1 4 1.000000
0  -6.557272 2.573517 53.196102  0.127258 -0.172079 -0.976829  0.729691 0.081730 1 4 1.000000
0  -6.280386 2.546051 53.237011  0.127266 -0.172033 -0.976836  0.735826 0.081146 1 4 1.000000
tactical_vest
0  -6.505772 1.966064 53.309895  0.128240 -0.163719 -0.978136  0.734385 0.094719 1 4 1.000000
0  -6.782659 1.993530 53.268993  0.128533 -0.161268 -0.978505  0.728250 0.095304 1 4 1.000000
0  -6.557272 2.573517 53.196102  0.127258 -0.172079 -0.976829  0.729691 0.081730 1 4 1.000000
tactical_vest
0  -6.662898 1.391426 53.378769  0.130951 -0.141346 -0.981261  0.733716 0.107999 1 4 1.000000
0  -6.782659 1.993530 53.268993  0.128533 -0.161268 -0.978505  0.728250 0.095304 1 4 1.000000
0  -6.505772 1.966064 53.309895  0.128240 -0.163719 -0.978136  0.734385 0.094719 1 4 1.000000
tactical_vest
0  -6.662898 1.391426 53.378769  0.130951 -0.141346 -0.981261  0.733716 0.107999 1 4 1.000000
0  -6.939785 1.418893 53.337860  0.131126 -0.139834 -0.981454  0.727581 0.108583 1 4 1.000000
0  -6.782659 1.993530 53.268993  0.128533 -0.161268 -0.978505  0.728250 0.095304 1 4 1.000000
tactical_vest
0  -6.757445 0.809674 53.442001  0.132610 -0.126959 -0.983004  0.733511 0.121328 1 4 1.000000
0  -6.939785 1.418893 53.337860  0.131126 -0.139834 -0.981454  0.727581 0.108583 1 4 1.000000
0  -6.662898 1.391426 53.378769  0.130951 -0.141346 -0.981261  0.733716 0.107999 1 4 1.000000
tactical_vest
0  -6.757445 0.809674 53.442001  0.132610 -0.126959 -0.983004  0.733511 0.121328 1 4 1.000000
0  -7.034331 0.837139 53.401104  0.132609 -0.126910 -0.983010  0.727376 0.121912 1 4 1.000000
0  -6.939785 1.418893 53.337860  0.131126 -0.139834 -0.981454  0.727581 0.108583 1 4 1.000000
tactical_vest
0  -6.837078 0.170724 53.512810  0.132464 -0.128436 -0.982831  0.733775 0.135866 1 4 1.000000
0  -7.034331 0.837139 53.401104  0.132609 -0.126910 -0.983010  0.727376 0.121912 1 4 1.000000
0  -6.757445 0.809674 53.442001  0.132610 -0.126959 -0.983004  0.733511 0.121328 1 4 1.000000
tactical_vest
0  -6.837078 0.170724 53.512810  0.132464 -0.128436 -0.982831  0.733775 0.135866 1 4 1.000000
0  -7.113965 0.198189 53.471905  0.132471 -0.128376 -0.982838  0.727640 0.136451 1 4 1.000000
0  -7.034331 0.837139 53.401104  0.132609 -0.126910 -0.983010  0.727376 0.121912 1 4 1.000000
tactical_vest
0  -6.892986 -0.566511 53.603828  0.132073 -0.131700 -0.982452  0.734775 0.152516 1 4 1.000000
0  -7.113965 0.198189 53.471905  0.132471 -0.128376 -0.982838  0.727640 0.136451 1 4 1.000000
0  -6.837078 0.170724 53.512810  0.132464 -0.128436 -0.982831  0.733775 0.135866 1 4 1.000000
tactical_vest
0  -6.892986 -0.566511 53.603828  0.132073 -0.131700 -0.982452  0.734775 0.152516 1 4 1.000000
0  -7.169878 -0.539047 53.562920  0.132074 -0.131667 -0.982456  0.728639 0.153100 1 4 1.000000
0  -7.113965 0.198189 53.471905  0.132471 -0.128376 -0.982838  0.727640 0.136451 1 4 1.000000
tactical_vest
0  -6.900588 -1.369516 53.710743  0.131867 -0.133374 -0.982254  0.737510 0.170320 1 4 1.000000
0  -7.169878 -0.539047 53.562920  0.132074 -0.131667 -0.982456  0.728639 0.153100 1 4 1.000000
0  -6.892986 -0.566511 53.603828  0.132073 -0.131700 -0.982452  0.734775 0.152516 1 4 1.000000
tactical_vest
0  -6.900588 -1.369516 53.710743  0.131867 -0.133374 -0.982254  0.737510 0.170320 1 4 1.000000
0  -7.177477 -1.342051 53.669846  0.131892 -0.133176 -0.982277  0.731375 0.170904 1 4 1.000000
0  -7.169878 -0.539047 53.562920  0.132074 -0.131667 -0.982456  0.728639 0.153100 1 4 1.000000
tactical_vest
0  -6.872774 -2.196090 53.827663  0.132223 -0.130401 -0.982605  0.742772 0.188144 1 4 1.000000
0  -7.177477 -1.342051 53.669846  0.131892 -0.133176 -0.982277  0.731375 0.170904 1 4 1.000000
0  -6.900588 -1.369516 53.710743  0.131867 -0.133374 -0.982254  0.737510 0.170320 1 4 1.000000
tactical_vest
0  -6.872774 -2.196090 53.827663  0.132223 -0.130401 -0.982605  0.742772 0.188144 1 4 1.000000
0  -7.149662 -2.168625 53.786762  0.132126 -0.131259 -0.982504  0.736637 0.188728 1 4 1.000000
0  -7.177477 -1.342051 53.669846  0.131892 -0.133176 -0.982277  0.731375 0.170904 1 4 1.000000
tactical_vest
0  -6.732739 -3.531701 54.019329  0.132578 -0.127163 -0.982982  0.754153 0.216341 1 4 1.000000
0  -7.149662 -2.168625 53.786762  0.132126 -0.131259 -0.982504  0.736637 0.188728 1 4 1.000000
0  -6.872774 -2.196090 53.827663  0.132223 -0.130401 -0.982605  0.742772 0.188144 1 4 1.000000
tactical_vest
0  -6.732739 -3.531701 54.019329  0.132578 -0.127163 -0.982982  0.754153 0.216341 1 4 1.000000
0  -7.016410 -3.503565 53.977428  0.132575 -0.127163 -0.982982  0.747868 0.216939 1 4 1.000000
0  -7.149662 -2.168625 53.786762  0.132126 -0.131259 -0.982504  0.736637 0.188728 1 4 1.000000
tactical_vest
0  5.024991 0.178273 62.192410  0.980645 0.057355 -0.187203  0.694213 0.234954 1 4 1.000000
0  4.988666 0.786887 62.153549  0.981073 0.046554 -0.187959  0.705121 0.222698 1 4 1.000000
0  5.024605 0.799587 62.344284  0.981073 0.046554 -0.187959  0.701262 0.219281 1 4 1.000000
tactical_vest
0  5.024991 0.178273 62.192410  0.980645 0.057355 -0.187203  0.694213 0.234954 1 4 1.000000
0  4.977533 0.193504 61.948475  0.980401 0.062644 -0.186789  0.699670 0.238658 1 4 1.000000
0  4.988666 0.786887 62.153549  0.981073 0.046554 -0.187959  0.705121 0.222698 1 4 1.000000
tactical_vest
0  5.013640 -0.430495 61.892731  0.979682 0.077939 -0.184794  0.690512 0.252803 1 4 1.000000
0  4.977533 0.193504 61.948475  0.980401 0.062644 -0.186789  0.699670 0.238658 1 4 1.000000
0  5.024991 0.178273 62.192410  0.980645 0.057355 -0.187203  0.694213 0.234954 1 4 1.000000
tactical_vest
0  5.013640 -0.430495 61.892731  0.979682 0.077939 -0.184794  0.690512 0.252803 1 4 1.000000
0  4.966765 -0.383972 61.663788  0.979600 0.080133 -0.184290  0.696168 0.255596 1 4 1.000000
0  4.977533 0.193504 61.948475  0.980401 0.062644 -0.186789  0.699670 0.238658 1 4 1.000000
tactical_vest
0  4.997759 -1.023262 61.533520  0.979239 0.092057 -0.180602  0.688339 0.271297 1 4 1.000000
0  4.966765 -0.383972 61.663788  0.979600 0.080133 -0.184290  0.696168 0.255596 1 4 1.000000
0  5.013640 -0.430495 61.892731  0.979682 0.077939 -0.184794  0.690512 0.252803 1 4 1.000000
tactical_vest
0  4.997759 -1.023262 61.533520  0.979239 0.092057 -0.180602  0.688339 0.271297 1 4 1.000000
0  4.951704 -0.946217 61.323071  0.979174 0.094925 -0.179465  0.694107 0.273137 1 4 1.000000
0  4.966765 -0.383972 61.663788  0.979600 0.080133 -0.184290  0.696168 0.255596 1 4 1.000000
tactical_vest
0  4.974853 -1.591431 61.077957  0.978999 0.108408 -0.172653  0.688619 0.290861 1 4 1.000000
0  4.951704 -0.946217 61.323071  0.979174 0.094925 -0.179465  0.694107 0.273137 1 4 1.000000
0  4.997759 -1.023262 61.533520  0.979239 0.092057 -0.180602  0.688339 0.271297 1 4 1.000000
tactical_vest
0  4.974853 -1.591431 61.077957  0.978999 0.108408 -0.172653  0.688619 0.290861 1 4 1.000000
0  4.929976 -1.485235 60.890079  0.978990 0.110282 -0.171512  0.694390 0.291711 1 4 1.000000
0  4.951704 -0.946217 61.323071  0.979174 0.094925 -0.179465  0.694107 0.273137 1 4 1.000000
tactical_vest
0  4.950521 -2.160943 60.540394  0.979024 0.124441 -0.161325  0.690615 0.311810 1 4 1.000000
0  4.929976 -1.485235 60.890079  0.978990 0.110282 -0.171512  0.694390 0.291711 1 4 1.000000
0  4.974853 -1.591431 61.077957  0.978999 0.108408 -0.172653  0.688619 0.290861 1 4 1.000000
tactical_vest
0  4.950521 -2.160943 60.540394  0.979024 0.124441 -0.161325  0.690615 0.311810 1 4 1.000000
0  4.906898 -2.025422 60.380199  0.979035 0.125383 -0.160531  0.696283 0.311581 1 4 1.000000
0  4.929976 -1.485235 60.890079  0.978990 0.110282 -0.171512  0.694390 0.291711 1 4 1.000000
tactical_vest
0  4.931770 -2.741428 59.918922  0.979380 0.138797 -0.146799  0.694201 0.334378 1 4 1.000000
0  4.906898 -2.025422 60.380199  0.979035 0.125383 -0.160531  0.696283 0.311581 1 4 1.000000
0  4.950521 -2.160943 60.540394  0.979024 0.124441 -0.161325  0.690615 0.311810 1 4 1.000000
tactical_vest
0  4.931770 -2.741428 59.918922  0.979380 0.138797 -0.146799  0.694201 0.334378 1 4 1.000000
0  4.889113 -2.576018 59.790726  0.979357 0.138333 -0.147393  0.699685 0.332988 1 4 1.000000
0  4.906898 -2.025422 60.380199  0.979035 0.125383 -0.160531  0.696283 0.311581 1 4 1.000000
tactical_vest
0  4.923099 -3.207496 59.380051  0.976250 0.122980 -0.178361  0.697921 0.353159 1 4 1.000000
0  4.889113 -2.576018 59.790726  0.979357 0.138333 -0.147393  0.699685 0.332988 1 4 1.000000
0  4.931770 -2.741428 59.918922  0.979380 0.138797 -0.146799  0.694201 0.334378 1 4 1.000000
tactical_vest
0  4.923099 -3.207496 59.380051  0.976250 0.122980 -0.178361  0.697921 0.353159 1 4 1.000000
0  4.880887 -3.018084 59.279602  0.977205 0.127931 -0.169421  0.703212 0.350801 1 4 1.000000
0  4.889113 -2.576018 59.790726  0.979357 0.138333 -0.147393  0.699685 0.332988 1 4 1.000000
tactical_vest
0  4.896566 -3.400225 59.156181  0.972445 0.106822 -0.207221  0.699500 0.360939 1 4 1.000000
0  4.880887 -3.018084 59.279602  0.977205 0.127931 -0.169421  0.703212 0.350801 1 4 1.000000
0  4.923099 -3.207496 59.380051  0.976250 0.122980 -0.178361  0.697921 0.353159 1 4 1.000000
tactical_vest
0  4.896566 -3.400225 59.156181  0.972445 0.106822 -0.207221  0.699500 0.360939 1 4 1.000000
0  4.848811 -3.251071 59.008976  0.972445 0.106818 -0.207219  0.705121 0.360206 1 4 1.000000
0  4.880887 -3.018084 59.279602  0.977205 0.127931 -0.169421  0.703212 0.350801 1 4 1.000000
tactical_vest
0  5.502079 4.727669 60.111259  0.966562 -0.252595 0.044205  0.932644 0.349972 1 4 1.000000
0  5.479610 4.419415 59.738800  0.963179 -0.232776 0.134543  0.945591 0.351053 1 4 1.000000
0  5.522664 4.725014 59.743301  0.988535 -0.140095 0.056314  0.940806 0.344414 1 4 1.000000
tactical_vest
0  5.502079 4.727669 60.111259  0.966562 -0.252595 0.044205  0.932644 0.349972 1 4 1.000000
0  5.441260 4.507680 59.970966  0.909954 -0.370016 0.187276  0.939118 0.352627 1 4 1.000000
0  5.479610 4.419415 59.738800  0.963179 -0.232776 0.134543  0.945591 0.351053 1 4 1.000000
tactical_vest
0  5.466047 4.569518 60.481178  0.965753 -0.259412 -0.005115  0.926904 0.359095 1 4 1.000000
0  5.441260 4.507680 59.970966  0.909954 -0.370016 0.187276  0.939118 0.352627 1 4 1.000000
0  5.502079 4.727669 60.111259  0.966562 -0.252595 0.044205  0.932644 0.349972 1 4 1.000000
tactical_vest
0  5.466047 4.569518 60.481178  0.965753 -0.259412 -0.005115  0.926904 0.359095 1 4 1.000000
0  5.408518 4.357533 60.320732  0.966692 -0.255826 -0.007698  0.933700 0.361268 1 4 1.000000
0  5.441260 4.507680 59.970966  0.909954 -0.370016 0.187276  0.939118 0.352627 1 4 1.000000
tactical_vest
0  5.398391 4.329614 60.969547  0.968480 -0.248913 -0.009438  0.919805 0.371809 1 4 1.000000
0  5.408518 4.357533 60.320732  0.966692 -0.255826 -0.007698  0.933700 0.361268 1 4 1.000000
0  5.466047 4.569518 60.481178  0.965753 -0.259412 -0.005115  0.926904 0.359095 1 4 1.000000
tactical_vest
0  5.398391 4.329614 60.969547  0.968480 -0.248913 -0.009438  0.919805 0.371809 1 4 1.000000
0  5.345429 4.129983 60.783955  0.968221 -0.250009 -0.006600  0.926967 0.373328 1 4 1.000000
0  5.408518 4.357533 60.320732  0.966692 -0.255826 -0.007698  0.933700 0.361268 1 4 1.000000
tactical_vest
0  5.312492 3.936068 61.506256  0.975298 -0.218344 -0.033456  0.913995 0.388638 1 4 1.000000
0  5.345429 4.129983 60.783955  0.968221 -0.250009 -0.006600  0.926967 0.373328 1 4 1.000000
0  5.398391 4.329614 60.969547  0.968480 -0.248913 -0.009438  0.919805 0.371809 1 4 1.000000
tactical_vest
0  5.312492 3.936068 61.506256  0.975298 -0.218344 -0.033456  0.913995 0.388638 1 4 1.000000
0  5.265187 3.756704 61.293026  0.974607 -0.221321 -0.034027  0.921456 0.389291 1 4 1.000000
0  5.345429 4.129983 60.783955  0.968221 -0.250009 -0.006600  0.926967 0.373328 1 4 1.000000
tactical_vest
0  5.206844 3.324328 61.941074  0.979272 -0.182904 -0.087014  0.913780 0.408705 1 4 1.000000
0  5.265187 3.756704 61.293026  0.974607 -0.221321 -0.034027  0.921456 0.389291 1 4 1.000000
0  5.312492 3.936068 61.506256  0.975298 -0.218344 -0.033456  0.913995 0.388638 1 4 1.000000
tactical_vest
0  5.206844 3.324328 61.941074  0.979272 -0.182904 -0.087014  0.913780 0.408705 1 4 1.000000
0  5.157375 3.177267 61.704525  0.979142 -0.181047 -0.092209  0.921261 0.408287 1 4 1.000000
0  5.265187 3.756704 61.293026  0.974607 -0.221321 -0.034027  0.921456 0.389291 1 4 1.000000
tactical_vest
0  5.119483 2.433289 62.273331  0.984874 -0.116731 -0.128049  0.920105 0.433382 1 4 1.000000
0  5.157375 3.177267 61.704525  0.979142 -0.181047 -0.092209  0.921261 0.408287 1 4 1.000000
0  5.206844 3.324328 61.941074  0.979272 -0.182904 -0.087014  0.913780 0.408705 1 4 1.000000
tactical_vest
0  5.119483 2.433289 62.273331  0.984874 -0.116731 -0.128049  0.920105 0.433382 1 4 1.000000
0  5.074511 2.332109 62.019676  0.984776 -0.112525 -0.132490  0.927260 0.431693 1 4 1.000000
0  5.157375 3.177267 61.704525  0.979142 -0.181047 -0.092209  0.921261 0.408287 1 4 1.000000
tactical_vest
0  5.055289 1.538595 62.378860  0.983300 -0.068332 -0.168675  0.931490 0.454687 1 4 1.000000
0  5.074511 2.332109 62.019676  0.984776 -0.112525 -0.132490  0.927260 0.431693 1 4 1.000000
0  5.119483 2.433289 62.273331  0.984874 -0.116731 -0.128049  0.920105 0.433382 1 4 1.000000
tactical_vest
0  5.055289 1.538595 62.378860  0.983300 -0.068332 -0.168675  0.931490 0.454687 1 4 1.000000
0  5.006271 1.483127 62.120068  0.982909 -0.062790 -0.173054  0.938059 0.451908 1 4 1.000000
0  5.074511 2.332109 62.019676  0.984776 -0.112525 -0.132490  0.927260 0.431693 1 4 1.000000
tactical_vest
0  5.032010 0.977945 62.352631  0.982911 -0.033266 -0.181051  0.940661 0.466638 1 4 1.000000
0  5.006271 1.483127 62.120068  0.982909 -0.062790 -0.173054  0.938059 0.451908 1 4 1.000000
0  5.055289 1.538595 62.378860  0.983300 -0.068332 -0.168675  0.931490 0.454687 1 4 1.000000
tactical_vest
0  5.032010 0.977945 62.352631  0.982911 -0.033266 -0.181051  0.940661 0.466638 1 4 1.000000
0  4.992914 0.954923 62.145470  0.982773 -0.033589 -0.181738  0.945591 0.463942 1 4 1.000000
0  5.006271 1.483127 62.120068  0.982909 -0.062790 -0.173054  0.938059 0.451908 1 4 1.000000
tactical_vest
0  3.366924 0.775877 62.809692  -0.095447 0.991920 0.083574  0.963609 0.208062 1 4 1.000000
0  3.316955 0.766884 62.481956  -0.289746 0.956936 0.017918  0.970199 0.208321 1 4 1.000000
0  3.296070 0.759685 62.528717  -0.289744 0.956936 0.017918  0.969557 0.207566 1 4 1.000000
tactical_vest
0  3.366924 0.775877 62.809692  -0.095447 0.991920 0.083574  0.963609 0.208062 1 4 1.000000
0  3.385129 0.782464 62.752304  -0.150737 0.986408 0.065402  0.964477 0.208798 1 4 1.000000
0  3.316955 0.766884 62.481956  -0.289746 0.956936 0.017918  0.970199 0.208321 1 4 1.000000
tactical_vest
0  5.024605 0.799587 62.344284  0.100424 0.994493 0.029969  0.963609 0.253891 1 4 1.000000
0  3.385129 0.782464 62.752304  -0.150737 0.986408 0.065402  0.964477 0.208798 1 4 1.000000
0  3.366924 0.775877 62.809692  -0.095447 0.991920 0.083574  0.963609 0.208062 1 4 1.000000
tactical_vest
0  5.024605 0.799587 62.344284  0.100424 0.994493 0.029969  0.963609 0.253891 1 4 1.000000
0  4.980123 0.805278 62.304497  0.127830 0.991796 -0.001058  0.964477 0.252894 1 4 1.000000
0  3.385129 0.782464 62.752304  -0.150737 0.986408 0.065402  0.964477 0.208798 1 4 1.000000
tactical_vest
0  4.988666 0.786887 62.153549  0.218741 0.970030 -0.105804  0.967617 0.253878 1 4 1.000000
0  4.980123 0.805278 62.304497  0.127830 0.991796 -0.001058  0.964477 0.252894 1 4 1.000000
0  5.024605 0.799587 62.344284  0.100424 0.994493 0.029969  0.963609 0.253891 1 4 1.000000
tactical_vest
0  4.988666 0.786887 62.153549  0.218741 0.970030 -0.105804  0.967617 0.253878 1 4 1.000000
0  4.945543 0.793058 62.120975  0.218742 0.970030 -0.105804  0.968333 0.252882 1 4 1.000000
0  4.980123 0.805278 62.304497  0.127830 0.991796 -0.001058  0.964477 0.252894 1 4 1.000000
end
