version 1
nodes
0 "ValveBiped.Bip01_Pelvis" -1
1 "ValveBiped.Bip01_Spine" 0
2 "ValveBiped.Bip01_Spine1" 1
3 "ValveBiped.Bip01_Spine2" 2
4 "ValveBiped.Bip01_Spine4" 3
5 "ValveBiped.Bip01_Neck1" 4
6 "ValveBiped.Bip01_Head1" 5
7 "ValveBiped.forward" 6
8 "ValveBiped.Bip01_R_Clavicle" 4
9 "ValveBiped.Bip01_R_UpperArm" 8
10 "ValveBiped.Bip01_R_Forearm" 9
11 "ValveBiped.Bip01_R_Hand" 10
12 "ValveBiped.Anim_Attachment_RH" 11
13 "ValveBiped.Bip01_R_Finger4" 11
14 "ValveBiped.Bip01_R_Finger41" 13
15 "ValveBiped.Bip01_R_Finger42" 14
16 "ValveBiped.Bip01_R_Finger3" 11
17 "ValveBiped.Bip01_R_Finger31" 16
18 "ValveBiped.Bip01_R_Finger32" 17
19 "ValveBiped.Bip01_R_Finger2" 11
20 "ValveBiped.Bip01_R_Finger21" 19
21 "ValveBiped.Bip01_R_Finger22" 20
22 "ValveBiped.Bip01_R_Finger1" 11
23 "ValveBiped.Bip01_R_Finger11" 22
24 "ValveBiped.Bip01_R_Finger12" 23
25 "ValveBiped.Bip01_R_Finger0" 11
26 "ValveBiped.Bip01_R_Finger01" 25
27 "ValveBiped.Bip01_R_Finger02" 26
28 "ValveBiped.Bip01_R_Ulna" 10
29 "ValveBiped.Bip01_R_Wrist" 10
30 "ValveBiped.Bip01_R_Shoulder" 9
31 "ValveBiped.Bip01_R_Bicep" 9
32 "ValveBiped.Bip01_R_Trapezius" 8
33 "ValveBiped.Bip01_L_Clavicle" 4
34 "ValveBiped.Bip01_L_UpperArm" 33
35 "ValveBiped.Bip01_L_Forearm" 34
36 "ValveBiped.Bip01_L_Hand" 35
37 "ValveBiped.Anim_Attachment_LH" 36
38 "ValveBiped.Bip01_L_Finger4" 36
39 "ValveBiped.Bip01_L_Finger41" 38
40 "ValveBiped.Bip01_L_Finger42" 39
41 "ValveBiped.Bip01_L_Finger3" 36
42 "ValveBiped.Bip01_L_Finger31" 41
43 "ValveBiped.Bip01_L_Finger32" 42
44 "ValveBiped.Bip01_L_Finger2" 36
45 "ValveBiped.Bip01_L_Finger21" 44
46 "ValveBiped.Bip01_L_Finger22" 45
47 "ValveBiped.Bip01_L_Finger1" 36
48 "ValveBiped.Bip01_L_Finger11" 47
49 "ValveBiped.Bip01_L_Finger12" 48
50 "ValveBiped.Bip01_L_Finger0" 36
51 "ValveBiped.Bip01_L_Finger01" 50
52 "ValveBiped.Bip01_L_Finger02" 51
53 "ValveBiped.Bip01_L_Ulna" 35
54 "ValveBiped.Bip01_L_Wrist" 35
55 "ValveBiped.Bip01_L_Shoulder" 34
56 "ValveBiped.Bip01_L_Bicep" 34
57 "ValveBiped.Bip01_L_Trapezius" 33
58 "ValveBiped.Bip01_R_Thigh" 0
59 "ValveBiped.Bip01_R_Calf" 58
60 "ValveBiped.Bip01_R_Foot" 59
61 "ValveBiped.Bip01_R_Toe0" 60
62 "ValveBiped.Bip01_L_Thigh" 0
63 "ValveBiped.Bip01_L_Calf" 62
64 "ValveBiped.Bip01_L_Foot" 63
end
skeleton
time 0
0  -0.000005 -0.533615 38.566917  1.570796 -0.000000 0.000000
1  0.000005 3.345128 -2.981901  1.570797 0.086286 1.570793
2  4.018296 -0.000025 -0.000024  0.000000 -0.000005 -0.029256
3  3.518545 0.000006 -0.000026  0.000000 -0.000038 0.100338
4  8.942595 0.000018 -0.000404  0.000008 0.000043 0.194105
5  3.307231 -0.000024 -0.000004  3.141592 -0.000000 0.400476
6  3.593709 0.000031 0.000008  -0.000000 0.000003 0.406593
7  1.999993 -3.000008 0.000013  -1.570790 -0.000004 -1.326470
8  2.033317 1.000770 -1.937615  1.473080 1.855094 -0.198684
9  6.028142 0.000075 0.000068  1.590088 -0.099567 0.273381
10  11.692584 0.000016 0.000031  -0.001726 0.013682 -0.311274
11  11.481691 0.000206 -0.000000  -1.564935 0.106614 0.044215
12  2.676055 -1.712451 -0.000001  -1.570806 0.000004 -1.570878
13  3.859642 -0.132597 1.193095  0.366275 -0.149872 -0.332027
14  1.312548 0.000013 0.000003  0.148503 0.140475 -0.017321
15  0.729386 0.000007 0.000009  0.000018 -0.006140 -0.244264
16  3.942243 0.050315 0.431027  0.129736 -0.110546 -0.545318
17  1.539101 -0.000005 -0.000002  0.034172 0.141235 0.546467
18  1.196314 -0.000043 0.000003  -0.000012 -0.009656 -0.430764
19  3.883622 -0.050362 -0.431054  -0.103681 -0.052845 -0.146765
20  1.719597 0.000006 -0.000006  -0.007599 0.030955 -0.099111
21  1.209154 0.000014 -0.000025  -0.000017 -0.004443 -0.216377
22  3.859824 -0.148947 -1.331291  -0.345583 0.028171 -0.268444
23  1.719431 0.000011 0.000008  -0.019993 -0.090338 0.128391
24  1.099680 0.000004 0.000010  -0.000013 -0.004197 -0.244321
25  0.805991 -0.359831 -1.318333  1.258254 0.364083 -0.444379
26  1.789776 0.000003 0.000045  0.019257 -0.120173 0.075543
27  1.206992 -0.000016 0.000005  0.000006 -0.009612 0.362903
28  5.740850 0.000097 0.000024  0.000078 0.000001 0.000029
29  11.481691 0.000206 -0.000000  0.000140 -0.000001 0.000016
30  1.500007 -0.000002 0.000015  0.000001 0.000001 0.000002
31  5.560014 0.000004 0.000003  0.000001 0.000000 0.000012
32  5.166971 0.000060 0.000059  0.000002 -0.000010 0.000002
33  2.033362 1.000749 1.937657  -1.544926 -1.855087 -0.198675
34  6.028135 0.000063 -0.000071  -1.520702 0.079998 0.279604
35  11.692551 -0.000552 -0.000001  0.001824 -0.014042 -0.318128
36  11.481685 0.000750 -0.000019  1.573198 -0.106599 0.044273
37  2.676118 -1.712396 0.000076  1.570788 0.000022 1.570766
38  3.859731 -0.142351 -1.191922  -0.373250 0.084822 -0.392593
39  1.312559 -0.000020 0.000024  -0.033213 -0.054306 0.096969
40  0.729373 -0.000020 -0.000004  0.000025 0.004970 -0.244302
41  3.942327 0.046828 -0.431393  -0.117934 0.118569 -0.428280
42  1.539067 -0.000004 -0.000016  -0.020011 -0.129391 0.326112
43  1.196320 0.000080 -0.000010  0.000008 0.007370 -0.430797
44  3.883708 -0.046683 0.431492  0.093518 0.039464 -0.340166
45  1.719580 -0.000003 -0.000001  0.034074 -0.016608 0.192357
46  1.209171 0.000016 -0.000016  -0.000005 0.003101 -0.216393
47  3.859867 -0.137833 1.332516  0.348572 -0.036147 -0.383818
48  1.719401 0.000004 -0.000026  0.108419 0.085473 0.261801
49  1.099658 0.000007 0.000001  -0.000003 0.002594 -0.244331
50  0.806038 -0.348872 1.321286  -1.284109 -0.334962 -0.484556
51  1.789778 0.000012 0.000006  0.019426 0.057122 0.062858
52  1.207011 0.000024 -0.000011  0.000005 0.011267 0.362850
53  5.740860 0.000378 0.000012  0.000683 -0.000000 0.000056
54  11.481732 0.000755 0.000023  0.001274 0.000001 0.000074
55  1.499983 -0.000073 -0.000006  -0.000000 0.000000 -0.000048
56  5.559991 -0.000262 -0.000031  -0.000000 0.000000 -0.000089
57  5.166954 0.000055 -0.000059  0.000001 -0.000012 -0.000002
58  -3.890452 0.000004 0.000007  -1.570796 0.051841 -1.576021
59  17.848219 0.000202 -0.000016  -0.000003 0.000000 0.034052
60  16.525288 0.002468 0.000003  0.038612 0.040780 -1.071483
61  6.879457 -0.000007 0.000019  -0.081333 -0.002949 -0.584374
62  3.890452 -0.000004 -0.000003  -1.570798 0.051841 -1.565574
63  17.848129 0.000075 -0.000009  0.000007 0.000000 0.034176
64  16.525263 0.000450 -0.000011  -0.027918 -0.040785 -1.071626
end
triangles
trooper_shoulder
0  8.102633 3.016546 61.298523  0.227599 -0.641859 -0.732268  0.735023 0.773103 1 55 1.000000
0  9.183926 3.028461 61.558895  0.047283 -0.601817 -0.797233  0.739126 0.811030 1 55 1.000000
0  9.069263 2.332376 61.762886  0.045293 -0.301437 -0.952410  0.762906 0.806725 1 55 1.000000
trooper_shoulder
0  9.428886 3.384266 60.944221  0.030353 -0.869961 -0.492185  0.714437 0.818861 1 55 1.000000
0  9.183926 3.028461 61.558895  0.047283 -0.601817 -0.797233  0.739126 0.811030 1 55 1.000000
0  8.102633 3.016546 61.298523  0.227599 -0.641859 -0.732268  0.735023 0.773103 1 55 1.000000
trooper_shoulder
0  10.136002 3.032848 61.465832  -0.138595 -0.575818 -0.805745  0.737381 0.842852 1 55 1.000000
0  9.183926 3.028461 61.558895  0.047283 -0.601817 -0.797233  0.739126 0.811030 1 55 1.000000
0  9.428886 3.384266 60.944221  0.030353 -0.869961 -0.492185  0.714437 0.818861 1 55 1.000000
trooper_shoulder
0  9.183926 3.028461 61.558895  0.047283 -0.601817 -0.797233  0.739126 0.811030 1 55 1.000000
0  10.136002 3.032848 61.465832  -0.138595 -0.575818 -0.805745  0.737381 0.842852 1 55 1.000000
0  10.313200 2.347390 61.576084  -0.196432 -0.241638 -0.950277  0.761462 0.849266 1 55 1.000000
trooper_shoulder
0  9.183926 3.028461 61.558895  0.047283 -0.601817 -0.797233  0.739126 0.811030 1 55 1.000000
0  10.313200 2.347390 61.576084  -0.196432 -0.241638 -0.950277  0.761462 0.849266 1 55 1.000000
0  9.069263 2.332376 61.762886  0.045293 -0.301437 -0.952410  0.762906 0.806725 1 55 1.000000
trooper_shoulder
0  9.069263 2.332376 61.762886  0.045293 -0.301437 -0.952410  0.762906 0.806725 1 55 1.000000
0  10.313200 2.347390 61.576084  -0.196432 -0.241638 -0.950277  0.761462 0.849266 1 55 1.000000
0  10.196865 1.634367 61.806087  -0.206885 -0.031925 -0.977844  0.787019 0.843886 1 55 1.000000
trooper_shoulder
0  10.136002 3.032848 61.465832  -0.138595 -0.575818 -0.805745  0.737381 0.842852 1 55 1.000000
0  11.101537 3.031432 61.213459  -0.259439 -0.577473 -0.774091  0.734214 0.878157 1 55 1.000000
0  11.276427 2.345743 61.324986  -0.328972 -0.247101 -0.911437  0.760121 0.885535 1 55 1.000000
trooper_shoulder
0  11.101537 3.031432 61.213459  -0.259439 -0.577473 -0.774091  0.734214 0.878157 1 55 1.000000
0  10.136002 3.032848 61.465832  -0.138595 -0.575818 -0.805745  0.737381 0.842852 1 55 1.000000
0  10.388227 3.385644 60.767830  -0.120540 -0.858427 -0.498571  0.710252 0.854108 1 55 1.000000
trooper_shoulder
0  10.388227 3.385644 60.767830  -0.120540 -0.858427 -0.498571  0.710252 0.854108 1 55 1.000000
0  10.136002 3.032848 61.465832  -0.138595 -0.575818 -0.805745  0.737381 0.842852 1 55 1.000000
0  9.428886 3.384266 60.944221  0.030353 -0.869961 -0.492185  0.714437 0.818861 1 55 1.000000
trooper_shoulder
0  10.388227 3.385644 60.767830  -0.120540 -0.858427 -0.498571  0.710252 0.854108 1 55 1.000000
0  9.428886 3.384266 60.944221  0.030353 -0.869961 -0.492185  0.714437 0.818861 1 55 1.000000
0  9.673748 3.780120 60.300167  0.010371 -0.939002 -0.343755  0.686933 0.827806 1 55 1.000000
trooper_shoulder
0  9.673748 3.780120 60.300167  0.010371 -0.939002 -0.343755  0.686933 0.827806 1 55 1.000000
0  9.428886 3.384266 60.944221  0.030353 -0.869961 -0.492185  0.714437 0.818861 1 55 1.000000
0  8.338305 3.374594 60.623032  0.162168 -0.899808 -0.405027  0.706281 0.778214 1 55 1.000000
trooper_shoulder
0  8.338305 3.374594 60.623032  0.162168 -0.899808 -0.405027  0.706281 0.778214 1 55 1.000000
0  9.428886 3.384266 60.944221  0.030353 -0.869961 -0.492185  0.714437 0.818861 1 55 1.000000
0  8.102633 3.016546 61.298523  0.227599 -0.641859 -0.732268  0.735023 0.773103 1 55 1.000000
trooper_shoulder
0  8.338305 3.374594 60.623032  0.162168 -0.899808 -0.405027  0.706281 0.778214 1 55 1.000000
0  8.102633 3.016546 61.298523  0.227599 -0.641859 -0.732268  0.735023 0.773103 1 55 1.000000
0  7.004792 3.011673 60.902981  0.326604 -0.649237 -0.686893  0.729868 0.730306 1 55 1.000000
trooper_shoulder
0  7.004792 3.011673 60.902981  0.326604 -0.649237 -0.686893  0.729868 0.730306 1 55 1.000000
0  8.102633 3.016546 61.298523  0.227599 -0.641859 -0.732268  0.735023 0.773103 1 55 1.000000
0  8.000549 2.327883 61.497982  0.284965 -0.307146 -0.907996  0.760387 0.769261 1 55 1.000000
trooper_shoulder
0  8.000549 2.327883 61.497982  0.284965 -0.307146 -0.907996  0.760387 0.769261 1 55 1.000000
0  8.102633 3.016546 61.298523  0.227599 -0.641859 -0.732268  0.735023 0.773103 1 55 1.000000
0  9.069263 2.332376 61.762886  0.045293 -0.301437 -0.952410  0.762906 0.806725 1 55 1.000000
trooper_shoulder
0  8.000549 2.327883 61.497982  0.284965 -0.307146 -0.907996  0.760387 0.769261 1 55 1.000000
0  9.069263 2.332376 61.762886  0.045293 -0.301437 -0.952410  0.762906 0.806725 1 55 1.000000
0  8.963550 1.636286 61.989712  0.086035 -0.006426 -0.996271  0.786523 0.803035 1 55 1.000000
trooper_shoulder
0  9.069263 2.332376 61.762886  0.045293 -0.301437 -0.952410  0.762906 0.806725 1 55 1.000000
0  10.196865 1.634367 61.806087  -0.206885 -0.031925 -0.977844  0.787019 0.843886 1 55 1.000000
0  8.963550 1.636286 61.989712  0.086035 -0.006426 -0.996271  0.786523 0.803035 1 55 1.000000
trooper_shoulder
0  8.963550 1.636286 61.989712  0.086035 -0.006426 -0.996271  0.786523 0.803035 1 55 1.000000
0  10.196865 1.634367 61.806087  -0.206885 -0.031925 -0.977844  0.787019 0.843886 1 55 1.000000
0  9.962582 0.927069 61.702145  -0.166532 0.227741 -0.959375  0.811428 0.835754 1 55 1.000000
trooper_shoulder
0  8.963550 1.636286 61.989712  0.086035 -0.006426 -0.996271  0.786523 0.803035 1 55 1.000000
0  9.962582 0.927069 61.702145  -0.166532 0.227741 -0.959375  0.811428 0.835754 1 55 1.000000
0  9.085199 0.937581 61.776512  0.100528 0.292294 -0.951030  0.809961 0.806319 1 55 1.000000
trooper_shoulder
0  9.085199 0.937581 61.776512  0.100528 0.292294 -0.951030  0.809961 0.806319 1 55 1.000000
0  9.962582 0.927069 61.702145  -0.166532 0.227741 -0.959375  0.811428 0.835754 1 55 1.000000
0  10.085730 0.238619 61.512474  -0.143942 0.582311 -0.800122  0.835845 0.839009 1 55 1.000000
trooper_shoulder
0  9.085199 0.937581 61.776512  0.100528 0.292294 -0.951030  0.809961 0.806319 1 55 1.000000
0  10.085730 0.238619 61.512474  -0.143942 0.582311 -0.800122  0.835845 0.839009 1 55 1.000000
0  9.199711 0.238991 61.585361  0.082553 0.595609 -0.799022  0.833855 0.809700 1 55 1.000000
trooper_shoulder
0  7.004792 3.011673 60.902981  0.326604 -0.649237 -0.686893  0.729868 0.730306 1 55 1.000000
0  8.000549 2.327883 61.497982  0.284965 -0.307146 -0.907996  0.760387 0.769261 1 55 1.000000
0  6.819623 2.323867 61.046738  0.411679 -0.309105 -0.857307  0.756971 0.722834 1 55 1.000000
trooper_shoulder
0  6.819623 2.323867 61.046738  0.411679 -0.309105 -0.857307  0.756971 0.722834 1 55 1.000000
0  8.000549 2.327883 61.497982  0.284965 -0.307146 -0.907996  0.760387 0.769261 1 55 1.000000
0  7.802658 1.638488 61.668247  0.308718 0.019892 -0.950945  0.785591 0.763238 1 55 1.000000
trooper_shoulder
0  8.000549 2.327883 61.497982  0.284965 -0.307146 -0.907996  0.760387 0.769261 1 55 1.000000
0  8.963550 1.636286 61.989712  0.086035 -0.006426 -0.996271  0.786523 0.803035 1 55 1.000000
0  7.802658 1.638488 61.668247  0.308718 0.019892 -0.950945  0.785591 0.763238 1 55 1.000000
trooper_shoulder
0  8.963550 1.636286 61.989712  0.086035 -0.006426 -0.996271  0.786523 0.803035 1 55 1.000000
0  7.999271 0.940056 61.446018  0.277063 0.319607 -0.906139  0.811948 0.767616 1 55 1.000000
0  7.802658 1.638488 61.668247  0.308718 0.019892 -0.950945  0.785591 0.763238 1 55 1.000000
trooper_shoulder
0  8.963550 1.636286 61.989712  0.086035 -0.006426 -0.996271  0.786523 0.803035 1 55 1.000000
0  9.085199 0.937581 61.776512  0.100528 0.292294 -0.951030  0.809961 0.806319 1 55 1.000000
0  7.999271 0.940056 61.446018  0.277063 0.319607 -0.906139  0.811948 0.767616 1 55 1.000000
trooper_shoulder
0  7.999271 0.940056 61.446018  0.277063 0.319607 -0.906139  0.811948 0.767616 1 55 1.000000
0  9.085199 0.937581 61.776512  0.100528 0.292294 -0.951030  0.809961 0.806319 1 55 1.000000
0  8.106715 0.242198 61.256496  0.225042 0.625429 -0.747124  0.838002 0.770669 1 55 1.000000
trooper_shoulder
0  9.085199 0.937581 61.776512  0.100528 0.292294 -0.951030  0.809961 0.806319 1 55 1.000000
0  9.199711 0.238991 61.585361  0.082553 0.595609 -0.799022  0.833855 0.809700 1 55 1.000000
0  8.106715 0.242198 61.256496  0.225042 0.625429 -0.747124  0.838002 0.770669 1 55 1.000000
trooper_shoulder
0  9.199711 0.238991 61.585361  0.082553 0.595609 -0.799022  0.833855 0.809700 1 55 1.000000
0  9.440649 -0.128058 60.975060  0.034738 0.860681 -0.507958  0.858588 0.816535 1 55 1.000000
0  8.106715 0.242198 61.256496  0.225042 0.625429 -0.747124  0.838002 0.770669 1 55 1.000000
trooper_shoulder
0  9.440649 -0.128058 60.975060  0.034738 0.860681 -0.507958  0.858588 0.816535 1 55 1.000000
0  9.199711 0.238991 61.585361  0.082553 0.595609 -0.799022  0.833855 0.809700 1 55 1.000000
0  10.085730 0.238619 61.512474  -0.143942 0.582311 -0.800122  0.835845 0.839009 1 55 1.000000
trooper_shoulder
0  10.340522 -0.127880 60.817932  -0.123434 0.850442 -0.511383  0.863311 0.849356 1 55 1.000000
0  9.440649 -0.128058 60.975060  0.034738 0.860681 -0.507958  0.858588 0.816535 1 55 1.000000
0  10.085730 0.238619 61.512474  -0.143942 0.582311 -0.800122  0.835845 0.839009 1 55 1.000000
trooper_shoulder
0  10.340522 -0.127880 60.817932  -0.123434 0.850442 -0.511383  0.863311 0.849356 1 55 1.000000
0  10.085730 0.238619 61.512474  -0.143942 0.582311 -0.800122  0.835845 0.839009 1 55 1.000000
0  10.994179 0.237307 61.275692  -0.260110 0.566451 -0.781970  0.839819 0.871974 1 55 1.000000
trooper_shoulder
0  9.962582 0.927069 61.702145  -0.166532 0.227741 -0.959375  0.811428 0.835754 1 55 1.000000
0  10.994179 0.237307 61.275692  -0.260110 0.566451 -0.781970  0.839819 0.871974 1 55 1.000000
0  10.085730 0.238619 61.512474  -0.143942 0.582311 -0.800122  0.835845 0.839009 1 55 1.000000
trooper_shoulder
0  9.962582 0.927069 61.702145  -0.166532 0.227741 -0.959375  0.811428 0.835754 1 55 1.000000
0  11.221929 0.931003 61.356358  -0.333465 0.230947 -0.914038  0.814657 0.882379 1 55 1.000000
0  10.994179 0.237307 61.275692  -0.260110 0.566451 -0.781970  0.839819 0.871974 1 55 1.000000
trooper_shoulder
0  9.962582 0.927069 61.702145  -0.166532 0.227741 -0.959375  0.811428 0.835754 1 55 1.000000
0  10.196865 1.634367 61.806087  -0.206885 -0.031925 -0.977844  0.787019 0.843886 1 55 1.000000
0  11.221929 0.931003 61.356358  -0.333465 0.230947 -0.914038  0.814657 0.882379 1 55 1.000000
trooper_shoulder
0  10.196865 1.634367 61.806087  -0.206885 -0.031925 -0.977844  0.787019 0.843886 1 55 1.000000
0  11.457793 1.642521 61.460770  -0.365299 -0.010118 -0.930835  0.787385 0.890927 1 55 1.000000
0  11.221929 0.931003 61.356358  -0.333465 0.230947 -0.914038  0.814657 0.882379 1 55 1.000000
trooper_shoulder
0  10.313200 2.347390 61.576084  -0.196432 -0.241638 -0.950277  0.761462 0.849266 1 55 1.000000
0  11.457793 1.642521 61.460770  -0.365299 -0.010118 -0.930835  0.787385 0.890927 1 55 1.000000
0  10.196865 1.634367 61.806087  -0.206885 -0.031925 -0.977844  0.787019 0.843886 1 55 1.000000
trooper_shoulder
0  10.313200 2.347390 61.576084  -0.196432 -0.241638 -0.950277  0.761462 0.849266 1 55 1.000000
0  11.276427 2.345743 61.324986  -0.328972 -0.247101 -0.911437  0.760121 0.885535 1 55 1.000000
0  11.457793 1.642521 61.460770  -0.365299 -0.010118 -0.930835  0.787385 0.890927 1 55 1.000000
trooper_shoulder
0  10.313200 2.347390 61.576084  -0.196432 -0.241638 -0.950277  0.761462 0.849266 1 55 1.000000
0  10.136002 3.032848 61.465832  -0.138595 -0.575818 -0.805745  0.737381 0.842852 1 55 1.000000
0  11.276427 2.345743 61.324986  -0.328972 -0.247101 -0.911437  0.760121 0.885535 1 55 1.000000
trooper_shoulder
0  9.686672 -0.533448 60.338844  0.009982 0.934295 -0.356362  0.886252 0.824536 1 55 1.000000
0  9.440649 -0.128058 60.975060  0.034738 0.860681 -0.507958  0.858588 0.816535 1 55 1.000000
0  10.340522 -0.127880 60.817932  -0.123434 0.850442 -0.511383  0.863311 0.849356 1 55 1.000000
trooper_shoulder
0  9.440649 -0.128058 60.975060  0.034738 0.860681 -0.507958  0.858588 0.816535 1 55 1.000000
0  9.686672 -0.533448 60.338844  0.009982 0.934295 -0.356362  0.886252 0.824536 1 55 1.000000
0  8.345671 -0.124789 60.653088  0.164636 0.890523 -0.424104  0.865105 0.775520 1 55 1.000000
trooper_shoulder
0  8.106715 0.242198 61.256496  0.225042 0.625429 -0.747124  0.838002 0.770669 1 55 1.000000
0  9.440649 -0.128058 60.975060  0.034738 0.860681 -0.507958  0.858588 0.816535 1 55 1.000000
0  8.345671 -0.124789 60.653088  0.164636 0.890523 -0.424104  0.865105 0.775520 1 55 1.000000
trooper_shoulder
0  8.106715 0.242198 61.256496  0.225042 0.625429 -0.747124  0.838002 0.770669 1 55 1.000000
0  8.345671 -0.124789 60.653088  0.164636 0.890523 -0.424104  0.865105 0.775520 1 55 1.000000
0  7.002447 0.241562 60.925701  0.311778 0.637582 -0.704474  0.840302 0.728076 1 55 1.000000
trooper_shoulder
0  7.999271 0.940056 61.446018  0.277063 0.319607 -0.906139  0.811948 0.767616 1 55 1.000000
0  8.106715 0.242198 61.256496  0.225042 0.625429 -0.747124  0.838002 0.770669 1 55 1.000000
0  7.002447 0.241562 60.925701  0.311778 0.637582 -0.704474  0.840302 0.728076 1 55 1.000000
trooper_shoulder
0  7.999271 0.940056 61.446018  0.277063 0.319607 -0.906139  0.811948 0.767616 1 55 1.000000
0  7.002447 0.241562 60.925701  0.311778 0.637582 -0.704474  0.840302 0.728076 1 55 1.000000
0  6.817025 0.932779 61.057846  0.397199 0.298627 -0.867787  0.812985 0.721682 1 55 1.000000
trooper_shoulder
0  7.802658 1.638488 61.668247  0.308718 0.019892 -0.950945  0.785591 0.763238 1 55 1.000000
0  7.999271 0.940056 61.446018  0.277063 0.319607 -0.906139  0.811948 0.767616 1 55 1.000000
0  6.817025 0.932779 61.057846  0.397199 0.298627 -0.867787  0.812985 0.721682 1 55 1.000000
trooper_shoulder
0  7.802658 1.638488 61.668247  0.308718 0.019892 -0.950945  0.785591 0.763238 1 55 1.000000
0  6.817025 0.932779 61.057846  0.397199 0.298627 -0.867787  0.812985 0.721682 1 55 1.000000
0  6.626825 1.629219 61.219486  0.458617 -0.007402 -0.888603  0.784918 0.717571 1 55 1.000000
trooper_shoulder
0  6.819623 2.323867 61.046738  0.411679 -0.309105 -0.857307  0.756971 0.722834 1 55 1.000000
0  7.802658 1.638488 61.668247  0.308718 0.019892 -0.950945  0.785591 0.763238 1 55 1.000000
0  6.626825 1.629219 61.219486  0.458617 -0.007402 -0.888603  0.784918 0.717571 1 55 1.000000
trooper_shoulder
0  6.626825 1.629219 61.219486  0.458617 -0.007402 -0.888603  0.784918 0.717571 1 55 1.000000
0  5.810086 2.325139 60.456043  0.542841 -0.232305 -0.807067  0.752290 0.674388 1 55 1.000000
0  6.819623 2.323867 61.046738  0.411679 -0.309105 -0.857307  0.756971 0.722834 1 55 1.000000
trooper_shoulder
0  6.819623 2.323867 61.046738  0.411679 -0.309105 -0.857307  0.756971 0.722834 1 55 1.000000
0  5.810086 2.325139 60.456043  0.542841 -0.232305 -0.807067  0.752290 0.674388 1 55 1.000000
0  5.980118 2.995854 60.310085  0.385196 -0.656615 -0.648445  0.721689 0.681398 1 55 1.000000
trooper_shoulder
0  5.810086 2.325139 60.456043  0.542841 -0.232305 -0.807067  0.752290 0.674388 1 55 1.000000
0  4.961504 3.007714 59.697521  0.472400 -0.530101 -0.704153  0.712148 0.623493 1 55 1.000000
0  5.980118 2.995854 60.310085  0.385196 -0.656615 -0.648445  0.721689 0.681398 1 55 1.000000
trooper_shoulder
0  4.961504 3.007714 59.697521  0.472400 -0.530101 -0.704153  0.712148 0.623493 1 55 1.000000
0  5.825425 3.351008 59.330971  0.210242 -0.912423 -0.351116  0.676566 0.660630 1 55 1.000000
0  5.980118 2.995854 60.310085  0.385196 -0.656615 -0.648445  0.721689 0.681398 1 55 1.000000
trooper_shoulder
0  5.980118 2.995854 60.310085  0.385196 -0.656615 -0.648445  0.721689 0.681398 1 55 1.000000
0  5.825425 3.351008 59.330971  0.210242 -0.912423 -0.351116  0.676566 0.660630 1 55 1.000000
0  6.857953 3.363803 59.932442  0.202512 -0.914099 -0.351299  0.690349 0.714330 1 55 1.000000
trooper_shoulder
0  5.825425 3.351008 59.330971  0.210242 -0.912423 -0.351116  0.676566 0.660630 1 55 1.000000
0  6.726942 3.761393 58.735710  0.156556 -0.954368 -0.254305  0.638397 0.699112 1 55 1.000000
0  6.857953 3.363803 59.932442  0.202512 -0.914099 -0.351299  0.690349 0.714330 1 55 1.000000
trooper_shoulder
0  6.726942 3.761393 58.735710  0.156556 -0.954368 -0.254305  0.638397 0.699112 1 55 1.000000
0  8.208009 3.766584 59.621796  0.126123 -0.963257 -0.237126  0.664693 0.769199 1 55 1.000000
0  6.857953 3.363803 59.932442  0.202512 -0.914099 -0.351299  0.690349 0.714330 1 55 1.000000
trooper_shoulder
0  6.726942 3.761393 58.735710  0.156556 -0.954368 -0.254305  0.638397 0.699112 1 55 1.000000
0  7.748266 3.860050 58.302013  0.061037 -0.993528 -0.095793  0.613719 0.745308 1 55 1.000000
0  8.208009 3.766584 59.621796  0.126123 -0.963257 -0.237126  0.664693 0.769199 1 55 1.000000
trooper_shoulder
0  8.208009 3.766584 59.621796  0.126123 -0.963257 -0.237126  0.664693 0.769199 1 55 1.000000
0  7.748266 3.860050 58.302013  0.061037 -0.993528 -0.095793  0.613719 0.745308 1 55 1.000000
0  9.232317 3.868236 59.167591  0.034332 -0.995331 -0.090205  0.643654 0.809534 1 55 1.000000
trooper_shoulder
0  6.626825 1.629219 61.219486  0.458617 -0.007402 -0.888603  0.784918 0.717571 1 55 1.000000
0  5.767006 1.618752 60.565628  0.604494 -0.005125 -0.796593  0.784349 0.673564 1 55 1.000000
0  5.810086 2.325139 60.456043  0.542841 -0.232305 -0.807067  0.752290 0.674388 1 55 1.000000
trooper_shoulder
0  5.813968 0.912194 60.468342  0.541922 0.219154 -0.811352  0.816384 0.673388 1 55 1.000000
0  5.767006 1.618752 60.565628  0.604494 -0.005125 -0.796593  0.784349 0.673564 1 55 1.000000
0  6.626825 1.629219 61.219486  0.458617 -0.007402 -0.888603  0.784918 0.717571 1 55 1.000000
trooper_shoulder
0  5.813968 0.912194 60.468342  0.541922 0.219154 -0.811352  0.816384 0.673388 1 55 1.000000
0  6.626825 1.629219 61.219486  0.458617 -0.007402 -0.888603  0.784918 0.717571 1 55 1.000000
0  6.817025 0.932779 61.057846  0.397199 0.298627 -0.867787  0.812985 0.721682 1 55 1.000000
trooper_shoulder
0  5.982948 0.241095 60.335552  0.377729 0.656376 -0.653063  0.847049 0.679376 1 55 1.000000
0  5.813968 0.912194 60.468342  0.541922 0.219154 -0.811352  0.816384 0.673388 1 55 1.000000
0  6.817025 0.932779 61.057846  0.397199 0.298627 -0.867787  0.812985 0.721682 1 55 1.000000
trooper_shoulder
0  5.982948 0.241095 60.335552  0.377729 0.656376 -0.653063  0.847049 0.679376 1 55 1.000000
0  6.817025 0.932779 61.057846  0.397199 0.298627 -0.867787  0.812985 0.721682 1 55 1.000000
0  7.002447 0.241562 60.925701  0.311778 0.637582 -0.704474  0.840302 0.728076 1 55 1.000000
trooper_shoulder
0  6.836510 -0.109674 59.927937  0.195525 0.917534 -0.346267  0.879794 0.709851 1 55 1.000000
0  5.982948 0.241095 60.335552  0.377729 0.656376 -0.653063  0.847049 0.679376 1 55 1.000000
0  7.002447 0.241562 60.925701  0.311778 0.637582 -0.704474  0.840302 0.728076 1 55 1.000000
trooper_shoulder
0  6.836510 -0.109674 59.927937  0.195525 0.917534 -0.346267  0.879794 0.709851 1 55 1.000000
0  7.002447 0.241562 60.925701  0.311778 0.637582 -0.704474  0.840302 0.728076 1 55 1.000000
0  8.345671 -0.124789 60.653088  0.164636 0.890523 -0.424104  0.865105 0.775520 1 55 1.000000
trooper_shoulder
0  8.195842 -0.517764 59.622543  0.134511 0.960788 -0.242473  0.907321 0.764027 1 55 1.000000
0  6.836510 -0.109674 59.927937  0.195525 0.917534 -0.346267  0.879794 0.709851 1 55 1.000000
0  8.345671 -0.124789 60.653088  0.164636 0.890523 -0.424104  0.865105 0.775520 1 55 1.000000
trooper_shoulder
0  8.195842 -0.517764 59.622543  0.134511 0.960788 -0.242473  0.907321 0.764027 1 55 1.000000
0  8.345671 -0.124789 60.653088  0.164636 0.890523 -0.424104  0.865105 0.775520 1 55 1.000000
0  9.686672 -0.533448 60.338844  0.009982 0.934295 -0.356362  0.886252 0.824536 1 55 1.000000
trooper_shoulder
0  8.195842 -0.517764 59.622543  0.134511 0.960788 -0.242473  0.907321 0.764027 1 55 1.000000
0  9.686672 -0.533448 60.338844  0.009982 0.934295 -0.356362  0.886252 0.824536 1 55 1.000000
0  9.237063 -0.638407 59.195160  0.039757 0.993620 -0.105543  0.929202 0.804332 1 55 1.000000
trooper_shoulder
0  10.776189 -0.635358 59.425983  -0.021583 0.990434 -0.136287  0.921373 0.867366 1 55 1.000000
0  9.237063 -0.638407 59.195160  0.039757 0.993620 -0.105543  0.929202 0.804332 1 55 1.000000
0  9.686672 -0.533448 60.338844  0.009982 0.934295 -0.356362  0.886252 0.824536 1 55 1.000000
trooper_shoulder
0  10.776189 -0.635358 59.425983  -0.021583 0.990434 -0.136287  0.921373 0.867366 1 55 1.000000
0  9.686672 -0.533448 60.338844  0.009982 0.934295 -0.356362  0.886252 0.824536 1 55 1.000000
0  11.175151 -0.516099 59.949081  -0.102579 0.929903 -0.353210  0.899197 0.883478 1 55 1.000000
trooper_shoulder
0  11.175151 -0.516099 59.949081  -0.102579 0.929903 -0.353210  0.899197 0.883478 1 55 1.000000
0  9.686672 -0.533448 60.338844  0.009982 0.934295 -0.356362  0.886252 0.824536 1 55 1.000000
0  10.340522 -0.127880 60.817932  -0.123434 0.850442 -0.511383  0.863311 0.849356 1 55 1.000000
trooper_shoulder
0  11.835228 -0.117832 60.420391  -0.206514 0.810315 -0.548399  0.872626 0.910455 1 55 1.000000
0  11.175151 -0.516099 59.949081  -0.102579 0.929903 -0.353210  0.899197 0.883478 1 55 1.000000
0  10.340522 -0.127880 60.817932  -0.123434 0.850442 -0.511383  0.863311 0.849356 1 55 1.000000
trooper_shoulder
0  11.835228 -0.117832 60.420391  -0.206514 0.810315 -0.548399  0.872626 0.910455 1 55 1.000000
0  10.340522 -0.127880 60.817932  -0.123434 0.850442 -0.511383  0.863311 0.849356 1 55 1.000000
0  10.994179 0.237307 61.275692  -0.260110 0.566451 -0.781970  0.839819 0.871974 1 55 1.000000
trooper_shoulder
0  11.835228 -0.117832 60.420391  -0.206514 0.810315 -0.548399  0.872626 0.910455 1 55 1.000000
0  10.994179 0.237307 61.275692  -0.260110 0.566451 -0.781970  0.839819 0.871974 1 55 1.000000
0  12.044499 0.232599 60.788612  -0.353882 0.531617 -0.769513  0.849387 0.917711 1 55 1.000000
trooper_shoulder
0  11.221929 0.931003 61.356358  -0.333465 0.230947 -0.914038  0.814657 0.882379 1 55 1.000000
0  12.044499 0.232599 60.788612  -0.353882 0.531617 -0.769513  0.849387 0.917711 1 55 1.000000
0  10.994179 0.237307 61.275692  -0.260110 0.566451 -0.781970  0.839819 0.871974 1 55 1.000000
trooper_shoulder
0  11.221929 0.931003 61.356358  -0.333465 0.230947 -0.914038  0.814657 0.882379 1 55 1.000000
0  12.269417 0.928225 60.875031  -0.439934 0.205348 -0.874237  0.819876 0.929116 1 55 1.000000
0  12.044499 0.232599 60.788612  -0.353882 0.531617 -0.769513  0.849387 0.917711 1 55 1.000000
trooper_shoulder
0  12.269417 0.928225 60.875031  -0.439934 0.205348 -0.874237  0.819876 0.929116 1 55 1.000000
0  13.108484 0.228383 60.297241  -0.382095 0.500270 -0.777003  0.861587 0.974909 1 55 1.000000
0  12.044499 0.232599 60.788612  -0.353882 0.531617 -0.769513  0.849387 0.917711 1 55 1.000000
trooper_shoulder
0  12.891657 -0.125137 59.922791  -0.270419 0.762528 -0.587729  0.888403 0.963162 1 55 1.000000
0  12.044499 0.232599 60.788612  -0.353882 0.531617 -0.769513  0.849387 0.917711 1 55 1.000000
0  13.108484 0.228383 60.297241  -0.382095 0.500270 -0.777003  0.861587 0.974909 1 55 1.000000
trooper_shoulder
0  12.891657 -0.125137 59.922791  -0.270419 0.762528 -0.587729  0.888403 0.963162 1 55 1.000000
0  11.835228 -0.117832 60.420391  -0.206514 0.810315 -0.548399  0.872626 0.910455 1 55 1.000000
0  12.044499 0.232599 60.788612  -0.353882 0.531617 -0.769513  0.849387 0.917711 1 55 1.000000
trooper_shoulder
0  12.674726 -0.505774 59.544422  -0.164446 0.891121 -0.422920  0.915661 0.953273 1 55 1.000000
0  11.835228 -0.117832 60.420391  -0.206514 0.810315 -0.548399  0.872626 0.910455 1 55 1.000000
0  12.891657 -0.125137 59.922791  -0.270419 0.762528 -0.587729  0.888403 0.963162 1 55 1.000000
trooper_shoulder
0  12.674726 -0.505774 59.544422  -0.164446 0.891121 -0.422920  0.915661 0.953273 1 55 1.000000
0  11.175151 -0.516099 59.949081  -0.102579 0.929903 -0.353210  0.899197 0.883478 1 55 1.000000
0  11.835228 -0.117832 60.420391  -0.206514 0.810315 -0.548399  0.872626 0.910455 1 55 1.000000
trooper_shoulder
0  12.280693 -0.618834 59.026707  -0.056651 0.982274 -0.178688  0.939847 0.931486 1 55 1.000000
0  11.175151 -0.516099 59.949081  -0.102579 0.929903 -0.353210  0.899197 0.883478 1 55 1.000000
0  12.674726 -0.505774 59.544422  -0.164446 0.891121 -0.422920  0.915661 0.953273 1 55 1.000000
trooper_shoulder
0  12.280693 -0.618834 59.026707  -0.056651 0.982274 -0.178688  0.939847 0.931486 1 55 1.000000
0  10.776189 -0.635358 59.425983  -0.021583 0.990434 -0.136287  0.921373 0.867366 1 55 1.000000
0  11.175151 -0.516099 59.949081  -0.102579 0.929903 -0.353210  0.899197 0.883478 1 55 1.000000
trooper_shoulder
0  11.871242 -0.749199 58.466068  -0.026403 0.988728 -0.147378  0.961138 0.910508 1 55 1.000000
0  10.776189 -0.635358 59.425983  -0.021583 0.990434 -0.136287  0.921373 0.867366 1 55 1.000000
0  12.280693 -0.618834 59.026707  -0.056651 0.982274 -0.178688  0.939847 0.931486 1 55 1.000000
trooper_shoulder
0  11.871242 -0.749199 58.466068  -0.026403 0.988728 -0.147378  0.961138 0.910508 1 55 1.000000
0  10.327900 -0.751475 58.047215  0.012150 0.995700 -0.091841  0.976158 0.847816 1 55 1.000000
0  10.776189 -0.635358 59.425983  -0.021583 0.990434 -0.136287  0.921373 0.867366 1 55 1.000000
trooper_shoulder
0  10.776189 -0.635358 59.425983  -0.021583 0.990434 -0.136287  0.921373 0.867366 1 55 1.000000
0  10.327900 -0.751475 58.047215  0.012150 0.995700 -0.091841  0.976158 0.847816 1 55 1.000000
0  9.237063 -0.638407 59.195160  0.039757 0.993620 -0.105543  0.929202 0.804332 1 55 1.000000
trooper_shoulder
0  10.327900 -0.751475 58.047215  0.012150 0.995700 -0.091841  0.976158 0.847816 1 55 1.000000
0  8.782686 -0.755828 57.999008  0.048949 0.992045 -0.115979  0.976874 0.782226 1 55 1.000000
0  9.237063 -0.638407 59.195160  0.039757 0.993620 -0.105543  0.929202 0.804332 1 55 1.000000
trooper_shoulder
0  7.727538 -0.628703 58.289806  0.074126 0.990813 -0.113115  0.957751 0.737433 1 55 1.000000
0  9.237063 -0.638407 59.195160  0.039757 0.993620 -0.105543  0.929202 0.804332 1 55 1.000000
0  8.782686 -0.755828 57.999008  0.048949 0.992045 -0.115979  0.976874 0.782226 1 55 1.000000
trooper_shoulder
0  7.727538 -0.628703 58.289806  0.074126 0.990813 -0.113115  0.957751 0.737433 1 55 1.000000
0  8.195842 -0.517764 59.622543  0.134511 0.960788 -0.242473  0.907321 0.764027 1 55 1.000000
0  9.237063 -0.638407 59.195160  0.039757 0.993620 -0.105543  0.929202 0.804332 1 55 1.000000
trooper_shoulder
0  6.685739 -0.510354 58.698002  0.155329 0.953864 -0.256937  0.931741 0.692274 1 55 1.000000
0  8.195842 -0.517764 59.622543  0.134511 0.960788 -0.242473  0.907321 0.764027 1 55 1.000000
0  7.727538 -0.628703 58.289806  0.074126 0.990813 -0.113115  0.957751 0.737433 1 55 1.000000
trooper_shoulder
0  6.685739 -0.510354 58.698002  0.155329 0.953864 -0.256937  0.931741 0.692274 1 55 1.000000
0  6.836510 -0.109674 59.927937  0.195525 0.917534 -0.346267  0.879794 0.709851 1 55 1.000000
0  8.195842 -0.517764 59.622543  0.134511 0.960788 -0.242473  0.907321 0.764027 1 55 1.000000
trooper_shoulder
0  6.685739 -0.510354 58.698002  0.155329 0.953864 -0.256937  0.931741 0.692274 1 55 1.000000
0  5.805247 -0.115041 59.326546  0.191266 0.918732 -0.345469  0.892719 0.656092 1 55 1.000000
0  6.836510 -0.109674 59.927937  0.195525 0.917534 -0.346267  0.879794 0.709851 1 55 1.000000
trooper_shoulder
0  6.836510 -0.109674 59.927937  0.195525 0.917534 -0.346267  0.879794 0.709851 1 55 1.000000
0  5.805247 -0.115041 59.326546  0.191266 0.918732 -0.345469  0.892719 0.656092 1 55 1.000000
0  5.982948 0.241095 60.335552  0.377729 0.656376 -0.653063  0.847049 0.679376 1 55 1.000000
trooper_shoulder
0  5.805247 -0.115041 59.326546  0.191266 0.918732 -0.345469  0.892719 0.656092 1 55 1.000000
0  4.967860 0.211755 59.723679  0.463475 0.536604 -0.705158  0.855523 0.620524 1 55 1.000000
0  5.982948 0.241095 60.335552  0.377729 0.656376 -0.653063  0.847049 0.679376 1 55 1.000000
trooper_shoulder
0  4.967860 0.211755 59.723679  0.463475 0.536604 -0.705158  0.855523 0.620524 1 55 1.000000
0  5.813968 0.912194 60.468342  0.541922 0.219154 -0.811352  0.816384 0.673388 1 55 1.000000
0  5.982948 0.241095 60.335552  0.377729 0.656376 -0.653063  0.847049 0.679376 1 55 1.000000
trooper_shoulder
0  4.967860 0.211755 59.723679  0.463475 0.536604 -0.705158  0.855523 0.620524 1 55 1.000000
0  4.935718 0.884064 59.799797  0.597367 0.133291 -0.790814  0.820311 0.621328 1 55 1.000000
0  5.813968 0.912194 60.468342  0.541922 0.219154 -0.811352  0.816384 0.673388 1 55 1.000000
trooper_shoulder
0  5.813968 0.912194 60.468342  0.541922 0.219154 -0.811352  0.816384 0.673388 1 55 1.000000
0  4.935718 0.884064 59.799797  0.597367 0.133291 -0.790814  0.820311 0.621328 1 55 1.000000
0  5.767006 1.618752 60.565628  0.604494 -0.005125 -0.796593  0.784349 0.673564 1 55 1.000000
trooper_shoulder
0  4.935718 0.884064 59.799797  0.597367 0.133291 -0.790814  0.820311 0.621328 1 55 1.000000
0  4.876972 1.607795 59.892712  0.603121 -0.004917 -0.797635  0.783595 0.620062 1 55 1.000000
0  5.767006 1.618752 60.565628  0.604494 -0.005125 -0.796593  0.784349 0.673564 1 55 1.000000
trooper_shoulder
0  5.767006 1.618752 60.565628  0.604494 -0.005125 -0.796593  0.784349 0.673564 1 55 1.000000
0  4.876972 1.607795 59.892712  0.603121 -0.004917 -0.797635  0.783595 0.620062 1 55 1.000000
0  4.931895 2.331691 59.787224  0.598580 -0.144799 -0.787867  0.746960 0.622689 1 55 1.000000
trooper_shoulder
0  5.810086 2.325139 60.456043  0.542841 -0.232305 -0.807067  0.752290 0.674388 1 55 1.000000
0  5.767006 1.618752 60.565628  0.604494 -0.005125 -0.796593  0.784349 0.673564 1 55 1.000000
0  4.931895 2.331691 59.787224  0.598580 -0.144799 -0.787867  0.746960 0.622689 1 55 1.000000
trooper_shoulder
0  5.810086 2.325139 60.456043  0.542841 -0.232305 -0.807067  0.752290 0.674388 1 55 1.000000
0  4.931895 2.331691 59.787224  0.598580 -0.144799 -0.787867  0.746960 0.622689 1 55 1.000000
0  4.961504 3.007714 59.697521  0.472400 -0.530101 -0.704153  0.712148 0.623493 1 55 1.000000
trooper_shoulder
0  9.997253 0.878146 61.903400  0.165131 -0.232986 0.958358  0.303252 0.364960 1 55 1.000000
0  11.048878 0.118637 61.440098  0.260487 -0.565104 0.782818  0.239953 0.293157 1 55 1.000000
0  11.291670 0.881640 61.548176  0.332129 -0.235084 0.913469  0.211004 0.344455 1 55 1.000000
trooper_shoulder
0  8.945627 1.637655 62.198936  -0.085349 0.006529 0.996330  0.362623 0.427697 1 55 1.000000
0  9.997253 0.878146 61.903400  0.165131 -0.232986 0.958358  0.303252 0.364960 1 55 1.000000
0  10.240041 1.641151 62.011497  0.205604 0.032306 0.978102  0.278750 0.413819 1 55 1.000000
trooper_shoulder
0  9.997253 0.878146 61.903400  0.165131 -0.232986 0.958358  0.303252 0.364960 1 55 1.000000
0  11.291670 0.881640 61.548176  0.332129 -0.235084 0.913469  0.211004 0.344455 1 55 1.000000
0  10.240041 1.641151 62.011497  0.205604 0.032306 0.978102  0.278750 0.413819 1 55 1.000000
trooper_shoulder
0  10.240041 1.641151 62.011497  0.205604 0.032306 0.978102  0.278750 0.413819 1 55 1.000000
0  11.291670 0.881640 61.548176  0.332129 -0.235084 0.913469  0.211004 0.344455 1 55 1.000000
0  11.534463 1.644644 61.656265  0.365103 0.010123 0.930912  0.185523 0.398131 1 55 1.000000
trooper_shoulder
0  7.738015 1.634248 61.868008  -0.307822 -0.020217 0.951229  0.443234 0.441993 1 55 1.000000
0  6.530404 1.630842 61.406044  -0.459185 0.007761 0.888307  0.533412 0.458072 1 55 1.000000
0  6.733662 0.869235 61.239803  -0.396981 -0.302614 0.866505  0.534392 0.398193 1 55 1.000000
trooper_shoulder
0  7.738015 1.634248 61.868008  -0.307822 -0.020217 0.951229  0.443234 0.441993 1 55 1.000000
0  6.733662 0.869235 61.239803  -0.396981 -0.302614 0.866505  0.534392 0.398193 1 55 1.000000
0  7.941276 0.872644 61.636234  -0.276192 -0.321027 0.905903  0.443344 0.384945 1 55 1.000000
trooper_shoulder
0  8.945627 1.637655 62.198936  -0.085349 0.006529 0.996330  0.362623 0.427697 1 55 1.000000
0  7.738015 1.634248 61.868008  -0.307822 -0.020217 0.951229  0.443234 0.441993 1 55 1.000000
0  7.941276 0.872644 61.636234  -0.276192 -0.321027 0.905903  0.443344 0.384945 1 55 1.000000
trooper_shoulder
0  8.945627 1.637655 62.198936  -0.085349 0.006529 0.996330  0.362623 0.427697 1 55 1.000000
0  7.941276 0.872644 61.636234  -0.276192 -0.321027 0.905903  0.443344 0.384945 1 55 1.000000
0  9.063933 0.875898 61.976131  -0.101268 -0.293740 0.950506  0.364385 0.376632 1 55 1.000000
trooper_shoulder
0  8.945627 1.637655 62.198936  -0.085349 0.006529 0.996330  0.362623 0.427697 1 55 1.000000
0  9.063933 0.875898 61.976131  -0.101268 -0.293740 0.950506  0.364385 0.376632 1 55 1.000000
0  9.997253 0.878146 61.903400  0.165131 -0.232986 0.958358  0.303252 0.364960 1 55 1.000000
trooper_shoulder
0  9.063933 0.875898 61.976131  -0.101268 -0.293740 0.950506  0.364385 0.376632 1 55 1.000000
0  10.115562 0.116391 61.680599  0.142067 -0.582053 0.800644  0.305287 0.310688 1 55 1.000000
0  9.997253 0.878146 61.903400  0.165131 -0.232986 0.958358  0.303252 0.364960 1 55 1.000000
trooper_shoulder
0  9.997253 0.878146 61.903400  0.165131 -0.232986 0.958358  0.303252 0.364960 1 55 1.000000
0  10.115562 0.116391 61.680599  0.142067 -0.582053 0.800644  0.305287 0.310688 1 55 1.000000
0  11.048878 0.118637 61.440098  0.260487 -0.565104 0.782818  0.239953 0.293157 1 55 1.000000
trooper_shoulder
0  10.366632 -0.305523 60.926826  0.124356 -0.845915 0.518617  0.293794 0.247492 1 55 1.000000
0  11.048878 0.118637 61.440098  0.260487 -0.565104 0.782818  0.239953 0.293157 1 55 1.000000
0  10.115562 0.116391 61.680599  0.142067 -0.582053 0.800644  0.305287 0.310688 1 55 1.000000
trooper_shoulder
0  9.684383 -0.729681 60.413589  -0.010912 -0.934466 0.355885  0.353015 0.205830 1 55 1.000000
0  10.366632 -0.305523 60.926826  0.124356 -0.845915 0.518617  0.293794 0.247492 1 55 1.000000
0  9.433316 -0.307768 61.083458  -0.034925 -0.855792 0.516140  0.360341 0.267072 1 55 1.000000
trooper_shoulder
0  10.366632 -0.305523 60.926826  0.124356 -0.845915 0.518617  0.293794 0.247492 1 55 1.000000
0  10.115562 0.116391 61.680599  0.142067 -0.582053 0.800644  0.305287 0.310688 1 55 1.000000
0  9.433316 -0.307768 61.083458  -0.034925 -0.855792 0.516140  0.360341 0.267072 1 55 1.000000
trooper_shoulder
0  9.433316 -0.307768 61.083458  -0.034925 -0.855792 0.516140  0.360341 0.267072 1 55 1.000000
0  10.115562 0.116391 61.680599  0.142067 -0.582053 0.800644  0.305287 0.310688 1 55 1.000000
0  9.182243 0.114142 61.753319  -0.083177 -0.594517 0.799769  0.365755 0.323990 1 55 1.000000
trooper_shoulder
0  9.063933 0.875898 61.976131  -0.101268 -0.293740 0.950506  0.364385 0.376632 1 55 1.000000
0  9.182243 0.114142 61.753319  -0.083177 -0.594517 0.799769  0.365755 0.323990 1 55 1.000000
0  10.115562 0.116391 61.680599  0.142067 -0.582053 0.800644  0.305287 0.310688 1 55 1.000000
trooper_shoulder
0  9.063933 0.875898 61.976131  -0.101268 -0.293740 0.950506  0.364385 0.376632 1 55 1.000000
0  8.059586 0.110887 61.413448  -0.224467 -0.625283 0.747419  0.446256 0.327952 1 55 1.000000
0  9.182243 0.114142 61.753319  -0.083177 -0.594517 0.799769  0.365755 0.323990 1 55 1.000000
trooper_shoulder
0  7.941276 0.872644 61.636234  -0.276192 -0.321027 0.905903  0.443344 0.384945 1 55 1.000000
0  8.059586 0.110887 61.413448  -0.224467 -0.625283 0.747419  0.446256 0.327952 1 55 1.000000
0  9.063933 0.875898 61.976131  -0.101268 -0.293740 0.950506  0.364385 0.376632 1 55 1.000000
trooper_shoulder
0  7.941276 0.872644 61.636234  -0.276192 -0.321027 0.905903  0.443344 0.384945 1 55 1.000000
0  6.936922 0.107632 61.073559  -0.312050 -0.637786 0.704168  0.531548 0.337519 1 55 1.000000
0  8.059586 0.110887 61.413448  -0.224467 -0.625283 0.747419  0.446256 0.327952 1 55 1.000000
trooper_shoulder
0  7.941276 0.872644 61.636234  -0.276192 -0.321027 0.905903  0.443344 0.384945 1 55 1.000000
0  6.733662 0.869235 61.239803  -0.396981 -0.302614 0.866505  0.534392 0.398193 1 55 1.000000
0  6.936922 0.107632 61.073559  -0.312050 -0.637786 0.704168  0.531548 0.337519 1 55 1.000000
trooper_shoulder
0  5.903984 0.102722 60.472340  -0.376039 -0.658943 0.651452  0.627798 0.340953 1 55 1.000000
0  6.936922 0.107632 61.073559  -0.312050 -0.637786 0.704168  0.531548 0.337519 1 55 1.000000
0  6.733662 0.869235 61.239803  -0.396981 -0.302614 0.866505  0.534392 0.398193 1 55 1.000000
trooper_shoulder
0  5.903984 0.102722 60.472340  -0.376039 -0.658943 0.651452  0.627798 0.340953 1 55 1.000000
0  6.733662 0.869235 61.239803  -0.396981 -0.302614 0.866505  0.534392 0.398193 1 55 1.000000
0  5.700720 0.864328 60.638577  -0.539288 -0.227948 0.810684  0.628970 0.409343 1 55 1.000000
trooper_shoulder
0  4.871044 0.097813 59.871143  -0.461056 -0.542583 0.702162  0.735164 0.349615 1 55 1.000000
0  5.903984 0.102722 60.472340  -0.376039 -0.658943 0.651452  0.627798 0.340953 1 55 1.000000
0  5.700720 0.864328 60.638577  -0.539288 -0.227948 0.810684  0.628970 0.409343 1 55 1.000000
trooper_shoulder
0  4.871044 0.097813 59.871143  -0.461056 -0.542583 0.702162  0.735164 0.349615 1 55 1.000000
0  5.700720 0.864328 60.638577  -0.539288 -0.227948 0.810684  0.628970 0.409343 1 55 1.000000
0  4.810681 0.853316 59.965672  -0.595429 -0.146418 0.789953  0.727262 0.420309 1 55 1.000000
trooper_shoulder
0  5.700720 0.864328 60.638577  -0.539288 -0.227948 0.810684  0.628970 0.409343 1 55 1.000000
0  5.640358 1.619831 60.733120  -0.603116 0.005140 0.797637  0.619025 0.472834 1 55 1.000000
0  4.810681 0.853316 59.965672  -0.595429 -0.146418 0.789953  0.727262 0.420309 1 55 1.000000
trooper_shoulder
0  4.810681 0.853316 59.965672  -0.595429 -0.146418 0.789953  0.727262 0.420309 1 55 1.000000
0  5.640358 1.619831 60.733120  -0.603116 0.005140 0.797637  0.619025 0.472834 1 55 1.000000
0  4.750318 1.608821 60.060211  -0.603112 0.004917 0.797641  0.715324 0.489440 1 55 1.000000
trooper_shoulder
0  5.640358 1.619831 60.733120  -0.603116 0.005140 0.797637  0.619025 0.472834 1 55 1.000000
0  4.806555 2.364569 59.952465  -0.596879 0.156592 0.786902  0.703015 0.558619 1 55 1.000000
0  4.750318 1.608821 60.060211  -0.603112 0.004917 0.797641  0.715324 0.489440 1 55 1.000000
trooper_shoulder
0  5.696596 2.375581 60.625393  -0.540430 0.240199 0.806374  0.606778 0.536071 1 55 1.000000
0  4.806555 2.364569 59.952465  -0.596879 0.156592 0.786902  0.703015 0.558619 1 55 1.000000
0  5.640358 1.619831 60.733120  -0.603116 0.005140 0.797637  0.619025 0.472834 1 55 1.000000
trooper_shoulder
0  5.696596 2.375581 60.625393  -0.540430 0.240199 0.806374  0.606778 0.536071 1 55 1.000000
0  4.862789 3.120321 59.844730  -0.470086 0.536227 0.701056  0.686443 0.627812 1 55 1.000000
0  4.806555 2.364569 59.952465  -0.596879 0.156592 0.786902  0.703015 0.558619 1 55 1.000000
trooper_shoulder
0  5.696596 2.375581 60.625393  -0.540430 0.240199 0.806374  0.606778 0.536071 1 55 1.000000
0  5.899494 3.134230 60.445911  -0.383935 0.658947 0.646825  0.582229 0.599939 1 55 1.000000
0  4.862789 3.120321 59.844730  -0.470086 0.536227 0.701056  0.686443 0.627812 1 55 1.000000
trooper_shoulder
0  6.794542 -0.300735 60.004318  -0.199439 -0.913265 0.355206  0.581873 0.259931 1 55 1.000000
0  6.936922 0.107632 61.073559  -0.312050 -0.637786 0.704168  0.531548 0.337519 1 55 1.000000
0  5.903984 0.102722 60.472340  -0.376039 -0.658943 0.651452  0.627798 0.340953 1 55 1.000000
trooper_shoulder
0  8.059586 0.110887 61.413448  -0.224467 -0.625283 0.747419  0.446256 0.327952 1 55 1.000000
0  6.936922 0.107632 61.073559  -0.312050 -0.637786 0.704168  0.531548 0.337519 1 55 1.000000
0  8.310653 -0.311024 60.743565  -0.166769 -0.886855 0.430901  0.446592 0.266455 1 55 1.000000
trooper_shoulder
0  6.794542 -0.300735 60.004318  -0.199439 -0.913265 0.355206  0.581873 0.259931 1 55 1.000000
0  8.310653 -0.311024 60.743565  -0.166769 -0.886855 0.430901  0.446592 0.266455 1 55 1.000000
0  6.936922 0.107632 61.073559  -0.312050 -0.637786 0.704168  0.531548 0.337519 1 55 1.000000
trooper_shoulder
0  8.168271 -0.719391 59.674324  -0.134244 -0.960748 0.242777  0.484910 0.182459 1 55 1.000000
0  8.310653 -0.311024 60.743565  -0.166769 -0.886855 0.430901  0.446592 0.266455 1 55 1.000000
0  6.794542 -0.300735 60.004318  -0.199439 -0.913265 0.355206  0.581873 0.259931 1 55 1.000000
trooper_shoulder
0  7.712638 -0.836665 58.314865  -0.075762 -0.990470 0.115017  0.559078 0.089005 1 55 1.000000
0  9.228750 -0.846954 59.218323  -0.039918 -0.993324 0.108231  0.409371 0.119914 1 55 1.000000
0  8.168271 -0.719391 59.674324  -0.134244 -0.960748 0.242777  0.484910 0.182459 1 55 1.000000
trooper_shoulder
0  6.652157 -0.709106 58.756878  -0.155561 -0.953864 0.256796  0.637372 0.163516 1 55 1.000000
0  7.712638 -0.836665 58.314865  -0.075762 -0.990470 0.115017  0.559078 0.089005 1 55 1.000000
0  8.168271 -0.719391 59.674324  -0.134244 -0.960748 0.242777  0.484910 0.182459 1 55 1.000000
trooper_shoulder
0  6.652157 -0.709106 58.756878  -0.155561 -0.953864 0.256796  0.637372 0.163516 1 55 1.000000
0  8.168271 -0.719391 59.674324  -0.134244 -0.960748 0.242777  0.484910 0.182459 1 55 1.000000
0  6.794542 -0.300735 60.004318  -0.199439 -0.913265 0.355206  0.581873 0.259931 1 55 1.000000
trooper_shoulder
0  6.652157 -0.709106 58.756878  -0.155561 -0.953864 0.256796  0.637372 0.163516 1 55 1.000000
0  6.794542 -0.300735 60.004318  -0.199439 -0.913265 0.355206  0.581873 0.259931 1 55 1.000000
0  5.761596 -0.305646 59.403095  -0.202766 -0.912292 0.355822  0.689822 0.256984 1 55 1.000000
trooper_shoulder
0  6.794542 -0.300735 60.004318  -0.199439 -0.913265 0.355206  0.581873 0.259931 1 55 1.000000
0  5.903984 0.102722 60.472340  -0.376039 -0.658943 0.651452  0.627798 0.340953 1 55 1.000000
0  5.761596 -0.305646 59.403095  -0.202766 -0.912292 0.355822  0.689822 0.256984 1 55 1.000000
trooper_shoulder
0  5.761596 -0.305646 59.403095  -0.202766 -0.912292 0.355822  0.689822 0.256984 1 55 1.000000
0  5.903984 0.102722 60.472340  -0.376039 -0.658943 0.651452  0.627798 0.340953 1 55 1.000000
0  4.871044 0.097813 59.871143  -0.461056 -0.542583 0.702162  0.735164 0.349615 1 55 1.000000
trooper_shoulder
0  12.168259 3.151384 60.905128  0.354398 0.544409 0.760276  0.105097 0.512899 1 55 1.000000
0  11.156082 3.152441 61.376183  0.259746 0.576259 0.774892  0.192699 0.513818 1 55 1.000000
0  11.345269 2.398542 61.516220  0.327838 0.251431 0.910662  0.187216 0.455913 1 55 1.000000
trooper_shoulder
0  11.910067 3.562228 60.473106  0.202849 0.816844 0.540017  0.109902 0.567254 1 55 1.000000
0  11.156082 3.152441 61.376183  0.259746 0.576259 0.774892  0.192699 0.513818 1 55 1.000000
0  12.168259 3.151384 60.905128  0.354398 0.544409 0.760276  0.105097 0.512899 1 55 1.000000
trooper_shoulder
0  11.910067 3.562228 60.473106  0.202849 0.816844 0.540017  0.109902 0.567254 1 55 1.000000
0  10.413729 3.564886 60.874226  0.121433 0.853524 0.506706  0.232243 0.575300 1 55 1.000000
0  11.156082 3.152441 61.376183  0.259746 0.576259 0.774892  0.192699 0.513818 1 55 1.000000
trooper_shoulder
0  11.167711 3.974673 59.971149  0.091328 0.937969 0.334476  0.154812 0.636296 1 55 1.000000
0  10.413729 3.564886 60.874226  0.121433 0.853524 0.506706  0.232243 0.575300 1 55 1.000000
0  11.910067 3.562228 60.473106  0.202849 0.816844 0.540017  0.109902 0.567254 1 55 1.000000
trooper_shoulder
0  11.167711 3.974673 59.971149  0.091328 0.937969 0.334476  0.154812 0.636296 1 55 1.000000
0  9.671376 3.977327 60.372276  -0.011306 0.939119 0.343407  0.278442 0.634322 1 55 1.000000
0  10.413729 3.564886 60.874226  0.121433 0.853524 0.506706  0.232243 0.575300 1 55 1.000000
trooper_shoulder
0  9.671376 3.977327 60.372276  -0.011306 0.939119 0.343407  0.278442 0.634322 1 55 1.000000
0  11.167711 3.974673 59.971149  0.091328 0.937969 0.334476  0.154812 0.636296 1 55 1.000000
0  10.787147 4.079062 59.414627  0.013395 0.992880 0.118360  0.173934 0.690781 1 55 1.000000
trooper_shoulder
0  9.671376 3.977327 60.372276  -0.011306 0.939119 0.343407  0.278442 0.634322 1 55 1.000000
0  10.787147 4.079062 59.414627  0.013395 0.992880 0.118360  0.173934 0.690781 1 55 1.000000
0  9.225127 4.077158 59.187519  -0.034590 0.995063 0.093021  0.301450 0.733293 1 55 1.000000
trooper_shoulder
0  8.182194 3.968765 59.672337  -0.125925 0.963247 0.237271  0.392093 0.698375 1 55 1.000000
0  9.671376 3.977327 60.372276  -0.011306 0.939119 0.343407  0.278442 0.634322 1 55 1.000000
0  9.225127 4.077158 59.187519  -0.034590 0.995063 0.093021  0.301450 0.733293 1 55 1.000000
trooper_shoulder
0  8.182194 3.968765 59.672337  -0.125925 0.963247 0.237271  0.392093 0.698375 1 55 1.000000
0  8.303788 3.562735 60.709686  -0.164384 0.895938 0.412642  0.386487 0.609259 1 55 1.000000
0  9.671376 3.977327 60.372276  -0.011306 0.939119 0.343407  0.278442 0.634322 1 55 1.000000
trooper_shoulder
0  6.814602 3.554173 60.009758  -0.206029 0.910157 0.359398  0.508671 0.658515 1 55 1.000000
0  8.303788 3.562735 60.709686  -0.164384 0.895938 0.412642  0.386487 0.609259 1 55 1.000000
0  8.182194 3.968765 59.672337  -0.125925 0.963247 0.237271  0.392093 0.698375 1 55 1.000000
trooper_shoulder
0  6.814602 3.554173 60.009758  -0.206029 0.910157 0.359398  0.508671 0.658515 1 55 1.000000
0  6.936196 3.148140 61.047096  -0.326674 0.649863 0.686267  0.489968 0.570633 1 55 1.000000
0  8.303788 3.562735 60.709686  -0.164384 0.895938 0.412642  0.386487 0.609259 1 55 1.000000
trooper_shoulder
0  5.899494 3.134230 60.445911  -0.383935 0.658947 0.646825  0.582229 0.599939 1 55 1.000000
0  6.936196 3.148140 61.047096  -0.326674 0.649863 0.686267  0.489968 0.570633 1 55 1.000000
0  6.814602 3.554173 60.009758  -0.206029 0.910157 0.359398  0.508671 0.658515 1 55 1.000000
trooper_shoulder
0  6.733301 2.389492 61.226566  -0.411084 0.312528 0.856350  0.513687 0.514620 1 55 1.000000
0  6.936196 3.148140 61.047096  -0.326674 0.649863 0.686267  0.489968 0.570633 1 55 1.000000
0  5.899494 3.134230 60.445911  -0.383935 0.658947 0.646825  0.582229 0.599939 1 55 1.000000
trooper_shoulder
0  6.733301 2.389492 61.226566  -0.411084 0.312528 0.856350  0.513687 0.514620 1 55 1.000000
0  5.899494 3.134230 60.445911  -0.383935 0.658947 0.646825  0.582229 0.599939 1 55 1.000000
0  5.696596 2.375581 60.625393  -0.540430 0.240199 0.806374  0.606778 0.536071 1 55 1.000000
trooper_shoulder
0  6.530404 1.630842 61.406044  -0.459185 0.007761 0.888307  0.533412 0.458072 1 55 1.000000
0  6.733301 2.389492 61.226566  -0.411084 0.312528 0.856350  0.513687 0.514620 1 55 1.000000
0  5.696596 2.375581 60.625393  -0.540430 0.240199 0.806374  0.606778 0.536071 1 55 1.000000
trooper_shoulder
0  6.530404 1.630842 61.406044  -0.459185 0.007761 0.888307  0.533412 0.458072 1 55 1.000000
0  5.696596 2.375581 60.625393  -0.540430 0.240199 0.806374  0.606778 0.536071 1 55 1.000000
0  5.640358 1.619831 60.733120  -0.603116 0.005140 0.797637  0.619025 0.472834 1 55 1.000000
trooper_shoulder
0  5.700720 0.864328 60.638577  -0.539288 -0.227948 0.810684  0.628970 0.409343 1 55 1.000000
0  6.530404 1.630842 61.406044  -0.459185 0.007761 0.888307  0.533412 0.458072 1 55 1.000000
0  5.640358 1.619831 60.733120  -0.603116 0.005140 0.797637  0.619025 0.472834 1 55 1.000000
trooper_shoulder
0  5.700720 0.864328 60.638577  -0.539288 -0.227948 0.810684  0.628970 0.409343 1 55 1.000000
0  6.733662 0.869235 61.239803  -0.396981 -0.302614 0.866505  0.534392 0.398193 1 55 1.000000
0  6.530404 1.630842 61.406044  -0.459185 0.007761 0.888307  0.533412 0.458072 1 55 1.000000
trooper_shoulder
0  4.862789 3.120321 59.844730  -0.470086 0.536227 0.701056  0.686443 0.627812 1 55 1.000000
0  5.899494 3.134230 60.445911  -0.383935 0.658947 0.646825  0.582229 0.599939 1 55 1.000000
0  5.777902 3.540264 59.408562  -0.221393 0.905980 0.360812  0.609211 0.697416 1 55 1.000000
trooper_shoulder
0  5.899494 3.134230 60.445911  -0.383935 0.658947 0.646825  0.582229 0.599939 1 55 1.000000
0  6.814602 3.554173 60.009758  -0.206029 0.910157 0.359398  0.508671 0.658515 1 55 1.000000
0  5.777902 3.540264 59.408562  -0.221393 0.905980 0.360812  0.609211 0.697416 1 55 1.000000
trooper_shoulder
0  5.777902 3.540264 59.408562  -0.221393 0.905980 0.360812  0.609211 0.697416 1 55 1.000000
0  6.814602 3.554173 60.009758  -0.206029 0.910157 0.359398  0.508671 0.658515 1 55 1.000000
0  6.693007 3.960205 58.794205  -0.156740 0.954357 0.254235  0.525503 0.764881 1 55 1.000000
trooper_shoulder
0  6.693007 3.960205 58.794205  -0.156740 0.954357 0.254235  0.525503 0.764881 1 55 1.000000
0  6.814602 3.554173 60.009758  -0.206029 0.910157 0.359398  0.508671 0.658515 1 55 1.000000
0  8.182194 3.968765 59.672337  -0.125925 0.963247 0.237271  0.392093 0.698375 1 55 1.000000
trooper_shoulder
0  6.693007 3.960205 58.794205  -0.156740 0.954357 0.254235  0.525503 0.764881 1 55 1.000000
0  8.182194 3.968765 59.672337  -0.125925 0.963247 0.237271  0.392093 0.698375 1 55 1.000000
0  7.735943 4.068596 58.323357  -0.063009 0.993189 0.098009  0.428588 0.809977 1 55 1.000000
trooper_shoulder
0  8.182194 3.968765 59.672337  -0.125925 0.963247 0.237271  0.392093 0.698375 1 55 1.000000
0  9.225127 4.077158 59.187519  -0.034590 0.995063 0.093021  0.301450 0.733293 1 55 1.000000
0  7.735943 4.068596 58.323357  -0.063009 0.993189 0.098009  0.428588 0.809977 1 55 1.000000
trooper_shoulder
0  7.735943 4.068596 58.323357  -0.063009 0.993189 0.098009  0.428588 0.809977 1 55 1.000000
0  9.225127 4.077158 59.187519  -0.034590 0.995063 0.093021  0.301450 0.733293 1 55 1.000000
0  8.778878 4.176991 58.002766  -0.041351 0.994193 0.099351  0.330097 0.841599 1 55 1.000000
trooper_shoulder
0  9.225127 4.077158 59.187519  -0.034590 0.995063 0.093021  0.301450 0.733293 1 55 1.000000
0  10.340895 4.178893 58.037014  -0.013219 0.996715 0.079897  0.189299 0.810827 1 55 1.000000
0  8.778878 4.176991 58.002766  -0.041351 0.994193 0.099351  0.330097 0.841599 1 55 1.000000
trooper_shoulder
0  10.787147 4.079062 59.414627  0.013395 0.992880 0.118360  0.173934 0.690781 1 55 1.000000
0  10.340895 4.178893 58.037014  -0.013219 0.996715 0.079897  0.189299 0.810827 1 55 1.000000
0  9.225127 4.077158 59.187519  -0.034590 0.995063 0.093021  0.301450 0.733293 1 55 1.000000
trooper_shoulder
0  10.787147 4.079062 59.414627  0.013395 0.992880 0.118360  0.173934 0.690781 1 55 1.000000
0  11.902912 4.180802 58.456997  0.016944 0.991995 0.125133  0.056561 0.747885 1 55 1.000000
0  10.340895 4.178893 58.037014  -0.013219 0.996715 0.079897  0.189299 0.810827 1 55 1.000000
trooper_shoulder
0  10.787147 4.079062 59.414627  0.013395 0.992880 0.118360  0.173934 0.690781 1 55 1.000000
0  12.283479 4.076406 59.013519  0.043418 0.986892 0.155433  0.036679 0.689075 1 55 1.000000
0  11.902912 4.180802 58.456997  0.016944 0.991995 0.125133  0.056561 0.747885 1 55 1.000000
trooper_shoulder
0  11.167711 3.974673 59.971149  0.091328 0.937969 0.334476  0.154812 0.636296 1 55 1.000000
0  12.283479 4.076406 59.013519  0.043418 0.986892 0.155433  0.036679 0.689075 1 55 1.000000
0  10.787147 4.079062 59.414627  0.013395 0.992880 0.118360  0.173934 0.690781 1 55 1.000000
trooper_shoulder
0  11.167711 3.974673 59.971149  0.091328 0.937969 0.334476  0.154812 0.636296 1 55 1.000000
0  12.664049 3.972013 59.570034  0.150733 0.904768 0.398339  0.018607 0.629367 1 55 1.000000
0  12.283479 4.076406 59.013519  0.043418 0.986892 0.155433  0.036679 0.689075 1 55 1.000000
trooper_shoulder
0  12.664049 3.972013 59.570034  0.150733 0.904768 0.398339  0.018607 0.629367 1 55 1.000000
0  11.167711 3.974673 59.971149  0.091328 0.937969 0.334476  0.154812 0.636296 1 55 1.000000
0  11.910067 3.562228 60.473106  0.202849 0.816844 0.540017  0.109902 0.567254 1 55 1.000000
trooper_shoulder
0  12.664049 3.972013 59.570034  0.150733 0.904768 0.398339  0.018607 0.629367 1 55 1.000000
0  11.910067 3.562228 60.473106  0.202849 0.816844 0.540017  0.109902 0.567254 1 55 1.000000
0  12.922245 3.561169 60.002045  0.268318 0.773048 0.574806  0.011136 0.569557 1 55 1.000000
trooper_shoulder
0  11.910067 3.562228 60.473106  0.202849 0.816844 0.540017  0.109902 0.567254 1 55 1.000000
0  12.168259 3.151384 60.905128  0.354398 0.544409 0.760276  0.105097 0.512899 1 55 1.000000
0  12.922245 3.561169 60.002045  0.268318 0.773048 0.574806  0.011136 0.569557 1 55 1.000000
trooper_shoulder
0  12.922245 3.561169 60.002045  0.268318 0.773048 0.574806  0.011136 0.569557 1 55 1.000000
0  12.168259 3.151384 60.905128  0.354398 0.544409 0.760276  0.105097 0.512899 1 55 1.000000
0  13.180443 3.150326 60.434048  0.381499 0.513141 0.768859  0.007045 0.509637 1 55 1.000000
trooper_shoulder
0  13.180443 3.150326 60.434048  0.381499 0.513141 0.768859  0.007045 0.509637 1 55 1.000000
0  12.168259 3.151384 60.905128  0.354398 0.544409 0.760276  0.105097 0.512899 1 55 1.000000
0  12.357450 2.397484 61.045158  0.440779 0.223769 0.869277  0.099916 0.447634 1 55 1.000000
trooper_shoulder
0  9.182243 0.114142 61.753319  -0.083177 -0.594517 0.799769  0.365755 0.323990 1 55 1.000000
0  8.059586 0.110887 61.413448  -0.224467 -0.625283 0.747419  0.446256 0.327952 1 55 1.000000
0  9.433316 -0.307768 61.083458  -0.034925 -0.855792 0.516140  0.360341 0.267072 1 55 1.000000
trooper_shoulder
0  8.059586 0.110887 61.413448  -0.224467 -0.625283 0.747419  0.446256 0.327952 1 55 1.000000
0  8.310653 -0.311024 60.743565  -0.166769 -0.886855 0.430901  0.446592 0.266455 1 55 1.000000
0  9.433316 -0.307768 61.083458  -0.034925 -0.855792 0.516140  0.360341 0.267072 1 55 1.000000
trooper_shoulder
0  9.433316 -0.307768 61.083458  -0.034925 -0.855792 0.516140  0.360341 0.267072 1 55 1.000000
0  8.310653 -0.311024 60.743565  -0.166769 -0.886855 0.430901  0.446592 0.266455 1 55 1.000000
0  9.684383 -0.729681 60.413589  -0.010912 -0.934466 0.355885  0.353015 0.205830 1 55 1.000000
trooper_shoulder
0  8.168271 -0.719391 59.674324  -0.134244 -0.960748 0.242777  0.484910 0.182459 1 55 1.000000
0  9.684383 -0.729681 60.413589  -0.010912 -0.934466 0.355885  0.353015 0.205830 1 55 1.000000
0  8.310653 -0.311024 60.743565  -0.166769 -0.886855 0.430901  0.446592 0.266455 1 55 1.000000
trooper_shoulder
0  8.168271 -0.719391 59.674324  -0.134244 -0.960748 0.242777  0.484910 0.182459 1 55 1.000000
0  9.228750 -0.846954 59.218323  -0.039918 -0.993324 0.108231  0.409371 0.119914 1 55 1.000000
0  9.684383 -0.729681 60.413589  -0.010912 -0.934466 0.355885  0.353015 0.205830 1 55 1.000000
trooper_shoulder
0  10.780870 -0.843198 59.455635  0.021725 -0.990043 0.139076  0.275187 0.117433 1 55 1.000000
0  9.684383 -0.729681 60.413589  -0.010912 -0.934466 0.355885  0.353015 0.205830 1 55 1.000000
0  9.228750 -0.846954 59.218323  -0.039918 -0.993324 0.108231  0.409371 0.119914 1 55 1.000000
trooper_shoulder
0  10.780870 -0.843198 59.455635  0.021725 -0.990043 0.139076  0.275187 0.117433 1 55 1.000000
0  11.196687 -0.711338 60.023357  0.102541 -0.929721 0.353700  0.235539 0.163557 1 55 1.000000
0  9.684383 -0.729681 60.413589  -0.010912 -0.934466 0.355885  0.353015 0.205830 1 55 1.000000
trooper_shoulder
0  11.196687 -0.711338 60.023357  0.102541 -0.929721 0.353700  0.235539 0.163557 1 55 1.000000
0  10.366632 -0.305523 60.926826  0.124356 -0.845915 0.518617  0.293794 0.247492 1 55 1.000000
0  9.684383 -0.729681 60.413589  -0.010912 -0.934466 0.355885  0.353015 0.205830 1 55 1.000000
trooper_shoulder
0  11.878937 -0.287180 60.536629  0.208162 -0.806434 0.553474  0.174729 0.215164 1 55 1.000000
0  10.366632 -0.305523 60.926826  0.124356 -0.845915 0.518617  0.293794 0.247492 1 55 1.000000
0  11.196687 -0.711338 60.023357  0.102541 -0.929721 0.353700  0.235539 0.163557 1 55 1.000000
trooper_shoulder
0  11.878937 -0.287180 60.536629  0.208162 -0.806434 0.553474  0.174729 0.215164 1 55 1.000000
0  11.048878 0.118637 61.440098  0.260487 -0.565104 0.782818  0.239953 0.293157 1 55 1.000000
0  10.366632 -0.305523 60.926826  0.124356 -0.845915 0.518617  0.293794 0.247492 1 55 1.000000
trooper_shoulder
0  11.878937 -0.287180 60.536629  0.208162 -0.806434 0.553474  0.174729 0.215164 1 55 1.000000
0  12.118824 0.121280 60.950428  0.353942 -0.530117 0.770520  0.153236 0.263296 1 55 1.000000
0  11.048878 0.118637 61.440098  0.260487 -0.565104 0.782818  0.239953 0.293157 1 55 1.000000
trooper_shoulder
0  11.291670 0.881640 61.548176  0.332129 -0.235084 0.913469  0.211004 0.344455 1 55 1.000000
0  11.048878 0.118637 61.440098  0.260487 -0.565104 0.782818  0.239953 0.293157 1 55 1.000000
0  12.118824 0.121280 60.950428  0.353942 -0.530117 0.770520  0.153236 0.263296 1 55 1.000000
trooper_shoulder
0  11.291670 0.881640 61.548176  0.332129 -0.235084 0.913469  0.211004 0.344455 1 55 1.000000
0  12.118824 0.121280 60.950428  0.353942 -0.530117 0.770520  0.153236 0.263296 1 55 1.000000
0  12.361612 0.884282 61.058510  0.439056 -0.209262 0.873750  0.121498 0.322277 1 55 1.000000
trooper_shoulder
0  11.534463 1.644644 61.656265  0.365103 0.010123 0.930912  0.185523 0.398131 1 55 1.000000
0  11.291670 0.881640 61.548176  0.332129 -0.235084 0.913469  0.211004 0.344455 1 55 1.000000
0  12.361612 0.884282 61.058510  0.439056 -0.209262 0.873750  0.121498 0.322277 1 55 1.000000
trooper_shoulder
0  11.534463 1.644644 61.656265  0.365103 0.010123 0.930912  0.185523 0.398131 1 55 1.000000
0  12.361612 0.884282 61.058510  0.439056 -0.209262 0.873750  0.121498 0.322277 1 55 1.000000
0  12.435272 1.640986 61.162491  0.480675 0.008821 0.876854  0.107105 0.384314 1 55 1.000000
trooper_shoulder
0  12.357450 2.397484 61.045158  0.440779 0.223769 0.869277  0.099916 0.447634 1 55 1.000000
0  11.534463 1.644644 61.656265  0.365103 0.010123 0.930912  0.185523 0.398131 1 55 1.000000
0  12.435272 1.640986 61.162491  0.480675 0.008821 0.876854  0.107105 0.384314 1 55 1.000000
trooper_shoulder
0  12.357450 2.397484 61.045158  0.440779 0.223769 0.869277  0.099916 0.447634 1 55 1.000000
0  11.345269 2.398542 61.516220  0.327838 0.251431 0.910662  0.187216 0.455913 1 55 1.000000
0  11.534463 1.644644 61.656265  0.365103 0.010123 0.930912  0.185523 0.398131 1 55 1.000000
trooper_shoulder
0  12.168259 3.151384 60.905128  0.354398 0.544409 0.760276  0.105097 0.512899 1 55 1.000000
0  11.345269 2.398542 61.516220  0.327838 0.251431 0.910662  0.187216 0.455913 1 55 1.000000
0  12.357450 2.397484 61.045158  0.440779 0.223769 0.869277  0.099916 0.447634 1 55 1.000000
trooper_shoulder
0  13.180443 3.150326 60.434048  0.381499 0.513141 0.768859  0.007045 0.509637 1 55 1.000000
0  12.357450 2.397484 61.045158  0.440779 0.223769 0.869277  0.099916 0.447634 1 55 1.000000
0  13.258261 2.393826 60.551384  0.473179 0.182358 0.861886  0.010609 0.438745 1 55 1.000000
trooper_shoulder
0  12.357450 2.397484 61.045158  0.440779 0.223769 0.869277  0.099916 0.447634 1 55 1.000000
0  12.435272 1.640986 61.162491  0.480675 0.008821 0.876854  0.107105 0.384314 1 55 1.000000
0  13.258261 2.393826 60.551384  0.473179 0.182358 0.861886  0.010609 0.438745 1 55 1.000000
trooper_shoulder
0  13.258261 2.393826 60.551384  0.473179 0.182358 0.861886  0.010609 0.438745 1 55 1.000000
0  12.435272 1.640986 61.162491  0.480675 0.008821 0.876854  0.107105 0.384314 1 55 1.000000
0  13.336085 1.637328 60.668724  0.480675 0.008634 0.876856  0.019408 0.369072 1 55 1.000000
trooper_shoulder
0  12.435272 1.640986 61.162491  0.480675 0.008821 0.876854  0.107105 0.384314 1 55 1.000000
0  13.262425 0.880623 60.564743  0.473560 -0.164984 0.865171  0.034239 0.300449 1 55 1.000000
0  13.336085 1.637328 60.668724  0.480675 0.008634 0.876856  0.019408 0.369072 1 55 1.000000
trooper_shoulder
0  12.361612 0.884282 61.058510  0.439056 -0.209262 0.873750  0.121498 0.322277 1 55 1.000000
0  13.262425 0.880623 60.564743  0.473560 -0.164984 0.865171  0.034239 0.300449 1 55 1.000000
0  12.435272 1.640986 61.162491  0.480675 0.008821 0.876854  0.107105 0.384314 1 55 1.000000
trooper_shoulder
0  12.361612 0.884282 61.058510  0.439056 -0.209262 0.873750  0.121498 0.322277 1 55 1.000000
0  13.188766 0.123919 60.460762  0.382310 -0.497464 0.778697  0.054567 0.232257 1 55 1.000000
0  13.262425 0.880623 60.564743  0.473560 -0.164984 0.865171  0.034239 0.300449 1 55 1.000000
trooper_shoulder
0  12.361612 0.884282 61.058510  0.439056 -0.209262 0.873750  0.121498 0.322277 1 55 1.000000
0  12.118824 0.121280 60.950428  0.353942 -0.530117 0.770520  0.153236 0.263296 1 55 1.000000
0  13.188766 0.123919 60.460762  0.382310 -0.497464 0.778697  0.054567 0.232257 1 55 1.000000
trooper_shoulder
0  12.948879 -0.284537 60.046955  0.272476 -0.759044 0.591277  0.077142 0.178594 1 55 1.000000
0  13.188766 0.123919 60.460762  0.382310 -0.497464 0.778697  0.054567 0.232257 1 55 1.000000
0  12.118824 0.121280 60.950428  0.353942 -0.530117 0.770520  0.153236 0.263296 1 55 1.000000
trooper_shoulder
0  12.948879 -0.284537 60.046955  0.272476 -0.759044 0.591277  0.077142 0.178594 1 55 1.000000
0  12.118824 0.121280 60.950428  0.353942 -0.530117 0.770520  0.153236 0.263296 1 55 1.000000
0  11.878937 -0.287180 60.536629  0.208162 -0.806434 0.553474  0.174729 0.215164 1 55 1.000000
trooper_shoulder
0  12.708987 -0.692995 59.633152  0.163175 -0.891551 0.422505  0.102644 0.125946 1 55 1.000000
0  12.948879 -0.284537 60.046955  0.272476 -0.759044 0.591277  0.077142 0.178594 1 55 1.000000
0  11.878937 -0.287180 60.536629  0.208162 -0.806434 0.553474  0.174729 0.215164 1 55 1.000000
trooper_shoulder
0  12.708987 -0.692995 59.633152  0.163175 -0.891551 0.422505  0.102644 0.125946 1 55 1.000000
0  11.878937 -0.287180 60.536629  0.208162 -0.806434 0.553474  0.174729 0.215164 1 55 1.000000
0  11.196687 -0.711338 60.023357  0.102541 -0.929721 0.353700  0.235539 0.163557 1 55 1.000000
trooper_shoulder
0  12.293180 -0.824853 59.065403  0.059457 -0.981068 0.184308  0.143155 0.073880 1 55 1.000000
0  12.708987 -0.692995 59.633152  0.163175 -0.891551 0.422505  0.102644 0.125946 1 55 1.000000
0  11.196687 -0.711338 60.023357  0.102541 -0.929721 0.353700  0.235539 0.163557 1 55 1.000000
trooper_shoulder
0  12.293180 -0.824853 59.065403  0.059457 -0.981068 0.184308  0.143155 0.073880 1 55 1.000000
0  11.196687 -0.711338 60.023357  0.102541 -0.929721 0.353700  0.235539 0.163557 1 55 1.000000
0  10.780870 -0.843198 59.455635  0.021725 -0.990043 0.139076  0.275187 0.117433 1 55 1.000000
trooper_shoulder
0  11.877368 -0.956711 58.497669  0.026346 -0.988739 0.147316  0.185317 0.023637 1 55 1.000000
0  12.293180 -0.824853 59.065403  0.059457 -0.981068 0.184308  0.143155 0.073880 1 55 1.000000
0  10.780870 -0.843198 59.455635  0.021725 -0.990043 0.139076  0.275187 0.117433 1 55 1.000000
trooper_shoulder
0  11.877368 -0.956711 58.497669  0.026346 -0.988739 0.147316  0.185317 0.023637 1 55 1.000000
0  10.780870 -0.843198 59.455635  0.021725 -0.990043 0.139076  0.275187 0.117433 1 55 1.000000
0  10.325247 -0.960469 58.067532  -0.012001 -0.995687 0.091995  0.331762 0.008333 1 55 1.000000
trooper_shoulder
0  10.780870 -0.843198 59.455635  0.021725 -0.990043 0.139076  0.275187 0.117433 1 55 1.000000
0  9.228750 -0.846954 59.218323  -0.039918 -0.993324 0.108231  0.409371 0.119914 1 55 1.000000
0  10.325247 -0.960469 58.067532  -0.012001 -0.995687 0.091995  0.331762 0.008333 1 55 1.000000
trooper_shoulder
0  10.325247 -0.960469 58.067532  -0.012001 -0.995687 0.091995  0.331762 0.008333 1 55 1.000000
0  9.228750 -0.846954 59.218323  -0.039918 -0.993324 0.108231  0.409371 0.119914 1 55 1.000000
0  8.773117 -0.964220 58.023098  -0.048925 -0.992046 0.115982  0.474835 0.026844 1 55 1.000000
trooper_shoulder
0  7.712638 -0.836665 58.314865  -0.075762 -0.990470 0.115017  0.559078 0.089005 1 55 1.000000
0  8.773117 -0.964220 58.023098  -0.048925 -0.992046 0.115982  0.474835 0.026844 1 55 1.000000
0  9.228750 -0.846954 59.218323  -0.039918 -0.993324 0.108231  0.409371 0.119914 1 55 1.000000
trooper_shoulder
0  7.940913 2.392897 61.688557  -0.284016 0.309608 0.907457  0.422770 0.493888 1 55 1.000000
0  7.738015 1.634248 61.868008  -0.307822 -0.020217 0.951229  0.443234 0.441993 1 55 1.000000
0  8.945627 1.637655 62.198936  -0.085349 0.006529 0.996330  0.362623 0.427697 1 55 1.000000
trooper_shoulder
0  7.940913 2.392897 61.688557  -0.284016 0.309608 0.907457  0.422770 0.493888 1 55 1.000000
0  8.945627 1.637655 62.198936  -0.085349 0.006529 0.996330  0.362623 0.427697 1 55 1.000000
0  9.059725 2.396053 61.962780  -0.045433 0.303237 0.951831  0.346874 0.476850 1 55 1.000000
trooper_shoulder
0  9.059725 2.396053 61.962780  -0.045433 0.303237 0.951831  0.346874 0.476850 1 55 1.000000
0  8.945627 1.637655 62.198936  -0.085349 0.006529 0.996330  0.362623 0.427697 1 55 1.000000
0  10.240041 1.641151 62.011497  0.205604 0.032306 0.978102  0.278750 0.413819 1 55 1.000000
trooper_shoulder
0  9.059725 2.396053 61.962780  -0.045433 0.303237 0.951831  0.346874 0.476850 1 55 1.000000
0  10.240041 1.641151 62.011497  0.205604 0.032306 0.978102  0.278750 0.413819 1 55 1.000000
0  10.354139 2.399549 61.775337  0.194969 0.248380 0.948839  0.259904 0.465124 1 55 1.000000
trooper_shoulder
0  10.354139 2.399549 61.775337  0.194969 0.248380 0.948839  0.259904 0.465124 1 55 1.000000
0  10.240041 1.641151 62.011497  0.205604 0.032306 0.978102  0.278750 0.413819 1 55 1.000000
0  11.534463 1.644644 61.656265  0.365103 0.010123 0.930912  0.185523 0.398131 1 55 1.000000
trooper_shoulder
0  10.354139 2.399549 61.775337  0.194969 0.248380 0.948839  0.259904 0.465124 1 55 1.000000
0  11.534463 1.644644 61.656265  0.365103 0.010123 0.930912  0.185523 0.398131 1 55 1.000000
0  11.345269 2.398542 61.516220  0.327838 0.251431 0.910662  0.187216 0.455913 1 55 1.000000
trooper_shoulder
0  10.354139 2.399549 61.775337  0.194969 0.248380 0.948839  0.259904 0.465124 1 55 1.000000
0  11.345269 2.398542 61.516220  0.327838 0.251431 0.910662  0.187216 0.455913 1 55 1.000000
0  10.164950 3.153447 61.635296  0.137850 0.574278 0.806971  0.264550 0.519424 1 55 1.000000
trooper_shoulder
0  10.164950 3.153447 61.635296  0.137850 0.574278 0.806971  0.264550 0.519424 1 55 1.000000
0  11.345269 2.398542 61.516220  0.327838 0.251431 0.910662  0.187216 0.455913 1 55 1.000000
0  11.156082 3.152441 61.376183  0.259746 0.576259 0.774892  0.192699 0.513818 1 55 1.000000
trooper_shoulder
0  11.156082 3.152441 61.376183  0.259746 0.576259 0.774892  0.192699 0.513818 1 55 1.000000
0  10.413729 3.564886 60.874226  0.121433 0.853524 0.506706  0.232243 0.575300 1 55 1.000000
0  10.164950 3.153447 61.635296  0.137850 0.574278 0.806971  0.264550 0.519424 1 55 1.000000
trooper_shoulder
0  10.413729 3.564886 60.874226  0.121433 0.853524 0.506706  0.232243 0.575300 1 55 1.000000
0  9.422595 3.565889 61.049442  -0.029950 0.864876 0.501091  0.305993 0.579070 1 55 1.000000
0  10.164950 3.153447 61.635296  0.137850 0.574278 0.806971  0.264550 0.519424 1 55 1.000000
trooper_shoulder
0  10.413729 3.564886 60.874226  0.121433 0.853524 0.506706  0.232243 0.575300 1 55 1.000000
0  9.671376 3.977327 60.372276  -0.011306 0.939119 0.343407  0.278442 0.634322 1 55 1.000000
0  9.422595 3.565889 61.049442  -0.029950 0.864876 0.501091  0.305993 0.579070 1 55 1.000000
trooper_shoulder
0  9.671376 3.977327 60.372276  -0.011306 0.939119 0.343407  0.278442 0.634322 1 55 1.000000
0  8.303788 3.562735 60.709686  -0.164384 0.895938 0.412642  0.386487 0.609259 1 55 1.000000
0  9.422595 3.565889 61.049442  -0.029950 0.864876 0.501091  0.305993 0.579070 1 55 1.000000
trooper_shoulder
0  8.303788 3.562735 60.709686  -0.164384 0.895938 0.412642  0.386487 0.609259 1 55 1.000000
0  8.055008 3.151295 61.452393  -0.226795 0.641695 0.732661  0.406335 0.547722 1 55 1.000000
0  9.422595 3.565889 61.049442  -0.029950 0.864876 0.501091  0.305993 0.579070 1 55 1.000000
trooper_shoulder
0  8.303788 3.562735 60.709686  -0.164384 0.895938 0.412642  0.386487 0.609259 1 55 1.000000
0  6.936196 3.148140 61.047096  -0.326674 0.649863 0.686267  0.489968 0.570633 1 55 1.000000
0  8.055008 3.151295 61.452393  -0.226795 0.641695 0.732661  0.406335 0.547722 1 55 1.000000
trooper_shoulder
0  6.936196 3.148140 61.047096  -0.326674 0.649863 0.686267  0.489968 0.570633 1 55 1.000000
0  7.940913 2.392897 61.688557  -0.284016 0.309608 0.907457  0.422770 0.493888 1 55 1.000000
0  8.055008 3.151295 61.452393  -0.226795 0.641695 0.732661  0.406335 0.547722 1 55 1.000000
trooper_shoulder
0  6.936196 3.148140 61.047096  -0.326674 0.649863 0.686267  0.489968 0.570633 1 55 1.000000
0  6.733301 2.389492 61.226566  -0.411084 0.312528 0.856350  0.513687 0.514620 1 55 1.000000
0  7.940913 2.392897 61.688557  -0.284016 0.309608 0.907457  0.422770 0.493888 1 55 1.000000
trooper_shoulder
0  6.733301 2.389492 61.226566  -0.411084 0.312528 0.856350  0.513687 0.514620 1 55 1.000000
0  7.738015 1.634248 61.868008  -0.307822 -0.020217 0.951229  0.443234 0.441993 1 55 1.000000
0  7.940913 2.392897 61.688557  -0.284016 0.309608 0.907457  0.422770 0.493888 1 55 1.000000
trooper_shoulder
0  6.733301 2.389492 61.226566  -0.411084 0.312528 0.856350  0.513687 0.514620 1 55 1.000000
0  6.530404 1.630842 61.406044  -0.459185 0.007761 0.888307  0.533412 0.458072 1 55 1.000000
0  7.738015 1.634248 61.868008  -0.307822 -0.020217 0.951229  0.443234 0.441993 1 55 1.000000
trooper_shoulder
0  7.940913 2.392897 61.688557  -0.284016 0.309608 0.907457  0.422770 0.493888 1 55 1.000000
0  9.059725 2.396053 61.962780  -0.045433 0.303237 0.951831  0.346874 0.476850 1 55 1.000000
0  8.055008 3.151295 61.452393  -0.226795 0.641695 0.732661  0.406335 0.547722 1 55 1.000000
trooper_shoulder
0  8.055008 3.151295 61.452393  -0.226795 0.641695 0.732661  0.406335 0.547722 1 55 1.000000
0  9.059725 2.396053 61.962780  -0.045433 0.303237 0.951831  0.346874 0.476850 1 55 1.000000
0  9.173818 3.154449 61.726601  -0.048137 0.599948 0.798590  0.330350 0.526881 1 55 1.000000
trooper_shoulder
0  9.173818 3.154449 61.726601  -0.048137 0.599948 0.798590  0.330350 0.526881 1 55 1.000000
0  9.059725 2.396053 61.962780  -0.045433 0.303237 0.951831  0.346874 0.476850 1 55 1.000000
0  10.354139 2.399549 61.775337  0.194969 0.248380 0.948839  0.259904 0.465124 1 55 1.000000
trooper_shoulder
0  9.173818 3.154449 61.726601  -0.048137 0.599948 0.798590  0.330350 0.526881 1 55 1.000000
0  10.354139 2.399549 61.775337  0.194969 0.248380 0.948839  0.259904 0.465124 1 55 1.000000
0  10.164950 3.153447 61.635296  0.137850 0.574278 0.806971  0.264550 0.519424 1 55 1.000000
trooper_shoulder
0  10.164950 3.153447 61.635296  0.137850 0.574278 0.806971  0.264550 0.519424 1 55 1.000000
0  9.422595 3.565889 61.049442  -0.029950 0.864876 0.501091  0.305993 0.579070 1 55 1.000000
0  9.173818 3.154449 61.726601  -0.048137 0.599948 0.798590  0.330350 0.526881 1 55 1.000000
trooper_shoulder
0  9.422595 3.565889 61.049442  -0.029950 0.864876 0.501091  0.305993 0.579070 1 55 1.000000
0  8.055008 3.151295 61.452393  -0.226795 0.641695 0.732661  0.406335 0.547722 1 55 1.000000
0  9.173818 3.154449 61.726601  -0.048137 0.599948 0.798590  0.330350 0.526881 1 55 1.000000
trooper_shoulder
0  8.773117 -0.964220 58.023098  -0.124973 -0.108124 -0.986251  0.985874 0.780403 1 55 1.000000
0  7.727538 -0.628703 58.289806  -0.323900 -0.090415 -0.941761  0.957751 0.737433 1 55 1.000000
0  8.782686 -0.755828 57.999008  -0.124493 -0.107489 -0.986381  0.976874 0.782226 1 55 1.000000
trooper_shoulder
0  8.773117 -0.964220 58.023098  -0.124973 -0.108124 -0.986251  0.985874 0.780403 1 55 1.000000
0  7.712638 -0.836665 58.314865  -0.325145 -0.096929 -0.940683  0.966602 0.733073 1 55 1.000000
0  7.727538 -0.628703 58.289806  -0.323900 -0.090415 -0.941761  0.957751 0.737433 1 55 1.000000
trooper_shoulder
0  7.712638 -0.836665 58.314865  -0.325145 -0.096929 -0.940683  0.966602 0.733073 1 55 1.000000
0  6.685739 -0.510354 58.698002  -0.505019 -0.158940 -0.848348  0.931741 0.692274 1 55 1.000000
0  7.727538 -0.628703 58.289806  -0.323900 -0.090415 -0.941761  0.957751 0.737433 1 55 1.000000
trooper_shoulder
0  7.712638 -0.836665 58.314865  -0.325145 -0.096929 -0.940683  0.966602 0.733073 1 55 1.000000
0  6.652157 -0.709106 58.756878  -0.514165 -0.165060 -0.841659  0.939321 0.685749 1 55 1.000000
0  6.685739 -0.510354 58.698002  -0.505019 -0.158940 -0.848348  0.931741 0.692274 1 55 1.000000
trooper_shoulder
0  6.652157 -0.709106 58.756878  -0.514165 -0.165060 -0.841659  0.939321 0.685749 1 55 1.000000
0  5.805247 -0.115041 59.326546  -0.560284 -0.192658 -0.805583  0.892719 0.656092 1 55 1.000000
0  6.685739 -0.510354 58.698002  -0.505019 -0.158940 -0.848348  0.931741 0.692274 1 55 1.000000
trooper_shoulder
0  6.652157 -0.709106 58.756878  -0.514165 -0.165060 -0.841659  0.939321 0.685749 1 55 1.000000
0  5.761596 -0.305646 59.403095  -0.564086 -0.208413 -0.798981  0.899580 0.648576 1 55 1.000000
0  5.805247 -0.115041 59.326546  -0.560284 -0.192658 -0.805583  0.892719 0.656092 1 55 1.000000
trooper_shoulder
0  5.761596 -0.305646 59.403095  -0.564086 -0.208413 -0.798981  0.899580 0.648576 1 55 1.000000
0  4.967860 0.211755 59.723679  -0.726461 -0.206879 -0.655328  0.855523 0.620524 1 55 1.000000
0  5.805247 -0.115041 59.326546  -0.560284 -0.192658 -0.805583  0.892719 0.656092 1 55 1.000000
trooper_shoulder
0  5.761596 -0.305646 59.403095  -0.564086 -0.208413 -0.798981  0.899580 0.648576 1 55 1.000000
0  4.871044 0.097813 59.871143  -0.731234 -0.206381 -0.650157  0.858939 0.610416 1 55 1.000000
0  4.967860 0.211755 59.723679  -0.726461 -0.206879 -0.655328  0.855523 0.620524 1 55 1.000000
trooper_shoulder
0  4.871044 0.097813 59.871143  -0.731234 -0.206381 -0.650157  0.858939 0.610416 1 55 1.000000
0  4.935718 0.884064 59.799797  -0.803063 0.012452 -0.595764  0.820311 0.621328 1 55 1.000000
0  4.967860 0.211755 59.723679  -0.726461 -0.206879 -0.655328  0.855523 0.620524 1 55 1.000000
trooper_shoulder
0  4.871044 0.097813 59.871143  -0.731234 -0.206381 -0.650157  0.858939 0.610416 1 55 1.000000
0  4.810681 0.853316 59.965672  -0.799349 0.011688 -0.600754  0.820487 0.611378 1 55 1.000000
0  4.935718 0.884064 59.799797  -0.803063 0.012452 -0.595764  0.820311 0.621328 1 55 1.000000
trooper_shoulder
0  4.810681 0.853316 59.965672  -0.799349 0.011688 -0.600754  0.820487 0.611378 1 55 1.000000
0  4.876972 1.607795 59.892712  -0.797808 -0.007763 -0.602862  0.783595 0.620062 1 55 1.000000
0  4.935718 0.884064 59.799797  -0.803063 0.012452 -0.595764  0.820311 0.621328 1 55 1.000000
trooper_shoulder
0  4.810681 0.853316 59.965672  -0.799349 0.011688 -0.600754  0.820487 0.611378 1 55 1.000000
0  4.750318 1.608821 60.060211  -0.797783 -0.007684 -0.602895  0.783402 0.609592 1 55 1.000000
0  4.876972 1.607795 59.892712  -0.797808 -0.007763 -0.602862  0.783595 0.620062 1 55 1.000000
trooper_shoulder
0  4.750318 1.608821 60.060211  -0.797783 -0.007684 -0.602895  0.783402 0.609592 1 55 1.000000
0  4.931895 2.331691 59.787224  -0.799463 -0.035296 -0.599678  0.746960 0.622689 1 55 1.000000
0  4.876972 1.607795 59.892712  -0.797808 -0.007763 -0.602862  0.783595 0.620062 1 55 1.000000
trooper_shoulder
0  4.750318 1.608821 60.060211  -0.797783 -0.007684 -0.602895  0.783402 0.609592 1 55 1.000000
0  4.806555 2.364569 59.952465  -0.802876 -0.032787 -0.595244  0.746373 0.612780 1 55 1.000000
0  4.931895 2.331691 59.787224  -0.799463 -0.035296 -0.599678  0.746960 0.622689 1 55 1.000000
trooper_shoulder
0  4.806555 2.364569 59.952465  -0.802876 -0.032787 -0.595244  0.746373 0.612780 1 55 1.000000
0  4.961504 3.007714 59.697521  -0.697690 0.254248 -0.669766  0.712148 0.623493 1 55 1.000000
0  4.931895 2.331691 59.787224  -0.799463 -0.035296 -0.599678  0.746960 0.622689 1 55 1.000000
trooper_shoulder
0  4.806555 2.364569 59.952465  -0.802876 -0.032787 -0.595244  0.746373 0.612780 1 55 1.000000
0  4.862789 3.120321 59.844730  -0.707672 0.218990 -0.671746  0.708326 0.613680 1 55 1.000000
0  4.961504 3.007714 59.697521  -0.697690 0.254248 -0.669766  0.712148 0.623493 1 55 1.000000
trooper_shoulder
0  4.862789 3.120321 59.844730  -0.707672 0.218990 -0.671746  0.708326 0.613680 1 55 1.000000
0  5.825425 3.351008 59.330971  -0.551092 0.209906 -0.807612  0.676566 0.660630 1 55 1.000000
0  4.961504 3.007714 59.697521  -0.697690 0.254248 -0.669766  0.712148 0.623493 1 55 1.000000
trooper_shoulder
0  4.862789 3.120321 59.844730  -0.707672 0.218990 -0.671746  0.708326 0.613680 1 55 1.000000
0  5.777902 3.540264 59.408562  -0.548180 0.193396 -0.813693  0.669430 0.653436 1 55 1.000000
0  5.825425 3.351008 59.330971  -0.551092 0.209906 -0.807612  0.676566 0.660630 1 55 1.000000
trooper_shoulder
0  5.777902 3.540264 59.408562  -0.548180 0.193396 -0.813693  0.669430 0.653436 1 55 1.000000
0  6.726942 3.761393 58.735710  -0.496751 0.168002 -0.851478  0.638397 0.699112 1 55 1.000000
0  5.825425 3.351008 59.330971  -0.551092 0.209906 -0.807612  0.676566 0.660630 1 55 1.000000
trooper_shoulder
0  5.777902 3.540264 59.408562  -0.548180 0.193396 -0.813693  0.669430 0.653436 1 55 1.000000
0  6.693007 3.960205 58.794205  -0.504366 0.155812 -0.849316  0.630510 0.692774 1 55 1.000000
0  6.726942 3.761393 58.735710  -0.496751 0.168002 -0.851478  0.638397 0.699112 1 55 1.000000
trooper_shoulder
0  6.693007 3.960205 58.794205  -0.504366 0.155812 -0.849316  0.630510 0.692774 1 55 1.000000
0  7.748266 3.860050 58.302013  -0.358674 0.081240 -0.929921  0.613719 0.745308 1 55 1.000000
0  6.726942 3.761393 58.735710  -0.496751 0.168002 -0.851478  0.638397 0.699112 1 55 1.000000
trooper_shoulder
0  6.693007 3.960205 58.794205  -0.504366 0.155812 -0.849316  0.630510 0.692774 1 55 1.000000
0  7.735943 4.068596 58.323357  -0.359133 0.074159 -0.930335  0.604760 0.741217 1 55 1.000000
0  7.748266 3.860050 58.302013  -0.358674 0.081240 -0.929921  0.613719 0.745308 1 55 1.000000
trooper_shoulder
0  7.735943 4.068596 58.323357  -0.359133 0.074159 -0.930335  0.604760 0.741217 1 55 1.000000
0  8.786972 3.968169 57.982128  -0.140277 0.091825 -0.985845  0.595935 0.789979 1 55 1.000000
0  7.748266 3.860050 58.302013  -0.358674 0.081240 -0.929921  0.613719 0.745308 1 55 1.000000
trooper_shoulder
0  7.735943 4.068596 58.323357  -0.359133 0.074159 -0.930335  0.604760 0.741217 1 55 1.000000
0  8.778878 4.176991 58.002766  -0.140577 0.091326 -0.985849  0.586964 0.788415 1 55 1.000000
0  8.786972 3.968169 57.982128  -0.140277 0.091825 -0.985845  0.595935 0.789979 1 55 1.000000
trooper_shoulder
0  8.778878 4.176991 58.002766  -0.140577 0.091326 -0.985849  0.586964 0.788415 1 55 1.000000
0  10.343775 3.969660 58.019348  0.139109 0.085851 -0.986549  0.598466 0.855385 1 55 1.000000
0  8.786972 3.968169 57.982128  -0.140277 0.091825 -0.985845  0.595935 0.789979 1 55 1.000000
trooper_shoulder
0  8.778878 4.176991 58.002766  -0.140577 0.091326 -0.985849  0.586964 0.788415 1 55 1.000000
0  10.340895 4.178893 58.037014  0.139115 0.086614 -0.986481  0.588811 0.856881 1 55 1.000000
0  10.343775 3.969660 58.019348  0.139109 0.085851 -0.986549  0.598466 0.855385 1 55 1.000000
trooper_shoulder
0  10.340895 4.178893 58.037014  0.139115 0.086614 -0.986481  0.588811 0.856881 1 55 1.000000
0  11.898855 3.972571 58.430145  0.579111 0.091694 -0.810076  0.615218 0.917185 1 55 1.000000
0  10.343775 3.969660 58.019348  0.139109 0.085851 -0.986549  0.598466 0.855385 1 55 1.000000
trooper_shoulder
0  10.340895 4.178893 58.037014  0.139115 0.086614 -0.986481  0.588811 0.856881 1 55 1.000000
0  11.902912 4.180802 58.456997  0.582270 0.092358 -0.807732  0.607647 0.921817 1 55 1.000000
0  11.898855 3.972571 58.430145  0.579111 0.091694 -0.810076  0.615218 0.917185 1 55 1.000000
trooper_shoulder
0  11.902912 4.180802 58.456997  0.582270 0.092358 -0.807732  0.607647 0.921817 1 55 1.000000
0  12.274371 3.869163 58.980865  0.824172 0.053045 -0.563850  0.636047 0.936158 1 55 1.000000
0  11.898855 3.972571 58.430145  0.579111 0.091694 -0.810076  0.615218 0.917185 1 55 1.000000
trooper_shoulder
0  11.902912 4.180802 58.456997  0.582270 0.092358 -0.807732  0.607647 0.921817 1 55 1.000000
0  12.283479 4.076406 59.013519  0.825228 0.057558 -0.561859  0.629361 0.943554 1 55 1.000000
0  12.274371 3.869163 58.980865  0.824172 0.053045 -0.563850  0.636047 0.936158 1 55 1.000000
trooper_shoulder
0  12.283479 4.076406 59.013519  0.825228 0.057558 -0.561859  0.629361 0.943554 1 55 1.000000
0  12.632394 3.782012 59.486382  0.856708 0.076473 -0.510102  0.659752 0.955968 1 55 1.000000
0  12.274371 3.869163 58.980865  0.824172 0.053045 -0.563850  0.636047 0.936158 1 55 1.000000
trooper_shoulder
0  12.283479 4.076406 59.013519  0.825228 0.057558 -0.561859  0.629361 0.943554 1 55 1.000000
0  12.664049 3.972013 59.570034  0.857282 0.079481 -0.508675  0.654831 0.965143 1 55 1.000000
0  12.632394 3.782012 59.486382  0.856708 0.076473 -0.510102  0.659752 0.955968 1 55 1.000000
trooper_shoulder
0  12.664049 3.972013 59.570034  0.857282 0.079481 -0.508675  0.654831 0.965143 1 55 1.000000
0  12.865900 3.398831 59.881344  0.877624 0.051498 -0.476576  0.688330 0.965488 1 55 1.000000
0  12.632394 3.782012 59.486382  0.856708 0.076473 -0.510102  0.659752 0.955968 1 55 1.000000
trooper_shoulder
0  12.664049 3.972013 59.570034  0.857282 0.079481 -0.508675  0.654831 0.965143 1 55 1.000000
0  12.922245 3.561169 60.002045  0.877363 0.051114 -0.477096  0.684929 0.974599 1 55 1.000000
0  12.865900 3.398831 59.881344  0.877624 0.051498 -0.476576  0.688330 0.965488 1 55 1.000000
trooper_shoulder
0  12.922245 3.561169 60.002045  0.877363 0.051114 -0.477096  0.684929 0.974599 1 55 1.000000
0  13.100330 3.042570 60.272598  0.885972 0.033153 -0.462553  0.716345 0.977001 1 55 1.000000
0  12.865900 3.398831 59.881344  0.877624 0.051498 -0.476576  0.688330 0.965488 1 55 1.000000
trooper_shoulder
0  12.922245 3.561169 60.002045  0.877363 0.051114 -0.477096  0.684929 0.974599 1 55 1.000000
0  13.180443 3.150326 60.434048  0.884273 0.033967 -0.465734  0.714206 0.987530 1 55 1.000000
0  13.100330 3.042570 60.272598  0.885972 0.033153 -0.462553  0.716345 0.977001 1 55 1.000000
trooper_shoulder
0  13.180443 3.150326 60.434048  0.884273 0.033967 -0.465734  0.714206 0.987530 1 55 1.000000
0  13.158899 2.355537 60.370392  0.876515 0.015236 -0.481133  0.753172 0.977016 1 55 1.000000
0  13.100330 3.042570 60.272598  0.885972 0.033153 -0.462553  0.716345 0.977001 1 55 1.000000
trooper_shoulder
0  13.180443 3.150326 60.434048  0.884273 0.033967 -0.465734  0.714206 0.987530 1 55 1.000000
0  13.258261 2.393826 60.551384  0.875237 0.015451 -0.483447  0.752822 0.986697 1 55 1.000000
0  13.158899 2.355537 60.370392  0.876515 0.015236 -0.481133  0.753172 0.977016 1 55 1.000000
trooper_shoulder
0  13.258261 2.393826 60.551384  0.875237 0.015451 -0.483447  0.752822 0.986697 1 55 1.000000
0  13.235147 1.635517 60.484585  0.876769 -0.002227 -0.480906  0.789006 0.979389 1 55 1.000000
0  13.158899 2.355537 60.370392  0.876515 0.015236 -0.481133  0.753172 0.977016 1 55 1.000000
trooper_shoulder
0  13.258261 2.393826 60.551384  0.875237 0.015451 -0.483447  0.752822 0.986697 1 55 1.000000
0  13.336085 1.637328 60.668724  0.876779 -0.002137 -0.480889  0.789155 0.989575 1 55 1.000000
0  13.235147 1.635517 60.484585  0.876769 -0.002227 -0.480906  0.789006 0.979389 1 55 1.000000
trooper_shoulder
0  13.336085 1.637328 60.668724  0.876779 -0.002137 -0.480889  0.789155 0.989575 1 55 1.000000
0  13.162978 0.915268 60.383060  0.876072 -0.014252 -0.481969  0.824715 0.975984 1 55 1.000000
0  13.235147 1.635517 60.484585  0.876769 -0.002227 -0.480906  0.789006 0.979389 1 55 1.000000
trooper_shoulder
0  13.336085 1.637328 60.668724  0.876779 -0.002137 -0.480889  0.789155 0.989575 1 55 1.000000
0  13.262425 0.880623 60.564743  0.877300 -0.015454 -0.479694  0.825346 0.985674 1 55 1.000000
0  13.162978 0.915268 60.383060  0.876072 -0.014252 -0.481969  0.824715 0.975984 1 55 1.000000
trooper_shoulder
0  13.262425 0.880623 60.564743  0.877300 -0.015454 -0.479694  0.825346 0.985674 1 55 1.000000
0  13.108484 0.228383 60.297241  0.886464 -0.035656 -0.461421  0.861587 0.974909 1 55 1.000000
0  13.162978 0.915268 60.383060  0.876072 -0.014252 -0.481969  0.824715 0.975984 1 55 1.000000
trooper_shoulder
0  13.262425 0.880623 60.564743  0.877300 -0.015454 -0.479694  0.825346 0.985674 1 55 1.000000
0  13.188766 0.123919 60.460762  0.887456 -0.036519 -0.459444  0.864021 0.985417 1 55 1.000000
0  13.108484 0.228383 60.297241  0.886464 -0.035656 -0.461421  0.861587 0.974909 1 55 1.000000
trooper_shoulder
0  13.188766 0.123919 60.460762  0.887456 -0.036519 -0.459444  0.864021 0.985417 1 55 1.000000
0  12.891657 -0.125137 59.922791  0.884196 -0.045128 -0.464931  0.888403 0.963162 1 55 1.000000
0  13.108484 0.228383 60.297241  0.886464 -0.035656 -0.461421  0.861587 0.974909 1 55 1.000000
trooper_shoulder
0  13.188766 0.123919 60.460762  0.887456 -0.036519 -0.459444  0.864021 0.985417 1 55 1.000000
0  12.948879 -0.284537 60.046955  0.884331 -0.046133 -0.464576  0.892047 0.972203 1 55 1.000000
0  12.891657 -0.125137 59.922791  0.884196 -0.045128 -0.464931  0.888403 0.963162 1 55 1.000000
trooper_shoulder
0  12.948879 -0.284537 60.046955  0.884331 -0.046133 -0.464576  0.892047 0.972203 1 55 1.000000
0  12.674726 -0.505774 59.544422  0.846997 -0.091785 -0.523615  0.915661 0.953273 1 55 1.000000
0  12.891657 -0.125137 59.922791  0.884196 -0.045128 -0.464931  0.888403 0.963162 1 55 1.000000
trooper_shoulder
0  12.948879 -0.284537 60.046955  0.884331 -0.046133 -0.464576  0.892047 0.972203 1 55 1.000000
0  12.708987 -0.692995 59.633152  0.848836 -0.084706 -0.521826  0.920836 0.962268 1 55 1.000000
0  12.674726 -0.505774 59.544422  0.846997 -0.091785 -0.523615  0.915661 0.953273 1 55 1.000000
trooper_shoulder
0  12.708987 -0.692995 59.633152  0.848836 -0.084706 -0.521826  0.920836 0.962268 1 55 1.000000
0  12.280693 -0.618834 59.026707  0.811624 -0.065832 -0.580459  0.939847 0.931486 1 55 1.000000
0  12.674726 -0.505774 59.544422  0.846997 -0.091785 -0.523615  0.915661 0.953273 1 55 1.000000
trooper_shoulder
0  12.708987 -0.692995 59.633152  0.848836 -0.084706 -0.521826  0.920836 0.962268 1 55 1.000000
0  12.293180 -0.824853 59.065403  0.812242 -0.060182 -0.580208  0.946819 0.938674 1 55 1.000000
0  12.280693 -0.618834 59.026707  0.811624 -0.065832 -0.580459  0.939847 0.931486 1 55 1.000000
trooper_shoulder
0  12.293180 -0.824853 59.065403  0.812242 -0.060182 -0.580208  0.946819 0.938674 1 55 1.000000
0  11.871242 -0.749199 58.466068  0.567244 -0.107162 -0.816548  0.961138 0.910508 1 55 1.000000
0  12.280693 -0.618834 59.026707  0.811624 -0.065832 -0.580459  0.939847 0.931486 1 55 1.000000
trooper_shoulder
0  12.293180 -0.824853 59.065403  0.812242 -0.060182 -0.580208  0.946819 0.938674 1 55 1.000000
0  11.877368 -0.956711 58.497669  0.571196 -0.105216 -0.814042  0.968955 0.914947 1 55 1.000000
0  11.871242 -0.749199 58.466068  0.567244 -0.107162 -0.816548  0.961138 0.910508 1 55 1.000000
trooper_shoulder
0  11.877368 -0.956711 58.497669  0.571196 -0.105216 -0.814042  0.968955 0.914947 1 55 1.000000
0  10.327900 -0.751475 58.047215  0.149489 -0.099274 -0.983767  0.976158 0.847816 1 55 1.000000
0  11.871242 -0.749199 58.466068  0.567244 -0.107162 -0.816548  0.961138 0.910508 1 55 1.000000
trooper_shoulder
0  11.877368 -0.956711 58.497669  0.571196 -0.105216 -0.814042  0.968955 0.914947 1 55 1.000000
0  10.325247 -0.960469 58.067532  0.149582 -0.098369 -0.983844  0.985874 0.849038 1 55 1.000000
0  10.327900 -0.751475 58.047215  0.149489 -0.099274 -0.983767  0.976158 0.847816 1 55 1.000000
trooper_shoulder
0  10.325247 -0.960469 58.067532  0.149582 -0.098369 -0.983844  0.985874 0.849038 1 55 1.000000
0  8.782686 -0.755828 57.999008  -0.124493 -0.107489 -0.986381  0.976874 0.782226 1 55 1.000000
0  10.327900 -0.751475 58.047215  0.149489 -0.099274 -0.983767  0.976158 0.847816 1 55 1.000000
trooper_shoulder
0  10.325247 -0.960469 58.067532  0.149582 -0.098369 -0.983844  0.985874 0.849038 1 55 1.000000
0  8.773117 -0.964220 58.023098  -0.124973 -0.108124 -0.986251  0.985874 0.780403 1 55 1.000000
0  8.782686 -0.755828 57.999008  -0.124493 -0.107489 -0.986381  0.976874 0.782226 1 55 1.000000
trooper_shoulder
0  11.457793 1.642521 61.460770  -0.365299 -0.010118 -0.930835  0.787385 0.890927 1 55 1.000000
0  12.269417 0.928225 60.875031  -0.439934 0.205348 -0.874237  0.819876 0.929116 1 55 1.000000
0  11.221929 0.931003 61.356358  -0.333465 0.230947 -0.914038  0.814657 0.882379 1 55 1.000000
trooper_shoulder
0  11.457793 1.642521 61.460770  -0.365299 -0.010118 -0.930835  0.787385 0.890927 1 55 1.000000
0  12.334333 1.639138 60.978352  -0.481495 -0.008852 -0.876404  0.788159 0.931357 1 55 1.000000
0  12.269417 0.928225 60.875031  -0.439934 0.205348 -0.874237  0.819876 0.929116 1 55 1.000000
trooper_shoulder
0  12.264889 2.350498 60.862610  -0.441746 -0.219521 -0.869868  0.756349 0.930069 1 55 1.000000
0  12.334333 1.639138 60.978352  -0.481495 -0.008852 -0.876404  0.788159 0.931357 1 55 1.000000
0  11.457793 1.642521 61.460770  -0.365299 -0.010118 -0.930835  0.787385 0.890927 1 55 1.000000
trooper_shoulder
0  12.264889 2.350498 60.862610  -0.441746 -0.219521 -0.869868  0.756349 0.930069 1 55 1.000000
0  11.457793 1.642521 61.460770  -0.365299 -0.010118 -0.930835  0.787385 0.890927 1 55 1.000000
0  11.276427 2.345743 61.324986  -0.328972 -0.247101 -0.911437  0.760121 0.885535 1 55 1.000000
trooper_shoulder
0  12.093841 3.037059 60.745464  -0.354465 -0.545617 -0.759379  0.726417 0.922226 1 55 1.000000
0  12.264889 2.350498 60.862610  -0.441746 -0.219521 -0.869868  0.756349 0.930069 1 55 1.000000
0  11.276427 2.345743 61.324986  -0.328972 -0.247101 -0.911437  0.760121 0.885535 1 55 1.000000
trooper_shoulder
0  12.093841 3.037059 60.745464  -0.354465 -0.545617 -0.759379  0.726417 0.922226 1 55 1.000000
0  11.276427 2.345743 61.324986  -0.328972 -0.247101 -0.911437  0.760121 0.885535 1 55 1.000000
0  11.101537 3.031432 61.213459  -0.259439 -0.577473 -0.774091  0.734214 0.878157 1 55 1.000000
trooper_shoulder
0  11.867472 3.390692 60.359695  -0.201217 -0.820538 -0.535004  0.702006 0.915131 1 55 1.000000
0  12.093841 3.037059 60.745464  -0.354465 -0.545617 -0.759379  0.726417 0.922226 1 55 1.000000
0  11.101537 3.031432 61.213459  -0.259439 -0.577473 -0.774091  0.734214 0.878157 1 55 1.000000
trooper_shoulder
0  11.867472 3.390692 60.359695  -0.201217 -0.820538 -0.535004  0.702006 0.915131 1 55 1.000000
0  11.101537 3.031432 61.213459  -0.259439 -0.577473 -0.774091  0.734214 0.878157 1 55 1.000000
0  10.388227 3.385644 60.767830  -0.120540 -0.858427 -0.498571  0.710252 0.854108 1 55 1.000000
trooper_shoulder
0  11.148535 3.777700 59.900917  -0.091291 -0.938212 -0.333802  0.675242 0.886544 1 55 1.000000
0  11.867472 3.390692 60.359695  -0.201217 -0.820538 -0.535004  0.702006 0.915131 1 55 1.000000
0  10.388227 3.385644 60.767830  -0.120540 -0.858427 -0.498571  0.710252 0.854108 1 55 1.000000
trooper_shoulder
0  11.148535 3.777700 59.900917  -0.091291 -0.938212 -0.333802  0.675242 0.886544 1 55 1.000000
0  10.388227 3.385644 60.767830  -0.120540 -0.858427 -0.498571  0.710252 0.854108 1 55 1.000000
0  9.673748 3.780120 60.300167  0.010371 -0.939002 -0.343755  0.686933 0.827806 1 55 1.000000
trooper_shoulder
0  9.673748 3.780120 60.300167  0.010371 -0.939002 -0.343755  0.686933 0.827806 1 55 1.000000
0  10.784227 3.870608 59.389404  -0.013084 -0.993265 -0.115122  0.653387 0.872582 1 55 1.000000
0  11.148535 3.777700 59.900917  -0.091291 -0.938212 -0.333802  0.675242 0.886544 1 55 1.000000
trooper_shoulder
0  9.673748 3.780120 60.300167  0.010371 -0.939002 -0.343755  0.686933 0.827806 1 55 1.000000
0  9.232317 3.868236 59.167591  0.034332 -0.995331 -0.090205  0.643654 0.809534 1 55 1.000000
0  10.784227 3.870608 59.389404  -0.013084 -0.993265 -0.115122  0.653387 0.872582 1 55 1.000000
trooper_shoulder
0  8.208009 3.766584 59.621796  0.126123 -0.963257 -0.237126  0.664693 0.769199 1 55 1.000000
0  9.232317 3.868236 59.167591  0.034332 -0.995331 -0.090205  0.643654 0.809534 1 55 1.000000
0  9.673748 3.780120 60.300167  0.010371 -0.939002 -0.343755  0.686933 0.827806 1 55 1.000000
trooper_shoulder
0  8.208009 3.766584 59.621796  0.126123 -0.963257 -0.237126  0.664693 0.769199 1 55 1.000000
0  9.673748 3.780120 60.300167  0.010371 -0.939002 -0.343755  0.686933 0.827806 1 55 1.000000
0  8.338305 3.374594 60.623032  0.162168 -0.899808 -0.405027  0.706281 0.778214 1 55 1.000000
trooper_shoulder
0  6.857953 3.363803 59.932442  0.202512 -0.914099 -0.351299  0.690349 0.714330 1 55 1.000000
0  8.208009 3.766584 59.621796  0.126123 -0.963257 -0.237126  0.664693 0.769199 1 55 1.000000
0  8.338305 3.374594 60.623032  0.162168 -0.899808 -0.405027  0.706281 0.778214 1 55 1.000000
trooper_shoulder
0  6.857953 3.363803 59.932442  0.202512 -0.914099 -0.351299  0.690349 0.714330 1 55 1.000000
0  8.338305 3.374594 60.623032  0.162168 -0.899808 -0.405027  0.706281 0.778214 1 55 1.000000
0  7.004792 3.011673 60.902981  0.326604 -0.649237 -0.686893  0.729868 0.730306 1 55 1.000000
trooper_shoulder
0  5.980118 2.995854 60.310085  0.385196 -0.656615 -0.648445  0.721689 0.681398 1 55 1.000000
0  6.857953 3.363803 59.932442  0.202512 -0.914099 -0.351299  0.690349 0.714330 1 55 1.000000
0  7.004792 3.011673 60.902981  0.326604 -0.649237 -0.686893  0.729868 0.730306 1 55 1.000000
trooper_shoulder
0  6.819623 2.323867 61.046738  0.411679 -0.309105 -0.857307  0.756971 0.722834 1 55 1.000000
0  5.980118 2.995854 60.310085  0.385196 -0.656615 -0.648445  0.721689 0.681398 1 55 1.000000
0  7.004792 3.011673 60.902981  0.326604 -0.649237 -0.686893  0.729868 0.730306 1 55 1.000000
trooper_shoulder
0  7.748266 3.860050 58.302013  0.061037 -0.993528 -0.095793  0.613719 0.745308 1 55 1.000000
0  8.786972 3.968169 57.982128  0.041368 -0.994192 -0.099350  0.595935 0.789979 1 55 1.000000
0  9.232317 3.868236 59.167591  0.034332 -0.995331 -0.090205  0.643654 0.809534 1 55 1.000000
trooper_shoulder
0  9.232317 3.868236 59.167591  0.034332 -0.995331 -0.090205  0.643654 0.809534 1 55 1.000000
0  8.786972 3.968169 57.982128  0.041368 -0.994192 -0.099350  0.595935 0.789979 1 55 1.000000
0  10.343775 3.969660 58.019348  0.013322 -0.996722 -0.079792  0.598466 0.855385 1 55 1.000000
trooper_shoulder
0  10.784227 3.870608 59.389404  -0.013084 -0.993265 -0.115122  0.653387 0.872582 1 55 1.000000
0  9.232317 3.868236 59.167591  0.034332 -0.995331 -0.090205  0.643654 0.809534 1 55 1.000000
0  10.343775 3.969660 58.019348  0.013322 -0.996722 -0.079792  0.598466 0.855385 1 55 1.000000
trooper_shoulder
0  10.784227 3.870608 59.389404  -0.013084 -0.993265 -0.115122  0.653387 0.872582 1 55 1.000000
0  10.343775 3.969660 58.019348  0.013322 -0.996722 -0.079792  0.598466 0.855385 1 55 1.000000
0  11.898855 3.972571 58.430145  -0.016985 -0.991989 -0.125178  0.615218 0.917185 1 55 1.000000
trooper_shoulder
0  10.784227 3.870608 59.389404  -0.013084 -0.993265 -0.115122  0.653387 0.872582 1 55 1.000000
0  11.898855 3.972571 58.430145  -0.016985 -0.991989 -0.125178  0.615218 0.917185 1 55 1.000000
0  12.274371 3.869163 58.980865  -0.040435 -0.987964 -0.149307  0.636047 0.936158 1 55 1.000000
trooper_shoulder
0  11.148535 3.777700 59.900917  -0.091291 -0.938212 -0.333802  0.675242 0.886544 1 55 1.000000
0  10.784227 3.870608 59.389404  -0.013084 -0.993265 -0.115122  0.653387 0.872582 1 55 1.000000
0  12.274371 3.869163 58.980865  -0.040435 -0.987964 -0.149307  0.636047 0.936158 1 55 1.000000
trooper_shoulder
0  11.148535 3.777700 59.900917  -0.091291 -0.938212 -0.333802  0.675242 0.886544 1 55 1.000000
0  12.274371 3.869163 58.980865  -0.040435 -0.987964 -0.149307  0.636047 0.936158 1 55 1.000000
0  12.632394 3.782012 59.486382  -0.151939 -0.904602 -0.398258  0.659752 0.955968 1 55 1.000000
trooper_shoulder
0  12.632394 3.782012 59.486382  -0.151939 -0.904602 -0.398258  0.659752 0.955968 1 55 1.000000
0  11.867472 3.390692 60.359695  -0.201217 -0.820538 -0.535004  0.702006 0.915131 1 55 1.000000
0  11.148535 3.777700 59.900917  -0.091291 -0.938212 -0.333802  0.675242 0.886544 1 55 1.000000
trooper_shoulder
0  12.632394 3.782012 59.486382  -0.151939 -0.904602 -0.398258  0.659752 0.955968 1 55 1.000000
0  12.865900 3.398831 59.881344  -0.266314 -0.776241 -0.571426  0.688330 0.965488 1 55 1.000000
0  11.867472 3.390692 60.359695  -0.201217 -0.820538 -0.535004  0.702006 0.915131 1 55 1.000000
trooper_shoulder
0  11.867472 3.390692 60.359695  -0.201217 -0.820538 -0.535004  0.702006 0.915131 1 55 1.000000
0  12.865900 3.398831 59.881344  -0.266314 -0.776241 -0.571426  0.688330 0.965488 1 55 1.000000
0  12.093841 3.037059 60.745464  -0.354465 -0.545617 -0.759379  0.726417 0.922226 1 55 1.000000
trooper_shoulder
0  12.865900 3.398831 59.881344  -0.266314 -0.776241 -0.571426  0.688330 0.965488 1 55 1.000000
0  13.100330 3.042570 60.272598  -0.381226 -0.515533 -0.767393  0.716345 0.977001 1 55 1.000000
0  12.093841 3.037059 60.745464  -0.354465 -0.545617 -0.759379  0.726417 0.922226 1 55 1.000000
trooper_shoulder
0  13.100330 3.042570 60.272598  -0.381226 -0.515533 -0.767393  0.716345 0.977001 1 55 1.000000
0  12.264889 2.350498 60.862610  -0.441746 -0.219521 -0.869868  0.756349 0.930069 1 55 1.000000
0  12.093841 3.037059 60.745464  -0.354465 -0.545617 -0.759379  0.726417 0.922226 1 55 1.000000
trooper_shoulder
0  13.100330 3.042570 60.272598  -0.381226 -0.515533 -0.767393  0.716345 0.977001 1 55 1.000000
0  13.158899 2.355537 60.370392  -0.474026 -0.175095 -0.862926  0.753172 0.977016 1 55 1.000000
0  12.264889 2.350498 60.862610  -0.441746 -0.219521 -0.869868  0.756349 0.930069 1 55 1.000000
trooper_shoulder
0  12.264889 2.350498 60.862610  -0.441746 -0.219521 -0.869868  0.756349 0.930069 1 55 1.000000
0  13.158899 2.355537 60.370392  -0.474026 -0.175095 -0.862926  0.753172 0.977016 1 55 1.000000
0  12.334333 1.639138 60.978352  -0.481495 -0.008852 -0.876404  0.788159 0.931357 1 55 1.000000
trooper_shoulder
0  13.158899 2.355537 60.370392  -0.474026 -0.175095 -0.862926  0.753172 0.977016 1 55 1.000000
0  13.235147 1.635517 60.484585  -0.480669 -0.008625 -0.876859  0.789006 0.979389 1 55 1.000000
0  12.334333 1.639138 60.978352  -0.481495 -0.008852 -0.876404  0.788159 0.931357 1 55 1.000000
trooper_shoulder
0  12.334333 1.639138 60.978352  -0.481495 -0.008852 -0.876404  0.788159 0.931357 1 55 1.000000
0  13.235147 1.635517 60.484585  -0.480669 -0.008625 -0.876859  0.789006 0.979389 1 55 1.000000
0  13.162978 0.915268 60.383060  -0.474444 0.157638 -0.866056  0.824715 0.975984 1 55 1.000000
trooper_shoulder
0  12.269417 0.928225 60.875031  -0.439934 0.205348 -0.874237  0.819876 0.929116 1 55 1.000000
0  12.334333 1.639138 60.978352  -0.481495 -0.008852 -0.876404  0.788159 0.931357 1 55 1.000000
0  13.162978 0.915268 60.383060  -0.474444 0.157638 -0.866056  0.824715 0.975984 1 55 1.000000
trooper_shoulder
0  12.269417 0.928225 60.875031  -0.439934 0.205348 -0.874237  0.819876 0.929116 1 55 1.000000
0  13.162978 0.915268 60.383060  -0.474444 0.157638 -0.866056  0.824715 0.975984 1 55 1.000000
0  13.108484 0.228383 60.297241  -0.382095 0.500270 -0.777003  0.861587 0.974909 1 55 1.000000
end
