// Created by Crowbar 0.71
version 1
nodes
  0 "ValveBiped.Bip01_Pelvis" -1
  1 "ValveBiped.Bip01_Spine" 0
  2 "ValveBiped.Bip01_Spine1" 1
  3 "ValveBiped.Bip01_Spine2" 2
  4 "ValveBiped.Bip01_Spine4" 3
  5 "ValveBiped.Bip01_Neck1" 4
  6 "ValveBiped.Bip01_Head1" 5
  7 "ValveBiped.forward" 6
  8 "ValveBiped.Bip01_R_Clavicle" 4
  9 "ValveBiped.Bip01_R_UpperArm" 8
  10 "ValveBiped.Bip01_R_Forearm" 9
  11 "ValveBiped.Bip01_R_Hand" 10
  12 "ValveBiped.Anim_Attachment_RH" 11
  13 "ValveBiped.Bip01_R_Finger4" 11
  14 "ValveBiped.Bip01_R_Finger41" 13
  15 "ValveBiped.Bip01_R_Finger42" 14
  16 "ValveBiped.Bip01_R_Finger3" 11
  17 "ValveBiped.Bip01_R_Finger31" 16
  18 "ValveBiped.Bip01_R_Finger32" 17
  19 "ValveBiped.Bip01_R_Finger2" 11
  20 "ValveBiped.Bip01_R_Finger21" 19
  21 "ValveBiped.Bip01_R_Finger22" 20
  22 "ValveBiped.Bip01_R_Finger1" 11
  23 "ValveBiped.Bip01_R_Finger11" 22
  24 "ValveBiped.Bip01_R_Finger12" 23
  25 "ValveBiped.Bip01_R_Finger0" 11
  26 "ValveBiped.Bip01_R_Finger01" 25
  27 "ValveBiped.Bip01_R_Finger02" 26
  28 "ValveBiped.Bip01_R_Ulna" 10
  29 "ValveBiped.Bip01_R_Wrist" 10
  30 "ValveBiped.Bip01_R_Shoulder" 9
  31 "ValveBiped.Bip01_R_Bicep" 9
  32 "ValveBiped.Bip01_R_Trapezius" 8
  33 "ValveBiped.Bip01_L_Clavicle" 4
  34 "ValveBiped.Bip01_L_UpperArm" 33
  35 "ValveBiped.Bip01_L_Forearm" 34
  36 "ValveBiped.Bip01_L_Hand" 35
  37 "ValveBiped.Anim_Attachment_LH" 36
  38 "ValveBiped.Bip01_L_Finger4" 36
  39 "ValveBiped.Bip01_L_Finger41" 38
  40 "ValveBiped.Bip01_L_Finger42" 39
  41 "ValveBiped.Bip01_L_Finger3" 36
  42 "ValveBiped.Bip01_L_Finger31" 41
  43 "ValveBiped.Bip01_L_Finger32" 42
  44 "ValveBiped.Bip01_L_Finger2" 36
  45 "ValveBiped.Bip01_L_Finger21" 44
  46 "ValveBiped.Bip01_L_Finger22" 45
  47 "ValveBiped.Bip01_L_Finger1" 36
  48 "ValveBiped.Bip01_L_Finger11" 47
  49 "ValveBiped.Bip01_L_Finger12" 48
  50 "ValveBiped.Bip01_L_Finger0" 36
  51 "ValveBiped.Bip01_L_Finger01" 50
  52 "ValveBiped.Bip01_L_Finger02" 51
  53 "ValveBiped.Bip01_L_Ulna" 35
  54 "ValveBiped.Bip01_L_Wrist" 35
  55 "ValveBiped.Bip01_L_Shoulder" 34
  56 "ValveBiped.Bip01_L_Bicep" 34
  57 "ValveBiped.Bip01_L_Trapezius" 33
  58 "ValveBiped.Bip01_R_Thigh" 0
  59 "ValveBiped.Bip01_R_Calf" 58
  60 "ValveBiped.Bip01_R_Foot" 59
  61 "ValveBiped.Bip01_R_Toe0" 60
  62 "ValveBiped.Bip01_L_Thigh" 0
  63 "ValveBiped.Bip01_L_Calf" 62
  64 "ValveBiped.Bip01_L_Foot" 63
end
skeleton
  time 0
    0 -0.000005 -0.533615 38.566917 1.570796 0.000000 0.000000
    1 0.000005 3.345127 -2.981901 1.570797 0.086287 1.570793
    2 4.018299 -0.000027 -0.000024 0.000000 -0.000005 -0.029249
    3 3.518551 -0.000015 -0.000026 0.000000 -0.000038 0.100331
    4 8.942608 0.000026 -0.000404 0.000008 0.000043 0.194109
    5 3.307232 -0.000036 -0.000006 3.141592 0.000000 0.400473
    6 3.593704 0.000015 0.000007 0.000000 0.000003 0.406594
    7 1.999981 -3.000003 0.000012 -1.570791 -0.000001 -1.326468
    8 2.033310 1.000764 -1.937615 -1.668512 1.286498 2.942906
    9 6.028137 0.000061 0.000072 1.590094 -0.099550 0.273381
    10 11.692566 0.000211 0.000031 -0.001738 0.013680 -0.311257
    11 11.481684 0.000195 -0.000023 -1.564929 0.106611 0.044214
    12 2.676067 -1.712444 0.000001 -1.570806 0.000007 -1.570905
    13 3.859642 -0.132580 1.193093 0.366275 -0.149873 -0.332024
    14 1.312550 0.000011 0.000004 0.148504 0.140477 -0.017328
    15 0.729385 0.000011 0.000010 0.000015 -0.006149 -0.244250
    16 3.942253 0.050320 0.431028 0.129736 -0.110541 -0.545317
    17 1.539101 0.000000 0.000005 0.034168 0.141227 0.546472
    18 1.196316 -0.000061 -0.000005 -0.000013 -0.009652 -0.430770
    19 3.883633 -0.050343 -0.431054 -0.103681 -0.052847 -0.146764
    20 1.719597 0.000011 -0.000010 -0.007600 0.030954 -0.099108
    21 1.209154 0.000015 -0.000034 -0.000016 -0.004433 -0.216383
    22 3.859825 -0.148933 -1.331291 -0.345584 0.028171 -0.268441
    23 1.719427 0.000011 0.000010 -0.019993 -0.090337 0.128388
    24 1.099682 0.000004 0.000010 -0.000016 -0.004194 -0.244321
    25 0.805996 -0.359825 -1.318332 1.258257 0.364081 -0.444376
    26 1.789770 -0.000002 0.000034 0.019247 -0.120176 0.075547
    27 1.206987 -0.000019 0.000008 0.000017 -0.009613 0.362904
    28 5.740847 0.000093 0.000000 0.000082 0.000001 0.000022
    29 11.481684 0.000195 -0.000023 0.000150 0.000000 0.000034
    30 1.500008 0.000023 0.000004 0.000000 0.000001 0.000017
    31 5.560010 0.000097 -0.000004 0.000000 0.000000 0.000036
    32 5.166964 0.000057 0.000062 0.000001 -0.000006 -0.000005
    33 2.033356 1.000745 1.937655 1.596679 -1.286502 2.942905
    34 6.028134 0.000092 -0.000080 -1.520711 0.079999 0.279607
    35 11.692537 -0.000543 0.000000 0.001827 -0.014041 -0.318111
    36 11.481680 0.000553 -0.000008 1.573199 -0.106594 0.044240
    37 2.676125 -1.712387 0.000029 1.570798 0.000014 1.570800
    38 3.859715 -0.142330 -1.191978 -0.373255 0.084832 -0.392592
    39 1.312551 -0.000023 0.000017 -0.033209 -0.054304 0.096971
    40 0.729364 -0.000019 -0.000010 0.000023 0.004966 -0.244307
    41 3.942326 0.046841 -0.431451 -0.117937 0.118583 -0.428279
    42 1.539072 0.000000 -0.000015 -0.020010 -0.129382 0.326119
    43 1.196320 0.000061 0.000002 0.000010 0.007369 -0.430797
    44 3.883717 -0.046669 0.431435 0.093518 0.039479 -0.340167
    45 1.719576 0.000000 -0.000003 0.034077 -0.016604 0.192361
    46 1.209167 0.000008 -0.000013 -0.000006 0.003094 -0.216398
    47 3.859890 -0.137829 1.332460 0.348567 -0.036135 -0.383820
    48 1.719414 0.000008 -0.000034 0.108427 0.085485 0.261809
    49 1.099667 0.000004 0.000008 -0.000006 0.002581 -0.244336
    50 0.806065 -0.348885 1.321271 -1.284109 -0.334945 -0.484552
    51 1.789783 0.000004 0.000011 0.019417 0.057120 0.062855
    52 1.207005 0.000015 -0.000031 0.000007 0.011267 0.362851
    53 5.740854 0.000278 0.000019 0.000682 0.000000 0.000041
    54 11.481724 0.000556 0.000034 0.001283 0.000002 0.000061
    55 1.499980 -0.000069 -0.000011 0.000000 0.000000 -0.000048
    56 5.559988 -0.000257 -0.000034 0.000000 0.000000 -0.000087
    57 5.166950 0.000080 -0.000066 0.000001 -0.000014 0.000005
    58 -3.890452 0.000004 0.000007 -1.570795 0.051841 -1.576021
    59 17.848206 0.000185 -0.000001 -0.000003 0.000000 0.034063
    60 16.525269 0.002261 0.000013 0.038611 0.040780 -1.071494
    61 6.879457 -0.000012 0.000017 -0.081331 -0.002947 -0.584379
    62 3.890452 -0.000004 -0.000003 -1.570798 0.051841 -1.565574
    63 17.848152 0.000067 0.000003 0.000007 0.000000 0.034179
    64 16.525261 0.000406 -0.000005 -0.027917 -0.040785 -1.071644
end
triangles
flash
  6 5.186195 -2.301608 69.031746 0.145901 0.001099 -0.989298 0.690056 0.120686 1 6 1.000000
  6 5.136507 -2.475573 69.024422 0.156769 -0.003190 -0.987630 0.721637 0.101732 1 6 1.000000
  6 5.033605 -2.552782 69.008339 0.228023 -0.003972 -0.973648 0.713844 0.080669 1 6 1.000000
flash
  6 5.054008 -2.314771 69.012383 0.207268 -0.004611 -0.978273 0.680788 0.100866 1 6 1.000000
  6 5.033605 -2.552782 69.008339 0.228023 -0.003972 -0.973648 0.713844 0.080669 1 6 1.000000
  6 4.881692 -2.565662 68.966606 0.348516 -0.019649 -0.937097 0.702344 0.057253 1 6 1.000000
flash
  6 5.186195 -2.301608 69.031746 0.145901 0.001099 -0.989298 0.690056 0.120686 1 6 1.000000
  6 5.033605 -2.552782 69.008339 0.228023 -0.003972 -0.973648 0.713844 0.080669 1 6 1.000000
  6 5.054008 -2.314771 69.012383 0.207268 -0.004611 -0.978273 0.680788 0.100866 1 6 1.000000
flash
  6 5.214279 -2.016372 69.035873 0.151696 -0.008337 -0.988392 0.650662 0.145342 1 6 1.000000
  6 5.186195 -2.301608 69.031746 0.145901 0.001099 -0.989298 0.690056 0.120686 1 6 1.000000
  6 5.054008 -2.314771 69.012383 0.207268 -0.004611 -0.978273 0.680788 0.100866 1 6 1.000000
flash
  6 5.395127 -0.972766 68.983414 -0.280725 -0.161330 -0.946132 0.517282 0.247945 1 6 1.000000
  6 5.320580 -1.272064 69.025681 -0.023450 -0.054591 -0.998233 0.554072 0.214635 1 6 1.000000
  6 5.303174 -1.163181 69.020065 -0.098907 -0.070566 -0.992591 0.537522 0.220081 1 6 1.000000
flash
  6 5.320580 -1.272064 69.025681 -0.023450 -0.054591 -0.998233 0.554072 0.214635 1 6 1.000000
  6 5.252522 -1.430056 69.032730 0.068504 -0.036705 -0.996975 0.571344 0.193373 1 6 1.000000
  6 5.303174 -1.163181 69.020065 -0.098907 -0.070566 -0.992591 0.537522 0.220081 1 6 1.000000
flash
  6 5.265152 -0.980283 69.010109 -0.122647 -0.073551 -0.989721 0.509084 0.227969 1 6 1.000000
  6 5.303174 -1.163181 69.020065 -0.098907 -0.070566 -0.992591 0.537522 0.220081 1 6 1.000000
  6 5.252522 -1.430056 69.032730 0.068504 -0.036705 -0.996975 0.571344 0.193373 1 6 1.000000
flash
  6 5.265152 -0.980283 69.010109 -0.122647 -0.073551 -0.989721 0.509084 0.227969 1 6 1.000000
  6 5.252522 -1.430056 69.032730 0.068504 -0.036705 -0.996975 0.571344 0.193373 1 6 1.000000
  6 5.206437 -1.507246 69.028191 0.140167 -0.018819 -0.989949 0.578775 0.181232 1 6 1.000000
flash
  6 5.166984 -1.012365 69.011253 0.159591 -0.036287 -0.986516 0.506411 0.211326 1 6 1.000000
  6 5.265152 -0.980283 69.010109 -0.122647 -0.073551 -0.989721 0.509084 0.227969 1 6 1.000000
  6 5.206437 -1.507246 69.028191 0.140167 -0.018819 -0.989949 0.578775 0.181232 1 6 1.000000
flash
  6 5.166984 -1.012365 69.011253 0.159591 -0.036287 -0.986516 0.506411 0.211326 1 6 1.000000
  6 5.206437 -1.507246 69.028191 0.140167 -0.018819 -0.989949 0.578775 0.181232 1 6 1.000000
  6 5.116009 -1.539707 69.014214 0.239996 -0.025585 -0.970437 0.576577 0.165914 1 6 1.000000
flash
  6 5.116009 -1.539707 69.014214 0.239996 -0.025585 -0.970437 0.576577 0.165914 1 6 1.000000
  6 5.206437 -1.507246 69.028191 0.140167 -0.018819 -0.989949 0.578775 0.181232 1 6 1.000000
  6 5.214279 -2.016372 69.035873 0.151696 -0.008337 -0.988392 0.650662 0.145342 1 6 1.000000
flash
  6 5.116009 -1.539707 69.014214 0.239996 -0.025585 -0.970437 0.576577 0.165914 1 6 1.000000
  6 5.214279 -2.016372 69.035873 0.151696 -0.008337 -0.988392 0.650662 0.145342 1 6 1.000000
  6 5.079280 -1.994635 69.014809 0.218801 -0.017987 -0.975604 0.637598 0.127730 1 6 1.000000
flash
  6 5.214279 -2.016372 69.035873 0.151696 -0.008337 -0.988392 0.650662 0.145342 1 6 1.000000
  6 5.054008 -2.314771 69.012383 0.207268 -0.004611 -0.978273 0.680788 0.100866 1 6 1.000000
  6 5.079280 -1.994635 69.014809 0.218801 -0.017987 -0.975604 0.637598 0.127730 1 6 1.000000
flash
  6 5.079280 -1.994635 69.014809 0.218801 -0.017987 -0.975604 0.637598 0.127730 1 6 1.000000
  6 5.054008 -2.314771 69.012383 0.207268 -0.004611 -0.978273 0.680788 0.100866 1 6 1.000000
  6 4.903529 -2.313332 68.970367 0.353654 -0.025002 -0.935042 0.668667 0.078752 1 6 1.000000
flash
  6 5.054008 -2.314771 69.012383 0.207268 -0.004611 -0.978273 0.680788 0.100866 1 6 1.000000
  6 4.881692 -2.565662 68.966606 0.348516 -0.019649 -0.937097 0.702344 0.057253 1 6 1.000000
  6 4.903529 -2.313332 68.970367 0.353654 -0.025002 -0.935042 0.668667 0.078752 1 6 1.000000
flash
  6 4.881692 -2.565662 68.966606 0.348516 -0.019649 -0.937097 0.702344 0.057253 1 6 1.000000
  6 4.734660 -2.291793 68.889290 0.532708 -0.063108 -0.843943 0.651310 0.052877 1 6 1.000000
  6 4.903529 -2.313332 68.970367 0.353654 -0.025002 -0.935042 0.668667 0.078752 1 6 1.000000
flash
  6 4.881692 -2.565662 68.966606 0.348516 -0.019649 -0.937097 0.702344 0.057253 1 6 1.000000
  6 4.703393 -2.546408 68.884964 0.514810 -0.054477 -0.855572 0.684666 0.029914 1 6 1.000000
  6 4.734660 -2.291793 68.889290 0.532708 -0.063108 -0.843943 0.651310 0.052877 1 6 1.000000
flash
  6 4.703393 -2.546408 68.884964 0.514810 -0.054477 -0.855572 0.684666 0.029914 1 6 1.000000
  6 4.599692 -2.254248 68.776352 0.790984 -0.128695 -0.598148 0.630761 0.024751 1 6 1.000000
  6 4.734660 -2.291793 68.889290 0.532708 -0.063108 -0.843943 0.651310 0.052877 1 6 1.000000
flash
  6 4.703393 -2.546408 68.884964 0.514810 -0.054477 -0.855572 0.684666 0.029914 1 6 1.000000
  6 4.559220 -2.508370 68.771187 0.761853 -0.113027 -0.637812 0.663281 0.000221 1 6 1.000000
  6 4.599692 -2.254248 68.776352 0.790984 -0.128695 -0.598148 0.630761 0.024751 1 6 1.000000
flash
  6 5.320580 -1.272064 69.025681 -0.023450 -0.054591 -0.998233 0.554072 0.214635 1 6 1.000000
  6 5.255397 -1.634843 69.037033 0.178839 -0.018153 -0.983711 0.600253 0.178910 1 6 1.000000
  6 5.252522 -1.430056 69.032730 0.068504 -0.036705 -0.996975 0.571344 0.193373 1 6 1.000000
flash
  6 5.214279 -2.016372 69.035873 0.151696 -0.008337 -0.988392 0.650662 0.145342 1 6 1.000000
  6 5.252522 -1.430056 69.032730 0.068504 -0.036705 -0.996975 0.571344 0.193373 1 6 1.000000
  6 5.255397 -1.634843 69.037033 0.178839 -0.018153 -0.983711 0.600253 0.178910 1 6 1.000000
flash
  6 5.214279 -2.016372 69.035873 0.151696 -0.008337 -0.988392 0.650662 0.145342 1 6 1.000000
  6 5.206437 -1.507246 69.028191 0.140167 -0.018819 -0.989949 0.578775 0.181232 1 6 1.000000
  6 5.252522 -1.430056 69.032730 0.068504 -0.036705 -0.996975 0.571344 0.193373 1 6 1.000000
flash
  6 5.073156 -1.015554 68.975922 0.455697 -0.070255 -0.887358 0.499061 0.196470 1 6 1.000000
  6 5.166984 -1.012365 69.011253 0.159591 -0.036287 -0.986516 0.506411 0.211326 1 6 1.000000
  6 5.116009 -1.539707 69.014214 0.239996 -0.025585 -0.970437 0.576577 0.165914 1 6 1.000000
flash
  6 5.073156 -1.015554 68.975922 0.455697 -0.070255 -0.887358 0.499061 0.196470 1 6 1.000000
  6 5.116009 -1.539707 69.014214 0.239996 -0.025585 -0.970437 0.576577 0.165914 1 6 1.000000
  6 4.999259 -1.538278 68.975021 0.408697 -0.055399 -0.910987 0.567026 0.148361 1 6 1.000000
flash
  6 4.999259 -1.538278 68.975021 0.408697 -0.055399 -0.910987 0.567026 0.148361 1 6 1.000000
  6 5.116009 -1.539707 69.014214 0.239996 -0.025585 -0.970437 0.576577 0.165914 1 6 1.000000
  6 5.079280 -1.994635 69.014809 0.218801 -0.017987 -0.975604 0.637598 0.127730 1 6 1.000000
flash
  6 4.999259 -1.538278 68.975021 0.408697 -0.055399 -0.910987 0.567026 0.148361 1 6 1.000000
  6 5.079280 -1.994635 69.014809 0.218801 -0.017987 -0.975604 0.637598 0.127730 1 6 1.000000
  6 4.939561 -1.987257 68.973343 0.370862 -0.039036 -0.927867 0.625639 0.107509 1 6 1.000000
flash
  6 5.079280 -1.994635 69.014809 0.218801 -0.017987 -0.975604 0.637598 0.127730 1 6 1.000000
  6 4.903529 -2.313332 68.970367 0.353654 -0.025002 -0.935042 0.668667 0.078752 1 6 1.000000
  6 4.939561 -1.987257 68.973343 0.370862 -0.039036 -0.927867 0.625639 0.107509 1 6 1.000000
flash
  6 4.903529 -2.313332 68.970367 0.353654 -0.025002 -0.935042 0.668667 0.078752 1 6 1.000000
  6 4.785574 -1.967104 68.893524 0.559906 -0.080430 -0.824643 0.609453 0.083576 1 6 1.000000
  6 4.939561 -1.987257 68.973343 0.370862 -0.039036 -0.927867 0.625639 0.107509 1 6 1.000000
flash
  6 4.903529 -2.313332 68.970367 0.353654 -0.025002 -0.935042 0.668667 0.078752 1 6 1.000000
  6 4.734660 -2.291793 68.889290 0.532708 -0.063108 -0.843943 0.651310 0.052877 1 6 1.000000
  6 4.785574 -1.967104 68.893524 0.559906 -0.080430 -0.824643 0.609453 0.083576 1 6 1.000000
flash
  6 4.734660 -2.291793 68.889290 0.532708 -0.063108 -0.843943 0.651310 0.052877 1 6 1.000000
  6 4.663536 -1.934716 68.782242 0.808191 -0.160291 -0.566686 0.590627 0.057449 1 6 1.000000
  6 4.785574 -1.967104 68.893524 0.559906 -0.080430 -0.824643 0.609453 0.083576 1 6 1.000000
flash
  6 4.734660 -2.291793 68.889290 0.532708 -0.063108 -0.843943 0.651310 0.052877 1 6 1.000000
  6 4.599692 -2.254248 68.776352 0.790984 -0.128695 -0.598148 0.630761 0.024751 1 6 1.000000
  6 4.663536 -1.934716 68.782242 0.808191 -0.160291 -0.566686 0.590627 0.057449 1 6 1.000000
flash
  6 4.869239 -1.525621 68.897636 0.609346 -0.113240 -0.784776 0.553424 0.127168 1 6 1.000000
  6 4.785574 -1.967104 68.893524 0.559906 -0.080430 -0.824643 0.609453 0.083576 1 6 1.000000
  6 4.663536 -1.934716 68.782242 0.808191 -0.160291 -0.566686 0.590627 0.057449 1 6 1.000000
flash
  6 4.869239 -1.525621 68.897636 0.609346 -0.113240 -0.784776 0.553424 0.127168 1 6 1.000000
  6 4.663536 -1.934716 68.782242 0.808191 -0.160291 -0.566686 0.590627 0.057449 1 6 1.000000
  6 4.766332 -1.506173 68.789322 0.839056 -0.196935 -0.507150 0.537803 0.103762 1 6 1.000000
flash
  6 4.972557 -1.014066 68.901665 0.675467 -0.144524 -0.723088 0.488892 0.178495 1 6 1.000000
  6 4.766332 -1.506173 68.789322 0.839056 -0.196935 -0.507150 0.537803 0.103762 1 6 1.000000
  6 4.892499 -1.012221 68.797127 0.874541 -0.216516 -0.433934 0.477364 0.158243 1 6 1.000000
flash
  6 4.972557 -1.014066 68.901665 0.675467 -0.144524 -0.723088 0.488892 0.178495 1 6 1.000000
  6 4.869239 -1.525621 68.897636 0.609346 -0.113240 -0.784776 0.553424 0.127168 1 6 1.000000
  6 4.766332 -1.506173 68.789322 0.839056 -0.196935 -0.507150 0.537803 0.103762 1 6 1.000000
flash
  6 5.073156 -1.015554 68.975922 0.455697 -0.070255 -0.887358 0.499061 0.196470 1 6 1.000000
  6 4.869239 -1.525621 68.897636 0.609346 -0.113240 -0.784776 0.553424 0.127168 1 6 1.000000
  6 4.972557 -1.014066 68.901665 0.675467 -0.144524 -0.723088 0.488892 0.178495 1 6 1.000000
flash
  6 5.073156 -1.015554 68.975922 0.455697 -0.070255 -0.887358 0.499061 0.196470 1 6 1.000000
  6 4.999259 -1.538278 68.975021 0.408697 -0.055399 -0.910987 0.567026 0.148361 1 6 1.000000
  6 4.869239 -1.525621 68.897636 0.609346 -0.113240 -0.784776 0.553424 0.127168 1 6 1.000000
flash
  6 4.999259 -1.538278 68.975021 0.408697 -0.055399 -0.910987 0.567026 0.148361 1 6 1.000000
  6 4.785574 -1.967104 68.893524 0.559906 -0.080430 -0.824643 0.609453 0.083576 1 6 1.000000
  6 4.869239 -1.525621 68.897636 0.609346 -0.113240 -0.784776 0.553424 0.127168 1 6 1.000000
flash
  6 4.999259 -1.538278 68.975021 0.408697 -0.055399 -0.910987 0.567026 0.148361 1 6 1.000000
  6 4.939561 -1.987257 68.973343 0.370862 -0.039036 -0.927867 0.625639 0.107509 1 6 1.000000
  6 4.785574 -1.967104 68.893524 0.559906 -0.080430 -0.824643 0.609453 0.083576 1 6 1.000000
flash
  6 -4.972560 -1.014070 68.901665 -0.675469 -0.144524 -0.723087 0.488892 0.178495 1 6 1.000000
  6 -4.892506 -1.012224 68.797134 -0.874540 -0.216515 -0.433936 0.477364 0.158243 1 6 1.000000
  6 -4.766335 -1.506176 68.789337 -0.839067 -0.196929 -0.507134 0.537803 0.103762 1 6 1.000000
flash
  6 -4.869246 -1.525624 68.897644 -0.609358 -0.113239 -0.784767 0.553424 0.127168 1 6 1.000000
  6 -4.766335 -1.506176 68.789337 -0.839067 -0.196929 -0.507134 0.537803 0.103762 1 6 1.000000
  6 -4.663538 -1.934720 68.782257 -0.808192 -0.160293 -0.566685 0.590627 0.057449 1 6 1.000000
flash
  6 -4.972560 -1.014070 68.901665 -0.675469 -0.144524 -0.723087 0.488892 0.178495 1 6 1.000000
  6 -4.766335 -1.506176 68.789337 -0.839067 -0.196929 -0.507134 0.537803 0.103762 1 6 1.000000
  6 -4.869246 -1.525624 68.897644 -0.609358 -0.113239 -0.784767 0.553424 0.127168 1 6 1.000000
flash
  6 -5.073163 -1.015557 68.975922 -0.455751 -0.070254 -0.887330 0.499061 0.196470 1 6 1.000000
  6 -4.972560 -1.014070 68.901665 -0.675469 -0.144524 -0.723087 0.488892 0.178495 1 6 1.000000
  6 -4.869246 -1.525624 68.897644 -0.609358 -0.113239 -0.784767 0.553424 0.127168 1 6 1.000000
flash
  6 -4.734663 -2.291797 68.889305 -0.532700 -0.063109 -0.843948 0.651310 0.052877 1 6 1.000000
  6 -4.785578 -1.967105 68.893539 -0.559918 -0.080430 -0.824635 0.609453 0.083576 1 6 1.000000
  6 -4.663538 -1.934720 68.782257 -0.808192 -0.160293 -0.566685 0.590627 0.057449 1 6 1.000000
flash
  6 -4.734663 -2.291797 68.889305 -0.532700 -0.063109 -0.843948 0.651310 0.052877 1 6 1.000000
  6 -4.663538 -1.934720 68.782257 -0.808192 -0.160293 -0.566685 0.590627 0.057449 1 6 1.000000
  6 -4.599696 -2.254250 68.776367 -0.790974 -0.128701 -0.598161 0.630761 0.024751 1 6 1.000000
flash
  6 -4.703399 -2.546412 68.884979 -0.514822 -0.054477 -0.855564 0.684666 0.029914 1 6 1.000000
  6 -4.734663 -2.291797 68.889305 -0.532700 -0.063109 -0.843948 0.651310 0.052877 1 6 1.000000
  6 -4.599696 -2.254250 68.776367 -0.790974 -0.128701 -0.598161 0.630761 0.024751 1 6 1.000000
flash
  6 -4.703399 -2.546412 68.884979 -0.514822 -0.054477 -0.855564 0.684666 0.029914 1 6 1.000000
  6 -4.599696 -2.254250 68.776367 -0.790974 -0.128701 -0.598161 0.630761 0.024751 1 6 1.000000
  6 -4.559224 -2.508370 68.771202 -0.761874 -0.113027 -0.637787 0.663281 0.000221 1 6 1.000000
flash
  6 -4.881698 -2.565667 68.966614 -0.348508 -0.019648 -0.937100 0.702344 0.057253 1 6 1.000000
  6 -4.734663 -2.291797 68.889305 -0.532700 -0.063109 -0.843948 0.651310 0.052877 1 6 1.000000
  6 -4.703399 -2.546412 68.884979 -0.514822 -0.054477 -0.855564 0.684666 0.029914 1 6 1.000000
flash
  6 -5.186199 -2.301611 69.031746 -0.145922 0.001099 -0.989295 0.690056 0.120686 1 6 1.000000
  6 -5.033608 -2.552784 69.008347 -0.228007 -0.003970 -0.973651 0.713844 0.080669 1 6 1.000000
  6 -5.136509 -2.475575 69.024422 -0.156901 -0.003192 -0.987609 0.721637 0.101732 1 6 1.000000
flash
  6 -5.186199 -2.301611 69.031746 -0.145922 0.001099 -0.989295 0.690056 0.120686 1 6 1.000000
  6 -5.054012 -2.314775 69.012383 -0.207246 -0.004611 -0.978278 0.680788 0.100866 1 6 1.000000
  6 -5.033608 -2.552784 69.008347 -0.228007 -0.003970 -0.973651 0.713844 0.080669 1 6 1.000000
flash
  6 -5.054012 -2.314775 69.012383 -0.207246 -0.004611 -0.978278 0.680788 0.100866 1 6 1.000000
  6 -4.881698 -2.565667 68.966614 -0.348508 -0.019648 -0.937100 0.702344 0.057253 1 6 1.000000
  6 -5.033608 -2.552784 69.008347 -0.228007 -0.003970 -0.973651 0.713844 0.080669 1 6 1.000000
flash
  6 -5.054012 -2.314775 69.012383 -0.207246 -0.004611 -0.978278 0.680788 0.100866 1 6 1.000000
  6 -4.903533 -2.313335 68.970375 -0.353654 -0.025002 -0.935042 0.668667 0.078752 1 6 1.000000
  6 -4.881698 -2.565667 68.966614 -0.348508 -0.019648 -0.937100 0.702344 0.057253 1 6 1.000000
flash
  6 -4.881698 -2.565667 68.966614 -0.348508 -0.019648 -0.937100 0.702344 0.057253 1 6 1.000000
  6 -4.903533 -2.313335 68.970375 -0.353654 -0.025002 -0.935042 0.668667 0.078752 1 6 1.000000
  6 -4.734663 -2.291797 68.889305 -0.532700 -0.063109 -0.843948 0.651310 0.052877 1 6 1.000000
flash
  6 -4.903533 -2.313335 68.970375 -0.353654 -0.025002 -0.935042 0.668667 0.078752 1 6 1.000000
  6 -4.785578 -1.967105 68.893539 -0.559918 -0.080430 -0.824635 0.609453 0.083576 1 6 1.000000
  6 -4.734663 -2.291797 68.889305 -0.532700 -0.063109 -0.843948 0.651310 0.052877 1 6 1.000000
flash
  6 -4.903533 -2.313335 68.970375 -0.353654 -0.025002 -0.935042 0.668667 0.078752 1 6 1.000000
  6 -4.939565 -1.987259 68.973351 -0.370874 -0.039037 -0.927862 0.625639 0.107509 1 6 1.000000
  6 -4.785578 -1.967105 68.893539 -0.559918 -0.080430 -0.824635 0.609453 0.083576 1 6 1.000000
flash
  6 -4.999266 -1.538280 68.975029 -0.408701 -0.055400 -0.910985 0.567026 0.148361 1 6 1.000000
  6 -4.785578 -1.967105 68.893539 -0.559918 -0.080430 -0.824635 0.609453 0.083576 1 6 1.000000
  6 -4.939565 -1.987259 68.973351 -0.370874 -0.039037 -0.927862 0.625639 0.107509 1 6 1.000000
flash
  6 -4.999266 -1.538280 68.975029 -0.408701 -0.055400 -0.910985 0.567026 0.148361 1 6 1.000000
  6 -4.939565 -1.987259 68.973351 -0.370874 -0.039037 -0.927862 0.625639 0.107509 1 6 1.000000
  6 -5.079284 -1.994638 69.014816 -0.218808 -0.017988 -0.975602 0.637598 0.127730 1 6 1.000000
flash
  6 -4.999266 -1.538280 68.975029 -0.408701 -0.055400 -0.910985 0.567026 0.148361 1 6 1.000000
  6 -5.079284 -1.994638 69.014816 -0.218808 -0.017988 -0.975602 0.637598 0.127730 1 6 1.000000
  6 -5.116014 -1.539711 69.014214 -0.239964 -0.025586 -0.970445 0.576577 0.165914 1 6 1.000000
flash
  6 -5.116014 -1.539711 69.014214 -0.239964 -0.025586 -0.970445 0.576577 0.165914 1 6 1.000000
  6 -5.079284 -1.994638 69.014816 -0.218808 -0.017988 -0.975602 0.637598 0.127730 1 6 1.000000
  6 -5.214281 -2.016375 69.035873 -0.151705 -0.008337 -0.988391 0.650662 0.145342 1 6 1.000000
flash
  6 -5.116014 -1.539711 69.014214 -0.239964 -0.025586 -0.970445 0.576577 0.165914 1 6 1.000000
  6 -5.214281 -2.016375 69.035873 -0.151705 -0.008337 -0.988391 0.650662 0.145342 1 6 1.000000
  6 -5.206440 -1.507250 69.028191 -0.140142 -0.018819 -0.989953 0.578775 0.181232 1 6 1.000000
flash
  6 -5.214281 -2.016375 69.035873 -0.151705 -0.008337 -0.988391 0.650662 0.145342 1 6 1.000000
  6 -5.252528 -1.430058 69.032730 -0.068464 -0.036706 -0.996978 0.571344 0.193373 1 6 1.000000
  6 -5.206440 -1.507250 69.028191 -0.140142 -0.018819 -0.989953 0.578775 0.181232 1 6 1.000000
flash
  6 -5.214281 -2.016375 69.035873 -0.151705 -0.008337 -0.988391 0.650662 0.145342 1 6 1.000000
  6 -5.255400 -1.634847 69.037033 -0.178636 -0.018154 -0.983748 0.600253 0.178910 1 6 1.000000
  6 -5.252528 -1.430058 69.032730 -0.068464 -0.036706 -0.996978 0.571344 0.193373 1 6 1.000000
flash
  6 -5.320585 -1.272067 69.025681 0.023460 -0.054590 -0.998233 0.554072 0.214635 1 6 1.000000
  6 -5.252528 -1.430058 69.032730 -0.068464 -0.036706 -0.996978 0.571344 0.193373 1 6 1.000000
  6 -5.255400 -1.634847 69.037033 -0.178636 -0.018154 -0.983748 0.600253 0.178910 1 6 1.000000
flash
  6 -5.214281 -2.016375 69.035873 -0.151705 -0.008337 -0.988391 0.650662 0.145342 1 6 1.000000
  6 -5.054012 -2.314775 69.012383 -0.207246 -0.004611 -0.978278 0.680788 0.100866 1 6 1.000000
  6 -5.186199 -2.301611 69.031746 -0.145922 0.001099 -0.989295 0.690056 0.120686 1 6 1.000000
flash
  6 -5.214281 -2.016375 69.035873 -0.151705 -0.008337 -0.988391 0.650662 0.145342 1 6 1.000000
  6 -5.079284 -1.994638 69.014816 -0.218808 -0.017988 -0.975602 0.637598 0.127730 1 6 1.000000
  6 -5.054012 -2.314775 69.012383 -0.207246 -0.004611 -0.978278 0.680788 0.100866 1 6 1.000000
flash
  6 -5.079284 -1.994638 69.014816 -0.218808 -0.017988 -0.975602 0.637598 0.127730 1 6 1.000000
  6 -4.903533 -2.313335 68.970375 -0.353654 -0.025002 -0.935042 0.668667 0.078752 1 6 1.000000
  6 -5.054012 -2.314775 69.012383 -0.207246 -0.004611 -0.978278 0.680788 0.100866 1 6 1.000000
flash
  6 -5.079284 -1.994638 69.014816 -0.218808 -0.017988 -0.975602 0.637598 0.127730 1 6 1.000000
  6 -4.939565 -1.987259 68.973351 -0.370874 -0.039037 -0.927862 0.625639 0.107509 1 6 1.000000
  6 -4.903533 -2.313335 68.970375 -0.353654 -0.025002 -0.935042 0.668667 0.078752 1 6 1.000000
flash
  6 -5.564318 -0.760039 68.680977 0.979709 -0.200366 -0.004804 0.504181 0.319904 1 6 1.000000
  6 -5.549807 -0.807279 68.807564 0.904688 -0.192980 -0.379866 0.507112 0.297172 1 6 1.000000
  6 -5.570307 -0.788910 68.680283 0.979401 -0.201865 -0.004854 0.508790 0.319284 1 6 1.000000
flash
  6 -5.570307 -0.788910 68.680283 0.979401 -0.201865 -0.004854 0.508790 0.319284 1 6 1.000000
  6 -5.549807 -0.807279 68.807564 0.904688 -0.192980 -0.379866 0.507112 0.297172 1 6 1.000000
  6 -5.555214 -0.840032 68.811211 0.886513 -0.194174 -0.419989 0.512151 0.295596 1 6 1.000000
flash
  6 -5.549807 -0.807279 68.807564 0.904688 -0.192980 -0.379866 0.507112 0.297172 1 6 1.000000
  6 -5.496050 -0.907076 68.920235 0.544495 -0.210697 -0.811869 0.515759 0.271460 1 6 1.000000
  6 -5.555214 -0.840032 68.811211 0.886513 -0.194174 -0.419989 0.512151 0.295596 1 6 1.000000
flash
  6 -5.549807 -0.807279 68.807564 0.904688 -0.192980 -0.379866 0.507112 0.297172 1 6 1.000000
  6 -5.488921 -0.864226 68.913841 0.625210 -0.214755 -0.750328 0.509177 0.273644 1 6 1.000000
  6 -5.496050 -0.907076 68.920235 0.544495 -0.210697 -0.811869 0.515759 0.271460 1 6 1.000000
flash
  6 -5.488921 -0.864226 68.913841 0.625210 -0.214755 -0.750328 0.509177 0.273644 1 6 1.000000
  6 -5.409009 -1.036107 68.990181 0.162651 -0.140764 -0.976591 0.527217 0.245254 1 6 1.000000
  6 -5.496050 -0.907076 68.920235 0.544495 -0.210697 -0.811869 0.515759 0.271460 1 6 1.000000
flash
  6 -5.488921 -0.864226 68.913841 0.625210 -0.214755 -0.750328 0.509177 0.273644 1 6 1.000000
  6 -5.395133 -0.972769 68.983414 0.280834 -0.161329 -0.946100 0.517282 0.247945 1 6 1.000000
  6 -5.409009 -1.036107 68.990181 0.162651 -0.140764 -0.976591 0.527217 0.245254 1 6 1.000000
flash
  6 -5.395133 -0.972769 68.983414 0.280834 -0.161329 -0.946100 0.517282 0.247945 1 6 1.000000
  6 -5.320585 -1.272067 69.025681 0.023460 -0.054590 -0.998233 0.554072 0.214635 1 6 1.000000
  6 -5.409009 -1.036107 68.990181 0.162651 -0.140764 -0.976591 0.527217 0.245254 1 6 1.000000
flash
  6 -5.395133 -0.972769 68.983414 0.280834 -0.161329 -0.946100 0.517282 0.247945 1 6 1.000000
  6 -5.303177 -1.163184 69.020065 0.098930 -0.070566 -0.992589 0.537522 0.220081 1 6 1.000000
  6 -5.320585 -1.272067 69.025681 0.023460 -0.054590 -0.998233 0.554072 0.214635 1 6 1.000000
flash
  6 -5.320585 -1.272067 69.025681 0.023460 -0.054590 -0.998233 0.554072 0.214635 1 6 1.000000
  6 -5.303177 -1.163184 69.020065 0.098930 -0.070566 -0.992589 0.537522 0.220081 1 6 1.000000
  6 -5.252528 -1.430058 69.032730 -0.068464 -0.036706 -0.996978 0.571344 0.193373 1 6 1.000000
flash
  6 -5.265158 -0.980286 69.010109 0.122641 -0.073551 -0.989722 0.509084 0.227969 1 6 1.000000
  6 -5.252528 -1.430058 69.032730 -0.068464 -0.036706 -0.996978 0.571344 0.193373 1 6 1.000000
  6 -5.303177 -1.163184 69.020065 0.098930 -0.070566 -0.992589 0.537522 0.220081 1 6 1.000000
flash
  6 -5.265158 -0.980286 69.010109 0.122641 -0.073551 -0.989722 0.509084 0.227969 1 6 1.000000
  6 -5.206440 -1.507250 69.028191 -0.140142 -0.018819 -0.989953 0.578775 0.181232 1 6 1.000000
  6 -5.252528 -1.430058 69.032730 -0.068464 -0.036706 -0.996978 0.571344 0.193373 1 6 1.000000
flash
  6 -5.166988 -1.012369 69.011253 -0.159645 -0.036287 -0.986507 0.506411 0.211326 1 6 1.000000
  6 -5.206440 -1.507250 69.028191 -0.140142 -0.018819 -0.989953 0.578775 0.181232 1 6 1.000000
  6 -5.265158 -0.980286 69.010109 0.122641 -0.073551 -0.989722 0.509084 0.227969 1 6 1.000000
flash
  6 -5.166988 -1.012369 69.011253 -0.159645 -0.036287 -0.986507 0.506411 0.211326 1 6 1.000000
  6 -5.116014 -1.539711 69.014214 -0.239964 -0.025586 -0.970445 0.576577 0.165914 1 6 1.000000
  6 -5.206440 -1.507250 69.028191 -0.140142 -0.018819 -0.989953 0.578775 0.181232 1 6 1.000000
flash
  6 -5.073163 -1.015557 68.975922 -0.455751 -0.070254 -0.887330 0.499061 0.196470 1 6 1.000000
  6 -5.116014 -1.539711 69.014214 -0.239964 -0.025586 -0.970445 0.576577 0.165914 1 6 1.000000
  6 -5.166988 -1.012369 69.011253 -0.159645 -0.036287 -0.986507 0.506411 0.211326 1 6 1.000000
flash
  6 -5.073163 -1.015557 68.975922 -0.455751 -0.070254 -0.887330 0.499061 0.196470 1 6 1.000000
  6 -4.999266 -1.538280 68.975029 -0.408701 -0.055400 -0.910985 0.567026 0.148361 1 6 1.000000
  6 -5.116014 -1.539711 69.014214 -0.239964 -0.025586 -0.970445 0.576577 0.165914 1 6 1.000000
flash
  6 -5.073163 -1.015557 68.975922 -0.455751 -0.070254 -0.887330 0.499061 0.196470 1 6 1.000000
  6 -4.869246 -1.525624 68.897644 -0.609358 -0.113239 -0.784767 0.553424 0.127168 1 6 1.000000
  6 -4.999266 -1.538280 68.975029 -0.408701 -0.055400 -0.910985 0.567026 0.148361 1 6 1.000000
flash
  6 -4.999266 -1.538280 68.975029 -0.408701 -0.055400 -0.910985 0.567026 0.148361 1 6 1.000000
  6 -4.869246 -1.525624 68.897644 -0.609358 -0.113239 -0.784767 0.553424 0.127168 1 6 1.000000
  6 -4.785578 -1.967105 68.893539 -0.559918 -0.080430 -0.824635 0.609453 0.083576 1 6 1.000000
flash
  6 -4.869246 -1.525624 68.897644 -0.609358 -0.113239 -0.784767 0.553424 0.127168 1 6 1.000000
  6 -4.663538 -1.934720 68.782257 -0.808192 -0.160293 -0.566685 0.590627 0.057449 1 6 1.000000
  6 -4.785578 -1.967105 68.893539 -0.559918 -0.080430 -0.824635 0.609453 0.083576 1 6 1.000000
flash
  6 -5.564318 -0.760039 68.680977 0.979709 -0.200366 -0.004804 0.504181 0.319904 1 6 1.000000
  6 -5.544399 -0.774527 68.803947 0.919671 -0.191870 -0.342624 0.502073 0.298749 1 6 1.000000
  6 -5.549807 -0.807279 68.807564 0.904688 -0.192980 -0.379866 0.507112 0.297172 1 6 1.000000
flash
  6 -5.544399 -0.774527 68.803947 0.919671 -0.191870 -0.342624 0.502073 0.298749 1 6 1.000000
  6 -5.488921 -0.864226 68.913841 0.625210 -0.214755 -0.750328 0.509177 0.273644 1 6 1.000000
  6 -5.549807 -0.807279 68.807564 0.904688 -0.192980 -0.379866 0.507112 0.297172 1 6 1.000000
flash
  6 -5.544399 -0.774527 68.803947 0.919671 -0.191870 -0.342624 0.502073 0.298749 1 6 1.000000
  6 -5.481791 -0.821378 68.907433 0.679921 -0.216617 -0.700560 0.502596 0.275829 1 6 1.000000
  6 -5.488921 -0.864226 68.913841 0.625210 -0.214755 -0.750328 0.509177 0.273644 1 6 1.000000
flash
  6 -5.481791 -0.821378 68.907433 0.679921 -0.216617 -0.700560 0.502596 0.275829 1 6 1.000000
  6 -5.395133 -0.972769 68.983414 0.280834 -0.161329 -0.946100 0.517282 0.247945 1 6 1.000000
  6 -5.488921 -0.864226 68.913841 0.625210 -0.214755 -0.750328 0.509177 0.273644 1 6 1.000000
flash
  6 -5.481791 -0.821378 68.907433 0.679921 -0.216617 -0.700560 0.502596 0.275829 1 6 1.000000
  6 -5.378944 -0.903709 68.976204 0.341948 -0.165009 -0.925118 0.506375 0.250723 1 6 1.000000
  6 -5.395133 -0.972769 68.983414 0.280834 -0.161329 -0.946100 0.517282 0.247945 1 6 1.000000
flash
  6 -5.378944 -0.903709 68.976204 0.341948 -0.165009 -0.925118 0.506375 0.250723 1 6 1.000000
  6 -5.303177 -1.163184 69.020065 0.098930 -0.070566 -0.992589 0.537522 0.220081 1 6 1.000000
  6 -5.395133 -0.972769 68.983414 0.280834 -0.161329 -0.946100 0.517282 0.247945 1 6 1.000000
flash
  6 -5.378944 -0.903709 68.976204 0.341948 -0.165009 -0.925118 0.506375 0.250723 1 6 1.000000
  6 -5.265158 -0.980286 69.010109 0.122641 -0.073551 -0.989722 0.509084 0.227969 1 6 1.000000
  6 -5.303177 -1.163184 69.020065 0.098930 -0.070566 -0.992589 0.537522 0.220081 1 6 1.000000
flash
  6 -5.320314 -1.197251 68.313400 0.059317 -0.123584 0.990560 0.571225 0.406357 1 6 1.000000
  6 -5.395072 -0.953568 68.368759 0.294198 -0.218919 0.930334 0.535145 0.385710 1 6 1.000000
  6 -5.408895 -1.013703 68.359024 0.202525 -0.201938 0.958230 0.545005 0.385596 1 6 1.000000
flash
  6 -5.408895 -1.013703 68.359024 0.202525 -0.201938 0.958230 0.545005 0.385596 1 6 1.000000
  6 -5.395072 -0.953568 68.368759 0.294198 -0.218919 0.930334 0.535145 0.385710 1 6 1.000000
  6 -5.488904 -0.852893 68.443390 0.628596 -0.250712 0.736214 0.521218 0.363205 1 6 1.000000
flash
  6 -5.408895 -1.013703 68.359024 0.202525 -0.201938 0.958230 0.545005 0.385596 1 6 1.000000
  6 -5.488904 -0.852893 68.443390 0.628596 -0.250712 0.736214 0.521218 0.363205 1 6 1.000000
  6 -5.496017 -0.895384 68.434929 0.553533 -0.249609 0.794542 0.528142 0.363576 1 6 1.000000
flash
  6 -5.496017 -0.895384 68.434929 0.553533 -0.249609 0.794542 0.528142 0.363576 1 6 1.000000
  6 -5.488904 -0.852893 68.443390 0.628596 -0.250712 0.736214 0.521218 0.363205 1 6 1.000000
  6 -5.549804 -0.801126 68.552254 0.904629 -0.211043 0.370280 0.513012 0.341054 1 6 1.000000
flash
  6 -5.496017 -0.895384 68.434929 0.553533 -0.249609 0.794542 0.528142 0.363576 1 6 1.000000
  6 -5.549804 -0.801126 68.552254 0.904629 -0.211043 0.370280 0.513012 0.341054 1 6 1.000000
  6 -5.555212 -0.833664 68.547050 0.886646 -0.213883 0.410015 0.518287 0.341243 1 6 1.000000
flash
  6 -5.555212 -0.833664 68.547050 0.886646 -0.213883 0.410015 0.518287 0.341243 1 6 1.000000
  6 -5.549804 -0.801126 68.552254 0.904629 -0.211043 0.370280 0.513012 0.341054 1 6 1.000000
  6 -5.570307 -0.788910 68.680283 0.979401 -0.201865 -0.004854 0.508790 0.319284 1 6 1.000000
flash
  6 -5.555212 -0.833664 68.547050 0.886646 -0.213883 0.410015 0.518287 0.341243 1 6 1.000000
  6 -5.570307 -0.788910 68.680283 0.979401 -0.201865 -0.004854 0.508790 0.319284 1 6 1.000000
  6 -5.576299 -0.817782 68.679588 0.979152 -0.203072 -0.004831 0.513400 0.318664 1 6 1.000000
flash
  6 -5.570307 -0.788910 68.680283 0.979401 -0.201865 -0.004854 0.508790 0.319284 1 6 1.000000
  6 -5.555214 -0.840032 68.811211 0.886513 -0.194174 -0.419989 0.512151 0.295596 1 6 1.000000
  6 -5.576299 -0.817782 68.679588 0.979152 -0.203072 -0.004831 0.513400 0.318664 1 6 1.000000
flash
  6 -4.871619 -1.423009 68.429665 -0.640442 -0.180302 0.746542 0.587563 0.488787 1 6 1.000000
  6 -5.073188 -1.001086 68.374092 -0.456709 -0.140701 0.878419 0.531742 0.440291 1 6 1.000000
  6 -5.000207 -1.396403 68.352745 -0.432349 -0.125100 0.892986 0.590211 0.464239 1 6 1.000000
flash
  6 -5.167006 -0.996202 68.338936 -0.142941 -0.086262 0.985965 0.534999 0.424035 1 6 1.000000
  6 -5.000207 -1.396403 68.352745 -0.432349 -0.125100 0.892986 0.590211 0.464239 1 6 1.000000
  6 -5.073188 -1.001086 68.374092 -0.456709 -0.140701 0.878419 0.531742 0.440291 1 6 1.000000
flash
  6 -5.167006 -0.996202 68.338936 -0.142941 -0.086262 0.985965 0.534999 0.424035 1 6 1.000000
  6 -5.116056 -1.374859 68.314095 -0.243683 -0.097169 0.964975 0.591766 0.444286 1 6 1.000000
  6 -5.000207 -1.396403 68.352745 -0.432349 -0.125100 0.892986 0.590211 0.464239 1 6 1.000000
flash
  6 -5.265164 -0.964206 68.341629 0.100054 -0.138175 0.985341 0.533195 0.407280 1 6 1.000000
  6 -5.116056 -1.374859 68.314095 -0.243683 -0.097169 0.964975 0.591766 0.444286 1 6 1.000000
  6 -5.167006 -0.996202 68.338936 -0.142941 -0.086262 0.985965 0.534999 0.424035 1 6 1.000000
flash
  6 -5.265164 -0.964206 68.341629 0.100054 -0.138175 0.985341 0.533195 0.407280 1 6 1.000000
  6 -5.206158 -1.343694 68.301682 -0.149261 -0.098537 0.983876 0.590237 0.429077 1 6 1.000000
  6 -5.116056 -1.374859 68.314095 -0.243683 -0.097169 0.964975 0.591766 0.444286 1 6 1.000000
flash
  6 -5.265164 -0.964206 68.341629 0.100054 -0.138175 0.985341 0.533195 0.407280 1 6 1.000000
  6 -5.252195 -1.295311 68.300179 -0.051151 -0.105476 0.993105 0.584346 0.420309 1 6 1.000000
  6 -5.206158 -1.343694 68.301682 -0.149261 -0.098537 0.983876 0.590237 0.429077 1 6 1.000000
flash
  6 -5.213552 -1.709502 68.272911 -0.157699 -0.066585 0.985240 0.647129 0.440180 1 6 1.000000
  6 -5.206158 -1.343694 68.301682 -0.149261 -0.098537 0.983876 0.590237 0.429077 1 6 1.000000
  6 -5.252195 -1.295311 68.300179 -0.051151 -0.105476 0.993105 0.584346 0.420309 1 6 1.000000
flash
  6 -5.213552 -1.709502 68.272911 -0.157699 -0.066585 0.985240 0.647129 0.440180 1 6 1.000000
  6 -5.252195 -1.295311 68.300179 -0.051151 -0.105476 0.993105 0.584346 0.420309 1 6 1.000000
  6 -5.254891 -1.443758 68.287361 -0.159299 -0.082050 0.983815 0.607440 0.424786 1 6 1.000000
flash
  6 -5.320314 -1.197251 68.313400 0.059317 -0.123584 0.990560 0.571225 0.406357 1 6 1.000000
  6 -5.254891 -1.443758 68.287361 -0.159299 -0.082050 0.983815 0.607440 0.424786 1 6 1.000000
  6 -5.252195 -1.295311 68.300179 -0.051151 -0.105476 0.993105 0.584346 0.420309 1 6 1.000000
flash
  6 -5.320314 -1.197251 68.313400 0.059317 -0.123584 0.990560 0.571225 0.406357 1 6 1.000000
  6 -5.252195 -1.295311 68.300179 -0.051151 -0.105476 0.993105 0.584346 0.420309 1 6 1.000000
  6 -5.303016 -1.106885 68.323807 0.109844 -0.142484 0.983683 0.556616 0.406069 1 6 1.000000
flash
  6 -5.320314 -1.197251 68.313400 0.059317 -0.123584 0.990560 0.571225 0.406357 1 6 1.000000
  6 -5.303016 -1.106885 68.323807 0.109844 -0.142484 0.983683 0.556616 0.406069 1 6 1.000000
  6 -5.395072 -0.953568 68.368759 0.294198 -0.218919 0.930334 0.535145 0.385710 1 6 1.000000
flash
  6 -5.303016 -1.106885 68.323807 0.109844 -0.142484 0.983683 0.556616 0.406069 1 6 1.000000
  6 -5.378944 -0.889339 68.379181 0.334588 -0.225917 0.914884 0.524571 0.386050 1 6 1.000000
  6 -5.395072 -0.953568 68.368759 0.294198 -0.218919 0.930334 0.535145 0.385710 1 6 1.000000
flash
  6 -5.395072 -0.953568 68.368759 0.294198 -0.218919 0.930334 0.535145 0.385710 1 6 1.000000
  6 -5.378944 -0.889339 68.379181 0.334588 -0.225917 0.914884 0.524571 0.386050 1 6 1.000000
  6 -5.481791 -0.810402 68.451836 0.680632 -0.251196 0.688216 0.514294 0.362834 1 6 1.000000
flash
  6 -5.395072 -0.953568 68.368759 0.294198 -0.218919 0.930334 0.535145 0.385710 1 6 1.000000
  6 -5.481791 -0.810402 68.451836 0.680632 -0.251196 0.688216 0.514294 0.362834 1 6 1.000000
  6 -5.488904 -0.852893 68.443390 0.628596 -0.250712 0.736214 0.521218 0.363205 1 6 1.000000
flash
  6 -5.488904 -0.852893 68.443390 0.628596 -0.250712 0.736214 0.521218 0.363205 1 6 1.000000
  6 -5.481791 -0.810402 68.451836 0.680632 -0.251196 0.688216 0.514294 0.362834 1 6 1.000000
  6 -5.544399 -0.768587 68.557465 0.919649 -0.208218 0.333003 0.507736 0.340865 1 6 1.000000
flash
  6 -5.488904 -0.852893 68.443390 0.628596 -0.250712 0.736214 0.521218 0.363205 1 6 1.000000
  6 -5.544399 -0.768587 68.557465 0.919649 -0.208218 0.333003 0.507736 0.340865 1 6 1.000000
  6 -5.549804 -0.801126 68.552254 0.904629 -0.211043 0.370280 0.513012 0.341054 1 6 1.000000
flash
  6 -5.549804 -0.801126 68.552254 0.904629 -0.211043 0.370280 0.513012 0.341054 1 6 1.000000
  6 -5.544399 -0.768587 68.557465 0.919649 -0.208218 0.333003 0.507736 0.340865 1 6 1.000000
  6 -5.564318 -0.760039 68.680977 0.979709 -0.200366 -0.004804 0.504181 0.319904 1 6 1.000000
flash
  6 -5.549804 -0.801126 68.552254 0.904629 -0.211043 0.370280 0.513012 0.341054 1 6 1.000000
  6 -5.564318 -0.760039 68.680977 0.979709 -0.200366 -0.004804 0.504181 0.319904 1 6 1.000000
  6 -5.570307 -0.788910 68.680283 0.979401 -0.201865 -0.004854 0.508790 0.319284 1 6 1.000000
flash
  6 -5.265164 -0.964206 68.341629 0.100054 -0.138175 0.985341 0.533195 0.407280 1 6 1.000000
  6 -5.303016 -1.106885 68.323807 0.109844 -0.142484 0.983683 0.556616 0.406069 1 6 1.000000
  6 -5.252195 -1.295311 68.300179 -0.051151 -0.105476 0.993105 0.584346 0.420309 1 6 1.000000
flash
  6 -5.303016 -1.106885 68.323807 0.109844 -0.142484 0.983683 0.556616 0.406069 1 6 1.000000
  6 -5.265164 -0.964206 68.341629 0.100054 -0.138175 0.985341 0.533195 0.407280 1 6 1.000000
  6 -5.378944 -0.889339 68.379181 0.334588 -0.225917 0.914884 0.524571 0.386050 1 6 1.000000
flash
  6 -4.552516 -2.206070 68.645638 -0.979970 -0.189632 -0.060822 0.682231 0.591321 1 6 1.000000
  6 -4.667214 -1.845985 68.524574 -0.849802 -0.214207 0.481614 0.640412 0.542889 1 6 1.000000
  6 -4.602377 -2.149988 68.515251 -0.837031 -0.174892 0.518451 0.684347 0.563928 1 6 1.000000
flash
  6 -4.602377 -2.149988 68.515251 -0.837031 -0.174892 0.518451 0.684347 0.563928 1 6 1.000000
  6 -4.667214 -1.845985 68.524574 -0.849802 -0.214207 0.481614 0.640412 0.542889 1 6 1.000000
  6 -4.789079 -1.795587 68.413956 -0.600527 -0.151194 0.785180 0.641980 0.513628 1 6 1.000000
flash
  6 -4.667214 -1.845985 68.524574 -0.849802 -0.214207 0.481614 0.640412 0.542889 1 6 1.000000
  6 -4.871619 -1.423009 68.429665 -0.640442 -0.180302 0.746542 0.587563 0.488787 1 6 1.000000
  6 -4.789079 -1.795587 68.413956 -0.600527 -0.151194 0.785180 0.641980 0.513628 1 6 1.000000
flash
  6 -4.789079 -1.795587 68.413956 -0.600527 -0.151194 0.785180 0.641980 0.513628 1 6 1.000000
  6 -4.871619 -1.423009 68.429665 -0.640442 -0.180302 0.746542 0.587563 0.488787 1 6 1.000000
  6 -5.000207 -1.396403 68.352745 -0.432349 -0.125100 0.892986 0.590211 0.464239 1 6 1.000000
flash
  6 -4.789079 -1.795587 68.413956 -0.600527 -0.151194 0.785180 0.641980 0.513628 1 6 1.000000
  6 -5.000207 -1.396403 68.352745 -0.432349 -0.125100 0.892986 0.590211 0.464239 1 6 1.000000
  6 -4.940946 -1.749674 68.334984 -0.395314 -0.101701 0.912898 0.642543 0.485083 1 6 1.000000
flash
  6 -5.116056 -1.374859 68.314095 -0.243683 -0.097169 0.964975 0.591766 0.444286 1 6 1.000000
  6 -4.940946 -1.749674 68.334984 -0.395314 -0.101701 0.912898 0.642543 0.485083 1 6 1.000000
  6 -5.000207 -1.396403 68.352745 -0.432349 -0.125100 0.892986 0.590211 0.464239 1 6 1.000000
flash
  6 -5.116056 -1.374859 68.314095 -0.243683 -0.097169 0.964975 0.591766 0.444286 1 6 1.000000
  6 -5.079274 -1.715796 68.294289 -0.229717 -0.074094 0.970433 0.643089 0.461376 1 6 1.000000
  6 -4.940946 -1.749674 68.334984 -0.395314 -0.101701 0.912898 0.642543 0.485083 1 6 1.000000
flash
  6 -5.206158 -1.343694 68.301682 -0.149261 -0.098537 0.983876 0.590237 0.429077 1 6 1.000000
  6 -5.079274 -1.715796 68.294289 -0.229717 -0.074094 0.970433 0.643089 0.461376 1 6 1.000000
  6 -5.116056 -1.374859 68.314095 -0.243683 -0.097169 0.964975 0.591766 0.444286 1 6 1.000000
flash
  6 -5.206158 -1.343694 68.301682 -0.149261 -0.098537 0.983876 0.590237 0.429077 1 6 1.000000
  6 -5.213552 -1.709502 68.272911 -0.157699 -0.066585 0.985240 0.647129 0.440180 1 6 1.000000
  6 -5.079274 -1.715796 68.294289 -0.229717 -0.074094 0.970433 0.643089 0.461376 1 6 1.000000
flash
  6 -5.053885 -1.986827 68.282471 -0.216470 -0.056379 0.974660 0.684089 0.474800 1 6 1.000000
  6 -5.079274 -1.715796 68.294289 -0.229717 -0.074094 0.970433 0.643089 0.461376 1 6 1.000000
  6 -5.213552 -1.709502 68.272911 -0.157699 -0.066585 0.985240 0.647129 0.440180 1 6 1.000000
flash
  6 -5.053885 -1.986827 68.282471 -0.216470 -0.056379 0.974660 0.684089 0.474800 1 6 1.000000
  6 -5.213552 -1.709502 68.272911 -0.157699 -0.066585 0.985240 0.647129 0.440180 1 6 1.000000
  6 -5.185380 -1.944870 68.264473 -0.152487 -0.051253 0.986976 0.683772 0.452333 1 6 1.000000
flash
  6 -4.602377 -2.149988 68.515251 -0.837031 -0.174892 0.518451 0.684347 0.563928 1 6 1.000000
  6 -4.789079 -1.795587 68.413956 -0.600527 -0.151194 0.785180 0.641980 0.513628 1 6 1.000000
  6 -4.737247 -2.089381 68.403183 -0.567818 -0.117321 0.814751 0.684985 0.532086 1 6 1.000000
flash
  6 -4.737247 -2.089381 68.403183 -0.567818 -0.117321 0.814751 0.684985 0.532086 1 6 1.000000
  6 -4.789079 -1.795587 68.413956 -0.600527 -0.151194 0.785180 0.641980 0.513628 1 6 1.000000
  6 -4.940946 -1.749674 68.334984 -0.395314 -0.101701 0.912898 0.642543 0.485083 1 6 1.000000
flash
  6 -4.737247 -2.089381 68.403183 -0.567818 -0.117321 0.814751 0.684985 0.532086 1 6 1.000000
  6 -4.940946 -1.749674 68.334984 -0.395314 -0.101701 0.912898 0.642543 0.485083 1 6 1.000000
  6 -4.904551 -2.032868 68.323250 -0.369020 -0.077092 0.926219 0.684648 0.500755 1 6 1.000000
flash
  6 -4.904551 -2.032868 68.323250 -0.369020 -0.077092 0.926219 0.684648 0.500755 1 6 1.000000
  6 -4.940946 -1.749674 68.334984 -0.395314 -0.101701 0.912898 0.642543 0.485083 1 6 1.000000
  6 -5.079274 -1.715796 68.294289 -0.229717 -0.074094 0.970433 0.643089 0.461376 1 6 1.000000
flash
  6 -4.904551 -2.032868 68.323250 -0.369020 -0.077092 0.926219 0.684648 0.500755 1 6 1.000000
  6 -5.079274 -1.715796 68.294289 -0.229717 -0.074094 0.970433 0.643089 0.461376 1 6 1.000000
  6 -5.053885 -1.986827 68.282471 -0.216470 -0.056379 0.974660 0.684089 0.474800 1 6 1.000000
flash
  6 -5.033330 -2.215095 68.275284 -0.242676 -0.053131 0.968651 0.719458 0.485995 1 6 1.000000
  6 -5.185380 -1.944870 68.264473 -0.152487 -0.051253 0.986976 0.683772 0.452333 1 6 1.000000
  6 -5.135828 -2.118123 68.263420 -0.164331 -0.052822 0.984990 0.717999 0.462663 1 6 1.000000
flash
  6 -5.033330 -2.215095 68.275284 -0.242676 -0.053131 0.968651 0.719458 0.485995 1 6 1.000000
  6 -5.053885 -1.986827 68.282471 -0.216470 -0.056379 0.974660 0.684089 0.474800 1 6 1.000000
  6 -5.185380 -1.944870 68.264473 -0.152487 -0.051253 0.986976 0.683772 0.452333 1 6 1.000000
flash
  6 -4.881876 -2.274015 68.315125 -0.374909 -0.065714 0.924730 0.720617 0.513323 1 6 1.000000
  6 -5.053885 -1.986827 68.282471 -0.216470 -0.056379 0.974660 0.684089 0.474800 1 6 1.000000
  6 -5.033330 -2.215095 68.275284 -0.242676 -0.053131 0.968651 0.719458 0.485995 1 6 1.000000
flash
  6 -4.881876 -2.274015 68.315125 -0.374909 -0.065714 0.924730 0.720617 0.513323 1 6 1.000000
  6 -4.904551 -2.032868 68.323250 -0.369020 -0.077092 0.926219 0.684648 0.500755 1 6 1.000000
  6 -5.053885 -1.986827 68.282471 -0.216470 -0.056379 0.974660 0.684089 0.474800 1 6 1.000000
flash
  6 -4.703838 -2.335903 68.395355 -0.572521 -0.100066 0.813761 0.721143 0.546713 1 6 1.000000
  6 -4.904551 -2.032868 68.323250 -0.369020 -0.077092 0.926219 0.684648 0.500755 1 6 1.000000
  6 -4.881876 -2.274015 68.315125 -0.374909 -0.065714 0.924730 0.720617 0.513323 1 6 1.000000
flash
  6 -4.703838 -2.335903 68.395355 -0.572521 -0.100066 0.813761 0.721143 0.546713 1 6 1.000000
  6 -4.737247 -2.089381 68.403183 -0.567818 -0.117321 0.814751 0.684985 0.532086 1 6 1.000000
  6 -4.904551 -2.032868 68.323250 -0.369020 -0.077092 0.926219 0.684648 0.500755 1 6 1.000000
flash
  6 -4.559607 -2.400535 68.508141 -0.865685 -0.156921 0.475358 0.720564 0.580503 1 6 1.000000
  6 -4.737247 -2.089381 68.403183 -0.567818 -0.117321 0.814751 0.684985 0.532086 1 6 1.000000
  6 -4.703838 -2.335903 68.395355 -0.572521 -0.100066 0.813761 0.721143 0.546713 1 6 1.000000
flash
  6 -4.559607 -2.400535 68.508141 -0.865685 -0.156921 0.475358 0.720564 0.580503 1 6 1.000000
  6 -4.602377 -2.149988 68.515251 -0.837031 -0.174892 0.518451 0.684347 0.563928 1 6 1.000000
  6 -4.737247 -2.089381 68.403183 -0.567818 -0.117321 0.814751 0.684985 0.532086 1 6 1.000000
flash
  6 -4.507464 -2.458938 68.639481 -0.974622 -0.168544 -0.147329 0.718594 0.608962 1 6 1.000000
  6 -4.602377 -2.149988 68.515251 -0.837031 -0.174892 0.518451 0.684347 0.563928 1 6 1.000000
  6 -4.559607 -2.400535 68.508141 -0.865685 -0.156921 0.475358 0.720564 0.580503 1 6 1.000000
flash
  6 -4.507464 -2.458938 68.639481 -0.974622 -0.168544 -0.147329 0.718594 0.608962 1 6 1.000000
  6 -4.552516 -2.206070 68.645638 -0.979970 -0.189632 -0.060822 0.682231 0.591321 1 6 1.000000
  6 -4.602377 -2.149988 68.515251 -0.837031 -0.174892 0.518451 0.684347 0.563928 1 6 1.000000
flash
  6 -4.559224 -2.508370 68.771202 -0.761874 -0.113027 -0.637787 0.715820 0.633823 1 6 1.000000
  6 -4.552516 -2.206070 68.645638 -0.979970 -0.189632 -0.060822 0.682231 0.591321 1 6 1.000000
  6 -4.507464 -2.458938 68.639481 -0.974622 -0.168544 -0.147329 0.718594 0.608962 1 6 1.000000
flash
  6 -4.559224 -2.508370 68.771202 -0.761874 -0.113027 -0.637787 0.715820 0.633823 1 6 1.000000
  6 -4.599696 -2.254250 68.776367 -0.790974 -0.128701 -0.598161 0.679238 0.615690 1 6 1.000000
  6 -4.552516 -2.206070 68.645638 -0.979970 -0.189632 -0.060822 0.682231 0.591321 1 6 1.000000
flash
  6 -4.599696 -2.254250 68.776367 -0.790974 -0.128701 -0.598161 0.679238 0.615690 1 6 1.000000
  6 -4.621582 -1.893487 68.653305 -0.971343 -0.229470 -0.061937 0.637277 0.568652 1 6 1.000000
  6 -4.552516 -2.206070 68.645638 -0.979970 -0.189632 -0.060822 0.682231 0.591321 1 6 1.000000
flash
  6 -4.552516 -2.206070 68.645638 -0.979970 -0.189632 -0.060822 0.682231 0.591321 1 6 1.000000
  6 -4.621582 -1.893487 68.653305 -0.971343 -0.229470 -0.061937 0.637277 0.568652 1 6 1.000000
  6 -4.667214 -1.845985 68.524574 -0.849802 -0.214207 0.481614 0.640412 0.542889 1 6 1.000000
flash
  6 -4.621582 -1.893487 68.653305 -0.971343 -0.229470 -0.061937 0.637277 0.568652 1 6 1.000000
  6 -4.768829 -1.452891 68.537605 -0.862374 -0.243231 0.444016 0.583613 0.514408 1 6 1.000000
  6 -4.667214 -1.845985 68.524574 -0.849802 -0.214207 0.481614 0.640412 0.542889 1 6 1.000000
flash
  6 -4.667214 -1.845985 68.524574 -0.849802 -0.214207 0.481614 0.640412 0.542889 1 6 1.000000
  6 -4.768829 -1.452891 68.537605 -0.862374 -0.243231 0.444016 0.583613 0.514408 1 6 1.000000
  6 -4.871619 -1.423009 68.429665 -0.640442 -0.180302 0.746542 0.587563 0.488787 1 6 1.000000
flash
  6 -4.768829 -1.452891 68.537605 -0.862374 -0.243231 0.444016 0.583613 0.514408 1 6 1.000000
  6 -4.972580 -1.003163 68.448341 -0.674484 -0.201877 0.710153 0.526299 0.460115 1 6 1.000000
  6 -4.871619 -1.423009 68.429665 -0.640442 -0.180302 0.746542 0.587563 0.488787 1 6 1.000000
flash
  6 -4.871619 -1.423009 68.429665 -0.640442 -0.180302 0.746542 0.587563 0.488787 1 6 1.000000
  6 -4.972580 -1.003163 68.448341 -0.674484 -0.201877 0.710153 0.526299 0.460115 1 6 1.000000
  6 -5.073188 -1.001086 68.374092 -0.456709 -0.140701 0.878419 0.531742 0.440291 1 6 1.000000
flash
  6 -4.768829 -1.452891 68.537605 -0.862374 -0.243231 0.444016 0.583613 0.514408 1 6 1.000000
  6 -4.892513 -1.006343 68.552864 -0.869550 -0.256366 0.422089 0.519096 0.481462 1 6 1.000000
  6 -4.972580 -1.003163 68.448341 -0.674484 -0.201877 0.710153 0.526299 0.460115 1 6 1.000000
flash
  6 -4.730669 -1.481381 68.663406 -0.965127 -0.257761 -0.045714 0.578004 0.537602 1 6 1.000000
  6 -4.892513 -1.006343 68.552864 -0.869550 -0.256366 0.422089 0.519096 0.481462 1 6 1.000000
  6 -4.768829 -1.452891 68.537605 -0.862374 -0.243231 0.444016 0.583613 0.514408 1 6 1.000000
flash
  6 -4.621582 -1.893487 68.653305 -0.971343 -0.229470 -0.061937 0.637277 0.568652 1 6 1.000000
  6 -4.730669 -1.481381 68.663406 -0.965127 -0.257761 -0.045714 0.578004 0.537602 1 6 1.000000
  6 -4.768829 -1.452891 68.537605 -0.862374 -0.243231 0.444016 0.583613 0.514408 1 6 1.000000
flash
  6 -4.663538 -1.934720 68.782257 -0.808192 -0.160293 -0.566685 0.633209 0.592004 1 6 1.000000
  6 -4.730669 -1.481381 68.663406 -0.965127 -0.257761 -0.045714 0.578004 0.537602 1 6 1.000000
  6 -4.621582 -1.893487 68.653305 -0.971343 -0.229470 -0.061937 0.637277 0.568652 1 6 1.000000
flash
  6 -4.599696 -2.254250 68.776367 -0.790974 -0.128701 -0.598161 0.679238 0.615690 1 6 1.000000
  6 -4.663538 -1.934720 68.782257 -0.808192 -0.160293 -0.566685 0.633209 0.592004 1 6 1.000000
  6 -4.621582 -1.893487 68.653305 -0.971343 -0.229470 -0.061937 0.637277 0.568652 1 6 1.000000
flash
  6 -4.730669 -1.481381 68.663406 -0.965127 -0.257761 -0.045714 0.578004 0.537602 1 6 1.000000
  6 -4.863768 -1.009557 68.674995 -0.965009 -0.261857 -0.013723 0.510141 0.501525 1 6 1.000000
  6 -4.892513 -1.006343 68.552864 -0.869550 -0.256366 0.422089 0.519096 0.481462 1 6 1.000000
flash
  6 -4.766335 -1.506176 68.789337 -0.839067 -0.196929 -0.507134 0.571435 0.559061 1 6 1.000000
  6 -4.863768 -1.009557 68.674995 -0.965009 -0.261857 -0.013723 0.510141 0.501525 1 6 1.000000
  6 -4.730669 -1.481381 68.663406 -0.965127 -0.257761 -0.045714 0.578004 0.537602 1 6 1.000000
flash
  6 -4.663538 -1.934720 68.782257 -0.808192 -0.160293 -0.566685 0.633209 0.592004 1 6 1.000000
  6 -4.766335 -1.506176 68.789337 -0.839067 -0.196929 -0.507134 0.571435 0.559061 1 6 1.000000
  6 -4.730669 -1.481381 68.663406 -0.965127 -0.257761 -0.045714 0.578004 0.537602 1 6 1.000000
flash
  6 -4.766335 -1.506176 68.789337 -0.839067 -0.196929 -0.507134 0.571435 0.559061 1 6 1.000000
  6 -4.892506 -1.012224 68.797134 -0.874540 -0.216515 -0.433936 0.500213 0.520564 1 6 1.000000
  6 -4.863768 -1.009557 68.674995 -0.965009 -0.261857 -0.013723 0.510141 0.501525 1 6 1.000000
flash
  6 4.853516 -0.098989 68.696915 -0.998158 0.057549 0.019193 0.382822 0.390089 1 6 1.000000
  6 4.854353 -0.182709 68.632645 -0.992430 0.009940 -0.122409 0.391360 0.374398 1 6 1.000000
  6 4.853024 -0.225320 68.714668 -0.997934 -0.011510 0.063200 0.376307 0.369627 1 6 1.000000
flash
  6 4.869596 -0.300249 68.560905 -0.939425 0.058635 -0.337703 0.401234 0.352897 1 6 1.000000
  6 4.847360 -0.352410 68.714630 -0.992516 0.100659 0.069131 0.372651 0.348422 1 6 1.000000
  6 4.853024 -0.225320 68.714668 -0.997934 -0.011510 0.063200 0.376307 0.369627 1 6 1.000000
flash
  6 4.869596 -0.300249 68.560905 -0.939425 0.058635 -0.337703 0.401234 0.352897 1 6 1.000000
  6 4.853024 -0.225320 68.714668 -0.997934 -0.011510 0.063200 0.376307 0.369627 1 6 1.000000
  6 4.854353 -0.182709 68.632645 -0.992430 0.009940 -0.122409 0.391360 0.374398 1 6 1.000000
flash
  6 4.869596 -0.300249 68.560905 -0.939425 0.058635 -0.337703 0.401234 0.352897 1 6 1.000000
  6 4.854353 -0.182709 68.632645 -0.992430 0.009940 -0.122409 0.391360 0.374398 1 6 1.000000
  6 4.872210 -0.130407 68.561401 -0.946400 0.059281 -0.317511 0.404901 0.380817 1 6 1.000000
flash
  6 4.853516 -0.098989 68.696915 -0.998158 0.057549 0.019193 0.382822 0.390089 1 6 1.000000
  6 4.872210 -0.130407 68.561401 -0.946400 0.059281 -0.317511 0.404901 0.380817 1 6 1.000000
  6 4.854353 -0.182709 68.632645 -0.992430 0.009940 -0.122409 0.391360 0.374398 1 6 1.000000
flash
  6 4.853516 -0.098989 68.696915 -0.998158 0.057549 0.019193 0.382822 0.390089 1 6 1.000000
  6 4.876620 -0.071573 68.567650 -0.951260 0.102217 -0.290958 0.405495 0.390623 1 6 1.000000
  6 4.872210 -0.130407 68.561401 -0.946400 0.059281 -0.317511 0.404901 0.380817 1 6 1.000000
flash
  6 4.929104 -0.007294 68.461098 -0.772310 -0.029108 -0.634578 0.425900 0.397723 1 6 1.000000
  6 4.872210 -0.130407 68.561401 -0.946400 0.059281 -0.317511 0.404901 0.380817 1 6 1.000000
  6 4.876620 -0.071573 68.567650 -0.951260 0.102217 -0.290958 0.405495 0.390623 1 6 1.000000
flash
  6 4.929104 -0.007294 68.461098 -0.772310 -0.029108 -0.634578 0.425900 0.397723 1 6 1.000000
  6 4.907289 -0.123984 68.493813 -0.823500 -0.024164 -0.566801 0.417485 0.379839 1 6 1.000000
  6 4.872210 -0.130407 68.561401 -0.946400 0.059281 -0.317511 0.404901 0.380817 1 6 1.000000
flash
  6 4.907289 -0.123984 68.493813 -0.823500 -0.024164 -0.566801 0.417485 0.379839 1 6 1.000000
  6 4.929104 -0.007294 68.461098 -0.772310 -0.029108 -0.634578 0.425900 0.397723 1 6 1.000000
  6 4.984265 0.080614 68.395370 -0.401765 -0.086385 -0.911659 0.440884 0.410222 1 6 1.000000
flash
  6 4.907289 -0.123984 68.493813 -0.823500 -0.024164 -0.566801 0.417485 0.379839 1 6 1.000000
  6 4.984265 0.080614 68.395370 -0.401765 -0.086385 -0.911659 0.440884 0.410222 1 6 1.000000
  6 4.971393 -0.091616 68.417061 -0.695923 -0.016272 -0.717932 0.434489 0.383225 1 6 1.000000
flash
  6 4.971393 -0.091616 68.417061 -0.695923 -0.016272 -0.717932 0.434489 0.383225 1 6 1.000000
  6 4.984265 0.080614 68.395370 -0.401765 -0.086385 -0.911659 0.440884 0.410222 1 6 1.000000
  6 5.009637 0.195181 68.375275 -0.318784 0.063181 -0.945719 0.447635 0.428350 1 6 1.000000
flash
  6 4.869596 -0.300249 68.560905 -0.939425 0.058635 -0.337703 0.401234 0.352897 1 6 1.000000
  6 4.907289 -0.123984 68.493813 -0.823500 -0.024164 -0.566801 0.417485 0.379839 1 6 1.000000
  6 4.971393 -0.091616 68.417061 -0.695923 -0.016272 -0.717932 0.434489 0.383225 1 6 1.000000
flash
  6 4.869596 -0.300249 68.560905 -0.939425 0.058635 -0.337703 0.401234 0.352897 1 6 1.000000
  6 4.872210 -0.130407 68.561401 -0.946400 0.059281 -0.317511 0.404901 0.380817 1 6 1.000000
  6 4.907289 -0.123984 68.493813 -0.823500 -0.024164 -0.566801 0.417485 0.379839 1 6 1.000000
flash
  6 5.009637 0.195181 68.375275 -0.318784 0.063181 -0.945719 0.447635 0.428350 1 6 1.000000
  6 5.045141 0.309453 68.377083 -0.240086 0.148361 -0.959347 0.454714 0.446552 1 6 1.000000
  6 5.093844 0.167459 68.349205 -0.113785 0.086632 -0.989721 0.461476 0.423541 1 6 1.000000
flash
  6 5.009637 0.195181 68.375275 -0.318784 0.063181 -0.945719 0.447635 0.428350 1 6 1.000000
  6 4.982745 0.334836 68.401649 -0.225658 0.331908 -0.915923 0.444284 0.451384 1 6 1.000000
  6 5.045141 0.309453 68.377083 -0.240086 0.148361 -0.959347 0.454714 0.446552 1 6 1.000000
flash
  6 4.926891 0.463363 68.472656 -0.654833 0.056777 -0.753638 0.432381 0.473384 1 6 1.000000
  6 5.045141 0.309453 68.377083 -0.240086 0.148361 -0.959347 0.454714 0.446552 1 6 1.000000
  6 4.982745 0.334836 68.401649 -0.225658 0.331908 -0.915923 0.444284 0.451384 1 6 1.000000
flash
  6 4.869596 -0.300249 68.560905 -0.939425 0.058635 -0.337703 0.401234 0.352897 1 6 1.000000
  6 4.971393 -0.091616 68.417061 -0.695923 -0.016272 -0.717932 0.434489 0.383225 1 6 1.000000
  6 4.946895 -0.314891 68.434486 -0.755376 0.070523 -0.651486 0.426992 0.347539 1 6 1.000000
flash
  6 4.946895 -0.314891 68.434486 -0.755376 0.070523 -0.651486 0.426992 0.347539 1 6 1.000000
  6 4.971393 -0.091616 68.417061 -0.695923 -0.016272 -0.717932 0.434489 0.383225 1 6 1.000000
  6 5.044466 -0.054836 68.360558 -0.480432 0.002061 -0.877029 0.450367 0.387978 1 6 1.000000
flash
  6 4.971393 -0.091616 68.417061 -0.695923 -0.016272 -0.717932 0.434489 0.383225 1 6 1.000000
  6 5.009637 0.195181 68.375275 -0.318784 0.063181 -0.945719 0.447635 0.428350 1 6 1.000000
  6 5.044466 -0.054836 68.360558 -0.480432 0.002061 -0.877029 0.450367 0.387978 1 6 1.000000
flash
  6 5.121673 -0.041871 68.331955 -0.143648 0.045559 -0.988580 0.464087 0.389374 1 6 1.000000
  6 5.044466 -0.054836 68.360558 -0.480432 0.002061 -0.877029 0.450367 0.387978 1 6 1.000000
  6 5.009637 0.195181 68.375275 -0.318784 0.063181 -0.945719 0.447635 0.428350 1 6 1.000000
flash
  6 5.121673 -0.041871 68.331955 -0.143648 0.045559 -0.988580 0.464087 0.389374 1 6 1.000000
  6 5.009637 0.195181 68.375275 -0.318784 0.063181 -0.945719 0.447635 0.428350 1 6 1.000000
  6 5.093844 0.167459 68.349205 -0.113785 0.086632 -0.989721 0.461476 0.423541 1 6 1.000000
flash
  6 5.207492 -0.024807 68.337296 0.201087 0.091108 -0.975327 0.475910 0.392562 1 6 1.000000
  6 5.121673 -0.041871 68.331955 -0.143648 0.045559 -0.988580 0.464087 0.389374 1 6 1.000000
  6 5.093844 0.167459 68.349205 -0.113785 0.086632 -0.989721 0.461476 0.423541 1 6 1.000000
flash
  6 5.207492 -0.024807 68.337296 0.201087 0.091108 -0.975327 0.475910 0.392562 1 6 1.000000
  6 5.093844 0.167459 68.349205 -0.113785 0.086632 -0.989721 0.461476 0.423541 1 6 1.000000
  6 5.138973 0.340341 68.370125 0.110637 0.149609 -0.982536 0.471334 0.453545 1 6 1.000000
flash
  6 5.138973 0.340341 68.370125 0.110637 0.149609 -0.982536 0.471334 0.453545 1 6 1.000000
  6 5.093844 0.167459 68.349205 -0.113785 0.086632 -0.989721 0.461476 0.423541 1 6 1.000000
  6 5.045141 0.309453 68.377083 -0.240086 0.148361 -0.959347 0.454714 0.446552 1 6 1.000000
flash
  6 5.138973 0.340341 68.370125 0.110637 0.149609 -0.982536 0.471334 0.453545 1 6 1.000000
  6 5.045141 0.309453 68.377083 -0.240086 0.148361 -0.959347 0.454714 0.446552 1 6 1.000000
  6 5.022456 0.524849 68.410538 -0.379965 0.074259 -0.922015 0.452982 0.481026 1 6 1.000000
flash
  6 4.926891 0.463363 68.472656 -0.654833 0.056777 -0.753638 0.432381 0.473384 1 6 1.000000
  6 5.022456 0.524849 68.410538 -0.379965 0.074259 -0.922015 0.452982 0.481026 1 6 1.000000
  6 5.045141 0.309453 68.377083 -0.240086 0.148361 -0.959347 0.454714 0.446552 1 6 1.000000
flash
  6 4.946606 1.062401 68.480621 -0.469470 0.049170 -0.881578 0.446607 0.565400 1 6 1.000000
  6 5.022456 0.524849 68.410538 -0.379965 0.074259 -0.922015 0.452982 0.481026 1 6 1.000000
  6 4.926891 0.463363 68.472656 -0.654833 0.056777 -0.753638 0.432381 0.473384 1 6 1.000000
flash
  6 4.946606 1.062401 68.480621 -0.469470 0.049170 -0.881578 0.446607 0.565400 1 6 1.000000
  6 4.926891 0.463363 68.472656 -0.654833 0.056777 -0.753638 0.432381 0.473384 1 6 1.000000
  6 4.883109 1.108568 68.539063 -0.811183 -0.010129 -0.584704 0.432505 0.574523 1 6 1.000000
flash
  6 4.842870 1.745606 68.566597 -0.742061 -0.006241 -0.670303 0.437513 0.673684 1 6 1.000000
  6 4.946606 1.062401 68.480621 -0.469470 0.049170 -0.881578 0.446607 0.565400 1 6 1.000000
  6 4.883109 1.108568 68.539063 -0.811183 -0.010129 -0.584704 0.432505 0.574523 1 6 1.000000
flash
  6 4.842870 1.745606 68.566597 -0.742061 -0.006241 -0.670303 0.437513 0.673684 1 6 1.000000
  6 4.883109 1.108568 68.539063 -0.811183 -0.010129 -0.584704 0.432505 0.574523 1 6 1.000000
  6 4.821733 1.744673 68.607796 -0.940813 -0.054631 -0.334493 0.429715 0.674434 1 6 1.000000
flash
  6 4.883109 1.108568 68.539063 -0.811183 -0.010129 -0.584704 0.432505 0.574523 1 6 1.000000
  6 4.807726 1.743111 68.669250 -0.986336 -0.058811 -0.153891 0.419745 0.675305 1 6 1.000000
  6 4.821733 1.744673 68.607796 -0.940813 -0.054631 -0.334493 0.429715 0.674434 1 6 1.000000
flash
  6 4.883109 1.108568 68.539063 -0.811183 -0.010129 -0.584704 0.432505 0.574523 1 6 1.000000
  6 4.842301 1.143273 68.625755 -0.959246 -0.031740 -0.280784 0.417217 0.581783 1 6 1.000000
  6 4.807726 1.743111 68.669250 -0.986336 -0.058811 -0.153891 0.419745 0.675305 1 6 1.000000
flash
  6 4.842301 1.143273 68.625755 -0.959246 -0.031740 -0.280784 0.417217 0.581783 1 6 1.000000
  6 4.802725 1.741299 68.741272 -0.998611 -0.052670 -0.001398 0.408472 0.676250 1 6 1.000000
  6 4.807726 1.743111 68.669250 -0.986336 -0.058811 -0.153891 0.419745 0.675305 1 6 1.000000
flash
  6 4.842301 1.143273 68.625755 -0.959246 -0.031740 -0.280784 0.417217 0.581783 1 6 1.000000
  6 4.827569 1.154591 68.727127 -0.998990 -0.044901 -0.001865 0.400711 0.585481 1 6 1.000000
  6 4.802725 1.741299 68.741272 -0.998611 -0.052670 -0.001398 0.408472 0.676250 1 6 1.000000
flash
  6 5.220726 -0.293432 68.325233 0.177300 0.044274 -0.983160 0.476256 0.347295 1 6 1.000000
  6 5.121673 -0.041871 68.331955 -0.143648 0.045559 -0.988580 0.464087 0.389374 1 6 1.000000
  6 5.207492 -0.024807 68.337296 0.201087 0.091108 -0.975327 0.475910 0.392562 1 6 1.000000
flash
  6 4.926891 0.463363 68.472656 -0.654833 0.056777 -0.753638 0.432381 0.473384 1 6 1.000000
  6 4.842301 1.143273 68.625755 -0.959246 -0.031740 -0.280784 0.417217 0.581783 1 6 1.000000
  6 4.883109 1.108568 68.539063 -0.811183 -0.010129 -0.584704 0.432505 0.574523 1 6 1.000000
flash
  6 4.926891 0.463363 68.472656 -0.654833 0.056777 -0.753638 0.432381 0.473384 1 6 1.000000
  6 4.874962 0.543427 68.582626 -0.945685 -0.026859 -0.323972 0.414383 0.488281 1 6 1.000000
  6 4.842301 1.143273 68.625755 -0.959246 -0.031740 -0.280784 0.417217 0.581783 1 6 1.000000
flash
  6 4.874962 0.543427 68.582626 -0.945685 -0.026859 -0.323972 0.414383 0.488281 1 6 1.000000
  6 4.827569 1.154591 68.727127 -0.998990 -0.044901 -0.001865 0.400711 0.585481 1 6 1.000000
  6 4.842301 1.143273 68.625755 -0.959246 -0.031740 -0.280784 0.417217 0.581783 1 6 1.000000
flash
  6 4.874962 0.543427 68.582626 -0.945685 -0.026859 -0.323972 0.414383 0.488281 1 6 1.000000
  6 4.852410 0.567882 68.712997 -0.999092 -0.042403 0.004161 0.392949 0.494712 1 6 1.000000
  6 4.827569 1.154591 68.727127 -0.998990 -0.044901 -0.001865 0.400711 0.585481 1 6 1.000000
flash
  6 4.827569 1.154591 68.727127 -0.998990 -0.044901 -0.001865 0.400711 0.585481 1 6 1.000000
  6 4.852410 0.567882 68.712997 -0.999092 -0.042403 0.004161 0.392949 0.494712 1 6 1.000000
  6 4.876396 0.537167 68.842300 -0.929906 -0.042231 0.365365 0.370569 0.492546 1 6 1.000000
flash
  6 4.867731 1.745909 68.551704 -0.066213 0.137225 -0.988324 0.444006 0.673005 1 6 1.000000
  6 4.946606 1.062401 68.480621 -0.469470 0.049170 -0.881578 0.446607 0.565400 1 6 1.000000
  6 4.842870 1.745606 68.566597 -0.742061 -0.006241 -0.670303 0.437513 0.673684 1 6 1.000000
flash
  6 4.867731 1.745909 68.551704 -0.066213 0.137225 -0.988324 0.444006 0.673005 1 6 1.000000
  6 5.020638 1.003245 68.456955 0.050049 0.142658 -0.988506 0.459766 0.551744 1 6 1.000000
  6 4.946606 1.062401 68.480621 -0.469470 0.049170 -0.881578 0.446607 0.565400 1 6 1.000000
flash
  6 5.020638 1.003245 68.456955 0.050049 0.142658 -0.988506 0.459766 0.551744 1 6 1.000000
  6 5.022456 0.524849 68.410538 -0.379965 0.074259 -0.922015 0.452982 0.481026 1 6 1.000000
  6 4.946606 1.062401 68.480621 -0.469470 0.049170 -0.881578 0.446607 0.565400 1 6 1.000000
flash
  6 5.020638 1.003245 68.456955 0.050049 0.142658 -0.988506 0.459766 0.551744 1 6 1.000000
  6 5.138973 0.340341 68.370125 0.110637 0.149609 -0.982536 0.471334 0.453545 1 6 1.000000
  6 5.022456 0.524849 68.410538 -0.379965 0.074259 -0.922015 0.452982 0.481026 1 6 1.000000
flash
  6 4.802725 1.741299 68.741272 -0.998611 -0.052670 -0.001398 0.408472 0.676250 1 6 1.000000
  6 4.827569 1.154591 68.727127 -0.998990 -0.044901 -0.001865 0.400711 0.585481 1 6 1.000000
  6 4.842062 1.138402 68.827789 -0.963004 -0.049579 0.264888 0.383887 0.584867 1 6 1.000000
flash
  6 4.827569 1.154591 68.727127 -0.998990 -0.044901 -0.001865 0.400711 0.585481 1 6 1.000000
  6 4.876396 0.537167 68.842300 -0.929906 -0.042231 0.365365 0.370569 0.492546 1 6 1.000000
  6 4.842062 1.138402 68.827789 -0.963004 -0.049579 0.264888 0.383887 0.584867 1 6 1.000000
flash
  6 4.842062 1.138402 68.827789 -0.963004 -0.049579 0.264888 0.383887 0.584867 1 6 1.000000
  6 4.876396 0.537167 68.842300 -0.929906 -0.042231 0.365365 0.370569 0.492546 1 6 1.000000
  6 4.938354 0.451855 68.950050 -0.740990 -0.025022 0.671050 0.348851 0.481889 1 6 1.000000
flash
  6 4.842062 1.138402 68.827789 -0.963004 -0.049579 0.264888 0.383887 0.584867 1 6 1.000000
  6 4.938354 0.451855 68.950050 -0.740990 -0.025022 0.671050 0.348851 0.481889 1 6 1.000000
  6 4.880044 1.095047 68.912399 -0.843051 -0.043456 0.536075 0.368047 0.579938 1 6 1.000000
flash
  6 4.880044 1.095047 68.912399 -0.843051 -0.043456 0.536075 0.368047 0.579938 1 6 1.000000
  6 4.938354 0.451855 68.950050 -0.740990 -0.025022 0.671050 0.348851 0.481889 1 6 1.000000
  6 5.015698 0.319965 69.018616 -0.488013 0.006899 0.872809 0.330168 0.463836 1 6 1.000000
flash
  6 4.880044 1.095047 68.912399 -0.843051 -0.043456 0.536075 0.368047 0.579938 1 6 1.000000
  6 5.015698 0.319965 69.018616 -0.488013 0.006899 0.872809 0.330168 0.463836 1 6 1.000000
  6 4.932755 1.029898 68.967361 -0.522696 0.001401 0.852518 0.354295 0.571509 1 6 1.000000
flash
  6 4.932755 1.029898 68.967361 -0.522696 0.001401 0.852518 0.354295 0.571509 1 6 1.000000
  6 5.015698 0.319965 69.018616 -0.488013 0.006899 0.872809 0.330168 0.463836 1 6 1.000000
  6 5.055484 0.179146 69.040512 0.060996 0.028577 0.997729 0.320845 0.443199 1 6 1.000000
flash
  6 4.932755 1.029898 68.967361 -0.522696 0.001401 0.852518 0.354295 0.571509 1 6 1.000000
  6 5.055484 0.179146 69.040512 0.060996 0.028577 0.997729 0.320845 0.443199 1 6 1.000000
  6 4.995104 0.975249 68.986008 0.009358 0.080924 0.996676 0.341954 0.564817 1 6 1.000000
flash
  6 4.995104 0.975249 68.986008 0.009358 0.080924 0.996676 0.341954 0.564817 1 6 1.000000
  6 5.055484 0.179146 69.040512 0.060996 0.028577 0.997729 0.320845 0.443199 1 6 1.000000
  6 5.209713 0.336868 69.000916 0.345857 0.110824 0.931719 0.297456 0.472580 1 6 1.000000
flash
  6 4.995104 0.975249 68.986008 0.009358 0.080924 0.996676 0.341954 0.564817 1 6 1.000000
  6 5.209713 0.336868 69.000916 0.345857 0.110824 0.931719 0.297456 0.472580 1 6 1.000000
  6 5.073822 0.969866 68.964928 0.444617 0.157155 0.881826 0.328093 0.566565 1 6 1.000000
flash
  6 5.073822 0.969866 68.964928 0.444617 0.157155 0.881826 0.328093 0.566565 1 6 1.000000
  6 5.209713 0.336868 69.000916 0.345857 0.110824 0.931719 0.297456 0.472580 1 6 1.000000
  6 5.319129 0.352493 68.933586 0.680272 0.194591 0.706657 0.277121 0.479847 1 6 1.000000
flash
  6 5.073822 0.969866 68.964928 0.444617 0.157155 0.881826 0.328093 0.566565 1 6 1.000000
  6 5.319129 0.352493 68.933586 0.680272 0.194591 0.706657 0.277121 0.479847 1 6 1.000000
  6 5.143170 0.972525 68.909164 0.750652 0.243552 0.614169 0.313609 0.570528 1 6 1.000000
flash
  6 5.143170 0.972525 68.909164 0.750652 0.243552 0.614169 0.313609 0.570528 1 6 1.000000
  6 5.319129 0.352493 68.933586 0.680272 0.194591 0.706657 0.277121 0.479847 1 6 1.000000
  6 5.384638 0.354966 68.830704 0.898249 0.261560 0.353178 0.258096 0.486131 1 6 1.000000
flash
  6 5.143170 0.972525 68.909164 0.750652 0.243552 0.614169 0.313609 0.570528 1 6 1.000000
  6 5.384638 0.354966 68.830704 0.898249 0.261560 0.353178 0.258096 0.486131 1 6 1.000000
  6 5.185780 0.974556 68.823944 0.909513 0.299905 0.287825 0.298880 0.575696 1 6 1.000000
flash
  6 5.185780 0.974556 68.823944 0.909513 0.299905 0.287825 0.298880 0.575696 1 6 1.000000
  6 5.384638 0.354966 68.830704 0.898249 0.261560 0.353178 0.258096 0.486131 1 6 1.000000
  6 5.405914 0.357915 68.707939 0.957675 0.287617 0.011604 0.239993 0.493790 1 6 1.000000
flash
  6 5.185780 0.974556 68.823944 0.909513 0.299905 0.287825 0.298880 0.575696 1 6 1.000000
  6 5.405914 0.357915 68.707939 0.957675 0.287617 0.011604 0.239993 0.493790 1 6 1.000000
  6 5.199765 0.976963 68.722855 0.947348 0.320021 0.010876 0.284196 0.582164 1 6 1.000000
flash
  6 5.405914 0.357915 68.707939 0.957675 0.287617 0.011604 0.239993 0.493790 1 6 1.000000
  6 5.186469 0.979434 68.621635 0.916154 0.315621 -0.247072 0.270009 0.589653 1 6 1.000000
  6 5.199765 0.976963 68.722855 0.947348 0.320021 0.010876 0.284196 0.582164 1 6 1.000000
flash
  6 5.199765 0.976963 68.722855 0.947348 0.320021 0.010876 0.284196 0.582164 1 6 1.000000
  6 5.186469 0.979434 68.621635 0.916154 0.315621 -0.247072 0.270009 0.589653 1 6 1.000000
  6 4.927696 1.743229 68.669235 0.934967 0.328642 -0.133531 0.329433 0.697283 1 6 1.000000
flash
  6 5.199765 0.976963 68.722855 0.947348 0.320021 0.010876 0.284196 0.582164 1 6 1.000000
  6 4.927696 1.743229 68.669235 0.934967 0.328642 -0.133531 0.329433 0.697283 1 6 1.000000
  6 4.932738 1.741435 68.741287 0.944098 0.329569 0.007937 0.339558 0.691870 1 6 1.000000
flash
  6 4.927696 1.739756 68.813347 0.935093 0.321355 0.149441 0.349916 0.686936 1 6 1.000000
  6 5.199765 0.976963 68.722855 0.947348 0.320021 0.010876 0.284196 0.582164 1 6 1.000000
  6 4.932738 1.741435 68.741287 0.944098 0.329569 0.007937 0.339558 0.691870 1 6 1.000000
flash
  6 4.927696 1.739756 68.813347 0.935093 0.321355 0.149441 0.349916 0.686936 1 6 1.000000
  6 5.185780 0.974556 68.823944 0.909513 0.299905 0.287825 0.298880 0.575696 1 6 1.000000
  6 5.199765 0.976963 68.722855 0.947348 0.320021 0.010876 0.284196 0.582164 1 6 1.000000
flash
  6 4.913650 1.738318 68.874817 0.891353 0.295333 0.343901 0.359247 0.683070 1 6 1.000000
  6 5.185780 0.974556 68.823944 0.909513 0.299905 0.287825 0.298880 0.575696 1 6 1.000000
  6 4.927696 1.739756 68.813347 0.935093 0.321355 0.149441 0.349916 0.686936 1 6 1.000000
flash
  6 4.913650 1.738318 68.874817 0.891353 0.295333 0.343901 0.359247 0.683070 1 6 1.000000
  6 5.143170 0.972525 68.909164 0.750652 0.243552 0.614169 0.313609 0.570528 1 6 1.000000
  6 5.185780 0.974556 68.823944 0.909513 0.299905 0.287825 0.298880 0.575696 1 6 1.000000
flash
  6 4.892553 1.737225 68.916016 0.685887 0.227021 0.691390 0.366691 0.680654 1 6 1.000000
  6 5.143170 0.972525 68.909164 0.750652 0.243552 0.614169 0.313609 0.570528 1 6 1.000000
  6 4.913650 1.738318 68.874817 0.891353 0.295333 0.343901 0.359247 0.683070 1 6 1.000000
flash
  6 4.892553 1.737225 68.916016 0.685887 0.227021 0.691390 0.366691 0.680654 1 6 1.000000
  6 5.073822 0.969866 68.964928 0.444617 0.157155 0.881826 0.328093 0.566565 1 6 1.000000
  6 5.143170 0.972525 68.909164 0.750652 0.243552 0.614169 0.313609 0.570528 1 6 1.000000
flash
  6 4.867733 1.736769 68.930878 -0.066600 0.074686 0.994981 0.373030 0.679335 1 6 1.000000
  6 5.073822 0.969866 68.964928 0.444617 0.157155 0.881826 0.328093 0.566565 1 6 1.000000
  6 4.892553 1.737225 68.916016 0.685887 0.227021 0.691390 0.366691 0.680654 1 6 1.000000
flash
  6 4.867733 1.736769 68.930878 -0.066600 0.074686 0.994981 0.373030 0.679335 1 6 1.000000
  6 4.995104 0.975249 68.986008 0.009358 0.080924 0.996676 0.341954 0.564817 1 6 1.000000
  6 5.073822 0.969866 68.964928 0.444617 0.157155 0.881826 0.328093 0.566565 1 6 1.000000
flash
  6 4.842870 1.737184 68.915970 -0.744392 -0.055469 0.665435 0.379463 0.678593 1 6 1.000000
  6 4.995104 0.975249 68.986008 0.009358 0.080924 0.996676 0.341954 0.564817 1 6 1.000000
  6 4.867733 1.736769 68.930878 -0.066600 0.074686 0.994981 0.373030 0.679335 1 6 1.000000
flash
  6 4.842870 1.737184 68.915970 -0.744392 -0.055469 0.665435 0.379463 0.678593 1 6 1.000000
  6 4.932755 1.029898 68.967361 -0.522696 0.001401 0.852518 0.354295 0.571509 1 6 1.000000
  6 4.995104 0.975249 68.986008 0.009358 0.080924 0.996676 0.341954 0.564817 1 6 1.000000
flash
  6 4.821733 1.738238 68.874756 -0.937717 -0.076595 0.338852 0.387242 0.677987 1 6 1.000000
  6 4.932755 1.029898 68.967361 -0.522696 0.001401 0.852518 0.354295 0.571509 1 6 1.000000
  6 4.842870 1.737184 68.915970 -0.744392 -0.055469 0.665435 0.379463 0.678593 1 6 1.000000
flash
  6 4.821733 1.738238 68.874756 -0.937717 -0.076595 0.338852 0.387242 0.677987 1 6 1.000000
  6 4.880044 1.095047 68.912399 -0.843051 -0.043456 0.536075 0.368047 0.579938 1 6 1.000000
  6 4.932755 1.029898 68.967361 -0.522696 0.001401 0.852518 0.354295 0.571509 1 6 1.000000
flash
  6 4.807726 1.739638 68.813301 -0.986696 -0.063790 0.149542 0.397204 0.677189 1 6 1.000000
  6 4.880044 1.095047 68.912399 -0.843051 -0.043456 0.536075 0.368047 0.579938 1 6 1.000000
  6 4.821733 1.738238 68.874756 -0.937717 -0.076595 0.338852 0.387242 0.677987 1 6 1.000000
flash
  6 4.807726 1.739638 68.813301 -0.986696 -0.063790 0.149542 0.397204 0.677189 1 6 1.000000
  6 4.842062 1.138402 68.827789 -0.963004 -0.049579 0.264888 0.383887 0.584867 1 6 1.000000
  6 4.880044 1.095047 68.912399 -0.843051 -0.043456 0.536075 0.368047 0.579938 1 6 1.000000
flash
  6 4.802725 1.741299 68.741272 -0.998611 -0.052670 -0.001398 0.408472 0.676250 1 6 1.000000
  6 4.842062 1.138402 68.827789 -0.963004 -0.049579 0.264888 0.383887 0.584867 1 6 1.000000
  6 4.807726 1.739638 68.813301 -0.986696 -0.063790 0.149542 0.397204 0.677189 1 6 1.000000
flash
  6 5.488125 -0.726540 68.427139 0.690988 0.088808 -0.717390 0.126799 0.361800 1 6 1.000000
  6 5.499897 -0.840157 68.424126 0.701756 0.106249 -0.704450 0.119785 0.345257 1 6 1.000000
  6 5.392515 -0.944352 68.342720 0.407643 0.109750 -0.906522 0.091159 0.340778 1 6 1.000000
flash
  6 5.488125 -0.726540 68.427139 0.690988 0.088808 -0.717390 0.126799 0.361800 1 6 1.000000
  6 5.392515 -0.944352 68.342720 0.407643 0.109750 -0.906522 0.091159 0.340778 1 6 1.000000
  6 5.368099 -0.811372 68.345093 0.396815 0.079492 -0.914450 0.097751 0.361161 1 6 1.000000
flash
  6 5.368099 -0.811372 68.345093 0.396815 0.079492 -0.914450 0.097751 0.361161 1 6 1.000000
  6 5.471097 -0.517802 68.434402 0.696325 0.083620 -0.712839 0.140748 0.391447 1 6 1.000000
  6 5.488125 -0.726540 68.427139 0.690988 0.088808 -0.717390 0.126799 0.361800 1 6 1.000000
flash
  6 5.368099 -0.811372 68.345093 0.396815 0.079492 -0.914450 0.097751 0.361161 1 6 1.000000
  6 5.352165 -0.561756 68.354408 0.420405 0.059838 -0.905361 0.115318 0.396842 1 6 1.000000
  6 5.471097 -0.517802 68.434402 0.696325 0.083620 -0.712839 0.140748 0.391447 1 6 1.000000
flash
  6 5.352165 -0.561756 68.354408 0.420405 0.059838 -0.905361 0.115318 0.396842 1 6 1.000000
  6 5.449955 -0.268539 68.443321 0.714075 0.096582 -0.693375 0.157911 0.426335 1 6 1.000000
  6 5.471097 -0.517802 68.434402 0.696325 0.083620 -0.712839 0.140748 0.391447 1 6 1.000000
flash
  6 5.352165 -0.561756 68.354408 0.420405 0.059838 -0.905361 0.115318 0.396842 1 6 1.000000
  6 5.338373 -0.280956 68.365189 0.447387 0.063733 -0.892067 0.136626 0.436341 1 6 1.000000
  6 5.449955 -0.268539 68.443321 0.714075 0.096582 -0.693375 0.157911 0.426335 1 6 1.000000
flash
  6 5.314998 -0.016750 68.377312 0.470430 0.127366 -0.873197 0.157886 0.472758 1 6 1.000000
  6 5.449955 -0.268539 68.443321 0.714075 0.096582 -0.693375 0.157911 0.426335 1 6 1.000000
  6 5.338373 -0.280956 68.365189 0.447387 0.063733 -0.892067 0.136626 0.436341 1 6 1.000000
flash
  6 5.314998 -0.016750 68.377312 0.470430 0.127366 -0.873197 0.157886 0.472758 1 6 1.000000
  6 5.417370 -0.015924 68.453842 0.730730 0.169255 -0.661352 0.176152 0.461066 1 6 1.000000
  6 5.449955 -0.268539 68.443321 0.714075 0.096582 -0.693375 0.157911 0.426335 1 6 1.000000
flash
  6 5.242285 0.362182 68.409210 0.476501 0.190765 -0.858228 0.190780 0.523763 1 6 1.000000
  6 5.417370 -0.015924 68.453842 0.730730 0.169255 -0.661352 0.176152 0.461066 1 6 1.000000
  6 5.314998 -0.016750 68.377312 0.470430 0.127366 -0.873197 0.157886 0.472758 1 6 1.000000
flash
  6 5.242285 0.362182 68.409210 0.476501 0.190765 -0.858228 0.190780 0.523763 1 6 1.000000
  6 5.328839 0.363409 68.480507 0.748008 0.245303 -0.616693 0.206077 0.512922 1 6 1.000000
  6 5.417370 -0.015924 68.453842 0.730730 0.169255 -0.661352 0.176152 0.461066 1 6 1.000000
flash
  6 5.328839 0.363409 68.480507 0.748008 0.245303 -0.616693 0.206077 0.512922 1 6 1.000000
  6 5.242285 0.362182 68.409210 0.476501 0.190765 -0.858228 0.190780 0.523763 1 6 1.000000
  6 5.090699 0.984278 68.478004 0.519547 0.226431 -0.823893 0.245825 0.605834 1 6 1.000000
flash
  6 5.328839 0.363409 68.480507 0.748008 0.245303 -0.616693 0.206077 0.512922 1 6 1.000000
  6 5.090699 0.984278 68.478004 0.519547 0.226431 -0.823893 0.245825 0.605834 1 6 1.000000
  6 5.148682 0.981528 68.535568 0.794014 0.286452 -0.536178 0.257053 0.597690 1 6 1.000000
flash
  6 5.385850 0.360889 68.584953 0.909936 0.281077 -0.304978 0.222559 0.502814 1 6 1.000000
  6 5.328839 0.363409 68.480507 0.748008 0.245303 -0.616693 0.206077 0.512922 1 6 1.000000
  6 5.148682 0.981528 68.535568 0.794014 0.286452 -0.536178 0.257053 0.597690 1 6 1.000000
flash
  6 5.385850 0.360889 68.584953 0.909936 0.281077 -0.304978 0.222559 0.502814 1 6 1.000000
  6 5.148682 0.981528 68.535568 0.794014 0.286452 -0.536178 0.257053 0.597690 1 6 1.000000
  6 5.186469 0.979434 68.621635 0.916154 0.315621 -0.247072 0.270009 0.589653 1 6 1.000000
flash
  6 5.405914 0.357915 68.707939 0.957675 0.287617 0.011604 0.239993 0.493790 1 6 1.000000
  6 5.385850 0.360889 68.584953 0.909936 0.281077 -0.304978 0.222559 0.502814 1 6 1.000000
  6 5.186469 0.979434 68.621635 0.916154 0.315621 -0.247072 0.270009 0.589653 1 6 1.000000
flash
  6 5.385850 0.360889 68.584953 0.909936 0.281077 -0.304978 0.222559 0.502814 1 6 1.000000
  6 5.405914 0.357915 68.707939 0.957675 0.287617 0.011604 0.239993 0.493790 1 6 1.000000
  6 5.510047 -0.020598 68.698822 0.977703 0.209730 0.010458 0.214275 0.440661 1 6 1.000000
flash
  6 5.510047 -0.020598 68.698822 0.977703 0.209730 0.010458 0.214275 0.440661 1 6 1.000000
  6 5.405914 0.357915 68.707939 0.957675 0.287617 0.011604 0.239993 0.493790 1 6 1.000000
  6 5.384638 0.354966 68.830704 0.898249 0.261560 0.353178 0.258096 0.486131 1 6 1.000000
flash
  6 5.510047 -0.020598 68.698822 0.977703 0.209730 0.010458 0.214275 0.440661 1 6 1.000000
  6 5.384638 0.354966 68.830704 0.898249 0.261560 0.353178 0.258096 0.486131 1 6 1.000000
  6 5.484378 -0.024034 68.830971 0.902554 0.182229 0.390114 0.234258 0.432342 1 6 1.000000
flash
  6 5.186469 0.979434 68.621635 0.916154 0.315621 -0.247072 0.270009 0.589653 1 6 1.000000
  6 4.913650 1.744756 68.607780 0.890793 0.315333 -0.327189 0.320766 0.702495 1 6 1.000000
  6 4.927696 1.743229 68.669235 0.934967 0.328642 -0.133531 0.329433 0.697283 1 6 1.000000
flash
  6 5.186469 0.979434 68.621635 0.916154 0.315621 -0.247072 0.270009 0.589653 1 6 1.000000
  6 5.148682 0.981528 68.535568 0.794014 0.286452 -0.536178 0.257053 0.597690 1 6 1.000000
  6 4.913650 1.744756 68.607780 0.890793 0.315333 -0.327189 0.320766 0.702495 1 6 1.000000
flash
  6 5.148682 0.981528 68.535568 0.794014 0.286452 -0.536178 0.257053 0.597690 1 6 1.000000
  6 4.892552 1.745646 68.566589 0.685709 0.271318 -0.675418 0.314346 0.706996 1 6 1.000000
  6 4.913650 1.744756 68.607780 0.890793 0.315333 -0.327189 0.320766 0.702495 1 6 1.000000
flash
  6 5.148682 0.981528 68.535568 0.794014 0.286452 -0.536178 0.257053 0.597690 1 6 1.000000
  6 5.090699 0.984278 68.478004 0.519547 0.226431 -0.823893 0.245825 0.605834 1 6 1.000000
  6 4.892552 1.745646 68.566589 0.685709 0.271318 -0.675418 0.314346 0.706996 1 6 1.000000
flash
  6 5.090699 0.984278 68.478004 0.519547 0.226431 -0.823893 0.245825 0.605834 1 6 1.000000
  6 4.867731 1.745909 68.551704 -0.066213 0.137225 -0.988324 0.309263 0.711044 1 6 1.000000
  6 4.892552 1.745646 68.566589 0.685709 0.271318 -0.675418 0.314346 0.706996 1 6 1.000000
flash
  6 5.090699 0.984278 68.478004 0.519547 0.226431 -0.823893 0.245825 0.605834 1 6 1.000000
  6 5.020638 1.003245 68.456955 0.050049 0.142658 -0.988506 0.235613 0.613990 1 6 1.000000
  6 4.867731 1.745909 68.551704 -0.066213 0.137225 -0.988324 0.309263 0.711044 1 6 1.000000
flash
  6 5.242285 0.362182 68.409210 0.476501 0.190765 -0.858228 0.190780 0.523763 1 6 1.000000
  6 5.020638 1.003245 68.456955 0.050049 0.142658 -0.988506 0.235613 0.613990 1 6 1.000000
  6 5.090699 0.984278 68.478004 0.519547 0.226431 -0.823893 0.245825 0.605834 1 6 1.000000
flash
  6 5.242285 0.362182 68.409210 0.476501 0.190765 -0.858228 0.190780 0.523763 1 6 1.000000
  6 5.138973 0.340341 68.370125 0.110637 0.149609 -0.982536 0.176167 0.534972 1 6 1.000000
  6 5.020638 1.003245 68.456955 0.050049 0.142658 -0.988506 0.235613 0.613990 1 6 1.000000
flash
  6 5.138973 0.340341 68.370125 0.110637 0.149609 -0.982536 0.176167 0.534972 1 6 1.000000
  6 5.242285 0.362182 68.409210 0.476501 0.190765 -0.858228 0.190780 0.523763 1 6 1.000000
  6 5.314998 -0.016750 68.377312 0.470430 0.127366 -0.873197 0.157886 0.472758 1 6 1.000000
flash
  6 5.138973 0.340341 68.370125 0.110637 0.149609 -0.982536 0.176167 0.534972 1 6 1.000000
  6 5.314998 -0.016750 68.377312 0.470430 0.127366 -0.873197 0.157886 0.472758 1 6 1.000000
  6 5.207492 -0.024807 68.337296 0.201087 0.091108 -0.975327 0.139913 0.484925 1 6 1.000000
flash
  6 5.207492 -0.024807 68.337296 0.201087 0.091108 -0.975327 0.139913 0.484925 1 6 1.000000
  6 5.314998 -0.016750 68.377312 0.470430 0.127366 -0.873197 0.157886 0.472758 1 6 1.000000
  6 5.338373 -0.280956 68.365189 0.447387 0.063733 -0.892067 0.136626 0.436341 1 6 1.000000
flash
  6 5.207492 -0.024807 68.337296 0.201087 0.091108 -0.975327 0.139913 0.484925 1 6 1.000000
  6 5.338373 -0.280956 68.365189 0.447387 0.063733 -0.892067 0.136626 0.436341 1 6 1.000000
  6 5.220726 -0.293432 68.325233 0.177300 0.044274 -0.983160 0.114974 0.446388 1 6 1.000000
flash
  6 5.223392 -0.611172 68.312469 0.155263 0.045309 -0.986834 0.087680 0.400109 1 6 1.000000
  6 5.220726 -0.293432 68.325233 0.177300 0.044274 -0.983160 0.114974 0.446388 1 6 1.000000
  6 5.338373 -0.280956 68.365189 0.447387 0.063733 -0.892067 0.136626 0.436341 1 6 1.000000
flash
  6 5.223392 -0.611172 68.312469 0.155263 0.045309 -0.986834 0.087680 0.400109 1 6 1.000000
  6 5.338373 -0.280956 68.365189 0.447387 0.063733 -0.892067 0.136626 0.436341 1 6 1.000000
  6 5.352165 -0.561756 68.354408 0.420405 0.059838 -0.905361 0.115318 0.396842 1 6 1.000000
flash
  6 5.224999 -0.984683 68.293465 0.099168 0.074658 -0.992266 0.058051 0.348078 1 6 1.000000
  6 5.223392 -0.611172 68.312469 0.155263 0.045309 -0.986834 0.087680 0.400109 1 6 1.000000
  6 5.352165 -0.561756 68.354408 0.420405 0.059838 -0.905361 0.115318 0.396842 1 6 1.000000
flash
  6 5.224999 -0.984683 68.293465 0.099168 0.074658 -0.992266 0.058051 0.348078 1 6 1.000000
  6 5.352165 -0.561756 68.354408 0.420405 0.059838 -0.905361 0.115318 0.396842 1 6 1.000000
  6 5.368099 -0.811372 68.345093 0.396815 0.079492 -0.914450 0.097751 0.361161 1 6 1.000000
flash
  6 5.368099 -0.811372 68.345093 0.396815 0.079492 -0.914450 0.097751 0.361161 1 6 1.000000
  6 5.289061 -1.108127 68.294128 0.219290 0.085256 -0.971928 0.061927 0.326059 1 6 1.000000
  6 5.224999 -0.984683 68.293465 0.099168 0.074658 -0.992266 0.058051 0.348078 1 6 1.000000
flash
  6 5.368099 -0.811372 68.345093 0.396815 0.079492 -0.914450 0.097751 0.361161 1 6 1.000000
  6 5.392515 -0.944352 68.342720 0.407643 0.109750 -0.906522 0.091159 0.340778 1 6 1.000000
  6 5.289061 -1.108127 68.294128 0.219290 0.085256 -0.971928 0.061927 0.326059 1 6 1.000000
flash
  6 5.573257 -0.493869 68.687401 0.995853 0.090521 0.009107 0.185075 0.375089 1 6 1.000000
  6 5.549955 -0.264712 68.692924 0.991641 0.128718 0.008936 0.199036 0.407008 1 6 1.000000
  6 5.522418 -0.269965 68.827400 0.904743 0.105008 0.412811 0.219846 0.398129 1 6 1.000000
flash
  6 5.549955 -0.264712 68.692924 0.991641 0.128718 0.008936 0.199036 0.407008 1 6 1.000000
  6 5.484378 -0.024034 68.830971 0.902554 0.182229 0.390114 0.234258 0.432342 1 6 1.000000
  6 5.522418 -0.269965 68.827400 0.904743 0.105008 0.412811 0.219846 0.398129 1 6 1.000000
flash
  6 5.522418 -0.269965 68.827400 0.904743 0.105008 0.412811 0.219846 0.398129 1 6 1.000000
  6 5.484378 -0.024034 68.830971 0.902554 0.182229 0.390114 0.234258 0.432342 1 6 1.000000
  6 5.405570 -0.027670 68.941505 0.657121 0.121059 0.744000 0.255698 0.425094 1 6 1.000000
flash
  6 5.563126 -0.687365 68.544952 0.924162 0.081970 -0.373103 0.151534 0.357069 1 6 1.000000
  6 5.547416 -0.496771 68.550873 0.920238 0.096189 -0.379355 0.163665 0.383932 1 6 1.000000
  6 5.573257 -0.493869 68.687401 0.995853 0.090521 0.009107 0.185075 0.375089 1 6 1.000000
flash
  6 5.547416 -0.496771 68.550873 0.920238 0.096189 -0.379355 0.163665 0.383932 1 6 1.000000
  6 5.549955 -0.264712 68.692924 0.991641 0.128718 0.008936 0.199036 0.407008 1 6 1.000000
  6 5.573257 -0.493869 68.687401 0.995853 0.090521 0.009107 0.185075 0.375089 1 6 1.000000
flash
  6 5.547416 -0.496771 68.550873 0.920238 0.096189 -0.379355 0.163665 0.383932 1 6 1.000000
  6 5.524041 -0.263479 68.558067 0.920992 0.124700 -0.369085 0.178602 0.416459 1 6 1.000000
  6 5.549955 -0.264712 68.692924 0.991641 0.128718 0.008936 0.199036 0.407008 1 6 1.000000
flash
  6 5.485853 -0.017656 68.566353 0.917082 0.203255 -0.342998 0.194946 0.450280 1 6 1.000000
  6 5.549955 -0.264712 68.692924 0.991641 0.128718 0.008936 0.199036 0.407008 1 6 1.000000
  6 5.524041 -0.263479 68.558067 0.920992 0.124700 -0.369085 0.178602 0.416459 1 6 1.000000
flash
  6 5.549955 -0.264712 68.692924 0.991641 0.128718 0.008936 0.199036 0.407008 1 6 1.000000
  6 5.510047 -0.020598 68.698822 0.977703 0.209730 0.010458 0.214275 0.440661 1 6 1.000000
  6 5.484378 -0.024034 68.830971 0.902554 0.182229 0.390114 0.234258 0.432342 1 6 1.000000
flash
  6 5.485853 -0.017656 68.566353 0.917082 0.203255 -0.342998 0.194946 0.450280 1 6 1.000000
  6 5.510047 -0.020598 68.698822 0.977703 0.209730 0.010458 0.214275 0.440661 1 6 1.000000
  6 5.549955 -0.264712 68.692924 0.991641 0.128718 0.008936 0.199036 0.407008 1 6 1.000000
flash
  6 5.385850 0.360889 68.584953 0.909936 0.281077 -0.304978 0.222559 0.502814 1 6 1.000000
  6 5.510047 -0.020598 68.698822 0.977703 0.209730 0.010458 0.214275 0.440661 1 6 1.000000
  6 5.485853 -0.017656 68.566353 0.917082 0.203255 -0.342998 0.194946 0.450280 1 6 1.000000
flash
  6 5.328839 0.363409 68.480507 0.748008 0.245303 -0.616693 0.206077 0.512922 1 6 1.000000
  6 5.385850 0.360889 68.584953 0.909936 0.281077 -0.304978 0.222559 0.502814 1 6 1.000000
  6 5.485853 -0.017656 68.566353 0.917082 0.203255 -0.342998 0.194946 0.450280 1 6 1.000000
flash
  6 5.328839 0.363409 68.480507 0.748008 0.245303 -0.616693 0.206077 0.512922 1 6 1.000000
  6 5.485853 -0.017656 68.566353 0.917082 0.203255 -0.342998 0.194946 0.450280 1 6 1.000000
  6 5.417370 -0.015924 68.453842 0.730730 0.169255 -0.661352 0.176152 0.461066 1 6 1.000000
flash
  6 5.417370 -0.015924 68.453842 0.730730 0.169255 -0.661352 0.176152 0.461066 1 6 1.000000
  6 5.485853 -0.017656 68.566353 0.917082 0.203255 -0.342998 0.194946 0.450280 1 6 1.000000
  6 5.524041 -0.263479 68.558067 0.920992 0.124700 -0.369085 0.178602 0.416459 1 6 1.000000
flash
  6 5.417370 -0.015924 68.453842 0.730730 0.169255 -0.661352 0.176152 0.461066 1 6 1.000000
  6 5.524041 -0.263479 68.558067 0.920992 0.124700 -0.369085 0.178602 0.416459 1 6 1.000000
  6 5.449955 -0.268539 68.443321 0.714075 0.096582 -0.693375 0.157911 0.426335 1 6 1.000000
flash
  6 5.471097 -0.517802 68.434402 0.696325 0.083620 -0.712839 0.140748 0.391447 1 6 1.000000
  6 5.449955 -0.268539 68.443321 0.714075 0.096582 -0.693375 0.157911 0.426335 1 6 1.000000
  6 5.524041 -0.263479 68.558067 0.920992 0.124700 -0.369085 0.178602 0.416459 1 6 1.000000
flash
  6 5.471097 -0.517802 68.434402 0.696325 0.083620 -0.712839 0.140748 0.391447 1 6 1.000000
  6 5.524041 -0.263479 68.558067 0.920992 0.124700 -0.369085 0.178602 0.416459 1 6 1.000000
  6 5.547416 -0.496771 68.550873 0.920238 0.096189 -0.379355 0.163665 0.383932 1 6 1.000000
flash
  6 5.488125 -0.726540 68.427139 0.690988 0.088808 -0.717390 0.126799 0.361800 1 6 1.000000
  6 5.471097 -0.517802 68.434402 0.696325 0.083620 -0.712839 0.140748 0.391447 1 6 1.000000
  6 5.547416 -0.496771 68.550873 0.920238 0.096189 -0.379355 0.163665 0.383932 1 6 1.000000
flash
  6 5.488125 -0.726540 68.427139 0.690988 0.088808 -0.717390 0.126799 0.361800 1 6 1.000000
  6 5.547416 -0.496771 68.550873 0.920238 0.096189 -0.379355 0.163665 0.383932 1 6 1.000000
  6 5.563126 -0.687365 68.544952 0.924162 0.081970 -0.373103 0.151534 0.357069 1 6 1.000000
flash
  6 5.563126 -0.687365 68.544952 0.924162 0.081970 -0.373103 0.151534 0.357069 1 6 1.000000
  6 5.499897 -0.840157 68.424126 0.701756 0.106249 -0.704450 0.119785 0.345257 1 6 1.000000
  6 5.488125 -0.726540 68.427139 0.690988 0.088808 -0.717390 0.126799 0.361800 1 6 1.000000
flash
  6 5.563126 -0.687365 68.544952 0.924162 0.081970 -0.373103 0.151534 0.357069 1 6 1.000000
  6 5.569696 -0.788000 68.542107 0.934079 0.058318 -0.352272 0.145135 0.342761 1 6 1.000000
  6 5.499897 -0.840157 68.424126 0.701756 0.106249 -0.704450 0.119785 0.345257 1 6 1.000000
flash
  6 5.587930 -0.679458 68.682922 0.997569 0.069050 0.009430 0.173747 0.348960 1 6 1.000000
  6 5.569696 -0.788000 68.542107 0.934079 0.058318 -0.352272 0.145135 0.342761 1 6 1.000000
  6 5.563126 -0.687365 68.544952 0.924162 0.081970 -0.373103 0.151534 0.357069 1 6 1.000000
flash
  6 5.563126 -0.687365 68.544952 0.924162 0.081970 -0.373103 0.151534 0.357069 1 6 1.000000
  6 5.573257 -0.493869 68.687401 0.995853 0.090521 0.009107 0.185075 0.375089 1 6 1.000000
  6 5.587930 -0.679458 68.682922 0.997569 0.069050 0.009430 0.173747 0.348960 1 6 1.000000
flash
  6 5.587930 -0.679458 68.682922 0.997569 0.069050 0.009430 0.173747 0.348960 1 6 1.000000
  6 5.573257 -0.493869 68.687401 0.995853 0.090521 0.009107 0.185075 0.375089 1 6 1.000000
  6 5.545640 -0.503321 68.823341 0.903304 0.072239 0.422875 0.206294 0.365334 1 6 1.000000
flash
  6 5.573257 -0.493869 68.687401 0.995853 0.090521 0.009107 0.185075 0.375089 1 6 1.000000
  6 5.522418 -0.269965 68.827400 0.904743 0.105008 0.412811 0.219846 0.398129 1 6 1.000000
  6 5.545640 -0.503321 68.823341 0.903304 0.072239 0.422875 0.206294 0.365334 1 6 1.000000
flash
  6 5.545640 -0.503321 68.823341 0.903304 0.072239 0.422875 0.206294 0.365334 1 6 1.000000
  6 5.522418 -0.269965 68.827400 0.904743 0.105008 0.412811 0.219846 0.398129 1 6 1.000000
  6 5.436968 -0.280453 68.939659 0.634074 0.052117 0.771514 0.242307 0.389172 1 6 1.000000
flash
  6 5.522418 -0.269965 68.827400 0.904743 0.105008 0.412811 0.219846 0.398129 1 6 1.000000
  6 5.405570 -0.027670 68.941505 0.657121 0.121059 0.744000 0.255698 0.425094 1 6 1.000000
  6 5.436968 -0.280453 68.939659 0.634074 0.052117 0.771514 0.242307 0.389172 1 6 1.000000
flash
  6 5.436968 -0.280453 68.939659 0.634074 0.052117 0.771514 0.242307 0.389172 1 6 1.000000
  6 5.405570 -0.027670 68.941505 0.657121 0.121059 0.744000 0.255698 0.425094 1 6 1.000000
  6 5.277371 -0.036101 69.011520 0.317649 0.049045 0.946939 0.279066 0.417903 1 6 1.000000
flash
  6 5.436968 -0.280453 68.939659 0.634074 0.052117 0.771514 0.242307 0.389172 1 6 1.000000
  6 5.277371 -0.036101 69.011520 0.317649 0.049045 0.946939 0.279066 0.417903 1 6 1.000000
  6 5.297266 -0.297003 69.009445 0.278141 -0.002042 0.960538 0.267232 0.379618 1 6 1.000000
flash
  6 5.297266 -0.297003 69.009445 0.278141 -0.002042 0.960538 0.267232 0.379618 1 6 1.000000
  6 5.277371 -0.036101 69.011520 0.317649 0.049045 0.946939 0.279066 0.417903 1 6 1.000000
  6 5.133387 -0.065486 69.031845 -0.051506 -0.040734 0.997842 0.302218 0.408259 1 6 1.000000
flash
  6 5.297266 -0.297003 69.009445 0.278141 -0.002042 0.960538 0.267232 0.379618 1 6 1.000000
  6 5.133387 -0.065486 69.031845 -0.051506 -0.040734 0.997842 0.302218 0.408259 1 6 1.000000
  6 5.138605 -0.315373 69.023972 -0.113549 -0.027949 0.993139 0.292963 0.370275 1 6 1.000000
flash
  6 4.998716 -0.327252 68.976242 -0.527475 -0.006540 0.849545 0.318072 0.362663 1 6 1.000000
  6 5.138605 -0.315373 69.023972 -0.113549 -0.027949 0.993139 0.292963 0.370275 1 6 1.000000
  6 5.133387 -0.065486 69.031845 -0.051506 -0.040734 0.997842 0.302218 0.408259 1 6 1.000000
flash
  6 5.587930 -0.679458 68.682922 0.997569 0.069050 0.009430 0.173747 0.348960 1 6 1.000000
  6 5.593235 -0.775900 68.680611 0.999438 0.032528 0.008102 0.167827 0.335269 1 6 1.000000
  6 5.569696 -0.788000 68.542107 0.934079 0.058318 -0.352272 0.145135 0.342761 1 6 1.000000
flash
  6 5.593235 -0.775900 68.680611 0.999438 0.032528 0.008102 0.167827 0.335269 1 6 1.000000
  6 5.587930 -0.679458 68.682922 0.997569 0.069050 0.009430 0.173747 0.348960 1 6 1.000000
  6 5.561477 -0.693972 68.820107 0.906938 0.062300 0.416632 0.195076 0.338266 1 6 1.000000
flash
  6 5.587930 -0.679458 68.682922 0.997569 0.069050 0.009430 0.173747 0.348960 1 6 1.000000
  6 5.545640 -0.503321 68.823341 0.903304 0.072239 0.422875 0.206294 0.365334 1 6 1.000000
  6 5.561477 -0.693972 68.820107 0.906938 0.062300 0.416632 0.195076 0.338266 1 6 1.000000
flash
  6 5.561477 -0.693972 68.820107 0.906938 0.062300 0.416632 0.195076 0.338266 1 6 1.000000
  6 5.545640 -0.503321 68.823341 0.903304 0.072239 0.422875 0.206294 0.365334 1 6 1.000000
  6 5.456903 -0.529764 68.936523 0.613676 0.040447 0.788521 0.228994 0.353297 1 6 1.000000
flash
  6 5.545640 -0.503321 68.823341 0.903304 0.072239 0.422875 0.206294 0.365334 1 6 1.000000
  6 5.436968 -0.280453 68.939659 0.634074 0.052117 0.771514 0.242307 0.389172 1 6 1.000000
  6 5.456903 -0.529764 68.936523 0.613676 0.040447 0.788521 0.228994 0.353297 1 6 1.000000
flash
  6 5.436968 -0.280453 68.939659 0.634074 0.052117 0.771514 0.242307 0.389172 1 6 1.000000
  6 5.306337 -0.577994 69.006149 0.242795 0.008500 0.970040 0.254376 0.337692 1 6 1.000000
  6 5.456903 -0.529764 68.936523 0.613676 0.040447 0.788521 0.228994 0.353297 1 6 1.000000
flash
  6 5.436968 -0.280453 68.939659 0.634074 0.052117 0.771514 0.242307 0.389172 1 6 1.000000
  6 5.297266 -0.297003 69.009445 0.278141 -0.002042 0.960538 0.267232 0.379618 1 6 1.000000
  6 5.306337 -0.577994 69.006149 0.242795 0.008500 0.970040 0.254376 0.337692 1 6 1.000000
flash
  6 5.297266 -0.297003 69.009445 0.278141 -0.002042 0.960538 0.267232 0.379618 1 6 1.000000
  6 5.127133 -0.632631 69.016838 -0.144068 -0.000756 0.989568 0.281720 0.321027 1 6 1.000000
  6 5.306337 -0.577994 69.006149 0.242795 0.008500 0.970040 0.254376 0.337692 1 6 1.000000
flash
  6 5.297266 -0.297003 69.009445 0.278141 -0.002042 0.960538 0.267232 0.379618 1 6 1.000000
  6 5.138605 -0.315373 69.023972 -0.113549 -0.027949 0.993139 0.292963 0.370275 1 6 1.000000
  6 5.127133 -0.632631 69.016838 -0.144068 -0.000756 0.989568 0.281720 0.321027 1 6 1.000000
flash
  6 5.138605 -0.315373 69.023972 -0.113549 -0.027949 0.993139 0.292963 0.370275 1 6 1.000000
  6 4.963212 -0.651237 68.957222 -0.527520 0.026258 0.849137 0.310550 0.310381 1 6 1.000000
  6 5.127133 -0.632631 69.016838 -0.144068 -0.000756 0.989568 0.281720 0.321027 1 6 1.000000
flash
  6 5.138605 -0.315373 69.023972 -0.113549 -0.027949 0.993139 0.292963 0.370275 1 6 1.000000
  6 4.998716 -0.327252 68.976242 -0.527475 -0.006540 0.849545 0.318072 0.362663 1 6 1.000000
  6 4.963212 -0.651237 68.957222 -0.527520 0.026258 0.849137 0.310550 0.310381 1 6 1.000000
flash
  6 4.998716 -0.327252 68.976242 -0.527475 -0.006540 0.849545 0.318072 0.362663 1 6 1.000000
  6 4.847318 -0.649184 68.844475 -0.846206 0.095191 0.524285 0.339228 0.304033 1 6 1.000000
  6 4.963212 -0.651237 68.957222 -0.527520 0.026258 0.849137 0.310550 0.310381 1 6 1.000000
flash
  6 4.998716 -0.327252 68.976242 -0.527475 -0.006540 0.849545 0.318072 0.362663 1 6 1.000000
  6 4.890982 -0.307631 68.865700 -0.863320 0.021571 0.504196 0.346357 0.360483 1 6 1.000000
  6 4.847318 -0.649184 68.844475 -0.846206 0.095191 0.524285 0.339228 0.304033 1 6 1.000000
flash
  6 4.890982 -0.307631 68.865700 -0.863320 0.021571 0.504196 0.346357 0.360483 1 6 1.000000
  6 4.801904 -0.648276 68.699883 -0.986099 0.152149 0.066780 0.366820 0.298963 1 6 1.000000
  6 4.847318 -0.649184 68.844475 -0.846206 0.095191 0.524285 0.339228 0.304033 1 6 1.000000
flash
  6 4.890982 -0.307631 68.865700 -0.863320 0.021571 0.504196 0.346357 0.360483 1 6 1.000000
  6 4.847360 -0.352410 68.714630 -0.992516 0.100659 0.069131 0.372651 0.348422 1 6 1.000000
  6 4.801904 -0.648276 68.699883 -0.986099 0.152149 0.066780 0.366820 0.298963 1 6 1.000000
flash
  6 4.847360 -0.352410 68.714630 -0.992516 0.100659 0.069131 0.372651 0.348422 1 6 1.000000
  6 4.826461 -0.639968 68.553215 -0.922183 0.146018 -0.358130 0.393942 0.296618 1 6 1.000000
  6 4.801904 -0.648276 68.699883 -0.986099 0.152149 0.066780 0.366820 0.298963 1 6 1.000000
flash
  6 4.847360 -0.352410 68.714630 -0.992516 0.100659 0.069131 0.372651 0.348422 1 6 1.000000
  6 4.869596 -0.300249 68.560905 -0.939425 0.058635 -0.337703 0.401234 0.352897 1 6 1.000000
  6 4.826461 -0.639968 68.553215 -0.922183 0.146018 -0.358130 0.393942 0.296618 1 6 1.000000
flash
  6 4.826461 -0.639968 68.553215 -0.922183 0.146018 -0.358130 0.393942 0.296618 1 6 1.000000
  6 4.869596 -0.300249 68.560905 -0.939425 0.058635 -0.337703 0.401234 0.352897 1 6 1.000000
  6 4.946895 -0.314891 68.434486 -0.755376 0.070523 -0.651486 0.426992 0.347539 1 6 1.000000
flash
  6 4.890982 -0.307631 68.865700 -0.863320 0.021571 0.504196 0.346357 0.360483 1 6 1.000000
  6 4.881969 -0.137411 68.851891 -0.920596 0.038201 0.388644 0.355069 0.387796 1 6 1.000000
  6 4.862421 -0.186471 68.788605 -0.977399 0.000181 0.211403 0.364796 0.378108 1 6 1.000000
flash
  6 5.484378 -0.024034 68.830971 0.902554 0.182229 0.390114 0.234258 0.432342 1 6 1.000000
  6 5.384638 0.354966 68.830704 0.898249 0.261560 0.353178 0.258096 0.486131 1 6 1.000000
  6 5.319129 0.352493 68.933586 0.680272 0.194591 0.706657 0.277121 0.479847 1 6 1.000000
flash
  6 5.484378 -0.024034 68.830971 0.902554 0.182229 0.390114 0.234258 0.432342 1 6 1.000000
  6 5.319129 0.352493 68.933586 0.680272 0.194591 0.706657 0.277121 0.479847 1 6 1.000000
  6 5.405570 -0.027670 68.941505 0.657121 0.121059 0.744000 0.255698 0.425094 1 6 1.000000
flash
  6 5.405570 -0.027670 68.941505 0.657121 0.121059 0.744000 0.255698 0.425094 1 6 1.000000
  6 5.319129 0.352493 68.933586 0.680272 0.194591 0.706657 0.277121 0.479847 1 6 1.000000
  6 5.209713 0.336868 69.000916 0.345857 0.110824 0.931719 0.297456 0.472580 1 6 1.000000
flash
  6 5.405570 -0.027670 68.941505 0.657121 0.121059 0.744000 0.255698 0.425094 1 6 1.000000
  6 5.209713 0.336868 69.000916 0.345857 0.110824 0.931719 0.297456 0.472580 1 6 1.000000
  6 5.277371 -0.036101 69.011520 0.317649 0.049045 0.946939 0.279066 0.417903 1 6 1.000000
flash
  6 5.277371 -0.036101 69.011520 0.317649 0.049045 0.946939 0.279066 0.417903 1 6 1.000000
  6 5.209713 0.336868 69.000916 0.345857 0.110824 0.931719 0.297456 0.472580 1 6 1.000000
  6 5.055484 0.179146 69.040512 0.060996 0.028577 0.997729 0.320845 0.443199 1 6 1.000000
flash
  6 5.277371 -0.036101 69.011520 0.317649 0.049045 0.946939 0.279066 0.417903 1 6 1.000000
  6 5.055484 0.179146 69.040512 0.060996 0.028577 0.997729 0.320845 0.443199 1 6 1.000000
  6 5.133387 -0.065486 69.031845 -0.051506 -0.040734 0.997842 0.302218 0.408259 1 6 1.000000
flash
  6 5.016663 -0.105501 68.996719 -0.457571 -0.079317 0.885628 0.321974 0.398067 1 6 1.000000
  6 5.133387 -0.065486 69.031845 -0.051506 -0.040734 0.997842 0.302218 0.408259 1 6 1.000000
  6 5.055484 0.179146 69.040512 0.060996 0.028577 0.997729 0.320845 0.443199 1 6 1.000000
flash
  6 4.998716 -0.327252 68.976242 -0.527475 -0.006540 0.849545 0.318072 0.362663 1 6 1.000000
  6 5.133387 -0.065486 69.031845 -0.051506 -0.040734 0.997842 0.302218 0.408259 1 6 1.000000
  6 5.016663 -0.105501 68.996719 -0.457571 -0.079317 0.885628 0.321974 0.398067 1 6 1.000000
flash
  6 4.890982 -0.307631 68.865700 -0.863320 0.021571 0.504196 0.346357 0.360483 1 6 1.000000
  6 4.998716 -0.327252 68.976242 -0.527475 -0.006540 0.849545 0.318072 0.362663 1 6 1.000000
  6 5.016663 -0.105501 68.996719 -0.457571 -0.079317 0.885628 0.321974 0.398067 1 6 1.000000
flash
  6 4.890982 -0.307631 68.865700 -0.863320 0.021571 0.504196 0.346357 0.360483 1 6 1.000000
  6 5.016663 -0.105501 68.996719 -0.457571 -0.079317 0.885628 0.321974 0.398067 1 6 1.000000
  6 4.928129 -0.134365 68.924271 -0.733125 -0.052419 0.678071 0.340554 0.390345 1 6 1.000000
flash
  6 4.890982 -0.307631 68.865700 -0.863320 0.021571 0.504196 0.346357 0.360483 1 6 1.000000
  6 4.928129 -0.134365 68.924271 -0.733125 -0.052419 0.678071 0.340554 0.390345 1 6 1.000000
  6 4.881969 -0.137411 68.851891 -0.920596 0.038201 0.388644 0.355069 0.387796 1 6 1.000000
flash
  6 4.940566 -0.018811 68.938927 -0.742387 0.004810 0.669954 0.341092 0.409217 1 6 1.000000
  6 4.881969 -0.137411 68.851891 -0.920596 0.038201 0.388644 0.355069 0.387796 1 6 1.000000
  6 4.928129 -0.134365 68.924271 -0.733125 -0.052419 0.678071 0.340554 0.390345 1 6 1.000000
flash
  6 4.940566 -0.018811 68.938927 -0.742387 0.004810 0.669954 0.341092 0.409217 1 6 1.000000
  6 4.878054 -0.077840 68.827614 -0.949631 0.062652 0.307043 0.360803 0.396942 1 6 1.000000
  6 4.881969 -0.137411 68.851891 -0.920596 0.038201 0.388644 0.355069 0.387796 1 6 1.000000
flash
  6 4.853516 -0.098989 68.696915 -0.998158 0.057549 0.019193 0.382822 0.390089 1 6 1.000000
  6 4.881969 -0.137411 68.851891 -0.920596 0.038201 0.388644 0.355069 0.387796 1 6 1.000000
  6 4.878054 -0.077840 68.827614 -0.949631 0.062652 0.307043 0.360803 0.396942 1 6 1.000000
flash
  6 4.853516 -0.098989 68.696915 -0.998158 0.057549 0.019193 0.382822 0.390089 1 6 1.000000
  6 4.862421 -0.186471 68.788605 -0.977399 0.000181 0.211403 0.364796 0.378108 1 6 1.000000
  6 4.881969 -0.137411 68.851891 -0.920596 0.038201 0.388644 0.355069 0.387796 1 6 1.000000
flash
  6 4.853516 -0.098989 68.696915 -0.998158 0.057549 0.019193 0.382822 0.390089 1 6 1.000000
  6 4.853024 -0.225320 68.714668 -0.997934 -0.011510 0.063200 0.376307 0.369627 1 6 1.000000
  6 4.862421 -0.186471 68.788605 -0.977399 0.000181 0.211403 0.364796 0.378108 1 6 1.000000
flash
  6 4.890982 -0.307631 68.865700 -0.863320 0.021571 0.504196 0.346357 0.360483 1 6 1.000000
  6 4.862421 -0.186471 68.788605 -0.977399 0.000181 0.211403 0.364796 0.378108 1 6 1.000000
  6 4.853024 -0.225320 68.714668 -0.997934 -0.011510 0.063200 0.376307 0.369627 1 6 1.000000
flash
  6 4.890982 -0.307631 68.865700 -0.863320 0.021571 0.504196 0.346357 0.360483 1 6 1.000000
  6 4.853024 -0.225320 68.714668 -0.997934 -0.011510 0.063200 0.376307 0.369627 1 6 1.000000
  6 4.847360 -0.352410 68.714630 -0.992516 0.100659 0.069131 0.372651 0.348422 1 6 1.000000
flash
  6 4.928129 -0.134365 68.924271 -0.733125 -0.052419 0.678071 0.340554 0.390345 1 6 1.000000
  6 5.017220 0.065736 69.012634 -0.470295 -0.075827 0.879246 0.325889 0.424729 1 6 1.000000
  6 4.940566 -0.018811 68.938927 -0.742387 0.004810 0.669954 0.341092 0.409217 1 6 1.000000
flash
  6 4.928129 -0.134365 68.924271 -0.733125 -0.052419 0.678071 0.340554 0.390345 1 6 1.000000
  6 5.016663 -0.105501 68.996719 -0.457571 -0.079317 0.885628 0.321974 0.398067 1 6 1.000000
  6 5.017220 0.065736 69.012634 -0.470295 -0.075827 0.879246 0.325889 0.424729 1 6 1.000000
flash
  6 5.016663 -0.105501 68.996719 -0.457571 -0.079317 0.885628 0.321974 0.398067 1 6 1.000000
  6 5.055484 0.179146 69.040512 0.060996 0.028577 0.997729 0.320845 0.443199 1 6 1.000000
  6 5.017220 0.065736 69.012634 -0.470295 -0.075827 0.879246 0.325889 0.424729 1 6 1.000000
flash
  6 -4.698936 -2.335033 68.388412 -0.204556 -0.943006 -0.262481 0.796197 0.032982 1 6 1.000000
  6 -4.694036 -2.334164 68.381462 -0.203457 -0.944175 -0.259111 0.795222 0.032027 1 6 1.000000
  6 -4.546355 -2.398329 68.500168 -0.076297 -0.920329 -0.383631 0.819194 0.011634 1 6 1.000000
flash
  6 -4.879018 -2.273433 68.306503 -0.286195 -0.944950 -0.158622 0.777137 0.059416 1 6 1.000000
  6 -4.694036 -2.334164 68.381462 -0.203457 -0.944175 -0.259111 0.795222 0.032027 1 6 1.000000
  6 -4.698936 -2.335033 68.388412 -0.204556 -0.943006 -0.262481 0.796197 0.032982 1 6 1.000000
flash
  6 -4.879018 -2.273433 68.306503 -0.286195 -0.944950 -0.158622 0.777137 0.059416 1 6 1.000000
  6 -4.876163 -2.272850 68.297867 -0.285666 -0.945436 -0.156668 0.775875 0.058718 1 6 1.000000
  6 -4.694036 -2.334164 68.381462 -0.203457 -0.944175 -0.259111 0.795222 0.032027 1 6 1.000000
flash
  6 -5.031984 -2.214675 68.265915 -0.512972 -0.851088 -0.111840 0.765111 0.084084 1 6 1.000000
  6 -4.876163 -2.272850 68.297867 -0.285666 -0.945436 -0.156668 0.775875 0.058718 1 6 1.000000
  6 -4.879018 -2.273433 68.306503 -0.286195 -0.944950 -0.158622 0.777137 0.059416 1 6 1.000000
flash
  6 -5.031984 -2.214675 68.265915 -0.512972 -0.851088 -0.111840 0.765111 0.084084 1 6 1.000000
  6 -5.030640 -2.214256 68.256561 -0.518871 -0.847592 -0.111175 0.763705 0.083585 1 6 1.000000
  6 -4.876163 -2.272850 68.297867 -0.285666 -0.945436 -0.156668 0.775875 0.058718 1 6 1.000000
flash
  6 -5.135349 -2.117762 68.253868 -0.849394 -0.524036 -0.062575 0.757146 0.109695 1 6 1.000000
  6 -5.030640 -2.214256 68.256561 -0.518871 -0.847592 -0.111175 0.763705 0.083585 1 6 1.000000
  6 -5.031984 -2.214675 68.265915 -0.512972 -0.851088 -0.111840 0.765111 0.084084 1 6 1.000000
flash
  6 -5.135349 -2.117762 68.253868 -0.849394 -0.524036 -0.062575 0.757146 0.109695 1 6 1.000000
  6 -5.134871 -2.117402 68.244293 -0.852841 -0.518471 -0.062045 0.755686 0.109315 1 6 1.000000
  6 -5.030640 -2.214256 68.256561 -0.518871 -0.847592 -0.111175 0.763705 0.083585 1 6 1.000000
flash
  6 -5.135349 -2.117762 68.253868 -0.849394 -0.524036 -0.062575 0.757146 0.109695 1 6 1.000000
  6 -5.185143 -1.944172 68.245247 -0.979912 -0.198441 -0.019820 0.748094 0.140363 1 6 1.000000
  6 -5.134871 -2.117402 68.244293 -0.852841 -0.518471 -0.062045 0.755686 0.109315 1 6 1.000000
flash
  6 -5.032135 -2.552819 69.017723 -0.346762 -0.936578 0.050771 0.901156 0.098713 1 6 1.000000
  6 -4.876135 -2.565371 68.984100 0.012383 -0.999848 0.012301 0.896956 0.072298 1 6 1.000000
  6 -5.030660 -2.552854 69.027107 -0.355186 -0.933395 0.051145 0.902640 0.098547 1 6 1.000000
flash
  6 -5.032135 -2.552819 69.017723 -0.346762 -0.936578 0.050771 0.901156 0.098713 1 6 1.000000
  6 -4.878918 -2.565518 68.975349 0.014496 -0.999822 0.012098 0.895563 0.072675 1 6 1.000000
  6 -4.876135 -2.565371 68.984100 0.012383 -0.999848 0.012301 0.896956 0.072298 1 6 1.000000
flash
  6 -4.878918 -2.565518 68.975349 0.014496 -0.999822 0.012098 0.895563 0.072675 1 6 1.000000
  6 -4.693982 -2.545414 68.899498 0.156756 -0.987048 -0.034101 0.884871 0.042623 1 6 1.000000
  6 -4.876135 -2.565371 68.984100 0.012383 -0.999848 0.012301 0.896956 0.072298 1 6 1.000000
flash
  6 -4.878918 -2.565518 68.975349 0.014496 -0.999822 0.012098 0.895563 0.072675 1 6 1.000000
  6 -4.698690 -2.545913 68.892235 0.155934 -0.987197 -0.033580 0.883696 0.043317 1 6 1.000000
  6 -4.693982 -2.545414 68.899498 0.156756 -0.987048 -0.034101 0.884871 0.042623 1 6 1.000000
flash
  6 -4.698690 -2.545913 68.892235 0.155934 -0.987197 -0.033580 0.883696 0.043317 1 6 1.000000
  6 -4.546309 -2.506620 68.780121 0.239026 -0.958122 -0.157700 0.866766 0.017579 1 6 1.000000
  6 -4.693982 -2.545414 68.899498 0.156756 -0.987048 -0.034101 0.884871 0.042623 1 6 1.000000
flash
  6 -4.698690 -2.545913 68.892235 0.155934 -0.987197 -0.033580 0.883696 0.043317 1 6 1.000000
  6 -4.552765 -2.507496 68.775658 0.236980 -0.958811 -0.156596 0.866002 0.018581 1 6 1.000000
  6 -4.546309 -2.506620 68.780121 0.239026 -0.958122 -0.157700 0.866766 0.017579 1 6 1.000000
flash
  6 -4.552765 -2.507496 68.775658 0.236980 -0.958811 -0.156596 0.866002 0.018581 1 6 1.000000
  6 -4.493109 -2.456735 68.640045 0.159000 -0.919848 -0.358606 0.844036 0.006429 1 6 1.000000
  6 -4.546309 -2.506620 68.780121 0.239026 -0.958122 -0.157700 0.866766 0.017579 1 6 1.000000
flash
  6 -4.552765 -2.507496 68.775658 0.236980 -0.958811 -0.156596 0.866002 0.018581 1 6 1.000000
  6 -4.500286 -2.457837 68.639755 0.155232 -0.919415 -0.361358 0.843896 0.007597 1 6 1.000000
  6 -4.493109 -2.456735 68.640045 0.159000 -0.919848 -0.358606 0.844036 0.006429 1 6 1.000000
flash
  6 -4.500286 -2.457837 68.639755 0.155232 -0.919415 -0.361358 0.843896 0.007597 1 6 1.000000
  6 -4.546355 -2.398329 68.500168 -0.076297 -0.920329 -0.383631 0.819194 0.011634 1 6 1.000000
  6 -4.493109 -2.456735 68.640045 0.159000 -0.919848 -0.358606 0.844036 0.006429 1 6 1.000000
flash
  6 -4.500286 -2.457837 68.639755 0.155232 -0.919415 -0.361358 0.843896 0.007597 1 6 1.000000
  6 -4.552981 -2.399432 68.504150 -0.079737 -0.918334 -0.387691 0.819698 0.012784 1 6 1.000000
  6 -4.546355 -2.398329 68.500168 -0.076297 -0.920329 -0.383631 0.819194 0.011634 1 6 1.000000
flash
  6 -4.698936 -2.335033 68.388412 -0.204556 -0.943006 -0.262481 0.796197 0.032982 1 6 1.000000
  6 -4.546355 -2.398329 68.500168 -0.076297 -0.920329 -0.383631 0.819194 0.011634 1 6 1.000000
  6 -4.552981 -2.399432 68.504150 -0.079737 -0.918334 -0.387691 0.819698 0.012784 1 6 1.000000
flash
  6 -4.703838 -2.335903 68.395355 -0.206092 -0.941700 -0.265944 0.797173 0.033938 1 6 1.000000
  6 -4.698936 -2.335033 68.388412 -0.204556 -0.943006 -0.262481 0.796197 0.032982 1 6 1.000000
  6 -4.552981 -2.399432 68.504150 -0.079737 -0.918334 -0.387691 0.819698 0.012784 1 6 1.000000
flash
  6 -4.881876 -2.274015 68.315125 -0.287149 -0.944318 -0.160649 0.778400 0.060115 1 6 1.000000
  6 -4.698936 -2.335033 68.388412 -0.204556 -0.943006 -0.262481 0.796197 0.032982 1 6 1.000000
  6 -4.703838 -2.335903 68.395355 -0.206092 -0.941700 -0.265944 0.797173 0.033938 1 6 1.000000
flash
  6 -4.881876 -2.274015 68.315125 -0.287149 -0.944318 -0.160649 0.778400 0.060115 1 6 1.000000
  6 -4.879018 -2.273433 68.306503 -0.286195 -0.944950 -0.158622 0.777137 0.059416 1 6 1.000000
  6 -4.698936 -2.335033 68.388412 -0.204556 -0.943006 -0.262481 0.796197 0.032982 1 6 1.000000
flash
  6 -5.033330 -2.215095 68.275284 -0.508005 -0.853972 -0.112529 0.766517 0.084583 1 6 1.000000
  6 -4.879018 -2.273433 68.306503 -0.286195 -0.944950 -0.158622 0.777137 0.059416 1 6 1.000000
  6 -4.881876 -2.274015 68.315125 -0.287149 -0.944318 -0.160649 0.778400 0.060115 1 6 1.000000
flash
  6 -5.033330 -2.215095 68.275284 -0.508005 -0.853972 -0.112529 0.766517 0.084583 1 6 1.000000
  6 -5.031984 -2.214675 68.265915 -0.512972 -0.851088 -0.111840 0.765111 0.084084 1 6 1.000000
  6 -4.879018 -2.273433 68.306503 -0.286195 -0.944950 -0.158622 0.777137 0.059416 1 6 1.000000
flash
  6 -5.135828 -2.118123 68.263420 -0.845804 -0.529754 -0.063064 0.758606 0.110074 1 6 1.000000
  6 -5.031984 -2.214675 68.265915 -0.512972 -0.851088 -0.111840 0.765111 0.084084 1 6 1.000000
  6 -5.033330 -2.215095 68.275284 -0.508005 -0.853972 -0.112529 0.766517 0.084583 1 6 1.000000
flash
  6 -5.135828 -2.118123 68.263420 -0.845804 -0.529754 -0.063064 0.758606 0.110074 1 6 1.000000
  6 -5.135349 -2.117762 68.253868 -0.849394 -0.524036 -0.062575 0.757146 0.109695 1 6 1.000000
  6 -5.031984 -2.214675 68.265915 -0.512972 -0.851088 -0.111840 0.765111 0.084084 1 6 1.000000
flash
  6 -5.320585 -1.272067 69.025681 -0.941891 -0.283790 -0.179733 0.900774 0.323225 1 6 1.000000
  6 -5.255400 -1.634847 69.037033 -0.988902 -0.143752 -0.037520 0.902519 0.264182 1 6 1.000000
  6 -5.255750 -1.634962 69.046555 -0.988757 -0.144540 -0.038310 0.904027 0.264191 1 6 1.000000
flash
  6 -5.255400 -1.634847 69.037033 -0.988902 -0.143752 -0.037520 0.902519 0.264182 1 6 1.000000
  6 -5.214046 -2.016508 69.045464 -0.994347 -0.103687 0.022856 0.904142 0.203621 1 6 1.000000
  6 -5.255750 -1.634962 69.046555 -0.988757 -0.144540 -0.038310 0.904027 0.264191 1 6 1.000000
flash
  6 -5.255400 -1.634847 69.037033 -0.988902 -0.143752 -0.037520 0.902519 0.264182 1 6 1.000000
  6 -5.214281 -2.016375 69.035873 -0.994384 -0.103209 0.023421 0.902630 0.203637 1 6 1.000000
  6 -5.214046 -2.016508 69.045464 -0.994347 -0.103687 0.022856 0.904142 0.203621 1 6 1.000000
flash
  6 -5.185712 -2.301736 69.041344 -0.980689 -0.189705 0.047559 0.903754 0.157822 1 6 1.000000
  6 -5.214046 -2.016508 69.045464 -0.994347 -0.103687 0.022856 0.904142 0.203621 1 6 1.000000
  6 -5.214281 -2.016375 69.035873 -0.994384 -0.103209 0.023421 0.902630 0.203637 1 6 1.000000
flash
  6 -5.185712 -2.301736 69.041344 -0.980689 -0.189705 0.047559 0.903754 0.157822 1 6 1.000000
  6 -5.214281 -2.016375 69.035873 -0.994384 -0.103209 0.023421 0.902630 0.203637 1 6 1.000000
  6 -5.186199 -2.301611 69.031746 -0.980766 -0.189211 0.047925 0.902241 0.157845 1 6 1.000000
flash
  6 -5.135720 -2.475673 69.033974 -0.817958 -0.571930 0.061971 0.902978 0.124966 1 6 1.000000
  6 -5.185712 -2.301736 69.041344 -0.980689 -0.189705 0.047559 0.903754 0.157822 1 6 1.000000
  6 -5.186199 -2.301611 69.031746 -0.980766 -0.189211 0.047925 0.902241 0.157845 1 6 1.000000
flash
  6 -5.135720 -2.475673 69.033974 -0.817958 -0.571930 0.061971 0.902978 0.124966 1 6 1.000000
  6 -5.186199 -2.301611 69.031746 -0.980766 -0.189211 0.047925 0.902241 0.157845 1 6 1.000000
  6 -5.136509 -2.475575 69.024422 -0.814742 -0.576426 0.062676 0.901470 0.125028 1 6 1.000000
flash
  6 -5.136509 -2.475575 69.024422 -0.814742 -0.576426 0.062676 0.901470 0.125028 1 6 1.000000
  6 -5.032135 -2.552819 69.017723 -0.346762 -0.936578 0.050771 0.901156 0.098713 1 6 1.000000
  6 -5.135720 -2.475673 69.033974 -0.817958 -0.571930 0.061971 0.902978 0.124966 1 6 1.000000
flash
  6 -5.136509 -2.475575 69.024422 -0.814742 -0.576426 0.062676 0.901470 0.125028 1 6 1.000000
  6 -5.033608 -2.552784 69.008347 -0.338757 -0.939520 0.050459 0.899671 0.098880 1 6 1.000000
  6 -5.032135 -2.552819 69.017723 -0.346762 -0.936578 0.050771 0.901156 0.098713 1 6 1.000000
flash
  6 -5.033608 -2.552784 69.008347 -0.338757 -0.939520 0.050459 0.899671 0.098880 1 6 1.000000
  6 -4.878918 -2.565518 68.975349 0.014496 -0.999822 0.012098 0.895563 0.072675 1 6 1.000000
  6 -5.032135 -2.552819 69.017723 -0.346762 -0.936578 0.050771 0.901156 0.098713 1 6 1.000000
flash
  6 -5.033608 -2.552784 69.008347 -0.338757 -0.939520 0.050459 0.899671 0.098880 1 6 1.000000
  6 -4.881698 -2.565667 68.966614 0.016035 -0.999799 0.012047 0.894169 0.073051 1 6 1.000000
  6 -4.878918 -2.565518 68.975349 0.014496 -0.999822 0.012098 0.895563 0.072675 1 6 1.000000
flash
  6 -4.881698 -2.565667 68.966614 0.016035 -0.999799 0.012047 0.894169 0.073051 1 6 1.000000
  6 -4.698690 -2.545913 68.892235 0.155934 -0.987197 -0.033580 0.883696 0.043317 1 6 1.000000
  6 -4.878918 -2.565518 68.975349 0.014496 -0.999822 0.012098 0.895563 0.072675 1 6 1.000000
flash
  6 -4.881698 -2.565667 68.966614 0.016035 -0.999799 0.012047 0.894169 0.073051 1 6 1.000000
  6 -4.703399 -2.546412 68.884979 0.154943 -0.987374 -0.032954 0.882520 0.044012 1 6 1.000000
  6 -4.698690 -2.545913 68.892235 0.155934 -0.987197 -0.033580 0.883696 0.043317 1 6 1.000000
flash
  6 -4.703399 -2.546412 68.884979 0.154943 -0.987374 -0.032954 0.882520 0.044012 1 6 1.000000
  6 -4.552765 -2.507496 68.775658 0.236980 -0.958811 -0.156596 0.866002 0.018581 1 6 1.000000
  6 -4.698690 -2.545913 68.892235 0.155934 -0.987197 -0.033580 0.883696 0.043317 1 6 1.000000
flash
  6 -4.703399 -2.546412 68.884979 0.154943 -0.987374 -0.032954 0.882520 0.044012 1 6 1.000000
  6 -4.559224 -2.508370 68.771202 0.235849 -0.959195 -0.155948 0.865239 0.019583 1 6 1.000000
  6 -4.552765 -2.507496 68.775658 0.236980 -0.958811 -0.156596 0.866002 0.018581 1 6 1.000000
flash
  6 -4.559224 -2.508370 68.771202 0.235849 -0.959195 -0.155948 0.865239 0.019583 1 6 1.000000
  6 -4.500286 -2.457837 68.639755 0.155232 -0.919415 -0.361358 0.843896 0.007597 1 6 1.000000
  6 -4.552765 -2.507496 68.775658 0.236980 -0.958811 -0.156596 0.866002 0.018581 1 6 1.000000
flash
  6 -4.559224 -2.508370 68.771202 0.235849 -0.959195 -0.155948 0.865239 0.019583 1 6 1.000000
  6 -4.507464 -2.458938 68.639481 0.151970 -0.918071 -0.366130 0.843756 0.008764 1 6 1.000000
  6 -4.500286 -2.457837 68.639755 0.155232 -0.919415 -0.361358 0.843896 0.007597 1 6 1.000000
flash
  6 -4.507464 -2.458938 68.639481 0.151970 -0.918071 -0.366130 0.843756 0.008764 1 6 1.000000
  6 -4.552981 -2.399432 68.504150 -0.079737 -0.918334 -0.387691 0.819698 0.012784 1 6 1.000000
  6 -4.500286 -2.457837 68.639755 0.155232 -0.919415 -0.361358 0.843896 0.007597 1 6 1.000000
flash
  6 -4.507464 -2.458938 68.639481 0.151970 -0.918071 -0.366130 0.843756 0.008764 1 6 1.000000
  6 -4.559607 -2.400535 68.508141 -0.083801 -0.915833 -0.392718 0.820203 0.013934 1 6 1.000000
  6 -4.552981 -2.399432 68.504150 -0.079737 -0.918334 -0.387691 0.819698 0.012784 1 6 1.000000
flash
  6 -4.703838 -2.335903 68.395355 -0.206092 -0.941700 -0.265944 0.797173 0.033938 1 6 1.000000
  6 -4.552981 -2.399432 68.504150 -0.079737 -0.918334 -0.387691 0.819698 0.012784 1 6 1.000000
  6 -4.559607 -2.400535 68.508141 -0.083801 -0.915833 -0.392718 0.820203 0.013934 1 6 1.000000
flash
  6 -5.576299 -0.817782 68.679588 -0.003411 -0.999704 -0.024092 0.855208 0.425860 1 6 1.000000
  6 -5.563125 -0.840048 68.814156 -0.110749 -0.947662 -0.299451 0.873365 0.411482 1 6 1.000000
  6 -5.584778 -0.817769 68.679581 -0.002581 -0.999706 -0.024101 0.855764 0.427209 1 6 1.000000
flash
  6 -5.584778 -0.817769 68.679581 -0.002581 -0.999706 -0.024101 0.855764 0.427209 1 6 1.000000
  6 -5.563125 -0.840048 68.814156 -0.110749 -0.947662 -0.299451 0.873365 0.411482 1 6 1.000000
  6 -5.571035 -0.840063 68.817101 -0.109508 -0.947356 -0.300874 0.874268 0.412495 1 6 1.000000
flash
  6 -5.563125 -0.840048 68.814156 -0.110749 -0.947662 -0.299451 0.873365 0.411482 1 6 1.000000
  6 -5.508637 -0.907100 68.931419 -0.416781 -0.779034 -0.468401 0.889176 0.392858 1 6 1.000000
  6 -5.571035 -0.840063 68.817101 -0.109508 -0.947356 -0.300874 0.874268 0.412495 1 6 1.000000
flash
  6 -5.563125 -0.840048 68.814156 -0.110749 -0.947662 -0.299451 0.873365 0.411482 1 6 1.000000
  6 -5.502344 -0.907088 68.925827 -0.416104 -0.778839 -0.469327 0.887985 0.392180 1 6 1.000000
  6 -5.508637 -0.907100 68.931419 -0.416781 -0.779034 -0.468401 0.889176 0.392858 1 6 1.000000
flash
  6 -5.508637 -0.907100 68.931419 -0.416781 -0.779034 -0.468401 0.889176 0.392858 1 6 1.000000
  6 -5.502344 -0.907088 68.925827 -0.416104 -0.778839 -0.469327 0.887985 0.392180 1 6 1.000000
  6 -5.412928 -1.036143 68.997833 -0.754952 -0.527674 -0.389369 0.897378 0.365076 1 6 1.000000
flash
  6 -5.502344 -0.907088 68.925827 -0.416104 -0.778839 -0.469327 0.887985 0.392180 1 6 1.000000
  6 -5.409009 -1.036107 68.990181 -0.752956 -0.527796 -0.393051 0.896001 0.364719 1 6 1.000000
  6 -5.412928 -1.036143 68.997833 -0.754952 -0.527674 -0.389369 0.897378 0.365076 1 6 1.000000
flash
  6 -5.412928 -1.036143 68.997833 -0.754952 -0.527674 -0.389369 0.897378 0.365076 1 6 1.000000
  6 -5.409009 -1.036107 68.990181 -0.752956 -0.527796 -0.393051 0.896001 0.364719 1 6 1.000000
  6 -5.320585 -1.272067 69.025681 -0.941891 -0.283790 -0.179733 0.900774 0.323225 1 6 1.000000
flash
  6 -5.412928 -1.036143 68.997833 -0.754952 -0.527674 -0.389369 0.897378 0.365076 1 6 1.000000
  6 -5.320585 -1.272067 69.025681 -0.941891 -0.283790 -0.179733 0.900774 0.323225 1 6 1.000000
  6 -5.322259 -1.272147 69.034660 -0.942024 -0.284023 -0.178665 0.902246 0.323342 1 6 1.000000
flash
  6 -5.320585 -1.272067 69.025681 -0.941891 -0.283790 -0.179733 0.900774 0.323225 1 6 1.000000
  6 -5.255750 -1.634962 69.046555 -0.988757 -0.144540 -0.038310 0.904027 0.264191 1 6 1.000000
  6 -5.322259 -1.272147 69.034660 -0.942024 -0.284023 -0.178665 0.902246 0.323342 1 6 1.000000
flash
  6 -5.322259 -1.272147 69.034660 -0.942024 -0.284023 -0.178665 0.902246 0.323342 1 6 1.000000
  6 -5.255750 -1.634962 69.046555 -0.988757 -0.144540 -0.038310 0.904027 0.264191 1 6 1.000000
  6 -5.256097 -1.635078 69.056061 -0.988622 -0.145246 -0.039117 0.905534 0.264199 1 6 1.000000
flash
  6 -5.255750 -1.634962 69.046555 -0.988757 -0.144540 -0.038310 0.904027 0.264191 1 6 1.000000
  6 -5.213810 -2.016641 69.055061 -0.994311 -0.104159 0.022288 0.905655 0.203606 1 6 1.000000
  6 -5.256097 -1.635078 69.056061 -0.988622 -0.145246 -0.039117 0.905534 0.264199 1 6 1.000000
flash
  6 -5.255750 -1.634962 69.046555 -0.988757 -0.144540 -0.038310 0.904027 0.264191 1 6 1.000000
  6 -5.214046 -2.016508 69.045464 -0.994347 -0.103687 0.022856 0.904142 0.203621 1 6 1.000000
  6 -5.213810 -2.016641 69.055061 -0.994311 -0.104159 0.022288 0.905655 0.203606 1 6 1.000000
flash
  6 -5.185223 -2.301863 69.050941 -0.980513 -0.190654 0.047378 0.905266 0.157798 1 6 1.000000
  6 -5.213810 -2.016641 69.055061 -0.994311 -0.104159 0.022288 0.905655 0.203606 1 6 1.000000
  6 -5.214046 -2.016508 69.045464 -0.994347 -0.103687 0.022856 0.904142 0.203621 1 6 1.000000
flash
  6 -5.185223 -2.301863 69.050941 -0.980513 -0.190654 0.047378 0.905266 0.157798 1 6 1.000000
  6 -5.214046 -2.016508 69.045464 -0.994347 -0.103687 0.022856 0.904142 0.203621 1 6 1.000000
  6 -5.185712 -2.301736 69.041344 -0.980689 -0.189705 0.047559 0.903754 0.157822 1 6 1.000000
flash
  6 -5.134934 -2.475770 69.043533 -0.821431 -0.567009 0.061254 0.904486 0.124905 1 6 1.000000
  6 -5.185223 -2.301863 69.050941 -0.980513 -0.190654 0.047378 0.905266 0.157798 1 6 1.000000
  6 -5.185712 -2.301736 69.041344 -0.980689 -0.189705 0.047559 0.903754 0.157822 1 6 1.000000
flash
  6 -5.134934 -2.475770 69.043533 -0.821431 -0.567009 0.061254 0.904486 0.124905 1 6 1.000000
  6 -5.185712 -2.301736 69.041344 -0.980689 -0.189705 0.047559 0.903754 0.157822 1 6 1.000000
  6 -5.135720 -2.475673 69.033974 -0.817958 -0.571930 0.061971 0.902978 0.124966 1 6 1.000000
flash
  6 -5.135720 -2.475673 69.033974 -0.817958 -0.571930 0.061971 0.902978 0.124966 1 6 1.000000
  6 -5.030660 -2.552854 69.027107 -0.355186 -0.933395 0.051145 0.902640 0.098547 1 6 1.000000
  6 -5.134934 -2.475770 69.043533 -0.821431 -0.567009 0.061254 0.904486 0.124905 1 6 1.000000
flash
  6 -5.135720 -2.475673 69.033974 -0.817958 -0.571930 0.061971 0.902978 0.124966 1 6 1.000000
  6 -5.032135 -2.552819 69.017723 -0.346762 -0.936578 0.050771 0.901156 0.098713 1 6 1.000000
  6 -5.030660 -2.552854 69.027107 -0.355186 -0.933395 0.051145 0.902640 0.098547 1 6 1.000000
flash
  6 -5.322259 -1.272147 69.034660 -0.942024 -0.284023 -0.178665 0.902246 0.323342 1 6 1.000000
  6 -5.256097 -1.635078 69.056061 -0.988622 -0.145246 -0.039117 0.905534 0.264199 1 6 1.000000
  6 -5.323936 -1.272226 69.043655 -0.942031 -0.284337 -0.178129 0.903719 0.323458 1 6 1.000000
flash
  6 -5.416851 -1.036181 69.005501 -0.757259 -0.526556 -0.386390 0.898754 0.365434 1 6 1.000000
  6 -5.322259 -1.272147 69.034660 -0.942024 -0.284023 -0.178665 0.902246 0.323342 1 6 1.000000
  6 -5.323936 -1.272226 69.043655 -0.942031 -0.284337 -0.178129 0.903719 0.323458 1 6 1.000000
flash
  6 -5.416851 -1.036181 69.005501 -0.757259 -0.526556 -0.386390 0.898754 0.365434 1 6 1.000000
  6 -5.412928 -1.036143 68.997833 -0.754952 -0.527674 -0.389369 0.897378 0.365076 1 6 1.000000
  6 -5.322259 -1.272147 69.034660 -0.942024 -0.284023 -0.178665 0.902246 0.323342 1 6 1.000000
flash
  6 -5.508637 -0.907100 68.931419 -0.416781 -0.779034 -0.468401 0.889176 0.392858 1 6 1.000000
  6 -5.412928 -1.036143 68.997833 -0.754952 -0.527674 -0.389369 0.897378 0.365076 1 6 1.000000
  6 -5.416851 -1.036181 69.005501 -0.757259 -0.526556 -0.386390 0.898754 0.365434 1 6 1.000000
flash
  6 -5.576299 -0.817782 68.679588 -0.003411 -0.999704 -0.024092 0.855208 0.425860 1 6 1.000000
  6 -5.555214 -0.840032 68.811211 -0.112123 -0.947545 -0.299311 0.872463 0.410469 1 6 1.000000
  6 -5.563125 -0.840048 68.814156 -0.110749 -0.947662 -0.299451 0.873365 0.411482 1 6 1.000000
flash
  6 -5.555214 -0.840032 68.811211 -0.112123 -0.947545 -0.299311 0.872463 0.410469 1 6 1.000000
  6 -5.502344 -0.907088 68.925827 -0.416104 -0.778839 -0.469327 0.887985 0.392180 1 6 1.000000
  6 -5.563125 -0.840048 68.814156 -0.110749 -0.947662 -0.299451 0.873365 0.411482 1 6 1.000000
flash
  6 -5.555214 -0.840032 68.811211 -0.112123 -0.947545 -0.299311 0.872463 0.410469 1 6 1.000000
  6 -5.496050 -0.907076 68.920235 -0.416901 -0.777295 -0.471175 0.886794 0.391502 1 6 1.000000
  6 -5.502344 -0.907088 68.925827 -0.416104 -0.778839 -0.469327 0.887985 0.392180 1 6 1.000000
flash
  6 -5.502344 -0.907088 68.925827 -0.416104 -0.778839 -0.469327 0.887985 0.392180 1 6 1.000000
  6 -5.496050 -0.907076 68.920235 -0.416901 -0.777295 -0.471175 0.886794 0.391502 1 6 1.000000
  6 -5.409009 -1.036107 68.990181 -0.752956 -0.527796 -0.393051 0.896001 0.364719 1 6 1.000000
flash
  6 -5.499142 -2.074272 68.505066 0.899361 -0.010542 0.437079 0.913448 0.154415 1 6 1.000000
  6 -5.532121 -2.077271 68.629494 0.998214 -0.001443 0.059729 0.913448 0.176441 1 6 1.000000
  6 -5.532122 -2.122962 68.628395 0.998214 -0.001465 0.059713 0.906259 0.176441 1 6 1.000000
flash
  6 -5.499142 -2.074272 68.505066 0.899361 -0.010542 0.437079 0.913448 0.154415 1 6 1.000000
  6 -5.532122 -2.122962 68.628395 0.998214 -0.001465 0.059713 0.906259 0.176441 1 6 1.000000
  6 -5.499142 -2.119963 68.503967 0.899368 -0.010501 0.437066 0.906258 0.154415 1 6 1.000000
flash
  6 -5.421628 -2.071793 68.402267 0.663567 -0.018074 0.747899 0.913448 0.132388 1 6 1.000000
  6 -5.499142 -2.074272 68.505066 0.899361 -0.010542 0.437079 0.913448 0.154415 1 6 1.000000
  6 -5.499142 -2.119963 68.503967 0.899368 -0.010501 0.437066 0.906258 0.154415 1 6 1.000000
flash
  6 -5.421628 -2.026102 68.403381 0.663583 -0.018181 0.747882 0.920638 0.132388 1 6 1.000000
  6 -5.499142 -2.074272 68.505066 0.899361 -0.010542 0.437079 0.913448 0.154415 1 6 1.000000
  6 -5.421628 -2.071793 68.402267 0.663567 -0.018074 0.747899 0.913448 0.132388 1 6 1.000000
flash
  6 -5.421628 -2.026102 68.403381 0.663583 -0.018181 0.747882 0.920638 0.132388 1 6 1.000000
  6 -5.421628 -2.071793 68.402267 0.663567 -0.018074 0.747899 0.913448 0.132388 1 6 1.000000
  6 -5.310280 -2.070234 68.337601 0.326748 -0.022812 0.944836 0.913448 0.110360 1 6 1.000000
flash
  6 -5.421628 -2.026102 68.403381 0.663583 -0.018181 0.747882 0.920638 0.132388 1 6 1.000000
  6 -5.310280 -2.070234 68.337601 0.326748 -0.022812 0.944836 0.913448 0.110360 1 6 1.000000
  6 -5.310280 -2.024542 68.338699 0.326794 -0.022716 0.944823 0.920638 0.110360 1 6 1.000000
flash
  6 -5.310280 -2.024542 68.338699 0.326794 -0.022716 0.944823 0.920638 0.110360 1 6 1.000000
  6 -5.310280 -2.070234 68.337601 0.326748 -0.022812 0.944836 0.913448 0.110360 1 6 1.000000
  6 -5.182755 -2.069803 68.319710 -0.059714 -0.024086 0.997925 0.913448 0.088331 1 6 1.000000
flash
  6 -5.310280 -2.024542 68.338699 0.326794 -0.022716 0.944823 0.920638 0.110360 1 6 1.000000
  6 -5.182755 -2.069803 68.319710 -0.059714 -0.024086 0.997925 0.913448 0.088331 1 6 1.000000
  6 -5.182755 -2.024111 68.320808 -0.059766 -0.023994 0.997924 0.920638 0.088331 1 6 1.000000
flash
  6 -5.058280 -2.024907 68.353783 -0.437213 -0.021750 0.899095 0.920637 0.066304 1 6 1.000000
  6 -5.182755 -2.024111 68.320808 -0.059766 -0.023994 0.997924 0.920638 0.088331 1 6 1.000000
  6 -5.182755 -2.069803 68.319710 -0.059714 -0.024086 0.997925 0.913448 0.088331 1 6 1.000000
flash
  6 -5.058280 -2.024907 68.353783 -0.437213 -0.021750 0.899095 0.920637 0.066304 1 6 1.000000
  6 -5.182755 -2.069803 68.319710 -0.059714 -0.024086 0.997925 0.913448 0.088331 1 6 1.000000
  6 -5.058280 -2.070599 68.352676 -0.437166 -0.021712 0.899119 0.913448 0.066304 1 6 1.000000
flash
  6 -4.955463 -2.026773 68.431274 -0.748145 -0.016163 0.663338 0.920637 0.044277 1 6 1.000000
  6 -5.058280 -2.024907 68.353783 -0.437213 -0.021750 0.899095 0.920637 0.066304 1 6 1.000000
  6 -5.058280 -2.070599 68.352676 -0.437166 -0.021712 0.899119 0.913448 0.066304 1 6 1.000000
flash
  6 -4.955463 -2.026773 68.431274 -0.748145 -0.016163 0.663338 0.920637 0.044277 1 6 1.000000
  6 -5.058280 -2.070599 68.352676 -0.437166 -0.021712 0.899119 0.913448 0.066304 1 6 1.000000
  6 -4.955463 -2.072465 68.430161 -0.748121 -0.016005 0.663370 0.913448 0.044277 1 6 1.000000
flash
  6 -4.890784 -2.029457 68.542580 -0.945129 -0.007872 0.326602 0.920637 0.022250 1 6 1.000000
  6 -4.955463 -2.026773 68.431274 -0.748145 -0.016163 0.663338 0.920637 0.044277 1 6 1.000000
  6 -4.955463 -2.072465 68.430161 -0.748121 -0.016005 0.663370 0.913448 0.044277 1 6 1.000000
flash
  6 -4.890784 -2.029457 68.542580 -0.945129 -0.007872 0.326602 0.920637 0.022250 1 6 1.000000
  6 -4.955463 -2.072465 68.430161 -0.748121 -0.016005 0.663370 0.913448 0.044277 1 6 1.000000
  6 -4.890784 -2.075149 68.541481 -0.945133 -0.007849 0.326592 0.913448 0.022250 1 6 1.000000
flash
  6 -4.872895 -2.032530 68.670082 -0.998210 0.001450 -0.059796 0.920637 0.000221 1 6 1.000000
  6 -4.890784 -2.029457 68.542580 -0.945129 -0.007872 0.326602 0.920637 0.022250 1 6 1.000000
  6 -4.890784 -2.075149 68.541481 -0.945133 -0.007849 0.326592 0.913448 0.022250 1 6 1.000000
flash
  6 -4.872895 -2.032530 68.670082 -0.998210 0.001450 -0.059796 0.920637 0.000221 1 6 1.000000
  6 -4.890784 -2.075149 68.541481 -0.945133 -0.007849 0.326592 0.913448 0.022250 1 6 1.000000
  6 -4.872895 -2.078222 68.668976 -0.998211 0.001439 -0.059775 0.913448 0.000221 1 6 1.000000
flash
  6 -4.872895 -2.078222 68.668976 -0.998211 0.001439 -0.059775 0.913448 0.000221 1 6 1.000000
  6 -4.890784 -2.075149 68.541481 -0.945133 -0.007849 0.326592 0.913448 0.022250 1 6 1.000000
  6 -4.890784 -2.120841 68.540382 -0.945133 -0.007852 0.326590 0.906259 0.022249 1 6 1.000000
flash
  6 -4.890784 -2.075149 68.541481 -0.945133 -0.007849 0.326592 0.913448 0.022250 1 6 1.000000
  6 -4.955463 -2.118157 68.429070 -0.748161 -0.015842 0.663328 0.906259 0.044277 1 6 1.000000
  6 -4.890784 -2.120841 68.540382 -0.945133 -0.007852 0.326590 0.906259 0.022249 1 6 1.000000
flash
  6 -4.872895 -2.078222 68.668976 -0.998211 0.001439 -0.059775 0.913448 0.000221 1 6 1.000000
  6 -4.890784 -2.120841 68.540382 -0.945133 -0.007852 0.326590 0.906259 0.022249 1 6 1.000000
  6 -4.872895 -2.123915 68.667877 -0.998210 0.001440 -0.059796 0.906259 0.000221 1 6 1.000000
flash
  6 -4.890784 -2.075149 68.541481 -0.945133 -0.007849 0.326592 0.913448 0.022250 1 6 1.000000
  6 -4.955463 -2.072465 68.430161 -0.748121 -0.016005 0.663370 0.913448 0.044277 1 6 1.000000
  6 -4.955463 -2.118157 68.429070 -0.748161 -0.015842 0.663328 0.906259 0.044277 1 6 1.000000
flash
  6 -4.955463 -2.072465 68.430161 -0.748121 -0.016005 0.663370 0.913448 0.044277 1 6 1.000000
  6 -5.058280 -2.116290 68.351578 -0.437161 -0.021606 0.899124 0.906258 0.066304 1 6 1.000000
  6 -4.955463 -2.118157 68.429070 -0.748161 -0.015842 0.663328 0.906259 0.044277 1 6 1.000000
flash
  6 -4.955463 -2.072465 68.430161 -0.748121 -0.016005 0.663370 0.913448 0.044277 1 6 1.000000
  6 -5.058280 -2.070599 68.352676 -0.437166 -0.021712 0.899119 0.913448 0.066304 1 6 1.000000
  6 -5.058280 -2.116290 68.351578 -0.437161 -0.021606 0.899124 0.906258 0.066304 1 6 1.000000
flash
  6 -5.058280 -2.070599 68.352676 -0.437166 -0.021712 0.899119 0.913448 0.066304 1 6 1.000000
  6 -5.182755 -2.115496 68.318611 -0.059704 -0.024144 0.997924 0.906258 0.088331 1 6 1.000000
  6 -5.058280 -2.116290 68.351578 -0.437161 -0.021606 0.899124 0.906258 0.066304 1 6 1.000000
flash
  6 -5.058280 -2.070599 68.352676 -0.437166 -0.021712 0.899119 0.913448 0.066304 1 6 1.000000
  6 -5.182755 -2.069803 68.319710 -0.059714 -0.024086 0.997925 0.913448 0.088331 1 6 1.000000
  6 -5.182755 -2.115496 68.318611 -0.059704 -0.024144 0.997924 0.906258 0.088331 1 6 1.000000
flash
  6 -5.310280 -2.070234 68.337601 0.326748 -0.022812 0.944836 0.913448 0.110360 1 6 1.000000
  6 -5.182755 -2.115496 68.318611 -0.059704 -0.024144 0.997924 0.906258 0.088331 1 6 1.000000
  6 -5.182755 -2.069803 68.319710 -0.059714 -0.024086 0.997925 0.913448 0.088331 1 6 1.000000
flash
  6 -5.310280 -2.070234 68.337601 0.326748 -0.022812 0.944836 0.913448 0.110360 1 6 1.000000
  6 -5.310280 -2.115926 68.336494 0.326697 -0.022847 0.944853 0.906258 0.110360 1 6 1.000000
  6 -5.182755 -2.115496 68.318611 -0.059704 -0.024144 0.997924 0.906258 0.088331 1 6 1.000000
flash
  6 -5.421628 -2.071793 68.402267 0.663567 -0.018074 0.747899 0.913448 0.132388 1 6 1.000000
  6 -5.310280 -2.115926 68.336494 0.326697 -0.022847 0.944853 0.906258 0.110360 1 6 1.000000
  6 -5.310280 -2.070234 68.337601 0.326748 -0.022812 0.944836 0.913448 0.110360 1 6 1.000000
flash
  6 -5.421628 -2.071793 68.402267 0.663567 -0.018074 0.747899 0.913448 0.132388 1 6 1.000000
  6 -5.421628 -2.117486 68.401176 0.663636 -0.017883 0.747842 0.906258 0.132388 1 6 1.000000
  6 -5.310280 -2.115926 68.336494 0.326697 -0.022847 0.944853 0.906258 0.110360 1 6 1.000000
flash
  6 -5.421628 -2.071793 68.402267 0.663567 -0.018074 0.747899 0.913448 0.132388 1 6 1.000000
  6 -5.499142 -2.119963 68.503967 0.899368 -0.010501 0.437066 0.906258 0.154415 1 6 1.000000
  6 -5.421628 -2.117486 68.401176 0.663636 -0.017883 0.747842 0.906258 0.132388 1 6 1.000000
flash
  6 -4.190739 -0.098023 68.696945 0.003623 -0.999702 -0.024126 0.931412 0.812582 1 6 1.000000
  6 -4.534400 -0.076621 68.826187 0.006291 -0.940547 0.339606 0.877312 0.834773 1 6 1.000000
  6 -4.522130 -0.098507 68.696922 0.002456 -0.999704 -0.024185 0.879287 0.812453 1 6 1.000000
flash
  6 -4.190739 -0.098023 68.696945 0.003623 -0.999702 -0.024126 0.931412 0.812582 1 6 1.000000
  6 -4.190740 -0.075399 68.824783 0.009631 -0.934222 0.356561 0.931368 0.834789 1 6 1.000000
  6 -4.534400 -0.076621 68.826187 0.006291 -0.940547 0.339606 0.877312 0.834773 1 6 1.000000
flash
  6 -4.190740 -0.075399 68.824783 0.009631 -0.934222 0.356561 0.931368 0.834789 1 6 1.000000
  6 -4.565654 -0.012511 68.936775 0.016733 -0.749953 0.661279 0.872378 0.856399 1 6 1.000000
  6 -4.534400 -0.076621 68.826187 0.006291 -0.940547 0.339606 0.877312 0.834773 1 6 1.000000
flash
  6 -4.190740 -0.075399 68.824783 0.009631 -0.934222 0.356561 0.931368 0.834789 1 6 1.000000
  6 -4.190739 -0.006208 68.934639 0.021616 -0.725936 0.687423 0.931360 0.856997 1 6 1.000000
  6 -4.565654 -0.012511 68.936775 0.016733 -0.749953 0.661279 0.872378 0.856399 1 6 1.000000
flash
  6 -4.190739 -0.006208 68.934639 0.021616 -0.725936 0.687423 0.931360 0.856997 1 6 1.000000
  6 -4.603982 0.082959 69.010834 0.019753 -0.425015 0.904971 0.866376 0.877082 1 6 1.000000
  6 -4.565654 -0.012511 68.936775 0.016733 -0.749953 0.661279 0.872378 0.856399 1 6 1.000000
flash
  6 -4.190739 -0.006208 68.934639 0.021616 -0.725936 0.687423 0.931360 0.856997 1 6 1.000000
  6 -4.190740 0.100187 69.009041 0.021455 -0.401178 0.915749 0.931404 0.879205 1 6 1.000000
  6 -4.603982 0.082959 69.010834 0.019753 -0.425015 0.904971 0.866376 0.877082 1 6 1.000000
flash
  6 -4.190740 0.100187 69.009041 0.021455 -0.401178 0.915749 0.931404 0.879205 1 6 1.000000
  6 -4.623117 0.202963 69.039154 0.005070 -0.031491 0.999491 0.863453 0.898325 1 6 1.000000
  6 -4.603982 0.082959 69.010834 0.019753 -0.425015 0.904971 0.866376 0.877082 1 6 1.000000
flash
  6 -4.603982 0.082959 69.010834 0.019753 -0.425015 0.904971 0.866376 0.877082 1 6 1.000000
  6 -4.623117 0.202963 69.039154 0.005070 -0.031491 0.999491 0.863453 0.898325 1 6 1.000000
  6 -5.055492 0.179142 69.040512 0.005902 -0.043760 0.999025 0.795406 0.895239 1 6 1.000000
flash
  6 -4.603222 0.337286 69.016891 -0.008703 0.337841 0.941163 0.866739 0.921441 1 6 1.000000
  6 -5.055492 0.179142 69.040512 0.005902 -0.043760 0.999025 0.795406 0.895239 1 6 1.000000
  6 -4.623117 0.202963 69.039154 0.005070 -0.031491 0.999491 0.863453 0.898325 1 6 1.000000
flash
  6 -4.603222 0.337286 69.016891 -0.008703 0.337841 0.941163 0.866739 0.921441 1 6 1.000000
  6 -5.015705 0.319962 69.018616 -0.004077 0.271954 0.962302 0.801831 0.919265 1 6 1.000000
  6 -5.055492 0.179142 69.040512 0.005902 -0.043760 0.999025 0.795406 0.895239 1 6 1.000000
flash
  6 -4.564549 0.458152 68.948013 -0.007531 0.663472 0.748163 0.873029 0.945242 1 6 1.000000
  6 -5.015705 0.319962 69.018616 -0.004077 0.271954 0.962302 0.801831 0.919265 1 6 1.000000
  6 -4.603222 0.337286 69.016891 -0.008703 0.337841 0.941163 0.866739 0.921441 1 6 1.000000
flash
  6 -4.564549 0.458152 68.948013 -0.007531 0.663472 0.748163 0.873029 0.945242 1 6 1.000000
  6 -4.938359 0.451852 68.950050 -0.002877 0.590569 0.806982 0.814222 0.944661 1 6 1.000000
  6 -5.015705 0.319962 69.018616 -0.004077 0.271954 0.962302 0.801831 0.919265 1 6 1.000000
flash
  6 -4.533569 0.538007 68.840927 -0.001978 0.906698 0.421775 0.878483 0.968310 1 6 1.000000
  6 -4.938359 0.451852 68.950050 -0.002877 0.590569 0.806982 0.814222 0.944661 1 6 1.000000
  6 -4.564549 0.458152 68.948013 -0.007531 0.663472 0.748163 0.873029 0.945242 1 6 1.000000
flash
  6 -4.533569 0.538007 68.840927 -0.001978 0.906698 0.421775 0.878483 0.968310 1 6 1.000000
  6 -4.876400 0.537163 68.842300 0.000306 0.881811 0.471603 0.824906 0.968591 1 6 1.000000
  6 -4.938359 0.451852 68.950050 -0.002877 0.590569 0.806982 0.814222 0.944661 1 6 1.000000
flash
  6 -4.521577 0.567744 68.712982 -0.000347 0.999697 0.024594 0.883046 0.990813 1 6 1.000000
  6 -4.876400 0.537163 68.842300 0.000306 0.881811 0.471603 0.824906 0.968591 1 6 1.000000
  6 -4.533569 0.538007 68.840927 -0.001978 0.906698 0.421775 0.878483 0.968310 1 6 1.000000
flash
  6 -4.521577 0.567744 68.712982 -0.000347 0.999697 0.024594 0.883046 0.990813 1 6 1.000000
  6 -4.852417 0.567879 68.712997 -0.000375 0.999682 0.025216 0.833789 0.991390 1 6 1.000000
  6 -4.876400 0.537163 68.842300 0.000306 0.881811 0.471603 0.824906 0.968591 1 6 1.000000
flash
  6 -4.190740 0.567608 68.712990 -0.000342 0.999696 0.024670 0.932303 0.990235 1 6 1.000000
  6 -4.521577 0.567744 68.712982 -0.000347 0.999697 0.024594 0.883046 0.990813 1 6 1.000000
  6 -4.533569 0.538007 68.840927 -0.001978 0.906698 0.421775 0.878483 0.968310 1 6 1.000000
flash
  6 -4.190740 0.567608 68.712990 -0.000342 0.999696 0.024670 0.932303 0.990235 1 6 1.000000
  6 -4.533569 0.538007 68.840927 -0.001978 0.906698 0.421775 0.878483 0.968310 1 6 1.000000
  6 -4.190740 0.538850 68.839592 -0.004992 0.913246 0.407378 0.932060 0.968029 1 6 1.000000
flash
  6 -4.190740 0.538850 68.839592 -0.004992 0.913246 0.407378 0.932060 0.968029 1 6 1.000000
  6 -4.533569 0.538007 68.840927 -0.001978 0.906698 0.421775 0.878483 0.968310 1 6 1.000000
  6 -4.564549 0.458152 68.948013 -0.007531 0.663472 0.748163 0.873029 0.945242 1 6 1.000000
flash
  6 -4.190740 0.538850 68.839592 -0.004992 0.913246 0.407378 0.932060 0.968029 1 6 1.000000
  6 -4.564549 0.458152 68.948013 -0.007531 0.663472 0.748163 0.873029 0.945242 1 6 1.000000
  6 -4.190740 0.464453 68.945976 -0.013463 0.688087 0.725503 0.931836 0.945823 1 6 1.000000
flash
  6 -4.190740 0.464453 68.945976 -0.013463 0.688087 0.725503 0.931836 0.945823 1 6 1.000000
  6 -4.564549 0.458152 68.948013 -0.007531 0.663472 0.748163 0.873029 0.945242 1 6 1.000000
  6 -4.603222 0.337286 69.016891 -0.008703 0.337841 0.941163 0.866739 0.921441 1 6 1.000000
flash
  6 -4.190740 0.464453 68.945976 -0.013463 0.688087 0.725503 0.931836 0.945823 1 6 1.000000
  6 -4.603222 0.337286 69.016891 -0.008703 0.337841 0.941163 0.866739 0.921441 1 6 1.000000
  6 -4.190740 0.354611 69.015175 -0.012743 0.364037 0.931297 0.931647 0.923618 1 6 1.000000
flash
  6 -4.190740 0.354611 69.015175 -0.012743 0.364037 0.931297 0.931647 0.923618 1 6 1.000000
  6 -4.603222 0.337286 69.016891 -0.008703 0.337841 0.941163 0.866739 0.921441 1 6 1.000000
  6 -4.623117 0.202963 69.039154 0.005070 -0.031491 0.999491 0.863453 0.898325 1 6 1.000000
flash
  6 -4.190740 0.354611 69.015175 -0.012743 0.364037 0.931297 0.931647 0.923618 1 6 1.000000
  6 -4.623117 0.202963 69.039154 0.005070 -0.031491 0.999491 0.863453 0.898325 1 6 1.000000
  6 -4.190740 0.226784 69.037796 0.004065 -0.017169 0.999844 0.931501 0.901412 1 6 1.000000
flash
  6 -4.190740 0.100187 69.009041 0.021455 -0.401178 0.915749 0.931404 0.879205 1 6 1.000000
  6 -4.190740 0.226784 69.037796 0.004065 -0.017169 0.999844 0.931501 0.901412 1 6 1.000000
  6 -4.623117 0.202963 69.039154 0.005070 -0.031491 0.999491 0.863453 0.898325 1 6 1.000000
flash
  6 -4.522130 -0.098507 68.696922 0.002456 -0.999704 -0.024185 0.879287 0.812453 1 6 1.000000
  6 -4.853520 -0.098992 68.696915 0.001464 -0.999717 -0.023740 0.827162 0.812324 1 6 1.000000
  6 -4.876626 -0.071576 68.567650 0.003828 -0.918364 -0.395718 0.823592 0.789891 1 6 1.000000
flash
  6 -4.522130 -0.098507 68.696922 0.002456 -0.999704 -0.024185 0.879287 0.812453 1 6 1.000000
  6 -4.878058 -0.077842 68.827621 0.003920 -0.936682 0.350160 0.823255 0.834757 1 6 1.000000
  6 -4.853520 -0.098992 68.696915 0.001464 -0.999717 -0.023740 0.827162 0.812324 1 6 1.000000
flash
  6 -4.522130 -0.098507 68.696922 0.002456 -0.999704 -0.024185 0.879287 0.812453 1 6 1.000000
  6 -4.534400 -0.076621 68.826187 0.006291 -0.940547 0.339606 0.877312 0.834773 1 6 1.000000
  6 -4.878058 -0.077842 68.827621 0.003920 -0.936682 0.350160 0.823255 0.834757 1 6 1.000000
flash
  6 -4.534400 -0.076621 68.826187 0.006291 -0.940547 0.339606 0.877312 0.834773 1 6 1.000000
  6 -4.940570 -0.018814 68.938927 0.013181 -0.737514 0.675203 0.813397 0.855801 1 6 1.000000
  6 -4.878058 -0.077842 68.827621 0.003920 -0.936682 0.350160 0.823255 0.834757 1 6 1.000000
flash
  6 -4.534400 -0.076621 68.826187 0.006291 -0.940547 0.339606 0.877312 0.834773 1 6 1.000000
  6 -4.565654 -0.012511 68.936775 0.016733 -0.749953 0.661279 0.872378 0.856399 1 6 1.000000
  6 -4.940570 -0.018814 68.938927 0.013181 -0.737514 0.675203 0.813397 0.855801 1 6 1.000000
flash
  6 -4.565654 -0.012511 68.936775 0.016733 -0.749953 0.661279 0.872378 0.856399 1 6 1.000000
  6 -5.017224 0.065733 69.012634 0.016097 -0.384976 0.922786 0.801349 0.874960 1 6 1.000000
  6 -4.940570 -0.018814 68.938927 0.013181 -0.737514 0.675203 0.813397 0.855801 1 6 1.000000
flash
  6 -4.565654 -0.012511 68.936775 0.016733 -0.749953 0.661279 0.872378 0.856399 1 6 1.000000
  6 -4.603982 0.082959 69.010834 0.019753 -0.425015 0.904971 0.866376 0.877082 1 6 1.000000
  6 -5.017224 0.065733 69.012634 0.016097 -0.384976 0.922786 0.801349 0.874960 1 6 1.000000
flash
  6 -4.603982 0.082959 69.010834 0.019753 -0.425015 0.904971 0.866376 0.877082 1 6 1.000000
  6 -5.055492 0.179142 69.040512 0.005902 -0.043760 0.999025 0.795406 0.895239 1 6 1.000000
  6 -5.017224 0.065733 69.012634 0.016097 -0.384976 0.922786 0.801349 0.874960 1 6 1.000000
flash
  6 -4.190740 0.544983 68.585167 -0.000002 0.932796 -0.360404 0.932170 0.657140 1 6 1.000000
  6 -4.521577 0.567744 68.712982 -0.000347 0.999697 0.024594 0.883044 0.634600 1 6 1.000000
  6 -4.190740 0.567608 68.712990 -0.000342 0.999696 0.024670 0.932303 0.634935 1 6 1.000000
flash
  6 -4.190740 0.544983 68.585167 -0.000002 0.932796 -0.360404 0.932170 0.657140 1 6 1.000000
  6 -4.532855 0.544204 68.583870 -0.003083 0.926342 -0.376671 0.878704 0.657119 1 6 1.000000
  6 -4.521577 0.567744 68.712982 -0.000347 0.999697 0.024594 0.883044 0.634600 1 6 1.000000
flash
  6 -4.532855 0.544204 68.583870 -0.003083 0.926342 -0.376671 0.878704 0.657119 1 6 1.000000
  6 -4.852417 0.567879 68.712997 -0.000375 0.999682 0.025216 0.833784 0.634265 1 6 1.000000
  6 -4.521577 0.567744 68.712982 -0.000347 0.999697 0.024594 0.883044 0.634600 1 6 1.000000
flash
  6 -4.532855 0.544204 68.583870 -0.003083 0.926342 -0.376671 0.878704 0.657119 1 6 1.000000
  6 -4.874969 0.543423 68.582626 -0.006135 0.905648 -0.423986 0.825238 0.657097 1 6 1.000000
  6 -4.852417 0.567879 68.712997 -0.000375 0.999682 0.025216 0.833784 0.634265 1 6 1.000000
flash
  6 -4.558820 0.469578 68.473984 -0.010659 0.694176 -0.719726 0.874149 0.680173 1 6 1.000000
  6 -4.874969 0.543423 68.582626 -0.006135 0.905648 -0.423986 0.825238 0.657097 1 6 1.000000
  6 -4.532855 0.544204 68.583870 -0.003083 0.926342 -0.376671 0.878704 0.657119 1 6 1.000000
flash
  6 -4.558820 0.469578 68.473984 -0.010659 0.694176 -0.719726 0.874149 0.680173 1 6 1.000000
  6 -4.926899 0.463359 68.472656 -0.016511 0.630174 -0.776278 0.816242 0.681001 1 6 1.000000
  6 -4.874969 0.543423 68.582626 -0.006135 0.905648 -0.423986 0.825238 0.657097 1 6 1.000000
flash
  6 -4.586747 0.352125 68.401291 -0.014260 0.370293 -0.928805 0.869649 0.703909 1 6 1.000000
  6 -4.926899 0.463359 68.472656 -0.016511 0.630174 -0.776278 0.816242 0.681001 1 6 1.000000
  6 -4.558820 0.469578 68.473984 -0.010659 0.694176 -0.719726 0.874149 0.680173 1 6 1.000000
flash
  6 -4.586747 0.352125 68.401291 -0.014260 0.370293 -0.928805 0.869649 0.703909 1 6 1.000000
  6 -4.982753 0.334833 68.401649 -0.017279 0.313057 -0.949577 0.807332 0.706267 1 6 1.000000
  6 -4.926899 0.463359 68.472656 -0.016511 0.630174 -0.776278 0.816242 0.681001 1 6 1.000000
flash
  6 -4.600191 0.219002 68.373726 -0.003296 0.014867 -0.999884 0.867424 0.726906 1 6 1.000000
  6 -4.982753 0.334833 68.401649 -0.017279 0.313057 -0.949577 0.807332 0.706267 1 6 1.000000
  6 -4.586747 0.352125 68.401291 -0.014260 0.370293 -0.928805 0.869649 0.703909 1 6 1.000000
flash
  6 -4.600191 0.219002 68.373726 -0.003296 0.014867 -0.999884 0.867424 0.726906 1 6 1.000000
  6 -5.009644 0.195177 68.375275 -0.003755 0.002684 -0.999989 0.802981 0.730056 1 6 1.000000
  6 -4.982753 0.334833 68.401649 -0.017279 0.313057 -0.949577 0.807332 0.706267 1 6 1.000000
flash
  6 -4.587507 0.097801 68.395081 0.013490 -0.372947 -0.927755 0.869288 0.747994 1 6 1.000000
  6 -5.009644 0.195177 68.375275 -0.003755 0.002684 -0.999989 0.802981 0.730056 1 6 1.000000
  6 -4.600191 0.219002 68.373726 -0.003296 0.014867 -0.999884 0.867424 0.726906 1 6 1.000000
flash
  6 -4.587507 0.097801 68.395081 0.013490 -0.372947 -0.927755 0.869288 0.747994 1 6 1.000000
  6 -4.984273 0.080611 68.395370 0.010503 -0.343365 -0.939143 0.806852 0.750026 1 6 1.000000
  6 -5.009644 0.195177 68.375275 -0.003755 0.002684 -0.999989 0.802981 0.730056 1 6 1.000000
flash
  6 -4.559923 -0.001080 68.462532 0.014801 -0.712315 -0.701704 0.873500 0.768551 1 6 1.000000
  6 -4.984273 0.080611 68.395370 0.010503 -0.343365 -0.939143 0.806852 0.750026 1 6 1.000000
  6 -4.587507 0.097801 68.395081 0.013490 -0.372947 -0.927755 0.869288 0.747994 1 6 1.000000
flash
  6 -4.559923 -0.001080 68.462532 0.014801 -0.712315 -0.701704 0.873500 0.768551 1 6 1.000000
  6 -4.929108 -0.007297 68.461098 0.011391 -0.699602 -0.714442 0.815421 0.768933 1 6 1.000000
  6 -4.984273 0.080611 68.395370 0.010503 -0.343365 -0.939143 0.806852 0.750026 1 6 1.000000
flash
  6 -4.533682 -0.070421 68.568985 0.006077 -0.922396 -0.386197 0.877535 0.790133 1 6 1.000000
  6 -4.929108 -0.007297 68.461098 0.011391 -0.699602 -0.714442 0.815421 0.768933 1 6 1.000000
  6 -4.559923 -0.001080 68.462532 0.014801 -0.712315 -0.701704 0.873500 0.768551 1 6 1.000000
flash
  6 -4.533682 -0.070421 68.568985 0.006077 -0.922396 -0.386197 0.877535 0.790133 1 6 1.000000
  6 -4.876626 -0.071576 68.567650 0.003828 -0.918364 -0.395718 0.823592 0.789891 1 6 1.000000
  6 -4.929108 -0.007297 68.461098 0.011391 -0.699602 -0.714442 0.815421 0.768933 1 6 1.000000
flash
  6 -4.522130 -0.098507 68.696922 0.002456 -0.999704 -0.024185 0.879287 0.812453 1 6 1.000000
  6 -4.876626 -0.071576 68.567650 0.003828 -0.918364 -0.395718 0.823592 0.789891 1 6 1.000000
  6 -4.533682 -0.070421 68.568985 0.006077 -0.922396 -0.386197 0.877535 0.790133 1 6 1.000000
flash
  6 -4.190739 -0.098023 68.696945 0.003623 -0.999702 -0.024126 0.931412 0.812582 1 6 1.000000
  6 -4.522130 -0.098507 68.696922 0.002456 -0.999704 -0.024185 0.879287 0.812453 1 6 1.000000
  6 -4.533682 -0.070421 68.568985 0.006077 -0.922396 -0.386197 0.877535 0.790133 1 6 1.000000
flash
  6 -4.190739 -0.098023 68.696945 0.003623 -0.999702 -0.024126 0.931412 0.812582 1 6 1.000000
  6 -4.533682 -0.070421 68.568985 0.006077 -0.922396 -0.386197 0.877535 0.790133 1 6 1.000000
  6 -4.190740 -0.069265 68.570358 0.009090 -0.915806 -0.401518 0.931477 0.790376 1 6 1.000000
flash
  6 -4.190740 -0.069265 68.570358 0.009090 -0.915806 -0.401518 0.931477 0.790376 1 6 1.000000
  6 -4.533682 -0.070421 68.568985 0.006077 -0.922396 -0.386197 0.877535 0.790133 1 6 1.000000
  6 -4.559923 -0.001080 68.462532 0.014801 -0.712315 -0.701704 0.873500 0.768551 1 6 1.000000
flash
  6 -4.190740 -0.069265 68.570358 0.009090 -0.915806 -0.401518 0.931477 0.790376 1 6 1.000000
  6 -4.559923 -0.001080 68.462532 0.014801 -0.712315 -0.701704 0.873500 0.768551 1 6 1.000000
  6 -4.190740 0.005136 68.463974 0.018716 -0.691150 -0.722469 0.931579 0.768169 1 6 1.000000
flash
  6 -4.190740 0.005136 68.463974 0.018716 -0.691150 -0.722469 0.931579 0.768169 1 6 1.000000
  6 -4.559923 -0.001080 68.462532 0.014801 -0.712315 -0.701704 0.873500 0.768551 1 6 1.000000
  6 -4.587507 0.097801 68.395081 0.013490 -0.372947 -0.927755 0.869288 0.747994 1 6 1.000000
flash
  6 -4.190740 0.005136 68.463974 0.018716 -0.691150 -0.722469 0.931579 0.768169 1 6 1.000000
  6 -4.587507 0.097801 68.395081 0.013490 -0.372947 -0.927755 0.869288 0.747994 1 6 1.000000
  6 -4.190741 0.114992 68.394783 0.014525 -0.355490 -0.934567 0.931724 0.745963 1 6 1.000000
flash
  6 -4.190741 0.114992 68.394783 0.014525 -0.355490 -0.934567 0.931724 0.745963 1 6 1.000000
  6 -4.587507 0.097801 68.395081 0.013490 -0.372947 -0.927755 0.869288 0.747994 1 6 1.000000
  6 -4.600191 0.219002 68.373726 -0.003296 0.014867 -0.999884 0.867424 0.726906 1 6 1.000000
flash
  6 -4.190741 0.114992 68.394783 0.014525 -0.355490 -0.934567 0.931724 0.745963 1 6 1.000000
  6 -4.600191 0.219002 68.373726 -0.003296 0.014867 -0.999884 0.867424 0.726906 1 6 1.000000
  6 -4.190740 0.242828 68.372162 -0.003022 0.029564 -0.999558 0.931867 0.723756 1 6 1.000000
flash
  6 -4.190740 0.242828 68.372162 -0.003022 0.029564 -0.999558 0.931867 0.723756 1 6 1.000000
  6 -4.600191 0.219002 68.373726 -0.003296 0.014867 -0.999884 0.867424 0.726906 1 6 1.000000
  6 -4.586747 0.352125 68.401291 -0.014260 0.370293 -0.928805 0.869649 0.703909 1 6 1.000000
flash
  6 -4.190740 0.242828 68.372162 -0.003022 0.029564 -0.999558 0.931867 0.723756 1 6 1.000000
  6 -4.586747 0.352125 68.401291 -0.014260 0.370293 -0.928805 0.869649 0.703909 1 6 1.000000
  6 -4.190741 0.369416 68.400925 -0.010764 0.403904 -0.914738 0.931967 0.701550 1 6 1.000000
flash
  6 -4.190741 0.369416 68.400925 -0.010764 0.403904 -0.914738 0.931967 0.701550 1 6 1.000000
  6 -4.586747 0.352125 68.401291 -0.014260 0.370293 -0.928805 0.869649 0.703909 1 6 1.000000
  6 -4.558820 0.469578 68.473984 -0.010659 0.694176 -0.719726 0.874149 0.680173 1 6 1.000000
flash
  6 -4.190741 0.369416 68.400925 -0.010764 0.403904 -0.914738 0.931967 0.701550 1 6 1.000000
  6 -4.558820 0.469578 68.473984 -0.010659 0.694176 -0.719726 0.874149 0.680173 1 6 1.000000
  6 -4.190741 0.475798 68.475319 -0.004800 0.722559 -0.691292 0.932055 0.679345 1 6 1.000000
flash
  6 -4.190741 0.475798 68.475319 -0.004800 0.722559 -0.691292 0.932055 0.679345 1 6 1.000000
  6 -4.558820 0.469578 68.473984 -0.010659 0.694176 -0.719726 0.874149 0.680173 1 6 1.000000
  6 -4.532855 0.544204 68.583870 -0.003083 0.926342 -0.376671 0.878704 0.657119 1 6 1.000000
flash
  6 -4.190741 0.475798 68.475319 -0.004800 0.722559 -0.691292 0.932055 0.679345 1 6 1.000000
  6 -4.532855 0.544204 68.583870 -0.003083 0.926342 -0.376671 0.878704 0.657119 1 6 1.000000
  6 -4.190740 0.544983 68.585167 -0.000002 0.932796 -0.360404 0.932170 0.657140 1 6 1.000000
flash
  6 -4.955463 -2.026773 68.431274 -0.000002 -0.999710 -0.024095 0.186200 0.716679 1 6 1.000000
  6 -4.890784 -2.029457 68.542580 -0.000002 -0.999710 -0.024097 0.203006 0.727983 1 6 1.000000
  6 -4.987764 -2.030264 68.576111 -0.000003 -0.999710 -0.024100 0.191593 0.739395 1 6 1.000000
flash
  6 -4.872895 -2.032530 68.670082 0.000000 -0.999710 -0.024097 0.214306 0.744793 1 6 1.000000
  6 -4.987764 -2.030264 68.576111 -0.000003 -0.999710 -0.024100 0.191593 0.739395 1 6 1.000000
  6 -4.890784 -2.029457 68.542580 -0.000002 -0.999710 -0.024097 0.203006 0.727983 1 6 1.000000
flash
  6 -4.872895 -2.032530 68.670082 0.000000 -0.999710 -0.024097 0.214306 0.744793 1 6 1.000000
  6 -5.006934 -2.032337 68.662048 0.000000 -0.999710 -0.024095 0.194792 0.752874 1 6 1.000000
  6 -4.987764 -2.030264 68.576111 -0.000003 -0.999710 -0.024100 0.191593 0.739395 1 6 1.000000
flash
  6 -4.955463 -2.026773 68.431274 -0.000002 -0.999710 -0.024095 0.186200 0.716679 1 6 1.000000
  6 -5.055925 -2.028920 68.520348 0.000002 -0.999710 -0.024097 0.178116 0.736193 1 6 1.000000
  6 -5.103150 -2.027130 68.446037 -0.000001 -0.999710 -0.024092 0.166323 0.728925 1 6 1.000000
flash
  6 -4.955463 -2.026773 68.431274 -0.000002 -0.999710 -0.024095 0.186200 0.716679 1 6 1.000000
  6 -4.987764 -2.030264 68.576111 -0.000003 -0.999710 -0.024100 0.191593 0.739395 1 6 1.000000
  6 -5.055925 -2.028920 68.520348 0.000002 -0.999710 -0.024097 0.178116 0.736193 1 6 1.000000
flash
  6 -5.202501 -2.032054 68.650352 0.000000 -0.999710 -0.024097 0.166321 0.764665 1 6 1.000000
  6 -5.055925 -2.028920 68.520348 0.000002 -0.999710 -0.024097 0.178116 0.736193 1 6 1.000000
  6 -4.987764 -2.030264 68.576111 -0.000003 -0.999710 -0.024100 0.191593 0.739395 1 6 1.000000
flash
  6 -5.202501 -2.032054 68.650352 0.000000 -0.999710 -0.024097 0.166321 0.764665 1 6 1.000000
  6 -4.987764 -2.030264 68.576111 -0.000003 -0.999710 -0.024100 0.191593 0.739395 1 6 1.000000
  6 -5.006934 -2.032337 68.662048 0.000000 -0.999710 -0.024095 0.194792 0.752874 1 6 1.000000
flash
  6 -5.202501 -2.032054 68.650352 0.000000 -0.999710 -0.024097 0.166321 0.764665 1 6 1.000000
  6 -5.006934 -2.032337 68.662048 0.000000 -0.999710 -0.024095 0.194792 0.752874 1 6 1.000000
  6 -4.998165 -2.034448 68.749664 -0.000002 -0.999710 -0.024096 0.202059 0.764668 1 6 1.000000
flash
  6 -4.872895 -2.032530 68.670082 0.000000 -0.999710 -0.024097 0.214306 0.744793 1 6 1.000000
  6 -4.998165 -2.034448 68.749664 -0.000002 -0.999710 -0.024096 0.202059 0.764668 1 6 1.000000
  6 -5.006934 -2.032337 68.662048 0.000000 -0.999710 -0.024095 0.194792 0.752874 1 6 1.000000
flash
  6 -4.872895 -2.032530 68.670082 0.000000 -0.999710 -0.024097 0.214306 0.744793 1 6 1.000000
  6 -4.905880 -2.035529 68.794510 0.000000 -0.999710 -0.024101 0.218200 0.764670 1 6 1.000000
  6 -4.998165 -2.034448 68.749664 -0.000002 -0.999710 -0.024096 0.202059 0.764668 1 6 1.000000
flash
  6 -4.983388 -2.038008 68.897301 -0.000002 -0.999710 -0.024100 0.214305 0.784545 1 6 1.000000
  6 -4.998165 -2.034448 68.749664 -0.000002 -0.999710 -0.024096 0.202059 0.764668 1 6 1.000000
  6 -4.905880 -2.035529 68.794510 0.000000 -0.999710 -0.024101 0.218200 0.764670 1 6 1.000000
flash
  6 -4.983388 -2.038008 68.897301 -0.000002 -0.999710 -0.024100 0.214305 0.784545 1 6 1.000000
  6 -5.072495 -2.035585 68.796867 0.000004 -0.999710 -0.024100 0.194792 0.776460 1 6 1.000000
  6 -4.998165 -2.034448 68.749664 -0.000002 -0.999710 -0.024096 0.202059 0.764668 1 6 1.000000
flash
  6 -4.983388 -2.038008 68.897301 -0.000002 -0.999710 -0.024100 0.214305 0.784545 1 6 1.000000
  6 -5.128253 -2.037229 68.865013 -0.000002 -0.999710 -0.024098 0.191591 0.789936 1 6 1.000000
  6 -5.072495 -2.035585 68.796867 0.000004 -0.999710 -0.024100 0.194792 0.776460 1 6 1.000000
flash
  6 -5.202501 -2.032054 68.650352 0.000000 -0.999710 -0.024097 0.166321 0.764665 1 6 1.000000
  6 -5.072495 -2.035585 68.796867 0.000004 -0.999710 -0.024100 0.194792 0.776460 1 6 1.000000
  6 -5.128253 -2.037229 68.865013 -0.000002 -0.999710 -0.024098 0.191591 0.789936 1 6 1.000000
flash
  6 -5.202501 -2.032054 68.650352 0.000000 -0.999710 -0.024097 0.166321 0.764665 1 6 1.000000
  6 -5.128253 -2.037229 68.865013 -0.000002 -0.999710 -0.024098 0.191591 0.789936 1 6 1.000000
  6 -5.214211 -2.036767 68.845863 -0.000002 -0.999710 -0.024096 0.178113 0.793135 1 6 1.000000
flash
  6 -5.202501 -2.032054 68.650352 0.000000 -0.999710 -0.024097 0.166321 0.764665 1 6 1.000000
  6 -5.214211 -2.036767 68.845863 -0.000002 -0.999710 -0.024096 0.178113 0.793135 1 6 1.000000
  6 -5.301838 -2.036979 68.854607 0.000003 -0.999710 -0.024100 0.166320 0.800402 1 6 1.000000
flash
  6 -5.222237 -2.039997 68.979843 0.000001 -0.999710 -0.024096 0.186195 0.812649 1 6 1.000000
  6 -5.301838 -2.036979 68.854607 0.000003 -0.999710 -0.024100 0.166320 0.800402 1 6 1.000000
  6 -5.214211 -2.036767 68.845863 -0.000002 -0.999710 -0.024096 0.178113 0.793135 1 6 1.000000
flash
  6 -5.222237 -2.039997 68.979843 0.000001 -0.999710 -0.024096 0.186195 0.812649 1 6 1.000000
  6 -5.214211 -2.036767 68.845863 -0.000002 -0.999710 -0.024096 0.178113 0.793135 1 6 1.000000
  6 -5.128253 -2.037229 68.865013 -0.000002 -0.999710 -0.024098 0.191591 0.789936 1 6 1.000000
flash
  6 -5.222237 -2.039997 68.979843 0.000001 -0.999710 -0.024096 0.186195 0.812649 1 6 1.000000
  6 -5.128253 -2.037229 68.865013 -0.000002 -0.999710 -0.024098 0.191591 0.789936 1 6 1.000000
  6 -5.094722 -2.039566 68.961960 -0.000001 -0.999710 -0.024089 0.203003 0.801350 1 6 1.000000
flash
  6 -4.983388 -2.038008 68.897301 -0.000002 -0.999710 -0.024100 0.214305 0.784545 1 6 1.000000
  6 -5.094722 -2.039566 68.961960 -0.000001 -0.999710 -0.024089 0.203003 0.801350 1 6 1.000000
  6 -5.128253 -2.037229 68.865013 -0.000002 -0.999710 -0.024098 0.191591 0.789936 1 6 1.000000
flash
  6 -5.202501 -2.032054 68.650352 0.000000 -0.999710 -0.024097 0.166321 0.764665 1 6 1.000000
  6 -4.998165 -2.034448 68.749664 -0.000002 -0.999710 -0.024096 0.202059 0.764668 1 6 1.000000
  6 -5.072495 -2.035585 68.796867 0.000004 -0.999710 -0.024100 0.194792 0.776460 1 6 1.000000
flash
  6 -5.202501 -2.032054 68.650352 0.000000 -0.999710 -0.024097 0.166321 0.764665 1 6 1.000000
  6 -5.103150 -2.027130 68.446037 -0.000001 -0.999710 -0.024092 0.166323 0.728925 1 6 1.000000
  6 -5.055925 -2.028920 68.520348 0.000002 -0.999710 -0.024097 0.178116 0.736193 1 6 1.000000
flash
  6 -5.202501 -2.032054 68.650352 0.000000 -0.999710 -0.024097 0.166321 0.764665 1 6 1.000000
  6 -5.301838 -2.036979 68.854607 0.000003 -0.999710 -0.024100 0.166320 0.800402 1 6 1.000000
  6 -5.349072 -2.035185 68.780296 -0.000002 -0.999709 -0.024099 0.154527 0.793135 1 6 1.000000
flash
  6 -5.222237 -2.039997 68.979843 0.000001 -0.999710 -0.024096 0.186195 0.812649 1 6 1.000000
  6 -5.346704 -2.039203 68.946869 0.000002 -0.999710 -0.024096 0.166319 0.816542 1 6 1.000000
  6 -5.301838 -2.036979 68.854607 0.000003 -0.999710 -0.024100 0.166320 0.800402 1 6 1.000000
flash
  6 -5.449526 -2.037334 68.869385 0.000001 -0.999709 -0.024103 0.146444 0.812648 1 6 1.000000
  6 -5.301838 -2.036979 68.854607 0.000003 -0.999710 -0.024100 0.166320 0.800402 1 6 1.000000
  6 -5.346704 -2.039203 68.946869 0.000002 -0.999710 -0.024096 0.166319 0.816542 1 6 1.000000
flash
  6 -5.449526 -2.037334 68.869385 0.000001 -0.999709 -0.024103 0.146444 0.812648 1 6 1.000000
  6 -5.349072 -2.035185 68.780296 -0.000002 -0.999709 -0.024099 0.154527 0.793135 1 6 1.000000
  6 -5.301838 -2.036979 68.854607 0.000003 -0.999710 -0.024100 0.166320 0.800402 1 6 1.000000
flash
  6 -5.449526 -2.037334 68.869385 0.000001 -0.999709 -0.024103 0.146444 0.812648 1 6 1.000000
  6 -5.417239 -2.033843 68.724556 0.000003 -0.999709 -0.024099 0.141050 0.789935 1 6 1.000000
  6 -5.349072 -2.035185 68.780296 -0.000002 -0.999709 -0.024099 0.154527 0.793135 1 6 1.000000
flash
  6 -5.202501 -2.032054 68.650352 0.000000 -0.999710 -0.024097 0.166321 0.764665 1 6 1.000000
  6 -5.349072 -2.035185 68.780296 -0.000002 -0.999709 -0.024099 0.154527 0.793135 1 6 1.000000
  6 -5.417239 -2.033843 68.724556 0.000003 -0.999709 -0.024099 0.141050 0.789935 1 6 1.000000
flash
  6 -5.202501 -2.032054 68.650352 0.000000 -0.999710 -0.024097 0.166321 0.764665 1 6 1.000000
  6 -5.417239 -2.033843 68.724556 0.000003 -0.999709 -0.024099 0.141050 0.789935 1 6 1.000000
  6 -5.398077 -2.031772 68.638626 0.000001 -0.999710 -0.024092 0.137849 0.776457 1 6 1.000000
flash
  6 -5.202501 -2.032054 68.650352 0.000000 -0.999710 -0.024097 0.166321 0.764665 1 6 1.000000
  6 -5.398077 -2.031772 68.638626 0.000001 -0.999710 -0.024092 0.137849 0.776457 1 6 1.000000
  6 -5.406851 -2.029661 68.551018 0.000003 -0.999710 -0.024093 0.130582 0.764664 1 6 1.000000
flash
  6 -5.532121 -2.031579 68.630600 0.000006 -0.999710 -0.024093 0.118335 0.784540 1 6 1.000000
  6 -5.406851 -2.029661 68.551018 0.000003 -0.999710 -0.024093 0.130582 0.764664 1 6 1.000000
  6 -5.398077 -2.031772 68.638626 0.000001 -0.999710 -0.024092 0.137849 0.776457 1 6 1.000000
flash
  6 -5.532121 -2.031579 68.630600 0.000006 -0.999710 -0.024093 0.118335 0.784540 1 6 1.000000
  6 -5.499143 -2.028580 68.506172 0.000000 -0.999710 -0.024100 0.114442 0.764664 1 6 1.000000
  6 -5.406851 -2.029661 68.551018 0.000003 -0.999710 -0.024093 0.130582 0.764664 1 6 1.000000
flash
  6 -5.421628 -2.026102 68.403381 0.000002 -0.999710 -0.024098 0.118336 0.744789 1 6 1.000000
  6 -5.406851 -2.029661 68.551018 0.000003 -0.999710 -0.024093 0.130582 0.764664 1 6 1.000000
  6 -5.499143 -2.028580 68.506172 0.000000 -0.999710 -0.024100 0.114442 0.764664 1 6 1.000000
flash
  6 -5.421628 -2.026102 68.403381 0.000002 -0.999710 -0.024098 0.118336 0.744789 1 6 1.000000
  6 -5.332517 -2.028522 68.503799 0.000002 -0.999710 -0.024100 0.137850 0.752871 1 6 1.000000
  6 -5.406851 -2.029661 68.551018 0.000003 -0.999710 -0.024093 0.130582 0.764664 1 6 1.000000
flash
  6 -5.421628 -2.026102 68.403381 0.000002 -0.999710 -0.024098 0.118336 0.744789 1 6 1.000000
  6 -5.276749 -2.026879 68.435661 0.000002 -0.999710 -0.024095 0.141051 0.739393 1 6 1.000000
  6 -5.332517 -2.028522 68.503799 0.000002 -0.999710 -0.024100 0.137850 0.752871 1 6 1.000000
flash
  6 -5.202501 -2.032054 68.650352 0.000000 -0.999710 -0.024097 0.166321 0.764665 1 6 1.000000
  6 -5.332517 -2.028522 68.503799 0.000002 -0.999710 -0.024100 0.137850 0.752871 1 6 1.000000
  6 -5.276749 -2.026879 68.435661 0.000002 -0.999710 -0.024095 0.141051 0.739393 1 6 1.000000
flash
  6 -5.202501 -2.032054 68.650352 0.000000 -0.999710 -0.024097 0.166321 0.764665 1 6 1.000000
  6 -5.276749 -2.026879 68.435661 0.000002 -0.999710 -0.024095 0.141051 0.739393 1 6 1.000000
  6 -5.190785 -2.027340 68.454826 -0.000001 -0.999710 -0.024097 0.154530 0.736193 1 6 1.000000
flash
  6 -5.202501 -2.032054 68.650352 0.000000 -0.999710 -0.024097 0.166321 0.764665 1 6 1.000000
  6 -5.190785 -2.027340 68.454826 -0.000001 -0.999710 -0.024097 0.154530 0.736193 1 6 1.000000
  6 -5.103150 -2.027130 68.446037 -0.000001 -0.999710 -0.024092 0.166323 0.728925 1 6 1.000000
flash
  6 -5.182755 -2.024111 68.320808 -0.000003 -0.999710 -0.024093 0.146449 0.716679 1 6 1.000000
  6 -5.103150 -2.027130 68.446037 -0.000001 -0.999710 -0.024092 0.166323 0.728925 1 6 1.000000
  6 -5.190785 -2.027340 68.454826 -0.000001 -0.999710 -0.024097 0.154530 0.736193 1 6 1.000000
flash
  6 -5.182755 -2.024111 68.320808 -0.000003 -0.999710 -0.024093 0.146449 0.716679 1 6 1.000000
  6 -5.058280 -2.024907 68.353783 0.000000 -0.999710 -0.024091 0.166325 0.712784 1 6 1.000000
  6 -5.103150 -2.027130 68.446037 -0.000001 -0.999710 -0.024092 0.166323 0.728925 1 6 1.000000
flash
  6 -4.955463 -2.026773 68.431274 -0.000002 -0.999710 -0.024095 0.186200 0.716679 1 6 1.000000
  6 -5.103150 -2.027130 68.446037 -0.000001 -0.999710 -0.024092 0.166323 0.728925 1 6 1.000000
  6 -5.058280 -2.024907 68.353783 0.000000 -0.999710 -0.024091 0.166325 0.712784 1 6 1.000000
flash
  6 -5.202501 -2.032054 68.650352 0.000000 -0.999710 -0.024097 0.166321 0.764665 1 6 1.000000
  6 -5.406851 -2.029661 68.551018 0.000003 -0.999710 -0.024093 0.130582 0.764664 1 6 1.000000
  6 -5.332517 -2.028522 68.503799 0.000002 -0.999710 -0.024100 0.137850 0.752871 1 6 1.000000
flash
  6 -5.421628 -2.026102 68.403381 0.000002 -0.999710 -0.024098 0.118336 0.744789 1 6 1.000000
  6 -5.310280 -2.024542 68.338699 -0.000001 -0.999710 -0.024098 0.129639 0.727980 1 6 1.000000
  6 -5.276749 -2.026879 68.435661 0.000002 -0.999710 -0.024095 0.141051 0.739393 1 6 1.000000
flash
  6 -5.182755 -2.024111 68.320808 -0.000003 -0.999710 -0.024093 0.146449 0.716679 1 6 1.000000
  6 -5.276749 -2.026879 68.435661 0.000002 -0.999710 -0.024095 0.141051 0.739393 1 6 1.000000
  6 -5.310280 -2.024542 68.338699 -0.000001 -0.999710 -0.024098 0.129639 0.727980 1 6 1.000000
flash
  6 -5.182755 -2.024111 68.320808 -0.000003 -0.999710 -0.024093 0.146449 0.716679 1 6 1.000000
  6 -5.190785 -2.027340 68.454826 -0.000001 -0.999710 -0.024097 0.154530 0.736193 1 6 1.000000
  6 -5.276749 -2.026879 68.435661 0.000002 -0.999710 -0.024095 0.141051 0.739393 1 6 1.000000
flash
  6 -5.449526 -2.037334 68.869385 0.000001 -0.999709 -0.024103 0.146444 0.812648 1 6 1.000000
  6 -5.514218 -2.034651 68.758080 0.000000 -0.999710 -0.024096 0.129637 0.801347 1 6 1.000000
  6 -5.417239 -2.033843 68.724556 0.000003 -0.999709 -0.024099 0.141050 0.789935 1 6 1.000000
flash
  6 -5.532121 -2.031579 68.630600 0.000006 -0.999710 -0.024093 0.118335 0.784540 1 6 1.000000
  6 -5.417239 -2.033843 68.724556 0.000003 -0.999709 -0.024099 0.141050 0.789935 1 6 1.000000
  6 -5.514218 -2.034651 68.758080 0.000000 -0.999710 -0.024096 0.129637 0.801347 1 6 1.000000
flash
  6 -5.532121 -2.031579 68.630600 0.000006 -0.999710 -0.024093 0.118335 0.784540 1 6 1.000000
  6 -5.398077 -2.031772 68.638626 0.000001 -0.999710 -0.024092 0.137849 0.776457 1 6 1.000000
  6 -5.417239 -2.033843 68.724556 0.000003 -0.999709 -0.024099 0.141050 0.789935 1 6 1.000000
flash
  6 -5.455916 -2.129592 68.872833 0.064224 -0.994647 -0.080945 0.106008 0.788129 1 6 1.000000
  6 -5.530334 -2.127644 68.761414 0.081383 -0.995319 -0.052129 0.095395 0.806353 1 6 1.000000
  6 -5.522274 -2.126839 68.758644 0.081407 -0.995316 -0.052135 0.094441 0.805404 1 6 1.000000
flash
  6 -5.455916 -2.129592 68.872833 0.064224 -0.994647 -0.080945 0.106008 0.788129 1 6 1.000000
  6 -5.462306 -2.130463 68.878479 0.064214 -0.994648 -0.080948 0.107255 0.788643 1 6 1.000000
  6 -5.530334 -2.127644 68.761414 0.081383 -0.995319 -0.052129 0.095395 0.806353 1 6 1.000000
flash
  6 -5.350438 -2.131508 68.952324 0.037599 -0.994141 -0.101340 0.109992 0.767725 1 6 1.000000
  6 -5.462306 -2.130463 68.878479 0.064214 -0.994648 -0.080948 0.107255 0.788643 1 6 1.000000
  6 -5.455916 -2.129592 68.872833 0.064224 -0.994647 -0.080945 0.106008 0.788129 1 6 1.000000
flash
  6 -5.350438 -2.131508 68.952324 0.037599 -0.994141 -0.101340 0.109992 0.767725 1 6 1.000000
  6 -5.354172 -2.132429 68.959976 0.037599 -0.994142 -0.101327 0.111340 0.767726 1 6 1.000000
  6 -5.462306 -2.130463 68.878479 0.064214 -0.994648 -0.080948 0.107255 0.788643 1 6 1.000000
flash
  6 -5.222753 -2.132323 68.986153 0.005139 -0.993957 -0.109647 0.106008 0.747322 1 6 1.000000
  6 -5.354172 -2.132429 68.959976 0.037599 -0.994142 -0.101327 0.111340 0.767726 1 6 1.000000
  6 -5.350438 -2.131508 68.952324 0.037599 -0.994141 -0.101340 0.109992 0.767725 1 6 1.000000
flash
  6 -5.222753 -2.132323 68.986153 0.005139 -0.993957 -0.109647 0.106008 0.747322 1 6 1.000000
  6 -5.223268 -2.133265 68.994667 0.005137 -0.993965 -0.109580 0.107255 0.746808 1 6 1.000000
  6 -5.354172 -2.132429 68.959976 0.037599 -0.994142 -0.101327 0.111340 0.767726 1 6 1.000000
flash
  6 -5.091936 -2.131881 68.967804 -0.028072 -0.994057 -0.105178 0.094441 0.730048 1 6 1.000000
  6 -5.223268 -2.133265 68.994667 0.005137 -0.993965 -0.109580 0.107255 0.746808 1 6 1.000000
  6 -5.222753 -2.132323 68.986153 0.005139 -0.993957 -0.109647 0.106008 0.747322 1 6 1.000000
flash
  6 -5.091936 -2.131881 68.967804 -0.028072 -0.994057 -0.105178 0.094441 0.730048 1 6 1.000000
  6 -5.089150 -2.132811 68.975861 -0.028018 -0.994067 -0.105095 0.095397 0.729098 1 6 1.000000
  6 -5.223268 -2.133265 68.994667 0.005137 -0.993965 -0.109580 0.107255 0.746808 1 6 1.000000
flash
  6 -4.977718 -2.130281 68.901474 -0.057012 -0.994464 -0.088262 0.077226 0.718395 1 6 1.000000
  6 -5.089150 -2.132811 68.975861 -0.028018 -0.994067 -0.105095 0.095397 0.729098 1 6 1.000000
  6 -5.091936 -2.131881 68.967804 -0.028072 -0.994057 -0.105178 0.094441 0.730048 1 6 1.000000
flash
  6 -4.977718 -2.130281 68.901474 -0.057012 -0.994464 -0.088262 0.077226 0.718395 1 6 1.000000
  6 -4.972050 -2.131172 68.907837 -0.057028 -0.994463 -0.088262 0.077746 0.717151 1 6 1.000000
  6 -5.089150 -2.132811 68.975861 -0.028018 -0.994067 -0.105095 0.095397 0.729098 1 6 1.000000
flash
  6 -4.898204 -2.127739 68.796013 -0.077294 -0.995105 -0.061575 0.056572 0.713644 1 6 1.000000
  6 -4.972050 -2.131172 68.907837 -0.057028 -0.994463 -0.088262 0.077746 0.717151 1 6 1.000000
  6 -4.977718 -2.130281 68.901474 -0.057012 -0.994464 -0.088262 0.077226 0.718395 1 6 1.000000
flash
  6 -4.898204 -2.127739 68.796013 -0.077294 -0.995105 -0.061575 0.056572 0.713644 1 6 1.000000
  6 -4.890525 -2.128564 68.799728 -0.077266 -0.995108 -0.061569 0.056570 0.712280 1 6 1.000000
  6 -4.972050 -2.131172 68.907837 -0.057028 -0.994463 -0.088262 0.077746 0.717151 1 6 1.000000
flash
  6 -5.449526 -2.128719 68.867180 0.064246 -0.994647 -0.080933 0.104762 0.787615 1 6 1.000000
  6 -5.522274 -2.126839 68.758644 0.081407 -0.995316 -0.052135 0.094441 0.805404 1 6 1.000000
  6 -5.514218 -2.126035 68.755875 0.081433 -0.995313 -0.052162 0.093487 0.804455 1 6 1.000000
flash
  6 -5.449526 -2.128719 68.867180 0.064246 -0.994647 -0.080933 0.104762 0.787615 1 6 1.000000
  6 -5.455916 -2.129592 68.872833 0.064224 -0.994647 -0.080945 0.106008 0.788129 1 6 1.000000
  6 -5.522274 -2.126839 68.758644 0.081407 -0.995316 -0.052135 0.094441 0.805404 1 6 1.000000
flash
  6 -5.346704 -2.130586 68.944664 0.037606 -0.994139 -0.101352 0.108645 0.767725 1 6 1.000000
  6 -5.455916 -2.129592 68.872833 0.064224 -0.994647 -0.080945 0.106008 0.788129 1 6 1.000000
  6 -5.449526 -2.128719 68.867180 0.064246 -0.994647 -0.080933 0.104762 0.787615 1 6 1.000000
flash
  6 -5.346704 -2.130586 68.944664 0.037606 -0.994139 -0.101352 0.108645 0.767725 1 6 1.000000
  6 -5.350438 -2.131508 68.952324 0.037599 -0.994141 -0.101340 0.109992 0.767725 1 6 1.000000
  6 -5.455916 -2.129592 68.872833 0.064224 -0.994647 -0.080945 0.106008 0.788129 1 6 1.000000
flash
  6 -5.222237 -2.131381 68.977638 0.005141 -0.993948 -0.109732 0.104760 0.747837 1 6 1.000000
  6 -5.350438 -2.131508 68.952324 0.037599 -0.994141 -0.101340 0.109992 0.767725 1 6 1.000000
  6 -5.346704 -2.130586 68.944664 0.037606 -0.994139 -0.101352 0.108645 0.767725 1 6 1.000000
flash
  6 -5.222237 -2.131381 68.977638 0.005141 -0.993948 -0.109732 0.104760 0.747837 1 6 1.000000
  6 -5.222753 -2.132323 68.986153 0.005139 -0.993957 -0.109647 0.106008 0.747322 1 6 1.000000
  6 -5.350438 -2.131508 68.952324 0.037599 -0.994141 -0.101340 0.109992 0.767725 1 6 1.000000
flash
  6 -5.094724 -2.130950 68.959763 -0.028122 -0.994043 -0.105296 0.093486 0.730998 1 6 1.000000
  6 -5.222753 -2.132323 68.986153 0.005139 -0.993957 -0.109647 0.106008 0.747322 1 6 1.000000
  6 -5.222237 -2.131381 68.977638 0.005141 -0.993948 -0.109732 0.104760 0.747837 1 6 1.000000
flash
  6 -5.094724 -2.130950 68.959763 -0.028122 -0.994043 -0.105296 0.093486 0.730998 1 6 1.000000
  6 -5.091936 -2.131881 68.967804 -0.028072 -0.994057 -0.105178 0.094441 0.730048 1 6 1.000000
  6 -5.222753 -2.132323 68.986153 0.005139 -0.993957 -0.109647 0.106008 0.747322 1 6 1.000000
flash
  6 -4.983388 -2.129389 68.895096 -0.057016 -0.994466 -0.088244 0.076706 0.719639 1 6 1.000000
  6 -5.091936 -2.131881 68.967804 -0.028072 -0.994057 -0.105178 0.094441 0.730048 1 6 1.000000
  6 -5.094724 -2.130950 68.959763 -0.028122 -0.994043 -0.105296 0.093486 0.730998 1 6 1.000000
flash
  6 -4.983388 -2.129389 68.895096 -0.057016 -0.994466 -0.088244 0.076706 0.719639 1 6 1.000000
  6 -4.977718 -2.130281 68.901474 -0.057012 -0.994464 -0.088262 0.077226 0.718395 1 6 1.000000
  6 -5.091936 -2.131881 68.967804 -0.028072 -0.994057 -0.105178 0.094441 0.730048 1 6 1.000000
flash
  6 -4.905880 -2.126913 68.792305 -0.077322 -0.995101 -0.061599 0.056573 0.715008 1 6 1.000000
  6 -4.977718 -2.130281 68.901474 -0.057012 -0.994464 -0.088262 0.077226 0.718395 1 6 1.000000
  6 -4.983388 -2.129389 68.895096 -0.057016 -0.994466 -0.088244 0.076706 0.719639 1 6 1.000000
flash
  6 -4.905880 -2.126913 68.792305 -0.077322 -0.995101 -0.061599 0.056573 0.715008 1 6 1.000000
  6 -4.898204 -2.127739 68.796013 -0.077294 -0.995105 -0.061575 0.056572 0.713644 1 6 1.000000
  6 -4.977718 -2.130281 68.901474 -0.057012 -0.994464 -0.088262 0.077226 0.718395 1 6 1.000000
flash
  6 -4.872895 -2.123915 68.667877 -0.085758 -0.995890 -0.029138 0.034817 0.714254 1 6 1.000000
  6 -4.898204 -2.127739 68.796013 -0.077294 -0.995105 -0.061575 0.056572 0.713644 1 6 1.000000
  6 -4.905880 -2.126913 68.792305 -0.077322 -0.995101 -0.061599 0.056573 0.715008 1 6 1.000000
flash
  6 -4.872895 -2.123915 68.667877 -0.085758 -0.995890 -0.029138 0.034817 0.714254 1 6 1.000000
  6 -4.864367 -2.124662 68.668373 -0.085741 -0.995891 -0.029148 0.034252 0.712870 1 6 1.000000
  6 -4.898204 -2.127739 68.796013 -0.077294 -0.995105 -0.061575 0.056572 0.713644 1 6 1.000000
flash
  6 -4.864367 -2.124662 68.668373 -0.085741 -0.995891 -0.029148 0.034252 0.712870 1 6 1.000000
  6 -4.890525 -2.128564 68.799728 -0.077266 -0.995108 -0.061569 0.056570 0.712280 1 6 1.000000
  6 -4.898204 -2.127739 68.796013 -0.077294 -0.995105 -0.061575 0.056572 0.713644 1 6 1.000000
flash
  6 -4.864367 -2.124662 68.668373 -0.085741 -0.995891 -0.029148 0.034252 0.712870 1 6 1.000000
  6 -4.855838 -2.125411 68.668854 -0.085730 -0.995893 -0.029120 0.033688 0.711486 1 6 1.000000
  6 -4.890525 -2.128564 68.799728 -0.077266 -0.995108 -0.061569 0.056570 0.712280 1 6 1.000000
flash
  6 -4.890784 -2.120841 68.540382 -0.081403 -0.996673 0.004137 0.019017 0.730730 1 6 1.000000
  6 -4.864367 -2.124662 68.668373 -0.085741 -0.995891 -0.029148 0.033155 0.713329 1 6 1.000000
  6 -4.872895 -2.123915 68.667877 -0.085758 -0.995890 -0.029138 0.033748 0.714701 1 6 1.000000
flash
  6 -4.890784 -2.120841 68.540382 -0.081403 -0.996673 0.004137 0.019017 0.730730 1 6 1.000000
  6 -4.882728 -2.121511 68.537582 -0.081314 -0.996680 0.004103 0.018046 0.729774 1 6 1.000000
  6 -4.864367 -2.124662 68.668373 -0.085741 -0.995891 -0.029148 0.033155 0.713329 1 6 1.000000
flash
  6 -4.955463 -2.118157 68.429070 -0.064495 -0.997365 0.033202 0.008186 0.748323 1 6 1.000000
  6 -4.882728 -2.121511 68.537582 -0.081314 -0.996680 0.004103 0.018046 0.729774 1 6 1.000000
  6 -4.890784 -2.120841 68.540382 -0.081403 -0.996673 0.004137 0.019017 0.730730 1 6 1.000000
flash
  6 -4.955463 -2.118157 68.429070 -0.064495 -0.997365 0.033202 0.008186 0.748323 1 6 1.000000
  6 -4.949089 -2.118759 68.423401 -0.064383 -0.997377 0.033090 0.006937 0.747822 1 6 1.000000
  6 -4.882728 -2.121511 68.537582 -0.081314 -0.996680 0.004103 0.018046 0.729774 1 6 1.000000
flash
  6 -5.058280 -2.116290 68.351578 -0.037454 -0.997894 0.052962 0.004501 0.768248 1 6 1.000000
  6 -4.949089 -2.118759 68.423401 -0.064383 -0.997377 0.033090 0.006937 0.747822 1 6 1.000000
  6 -4.955463 -2.118157 68.429070 -0.064495 -0.997365 0.033202 0.008186 0.748323 1 6 1.000000
flash
  6 -5.058280 -2.116290 68.351578 -0.037454 -0.997894 0.052962 0.004501 0.768248 1 6 1.000000
  6 -5.054565 -2.116842 68.343903 -0.037712 -0.997854 0.053532 0.003158 0.768263 1 6 1.000000
  6 -4.949089 -2.118759 68.423401 -0.064383 -0.997377 0.033090 0.006937 0.747822 1 6 1.000000
flash
  6 -5.182755 -2.115496 68.318611 -0.005174 -0.998017 0.062734 0.008586 0.788097 1 6 1.000000
  6 -5.054565 -2.116842 68.343903 -0.037712 -0.997854 0.053532 0.003158 0.768263 1 6 1.000000
  6 -5.058280 -2.116290 68.351578 -0.037454 -0.997894 0.052962 0.004501 0.768248 1 6 1.000000
flash
  6 -5.182755 -2.115496 68.318611 -0.005174 -0.998017 0.062734 0.008586 0.788097 1 6 1.000000
  6 -5.182251 -2.116026 68.310074 -0.005143 -0.998076 0.061794 0.007347 0.788625 1 6 1.000000
  6 -5.054565 -2.116842 68.343903 -0.037712 -0.997854 0.053532 0.003158 0.768263 1 6 1.000000
flash
  6 -5.310280 -2.115926 68.336494 0.028143 -0.997956 0.057369 0.020031 0.804823 1 6 1.000000
  6 -5.182251 -2.116026 68.310074 -0.005143 -0.998076 0.061794 0.007347 0.788625 1 6 1.000000
  6 -5.182755 -2.115496 68.318611 -0.005174 -0.998017 0.062734 0.008586 0.788097 1 6 1.000000
flash
  6 -5.310280 -2.115926 68.336494 0.028143 -0.997956 0.057369 0.020031 0.804823 1 6 1.000000
  6 -5.313066 -2.116469 68.328415 0.028150 -0.997954 0.057408 0.019086 0.805782 1 6 1.000000
  6 -5.182251 -2.116026 68.310074 -0.005143 -0.998076 0.061794 0.007347 0.788625 1 6 1.000000
flash
  6 -5.421628 -2.117486 68.401176 0.057118 -0.997550 0.040384 0.036928 0.816015 1 6 1.000000
  6 -5.313066 -2.116469 68.328415 0.028150 -0.997954 0.057408 0.019086 0.805782 1 6 1.000000
  6 -5.310280 -2.115926 68.336494 0.028143 -0.997956 0.057369 0.020031 0.804823 1 6 1.000000
flash
  6 -5.421628 -2.117486 68.401176 0.057118 -0.997550 0.040384 0.036928 0.816015 1 6 1.000000
  6 -5.427284 -2.118069 68.394775 0.057063 -0.997556 0.040314 0.036418 0.817263 1 6 1.000000
  6 -5.313066 -2.116469 68.328415 0.028150 -0.997954 0.057408 0.019086 0.805782 1 6 1.000000
flash
  6 -5.499142 -2.119963 68.503967 0.077541 -0.996895 0.013659 0.056837 0.819800 1 6 1.000000
  6 -5.427284 -2.118069 68.394775 0.057063 -0.997556 0.040314 0.036418 0.817263 1 6 1.000000
  6 -5.421628 -2.117486 68.401176 0.057118 -0.997550 0.040384 0.036928 0.816015 1 6 1.000000
flash
  6 -5.499142 -2.119963 68.503967 0.077541 -0.996895 0.013659 0.056837 0.819800 1 6 1.000000
  6 -5.506800 -2.120610 68.500214 0.077509 -0.996898 0.013683 0.056842 0.821145 1 6 1.000000
  6 -5.427284 -2.118069 68.394775 0.057063 -0.997556 0.040314 0.036418 0.817263 1 6 1.000000
flash
  6 -5.532122 -2.122962 68.628395 0.086032 -0.996113 -0.018879 0.076706 0.815816 1 6 1.000000
  6 -5.506800 -2.120610 68.500214 0.077509 -0.996898 0.013683 0.056842 0.821145 1 6 1.000000
  6 -5.499142 -2.119963 68.503967 0.077541 -0.996895 0.013659 0.056837 0.819800 1 6 1.000000
flash
  6 -5.532122 -2.122962 68.628395 0.086032 -0.996113 -0.018879 0.076706 0.815816 1 6 1.000000
  6 -5.540637 -2.123686 68.627861 0.085929 -0.996123 -0.018863 0.077225 0.817058 1 6 1.000000
  6 -5.506800 -2.120610 68.500214 0.077509 -0.996898 0.013683 0.056842 0.821145 1 6 1.000000
flash
  6 -5.514218 -2.126035 68.755875 0.081433 -0.995313 -0.052162 0.093487 0.804455 1 6 1.000000
  6 -5.540637 -2.123686 68.627861 0.085929 -0.996123 -0.018863 0.077225 0.817058 1 6 1.000000
  6 -5.532122 -2.122962 68.628395 0.086032 -0.996113 -0.018879 0.076706 0.815816 1 6 1.000000
flash
  6 -5.514218 -2.126035 68.755875 0.081433 -0.995313 -0.052162 0.093487 0.804455 1 6 1.000000
  6 -5.522274 -2.126839 68.758644 0.081407 -0.995316 -0.052135 0.094441 0.805404 1 6 1.000000
  6 -5.540637 -2.123686 68.627861 0.085929 -0.996123 -0.018863 0.077225 0.817058 1 6 1.000000
flash
  6 -4.882728 -2.121511 68.537582 -0.081314 -0.996680 0.004103 0.018046 0.729774 1 6 1.000000
  6 -4.855838 -2.125411 68.668854 -0.085730 -0.995893 -0.029120 0.032563 0.711957 1 6 1.000000
  6 -4.864367 -2.124662 68.668373 -0.085741 -0.995891 -0.029148 0.033155 0.713329 1 6 1.000000
flash
  6 -4.882728 -2.121511 68.537582 -0.081314 -0.996680 0.004103 0.018046 0.729774 1 6 1.000000
  6 -4.874671 -2.122180 68.534775 -0.081240 -0.996686 0.004091 0.017075 0.728817 1 6 1.000000
  6 -4.855838 -2.125411 68.668854 -0.085730 -0.995893 -0.029120 0.032563 0.711957 1 6 1.000000
flash
  6 -4.949089 -2.118759 68.423401 -0.064383 -0.997377 0.033090 0.006937 0.747822 1 6 1.000000
  6 -4.874671 -2.122180 68.534775 -0.081240 -0.996686 0.004091 0.017075 0.728817 1 6 1.000000
  6 -4.882728 -2.121511 68.537582 -0.081314 -0.996680 0.004103 0.018046 0.729774 1 6 1.000000
flash
  6 -4.949089 -2.118759 68.423401 -0.064383 -0.997377 0.033090 0.006937 0.747822 1 6 1.000000
  6 -4.942711 -2.119358 68.417725 -0.064289 -0.997385 0.033013 0.005688 0.747321 1 6 1.000000
  6 -4.874671 -2.122180 68.534775 -0.081240 -0.996686 0.004091 0.017075 0.728817 1 6 1.000000
flash
  6 -5.054565 -2.116842 68.343903 -0.037712 -0.997854 0.053532 0.003158 0.768263 1 6 1.000000
  6 -4.942711 -2.119358 68.417725 -0.064289 -0.997385 0.033013 0.005688 0.747321 1 6 1.000000
  6 -4.949089 -2.118759 68.423401 -0.064383 -0.997377 0.033090 0.006937 0.747822 1 6 1.000000
flash
  6 -5.054565 -2.116842 68.343903 -0.037712 -0.997854 0.053532 0.003158 0.768263 1 6 1.000000
  6 -5.050850 -2.117393 68.336235 -0.037670 -0.997860 0.053445 0.001814 0.768278 1 6 1.000000
  6 -4.942711 -2.119358 68.417725 -0.064289 -0.997385 0.033013 0.005688 0.747321 1 6 1.000000
flash
  6 -5.182251 -2.116026 68.310074 -0.005143 -0.998076 0.061794 0.007347 0.788625 1 6 1.000000
  6 -5.050850 -2.117393 68.336235 -0.037670 -0.997860 0.053445 0.001814 0.768278 1 6 1.000000
  6 -5.054565 -2.116842 68.343903 -0.037712 -0.997854 0.053532 0.003158 0.768263 1 6 1.000000
flash
  6 -5.182251 -2.116026 68.310074 -0.005143 -0.998076 0.061794 0.007347 0.788625 1 6 1.000000
  6 -5.181750 -2.116558 68.301552 -0.005133 -0.998073 0.061844 0.006107 0.789153 1 6 1.000000
  6 -5.050850 -2.117393 68.336235 -0.037670 -0.997860 0.053445 0.001814 0.768278 1 6 1.000000
flash
  6 -5.313066 -2.116469 68.328415 0.028150 -0.997954 0.057408 0.019086 0.805782 1 6 1.000000
  6 -5.181750 -2.116558 68.301552 -0.005133 -0.998073 0.061844 0.006107 0.789153 1 6 1.000000
  6 -5.182251 -2.116026 68.310074 -0.005143 -0.998076 0.061794 0.007347 0.788625 1 6 1.000000
flash
  6 -5.313066 -2.116469 68.328415 0.028150 -0.997954 0.057408 0.019086 0.805782 1 6 1.000000
  6 -5.315853 -2.117012 68.320358 0.028172 -0.997952 0.057430 0.018141 0.806741 1 6 1.000000
  6 -5.181750 -2.116558 68.301552 -0.005133 -0.998073 0.061844 0.006107 0.789153 1 6 1.000000
flash
  6 -5.427284 -2.118069 68.394775 0.057063 -0.997556 0.040314 0.036418 0.817263 1 6 1.000000
  6 -5.315853 -2.117012 68.320358 0.028172 -0.997952 0.057430 0.018141 0.806741 1 6 1.000000
  6 -5.313066 -2.116469 68.328415 0.028150 -0.997954 0.057408 0.019086 0.805782 1 6 1.000000
flash
  6 -5.427284 -2.118069 68.394775 0.057063 -0.997556 0.040314 0.036418 0.817263 1 6 1.000000
  6 -5.432940 -2.118650 68.388367 0.057008 -0.997561 0.040274 0.035909 0.818510 1 6 1.000000
  6 -5.315853 -2.117012 68.320358 0.028172 -0.997952 0.057430 0.018141 0.806741 1 6 1.000000
flash
  6 -5.506800 -2.120610 68.500214 0.077509 -0.996898 0.013683 0.056842 0.821145 1 6 1.000000
  6 -5.432940 -2.118650 68.388367 0.057008 -0.997561 0.040274 0.035909 0.818510 1 6 1.000000
  6 -5.427284 -2.118069 68.394775 0.057063 -0.997556 0.040314 0.036418 0.817263 1 6 1.000000
flash
  6 -5.506800 -2.120610 68.500214 0.077509 -0.996898 0.013683 0.056842 0.821145 1 6 1.000000
  6 -5.514459 -2.121256 68.496475 0.077498 -0.996899 0.013679 0.056847 0.822491 1 6 1.000000
  6 -5.432940 -2.118650 68.388367 0.057008 -0.997561 0.040274 0.035909 0.818510 1 6 1.000000
flash
  6 -5.540637 -2.123686 68.627861 0.085929 -0.996123 -0.018863 0.077225 0.817058 1 6 1.000000
  6 -5.514459 -2.121256 68.496475 0.077498 -0.996899 0.013679 0.056847 0.822491 1 6 1.000000
  6 -5.506800 -2.120610 68.500214 0.077509 -0.996898 0.013683 0.056842 0.821145 1 6 1.000000
flash
  6 -5.540637 -2.123686 68.627861 0.085929 -0.996123 -0.018863 0.077225 0.817058 1 6 1.000000
  6 -5.549150 -2.124411 68.627335 0.085851 -0.996129 -0.018867 0.077745 0.818301 1 6 1.000000
  6 -5.514459 -2.121256 68.496475 0.077498 -0.996899 0.013679 0.056847 0.822491 1 6 1.000000
flash
  6 -5.522274 -2.126839 68.758644 0.081407 -0.995316 -0.052135 0.094441 0.805404 1 6 1.000000
  6 -5.549150 -2.124411 68.627335 0.085851 -0.996129 -0.018867 0.077745 0.818301 1 6 1.000000
  6 -5.540637 -2.123686 68.627861 0.085929 -0.996123 -0.018863 0.077225 0.817058 1 6 1.000000
flash
  6 -5.522274 -2.126839 68.758644 0.081407 -0.995316 -0.052135 0.094441 0.805404 1 6 1.000000
  6 -5.530334 -2.127644 68.761414 0.081383 -0.995319 -0.052129 0.095395 0.806353 1 6 1.000000
  6 -5.549150 -2.124411 68.627335 0.085851 -0.996129 -0.018867 0.077745 0.818301 1 6 1.000000
flash
  6 4.500280 -2.457832 68.639771 -0.155301 -0.919384 -0.361406 0.843896 0.007597 1 6 1.000000
  6 4.493103 -2.456731 68.640060 -0.158913 -0.919834 -0.358680 0.844036 0.006429 1 6 1.000000
  6 4.546351 -2.398328 68.500183 0.076296 -0.920343 -0.383598 0.819194 0.011634 1 6 1.000000
flash
  6 4.552763 -2.507493 68.775673 -0.236795 -0.958853 -0.156616 0.866002 0.018581 1 6 1.000000
  6 4.493103 -2.456731 68.640060 -0.158913 -0.919834 -0.358680 0.844036 0.006429 1 6 1.000000
  6 4.500280 -2.457832 68.639771 -0.155301 -0.919384 -0.361406 0.843896 0.007597 1 6 1.000000
flash
  6 4.552763 -2.507493 68.775673 -0.236795 -0.958853 -0.156616 0.866002 0.018581 1 6 1.000000
  6 4.546306 -2.506620 68.780136 -0.238865 -0.958151 -0.157763 0.866766 0.017579 1 6 1.000000
  6 4.493103 -2.456731 68.640060 -0.158913 -0.919834 -0.358680 0.844036 0.006429 1 6 1.000000
flash
  6 4.698684 -2.545910 68.892220 -0.156031 -0.987181 -0.033577 0.883696 0.043317 1 6 1.000000
  6 4.546306 -2.506620 68.780136 -0.238865 -0.958151 -0.157763 0.866766 0.017579 1 6 1.000000
  6 4.552763 -2.507493 68.775673 -0.236795 -0.958853 -0.156616 0.866002 0.018581 1 6 1.000000
flash
  6 4.698684 -2.545910 68.892220 -0.156031 -0.987181 -0.033577 0.883696 0.043317 1 6 1.000000
  6 4.693976 -2.545411 68.899483 -0.156825 -0.987037 -0.034118 0.884871 0.042623 1 6 1.000000
  6 4.546306 -2.506620 68.780136 -0.238865 -0.958151 -0.157763 0.866766 0.017579 1 6 1.000000
flash
  6 4.878912 -2.565515 68.975342 -0.014490 -0.999822 0.012044 0.895563 0.072675 1 6 1.000000
  6 4.693976 -2.545411 68.899483 -0.156825 -0.987037 -0.034118 0.884871 0.042623 1 6 1.000000
  6 4.698684 -2.545910 68.892220 -0.156031 -0.987181 -0.033577 0.883696 0.043317 1 6 1.000000
flash
  6 4.878912 -2.565515 68.975342 -0.014490 -0.999822 0.012044 0.895563 0.072675 1 6 1.000000
  6 4.876132 -2.565368 68.984093 -0.012372 -0.999849 0.012215 0.896956 0.072298 1 6 1.000000
  6 4.693976 -2.545411 68.899483 -0.156825 -0.987037 -0.034118 0.884871 0.042623 1 6 1.000000
flash
  6 5.032131 -2.552815 69.017723 0.346572 -0.936646 0.050805 0.901156 0.098713 1 6 1.000000
  6 4.876132 -2.565368 68.984093 -0.012372 -0.999849 0.012215 0.896956 0.072298 1 6 1.000000
  6 4.878912 -2.565515 68.975342 -0.014490 -0.999822 0.012044 0.895563 0.072675 1 6 1.000000
flash
  6 5.032131 -2.552815 69.017723 0.346572 -0.936646 0.050805 0.901156 0.098713 1 6 1.000000
  6 5.030656 -2.552848 69.027100 0.355329 -0.933331 0.051329 0.902640 0.098547 1 6 1.000000
  6 4.876132 -2.565368 68.984093 -0.012372 -0.999849 0.012215 0.896956 0.072298 1 6 1.000000
flash
  6 5.135716 -2.475669 69.033974 0.817931 -0.571960 0.062055 0.902978 0.124966 1 6 1.000000
  6 5.030656 -2.552848 69.027100 0.355329 -0.933331 0.051329 0.902640 0.098547 1 6 1.000000
  6 5.032131 -2.552815 69.017723 0.346572 -0.936646 0.050805 0.901156 0.098713 1 6 1.000000
flash
  6 5.135716 -2.475669 69.033974 0.817931 -0.571960 0.062055 0.902978 0.124966 1 6 1.000000
  6 5.134928 -2.475767 69.043533 0.821320 -0.567162 0.061330 0.904486 0.124905 1 6 1.000000
  6 5.030656 -2.552848 69.027100 0.355329 -0.933331 0.051329 0.902640 0.098547 1 6 1.000000
flash
  6 5.134928 -2.475767 69.043533 0.821320 -0.567162 0.061330 0.904486 0.124905 1 6 1.000000
  6 5.135716 -2.475669 69.033974 0.817931 -0.571960 0.062055 0.902978 0.124966 1 6 1.000000
  6 5.185706 -2.301733 69.041344 0.980702 -0.189643 0.047532 0.903754 0.157822 1 6 1.000000
flash
  6 5.134928 -2.475767 69.043533 0.821320 -0.567162 0.061330 0.904486 0.124905 1 6 1.000000
  6 5.185706 -2.301733 69.041344 0.980702 -0.189643 0.047532 0.903754 0.157822 1 6 1.000000
  6 5.185219 -2.301859 69.050941 0.980648 -0.190034 0.047081 0.905266 0.157798 1 6 1.000000
flash
  6 5.185219 -2.301859 69.050941 0.980648 -0.190034 0.047081 0.905266 0.157798 1 6 1.000000
  6 5.185706 -2.301733 69.041344 0.980702 -0.189643 0.047532 0.903754 0.157822 1 6 1.000000
  6 5.214042 -2.016505 69.045471 0.994344 -0.103718 0.022870 0.904142 0.203621 1 6 1.000000
flash
  6 5.185219 -2.301859 69.050941 0.980648 -0.190034 0.047081 0.905266 0.157798 1 6 1.000000
  6 5.214042 -2.016505 69.045471 0.994344 -0.103718 0.022870 0.904142 0.203621 1 6 1.000000
  6 5.213808 -2.016637 69.055054 0.994299 -0.104259 0.022338 0.905655 0.203606 1 6 1.000000
flash
  6 5.255744 -1.634959 69.046555 0.988765 -0.144494 -0.038275 0.904027 0.264191 1 6 1.000000
  6 5.213808 -2.016637 69.055054 0.994299 -0.104259 0.022338 0.905655 0.203606 1 6 1.000000
  6 5.214042 -2.016505 69.045471 0.994344 -0.103718 0.022870 0.904142 0.203621 1 6 1.000000
flash
  6 5.255744 -1.634959 69.046555 0.988765 -0.144494 -0.038275 0.904027 0.264191 1 6 1.000000
  6 5.256094 -1.635074 69.056061 0.988620 -0.145262 -0.039106 0.905534 0.264199 1 6 1.000000
  6 5.213808 -2.016637 69.055054 0.994299 -0.104259 0.022338 0.905655 0.203606 1 6 1.000000
flash
  6 5.322256 -1.272143 69.034660 0.941762 -0.284671 -0.179018 0.902246 0.323342 1 6 1.000000
  6 5.256094 -1.635074 69.056061 0.988620 -0.145262 -0.039106 0.905534 0.264199 1 6 1.000000
  6 5.255744 -1.634959 69.046555 0.988765 -0.144494 -0.038275 0.904027 0.264191 1 6 1.000000
flash
  6 5.322256 -1.272143 69.034660 0.941762 -0.284671 -0.179018 0.902246 0.323342 1 6 1.000000
  6 5.323929 -1.272224 69.043655 0.942046 -0.284283 -0.178136 0.903719 0.323458 1 6 1.000000
  6 5.256094 -1.635074 69.056061 0.988620 -0.145262 -0.039106 0.905534 0.264199 1 6 1.000000
flash
  6 5.416845 -1.036177 69.005508 0.758081 -0.525997 -0.385539 0.898754 0.365434 1 6 1.000000
  6 5.323929 -1.272224 69.043655 0.942046 -0.284283 -0.178136 0.903719 0.323458 1 6 1.000000
  6 5.322256 -1.272143 69.034660 0.941762 -0.284671 -0.179018 0.902246 0.323342 1 6 1.000000
flash
  6 5.584774 -0.817766 68.679588 0.002626 -0.999706 -0.024098 0.855764 0.427209 1 6 1.000000
  6 5.593256 -0.817751 68.679588 0.001630 -0.999708 -0.024101 0.856319 0.428557 1 6 1.000000
  6 5.571032 -0.840060 68.817108 0.109427 -0.947353 -0.300913 0.874268 0.412495 1 6 1.000000
flash
  6 5.584774 -0.817766 68.679588 0.002626 -0.999706 -0.024098 0.855764 0.427209 1 6 1.000000
  6 5.571032 -0.840060 68.817108 0.109427 -0.947353 -0.300913 0.874268 0.412495 1 6 1.000000
  6 5.563120 -0.840044 68.814156 0.110732 -0.947666 -0.299446 0.873365 0.411482 1 6 1.000000
flash
  6 5.576293 -0.817780 68.679588 0.003514 -0.999704 -0.024094 0.855208 0.425860 1 6 1.000000
  6 5.584774 -0.817766 68.679588 0.002626 -0.999706 -0.024098 0.855764 0.427209 1 6 1.000000
  6 5.563120 -0.840044 68.814156 0.110732 -0.947666 -0.299446 0.873365 0.411482 1 6 1.000000
flash
  6 5.576293 -0.817780 68.679588 0.003514 -0.999704 -0.024094 0.855208 0.425860 1 6 1.000000
  6 5.563120 -0.840044 68.814156 0.110732 -0.947666 -0.299446 0.873365 0.411482 1 6 1.000000
  6 5.555211 -0.840029 68.811218 0.112217 -0.947544 -0.299278 0.872463 0.410469 1 6 1.000000
flash
  6 5.555211 -0.840029 68.811218 0.112217 -0.947544 -0.299278 0.872463 0.410469 1 6 1.000000
  6 5.563120 -0.840044 68.814156 0.110732 -0.947666 -0.299446 0.873365 0.411482 1 6 1.000000
  6 5.502339 -0.907084 68.925835 0.415752 -0.778969 -0.469422 0.887985 0.392180 1 6 1.000000
flash
  6 5.563120 -0.840044 68.814156 0.110732 -0.947666 -0.299446 0.873365 0.411482 1 6 1.000000
  6 5.508634 -0.907096 68.931427 0.415847 -0.779376 -0.468662 0.889176 0.392858 1 6 1.000000
  6 5.502339 -0.907084 68.925835 0.415752 -0.778969 -0.469422 0.887985 0.392180 1 6 1.000000
flash
  6 5.508634 -0.907096 68.931427 0.415847 -0.779376 -0.468662 0.889176 0.392858 1 6 1.000000
  6 5.412923 -1.036140 68.997841 0.755205 -0.527415 -0.389229 0.897378 0.365076 1 6 1.000000
  6 5.502339 -0.907084 68.925835 0.415752 -0.778969 -0.469422 0.887985 0.392180 1 6 1.000000
flash
  6 5.508634 -0.907096 68.931427 0.415847 -0.779376 -0.468662 0.889176 0.392858 1 6 1.000000
  6 5.416845 -1.036177 69.005508 0.758081 -0.525997 -0.385539 0.898754 0.365434 1 6 1.000000
  6 5.412923 -1.036140 68.997841 0.755205 -0.527415 -0.389229 0.897378 0.365076 1 6 1.000000
flash
  6 5.416845 -1.036177 69.005508 0.758081 -0.525997 -0.385539 0.898754 0.365434 1 6 1.000000
  6 5.322256 -1.272143 69.034660 0.941762 -0.284671 -0.179018 0.902246 0.323342 1 6 1.000000
  6 5.412923 -1.036140 68.997841 0.755205 -0.527415 -0.389229 0.897378 0.365076 1 6 1.000000
flash
  6 5.412923 -1.036140 68.997841 0.755205 -0.527415 -0.389229 0.897378 0.365076 1 6 1.000000
  6 5.322256 -1.272143 69.034660 0.941762 -0.284671 -0.179018 0.902246 0.323342 1 6 1.000000
  6 5.320580 -1.272064 69.025681 0.941563 -0.284645 -0.180101 0.900774 0.323225 1 6 1.000000
flash
  6 5.320580 -1.272064 69.025681 0.941563 -0.284645 -0.180101 0.900774 0.323225 1 6 1.000000
  6 5.322256 -1.272143 69.034660 0.941762 -0.284671 -0.179018 0.902246 0.323342 1 6 1.000000
  6 5.255744 -1.634959 69.046555 0.988765 -0.144494 -0.038275 0.904027 0.264191 1 6 1.000000
flash
  6 5.320580 -1.272064 69.025681 0.941563 -0.284645 -0.180101 0.900774 0.323225 1 6 1.000000
  6 5.255744 -1.634959 69.046555 0.988765 -0.144494 -0.038275 0.904027 0.264191 1 6 1.000000
  6 5.255397 -1.634843 69.037033 0.988919 -0.143651 -0.037461 0.902519 0.264182 1 6 1.000000
flash
  6 5.255397 -1.634843 69.037033 0.988919 -0.143651 -0.037461 0.902519 0.264182 1 6 1.000000
  6 5.255744 -1.634959 69.046555 0.988765 -0.144494 -0.038275 0.904027 0.264191 1 6 1.000000
  6 5.214042 -2.016505 69.045471 0.994344 -0.103718 0.022870 0.904142 0.203621 1 6 1.000000
flash
  6 5.255397 -1.634843 69.037033 0.988919 -0.143651 -0.037461 0.902519 0.264182 1 6 1.000000
  6 5.214042 -2.016505 69.045471 0.994344 -0.103718 0.022870 0.904142 0.203621 1 6 1.000000
  6 5.214279 -2.016372 69.035873 0.994388 -0.103175 0.023402 0.902630 0.203637 1 6 1.000000
flash
  6 5.185706 -2.301733 69.041344 0.980702 -0.189643 0.047532 0.903754 0.157822 1 6 1.000000
  6 5.214279 -2.016372 69.035873 0.994388 -0.103175 0.023402 0.902630 0.203637 1 6 1.000000
  6 5.214042 -2.016505 69.045471 0.994344 -0.103718 0.022870 0.904142 0.203621 1 6 1.000000
flash
  6 5.185706 -2.301733 69.041344 0.980702 -0.189643 0.047532 0.903754 0.157822 1 6 1.000000
  6 5.186195 -2.301608 69.031746 0.980755 -0.189254 0.047981 0.902241 0.157845 1 6 1.000000
  6 5.214279 -2.016372 69.035873 0.994388 -0.103175 0.023402 0.902630 0.203637 1 6 1.000000
flash
  6 5.135716 -2.475669 69.033974 0.817931 -0.571960 0.062055 0.902978 0.124966 1 6 1.000000
  6 5.186195 -2.301608 69.031746 0.980755 -0.189254 0.047981 0.902241 0.157845 1 6 1.000000
  6 5.185706 -2.301733 69.041344 0.980702 -0.189643 0.047532 0.903754 0.157822 1 6 1.000000
flash
  6 5.135716 -2.475669 69.033974 0.817931 -0.571960 0.062055 0.902978 0.124966 1 6 1.000000
  6 5.136507 -2.475573 69.024422 0.814824 -0.576299 0.062781 0.901470 0.125028 1 6 1.000000
  6 5.186195 -2.301608 69.031746 0.980755 -0.189254 0.047981 0.902241 0.157845 1 6 1.000000
flash
  6 5.563120 -0.840044 68.814156 0.110732 -0.947666 -0.299446 0.873365 0.411482 1 6 1.000000
  6 5.571032 -0.840060 68.817108 0.109427 -0.947353 -0.300913 0.874268 0.412495 1 6 1.000000
  6 5.508634 -0.907096 68.931427 0.415847 -0.779376 -0.468662 0.889176 0.392858 1 6 1.000000
flash
  6 5.555211 -0.840029 68.811218 0.112217 -0.947544 -0.299278 0.872463 0.410469 1 6 1.000000
  6 5.502339 -0.907084 68.925835 0.415752 -0.778969 -0.469422 0.887985 0.392180 1 6 1.000000
  6 5.496047 -0.907072 68.920242 0.417709 -0.777056 -0.470853 0.886794 0.391502 1 6 1.000000
flash
  6 5.502339 -0.907084 68.925835 0.415752 -0.778969 -0.469422 0.887985 0.392180 1 6 1.000000
  6 5.409005 -1.036103 68.990181 0.753421 -0.527310 -0.392811 0.896001 0.364719 1 6 1.000000
  6 5.496047 -0.907072 68.920242 0.417709 -0.777056 -0.470853 0.886794 0.391502 1 6 1.000000
flash
  6 5.502339 -0.907084 68.925835 0.415752 -0.778969 -0.469422 0.887985 0.392180 1 6 1.000000
  6 5.412923 -1.036140 68.997841 0.755205 -0.527415 -0.389229 0.897378 0.365076 1 6 1.000000
  6 5.409005 -1.036103 68.990181 0.753421 -0.527310 -0.392811 0.896001 0.364719 1 6 1.000000
flash
  6 5.412923 -1.036140 68.997841 0.755205 -0.527415 -0.389229 0.897378 0.365076 1 6 1.000000
  6 5.320580 -1.272064 69.025681 0.941563 -0.284645 -0.180101 0.900774 0.323225 1 6 1.000000
  6 5.409005 -1.036103 68.990181 0.753421 -0.527310 -0.392811 0.896001 0.364719 1 6 1.000000
flash
  6 5.136507 -2.475573 69.024422 0.814824 -0.576299 0.062781 0.901470 0.125028 1 6 1.000000
  6 5.135716 -2.475669 69.033974 0.817931 -0.571960 0.062055 0.902978 0.124966 1 6 1.000000
  6 5.032131 -2.552815 69.017723 0.346572 -0.936646 0.050805 0.901156 0.098713 1 6 1.000000
flash
  6 5.136507 -2.475573 69.024422 0.814824 -0.576299 0.062781 0.901470 0.125028 1 6 1.000000
  6 5.032131 -2.552815 69.017723 0.346572 -0.936646 0.050805 0.901156 0.098713 1 6 1.000000
  6 5.033605 -2.552782 69.008339 0.338848 -0.939491 0.050384 0.899671 0.098880 1 6 1.000000
flash
  6 5.033605 -2.552782 69.008339 0.338848 -0.939491 0.050384 0.899671 0.098880 1 6 1.000000
  6 5.032131 -2.552815 69.017723 0.346572 -0.936646 0.050805 0.901156 0.098713 1 6 1.000000
  6 4.878912 -2.565515 68.975342 -0.014490 -0.999822 0.012044 0.895563 0.072675 1 6 1.000000
flash
  6 5.033605 -2.552782 69.008339 0.338848 -0.939491 0.050384 0.899671 0.098880 1 6 1.000000
  6 4.878912 -2.565515 68.975342 -0.014490 -0.999822 0.012044 0.895563 0.072675 1 6 1.000000
  6 4.881692 -2.565662 68.966606 -0.016029 -0.999799 0.012040 0.894169 0.073051 1 6 1.000000
flash
  6 4.881692 -2.565662 68.966606 -0.016029 -0.999799 0.012040 0.894169 0.073051 1 6 1.000000
  6 4.878912 -2.565515 68.975342 -0.014490 -0.999822 0.012044 0.895563 0.072675 1 6 1.000000
  6 4.698684 -2.545910 68.892220 -0.156031 -0.987181 -0.033577 0.883696 0.043317 1 6 1.000000
flash
  6 4.881692 -2.565662 68.966606 -0.016029 -0.999799 0.012040 0.894169 0.073051 1 6 1.000000
  6 4.698684 -2.545910 68.892220 -0.156031 -0.987181 -0.033577 0.883696 0.043317 1 6 1.000000
  6 4.703393 -2.546408 68.884964 -0.155080 -0.987353 -0.032924 0.882520 0.044012 1 6 1.000000
flash
  6 4.703393 -2.546408 68.884964 -0.155080 -0.987353 -0.032924 0.882520 0.044012 1 6 1.000000
  6 4.698684 -2.545910 68.892220 -0.156031 -0.987181 -0.033577 0.883696 0.043317 1 6 1.000000
  6 4.552763 -2.507493 68.775673 -0.236795 -0.958853 -0.156616 0.866002 0.018581 1 6 1.000000
flash
  6 4.703393 -2.546408 68.884964 -0.155080 -0.987353 -0.032924 0.882520 0.044012 1 6 1.000000
  6 4.552763 -2.507493 68.775673 -0.236795 -0.958853 -0.156616 0.866002 0.018581 1 6 1.000000
  6 4.559220 -2.508370 68.771187 -0.235359 -0.959309 -0.155990 0.865239 0.019583 1 6 1.000000
flash
  6 4.559220 -2.508370 68.771187 -0.235359 -0.959309 -0.155990 0.865239 0.019583 1 6 1.000000
  6 4.552763 -2.507493 68.775673 -0.236795 -0.958853 -0.156616 0.866002 0.018581 1 6 1.000000
  6 4.500280 -2.457832 68.639771 -0.155301 -0.919384 -0.361406 0.843896 0.007597 1 6 1.000000
flash
  6 4.559220 -2.508370 68.771187 -0.235359 -0.959309 -0.155990 0.865239 0.019583 1 6 1.000000
  6 4.500280 -2.457832 68.639771 -0.155301 -0.919384 -0.361406 0.843896 0.007597 1 6 1.000000
  6 4.507458 -2.458934 68.639496 -0.151732 -0.918098 -0.366161 0.843756 0.008764 1 6 1.000000
flash
  6 4.507458 -2.458934 68.639496 -0.151732 -0.918098 -0.366161 0.843756 0.008764 1 6 1.000000
  6 4.500280 -2.457832 68.639771 -0.155301 -0.919384 -0.361406 0.843896 0.007597 1 6 1.000000
  6 4.552978 -2.399430 68.504166 0.078872 -0.918401 -0.387709 0.819698 0.012784 1 6 1.000000
flash
  6 4.500280 -2.457832 68.639771 -0.155301 -0.919384 -0.361406 0.843896 0.007597 1 6 1.000000
  6 4.546351 -2.398328 68.500183 0.076296 -0.920343 -0.383598 0.819194 0.011634 1 6 1.000000
  6 4.552978 -2.399430 68.504166 0.078872 -0.918401 -0.387709 0.819698 0.012784 1 6 1.000000
flash
  6 4.698933 -2.335029 68.388397 0.204459 -0.943022 -0.262499 0.796197 0.032982 1 6 1.000000
  6 4.552978 -2.399430 68.504166 0.078872 -0.918401 -0.387709 0.819698 0.012784 1 6 1.000000
  6 4.546351 -2.398328 68.500183 0.076296 -0.920343 -0.383598 0.819194 0.011634 1 6 1.000000
flash
  6 4.698933 -2.335029 68.388397 0.204459 -0.943022 -0.262499 0.796197 0.032982 1 6 1.000000
  6 4.546351 -2.398328 68.500183 0.076296 -0.920343 -0.383598 0.819194 0.011634 1 6 1.000000
  6 4.694034 -2.334159 68.381447 0.202389 -0.944377 -0.259212 0.795222 0.032027 1 6 1.000000
flash
  6 4.879014 -2.273429 68.306496 0.286050 -0.944981 -0.158703 0.777137 0.059416 1 6 1.000000
  6 4.698933 -2.335029 68.388397 0.204459 -0.943022 -0.262499 0.796197 0.032982 1 6 1.000000
  6 4.694034 -2.334159 68.381447 0.202389 -0.944377 -0.259212 0.795222 0.032027 1 6 1.000000
flash
  6 4.879014 -2.273429 68.306496 0.286050 -0.944981 -0.158703 0.777137 0.059416 1 6 1.000000
  6 4.694034 -2.334159 68.381447 0.202389 -0.944377 -0.259212 0.795222 0.032027 1 6 1.000000
  6 4.876161 -2.272845 68.297859 0.285417 -0.945488 -0.156812 0.775875 0.058718 1 6 1.000000
flash
  6 5.031981 -2.214673 68.265907 0.512415 -0.851417 -0.111894 0.765111 0.084084 1 6 1.000000
  6 4.879014 -2.273429 68.306496 0.286050 -0.944981 -0.158703 0.777137 0.059416 1 6 1.000000
  6 4.876161 -2.272845 68.297859 0.285417 -0.945488 -0.156812 0.775875 0.058718 1 6 1.000000
flash
  6 5.031981 -2.214673 68.265907 0.512415 -0.851417 -0.111894 0.765111 0.084084 1 6 1.000000
  6 4.876161 -2.272845 68.297859 0.285417 -0.945488 -0.156812 0.775875 0.058718 1 6 1.000000
  6 5.030636 -2.214252 68.256554 0.519253 -0.847364 -0.111136 0.763705 0.083585 1 6 1.000000
flash
  6 5.135825 -2.118120 68.263420 0.845602 -0.530071 -0.063100 0.758606 0.110074 1 6 1.000000
  6 5.033328 -2.215093 68.275276 0.506688 -0.854730 -0.112708 0.766517 0.084583 1 6 1.000000
  6 5.031981 -2.214673 68.265907 0.512415 -0.851417 -0.111894 0.765111 0.084084 1 6 1.000000
flash
  6 5.033328 -2.215093 68.275276 0.506688 -0.854730 -0.112708 0.766517 0.084583 1 6 1.000000
  6 4.879014 -2.273429 68.306496 0.286050 -0.944981 -0.158703 0.777137 0.059416 1 6 1.000000
  6 5.031981 -2.214673 68.265907 0.512415 -0.851417 -0.111894 0.765111 0.084084 1 6 1.000000
flash
  6 5.033328 -2.215093 68.275276 0.506688 -0.854730 -0.112708 0.766517 0.084583 1 6 1.000000
  6 4.881870 -2.274013 68.315117 0.287471 -0.944230 -0.160590 0.778400 0.060115 1 6 1.000000
  6 4.879014 -2.273429 68.306496 0.286050 -0.944981 -0.158703 0.777137 0.059416 1 6 1.000000
flash
  6 4.881870 -2.274013 68.315117 0.287471 -0.944230 -0.160590 0.778400 0.060115 1 6 1.000000
  6 4.698933 -2.335029 68.388397 0.204459 -0.943022 -0.262499 0.796197 0.032982 1 6 1.000000
  6 4.879014 -2.273429 68.306496 0.286050 -0.944981 -0.158703 0.777137 0.059416 1 6 1.000000
flash
  6 4.881870 -2.274013 68.315117 0.287471 -0.944230 -0.160590 0.778400 0.060115 1 6 1.000000
  6 4.703831 -2.335899 68.395340 0.206108 -0.941702 -0.265927 0.797173 0.033938 1 6 1.000000
  6 4.698933 -2.335029 68.388397 0.204459 -0.943022 -0.262499 0.796197 0.032982 1 6 1.000000
flash
  6 4.703831 -2.335899 68.395340 0.206108 -0.941702 -0.265927 0.797173 0.033938 1 6 1.000000
  6 4.552978 -2.399430 68.504166 0.078872 -0.918401 -0.387709 0.819698 0.012784 1 6 1.000000
  6 4.698933 -2.335029 68.388397 0.204459 -0.943022 -0.262499 0.796197 0.032982 1 6 1.000000
flash
  6 4.703831 -2.335899 68.395340 0.206108 -0.941702 -0.265927 0.797173 0.033938 1 6 1.000000
  6 4.559603 -2.400532 68.508125 0.083793 -0.915830 -0.392726 0.820203 0.013934 1 6 1.000000
  6 4.552978 -2.399430 68.504166 0.078872 -0.918401 -0.387709 0.819698 0.012784 1 6 1.000000
flash
  6 4.507458 -2.458934 68.639496 -0.151732 -0.918098 -0.366161 0.843756 0.008764 1 6 1.000000
  6 4.552978 -2.399430 68.504166 0.078872 -0.918401 -0.387709 0.819698 0.012784 1 6 1.000000
  6 4.559603 -2.400532 68.508125 0.083793 -0.915830 -0.392726 0.820203 0.013934 1 6 1.000000
flash
  6 5.135345 -2.117760 68.253860 0.848666 -0.525212 -0.062596 0.757146 0.109695 1 6 1.000000
  6 5.031981 -2.214673 68.265907 0.512415 -0.851417 -0.111894 0.765111 0.084084 1 6 1.000000
  6 5.030636 -2.214252 68.256554 0.519253 -0.847364 -0.111136 0.763705 0.083585 1 6 1.000000
flash
  6 5.135825 -2.118120 68.263420 0.845602 -0.530071 -0.063100 0.758606 0.110074 1 6 1.000000
  6 5.031981 -2.214673 68.265907 0.512415 -0.851417 -0.111894 0.765111 0.084084 1 6 1.000000
  6 5.135345 -2.117760 68.253860 0.848666 -0.525212 -0.062596 0.757146 0.109695 1 6 1.000000
flash
  6 5.135825 -2.118120 68.263420 0.845602 -0.530071 -0.063100 0.758606 0.110074 1 6 1.000000
  6 5.135345 -2.117760 68.253860 0.848666 -0.525212 -0.062596 0.757146 0.109695 1 6 1.000000
  6 5.185257 -1.944518 68.254868 0.979947 -0.198316 -0.019353 0.749570 0.140694 1 6 1.000000
flash
  6 5.135825 -2.118120 68.263420 0.845602 -0.530071 -0.063100 0.758606 0.110074 1 6 1.000000
  6 5.185257 -1.944518 68.254868 0.979947 -0.198316 -0.019353 0.749570 0.140694 1 6 1.000000
  6 5.185376 -1.944867 68.264473 0.979953 -0.198327 -0.018904 0.751046 0.141025 1 6 1.000000
flash
  6 5.185376 -1.944867 68.264473 0.979953 -0.198327 -0.018904 0.751046 0.141025 1 6 1.000000
  6 5.185257 -1.944518 68.254868 0.979947 -0.198316 -0.019353 0.749570 0.140694 1 6 1.000000
  6 5.213640 -1.709139 68.263306 0.990411 -0.138079 0.004488 0.741465 0.177755 1 6 1.000000
flash
  6 5.185376 -1.944867 68.264473 0.979953 -0.198327 -0.018904 0.751046 0.141025 1 6 1.000000
  6 5.213640 -1.709139 68.263306 0.990411 -0.138079 0.004488 0.741465 0.177755 1 6 1.000000
  6 5.213548 -1.709498 68.272911 0.990365 -0.138394 0.005008 0.742943 0.178073 1 6 1.000000
flash
  6 5.255461 -1.443380 68.277847 0.975795 -0.212692 0.050854 0.733089 0.219514 1 6 1.000000
  6 5.213548 -1.709498 68.272911 0.990365 -0.138394 0.005008 0.742943 0.178073 1 6 1.000000
  6 5.213640 -1.709139 68.263306 0.990411 -0.138079 0.004488 0.741465 0.177755 1 6 1.000000
flash
  6 5.255461 -1.443380 68.277847 0.975795 -0.212692 0.050854 0.733089 0.219514 1 6 1.000000
  6 5.254888 -1.443754 68.287369 0.975876 -0.212073 0.051871 0.734568 0.219806 1 6 1.000000
  6 5.213548 -1.709498 68.272911 0.990365 -0.138394 0.005008 0.742943 0.178073 1 6 1.000000
flash
  6 5.322100 -1.196874 68.304428 0.911505 -0.375754 0.167234 0.726637 0.260239 1 6 1.000000
  6 5.254888 -1.443754 68.287369 0.975876 -0.212073 0.051871 0.734568 0.219806 1 6 1.000000
  6 5.255461 -1.443380 68.277847 0.975795 -0.212692 0.050854 0.733089 0.219514 1 6 1.000000
flash
  6 5.322100 -1.196874 68.304428 0.911505 -0.375754 0.167234 0.726637 0.260239 1 6 1.000000
  6 5.320307 -1.197247 68.313400 0.911228 -0.375397 0.169532 0.728105 0.260418 1 6 1.000000
  6 5.254888 -1.443754 68.287369 0.975876 -0.212073 0.051871 0.734568 0.219806 1 6 1.000000
flash
  6 5.412856 -1.013357 68.351379 0.723185 -0.596457 0.348198 0.724571 0.294415 1 6 1.000000
  6 5.320307 -1.197247 68.313400 0.911228 -0.375397 0.169532 0.728105 0.260418 1 6 1.000000
  6 5.322100 -1.196874 68.304428 0.911505 -0.375754 0.167234 0.726637 0.260239 1 6 1.000000
flash
  6 5.412856 -1.013357 68.351379 0.723185 -0.596457 0.348198 0.724571 0.294415 1 6 1.000000
  6 5.408889 -1.013701 68.359024 0.721750 -0.595489 0.352803 0.725993 0.294343 1 6 1.000000
  6 5.320307 -1.197247 68.313400 0.911228 -0.375397 0.169532 0.728105 0.260418 1 6 1.000000
flash
  6 5.502319 -0.895120 68.429337 0.408672 -0.809082 0.422342 0.728460 0.321772 1 6 1.000000
  6 5.408889 -1.013701 68.359024 0.721750 -0.595489 0.352803 0.725993 0.294343 1 6 1.000000
  6 5.412856 -1.013357 68.351379 0.723185 -0.596457 0.348198 0.724571 0.294415 1 6 1.000000
flash
  6 5.502319 -0.895120 68.429337 0.408672 -0.809082 0.422342 0.728460 0.321772 1 6 1.000000
  6 5.496013 -0.895381 68.434929 0.410108 -0.807230 0.424490 0.729764 0.321350 1 6 1.000000
  6 5.408889 -1.013701 68.359024 0.721750 -0.595489 0.352803 0.725993 0.294343 1 6 1.000000
flash
  6 5.555206 -0.833662 68.547058 0.112679 -0.960897 0.252944 0.739908 0.342849 1 6 1.000000
  6 5.496013 -0.895381 68.434929 0.410108 -0.807230 0.424490 0.729764 0.321350 1 6 1.000000
  6 5.502319 -0.895120 68.429337 0.408672 -0.809082 0.422342 0.728460 0.321772 1 6 1.000000
flash
  6 5.555206 -0.833662 68.547058 0.112679 -0.960897 0.252944 0.739908 0.342849 1 6 1.000000
  6 5.502319 -0.895120 68.429337 0.408672 -0.809082 0.422342 0.728460 0.321772 1 6 1.000000
  6 5.563118 -0.833535 68.544106 0.110553 -0.960975 0.253585 0.738817 0.343656 1 6 1.000000
flash
  6 5.576293 -0.817780 68.679588 0.003514 -0.999704 -0.024094 0.753645 0.361443 1 6 1.000000
  6 5.555206 -0.833662 68.547058 0.112679 -0.960897 0.252944 0.739908 0.342849 1 6 1.000000
  6 5.563118 -0.833535 68.544106 0.110553 -0.960975 0.253585 0.738817 0.343656 1 6 1.000000
flash
  6 5.576293 -0.817780 68.679588 0.003514 -0.999704 -0.024094 0.753645 0.361443 1 6 1.000000
  6 5.563118 -0.833535 68.544106 0.110553 -0.960975 0.253585 0.738817 0.343656 1 6 1.000000
  6 5.584774 -0.817766 68.679588 0.002626 -0.999706 -0.024098 0.752825 0.362649 1 6 1.000000
flash
  6 5.584774 -0.817766 68.679588 0.002626 -0.999706 -0.024098 0.752825 0.362649 1 6 1.000000
  6 5.563118 -0.833535 68.544106 0.110553 -0.960975 0.253585 0.738817 0.343656 1 6 1.000000
  6 5.571031 -0.833408 68.541168 0.108462 -0.960854 0.254941 0.737726 0.344463 1 6 1.000000
flash
  6 5.584774 -0.817766 68.679588 0.002626 -0.999706 -0.024098 0.752825 0.362649 1 6 1.000000
  6 5.571031 -0.833408 68.541168 0.108462 -0.960854 0.254941 0.737726 0.344463 1 6 1.000000
  6 5.593256 -0.817751 68.679588 0.001630 -0.999708 -0.024101 0.752005 0.363855 1 6 1.000000
flash
  6 5.135345 -2.117760 68.253860 0.848666 -0.525212 -0.062596 0.757146 0.109695 1 6 1.000000
  6 5.030636 -2.214252 68.256554 0.519253 -0.847364 -0.111136 0.763705 0.083585 1 6 1.000000
  6 5.134869 -2.117399 68.244286 0.852847 -0.518453 -0.062124 0.755686 0.109315 1 6 1.000000
flash
  6 5.135345 -2.117760 68.253860 0.848666 -0.525212 -0.062596 0.757146 0.109695 1 6 1.000000
  6 5.134869 -2.117399 68.244286 0.852847 -0.518453 -0.062124 0.755686 0.109315 1 6 1.000000
  6 5.185141 -1.944170 68.245255 0.980061 -0.197717 -0.019724 0.748094 0.140363 1 6 1.000000
flash
  6 5.135345 -2.117760 68.253860 0.848666 -0.525212 -0.062596 0.757146 0.109695 1 6 1.000000
  6 5.185141 -1.944170 68.245255 0.980061 -0.197717 -0.019724 0.748094 0.140363 1 6 1.000000
  6 5.185257 -1.944518 68.254868 0.979947 -0.198316 -0.019353 0.749570 0.140694 1 6 1.000000
flash
  6 5.185257 -1.944518 68.254868 0.979947 -0.198316 -0.019353 0.749570 0.140694 1 6 1.000000
  6 5.185141 -1.944170 68.245255 0.980061 -0.197717 -0.019724 0.748094 0.140363 1 6 1.000000
  6 5.213731 -1.708783 68.253708 0.990441 -0.137880 0.003989 0.739987 0.177437 1 6 1.000000
flash
  6 5.185257 -1.944518 68.254868 0.979947 -0.198316 -0.019353 0.749570 0.140694 1 6 1.000000
  6 5.213731 -1.708783 68.253708 0.990441 -0.137880 0.003989 0.739987 0.177437 1 6 1.000000
  6 5.213640 -1.709139 68.263306 0.990411 -0.138079 0.004488 0.741465 0.177755 1 6 1.000000
flash
  6 5.256032 -1.443008 68.268341 0.975757 -0.213110 0.049821 0.731610 0.219222 1 6 1.000000
  6 5.213640 -1.709139 68.263306 0.990411 -0.138079 0.004488 0.741465 0.177755 1 6 1.000000
  6 5.213731 -1.708783 68.253708 0.990441 -0.137880 0.003989 0.739987 0.177437 1 6 1.000000
flash
  6 5.256032 -1.443008 68.268341 0.975757 -0.213110 0.049821 0.731610 0.219222 1 6 1.000000
  6 5.255461 -1.443380 68.277847 0.975795 -0.212692 0.050854 0.733089 0.219514 1 6 1.000000
  6 5.213640 -1.709139 68.263306 0.990411 -0.138079 0.004488 0.741465 0.177755 1 6 1.000000
flash
  6 5.323891 -1.196501 68.295448 0.912148 -0.375201 0.164956 0.725170 0.260059 1 6 1.000000
  6 5.255461 -1.443380 68.277847 0.975795 -0.212692 0.050854 0.733089 0.219514 1 6 1.000000
  6 5.256032 -1.443008 68.268341 0.975757 -0.213110 0.049821 0.731610 0.219222 1 6 1.000000
flash
  6 5.323891 -1.196501 68.295448 0.912148 -0.375201 0.164956 0.725170 0.260059 1 6 1.000000
  6 5.322100 -1.196874 68.304428 0.911505 -0.375754 0.167234 0.726637 0.260239 1 6 1.000000
  6 5.255461 -1.443380 68.277847 0.975795 -0.212692 0.050854 0.733089 0.219514 1 6 1.000000
flash
  6 5.416822 -1.013013 68.343712 0.725626 -0.596013 0.343854 0.723150 0.294488 1 6 1.000000
  6 5.322100 -1.196874 68.304428 0.911505 -0.375754 0.167234 0.726637 0.260239 1 6 1.000000
  6 5.323891 -1.196501 68.295448 0.912148 -0.375201 0.164956 0.725170 0.260059 1 6 1.000000
flash
  6 5.416822 -1.013013 68.343712 0.725626 -0.596013 0.343854 0.723150 0.294488 1 6 1.000000
  6 5.412856 -1.013357 68.351379 0.723185 -0.596457 0.348198 0.724571 0.294415 1 6 1.000000
  6 5.322100 -1.196874 68.304428 0.911505 -0.375754 0.167234 0.726637 0.260239 1 6 1.000000
flash
  6 5.508626 -0.894859 68.423752 0.408568 -0.809783 0.421099 0.727155 0.322193 1 6 1.000000
  6 5.412856 -1.013357 68.351379 0.723185 -0.596457 0.348198 0.724571 0.294415 1 6 1.000000
  6 5.416822 -1.013013 68.343712 0.725626 -0.596013 0.343854 0.723150 0.294488 1 6 1.000000
flash
  6 5.508626 -0.894859 68.423752 0.408568 -0.809783 0.421099 0.727155 0.322193 1 6 1.000000
  6 5.502319 -0.895120 68.429337 0.408672 -0.809082 0.422342 0.728460 0.321772 1 6 1.000000
  6 5.412856 -1.013357 68.351379 0.723185 -0.596457 0.348198 0.724571 0.294415 1 6 1.000000
flash
  6 5.563118 -0.833535 68.544106 0.110553 -0.960975 0.253585 0.738817 0.343656 1 6 1.000000
  6 5.502319 -0.895120 68.429337 0.408672 -0.809082 0.422342 0.728460 0.321772 1 6 1.000000
  6 5.508626 -0.894859 68.423752 0.408568 -0.809783 0.421099 0.727155 0.322193 1 6 1.000000
flash
  6 5.563118 -0.833535 68.544106 0.110553 -0.960975 0.253585 0.738817 0.343656 1 6 1.000000
  6 5.508626 -0.894859 68.423752 0.408568 -0.809783 0.421099 0.727155 0.322193 1 6 1.000000
  6 5.571031 -0.833408 68.541168 0.108462 -0.960854 0.254941 0.737726 0.344463 1 6 1.000000
flash
  6 -4.802734 1.741295 68.741272 0.998611 -0.052669 -0.001398 0.408472 0.676250 1 6 1.000000
  6 -4.807735 1.739635 68.813301 0.986695 -0.063790 0.149544 0.397204 0.677189 1 6 1.000000
  6 -4.842066 1.138400 68.827789 0.963001 -0.049578 0.264897 0.383887 0.584867 1 6 1.000000
flash
  6 -4.807735 1.739635 68.813301 0.986695 -0.063790 0.149544 0.397204 0.677189 1 6 1.000000
  6 -4.880050 1.095044 68.912399 0.843056 -0.043455 0.536068 0.368047 0.579938 1 6 1.000000
  6 -4.842066 1.138400 68.827789 0.963001 -0.049578 0.264897 0.383887 0.584867 1 6 1.000000
flash
  6 -4.807735 1.739635 68.813301 0.986695 -0.063790 0.149544 0.397204 0.677189 1 6 1.000000
  6 -4.821741 1.738235 68.874756 0.937717 -0.076595 0.338851 0.387242 0.677987 1 6 1.000000
  6 -4.880050 1.095044 68.912399 0.843056 -0.043455 0.536068 0.368047 0.579938 1 6 1.000000
flash
  6 -4.821741 1.738235 68.874756 0.937717 -0.076595 0.338851 0.387242 0.677987 1 6 1.000000
  6 -4.932762 1.029895 68.967361 0.522651 0.001401 0.852546 0.354295 0.571509 1 6 1.000000
  6 -4.880050 1.095044 68.912399 0.843056 -0.043455 0.536068 0.368047 0.579938 1 6 1.000000
flash
  6 -4.821741 1.738235 68.874756 0.937717 -0.076595 0.338851 0.387242 0.677987 1 6 1.000000
  6 -4.842879 1.737181 68.915977 0.744006 -0.055487 0.665865 0.379463 0.678593 1 6 1.000000
  6 -4.932762 1.029895 68.967361 0.522651 0.001401 0.852546 0.354295 0.571509 1 6 1.000000
flash
  6 -4.880050 1.095044 68.912399 0.843056 -0.043455 0.536068 0.368047 0.579938 1 6 1.000000
  6 -5.015705 0.319962 69.018616 0.488770 0.006895 0.872385 0.330168 0.463836 1 6 1.000000
  6 -4.938359 0.451852 68.950050 0.741041 -0.025020 0.670993 0.348851 0.481889 1 6 1.000000
flash
  6 -4.880050 1.095044 68.912399 0.843056 -0.043455 0.536068 0.368047 0.579938 1 6 1.000000
  6 -4.932762 1.029895 68.967361 0.522651 0.001401 0.852546 0.354295 0.571509 1 6 1.000000
  6 -5.015705 0.319962 69.018616 0.488770 0.006895 0.872385 0.330168 0.463836 1 6 1.000000
flash
  6 -4.932762 1.029895 68.967361 0.522651 0.001401 0.852546 0.354295 0.571509 1 6 1.000000
  6 -5.055492 0.179142 69.040512 -0.061006 0.028578 0.997728 0.320845 0.443199 1 6 1.000000
  6 -5.015705 0.319962 69.018616 0.488770 0.006895 0.872385 0.330168 0.463836 1 6 1.000000
flash
  6 -4.932762 1.029895 68.967361 0.522651 0.001401 0.852546 0.354295 0.571509 1 6 1.000000
  6 -4.995111 0.975245 68.986008 -0.009326 0.080924 0.996677 0.341954 0.564817 1 6 1.000000
  6 -5.055492 0.179142 69.040512 -0.061006 0.028578 0.997728 0.320845 0.443199 1 6 1.000000
flash
  6 -4.842879 1.737181 68.915977 0.744006 -0.055487 0.665865 0.379463 0.678593 1 6 1.000000
  6 -4.995111 0.975245 68.986008 -0.009326 0.080924 0.996677 0.341954 0.564817 1 6 1.000000
  6 -4.932762 1.029895 68.967361 0.522651 0.001401 0.852546 0.354295 0.571509 1 6 1.000000
flash
  6 -4.842879 1.737181 68.915977 0.744006 -0.055487 0.665865 0.379463 0.678593 1 6 1.000000
  6 -4.867738 1.736766 68.930878 0.065810 0.074639 0.995037 0.373030 0.679335 1 6 1.000000
  6 -4.995111 0.975245 68.986008 -0.009326 0.080924 0.996677 0.341954 0.564817 1 6 1.000000
flash
  6 -5.220730 -0.293436 68.325233 -0.177334 0.044274 -0.983154 0.476256 0.347295 1 6 1.000000
  6 -5.207499 -0.024810 68.337296 -0.201129 0.091107 -0.975319 0.475910 0.392562 1 6 1.000000
  6 -5.121677 -0.041875 68.331955 0.143646 0.045559 -0.988580 0.464087 0.389374 1 6 1.000000
flash
  6 -5.207499 -0.024810 68.337296 -0.201129 0.091107 -0.975319 0.475910 0.392562 1 6 1.000000
  6 -5.093852 0.167455 68.349205 0.113853 0.086631 -0.989713 0.461476 0.423541 1 6 1.000000
  6 -5.121677 -0.041875 68.331955 0.143646 0.045559 -0.988580 0.464087 0.389374 1 6 1.000000
flash
  6 -5.207499 -0.024810 68.337296 -0.201129 0.091107 -0.975319 0.475910 0.392562 1 6 1.000000
  6 -5.138978 0.340338 68.370125 -0.110607 0.149609 -0.982539 0.471334 0.453545 1 6 1.000000
  6 -5.093852 0.167455 68.349205 0.113853 0.086631 -0.989713 0.461476 0.423541 1 6 1.000000
flash
  6 -5.138978 0.340338 68.370125 -0.110607 0.149609 -0.982539 0.471334 0.453545 1 6 1.000000
  6 -5.045146 0.309450 68.377083 0.240065 0.148363 -0.959352 0.454714 0.446552 1 6 1.000000
  6 -5.093852 0.167455 68.349205 0.113853 0.086631 -0.989713 0.461476 0.423541 1 6 1.000000
flash
  6 -5.138978 0.340338 68.370125 -0.110607 0.149609 -0.982539 0.471334 0.453545 1 6 1.000000
  6 -5.022464 0.524846 68.410538 0.379987 0.074259 -0.922006 0.452982 0.481026 1 6 1.000000
  6 -5.045146 0.309450 68.377083 0.240065 0.148363 -0.959352 0.454714 0.446552 1 6 1.000000
flash
  6 -4.926899 0.463359 68.472656 0.654839 0.056778 -0.753633 0.432381 0.473384 1 6 1.000000
  6 -5.045146 0.309450 68.377083 0.240065 0.148363 -0.959352 0.454714 0.446552 1 6 1.000000
  6 -5.022464 0.524846 68.410538 0.379987 0.074259 -0.922006 0.452982 0.481026 1 6 1.000000
flash
  6 -4.946610 1.062397 68.480621 0.469426 0.049171 -0.881602 0.446607 0.565400 1 6 1.000000
  6 -4.926899 0.463359 68.472656 0.654839 0.056778 -0.753633 0.432381 0.473384 1 6 1.000000
  6 -5.022464 0.524846 68.410538 0.379987 0.074259 -0.922006 0.452982 0.481026 1 6 1.000000
flash
  6 -4.946610 1.062397 68.480621 0.469426 0.049171 -0.881602 0.446607 0.565400 1 6 1.000000
  6 -4.883113 1.108563 68.539063 0.811177 -0.010127 -0.584712 0.432505 0.574523 1 6 1.000000
  6 -4.926899 0.463359 68.472656 0.654839 0.056778 -0.753633 0.432381 0.473384 1 6 1.000000
flash
  6 -4.842879 1.745603 68.566597 0.742101 -0.006234 -0.670259 0.437513 0.673684 1 6 1.000000
  6 -4.883113 1.108563 68.539063 0.811177 -0.010127 -0.584712 0.432505 0.574523 1 6 1.000000
  6 -4.946610 1.062397 68.480621 0.469426 0.049171 -0.881602 0.446607 0.565400 1 6 1.000000
flash
  6 -4.842879 1.745603 68.566597 0.742101 -0.006234 -0.670259 0.437513 0.673684 1 6 1.000000
  6 -4.821741 1.744670 68.607796 0.940832 -0.054622 -0.334443 0.429715 0.674434 1 6 1.000000
  6 -4.883113 1.108563 68.539063 0.811177 -0.010127 -0.584712 0.432505 0.574523 1 6 1.000000
flash
  6 -4.883113 1.108563 68.539063 0.811177 -0.010127 -0.584712 0.432505 0.574523 1 6 1.000000
  6 -4.821741 1.744670 68.607796 0.940832 -0.054622 -0.334443 0.429715 0.674434 1 6 1.000000
  6 -4.807735 1.743108 68.669258 0.986336 -0.058808 -0.153891 0.419745 0.675305 1 6 1.000000
flash
  6 -4.883113 1.108563 68.539063 0.811177 -0.010127 -0.584712 0.432505 0.574523 1 6 1.000000
  6 -4.807735 1.743108 68.669258 0.986336 -0.058808 -0.153891 0.419745 0.675305 1 6 1.000000
  6 -4.842305 1.143270 68.625755 0.959249 -0.031738 -0.280774 0.417217 0.581783 1 6 1.000000
flash
  6 -4.842305 1.143270 68.625755 0.959249 -0.031738 -0.280774 0.417217 0.581783 1 6 1.000000
  6 -4.807735 1.743108 68.669258 0.986336 -0.058808 -0.153891 0.419745 0.675305 1 6 1.000000
  6 -4.802734 1.741295 68.741272 0.998611 -0.052669 -0.001398 0.408472 0.676250 1 6 1.000000
flash
  6 -4.842305 1.143270 68.625755 0.959249 -0.031738 -0.280774 0.417217 0.581783 1 6 1.000000
  6 -4.802734 1.741295 68.741272 0.998611 -0.052669 -0.001398 0.408472 0.676250 1 6 1.000000
  6 -4.827573 1.154588 68.727127 0.998990 -0.044898 -0.001863 0.400711 0.585481 1 6 1.000000
flash
  6 -4.802734 1.741295 68.741272 0.998611 -0.052669 -0.001398 0.408472 0.676250 1 6 1.000000
  6 -4.842066 1.138400 68.827789 0.963001 -0.049578 0.264897 0.383887 0.584867 1 6 1.000000
  6 -4.827573 1.154588 68.727127 0.998990 -0.044898 -0.001863 0.400711 0.585481 1 6 1.000000
flash
  6 -4.827573 1.154588 68.727127 0.998990 -0.044898 -0.001863 0.400711 0.585481 1 6 1.000000
  6 -4.842066 1.138400 68.827789 0.963001 -0.049578 0.264897 0.383887 0.584867 1 6 1.000000
  6 -4.876400 0.537163 68.842300 0.929908 -0.042231 0.365360 0.370569 0.492546 1 6 1.000000
flash
  6 -4.842066 1.138400 68.827789 0.963001 -0.049578 0.264897 0.383887 0.584867 1 6 1.000000
  6 -4.938359 0.451852 68.950050 0.741041 -0.025020 0.670993 0.348851 0.481889 1 6 1.000000
  6 -4.876400 0.537163 68.842300 0.929908 -0.042231 0.365360 0.370569 0.492546 1 6 1.000000
flash
  6 -4.842066 1.138400 68.827789 0.963001 -0.049578 0.264897 0.383887 0.584867 1 6 1.000000
  6 -4.880050 1.095044 68.912399 0.843056 -0.043455 0.536068 0.368047 0.579938 1 6 1.000000
  6 -4.938359 0.451852 68.950050 0.741041 -0.025020 0.670993 0.348851 0.481889 1 6 1.000000
flash
  6 -4.827573 1.154588 68.727127 0.998990 -0.044898 -0.001863 0.400711 0.585481 1 6 1.000000
  6 -4.876400 0.537163 68.842300 0.929908 -0.042231 0.365360 0.370569 0.492546 1 6 1.000000
  6 -4.852417 0.567879 68.712997 0.999092 -0.042406 0.004155 0.392949 0.494712 1 6 1.000000
flash
  6 -4.874969 0.543423 68.582626 0.945684 -0.026860 -0.323977 0.414383 0.488281 1 6 1.000000
  6 -4.827573 1.154588 68.727127 0.998990 -0.044898 -0.001863 0.400711 0.585481 1 6 1.000000
  6 -4.852417 0.567879 68.712997 0.999092 -0.042406 0.004155 0.392949 0.494712 1 6 1.000000
flash
  6 -4.874969 0.543423 68.582626 0.945684 -0.026860 -0.323977 0.414383 0.488281 1 6 1.000000
  6 -4.842305 1.143270 68.625755 0.959249 -0.031738 -0.280774 0.417217 0.581783 1 6 1.000000
  6 -4.827573 1.154588 68.727127 0.998990 -0.044898 -0.001863 0.400711 0.585481 1 6 1.000000
flash
  6 -4.926899 0.463359 68.472656 0.654839 0.056778 -0.753633 0.432381 0.473384 1 6 1.000000
  6 -4.842305 1.143270 68.625755 0.959249 -0.031738 -0.280774 0.417217 0.581783 1 6 1.000000
  6 -4.874969 0.543423 68.582626 0.945684 -0.026860 -0.323977 0.414383 0.488281 1 6 1.000000
flash
  6 -4.926899 0.463359 68.472656 0.654839 0.056778 -0.753633 0.432381 0.473384 1 6 1.000000
  6 -4.883113 1.108563 68.539063 0.811177 -0.010127 -0.584712 0.432505 0.574523 1 6 1.000000
  6 -4.842305 1.143270 68.625755 0.959249 -0.031738 -0.280774 0.417217 0.581783 1 6 1.000000
flash
  6 -5.020645 1.003242 68.456955 -0.050053 0.142657 -0.988506 0.459766 0.551744 1 6 1.000000
  6 -5.022464 0.524846 68.410538 0.379987 0.074259 -0.922006 0.452982 0.481026 1 6 1.000000
  6 -5.138978 0.340338 68.370125 -0.110607 0.149609 -0.982539 0.471334 0.453545 1 6 1.000000
flash
  6 -5.020645 1.003242 68.456955 -0.050053 0.142657 -0.988506 0.459766 0.551744 1 6 1.000000
  6 -4.946610 1.062397 68.480621 0.469426 0.049171 -0.881602 0.446607 0.565400 1 6 1.000000
  6 -5.022464 0.524846 68.410538 0.379987 0.074259 -0.922006 0.452982 0.481026 1 6 1.000000
flash
  6 -4.867740 1.745906 68.551704 0.065234 0.137151 -0.988400 0.444006 0.673005 1 6 1.000000
  6 -4.946610 1.062397 68.480621 0.469426 0.049171 -0.881602 0.446607 0.565400 1 6 1.000000
  6 -5.020645 1.003242 68.456955 -0.050053 0.142657 -0.988506 0.459766 0.551744 1 6 1.000000
flash
  6 -4.867740 1.745906 68.551704 0.065234 0.137151 -0.988400 0.444006 0.673005 1 6 1.000000
  6 -4.842879 1.745603 68.566597 0.742101 -0.006234 -0.670259 0.437513 0.673684 1 6 1.000000
  6 -4.946610 1.062397 68.480621 0.469426 0.049171 -0.881602 0.446607 0.565400 1 6 1.000000
flash
  6 -5.121677 -0.041875 68.331955 0.143646 0.045559 -0.988580 0.464087 0.389374 1 6 1.000000
  6 -5.009644 0.195177 68.375275 0.318766 0.063180 -0.945725 0.447635 0.428350 1 6 1.000000
  6 -5.044473 -0.054840 68.360558 0.480501 0.002063 -0.876992 0.450367 0.387978 1 6 1.000000
flash
  6 -5.121677 -0.041875 68.331955 0.143646 0.045559 -0.988580 0.464087 0.389374 1 6 1.000000
  6 -5.093852 0.167455 68.349205 0.113853 0.086631 -0.989713 0.461476 0.423541 1 6 1.000000
  6 -5.009644 0.195177 68.375275 0.318766 0.063180 -0.945725 0.447635 0.428350 1 6 1.000000
flash
  6 -5.009644 0.195177 68.375275 0.318766 0.063180 -0.945725 0.447635 0.428350 1 6 1.000000
  6 -5.093852 0.167455 68.349205 0.113853 0.086631 -0.989713 0.461476 0.423541 1 6 1.000000
  6 -5.045146 0.309450 68.377083 0.240065 0.148363 -0.959352 0.454714 0.446552 1 6 1.000000
flash
  6 -5.009644 0.195177 68.375275 0.318766 0.063180 -0.945725 0.447635 0.428350 1 6 1.000000
  6 -5.045146 0.309450 68.377083 0.240065 0.148363 -0.959352 0.454714 0.446552 1 6 1.000000
  6 -4.982753 0.334833 68.401649 0.225480 0.331927 -0.915960 0.444284 0.451384 1 6 1.000000
flash
  6 -4.926899 0.463359 68.472656 0.654839 0.056778 -0.753633 0.432381 0.473384 1 6 1.000000
  6 -4.982753 0.334833 68.401649 0.225480 0.331927 -0.915960 0.444284 0.451384 1 6 1.000000
  6 -5.045146 0.309450 68.377083 0.240065 0.148363 -0.959352 0.454714 0.446552 1 6 1.000000
flash
  6 -5.016667 -0.105504 68.996719 0.457581 -0.079314 0.885623 0.321974 0.398067 1 6 1.000000
  6 -5.017224 0.065733 69.012634 0.469651 -0.075857 0.879587 0.325889 0.424729 1 6 1.000000
  6 -5.055492 0.179142 69.040512 -0.061006 0.028578 0.997728 0.320845 0.443199 1 6 1.000000
flash
  6 -5.016667 -0.105504 68.996719 0.457581 -0.079314 0.885623 0.321974 0.398067 1 6 1.000000
  6 -5.055492 0.179142 69.040512 -0.061006 0.028578 0.997728 0.320845 0.443199 1 6 1.000000
  6 -5.133391 -0.065489 69.031845 0.051487 -0.040734 0.997843 0.302218 0.408259 1 6 1.000000
flash
  6 -4.998721 -0.327255 68.976242 0.527495 -0.006538 0.849533 0.318072 0.362663 1 6 1.000000
  6 -5.016667 -0.105504 68.996719 0.457581 -0.079314 0.885623 0.321974 0.398067 1 6 1.000000
  6 -5.133391 -0.065489 69.031845 0.051487 -0.040734 0.997843 0.302218 0.408259 1 6 1.000000
flash
  6 -4.998721 -0.327255 68.976242 0.527495 -0.006538 0.849533 0.318072 0.362663 1 6 1.000000
  6 -5.133391 -0.065489 69.031845 0.051487 -0.040734 0.997843 0.302218 0.408259 1 6 1.000000
  6 -5.138608 -0.315376 69.023972 0.113555 -0.027948 0.993139 0.292963 0.370275 1 6 1.000000
flash
  6 -5.138608 -0.315376 69.023972 0.113555 -0.027948 0.993139 0.292963 0.370275 1 6 1.000000
  6 -4.963217 -0.651241 68.957222 0.527503 0.026259 0.849147 0.310550 0.310381 1 6 1.000000
  6 -4.998721 -0.327255 68.976242 0.527495 -0.006538 0.849533 0.318072 0.362663 1 6 1.000000
flash
  6 -4.998721 -0.327255 68.976242 0.527495 -0.006538 0.849533 0.318072 0.362663 1 6 1.000000
  6 -4.963217 -0.651241 68.957222 0.527503 0.026259 0.849147 0.310550 0.310381 1 6 1.000000
  6 -4.847322 -0.649187 68.844475 0.846208 0.095192 0.524281 0.339228 0.304033 1 6 1.000000
flash
  6 -4.963217 -0.651241 68.957222 0.527503 0.026259 0.849147 0.310550 0.310381 1 6 1.000000
  6 -4.777966 -1.057958 68.821518 0.829942 0.113306 0.546221 0.331387 0.236754 1 6 1.000000
  6 -4.847322 -0.649187 68.844475 0.846208 0.095192 0.524281 0.339228 0.304033 1 6 1.000000
flash
  6 -4.847322 -0.649187 68.844475 0.846208 0.095192 0.524281 0.339228 0.304033 1 6 1.000000
  6 -4.777966 -1.057958 68.821518 0.829942 0.113306 0.546221 0.331387 0.236754 1 6 1.000000
  6 -4.730396 -1.046679 68.679802 0.983976 0.168340 0.058767 0.359248 0.233000 1 6 1.000000
flash
  6 -4.847322 -0.649187 68.844475 0.846208 0.095192 0.524281 0.339228 0.304033 1 6 1.000000
  6 -4.730396 -1.046679 68.679802 0.983976 0.168340 0.058767 0.359248 0.233000 1 6 1.000000
  6 -4.801908 -0.648280 68.699890 0.986098 0.152151 0.066783 0.366820 0.298963 1 6 1.000000
flash
  6 -4.801908 -0.648280 68.699890 0.986098 0.152151 0.066783 0.366820 0.298963 1 6 1.000000
  6 -4.730396 -1.046679 68.679802 0.983976 0.168340 0.058767 0.359248 0.233000 1 6 1.000000
  6 -4.763264 -1.034490 68.538246 0.892444 0.160036 -0.421821 0.386102 0.231527 1 6 1.000000
flash
  6 -4.801908 -0.648280 68.699890 0.986098 0.152151 0.066783 0.366820 0.298963 1 6 1.000000
  6 -4.763264 -1.034490 68.538246 0.892444 0.160036 -0.421821 0.386102 0.231527 1 6 1.000000
  6 -4.826468 -0.639971 68.553223 0.922183 0.146018 -0.358130 0.393942 0.296618 1 6 1.000000
flash
  6 -4.763264 -1.034490 68.538246 0.892444 0.160036 -0.421821 0.386102 0.231527 1 6 1.000000
  6 -4.909574 -0.636561 68.431816 0.725582 0.104490 -0.680157 0.420200 0.294900 1 6 1.000000
  6 -4.826468 -0.639971 68.553223 0.922183 0.146018 -0.358130 0.393942 0.296618 1 6 1.000000
flash
  6 -4.826468 -0.639971 68.553223 0.922183 0.146018 -0.358130 0.393942 0.296618 1 6 1.000000
  6 -4.909574 -0.636561 68.431816 0.725582 0.104490 -0.680157 0.420200 0.294900 1 6 1.000000
  6 -4.946898 -0.314893 68.434486 0.755356 0.070525 -0.651509 0.426992 0.347539 1 6 1.000000
flash
  6 -4.909574 -0.636561 68.431816 0.725582 0.104490 -0.680157 0.420200 0.294900 1 6 1.000000
  6 -5.037181 -0.305821 68.357826 0.518900 0.044011 -0.853701 0.447329 0.347531 1 6 1.000000
  6 -4.946898 -0.314893 68.434486 0.755356 0.070525 -0.651509 0.426992 0.347539 1 6 1.000000
flash
  6 -4.946898 -0.314893 68.434486 0.755356 0.070525 -0.651509 0.426992 0.347539 1 6 1.000000
  6 -5.037181 -0.305821 68.357826 0.518900 0.044011 -0.853701 0.447329 0.347531 1 6 1.000000
  6 -5.044473 -0.054840 68.360558 0.480501 0.002063 -0.876992 0.450367 0.387978 1 6 1.000000
flash
  6 -5.124070 -0.299685 68.322136 0.175134 0.037220 -0.983841 0.463095 0.347618 1 6 1.000000
  6 -5.044473 -0.054840 68.360558 0.480501 0.002063 -0.876992 0.450367 0.387978 1 6 1.000000
  6 -5.037181 -0.305821 68.357826 0.518900 0.044011 -0.853701 0.447329 0.347531 1 6 1.000000
flash
  6 -5.124070 -0.299685 68.322136 0.175134 0.037220 -0.983841 0.463095 0.347618 1 6 1.000000
  6 -5.121677 -0.041875 68.331955 0.143646 0.045559 -0.988580 0.464087 0.389374 1 6 1.000000
  6 -5.044473 -0.054840 68.360558 0.480501 0.002063 -0.876992 0.450367 0.387978 1 6 1.000000
flash
  6 -5.220730 -0.293436 68.325233 -0.177334 0.044274 -0.983154 0.476256 0.347295 1 6 1.000000
  6 -5.121677 -0.041875 68.331955 0.143646 0.045559 -0.988580 0.464087 0.389374 1 6 1.000000
  6 -5.124070 -0.299685 68.322136 0.175134 0.037220 -0.983841 0.463095 0.347618 1 6 1.000000
flash
  6 -4.853520 -0.098992 68.696915 0.998158 0.057550 0.019188 0.382822 0.390089 1 6 1.000000
  6 -4.862425 -0.186474 68.788605 0.977400 0.000181 0.211400 0.364796 0.378108 1 6 1.000000
  6 -4.853029 -0.225324 68.714668 0.997935 -0.011505 0.063198 0.376307 0.369627 1 6 1.000000
flash
  6 -4.853520 -0.098992 68.696915 0.998158 0.057550 0.019188 0.382822 0.390089 1 6 1.000000
  6 -4.881976 -0.137414 68.851891 0.920598 0.038201 0.388638 0.355069 0.387796 1 6 1.000000
  6 -4.862425 -0.186474 68.788605 0.977400 0.000181 0.211400 0.364796 0.378108 1 6 1.000000
flash
  6 -4.853520 -0.098992 68.696915 0.998158 0.057550 0.019188 0.382822 0.390089 1 6 1.000000
  6 -4.878058 -0.077842 68.827621 0.949631 0.062652 0.307043 0.360803 0.396942 1 6 1.000000
  6 -4.881976 -0.137414 68.851891 0.920598 0.038201 0.388638 0.355069 0.387796 1 6 1.000000
flash
  6 -4.940570 -0.018814 68.938927 0.742392 0.004809 0.669948 0.341092 0.409217 1 6 1.000000
  6 -4.881976 -0.137414 68.851891 0.920598 0.038201 0.388638 0.355069 0.387796 1 6 1.000000
  6 -4.878058 -0.077842 68.827621 0.949631 0.062652 0.307043 0.360803 0.396942 1 6 1.000000
flash
  6 -4.940570 -0.018814 68.938927 0.742392 0.004809 0.669948 0.341092 0.409217 1 6 1.000000
  6 -4.928133 -0.134368 68.924271 0.733144 -0.052414 0.678051 0.340554 0.390345 1 6 1.000000
  6 -4.881976 -0.137414 68.851891 0.920598 0.038201 0.388638 0.355069 0.387796 1 6 1.000000
flash
  6 -4.928133 -0.134368 68.924271 0.733144 -0.052414 0.678051 0.340554 0.390345 1 6 1.000000
  6 -4.940570 -0.018814 68.938927 0.742392 0.004809 0.669948 0.341092 0.409217 1 6 1.000000
  6 -5.017224 0.065733 69.012634 0.469651 -0.075857 0.879587 0.325889 0.424729 1 6 1.000000
flash
  6 -4.928133 -0.134368 68.924271 0.733144 -0.052414 0.678051 0.340554 0.390345 1 6 1.000000
  6 -5.017224 0.065733 69.012634 0.469651 -0.075857 0.879587 0.325889 0.424729 1 6 1.000000
  6 -5.016667 -0.105504 68.996719 0.457581 -0.079314 0.885623 0.321974 0.398067 1 6 1.000000
flash
  6 -4.890985 -0.307635 68.865700 0.863325 0.021573 0.504186 0.346357 0.360483 1 6 1.000000
  6 -4.928133 -0.134368 68.924271 0.733144 -0.052414 0.678051 0.340554 0.390345 1 6 1.000000
  6 -5.016667 -0.105504 68.996719 0.457581 -0.079314 0.885623 0.321974 0.398067 1 6 1.000000
flash
  6 -4.890985 -0.307635 68.865700 0.863325 0.021573 0.504186 0.346357 0.360483 1 6 1.000000
  6 -5.016667 -0.105504 68.996719 0.457581 -0.079314 0.885623 0.321974 0.398067 1 6 1.000000
  6 -4.998721 -0.327255 68.976242 0.527495 -0.006538 0.849533 0.318072 0.362663 1 6 1.000000
flash
  6 -4.998721 -0.327255 68.976242 0.527495 -0.006538 0.849533 0.318072 0.362663 1 6 1.000000
  6 -4.847322 -0.649187 68.844475 0.846208 0.095192 0.524281 0.339228 0.304033 1 6 1.000000
  6 -4.890985 -0.307635 68.865700 0.863325 0.021573 0.504186 0.346357 0.360483 1 6 1.000000
flash
  6 -4.890985 -0.307635 68.865700 0.863325 0.021573 0.504186 0.346357 0.360483 1 6 1.000000
  6 -4.847322 -0.649187 68.844475 0.846208 0.095192 0.524281 0.339228 0.304033 1 6 1.000000
  6 -4.801908 -0.648280 68.699890 0.986098 0.152151 0.066783 0.366820 0.298963 1 6 1.000000
flash
  6 -4.890985 -0.307635 68.865700 0.863325 0.021573 0.504186 0.346357 0.360483 1 6 1.000000
  6 -4.801908 -0.648280 68.699890 0.986098 0.152151 0.066783 0.366820 0.298963 1 6 1.000000
  6 -4.847363 -0.352413 68.714630 0.992516 0.100662 0.069131 0.372651 0.348422 1 6 1.000000
flash
  6 -4.847363 -0.352413 68.714630 0.992516 0.100662 0.069131 0.372651 0.348422 1 6 1.000000
  6 -4.801908 -0.648280 68.699890 0.986098 0.152151 0.066783 0.366820 0.298963 1 6 1.000000
  6 -4.826468 -0.639971 68.553223 0.922183 0.146018 -0.358130 0.393942 0.296618 1 6 1.000000
flash
  6 -4.847363 -0.352413 68.714630 0.992516 0.100662 0.069131 0.372651 0.348422 1 6 1.000000
  6 -4.826468 -0.639971 68.553223 0.922183 0.146018 -0.358130 0.393942 0.296618 1 6 1.000000
  6 -4.869600 -0.300252 68.560905 0.939423 0.058637 -0.337708 0.401234 0.352897 1 6 1.000000
flash
  6 -4.826468 -0.639971 68.553223 0.922183 0.146018 -0.358130 0.393942 0.296618 1 6 1.000000
  6 -4.946898 -0.314893 68.434486 0.755356 0.070525 -0.651509 0.426992 0.347539 1 6 1.000000
  6 -4.869600 -0.300252 68.560905 0.939423 0.058637 -0.337708 0.401234 0.352897 1 6 1.000000
flash
  6 -4.869600 -0.300252 68.560905 0.939423 0.058637 -0.337708 0.401234 0.352897 1 6 1.000000
  6 -4.946898 -0.314893 68.434486 0.755356 0.070525 -0.651509 0.426992 0.347539 1 6 1.000000
  6 -4.971397 -0.091619 68.417061 0.695969 -0.016269 -0.717888 0.434489 0.383225 1 6 1.000000
flash
  6 -4.946898 -0.314893 68.434486 0.755356 0.070525 -0.651509 0.426992 0.347539 1 6 1.000000
  6 -5.044473 -0.054840 68.360558 0.480501 0.002063 -0.876992 0.450367 0.387978 1 6 1.000000
  6 -4.971397 -0.091619 68.417061 0.695969 -0.016269 -0.717888 0.434489 0.383225 1 6 1.000000
flash
  6 -4.971397 -0.091619 68.417061 0.695969 -0.016269 -0.717888 0.434489 0.383225 1 6 1.000000
  6 -5.044473 -0.054840 68.360558 0.480501 0.002063 -0.876992 0.450367 0.387978 1 6 1.000000
  6 -5.009644 0.195177 68.375275 0.318766 0.063180 -0.945725 0.447635 0.428350 1 6 1.000000
flash
  6 -4.869600 -0.300252 68.560905 0.939423 0.058637 -0.337708 0.401234 0.352897 1 6 1.000000
  6 -4.907293 -0.123987 68.493813 0.823501 -0.024162 -0.566800 0.417485 0.379839 1 6 1.000000
  6 -4.872214 -0.130410 68.561401 0.946396 0.059285 -0.317522 0.404901 0.380817 1 6 1.000000
flash
  6 -4.869600 -0.300252 68.560905 0.939423 0.058637 -0.337708 0.401234 0.352897 1 6 1.000000
  6 -4.971397 -0.091619 68.417061 0.695969 -0.016269 -0.717888 0.434489 0.383225 1 6 1.000000
  6 -4.907293 -0.123987 68.493813 0.823501 -0.024162 -0.566800 0.417485 0.379839 1 6 1.000000
flash
  6 -4.890985 -0.307635 68.865700 0.863325 0.021573 0.504186 0.346357 0.360483 1 6 1.000000
  6 -4.881976 -0.137414 68.851891 0.920598 0.038201 0.388638 0.355069 0.387796 1 6 1.000000
  6 -4.928133 -0.134368 68.924271 0.733144 -0.052414 0.678051 0.340554 0.390345 1 6 1.000000
flash
  6 -4.890985 -0.307635 68.865700 0.863325 0.021573 0.504186 0.346357 0.360483 1 6 1.000000
  6 -4.862425 -0.186474 68.788605 0.977400 0.000181 0.211400 0.364796 0.378108 1 6 1.000000
  6 -4.881976 -0.137414 68.851891 0.920598 0.038201 0.388638 0.355069 0.387796 1 6 1.000000
flash
  6 -4.890985 -0.307635 68.865700 0.863325 0.021573 0.504186 0.346357 0.360483 1 6 1.000000
  6 -4.853029 -0.225324 68.714668 0.997935 -0.011505 0.063198 0.376307 0.369627 1 6 1.000000
  6 -4.862425 -0.186474 68.788605 0.977400 0.000181 0.211400 0.364796 0.378108 1 6 1.000000
flash
  6 -4.890985 -0.307635 68.865700 0.863325 0.021573 0.504186 0.346357 0.360483 1 6 1.000000
  6 -4.847363 -0.352413 68.714630 0.992516 0.100662 0.069131 0.372651 0.348422 1 6 1.000000
  6 -4.853029 -0.225324 68.714668 0.997935 -0.011505 0.063198 0.376307 0.369627 1 6 1.000000
flash
  6 -4.869600 -0.300252 68.560905 0.939423 0.058637 -0.337708 0.401234 0.352897 1 6 1.000000
  6 -4.853029 -0.225324 68.714668 0.997935 -0.011505 0.063198 0.376307 0.369627 1 6 1.000000
  6 -4.847363 -0.352413 68.714630 0.992516 0.100662 0.069131 0.372651 0.348422 1 6 1.000000
flash
  6 -4.869600 -0.300252 68.560905 0.939423 0.058637 -0.337708 0.401234 0.352897 1 6 1.000000
  6 -4.854360 -0.182712 68.632645 0.992430 0.009941 -0.122406 0.391360 0.374398 1 6 1.000000
  6 -4.853029 -0.225324 68.714668 0.997935 -0.011505 0.063198 0.376307 0.369627 1 6 1.000000
flash
  6 -4.869600 -0.300252 68.560905 0.939423 0.058637 -0.337708 0.401234 0.352897 1 6 1.000000
  6 -4.872214 -0.130410 68.561401 0.946396 0.059285 -0.317522 0.404901 0.380817 1 6 1.000000
  6 -4.854360 -0.182712 68.632645 0.992430 0.009941 -0.122406 0.391360 0.374398 1 6 1.000000
flash
  6 -4.853520 -0.098992 68.696915 0.998158 0.057550 0.019188 0.382822 0.390089 1 6 1.000000
  6 -4.854360 -0.182712 68.632645 0.992430 0.009941 -0.122406 0.391360 0.374398 1 6 1.000000
  6 -4.872214 -0.130410 68.561401 0.946396 0.059285 -0.317522 0.404901 0.380817 1 6 1.000000
flash
  6 -4.853520 -0.098992 68.696915 0.998158 0.057550 0.019188 0.382822 0.390089 1 6 1.000000
  6 -4.872214 -0.130410 68.561401 0.946396 0.059285 -0.317522 0.404901 0.380817 1 6 1.000000
  6 -4.876626 -0.071576 68.567650 0.951257 0.102222 -0.290965 0.405495 0.390623 1 6 1.000000
flash
  6 -4.929108 -0.007297 68.461098 0.772261 -0.029113 -0.634638 0.425900 0.397723 1 6 1.000000
  6 -4.876626 -0.071576 68.567650 0.951257 0.102222 -0.290965 0.405495 0.390623 1 6 1.000000
  6 -4.872214 -0.130410 68.561401 0.946396 0.059285 -0.317522 0.404901 0.380817 1 6 1.000000
flash
  6 -4.929108 -0.007297 68.461098 0.772261 -0.029113 -0.634638 0.425900 0.397723 1 6 1.000000
  6 -4.872214 -0.130410 68.561401 0.946396 0.059285 -0.317522 0.404901 0.380817 1 6 1.000000
  6 -4.907293 -0.123987 68.493813 0.823501 -0.024162 -0.566800 0.417485 0.379839 1 6 1.000000
flash
  6 -4.907293 -0.123987 68.493813 0.823501 -0.024162 -0.566800 0.417485 0.379839 1 6 1.000000
  6 -4.984273 0.080611 68.395370 0.401330 -0.086405 -0.911849 0.440884 0.410222 1 6 1.000000
  6 -4.929108 -0.007297 68.461098 0.772261 -0.029113 -0.634638 0.425900 0.397723 1 6 1.000000
flash
  6 -4.907293 -0.123987 68.493813 0.823501 -0.024162 -0.566800 0.417485 0.379839 1 6 1.000000
  6 -4.971397 -0.091619 68.417061 0.695969 -0.016269 -0.717888 0.434489 0.383225 1 6 1.000000
  6 -4.984273 0.080611 68.395370 0.401330 -0.086405 -0.911849 0.440884 0.410222 1 6 1.000000
flash
  6 -4.971397 -0.091619 68.417061 0.695969 -0.016269 -0.717888 0.434489 0.383225 1 6 1.000000
  6 -5.009644 0.195177 68.375275 0.318766 0.063180 -0.945725 0.447635 0.428350 1 6 1.000000
  6 -4.984273 0.080611 68.395370 0.401330 -0.086405 -0.911849 0.440884 0.410222 1 6 1.000000
flash
  6 -4.853520 -0.098992 68.696915 0.998158 0.057550 0.019188 0.382822 0.390089 1 6 1.000000
  6 -4.853029 -0.225324 68.714668 0.997935 -0.011505 0.063198 0.376307 0.369627 1 6 1.000000
  6 -4.854360 -0.182712 68.632645 0.992430 0.009941 -0.122406 0.391360 0.374398 1 6 1.000000
flash
  6 4.983386 -2.038005 68.897293 0.663559 0.017975 -0.747908 0.920637 0.308595 1 6 1.000000
  6 4.905877 -2.081216 68.793404 0.899354 0.010545 -0.437093 0.913448 0.330621 1 6 1.000000
  6 4.905877 -2.035525 68.794502 0.899361 0.010510 -0.437081 0.920637 0.330621 1 6 1.000000
flash
  6 4.983386 -2.038005 68.897293 0.663559 0.017975 -0.747908 0.920637 0.308595 1 6 1.000000
  6 4.983385 -2.083695 68.896194 0.663560 0.018050 -0.747906 0.913448 0.308595 1 6 1.000000
  6 4.905877 -2.081216 68.793404 0.899354 0.010545 -0.437093 0.913448 0.330621 1 6 1.000000
flash
  6 4.983385 -2.083695 68.896194 0.663560 0.018050 -0.747906 0.913448 0.308595 1 6 1.000000
  6 4.983386 -2.038005 68.897293 0.663559 0.017975 -0.747908 0.920637 0.308595 1 6 1.000000
  6 5.094718 -2.039563 68.961952 0.326723 0.022713 -0.944847 0.920637 0.286569 1 6 1.000000
flash
  6 4.983385 -2.083695 68.896194 0.663560 0.018050 -0.747906 0.913448 0.308595 1 6 1.000000
  6 5.094718 -2.039563 68.961952 0.326723 0.022713 -0.944847 0.920637 0.286569 1 6 1.000000
  6 5.094718 -2.085254 68.960854 0.326736 0.022746 -0.944842 0.913448 0.286569 1 6 1.000000
flash
  6 5.094718 -2.085254 68.960854 0.326736 0.022746 -0.944842 0.913448 0.286569 1 6 1.000000
  6 5.094718 -2.039563 68.961952 0.326723 0.022713 -0.944847 0.920637 0.286569 1 6 1.000000
  6 5.222233 -2.039994 68.979851 -0.059794 0.024293 -0.997915 0.920637 0.264544 1 6 1.000000
flash
  6 4.905877 -2.035525 68.794502 0.899361 0.010510 -0.437081 0.920637 0.330621 1 6 1.000000
  6 4.872891 -2.078218 68.668968 0.998211 0.001438 -0.059770 0.913449 0.352647 1 6 1.000000
  6 4.872891 -2.032527 68.670074 0.998210 0.001450 -0.059789 0.920638 0.352647 1 6 1.000000
flash
  6 4.905877 -2.035525 68.794502 0.899361 0.010510 -0.437081 0.920637 0.330621 1 6 1.000000
  6 4.905877 -2.081216 68.793404 0.899354 0.010545 -0.437093 0.913448 0.330621 1 6 1.000000
  6 4.872891 -2.078218 68.668968 0.998211 0.001438 -0.059770 0.913449 0.352647 1 6 1.000000
flash
  6 4.905877 -2.081216 68.793404 0.899354 0.010545 -0.437093 0.913448 0.330621 1 6 1.000000
  6 4.872891 -2.123909 68.667862 0.998210 0.001439 -0.059792 0.906259 0.352647 1 6 1.000000
  6 4.872891 -2.078218 68.668968 0.998211 0.001438 -0.059770 0.913449 0.352647 1 6 1.000000
flash
  6 4.905877 -2.081216 68.793404 0.899354 0.010545 -0.437093 0.913448 0.330621 1 6 1.000000
  6 4.905877 -2.126910 68.792297 0.899361 0.010589 -0.437079 0.906259 0.330621 1 6 1.000000
  6 4.872891 -2.123909 68.667862 0.998210 0.001439 -0.059792 0.906259 0.352647 1 6 1.000000
flash
  6 4.983385 -2.083695 68.896194 0.663560 0.018050 -0.747906 0.913448 0.308595 1 6 1.000000
  6 4.905877 -2.126910 68.792297 0.899361 0.010589 -0.437079 0.906259 0.330621 1 6 1.000000
  6 4.905877 -2.081216 68.793404 0.899354 0.010545 -0.437093 0.913448 0.330621 1 6 1.000000
flash
  6 4.983385 -2.083695 68.896194 0.663560 0.018050 -0.747906 0.913448 0.308595 1 6 1.000000
  6 4.983386 -2.129387 68.895088 0.663559 0.018108 -0.747905 0.906259 0.308595 1 6 1.000000
  6 4.905877 -2.126910 68.792297 0.899361 0.010589 -0.437079 0.906259 0.330621 1 6 1.000000
flash
  6 4.983386 -2.129387 68.895088 0.663559 0.018108 -0.747905 0.906259 0.308595 1 6 1.000000
  6 4.983385 -2.083695 68.896194 0.663560 0.018050 -0.747906 0.913448 0.308595 1 6 1.000000
  6 5.094718 -2.085254 68.960854 0.326736 0.022746 -0.944842 0.913448 0.286569 1 6 1.000000
flash
  6 4.983386 -2.129387 68.895088 0.663559 0.018108 -0.747905 0.906259 0.308595 1 6 1.000000
  6 5.094718 -2.085254 68.960854 0.326736 0.022746 -0.944842 0.913448 0.286569 1 6 1.000000
  6 5.094718 -2.130946 68.959755 0.326730 0.022707 -0.944845 0.906259 0.286569 1 6 1.000000
flash
  6 5.094718 -2.130946 68.959755 0.326730 0.022707 -0.944845 0.906259 0.286569 1 6 1.000000
  6 5.094718 -2.085254 68.960854 0.326736 0.022746 -0.944842 0.913448 0.286569 1 6 1.000000
  6 5.222232 -2.085685 68.978737 -0.059799 0.024087 -0.997920 0.913449 0.264543 1 6 1.000000
flash
  6 5.094718 -2.085254 68.960854 0.326736 0.022746 -0.944842 0.913448 0.286569 1 6 1.000000
  6 5.222233 -2.039994 68.979851 -0.059794 0.024293 -0.997915 0.920637 0.264544 1 6 1.000000
  6 5.222232 -2.085685 68.978737 -0.059799 0.024087 -0.997920 0.913449 0.264543 1 6 1.000000
flash
  6 5.222233 -2.039994 68.979851 -0.059794 0.024293 -0.997915 0.920637 0.264544 1 6 1.000000
  6 5.346701 -2.084890 68.945763 -0.437192 0.021703 -0.899106 0.913449 0.242518 1 6 1.000000
  6 5.222232 -2.085685 68.978737 -0.059799 0.024087 -0.997920 0.913449 0.264543 1 6 1.000000
flash
  6 5.222233 -2.039994 68.979851 -0.059794 0.024293 -0.997915 0.920637 0.264544 1 6 1.000000
  6 5.346701 -2.039200 68.946877 -0.437179 0.021905 -0.899108 0.920637 0.242518 1 6 1.000000
  6 5.346701 -2.084890 68.945763 -0.437192 0.021703 -0.899106 0.913449 0.242518 1 6 1.000000
flash
  6 5.346701 -2.039200 68.946877 -0.437179 0.021905 -0.899108 0.920637 0.242518 1 6 1.000000
  6 5.449522 -2.083022 68.868286 -0.748090 0.016019 -0.663403 0.913448 0.220493 1 6 1.000000
  6 5.346701 -2.084890 68.945763 -0.437192 0.021703 -0.899106 0.913449 0.242518 1 6 1.000000
flash
  6 5.346701 -2.084890 68.945763 -0.437192 0.021703 -0.899106 0.913449 0.242518 1 6 1.000000
  6 5.449522 -2.083022 68.868286 -0.748090 0.016019 -0.663403 0.913448 0.220493 1 6 1.000000
  6 5.449522 -2.128715 68.867188 -0.748095 0.015919 -0.663400 0.906260 0.220493 1 6 1.000000
flash
  6 5.514215 -2.080340 68.756973 -0.945102 0.007862 -0.326680 0.913448 0.198467 1 6 1.000000
  6 5.449522 -2.128715 68.867188 -0.748095 0.015919 -0.663400 0.906260 0.220493 1 6 1.000000
  6 5.449522 -2.083022 68.868286 -0.748090 0.016019 -0.663403 0.913448 0.220493 1 6 1.000000
flash
  6 5.514215 -2.080340 68.756973 -0.945102 0.007862 -0.326680 0.913448 0.198467 1 6 1.000000
  6 5.514215 -2.126032 68.755890 -0.945068 0.007741 -0.326783 0.906259 0.198467 1 6 1.000000
  6 5.449522 -2.128715 68.867188 -0.748095 0.015919 -0.663400 0.906260 0.220493 1 6 1.000000
flash
  6 5.532117 -2.077267 68.629501 -0.998213 -0.001442 0.059731 0.913448 0.176441 1 6 1.000000
  6 5.514215 -2.126032 68.755890 -0.945068 0.007741 -0.326783 0.906259 0.198467 1 6 1.000000
  6 5.514215 -2.080340 68.756973 -0.945102 0.007862 -0.326680 0.913448 0.198467 1 6 1.000000
flash
  6 5.532117 -2.077267 68.629501 -0.998213 -0.001442 0.059731 0.913448 0.176441 1 6 1.000000
  6 5.532118 -2.122959 68.628403 -0.998214 -0.001460 0.059717 0.906259 0.176441 1 6 1.000000
  6 5.514215 -2.126032 68.755890 -0.945068 0.007741 -0.326783 0.906259 0.198467 1 6 1.000000
flash
  6 5.094718 -2.130946 68.959755 0.326730 0.022707 -0.944845 0.906259 0.286569 1 6 1.000000
  6 5.222232 -2.085685 68.978737 -0.059799 0.024087 -0.997920 0.913449 0.264543 1 6 1.000000
  6 5.222233 -2.131377 68.977646 -0.059822 0.023825 -0.997925 0.906260 0.264543 1 6 1.000000
flash
  6 5.222232 -2.085685 68.978737 -0.059799 0.024087 -0.997920 0.913449 0.264543 1 6 1.000000
  6 5.346701 -2.130582 68.944672 -0.437173 0.021473 -0.899121 0.906260 0.242518 1 6 1.000000
  6 5.222233 -2.131377 68.977646 -0.059822 0.023825 -0.997925 0.906260 0.264543 1 6 1.000000
flash
  6 5.222232 -2.085685 68.978737 -0.059799 0.024087 -0.997920 0.913449 0.264543 1 6 1.000000
  6 5.346701 -2.084890 68.945763 -0.437192 0.021703 -0.899106 0.913449 0.242518 1 6 1.000000
  6 5.346701 -2.130582 68.944672 -0.437173 0.021473 -0.899121 0.906260 0.242518 1 6 1.000000
flash
  6 5.346701 -2.084890 68.945763 -0.437192 0.021703 -0.899106 0.913449 0.242518 1 6 1.000000
  6 5.449522 -2.128715 68.867188 -0.748095 0.015919 -0.663400 0.906260 0.220493 1 6 1.000000
  6 5.346701 -2.130582 68.944672 -0.437173 0.021473 -0.899121 0.906260 0.242518 1 6 1.000000
flash
  6 5.421626 -2.026099 68.403389 -0.663600 -0.018175 0.747867 0.920638 0.132388 1 6 1.000000
  6 5.499138 -2.074268 68.505081 -0.899370 -0.010542 0.437061 0.913448 0.154415 1 6 1.000000
  6 5.499139 -2.028575 68.506180 -0.899349 -0.010484 0.437105 0.920637 0.154415 1 6 1.000000
flash
  6 5.499139 -2.028575 68.506180 -0.899349 -0.010484 0.437105 0.920637 0.154415 1 6 1.000000
  6 5.499138 -2.074268 68.505081 -0.899370 -0.010542 0.437061 0.913448 0.154415 1 6 1.000000
  6 5.532117 -2.077267 68.629501 -0.998213 -0.001442 0.059731 0.913448 0.176441 1 6 1.000000
flash
  6 5.499139 -2.028575 68.506180 -0.899349 -0.010484 0.437105 0.920637 0.154415 1 6 1.000000
  6 5.532117 -2.077267 68.629501 -0.998213 -0.001442 0.059731 0.913448 0.176441 1 6 1.000000
  6 5.532119 -2.031575 68.630608 -0.998215 -0.001427 0.059705 0.920637 0.176441 1 6 1.000000
flash
  6 5.532119 -2.031575 68.630608 -0.998215 -0.001427 0.059705 0.920637 0.176441 1 6 1.000000
  6 5.532117 -2.077267 68.629501 -0.998213 -0.001442 0.059731 0.913448 0.176441 1 6 1.000000
  6 5.514215 -2.080340 68.756973 -0.945102 0.007862 -0.326680 0.913448 0.198467 1 6 1.000000
flash
  6 5.532119 -2.031575 68.630608 -0.998215 -0.001427 0.059705 0.920637 0.176441 1 6 1.000000
  6 5.514215 -2.080340 68.756973 -0.945102 0.007862 -0.326680 0.913448 0.198467 1 6 1.000000
  6 5.514215 -2.034647 68.758087 -0.945082 0.007959 -0.326736 0.920636 0.198467 1 6 1.000000
flash
  6 5.514215 -2.034647 68.758087 -0.945082 0.007959 -0.326736 0.920636 0.198467 1 6 1.000000
  6 5.514215 -2.080340 68.756973 -0.945102 0.007862 -0.326680 0.913448 0.198467 1 6 1.000000
  6 5.449522 -2.083022 68.868286 -0.748090 0.016019 -0.663403 0.913448 0.220493 1 6 1.000000
flash
  6 5.514215 -2.034647 68.758087 -0.945082 0.007959 -0.326736 0.920636 0.198467 1 6 1.000000
  6 5.449522 -2.083022 68.868286 -0.748090 0.016019 -0.663403 0.913448 0.220493 1 6 1.000000
  6 5.449522 -2.037331 68.869392 -0.748059 0.016058 -0.663438 0.920637 0.220493 1 6 1.000000
flash
  6 5.346701 -2.039200 68.946877 -0.437179 0.021905 -0.899108 0.920637 0.242518 1 6 1.000000
  6 5.449522 -2.037331 68.869392 -0.748059 0.016058 -0.663438 0.920637 0.220493 1 6 1.000000
  6 5.449522 -2.083022 68.868286 -0.748090 0.016019 -0.663403 0.913448 0.220493 1 6 1.000000
flash
  6 5.499138 -2.074268 68.505081 -0.899370 -0.010542 0.437061 0.913448 0.154415 1 6 1.000000
  6 5.532118 -2.122959 68.628403 -0.998214 -0.001460 0.059717 0.906259 0.176441 1 6 1.000000
  6 5.532117 -2.077267 68.629501 -0.998213 -0.001442 0.059731 0.913448 0.176441 1 6 1.000000
flash
  6 5.499138 -2.074268 68.505081 -0.899370 -0.010542 0.437061 0.913448 0.154415 1 6 1.000000
  6 5.499138 -2.119958 68.503975 -0.899363 -0.010560 0.437076 0.906258 0.154415 1 6 1.000000
  6 5.532118 -2.122959 68.628403 -0.998214 -0.001460 0.059717 0.906259 0.176441 1 6 1.000000
flash
  6 5.421625 -2.071790 68.402275 -0.663560 -0.018071 0.747905 0.913448 0.132388 1 6 1.000000
  6 5.499138 -2.119958 68.503975 -0.899363 -0.010560 0.437076 0.906258 0.154415 1 6 1.000000
  6 5.499138 -2.074268 68.505081 -0.899370 -0.010542 0.437061 0.913448 0.154415 1 6 1.000000
flash
  6 5.421626 -2.026099 68.403389 -0.663600 -0.018175 0.747867 0.920638 0.132388 1 6 1.000000
  6 5.421625 -2.071790 68.402275 -0.663560 -0.018071 0.747905 0.913448 0.132388 1 6 1.000000
  6 5.499138 -2.074268 68.505081 -0.899370 -0.010542 0.437061 0.913448 0.154415 1 6 1.000000
flash
  6 5.421626 -2.026099 68.403389 -0.663600 -0.018175 0.747867 0.920638 0.132388 1 6 1.000000
  6 5.310277 -2.070231 68.337608 -0.326765 -0.022744 0.944832 0.913448 0.110360 1 6 1.000000
  6 5.421625 -2.071790 68.402275 -0.663560 -0.018071 0.747905 0.913448 0.132388 1 6 1.000000
flash
  6 5.421626 -2.026099 68.403389 -0.663600 -0.018175 0.747867 0.920638 0.132388 1 6 1.000000
  6 5.310277 -2.024540 68.338707 -0.326794 -0.022717 0.944822 0.920638 0.110360 1 6 1.000000
  6 5.310277 -2.070231 68.337608 -0.326765 -0.022744 0.944832 0.913448 0.110360 1 6 1.000000
flash
  6 5.310277 -2.024540 68.338707 -0.326794 -0.022717 0.944822 0.920638 0.110360 1 6 1.000000
  6 5.182751 -2.069799 68.319710 0.059722 -0.024089 0.997924 0.913448 0.088331 1 6 1.000000
  6 5.310277 -2.070231 68.337608 -0.326765 -0.022744 0.944832 0.913448 0.110360 1 6 1.000000
flash
  6 5.310277 -2.024540 68.338707 -0.326794 -0.022717 0.944822 0.920638 0.110360 1 6 1.000000
  6 5.182751 -2.024108 68.320808 0.059727 -0.023998 0.997926 0.920638 0.088331 1 6 1.000000
  6 5.182751 -2.069799 68.319710 0.059722 -0.024089 0.997924 0.913448 0.088331 1 6 1.000000
flash
  6 5.058278 -2.024904 68.353775 0.437217 -0.021751 0.899093 0.920637 0.066304 1 6 1.000000
  6 5.182751 -2.069799 68.319710 0.059722 -0.024089 0.997924 0.913448 0.088331 1 6 1.000000
  6 5.182751 -2.024108 68.320808 0.059727 -0.023998 0.997926 0.920638 0.088331 1 6 1.000000
flash
  6 5.058278 -2.024904 68.353775 0.437217 -0.021751 0.899093 0.920637 0.066304 1 6 1.000000
  6 5.058278 -2.070594 68.352669 0.437163 -0.021712 0.899120 0.913448 0.066304 1 6 1.000000
  6 5.182751 -2.069799 68.319710 0.059722 -0.024089 0.997924 0.913448 0.088331 1 6 1.000000
flash
  6 4.955461 -2.026773 68.431267 0.748163 -0.016153 0.663319 0.920637 0.044277 1 6 1.000000
  6 5.058278 -2.070594 68.352669 0.437163 -0.021712 0.899120 0.913448 0.066304 1 6 1.000000
  6 5.058278 -2.024904 68.353775 0.437217 -0.021751 0.899093 0.920637 0.066304 1 6 1.000000
flash
  6 4.955461 -2.026773 68.431267 0.748163 -0.016153 0.663319 0.920637 0.044277 1 6 1.000000
  6 4.955461 -2.072462 68.430153 0.748135 -0.016002 0.663353 0.913448 0.044277 1 6 1.000000
  6 5.058278 -2.070594 68.352669 0.437163 -0.021712 0.899120 0.913448 0.066304 1 6 1.000000
flash
  6 4.890780 -2.029455 68.542572 0.945130 -0.007878 0.326600 0.920637 0.022250 1 6 1.000000
  6 4.955461 -2.072462 68.430153 0.748135 -0.016002 0.663353 0.913448 0.044277 1 6 1.000000
  6 4.955461 -2.026773 68.431267 0.748163 -0.016153 0.663319 0.920637 0.044277 1 6 1.000000
flash
  6 4.890780 -2.029455 68.542572 0.945130 -0.007878 0.326600 0.920637 0.022250 1 6 1.000000
  6 4.890780 -2.075144 68.541473 0.945130 -0.007854 0.326600 0.913448 0.022250 1 6 1.000000
  6 4.955461 -2.072462 68.430153 0.748135 -0.016002 0.663353 0.913448 0.044277 1 6 1.000000
flash
  6 4.872891 -2.032527 68.670074 0.998210 0.001450 -0.059789 0.920637 0.000221 1 6 1.000000
  6 4.890780 -2.075144 68.541473 0.945130 -0.007854 0.326600 0.913448 0.022250 1 6 1.000000
  6 4.890780 -2.029455 68.542572 0.945130 -0.007878 0.326600 0.920637 0.022250 1 6 1.000000
flash
  6 4.872891 -2.032527 68.670074 0.998210 0.001450 -0.059789 0.920637 0.000221 1 6 1.000000
  6 4.872891 -2.078218 68.668968 0.998211 0.001438 -0.059770 0.913448 0.000221 1 6 1.000000
  6 4.890780 -2.075144 68.541473 0.945130 -0.007854 0.326600 0.913448 0.022250 1 6 1.000000
flash
  6 4.872891 -2.078218 68.668968 0.998211 0.001438 -0.059770 0.913448 0.000221 1 6 1.000000
  6 4.890780 -2.120837 68.540375 0.945127 -0.007853 0.326609 0.906259 0.022249 1 6 1.000000
  6 4.890780 -2.075144 68.541473 0.945130 -0.007854 0.326600 0.913448 0.022250 1 6 1.000000
flash
  6 4.872891 -2.078218 68.668968 0.998211 0.001438 -0.059770 0.913448 0.000221 1 6 1.000000
  6 4.872891 -2.123909 68.667862 0.998210 0.001439 -0.059792 0.906259 0.000221 1 6 1.000000
  6 4.890780 -2.120837 68.540375 0.945127 -0.007853 0.326609 0.906259 0.022249 1 6 1.000000
flash
  6 4.890780 -2.075144 68.541473 0.945130 -0.007854 0.326600 0.913448 0.022250 1 6 1.000000
  6 4.890780 -2.120837 68.540375 0.945127 -0.007853 0.326609 0.906259 0.022249 1 6 1.000000
  6 4.955461 -2.118154 68.429062 0.748176 -0.015842 0.663311 0.906259 0.044277 1 6 1.000000
flash
  6 4.890780 -2.075144 68.541473 0.945130 -0.007854 0.326600 0.913448 0.022250 1 6 1.000000
  6 4.955461 -2.118154 68.429062 0.748176 -0.015842 0.663311 0.906259 0.044277 1 6 1.000000
  6 4.955461 -2.072462 68.430153 0.748135 -0.016002 0.663353 0.913448 0.044277 1 6 1.000000
flash
  6 4.955461 -2.072462 68.430153 0.748135 -0.016002 0.663353 0.913448 0.044277 1 6 1.000000
  6 4.955461 -2.118154 68.429062 0.748176 -0.015842 0.663311 0.906259 0.044277 1 6 1.000000
  6 5.058278 -2.116286 68.351570 0.437150 -0.021604 0.899129 0.906258 0.066304 1 6 1.000000
flash
  6 4.955461 -2.072462 68.430153 0.748135 -0.016002 0.663353 0.913448 0.044277 1 6 1.000000
  6 5.058278 -2.116286 68.351570 0.437150 -0.021604 0.899129 0.906258 0.066304 1 6 1.000000
  6 5.058278 -2.070594 68.352669 0.437163 -0.021712 0.899120 0.913448 0.066304 1 6 1.000000
flash
  6 5.058278 -2.070594 68.352669 0.437163 -0.021712 0.899120 0.913448 0.066304 1 6 1.000000
  6 5.058278 -2.116286 68.351570 0.437150 -0.021604 0.899129 0.906258 0.066304 1 6 1.000000
  6 5.182751 -2.115491 68.318604 0.059717 -0.024126 0.997924 0.906258 0.088331 1 6 1.000000
flash
  6 5.058278 -2.070594 68.352669 0.437163 -0.021712 0.899120 0.913448 0.066304 1 6 1.000000
  6 5.182751 -2.115491 68.318604 0.059717 -0.024126 0.997924 0.906258 0.088331 1 6 1.000000
  6 5.182751 -2.069799 68.319710 0.059722 -0.024089 0.997924 0.913448 0.088331 1 6 1.000000
flash
  6 5.310277 -2.070231 68.337608 -0.326765 -0.022744 0.944832 0.913448 0.110360 1 6 1.000000
  6 5.182751 -2.069799 68.319710 0.059722 -0.024089 0.997924 0.913448 0.088331 1 6 1.000000
  6 5.182751 -2.115491 68.318604 0.059717 -0.024126 0.997924 0.906258 0.088331 1 6 1.000000
flash
  6 5.310277 -2.070231 68.337608 -0.326765 -0.022744 0.944832 0.913448 0.110360 1 6 1.000000
  6 5.182751 -2.115491 68.318604 0.059717 -0.024126 0.997924 0.906258 0.088331 1 6 1.000000
  6 5.310277 -2.115922 68.336510 -0.326768 -0.022707 0.944832 0.906258 0.110360 1 6 1.000000
flash
  6 5.421625 -2.071790 68.402275 -0.663560 -0.018071 0.747905 0.913448 0.132388 1 6 1.000000
  6 5.310277 -2.070231 68.337608 -0.326765 -0.022744 0.944832 0.913448 0.110360 1 6 1.000000
  6 5.310277 -2.115922 68.336510 -0.326768 -0.022707 0.944832 0.906258 0.110360 1 6 1.000000
flash
  6 5.421625 -2.071790 68.402275 -0.663560 -0.018071 0.747905 0.913448 0.132388 1 6 1.000000
  6 5.310277 -2.115922 68.336510 -0.326768 -0.022707 0.944832 0.906258 0.110360 1 6 1.000000
  6 5.421626 -2.117482 68.401184 -0.663585 -0.017869 0.747887 0.906258 0.132388 1 6 1.000000
flash
  6 5.421625 -2.071790 68.402275 -0.663560 -0.018071 0.747905 0.913448 0.132388 1 6 1.000000
  6 5.421626 -2.117482 68.401184 -0.663585 -0.017869 0.747887 0.906258 0.132388 1 6 1.000000
  6 5.499138 -2.119958 68.503975 -0.899363 -0.010560 0.437076 0.906258 0.154415 1 6 1.000000
flash
  6 -5.563122 -0.833538 68.544098 -0.109769 -0.961052 0.253633 0.738817 0.343656 1 6 1.000000
  6 -5.571034 -0.833411 68.541161 -0.108843 -0.960808 0.254952 0.737726 0.344463 1 6 1.000000
  6 -5.508630 -0.894863 68.423744 -0.409008 -0.809597 0.421028 0.727155 0.322193 1 6 1.000000
flash
  6 -5.135828 -2.118123 68.263420 -0.845804 -0.529754 -0.063064 0.758606 0.110074 1 6 1.000000
  6 -5.185261 -1.944521 68.254860 -0.979907 -0.198511 -0.019373 0.749570 0.140694 1 6 1.000000
  6 -5.135349 -2.117762 68.253868 -0.849394 -0.524036 -0.062575 0.757146 0.109695 1 6 1.000000
flash
  6 -5.135349 -2.117762 68.253868 -0.849394 -0.524036 -0.062575 0.757146 0.109695 1 6 1.000000
  6 -5.185261 -1.944521 68.254860 -0.979907 -0.198511 -0.019373 0.749570 0.140694 1 6 1.000000
  6 -5.185143 -1.944172 68.245247 -0.979912 -0.198441 -0.019820 0.748094 0.140363 1 6 1.000000
flash
  6 -5.185261 -1.944521 68.254860 -0.979907 -0.198511 -0.019373 0.749570 0.140694 1 6 1.000000
  6 -5.213737 -1.708786 68.253708 -0.990442 -0.137869 0.003986 0.739987 0.177437 1 6 1.000000
  6 -5.185143 -1.944172 68.245247 -0.979912 -0.198441 -0.019820 0.748094 0.140363 1 6 1.000000
flash
  6 -5.185261 -1.944521 68.254860 -0.979907 -0.198511 -0.019373 0.749570 0.140694 1 6 1.000000
  6 -5.213645 -1.709144 68.263306 -0.990543 -0.137127 0.004487 0.741465 0.177755 1 6 1.000000
  6 -5.213737 -1.708786 68.253708 -0.990442 -0.137869 0.003986 0.739987 0.177437 1 6 1.000000
flash
  6 -5.256039 -1.443012 68.268341 -0.975737 -0.213188 0.049876 0.731610 0.219222 1 6 1.000000
  6 -5.213737 -1.708786 68.253708 -0.990442 -0.137869 0.003986 0.739987 0.177437 1 6 1.000000
  6 -5.213645 -1.709144 68.263306 -0.990543 -0.137127 0.004487 0.741465 0.177755 1 6 1.000000
flash
  6 -5.256039 -1.443012 68.268341 -0.975737 -0.213188 0.049876 0.731610 0.219222 1 6 1.000000
  6 -5.213645 -1.709144 68.263306 -0.990543 -0.137127 0.004487 0.741465 0.177755 1 6 1.000000
  6 -5.255466 -1.443383 68.277847 -0.975792 -0.212700 0.050878 0.733089 0.219514 1 6 1.000000
flash
  6 -5.323895 -1.196504 68.295448 -0.912174 -0.375125 0.164982 0.725170 0.260059 1 6 1.000000
  6 -5.256039 -1.443012 68.268341 -0.975737 -0.213188 0.049876 0.731610 0.219222 1 6 1.000000
  6 -5.255466 -1.443383 68.277847 -0.975792 -0.212700 0.050878 0.733089 0.219514 1 6 1.000000
flash
  6 -5.323895 -1.196504 68.295448 -0.912174 -0.375125 0.164982 0.725170 0.260059 1 6 1.000000
  6 -5.255466 -1.443383 68.277847 -0.975792 -0.212700 0.050878 0.733089 0.219514 1 6 1.000000
  6 -5.322104 -1.196877 68.304428 -0.911555 -0.375662 0.167168 0.726637 0.260239 1 6 1.000000
flash
  6 -5.416828 -1.013018 68.343712 -0.725384 -0.596238 0.343974 0.723150 0.294488 1 6 1.000000
  6 -5.323895 -1.196504 68.295448 -0.912174 -0.375125 0.164982 0.725170 0.260059 1 6 1.000000
  6 -5.322104 -1.196877 68.304428 -0.911555 -0.375662 0.167168 0.726637 0.260239 1 6 1.000000
flash
  6 -5.416828 -1.013018 68.343712 -0.725384 -0.596238 0.343974 0.723150 0.294488 1 6 1.000000
  6 -5.322104 -1.196877 68.304428 -0.911555 -0.375662 0.167168 0.726637 0.260239 1 6 1.000000
  6 -5.412860 -1.013361 68.351379 -0.723251 -0.596382 0.348191 0.724571 0.294415 1 6 1.000000
flash
  6 -5.508630 -0.894863 68.423744 -0.409008 -0.809597 0.421028 0.727155 0.322193 1 6 1.000000
  6 -5.416828 -1.013018 68.343712 -0.725384 -0.596238 0.343974 0.723150 0.294488 1 6 1.000000
  6 -5.412860 -1.013361 68.351379 -0.723251 -0.596382 0.348191 0.724571 0.294415 1 6 1.000000
flash
  6 -5.508630 -0.894863 68.423744 -0.409008 -0.809597 0.421028 0.727155 0.322193 1 6 1.000000
  6 -5.412860 -1.013361 68.351379 -0.723251 -0.596382 0.348191 0.724571 0.294415 1 6 1.000000
  6 -5.502324 -0.895123 68.429329 -0.409177 -0.808877 0.422247 0.728460 0.321772 1 6 1.000000
flash
  6 -5.563122 -0.833538 68.544098 -0.109769 -0.961052 0.253633 0.738817 0.343656 1 6 1.000000
  6 -5.508630 -0.894863 68.423744 -0.409008 -0.809597 0.421028 0.727155 0.322193 1 6 1.000000
  6 -5.502324 -0.895123 68.429329 -0.409177 -0.808877 0.422247 0.728460 0.321772 1 6 1.000000
flash
  6 -5.555212 -0.833664 68.547050 -0.112696 -0.960900 0.252924 0.739908 0.342849 1 6 1.000000
  6 -5.563122 -0.833538 68.544098 -0.109769 -0.961052 0.253633 0.738817 0.343656 1 6 1.000000
  6 -5.502324 -0.895123 68.429329 -0.409177 -0.808877 0.422247 0.728460 0.321772 1 6 1.000000
flash
  6 -5.576299 -0.817782 68.679588 -0.003411 -0.999704 -0.024092 0.753645 0.361443 1 6 1.000000
  6 -5.563122 -0.833538 68.544098 -0.109769 -0.961052 0.253633 0.738817 0.343656 1 6 1.000000
  6 -5.555212 -0.833664 68.547050 -0.112696 -0.960900 0.252924 0.739908 0.342849 1 6 1.000000
flash
  6 -5.576299 -0.817782 68.679588 -0.003411 -0.999704 -0.024092 0.753645 0.361443 1 6 1.000000
  6 -5.584778 -0.817769 68.679581 -0.002581 -0.999706 -0.024101 0.752825 0.362649 1 6 1.000000
  6 -5.563122 -0.833538 68.544098 -0.109769 -0.961052 0.253633 0.738817 0.343656 1 6 1.000000
flash
  6 -5.584778 -0.817769 68.679581 -0.002581 -0.999706 -0.024101 0.752825 0.362649 1 6 1.000000
  6 -5.571034 -0.833411 68.541161 -0.108843 -0.960808 0.254952 0.737726 0.344463 1 6 1.000000
  6 -5.563122 -0.833538 68.544098 -0.109769 -0.961052 0.253633 0.738817 0.343656 1 6 1.000000
flash
  6 -5.584778 -0.817769 68.679581 -0.002581 -0.999706 -0.024101 0.752825 0.362649 1 6 1.000000
  6 -5.593259 -0.817756 68.679581 -0.001630 -0.999708 -0.024109 0.752005 0.363855 1 6 1.000000
  6 -5.571034 -0.833411 68.541161 -0.108843 -0.960808 0.254952 0.737726 0.344463 1 6 1.000000
flash
  6 -5.135828 -2.118123 68.263420 -0.845804 -0.529754 -0.063064 0.758606 0.110074 1 6 1.000000
  6 -5.185380 -1.944870 68.264473 -0.979903 -0.198573 -0.018933 0.751046 0.141025 1 6 1.000000
  6 -5.185261 -1.944521 68.254860 -0.979907 -0.198511 -0.019373 0.749570 0.140694 1 6 1.000000
flash
  6 -5.185380 -1.944870 68.264473 -0.979903 -0.198573 -0.018933 0.751046 0.141025 1 6 1.000000
  6 -5.213645 -1.709144 68.263306 -0.990543 -0.137127 0.004487 0.741465 0.177755 1 6 1.000000
  6 -5.185261 -1.944521 68.254860 -0.979907 -0.198511 -0.019373 0.749570 0.140694 1 6 1.000000
flash
  6 -5.185380 -1.944870 68.264473 -0.979903 -0.198573 -0.018933 0.751046 0.141025 1 6 1.000000
  6 -5.213552 -1.709502 68.272911 -0.990497 -0.137447 0.004921 0.742943 0.178073 1 6 1.000000
  6 -5.213645 -1.709144 68.263306 -0.990543 -0.137127 0.004487 0.741465 0.177755 1 6 1.000000
flash
  6 -5.255466 -1.443383 68.277847 -0.975792 -0.212700 0.050878 0.733089 0.219514 1 6 1.000000
  6 -5.213645 -1.709144 68.263306 -0.990543 -0.137127 0.004487 0.741465 0.177755 1 6 1.000000
  6 -5.213552 -1.709502 68.272911 -0.990497 -0.137447 0.004921 0.742943 0.178073 1 6 1.000000
flash
  6 -5.255466 -1.443383 68.277847 -0.975792 -0.212700 0.050878 0.733089 0.219514 1 6 1.000000
  6 -5.213552 -1.709502 68.272911 -0.990497 -0.137447 0.004921 0.742943 0.178073 1 6 1.000000
  6 -5.254891 -1.443758 68.287361 -0.975896 -0.211986 0.051862 0.734568 0.219806 1 6 1.000000
flash
  6 -5.322104 -1.196877 68.304428 -0.911555 -0.375662 0.167168 0.726637 0.260239 1 6 1.000000
  6 -5.255466 -1.443383 68.277847 -0.975792 -0.212700 0.050878 0.733089 0.219514 1 6 1.000000
  6 -5.254891 -1.443758 68.287361 -0.975896 -0.211986 0.051862 0.734568 0.219806 1 6 1.000000
flash
  6 -5.322104 -1.196877 68.304428 -0.911555 -0.375662 0.167168 0.726637 0.260239 1 6 1.000000
  6 -5.254891 -1.443758 68.287361 -0.975896 -0.211986 0.051862 0.734568 0.219806 1 6 1.000000
  6 -5.320314 -1.197251 68.313400 -0.911614 -0.374577 0.169267 0.728105 0.260418 1 6 1.000000
flash
  6 -5.412860 -1.013361 68.351379 -0.723251 -0.596382 0.348191 0.724571 0.294415 1 6 1.000000
  6 -5.322104 -1.196877 68.304428 -0.911555 -0.375662 0.167168 0.726637 0.260239 1 6 1.000000
  6 -5.320314 -1.197251 68.313400 -0.911614 -0.374577 0.169267 0.728105 0.260418 1 6 1.000000
flash
  6 -5.412860 -1.013361 68.351379 -0.723251 -0.596382 0.348191 0.724571 0.294415 1 6 1.000000
  6 -5.320314 -1.197251 68.313400 -0.911614 -0.374577 0.169267 0.728105 0.260418 1 6 1.000000
  6 -5.408895 -1.013703 68.359024 -0.722052 -0.595160 0.352739 0.725993 0.294343 1 6 1.000000
flash
  6 -5.502324 -0.895123 68.429329 -0.409177 -0.808877 0.422247 0.728460 0.321772 1 6 1.000000
  6 -5.412860 -1.013361 68.351379 -0.723251 -0.596382 0.348191 0.724571 0.294415 1 6 1.000000
  6 -5.408895 -1.013703 68.359024 -0.722052 -0.595160 0.352739 0.725993 0.294343 1 6 1.000000
flash
  6 -5.502324 -0.895123 68.429329 -0.409177 -0.808877 0.422247 0.728460 0.321772 1 6 1.000000
  6 -5.408895 -1.013703 68.359024 -0.722052 -0.595160 0.352739 0.725993 0.294343 1 6 1.000000
  6 -5.496017 -0.895384 68.434929 -0.410189 -0.807226 0.424418 0.729764 0.321350 1 6 1.000000
flash
  6 -5.555212 -0.833664 68.547050 -0.112696 -0.960900 0.252924 0.739908 0.342849 1 6 1.000000
  6 -5.502324 -0.895123 68.429329 -0.409177 -0.808877 0.422247 0.728460 0.321772 1 6 1.000000
  6 -5.496017 -0.895384 68.434929 -0.410189 -0.807226 0.424418 0.729764 0.321350 1 6 1.000000
flash
  6 -5.584778 -0.817769 68.679581 -0.002581 -0.999706 -0.024101 0.855764 0.427209 1 6 1.000000
  6 -5.571035 -0.840063 68.817101 -0.109508 -0.947356 -0.300874 0.874268 0.412495 1 6 1.000000
  6 -5.593259 -0.817756 68.679581 -0.001630 -0.999708 -0.024109 0.856319 0.428557 1 6 1.000000
flash
  6 4.972046 -2.131169 68.907829 -0.661158 0.067867 0.747171 0.493027 0.679227 1 6 1.000000
  6 4.962240 -1.201540 68.787193 -0.896055 0.075233 0.437521 0.639937 0.693555 1 6 1.000000
  6 4.890522 -2.128562 68.799721 -0.896051 0.075239 0.437530 0.498384 0.656700 1 6 1.000000
flash
  6 4.972046 -2.131169 68.907829 -0.661158 0.067867 0.747171 0.493027 0.679227 1 6 1.000000
  6 5.025022 -1.203547 68.870445 -0.661082 0.067873 0.747238 0.635812 0.710903 1 6 1.000000
  6 4.962240 -1.201540 68.787193 -0.896055 0.075233 0.437521 0.639937 0.693555 1 6 1.000000
flash
  6 5.089148 -2.132808 68.975853 -0.325658 0.063046 0.943383 0.488425 0.701915 1 6 1.000000
  6 5.025022 -1.203547 68.870445 -0.661082 0.067873 0.747238 0.635812 0.710903 1 6 1.000000
  6 4.972046 -2.131169 68.907829 -0.661158 0.067867 0.747171 0.493027 0.679227 1 6 1.000000
flash
  6 5.089148 -2.132808 68.975853 -0.325658 0.063046 0.943383 0.488425 0.701915 1 6 1.000000
  6 5.115202 -1.204809 68.922829 -0.325516 0.063045 0.943432 0.632268 0.728376 1 6 1.000000
  6 5.025022 -1.203547 68.870445 -0.661082 0.067873 0.747238 0.635812 0.710903 1 6 1.000000
flash
  6 5.223264 -2.133262 68.994675 0.059534 0.061874 0.996307 0.484652 0.724755 1 6 1.000000
  6 5.115202 -1.204809 68.922829 -0.325516 0.063045 0.943432 0.632268 0.728376 1 6 1.000000
  6 5.089148 -2.132808 68.975853 -0.325658 0.063046 0.943383 0.488425 0.701915 1 6 1.000000
flash
  6 5.223264 -2.133262 68.994675 0.059534 0.061874 0.996307 0.484652 0.724755 1 6 1.000000
  6 5.218490 -1.205158 68.937325 0.059546 0.061866 0.996307 0.629362 0.745965 1 6 1.000000
  6 5.115202 -1.204809 68.922829 -0.325516 0.063045 0.943432 0.632268 0.728376 1 6 1.000000
flash
  6 5.354166 -2.132426 68.959984 0.435692 0.064139 0.897808 0.481712 0.747716 1 6 1.000000
  6 5.218490 -1.205158 68.937325 0.059546 0.061866 0.996307 0.629362 0.745965 1 6 1.000000
  6 5.223264 -2.133262 68.994675 0.059534 0.061874 0.996307 0.484652 0.724755 1 6 1.000000
flash
  6 5.354166 -2.132426 68.959984 0.435692 0.064139 0.897808 0.481712 0.747716 1 6 1.000000
  6 5.319300 -1.204514 68.910614 0.435646 0.064148 0.897829 0.627098 0.763648 1 6 1.000000
  6 5.218490 -1.205158 68.937325 0.059546 0.061866 0.996307 0.629362 0.745965 1 6 1.000000
flash
  6 5.462300 -2.130461 68.878487 0.745393 0.069899 0.662950 0.479609 0.770769 1 6 1.000000
  6 5.319300 -1.204514 68.910614 0.435646 0.064148 0.897829 0.627098 0.763648 1 6 1.000000
  6 5.354166 -2.132426 68.959984 0.435692 0.064139 0.897808 0.481712 0.747716 1 6 1.000000
flash
  6 5.462300 -2.130461 68.878487 0.745393 0.069899 0.662950 0.479609 0.770769 1 6 1.000000
  6 5.402575 -1.203002 68.847839 0.745391 0.069904 0.662952 0.625479 0.781401 1 6 1.000000
  6 5.319300 -1.204514 68.910614 0.435646 0.064148 0.897829 0.627098 0.763648 1 6 1.000000
flash
  6 5.530330 -2.127639 68.761421 0.941630 0.077892 0.327515 0.478347 0.793884 1 6 1.000000
  6 5.402575 -1.203002 68.847839 0.745391 0.069904 0.662952 0.625479 0.781401 1 6 1.000000
  6 5.462300 -2.130461 68.878487 0.745393 0.069899 0.662950 0.479609 0.770769 1 6 1.000000
flash
  6 5.530330 -2.127639 68.761421 0.941630 0.077892 0.327515 0.478347 0.793884 1 6 1.000000
  6 5.454967 -1.200828 68.757690 0.941629 0.077886 0.327519 0.624506 0.799203 1 6 1.000000
  6 5.402575 -1.203002 68.847839 0.745391 0.069904 0.662952 0.625479 0.781401 1 6 1.000000
flash
  6 5.549148 -2.124406 68.627342 0.994524 0.087269 -0.057500 0.477926 0.817029 1 6 1.000000
  6 5.454967 -1.200828 68.757690 0.941629 0.077886 0.327519 0.624506 0.799203 1 6 1.000000
  6 5.530330 -2.127639 68.761421 0.941630 0.077892 0.327515 0.478347 0.793884 1 6 1.000000
flash
  6 5.549148 -2.124406 68.627342 0.994524 0.087269 -0.057500 0.477926 0.817029 1 6 1.000000
  6 5.469456 -1.198339 68.654442 0.994526 0.087260 -0.057476 0.624182 0.817028 1 6 1.000000
  6 5.454967 -1.200828 68.757690 0.941629 0.077886 0.327519 0.624506 0.799203 1 6 1.000000
flash
  6 5.514455 -2.121253 68.496483 0.896049 0.096221 -0.433402 0.478347 0.840174 1 6 1.000000
  6 5.469456 -1.198339 68.654442 0.994526 0.087260 -0.057476 0.624182 0.817028 1 6 1.000000
  6 5.549148 -2.124406 68.627342 0.994524 0.087269 -0.057500 0.477926 0.817029 1 6 1.000000
flash
  6 5.514455 -2.121253 68.496483 0.896049 0.096221 -0.433402 0.478347 0.840174 1 6 1.000000
  6 5.442740 -1.195910 68.553650 0.896044 0.096224 -0.433413 0.624507 0.834852 1 6 1.000000
  6 5.469456 -1.198339 68.654442 0.994526 0.087260 -0.057476 0.624182 0.817028 1 6 1.000000
flash
  6 5.432938 -2.118647 68.388374 0.661093 0.103785 -0.743091 0.479610 0.863287 1 6 1.000000
  6 5.442740 -1.195910 68.553650 0.896044 0.096224 -0.433413 0.624507 0.834852 1 6 1.000000
  6 5.514455 -2.121253 68.496483 0.896049 0.096221 -0.433402 0.478347 0.840174 1 6 1.000000
flash
  6 5.432938 -2.118647 68.388374 0.661093 0.103785 -0.743091 0.479610 0.863287 1 6 1.000000
  6 5.379961 -1.193903 68.470398 0.661126 0.103785 -0.743062 0.625479 0.852652 1 6 1.000000
  6 5.442740 -1.195910 68.553650 0.896044 0.096224 -0.433413 0.624507 0.834852 1 6 1.000000
flash
  6 5.469456 -1.198339 68.654442 0.994526 0.087260 -0.057476 0.624182 0.817028 1 6 1.000000
  6 5.379602 -0.274017 68.753967 0.941629 0.077884 0.327520 0.770666 0.804522 1 6 1.000000
  6 5.454967 -1.200828 68.757690 0.941629 0.077886 0.327519 0.624506 0.799203 1 6 1.000000
flash
  6 5.454967 -1.200828 68.757690 0.941629 0.077886 0.327519 0.624506 0.799203 1 6 1.000000
  6 5.379602 -0.274017 68.753967 0.941629 0.077884 0.327520 0.770666 0.804522 1 6 1.000000
  6 5.342852 -0.275542 68.817207 0.745382 0.069891 0.662964 0.771348 0.792034 1 6 1.000000
flash
  6 5.454967 -1.200828 68.757690 0.941629 0.077886 0.327519 0.624506 0.799203 1 6 1.000000
  6 5.342852 -0.275542 68.817207 0.745382 0.069891 0.662964 0.771348 0.792034 1 6 1.000000
  6 5.402575 -1.203002 68.847839 0.745391 0.069904 0.662952 0.625479 0.781401 1 6 1.000000
flash
  6 5.402575 -1.203002 68.847839 0.745391 0.069904 0.662952 0.625479 0.781401 1 6 1.000000
  6 5.342852 -0.275542 68.817207 0.745382 0.069891 0.662964 0.771348 0.792034 1 6 1.000000
  6 5.284433 -0.276603 68.861229 0.435681 0.064143 0.897813 0.772484 0.779580 1 6 1.000000
flash
  6 5.402575 -1.203002 68.847839 0.745391 0.069904 0.662952 0.625479 0.781401 1 6 1.000000
  6 5.284433 -0.276603 68.861229 0.435681 0.064143 0.897813 0.772484 0.779580 1 6 1.000000
  6 5.319300 -1.204514 68.910614 0.435646 0.064148 0.897829 0.627098 0.763648 1 6 1.000000
flash
  6 5.319300 -1.204514 68.910614 0.435646 0.064148 0.897829 0.627098 0.763648 1 6 1.000000
  6 5.284433 -0.276603 68.861229 0.435681 0.064143 0.897813 0.772484 0.779580 1 6 1.000000
  6 5.213715 -0.277055 68.879974 0.059554 0.061876 0.996305 0.774072 0.767175 1 6 1.000000
flash
  6 5.319300 -1.204514 68.910614 0.435646 0.064148 0.897829 0.627098 0.763648 1 6 1.000000
  6 5.213715 -0.277055 68.879974 0.059554 0.061876 0.996305 0.774072 0.767175 1 6 1.000000
  6 5.218490 -1.205158 68.937325 0.059546 0.061866 0.996307 0.629362 0.745965 1 6 1.000000
flash
  6 5.218490 -1.205158 68.937325 0.059546 0.061866 0.996307 0.629362 0.745965 1 6 1.000000
  6 5.213715 -0.277055 68.879974 0.059554 0.061876 0.996305 0.774072 0.767175 1 6 1.000000
  6 5.141261 -0.276810 68.869812 -0.325544 0.063042 0.943423 0.776111 0.754837 1 6 1.000000
flash
  6 5.218490 -1.205158 68.937325 0.059546 0.061866 0.996307 0.629362 0.745965 1 6 1.000000
  6 5.141261 -0.276810 68.869812 -0.325544 0.063042 0.943423 0.776111 0.754837 1 6 1.000000
  6 5.115202 -1.204809 68.922829 -0.325516 0.063045 0.943432 0.632268 0.728376 1 6 1.000000
flash
  6 5.115202 -1.204809 68.922829 -0.325516 0.063045 0.943432 0.632268 0.728376 1 6 1.000000
  6 5.141261 -0.276810 68.869812 -0.325544 0.063042 0.943423 0.776111 0.754837 1 6 1.000000
  6 5.077998 -0.275925 68.833069 -0.661114 0.067865 0.747210 0.778597 0.742580 1 6 1.000000
flash
  6 5.115202 -1.204809 68.922829 -0.325516 0.063045 0.943432 0.632268 0.728376 1 6 1.000000
  6 5.077998 -0.275925 68.833069 -0.661114 0.067865 0.747210 0.778597 0.742580 1 6 1.000000
  6 5.025022 -1.203547 68.870445 -0.661082 0.067873 0.747238 0.635812 0.710903 1 6 1.000000
flash
  6 5.025022 -1.203547 68.870445 -0.661082 0.067873 0.747238 0.635812 0.710903 1 6 1.000000
  6 5.077998 -0.275925 68.833069 -0.661114 0.067865 0.747210 0.778597 0.742580 1 6 1.000000
  6 5.033957 -0.274517 68.774666 -0.896066 0.075229 0.437500 0.781491 0.730410 1 6 1.000000
flash
  6 5.025022 -1.203547 68.870445 -0.661082 0.067873 0.747238 0.635812 0.710903 1 6 1.000000
  6 5.033957 -0.274517 68.774666 -0.896066 0.075229 0.437500 0.781491 0.730410 1 6 1.000000
  6 4.962240 -1.201540 68.787193 -0.896055 0.075233 0.437521 0.639937 0.693555 1 6 1.000000
flash
  6 4.962240 -1.201540 68.787193 -0.896055 0.075233 0.437521 0.639937 0.693555 1 6 1.000000
  6 5.033957 -0.274517 68.774666 -0.896066 0.075229 0.437500 0.781491 0.730410 1 6 1.000000
  6 5.015217 -0.272813 68.703957 -0.994530 0.084392 0.061540 0.784607 0.718289 1 6 1.000000
flash
  6 4.962240 -1.201540 68.787193 -0.896055 0.075233 0.437521 0.639937 0.693555 1 6 1.000000
  6 5.015217 -0.272813 68.703957 -0.994530 0.084392 0.061540 0.784607 0.718289 1 6 1.000000
  6 4.935526 -1.199110 68.686386 -0.994531 0.084393 0.061528 0.644380 0.676277 1 6 1.000000
flash
  6 4.890522 -2.128562 68.799721 -0.896051 0.075239 0.437530 0.498384 0.656700 1 6 1.000000
  6 4.962240 -1.201540 68.787193 -0.896055 0.075233 0.437521 0.639937 0.693555 1 6 1.000000
  6 4.935526 -1.199110 68.686386 -0.994531 0.084393 0.061528 0.644380 0.676277 1 6 1.000000
flash
  6 4.890522 -2.128562 68.799721 -0.896051 0.075239 0.437530 0.498384 0.656700 1 6 1.000000
  6 4.935526 -1.199110 68.686386 -0.994531 0.084393 0.061528 0.644380 0.676277 1 6 1.000000
  6 4.855834 -2.125408 68.668846 -0.994528 0.084396 0.061574 0.504153 0.634265 1 6 1.000000
flash
  6 4.855834 -2.125408 68.668846 -0.994528 0.084396 0.061574 0.504153 0.999779 1 6 1.000000
  6 4.950027 -1.196621 68.583145 -0.941586 0.093579 -0.323511 0.639938 0.940491 1 6 1.000000
  6 4.874668 -2.122176 68.534767 -0.941599 0.093570 -0.323474 0.498385 0.977346 1 6 1.000000
flash
  6 4.855834 -2.125408 68.668846 -0.994528 0.084396 0.061574 0.504153 0.999779 1 6 1.000000
  6 4.935526 -1.199110 68.686386 -0.994531 0.084393 0.061528 0.644380 0.957767 1 6 1.000000
  6 4.950027 -1.196621 68.583145 -0.941586 0.093579 -0.323511 0.639938 0.940491 1 6 1.000000
flash
  6 4.935526 -1.199110 68.686386 -0.994531 0.084393 0.061528 0.644380 0.957767 1 6 1.000000
  6 5.025391 -0.271066 68.631523 -0.941592 0.093574 -0.323495 0.781491 0.903636 1 6 1.000000
  6 4.950027 -1.196621 68.583145 -0.941586 0.093579 -0.323511 0.639938 0.940491 1 6 1.000000
flash
  6 4.950027 -1.196621 68.583145 -0.941586 0.093579 -0.323511 0.639938 0.940491 1 6 1.000000
  6 5.025391 -0.271066 68.631523 -0.941592 0.093574 -0.323495 0.781491 0.903636 1 6 1.000000
  6 5.062150 -0.269542 68.568291 -0.745359 0.101748 -0.658853 0.778598 0.891467 1 6 1.000000
flash
  6 4.950027 -1.196621 68.583145 -0.941586 0.093579 -0.323511 0.639938 0.940491 1 6 1.000000
  6 5.062150 -0.269542 68.568291 -0.745359 0.101748 -0.658853 0.778598 0.891467 1 6 1.000000
  6 5.002427 -1.194448 68.493011 -0.745316 0.101763 -0.658899 0.635813 0.923145 1 6 1.000000
flash
  6 5.002427 -1.194448 68.493011 -0.745316 0.101763 -0.658899 0.635813 0.923145 1 6 1.000000
  6 5.062150 -0.269542 68.568291 -0.745359 0.101748 -0.658853 0.778598 0.891467 1 6 1.000000
  6 5.120570 -0.268481 68.524261 -0.435735 0.107316 -0.893654 0.776112 0.879212 1 6 1.000000
flash
  6 5.002427 -1.194448 68.493011 -0.745316 0.101763 -0.658899 0.635813 0.923145 1 6 1.000000
  6 5.120570 -0.268481 68.524261 -0.435735 0.107316 -0.893654 0.776112 0.879212 1 6 1.000000
  6 5.085709 -1.192935 68.430237 -0.435602 0.107320 -0.893719 0.632269 0.905674 1 6 1.000000
flash
  6 5.085709 -1.192935 68.430237 -0.435602 0.107320 -0.893719 0.632269 0.905674 1 6 1.000000
  6 5.120570 -0.268481 68.524261 -0.435735 0.107316 -0.893654 0.776112 0.879212 1 6 1.000000
  6 5.191287 -0.268029 68.505524 -0.059614 0.109794 -0.992165 0.774073 0.866874 1 6 1.000000
flash
  6 5.085709 -1.192935 68.430237 -0.435602 0.107320 -0.893719 0.632269 0.905674 1 6 1.000000
  6 5.191287 -0.268029 68.505524 -0.059614 0.109794 -0.992165 0.774073 0.866874 1 6 1.000000
  6 5.186516 -1.192292 68.403534 -0.059516 0.109787 -0.992172 0.629363 0.888086 1 6 1.000000
flash
  6 5.186516 -1.192292 68.403534 -0.059516 0.109787 -0.992172 0.629363 0.888086 1 6 1.000000
  6 5.191287 -0.268029 68.505524 -0.059614 0.109794 -0.992165 0.774073 0.866874 1 6 1.000000
  6 5.263734 -0.268274 68.515694 0.325621 0.108418 -0.939264 0.772485 0.854470 1 6 1.000000
flash
  6 5.186516 -1.192292 68.403534 -0.059516 0.109787 -0.992172 0.629363 0.888086 1 6 1.000000
  6 5.263734 -0.268274 68.515694 0.325621 0.108418 -0.939264 0.772485 0.854470 1 6 1.000000
  6 5.289790 -1.192641 68.418022 0.325588 0.108416 -0.939275 0.627099 0.870404 1 6 1.000000
flash
  6 5.289790 -1.192641 68.418022 0.325588 0.108416 -0.939275 0.627099 0.870404 1 6 1.000000
  6 5.263734 -0.268274 68.515694 0.325621 0.108418 -0.939264 0.772485 0.854470 1 6 1.000000
  6 5.326989 -0.269159 68.552429 0.661181 0.103784 -0.743013 0.771349 0.842017 1 6 1.000000
flash
  6 5.289790 -1.192641 68.418022 0.325588 0.108416 -0.939275 0.627099 0.870404 1 6 1.000000
  6 5.326989 -0.269159 68.552429 0.661181 0.103784 -0.743013 0.771349 0.842017 1 6 1.000000
  6 5.379961 -1.193903 68.470398 0.661126 0.103785 -0.743062 0.625479 0.852652 1 6 1.000000
flash
  6 5.379961 -1.193903 68.470398 0.661126 0.103785 -0.743062 0.625479 0.852652 1 6 1.000000
  6 5.326989 -0.269159 68.552429 0.661181 0.103784 -0.743013 0.771349 0.842017 1 6 1.000000
  6 5.371027 -0.270567 68.610832 0.896037 0.096229 -0.433425 0.770666 0.829530 1 6 1.000000
flash
  6 5.379961 -1.193903 68.470398 0.661126 0.103785 -0.743062 0.625479 0.852652 1 6 1.000000
  6 5.371027 -0.270567 68.610832 0.896037 0.096229 -0.433425 0.770666 0.829530 1 6 1.000000
  6 5.442740 -1.195910 68.553650 0.896044 0.096224 -0.433413 0.624507 0.834852 1 6 1.000000
flash
  6 5.442740 -1.195910 68.553650 0.896044 0.096224 -0.433413 0.624507 0.834852 1 6 1.000000
  6 5.371027 -0.270567 68.610832 0.896037 0.096229 -0.433425 0.770666 0.829530 1 6 1.000000
  6 5.389770 -0.272272 68.681526 0.994523 0.087263 -0.057528 0.770439 0.817026 1 6 1.000000
flash
  6 5.442740 -1.195910 68.553650 0.896044 0.096224 -0.433413 0.624507 0.834852 1 6 1.000000
  6 5.389770 -0.272272 68.681526 0.994523 0.087263 -0.057528 0.770439 0.817026 1 6 1.000000
  6 5.469456 -1.198339 68.654442 0.994526 0.087260 -0.057476 0.624182 0.817028 1 6 1.000000
flash
  6 5.469456 -1.198339 68.654442 0.994526 0.087260 -0.057476 0.624182 0.817028 1 6 1.000000
  6 5.389770 -0.272272 68.681526 0.994523 0.087263 -0.057528 0.770439 0.817026 1 6 1.000000
  6 5.379602 -0.274017 68.753967 0.941629 0.077884 0.327520 0.770666 0.804522 1 6 1.000000
flash
  6 4.935526 -1.199110 68.686386 -0.994531 0.084393 0.061528 0.644380 0.957767 1 6 1.000000
  6 5.015217 -0.272813 68.703957 -0.994530 0.084392 0.061540 0.784607 0.915755 1 6 1.000000
  6 5.025391 -0.271066 68.631523 -0.941592 0.093574 -0.323495 0.781491 0.903636 1 6 1.000000
flash
  6 5.315849 -2.117008 68.320366 0.325493 0.108414 -0.939309 0.481713 0.886339 1 6 1.000000
  6 5.379961 -1.193903 68.470398 0.661126 0.103785 -0.743062 0.625479 0.852652 1 6 1.000000
  6 5.432938 -2.118647 68.388374 0.661093 0.103785 -0.743091 0.479610 0.863287 1 6 1.000000
flash
  6 5.315849 -2.117008 68.320366 0.325493 0.108414 -0.939309 0.481713 0.886339 1 6 1.000000
  6 5.289790 -1.192641 68.418022 0.325588 0.108416 -0.939275 0.627099 0.870404 1 6 1.000000
  6 5.379961 -1.193903 68.470398 0.661126 0.103785 -0.743062 0.625479 0.852652 1 6 1.000000
flash
  6 5.181746 -2.116555 68.301544 -0.059639 0.109782 -0.992165 0.484653 0.909299 1 6 1.000000
  6 5.289790 -1.192641 68.418022 0.325588 0.108416 -0.939275 0.627099 0.870404 1 6 1.000000
  6 5.315849 -2.117008 68.320366 0.325493 0.108414 -0.939309 0.481713 0.886339 1 6 1.000000
flash
  6 5.181746 -2.116555 68.301544 -0.059639 0.109782 -0.992165 0.484653 0.909299 1 6 1.000000
  6 5.186516 -1.192292 68.403534 -0.059516 0.109787 -0.992172 0.629363 0.888086 1 6 1.000000
  6 5.289790 -1.192641 68.418022 0.325588 0.108416 -0.939275 0.627099 0.870404 1 6 1.000000
flash
  6 5.050848 -2.117391 68.336227 -0.435626 0.107306 -0.893709 0.488427 0.932137 1 6 1.000000
  6 5.186516 -1.192292 68.403534 -0.059516 0.109787 -0.992172 0.629363 0.888086 1 6 1.000000
  6 5.181746 -2.116555 68.301544 -0.059639 0.109782 -0.992165 0.484653 0.909299 1 6 1.000000
flash
  6 5.050848 -2.117391 68.336227 -0.435626 0.107306 -0.893709 0.488427 0.932137 1 6 1.000000
  6 5.085709 -1.192935 68.430237 -0.435602 0.107320 -0.893719 0.632269 0.905674 1 6 1.000000
  6 5.186516 -1.192292 68.403534 -0.059516 0.109787 -0.992172 0.629363 0.888086 1 6 1.000000
flash
  6 4.942708 -2.119355 68.417717 -0.745290 0.101754 -0.658931 0.493028 0.954823 1 6 1.000000
  6 5.085709 -1.192935 68.430237 -0.435602 0.107320 -0.893719 0.632269 0.905674 1 6 1.000000
  6 5.050848 -2.117391 68.336227 -0.435626 0.107306 -0.893709 0.488427 0.932137 1 6 1.000000
flash
  6 4.942708 -2.119355 68.417717 -0.745290 0.101754 -0.658931 0.493028 0.954823 1 6 1.000000
  6 5.002427 -1.194448 68.493011 -0.745316 0.101763 -0.658899 0.635813 0.923145 1 6 1.000000
  6 5.085709 -1.192935 68.430237 -0.435602 0.107320 -0.893719 0.632269 0.905674 1 6 1.000000
flash
  6 4.874668 -2.122176 68.534767 -0.941599 0.093570 -0.323474 0.498385 0.977346 1 6 1.000000
  6 5.002427 -1.194448 68.493011 -0.745316 0.101763 -0.658899 0.635813 0.923145 1 6 1.000000
  6 4.942708 -2.119355 68.417717 -0.745290 0.101754 -0.658931 0.493028 0.954823 1 6 1.000000
flash
  6 4.874668 -2.122176 68.534767 -0.941599 0.093570 -0.323474 0.498385 0.977346 1 6 1.000000
  6 4.950027 -1.196621 68.583145 -0.941586 0.093579 -0.323511 0.639938 0.940491 1 6 1.000000
  6 5.002427 -1.194448 68.493011 -0.745316 0.101763 -0.658899 0.635813 0.923145 1 6 1.000000
flash
  6 -5.094724 -2.130950 68.959763 -0.326734 0.022706 -0.944844 0.906259 0.286569 1 6 1.000000
  6 -5.222237 -2.131381 68.977638 0.059860 0.023826 -0.997922 0.906260 0.264543 1 6 1.000000
  6 -5.222236 -2.085688 68.978729 0.059826 0.024090 -0.997918 0.913449 0.264543 1 6 1.000000
flash
  6 -5.222236 -2.085688 68.978729 0.059826 0.024090 -0.997918 0.913449 0.264543 1 6 1.000000
  6 -5.222237 -2.131381 68.977638 0.059860 0.023826 -0.997922 0.906260 0.264543 1 6 1.000000
  6 -5.346704 -2.130586 68.944664 0.437148 0.021473 -0.899133 0.906260 0.242518 1 6 1.000000
flash
  6 -5.222236 -2.085688 68.978729 0.059826 0.024090 -0.997918 0.913449 0.264543 1 6 1.000000
  6 -5.346704 -2.130586 68.944664 0.437148 0.021473 -0.899133 0.906260 0.242518 1 6 1.000000
  6 -5.346704 -2.084894 68.945755 0.437171 0.021702 -0.899116 0.913449 0.242518 1 6 1.000000
flash
  6 -5.346704 -2.084894 68.945755 0.437171 0.021702 -0.899116 0.913449 0.242518 1 6 1.000000
  6 -5.346704 -2.130586 68.944664 0.437148 0.021473 -0.899133 0.906260 0.242518 1 6 1.000000
  6 -5.449526 -2.128719 68.867180 0.748092 0.015919 -0.663404 0.906260 0.220493 1 6 1.000000
flash
  6 -4.905880 -2.035529 68.794510 -0.899359 0.010511 -0.437085 0.920637 0.330621 1 6 1.000000
  6 -4.872895 -2.032530 68.670082 -0.998210 0.001450 -0.059796 0.920638 0.352647 1 6 1.000000
  6 -4.872895 -2.078222 68.668976 -0.998211 0.001439 -0.059775 0.913449 0.352647 1 6 1.000000
flash
  6 -4.905880 -2.035529 68.794510 -0.899359 0.010511 -0.437085 0.920637 0.330621 1 6 1.000000
  6 -4.872895 -2.078222 68.668976 -0.998211 0.001439 -0.059775 0.913449 0.352647 1 6 1.000000
  6 -4.905880 -2.081221 68.793411 -0.899352 0.010541 -0.437099 0.913448 0.330621 1 6 1.000000
flash
  6 -4.905880 -2.081221 68.793411 -0.899352 0.010541 -0.437099 0.913448 0.330621 1 6 1.000000
  6 -4.872895 -2.078222 68.668976 -0.998211 0.001439 -0.059775 0.913449 0.352647 1 6 1.000000
  6 -4.872895 -2.123915 68.667877 -0.998210 0.001440 -0.059796 0.906259 0.352647 1 6 1.000000
flash
  6 -4.905880 -2.081221 68.793411 -0.899352 0.010541 -0.437099 0.913448 0.330621 1 6 1.000000
  6 -4.872895 -2.123915 68.667877 -0.998210 0.001440 -0.059796 0.906259 0.352647 1 6 1.000000
  6 -4.905880 -2.126913 68.792305 -0.899359 0.010581 -0.437083 0.906259 0.330621 1 6 1.000000
flash
  6 -4.983388 -2.083697 68.896202 -0.663549 0.018054 -0.747915 0.913448 0.308595 1 6 1.000000
  6 -4.905880 -2.081221 68.793411 -0.899352 0.010541 -0.437099 0.913448 0.330621 1 6 1.000000
  6 -4.905880 -2.126913 68.792305 -0.899359 0.010581 -0.437083 0.906259 0.330621 1 6 1.000000
flash
  6 -4.983388 -2.083697 68.896202 -0.663549 0.018054 -0.747915 0.913448 0.308595 1 6 1.000000
  6 -4.905880 -2.126913 68.792305 -0.899359 0.010581 -0.437083 0.906259 0.330621 1 6 1.000000
  6 -4.983388 -2.129389 68.895096 -0.663567 0.018103 -0.747898 0.906259 0.308595 1 6 1.000000
flash
  6 -4.983388 -2.129389 68.895096 -0.663567 0.018103 -0.747898 0.906259 0.308595 1 6 1.000000
  6 -5.094721 -2.085258 68.960861 -0.326749 0.022744 -0.944837 0.913448 0.286569 1 6 1.000000
  6 -4.983388 -2.083697 68.896202 -0.663549 0.018054 -0.747915 0.913448 0.308595 1 6 1.000000
flash
  6 -4.983388 -2.129389 68.895096 -0.663567 0.018103 -0.747898 0.906259 0.308595 1 6 1.000000
  6 -5.094724 -2.130950 68.959763 -0.326734 0.022706 -0.944844 0.906259 0.286569 1 6 1.000000
  6 -5.094721 -2.085258 68.960861 -0.326749 0.022744 -0.944837 0.913448 0.286569 1 6 1.000000
flash
  6 -5.094724 -2.130950 68.959763 -0.326734 0.022706 -0.944844 0.906259 0.286569 1 6 1.000000
  6 -5.222236 -2.085688 68.978729 0.059826 0.024090 -0.997918 0.913449 0.264543 1 6 1.000000
  6 -5.094721 -2.085258 68.960861 -0.326749 0.022744 -0.944837 0.913448 0.286569 1 6 1.000000
flash
  6 -5.094721 -2.085258 68.960861 -0.326749 0.022744 -0.944837 0.913448 0.286569 1 6 1.000000
  6 -5.222236 -2.085688 68.978729 0.059826 0.024090 -0.997918 0.913449 0.264543 1 6 1.000000
  6 -5.222237 -2.039997 68.979843 0.059811 0.024296 -0.997914 0.920637 0.264544 1 6 1.000000
flash
  6 -5.222237 -2.039997 68.979843 0.059811 0.024296 -0.997914 0.920637 0.264544 1 6 1.000000
  6 -5.222236 -2.085688 68.978729 0.059826 0.024090 -0.997918 0.913449 0.264543 1 6 1.000000
  6 -5.346704 -2.084894 68.945755 0.437171 0.021702 -0.899116 0.913449 0.242518 1 6 1.000000
flash
  6 -5.222237 -2.039997 68.979843 0.059811 0.024296 -0.997914 0.920637 0.264544 1 6 1.000000
  6 -5.346704 -2.084894 68.945755 0.437171 0.021702 -0.899116 0.913449 0.242518 1 6 1.000000
  6 -5.346704 -2.039203 68.946869 0.437178 0.021902 -0.899108 0.920637 0.242518 1 6 1.000000
flash
  6 -5.346704 -2.039203 68.946869 0.437178 0.021902 -0.899108 0.920637 0.242518 1 6 1.000000
  6 -5.346704 -2.084894 68.945755 0.437171 0.021702 -0.899116 0.913449 0.242518 1 6 1.000000
  6 -5.449525 -2.083026 68.868279 0.748093 0.016023 -0.663401 0.913448 0.220493 1 6 1.000000
flash
  6 -5.346704 -2.084894 68.945755 0.437171 0.021702 -0.899116 0.913449 0.242518 1 6 1.000000
  6 -5.449526 -2.128719 68.867180 0.748092 0.015919 -0.663404 0.906260 0.220493 1 6 1.000000
  6 -5.449525 -2.083026 68.868279 0.748093 0.016023 -0.663401 0.913448 0.220493 1 6 1.000000
flash
  6 -5.514218 -2.080344 68.756966 0.945103 0.007864 -0.326678 0.913448 0.198467 1 6 1.000000
  6 -5.449525 -2.083026 68.868279 0.748093 0.016023 -0.663401 0.913448 0.220493 1 6 1.000000
  6 -5.449526 -2.128719 68.867180 0.748092 0.015919 -0.663404 0.906260 0.220493 1 6 1.000000
flash
  6 -5.514218 -2.080344 68.756966 0.945103 0.007864 -0.326678 0.913448 0.198467 1 6 1.000000
  6 -5.449526 -2.128719 68.867180 0.748092 0.015919 -0.663404 0.906260 0.220493 1 6 1.000000
  6 -5.514218 -2.126035 68.755875 0.945068 0.007739 -0.326783 0.906259 0.198467 1 6 1.000000
flash
  6 -5.532121 -2.077271 68.629494 0.998214 -0.001443 0.059729 0.913448 0.176441 1 6 1.000000
  6 -5.514218 -2.080344 68.756966 0.945103 0.007864 -0.326678 0.913448 0.198467 1 6 1.000000
  6 -5.514218 -2.126035 68.755875 0.945068 0.007739 -0.326783 0.906259 0.198467 1 6 1.000000
flash
  6 -5.532121 -2.077271 68.629494 0.998214 -0.001443 0.059729 0.913448 0.176441 1 6 1.000000
  6 -5.514218 -2.126035 68.755875 0.945068 0.007739 -0.326783 0.906259 0.198467 1 6 1.000000
  6 -5.532122 -2.122962 68.628395 0.998214 -0.001465 0.059713 0.906259 0.176441 1 6 1.000000
flash
  6 -5.094721 -2.085258 68.960861 -0.326749 0.022744 -0.944837 0.913448 0.286569 1 6 1.000000
  6 -5.222237 -2.039997 68.979843 0.059811 0.024296 -0.997914 0.920637 0.264544 1 6 1.000000
  6 -5.094722 -2.039566 68.961960 -0.326758 0.022712 -0.944835 0.920637 0.286569 1 6 1.000000
flash
  6 -4.983388 -2.083697 68.896202 -0.663549 0.018054 -0.747915 0.913448 0.308595 1 6 1.000000
  6 -5.094721 -2.085258 68.960861 -0.326749 0.022744 -0.944837 0.913448 0.286569 1 6 1.000000
  6 -5.094722 -2.039566 68.961960 -0.326758 0.022712 -0.944835 0.920637 0.286569 1 6 1.000000
flash
  6 -4.983388 -2.083697 68.896202 -0.663549 0.018054 -0.747915 0.913448 0.308595 1 6 1.000000
  6 -5.094722 -2.039566 68.961960 -0.326758 0.022712 -0.944835 0.920637 0.286569 1 6 1.000000
  6 -4.983388 -2.038008 68.897301 -0.663539 0.017989 -0.747925 0.920637 0.308595 1 6 1.000000
flash
  6 -4.983388 -2.038008 68.897301 -0.663539 0.017989 -0.747925 0.920637 0.308595 1 6 1.000000
  6 -4.905880 -2.081221 68.793411 -0.899352 0.010541 -0.437099 0.913448 0.330621 1 6 1.000000
  6 -4.983388 -2.083697 68.896202 -0.663549 0.018054 -0.747915 0.913448 0.308595 1 6 1.000000
flash
  6 -4.983388 -2.038008 68.897301 -0.663539 0.017989 -0.747925 0.920637 0.308595 1 6 1.000000
  6 -4.905880 -2.035529 68.794510 -0.899359 0.010511 -0.437085 0.920637 0.330621 1 6 1.000000
  6 -4.905880 -2.081221 68.793411 -0.899352 0.010541 -0.437099 0.913448 0.330621 1 6 1.000000
flash
  6 -5.421628 -2.026102 68.403381 0.663583 -0.018181 0.747882 0.920638 0.132388 1 6 1.000000
  6 -5.499143 -2.028580 68.506172 0.899367 -0.010559 0.437067 0.920637 0.154415 1 6 1.000000
  6 -5.499142 -2.074272 68.505066 0.899361 -0.010542 0.437079 0.913448 0.154415 1 6 1.000000
flash
  6 -5.499143 -2.028580 68.506172 0.899367 -0.010559 0.437067 0.920637 0.154415 1 6 1.000000
  6 -5.532121 -2.077271 68.629494 0.998214 -0.001443 0.059729 0.913448 0.176441 1 6 1.000000
  6 -5.499142 -2.074272 68.505066 0.899361 -0.010542 0.437079 0.913448 0.154415 1 6 1.000000
flash
  6 -5.499143 -2.028580 68.506172 0.899367 -0.010559 0.437067 0.920637 0.154415 1 6 1.000000
  6 -5.532121 -2.031579 68.630600 0.998215 -0.001418 0.059700 0.920637 0.176441 1 6 1.000000
  6 -5.532121 -2.077271 68.629494 0.998214 -0.001443 0.059729 0.913448 0.176441 1 6 1.000000
flash
  6 -5.532121 -2.031579 68.630600 0.998215 -0.001418 0.059700 0.920637 0.176441 1 6 1.000000
  6 -5.514218 -2.080344 68.756966 0.945103 0.007864 -0.326678 0.913448 0.198467 1 6 1.000000
  6 -5.532121 -2.077271 68.629494 0.998214 -0.001443 0.059729 0.913448 0.176441 1 6 1.000000
flash
  6 -5.532121 -2.031579 68.630600 0.998215 -0.001418 0.059700 0.920637 0.176441 1 6 1.000000
  6 -5.514218 -2.034651 68.758080 0.945083 0.007962 -0.326734 0.920636 0.198467 1 6 1.000000
  6 -5.514218 -2.080344 68.756966 0.945103 0.007864 -0.326678 0.913448 0.198467 1 6 1.000000
flash
  6 -5.514218 -2.034651 68.758080 0.945083 0.007962 -0.326734 0.920636 0.198467 1 6 1.000000
  6 -5.449525 -2.083026 68.868279 0.748093 0.016023 -0.663401 0.913448 0.220493 1 6 1.000000
  6 -5.514218 -2.080344 68.756966 0.945103 0.007864 -0.326678 0.913448 0.198467 1 6 1.000000
flash
  6 -5.514218 -2.034651 68.758080 0.945083 0.007962 -0.326734 0.920636 0.198467 1 6 1.000000
  6 -5.449526 -2.037334 68.869385 0.748067 0.016069 -0.663429 0.920637 0.220493 1 6 1.000000
  6 -5.449525 -2.083026 68.868279 0.748093 0.016023 -0.663401 0.913448 0.220493 1 6 1.000000
flash
  6 -5.346704 -2.039203 68.946869 0.437178 0.021902 -0.899108 0.920637 0.242518 1 6 1.000000
  6 -5.449525 -2.083026 68.868279 0.748093 0.016023 -0.663401 0.913448 0.220493 1 6 1.000000
  6 -5.449526 -2.037334 68.869385 0.748067 0.016069 -0.663429 0.920637 0.220493 1 6 1.000000
flash
  6 4.821733 1.744673 68.607796 -0.006262 0.999765 0.020731 0.737510 0.622837 1 6 1.000000
  6 4.826324 1.742833 68.691658 -0.010918 0.999657 0.023789 0.738654 0.609674 1 6 1.000000
  6 4.840349 1.743649 68.662064 -0.005829 0.999737 0.022184 0.735814 0.613973 1 6 1.000000
flash
  6 4.821733 1.744673 68.607796 -0.006262 0.999765 0.020731 0.737510 0.622837 1 6 1.000000
  6 4.807726 1.743111 68.669250 -0.012782 0.999654 0.023007 0.741054 0.613575 1 6 1.000000
  6 4.826324 1.742833 68.691658 -0.010918 0.999657 0.023789 0.738654 0.609674 1 6 1.000000
flash
  6 4.802725 1.741299 68.741272 -0.014035 0.999611 0.024093 0.743429 0.602467 1 6 1.000000
  6 4.826324 1.742833 68.691658 -0.010918 0.999657 0.023789 0.738654 0.609674 1 6 1.000000
  6 4.807726 1.743111 68.669250 -0.012782 0.999654 0.023007 0.741054 0.613575 1 6 1.000000
flash
  6 4.913650 1.738318 68.874817 0.004347 0.999612 0.027506 0.729115 0.579207 1 6 1.000000
  6 4.908967 1.740521 68.790939 0.008767 0.999662 0.024489 0.727985 0.592378 1 6 1.000000
  6 4.894887 1.739879 68.820541 0.003808 0.999653 0.026079 0.730834 0.588078 1 6 1.000000
flash
  6 4.913650 1.738318 68.874817 0.004347 0.999612 0.027506 0.729115 0.579207 1 6 1.000000
  6 4.894887 1.739879 68.820541 0.003808 0.999653 0.026079 0.730834 0.588078 1 6 1.000000
  6 4.884758 1.738777 68.861649 0.000854 0.999613 0.027802 0.733323 0.581899 1 6 1.000000
flash
  6 4.913650 1.738318 68.874817 0.004347 0.999612 0.027506 0.729115 0.579207 1 6 1.000000
  6 4.884758 1.738777 68.861649 0.000854 0.999613 0.027802 0.733323 0.581899 1 6 1.000000
  6 4.892553 1.737225 68.916016 -0.000166 0.999592 0.028560 0.733314 0.573258 1 6 1.000000
flash
  6 4.867733 1.736769 68.930878 -0.000853 0.999588 0.028698 0.737509 0.571492 1 6 1.000000
  6 4.892553 1.737225 68.916016 -0.000166 0.999592 0.028560 0.733314 0.573258 1 6 1.000000
  6 4.884758 1.738777 68.861649 0.000854 0.999613 0.027802 0.733323 0.581899 1 6 1.000000
flash
  6 4.867733 1.736769 68.930878 -0.000853 0.999588 0.028698 0.737509 0.571492 1 6 1.000000
  6 4.884758 1.738777 68.861649 0.000854 0.999613 0.027802 0.733323 0.581899 1 6 1.000000
  6 4.867639 1.738981 68.853737 -0.000831 0.999628 0.027254 0.735813 0.583511 1 6 1.000000
flash
  6 4.867733 1.736769 68.930878 -0.000853 0.999588 0.028698 0.737509 0.571492 1 6 1.000000
  6 4.867639 1.738981 68.853737 -0.000831 0.999628 0.027254 0.735813 0.583511 1 6 1.000000
  6 4.850533 1.738749 68.861626 -0.002628 0.999610 0.027781 0.738652 0.582662 1 6 1.000000
flash
  6 4.867566 1.741956 68.741302 -0.001024 0.999709 0.024097 0.733331 0.601029 1 6 1.000000
  6 4.850533 1.738749 68.861626 -0.002628 0.999610 0.027781 0.738652 0.582662 1 6 1.000000
  6 4.867639 1.738981 68.853737 -0.000831 0.999628 0.027254 0.735813 0.583511 1 6 1.000000
flash
  6 4.867566 1.741956 68.741302 -0.001024 0.999709 0.024097 0.733331 0.601029 1 6 1.000000
  6 4.840349 1.739830 68.820518 -0.005825 0.999645 0.026006 0.739326 0.589292 1 6 1.000000
  6 4.850533 1.738749 68.861626 -0.002628 0.999610 0.027781 0.738652 0.582662 1 6 1.000000
flash
  6 4.867566 1.741956 68.741302 -0.001024 0.999709 0.024097 0.733331 0.601029 1 6 1.000000
  6 4.826324 1.740440 68.790909 -0.010930 0.999643 0.024398 0.740855 0.594214 1 6 1.000000
  6 4.840349 1.739830 68.820518 -0.005825 0.999645 0.026006 0.739326 0.589292 1 6 1.000000
flash
  6 4.821733 1.738238 68.874756 -0.006248 0.999603 0.027467 0.743428 0.581253 1 6 1.000000
  6 4.840349 1.739830 68.820518 -0.005825 0.999645 0.026006 0.739326 0.589292 1 6 1.000000
  6 4.826324 1.740440 68.790909 -0.010930 0.999643 0.024398 0.740855 0.594214 1 6 1.000000
flash
  6 4.821733 1.738238 68.874756 -0.006248 0.999603 0.027467 0.743428 0.581253 1 6 1.000000
  6 4.826324 1.740440 68.790909 -0.010930 0.999643 0.024398 0.740855 0.594214 1 6 1.000000
  6 4.807726 1.739638 68.813301 -0.012793 0.999601 0.025179 0.744247 0.591137 1 6 1.000000
flash
  6 4.802725 1.741299 68.741272 -0.014035 0.999611 0.024093 0.743429 0.602467 1 6 1.000000
  6 4.807726 1.739638 68.813301 -0.012793 0.999601 0.025179 0.744247 0.591137 1 6 1.000000
  6 4.826324 1.740440 68.790909 -0.010930 0.999643 0.024398 0.740855 0.594214 1 6 1.000000
flash
  6 4.802725 1.741299 68.741272 -0.014035 0.999611 0.024093 0.743429 0.602467 1 6 1.000000
  6 4.826324 1.740440 68.790909 -0.010930 0.999643 0.024398 0.740855 0.594214 1 6 1.000000
  6 4.829067 1.741666 68.741287 -0.010646 0.999653 0.024095 0.739327 0.601883 1 6 1.000000
flash
  6 4.802725 1.741299 68.741272 -0.014035 0.999611 0.024093 0.743429 0.602467 1 6 1.000000
  6 4.829067 1.741666 68.741287 -0.010646 0.999653 0.024095 0.739327 0.601883 1 6 1.000000
  6 4.826324 1.742833 68.691658 -0.010918 0.999657 0.023789 0.738654 0.609674 1 6 1.000000
flash
  6 4.867566 1.741956 68.741302 -0.001024 0.999709 0.024097 0.733331 0.601029 1 6 1.000000
  6 4.826324 1.742833 68.691658 -0.010918 0.999657 0.023789 0.738654 0.609674 1 6 1.000000
  6 4.829067 1.741666 68.741287 -0.010646 0.999653 0.024095 0.739327 0.601883 1 6 1.000000
flash
  6 4.867566 1.741956 68.741302 -0.001024 0.999709 0.024097 0.733331 0.601029 1 6 1.000000
  6 4.840349 1.743649 68.662064 -0.005829 0.999737 0.022184 0.735814 0.613973 1 6 1.000000
  6 4.826324 1.742833 68.691658 -0.010918 0.999657 0.023789 0.738654 0.609674 1 6 1.000000
flash
  6 4.867566 1.741956 68.741302 -0.001024 0.999709 0.024097 0.733331 0.601029 1 6 1.000000
  6 4.850533 1.744551 68.620941 -0.002629 0.999788 0.020415 0.733317 0.620151 1 6 1.000000
  6 4.840349 1.743649 68.662064 -0.005829 0.999737 0.022184 0.735814 0.613973 1 6 1.000000
flash
  6 4.821733 1.744673 68.607796 -0.006262 0.999765 0.020731 0.737510 0.622837 1 6 1.000000
  6 4.840349 1.743649 68.662064 -0.005829 0.999737 0.022184 0.735814 0.613973 1 6 1.000000
  6 4.850533 1.744551 68.620941 -0.002629 0.999788 0.020415 0.733317 0.620151 1 6 1.000000
flash
  6 4.867566 1.741956 68.741302 -0.001024 0.999709 0.024097 0.733331 0.601029 1 6 1.000000
  6 4.829067 1.741666 68.741287 -0.010646 0.999653 0.024095 0.739327 0.601883 1 6 1.000000
  6 4.826324 1.740440 68.790909 -0.010930 0.999643 0.024398 0.740855 0.594214 1 6 1.000000
flash
  6 4.821733 1.738238 68.874756 -0.006248 0.999603 0.027467 0.743428 0.581253 1 6 1.000000
  6 4.850533 1.738749 68.861626 -0.002628 0.999610 0.027781 0.738652 0.582662 1 6 1.000000
  6 4.840349 1.739830 68.820518 -0.005825 0.999645 0.026006 0.739326 0.589292 1 6 1.000000
flash
  6 4.821733 1.738238 68.874756 -0.006248 0.999603 0.027467 0.743428 0.581253 1 6 1.000000
  6 4.842870 1.737184 68.915970 -0.001577 0.999591 0.028566 0.741050 0.574365 1 6 1.000000
  6 4.850533 1.738749 68.861626 -0.002628 0.999610 0.027781 0.738652 0.582662 1 6 1.000000
flash
  6 4.867733 1.736769 68.930878 -0.000853 0.999588 0.028698 0.737509 0.571492 1 6 1.000000
  6 4.850533 1.738749 68.861626 -0.002628 0.999610 0.027781 0.738652 0.582662 1 6 1.000000
  6 4.842870 1.737184 68.915970 -0.001577 0.999591 0.028566 0.741050 0.574365 1 6 1.000000
flash
  6 4.867566 1.741956 68.741302 -0.001024 0.999709 0.024097 0.733331 0.601029 1 6 1.000000
  6 4.867639 1.744402 68.628845 -0.000845 0.999780 0.020938 0.730828 0.618543 1 6 1.000000
  6 4.850533 1.744551 68.620941 -0.002629 0.999788 0.020415 0.733317 0.620151 1 6 1.000000
flash
  6 4.821733 1.744673 68.607796 -0.006262 0.999765 0.020731 0.737510 0.622837 1 6 1.000000
  6 4.850533 1.744551 68.620941 -0.002629 0.999788 0.020415 0.733317 0.620151 1 6 1.000000
  6 4.842870 1.745606 68.566597 -0.001568 0.999806 0.019629 0.733305 0.628787 1 6 1.000000
flash
  6 4.867731 1.745909 68.551704 -0.000810 0.999810 0.019482 0.729104 0.630555 1 6 1.000000
  6 4.842870 1.745606 68.566597 -0.001568 0.999806 0.019629 0.733305 0.628787 1 6 1.000000
  6 4.850533 1.744551 68.620941 -0.002629 0.999788 0.020415 0.733317 0.620151 1 6 1.000000
flash
  6 4.867731 1.745909 68.551704 -0.000810 0.999810 0.019482 0.729104 0.630555 1 6 1.000000
  6 4.850533 1.744551 68.620941 -0.002629 0.999788 0.020415 0.733317 0.620151 1 6 1.000000
  6 4.867639 1.744402 68.628845 -0.000845 0.999780 0.020938 0.730828 0.618543 1 6 1.000000
flash
  6 4.867731 1.745909 68.551704 -0.000810 0.999810 0.019482 0.729104 0.630555 1 6 1.000000
  6 4.867639 1.744402 68.628845 -0.000845 0.999780 0.020938 0.730828 0.618543 1 6 1.000000
  6 4.884758 1.744580 68.620941 0.000832 0.999792 0.020385 0.727987 0.619394 1 6 1.000000
flash
  6 4.867566 1.741956 68.741302 -0.001024 0.999709 0.024097 0.733331 0.601029 1 6 1.000000
  6 4.884758 1.744580 68.620941 0.000832 0.999792 0.020385 0.727987 0.619394 1 6 1.000000
  6 4.867639 1.744402 68.628845 -0.000845 0.999780 0.020938 0.730828 0.618543 1 6 1.000000
flash
  6 4.867566 1.741956 68.741302 -0.001024 0.999709 0.024097 0.733331 0.601029 1 6 1.000000
  6 4.894887 1.743699 68.662048 0.003799 0.999748 0.022115 0.727320 0.612767 1 6 1.000000
  6 4.884758 1.744580 68.620941 0.000832 0.999792 0.020385 0.727987 0.619394 1 6 1.000000
flash
  6 4.867566 1.741956 68.741302 -0.001024 0.999709 0.024097 0.733331 0.601029 1 6 1.000000
  6 4.908967 1.742915 68.691643 0.008777 0.999681 0.023696 0.725784 0.607844 1 6 1.000000
  6 4.894887 1.743699 68.662048 0.003799 0.999748 0.022115 0.727320 0.612767 1 6 1.000000
flash
  6 4.913650 1.744756 68.607780 0.004326 0.999777 0.020663 0.723196 0.620803 1 6 1.000000
  6 4.894887 1.743699 68.662048 0.003799 0.999748 0.022115 0.727320 0.612767 1 6 1.000000
  6 4.908967 1.742915 68.691643 0.008777 0.999681 0.023696 0.725784 0.607844 1 6 1.000000
flash
  6 4.913650 1.744756 68.607780 0.004326 0.999777 0.020663 0.723196 0.620803 1 6 1.000000
  6 4.908967 1.742915 68.691643 0.008777 0.999681 0.023696 0.725784 0.607844 1 6 1.000000
  6 4.927696 1.743229 68.669235 0.010636 0.999681 0.022898 0.722370 0.610918 1 6 1.000000
flash
  6 4.932738 1.741435 68.741287 0.011785 0.999640 0.024098 0.723182 0.599584 1 6 1.000000
  6 4.927696 1.743229 68.669235 0.010636 0.999681 0.022898 0.722370 0.610918 1 6 1.000000
  6 4.908967 1.742915 68.691643 0.008777 0.999681 0.023696 0.725784 0.607844 1 6 1.000000
flash
  6 4.932738 1.741435 68.741287 0.011785 0.999640 0.024098 0.723182 0.599584 1 6 1.000000
  6 4.908967 1.742915 68.691643 0.008777 0.999681 0.023696 0.725784 0.607844 1 6 1.000000
  6 4.906207 1.741747 68.741287 0.008471 0.999674 0.024102 0.727314 0.600173 1 6 1.000000
flash
  6 4.932738 1.741435 68.741287 0.011785 0.999640 0.024098 0.723182 0.599584 1 6 1.000000
  6 4.906207 1.741747 68.741287 0.008471 0.999674 0.024102 0.727314 0.600173 1 6 1.000000
  6 4.908967 1.740521 68.790939 0.008767 0.999662 0.024489 0.727985 0.592378 1 6 1.000000
flash
  6 4.867566 1.741956 68.741302 -0.001024 0.999709 0.024097 0.733331 0.601029 1 6 1.000000
  6 4.908967 1.740521 68.790939 0.008767 0.999662 0.024489 0.727985 0.592378 1 6 1.000000
  6 4.906207 1.741747 68.741287 0.008471 0.999674 0.024102 0.727314 0.600173 1 6 1.000000
flash
  6 4.867566 1.741956 68.741302 -0.001024 0.999709 0.024097 0.733331 0.601029 1 6 1.000000
  6 4.894887 1.739879 68.820541 0.003808 0.999653 0.026079 0.730834 0.588078 1 6 1.000000
  6 4.908967 1.740521 68.790939 0.008767 0.999662 0.024489 0.727985 0.592378 1 6 1.000000
flash
  6 4.867566 1.741956 68.741302 -0.001024 0.999709 0.024097 0.733331 0.601029 1 6 1.000000
  6 4.884758 1.738777 68.861649 0.000854 0.999613 0.027802 0.733323 0.581899 1 6 1.000000
  6 4.894887 1.739879 68.820541 0.003808 0.999653 0.026079 0.730834 0.588078 1 6 1.000000
flash
  6 4.867566 1.741956 68.741302 -0.001024 0.999709 0.024097 0.733331 0.601029 1 6 1.000000
  6 4.867639 1.738981 68.853737 -0.000831 0.999628 0.027254 0.735813 0.583511 1 6 1.000000
  6 4.884758 1.738777 68.861649 0.000854 0.999613 0.027802 0.733323 0.581899 1 6 1.000000
flash
  6 4.867566 1.741956 68.741302 -0.001024 0.999709 0.024097 0.733331 0.601029 1 6 1.000000
  6 4.906207 1.741747 68.741287 0.008471 0.999674 0.024102 0.727314 0.600173 1 6 1.000000
  6 4.908967 1.742915 68.691643 0.008777 0.999681 0.023696 0.725784 0.607844 1 6 1.000000
flash
  6 4.913650 1.744756 68.607780 0.004326 0.999777 0.020663 0.723196 0.620803 1 6 1.000000
  6 4.884758 1.744580 68.620941 0.000832 0.999792 0.020385 0.727987 0.619394 1 6 1.000000
  6 4.894887 1.743699 68.662048 0.003799 0.999748 0.022115 0.727320 0.612767 1 6 1.000000
flash
  6 4.913650 1.744756 68.607780 0.004326 0.999777 0.020663 0.723196 0.620803 1 6 1.000000
  6 4.892552 1.745646 68.566589 -0.000098 0.999808 0.019594 0.725568 0.627688 1 6 1.000000
  6 4.884758 1.744580 68.620941 0.000832 0.999792 0.020385 0.727987 0.619394 1 6 1.000000
flash
  6 4.867731 1.745909 68.551704 -0.000810 0.999810 0.019482 0.729104 0.630555 1 6 1.000000
  6 4.884758 1.744580 68.620941 0.000832 0.999792 0.020385 0.727987 0.619394 1 6 1.000000
  6 4.892552 1.745646 68.566589 -0.000098 0.999808 0.019594 0.725568 0.627688 1 6 1.000000
flash
  6 4.913650 1.738318 68.874817 0.004347 0.999612 0.027506 0.729115 0.579207 1 6 1.000000
  6 4.927696 1.739756 68.813347 0.010573 0.999624 0.025293 0.725565 0.588471 1 6 1.000000
  6 4.908967 1.740521 68.790939 0.008767 0.999662 0.024489 0.727985 0.592378 1 6 1.000000
flash
  6 4.932738 1.741435 68.741287 0.011785 0.999640 0.024098 0.723182 0.599584 1 6 1.000000
  6 4.908967 1.740521 68.790939 0.008767 0.999662 0.024489 0.727985 0.592378 1 6 1.000000
  6 4.927696 1.739756 68.813347 0.010573 0.999624 0.025293 0.725565 0.588471 1 6 1.000000
flash
  6 5.326989 -0.269159 68.552429 -0.000001 0.999709 0.024099 0.237637 0.711486 1 6 1.000000
  6 5.202497 -0.272542 68.692764 -0.000001 0.999710 0.024096 0.250153 0.741699 1 6 1.000000
  6 5.371027 -0.270567 68.610832 0.000000 0.999710 0.024100 0.250152 0.711486 1 6 1.000000
flash
  6 5.389770 -0.272272 68.681526 -0.000001 0.999710 0.024097 0.262666 0.711486 1 6 1.000000
  6 5.371027 -0.270567 68.610832 0.000000 0.999710 0.024100 0.250152 0.711486 1 6 1.000000
  6 5.202497 -0.272542 68.692764 -0.000001 0.999710 0.024096 0.250153 0.741699 1 6 1.000000
flash
  6 5.389770 -0.272272 68.681526 -0.000001 0.999710 0.024097 0.262666 0.711486 1 6 1.000000
  6 5.202497 -0.272542 68.692764 -0.000001 0.999710 0.024096 0.250153 0.741699 1 6 1.000000
  6 5.379602 -0.274017 68.753967 0.000002 0.999710 0.024095 0.271517 0.720335 1 6 1.000000
flash
  6 5.342852 -0.275542 68.817207 -0.000001 0.999710 0.024093 0.280367 0.729185 1 6 1.000000
  6 5.379602 -0.274017 68.753967 0.000002 0.999710 0.024095 0.271517 0.720335 1 6 1.000000
  6 5.202497 -0.272542 68.692764 -0.000001 0.999710 0.024096 0.250153 0.741699 1 6 1.000000
flash
  6 5.342852 -0.275542 68.817207 -0.000001 0.999710 0.024093 0.280367 0.729185 1 6 1.000000
  6 5.202497 -0.272542 68.692764 -0.000001 0.999710 0.024096 0.250153 0.741699 1 6 1.000000
  6 5.284433 -0.276603 68.861229 -0.000004 0.999710 0.024095 0.280367 0.741699 1 6 1.000000
flash
  6 5.213715 -0.277055 68.879974 0.000000 0.999710 0.024095 0.280367 0.754212 1 6 1.000000
  6 5.284433 -0.276603 68.861229 -0.000004 0.999710 0.024095 0.280367 0.741699 1 6 1.000000
  6 5.202497 -0.272542 68.692764 -0.000001 0.999710 0.024096 0.250153 0.741699 1 6 1.000000
flash
  6 5.213715 -0.277055 68.879974 0.000000 0.999710 0.024095 0.280367 0.754212 1 6 1.000000
  6 5.202497 -0.272542 68.692764 -0.000001 0.999710 0.024096 0.250153 0.741699 1 6 1.000000
  6 5.141261 -0.276810 68.869812 -0.000002 0.999710 0.024094 0.271517 0.763063 1 6 1.000000
flash
  6 5.077998 -0.275925 68.833069 -0.000003 0.999710 0.024096 0.262668 0.771913 1 6 1.000000
  6 5.141261 -0.276810 68.869812 -0.000002 0.999710 0.024094 0.271517 0.763063 1 6 1.000000
  6 5.202497 -0.272542 68.692764 -0.000001 0.999710 0.024096 0.250153 0.741699 1 6 1.000000
flash
  6 5.077998 -0.275925 68.833069 -0.000003 0.999710 0.024096 0.262668 0.771913 1 6 1.000000
  6 5.202497 -0.272542 68.692764 -0.000001 0.999710 0.024096 0.250153 0.741699 1 6 1.000000
  6 5.033957 -0.274517 68.774666 0.000000 0.999710 0.024097 0.250153 0.771913 1 6 1.000000
flash
  6 5.015217 -0.272813 68.703957 -0.000001 0.999710 0.024096 0.237638 0.771913 1 6 1.000000
  6 5.033957 -0.274517 68.774666 0.000000 0.999710 0.024097 0.250153 0.771913 1 6 1.000000
  6 5.202497 -0.272542 68.692764 -0.000001 0.999710 0.024096 0.250153 0.741699 1 6 1.000000
flash
  6 5.015217 -0.272813 68.703957 -0.000001 0.999710 0.024096 0.237638 0.771913 1 6 1.000000
  6 5.202497 -0.272542 68.692764 -0.000001 0.999710 0.024096 0.250153 0.741699 1 6 1.000000
  6 5.025391 -0.271066 68.631523 0.000000 0.999710 0.024096 0.228789 0.763063 1 6 1.000000
flash
  6 5.062150 -0.269542 68.568291 0.000000 0.999710 0.024095 0.219940 0.754212 1 6 1.000000
  6 5.025391 -0.271066 68.631523 0.000000 0.999710 0.024096 0.228789 0.763063 1 6 1.000000
  6 5.202497 -0.272542 68.692764 -0.000001 0.999710 0.024096 0.250153 0.741699 1 6 1.000000
flash
  6 5.062150 -0.269542 68.568291 0.000000 0.999710 0.024095 0.219940 0.754212 1 6 1.000000
  6 5.202497 -0.272542 68.692764 -0.000001 0.999710 0.024096 0.250153 0.741699 1 6 1.000000
  6 5.120570 -0.268481 68.524261 -0.000002 0.999710 0.024096 0.219940 0.741699 1 6 1.000000
flash
  6 5.191287 -0.268029 68.505524 -0.000004 0.999710 0.024097 0.219941 0.729185 1 6 1.000000
  6 5.120570 -0.268481 68.524261 -0.000002 0.999710 0.024096 0.219940 0.741699 1 6 1.000000
  6 5.202497 -0.272542 68.692764 -0.000001 0.999710 0.024096 0.250153 0.741699 1 6 1.000000
flash
  6 5.191287 -0.268029 68.505524 -0.000004 0.999710 0.024097 0.219941 0.729185 1 6 1.000000
  6 5.202497 -0.272542 68.692764 -0.000001 0.999710 0.024096 0.250153 0.741699 1 6 1.000000
  6 5.263734 -0.268274 68.515694 -0.000004 0.999710 0.024096 0.228789 0.720335 1 6 1.000000
flash
  6 5.326989 -0.269159 68.552429 -0.000001 0.999709 0.024099 0.237637 0.711486 1 6 1.000000
  6 5.263734 -0.268274 68.515694 -0.000004 0.999710 0.024096 0.228789 0.720335 1 6 1.000000
  6 5.202497 -0.272542 68.692764 -0.000001 0.999710 0.024096 0.250153 0.741699 1 6 1.000000
flash
  6 5.182751 -2.024108 68.320808 0.000001 -0.999710 -0.024083 0.146449 0.716679 1 6 1.000000
  6 5.276745 -2.026876 68.435669 -0.000002 -0.999710 -0.024092 0.141051 0.739393 1 6 1.000000
  6 5.190782 -2.027338 68.454826 0.000001 -0.999710 -0.024097 0.154530 0.736193 1 6 1.000000
flash
  6 5.182751 -2.024108 68.320808 0.000001 -0.999710 -0.024083 0.146449 0.716679 1 6 1.000000
  6 5.310277 -2.024540 68.338707 -0.000006 -0.999710 -0.024077 0.129639 0.727980 1 6 1.000000
  6 5.276745 -2.026876 68.435669 -0.000002 -0.999710 -0.024092 0.141051 0.739393 1 6 1.000000
flash
  6 5.421626 -2.026099 68.403389 -0.000002 -0.999710 -0.024090 0.118336 0.744789 1 6 1.000000
  6 5.276745 -2.026876 68.435669 -0.000002 -0.999710 -0.024092 0.141051 0.739393 1 6 1.000000
  6 5.310277 -2.024540 68.338707 -0.000006 -0.999710 -0.024077 0.129639 0.727980 1 6 1.000000
flash
  6 5.222233 -2.039994 68.979851 0.000000 -0.999710 -0.024100 0.186195 0.812649 1 6 1.000000
  6 5.128251 -2.037226 68.865013 0.000002 -0.999709 -0.024099 0.191591 0.789936 1 6 1.000000
  6 5.214209 -2.036764 68.845863 0.000004 -0.999710 -0.024094 0.178113 0.793135 1 6 1.000000
flash
  6 5.222233 -2.039994 68.979851 0.000000 -0.999710 -0.024100 0.186195 0.812649 1 6 1.000000
  6 5.214209 -2.036764 68.845863 0.000004 -0.999710 -0.024094 0.178113 0.793135 1 6 1.000000
  6 5.301836 -2.036975 68.854607 -0.000002 -0.999709 -0.024099 0.166320 0.800402 1 6 1.000000
flash
  6 5.222233 -2.039994 68.979851 0.000000 -0.999710 -0.024100 0.186195 0.812649 1 6 1.000000
  6 5.301836 -2.036975 68.854607 -0.000002 -0.999709 -0.024099 0.166320 0.800402 1 6 1.000000
  6 5.346701 -2.039200 68.946877 -0.000007 -0.999709 -0.024108 0.166319 0.816542 1 6 1.000000
flash
  6 5.449522 -2.037331 68.869392 -0.000002 -0.999710 -0.024102 0.146444 0.812648 1 6 1.000000
  6 5.346701 -2.039200 68.946877 -0.000007 -0.999709 -0.024108 0.166319 0.816542 1 6 1.000000
  6 5.301836 -2.036975 68.854607 -0.000002 -0.999709 -0.024099 0.166320 0.800402 1 6 1.000000
flash
  6 5.449522 -2.037331 68.869392 -0.000002 -0.999710 -0.024102 0.146444 0.812648 1 6 1.000000
  6 5.301836 -2.036975 68.854607 -0.000002 -0.999709 -0.024099 0.166320 0.800402 1 6 1.000000
  6 5.349068 -2.035184 68.780304 0.000003 -0.999710 -0.024096 0.154527 0.793135 1 6 1.000000
flash
  6 5.449522 -2.037331 68.869392 -0.000002 -0.999710 -0.024102 0.146444 0.812648 1 6 1.000000
  6 5.349068 -2.035184 68.780304 0.000003 -0.999710 -0.024096 0.154527 0.793135 1 6 1.000000
  6 5.417235 -2.033838 68.724564 0.000002 -0.999710 -0.024097 0.141050 0.789935 1 6 1.000000
flash
  6 5.202497 -2.032052 68.650352 0.000000 -0.999710 -0.024097 0.166321 0.764665 1 6 1.000000
  6 5.417235 -2.033838 68.724564 0.000002 -0.999710 -0.024097 0.141050 0.789935 1 6 1.000000
  6 5.349068 -2.035184 68.780304 0.000003 -0.999710 -0.024096 0.154527 0.793135 1 6 1.000000
flash
  6 5.202497 -2.032052 68.650352 0.000000 -0.999710 -0.024097 0.166321 0.764665 1 6 1.000000
  6 5.398075 -2.031767 68.638634 0.000003 -0.999710 -0.024095 0.137849 0.776457 1 6 1.000000
  6 5.417235 -2.033838 68.724564 0.000002 -0.999710 -0.024097 0.141050 0.789935 1 6 1.000000
flash
  6 5.202497 -2.032052 68.650352 0.000000 -0.999710 -0.024097 0.166321 0.764665 1 6 1.000000
  6 5.406849 -2.029656 68.551025 0.000001 -0.999710 -0.024094 0.130582 0.764664 1 6 1.000000
  6 5.398075 -2.031767 68.638634 0.000003 -0.999710 -0.024095 0.137849 0.776457 1 6 1.000000
flash
  6 5.532119 -2.031575 68.630608 -0.000002 -0.999710 -0.024094 0.118335 0.784540 1 6 1.000000
  6 5.398075 -2.031767 68.638634 0.000003 -0.999710 -0.024095 0.137849 0.776457 1 6 1.000000
  6 5.406849 -2.029656 68.551025 0.000001 -0.999710 -0.024094 0.130582 0.764664 1 6 1.000000
flash
  6 5.532119 -2.031575 68.630608 -0.000002 -0.999710 -0.024094 0.118335 0.784540 1 6 1.000000
  6 5.406849 -2.029656 68.551025 0.000001 -0.999710 -0.024094 0.130582 0.764664 1 6 1.000000
  6 5.499139 -2.028575 68.506180 0.000001 -0.999710 -0.024093 0.114442 0.764664 1 6 1.000000
flash
  6 5.421626 -2.026099 68.403389 -0.000002 -0.999710 -0.024090 0.118336 0.744789 1 6 1.000000
  6 5.499139 -2.028575 68.506180 0.000001 -0.999710 -0.024093 0.114442 0.764664 1 6 1.000000
  6 5.406849 -2.029656 68.551025 0.000001 -0.999710 -0.024094 0.130582 0.764664 1 6 1.000000
flash
  6 5.421626 -2.026099 68.403389 -0.000002 -0.999710 -0.024090 0.118336 0.744789 1 6 1.000000
  6 5.406849 -2.029656 68.551025 0.000001 -0.999710 -0.024094 0.130582 0.764664 1 6 1.000000
  6 5.332513 -2.028519 68.503807 -0.000002 -0.999710 -0.024100 0.137850 0.752871 1 6 1.000000
flash
  6 5.421626 -2.026099 68.403389 -0.000002 -0.999710 -0.024090 0.118336 0.744789 1 6 1.000000
  6 5.332513 -2.028519 68.503807 -0.000002 -0.999710 -0.024100 0.137850 0.752871 1 6 1.000000
  6 5.276745 -2.026876 68.435669 -0.000002 -0.999710 -0.024092 0.141051 0.739393 1 6 1.000000
flash
  6 5.202497 -2.032052 68.650352 0.000000 -0.999710 -0.024097 0.166321 0.764665 1 6 1.000000
  6 5.276745 -2.026876 68.435669 -0.000002 -0.999710 -0.024092 0.141051 0.739393 1 6 1.000000
  6 5.332513 -2.028519 68.503807 -0.000002 -0.999710 -0.024100 0.137850 0.752871 1 6 1.000000
flash
  6 5.202497 -2.032052 68.650352 0.000000 -0.999710 -0.024097 0.166321 0.764665 1 6 1.000000
  6 5.190782 -2.027338 68.454826 0.000001 -0.999710 -0.024097 0.154530 0.736193 1 6 1.000000
  6 5.276745 -2.026876 68.435669 -0.000002 -0.999710 -0.024092 0.141051 0.739393 1 6 1.000000
flash
  6 5.202497 -2.032052 68.650352 0.000000 -0.999710 -0.024097 0.166321 0.764665 1 6 1.000000
  6 5.103147 -2.027126 68.446030 0.000002 -0.999710 -0.024091 0.166323 0.728925 1 6 1.000000
  6 5.190782 -2.027338 68.454826 0.000001 -0.999710 -0.024097 0.154530 0.736193 1 6 1.000000
flash
  6 5.182751 -2.024108 68.320808 0.000001 -0.999710 -0.024083 0.146449 0.716679 1 6 1.000000
  6 5.190782 -2.027338 68.454826 0.000001 -0.999710 -0.024097 0.154530 0.736193 1 6 1.000000
  6 5.103147 -2.027126 68.446030 0.000002 -0.999710 -0.024091 0.166323 0.728925 1 6 1.000000
flash
  6 5.202497 -2.032052 68.650352 0.000000 -0.999710 -0.024097 0.166321 0.764665 1 6 1.000000
  6 5.332513 -2.028519 68.503807 -0.000002 -0.999710 -0.024100 0.137850 0.752871 1 6 1.000000
  6 5.406849 -2.029656 68.551025 0.000001 -0.999710 -0.024094 0.130582 0.764664 1 6 1.000000
flash
  6 5.532119 -2.031575 68.630608 -0.000002 -0.999710 -0.024094 0.118335 0.784540 1 6 1.000000
  6 5.417235 -2.033838 68.724564 0.000002 -0.999710 -0.024097 0.141050 0.789935 1 6 1.000000
  6 5.398075 -2.031767 68.638634 0.000003 -0.999710 -0.024095 0.137849 0.776457 1 6 1.000000
flash
  6 5.532119 -2.031575 68.630608 -0.000002 -0.999710 -0.024094 0.118335 0.784540 1 6 1.000000
  6 5.514215 -2.034647 68.758087 0.000001 -0.999710 -0.024097 0.129637 0.801347 1 6 1.000000
  6 5.417235 -2.033838 68.724564 0.000002 -0.999710 -0.024097 0.141050 0.789935 1 6 1.000000
flash
  6 5.449522 -2.037331 68.869392 -0.000002 -0.999710 -0.024102 0.146444 0.812648 1 6 1.000000
  6 5.417235 -2.033838 68.724564 0.000002 -0.999710 -0.024097 0.141050 0.789935 1 6 1.000000
  6 5.514215 -2.034647 68.758087 0.000001 -0.999710 -0.024097 0.129637 0.801347 1 6 1.000000
flash
  6 5.202497 -2.032052 68.650352 0.000000 -0.999710 -0.024097 0.166321 0.764665 1 6 1.000000
  6 5.055922 -2.028916 68.520340 0.000002 -0.999710 -0.024095 0.178116 0.736193 1 6 1.000000
  6 5.103147 -2.027126 68.446030 0.000002 -0.999710 -0.024091 0.166323 0.728925 1 6 1.000000
flash
  6 5.182751 -2.024108 68.320808 0.000001 -0.999710 -0.024083 0.146449 0.716679 1 6 1.000000
  6 5.103147 -2.027126 68.446030 0.000002 -0.999710 -0.024091 0.166323 0.728925 1 6 1.000000
  6 5.058278 -2.024904 68.353775 0.000008 -0.999710 -0.024083 0.166325 0.712784 1 6 1.000000
flash
  6 4.955461 -2.026773 68.431267 0.000011 -0.999710 -0.024088 0.186200 0.716679 1 6 1.000000
  6 5.058278 -2.024904 68.353775 0.000008 -0.999710 -0.024083 0.166325 0.712784 1 6 1.000000
  6 5.103147 -2.027126 68.446030 0.000002 -0.999710 -0.024091 0.166323 0.728925 1 6 1.000000
flash
  6 4.955461 -2.026773 68.431267 0.000011 -0.999710 -0.024088 0.186200 0.716679 1 6 1.000000
  6 5.103147 -2.027126 68.446030 0.000002 -0.999710 -0.024091 0.166323 0.728925 1 6 1.000000
  6 5.055922 -2.028916 68.520340 0.000002 -0.999710 -0.024095 0.178116 0.736193 1 6 1.000000
flash
  6 4.955461 -2.026773 68.431267 0.000011 -0.999710 -0.024088 0.186200 0.716679 1 6 1.000000
  6 5.055922 -2.028916 68.520340 0.000002 -0.999710 -0.024095 0.178116 0.736193 1 6 1.000000
  6 4.987761 -2.030261 68.576103 0.000005 -0.999710 -0.024095 0.191593 0.739395 1 6 1.000000
flash
  6 5.202497 -2.032052 68.650352 0.000000 -0.999710 -0.024097 0.166321 0.764665 1 6 1.000000
  6 4.987761 -2.030261 68.576103 0.000005 -0.999710 -0.024095 0.191593 0.739395 1 6 1.000000
  6 5.055922 -2.028916 68.520340 0.000002 -0.999710 -0.024095 0.178116 0.736193 1 6 1.000000
flash
  6 5.202497 -2.032052 68.650352 0.000000 -0.999710 -0.024097 0.166321 0.764665 1 6 1.000000
  6 5.006930 -2.032333 68.662041 0.000000 -0.999710 -0.024095 0.194792 0.752874 1 6 1.000000
  6 4.987761 -2.030261 68.576103 0.000005 -0.999710 -0.024095 0.191593 0.739395 1 6 1.000000
flash
  6 5.202497 -2.032052 68.650352 0.000000 -0.999710 -0.024097 0.166321 0.764665 1 6 1.000000
  6 4.998161 -2.034444 68.749657 0.000003 -0.999710 -0.024097 0.202059 0.764668 1 6 1.000000
  6 5.006930 -2.032333 68.662041 0.000000 -0.999710 -0.024095 0.194792 0.752874 1 6 1.000000
flash
  6 4.872891 -2.032527 68.670074 0.000007 -0.999710 -0.024097 0.214306 0.744793 1 6 1.000000
  6 5.006930 -2.032333 68.662041 0.000000 -0.999710 -0.024095 0.194792 0.752874 1 6 1.000000
  6 4.998161 -2.034444 68.749657 0.000003 -0.999710 -0.024097 0.202059 0.764668 1 6 1.000000
flash
  6 4.872891 -2.032527 68.670074 0.000007 -0.999710 -0.024097 0.214306 0.744793 1 6 1.000000
  6 4.998161 -2.034444 68.749657 0.000003 -0.999710 -0.024097 0.202059 0.764668 1 6 1.000000
  6 4.905877 -2.035525 68.794502 0.000010 -0.999709 -0.024105 0.218200 0.764670 1 6 1.000000
flash
  6 4.983386 -2.038005 68.897293 0.000006 -0.999709 -0.024106 0.214305 0.784545 1 6 1.000000
  6 4.905877 -2.035525 68.794502 0.000010 -0.999709 -0.024105 0.218200 0.764670 1 6 1.000000
  6 4.998161 -2.034444 68.749657 0.000003 -0.999710 -0.024097 0.202059 0.764668 1 6 1.000000
flash
  6 4.983386 -2.038005 68.897293 0.000006 -0.999709 -0.024106 0.214305 0.784545 1 6 1.000000
  6 4.998161 -2.034444 68.749657 0.000003 -0.999710 -0.024097 0.202059 0.764668 1 6 1.000000
  6 5.072491 -2.035583 68.796860 -0.000005 -0.999709 -0.024099 0.194792 0.776460 1 6 1.000000
flash
  6 4.983386 -2.038005 68.897293 0.000006 -0.999709 -0.024106 0.214305 0.784545 1 6 1.000000
  6 5.072491 -2.035583 68.796860 -0.000005 -0.999709 -0.024099 0.194792 0.776460 1 6 1.000000
  6 5.128251 -2.037226 68.865013 0.000002 -0.999709 -0.024099 0.191591 0.789936 1 6 1.000000
flash
  6 5.202497 -2.032052 68.650352 0.000000 -0.999710 -0.024097 0.166321 0.764665 1 6 1.000000
  6 5.128251 -2.037226 68.865013 0.000002 -0.999709 -0.024099 0.191591 0.789936 1 6 1.000000
  6 5.072491 -2.035583 68.796860 -0.000005 -0.999709 -0.024099 0.194792 0.776460 1 6 1.000000
flash
  6 5.202497 -2.032052 68.650352 0.000000 -0.999710 -0.024097 0.166321 0.764665 1 6 1.000000
  6 5.214209 -2.036764 68.845863 0.000004 -0.999710 -0.024094 0.178113 0.793135 1 6 1.000000
  6 5.128251 -2.037226 68.865013 0.000002 -0.999709 -0.024099 0.191591 0.789936 1 6 1.000000
flash
  6 5.202497 -2.032052 68.650352 0.000000 -0.999710 -0.024097 0.166321 0.764665 1 6 1.000000
  6 5.301836 -2.036975 68.854607 -0.000002 -0.999709 -0.024099 0.166320 0.800402 1 6 1.000000
  6 5.214209 -2.036764 68.845863 0.000004 -0.999710 -0.024094 0.178113 0.793135 1 6 1.000000
flash
  6 5.202497 -2.032052 68.650352 0.000000 -0.999710 -0.024097 0.166321 0.764665 1 6 1.000000
  6 5.349068 -2.035184 68.780304 0.000003 -0.999710 -0.024096 0.154527 0.793135 1 6 1.000000
  6 5.301836 -2.036975 68.854607 -0.000002 -0.999709 -0.024099 0.166320 0.800402 1 6 1.000000
flash
  6 5.202497 -2.032052 68.650352 0.000000 -0.999710 -0.024097 0.166321 0.764665 1 6 1.000000
  6 5.072491 -2.035583 68.796860 -0.000005 -0.999709 -0.024099 0.194792 0.776460 1 6 1.000000
  6 4.998161 -2.034444 68.749657 0.000003 -0.999710 -0.024097 0.202059 0.764668 1 6 1.000000
flash
  6 4.872891 -2.032527 68.670074 0.000007 -0.999710 -0.024097 0.214306 0.744793 1 6 1.000000
  6 4.987761 -2.030261 68.576103 0.000005 -0.999710 -0.024095 0.191593 0.739395 1 6 1.000000
  6 5.006930 -2.032333 68.662041 0.000000 -0.999710 -0.024095 0.194792 0.752874 1 6 1.000000
flash
  6 4.872891 -2.032527 68.670074 0.000007 -0.999710 -0.024097 0.214306 0.744793 1 6 1.000000
  6 4.890780 -2.029455 68.542572 0.000009 -0.999710 -0.024090 0.203006 0.727983 1 6 1.000000
  6 4.987761 -2.030261 68.576103 0.000005 -0.999710 -0.024095 0.191593 0.739395 1 6 1.000000
flash
  6 4.955461 -2.026773 68.431267 0.000011 -0.999710 -0.024088 0.186200 0.716679 1 6 1.000000
  6 4.987761 -2.030261 68.576103 0.000005 -0.999710 -0.024095 0.191593 0.739395 1 6 1.000000
  6 4.890780 -2.029455 68.542572 0.000009 -0.999710 -0.024090 0.203006 0.727983 1 6 1.000000
flash
  6 5.222233 -2.039994 68.979851 0.000000 -0.999710 -0.024100 0.186195 0.812649 1 6 1.000000
  6 5.094718 -2.039563 68.961952 0.000005 -0.999709 -0.024099 0.203003 0.801350 1 6 1.000000
  6 5.128251 -2.037226 68.865013 0.000002 -0.999709 -0.024099 0.191591 0.789936 1 6 1.000000
flash
  6 4.983386 -2.038005 68.897293 0.000006 -0.999709 -0.024106 0.214305 0.784545 1 6 1.000000
  6 5.128251 -2.037226 68.865013 0.000002 -0.999709 -0.024099 0.191591 0.789936 1 6 1.000000
  6 5.094718 -2.039563 68.961952 0.000005 -0.999709 -0.024099 0.203003 0.801350 1 6 1.000000
flash
  6 5.030656 -2.552848 69.027100 -0.228576 0.000135 0.973526 0.205802 0.021171 1 6 1.000000
  6 5.134928 -2.475767 69.043533 -0.158246 0.003737 0.987393 0.184741 0.030530 1 6 1.000000
  6 5.185219 -2.301859 69.050941 -0.139154 -0.003053 0.990266 0.193392 0.066815 1 6 1.000000
flash
  6 5.051401 -2.316035 69.032364 -0.201927 -0.001180 0.979400 0.214505 0.059243 1 6 1.000000
  6 5.185219 -2.301859 69.050941 -0.139154 -0.003053 0.990266 0.193392 0.066815 1 6 1.000000
  6 5.213808 -2.016637 69.055054 -0.122957 -0.001389 0.992411 0.203416 0.112822 1 6 1.000000
flash
  6 5.030656 -2.552848 69.027100 -0.228576 0.000135 0.973526 0.205802 0.021171 1 6 1.000000
  6 5.185219 -2.301859 69.050941 -0.139154 -0.003053 0.990266 0.193392 0.066815 1 6 1.000000
  6 5.051401 -2.316035 69.032364 -0.201927 -0.001180 0.979400 0.214505 0.059243 1 6 1.000000
flash
  6 4.876132 -2.565368 68.984093 -0.351482 0.012600 0.936110 0.231368 0.012784 1 6 1.000000
  6 5.030656 -2.552848 69.027100 -0.228576 0.000135 0.973526 0.205802 0.021171 1 6 1.000000
  6 5.051401 -2.316035 69.032364 -0.201927 -0.001180 0.979400 0.214505 0.059243 1 6 1.000000
flash
  6 5.213808 -2.016637 69.055054 -0.122957 -0.001389 0.992411 0.203416 0.112822 1 6 1.000000
  6 5.256094 -1.635074 69.056061 -0.083527 0.019735 0.996310 0.214674 0.173168 1 6 1.000000
  6 5.137702 -1.598587 69.044823 -0.165056 0.023551 0.986003 0.234815 0.173279 1 6 1.000000
flash
  6 5.213808 -2.016637 69.055054 -0.122957 -0.001389 0.992411 0.203416 0.112822 1 6 1.000000
  6 5.137702 -1.598587 69.044823 -0.165056 0.023551 0.986003 0.234815 0.173279 1 6 1.000000
  6 5.081937 -2.007183 69.038559 -0.195594 0.004289 0.980676 0.224336 0.108107 1 6 1.000000
flash
  6 5.051401 -2.316035 69.032364 -0.201927 -0.001180 0.979400 0.214505 0.059243 1 6 1.000000
  6 5.213808 -2.016637 69.055054 -0.122957 -0.001389 0.992411 0.203416 0.112822 1 6 1.000000
  6 5.081937 -2.007183 69.038559 -0.195594 0.004289 0.980676 0.224336 0.108107 1 6 1.000000
flash
  6 4.897326 -2.313653 68.989670 -0.352840 0.014473 0.935572 0.239724 0.052270 1 6 1.000000
  6 5.051401 -2.316035 69.032364 -0.201927 -0.001180 0.979400 0.214505 0.059243 1 6 1.000000
  6 5.081937 -2.007183 69.038559 -0.195594 0.004289 0.980676 0.224336 0.108107 1 6 1.000000
flash
  6 4.876132 -2.565368 68.984093 -0.351482 0.012600 0.936110 0.231368 0.012784 1 6 1.000000
  6 5.051401 -2.316035 69.032364 -0.201927 -0.001180 0.979400 0.214505 0.059243 1 6 1.000000
  6 4.897326 -2.313653 68.989670 -0.352840 0.014473 0.935572 0.239724 0.052270 1 6 1.000000
flash
  6 4.876132 -2.565368 68.984093 -0.351482 0.012600 0.936110 0.231368 0.012784 1 6 1.000000
  6 4.897326 -2.313653 68.989670 -0.352840 0.014473 0.935572 0.239724 0.052270 1 6 1.000000
  6 4.722989 -2.290844 68.905441 -0.539317 0.046842 0.840799 0.271329 0.046695 1 6 1.000000
flash
  6 4.876132 -2.565368 68.984093 -0.351482 0.012600 0.936110 0.231368 0.012784 1 6 1.000000
  6 4.722989 -2.290844 68.905441 -0.539317 0.046842 0.840799 0.271329 0.046695 1 6 1.000000
  6 4.693976 -2.545411 68.899483 -0.523062 0.045090 0.851101 0.263924 0.006436 1 6 1.000000
flash
  6 4.693976 -2.545411 68.899483 -0.523062 0.045090 0.851101 0.263924 0.006436 1 6 1.000000
  6 4.722989 -2.290844 68.905441 -0.539317 0.046842 0.840799 0.271329 0.046695 1 6 1.000000
  6 4.583089 -2.252319 68.786201 -0.802456 0.104135 0.587555 0.304296 0.044125 1 6 1.000000
flash
  6 4.693976 -2.545411 68.899483 -0.523062 0.045090 0.851101 0.263924 0.006436 1 6 1.000000
  6 4.583089 -2.252319 68.786201 -0.802456 0.104135 0.587555 0.304296 0.044125 1 6 1.000000
  6 4.546306 -2.506620 68.780136 -0.773209 0.101292 0.626009 0.297891 0.003574 1 6 1.000000
flash
  6 4.546306 -2.506620 68.780136 -0.773209 0.101292 0.626009 0.297891 0.003574 1 6 1.000000
  6 4.583089 -2.252319 68.786201 -0.802456 0.104135 0.587555 0.304296 0.044125 1 6 1.000000
  6 4.533916 -2.203565 68.646179 -0.986492 0.156293 0.049060 0.333808 0.045905 1 6 1.000000
flash
  6 4.546306 -2.506620 68.780136 -0.773209 0.101292 0.626009 0.297891 0.003574 1 6 1.000000
  6 4.533916 -2.203565 68.646179 -0.986492 0.156293 0.049060 0.333808 0.045905 1 6 1.000000
  6 4.493103 -2.456731 68.640060 -0.979230 0.153010 0.133029 0.327964 0.005344 1 6 1.000000
flash
  6 4.493103 -2.456731 68.640060 -0.979230 0.153010 0.133029 0.327964 0.005344 1 6 1.000000
  6 4.533916 -2.203565 68.646179 -0.986492 0.156293 0.049060 0.333808 0.045905 1 6 1.000000
  6 4.585103 -2.147458 68.506371 -0.840001 0.142402 -0.523565 0.363182 0.051544 1 6 1.000000
flash
  6 4.493103 -2.456731 68.640060 -0.979230 0.153010 0.133029 0.327964 0.005344 1 6 1.000000
  6 4.585103 -2.147458 68.506371 -0.840001 0.142402 -0.523565 0.363182 0.051544 1 6 1.000000
  6 4.546351 -2.398328 68.500183 -0.868215 0.141399 -0.475614 0.358012 0.011295 1 6 1.000000
flash
  6 4.724113 -2.087411 68.387764 -0.567956 0.092312 -0.817866 0.395829 0.059838 1 6 1.000000
  6 4.546351 -2.398328 68.500183 -0.868215 0.141399 -0.475614 0.358012 0.011295 1 6 1.000000
  6 4.585103 -2.147458 68.506371 -0.840001 0.142402 -0.523565 0.363182 0.051544 1 6 1.000000
flash
  6 4.724113 -2.087411 68.387764 -0.567956 0.092312 -0.817866 0.395829 0.059838 1 6 1.000000
  6 4.694034 -2.334159 68.381447 -0.576413 0.087866 -0.812421 0.391984 0.020283 1 6 1.000000
  6 4.546351 -2.398328 68.500183 -0.868215 0.141399 -0.475614 0.358012 0.011295 1 6 1.000000
flash
  6 4.896375 -2.031616 68.304359 -0.364784 0.057902 -0.929290 0.427418 0.068596 1 6 1.000000
  6 4.694034 -2.334159 68.381447 -0.576413 0.087866 -0.812421 0.391984 0.020283 1 6 1.000000
  6 4.724113 -2.087411 68.387764 -0.567956 0.092312 -0.817866 0.395829 0.059838 1 6 1.000000
flash
  6 4.896375 -2.031616 68.304359 -0.364784 0.057902 -0.929290 0.427418 0.068596 1 6 1.000000
  6 4.876161 -2.272845 68.297859 -0.375663 0.056286 -0.925046 0.424973 0.029986 1 6 1.000000
  6 4.694034 -2.334159 68.381447 -0.576413 0.087866 -0.812421 0.391984 0.020283 1 6 1.000000
flash
  6 5.049768 -1.986001 68.262566 -0.205808 0.044223 -0.977593 0.453335 0.075950 1 6 1.000000
  6 4.876161 -2.272845 68.297859 -0.375663 0.056286 -0.925046 0.424973 0.029986 1 6 1.000000
  6 4.896375 -2.031616 68.304359 -0.364784 0.057902 -0.929290 0.427418 0.068596 1 6 1.000000
flash
  6 5.049768 -1.986001 68.262566 -0.205808 0.044223 -0.977593 0.453335 0.075950 1 6 1.000000
  6 5.030636 -2.214252 68.256554 -0.241332 0.047291 -0.969290 0.451724 0.038381 1 6 1.000000
  6 4.876161 -2.272845 68.297859 -0.375663 0.056286 -0.925046 0.424973 0.029986 1 6 1.000000
flash
  6 5.185141 -1.944170 68.245255 -0.143449 0.049054 -0.988441 0.475589 0.082315 1 6 1.000000
  6 5.030636 -2.214252 68.256554 -0.241332 0.047291 -0.969290 0.451724 0.038381 1 6 1.000000
  6 5.049768 -1.986001 68.262566 -0.205808 0.044223 -0.977593 0.453335 0.075950 1 6 1.000000
flash
  6 5.185141 -1.944170 68.245255 -0.143449 0.049054 -0.988441 0.475589 0.082315 1 6 1.000000
  6 5.134869 -2.117399 68.244286 -0.165578 0.053539 -0.984742 0.474424 0.045824 1 6 1.000000
  6 5.030636 -2.214252 68.256554 -0.241332 0.047291 -0.969290 0.451724 0.038381 1 6 1.000000
flash
  6 5.213731 -1.708783 68.253708 -0.109005 0.039762 -0.993246 0.476249 0.124373 1 6 1.000000
  6 5.185141 -1.944170 68.245255 -0.143449 0.049054 -0.988441 0.475589 0.082315 1 6 1.000000
  6 5.049768 -1.986001 68.262566 -0.205808 0.044223 -0.977593 0.453335 0.075950 1 6 1.000000
flash
  6 5.183053 -1.347690 68.270264 -0.061950 0.046223 -0.997008 0.476118 0.175893 1 6 1.000000
  6 5.100626 -1.003976 68.295479 -0.183645 0.054298 -0.981492 0.458791 0.233386 1 6 1.000000
  6 5.224999 -0.984683 68.293465 0.099168 0.074658 -0.992266 0.475791 0.234082 1 6 1.000000
flash
  6 5.183053 -1.347690 68.270264 -0.061950 0.046223 -0.997008 0.476118 0.175893 1 6 1.000000
  6 5.080956 -1.377991 68.281853 -0.219570 0.045224 -0.974548 0.456786 0.173241 1 6 1.000000
  6 5.100626 -1.003976 68.295479 -0.183645 0.054298 -0.981492 0.458791 0.233386 1 6 1.000000
flash
  6 5.213731 -1.708783 68.253708 -0.109005 0.039762 -0.993246 0.476249 0.124373 1 6 1.000000
  6 5.080956 -1.377991 68.281853 -0.219570 0.045224 -0.974548 0.456786 0.173241 1 6 1.000000
  6 5.183053 -1.347690 68.270264 -0.061950 0.046223 -0.997008 0.476118 0.175893 1 6 1.000000
flash
  6 5.213731 -1.708783 68.253708 -0.109005 0.039762 -0.993246 0.476249 0.124373 1 6 1.000000
  6 5.066494 -1.715900 68.270729 -0.202330 0.044471 -0.978307 0.455001 0.119541 1 6 1.000000
  6 5.080956 -1.377991 68.281853 -0.219570 0.045224 -0.974548 0.456786 0.173241 1 6 1.000000
flash
  6 5.213731 -1.708783 68.253708 -0.109005 0.039762 -0.993246 0.476249 0.124373 1 6 1.000000
  6 5.049768 -1.986001 68.262566 -0.205808 0.044223 -0.977593 0.453335 0.075950 1 6 1.000000
  6 5.066494 -1.715900 68.270729 -0.202330 0.044471 -0.978307 0.455001 0.119541 1 6 1.000000
flash
  6 5.066494 -1.715900 68.270729 -0.202330 0.044471 -0.978307 0.455001 0.119541 1 6 1.000000
  6 5.049768 -1.986001 68.262566 -0.205808 0.044223 -0.977593 0.453335 0.075950 1 6 1.000000
  6 4.896375 -2.031616 68.304359 -0.364784 0.057902 -0.929290 0.427418 0.068596 1 6 1.000000
flash
  6 5.066494 -1.715900 68.270729 -0.202330 0.044471 -0.978307 0.455001 0.119541 1 6 1.000000
  6 4.896375 -2.031616 68.304359 -0.364784 0.057902 -0.929290 0.427418 0.068596 1 6 1.000000
  6 4.920877 -1.749377 68.312340 -0.381487 0.062818 -0.922237 0.430396 0.113834 1 6 1.000000
flash
  6 4.920877 -1.749377 68.312340 -0.381487 0.062818 -0.922237 0.430396 0.113834 1 6 1.000000
  6 4.896375 -2.031616 68.304359 -0.364784 0.057902 -0.929290 0.427418 0.068596 1 6 1.000000
  6 4.724113 -2.087411 68.387764 -0.567956 0.092312 -0.817866 0.395829 0.059838 1 6 1.000000
flash
  6 4.920877 -1.749377 68.312340 -0.381487 0.062818 -0.922237 0.430396 0.113834 1 6 1.000000
  6 4.724113 -2.087411 68.387764 -0.567956 0.092312 -0.817866 0.395829 0.059838 1 6 1.000000
  6 4.761089 -1.794505 68.395638 -0.593603 0.098521 -0.798705 0.400549 0.106873 1 6 1.000000
flash
  6 4.761089 -1.794505 68.395638 -0.593603 0.098521 -0.798705 0.400549 0.106873 1 6 1.000000
  6 4.724113 -2.087411 68.387764 -0.567956 0.092312 -0.817866 0.395829 0.059838 1 6 1.000000
  6 4.585103 -2.147458 68.506371 -0.840001 0.142402 -0.523565 0.363182 0.051544 1 6 1.000000
flash
  6 4.761089 -1.794505 68.395638 -0.593603 0.098521 -0.798705 0.400549 0.106873 1 6 1.000000
  6 4.585103 -2.147458 68.506371 -0.840001 0.142402 -0.523565 0.363182 0.051544 1 6 1.000000
  6 4.632718 -1.844309 68.514091 -0.852526 0.146597 -0.501706 0.369462 0.100276 1 6 1.000000
flash
  6 4.533916 -2.203565 68.646179 -0.986492 0.156293 0.049060 0.333808 0.045905 1 6 1.000000
  6 4.632718 -1.844309 68.514091 -0.852526 0.146597 -0.501706 0.369462 0.100276 1 6 1.000000
  6 4.585103 -2.147458 68.506371 -0.840001 0.142402 -0.523565 0.363182 0.051544 1 6 1.000000
flash
  6 4.533916 -2.203565 68.646179 -0.986492 0.156293 0.049060 0.333808 0.045905 1 6 1.000000
  6 4.585186 -1.891868 68.653755 -0.985994 0.160149 0.046571 0.340929 0.095968 1 6 1.000000
  6 4.632718 -1.844309 68.514091 -0.852526 0.146597 -0.501706 0.369462 0.100276 1 6 1.000000
flash
  6 4.583089 -2.252319 68.786201 -0.802456 0.104135 0.587555 0.304296 0.044125 1 6 1.000000
  6 4.585186 -1.891868 68.653755 -0.985994 0.160149 0.046571 0.340929 0.095968 1 6 1.000000
  6 4.533916 -2.203565 68.646179 -0.986492 0.156293 0.049060 0.333808 0.045905 1 6 1.000000
flash
  6 4.583089 -2.252319 68.786201 -0.802456 0.104135 0.587555 0.304296 0.044125 1 6 1.000000
  6 4.632094 -1.933802 68.793861 -0.814043 0.111898 0.569923 0.312002 0.095122 1 6 1.000000
  6 4.585186 -1.891868 68.653755 -0.985994 0.160149 0.046571 0.340929 0.095968 1 6 1.000000
flash
  6 4.722989 -2.290844 68.905441 -0.539317 0.046842 0.840799 0.271329 0.046695 1 6 1.000000
  6 4.632094 -1.933802 68.793861 -0.814043 0.111898 0.569923 0.312002 0.095122 1 6 1.000000
  6 4.583089 -2.252319 68.786201 -0.802456 0.104135 0.587555 0.304296 0.044125 1 6 1.000000
flash
  6 4.722989 -2.290844 68.905441 -0.539317 0.046842 0.840799 0.271329 0.046695 1 6 1.000000
  6 4.766312 -1.967798 68.913452 -0.552458 0.056421 0.831629 0.279884 0.098145 1 6 1.000000
  6 4.632094 -1.933802 68.793861 -0.814043 0.111898 0.569923 0.312002 0.095122 1 6 1.000000
flash
  6 4.897326 -2.313653 68.989670 -0.352840 0.014473 0.935572 0.239724 0.052270 1 6 1.000000
  6 4.766312 -1.967798 68.913452 -0.552458 0.056421 0.831629 0.279884 0.098145 1 6 1.000000
  6 4.722989 -2.290844 68.905441 -0.539317 0.046842 0.840799 0.271329 0.046695 1 6 1.000000
flash
  6 5.066494 -1.715900 68.270729 -0.202330 0.044471 -0.978307 0.455001 0.119541 1 6 1.000000
  6 4.952183 -1.399449 68.322922 -0.410276 0.065198 -0.909628 0.434266 0.170060 1 6 1.000000
  6 5.080956 -1.377991 68.281853 -0.219570 0.045224 -0.974548 0.456786 0.173241 1 6 1.000000
flash
  6 5.080956 -1.377991 68.281853 -0.219570 0.045224 -0.974548 0.456786 0.173241 1 6 1.000000
  6 4.952183 -1.399449 68.322922 -0.410276 0.065198 -0.909628 0.434266 0.170060 1 6 1.000000
  6 4.985698 -1.012483 68.335670 -0.447338 0.067700 -0.891799 0.438680 0.232567 1 6 1.000000
flash
  6 5.080956 -1.377991 68.281853 -0.219570 0.045224 -0.974548 0.456786 0.173241 1 6 1.000000
  6 4.985698 -1.012483 68.335670 -0.447338 0.067700 -0.891799 0.438680 0.232567 1 6 1.000000
  6 5.100626 -1.003976 68.295479 -0.183645 0.054298 -0.981492 0.458791 0.233386 1 6 1.000000
flash
  6 5.115517 -0.629468 68.310013 -0.174155 0.045636 -0.983660 0.461025 0.294000 1 6 1.000000
  6 5.100626 -1.003976 68.295479 -0.183645 0.054298 -0.981492 0.458791 0.233386 1 6 1.000000
  6 4.985698 -1.012483 68.335670 -0.447338 0.067700 -0.891799 0.438680 0.232567 1 6 1.000000
flash
  6 5.561477 -0.693972 68.820107 0.906938 0.062300 0.416632 0.195076 0.338266 1 6 1.000000
  6 5.456903 -0.529764 68.936523 0.613676 0.040447 0.788521 0.228994 0.353297 1 6 1.000000
  6 5.474932 -0.738563 68.934067 0.614722 0.055757 0.786771 0.217076 0.323115 1 6 1.000000
flash
  6 5.456903 -0.529764 68.936523 0.613676 0.040447 0.788521 0.228994 0.353297 1 6 1.000000
  6 5.323833 -0.832080 69.005096 0.228535 0.037663 0.972807 0.240581 0.299978 1 6 1.000000
  6 5.474932 -0.738563 68.934067 0.614722 0.055757 0.786771 0.217076 0.323115 1 6 1.000000
flash
  6 5.456903 -0.529764 68.936523 0.613676 0.040447 0.788521 0.228994 0.353297 1 6 1.000000
  6 5.306337 -0.577994 69.006149 0.242795 0.008500 0.970040 0.254376 0.337692 1 6 1.000000
  6 5.323833 -0.832080 69.005096 0.228535 0.037663 0.972807 0.240581 0.299978 1 6 1.000000
flash
  6 5.306337 -0.577994 69.006149 0.242795 0.008500 0.970040 0.254376 0.337692 1 6 1.000000
  6 5.113160 -1.049047 69.020416 -0.184581 0.047787 0.981655 0.265000 0.256350 1 6 1.000000
  6 5.323833 -0.832080 69.005096 0.228535 0.037663 0.972807 0.240581 0.299978 1 6 1.000000
flash
  6 5.306337 -0.577994 69.006149 0.242795 0.008500 0.970040 0.254376 0.337692 1 6 1.000000
  6 5.127133 -0.632631 69.016838 -0.144068 -0.000756 0.989568 0.281720 0.321027 1 6 1.000000
  6 5.113160 -1.049047 69.020416 -0.184581 0.047787 0.981655 0.265000 0.256350 1 6 1.000000
flash
  6 5.127133 -0.632631 69.016838 -0.144068 -0.000756 0.989568 0.281720 0.321027 1 6 1.000000
  6 4.908418 -1.064879 68.940636 -0.523878 0.048064 0.850436 0.300477 0.243558 1 6 1.000000
  6 5.113160 -1.049047 69.020416 -0.184581 0.047787 0.981655 0.265000 0.256350 1 6 1.000000
flash
  6 5.113160 -1.049047 69.020416 -0.184581 0.047787 0.981655 0.265000 0.256350 1 6 1.000000
  6 4.908418 -1.064879 68.940636 -0.523878 0.048064 0.850436 0.300477 0.243558 1 6 1.000000
  6 4.833210 -1.535223 68.925293 -0.552546 0.070047 0.830534 0.290098 0.167584 1 6 1.000000
flash
  6 4.908418 -1.064879 68.940636 -0.523878 0.048064 0.850436 0.300477 0.243558 1 6 1.000000
  6 4.700824 -1.513189 68.804871 -0.821790 0.119630 0.557091 0.321668 0.162826 1 6 1.000000
  6 4.833210 -1.535223 68.925293 -0.552546 0.070047 0.830534 0.290098 0.167584 1 6 1.000000
flash
  6 4.833210 -1.535223 68.925293 -0.552546 0.070047 0.830534 0.290098 0.167584 1 6 1.000000
  6 4.700824 -1.513189 68.804871 -0.821790 0.119630 0.557091 0.321668 0.162826 1 6 1.000000
  6 4.632094 -1.933802 68.793861 -0.814043 0.111898 0.569923 0.312002 0.095122 1 6 1.000000
flash
  6 4.632094 -1.933802 68.793861 -0.814043 0.111898 0.569923 0.312002 0.095122 1 6 1.000000
  6 4.700824 -1.513189 68.804871 -0.821790 0.119630 0.557091 0.321668 0.162826 1 6 1.000000
  6 4.653558 -1.486600 68.664307 -0.985118 0.164162 0.050926 0.349995 0.161334 1 6 1.000000
flash
  6 4.632094 -1.933802 68.793861 -0.814043 0.111898 0.569923 0.312002 0.095122 1 6 1.000000
  6 4.653558 -1.486600 68.664307 -0.985118 0.164162 0.050926 0.349995 0.161334 1 6 1.000000
  6 4.585186 -1.891868 68.653755 -0.985994 0.160149 0.046571 0.340929 0.095968 1 6 1.000000
flash
  6 4.585186 -1.891868 68.653755 -0.985994 0.160149 0.046571 0.340929 0.095968 1 6 1.000000
  6 4.653558 -1.486600 68.664307 -0.985118 0.164162 0.050926 0.349995 0.161334 1 6 1.000000
  6 4.694719 -1.456903 68.524620 -0.868837 0.151447 -0.471366 0.377503 0.162776 1 6 1.000000
flash
  6 4.585186 -1.891868 68.653755 -0.985994 0.160149 0.046571 0.340929 0.095968 1 6 1.000000
  6 4.694719 -1.456903 68.524620 -0.868837 0.151447 -0.471366 0.377503 0.162776 1 6 1.000000
  6 4.632718 -1.844309 68.514091 -0.852526 0.146597 -0.501706 0.369462 0.100276 1 6 1.000000
flash
  6 4.809136 -1.426398 68.406219 -0.627693 0.104808 -0.771373 0.406695 0.166167 1 6 1.000000
  6 4.632718 -1.844309 68.514091 -0.852526 0.146597 -0.501706 0.369462 0.100276 1 6 1.000000
  6 4.694719 -1.456903 68.524620 -0.868837 0.151447 -0.471366 0.377503 0.162776 1 6 1.000000
flash
  6 4.809136 -1.426398 68.406219 -0.627693 0.104808 -0.771373 0.406695 0.166167 1 6 1.000000
  6 4.761089 -1.794505 68.395638 -0.593603 0.098521 -0.798705 0.400549 0.106873 1 6 1.000000
  6 4.632718 -1.844309 68.514091 -0.852526 0.146597 -0.501706 0.369462 0.100276 1 6 1.000000
flash
  6 4.952183 -1.399449 68.322922 -0.410276 0.065198 -0.909628 0.434266 0.170060 1 6 1.000000
  6 4.761089 -1.794505 68.395638 -0.593603 0.098521 -0.798705 0.400549 0.106873 1 6 1.000000
  6 4.809136 -1.426398 68.406219 -0.627693 0.104808 -0.771373 0.406695 0.166167 1 6 1.000000
flash
  6 4.952183 -1.399449 68.322922 -0.410276 0.065198 -0.909628 0.434266 0.170060 1 6 1.000000
  6 4.920877 -1.749377 68.312340 -0.381487 0.062818 -0.922237 0.430396 0.113834 1 6 1.000000
  6 4.761089 -1.794505 68.395638 -0.593603 0.098521 -0.798705 0.400549 0.106873 1 6 1.000000
flash
  6 5.066494 -1.715900 68.270729 -0.202330 0.044471 -0.978307 0.455001 0.119541 1 6 1.000000
  6 4.920877 -1.749377 68.312340 -0.381487 0.062818 -0.922237 0.430396 0.113834 1 6 1.000000
  6 4.952183 -1.399449 68.322922 -0.410276 0.065198 -0.909628 0.434266 0.170060 1 6 1.000000
flash
  6 4.908418 -1.064879 68.940636 -0.523878 0.048064 0.850436 0.300477 0.243558 1 6 1.000000
  6 4.777960 -1.057955 68.821510 -0.829935 0.113307 0.546232 0.331387 0.236754 1 6 1.000000
  6 4.700824 -1.513189 68.804871 -0.821790 0.119630 0.557091 0.321668 0.162826 1 6 1.000000
flash
  6 4.700824 -1.513189 68.804871 -0.821790 0.119630 0.557091 0.321668 0.162826 1 6 1.000000
  6 4.777960 -1.057955 68.821510 -0.829935 0.113307 0.546232 0.331387 0.236754 1 6 1.000000
  6 4.730392 -1.046676 68.679794 -0.983976 0.168339 0.058766 0.359248 0.233000 1 6 1.000000
flash
  6 4.700824 -1.513189 68.804871 -0.821790 0.119630 0.557091 0.321668 0.162826 1 6 1.000000
  6 4.730392 -1.046676 68.679794 -0.983976 0.168339 0.058766 0.359248 0.233000 1 6 1.000000
  6 4.653558 -1.486600 68.664307 -0.985118 0.164162 0.050926 0.349995 0.161334 1 6 1.000000
flash
  6 4.653558 -1.486600 68.664307 -0.985118 0.164162 0.050926 0.349995 0.161334 1 6 1.000000
  6 4.730392 -1.046676 68.679794 -0.983976 0.168339 0.058766 0.359248 0.233000 1 6 1.000000
  6 4.763258 -1.034487 68.538239 -0.892443 0.160036 -0.421822 0.386102 0.231527 1 6 1.000000
flash
  6 4.653558 -1.486600 68.664307 -0.985118 0.164162 0.050926 0.349995 0.161334 1 6 1.000000
  6 4.763258 -1.034487 68.538239 -0.892443 0.160036 -0.421822 0.386102 0.231527 1 6 1.000000
  6 4.694719 -1.456903 68.524620 -0.868837 0.151447 -0.471366 0.377503 0.162776 1 6 1.000000
flash
  6 4.861598 -1.022480 68.419067 -0.672893 0.109347 -0.731614 0.413527 0.231685 1 6 1.000000
  6 4.694719 -1.456903 68.524620 -0.868837 0.151447 -0.471366 0.377503 0.162776 1 6 1.000000
  6 4.763258 -1.034487 68.538239 -0.892443 0.160036 -0.421822 0.386102 0.231527 1 6 1.000000
flash
  6 4.861598 -1.022480 68.419067 -0.672893 0.109347 -0.731614 0.413527 0.231685 1 6 1.000000
  6 4.809136 -1.426398 68.406219 -0.627693 0.104808 -0.771373 0.406695 0.166167 1 6 1.000000
  6 4.694719 -1.456903 68.524620 -0.868837 0.151447 -0.471366 0.377503 0.162776 1 6 1.000000
flash
  6 4.985698 -1.012483 68.335670 -0.447338 0.067700 -0.891799 0.438680 0.232567 1 6 1.000000
  6 4.809136 -1.426398 68.406219 -0.627693 0.104808 -0.771373 0.406695 0.166167 1 6 1.000000
  6 4.861598 -1.022480 68.419067 -0.672893 0.109347 -0.731614 0.413527 0.231685 1 6 1.000000
flash
  6 4.985698 -1.012483 68.335670 -0.447338 0.067700 -0.891799 0.438680 0.232567 1 6 1.000000
  6 4.952183 -1.399449 68.322922 -0.410276 0.065198 -0.909628 0.434266 0.170060 1 6 1.000000
  6 4.809136 -1.426398 68.406219 -0.627693 0.104808 -0.771373 0.406695 0.166167 1 6 1.000000
flash
  6 5.113160 -1.049047 69.020416 -0.184581 0.047787 0.981655 0.265000 0.256350 1 6 1.000000
  6 4.833210 -1.535223 68.925293 -0.552546 0.070047 0.830534 0.290098 0.167584 1 6 1.000000
  6 4.999010 -1.558367 69.008644 -0.348314 0.044081 0.936341 0.259366 0.172704 1 6 1.000000
flash
  6 4.999010 -1.558367 69.008644 -0.348314 0.044081 0.936341 0.259366 0.172704 1 6 1.000000
  6 4.833210 -1.535223 68.925293 -0.552546 0.070047 0.830534 0.290098 0.167584 1 6 1.000000
  6 4.766312 -1.967798 68.913452 -0.552458 0.056421 0.831629 0.279884 0.098145 1 6 1.000000
flash
  6 4.833210 -1.535223 68.925293 -0.552546 0.070047 0.830534 0.290098 0.167584 1 6 1.000000
  6 4.632094 -1.933802 68.793861 -0.814043 0.111898 0.569923 0.312002 0.095122 1 6 1.000000
  6 4.766312 -1.967798 68.913452 -0.552458 0.056421 0.831629 0.279884 0.098145 1 6 1.000000
flash
  6 4.999010 -1.558367 69.008644 -0.348314 0.044081 0.936341 0.259366 0.172704 1 6 1.000000
  6 4.766312 -1.967798 68.913452 -0.552458 0.056421 0.831629 0.279884 0.098145 1 6 1.000000
  6 4.933666 -1.992331 68.997437 -0.357737 0.023757 0.933520 0.249108 0.103145 1 6 1.000000
flash
  6 4.897326 -2.313653 68.989670 -0.352840 0.014473 0.935572 0.239724 0.052270 1 6 1.000000
  6 4.933666 -1.992331 68.997437 -0.357737 0.023757 0.933520 0.249108 0.103145 1 6 1.000000
  6 4.766312 -1.967798 68.913452 -0.552458 0.056421 0.831629 0.279884 0.098145 1 6 1.000000
flash
  6 4.897326 -2.313653 68.989670 -0.352840 0.014473 0.935572 0.239724 0.052270 1 6 1.000000
  6 5.081937 -2.007183 69.038559 -0.195594 0.004289 0.980676 0.224336 0.108107 1 6 1.000000
  6 4.933666 -1.992331 68.997437 -0.357737 0.023757 0.933520 0.249108 0.103145 1 6 1.000000
flash
  6 5.081937 -2.007183 69.038559 -0.195594 0.004289 0.980676 0.224336 0.108107 1 6 1.000000
  6 4.999010 -1.558367 69.008644 -0.348314 0.044081 0.936341 0.259366 0.172704 1 6 1.000000
  6 4.933666 -1.992331 68.997437 -0.357737 0.023757 0.933520 0.249108 0.103145 1 6 1.000000
flash
  6 5.081937 -2.007183 69.038559 -0.195594 0.004289 0.980676 0.224336 0.108107 1 6 1.000000
  6 5.137702 -1.598587 69.044823 -0.165056 0.023551 0.986003 0.234815 0.173279 1 6 1.000000
  6 4.999010 -1.558367 69.008644 -0.348314 0.044081 0.936341 0.259366 0.172704 1 6 1.000000
flash
  6 5.137702 -1.598587 69.044823 -0.165056 0.023551 0.986003 0.234815 0.173279 1 6 1.000000
  6 5.113160 -1.049047 69.020416 -0.184581 0.047787 0.981655 0.265000 0.256350 1 6 1.000000
  6 4.999010 -1.558367 69.008644 -0.348314 0.044081 0.936341 0.259366 0.172704 1 6 1.000000
flash
  6 5.137702 -1.598587 69.044823 -0.165056 0.023551 0.986003 0.234815 0.173279 1 6 1.000000
  6 5.231731 -1.206619 69.039482 -0.025251 0.079913 0.996482 0.238444 0.237862 1 6 1.000000
  6 5.113160 -1.049047 69.020416 -0.184581 0.047787 0.981655 0.265000 0.256350 1 6 1.000000
flash
  6 5.366440 -0.969834 69.005592 0.209135 0.123893 0.970007 0.227658 0.281041 1 6 1.000000
  6 5.113160 -1.049047 69.020416 -0.184581 0.047787 0.981655 0.265000 0.256350 1 6 1.000000
  6 5.231731 -1.206619 69.039482 -0.025251 0.079913 0.996482 0.238444 0.237862 1 6 1.000000
flash
  6 5.366440 -0.969834 69.005592 0.209135 0.123893 0.970007 0.227658 0.281041 1 6 1.000000
  6 5.323833 -0.832080 69.005096 0.228535 0.037663 0.972807 0.240581 0.299978 1 6 1.000000
  6 5.113160 -1.049047 69.020416 -0.184581 0.047787 0.981655 0.265000 0.256350 1 6 1.000000
flash
  6 5.491998 -0.852275 68.932487 0.618445 0.128022 0.775330 0.209162 0.306967 1 6 1.000000
  6 5.323833 -0.832080 69.005096 0.228535 0.037663 0.972807 0.240581 0.299978 1 6 1.000000
  6 5.366440 -0.969834 69.005592 0.209135 0.123893 0.970007 0.227658 0.281041 1 6 1.000000
flash
  6 5.491998 -0.852275 68.932487 0.618445 0.128022 0.775330 0.209162 0.306967 1 6 1.000000
  6 5.474932 -0.738563 68.934067 0.614722 0.055757 0.786771 0.217076 0.323115 1 6 1.000000
  6 5.323833 -0.832080 69.005096 0.228535 0.037663 0.972807 0.240581 0.299978 1 6 1.000000
flash
  6 5.568710 -0.794639 68.818207 0.917754 0.054390 0.393408 0.188985 0.323891 1 6 1.000000
  6 5.474932 -0.738563 68.934067 0.614722 0.055757 0.786771 0.217076 0.323115 1 6 1.000000
  6 5.491998 -0.852275 68.932487 0.618445 0.128022 0.775330 0.209162 0.306967 1 6 1.000000
flash
  6 5.568710 -0.794639 68.818207 0.917754 0.054390 0.393408 0.188985 0.323891 1 6 1.000000
  6 5.561477 -0.693972 68.820107 0.906938 0.062300 0.416632 0.195076 0.338266 1 6 1.000000
  6 5.474932 -0.738563 68.934067 0.614722 0.055757 0.786771 0.217076 0.323115 1 6 1.000000
flash
  6 5.593235 -0.775900 68.680611 0.999438 0.032528 0.008102 0.167827 0.335269 1 6 1.000000
  6 5.561477 -0.693972 68.820107 0.906938 0.062300 0.416632 0.195076 0.338266 1 6 1.000000
  6 5.568710 -0.794639 68.818207 0.917754 0.054390 0.393408 0.188985 0.323891 1 6 1.000000
flash
  6 5.392515 -0.944352 68.342720 0.407643 0.109750 -0.906522 0.091159 0.340778 1 6 1.000000
  6 5.323891 -1.196501 68.295448 0.218464 0.069422 -0.973372 0.060288 0.310975 1 6 1.000000
  6 5.289061 -1.108127 68.294128 0.219290 0.085256 -0.971928 0.061927 0.326059 1 6 1.000000
flash
  6 5.392515 -0.944352 68.342720 0.407643 0.109750 -0.906522 0.091159 0.340778 1 6 1.000000
  6 5.416822 -1.013013 68.343712 0.372982 0.112686 -0.920970 0.089461 0.329211 1 6 1.000000
  6 5.323891 -1.196501 68.295448 0.218464 0.069422 -0.973372 0.060288 0.310975 1 6 1.000000
flash
  6 5.499897 -0.840157 68.424126 0.701756 0.106249 -0.704450 0.119785 0.345257 1 6 1.000000
  6 5.416822 -1.013013 68.343712 0.372982 0.112686 -0.920970 0.089461 0.329211 1 6 1.000000
  6 5.392515 -0.944352 68.342720 0.407643 0.109750 -0.906522 0.091159 0.340778 1 6 1.000000
flash
  6 5.499897 -0.840157 68.424126 0.701756 0.106249 -0.704450 0.119785 0.345257 1 6 1.000000
  6 5.508626 -0.894859 68.423752 0.680262 0.105997 -0.725265 0.117038 0.336866 1 6 1.000000
  6 5.416822 -1.013013 68.343712 0.372982 0.112686 -0.920970 0.089461 0.329211 1 6 1.000000
flash
  6 5.569696 -0.788000 68.542107 0.934079 0.058318 -0.352272 0.145135 0.342761 1 6 1.000000
  6 5.508626 -0.894859 68.423752 0.680262 0.105997 -0.725265 0.117038 0.336866 1 6 1.000000
  6 5.499897 -0.840157 68.424126 0.701756 0.106249 -0.704450 0.119785 0.345257 1 6 1.000000
flash
  6 5.569696 -0.788000 68.542107 0.934079 0.058318 -0.352272 0.145135 0.342761 1 6 1.000000
  6 5.571031 -0.833408 68.541168 0.933778 0.032513 -0.356374 0.142247 0.336194 1 6 1.000000
  6 5.508626 -0.894859 68.423752 0.680262 0.105997 -0.725265 0.117038 0.336866 1 6 1.000000
flash
  6 5.593235 -0.775900 68.680611 0.999438 0.032528 0.008102 0.167827 0.335269 1 6 1.000000
  6 5.571031 -0.833408 68.541168 0.933778 0.032513 -0.356374 0.142247 0.336194 1 6 1.000000
  6 5.569696 -0.788000 68.542107 0.934079 0.058318 -0.352272 0.145135 0.342761 1 6 1.000000
flash
  6 5.593235 -0.775900 68.680611 0.999438 0.032528 0.008102 0.167827 0.335269 1 6 1.000000
  6 5.593256 -0.817751 68.679588 0.999960 0.005093 0.007288 0.165221 0.329226 1 6 1.000000
  6 5.571031 -0.833408 68.541168 0.933778 0.032513 -0.356374 0.142247 0.336194 1 6 1.000000
flash
  6 5.593256 -0.817751 68.679588 0.999960 0.005093 0.007288 0.165221 0.329226 1 6 1.000000
  6 5.593235 -0.775900 68.680611 0.999438 0.032528 0.008102 0.167827 0.335269 1 6 1.000000
  6 5.568710 -0.794639 68.818207 0.917754 0.054390 0.393408 0.188985 0.323891 1 6 1.000000
flash
  6 5.593256 -0.817751 68.679588 0.999960 0.005093 0.007288 0.165221 0.329226 1 6 1.000000
  6 5.568710 -0.794639 68.818207 0.917754 0.054390 0.393408 0.188985 0.323891 1 6 1.000000
  6 5.571032 -0.840060 68.817108 0.910159 0.060646 0.409796 0.186052 0.317341 1 6 1.000000
flash
  6 5.571032 -0.840060 68.817108 0.910159 0.060646 0.409796 0.186052 0.317341 1 6 1.000000
  6 5.568710 -0.794639 68.818207 0.917754 0.054390 0.393408 0.188985 0.323891 1 6 1.000000
  6 5.491998 -0.852275 68.932487 0.618445 0.128022 0.775330 0.209162 0.306967 1 6 1.000000
flash
  6 5.571032 -0.840060 68.817108 0.910159 0.060646 0.409796 0.186052 0.317341 1 6 1.000000
  6 5.491998 -0.852275 68.932487 0.618445 0.128022 0.775330 0.209162 0.306967 1 6 1.000000
  6 5.508634 -0.907096 68.931427 0.567114 0.182376 0.803194 0.203763 0.299543 1 6 1.000000
flash
  6 5.508634 -0.907096 68.931427 0.567114 0.182376 0.803194 0.203763 0.299543 1 6 1.000000
  6 5.491998 -0.852275 68.932487 0.618445 0.128022 0.775330 0.209162 0.306967 1 6 1.000000
  6 5.366440 -0.969834 69.005592 0.209135 0.123893 0.970007 0.227658 0.281041 1 6 1.000000
flash
  6 5.508634 -0.907096 68.931427 0.567114 0.182376 0.803194 0.203763 0.299543 1 6 1.000000
  6 5.366440 -0.969834 69.005592 0.209135 0.123893 0.970007 0.227658 0.281041 1 6 1.000000
  6 5.416845 -1.036177 69.005508 0.195775 0.160637 0.967403 0.216625 0.273265 1 6 1.000000
flash
  6 5.416845 -1.036177 69.005508 0.195775 0.160637 0.967403 0.216625 0.273265 1 6 1.000000
  6 5.366440 -0.969834 69.005592 0.209135 0.123893 0.970007 0.227658 0.281041 1 6 1.000000
  6 5.231731 -1.206619 69.039482 -0.025251 0.079913 0.996482 0.238444 0.237862 1 6 1.000000
flash
  6 5.416845 -1.036177 69.005508 0.195775 0.160637 0.967403 0.216625 0.273265 1 6 1.000000
  6 5.231731 -1.206619 69.039482 -0.025251 0.079913 0.996482 0.238444 0.237862 1 6 1.000000
  6 5.323929 -1.272224 69.043655 0.010350 0.077932 0.996905 0.220984 0.232045 1 6 1.000000
flash
  6 5.256094 -1.635074 69.056061 -0.083527 0.019735 0.996310 0.214674 0.173168 1 6 1.000000
  6 5.323929 -1.272224 69.043655 0.010350 0.077932 0.996905 0.220984 0.232045 1 6 1.000000
  6 5.231731 -1.206619 69.039482 -0.025251 0.079913 0.996482 0.238444 0.237862 1 6 1.000000
flash
  6 5.256094 -1.635074 69.056061 -0.083527 0.019735 0.996310 0.214674 0.173168 1 6 1.000000
  6 5.231731 -1.206619 69.039482 -0.025251 0.079913 0.996482 0.238444 0.237862 1 6 1.000000
  6 5.137702 -1.598587 69.044823 -0.165056 0.023551 0.986003 0.234815 0.173279 1 6 1.000000
flash
  6 5.323891 -1.196501 68.295448 0.218464 0.069422 -0.973372 0.060288 0.310975 1 6 1.000000
  6 5.238678 -1.297357 68.272659 0.091590 0.058001 -0.994106 0.039910 0.302794 1 6 1.000000
  6 5.289061 -1.108127 68.294128 0.219290 0.085256 -0.971928 0.061927 0.326059 1 6 1.000000
flash
  6 5.323891 -1.196501 68.295448 0.218464 0.069422 -0.973372 0.060288 0.310975 1 6 1.000000
  6 5.256032 -1.443008 68.268341 0.103751 0.041859 -0.993722 0.030403 0.281309 1 6 1.000000
  6 5.238678 -1.297357 68.272659 0.091590 0.058001 -0.994106 0.039910 0.302794 1 6 1.000000
flash
  6 5.213731 -1.708783 68.253708 -0.109005 0.039762 -0.993246 0.000221 0.245199 1 6 1.000000
  6 5.238678 -1.297357 68.272659 0.091590 0.058001 -0.994106 0.039910 0.302794 1 6 1.000000
  6 5.256032 -1.443008 68.268341 0.103751 0.041859 -0.993722 0.030403 0.281309 1 6 1.000000
flash
  6 5.213731 -1.708783 68.253708 -0.109005 0.039762 -0.993246 0.000221 0.245199 1 6 1.000000
  6 5.183053 -1.347690 68.270264 -0.061950 0.046223 -0.997008 0.028860 0.296251 1 6 1.000000
  6 5.238678 -1.297357 68.272659 0.091590 0.058001 -0.994106 0.039910 0.302794 1 6 1.000000
flash
  6 5.224999 -0.984683 68.293465 0.099168 0.074658 -0.992266 0.058051 0.348078 1 6 1.000000
  6 5.238678 -1.297357 68.272659 0.091590 0.058001 -0.994106 0.039910 0.302794 1 6 1.000000
  6 5.183053 -1.347690 68.270264 -0.061950 0.046223 -0.997008 0.028860 0.296251 1 6 1.000000
flash
  6 5.224999 -0.984683 68.293465 0.099168 0.074658 -0.992266 0.058051 0.348078 1 6 1.000000
  6 5.289061 -1.108127 68.294128 0.219290 0.085256 -0.971928 0.061927 0.326059 1 6 1.000000
  6 5.238678 -1.297357 68.272659 0.091590 0.058001 -0.994106 0.039910 0.302794 1 6 1.000000
flash
  6 4.703831 -2.335899 68.395340 0.572518 -0.100067 0.813763 0.721143 0.546713 1 6 1.000000
  6 4.881870 -2.274013 68.315117 0.374920 -0.065714 0.924725 0.720617 0.513323 1 6 1.000000
  6 4.904547 -2.032866 68.323242 0.369034 -0.077092 0.926213 0.684648 0.500755 1 6 1.000000
flash
  6 4.881870 -2.274013 68.315117 0.374920 -0.065714 0.924725 0.720617 0.513323 1 6 1.000000
  6 5.053882 -1.986825 68.282463 0.216483 -0.056378 0.974657 0.684089 0.474800 1 6 1.000000
  6 4.904547 -2.032866 68.323242 0.369034 -0.077092 0.926213 0.684648 0.500755 1 6 1.000000
flash
  6 4.904547 -2.032866 68.323242 0.369034 -0.077092 0.926213 0.684648 0.500755 1 6 1.000000
  6 5.053882 -1.986825 68.282463 0.216483 -0.056378 0.974657 0.684089 0.474800 1 6 1.000000
  6 5.079271 -1.715791 68.294281 0.229717 -0.074094 0.970433 0.643089 0.461376 1 6 1.000000
flash
  6 5.053882 -1.986825 68.282463 0.216483 -0.056378 0.974657 0.684089 0.474800 1 6 1.000000
  6 5.213548 -1.709498 68.272911 0.157700 -0.066583 0.985240 0.647129 0.440180 1 6 1.000000
  6 5.079271 -1.715791 68.294281 0.229717 -0.074094 0.970433 0.643089 0.461376 1 6 1.000000
flash
  6 5.206152 -1.343690 68.301682 0.149235 -0.098538 0.983880 0.590237 0.429077 1 6 1.000000
  6 5.079271 -1.715791 68.294281 0.229717 -0.074094 0.970433 0.643089 0.461376 1 6 1.000000
  6 5.213548 -1.709498 68.272911 0.157700 -0.066583 0.985240 0.647129 0.440180 1 6 1.000000
flash
  6 5.213548 -1.709498 68.272911 0.157700 -0.066583 0.985240 0.647129 0.440180 1 6 1.000000
  6 5.252192 -1.295308 68.300179 0.051374 -0.105454 0.993096 0.584346 0.420309 1 6 1.000000
  6 5.206152 -1.343690 68.301682 0.149235 -0.098538 0.983880 0.590237 0.429077 1 6 1.000000
flash
  6 5.213548 -1.709498 68.272911 0.157700 -0.066583 0.985240 0.647129 0.440180 1 6 1.000000
  6 5.254888 -1.443754 68.287369 0.160422 -0.081992 0.983637 0.607440 0.424786 1 6 1.000000
  6 5.252192 -1.295308 68.300179 0.051374 -0.105454 0.993096 0.584346 0.420309 1 6 1.000000
flash
  6 5.320307 -1.197247 68.313400 -0.059783 -0.123571 0.990533 0.571225 0.406357 1 6 1.000000
  6 5.252192 -1.295308 68.300179 0.051374 -0.105454 0.993096 0.584346 0.420309 1 6 1.000000
  6 5.254888 -1.443754 68.287369 0.160422 -0.081992 0.983637 0.607440 0.424786 1 6 1.000000
flash
  6 5.053882 -1.986825 68.282463 0.216483 -0.056378 0.974657 0.684089 0.474800 1 6 1.000000
  6 5.185376 -1.944867 68.264473 0.152480 -0.051252 0.986977 0.683772 0.452333 1 6 1.000000
  6 5.213548 -1.709498 68.272911 0.157700 -0.066583 0.985240 0.647129 0.440180 1 6 1.000000
flash
  6 5.033328 -2.215093 68.275276 0.242700 -0.053130 0.968645 0.719458 0.485995 1 6 1.000000
  6 5.185376 -1.944867 68.264473 0.152480 -0.051252 0.986977 0.683772 0.452333 1 6 1.000000
  6 5.053882 -1.986825 68.282463 0.216483 -0.056378 0.974657 0.684089 0.474800 1 6 1.000000
flash
  6 4.881870 -2.274013 68.315117 0.374920 -0.065714 0.924725 0.720617 0.513323 1 6 1.000000
  6 5.033328 -2.215093 68.275276 0.242700 -0.053130 0.968645 0.719458 0.485995 1 6 1.000000
  6 5.053882 -1.986825 68.282463 0.216483 -0.056378 0.974657 0.684089 0.474800 1 6 1.000000
flash
  6 5.033328 -2.215093 68.275276 0.242700 -0.053130 0.968645 0.719458 0.485995 1 6 1.000000
  6 5.135825 -2.118120 68.263420 0.164193 -0.052824 0.985013 0.717999 0.462663 1 6 1.000000
  6 5.185376 -1.944867 68.264473 0.152480 -0.051252 0.986977 0.683772 0.452333 1 6 1.000000
flash
  6 4.766332 -1.506173 68.789322 0.839056 -0.196935 -0.507150 0.571435 0.559061 1 6 1.000000
  6 4.863763 -1.009555 68.674988 0.965012 -0.261845 -0.013743 0.510141 0.501525 1 6 1.000000
  6 4.892499 -1.012221 68.797127 0.874541 -0.216516 -0.433934 0.500213 0.520564 1 6 1.000000
flash
  6 4.766332 -1.506173 68.789322 0.839056 -0.196935 -0.507150 0.571435 0.559061 1 6 1.000000
  6 4.730662 -1.481375 68.663391 0.965123 -0.257775 -0.045714 0.578004 0.537602 1 6 1.000000
  6 4.863763 -1.009555 68.674988 0.965012 -0.261845 -0.013743 0.510141 0.501525 1 6 1.000000
flash
  6 4.663536 -1.934716 68.782242 0.808191 -0.160291 -0.566686 0.633209 0.592004 1 6 1.000000
  6 4.730662 -1.481375 68.663391 0.965123 -0.257775 -0.045714 0.578004 0.537602 1 6 1.000000
  6 4.766332 -1.506173 68.789322 0.839056 -0.196935 -0.507150 0.571435 0.559061 1 6 1.000000
flash
  6 4.663536 -1.934716 68.782242 0.808191 -0.160291 -0.566686 0.633209 0.592004 1 6 1.000000
  6 4.621578 -1.893486 68.653290 0.971344 -0.229470 -0.061924 0.637277 0.568652 1 6 1.000000
  6 4.730662 -1.481375 68.663391 0.965123 -0.257775 -0.045714 0.578004 0.537602 1 6 1.000000
flash
  6 4.599692 -2.254248 68.776352 0.790984 -0.128695 -0.598148 0.679238 0.615690 1 6 1.000000
  6 4.621578 -1.893486 68.653290 0.971344 -0.229470 -0.061924 0.637277 0.568652 1 6 1.000000
  6 4.663536 -1.934716 68.782242 0.808191 -0.160291 -0.566686 0.633209 0.592004 1 6 1.000000
flash
  6 4.599692 -2.254248 68.776352 0.790984 -0.128695 -0.598148 0.679238 0.615690 1 6 1.000000
  6 4.552513 -2.206067 68.645653 0.979970 -0.189631 -0.060819 0.682231 0.591321 1 6 1.000000
  6 4.621578 -1.893486 68.653290 0.971344 -0.229470 -0.061924 0.637277 0.568652 1 6 1.000000
flash
  6 4.559220 -2.508370 68.771187 0.761853 -0.113027 -0.637812 0.715820 0.633823 1 6 1.000000
  6 4.552513 -2.206067 68.645653 0.979970 -0.189631 -0.060819 0.682231 0.591321 1 6 1.000000
  6 4.599692 -2.254248 68.776352 0.790984 -0.128695 -0.598148 0.679238 0.615690 1 6 1.000000
flash
  6 4.559220 -2.508370 68.771187 0.761853 -0.113027 -0.637812 0.715820 0.633823 1 6 1.000000
  6 4.507458 -2.458934 68.639496 0.974621 -0.168539 -0.147340 0.718594 0.608962 1 6 1.000000
  6 4.552513 -2.206067 68.645653 0.979970 -0.189631 -0.060819 0.682231 0.591321 1 6 1.000000
flash
  6 4.507458 -2.458934 68.639496 0.974621 -0.168539 -0.147340 0.718594 0.608962 1 6 1.000000
  6 4.602374 -2.149986 68.515236 0.837025 -0.174894 0.518460 0.684347 0.563928 1 6 1.000000
  6 4.552513 -2.206067 68.645653 0.979970 -0.189631 -0.060819 0.682231 0.591321 1 6 1.000000
flash
  6 4.507458 -2.458934 68.639496 0.974621 -0.168539 -0.147340 0.718594 0.608962 1 6 1.000000
  6 4.559603 -2.400532 68.508125 0.865693 -0.156912 0.475346 0.720564 0.580503 1 6 1.000000
  6 4.602374 -2.149986 68.515236 0.837025 -0.174894 0.518460 0.684347 0.563928 1 6 1.000000
flash
  6 4.559603 -2.400532 68.508125 0.865693 -0.156912 0.475346 0.720564 0.580503 1 6 1.000000
  6 4.737243 -2.089377 68.403168 0.567808 -0.117324 0.814757 0.684985 0.532086 1 6 1.000000
  6 4.602374 -2.149986 68.515236 0.837025 -0.174894 0.518460 0.684347 0.563928 1 6 1.000000
flash
  6 4.559603 -2.400532 68.508125 0.865693 -0.156912 0.475346 0.720564 0.580503 1 6 1.000000
  6 4.703831 -2.335899 68.395340 0.572518 -0.100067 0.813763 0.721143 0.546713 1 6 1.000000
  6 4.737243 -2.089377 68.403168 0.567808 -0.117324 0.814757 0.684985 0.532086 1 6 1.000000
flash
  6 4.703831 -2.335899 68.395340 0.572518 -0.100067 0.813763 0.721143 0.546713 1 6 1.000000
  6 4.904547 -2.032866 68.323242 0.369034 -0.077092 0.926213 0.684648 0.500755 1 6 1.000000
  6 4.737243 -2.089377 68.403168 0.567808 -0.117324 0.814757 0.684985 0.532086 1 6 1.000000
flash
  6 4.737243 -2.089377 68.403168 0.567808 -0.117324 0.814757 0.684985 0.532086 1 6 1.000000
  6 4.904547 -2.032866 68.323242 0.369034 -0.077092 0.926213 0.684648 0.500755 1 6 1.000000
  6 4.940942 -1.749672 68.334976 0.395293 -0.101701 0.912908 0.642543 0.485083 1 6 1.000000
flash
  6 4.904547 -2.032866 68.323242 0.369034 -0.077092 0.926213 0.684648 0.500755 1 6 1.000000
  6 5.079271 -1.715791 68.294281 0.229717 -0.074094 0.970433 0.643089 0.461376 1 6 1.000000
  6 4.940942 -1.749672 68.334976 0.395293 -0.101701 0.912908 0.642543 0.485083 1 6 1.000000
flash
  6 5.116049 -1.374857 68.314095 0.243728 -0.097168 0.964964 0.591766 0.444286 1 6 1.000000
  6 4.940942 -1.749672 68.334976 0.395293 -0.101701 0.912908 0.642543 0.485083 1 6 1.000000
  6 5.079271 -1.715791 68.294281 0.229717 -0.074094 0.970433 0.643089 0.461376 1 6 1.000000
flash
  6 5.206152 -1.343690 68.301682 0.149235 -0.098538 0.983880 0.590237 0.429077 1 6 1.000000
  6 5.116049 -1.374857 68.314095 0.243728 -0.097168 0.964964 0.591766 0.444286 1 6 1.000000
  6 5.079271 -1.715791 68.294281 0.229717 -0.074094 0.970433 0.643089 0.461376 1 6 1.000000
flash
  6 5.265161 -0.964204 68.341629 -0.100050 -0.138177 0.985341 0.533195 0.407280 1 6 1.000000
  6 5.116049 -1.374857 68.314095 0.243728 -0.097168 0.964964 0.591766 0.444286 1 6 1.000000
  6 5.206152 -1.343690 68.301682 0.149235 -0.098538 0.983880 0.590237 0.429077 1 6 1.000000
flash
  6 4.730662 -1.481375 68.663391 0.965123 -0.257775 -0.045714 0.578004 0.537602 1 6 1.000000
  6 4.892505 -1.006340 68.552856 0.869557 -0.256356 0.422081 0.519096 0.481462 1 6 1.000000
  6 4.863763 -1.009555 68.674988 0.965012 -0.261845 -0.013743 0.510141 0.501525 1 6 1.000000
flash
  6 4.730662 -1.481375 68.663391 0.965123 -0.257775 -0.045714 0.578004 0.537602 1 6 1.000000
  6 4.768826 -1.452889 68.537598 0.862366 -0.243240 0.444027 0.583613 0.514408 1 6 1.000000
  6 4.892505 -1.006340 68.552856 0.869557 -0.256356 0.422081 0.519096 0.481462 1 6 1.000000
flash
  6 4.621578 -1.893486 68.653290 0.971344 -0.229470 -0.061924 0.637277 0.568652 1 6 1.000000
  6 4.768826 -1.452889 68.537598 0.862366 -0.243240 0.444027 0.583613 0.514408 1 6 1.000000
  6 4.730662 -1.481375 68.663391 0.965123 -0.257775 -0.045714 0.578004 0.537602 1 6 1.000000
flash
  6 4.621578 -1.893486 68.653290 0.971344 -0.229470 -0.061924 0.637277 0.568652 1 6 1.000000
  6 4.667212 -1.845983 68.524559 0.849801 -0.214208 0.481614 0.640412 0.542889 1 6 1.000000
  6 4.768826 -1.452889 68.537598 0.862366 -0.243240 0.444027 0.583613 0.514408 1 6 1.000000
flash
  6 4.552513 -2.206067 68.645653 0.979970 -0.189631 -0.060819 0.682231 0.591321 1 6 1.000000
  6 4.667212 -1.845983 68.524559 0.849801 -0.214208 0.481614 0.640412 0.542889 1 6 1.000000
  6 4.621578 -1.893486 68.653290 0.971344 -0.229470 -0.061924 0.637277 0.568652 1 6 1.000000
flash
  6 4.552513 -2.206067 68.645653 0.979970 -0.189631 -0.060819 0.682231 0.591321 1 6 1.000000
  6 4.602374 -2.149986 68.515236 0.837025 -0.174894 0.518460 0.684347 0.563928 1 6 1.000000
  6 4.667212 -1.845983 68.524559 0.849801 -0.214208 0.481614 0.640412 0.542889 1 6 1.000000
flash
  6 4.602374 -2.149986 68.515236 0.837025 -0.174894 0.518460 0.684347 0.563928 1 6 1.000000
  6 4.789075 -1.795583 68.413948 0.600514 -0.151195 0.785190 0.641980 0.513628 1 6 1.000000
  6 4.667212 -1.845983 68.524559 0.849801 -0.214208 0.481614 0.640412 0.542889 1 6 1.000000
flash
  6 4.602374 -2.149986 68.515236 0.837025 -0.174894 0.518460 0.684347 0.563928 1 6 1.000000
  6 4.737243 -2.089377 68.403168 0.567808 -0.117324 0.814757 0.684985 0.532086 1 6 1.000000
  6 4.789075 -1.795583 68.413948 0.600514 -0.151195 0.785190 0.641980 0.513628 1 6 1.000000
flash
  6 4.737243 -2.089377 68.403168 0.567808 -0.117324 0.814757 0.684985 0.532086 1 6 1.000000
  6 4.940942 -1.749672 68.334976 0.395293 -0.101701 0.912908 0.642543 0.485083 1 6 1.000000
  6 4.789075 -1.795583 68.413948 0.600514 -0.151195 0.785190 0.641980 0.513628 1 6 1.000000
flash
  6 4.789075 -1.795583 68.413948 0.600514 -0.151195 0.785190 0.641980 0.513628 1 6 1.000000
  6 4.940942 -1.749672 68.334976 0.395293 -0.101701 0.912908 0.642543 0.485083 1 6 1.000000
  6 5.000204 -1.396400 68.352737 0.432358 -0.125099 0.892982 0.590211 0.464239 1 6 1.000000
flash
  6 5.116049 -1.374857 68.314095 0.243728 -0.097168 0.964964 0.591766 0.444286 1 6 1.000000
  6 5.000204 -1.396400 68.352737 0.432358 -0.125099 0.892982 0.590211 0.464239 1 6 1.000000
  6 4.940942 -1.749672 68.334976 0.395293 -0.101701 0.912908 0.642543 0.485083 1 6 1.000000
flash
  6 5.167003 -0.996199 68.338936 0.142881 -0.086264 0.985973 0.534999 0.424035 1 6 1.000000
  6 5.000204 -1.396400 68.352737 0.432358 -0.125099 0.892982 0.590211 0.464239 1 6 1.000000
  6 5.116049 -1.374857 68.314095 0.243728 -0.097168 0.964964 0.591766 0.444286 1 6 1.000000
flash
  6 5.265161 -0.964204 68.341629 -0.100050 -0.138177 0.985341 0.533195 0.407280 1 6 1.000000
  6 5.167003 -0.996199 68.338936 0.142881 -0.086264 0.985973 0.534999 0.424035 1 6 1.000000
  6 5.116049 -1.374857 68.314095 0.243728 -0.097168 0.964964 0.591766 0.444286 1 6 1.000000
flash
  6 4.768826 -1.452889 68.537598 0.862366 -0.243240 0.444027 0.583613 0.514408 1 6 1.000000
  6 4.972577 -1.003160 68.448341 0.674487 -0.201875 0.710150 0.526299 0.460115 1 6 1.000000
  6 4.892505 -1.006340 68.552856 0.869557 -0.256356 0.422081 0.519096 0.481462 1 6 1.000000
flash
  6 4.768826 -1.452889 68.537598 0.862366 -0.243240 0.444027 0.583613 0.514408 1 6 1.000000
  6 4.871612 -1.423007 68.429657 0.640448 -0.180301 0.746537 0.587563 0.488787 1 6 1.000000
  6 4.972577 -1.003160 68.448341 0.674487 -0.201875 0.710150 0.526299 0.460115 1 6 1.000000
flash
  6 4.667212 -1.845983 68.524559 0.849801 -0.214208 0.481614 0.640412 0.542889 1 6 1.000000
  6 4.871612 -1.423007 68.429657 0.640448 -0.180301 0.746537 0.587563 0.488787 1 6 1.000000
  6 4.768826 -1.452889 68.537598 0.862366 -0.243240 0.444027 0.583613 0.514408 1 6 1.000000
flash
  6 4.667212 -1.845983 68.524559 0.849801 -0.214208 0.481614 0.640412 0.542889 1 6 1.000000
  6 4.789075 -1.795583 68.413948 0.600514 -0.151195 0.785190 0.641980 0.513628 1 6 1.000000
  6 4.871612 -1.423007 68.429657 0.640448 -0.180301 0.746537 0.587563 0.488787 1 6 1.000000
flash
  6 4.789075 -1.795583 68.413948 0.600514 -0.151195 0.785190 0.641980 0.513628 1 6 1.000000
  6 5.000204 -1.396400 68.352737 0.432358 -0.125099 0.892982 0.590211 0.464239 1 6 1.000000
  6 4.871612 -1.423007 68.429657 0.640448 -0.180301 0.746537 0.587563 0.488787 1 6 1.000000
flash
  6 4.871612 -1.423007 68.429657 0.640448 -0.180301 0.746537 0.587563 0.488787 1 6 1.000000
  6 5.000204 -1.396400 68.352737 0.432358 -0.125099 0.892982 0.590211 0.464239 1 6 1.000000
  6 5.073184 -1.001082 68.374092 0.456713 -0.140700 0.878417 0.531742 0.440291 1 6 1.000000
flash
  6 5.167003 -0.996199 68.338936 0.142881 -0.086264 0.985973 0.534999 0.424035 1 6 1.000000
  6 5.073184 -1.001082 68.374092 0.456713 -0.140700 0.878417 0.531742 0.440291 1 6 1.000000
  6 5.000204 -1.396400 68.352737 0.432358 -0.125099 0.892982 0.590211 0.464239 1 6 1.000000
flash
  6 4.871612 -1.423007 68.429657 0.640448 -0.180301 0.746537 0.587563 0.488787 1 6 1.000000
  6 5.073184 -1.001082 68.374092 0.456713 -0.140700 0.878417 0.531742 0.440291 1 6 1.000000
  6 4.972577 -1.003160 68.448341 0.674487 -0.201875 0.710150 0.526299 0.460115 1 6 1.000000
flash
  6 5.265161 -0.964204 68.341629 -0.100050 -0.138177 0.985341 0.533195 0.407280 1 6 1.000000
  6 5.206152 -1.343690 68.301682 0.149235 -0.098538 0.983880 0.590237 0.429077 1 6 1.000000
  6 5.252192 -1.295308 68.300179 0.051374 -0.105454 0.993096 0.584346 0.420309 1 6 1.000000
flash
  6 5.265161 -0.964204 68.341629 -0.100050 -0.138177 0.985341 0.533195 0.407280 1 6 1.000000
  6 5.252192 -1.295308 68.300179 0.051374 -0.105454 0.993096 0.584346 0.420309 1 6 1.000000
  6 5.303009 -1.106883 68.323807 -0.109767 -0.142486 0.983691 0.556616 0.406069 1 6 1.000000
flash
  6 5.320307 -1.197247 68.313400 -0.059783 -0.123571 0.990533 0.571225 0.406357 1 6 1.000000
  6 5.303009 -1.106883 68.323807 -0.109767 -0.142486 0.983691 0.556616 0.406069 1 6 1.000000
  6 5.252192 -1.295308 68.300179 0.051374 -0.105454 0.993096 0.584346 0.420309 1 6 1.000000
flash
  6 5.320307 -1.197247 68.313400 -0.059783 -0.123571 0.990533 0.571225 0.406357 1 6 1.000000
  6 5.395068 -0.953565 68.368759 -0.294260 -0.218914 0.930316 0.535145 0.385710 1 6 1.000000
  6 5.303009 -1.106883 68.323807 -0.109767 -0.142486 0.983691 0.556616 0.406069 1 6 1.000000
flash
  6 5.320307 -1.197247 68.313400 -0.059783 -0.123571 0.990533 0.571225 0.406357 1 6 1.000000
  6 5.408889 -1.013701 68.359024 -0.202519 -0.201935 0.958232 0.545005 0.385596 1 6 1.000000
  6 5.395068 -0.953565 68.368759 -0.294260 -0.218914 0.930316 0.535145 0.385710 1 6 1.000000
flash
  6 5.408889 -1.013701 68.359024 -0.202519 -0.201935 0.958232 0.545005 0.385596 1 6 1.000000
  6 5.488900 -0.852889 68.443390 -0.628604 -0.250703 0.736210 0.521218 0.363205 1 6 1.000000
  6 5.395068 -0.953565 68.368759 -0.294260 -0.218914 0.930316 0.535145 0.385710 1 6 1.000000
flash
  6 5.408889 -1.013701 68.359024 -0.202519 -0.201935 0.958232 0.545005 0.385596 1 6 1.000000
  6 5.496013 -0.895381 68.434929 -0.553473 -0.249610 0.794583 0.528142 0.363576 1 6 1.000000
  6 5.488900 -0.852889 68.443390 -0.628604 -0.250703 0.736210 0.521218 0.363205 1 6 1.000000
flash
  6 5.496013 -0.895381 68.434929 -0.553473 -0.249610 0.794583 0.528142 0.363576 1 6 1.000000
  6 5.549797 -0.801123 68.552261 -0.904622 -0.211055 0.370290 0.513012 0.341054 1 6 1.000000
  6 5.488900 -0.852889 68.443390 -0.628604 -0.250703 0.736210 0.521218 0.363205 1 6 1.000000
flash
  6 5.496013 -0.895381 68.434929 -0.553473 -0.249610 0.794583 0.528142 0.363576 1 6 1.000000
  6 5.555206 -0.833662 68.547058 -0.886669 -0.213857 0.409980 0.518287 0.341243 1 6 1.000000
  6 5.549797 -0.801123 68.552261 -0.904622 -0.211055 0.370290 0.513012 0.341054 1 6 1.000000
flash
  6 5.555206 -0.833662 68.547058 -0.886669 -0.213857 0.409980 0.518287 0.341243 1 6 1.000000
  6 5.570302 -0.788906 68.680290 -0.979406 -0.201841 -0.004848 0.508790 0.319284 1 6 1.000000
  6 5.549797 -0.801123 68.552261 -0.904622 -0.211055 0.370290 0.513012 0.341054 1 6 1.000000
flash
  6 5.555206 -0.833662 68.547058 -0.886669 -0.213857 0.409980 0.518287 0.341243 1 6 1.000000
  6 5.576293 -0.817780 68.679588 -0.979157 -0.203046 -0.004819 0.513400 0.318664 1 6 1.000000
  6 5.570302 -0.788906 68.680290 -0.979406 -0.201841 -0.004848 0.508790 0.319284 1 6 1.000000
flash
  6 5.570302 -0.788906 68.680290 -0.979406 -0.201841 -0.004848 0.508790 0.319284 1 6 1.000000
  6 5.576293 -0.817780 68.679588 -0.979157 -0.203046 -0.004819 0.513400 0.318664 1 6 1.000000
  6 5.555211 -0.840029 68.811218 -0.886652 -0.193157 -0.420164 0.512151 0.295596 1 6 1.000000
flash
  6 5.570302 -0.788906 68.680290 -0.979406 -0.201841 -0.004848 0.508790 0.319284 1 6 1.000000
  6 5.555211 -0.840029 68.811218 -0.886652 -0.193157 -0.420164 0.512151 0.295596 1 6 1.000000
  6 5.549800 -0.807276 68.807571 -0.904671 -0.192994 -0.379899 0.507112 0.297172 1 6 1.000000
flash
  6 5.549800 -0.807276 68.807571 -0.904671 -0.192994 -0.379899 0.507112 0.297172 1 6 1.000000
  6 5.555211 -0.840029 68.811218 -0.886652 -0.193157 -0.420164 0.512151 0.295596 1 6 1.000000
  6 5.496047 -0.907072 68.920242 -0.544494 -0.210703 -0.811868 0.515759 0.271460 1 6 1.000000
flash
  6 5.549800 -0.807276 68.807571 -0.904671 -0.192994 -0.379899 0.507112 0.297172 1 6 1.000000
  6 5.496047 -0.907072 68.920242 -0.544494 -0.210703 -0.811868 0.515759 0.271460 1 6 1.000000
  6 5.488915 -0.864222 68.913841 -0.625221 -0.214751 -0.750320 0.509177 0.273644 1 6 1.000000
flash
  6 5.488915 -0.864222 68.913841 -0.625221 -0.214751 -0.750320 0.509177 0.273644 1 6 1.000000
  6 5.496047 -0.907072 68.920242 -0.544494 -0.210703 -0.811868 0.515759 0.271460 1 6 1.000000
  6 5.409005 -1.036103 68.990181 -0.162991 -0.140753 -0.976536 0.527217 0.245254 1 6 1.000000
flash
  6 5.488915 -0.864222 68.913841 -0.625221 -0.214751 -0.750320 0.509177 0.273644 1 6 1.000000
  6 5.409005 -1.036103 68.990181 -0.162991 -0.140753 -0.976536 0.527217 0.245254 1 6 1.000000
  6 5.395127 -0.972766 68.983414 -0.280725 -0.161330 -0.946132 0.517282 0.247945 1 6 1.000000
flash
  6 5.395127 -0.972766 68.983414 -0.280725 -0.161330 -0.946132 0.517282 0.247945 1 6 1.000000
  6 5.409005 -1.036103 68.990181 -0.162991 -0.140753 -0.976536 0.527217 0.245254 1 6 1.000000
  6 5.320580 -1.272064 69.025681 -0.023450 -0.054591 -0.998233 0.554072 0.214635 1 6 1.000000
flash
  6 5.303009 -1.106883 68.323807 -0.109767 -0.142486 0.983691 0.556616 0.406069 1 6 1.000000
  6 5.378941 -0.889335 68.379181 -0.334559 -0.225921 0.914893 0.524571 0.386050 1 6 1.000000
  6 5.265161 -0.964204 68.341629 -0.100050 -0.138177 0.985341 0.533195 0.407280 1 6 1.000000
flash
  6 5.303009 -1.106883 68.323807 -0.109767 -0.142486 0.983691 0.556616 0.406069 1 6 1.000000
  6 5.395068 -0.953565 68.368759 -0.294260 -0.218914 0.930316 0.535145 0.385710 1 6 1.000000
  6 5.378941 -0.889335 68.379181 -0.334559 -0.225921 0.914893 0.524571 0.386050 1 6 1.000000
flash
  6 5.395068 -0.953565 68.368759 -0.294260 -0.218914 0.930316 0.535145 0.385710 1 6 1.000000
  6 5.481787 -0.810399 68.451836 -0.680677 -0.251157 0.688185 0.514294 0.362834 1 6 1.000000
  6 5.378941 -0.889335 68.379181 -0.334559 -0.225921 0.914893 0.524571 0.386050 1 6 1.000000
flash
  6 5.395068 -0.953565 68.368759 -0.294260 -0.218914 0.930316 0.535145 0.385710 1 6 1.000000
  6 5.488900 -0.852889 68.443390 -0.628604 -0.250703 0.736210 0.521218 0.363205 1 6 1.000000
  6 5.481787 -0.810399 68.451836 -0.680677 -0.251157 0.688185 0.514294 0.362834 1 6 1.000000
flash
  6 5.488900 -0.852889 68.443390 -0.628604 -0.250703 0.736210 0.521218 0.363205 1 6 1.000000
  6 5.544392 -0.768584 68.557472 -0.919644 -0.208214 0.333020 0.507736 0.340865 1 6 1.000000
  6 5.481787 -0.810399 68.451836 -0.680677 -0.251157 0.688185 0.514294 0.362834 1 6 1.000000
flash
  6 5.488900 -0.852889 68.443390 -0.628604 -0.250703 0.736210 0.521218 0.363205 1 6 1.000000
  6 5.549797 -0.801123 68.552261 -0.904622 -0.211055 0.370290 0.513012 0.341054 1 6 1.000000
  6 5.544392 -0.768584 68.557472 -0.919644 -0.208214 0.333020 0.507736 0.340865 1 6 1.000000
flash
  6 5.549797 -0.801123 68.552261 -0.904622 -0.211055 0.370290 0.513012 0.341054 1 6 1.000000
  6 5.564312 -0.760035 68.680984 -0.979714 -0.200341 -0.004800 0.504181 0.319904 1 6 1.000000
  6 5.544392 -0.768584 68.557472 -0.919644 -0.208214 0.333020 0.507736 0.340865 1 6 1.000000
flash
  6 5.549797 -0.801123 68.552261 -0.904622 -0.211055 0.370290 0.513012 0.341054 1 6 1.000000
  6 5.570302 -0.788906 68.680290 -0.979406 -0.201841 -0.004848 0.508790 0.319284 1 6 1.000000
  6 5.564312 -0.760035 68.680984 -0.979714 -0.200341 -0.004800 0.504181 0.319904 1 6 1.000000
flash
  6 5.564312 -0.760035 68.680984 -0.979714 -0.200341 -0.004800 0.504181 0.319904 1 6 1.000000
  6 5.570302 -0.788906 68.680290 -0.979406 -0.201841 -0.004848 0.508790 0.319284 1 6 1.000000
  6 5.549800 -0.807276 68.807571 -0.904671 -0.192994 -0.379899 0.507112 0.297172 1 6 1.000000
flash
  6 5.564312 -0.760035 68.680984 -0.979714 -0.200341 -0.004800 0.504181 0.319904 1 6 1.000000
  6 5.549800 -0.807276 68.807571 -0.904671 -0.192994 -0.379899 0.507112 0.297172 1 6 1.000000
  6 5.544392 -0.774525 68.803955 -0.919662 -0.191885 -0.342640 0.502073 0.298749 1 6 1.000000
flash
  6 5.544392 -0.774525 68.803955 -0.919662 -0.191885 -0.342640 0.502073 0.298749 1 6 1.000000
  6 5.549800 -0.807276 68.807571 -0.904671 -0.192994 -0.379899 0.507112 0.297172 1 6 1.000000
  6 5.488915 -0.864222 68.913841 -0.625221 -0.214751 -0.750320 0.509177 0.273644 1 6 1.000000
flash
  6 5.544392 -0.774525 68.803955 -0.919662 -0.191885 -0.342640 0.502073 0.298749 1 6 1.000000
  6 5.488915 -0.864222 68.913841 -0.625221 -0.214751 -0.750320 0.509177 0.273644 1 6 1.000000
  6 5.481787 -0.821374 68.907440 -0.679983 -0.216595 -0.700507 0.502596 0.275829 1 6 1.000000
flash
  6 5.481787 -0.821374 68.907440 -0.679983 -0.216595 -0.700507 0.502596 0.275829 1 6 1.000000
  6 5.488915 -0.864222 68.913841 -0.625221 -0.214751 -0.750320 0.509177 0.273644 1 6 1.000000
  6 5.395127 -0.972766 68.983414 -0.280725 -0.161330 -0.946132 0.517282 0.247945 1 6 1.000000
flash
  6 5.481787 -0.821374 68.907440 -0.679983 -0.216595 -0.700507 0.502596 0.275829 1 6 1.000000
  6 5.395127 -0.972766 68.983414 -0.280725 -0.161330 -0.946132 0.517282 0.247945 1 6 1.000000
  6 5.378941 -0.903706 68.976204 -0.342001 -0.165004 -0.925099 0.506375 0.250723 1 6 1.000000
flash
  6 5.378941 -0.903706 68.976204 -0.342001 -0.165004 -0.925099 0.506375 0.250723 1 6 1.000000
  6 5.395127 -0.972766 68.983414 -0.280725 -0.161330 -0.946132 0.517282 0.247945 1 6 1.000000
  6 5.303174 -1.163181 69.020065 -0.098907 -0.070566 -0.992591 0.537522 0.220081 1 6 1.000000
flash
  6 5.378941 -0.903706 68.976204 -0.342001 -0.165004 -0.925099 0.506375 0.250723 1 6 1.000000
  6 5.303174 -1.163181 69.020065 -0.098907 -0.070566 -0.992591 0.537522 0.220081 1 6 1.000000
  6 5.265152 -0.980283 69.010109 -0.122647 -0.073551 -0.989721 0.509084 0.227969 1 6 1.000000
flash
  6 -4.867740 1.745906 68.551704 0.000830 0.999810 0.019489 0.729104 0.630555 1 6 1.000000
  6 -4.884765 1.744577 68.620941 -0.000840 0.999792 0.020396 0.727987 0.619394 1 6 1.000000
  6 -4.867644 1.744398 68.628845 0.000852 0.999780 0.020938 0.730828 0.618543 1 6 1.000000
flash
  6 -4.867740 1.745906 68.551704 0.000830 0.999810 0.019489 0.729104 0.630555 1 6 1.000000
  6 -4.892561 1.745644 68.566589 0.000134 0.999808 0.019611 0.725568 0.627688 1 6 1.000000
  6 -4.884765 1.744577 68.620941 -0.000840 0.999792 0.020396 0.727987 0.619394 1 6 1.000000
flash
  6 -4.913655 1.744753 68.607780 -0.004329 0.999777 0.020680 0.723196 0.620803 1 6 1.000000
  6 -4.884765 1.744577 68.620941 -0.000840 0.999792 0.020396 0.727987 0.619394 1 6 1.000000
  6 -4.892561 1.745644 68.566589 0.000134 0.999808 0.019611 0.725568 0.627688 1 6 1.000000
flash
  6 -4.932747 1.741433 68.741287 -0.011794 0.999640 0.024093 0.723182 0.599584 1 6 1.000000
  6 -4.908975 1.742913 68.691643 -0.008760 0.999681 0.023690 0.725784 0.607844 1 6 1.000000
  6 -4.927705 1.743227 68.669235 -0.010636 0.999681 0.022902 0.722370 0.610918 1 6 1.000000
flash
  6 -4.913655 1.744753 68.607780 -0.004329 0.999777 0.020680 0.723196 0.620803 1 6 1.000000
  6 -4.927705 1.743227 68.669235 -0.010636 0.999681 0.022902 0.722370 0.610918 1 6 1.000000
  6 -4.908975 1.742913 68.691643 -0.008760 0.999681 0.023690 0.725784 0.607844 1 6 1.000000
flash
  6 -4.913655 1.744753 68.607780 -0.004329 0.999777 0.020680 0.723196 0.620803 1 6 1.000000
  6 -4.908975 1.742913 68.691643 -0.008760 0.999681 0.023690 0.725784 0.607844 1 6 1.000000
  6 -4.894896 1.743696 68.662048 -0.003799 0.999748 0.022117 0.727320 0.612767 1 6 1.000000
flash
  6 -4.913655 1.744753 68.607780 -0.004329 0.999777 0.020680 0.723196 0.620803 1 6 1.000000
  6 -4.894896 1.743696 68.662048 -0.003799 0.999748 0.022117 0.727320 0.612767 1 6 1.000000
  6 -4.884765 1.744577 68.620941 -0.000840 0.999792 0.020396 0.727987 0.619394 1 6 1.000000
flash
  6 -4.867575 1.741953 68.741302 0.001025 0.999709 0.024093 0.733331 0.601029 1 6 1.000000
  6 -4.884765 1.744577 68.620941 -0.000840 0.999792 0.020396 0.727987 0.619394 1 6 1.000000
  6 -4.894896 1.743696 68.662048 -0.003799 0.999748 0.022117 0.727320 0.612767 1 6 1.000000
flash
  6 -4.867575 1.741953 68.741302 0.001025 0.999709 0.024093 0.733331 0.601029 1 6 1.000000
  6 -4.867644 1.744398 68.628845 0.000852 0.999780 0.020938 0.730828 0.618543 1 6 1.000000
  6 -4.884765 1.744577 68.620941 -0.000840 0.999792 0.020396 0.727987 0.619394 1 6 1.000000
flash
  6 -4.867575 1.741953 68.741302 0.001025 0.999709 0.024093 0.733331 0.601029 1 6 1.000000
  6 -4.850538 1.744548 68.620941 0.002626 0.999788 0.020406 0.733317 0.620151 1 6 1.000000
  6 -4.867644 1.744398 68.628845 0.000852 0.999780 0.020938 0.730828 0.618543 1 6 1.000000
flash
  6 -4.867740 1.745906 68.551704 0.000830 0.999810 0.019489 0.729104 0.630555 1 6 1.000000
  6 -4.867644 1.744398 68.628845 0.000852 0.999780 0.020938 0.730828 0.618543 1 6 1.000000
  6 -4.850538 1.744548 68.620941 0.002626 0.999788 0.020406 0.733317 0.620151 1 6 1.000000
flash
  6 -4.867740 1.745906 68.551704 0.000830 0.999810 0.019489 0.729104 0.630555 1 6 1.000000
  6 -4.850538 1.744548 68.620941 0.002626 0.999788 0.020406 0.733317 0.620151 1 6 1.000000
  6 -4.842879 1.745603 68.566597 0.001568 0.999806 0.019633 0.733305 0.628787 1 6 1.000000
flash
  6 -4.821741 1.744670 68.607796 0.006263 0.999766 0.020724 0.737510 0.622837 1 6 1.000000
  6 -4.842879 1.745603 68.566597 0.001568 0.999806 0.019633 0.733305 0.628787 1 6 1.000000
  6 -4.850538 1.744548 68.620941 0.002626 0.999788 0.020406 0.733317 0.620151 1 6 1.000000
flash
  6 -4.821741 1.744670 68.607796 0.006263 0.999766 0.020724 0.737510 0.622837 1 6 1.000000
  6 -4.850538 1.744548 68.620941 0.002626 0.999788 0.020406 0.733317 0.620151 1 6 1.000000
  6 -4.840358 1.743646 68.662064 0.005827 0.999737 0.022182 0.735814 0.613973 1 6 1.000000
flash
  6 -4.821741 1.744670 68.607796 0.006263 0.999766 0.020724 0.737510 0.622837 1 6 1.000000
  6 -4.840358 1.743646 68.662064 0.005827 0.999737 0.022182 0.735814 0.613973 1 6 1.000000
  6 -4.826330 1.742830 68.691658 0.010931 0.999657 0.023801 0.738654 0.609674 1 6 1.000000
flash
  6 -4.867575 1.741953 68.741302 0.001025 0.999709 0.024093 0.733331 0.601029 1 6 1.000000
  6 -4.826330 1.742830 68.691658 0.010931 0.999657 0.023801 0.738654 0.609674 1 6 1.000000
  6 -4.840358 1.743646 68.662064 0.005827 0.999737 0.022182 0.735814 0.613973 1 6 1.000000
flash
  6 -4.867575 1.741953 68.741302 0.001025 0.999709 0.024093 0.733331 0.601029 1 6 1.000000
  6 -4.829076 1.741664 68.741287 0.010646 0.999653 0.024092 0.739327 0.601883 1 6 1.000000
  6 -4.826330 1.742830 68.691658 0.010931 0.999657 0.023801 0.738654 0.609674 1 6 1.000000
flash
  6 -4.802734 1.741295 68.741272 0.014035 0.999611 0.024093 0.743429 0.602467 1 6 1.000000
  6 -4.826330 1.742830 68.691658 0.010931 0.999657 0.023801 0.738654 0.609674 1 6 1.000000
  6 -4.829076 1.741664 68.741287 0.010646 0.999653 0.024092 0.739327 0.601883 1 6 1.000000
flash
  6 -4.802734 1.741295 68.741272 0.014035 0.999611 0.024093 0.743429 0.602467 1 6 1.000000
  6 -4.807735 1.743108 68.669258 0.012783 0.999654 0.023001 0.741054 0.613575 1 6 1.000000
  6 -4.826330 1.742830 68.691658 0.010931 0.999657 0.023801 0.738654 0.609674 1 6 1.000000
flash
  6 -4.821741 1.744670 68.607796 0.006263 0.999766 0.020724 0.737510 0.622837 1 6 1.000000
  6 -4.826330 1.742830 68.691658 0.010931 0.999657 0.023801 0.738654 0.609674 1 6 1.000000
  6 -4.807735 1.743108 68.669258 0.012783 0.999654 0.023001 0.741054 0.613575 1 6 1.000000
flash
  6 -4.867575 1.741953 68.741302 0.001025 0.999709 0.024093 0.733331 0.601029 1 6 1.000000
  6 -4.894896 1.743696 68.662048 -0.003799 0.999748 0.022117 0.727320 0.612767 1 6 1.000000
  6 -4.908975 1.742913 68.691643 -0.008760 0.999681 0.023690 0.725784 0.607844 1 6 1.000000
flash
  6 -4.867575 1.741953 68.741302 0.001025 0.999709 0.024093 0.733331 0.601029 1 6 1.000000
  6 -4.840358 1.743646 68.662064 0.005827 0.999737 0.022182 0.735814 0.613973 1 6 1.000000
  6 -4.850538 1.744548 68.620941 0.002626 0.999788 0.020406 0.733317 0.620151 1 6 1.000000
flash
  6 -4.867575 1.741953 68.741302 0.001025 0.999709 0.024093 0.733331 0.601029 1 6 1.000000
  6 -4.840358 1.739827 68.820518 0.005847 0.999645 0.025998 0.739326 0.589292 1 6 1.000000
  6 -4.826330 1.740437 68.790916 0.010943 0.999643 0.024389 0.740855 0.594214 1 6 1.000000
flash
  6 -4.867575 1.741953 68.741302 0.001025 0.999709 0.024093 0.733331 0.601029 1 6 1.000000
  6 -4.826330 1.740437 68.790916 0.010943 0.999643 0.024389 0.740855 0.594214 1 6 1.000000
  6 -4.829076 1.741664 68.741287 0.010646 0.999653 0.024092 0.739327 0.601883 1 6 1.000000
flash
  6 -4.802734 1.741295 68.741272 0.014035 0.999611 0.024093 0.743429 0.602467 1 6 1.000000
  6 -4.829076 1.741664 68.741287 0.010646 0.999653 0.024092 0.739327 0.601883 1 6 1.000000
  6 -4.826330 1.740437 68.790916 0.010943 0.999643 0.024389 0.740855 0.594214 1 6 1.000000
flash
  6 -4.802734 1.741295 68.741272 0.014035 0.999611 0.024093 0.743429 0.602467 1 6 1.000000
  6 -4.826330 1.740437 68.790916 0.010943 0.999643 0.024389 0.740855 0.594214 1 6 1.000000
  6 -4.807735 1.739635 68.813301 0.012793 0.999601 0.025182 0.744247 0.591137 1 6 1.000000
flash
  6 -4.821741 1.738235 68.874756 0.006286 0.999603 0.027475 0.743428 0.581253 1 6 1.000000
  6 -4.807735 1.739635 68.813301 0.012793 0.999601 0.025182 0.744247 0.591137 1 6 1.000000
  6 -4.826330 1.740437 68.790916 0.010943 0.999643 0.024389 0.740855 0.594214 1 6 1.000000
flash
  6 -4.821741 1.738235 68.874756 0.006286 0.999603 0.027475 0.743428 0.581253 1 6 1.000000
  6 -4.826330 1.740437 68.790916 0.010943 0.999643 0.024389 0.740855 0.594214 1 6 1.000000
  6 -4.840358 1.739827 68.820518 0.005847 0.999645 0.025998 0.739326 0.589292 1 6 1.000000
flash
  6 -4.821741 1.738235 68.874756 0.006286 0.999603 0.027475 0.743428 0.581253 1 6 1.000000
  6 -4.840358 1.739827 68.820518 0.005847 0.999645 0.025998 0.739326 0.589292 1 6 1.000000
  6 -4.850538 1.738747 68.861626 0.002611 0.999610 0.027786 0.738652 0.582662 1 6 1.000000
flash
  6 -4.867575 1.741953 68.741302 0.001025 0.999709 0.024093 0.733331 0.601029 1 6 1.000000
  6 -4.850538 1.738747 68.861626 0.002611 0.999610 0.027786 0.738652 0.582662 1 6 1.000000
  6 -4.840358 1.739827 68.820518 0.005847 0.999645 0.025998 0.739326 0.589292 1 6 1.000000
flash
  6 -4.867575 1.741953 68.741302 0.001025 0.999709 0.024093 0.733331 0.601029 1 6 1.000000
  6 -4.867644 1.738978 68.853737 0.000799 0.999628 0.027253 0.735813 0.583511 1 6 1.000000
  6 -4.850538 1.738747 68.861626 0.002611 0.999610 0.027786 0.738652 0.582662 1 6 1.000000
flash
  6 -4.867575 1.741953 68.741302 0.001025 0.999709 0.024093 0.733331 0.601029 1 6 1.000000
  6 -4.884765 1.738774 68.861649 -0.000835 0.999613 0.027800 0.733323 0.581899 1 6 1.000000
  6 -4.867644 1.738978 68.853737 0.000799 0.999628 0.027253 0.735813 0.583511 1 6 1.000000
flash
  6 -4.867738 1.736766 68.930878 0.000852 0.999588 0.028702 0.737509 0.571492 1 6 1.000000
  6 -4.867644 1.738978 68.853737 0.000799 0.999628 0.027253 0.735813 0.583511 1 6 1.000000
  6 -4.884765 1.738774 68.861649 -0.000835 0.999613 0.027800 0.733323 0.581899 1 6 1.000000
flash
  6 -4.867738 1.736766 68.930878 0.000852 0.999588 0.028702 0.737509 0.571492 1 6 1.000000
  6 -4.884765 1.738774 68.861649 -0.000835 0.999613 0.027800 0.733323 0.581899 1 6 1.000000
  6 -4.892562 1.737222 68.916016 0.000176 0.999592 0.028559 0.733314 0.573258 1 6 1.000000
flash
  6 -4.913655 1.738316 68.874817 -0.004317 0.999612 0.027506 0.729115 0.579207 1 6 1.000000
  6 -4.892562 1.737222 68.916016 0.000176 0.999592 0.028559 0.733314 0.573258 1 6 1.000000
  6 -4.884765 1.738774 68.861649 -0.000835 0.999613 0.027800 0.733323 0.581899 1 6 1.000000
flash
  6 -4.913655 1.738316 68.874817 -0.004317 0.999612 0.027506 0.729115 0.579207 1 6 1.000000
  6 -4.884765 1.738774 68.861649 -0.000835 0.999613 0.027800 0.733323 0.581899 1 6 1.000000
  6 -4.894896 1.739876 68.820541 -0.003779 0.999653 0.026081 0.730834 0.588078 1 6 1.000000
flash
  6 -4.913655 1.738316 68.874817 -0.004317 0.999612 0.027506 0.729115 0.579207 1 6 1.000000
  6 -4.894896 1.739876 68.820541 -0.003779 0.999653 0.026081 0.730834 0.588078 1 6 1.000000
  6 -4.908974 1.740520 68.790939 -0.008768 0.999662 0.024492 0.727985 0.592378 1 6 1.000000
flash
  6 -4.867575 1.741953 68.741302 0.001025 0.999709 0.024093 0.733331 0.601029 1 6 1.000000
  6 -4.908974 1.740520 68.790939 -0.008768 0.999662 0.024492 0.727985 0.592378 1 6 1.000000
  6 -4.894896 1.739876 68.820541 -0.003779 0.999653 0.026081 0.730834 0.588078 1 6 1.000000
flash
  6 -4.867575 1.741953 68.741302 0.001025 0.999709 0.024093 0.733331 0.601029 1 6 1.000000
  6 -4.906216 1.741744 68.741287 -0.008473 0.999674 0.024093 0.727314 0.600173 1 6 1.000000
  6 -4.908974 1.740520 68.790939 -0.008768 0.999662 0.024492 0.727985 0.592378 1 6 1.000000
flash
  6 -4.867575 1.741953 68.741302 0.001025 0.999709 0.024093 0.733331 0.601029 1 6 1.000000
  6 -4.908975 1.742913 68.691643 -0.008760 0.999681 0.023690 0.725784 0.607844 1 6 1.000000
  6 -4.906216 1.741744 68.741287 -0.008473 0.999674 0.024093 0.727314 0.600173 1 6 1.000000
flash
  6 -4.932747 1.741433 68.741287 -0.011794 0.999640 0.024093 0.723182 0.599584 1 6 1.000000
  6 -4.906216 1.741744 68.741287 -0.008473 0.999674 0.024093 0.727314 0.600173 1 6 1.000000
  6 -4.908975 1.742913 68.691643 -0.008760 0.999681 0.023690 0.725784 0.607844 1 6 1.000000
flash
  6 -4.867575 1.741953 68.741302 0.001025 0.999709 0.024093 0.733331 0.601029 1 6 1.000000
  6 -4.894896 1.739876 68.820541 -0.003779 0.999653 0.026081 0.730834 0.588078 1 6 1.000000
  6 -4.884765 1.738774 68.861649 -0.000835 0.999613 0.027800 0.733323 0.581899 1 6 1.000000
flash
  6 -4.932747 1.741433 68.741287 -0.011794 0.999640 0.024093 0.723182 0.599584 1 6 1.000000
  6 -4.908974 1.740520 68.790939 -0.008768 0.999662 0.024492 0.727985 0.592378 1 6 1.000000
  6 -4.906216 1.741744 68.741287 -0.008473 0.999674 0.024093 0.727314 0.600173 1 6 1.000000
flash
  6 -4.932747 1.741433 68.741287 -0.011794 0.999640 0.024093 0.723182 0.599584 1 6 1.000000
  6 -4.927705 1.739754 68.813347 -0.010624 0.999624 0.025291 0.725565 0.588471 1 6 1.000000
  6 -4.908974 1.740520 68.790939 -0.008768 0.999662 0.024492 0.727985 0.592378 1 6 1.000000
flash
  6 -4.913655 1.738316 68.874817 -0.004317 0.999612 0.027506 0.729115 0.579207 1 6 1.000000
  6 -4.908974 1.740520 68.790939 -0.008768 0.999662 0.024492 0.727985 0.592378 1 6 1.000000
  6 -4.927705 1.739754 68.813347 -0.010624 0.999624 0.025291 0.725565 0.588471 1 6 1.000000
flash
  6 -4.821741 1.738235 68.874756 0.006286 0.999603 0.027475 0.743428 0.581253 1 6 1.000000
  6 -4.850538 1.738747 68.861626 0.002611 0.999610 0.027786 0.738652 0.582662 1 6 1.000000
  6 -4.842879 1.737181 68.915977 0.001602 0.999590 0.028579 0.741050 0.574365 1 6 1.000000
flash
  6 -4.867738 1.736766 68.930878 0.000852 0.999588 0.028702 0.737509 0.571492 1 6 1.000000
  6 -4.842879 1.737181 68.915977 0.001602 0.999590 0.028579 0.741050 0.574365 1 6 1.000000
  6 -4.850538 1.738747 68.861626 0.002611 0.999610 0.027786 0.738652 0.582662 1 6 1.000000
flash
  6 -4.867738 1.736766 68.930878 0.000852 0.999588 0.028702 0.737509 0.571492 1 6 1.000000
  6 -4.850538 1.738747 68.861626 0.002611 0.999610 0.027786 0.738652 0.582662 1 6 1.000000
  6 -4.867644 1.738978 68.853737 0.000799 0.999628 0.027253 0.735813 0.583511 1 6 1.000000
flash
  6 -5.484385 -0.024038 68.830971 -0.902551 0.182231 0.390120 0.234258 0.432342 1 6 1.000000
  6 -5.319136 0.352489 68.933586 -0.680285 0.194589 0.706646 0.277121 0.479847 1 6 1.000000
  6 -5.384645 0.354962 68.830704 -0.898252 0.261558 0.353171 0.258096 0.486131 1 6 1.000000
flash
  6 -5.484385 -0.024038 68.830971 -0.902551 0.182231 0.390120 0.234258 0.432342 1 6 1.000000
  6 -5.405574 -0.027673 68.941505 -0.657108 0.121063 0.744011 0.255698 0.425094 1 6 1.000000
  6 -5.319136 0.352489 68.933586 -0.680285 0.194589 0.706646 0.277121 0.479847 1 6 1.000000
flash
  6 -5.522422 -0.269969 68.827400 -0.904739 0.105008 0.412821 0.219846 0.398129 1 6 1.000000
  6 -5.405574 -0.027673 68.941505 -0.657108 0.121063 0.744011 0.255698 0.425094 1 6 1.000000
  6 -5.484385 -0.024038 68.830971 -0.902551 0.182231 0.390120 0.234258 0.432342 1 6 1.000000
flash
  6 -5.522422 -0.269969 68.827400 -0.904739 0.105008 0.412821 0.219846 0.398129 1 6 1.000000
  6 -5.436975 -0.280457 68.939659 -0.634078 0.052116 0.771511 0.242307 0.389172 1 6 1.000000
  6 -5.405574 -0.027673 68.941505 -0.657108 0.121063 0.744011 0.255698 0.425094 1 6 1.000000
flash
  6 -5.545646 -0.503325 68.823341 -0.903313 0.072234 0.422856 0.206294 0.365334 1 6 1.000000
  6 -5.436975 -0.280457 68.939659 -0.634078 0.052116 0.771511 0.242307 0.389172 1 6 1.000000
  6 -5.522422 -0.269969 68.827400 -0.904739 0.105008 0.412821 0.219846 0.398129 1 6 1.000000
flash
  6 -5.545646 -0.503325 68.823341 -0.903313 0.072234 0.422856 0.206294 0.365334 1 6 1.000000
  6 -5.456907 -0.529767 68.936523 -0.613672 0.040444 0.788524 0.228994 0.353297 1 6 1.000000
  6 -5.436975 -0.280457 68.939659 -0.634078 0.052116 0.771511 0.242307 0.389172 1 6 1.000000
flash
  6 -5.436975 -0.280457 68.939659 -0.634078 0.052116 0.771511 0.242307 0.389172 1 6 1.000000
  6 -5.456907 -0.529767 68.936523 -0.613672 0.040444 0.788524 0.228994 0.353297 1 6 1.000000
  6 -5.306342 -0.577998 69.006149 -0.242765 0.008500 0.970048 0.254376 0.337692 1 6 1.000000
flash
  6 -5.456907 -0.529767 68.936523 -0.613672 0.040444 0.788524 0.228994 0.353297 1 6 1.000000
  6 -5.323837 -0.832084 69.005096 -0.228533 0.037664 0.972807 0.240581 0.299978 1 6 1.000000
  6 -5.306342 -0.577998 69.006149 -0.242765 0.008500 0.970048 0.254376 0.337692 1 6 1.000000
flash
  6 -5.306342 -0.577998 69.006149 -0.242765 0.008500 0.970048 0.254376 0.337692 1 6 1.000000
  6 -5.323837 -0.832084 69.005096 -0.228533 0.037664 0.972807 0.240581 0.299978 1 6 1.000000
  6 -5.113163 -1.049051 69.020416 0.184583 0.047787 0.981654 0.265000 0.256350 1 6 1.000000
flash
  6 -5.456907 -0.529767 68.936523 -0.613672 0.040444 0.788524 0.228994 0.353297 1 6 1.000000
  6 -5.474936 -0.738567 68.934067 -0.614727 0.055756 0.786767 0.217076 0.323115 1 6 1.000000
  6 -5.323837 -0.832084 69.005096 -0.228533 0.037664 0.972807 0.240581 0.299978 1 6 1.000000
flash
  6 -4.632096 -1.933803 68.793877 0.814039 0.111900 0.569929 0.312002 0.095122 1 6 1.000000
  6 -4.653565 -1.486604 68.664322 0.985117 0.164163 0.050933 0.349995 0.161334 1 6 1.000000
  6 -4.700831 -1.513194 68.804878 0.821794 0.119630 0.557084 0.321668 0.162826 1 6 1.000000
flash
  6 -4.833217 -1.535227 68.925301 0.552563 0.070046 0.830522 0.290098 0.167584 1 6 1.000000
  6 -4.632096 -1.933803 68.793877 0.814039 0.111900 0.569929 0.312002 0.095122 1 6 1.000000
  6 -4.700831 -1.513194 68.804878 0.821794 0.119630 0.557084 0.321668 0.162826 1 6 1.000000
flash
  6 -4.908422 -1.064882 68.940643 0.523888 0.048063 0.850430 0.300477 0.243558 1 6 1.000000
  6 -4.833217 -1.535227 68.925301 0.552563 0.070046 0.830522 0.290098 0.167584 1 6 1.000000
  6 -4.700831 -1.513194 68.804878 0.821794 0.119630 0.557084 0.321668 0.162826 1 6 1.000000
flash
  6 -5.113163 -1.049051 69.020416 0.184583 0.047787 0.981654 0.265000 0.256350 1 6 1.000000
  6 -4.833217 -1.535227 68.925301 0.552563 0.070046 0.830522 0.290098 0.167584 1 6 1.000000
  6 -4.908422 -1.064882 68.940643 0.523888 0.048063 0.850430 0.300477 0.243558 1 6 1.000000
flash
  6 -5.127138 -0.632635 69.016838 0.144050 -0.000756 0.989570 0.281720 0.321027 1 6 1.000000
  6 -5.113163 -1.049051 69.020416 0.184583 0.047787 0.981654 0.265000 0.256350 1 6 1.000000
  6 -4.908422 -1.064882 68.940643 0.523888 0.048063 0.850430 0.300477 0.243558 1 6 1.000000
flash
  6 -5.306342 -0.577998 69.006149 -0.242765 0.008500 0.970048 0.254376 0.337692 1 6 1.000000
  6 -5.113163 -1.049051 69.020416 0.184583 0.047787 0.981654 0.265000 0.256350 1 6 1.000000
  6 -5.127138 -0.632635 69.016838 0.144050 -0.000756 0.989570 0.281720 0.321027 1 6 1.000000
flash
  6 -5.297271 -0.297007 69.009445 -0.278160 -0.002042 0.960532 0.267232 0.379618 1 6 1.000000
  6 -5.306342 -0.577998 69.006149 -0.242765 0.008500 0.970048 0.254376 0.337692 1 6 1.000000
  6 -5.127138 -0.632635 69.016838 0.144050 -0.000756 0.989570 0.281720 0.321027 1 6 1.000000
flash
  6 -5.436975 -0.280457 68.939659 -0.634078 0.052116 0.771511 0.242307 0.389172 1 6 1.000000
  6 -5.306342 -0.577998 69.006149 -0.242765 0.008500 0.970048 0.254376 0.337692 1 6 1.000000
  6 -5.297271 -0.297007 69.009445 -0.278160 -0.002042 0.960532 0.267232 0.379618 1 6 1.000000
flash
  6 -5.436975 -0.280457 68.939659 -0.634078 0.052116 0.771511 0.242307 0.389172 1 6 1.000000
  6 -5.297271 -0.297007 69.009445 -0.278160 -0.002042 0.960532 0.267232 0.379618 1 6 1.000000
  6 -5.277375 -0.036104 69.011520 -0.317642 0.049046 0.946941 0.279066 0.417903 1 6 1.000000
flash
  6 -5.436975 -0.280457 68.939659 -0.634078 0.052116 0.771511 0.242307 0.389172 1 6 1.000000
  6 -5.277375 -0.036104 69.011520 -0.317642 0.049046 0.946941 0.279066 0.417903 1 6 1.000000
  6 -5.405574 -0.027673 68.941505 -0.657108 0.121063 0.744011 0.255698 0.425094 1 6 1.000000
flash
  6 -5.405574 -0.027673 68.941505 -0.657108 0.121063 0.744011 0.255698 0.425094 1 6 1.000000
  6 -5.277375 -0.036104 69.011520 -0.317642 0.049046 0.946941 0.279066 0.417903 1 6 1.000000
  6 -5.209719 0.336864 69.000916 -0.345863 0.110823 0.931717 0.297456 0.472580 1 6 1.000000
flash
  6 -5.405574 -0.027673 68.941505 -0.657108 0.121063 0.744011 0.255698 0.425094 1 6 1.000000
  6 -5.209719 0.336864 69.000916 -0.345863 0.110823 0.931717 0.297456 0.472580 1 6 1.000000
  6 -5.319136 0.352489 68.933586 -0.680285 0.194589 0.706646 0.277121 0.479847 1 6 1.000000
flash
  6 -5.073827 0.969863 68.964928 -0.444597 0.157154 0.881837 0.328093 0.566565 1 6 1.000000
  6 -5.319136 0.352489 68.933586 -0.680285 0.194589 0.706646 0.277121 0.479847 1 6 1.000000
  6 -5.209719 0.336864 69.000916 -0.345863 0.110823 0.931717 0.297456 0.472580 1 6 1.000000
flash
  6 -5.073827 0.969863 68.964928 -0.444597 0.157154 0.881837 0.328093 0.566565 1 6 1.000000
  6 -5.143177 0.972522 68.909164 -0.750672 0.243546 0.614147 0.313609 0.570528 1 6 1.000000
  6 -5.319136 0.352489 68.933586 -0.680285 0.194589 0.706646 0.277121 0.479847 1 6 1.000000
flash
  6 -5.143177 0.972522 68.909164 -0.750672 0.243546 0.614147 0.313609 0.570528 1 6 1.000000
  6 -5.384645 0.354962 68.830704 -0.898252 0.261558 0.353171 0.258096 0.486131 1 6 1.000000
  6 -5.319136 0.352489 68.933586 -0.680285 0.194589 0.706646 0.277121 0.479847 1 6 1.000000
flash
  6 -5.143177 0.972522 68.909164 -0.750672 0.243546 0.614147 0.313609 0.570528 1 6 1.000000
  6 -5.185784 0.974553 68.823944 -0.909510 0.299911 0.287827 0.298880 0.575696 1 6 1.000000
  6 -5.384645 0.354962 68.830704 -0.898252 0.261558 0.353171 0.258096 0.486131 1 6 1.000000
flash
  6 -5.185784 0.974553 68.823944 -0.909510 0.299911 0.287827 0.298880 0.575696 1 6 1.000000
  6 -5.405921 0.357912 68.707932 -0.957675 0.287617 0.011591 0.239993 0.493790 1 6 1.000000
  6 -5.384645 0.354962 68.830704 -0.898252 0.261558 0.353171 0.258096 0.486131 1 6 1.000000
flash
  6 -5.185784 0.974553 68.823944 -0.909510 0.299911 0.287827 0.298880 0.575696 1 6 1.000000
  6 -5.199769 0.976960 68.722855 -0.947346 0.320027 0.010879 0.284196 0.582164 1 6 1.000000
  6 -5.405921 0.357912 68.707932 -0.957675 0.287617 0.011591 0.239993 0.493790 1 6 1.000000
flash
  6 -4.833217 -1.535227 68.925301 0.552563 0.070046 0.830522 0.290098 0.167584 1 6 1.000000
  6 -4.766315 -1.967801 68.913467 0.552462 0.056421 0.831626 0.279884 0.098145 1 6 1.000000
  6 -4.632096 -1.933803 68.793877 0.814039 0.111900 0.569929 0.312002 0.095122 1 6 1.000000
flash
  6 -4.999015 -1.558370 69.008652 0.348330 0.044081 0.936335 0.259366 0.172704 1 6 1.000000
  6 -4.766315 -1.967801 68.913467 0.552462 0.056421 0.831626 0.279884 0.098145 1 6 1.000000
  6 -4.833217 -1.535227 68.925301 0.552563 0.070046 0.830522 0.290098 0.167584 1 6 1.000000
flash
  6 -5.113163 -1.049051 69.020416 0.184583 0.047787 0.981654 0.265000 0.256350 1 6 1.000000
  6 -4.999015 -1.558370 69.008652 0.348330 0.044081 0.936335 0.259366 0.172704 1 6 1.000000
  6 -4.833217 -1.535227 68.925301 0.552563 0.070046 0.830522 0.290098 0.167584 1 6 1.000000
flash
  6 -4.999015 -1.558370 69.008652 0.348330 0.044081 0.936335 0.259366 0.172704 1 6 1.000000
  6 -4.933670 -1.992333 68.997444 0.357741 0.023757 0.933518 0.249108 0.103145 1 6 1.000000
  6 -4.766315 -1.967801 68.913467 0.552462 0.056421 0.831626 0.279884 0.098145 1 6 1.000000
flash
  6 -5.297271 -0.297007 69.009445 -0.278160 -0.002042 0.960532 0.267232 0.379618 1 6 1.000000
  6 -5.133391 -0.065489 69.031845 0.051487 -0.040734 0.997843 0.302218 0.408259 1 6 1.000000
  6 -5.277375 -0.036104 69.011520 -0.317642 0.049046 0.946941 0.279066 0.417903 1 6 1.000000
flash
  6 -5.277375 -0.036104 69.011520 -0.317642 0.049046 0.946941 0.279066 0.417903 1 6 1.000000
  6 -5.133391 -0.065489 69.031845 0.051487 -0.040734 0.997843 0.302218 0.408259 1 6 1.000000
  6 -5.055492 0.179142 69.040512 -0.061006 0.028578 0.997728 0.320845 0.443199 1 6 1.000000
flash
  6 -5.277375 -0.036104 69.011520 -0.317642 0.049046 0.946941 0.279066 0.417903 1 6 1.000000
  6 -5.055492 0.179142 69.040512 -0.061006 0.028578 0.997728 0.320845 0.443199 1 6 1.000000
  6 -5.209719 0.336864 69.000916 -0.345863 0.110823 0.931717 0.297456 0.472580 1 6 1.000000
flash
  6 -4.995111 0.975245 68.986008 -0.009326 0.080924 0.996677 0.341954 0.564817 1 6 1.000000
  6 -5.209719 0.336864 69.000916 -0.345863 0.110823 0.931717 0.297456 0.472580 1 6 1.000000
  6 -5.055492 0.179142 69.040512 -0.061006 0.028578 0.997728 0.320845 0.443199 1 6 1.000000
flash
  6 -4.995111 0.975245 68.986008 -0.009326 0.080924 0.996677 0.341954 0.564817 1 6 1.000000
  6 -5.073827 0.969863 68.964928 -0.444597 0.157154 0.881837 0.328093 0.566565 1 6 1.000000
  6 -5.209719 0.336864 69.000916 -0.345863 0.110823 0.931717 0.297456 0.472580 1 6 1.000000
flash
  6 -4.867738 1.736766 68.930878 0.065810 0.074639 0.995037 0.373030 0.679335 1 6 1.000000
  6 -5.073827 0.969863 68.964928 -0.444597 0.157154 0.881837 0.328093 0.566565 1 6 1.000000
  6 -4.995111 0.975245 68.986008 -0.009326 0.080924 0.996677 0.341954 0.564817 1 6 1.000000
flash
  6 -4.867738 1.736766 68.930878 0.065810 0.074639 0.995037 0.373030 0.679335 1 6 1.000000
  6 -4.892562 1.737222 68.916016 -0.685545 0.227093 0.691705 0.366691 0.680654 1 6 1.000000
  6 -5.073827 0.969863 68.964928 -0.444597 0.157154 0.881837 0.328093 0.566565 1 6 1.000000
flash
  6 -4.892562 1.737222 68.916016 -0.685545 0.227093 0.691705 0.366691 0.680654 1 6 1.000000
  6 -5.143177 0.972522 68.909164 -0.750672 0.243546 0.614147 0.313609 0.570528 1 6 1.000000
  6 -5.073827 0.969863 68.964928 -0.444597 0.157154 0.881837 0.328093 0.566565 1 6 1.000000
flash
  6 -4.892562 1.737222 68.916016 -0.685545 0.227093 0.691705 0.366691 0.680654 1 6 1.000000
  6 -4.913655 1.738316 68.874817 -0.891353 0.295332 0.343902 0.359247 0.683070 1 6 1.000000
  6 -5.143177 0.972522 68.909164 -0.750672 0.243546 0.614147 0.313609 0.570528 1 6 1.000000
flash
  6 -4.913655 1.738316 68.874817 -0.891353 0.295332 0.343902 0.359247 0.683070 1 6 1.000000
  6 -5.185784 0.974553 68.823944 -0.909510 0.299911 0.287827 0.298880 0.575696 1 6 1.000000
  6 -5.143177 0.972522 68.909164 -0.750672 0.243546 0.614147 0.313609 0.570528 1 6 1.000000
flash
  6 -4.913655 1.738316 68.874817 -0.891353 0.295332 0.343902 0.359247 0.683070 1 6 1.000000
  6 -4.927705 1.739754 68.813347 -0.935086 0.321372 0.149444 0.349916 0.686936 1 6 1.000000
  6 -5.185784 0.974553 68.823944 -0.909510 0.299911 0.287827 0.298880 0.575696 1 6 1.000000
flash
  6 -4.927705 1.739754 68.813347 -0.935086 0.321372 0.149444 0.349916 0.686936 1 6 1.000000
  6 -5.199769 0.976960 68.722855 -0.947346 0.320027 0.010879 0.284196 0.582164 1 6 1.000000
  6 -5.185784 0.974553 68.823944 -0.909510 0.299911 0.287827 0.298880 0.575696 1 6 1.000000
flash
  6 -4.927705 1.739754 68.813347 -0.935086 0.321372 0.149444 0.349916 0.686936 1 6 1.000000
  6 -4.932747 1.741433 68.741287 -0.944098 0.329568 0.007946 0.339558 0.691870 1 6 1.000000
  6 -5.199769 0.976960 68.722855 -0.947346 0.320027 0.010879 0.284196 0.582164 1 6 1.000000
flash
  6 -5.199769 0.976960 68.722855 -0.947346 0.320027 0.010879 0.284196 0.582164 1 6 1.000000
  6 -4.932747 1.741433 68.741287 -0.944098 0.329568 0.007946 0.339558 0.691870 1 6 1.000000
  6 -4.927705 1.743227 68.669235 -0.934984 0.328600 -0.133515 0.329433 0.697283 1 6 1.000000
flash
  6 -5.199769 0.976960 68.722855 -0.947346 0.320027 0.010879 0.284196 0.582164 1 6 1.000000
  6 -4.927705 1.743227 68.669235 -0.934984 0.328600 -0.133515 0.329433 0.697283 1 6 1.000000
  6 -5.186473 0.979430 68.621635 -0.916152 0.315625 -0.247075 0.270009 0.589653 1 6 1.000000
flash
  6 -5.186473 0.979430 68.621635 -0.916152 0.315625 -0.247075 0.270009 0.589653 1 6 1.000000
  6 -4.927705 1.743227 68.669235 -0.934984 0.328600 -0.133515 0.329433 0.697283 1 6 1.000000
  6 -4.913655 1.744753 68.607780 -0.890808 0.315311 -0.327170 0.320766 0.702495 1 6 1.000000
flash
  6 -5.186473 0.979430 68.621635 -0.916152 0.315625 -0.247075 0.270009 0.589653 1 6 1.000000
  6 -4.913655 1.744753 68.607780 -0.890808 0.315311 -0.327170 0.320766 0.702495 1 6 1.000000
  6 -5.148686 0.981525 68.535568 -0.794009 0.286456 -0.536183 0.257053 0.597690 1 6 1.000000
flash
  6 -5.148686 0.981525 68.535568 -0.794009 0.286456 -0.536183 0.257053 0.597690 1 6 1.000000
  6 -4.913655 1.744753 68.607780 -0.890808 0.315311 -0.327170 0.320766 0.702495 1 6 1.000000
  6 -4.892561 1.745644 68.566589 -0.685699 0.271318 -0.675429 0.314346 0.706996 1 6 1.000000
flash
  6 -5.587934 -0.679461 68.682915 -0.997569 0.069046 0.009434 0.173747 0.348960 1 6 1.000000
  6 -5.563129 -0.687368 68.544945 -0.924162 0.081970 -0.373102 0.151534 0.357069 1 6 1.000000
  6 -5.569702 -0.788003 68.542099 -0.934081 0.058317 -0.352267 0.145135 0.342761 1 6 1.000000
flash
  6 -5.587934 -0.679461 68.682915 -0.997569 0.069046 0.009434 0.173747 0.348960 1 6 1.000000
  6 -5.569702 -0.788003 68.542099 -0.934081 0.058317 -0.352267 0.145135 0.342761 1 6 1.000000
  6 -5.593238 -0.775904 68.680603 -0.999438 0.032524 0.008104 0.167827 0.335269 1 6 1.000000
flash
  6 -5.593238 -0.775904 68.680603 -0.999438 0.032524 0.008104 0.167827 0.335269 1 6 1.000000
  6 -5.561481 -0.693976 68.820099 -0.906936 0.062302 0.416635 0.195076 0.338266 1 6 1.000000
  6 -5.587934 -0.679461 68.682915 -0.997569 0.069046 0.009434 0.173747 0.348960 1 6 1.000000
flash
  6 -5.593238 -0.775904 68.680603 -0.999438 0.032524 0.008104 0.167827 0.335269 1 6 1.000000
  6 -5.568716 -0.794643 68.818199 -0.917751 0.054393 0.393413 0.188985 0.323891 1 6 1.000000
  6 -5.561481 -0.693976 68.820099 -0.906936 0.062302 0.416635 0.195076 0.338266 1 6 1.000000
flash
  6 -5.568716 -0.794643 68.818199 -0.917751 0.054393 0.393413 0.188985 0.323891 1 6 1.000000
  6 -5.474936 -0.738567 68.934067 -0.614727 0.055756 0.786767 0.217076 0.323115 1 6 1.000000
  6 -5.561481 -0.693976 68.820099 -0.906936 0.062302 0.416635 0.195076 0.338266 1 6 1.000000
flash
  6 -5.568716 -0.794643 68.818199 -0.917751 0.054393 0.393413 0.188985 0.323891 1 6 1.000000
  6 -5.492002 -0.852279 68.932487 -0.618418 0.128023 0.775351 0.209162 0.306967 1 6 1.000000
  6 -5.474936 -0.738567 68.934067 -0.614727 0.055756 0.786767 0.217076 0.323115 1 6 1.000000
flash
  6 -5.492002 -0.852279 68.932487 -0.618418 0.128023 0.775351 0.209162 0.306967 1 6 1.000000
  6 -5.323837 -0.832084 69.005096 -0.228533 0.037664 0.972807 0.240581 0.299978 1 6 1.000000
  6 -5.474936 -0.738567 68.934067 -0.614727 0.055756 0.786767 0.217076 0.323115 1 6 1.000000
flash
  6 -5.492002 -0.852279 68.932487 -0.618418 0.128023 0.775351 0.209162 0.306967 1 6 1.000000
  6 -5.366446 -0.969838 69.005592 -0.209093 0.123895 0.970015 0.227658 0.281041 1 6 1.000000
  6 -5.323837 -0.832084 69.005096 -0.228533 0.037664 0.972807 0.240581 0.299978 1 6 1.000000
flash
  6 -5.366446 -0.969838 69.005592 -0.209093 0.123895 0.970015 0.227658 0.281041 1 6 1.000000
  6 -5.113163 -1.049051 69.020416 0.184583 0.047787 0.981654 0.265000 0.256350 1 6 1.000000
  6 -5.323837 -0.832084 69.005096 -0.228533 0.037664 0.972807 0.240581 0.299978 1 6 1.000000
flash
  6 -5.366446 -0.969838 69.005592 -0.209093 0.123895 0.970015 0.227658 0.281041 1 6 1.000000
  6 -5.231738 -1.206622 69.039482 0.025234 0.079913 0.996482 0.238444 0.237862 1 6 1.000000
  6 -5.113163 -1.049051 69.020416 0.184583 0.047787 0.981654 0.265000 0.256350 1 6 1.000000
flash
  6 -5.137706 -1.598590 69.044830 0.165063 0.023551 0.986002 0.234815 0.173279 1 6 1.000000
  6 -5.113163 -1.049051 69.020416 0.184583 0.047787 0.981654 0.265000 0.256350 1 6 1.000000
  6 -5.231738 -1.206622 69.039482 0.025234 0.079913 0.996482 0.238444 0.237862 1 6 1.000000
flash
  6 -5.137706 -1.598590 69.044830 0.165063 0.023551 0.986002 0.234815 0.173279 1 6 1.000000
  6 -4.999015 -1.558370 69.008652 0.348330 0.044081 0.936335 0.259366 0.172704 1 6 1.000000
  6 -5.113163 -1.049051 69.020416 0.184583 0.047787 0.981654 0.265000 0.256350 1 6 1.000000
flash
  6 -5.081941 -2.007187 69.038567 0.195606 0.004289 0.980673 0.224336 0.108107 1 6 1.000000
  6 -4.999015 -1.558370 69.008652 0.348330 0.044081 0.936335 0.259366 0.172704 1 6 1.000000
  6 -5.137706 -1.598590 69.044830 0.165063 0.023551 0.986002 0.234815 0.173279 1 6 1.000000
flash
  6 -5.081941 -2.007187 69.038567 0.195606 0.004289 0.980673 0.224336 0.108107 1 6 1.000000
  6 -4.933670 -1.992333 68.997444 0.357741 0.023757 0.933518 0.249108 0.103145 1 6 1.000000
  6 -4.999015 -1.558370 69.008652 0.348330 0.044081 0.936335 0.259366 0.172704 1 6 1.000000
flash
  6 -4.897329 -2.313656 68.989677 0.352835 0.014473 0.935574 0.239724 0.052270 1 6 1.000000
  6 -4.933670 -1.992333 68.997444 0.357741 0.023757 0.933518 0.249108 0.103145 1 6 1.000000
  6 -5.081941 -2.007187 69.038567 0.195606 0.004289 0.980673 0.224336 0.108107 1 6 1.000000
flash
  6 -4.897329 -2.313656 68.989677 0.352835 0.014473 0.935574 0.239724 0.052270 1 6 1.000000
  6 -4.766315 -1.967801 68.913467 0.552462 0.056421 0.831626 0.279884 0.098145 1 6 1.000000
  6 -4.933670 -1.992333 68.997444 0.357741 0.023757 0.933518 0.249108 0.103145 1 6 1.000000
flash
  6 -4.897329 -2.313656 68.989677 0.352835 0.014473 0.935574 0.239724 0.052270 1 6 1.000000
  6 -4.722991 -2.290848 68.905457 0.539308 0.046844 0.840805 0.271329 0.046695 1 6 1.000000
  6 -4.766315 -1.967801 68.913467 0.552462 0.056421 0.831626 0.279884 0.098145 1 6 1.000000
flash
  6 -4.722991 -2.290848 68.905457 0.539308 0.046844 0.840805 0.271329 0.046695 1 6 1.000000
  6 -4.632096 -1.933803 68.793877 0.814039 0.111900 0.569929 0.312002 0.095122 1 6 1.000000
  6 -4.766315 -1.967801 68.913467 0.552462 0.056421 0.831626 0.279884 0.098145 1 6 1.000000
flash
  6 -5.499902 -0.840159 68.424126 -0.701741 0.106251 -0.704465 0.119785 0.345257 1 6 1.000000
  6 -5.416828 -1.013018 68.343712 -0.372883 0.112691 -0.921010 0.089461 0.329211 1 6 1.000000
  6 -5.508630 -0.894863 68.423744 -0.680943 0.105908 -0.724638 0.117038 0.336866 1 6 1.000000
flash
  6 -5.569702 -0.788003 68.542099 -0.934081 0.058317 -0.352267 0.145135 0.342761 1 6 1.000000
  6 -5.499902 -0.840159 68.424126 -0.701741 0.106251 -0.704465 0.119785 0.345257 1 6 1.000000
  6 -5.508630 -0.894863 68.423744 -0.680943 0.105908 -0.724638 0.117038 0.336866 1 6 1.000000
flash
  6 -5.569702 -0.788003 68.542099 -0.934081 0.058317 -0.352267 0.145135 0.342761 1 6 1.000000
  6 -5.508630 -0.894863 68.423744 -0.680943 0.105908 -0.724638 0.117038 0.336866 1 6 1.000000
  6 -5.571034 -0.833411 68.541161 -0.933778 0.032514 -0.356373 0.142247 0.336194 1 6 1.000000
flash
  6 -5.593238 -0.775904 68.680603 -0.999438 0.032524 0.008104 0.167827 0.335269 1 6 1.000000
  6 -5.569702 -0.788003 68.542099 -0.934081 0.058317 -0.352267 0.145135 0.342761 1 6 1.000000
  6 -5.571034 -0.833411 68.541161 -0.933778 0.032514 -0.356373 0.142247 0.336194 1 6 1.000000
flash
  6 -5.593238 -0.775904 68.680603 -0.999438 0.032524 0.008104 0.167827 0.335269 1 6 1.000000
  6 -5.571034 -0.833411 68.541161 -0.933778 0.032514 -0.356373 0.142247 0.336194 1 6 1.000000
  6 -5.593259 -0.817756 68.679581 -0.999960 0.005095 0.007291 0.165221 0.329226 1 6 1.000000
flash
  6 -5.593259 -0.817756 68.679581 -0.999960 0.005095 0.007291 0.165221 0.329226 1 6 1.000000
  6 -5.568716 -0.794643 68.818199 -0.917751 0.054393 0.393413 0.188985 0.323891 1 6 1.000000
  6 -5.593238 -0.775904 68.680603 -0.999438 0.032524 0.008104 0.167827 0.335269 1 6 1.000000
flash
  6 -5.593259 -0.817756 68.679581 -0.999960 0.005095 0.007291 0.165221 0.329226 1 6 1.000000
  6 -5.571035 -0.840063 68.817101 -0.910153 0.060647 0.409808 0.186052 0.317341 1 6 1.000000
  6 -5.568716 -0.794643 68.818199 -0.917751 0.054393 0.393413 0.188985 0.323891 1 6 1.000000
flash
  6 -5.571035 -0.840063 68.817101 -0.910153 0.060647 0.409808 0.186052 0.317341 1 6 1.000000
  6 -5.492002 -0.852279 68.932487 -0.618418 0.128023 0.775351 0.209162 0.306967 1 6 1.000000
  6 -5.568716 -0.794643 68.818199 -0.917751 0.054393 0.393413 0.188985 0.323891 1 6 1.000000
flash
  6 -5.571035 -0.840063 68.817101 -0.910153 0.060647 0.409808 0.186052 0.317341 1 6 1.000000
  6 -5.508637 -0.907100 68.931419 -0.567040 0.182382 0.803245 0.203763 0.299543 1 6 1.000000
  6 -5.492002 -0.852279 68.932487 -0.618418 0.128023 0.775351 0.209162 0.306967 1 6 1.000000
flash
  6 -5.508637 -0.907100 68.931419 -0.567040 0.182382 0.803245 0.203763 0.299543 1 6 1.000000
  6 -5.366446 -0.969838 69.005592 -0.209093 0.123895 0.970015 0.227658 0.281041 1 6 1.000000
  6 -5.492002 -0.852279 68.932487 -0.618418 0.128023 0.775351 0.209162 0.306967 1 6 1.000000
flash
  6 -5.508637 -0.907100 68.931419 -0.567040 0.182382 0.803245 0.203763 0.299543 1 6 1.000000
  6 -5.416851 -1.036181 69.005501 -0.195697 0.160639 0.967418 0.216625 0.273265 1 6 1.000000
  6 -5.366446 -0.969838 69.005592 -0.209093 0.123895 0.970015 0.227658 0.281041 1 6 1.000000
flash
  6 -5.416851 -1.036181 69.005501 -0.195697 0.160639 0.967418 0.216625 0.273265 1 6 1.000000
  6 -5.231738 -1.206622 69.039482 0.025234 0.079913 0.996482 0.238444 0.237862 1 6 1.000000
  6 -5.366446 -0.969838 69.005592 -0.209093 0.123895 0.970015 0.227658 0.281041 1 6 1.000000
flash
  6 -5.416851 -1.036181 69.005501 -0.195697 0.160639 0.967418 0.216625 0.273265 1 6 1.000000
  6 -5.323936 -1.272226 69.043655 -0.010377 0.077932 0.996905 0.220984 0.232045 1 6 1.000000
  6 -5.231738 -1.206622 69.039482 0.025234 0.079913 0.996482 0.238444 0.237862 1 6 1.000000
flash
  6 -5.256097 -1.635078 69.056061 0.083521 0.019735 0.996310 0.214674 0.173168 1 6 1.000000
  6 -5.231738 -1.206622 69.039482 0.025234 0.079913 0.996482 0.238444 0.237862 1 6 1.000000
  6 -5.323936 -1.272226 69.043655 -0.010377 0.077932 0.996905 0.220984 0.232045 1 6 1.000000
flash
  6 -5.256097 -1.635078 69.056061 0.083521 0.019735 0.996310 0.214674 0.173168 1 6 1.000000
  6 -5.137706 -1.598590 69.044830 0.165063 0.023551 0.986002 0.234815 0.173279 1 6 1.000000
  6 -5.231738 -1.206622 69.039482 0.025234 0.079913 0.996482 0.238444 0.237862 1 6 1.000000
flash
  6 -5.213810 -2.016641 69.055061 0.122976 -0.001389 0.992409 0.203416 0.112822 1 6 1.000000
  6 -5.137706 -1.598590 69.044830 0.165063 0.023551 0.986002 0.234815 0.173279 1 6 1.000000
  6 -5.256097 -1.635078 69.056061 0.083521 0.019735 0.996310 0.214674 0.173168 1 6 1.000000
flash
  6 -5.213810 -2.016641 69.055061 0.122976 -0.001389 0.992409 0.203416 0.112822 1 6 1.000000
  6 -5.081941 -2.007187 69.038567 0.195606 0.004289 0.980673 0.224336 0.108107 1 6 1.000000
  6 -5.137706 -1.598590 69.044830 0.165063 0.023551 0.986002 0.234815 0.173279 1 6 1.000000
flash
  6 -5.051404 -2.316038 69.032372 0.201895 -0.001180 0.979406 0.214505 0.059243 1 6 1.000000
  6 -5.081941 -2.007187 69.038567 0.195606 0.004289 0.980673 0.224336 0.108107 1 6 1.000000
  6 -5.213810 -2.016641 69.055061 0.122976 -0.001389 0.992409 0.203416 0.112822 1 6 1.000000
flash
  6 -4.876135 -2.565371 68.984100 0.351476 0.012601 0.936112 0.231368 0.012784 1 6 1.000000
  6 -5.051404 -2.316038 69.032372 0.201895 -0.001180 0.979406 0.214505 0.059243 1 6 1.000000
  6 -5.030660 -2.552854 69.027107 0.228573 0.000135 0.973527 0.205802 0.021171 1 6 1.000000
flash
  6 -5.030660 -2.552854 69.027107 0.228573 0.000135 0.973527 0.205802 0.021171 1 6 1.000000
  6 -5.185223 -2.301863 69.050941 0.139092 -0.003053 0.990275 0.193392 0.066815 1 6 1.000000
  6 -5.134934 -2.475770 69.043533 0.158246 0.003737 0.987393 0.184741 0.030530 1 6 1.000000
flash
  6 -5.030660 -2.552854 69.027107 0.228573 0.000135 0.973527 0.205802 0.021171 1 6 1.000000
  6 -5.051404 -2.316038 69.032372 0.201895 -0.001180 0.979406 0.214505 0.059243 1 6 1.000000
  6 -5.185223 -2.301863 69.050941 0.139092 -0.003053 0.990275 0.193392 0.066815 1 6 1.000000
flash
  6 -5.051404 -2.316038 69.032372 0.201895 -0.001180 0.979406 0.214505 0.059243 1 6 1.000000
  6 -5.213810 -2.016641 69.055061 0.122976 -0.001389 0.992409 0.203416 0.112822 1 6 1.000000
  6 -5.185223 -2.301863 69.050941 0.139092 -0.003053 0.990275 0.193392 0.066815 1 6 1.000000
flash
  6 -4.897329 -2.313656 68.989677 0.352835 0.014473 0.935574 0.239724 0.052270 1 6 1.000000
  6 -5.081941 -2.007187 69.038567 0.195606 0.004289 0.980673 0.224336 0.108107 1 6 1.000000
  6 -5.051404 -2.316038 69.032372 0.201895 -0.001180 0.979406 0.214505 0.059243 1 6 1.000000
flash
  6 -4.876135 -2.565371 68.984100 0.351476 0.012601 0.936112 0.231368 0.012784 1 6 1.000000
  6 -4.897329 -2.313656 68.989677 0.352835 0.014473 0.935574 0.239724 0.052270 1 6 1.000000
  6 -5.051404 -2.316038 69.032372 0.201895 -0.001180 0.979406 0.214505 0.059243 1 6 1.000000
flash
  6 -4.876135 -2.565371 68.984100 0.351476 0.012601 0.936112 0.231368 0.012784 1 6 1.000000
  6 -4.722991 -2.290848 68.905457 0.539308 0.046844 0.840805 0.271329 0.046695 1 6 1.000000
  6 -4.897329 -2.313656 68.989677 0.352835 0.014473 0.935574 0.239724 0.052270 1 6 1.000000
flash
  6 -4.876135 -2.565371 68.984100 0.351476 0.012601 0.936112 0.231368 0.012784 1 6 1.000000
  6 -4.693982 -2.545414 68.899498 0.523070 0.045089 0.851096 0.263924 0.006436 1 6 1.000000
  6 -4.722991 -2.290848 68.905457 0.539308 0.046844 0.840805 0.271329 0.046695 1 6 1.000000
flash
  6 -4.693982 -2.545414 68.899498 0.523070 0.045089 0.851096 0.263924 0.006436 1 6 1.000000
  6 -4.583093 -2.252320 68.786217 0.802447 0.104136 0.587566 0.304296 0.044125 1 6 1.000000
  6 -4.722991 -2.290848 68.905457 0.539308 0.046844 0.840805 0.271329 0.046695 1 6 1.000000
flash
  6 -4.693982 -2.545414 68.899498 0.523070 0.045089 0.851096 0.263924 0.006436 1 6 1.000000
  6 -4.546309 -2.506620 68.780121 0.773232 0.101286 0.625981 0.297891 0.003574 1 6 1.000000
  6 -4.583093 -2.252320 68.786217 0.802447 0.104136 0.587566 0.304296 0.044125 1 6 1.000000
flash
  6 -4.546309 -2.506620 68.780121 0.773232 0.101286 0.625981 0.297891 0.003574 1 6 1.000000
  6 -4.533918 -2.203568 68.646164 0.986491 0.156297 0.049060 0.333808 0.045905 1 6 1.000000
  6 -4.583093 -2.252320 68.786217 0.802447 0.104136 0.587566 0.304296 0.044125 1 6 1.000000
flash
  6 -4.546309 -2.506620 68.780121 0.773232 0.101286 0.625981 0.297891 0.003574 1 6 1.000000
  6 -4.493109 -2.456735 68.640045 0.979229 0.153014 0.133028 0.327964 0.005344 1 6 1.000000
  6 -4.533918 -2.203568 68.646164 0.986491 0.156297 0.049060 0.333808 0.045905 1 6 1.000000
flash
  6 -4.493109 -2.456735 68.640045 0.979229 0.153014 0.133028 0.327964 0.005344 1 6 1.000000
  6 -4.585106 -2.147462 68.506386 0.840006 0.142408 -0.523555 0.363182 0.051544 1 6 1.000000
  6 -4.533918 -2.203568 68.646164 0.986491 0.156297 0.049060 0.333808 0.045905 1 6 1.000000
flash
  6 -4.493109 -2.456735 68.640045 0.979229 0.153014 0.133028 0.327964 0.005344 1 6 1.000000
  6 -4.546355 -2.398329 68.500168 0.868219 0.141399 -0.475608 0.358012 0.011295 1 6 1.000000
  6 -4.585106 -2.147462 68.506386 0.840006 0.142408 -0.523555 0.363182 0.051544 1 6 1.000000
flash
  6 -4.724117 -2.087414 68.387772 0.567971 0.092308 -0.817856 0.395829 0.059838 1 6 1.000000
  6 -4.585106 -2.147462 68.506386 0.840006 0.142408 -0.523555 0.363182 0.051544 1 6 1.000000
  6 -4.546355 -2.398329 68.500168 0.868219 0.141399 -0.475608 0.358012 0.011295 1 6 1.000000
flash
  6 -4.724117 -2.087414 68.387772 0.567971 0.092308 -0.817856 0.395829 0.059838 1 6 1.000000
  6 -4.546355 -2.398329 68.500168 0.868219 0.141399 -0.475608 0.358012 0.011295 1 6 1.000000
  6 -4.694036 -2.334164 68.381462 0.576397 0.087847 -0.812434 0.391984 0.020283 1 6 1.000000
flash
  6 -4.896377 -2.031619 68.304367 0.364795 0.057897 -0.929286 0.427418 0.068596 1 6 1.000000
  6 -4.724117 -2.087414 68.387772 0.567971 0.092308 -0.817856 0.395829 0.059838 1 6 1.000000
  6 -4.694036 -2.334164 68.381462 0.576397 0.087847 -0.812434 0.391984 0.020283 1 6 1.000000
flash
  6 -4.896377 -2.031619 68.304367 0.364795 0.057897 -0.929286 0.427418 0.068596 1 6 1.000000
  6 -4.694036 -2.334164 68.381462 0.576397 0.087847 -0.812434 0.391984 0.020283 1 6 1.000000
  6 -4.876163 -2.272850 68.297867 0.375670 0.056286 -0.925043 0.424973 0.029986 1 6 1.000000
flash
  6 -5.049772 -1.986004 68.262573 0.205779 0.044224 -0.977599 0.453335 0.075950 1 6 1.000000
  6 -4.896377 -2.031619 68.304367 0.364795 0.057897 -0.929286 0.427418 0.068596 1 6 1.000000
  6 -4.876163 -2.272850 68.297867 0.375670 0.056286 -0.925043 0.424973 0.029986 1 6 1.000000
flash
  6 -5.049772 -1.986004 68.262573 0.205779 0.044224 -0.977599 0.453335 0.075950 1 6 1.000000
  6 -4.876163 -2.272850 68.297867 0.375670 0.056286 -0.925043 0.424973 0.029986 1 6 1.000000
  6 -5.030640 -2.214256 68.256561 0.241304 0.047291 -0.969297 0.451724 0.038381 1 6 1.000000
flash
  6 -5.185143 -1.944172 68.245247 0.143433 0.049055 -0.988443 0.475589 0.082315 1 6 1.000000
  6 -5.049772 -1.986004 68.262573 0.205779 0.044224 -0.977599 0.453335 0.075950 1 6 1.000000
  6 -5.030640 -2.214256 68.256561 0.241304 0.047291 -0.969297 0.451724 0.038381 1 6 1.000000
flash
  6 -5.185143 -1.944172 68.245247 0.143433 0.049055 -0.988443 0.475589 0.082315 1 6 1.000000
  6 -5.030640 -2.214256 68.256561 0.241304 0.047291 -0.969297 0.451724 0.038381 1 6 1.000000
  6 -5.134871 -2.117402 68.244293 0.165575 0.053539 -0.984743 0.474424 0.045824 1 6 1.000000
flash
  6 -5.213737 -1.708786 68.253708 0.109005 0.039762 -0.993246 0.476249 0.124373 1 6 1.000000
  6 -5.049772 -1.986004 68.262573 0.205779 0.044224 -0.977599 0.453335 0.075950 1 6 1.000000
  6 -5.185143 -1.944172 68.245247 0.143433 0.049055 -0.988443 0.475589 0.082315 1 6 1.000000
flash
  6 -4.722991 -2.290848 68.905457 0.539308 0.046844 0.840805 0.271329 0.046695 1 6 1.000000
  6 -4.583093 -2.252320 68.786217 0.802447 0.104136 0.587566 0.304296 0.044125 1 6 1.000000
  6 -4.632096 -1.933803 68.793877 0.814039 0.111900 0.569929 0.312002 0.095122 1 6 1.000000
flash
  6 -4.583093 -2.252320 68.786217 0.802447 0.104136 0.587566 0.304296 0.044125 1 6 1.000000
  6 -4.585189 -1.891870 68.653770 0.985993 0.160147 0.046585 0.340929 0.095968 1 6 1.000000
  6 -4.632096 -1.933803 68.793877 0.814039 0.111900 0.569929 0.312002 0.095122 1 6 1.000000
flash
  6 -4.583093 -2.252320 68.786217 0.802447 0.104136 0.587566 0.304296 0.044125 1 6 1.000000
  6 -4.533918 -2.203568 68.646164 0.986491 0.156297 0.049060 0.333808 0.045905 1 6 1.000000
  6 -4.585189 -1.891870 68.653770 0.985993 0.160147 0.046585 0.340929 0.095968 1 6 1.000000
flash
  6 -4.533918 -2.203568 68.646164 0.986491 0.156297 0.049060 0.333808 0.045905 1 6 1.000000
  6 -4.632720 -1.844311 68.514107 0.852519 0.146599 -0.501716 0.369462 0.100276 1 6 1.000000
  6 -4.585189 -1.891870 68.653770 0.985993 0.160147 0.046585 0.340929 0.095968 1 6 1.000000
flash
  6 -4.533918 -2.203568 68.646164 0.986491 0.156297 0.049060 0.333808 0.045905 1 6 1.000000
  6 -4.585106 -2.147462 68.506386 0.840006 0.142408 -0.523555 0.363182 0.051544 1 6 1.000000
  6 -4.632720 -1.844311 68.514107 0.852519 0.146599 -0.501716 0.369462 0.100276 1 6 1.000000
flash
  6 -4.761093 -1.794508 68.395645 0.593622 0.098528 -0.798690 0.400549 0.106873 1 6 1.000000
  6 -4.632720 -1.844311 68.514107 0.852519 0.146599 -0.501716 0.369462 0.100276 1 6 1.000000
  6 -4.585106 -2.147462 68.506386 0.840006 0.142408 -0.523555 0.363182 0.051544 1 6 1.000000
flash
  6 -4.761093 -1.794508 68.395645 0.593622 0.098528 -0.798690 0.400549 0.106873 1 6 1.000000
  6 -4.585106 -2.147462 68.506386 0.840006 0.142408 -0.523555 0.363182 0.051544 1 6 1.000000
  6 -4.724117 -2.087414 68.387772 0.567971 0.092308 -0.817856 0.395829 0.059838 1 6 1.000000
flash
  6 -4.920881 -1.749380 68.312347 0.381502 0.062820 -0.922231 0.430396 0.113834 1 6 1.000000
  6 -4.761093 -1.794508 68.395645 0.593622 0.098528 -0.798690 0.400549 0.106873 1 6 1.000000
  6 -4.724117 -2.087414 68.387772 0.567971 0.092308 -0.817856 0.395829 0.059838 1 6 1.000000
flash
  6 -4.920881 -1.749380 68.312347 0.381502 0.062820 -0.922231 0.430396 0.113834 1 6 1.000000
  6 -4.724117 -2.087414 68.387772 0.567971 0.092308 -0.817856 0.395829 0.059838 1 6 1.000000
  6 -4.896377 -2.031619 68.304367 0.364795 0.057897 -0.929286 0.427418 0.068596 1 6 1.000000
flash
  6 -5.066500 -1.715901 68.270737 0.202325 0.044471 -0.978308 0.455001 0.119541 1 6 1.000000
  6 -4.920881 -1.749380 68.312347 0.381502 0.062820 -0.922231 0.430396 0.113834 1 6 1.000000
  6 -4.896377 -2.031619 68.304367 0.364795 0.057897 -0.929286 0.427418 0.068596 1 6 1.000000
flash
  6 -5.066500 -1.715901 68.270737 0.202325 0.044471 -0.978308 0.455001 0.119541 1 6 1.000000
  6 -4.896377 -2.031619 68.304367 0.364795 0.057897 -0.929286 0.427418 0.068596 1 6 1.000000
  6 -5.049772 -1.986004 68.262573 0.205779 0.044224 -0.977599 0.453335 0.075950 1 6 1.000000
flash
  6 -4.632096 -1.933803 68.793877 0.814039 0.111900 0.569929 0.312002 0.095122 1 6 1.000000
  6 -4.585189 -1.891870 68.653770 0.985993 0.160147 0.046585 0.340929 0.095968 1 6 1.000000
  6 -4.653565 -1.486604 68.664322 0.985117 0.164163 0.050933 0.349995 0.161334 1 6 1.000000
flash
  6 -4.585189 -1.891870 68.653770 0.985993 0.160147 0.046585 0.340929 0.095968 1 6 1.000000
  6 -4.694725 -1.456905 68.524628 0.868839 0.151447 -0.471362 0.377503 0.162776 1 6 1.000000
  6 -4.653565 -1.486604 68.664322 0.985117 0.164163 0.050933 0.349995 0.161334 1 6 1.000000
flash
  6 -4.585189 -1.891870 68.653770 0.985993 0.160147 0.046585 0.340929 0.095968 1 6 1.000000
  6 -4.632720 -1.844311 68.514107 0.852519 0.146599 -0.501716 0.369462 0.100276 1 6 1.000000
  6 -4.694725 -1.456905 68.524628 0.868839 0.151447 -0.471362 0.377503 0.162776 1 6 1.000000
flash
  6 -4.809143 -1.426401 68.406227 0.627686 0.104809 -0.771379 0.406695 0.166167 1 6 1.000000
  6 -4.694725 -1.456905 68.524628 0.868839 0.151447 -0.471362 0.377503 0.162776 1 6 1.000000
  6 -4.632720 -1.844311 68.514107 0.852519 0.146599 -0.501716 0.369462 0.100276 1 6 1.000000
flash
  6 -4.809143 -1.426401 68.406227 0.627686 0.104809 -0.771379 0.406695 0.166167 1 6 1.000000
  6 -4.632720 -1.844311 68.514107 0.852519 0.146599 -0.501716 0.369462 0.100276 1 6 1.000000
  6 -4.761093 -1.794508 68.395645 0.593622 0.098528 -0.798690 0.400549 0.106873 1 6 1.000000
flash
  6 -4.952190 -1.399452 68.322929 0.410257 0.065199 -0.909636 0.434266 0.170060 1 6 1.000000
  6 -4.809143 -1.426401 68.406227 0.627686 0.104809 -0.771379 0.406695 0.166167 1 6 1.000000
  6 -4.761093 -1.794508 68.395645 0.593622 0.098528 -0.798690 0.400549 0.106873 1 6 1.000000
flash
  6 -4.952190 -1.399452 68.322929 0.410257 0.065199 -0.909636 0.434266 0.170060 1 6 1.000000
  6 -4.761093 -1.794508 68.395645 0.593622 0.098528 -0.798690 0.400549 0.106873 1 6 1.000000
  6 -4.920881 -1.749380 68.312347 0.381502 0.062820 -0.922231 0.430396 0.113834 1 6 1.000000
flash
  6 -5.066500 -1.715901 68.270737 0.202325 0.044471 -0.978308 0.455001 0.119541 1 6 1.000000
  6 -4.952190 -1.399452 68.322929 0.410257 0.065199 -0.909636 0.434266 0.170060 1 6 1.000000
  6 -4.920881 -1.749380 68.312347 0.381502 0.062820 -0.922231 0.430396 0.113834 1 6 1.000000
flash
  6 -5.213737 -1.708786 68.253708 0.109005 0.039762 -0.993246 0.476249 0.124373 1 6 1.000000
  6 -5.066500 -1.715901 68.270737 0.202325 0.044471 -0.978308 0.455001 0.119541 1 6 1.000000
  6 -5.049772 -1.986004 68.262573 0.205779 0.044224 -0.977599 0.453335 0.075950 1 6 1.000000
flash
  6 -5.213737 -1.708786 68.253708 0.109005 0.039762 -0.993246 0.476249 0.124373 1 6 1.000000
  6 -5.080959 -1.377994 68.281853 0.219556 0.045225 -0.974551 0.456786 0.173241 1 6 1.000000
  6 -5.066500 -1.715901 68.270737 0.202325 0.044471 -0.978308 0.455001 0.119541 1 6 1.000000
flash
  6 -5.066500 -1.715901 68.270737 0.202325 0.044471 -0.978308 0.455001 0.119541 1 6 1.000000
  6 -5.080959 -1.377994 68.281853 0.219556 0.045225 -0.974551 0.456786 0.173241 1 6 1.000000
  6 -4.952190 -1.399452 68.322929 0.410257 0.065199 -0.909636 0.434266 0.170060 1 6 1.000000
flash
  6 -5.080959 -1.377994 68.281853 0.219556 0.045225 -0.974551 0.456786 0.173241 1 6 1.000000
  6 -4.985703 -1.012487 68.335670 0.447357 0.067699 -0.891790 0.438680 0.232567 1 6 1.000000
  6 -4.952190 -1.399452 68.322929 0.410257 0.065199 -0.909636 0.434266 0.170060 1 6 1.000000
flash
  6 -4.985703 -1.012487 68.335670 0.447357 0.067699 -0.891790 0.438680 0.232567 1 6 1.000000
  6 -4.809143 -1.426401 68.406227 0.627686 0.104809 -0.771379 0.406695 0.166167 1 6 1.000000
  6 -4.952190 -1.399452 68.322929 0.410257 0.065199 -0.909636 0.434266 0.170060 1 6 1.000000
flash
  6 -4.985703 -1.012487 68.335670 0.447357 0.067699 -0.891790 0.438680 0.232567 1 6 1.000000
  6 -4.861602 -1.022483 68.419075 0.672903 0.109346 -0.731604 0.413527 0.231685 1 6 1.000000
  6 -4.809143 -1.426401 68.406227 0.627686 0.104809 -0.771379 0.406695 0.166167 1 6 1.000000
flash
  6 -4.861602 -1.022483 68.419075 0.672903 0.109346 -0.731604 0.413527 0.231685 1 6 1.000000
  6 -4.694725 -1.456905 68.524628 0.868839 0.151447 -0.471362 0.377503 0.162776 1 6 1.000000
  6 -4.809143 -1.426401 68.406227 0.627686 0.104809 -0.771379 0.406695 0.166167 1 6 1.000000
flash
  6 -4.861602 -1.022483 68.419075 0.672903 0.109346 -0.731604 0.413527 0.231685 1 6 1.000000
  6 -4.763264 -1.034490 68.538246 0.892444 0.160036 -0.421821 0.386102 0.231527 1 6 1.000000
  6 -4.694725 -1.456905 68.524628 0.868839 0.151447 -0.471362 0.377503 0.162776 1 6 1.000000
flash
  6 -4.653565 -1.486604 68.664322 0.985117 0.164163 0.050933 0.349995 0.161334 1 6 1.000000
  6 -4.694725 -1.456905 68.524628 0.868839 0.151447 -0.471362 0.377503 0.162776 1 6 1.000000
  6 -4.763264 -1.034490 68.538246 0.892444 0.160036 -0.421821 0.386102 0.231527 1 6 1.000000
flash
  6 -4.653565 -1.486604 68.664322 0.985117 0.164163 0.050933 0.349995 0.161334 1 6 1.000000
  6 -4.763264 -1.034490 68.538246 0.892444 0.160036 -0.421821 0.386102 0.231527 1 6 1.000000
  6 -4.730396 -1.046679 68.679802 0.983976 0.168340 0.058767 0.359248 0.233000 1 6 1.000000
flash
  6 -4.700831 -1.513194 68.804878 0.821794 0.119630 0.557084 0.321668 0.162826 1 6 1.000000
  6 -4.653565 -1.486604 68.664322 0.985117 0.164163 0.050933 0.349995 0.161334 1 6 1.000000
  6 -4.730396 -1.046679 68.679802 0.983976 0.168340 0.058767 0.359248 0.233000 1 6 1.000000
flash
  6 -4.700831 -1.513194 68.804878 0.821794 0.119630 0.557084 0.321668 0.162826 1 6 1.000000
  6 -4.730396 -1.046679 68.679802 0.983976 0.168340 0.058767 0.359248 0.233000 1 6 1.000000
  6 -4.777966 -1.057958 68.821518 0.829942 0.113306 0.546221 0.331387 0.236754 1 6 1.000000
flash
  6 -4.908422 -1.064882 68.940643 0.523888 0.048063 0.850430 0.300477 0.243558 1 6 1.000000
  6 -4.700831 -1.513194 68.804878 0.821794 0.119630 0.557084 0.321668 0.162826 1 6 1.000000
  6 -4.777966 -1.057958 68.821518 0.829942 0.113306 0.546221 0.331387 0.236754 1 6 1.000000
flash
  6 -4.963217 -0.651241 68.957222 0.527503 0.026259 0.849147 0.310550 0.310381 1 6 1.000000
  6 -4.908422 -1.064882 68.940643 0.523888 0.048063 0.850430 0.300477 0.243558 1 6 1.000000
  6 -4.777966 -1.057958 68.821518 0.829942 0.113306 0.546221 0.331387 0.236754 1 6 1.000000
flash
  6 -5.127138 -0.632635 69.016838 0.144050 -0.000756 0.989570 0.281720 0.321027 1 6 1.000000
  6 -4.908422 -1.064882 68.940643 0.523888 0.048063 0.850430 0.300477 0.243558 1 6 1.000000
  6 -4.963217 -0.651241 68.957222 0.527503 0.026259 0.849147 0.310550 0.310381 1 6 1.000000
flash
  6 -5.138608 -0.315376 69.023972 0.113555 -0.027948 0.993139 0.292963 0.370275 1 6 1.000000
  6 -5.127138 -0.632635 69.016838 0.144050 -0.000756 0.989570 0.281720 0.321027 1 6 1.000000
  6 -4.963217 -0.651241 68.957222 0.527503 0.026259 0.849147 0.310550 0.310381 1 6 1.000000
flash
  6 -5.297271 -0.297007 69.009445 -0.278160 -0.002042 0.960532 0.267232 0.379618 1 6 1.000000
  6 -5.127138 -0.632635 69.016838 0.144050 -0.000756 0.989570 0.281720 0.321027 1 6 1.000000
  6 -5.138608 -0.315376 69.023972 0.113555 -0.027948 0.993139 0.292963 0.370275 1 6 1.000000
flash
  6 -5.297271 -0.297007 69.009445 -0.278160 -0.002042 0.960532 0.267232 0.379618 1 6 1.000000
  6 -5.138608 -0.315376 69.023972 0.113555 -0.027948 0.993139 0.292963 0.370275 1 6 1.000000
  6 -5.133391 -0.065489 69.031845 0.051487 -0.040734 0.997843 0.302218 0.408259 1 6 1.000000
flash
  6 -4.861602 -1.022483 68.419075 0.672903 0.109346 -0.731604 0.413527 0.231685 1 6 1.000000
  6 -4.985703 -1.012487 68.335670 0.447357 0.067699 -0.891790 0.438680 0.232567 1 6 1.000000
  6 -5.015464 -0.633267 68.348915 0.492242 0.066418 -0.867921 0.443151 0.294257 1 6 1.000000
flash
  6 -5.115524 -0.629471 68.310013 0.174166 0.045636 -0.983658 0.461025 0.294000 1 6 1.000000
  6 -5.015464 -0.633267 68.348915 0.492242 0.066418 -0.867921 0.443151 0.294257 1 6 1.000000
  6 -4.985703 -1.012487 68.335670 0.447357 0.067699 -0.891790 0.438680 0.232567 1 6 1.000000
flash
  6 -5.115524 -0.629471 68.310013 0.174166 0.045636 -0.983658 0.461025 0.294000 1 6 1.000000
  6 -4.985703 -1.012487 68.335670 0.447357 0.067699 -0.891790 0.438680 0.232567 1 6 1.000000
  6 -5.100630 -1.003978 68.295479 0.183664 0.054298 -0.981488 0.458791 0.233386 1 6 1.000000
flash
  6 -5.080959 -1.377994 68.281853 0.219556 0.045225 -0.974551 0.456786 0.173241 1 6 1.000000
  6 -5.100630 -1.003978 68.295479 0.183664 0.054298 -0.981488 0.458791 0.233386 1 6 1.000000
  6 -4.985703 -1.012487 68.335670 0.447357 0.067699 -0.891790 0.438680 0.232567 1 6 1.000000
flash
  6 -5.213737 -1.708786 68.253708 0.109005 0.039762 -0.993246 0.476249 0.124373 1 6 1.000000
  6 -5.183056 -1.347692 68.270264 0.061973 0.046223 -0.997007 0.476118 0.175893 1 6 1.000000
  6 -5.080959 -1.377994 68.281853 0.219556 0.045225 -0.974551 0.456786 0.173241 1 6 1.000000
flash
  6 -5.183056 -1.347692 68.270264 0.061973 0.046223 -0.997007 0.476118 0.175893 1 6 1.000000
  6 -5.100630 -1.003978 68.295479 0.183664 0.054298 -0.981488 0.458791 0.233386 1 6 1.000000
  6 -5.080959 -1.377994 68.281853 0.219556 0.045225 -0.974551 0.456786 0.173241 1 6 1.000000
flash
  6 -5.183056 -1.347692 68.270264 0.061973 0.046223 -0.997007 0.476118 0.175893 1 6 1.000000
  6 -5.225005 -0.984687 68.293465 -0.099176 0.074658 -0.992265 0.475791 0.234082 1 6 1.000000
  6 -5.100630 -1.003978 68.295479 0.183664 0.054298 -0.981488 0.458791 0.233386 1 6 1.000000
flash
  6 -5.223396 -0.611176 68.312469 -0.155267 0.045309 -0.986833 0.475889 0.293811 1 6 1.000000
  6 -5.100630 -1.003978 68.295479 0.183664 0.054298 -0.981488 0.458791 0.233386 1 6 1.000000
  6 -5.225005 -0.984687 68.293465 -0.099176 0.074658 -0.992265 0.475791 0.234082 1 6 1.000000
flash
  6 -5.223396 -0.611176 68.312469 -0.155267 0.045309 -0.986833 0.475889 0.293811 1 6 1.000000
  6 -5.115524 -0.629471 68.310013 0.174166 0.045636 -0.983658 0.461025 0.294000 1 6 1.000000
  6 -5.100630 -1.003978 68.295479 0.183664 0.054298 -0.981488 0.458791 0.233386 1 6 1.000000
flash
  6 -5.220730 -0.293436 68.325233 -0.177334 0.044274 -0.983154 0.476256 0.347295 1 6 1.000000
  6 -5.115524 -0.629471 68.310013 0.174166 0.045636 -0.983658 0.461025 0.294000 1 6 1.000000
  6 -5.223396 -0.611176 68.312469 -0.155267 0.045309 -0.986833 0.475889 0.293811 1 6 1.000000
flash
  6 -5.220730 -0.293436 68.325233 -0.177334 0.044274 -0.983154 0.476256 0.347295 1 6 1.000000
  6 -5.124070 -0.299685 68.322136 0.175134 0.037220 -0.983841 0.463095 0.347618 1 6 1.000000
  6 -5.115524 -0.629471 68.310013 0.174166 0.045636 -0.983658 0.461025 0.294000 1 6 1.000000
flash
  6 -5.124070 -0.299685 68.322136 0.175134 0.037220 -0.983841 0.463095 0.347618 1 6 1.000000
  6 -5.015464 -0.633267 68.348915 0.492242 0.066418 -0.867921 0.443151 0.294257 1 6 1.000000
  6 -5.115524 -0.629471 68.310013 0.174166 0.045636 -0.983658 0.461025 0.294000 1 6 1.000000
flash
  6 -5.124070 -0.299685 68.322136 0.175134 0.037220 -0.983841 0.463095 0.347618 1 6 1.000000
  6 -5.037181 -0.305821 68.357826 0.518900 0.044011 -0.853701 0.447329 0.347531 1 6 1.000000
  6 -5.015464 -0.633267 68.348915 0.492242 0.066418 -0.867921 0.443151 0.294257 1 6 1.000000
flash
  6 -4.909574 -0.636561 68.431816 0.725582 0.104490 -0.680157 0.420200 0.294900 1 6 1.000000
  6 -5.015464 -0.633267 68.348915 0.492242 0.066418 -0.867921 0.443151 0.294257 1 6 1.000000
  6 -5.037181 -0.305821 68.357826 0.518900 0.044011 -0.853701 0.447329 0.347531 1 6 1.000000
flash
  6 -4.861602 -1.022483 68.419075 0.672903 0.109346 -0.731604 0.413527 0.231685 1 6 1.000000
  6 -5.015464 -0.633267 68.348915 0.492242 0.066418 -0.867921 0.443151 0.294257 1 6 1.000000
  6 -4.909574 -0.636561 68.431816 0.725582 0.104490 -0.680157 0.420200 0.294900 1 6 1.000000
flash
  6 -4.763264 -1.034490 68.538246 0.892444 0.160036 -0.421821 0.386102 0.231527 1 6 1.000000
  6 -4.861602 -1.022483 68.419075 0.672903 0.109346 -0.731604 0.413527 0.231685 1 6 1.000000
  6 -4.909574 -0.636561 68.431816 0.725582 0.104490 -0.680157 0.420200 0.294900 1 6 1.000000
flash
  6 -5.561481 -0.693976 68.820099 -0.906936 0.062302 0.416635 0.195076 0.338266 1 6 1.000000
  6 -5.474936 -0.738567 68.934067 -0.614727 0.055756 0.786767 0.217076 0.323115 1 6 1.000000
  6 -5.456907 -0.529767 68.936523 -0.613672 0.040444 0.788524 0.228994 0.353297 1 6 1.000000
flash
  6 -5.561481 -0.693976 68.820099 -0.906936 0.062302 0.416635 0.195076 0.338266 1 6 1.000000
  6 -5.456907 -0.529767 68.936523 -0.613672 0.040444 0.788524 0.228994 0.353297 1 6 1.000000
  6 -5.545646 -0.503325 68.823341 -0.903313 0.072234 0.422856 0.206294 0.365334 1 6 1.000000
flash
  6 -5.587934 -0.679461 68.682915 -0.997569 0.069046 0.009434 0.173747 0.348960 1 6 1.000000
  6 -5.561481 -0.693976 68.820099 -0.906936 0.062302 0.416635 0.195076 0.338266 1 6 1.000000
  6 -5.545646 -0.503325 68.823341 -0.903313 0.072234 0.422856 0.206294 0.365334 1 6 1.000000
flash
  6 -5.587934 -0.679461 68.682915 -0.997569 0.069046 0.009434 0.173747 0.348960 1 6 1.000000
  6 -5.545646 -0.503325 68.823341 -0.903313 0.072234 0.422856 0.206294 0.365334 1 6 1.000000
  6 -5.573263 -0.493871 68.687401 -0.995853 0.090517 0.009109 0.185075 0.375089 1 6 1.000000
flash
  6 -5.563129 -0.687368 68.544945 -0.924162 0.081970 -0.373102 0.151534 0.357069 1 6 1.000000
  6 -5.587934 -0.679461 68.682915 -0.997569 0.069046 0.009434 0.173747 0.348960 1 6 1.000000
  6 -5.573263 -0.493871 68.687401 -0.995853 0.090517 0.009109 0.185075 0.375089 1 6 1.000000
flash
  6 -5.563129 -0.687368 68.544945 -0.924162 0.081970 -0.373102 0.151534 0.357069 1 6 1.000000
  6 -5.573263 -0.493871 68.687401 -0.995853 0.090517 0.009109 0.185075 0.375089 1 6 1.000000
  6 -5.547419 -0.496774 68.550865 -0.920244 0.096185 -0.379340 0.163665 0.383932 1 6 1.000000
flash
  6 -5.488131 -0.726543 68.427139 -0.690989 0.088809 -0.717388 0.126799 0.361800 1 6 1.000000
  6 -5.563129 -0.687368 68.544945 -0.924162 0.081970 -0.373102 0.151534 0.357069 1 6 1.000000
  6 -5.547419 -0.496774 68.550865 -0.920244 0.096185 -0.379340 0.163665 0.383932 1 6 1.000000
flash
  6 -5.488131 -0.726543 68.427139 -0.690989 0.088809 -0.717388 0.126799 0.361800 1 6 1.000000
  6 -5.547419 -0.496774 68.550865 -0.920244 0.096185 -0.379340 0.163665 0.383932 1 6 1.000000
  6 -5.471103 -0.517805 68.434402 -0.696348 0.083616 -0.712817 0.140748 0.391447 1 6 1.000000
flash
  6 -5.471103 -0.517805 68.434402 -0.696348 0.083616 -0.712817 0.140748 0.391447 1 6 1.000000
  6 -5.547419 -0.496774 68.550865 -0.920244 0.096185 -0.379340 0.163665 0.383932 1 6 1.000000
  6 -5.524045 -0.263483 68.558067 -0.920987 0.124701 -0.369096 0.178602 0.416459 1 6 1.000000
flash
  6 -5.471103 -0.517805 68.434402 -0.696348 0.083616 -0.712817 0.140748 0.391447 1 6 1.000000
  6 -5.524045 -0.263483 68.558067 -0.920987 0.124701 -0.369096 0.178602 0.416459 1 6 1.000000
  6 -5.449959 -0.268543 68.443321 -0.714053 0.096585 -0.693397 0.157911 0.426335 1 6 1.000000
flash
  6 -5.417374 -0.015929 68.453842 -0.730745 0.169254 -0.661336 0.176152 0.461066 1 6 1.000000
  6 -5.449959 -0.268543 68.443321 -0.714053 0.096585 -0.693397 0.157911 0.426335 1 6 1.000000
  6 -5.524045 -0.263483 68.558067 -0.920987 0.124701 -0.369096 0.178602 0.416459 1 6 1.000000
flash
  6 -5.417374 -0.015929 68.453842 -0.730745 0.169254 -0.661336 0.176152 0.461066 1 6 1.000000
  6 -5.524045 -0.263483 68.558067 -0.920987 0.124701 -0.369096 0.178602 0.416459 1 6 1.000000
  6 -5.485857 -0.017660 68.566353 -0.917078 0.203259 -0.343006 0.194946 0.450280 1 6 1.000000
flash
  6 -5.328847 0.363406 68.480507 -0.748011 0.245300 -0.616691 0.206077 0.512922 1 6 1.000000
  6 -5.417374 -0.015929 68.453842 -0.730745 0.169254 -0.661336 0.176152 0.461066 1 6 1.000000
  6 -5.485857 -0.017660 68.566353 -0.917078 0.203259 -0.343006 0.194946 0.450280 1 6 1.000000
flash
  6 -5.328847 0.363406 68.480507 -0.748011 0.245300 -0.616691 0.206077 0.512922 1 6 1.000000
  6 -5.485857 -0.017660 68.566353 -0.917078 0.203259 -0.343006 0.194946 0.450280 1 6 1.000000
  6 -5.385857 0.360886 68.584953 -0.909939 0.281074 -0.304973 0.222559 0.502814 1 6 1.000000
flash
  6 -5.385857 0.360886 68.584953 -0.909939 0.281074 -0.304973 0.222559 0.502814 1 6 1.000000
  6 -5.485857 -0.017660 68.566353 -0.917078 0.203259 -0.343006 0.194946 0.450280 1 6 1.000000
  6 -5.510051 -0.020602 68.698822 -0.977703 0.209733 0.010452 0.214275 0.440661 1 6 1.000000
flash
  6 -5.385857 0.360886 68.584953 -0.909939 0.281074 -0.304973 0.222559 0.502814 1 6 1.000000
  6 -5.510051 -0.020602 68.698822 -0.977703 0.209733 0.010452 0.214275 0.440661 1 6 1.000000
  6 -5.405921 0.357912 68.707932 -0.957675 0.287617 0.011591 0.239993 0.493790 1 6 1.000000
flash
  6 -5.510051 -0.020602 68.698822 -0.977703 0.209733 0.010452 0.214275 0.440661 1 6 1.000000
  6 -5.384645 0.354962 68.830704 -0.898252 0.261558 0.353171 0.258096 0.486131 1 6 1.000000
  6 -5.405921 0.357912 68.707932 -0.957675 0.287617 0.011591 0.239993 0.493790 1 6 1.000000
flash
  6 -5.510051 -0.020602 68.698822 -0.977703 0.209733 0.010452 0.214275 0.440661 1 6 1.000000
  6 -5.484385 -0.024038 68.830971 -0.902551 0.182231 0.390120 0.234258 0.432342 1 6 1.000000
  6 -5.384645 0.354962 68.830704 -0.898252 0.261558 0.353171 0.258096 0.486131 1 6 1.000000
flash
  6 -5.547419 -0.496774 68.550865 -0.920244 0.096185 -0.379340 0.163665 0.383932 1 6 1.000000
  6 -5.573263 -0.493871 68.687401 -0.995853 0.090517 0.009109 0.185075 0.375089 1 6 1.000000
  6 -5.549962 -0.264715 68.692924 -0.991641 0.128717 0.008936 0.199036 0.407008 1 6 1.000000
flash
  6 -5.547419 -0.496774 68.550865 -0.920244 0.096185 -0.379340 0.163665 0.383932 1 6 1.000000
  6 -5.549962 -0.264715 68.692924 -0.991641 0.128717 0.008936 0.199036 0.407008 1 6 1.000000
  6 -5.524045 -0.263483 68.558067 -0.920987 0.124701 -0.369096 0.178602 0.416459 1 6 1.000000
flash
  6 -5.485857 -0.017660 68.566353 -0.917078 0.203259 -0.343006 0.194946 0.450280 1 6 1.000000
  6 -5.524045 -0.263483 68.558067 -0.920987 0.124701 -0.369096 0.178602 0.416459 1 6 1.000000
  6 -5.549962 -0.264715 68.692924 -0.991641 0.128717 0.008936 0.199036 0.407008 1 6 1.000000
flash
  6 -5.485857 -0.017660 68.566353 -0.917078 0.203259 -0.343006 0.194946 0.450280 1 6 1.000000
  6 -5.549962 -0.264715 68.692924 -0.991641 0.128717 0.008936 0.199036 0.407008 1 6 1.000000
  6 -5.510051 -0.020602 68.698822 -0.977703 0.209733 0.010452 0.214275 0.440661 1 6 1.000000
flash
  6 -5.549962 -0.264715 68.692924 -0.991641 0.128717 0.008936 0.199036 0.407008 1 6 1.000000
  6 -5.484385 -0.024038 68.830971 -0.902551 0.182231 0.390120 0.234258 0.432342 1 6 1.000000
  6 -5.510051 -0.020602 68.698822 -0.977703 0.209733 0.010452 0.214275 0.440661 1 6 1.000000
flash
  6 -5.549962 -0.264715 68.692924 -0.991641 0.128717 0.008936 0.199036 0.407008 1 6 1.000000
  6 -5.522422 -0.269969 68.827400 -0.904739 0.105008 0.412821 0.219846 0.398129 1 6 1.000000
  6 -5.484385 -0.024038 68.830971 -0.902551 0.182231 0.390120 0.234258 0.432342 1 6 1.000000
flash
  6 -5.573263 -0.493871 68.687401 -0.995853 0.090517 0.009109 0.185075 0.375089 1 6 1.000000
  6 -5.522422 -0.269969 68.827400 -0.904739 0.105008 0.412821 0.219846 0.398129 1 6 1.000000
  6 -5.549962 -0.264715 68.692924 -0.991641 0.128717 0.008936 0.199036 0.407008 1 6 1.000000
flash
  6 -5.573263 -0.493871 68.687401 -0.995853 0.090517 0.009109 0.185075 0.375089 1 6 1.000000
  6 -5.545646 -0.503325 68.823341 -0.903313 0.072234 0.422856 0.206294 0.365334 1 6 1.000000
  6 -5.522422 -0.269969 68.827400 -0.904739 0.105008 0.412821 0.219846 0.398129 1 6 1.000000
flash
  6 -5.405921 0.357912 68.707932 -0.957675 0.287617 0.011591 0.239993 0.493790 1 6 1.000000
  6 -5.199769 0.976960 68.722855 -0.947346 0.320027 0.010879 0.284196 0.582164 1 6 1.000000
  6 -5.186473 0.979430 68.621635 -0.916152 0.315625 -0.247075 0.270009 0.589653 1 6 1.000000
flash
  6 -5.405921 0.357912 68.707932 -0.957675 0.287617 0.011591 0.239993 0.493790 1 6 1.000000
  6 -5.186473 0.979430 68.621635 -0.916152 0.315625 -0.247075 0.270009 0.589653 1 6 1.000000
  6 -5.385857 0.360886 68.584953 -0.909939 0.281074 -0.304973 0.222559 0.502814 1 6 1.000000
flash
  6 -5.385857 0.360886 68.584953 -0.909939 0.281074 -0.304973 0.222559 0.502814 1 6 1.000000
  6 -5.186473 0.979430 68.621635 -0.916152 0.315625 -0.247075 0.270009 0.589653 1 6 1.000000
  6 -5.148686 0.981525 68.535568 -0.794009 0.286456 -0.536183 0.257053 0.597690 1 6 1.000000
flash
  6 -5.385857 0.360886 68.584953 -0.909939 0.281074 -0.304973 0.222559 0.502814 1 6 1.000000
  6 -5.148686 0.981525 68.535568 -0.794009 0.286456 -0.536183 0.257053 0.597690 1 6 1.000000
  6 -5.328847 0.363406 68.480507 -0.748011 0.245300 -0.616691 0.206077 0.512922 1 6 1.000000
flash
  6 -5.328847 0.363406 68.480507 -0.748011 0.245300 -0.616691 0.206077 0.512922 1 6 1.000000
  6 -5.148686 0.981525 68.535568 -0.794009 0.286456 -0.536183 0.257053 0.597690 1 6 1.000000
  6 -5.090703 0.984275 68.478004 -0.519547 0.226430 -0.823893 0.245825 0.605834 1 6 1.000000
flash
  6 -5.328847 0.363406 68.480507 -0.748011 0.245300 -0.616691 0.206077 0.512922 1 6 1.000000
  6 -5.090703 0.984275 68.478004 -0.519547 0.226430 -0.823893 0.245825 0.605834 1 6 1.000000
  6 -5.242293 0.362178 68.409210 -0.476486 0.190766 -0.858236 0.190780 0.523763 1 6 1.000000
flash
  6 -5.242293 0.362178 68.409210 -0.476486 0.190766 -0.858236 0.190780 0.523763 1 6 1.000000
  6 -5.417374 -0.015929 68.453842 -0.730745 0.169254 -0.661336 0.176152 0.461066 1 6 1.000000
  6 -5.328847 0.363406 68.480507 -0.748011 0.245300 -0.616691 0.206077 0.512922 1 6 1.000000
flash
  6 -5.242293 0.362178 68.409210 -0.476486 0.190766 -0.858236 0.190780 0.523763 1 6 1.000000
  6 -5.315002 -0.016753 68.377312 -0.470481 0.127363 -0.873170 0.157886 0.472758 1 6 1.000000
  6 -5.417374 -0.015929 68.453842 -0.730745 0.169254 -0.661336 0.176152 0.461066 1 6 1.000000
flash
  6 -5.315002 -0.016753 68.377312 -0.470481 0.127363 -0.873170 0.157886 0.472758 1 6 1.000000
  6 -5.449959 -0.268543 68.443321 -0.714053 0.096585 -0.693397 0.157911 0.426335 1 6 1.000000
  6 -5.417374 -0.015929 68.453842 -0.730745 0.169254 -0.661336 0.176152 0.461066 1 6 1.000000
flash
  6 -5.315002 -0.016753 68.377312 -0.470481 0.127363 -0.873170 0.157886 0.472758 1 6 1.000000
  6 -5.338377 -0.280960 68.365189 -0.447369 0.063733 -0.892076 0.136626 0.436341 1 6 1.000000
  6 -5.449959 -0.268543 68.443321 -0.714053 0.096585 -0.693397 0.157911 0.426335 1 6 1.000000
flash
  6 -5.352170 -0.561759 68.354408 -0.420390 0.059836 -0.905368 0.115318 0.396842 1 6 1.000000
  6 -5.449959 -0.268543 68.443321 -0.714053 0.096585 -0.693397 0.157911 0.426335 1 6 1.000000
  6 -5.338377 -0.280960 68.365189 -0.447369 0.063733 -0.892076 0.136626 0.436341 1 6 1.000000
flash
  6 -5.352170 -0.561759 68.354408 -0.420390 0.059836 -0.905368 0.115318 0.396842 1 6 1.000000
  6 -5.471103 -0.517805 68.434402 -0.696348 0.083616 -0.712817 0.140748 0.391447 1 6 1.000000
  6 -5.449959 -0.268543 68.443321 -0.714053 0.096585 -0.693397 0.157911 0.426335 1 6 1.000000
flash
  6 -5.368104 -0.811374 68.345093 -0.396825 0.079491 -0.914446 0.097751 0.361161 1 6 1.000000
  6 -5.471103 -0.517805 68.434402 -0.696348 0.083616 -0.712817 0.140748 0.391447 1 6 1.000000
  6 -5.352170 -0.561759 68.354408 -0.420390 0.059836 -0.905368 0.115318 0.396842 1 6 1.000000
flash
  6 -5.368104 -0.811374 68.345093 -0.396825 0.079491 -0.914446 0.097751 0.361161 1 6 1.000000
  6 -5.488131 -0.726543 68.427139 -0.690989 0.088809 -0.717388 0.126799 0.361800 1 6 1.000000
  6 -5.471103 -0.517805 68.434402 -0.696348 0.083616 -0.712817 0.140748 0.391447 1 6 1.000000
flash
  6 -5.488131 -0.726543 68.427139 -0.690989 0.088809 -0.717388 0.126799 0.361800 1 6 1.000000
  6 -5.368104 -0.811374 68.345093 -0.396825 0.079491 -0.914446 0.097751 0.361161 1 6 1.000000
  6 -5.392519 -0.944356 68.342720 -0.407660 0.109749 -0.906514 0.091159 0.340778 1 6 1.000000
flash
  6 -5.488131 -0.726543 68.427139 -0.690989 0.088809 -0.717388 0.126799 0.361800 1 6 1.000000
  6 -5.392519 -0.944356 68.342720 -0.407660 0.109749 -0.906514 0.091159 0.340778 1 6 1.000000
  6 -5.499902 -0.840159 68.424126 -0.701741 0.106251 -0.704465 0.119785 0.345257 1 6 1.000000
flash
  6 -5.563129 -0.687368 68.544945 -0.924162 0.081970 -0.373102 0.151534 0.357069 1 6 1.000000
  6 -5.488131 -0.726543 68.427139 -0.690989 0.088809 -0.717388 0.126799 0.361800 1 6 1.000000
  6 -5.499902 -0.840159 68.424126 -0.701741 0.106251 -0.704465 0.119785 0.345257 1 6 1.000000
flash
  6 -5.563129 -0.687368 68.544945 -0.924162 0.081970 -0.373102 0.151534 0.357069 1 6 1.000000
  6 -5.499902 -0.840159 68.424126 -0.701741 0.106251 -0.704465 0.119785 0.345257 1 6 1.000000
  6 -5.569702 -0.788003 68.542099 -0.934081 0.058317 -0.352267 0.145135 0.342761 1 6 1.000000
flash
  6 -5.148686 0.981525 68.535568 -0.794009 0.286456 -0.536183 0.257053 0.597690 1 6 1.000000
  6 -4.892561 1.745644 68.566589 -0.685699 0.271318 -0.675429 0.314346 0.706996 1 6 1.000000
  6 -5.090703 0.984275 68.478004 -0.519547 0.226430 -0.823893 0.245825 0.605834 1 6 1.000000
flash
  6 -5.090703 0.984275 68.478004 -0.519547 0.226430 -0.823893 0.245825 0.605834 1 6 1.000000
  6 -4.892561 1.745644 68.566589 -0.685699 0.271318 -0.675429 0.314346 0.706996 1 6 1.000000
  6 -4.867740 1.745906 68.551704 0.065234 0.137151 -0.988400 0.309263 0.711044 1 6 1.000000
flash
  6 -5.090703 0.984275 68.478004 -0.519547 0.226430 -0.823893 0.245825 0.605834 1 6 1.000000
  6 -4.867740 1.745906 68.551704 0.065234 0.137151 -0.988400 0.309263 0.711044 1 6 1.000000
  6 -5.020645 1.003242 68.456955 -0.050053 0.142657 -0.988506 0.235613 0.613990 1 6 1.000000
flash
  6 -5.242293 0.362178 68.409210 -0.476486 0.190766 -0.858236 0.190780 0.523763 1 6 1.000000
  6 -5.090703 0.984275 68.478004 -0.519547 0.226430 -0.823893 0.245825 0.605834 1 6 1.000000
  6 -5.020645 1.003242 68.456955 -0.050053 0.142657 -0.988506 0.235613 0.613990 1 6 1.000000
flash
  6 -5.242293 0.362178 68.409210 -0.476486 0.190766 -0.858236 0.190780 0.523763 1 6 1.000000
  6 -5.020645 1.003242 68.456955 -0.050053 0.142657 -0.988506 0.235613 0.613990 1 6 1.000000
  6 -5.138978 0.340338 68.370125 -0.110607 0.149609 -0.982539 0.176167 0.534972 1 6 1.000000
flash
  6 -5.138978 0.340338 68.370125 -0.110607 0.149609 -0.982539 0.176167 0.534972 1 6 1.000000
  6 -5.315002 -0.016753 68.377312 -0.470481 0.127363 -0.873170 0.157886 0.472758 1 6 1.000000
  6 -5.242293 0.362178 68.409210 -0.476486 0.190766 -0.858236 0.190780 0.523763 1 6 1.000000
flash
  6 -5.138978 0.340338 68.370125 -0.110607 0.149609 -0.982539 0.176167 0.534972 1 6 1.000000
  6 -5.207499 -0.024810 68.337296 -0.201129 0.091107 -0.975319 0.139913 0.484925 1 6 1.000000
  6 -5.315002 -0.016753 68.377312 -0.470481 0.127363 -0.873170 0.157886 0.472758 1 6 1.000000
flash
  6 -5.207499 -0.024810 68.337296 -0.201129 0.091107 -0.975319 0.139913 0.484925 1 6 1.000000
  6 -5.338377 -0.280960 68.365189 -0.447369 0.063733 -0.892076 0.136626 0.436341 1 6 1.000000
  6 -5.315002 -0.016753 68.377312 -0.470481 0.127363 -0.873170 0.157886 0.472758 1 6 1.000000
flash
  6 -5.207499 -0.024810 68.337296 -0.201129 0.091107 -0.975319 0.139913 0.484925 1 6 1.000000
  6 -5.220730 -0.293436 68.325233 -0.177334 0.044274 -0.983154 0.114974 0.446388 1 6 1.000000
  6 -5.338377 -0.280960 68.365189 -0.447369 0.063733 -0.892076 0.136626 0.436341 1 6 1.000000
flash
  6 -5.223396 -0.611176 68.312469 -0.155267 0.045309 -0.986833 0.087680 0.400109 1 6 1.000000
  6 -5.338377 -0.280960 68.365189 -0.447369 0.063733 -0.892076 0.136626 0.436341 1 6 1.000000
  6 -5.220730 -0.293436 68.325233 -0.177334 0.044274 -0.983154 0.114974 0.446388 1 6 1.000000
flash
  6 -5.223396 -0.611176 68.312469 -0.155267 0.045309 -0.986833 0.087680 0.400109 1 6 1.000000
  6 -5.352170 -0.561759 68.354408 -0.420390 0.059836 -0.905368 0.115318 0.396842 1 6 1.000000
  6 -5.338377 -0.280960 68.365189 -0.447369 0.063733 -0.892076 0.136626 0.436341 1 6 1.000000
flash
  6 -5.225005 -0.984687 68.293465 -0.099176 0.074658 -0.992265 0.058051 0.348078 1 6 1.000000
  6 -5.352170 -0.561759 68.354408 -0.420390 0.059836 -0.905368 0.115318 0.396842 1 6 1.000000
  6 -5.223396 -0.611176 68.312469 -0.155267 0.045309 -0.986833 0.087680 0.400109 1 6 1.000000
flash
  6 -5.225005 -0.984687 68.293465 -0.099176 0.074658 -0.992265 0.058051 0.348078 1 6 1.000000
  6 -5.368104 -0.811374 68.345093 -0.396825 0.079491 -0.914446 0.097751 0.361161 1 6 1.000000
  6 -5.352170 -0.561759 68.354408 -0.420390 0.059836 -0.905368 0.115318 0.396842 1 6 1.000000
flash
  6 -5.368104 -0.811374 68.345093 -0.396825 0.079491 -0.914446 0.097751 0.361161 1 6 1.000000
  6 -5.225005 -0.984687 68.293465 -0.099176 0.074658 -0.992265 0.058051 0.348078 1 6 1.000000
  6 -5.289064 -1.108130 68.294128 -0.219390 0.085254 -0.971905 0.061927 0.326059 1 6 1.000000
flash
  6 -5.368104 -0.811374 68.345093 -0.396825 0.079491 -0.914446 0.097751 0.361161 1 6 1.000000
  6 -5.289064 -1.108130 68.294128 -0.219390 0.085254 -0.971905 0.061927 0.326059 1 6 1.000000
  6 -5.392519 -0.944356 68.342720 -0.407660 0.109749 -0.906514 0.091159 0.340778 1 6 1.000000
flash
  6 -5.392519 -0.944356 68.342720 -0.407660 0.109749 -0.906514 0.091159 0.340778 1 6 1.000000
  6 -5.289064 -1.108130 68.294128 -0.219390 0.085254 -0.971905 0.061927 0.326059 1 6 1.000000
  6 -5.323895 -1.196504 68.295448 -0.218465 0.069420 -0.973372 0.060288 0.310975 1 6 1.000000
flash
  6 -5.392519 -0.944356 68.342720 -0.407660 0.109749 -0.906514 0.091159 0.340778 1 6 1.000000
  6 -5.323895 -1.196504 68.295448 -0.218465 0.069420 -0.973372 0.060288 0.310975 1 6 1.000000
  6 -5.416828 -1.013018 68.343712 -0.372883 0.112691 -0.921010 0.089461 0.329211 1 6 1.000000
flash
  6 -5.499902 -0.840159 68.424126 -0.701741 0.106251 -0.704465 0.119785 0.345257 1 6 1.000000
  6 -5.392519 -0.944356 68.342720 -0.407660 0.109749 -0.906514 0.091159 0.340778 1 6 1.000000
  6 -5.416828 -1.013018 68.343712 -0.372883 0.112691 -0.921010 0.089461 0.329211 1 6 1.000000
flash
  6 -5.323895 -1.196504 68.295448 -0.218465 0.069420 -0.973372 0.060288 0.310975 1 6 1.000000
  6 -5.289064 -1.108130 68.294128 -0.219390 0.085254 -0.971905 0.061927 0.326059 1 6 1.000000
  6 -5.238681 -1.297359 68.272659 -0.091524 0.058001 -0.994112 0.039910 0.302794 1 6 1.000000
flash
  6 -5.225005 -0.984687 68.293465 -0.099176 0.074658 -0.992265 0.058051 0.348078 1 6 1.000000
  6 -5.238681 -1.297359 68.272659 -0.091524 0.058001 -0.994112 0.039910 0.302794 1 6 1.000000
  6 -5.289064 -1.108130 68.294128 -0.219390 0.085254 -0.971905 0.061927 0.326059 1 6 1.000000
flash
  6 -5.225005 -0.984687 68.293465 -0.099176 0.074658 -0.992265 0.058051 0.348078 1 6 1.000000
  6 -5.183056 -1.347692 68.270264 0.061973 0.046223 -0.997007 0.028860 0.296251 1 6 1.000000
  6 -5.238681 -1.297359 68.272659 -0.091524 0.058001 -0.994112 0.039910 0.302794 1 6 1.000000
flash
  6 -5.213737 -1.708786 68.253708 0.109005 0.039762 -0.993246 0.000221 0.245199 1 6 1.000000
  6 -5.238681 -1.297359 68.272659 -0.091524 0.058001 -0.994112 0.039910 0.302794 1 6 1.000000
  6 -5.183056 -1.347692 68.270264 0.061973 0.046223 -0.997007 0.028860 0.296251 1 6 1.000000
flash
  6 -5.213737 -1.708786 68.253708 0.109005 0.039762 -0.993246 0.000221 0.245199 1 6 1.000000
  6 -5.256039 -1.443012 68.268341 -0.103750 0.041858 -0.993722 0.030403 0.281309 1 6 1.000000
  6 -5.238681 -1.297359 68.272659 -0.091524 0.058001 -0.994112 0.039910 0.302794 1 6 1.000000
flash
  6 -5.323895 -1.196504 68.295448 -0.218465 0.069420 -0.973372 0.060288 0.310975 1 6 1.000000
  6 -5.238681 -1.297359 68.272659 -0.091524 0.058001 -0.994112 0.039910 0.302794 1 6 1.000000
  6 -5.256039 -1.443012 68.268341 -0.103750 0.041858 -0.993722 0.030403 0.281309 1 6 1.000000
flash
  6 4.909568 -0.636558 68.431816 -0.725584 0.104488 -0.680154 0.420200 0.294900 1 6 1.000000
  6 5.037177 -0.305817 68.357826 -0.518927 0.044011 -0.853685 0.447329 0.347531 1 6 1.000000
  6 5.015460 -0.633264 68.348915 -0.492228 0.066418 -0.867929 0.443151 0.294257 1 6 1.000000
flash
  6 5.124064 -0.299682 68.322136 -0.175155 0.037219 -0.983837 0.463095 0.347618 1 6 1.000000
  6 5.015460 -0.633264 68.348915 -0.492228 0.066418 -0.867929 0.443151 0.294257 1 6 1.000000
  6 5.037177 -0.305817 68.357826 -0.518927 0.044011 -0.853685 0.447329 0.347531 1 6 1.000000
flash
  6 5.124064 -0.299682 68.322136 -0.175155 0.037219 -0.983837 0.463095 0.347618 1 6 1.000000
  6 5.115517 -0.629468 68.310013 -0.174155 0.045636 -0.983660 0.461025 0.294000 1 6 1.000000
  6 5.015460 -0.633264 68.348915 -0.492228 0.066418 -0.867929 0.443151 0.294257 1 6 1.000000
flash
  6 5.115517 -0.629468 68.310013 -0.174155 0.045636 -0.983660 0.461025 0.294000 1 6 1.000000
  6 4.985698 -1.012483 68.335670 -0.447338 0.067700 -0.891799 0.438680 0.232567 1 6 1.000000
  6 5.015460 -0.633264 68.348915 -0.492228 0.066418 -0.867929 0.443151 0.294257 1 6 1.000000
flash
  6 4.861598 -1.022480 68.419067 -0.672893 0.109347 -0.731614 0.413527 0.231685 1 6 1.000000
  6 5.015460 -0.633264 68.348915 -0.492228 0.066418 -0.867929 0.443151 0.294257 1 6 1.000000
  6 4.985698 -1.012483 68.335670 -0.447338 0.067700 -0.891799 0.438680 0.232567 1 6 1.000000
flash
  6 4.861598 -1.022480 68.419067 -0.672893 0.109347 -0.731614 0.413527 0.231685 1 6 1.000000
  6 4.909568 -0.636558 68.431816 -0.725584 0.104488 -0.680154 0.420200 0.294900 1 6 1.000000
  6 5.015460 -0.633264 68.348915 -0.492228 0.066418 -0.867929 0.443151 0.294257 1 6 1.000000
flash
  6 4.763258 -1.034487 68.538239 -0.892443 0.160036 -0.421822 0.386102 0.231527 1 6 1.000000
  6 4.909568 -0.636558 68.431816 -0.725584 0.104488 -0.680154 0.420200 0.294900 1 6 1.000000
  6 4.861598 -1.022480 68.419067 -0.672893 0.109347 -0.731614 0.413527 0.231685 1 6 1.000000
flash
  6 5.127133 -0.632631 69.016838 -0.144068 -0.000756 0.989568 0.281720 0.321027 1 6 1.000000
  6 4.963212 -0.651237 68.957222 -0.527520 0.026258 0.849137 0.310550 0.310381 1 6 1.000000
  6 4.908418 -1.064879 68.940636 -0.523878 0.048064 0.850436 0.300477 0.243558 1 6 1.000000
flash
  6 4.963212 -0.651237 68.957222 -0.527520 0.026258 0.849137 0.310550 0.310381 1 6 1.000000
  6 4.777960 -1.057955 68.821510 -0.829935 0.113307 0.546232 0.331387 0.236754 1 6 1.000000
  6 4.908418 -1.064879 68.940636 -0.523878 0.048064 0.850436 0.300477 0.243558 1 6 1.000000
flash
  6 4.963212 -0.651237 68.957222 -0.527520 0.026258 0.849137 0.310550 0.310381 1 6 1.000000
  6 4.847318 -0.649184 68.844475 -0.846206 0.095191 0.524285 0.339228 0.304033 1 6 1.000000
  6 4.777960 -1.057955 68.821510 -0.829935 0.113307 0.546232 0.331387 0.236754 1 6 1.000000
flash
  6 4.847318 -0.649184 68.844475 -0.846206 0.095191 0.524285 0.339228 0.304033 1 6 1.000000
  6 4.730392 -1.046676 68.679794 -0.983976 0.168339 0.058766 0.359248 0.233000 1 6 1.000000
  6 4.777960 -1.057955 68.821510 -0.829935 0.113307 0.546232 0.331387 0.236754 1 6 1.000000
flash
  6 4.847318 -0.649184 68.844475 -0.846206 0.095191 0.524285 0.339228 0.304033 1 6 1.000000
  6 4.801904 -0.648276 68.699883 -0.986099 0.152149 0.066780 0.366820 0.298963 1 6 1.000000
  6 4.730392 -1.046676 68.679794 -0.983976 0.168339 0.058766 0.359248 0.233000 1 6 1.000000
flash
  6 4.801904 -0.648276 68.699883 -0.986099 0.152149 0.066780 0.366820 0.298963 1 6 1.000000
  6 4.763258 -1.034487 68.538239 -0.892443 0.160036 -0.421822 0.386102 0.231527 1 6 1.000000
  6 4.730392 -1.046676 68.679794 -0.983976 0.168339 0.058766 0.359248 0.233000 1 6 1.000000
flash
  6 4.801904 -0.648276 68.699883 -0.986099 0.152149 0.066780 0.366820 0.298963 1 6 1.000000
  6 4.826461 -0.639968 68.553215 -0.922183 0.146018 -0.358130 0.393942 0.296618 1 6 1.000000
  6 4.763258 -1.034487 68.538239 -0.892443 0.160036 -0.421822 0.386102 0.231527 1 6 1.000000
flash
  6 4.763258 -1.034487 68.538239 -0.892443 0.160036 -0.421822 0.386102 0.231527 1 6 1.000000
  6 4.826461 -0.639968 68.553215 -0.922183 0.146018 -0.358130 0.393942 0.296618 1 6 1.000000
  6 4.909568 -0.636558 68.431816 -0.725584 0.104488 -0.680154 0.420200 0.294900 1 6 1.000000
flash
  6 4.826461 -0.639968 68.553215 -0.922183 0.146018 -0.358130 0.393942 0.296618 1 6 1.000000
  6 4.946895 -0.314891 68.434486 -0.755376 0.070523 -0.651486 0.426992 0.347539 1 6 1.000000
  6 4.909568 -0.636558 68.431816 -0.725584 0.104488 -0.680154 0.420200 0.294900 1 6 1.000000
flash
  6 4.909568 -0.636558 68.431816 -0.725584 0.104488 -0.680154 0.420200 0.294900 1 6 1.000000
  6 4.946895 -0.314891 68.434486 -0.755376 0.070523 -0.651486 0.426992 0.347539 1 6 1.000000
  6 5.037177 -0.305817 68.357826 -0.518927 0.044011 -0.853685 0.447329 0.347531 1 6 1.000000
flash
  6 4.946895 -0.314891 68.434486 -0.755376 0.070523 -0.651486 0.426992 0.347539 1 6 1.000000
  6 5.044466 -0.054836 68.360558 -0.480432 0.002061 -0.877029 0.450367 0.387978 1 6 1.000000
  6 5.037177 -0.305817 68.357826 -0.518927 0.044011 -0.853685 0.447329 0.347531 1 6 1.000000
flash
  6 5.124064 -0.299682 68.322136 -0.175155 0.037219 -0.983837 0.463095 0.347618 1 6 1.000000
  6 5.037177 -0.305817 68.357826 -0.518927 0.044011 -0.853685 0.447329 0.347531 1 6 1.000000
  6 5.044466 -0.054836 68.360558 -0.480432 0.002061 -0.877029 0.450367 0.387978 1 6 1.000000
flash
  6 5.124064 -0.299682 68.322136 -0.175155 0.037219 -0.983837 0.463095 0.347618 1 6 1.000000
  6 5.044466 -0.054836 68.360558 -0.480432 0.002061 -0.877029 0.450367 0.387978 1 6 1.000000
  6 5.121673 -0.041871 68.331955 -0.143648 0.045559 -0.988580 0.464087 0.389374 1 6 1.000000
flash
  6 5.220726 -0.293432 68.325233 0.177300 0.044274 -0.983160 0.476256 0.347295 1 6 1.000000
  6 5.124064 -0.299682 68.322136 -0.175155 0.037219 -0.983837 0.463095 0.347618 1 6 1.000000
  6 5.121673 -0.041871 68.331955 -0.143648 0.045559 -0.988580 0.464087 0.389374 1 6 1.000000
flash
  6 5.220726 -0.293432 68.325233 0.177300 0.044274 -0.983160 0.476256 0.347295 1 6 1.000000
  6 5.115517 -0.629468 68.310013 -0.174155 0.045636 -0.983660 0.461025 0.294000 1 6 1.000000
  6 5.124064 -0.299682 68.322136 -0.175155 0.037219 -0.983837 0.463095 0.347618 1 6 1.000000
flash
  6 5.220726 -0.293432 68.325233 0.177300 0.044274 -0.983160 0.476256 0.347295 1 6 1.000000
  6 5.223392 -0.611172 68.312469 0.155263 0.045309 -0.986834 0.475889 0.293811 1 6 1.000000
  6 5.115517 -0.629468 68.310013 -0.174155 0.045636 -0.983660 0.461025 0.294000 1 6 1.000000
flash
  6 5.223392 -0.611172 68.312469 0.155263 0.045309 -0.986834 0.475889 0.293811 1 6 1.000000
  6 5.100626 -1.003976 68.295479 -0.183645 0.054298 -0.981492 0.458791 0.233386 1 6 1.000000
  6 5.115517 -0.629468 68.310013 -0.174155 0.045636 -0.983660 0.461025 0.294000 1 6 1.000000
flash
  6 5.223392 -0.611172 68.312469 0.155263 0.045309 -0.986834 0.475889 0.293811 1 6 1.000000
  6 5.224999 -0.984683 68.293465 0.099168 0.074658 -0.992266 0.475791 0.234082 1 6 1.000000
  6 5.100626 -1.003976 68.295479 -0.183645 0.054298 -0.981492 0.458791 0.233386 1 6 1.000000
flash
  6 5.346701 -2.130582 68.944672 -0.037605 -0.994144 -0.101307 0.108645 0.767725 1 6 1.000000
  6 5.449522 -2.128715 68.867188 -0.064253 -0.994638 -0.081033 0.104762 0.787615 1 6 1.000000
  6 5.455913 -2.129588 68.872841 -0.064281 -0.994636 -0.081037 0.106008 0.788129 1 6 1.000000
flash
  6 5.346701 -2.130582 68.944672 -0.037605 -0.994144 -0.101307 0.108645 0.767725 1 6 1.000000
  6 5.455913 -2.129588 68.872841 -0.064281 -0.994636 -0.081037 0.106008 0.788129 1 6 1.000000
  6 5.350434 -2.131504 68.952332 -0.037621 -0.994136 -0.101381 0.109992 0.767725 1 6 1.000000
flash
  6 5.222233 -2.131377 68.977646 -0.005142 -0.993950 -0.109709 0.104760 0.747837 1 6 1.000000
  6 5.346701 -2.130582 68.944672 -0.037605 -0.994144 -0.101307 0.108645 0.767725 1 6 1.000000
  6 5.350434 -2.131504 68.952332 -0.037621 -0.994136 -0.101381 0.109992 0.767725 1 6 1.000000
flash
  6 5.222233 -2.131377 68.977646 -0.005142 -0.993950 -0.109709 0.104760 0.747837 1 6 1.000000
  6 5.350434 -2.131504 68.952332 -0.037621 -0.994136 -0.101381 0.109992 0.767725 1 6 1.000000
  6 5.222749 -2.132318 68.986153 -0.005141 -0.993955 -0.109669 0.106008 0.747322 1 6 1.000000
flash
  6 5.094718 -2.130946 68.959755 0.028130 -0.994036 -0.105363 0.093486 0.730998 1 6 1.000000
  6 5.222233 -2.131377 68.977646 -0.005142 -0.993950 -0.109709 0.104760 0.747837 1 6 1.000000
  6 5.222749 -2.132318 68.986153 -0.005141 -0.993955 -0.109669 0.106008 0.747322 1 6 1.000000
flash
  6 5.094718 -2.130946 68.959755 0.028130 -0.994036 -0.105363 0.093486 0.730998 1 6 1.000000
  6 5.222749 -2.132318 68.986153 -0.005141 -0.993955 -0.109669 0.106008 0.747322 1 6 1.000000
  6 5.091932 -2.131877 68.967796 0.028093 -0.994046 -0.105277 0.094441 0.730048 1 6 1.000000
flash
  6 4.983386 -2.129387 68.895088 0.056999 -0.994470 -0.088208 0.076706 0.719639 1 6 1.000000
  6 5.094718 -2.130946 68.959755 0.028130 -0.994036 -0.105363 0.093486 0.730998 1 6 1.000000
  6 5.091932 -2.131877 68.967796 0.028093 -0.994046 -0.105277 0.094441 0.730048 1 6 1.000000
flash
  6 4.983386 -2.129387 68.895088 0.056999 -0.994470 -0.088208 0.076706 0.719639 1 6 1.000000
  6 5.091932 -2.131877 68.967796 0.028093 -0.994046 -0.105277 0.094441 0.730048 1 6 1.000000
  6 4.977715 -2.130278 68.901466 0.057049 -0.994458 -0.088307 0.077226 0.718395 1 6 1.000000
flash
  6 4.905877 -2.126910 68.792297 0.077305 -0.995104 -0.061577 0.056573 0.715008 1 6 1.000000
  6 4.983386 -2.129387 68.895088 0.056999 -0.994470 -0.088208 0.076706 0.719639 1 6 1.000000
  6 4.977715 -2.130278 68.901466 0.057049 -0.994458 -0.088307 0.077226 0.718395 1 6 1.000000
flash
  6 4.905877 -2.126910 68.792297 0.077305 -0.995104 -0.061577 0.056573 0.715008 1 6 1.000000
  6 4.977715 -2.130278 68.901466 0.057049 -0.994458 -0.088307 0.077226 0.718395 1 6 1.000000
  6 4.898198 -2.127736 68.796005 0.077346 -0.995099 -0.061602 0.056572 0.713644 1 6 1.000000
flash
  6 4.872891 -2.123909 68.667862 0.085757 -0.995890 -0.029138 0.034817 0.714254 1 6 1.000000
  6 4.905877 -2.126910 68.792297 0.077305 -0.995104 -0.061577 0.056573 0.715008 1 6 1.000000
  6 4.898198 -2.127736 68.796005 0.077346 -0.995099 -0.061602 0.056572 0.713644 1 6 1.000000
flash
  6 4.872891 -2.123909 68.667862 0.085757 -0.995890 -0.029138 0.034817 0.714254 1 6 1.000000
  6 4.898198 -2.127736 68.796005 0.077346 -0.995099 -0.061602 0.056572 0.713644 1 6 1.000000
  6 4.864365 -2.124659 68.668365 0.085813 -0.995884 -0.029155 0.034252 0.712870 1 6 1.000000
flash
  6 4.864365 -2.124659 68.668365 0.085813 -0.995884 -0.029155 0.034252 0.712870 1 6 1.000000
  6 4.890522 -2.128562 68.799721 0.077371 -0.995095 -0.061636 0.056570 0.712280 1 6 1.000000
  6 4.855834 -2.125408 68.668846 0.085857 -0.995881 -0.029132 0.033688 0.711486 1 6 1.000000
flash
  6 4.864365 -2.124659 68.668365 0.085813 -0.995884 -0.029155 0.034252 0.712870 1 6 1.000000
  6 4.898198 -2.127736 68.796005 0.077346 -0.995099 -0.061602 0.056572 0.713644 1 6 1.000000
  6 4.890522 -2.128562 68.799721 0.077371 -0.995095 -0.061636 0.056570 0.712280 1 6 1.000000
flash
  6 4.898198 -2.127736 68.796005 0.077346 -0.995099 -0.061602 0.056572 0.713644 1 6 1.000000
  6 4.972046 -2.131169 68.907829 0.057105 -0.994449 -0.088374 0.077746 0.717151 1 6 1.000000
  6 4.890522 -2.128562 68.799721 0.077371 -0.995095 -0.061636 0.056570 0.712280 1 6 1.000000
flash
  6 4.898198 -2.127736 68.796005 0.077346 -0.995099 -0.061602 0.056572 0.713644 1 6 1.000000
  6 4.977715 -2.130278 68.901466 0.057049 -0.994458 -0.088307 0.077226 0.718395 1 6 1.000000
  6 4.972046 -2.131169 68.907829 0.057105 -0.994449 -0.088374 0.077746 0.717151 1 6 1.000000
flash
  6 4.977715 -2.130278 68.901466 0.057049 -0.994458 -0.088307 0.077226 0.718395 1 6 1.000000
  6 5.089148 -2.132808 68.975853 0.028051 -0.994053 -0.105221 0.095397 0.729098 1 6 1.000000
  6 4.972046 -2.131169 68.907829 0.057105 -0.994449 -0.088374 0.077746 0.717151 1 6 1.000000
flash
  6 4.977715 -2.130278 68.901466 0.057049 -0.994458 -0.088307 0.077226 0.718395 1 6 1.000000
  6 5.091932 -2.131877 68.967796 0.028093 -0.994046 -0.105277 0.094441 0.730048 1 6 1.000000
  6 5.089148 -2.132808 68.975853 0.028051 -0.994053 -0.105221 0.095397 0.729098 1 6 1.000000
flash
  6 5.091932 -2.131877 68.967796 0.028093 -0.994046 -0.105277 0.094441 0.730048 1 6 1.000000
  6 5.223264 -2.133262 68.994675 -0.005140 -0.993959 -0.109634 0.107255 0.746808 1 6 1.000000
  6 5.089148 -2.132808 68.975853 0.028051 -0.994053 -0.105221 0.095397 0.729098 1 6 1.000000
flash
  6 5.091932 -2.131877 68.967796 0.028093 -0.994046 -0.105277 0.094441 0.730048 1 6 1.000000
  6 5.222749 -2.132318 68.986153 -0.005141 -0.993955 -0.109669 0.106008 0.747322 1 6 1.000000
  6 5.223264 -2.133262 68.994675 -0.005140 -0.993959 -0.109634 0.107255 0.746808 1 6 1.000000
flash
  6 5.222749 -2.132318 68.986153 -0.005141 -0.993955 -0.109669 0.106008 0.747322 1 6 1.000000
  6 5.354166 -2.132426 68.959984 -0.037638 -0.994130 -0.101434 0.111340 0.767726 1 6 1.000000
  6 5.223264 -2.133262 68.994675 -0.005140 -0.993959 -0.109634 0.107255 0.746808 1 6 1.000000
flash
  6 5.222749 -2.132318 68.986153 -0.005141 -0.993955 -0.109669 0.106008 0.747322 1 6 1.000000
  6 5.350434 -2.131504 68.952332 -0.037621 -0.994136 -0.101381 0.109992 0.767725 1 6 1.000000
  6 5.354166 -2.132426 68.959984 -0.037638 -0.994130 -0.101434 0.111340 0.767726 1 6 1.000000
flash
  6 5.350434 -2.131504 68.952332 -0.037621 -0.994136 -0.101381 0.109992 0.767725 1 6 1.000000
  6 5.462300 -2.130461 68.878487 -0.064313 -0.994634 -0.081034 0.107255 0.788643 1 6 1.000000
  6 5.354166 -2.132426 68.959984 -0.037638 -0.994130 -0.101434 0.111340 0.767726 1 6 1.000000
flash
  6 5.350434 -2.131504 68.952332 -0.037621 -0.994136 -0.101381 0.109992 0.767725 1 6 1.000000
  6 5.455913 -2.129588 68.872841 -0.064281 -0.994636 -0.081037 0.106008 0.788129 1 6 1.000000
  6 5.462300 -2.130461 68.878487 -0.064313 -0.994634 -0.081034 0.107255 0.788643 1 6 1.000000
flash
  6 5.455913 -2.129588 68.872841 -0.064281 -0.994636 -0.081037 0.106008 0.788129 1 6 1.000000
  6 5.530330 -2.127639 68.761421 -0.081389 -0.995318 -0.052142 0.095395 0.806353 1 6 1.000000
  6 5.462300 -2.130461 68.878487 -0.064313 -0.994634 -0.081034 0.107255 0.788643 1 6 1.000000
flash
  6 5.455913 -2.129588 68.872841 -0.064281 -0.994636 -0.081037 0.106008 0.788129 1 6 1.000000
  6 5.522272 -2.126835 68.758652 -0.081409 -0.995316 -0.052143 0.094441 0.805404 1 6 1.000000
  6 5.530330 -2.127639 68.761421 -0.081389 -0.995318 -0.052142 0.095395 0.806353 1 6 1.000000
flash
  6 5.522272 -2.126835 68.758652 -0.081409 -0.995316 -0.052143 0.094441 0.805404 1 6 1.000000
  6 5.549148 -2.124406 68.627342 -0.085869 -0.996128 -0.018866 0.077745 0.818301 1 6 1.000000
  6 5.530330 -2.127639 68.761421 -0.081389 -0.995318 -0.052142 0.095395 0.806353 1 6 1.000000
flash
  6 5.522272 -2.126835 68.758652 -0.081409 -0.995316 -0.052143 0.094441 0.805404 1 6 1.000000
  6 5.540633 -2.123684 68.627869 -0.085941 -0.996122 -0.018858 0.077225 0.817058 1 6 1.000000
  6 5.549148 -2.124406 68.627342 -0.085869 -0.996128 -0.018866 0.077745 0.818301 1 6 1.000000
flash
  6 5.540633 -2.123684 68.627869 -0.085941 -0.996122 -0.018858 0.077225 0.817058 1 6 1.000000
  6 5.514455 -2.121253 68.496483 -0.077520 -0.996897 0.013663 0.056847 0.822491 1 6 1.000000
  6 5.549148 -2.124406 68.627342 -0.085869 -0.996128 -0.018866 0.077745 0.818301 1 6 1.000000
flash
  6 5.540633 -2.123684 68.627869 -0.085941 -0.996122 -0.018858 0.077225 0.817058 1 6 1.000000
  6 5.506796 -2.120606 68.500221 -0.077524 -0.996897 0.013675 0.056842 0.821145 1 6 1.000000
  6 5.514455 -2.121253 68.496483 -0.077520 -0.996897 0.013663 0.056847 0.822491 1 6 1.000000
flash
  6 4.955461 -2.118154 68.429062 0.064491 -0.997367 0.033181 0.008186 0.748323 1 6 1.000000
  6 4.890780 -2.120837 68.540375 0.081412 -0.996672 0.004139 0.019017 0.730730 1 6 1.000000
  6 4.882724 -2.121507 68.537575 0.081377 -0.996675 0.004109 0.018046 0.729774 1 6 1.000000
flash
  6 4.955461 -2.118154 68.429062 0.064491 -0.997367 0.033181 0.008186 0.748323 1 6 1.000000
  6 4.882724 -2.121507 68.537575 0.081377 -0.996675 0.004109 0.018046 0.729774 1 6 1.000000
  6 4.949085 -2.118754 68.423393 0.064433 -0.997372 0.033129 0.006937 0.747822 1 6 1.000000
flash
  6 5.058278 -2.116286 68.351570 0.037709 -0.997855 0.053507 0.004501 0.768248 1 6 1.000000
  6 4.955461 -2.118154 68.429062 0.064491 -0.997367 0.033181 0.008186 0.748323 1 6 1.000000
  6 4.949085 -2.118754 68.423393 0.064433 -0.997372 0.033129 0.006937 0.747822 1 6 1.000000
flash
  6 5.058278 -2.116286 68.351570 0.037709 -0.997855 0.053507 0.004501 0.768248 1 6 1.000000
  6 4.949085 -2.118754 68.423393 0.064433 -0.997372 0.033129 0.006937 0.747822 1 6 1.000000
  6 5.054562 -2.116838 68.343895 0.037741 -0.997849 0.053602 0.003158 0.768263 1 6 1.000000
flash
  6 5.182751 -2.115491 68.318604 0.005170 -0.998012 0.062805 0.008586 0.788097 1 6 1.000000
  6 5.058278 -2.116286 68.351570 0.037709 -0.997855 0.053507 0.004501 0.768248 1 6 1.000000
  6 5.054562 -2.116838 68.343895 0.037741 -0.997849 0.053602 0.003158 0.768263 1 6 1.000000
flash
  6 5.182751 -2.115491 68.318604 0.005170 -0.998012 0.062805 0.008586 0.788097 1 6 1.000000
  6 5.054562 -2.116838 68.343895 0.037741 -0.997849 0.053602 0.003158 0.768263 1 6 1.000000
  6 5.182249 -2.116023 68.310066 0.005144 -0.998069 0.061894 0.007347 0.788625 1 6 1.000000
flash
  6 5.310277 -2.115922 68.336510 -0.028105 -0.997966 0.057225 0.020031 0.804823 1 6 1.000000
  6 5.182751 -2.115491 68.318604 0.005170 -0.998012 0.062805 0.008586 0.788097 1 6 1.000000
  6 5.182249 -2.116023 68.310066 0.005144 -0.998069 0.061894 0.007347 0.788625 1 6 1.000000
flash
  6 5.310277 -2.115922 68.336510 -0.028105 -0.997966 0.057225 0.020031 0.804823 1 6 1.000000
  6 5.182249 -2.116023 68.310066 0.005144 -0.998069 0.061894 0.007347 0.788625 1 6 1.000000
  6 5.313063 -2.116465 68.328430 -0.028141 -0.997956 0.057377 0.019086 0.805782 1 6 1.000000
flash
  6 5.421626 -2.117482 68.401184 -0.057118 -0.997552 0.040347 0.036928 0.816015 1 6 1.000000
  6 5.310277 -2.115922 68.336510 -0.028105 -0.997966 0.057225 0.020031 0.804823 1 6 1.000000
  6 5.313063 -2.116465 68.328430 -0.028141 -0.997956 0.057377 0.019086 0.805782 1 6 1.000000
flash
  6 5.421626 -2.117482 68.401184 -0.057118 -0.997552 0.040347 0.036928 0.816015 1 6 1.000000
  6 5.313063 -2.116465 68.328430 -0.028141 -0.997956 0.057377 0.019086 0.805782 1 6 1.000000
  6 5.427280 -2.118064 68.394783 -0.057064 -0.997557 0.040297 0.036418 0.817263 1 6 1.000000
flash
  6 5.499138 -2.119958 68.503975 -0.077545 -0.996895 0.013657 0.056837 0.819800 1 6 1.000000
  6 5.421626 -2.117482 68.401184 -0.057118 -0.997552 0.040347 0.036928 0.816015 1 6 1.000000
  6 5.427280 -2.118064 68.394783 -0.057064 -0.997557 0.040297 0.036418 0.817263 1 6 1.000000
flash
  6 5.499138 -2.119958 68.503975 -0.077545 -0.996895 0.013657 0.056837 0.819800 1 6 1.000000
  6 5.427280 -2.118064 68.394783 -0.057064 -0.997557 0.040297 0.036418 0.817263 1 6 1.000000
  6 5.506796 -2.120606 68.500221 -0.077524 -0.996897 0.013675 0.056842 0.821145 1 6 1.000000
flash
  6 5.532118 -2.122959 68.628403 -0.086036 -0.996113 -0.018871 0.076706 0.815816 1 6 1.000000
  6 5.499138 -2.119958 68.503975 -0.077545 -0.996895 0.013657 0.056837 0.819800 1 6 1.000000
  6 5.506796 -2.120606 68.500221 -0.077524 -0.996897 0.013675 0.056842 0.821145 1 6 1.000000
flash
  6 5.532118 -2.122959 68.628403 -0.086036 -0.996113 -0.018871 0.076706 0.815816 1 6 1.000000
  6 5.506796 -2.120606 68.500221 -0.077524 -0.996897 0.013675 0.056842 0.821145 1 6 1.000000
  6 5.540633 -2.123684 68.627869 -0.085941 -0.996122 -0.018858 0.077225 0.817058 1 6 1.000000
flash
  6 5.514215 -2.126032 68.755890 -0.081433 -0.995313 -0.052163 0.093487 0.804455 1 6 1.000000
  6 5.532118 -2.122959 68.628403 -0.086036 -0.996113 -0.018871 0.076706 0.815816 1 6 1.000000
  6 5.540633 -2.123684 68.627869 -0.085941 -0.996122 -0.018858 0.077225 0.817058 1 6 1.000000
flash
  6 5.514215 -2.126032 68.755890 -0.081433 -0.995313 -0.052163 0.093487 0.804455 1 6 1.000000
  6 5.540633 -2.123684 68.627869 -0.085941 -0.996122 -0.018858 0.077225 0.817058 1 6 1.000000
  6 5.522272 -2.126835 68.758652 -0.081409 -0.995316 -0.052143 0.094441 0.805404 1 6 1.000000
flash
  6 5.449522 -2.128715 68.867188 -0.064253 -0.994638 -0.081033 0.104762 0.787615 1 6 1.000000
  6 5.514215 -2.126032 68.755890 -0.081433 -0.995313 -0.052163 0.093487 0.804455 1 6 1.000000
  6 5.522272 -2.126835 68.758652 -0.081409 -0.995316 -0.052143 0.094441 0.805404 1 6 1.000000
flash
  6 5.449522 -2.128715 68.867188 -0.064253 -0.994638 -0.081033 0.104762 0.787615 1 6 1.000000
  6 5.522272 -2.126835 68.758652 -0.081409 -0.995316 -0.052143 0.094441 0.805404 1 6 1.000000
  6 5.455913 -2.129588 68.872841 -0.064281 -0.994636 -0.081037 0.106008 0.788129 1 6 1.000000
flash
  6 5.506796 -2.120606 68.500221 -0.077524 -0.996897 0.013675 0.056842 0.821145 1 6 1.000000
  6 5.432938 -2.118647 68.388374 -0.057009 -0.997561 0.040264 0.035909 0.818510 1 6 1.000000
  6 5.514455 -2.121253 68.496483 -0.077520 -0.996897 0.013663 0.056847 0.822491 1 6 1.000000
flash
  6 5.506796 -2.120606 68.500221 -0.077524 -0.996897 0.013675 0.056842 0.821145 1 6 1.000000
  6 5.427280 -2.118064 68.394783 -0.057064 -0.997557 0.040297 0.036418 0.817263 1 6 1.000000
  6 5.432938 -2.118647 68.388374 -0.057009 -0.997561 0.040264 0.035909 0.818510 1 6 1.000000
flash
  6 5.427280 -2.118064 68.394783 -0.057064 -0.997557 0.040297 0.036418 0.817263 1 6 1.000000
  6 5.315849 -2.117008 68.320366 -0.028179 -0.997949 0.057484 0.018141 0.806741 1 6 1.000000
  6 5.432938 -2.118647 68.388374 -0.057009 -0.997561 0.040264 0.035909 0.818510 1 6 1.000000
flash
  6 5.427280 -2.118064 68.394783 -0.057064 -0.997557 0.040297 0.036418 0.817263 1 6 1.000000
  6 5.313063 -2.116465 68.328430 -0.028141 -0.997956 0.057377 0.019086 0.805782 1 6 1.000000
  6 5.315849 -2.117008 68.320366 -0.028179 -0.997949 0.057484 0.018141 0.806741 1 6 1.000000
flash
  6 5.313063 -2.116465 68.328430 -0.028141 -0.997956 0.057377 0.019086 0.805782 1 6 1.000000
  6 5.181746 -2.116555 68.301544 0.005137 -0.998063 0.062000 0.006107 0.789153 1 6 1.000000
  6 5.315849 -2.117008 68.320366 -0.028179 -0.997949 0.057484 0.018141 0.806741 1 6 1.000000
flash
  6 5.313063 -2.116465 68.328430 -0.028141 -0.997956 0.057377 0.019086 0.805782 1 6 1.000000
  6 5.182249 -2.116023 68.310066 0.005144 -0.998069 0.061894 0.007347 0.788625 1 6 1.000000
  6 5.181746 -2.116555 68.301544 0.005137 -0.998063 0.062000 0.006107 0.789153 1 6 1.000000
flash
  6 5.182249 -2.116023 68.310066 0.005144 -0.998069 0.061894 0.007347 0.788625 1 6 1.000000
  6 5.050848 -2.117391 68.336227 0.037714 -0.997863 0.053354 0.001814 0.768278 1 6 1.000000
  6 5.181746 -2.116555 68.301544 0.005137 -0.998063 0.062000 0.006107 0.789153 1 6 1.000000
flash
  6 5.182249 -2.116023 68.310066 0.005144 -0.998069 0.061894 0.007347 0.788625 1 6 1.000000
  6 5.054562 -2.116838 68.343895 0.037741 -0.997849 0.053602 0.003158 0.768263 1 6 1.000000
  6 5.050848 -2.117391 68.336227 0.037714 -0.997863 0.053354 0.001814 0.768278 1 6 1.000000
flash
  6 5.054562 -2.116838 68.343895 0.037741 -0.997849 0.053602 0.003158 0.768263 1 6 1.000000
  6 4.942708 -2.119355 68.417717 0.064383 -0.997376 0.033105 0.005688 0.747321 1 6 1.000000
  6 5.050848 -2.117391 68.336227 0.037714 -0.997863 0.053354 0.001814 0.768278 1 6 1.000000
flash
  6 5.054562 -2.116838 68.343895 0.037741 -0.997849 0.053602 0.003158 0.768263 1 6 1.000000
  6 4.949085 -2.118754 68.423393 0.064433 -0.997372 0.033129 0.006937 0.747822 1 6 1.000000
  6 4.942708 -2.119355 68.417717 0.064383 -0.997376 0.033105 0.005688 0.747321 1 6 1.000000
flash
  6 4.949085 -2.118754 68.423393 0.064433 -0.997372 0.033129 0.006937 0.747822 1 6 1.000000
  6 4.874668 -2.122176 68.534767 0.081344 -0.996678 0.004101 0.017075 0.728817 1 6 1.000000
  6 4.942708 -2.119355 68.417717 0.064383 -0.997376 0.033105 0.005688 0.747321 1 6 1.000000
flash
  6 4.949085 -2.118754 68.423393 0.064433 -0.997372 0.033129 0.006937 0.747822 1 6 1.000000
  6 4.882724 -2.121507 68.537575 0.081377 -0.996675 0.004109 0.018046 0.729774 1 6 1.000000
  6 4.874668 -2.122176 68.534767 0.081344 -0.996678 0.004101 0.017075 0.728817 1 6 1.000000
flash
  6 4.882724 -2.121507 68.537575 0.081377 -0.996675 0.004109 0.018046 0.729774 1 6 1.000000
  6 4.855834 -2.125408 68.668846 0.085857 -0.995881 -0.029132 0.032563 0.711957 1 6 1.000000
  6 4.874668 -2.122176 68.534767 0.081344 -0.996678 0.004101 0.017075 0.728817 1 6 1.000000
flash
  6 4.882724 -2.121507 68.537575 0.081377 -0.996675 0.004109 0.018046 0.729774 1 6 1.000000
  6 4.864365 -2.124659 68.668365 0.085813 -0.995884 -0.029155 0.033155 0.713329 1 6 1.000000
  6 4.855834 -2.125408 68.668846 0.085857 -0.995881 -0.029132 0.032563 0.711957 1 6 1.000000
flash
  6 4.890780 -2.120837 68.540375 0.081412 -0.996672 0.004139 0.019017 0.730730 1 6 1.000000
  6 4.864365 -2.124659 68.668365 0.085813 -0.995884 -0.029155 0.033155 0.713329 1 6 1.000000
  6 4.882724 -2.121507 68.537575 0.081377 -0.996675 0.004109 0.018046 0.729774 1 6 1.000000
flash
  6 4.890780 -2.120837 68.540375 0.081412 -0.996672 0.004139 0.019017 0.730730 1 6 1.000000
  6 4.872891 -2.123909 68.667862 0.085757 -0.995890 -0.029138 0.033748 0.714701 1 6 1.000000
  6 4.864365 -2.124659 68.668365 0.085813 -0.995884 -0.029155 0.033155 0.713329 1 6 1.000000
flash
  6 -5.326993 -0.269162 68.552429 0.000001 0.999710 0.024098 0.237637 0.711486 1 6 1.000000
  6 -5.202502 -0.272545 68.692764 0.000001 0.999710 0.024096 0.250153 0.741699 1 6 1.000000
  6 -5.263741 -0.268277 68.515694 0.000002 0.999710 0.024096 0.228789 0.720335 1 6 1.000000
flash
  6 -5.191291 -0.268032 68.505524 0.000002 0.999710 0.024097 0.219941 0.729185 1 6 1.000000
  6 -5.263741 -0.268277 68.515694 0.000002 0.999710 0.024096 0.228789 0.720335 1 6 1.000000
  6 -5.202502 -0.272545 68.692764 0.000001 0.999710 0.024096 0.250153 0.741699 1 6 1.000000
flash
  6 -5.191291 -0.268032 68.505524 0.000002 0.999710 0.024097 0.219941 0.729185 1 6 1.000000
  6 -5.202502 -0.272545 68.692764 0.000001 0.999710 0.024096 0.250153 0.741699 1 6 1.000000
  6 -5.120574 -0.268484 68.524261 0.000002 0.999710 0.024095 0.219940 0.741699 1 6 1.000000
flash
  6 -5.062154 -0.269545 68.568291 -0.000001 0.999710 0.024095 0.219940 0.754212 1 6 1.000000
  6 -5.120574 -0.268484 68.524261 0.000002 0.999710 0.024095 0.219940 0.741699 1 6 1.000000
  6 -5.202502 -0.272545 68.692764 0.000001 0.999710 0.024096 0.250153 0.741699 1 6 1.000000
flash
  6 -5.062154 -0.269545 68.568291 -0.000001 0.999710 0.024095 0.219940 0.754212 1 6 1.000000
  6 -5.202502 -0.272545 68.692764 0.000001 0.999710 0.024096 0.250153 0.741699 1 6 1.000000
  6 -5.025395 -0.271069 68.631523 0.000000 0.999710 0.024097 0.228789 0.763063 1 6 1.000000
flash
  6 -5.015221 -0.272815 68.703957 0.000002 0.999710 0.024096 0.237638 0.771913 1 6 1.000000
  6 -5.025395 -0.271069 68.631523 0.000000 0.999710 0.024097 0.228789 0.763063 1 6 1.000000
  6 -5.202502 -0.272545 68.692764 0.000001 0.999710 0.024096 0.250153 0.741699 1 6 1.000000
flash
  6 -5.015221 -0.272815 68.703957 0.000002 0.999710 0.024096 0.237638 0.771913 1 6 1.000000
  6 -5.202502 -0.272545 68.692764 0.000001 0.999710 0.024096 0.250153 0.741699 1 6 1.000000
  6 -5.033961 -0.274520 68.774666 0.000000 0.999710 0.024097 0.250153 0.771913 1 6 1.000000
flash
  6 -5.078002 -0.275928 68.833069 0.000003 0.999710 0.024096 0.262668 0.771913 1 6 1.000000
  6 -5.033961 -0.274520 68.774666 0.000000 0.999710 0.024097 0.250153 0.771913 1 6 1.000000
  6 -5.202502 -0.272545 68.692764 0.000001 0.999710 0.024096 0.250153 0.741699 1 6 1.000000
flash
  6 -5.078002 -0.275928 68.833069 0.000003 0.999710 0.024096 0.262668 0.771913 1 6 1.000000
  6 -5.202502 -0.272545 68.692764 0.000001 0.999710 0.024096 0.250153 0.741699 1 6 1.000000
  6 -5.141265 -0.276813 68.869812 0.000002 0.999710 0.024094 0.271517 0.763063 1 6 1.000000
flash
  6 -5.213719 -0.277058 68.879974 0.000000 0.999710 0.024095 0.280367 0.754212 1 6 1.000000
  6 -5.141265 -0.276813 68.869812 0.000002 0.999710 0.024094 0.271517 0.763063 1 6 1.000000
  6 -5.202502 -0.272545 68.692764 0.000001 0.999710 0.024096 0.250153 0.741699 1 6 1.000000
flash
  6 -5.213719 -0.277058 68.879974 0.000000 0.999710 0.024095 0.280367 0.754212 1 6 1.000000
  6 -5.202502 -0.272545 68.692764 0.000001 0.999710 0.024096 0.250153 0.741699 1 6 1.000000
  6 -5.284440 -0.276606 68.861229 0.000004 0.999710 0.024095 0.280367 0.741699 1 6 1.000000
flash
  6 -5.342856 -0.275545 68.817207 0.000001 0.999710 0.024094 0.280367 0.729185 1 6 1.000000
  6 -5.284440 -0.276606 68.861229 0.000004 0.999710 0.024095 0.280367 0.741699 1 6 1.000000
  6 -5.202502 -0.272545 68.692764 0.000001 0.999710 0.024096 0.250153 0.741699 1 6 1.000000
flash
  6 -5.342856 -0.275545 68.817207 0.000001 0.999710 0.024094 0.280367 0.729185 1 6 1.000000
  6 -5.202502 -0.272545 68.692764 0.000001 0.999710 0.024096 0.250153 0.741699 1 6 1.000000
  6 -5.379609 -0.274020 68.753967 -0.000001 0.999710 0.024095 0.271517 0.720335 1 6 1.000000
flash
  6 -5.389774 -0.272274 68.681526 0.000001 0.999710 0.024097 0.262666 0.711486 1 6 1.000000
  6 -5.379609 -0.274020 68.753967 -0.000001 0.999710 0.024095 0.271517 0.720335 1 6 1.000000
  6 -5.202502 -0.272545 68.692764 0.000001 0.999710 0.024096 0.250153 0.741699 1 6 1.000000
flash
  6 -5.389774 -0.272274 68.681526 0.000001 0.999710 0.024097 0.262666 0.711486 1 6 1.000000
  6 -5.202502 -0.272545 68.692764 0.000001 0.999710 0.024096 0.250153 0.741699 1 6 1.000000
  6 -5.371033 -0.270570 68.610832 0.000000 0.999710 0.024100 0.250152 0.711486 1 6 1.000000
flash
  6 -5.326993 -0.269162 68.552429 0.000001 0.999710 0.024098 0.237637 0.711486 1 6 1.000000
  6 -5.371033 -0.270570 68.610832 0.000000 0.999710 0.024100 0.250152 0.711486 1 6 1.000000
  6 -5.202502 -0.272545 68.692764 0.000001 0.999710 0.024096 0.250153 0.741699 1 6 1.000000
flash
  6 4.190733 0.567609 68.712990 0.000340 0.999695 0.024671 0.932303 0.990235 1 6 1.000000
  6 4.533565 0.538010 68.840935 0.001980 0.906698 0.421775 0.878483 0.968310 1 6 1.000000
  6 4.521573 0.567746 68.712997 0.000346 0.999697 0.024594 0.883046 0.990813 1 6 1.000000
flash
  6 4.190733 0.567609 68.712990 0.000340 0.999695 0.024671 0.932303 0.990235 1 6 1.000000
  6 4.190733 0.538853 68.839592 0.004989 0.913248 0.407374 0.932060 0.968029 1 6 1.000000
  6 4.533565 0.538010 68.840935 0.001980 0.906698 0.421775 0.878483 0.968310 1 6 1.000000
flash
  6 4.190733 0.538853 68.839592 0.004989 0.913248 0.407374 0.932060 0.968029 1 6 1.000000
  6 4.564545 0.458155 68.947998 0.007532 0.663473 0.748162 0.873029 0.945242 1 6 1.000000
  6 4.533565 0.538010 68.840935 0.001980 0.906698 0.421775 0.878483 0.968310 1 6 1.000000
flash
  6 4.190733 0.538853 68.839592 0.004989 0.913248 0.407374 0.932060 0.968029 1 6 1.000000
  6 4.190733 0.464456 68.945976 0.013457 0.688086 0.725504 0.931836 0.945823 1 6 1.000000
  6 4.564545 0.458155 68.947998 0.007532 0.663473 0.748162 0.873029 0.945242 1 6 1.000000
flash
  6 4.190733 0.464456 68.945976 0.013457 0.688086 0.725504 0.931836 0.945823 1 6 1.000000
  6 4.603218 0.337289 69.016876 0.008700 0.337841 0.941163 0.866739 0.921441 1 6 1.000000
  6 4.564545 0.458155 68.947998 0.007532 0.663473 0.748162 0.873029 0.945242 1 6 1.000000
flash
  6 4.190733 0.464456 68.945976 0.013457 0.688086 0.725504 0.931836 0.945823 1 6 1.000000
  6 4.190733 0.354613 69.015175 0.012744 0.364035 0.931298 0.931647 0.923618 1 6 1.000000
  6 4.603218 0.337289 69.016876 0.008700 0.337841 0.941163 0.866739 0.921441 1 6 1.000000
flash
  6 4.521573 0.567746 68.712997 0.000346 0.999697 0.024594 0.883046 0.990813 1 6 1.000000
  6 4.876396 0.537167 68.842300 -0.000297 0.881810 0.471605 0.824906 0.968591 1 6 1.000000
  6 4.852410 0.567882 68.712997 0.000368 0.999682 0.025215 0.833789 0.991390 1 6 1.000000
flash
  6 4.521573 0.567746 68.712997 0.000346 0.999697 0.024594 0.883046 0.990813 1 6 1.000000
  6 4.533565 0.538010 68.840935 0.001980 0.906698 0.421775 0.878483 0.968310 1 6 1.000000
  6 4.876396 0.537167 68.842300 -0.000297 0.881810 0.471605 0.824906 0.968591 1 6 1.000000
flash
  6 4.533565 0.538010 68.840935 0.001980 0.906698 0.421775 0.878483 0.968310 1 6 1.000000
  6 4.938354 0.451855 68.950050 0.002883 0.590568 0.806983 0.814222 0.944661 1 6 1.000000
  6 4.876396 0.537167 68.842300 -0.000297 0.881810 0.471605 0.824906 0.968591 1 6 1.000000
flash
  6 4.533565 0.538010 68.840935 0.001980 0.906698 0.421775 0.878483 0.968310 1 6 1.000000
  6 4.564545 0.458155 68.947998 0.007532 0.663473 0.748162 0.873029 0.945242 1 6 1.000000
  6 4.938354 0.451855 68.950050 0.002883 0.590568 0.806983 0.814222 0.944661 1 6 1.000000
flash
  6 4.564545 0.458155 68.947998 0.007532 0.663473 0.748162 0.873029 0.945242 1 6 1.000000
  6 5.015698 0.319965 69.018616 0.004057 0.271955 0.962301 0.801831 0.919265 1 6 1.000000
  6 4.938354 0.451855 68.950050 0.002883 0.590568 0.806983 0.814222 0.944661 1 6 1.000000
flash
  6 4.564545 0.458155 68.947998 0.007532 0.663473 0.748162 0.873029 0.945242 1 6 1.000000
  6 4.603218 0.337289 69.016876 0.008700 0.337841 0.941163 0.866739 0.921441 1 6 1.000000
  6 5.015698 0.319965 69.018616 0.004057 0.271955 0.962301 0.801831 0.919265 1 6 1.000000
flash
  6 4.603218 0.337289 69.016876 0.008700 0.337841 0.941163 0.866739 0.921441 1 6 1.000000
  6 5.055484 0.179146 69.040512 -0.005913 -0.043759 0.999025 0.795406 0.895239 1 6 1.000000
  6 5.015698 0.319965 69.018616 0.004057 0.271955 0.962301 0.801831 0.919265 1 6 1.000000
flash
  6 4.603218 0.337289 69.016876 0.008700 0.337841 0.941163 0.866739 0.921441 1 6 1.000000
  6 4.623109 0.202966 69.039139 -0.005077 -0.031491 0.999491 0.863453 0.898325 1 6 1.000000
  6 5.055484 0.179146 69.040512 -0.005913 -0.043759 0.999025 0.795406 0.895239 1 6 1.000000
flash
  6 4.190733 0.354613 69.015175 0.012744 0.364035 0.931298 0.931647 0.923618 1 6 1.000000
  6 4.623109 0.202966 69.039139 -0.005077 -0.031491 0.999491 0.863453 0.898325 1 6 1.000000
  6 4.603218 0.337289 69.016876 0.008700 0.337841 0.941163 0.866739 0.921441 1 6 1.000000
flash
  6 4.190733 0.354613 69.015175 0.012744 0.364035 0.931298 0.931647 0.923618 1 6 1.000000
  6 4.190733 0.226785 69.037796 -0.004047 -0.017171 0.999844 0.931501 0.901412 1 6 1.000000
  6 4.623109 0.202966 69.039139 -0.005077 -0.031491 0.999491 0.863453 0.898325 1 6 1.000000
flash
  6 4.190733 0.100189 69.009041 -0.021453 -0.401179 0.915748 0.931404 0.879205 1 6 1.000000
  6 4.623109 0.202966 69.039139 -0.005077 -0.031491 0.999491 0.863453 0.898325 1 6 1.000000
  6 4.190733 0.226785 69.037796 -0.004047 -0.017171 0.999844 0.931501 0.901412 1 6 1.000000
flash
  6 4.190733 0.100189 69.009041 -0.021453 -0.401179 0.915748 0.931404 0.879205 1 6 1.000000
  6 4.603978 0.082962 69.010818 -0.019765 -0.425016 0.904970 0.866376 0.877082 1 6 1.000000
  6 4.623109 0.202966 69.039139 -0.005077 -0.031491 0.999491 0.863453 0.898325 1 6 1.000000
flash
  6 4.603978 0.082962 69.010818 -0.019765 -0.425016 0.904970 0.866376 0.877082 1 6 1.000000
  6 5.055484 0.179146 69.040512 -0.005913 -0.043759 0.999025 0.795406 0.895239 1 6 1.000000
  6 4.623109 0.202966 69.039139 -0.005077 -0.031491 0.999491 0.863453 0.898325 1 6 1.000000
flash
  6 4.603978 0.082962 69.010818 -0.019765 -0.425016 0.904970 0.866376 0.877082 1 6 1.000000
  6 5.017220 0.065736 69.012634 -0.016097 -0.384976 0.922786 0.801349 0.874960 1 6 1.000000
  6 5.055484 0.179146 69.040512 -0.005913 -0.043759 0.999025 0.795406 0.895239 1 6 1.000000
flash
  6 4.565650 -0.012508 68.936760 -0.016732 -0.749954 0.661278 0.872378 0.856399 1 6 1.000000
  6 5.017220 0.065736 69.012634 -0.016097 -0.384976 0.922786 0.801349 0.874960 1 6 1.000000
  6 4.603978 0.082962 69.010818 -0.019765 -0.425016 0.904970 0.866376 0.877082 1 6 1.000000
flash
  6 4.565650 -0.012508 68.936760 -0.016732 -0.749954 0.661278 0.872378 0.856399 1 6 1.000000
  6 4.940566 -0.018811 68.938927 -0.013187 -0.737514 0.675203 0.813397 0.855801 1 6 1.000000
  6 5.017220 0.065736 69.012634 -0.016097 -0.384976 0.922786 0.801349 0.874960 1 6 1.000000
flash
  6 4.534393 -0.076618 68.826202 -0.006286 -0.940547 0.339606 0.877312 0.834773 1 6 1.000000
  6 4.940566 -0.018811 68.938927 -0.013187 -0.737514 0.675203 0.813397 0.855801 1 6 1.000000
  6 4.565650 -0.012508 68.936760 -0.016732 -0.749954 0.661278 0.872378 0.856399 1 6 1.000000
flash
  6 4.534393 -0.076618 68.826202 -0.006286 -0.940547 0.339606 0.877312 0.834773 1 6 1.000000
  6 4.878054 -0.077840 68.827614 -0.003935 -0.936681 0.350163 0.823255 0.834757 1 6 1.000000
  6 4.940566 -0.018811 68.938927 -0.013187 -0.737514 0.675203 0.813397 0.855801 1 6 1.000000
flash
  6 4.522126 -0.098505 68.696938 -0.002457 -0.999704 -0.024185 0.879287 0.812453 1 6 1.000000
  6 4.878054 -0.077840 68.827614 -0.003935 -0.936681 0.350163 0.823255 0.834757 1 6 1.000000
  6 4.534393 -0.076618 68.826202 -0.006286 -0.940547 0.339606 0.877312 0.834773 1 6 1.000000
flash
  6 4.522126 -0.098505 68.696938 -0.002457 -0.999704 -0.024185 0.879287 0.812453 1 6 1.000000
  6 4.853516 -0.098989 68.696915 -0.001469 -0.999717 -0.023739 0.827162 0.812324 1 6 1.000000
  6 4.878054 -0.077840 68.827614 -0.003935 -0.936681 0.350163 0.823255 0.834757 1 6 1.000000
flash
  6 4.522126 -0.098505 68.696938 -0.002457 -0.999704 -0.024185 0.879287 0.812453 1 6 1.000000
  6 4.876620 -0.071573 68.567650 -0.003816 -0.918363 -0.395720 0.823592 0.789891 1 6 1.000000
  6 4.853516 -0.098989 68.696915 -0.001469 -0.999717 -0.023739 0.827162 0.812324 1 6 1.000000
flash
  6 4.522126 -0.098505 68.696938 -0.002457 -0.999704 -0.024185 0.879287 0.812453 1 6 1.000000
  6 4.533678 -0.070418 68.569000 -0.006075 -0.922396 -0.386197 0.877535 0.790133 1 6 1.000000
  6 4.876620 -0.071573 68.567650 -0.003816 -0.918363 -0.395720 0.823592 0.789891 1 6 1.000000
flash
  6 4.533678 -0.070418 68.569000 -0.006075 -0.922396 -0.386197 0.877535 0.790133 1 6 1.000000
  6 4.929104 -0.007294 68.461098 -0.011385 -0.699603 -0.714441 0.815421 0.768933 1 6 1.000000
  6 4.876620 -0.071573 68.567650 -0.003816 -0.918363 -0.395720 0.823592 0.789891 1 6 1.000000
flash
  6 4.533678 -0.070418 68.569000 -0.006075 -0.922396 -0.386197 0.877535 0.790133 1 6 1.000000
  6 4.559919 -0.001077 68.462517 -0.014802 -0.712314 -0.701705 0.873500 0.768551 1 6 1.000000
  6 4.929104 -0.007294 68.461098 -0.011385 -0.699603 -0.714441 0.815421 0.768933 1 6 1.000000
flash
  6 4.559919 -0.001077 68.462517 -0.014802 -0.712314 -0.701705 0.873500 0.768551 1 6 1.000000
  6 4.984265 0.080614 68.395370 -0.010503 -0.343363 -0.939144 0.806852 0.750026 1 6 1.000000
  6 4.929104 -0.007294 68.461098 -0.011385 -0.699603 -0.714441 0.815421 0.768933 1 6 1.000000
flash
  6 4.559919 -0.001077 68.462517 -0.014802 -0.712314 -0.701705 0.873500 0.768551 1 6 1.000000
  6 4.587499 0.097804 68.395065 -0.013476 -0.372948 -0.927754 0.869288 0.747994 1 6 1.000000
  6 4.984265 0.080614 68.395370 -0.010503 -0.343363 -0.939144 0.806852 0.750026 1 6 1.000000
flash
  6 4.587499 0.097804 68.395065 -0.013476 -0.372948 -0.927754 0.869288 0.747994 1 6 1.000000
  6 5.009637 0.195181 68.375275 0.003735 0.002685 -0.999989 0.802981 0.730056 1 6 1.000000
  6 4.984265 0.080614 68.395370 -0.010503 -0.343363 -0.939144 0.806852 0.750026 1 6 1.000000
flash
  6 4.587499 0.097804 68.395065 -0.013476 -0.372948 -0.927754 0.869288 0.747994 1 6 1.000000
  6 4.600184 0.219005 68.373718 0.003298 0.014867 -0.999884 0.867424 0.726906 1 6 1.000000
  6 5.009637 0.195181 68.375275 0.003735 0.002685 -0.999989 0.802981 0.730056 1 6 1.000000
flash
  6 4.190735 -0.006206 68.934639 -0.021635 -0.725938 0.687420 0.931360 0.856997 1 6 1.000000
  6 4.603978 0.082962 69.010818 -0.019765 -0.425016 0.904970 0.866376 0.877082 1 6 1.000000
  6 4.190733 0.100189 69.009041 -0.021453 -0.401179 0.915748 0.931404 0.879205 1 6 1.000000
flash
  6 4.190735 -0.006206 68.934639 -0.021635 -0.725938 0.687420 0.931360 0.856997 1 6 1.000000
  6 4.565650 -0.012508 68.936760 -0.016732 -0.749954 0.661278 0.872378 0.856399 1 6 1.000000
  6 4.603978 0.082962 69.010818 -0.019765 -0.425016 0.904970 0.866376 0.877082 1 6 1.000000
flash
  6 4.190733 -0.075396 68.824783 -0.009645 -0.934223 0.356558 0.931368 0.834789 1 6 1.000000
  6 4.565650 -0.012508 68.936760 -0.016732 -0.749954 0.661278 0.872378 0.856399 1 6 1.000000
  6 4.190735 -0.006206 68.934639 -0.021635 -0.725938 0.687420 0.931360 0.856997 1 6 1.000000
flash
  6 4.190733 -0.075396 68.824783 -0.009645 -0.934223 0.356558 0.931368 0.834789 1 6 1.000000
  6 4.534393 -0.076618 68.826202 -0.006286 -0.940547 0.339606 0.877312 0.834773 1 6 1.000000
  6 4.565650 -0.012508 68.936760 -0.016732 -0.749954 0.661278 0.872378 0.856399 1 6 1.000000
flash
  6 4.190735 -0.098020 68.696945 -0.003623 -0.999702 -0.024123 0.931412 0.812582 1 6 1.000000
  6 4.534393 -0.076618 68.826202 -0.006286 -0.940547 0.339606 0.877312 0.834773 1 6 1.000000
  6 4.190733 -0.075396 68.824783 -0.009645 -0.934223 0.356558 0.931368 0.834789 1 6 1.000000
flash
  6 4.190735 -0.098020 68.696945 -0.003623 -0.999702 -0.024123 0.931412 0.812582 1 6 1.000000
  6 4.522126 -0.098505 68.696938 -0.002457 -0.999704 -0.024185 0.879287 0.812453 1 6 1.000000
  6 4.534393 -0.076618 68.826202 -0.006286 -0.940547 0.339606 0.877312 0.834773 1 6 1.000000
flash
  6 4.190735 -0.098020 68.696945 -0.003623 -0.999702 -0.024123 0.931412 0.812582 1 6 1.000000
  6 4.533678 -0.070418 68.569000 -0.006075 -0.922396 -0.386197 0.877535 0.790133 1 6 1.000000
  6 4.522126 -0.098505 68.696938 -0.002457 -0.999704 -0.024185 0.879287 0.812453 1 6 1.000000
flash
  6 4.190735 -0.098020 68.696945 -0.003623 -0.999702 -0.024123 0.931412 0.812582 1 6 1.000000
  6 4.190733 -0.069263 68.570358 -0.009092 -0.915806 -0.401518 0.931477 0.790376 1 6 1.000000
  6 4.533678 -0.070418 68.569000 -0.006075 -0.922396 -0.386197 0.877535 0.790133 1 6 1.000000
flash
  6 4.190733 -0.069263 68.570358 -0.009092 -0.915806 -0.401518 0.931477 0.790376 1 6 1.000000
  6 4.559919 -0.001077 68.462517 -0.014802 -0.712314 -0.701705 0.873500 0.768551 1 6 1.000000
  6 4.533678 -0.070418 68.569000 -0.006075 -0.922396 -0.386197 0.877535 0.790133 1 6 1.000000
flash
  6 4.190733 -0.069263 68.570358 -0.009092 -0.915806 -0.401518 0.931477 0.790376 1 6 1.000000
  6 4.190733 0.005140 68.463974 -0.018715 -0.691147 -0.722472 0.931579 0.768169 1 6 1.000000
  6 4.559919 -0.001077 68.462517 -0.014802 -0.712314 -0.701705 0.873500 0.768551 1 6 1.000000
flash
  6 4.190733 0.005140 68.463974 -0.018715 -0.691147 -0.722472 0.931579 0.768169 1 6 1.000000
  6 4.587499 0.097804 68.395065 -0.013476 -0.372948 -0.927754 0.869288 0.747994 1 6 1.000000
  6 4.559919 -0.001077 68.462517 -0.014802 -0.712314 -0.701705 0.873500 0.768551 1 6 1.000000
flash
  6 4.190733 0.005140 68.463974 -0.018715 -0.691147 -0.722472 0.931579 0.768169 1 6 1.000000
  6 4.190733 0.114995 68.394783 -0.014521 -0.355491 -0.934567 0.931724 0.745963 1 6 1.000000
  6 4.587499 0.097804 68.395065 -0.013476 -0.372948 -0.927754 0.869288 0.747994 1 6 1.000000
flash
  6 4.190733 0.114995 68.394783 -0.014521 -0.355491 -0.934567 0.931724 0.745963 1 6 1.000000
  6 4.600184 0.219005 68.373718 0.003298 0.014867 -0.999884 0.867424 0.726906 1 6 1.000000
  6 4.587499 0.097804 68.395065 -0.013476 -0.372948 -0.927754 0.869288 0.747994 1 6 1.000000
flash
  6 4.190733 0.114995 68.394783 -0.014521 -0.355491 -0.934567 0.931724 0.745963 1 6 1.000000
  6 4.190733 0.242830 68.372162 0.003007 0.029562 -0.999558 0.931867 0.723756 1 6 1.000000
  6 4.600184 0.219005 68.373718 0.003298 0.014867 -0.999884 0.867424 0.726906 1 6 1.000000
flash
  6 4.190733 0.242830 68.372162 0.003007 0.029562 -0.999558 0.931867 0.723756 1 6 1.000000
  6 4.586739 0.352128 68.401276 0.014269 0.370293 -0.928805 0.869649 0.703909 1 6 1.000000
  6 4.600184 0.219005 68.373718 0.003298 0.014867 -0.999884 0.867424 0.726906 1 6 1.000000
flash
  6 4.190733 0.242830 68.372162 0.003007 0.029562 -0.999558 0.931867 0.723756 1 6 1.000000
  6 4.190733 0.369419 68.400925 0.010763 0.403902 -0.914739 0.931967 0.701550 1 6 1.000000
  6 4.586739 0.352128 68.401276 0.014269 0.370293 -0.928805 0.869649 0.703909 1 6 1.000000
flash
  6 4.190733 0.369419 68.400925 0.010763 0.403902 -0.914739 0.931967 0.701550 1 6 1.000000
  6 4.558812 0.469581 68.473969 0.010671 0.694176 -0.719726 0.874149 0.680173 1 6 1.000000
  6 4.586739 0.352128 68.401276 0.014269 0.370293 -0.928805 0.869649 0.703909 1 6 1.000000
flash
  6 4.190733 0.369419 68.400925 0.010763 0.403902 -0.914739 0.931967 0.701550 1 6 1.000000
  6 4.190733 0.475801 68.475319 0.004797 0.722559 -0.691292 0.932055 0.679345 1 6 1.000000
  6 4.558812 0.469581 68.473969 0.010671 0.694176 -0.719726 0.874149 0.680173 1 6 1.000000
flash
  6 4.190733 0.475801 68.475319 0.004797 0.722559 -0.691292 0.932055 0.679345 1 6 1.000000
  6 4.532848 0.544207 68.583885 0.003084 0.926342 -0.376671 0.878704 0.657119 1 6 1.000000
  6 4.558812 0.469581 68.473969 0.010671 0.694176 -0.719726 0.874149 0.680173 1 6 1.000000
flash
  6 4.190733 0.475801 68.475319 0.004797 0.722559 -0.691292 0.932055 0.679345 1 6 1.000000
  6 4.190733 0.544986 68.585167 -0.000007 0.932797 -0.360401 0.932170 0.657140 1 6 1.000000
  6 4.532848 0.544207 68.583885 0.003084 0.926342 -0.376671 0.878704 0.657119 1 6 1.000000
flash
  6 4.600184 0.219005 68.373718 0.003298 0.014867 -0.999884 0.867424 0.726906 1 6 1.000000
  6 4.982745 0.334836 68.401649 0.017262 0.313057 -0.949577 0.807332 0.706267 1 6 1.000000
  6 5.009637 0.195181 68.375275 0.003735 0.002685 -0.999989 0.802981 0.730056 1 6 1.000000
flash
  6 4.600184 0.219005 68.373718 0.003298 0.014867 -0.999884 0.867424 0.726906 1 6 1.000000
  6 4.586739 0.352128 68.401276 0.014269 0.370293 -0.928805 0.869649 0.703909 1 6 1.000000
  6 4.982745 0.334836 68.401649 0.017262 0.313057 -0.949577 0.807332 0.706267 1 6 1.000000
flash
  6 4.586739 0.352128 68.401276 0.014269 0.370293 -0.928805 0.869649 0.703909 1 6 1.000000
  6 4.926891 0.463363 68.472656 0.016504 0.630173 -0.776279 0.816242 0.681001 1 6 1.000000
  6 4.982745 0.334836 68.401649 0.017262 0.313057 -0.949577 0.807332 0.706267 1 6 1.000000
flash
  6 4.586739 0.352128 68.401276 0.014269 0.370293 -0.928805 0.869649 0.703909 1 6 1.000000
  6 4.558812 0.469581 68.473969 0.010671 0.694176 -0.719726 0.874149 0.680173 1 6 1.000000
  6 4.926891 0.463363 68.472656 0.016504 0.630173 -0.776279 0.816242 0.681001 1 6 1.000000
flash
  6 4.558812 0.469581 68.473969 0.010671 0.694176 -0.719726 0.874149 0.680173 1 6 1.000000
  6 4.874962 0.543427 68.582626 0.006124 0.905649 -0.423984 0.825238 0.657097 1 6 1.000000
  6 4.926891 0.463363 68.472656 0.016504 0.630173 -0.776279 0.816242 0.681001 1 6 1.000000
flash
  6 4.558812 0.469581 68.473969 0.010671 0.694176 -0.719726 0.874149 0.680173 1 6 1.000000
  6 4.532848 0.544207 68.583885 0.003084 0.926342 -0.376671 0.878704 0.657119 1 6 1.000000
  6 4.874962 0.543427 68.582626 0.006124 0.905649 -0.423984 0.825238 0.657097 1 6 1.000000
flash
  6 4.532848 0.544207 68.583885 0.003084 0.926342 -0.376671 0.878704 0.657119 1 6 1.000000
  6 4.852410 0.567882 68.712997 0.000368 0.999682 0.025215 0.833784 0.634265 1 6 1.000000
  6 4.874962 0.543427 68.582626 0.006124 0.905649 -0.423984 0.825238 0.657097 1 6 1.000000
flash
  6 4.532848 0.544207 68.583885 0.003084 0.926342 -0.376671 0.878704 0.657119 1 6 1.000000
  6 4.521573 0.567746 68.712997 0.000346 0.999697 0.024594 0.883044 0.634600 1 6 1.000000
  6 4.852410 0.567882 68.712997 0.000368 0.999682 0.025215 0.833784 0.634265 1 6 1.000000
flash
  6 4.190733 0.544986 68.585167 -0.000007 0.932797 -0.360401 0.932170 0.657140 1 6 1.000000
  6 4.521573 0.567746 68.712997 0.000346 0.999697 0.024594 0.883044 0.634600 1 6 1.000000
  6 4.532848 0.544207 68.583885 0.003084 0.926342 -0.376671 0.878704 0.657119 1 6 1.000000
flash
  6 4.190733 0.544986 68.585167 -0.000007 0.932797 -0.360401 0.932170 0.657140 1 6 1.000000
  6 4.190733 0.567609 68.712990 0.000340 0.999695 0.024671 0.932303 0.634935 1 6 1.000000
  6 4.521573 0.567746 68.712997 0.000346 0.999697 0.024594 0.883044 0.634600 1 6 1.000000
flash
  6 -4.935531 -1.199112 68.686394 0.994531 0.084395 0.061532 0.644380 0.957767 1 6 1.000000
  6 -5.025395 -0.271069 68.631523 0.941592 0.093576 -0.323493 0.781491 0.903636 1 6 1.000000
  6 -5.015221 -0.272815 68.703957 0.994530 0.084393 0.061541 0.784607 0.915755 1 6 1.000000
flash
  6 -4.935531 -1.199112 68.686394 0.994531 0.084395 0.061532 0.644380 0.957767 1 6 1.000000
  6 -4.950034 -1.196624 68.583153 0.941585 0.093579 -0.323512 0.639938 0.940491 1 6 1.000000
  6 -5.025395 -0.271069 68.631523 0.941592 0.093576 -0.323493 0.781491 0.903636 1 6 1.000000
flash
  6 -4.855838 -2.125411 68.668854 0.994528 0.084397 0.061574 0.504153 0.999779 1 6 1.000000
  6 -4.950034 -1.196624 68.583153 0.941585 0.093579 -0.323512 0.639938 0.940491 1 6 1.000000
  6 -4.935531 -1.199112 68.686394 0.994531 0.084395 0.061532 0.644380 0.957767 1 6 1.000000
flash
  6 -4.855838 -2.125411 68.668854 0.994528 0.084397 0.061574 0.504153 0.999779 1 6 1.000000
  6 -4.874671 -2.122180 68.534775 0.941599 0.093572 -0.323473 0.498385 0.977346 1 6 1.000000
  6 -4.950034 -1.196624 68.583153 0.941585 0.093579 -0.323512 0.639938 0.940491 1 6 1.000000
flash
  6 -4.874671 -2.122180 68.534775 0.941599 0.093572 -0.323473 0.498385 0.977346 1 6 1.000000
  6 -5.002434 -1.194451 68.493011 0.745327 0.101762 -0.658887 0.635813 0.923145 1 6 1.000000
  6 -4.950034 -1.196624 68.583153 0.941585 0.093579 -0.323512 0.639938 0.940491 1 6 1.000000
flash
  6 -4.874671 -2.122180 68.534775 0.941599 0.093572 -0.323473 0.498385 0.977346 1 6 1.000000
  6 -4.942711 -2.119358 68.417725 0.745291 0.101755 -0.658929 0.493028 0.954823 1 6 1.000000
  6 -5.002434 -1.194451 68.493011 0.745327 0.101762 -0.658887 0.635813 0.923145 1 6 1.000000
flash
  6 -4.942711 -2.119358 68.417725 0.745291 0.101755 -0.658929 0.493028 0.954823 1 6 1.000000
  6 -5.085712 -1.192938 68.430237 0.435615 0.107319 -0.893713 0.632269 0.905674 1 6 1.000000
  6 -5.002434 -1.194451 68.493011 0.745327 0.101762 -0.658887 0.635813 0.923145 1 6 1.000000
flash
  6 -4.942711 -2.119358 68.417725 0.745291 0.101755 -0.658929 0.493028 0.954823 1 6 1.000000
  6 -5.050850 -2.117393 68.336235 0.435626 0.107307 -0.893709 0.488427 0.932137 1 6 1.000000
  6 -5.085712 -1.192938 68.430237 0.435615 0.107319 -0.893713 0.632269 0.905674 1 6 1.000000
flash
  6 -5.050850 -2.117393 68.336235 0.435626 0.107307 -0.893709 0.488427 0.932137 1 6 1.000000
  6 -5.186523 -1.192294 68.403534 0.059496 0.109786 -0.992173 0.629363 0.888086 1 6 1.000000
  6 -5.085712 -1.192938 68.430237 0.435615 0.107319 -0.893713 0.632269 0.905674 1 6 1.000000
flash
  6 -5.050850 -2.117393 68.336235 0.435626 0.107307 -0.893709 0.488427 0.932137 1 6 1.000000
  6 -5.181750 -2.116558 68.301552 0.059635 0.109782 -0.992165 0.484653 0.909299 1 6 1.000000
  6 -5.186523 -1.192294 68.403534 0.059496 0.109786 -0.992173 0.629363 0.888086 1 6 1.000000
flash
  6 -5.181750 -2.116558 68.301552 0.059635 0.109782 -0.992165 0.484653 0.909299 1 6 1.000000
  6 -5.289797 -1.192644 68.418022 -0.325604 0.108415 -0.939270 0.627099 0.870404 1 6 1.000000
  6 -5.186523 -1.192294 68.403534 0.059496 0.109786 -0.992173 0.629363 0.888086 1 6 1.000000
flash
  6 -5.181750 -2.116558 68.301552 0.059635 0.109782 -0.992165 0.484653 0.909299 1 6 1.000000
  6 -5.315853 -2.117012 68.320358 -0.325516 0.108413 -0.939301 0.481713 0.886339 1 6 1.000000
  6 -5.289797 -1.192644 68.418022 -0.325604 0.108415 -0.939270 0.627099 0.870404 1 6 1.000000
flash
  6 -5.315853 -2.117012 68.320358 -0.325516 0.108413 -0.939301 0.481713 0.886339 1 6 1.000000
  6 -5.379968 -1.193906 68.470390 -0.661119 0.103786 -0.743068 0.625479 0.852652 1 6 1.000000
  6 -5.289797 -1.192644 68.418022 -0.325604 0.108415 -0.939270 0.627099 0.870404 1 6 1.000000
flash
  6 -5.315853 -2.117012 68.320358 -0.325516 0.108413 -0.939301 0.481713 0.886339 1 6 1.000000
  6 -5.432940 -2.118650 68.388367 -0.661111 0.103782 -0.743076 0.479610 0.863287 1 6 1.000000
  6 -5.379968 -1.193906 68.470390 -0.661119 0.103786 -0.743068 0.625479 0.852652 1 6 1.000000
flash
  6 -5.432940 -2.118650 68.388367 -0.661111 0.103782 -0.743076 0.479610 0.863287 1 6 1.000000
  6 -5.442747 -1.195913 68.553642 -0.896037 0.096224 -0.433427 0.624507 0.834852 1 6 1.000000
  6 -5.379968 -1.193906 68.470390 -0.661119 0.103786 -0.743068 0.625479 0.852652 1 6 1.000000
flash
  6 -5.432940 -2.118650 68.388367 -0.661111 0.103782 -0.743076 0.479610 0.863287 1 6 1.000000
  6 -5.514459 -2.121256 68.496475 -0.896052 0.096218 -0.433397 0.478347 0.840174 1 6 1.000000
  6 -5.442747 -1.195913 68.553642 -0.896037 0.096224 -0.433427 0.624507 0.834852 1 6 1.000000
flash
  6 -5.514459 -2.121256 68.496475 -0.896052 0.096218 -0.433397 0.478347 0.840174 1 6 1.000000
  6 -5.469464 -1.198342 68.654434 -0.994526 0.087260 -0.057472 0.624182 0.817028 1 6 1.000000
  6 -5.442747 -1.195913 68.553642 -0.896037 0.096224 -0.433427 0.624507 0.834852 1 6 1.000000
flash
  6 -5.514459 -2.121256 68.496475 -0.896052 0.096218 -0.433397 0.478347 0.840174 1 6 1.000000
  6 -5.549150 -2.124411 68.627335 -0.994525 0.087265 -0.057493 0.477926 0.817029 1 6 1.000000
  6 -5.469464 -1.198342 68.654434 -0.994526 0.087260 -0.057472 0.624182 0.817028 1 6 1.000000
flash
  6 -4.950034 -1.196624 68.583153 0.941585 0.093579 -0.323512 0.639938 0.940491 1 6 1.000000
  6 -5.062154 -0.269545 68.568291 0.745344 0.101751 -0.658870 0.778598 0.891467 1 6 1.000000
  6 -5.025395 -0.271069 68.631523 0.941592 0.093576 -0.323493 0.781491 0.903636 1 6 1.000000
flash
  6 -4.950034 -1.196624 68.583153 0.941585 0.093579 -0.323512 0.639938 0.940491 1 6 1.000000
  6 -5.002434 -1.194451 68.493011 0.745327 0.101762 -0.658887 0.635813 0.923145 1 6 1.000000
  6 -5.062154 -0.269545 68.568291 0.745344 0.101751 -0.658870 0.778598 0.891467 1 6 1.000000
flash
  6 -5.002434 -1.194451 68.493011 0.745327 0.101762 -0.658887 0.635813 0.923145 1 6 1.000000
  6 -5.120574 -0.268484 68.524261 0.435741 0.107316 -0.893651 0.776112 0.879212 1 6 1.000000
  6 -5.062154 -0.269545 68.568291 0.745344 0.101751 -0.658870 0.778598 0.891467 1 6 1.000000
flash
  6 -5.002434 -1.194451 68.493011 0.745327 0.101762 -0.658887 0.635813 0.923145 1 6 1.000000
  6 -5.085712 -1.192938 68.430237 0.435615 0.107319 -0.893713 0.632269 0.905674 1 6 1.000000
  6 -5.120574 -0.268484 68.524261 0.435741 0.107316 -0.893651 0.776112 0.879212 1 6 1.000000
flash
  6 -5.085712 -1.192938 68.430237 0.435615 0.107319 -0.893713 0.632269 0.905674 1 6 1.000000
  6 -5.191291 -0.268032 68.505524 0.059637 0.109795 -0.992164 0.774073 0.866874 1 6 1.000000
  6 -5.120574 -0.268484 68.524261 0.435741 0.107316 -0.893651 0.776112 0.879212 1 6 1.000000
flash
  6 -5.085712 -1.192938 68.430237 0.435615 0.107319 -0.893713 0.632269 0.905674 1 6 1.000000
  6 -5.186523 -1.192294 68.403534 0.059496 0.109786 -0.992173 0.629363 0.888086 1 6 1.000000
  6 -5.191291 -0.268032 68.505524 0.059637 0.109795 -0.992164 0.774073 0.866874 1 6 1.000000
flash
  6 -5.186523 -1.192294 68.403534 0.059496 0.109786 -0.992173 0.629363 0.888086 1 6 1.000000
  6 -5.263741 -0.268277 68.515694 -0.325600 0.108421 -0.939271 0.772485 0.854470 1 6 1.000000
  6 -5.191291 -0.268032 68.505524 0.059637 0.109795 -0.992164 0.774073 0.866874 1 6 1.000000
flash
  6 -5.186523 -1.192294 68.403534 0.059496 0.109786 -0.992173 0.629363 0.888086 1 6 1.000000
  6 -5.289797 -1.192644 68.418022 -0.325604 0.108415 -0.939270 0.627099 0.870404 1 6 1.000000
  6 -5.263741 -0.268277 68.515694 -0.325600 0.108421 -0.939271 0.772485 0.854470 1 6 1.000000
flash
  6 -5.289797 -1.192644 68.418022 -0.325604 0.108415 -0.939270 0.627099 0.870404 1 6 1.000000
  6 -5.326993 -0.269162 68.552429 -0.661188 0.103782 -0.743007 0.771349 0.842017 1 6 1.000000
  6 -5.263741 -0.268277 68.515694 -0.325600 0.108421 -0.939271 0.772485 0.854470 1 6 1.000000
flash
  6 -5.289797 -1.192644 68.418022 -0.325604 0.108415 -0.939270 0.627099 0.870404 1 6 1.000000
  6 -5.379968 -1.193906 68.470390 -0.661119 0.103786 -0.743068 0.625479 0.852652 1 6 1.000000
  6 -5.326993 -0.269162 68.552429 -0.661188 0.103782 -0.743007 0.771349 0.842017 1 6 1.000000
flash
  6 -5.379968 -1.193906 68.470390 -0.661119 0.103786 -0.743068 0.625479 0.852652 1 6 1.000000
  6 -5.371033 -0.270570 68.610832 -0.896048 0.096227 -0.433404 0.770666 0.829530 1 6 1.000000
  6 -5.326993 -0.269162 68.552429 -0.661188 0.103782 -0.743007 0.771349 0.842017 1 6 1.000000
flash
  6 -5.379968 -1.193906 68.470390 -0.661119 0.103786 -0.743068 0.625479 0.852652 1 6 1.000000
  6 -5.442747 -1.195913 68.553642 -0.896037 0.096224 -0.433427 0.624507 0.834852 1 6 1.000000
  6 -5.371033 -0.270570 68.610832 -0.896048 0.096227 -0.433404 0.770666 0.829530 1 6 1.000000
flash
  6 -5.442747 -1.195913 68.553642 -0.896037 0.096224 -0.433427 0.624507 0.834852 1 6 1.000000
  6 -5.389774 -0.272274 68.681526 -0.994522 0.087266 -0.057535 0.770439 0.817026 1 6 1.000000
  6 -5.371033 -0.270570 68.610832 -0.896048 0.096227 -0.433404 0.770666 0.829530 1 6 1.000000
flash
  6 -5.442747 -1.195913 68.553642 -0.896037 0.096224 -0.433427 0.624507 0.834852 1 6 1.000000
  6 -5.469464 -1.198342 68.654434 -0.994526 0.087260 -0.057472 0.624182 0.817028 1 6 1.000000
  6 -5.389774 -0.272274 68.681526 -0.994522 0.087266 -0.057535 0.770439 0.817026 1 6 1.000000
flash
  6 -5.469464 -1.198342 68.654434 -0.994526 0.087260 -0.057472 0.624182 0.817028 1 6 1.000000
  6 -5.379609 -0.274020 68.753967 -0.941629 0.077883 0.327518 0.770666 0.804522 1 6 1.000000
  6 -5.389774 -0.272274 68.681526 -0.994522 0.087266 -0.057535 0.770439 0.817026 1 6 1.000000
flash
  6 -5.469464 -1.198342 68.654434 -0.994526 0.087260 -0.057472 0.624182 0.817028 1 6 1.000000
  6 -5.454970 -1.200832 68.757683 -0.941627 0.077886 0.327525 0.624506 0.799203 1 6 1.000000
  6 -5.379609 -0.274020 68.753967 -0.941629 0.077883 0.327518 0.770666 0.804522 1 6 1.000000
flash
  6 -5.454970 -1.200832 68.757683 -0.941627 0.077886 0.327525 0.624506 0.799203 1 6 1.000000
  6 -5.342856 -0.275545 68.817207 -0.745381 0.069890 0.662965 0.771348 0.792034 1 6 1.000000
  6 -5.379609 -0.274020 68.753967 -0.941629 0.077883 0.327518 0.770666 0.804522 1 6 1.000000
flash
  6 -5.454970 -1.200832 68.757683 -0.941627 0.077886 0.327525 0.624506 0.799203 1 6 1.000000
  6 -5.402580 -1.203004 68.847832 -0.745395 0.069902 0.662948 0.625479 0.781401 1 6 1.000000
  6 -5.342856 -0.275545 68.817207 -0.745381 0.069890 0.662965 0.771348 0.792034 1 6 1.000000
flash
  6 -5.549150 -2.124411 68.627335 -0.994525 0.087265 -0.057493 0.477926 0.817029 1 6 1.000000
  6 -5.454970 -1.200832 68.757683 -0.941627 0.077886 0.327525 0.624506 0.799203 1 6 1.000000
  6 -5.469464 -1.198342 68.654434 -0.994526 0.087260 -0.057472 0.624182 0.817028 1 6 1.000000
flash
  6 -5.549150 -2.124411 68.627335 -0.994525 0.087265 -0.057493 0.477926 0.817029 1 6 1.000000
  6 -5.530334 -2.127644 68.761414 -0.941635 0.077889 0.327501 0.478347 0.793884 1 6 1.000000
  6 -5.454970 -1.200832 68.757683 -0.941627 0.077886 0.327525 0.624506 0.799203 1 6 1.000000
flash
  6 -5.530334 -2.127644 68.761414 -0.941635 0.077889 0.327501 0.478347 0.793884 1 6 1.000000
  6 -5.402580 -1.203004 68.847832 -0.745395 0.069902 0.662948 0.625479 0.781401 1 6 1.000000
  6 -5.454970 -1.200832 68.757683 -0.941627 0.077886 0.327525 0.624506 0.799203 1 6 1.000000
flash
  6 -5.530334 -2.127644 68.761414 -0.941635 0.077889 0.327501 0.478347 0.793884 1 6 1.000000
  6 -5.462306 -2.130463 68.878479 -0.745404 0.069896 0.662938 0.479609 0.770769 1 6 1.000000
  6 -5.402580 -1.203004 68.847832 -0.745395 0.069902 0.662948 0.625479 0.781401 1 6 1.000000
flash
  6 -5.462306 -2.130463 68.878479 -0.745404 0.069896 0.662938 0.479609 0.770769 1 6 1.000000
  6 -5.319307 -1.204518 68.910614 -0.435643 0.064148 0.897831 0.627098 0.763648 1 6 1.000000
  6 -5.402580 -1.203004 68.847832 -0.745395 0.069902 0.662948 0.625479 0.781401 1 6 1.000000
flash
  6 -5.462306 -2.130463 68.878479 -0.745404 0.069896 0.662938 0.479609 0.770769 1 6 1.000000
  6 -5.354172 -2.132429 68.959976 -0.435692 0.064138 0.897808 0.481712 0.747716 1 6 1.000000
  6 -5.319307 -1.204518 68.910614 -0.435643 0.064148 0.897831 0.627098 0.763648 1 6 1.000000
flash
  6 -5.354172 -2.132429 68.959976 -0.435692 0.064138 0.897808 0.481712 0.747716 1 6 1.000000
  6 -5.218493 -1.205161 68.937325 -0.059540 0.061867 0.996307 0.629362 0.745965 1 6 1.000000
  6 -5.319307 -1.204518 68.910614 -0.435643 0.064148 0.897831 0.627098 0.763648 1 6 1.000000
flash
  6 -5.354172 -2.132429 68.959976 -0.435692 0.064138 0.897808 0.481712 0.747716 1 6 1.000000
  6 -5.223268 -2.133265 68.994667 -0.059534 0.061873 0.996307 0.484652 0.724755 1 6 1.000000
  6 -5.218493 -1.205161 68.937325 -0.059540 0.061867 0.996307 0.629362 0.745965 1 6 1.000000
flash
  6 -5.223268 -2.133265 68.994667 -0.059534 0.061873 0.996307 0.484652 0.724755 1 6 1.000000
  6 -5.115208 -1.204811 68.922829 0.325513 0.063045 0.943433 0.632268 0.728376 1 6 1.000000
  6 -5.218493 -1.205161 68.937325 -0.059540 0.061867 0.996307 0.629362 0.745965 1 6 1.000000
flash
  6 -5.223268 -2.133265 68.994667 -0.059534 0.061873 0.996307 0.484652 0.724755 1 6 1.000000
  6 -5.089150 -2.132811 68.975861 0.325657 0.063047 0.943384 0.488425 0.701915 1 6 1.000000
  6 -5.115208 -1.204811 68.922829 0.325513 0.063045 0.943433 0.632268 0.728376 1 6 1.000000
flash
  6 -5.089150 -2.132811 68.975861 0.325657 0.063047 0.943384 0.488425 0.701915 1 6 1.000000
  6 -5.025025 -1.203550 68.870453 0.661073 0.067874 0.747245 0.635812 0.710903 1 6 1.000000
  6 -5.115208 -1.204811 68.922829 0.325513 0.063045 0.943433 0.632268 0.728376 1 6 1.000000
flash
  6 -5.089150 -2.132811 68.975861 0.325657 0.063047 0.943384 0.488425 0.701915 1 6 1.000000
  6 -4.972050 -2.131172 68.907837 0.661171 0.067866 0.747159 0.493027 0.679227 1 6 1.000000
  6 -5.025025 -1.203550 68.870453 0.661073 0.067874 0.747245 0.635812 0.710903 1 6 1.000000
flash
  6 -4.972050 -2.131172 68.907837 0.661171 0.067866 0.747159 0.493027 0.679227 1 6 1.000000
  6 -4.962245 -1.201543 68.787193 0.896048 0.075237 0.437536 0.639937 0.693555 1 6 1.000000
  6 -5.025025 -1.203550 68.870453 0.661073 0.067874 0.747245 0.635812 0.710903 1 6 1.000000
flash
  6 -4.972050 -2.131172 68.907837 0.661171 0.067866 0.747159 0.493027 0.679227 1 6 1.000000
  6 -4.890525 -2.128564 68.799728 0.896059 0.075238 0.437513 0.498384 0.656700 1 6 1.000000
  6 -4.962245 -1.201543 68.787193 0.896048 0.075237 0.437536 0.639937 0.693555 1 6 1.000000
flash
  6 -4.890525 -2.128564 68.799728 0.896059 0.075238 0.437513 0.498384 0.656700 1 6 1.000000
  6 -4.935531 -1.199112 68.686394 0.994531 0.084395 0.061532 0.644380 0.676277 1 6 1.000000
  6 -4.962245 -1.201543 68.787193 0.896048 0.075237 0.437536 0.639937 0.693555 1 6 1.000000
flash
  6 -4.890525 -2.128564 68.799728 0.896059 0.075238 0.437513 0.498384 0.656700 1 6 1.000000
  6 -4.855838 -2.125411 68.668854 0.994528 0.084397 0.061574 0.504153 0.634265 1 6 1.000000
  6 -4.935531 -1.199112 68.686394 0.994531 0.084395 0.061532 0.644380 0.676277 1 6 1.000000
flash
  6 -5.402580 -1.203004 68.847832 -0.745395 0.069902 0.662948 0.625479 0.781401 1 6 1.000000
  6 -5.284440 -0.276606 68.861229 -0.435656 0.064143 0.897825 0.772484 0.779580 1 6 1.000000
  6 -5.342856 -0.275545 68.817207 -0.745381 0.069890 0.662965 0.771348 0.792034 1 6 1.000000
flash
  6 -5.402580 -1.203004 68.847832 -0.745395 0.069902 0.662948 0.625479 0.781401 1 6 1.000000
  6 -5.319307 -1.204518 68.910614 -0.435643 0.064148 0.897831 0.627098 0.763648 1 6 1.000000
  6 -5.284440 -0.276606 68.861229 -0.435656 0.064143 0.897825 0.772484 0.779580 1 6 1.000000
flash
  6 -5.319307 -1.204518 68.910614 -0.435643 0.064148 0.897831 0.627098 0.763648 1 6 1.000000
  6 -5.213719 -0.277058 68.879974 -0.059556 0.061875 0.996305 0.774072 0.767175 1 6 1.000000
  6 -5.284440 -0.276606 68.861229 -0.435656 0.064143 0.897825 0.772484 0.779580 1 6 1.000000
flash
  6 -5.319307 -1.204518 68.910614 -0.435643 0.064148 0.897831 0.627098 0.763648 1 6 1.000000
  6 -5.218493 -1.205161 68.937325 -0.059540 0.061867 0.996307 0.629362 0.745965 1 6 1.000000
  6 -5.213719 -0.277058 68.879974 -0.059556 0.061875 0.996305 0.774072 0.767175 1 6 1.000000
flash
  6 -5.218493 -1.205161 68.937325 -0.059540 0.061867 0.996307 0.629362 0.745965 1 6 1.000000
  6 -5.141265 -0.276813 68.869812 0.325521 0.063043 0.943431 0.776111 0.754837 1 6 1.000000
  6 -5.213719 -0.277058 68.879974 -0.059556 0.061875 0.996305 0.774072 0.767175 1 6 1.000000
flash
  6 -5.218493 -1.205161 68.937325 -0.059540 0.061867 0.996307 0.629362 0.745965 1 6 1.000000
  6 -5.115208 -1.204811 68.922829 0.325513 0.063045 0.943433 0.632268 0.728376 1 6 1.000000
  6 -5.141265 -0.276813 68.869812 0.325521 0.063043 0.943431 0.776111 0.754837 1 6 1.000000
flash
  6 -5.115208 -1.204811 68.922829 0.325513 0.063045 0.943433 0.632268 0.728376 1 6 1.000000
  6 -5.078002 -0.275928 68.833069 0.661114 0.067867 0.747210 0.778597 0.742580 1 6 1.000000
  6 -5.141265 -0.276813 68.869812 0.325521 0.063043 0.943431 0.776111 0.754837 1 6 1.000000
flash
  6 -5.115208 -1.204811 68.922829 0.325513 0.063045 0.943433 0.632268 0.728376 1 6 1.000000
  6 -5.025025 -1.203550 68.870453 0.661073 0.067874 0.747245 0.635812 0.710903 1 6 1.000000
  6 -5.078002 -0.275928 68.833069 0.661114 0.067867 0.747210 0.778597 0.742580 1 6 1.000000
flash
  6 -5.025025 -1.203550 68.870453 0.661073 0.067874 0.747245 0.635812 0.710903 1 6 1.000000
  6 -5.033961 -0.274520 68.774666 0.896065 0.075230 0.437502 0.781491 0.730410 1 6 1.000000
  6 -5.078002 -0.275928 68.833069 0.661114 0.067867 0.747210 0.778597 0.742580 1 6 1.000000
flash
  6 -5.025025 -1.203550 68.870453 0.661073 0.067874 0.747245 0.635812 0.710903 1 6 1.000000
  6 -4.962245 -1.201543 68.787193 0.896048 0.075237 0.437536 0.639937 0.693555 1 6 1.000000
  6 -5.033961 -0.274520 68.774666 0.896065 0.075230 0.437502 0.781491 0.730410 1 6 1.000000
flash
  6 -4.962245 -1.201543 68.787193 0.896048 0.075237 0.437536 0.639937 0.693555 1 6 1.000000
  6 -5.015221 -0.272815 68.703957 0.994530 0.084393 0.061541 0.784607 0.718289 1 6 1.000000
  6 -5.033961 -0.274520 68.774666 0.896065 0.075230 0.437502 0.781491 0.730410 1 6 1.000000
flash
  6 -4.962245 -1.201543 68.787193 0.896048 0.075237 0.437536 0.639937 0.693555 1 6 1.000000
  6 -4.935531 -1.199112 68.686394 0.994531 0.084395 0.061532 0.644380 0.676277 1 6 1.000000
  6 -5.015221 -0.272815 68.703957 0.994530 0.084393 0.061541 0.784607 0.718289 1 6 1.000000
end
