# Blender 4.4.3
# www.blender.org
mtllib airborne_helmet.mtl
o airborne_helmet
v 0.388237 62.247208 5.333370
v 0.027405 62.247589 5.329328
v 0.027402 62.251366 5.269811
v 3.068658 62.365753 4.074860
v 2.235487 62.438606 2.989724
v 2.442626 62.461632 2.706344
v 2.768826 62.330261 4.432860
v 2.017797 62.412933 3.249670
v 2.323230 62.297043 4.751431
v 1.694271 62.388771 3.480970
v 1.169635 62.370651 3.678428
v 1.600629 62.272125 5.023403
v 0.865816 62.256271 5.210183
v 0.748330 62.255516 5.442730
v 0.383581 62.250984 5.273217
v 0.027402 62.355560 3.857340
v -0.328768 62.250984 5.273217
v -0.231196 62.355560 3.859800
v -0.581321 62.359329 3.814042
v -0.811007 62.256271 5.210186
v -1.114830 62.370651 3.678434
v 0.286002 62.355560 3.859798
v 0.636127 62.359329 3.814040
v 2.852978 62.352547 4.559212
v 2.378451 62.306862 4.955921
v 1.609248 62.272133 5.173364
v 1.575291 62.283089 5.459419
v 1.106941 62.281204 5.754540
v 1.954083 62.310654 5.490083
v 1.422734 62.326157 6.107625
v 2.264224 62.357101 5.464250
v 2.203257 62.404312 5.722547
v 2.645338 62.384659 5.108330
v 2.730242 62.465096 5.323688
v 2.989295 62.425819 4.743838
v 3.128931 62.519852 4.928043
v 3.307795 62.470741 4.357858
v 3.457762 62.570442 4.519858
v 3.612549 62.511139 3.937292
v 3.160846 62.391060 4.193137
v 3.453326 62.423141 3.789296
v 3.725110 62.455231 3.367993
v 3.896922 62.549644 3.500120
v 3.970899 62.493362 2.949586
v 4.154352 62.589661 3.064289
v 4.187656 62.534134 2.529559
v 4.380400 62.630432 2.624815
v 4.570765 62.670456 2.176712
v 4.775367 62.785629 2.249747
v 4.923057 62.824890 1.768899
v 5.063575 62.914764 1.802390
v 5.154545 62.957428 1.295413
v 4.578620 62.746750 2.720174
v 4.913127 62.874756 2.299403
v 5.193365 62.999329 0.775534
v 5.011951 62.866043 1.278485
v 4.714452 62.710091 1.719830
v 4.372469 62.575661 2.103395
v 4.253551 62.547714 2.052914
v 4.070628 62.506569 2.465220
v 3.858592 62.466927 2.872827
v 3.619133 62.430305 3.278385
v 3.353956 62.397469 3.684537
v 4.800514 62.749352 1.254019
v 4.513023 62.615677 1.669913
v 4.394070 62.587357 1.633884
v 4.508491 62.693436 0.299090
v 3.280874 62.676826 0.248359
v 3.257097 62.699852 -0.050491
v 4.514798 62.657196 0.763286
v 3.285448 62.650398 0.585384
v 4.478884 62.622841 1.206114
v 3.259372 62.625099 0.906897
v 3.197788 62.599434 1.217477
v 3.095778 62.570740 1.521711
v 2.962978 62.540916 1.821063
v 2.809023 62.512222 2.117006
v 2.635157 62.485420 2.411459
v 4.632014 62.689674 0.771516
v 4.597158 62.653053 1.227926
v 4.836204 62.788239 0.774437
v 4.828912 62.826363 0.276245
v 5.042573 62.945694 0.254301
v 5.049335 62.906815 0.774841
v 5.006436 62.977783 -0.210322
v 4.793827 62.858452 -0.166939
v 4.955756 62.999672 -0.546208
v 4.746130 62.879967 -0.481480
v 4.897790 63.016289 -0.817730
v 4.692205 62.896202 -0.731706
v 4.650703 62.896576 -0.754984
v 4.413549 62.762520 -0.655460
v 4.503198 62.795753 -0.662588
v 4.546021 62.779900 -0.422846
v 4.432242 62.746292 -0.397619
v 4.475746 62.725525 -0.112524
v 4.590889 62.759132 -0.128068
v 4.624722 62.727043 0.294784
v 4.016051 63.052116 -2.645291
v 3.692044 63.060410 -3.035871
v 3.786918 63.153687 -3.135924
v 3.854880 62.931282 -2.508799
v 4.126773 62.922600 -2.047007
v 3.957407 62.822159 -1.935343
v 4.192293 62.810081 -1.352765
v 4.089502 62.776093 -1.306635
v 4.442477 62.796509 -0.698089
v 4.260836 62.765541 -0.820612
v 4.344103 62.761765 -0.642943
v 4.385758 62.757607 -0.569863
v 3.191767 62.723259 -0.382545
v 3.225502 62.714951 -0.257482
v 3.101048 62.728912 -0.564596
v 3.161513 62.726273 -0.435602
v 2.227859 62.818718 -3.477173
v 1.625032 62.767380 -2.493378
v 1.318775 62.767761 -2.632885
v 2.604465 62.816078 -3.245368
v 2.670635 62.851570 -3.338476
v 3.050641 62.845161 -3.056860
v 2.788759 62.954285 -3.510972
v 3.181901 62.947868 -3.217236
v 2.911757 63.076637 -3.691238
v 3.317676 63.069847 -3.385135
v 3.544574 62.939194 -2.882288
v 3.698595 62.830452 -2.379203
v 3.861830 62.787788 -1.877696
v 2.976666 62.736458 -0.917471
v 2.811366 62.745132 -1.332085
v 3.609503 62.796089 -2.310481
v 3.401248 62.837234 -2.735869
v 2.975938 62.809662 -2.970514
v 1.898460 62.765503 -2.325080
v 2.168168 62.760979 -2.125520
v 3.318782 62.802498 -2.657309
v 2.417090 62.755692 -1.898122
v 2.628160 62.750793 -1.646308
v -3.340760 63.951088 5.213585
v -3.316036 63.481689 5.211860
v -2.898675 63.478302 5.644287
v -2.912519 63.926552 5.641632
v -2.369582 63.477554 6.096164
v -2.362718 63.918633 6.092904
v -2.344702 64.122932 6.089609
v -3.232145 62.772491 5.133975
v -3.686305 63.530014 4.798280
v -2.828877 62.726051 5.564513
v -2.313365 62.662621 6.015748
v -1.741735 62.590889 6.477365
v -1.784631 63.478699 6.557779
v -1.752139 63.919395 6.555806
v -1.731967 64.112366 6.554024
v -1.603189 64.328751 6.475921
v -2.299083 64.319298 6.015853
v -2.207891 64.482048 5.798672
v -2.739042 64.508095 5.388527
v -2.627834 64.639122 5.148918
v -3.026592 64.670082 4.786276
v -2.920181 64.770531 4.598893
v -3.327804 64.168976 5.209163
v -2.896847 64.139534 5.637286
v -2.845628 64.342323 5.573386
v -3.159698 64.538300 4.991107
v -3.371392 64.703308 4.417636
v -3.245883 64.805267 4.264233
v -3.562582 64.840004 3.916385
v -3.700727 64.736908 4.036449
v -3.515422 64.571518 4.592480
v -3.851791 64.606628 4.178744
v -3.635343 64.407631 4.732850
v -3.975051 64.448029 4.294797
v -3.688522 64.209373 4.782852
v -4.029959 64.259972 4.336002
v -3.274956 64.372147 5.152399
v -3.699821 63.996765 4.786750
v -4.042078 64.068504 4.339064
v -4.017611 63.562477 4.329861
v -3.129635 64.892494 4.121526
v -3.430892 64.929115 3.807454
v -3.865083 64.878502 3.541551
v -4.009225 64.774666 3.634488
v -4.163112 64.645515 3.747205
v -4.287993 64.492950 3.839839
v -4.344983 64.317726 3.872516
v -4.359293 64.151955 3.874812
v -4.334027 63.599854 3.857450
v -4.643120 64.232750 3.398310
v -3.725806 64.969894 3.458506
v -4.626466 64.380409 3.396228
v -4.567975 64.542412 3.369737
v -4.443882 64.690445 3.295206
v -4.291509 64.819588 3.203596
v -4.148159 64.925323 3.125861
v -4.009305 65.019356 3.055070
v -4.401894 64.972511 2.689636
v -4.266282 65.069572 2.627028
v -4.616314 65.012917 2.253184
v -4.481760 65.111481 2.204303
v -4.779339 65.049149 1.795894
v -4.644371 65.149605 1.762655
v -4.742783 65.186981 1.277872
v -4.813359 64.590736 2.888469
v -4.872610 64.439308 2.909285
v -4.691157 64.735367 2.829812
v -4.541993 64.864899 2.755981
v -4.755054 64.903778 2.303848
v -4.902066 64.773872 2.358080
v -4.918006 64.938889 1.829868
v -4.878731 65.084641 1.297146
v -4.788138 65.224350 0.773692
v -4.925030 65.120125 0.779406
v -4.791573 65.261719 0.273877
v -4.928730 65.154846 0.265140
v -4.752150 65.295700 -0.218969
v -4.888665 65.186188 -0.242447
v -4.803698 65.211472 -0.740155
v -4.941613 65.094025 -0.778945
v -5.028464 65.070236 -0.266465
v -5.085905 64.964882 -0.819470
v -5.174874 64.941093 -0.291565
v -5.202556 64.809662 -0.853135
v -4.669000 65.323250 -0.702228
v -5.295981 64.790421 -0.312251
v -5.359991 64.609917 -0.323029
v -5.398846 64.599350 0.233975
v -5.337444 64.766266 0.238829
v -5.216561 64.912415 0.246830
v -5.069249 65.040802 0.256193
v -5.065396 65.007973 0.785196
v -5.018230 64.973618 1.316701
v -5.064108 64.809738 1.865316
v -5.022532 64.631874 2.400023
v -5.081517 64.485733 2.413834
v -5.183213 64.668503 1.891878
v -5.164709 64.845222 1.336821
v -5.212597 64.879944 0.791147
v -5.331625 64.737579 0.795080
v -5.387442 64.582001 0.794833
v -5.241028 64.523117 1.899199
v -5.283251 64.704361 1.351500
v -5.338914 64.555954 1.354720
v -5.257689 64.615181 -0.871361
v -5.383667 64.401459 -0.320387
v -5.419580 64.425262 0.231020
v -5.403530 64.433960 0.792766
v -5.355114 64.420761 1.352551
v -5.259081 64.392456 1.897185
v -5.100361 64.354698 2.413506
v -4.891000 64.303360 2.910786
v -4.620652 63.646667 3.377002
v -4.871366 63.695747 2.886483
v -5.079895 63.741806 2.383850
v -5.237064 63.787483 1.865108
v -5.333476 63.835052 1.326263
v -5.383060 63.878464 0.775118
v -5.363727 63.859947 0.228220
v -5.331666 63.840675 -0.276945
v -5.276192 64.368210 -0.849133
v -5.102294 64.620453 -1.403924
v -5.236048 63.117912 0.774155
v -5.194885 63.065811 1.304562
v -5.102250 63.018623 1.822630
v -4.949875 62.975967 2.330124
v -4.745988 62.936699 2.825209
v -4.498904 62.898567 3.306043
v -4.215980 62.864220 3.778082
v -3.904737 62.835915 4.246766
v -3.573859 62.807602 4.702073
v -4.018872 64.653267 -3.264989
v -3.624725 64.655144 -3.642777
v -3.629442 64.452347 -3.666298
v -4.023894 64.445564 -3.287415
v -4.364028 64.649117 -2.848168
v -4.369581 64.434624 -2.869406
v -4.659411 64.641571 -2.396365
v -4.665375 64.420280 -2.416200
v -4.904190 64.630646 -1.913602
v -4.910157 64.402931 -1.931730
v -5.129447 64.384056 -1.431630
v -5.267394 63.728889 -0.668801
v -5.141040 63.219086 -0.616685
v -5.198738 63.214561 -0.257729
v -5.233860 63.174164 0.229640
v -4.963779 63.199814 -0.949941
v -5.017931 63.202843 -0.930692
v -5.093194 63.533264 -1.018177
v -5.153880 63.559319 -1.001541
v -5.072047 63.205856 -0.911439
v -4.706954 63.237190 -1.657332
v -4.795470 63.668060 -1.735081
v -4.537663 63.789642 -2.367160
v -5.032469 63.507210 -1.034813
v -5.067594 64.345917 -1.442851
v -4.850641 64.364410 -1.939545
v -4.608506 64.381004 -2.420075
v -4.316030 64.394218 -2.868278
v -3.974540 64.404778 -3.281081
v -3.585325 64.412704 -3.655422
v -3.153512 64.417595 -3.987060
v -3.191643 64.456116 -4.001938
v -3.541203 64.373055 -3.644546
v -3.925183 64.363991 -3.274754
v -4.262519 64.354179 -2.867146
v -4.551672 64.341736 -2.423946
v -4.791127 64.325882 -1.947355
v -5.005696 64.308151 -1.454065
v -4.238239 63.833427 -2.862872
v -3.897010 63.837952 -3.271574
v -2.684160 64.419098 -4.271760
v -2.129745 64.419098 -4.506194
v -2.106143 64.380951 -4.485574
v -2.652442 64.381348 -4.253255
v -3.115374 64.379089 -3.972179
v -3.513910 63.840965 -3.642644
v -3.092676 63.842468 -3.970960
v -2.637082 63.842079 -4.251426
v -2.025985 63.813004 -4.513995
v -1.368917 63.874924 -4.685598
v -1.430206 64.380943 -4.666989
v -1.442741 64.418709 -4.687155
v -1.183658 63.687233 -4.709038
v -0.689447 63.606422 -4.801939
v -1.365582 63.581505 -4.651866
v -1.401742 63.270340 -4.556506
v -2.044011 63.298294 -4.379850
v -2.557477 63.307358 -4.154928
v -2.995959 63.305092 -3.882577
v -3.413240 63.298683 -3.563655
v -3.797014 63.290382 -3.199902
v -4.135032 63.282471 -2.793081
v -4.435550 63.267372 -2.294962
v -0.689447 63.364357 -4.767302
v -0.860641 63.242020 -4.671496
v -0.648181 63.363983 -4.774631
v -0.650656 63.232948 -4.711446
v -0.537948 63.363228 -4.782900
v -0.538136 63.232948 -4.717035
v -0.289767 63.362473 -4.793169
v -0.289423 63.233696 -4.729045
v 0.027383 63.362099 -4.798800
v 0.027383 63.234459 -4.736641
v -2.150877 64.714279 5.230633
v -2.207839 64.800758 4.951447
v -2.520720 64.823784 4.698623
v -2.562747 64.739204 4.920899
v -2.827116 64.855873 4.420268
v -2.136647 64.612709 5.512236
v -1.657167 64.627060 5.783529
v -1.765294 64.736191 5.462424
v -1.891713 64.781876 5.191510
v -1.296480 64.996758 5.565246
v -1.727585 65.166687 5.201128
v -1.804591 64.972198 5.196638
v -1.486741 64.845703 5.550598
v -1.293536 64.716942 5.870153
v -1.700129 64.495651 6.087488
v -1.349638 64.584015 6.120865
v -0.887782 64.790970 6.013875
v -1.258533 64.574577 6.242802
v -0.476486 66.168938 5.820117
v -0.487138 66.082077 5.829104
v -0.492547 66.065086 5.792138
v -0.441064 66.419312 5.799151
v -0.483842 66.152702 5.783185
v -0.368672 65.961609 5.534552
v -0.369146 65.865318 5.584895
v -0.477211 66.008820 5.810830
v -0.471789 66.025436 5.848028
v -0.244800 65.612671 5.276979
v -0.372279 65.754295 5.732969
v -0.434650 65.850594 5.860946
v -0.429193 65.867584 5.898671
v -0.392091 65.692741 5.911063
v -0.386593 65.709358 5.949354
v -0.376746 65.636467 5.929871
v -0.371236 65.653091 5.968311
v -0.395159 65.550377 5.914807
v -0.384080 65.559059 5.957401
v -0.453864 65.303024 5.863376
v -0.426069 65.288300 5.918361
v -0.499833 64.997147 5.874636
v -0.108697 65.616821 5.276978
v -0.244800 65.222954 5.276988
v -0.335353 65.583221 5.628255
v -0.349331 65.262993 5.570182
v -0.607981 64.841934 5.849530
v -0.803766 64.714676 5.914975
v -0.818949 64.692017 5.869209
v -0.640272 64.847229 5.793978
v -0.539887 65.025085 5.811231
v -0.408822 64.954086 5.565660
v -0.263748 64.756203 5.277379
v -0.108698 65.225220 5.276989
v 0.027406 65.618713 5.276977
v 0.027405 65.226730 5.276988
v 0.163508 65.225220 5.276989
v 0.172983 64.756958 5.277192
v 0.318561 64.756203 5.277378
v 0.375415 64.279625 5.278525
v 0.785038 64.380836 5.686438
v -0.557830 64.669724 5.594822
v -0.730229 64.380836 5.686444
v -0.508447 64.818512 5.621665
v -0.382240 63.896324 5.279743
v -0.914499 64.082146 5.802988
v -0.999482 63.904274 5.850990
v -1.583424 64.100662 6.421625
v -1.446755 64.267944 6.326269
v -1.139854 64.482056 6.094396
v 1.501567 64.267944 6.326262
v 1.194671 64.482056 6.094394
v 0.612639 64.669724 5.594820
v 0.563256 64.818512 5.621662
v 0.463634 64.954086 5.565657
v 0.695089 64.847229 5.793975
v 0.594701 65.025085 5.811227
v 0.873767 64.692017 5.869204
v 1.638243 64.100662 6.421616
v 1.678879 63.945076 6.439219
v 1.698810 63.951485 6.490615
v 1.656328 64.110481 6.475622
v 1.514061 64.283051 6.380678
v 1.195241 64.506233 6.142915
v 0.858577 64.714676 5.914973
v 0.662795 64.841934 5.849525
v 0.554647 64.997147 5.874635
v 0.508678 65.303024 5.863374
v 0.404140 65.262993 5.570181
v 0.299611 65.222954 5.276989
v 0.027406 66.062813 5.276966
v 0.027406 65.864174 5.276972
v 0.163509 65.862282 5.276972
v 0.163509 65.616821 5.276978
v 0.299612 65.612671 5.276981
v 0.390169 65.583221 5.628253
v 0.449976 65.550377 5.914800
v 0.438894 65.559059 5.957403
v 0.480889 65.288300 5.918359
v 0.431561 65.636467 5.929867
v 0.427093 65.754295 5.732965
v 0.423955 65.865318 5.584896
v 0.532025 66.008820 5.810829
v 0.489467 65.850594 5.860946
v 0.446906 65.692741 5.911058
v 0.426053 65.653091 5.968308
v 0.441408 65.709358 5.949351
v 0.484007 65.867584 5.898668
v 0.526604 66.025436 5.848022
v 0.541955 66.082077 5.829100
v 0.547367 66.065086 5.792135
v 0.423488 65.961609 5.534552
v 0.299612 65.858505 5.276973
v 0.163509 66.061295 5.276967
v 0.027406 66.312798 5.276958
v -0.108697 66.312050 5.276959
v 0.027406 66.579788 5.276953
v 0.163509 66.579033 5.276953
v 0.163509 66.827133 5.276947
v 0.163509 66.312050 5.276962
v 0.027406 66.827133 5.276945
v 0.299612 66.826759 5.276947
v 0.299612 66.578278 5.276955
v 0.299612 66.310158 5.276961
v 0.299612 66.057899 5.276968
v 0.353465 66.903801 5.504773
v 0.319886 67.096390 5.504126
v 0.381623 66.646629 5.509196
v 0.404343 66.356995 5.519626
v 0.419132 66.105110 5.530056
v 0.346473 67.174194 5.731308
v 0.287424 67.268219 5.732890
v 0.407326 66.980850 5.732632
v 0.463638 66.714996 5.741476
v 0.509082 66.404198 5.762290
v 0.538659 66.152702 5.783182
v 0.531303 66.168938 5.820115
v 0.495885 66.419312 5.799148
v 0.446553 66.728592 5.778334
v 0.394169 66.993690 5.769865
v 0.340574 67.187798 5.768919
v 0.287634 67.284081 5.770690
v 0.222222 67.328644 5.773786
v 0.218572 67.310898 5.735909
v 0.280900 67.191940 5.504916
v 0.293303 67.018600 5.276944
v 0.274381 67.116020 5.276938
v 0.223157 67.234230 5.506427
v 0.128337 67.350922 5.738931
v 0.131213 67.368301 5.776730
v 0.027407 67.386810 5.778166
v -0.232820 67.284081 5.770692
v -0.285760 67.187798 5.768920
v -0.291662 67.174194 5.731310
v -0.232606 67.268227 5.732892
v -0.167404 67.328644 5.773786
v -0.163758 67.310898 5.735913
v -0.076395 67.368301 5.776729
v -0.073522 67.350922 5.738932
v 0.027407 67.370178 5.740440
v 0.133306 67.266708 5.507937
v 0.227741 67.157562 5.276940
v 0.138278 67.182114 5.276940
v 0.150894 67.123955 5.276942
v 0.027406 67.190041 5.276936
v 0.027406 67.127739 5.276938
v -0.096088 67.123955 5.276941
v -0.083466 67.182114 5.276940
v 0.027407 67.280304 5.508690
v -0.078492 67.266708 5.507937
v -0.168343 67.234230 5.506425
v -0.226087 67.191940 5.504916
v -0.265075 67.096390 5.504126
v -0.172929 67.157562 5.276940
v -0.219569 67.116020 5.276944
v -0.238490 67.018600 5.276946
v -0.105544 67.020477 5.276946
v -0.244800 66.826759 5.276947
v -0.298655 66.903801 5.504776
v -0.352514 66.980850 5.732633
v -0.326814 66.646629 5.509199
v -0.408827 66.714996 5.741476
v -0.349534 66.356995 5.519628
v -0.454268 66.404198 5.762292
v -0.364323 66.105110 5.530056
v -0.244800 66.057899 5.276968
v -0.244800 65.858505 5.276972
v -0.108697 66.061295 5.276968
v -0.108697 65.862282 5.276972
v -0.244800 66.578278 5.276953
v -0.391738 66.728592 5.778337
v -0.339349 66.993690 5.769869
v -0.244800 66.310158 5.276961
v -0.108697 66.579033 5.276953
v -0.108697 66.827133 5.276948
v 0.027406 67.021614 5.276942
v 0.160353 67.020477 5.276944
v 0.744221 63.946686 -4.357701
v 0.621944 63.630592 -4.590014
v 0.365170 63.654388 -4.584728
v 0.385804 63.945930 -4.376283
v 0.744221 64.155128 -4.321531
v 0.385804 64.154381 -4.339843
v 0.744221 64.372269 -4.286566
v 0.385804 64.371521 -4.304619
v 0.744221 64.607162 -4.254099
v 0.385804 64.606781 -4.271845
v 0.744222 64.846970 -4.222871
v 0.385804 64.846970 -4.240281
v 0.744222 65.079956 -4.191686
v 0.385805 65.079582 -4.208792
v 0.744222 65.371872 -4.150267
v 0.385805 65.371498 -4.167109
v 0.744222 65.789909 -4.088307
v 0.385805 65.789536 -4.104922
v 0.744222 66.250244 -4.020949
v 0.385805 66.249115 -4.035111
v 0.744223 66.669807 -3.963146
v 0.592714 63.363228 -4.782901
v 0.344533 63.362473 -4.793173
v 0.027383 63.654007 -4.592207
v 0.027384 63.945557 -4.385611
v 0.027384 64.153999 -4.349024
v 0.027384 64.371521 -4.313641
v 0.027384 64.606407 -4.280684
v 0.027384 64.846588 -4.249004
v 0.027385 65.079208 -4.217362
v 0.027385 65.371117 -4.175530
v 0.027385 65.789536 -4.113231
v 0.027385 66.248741 -4.042208
v 0.385806 66.665649 -3.970508
v 0.744223 67.068962 -3.910175
v 0.390929 67.013451 -3.915949
v 0.027386 66.663765 -3.974167
v 0.027386 67.010422 -3.916817
v -0.424890 67.687904 -3.965282
v -0.897160 67.691299 -3.895195
v -0.963794 67.957909 -3.970273
v -0.465781 67.954124 -4.054222
v 0.027386 67.474541 -3.848062
v -0.372023 67.474922 -3.844209
v -0.810669 67.476433 -3.791264
v -1.409420 67.694702 -3.760111
v -1.327787 67.479836 -3.647761
v -1.471503 67.961311 -3.841879
v -1.494485 68.331017 -3.862431
v -0.990718 68.328735 -3.987653
v -0.482724 68.327225 -4.078816
v -0.982113 68.700333 -3.930829
v -0.479516 68.701454 -4.020557
v -0.459961 68.970337 -3.860940
v -0.942183 68.969963 -3.783296
v -1.476117 68.701843 -3.809305
v -1.414148 68.971855 -3.670080
v -1.954118 68.704498 -3.649567
v -1.869894 68.974876 -3.517457
v -2.408720 68.706383 -3.445274
v -2.303452 68.976776 -3.321612
v -2.834718 68.707146 -3.198301
v -2.709944 68.977921 -3.084610
v -1.758166 69.195053 -3.343540
v -1.330386 69.191643 -3.487769
v -0.886590 69.188622 -3.590367
v -0.432236 69.186737 -3.650640
v 0.027387 69.186356 -3.670201
v 0.027386 68.971100 -3.890884
v 0.027386 68.702591 -4.057490
v 0.027386 68.326477 -4.115863
v 0.027386 67.951859 -4.085038
v 0.027386 67.686005 -3.984089
v -4.196804 69.186050 -0.515299
v -4.476405 68.965515 -0.535051
v -4.560541 68.964394 -0.092201
v -4.078532 69.187553 -0.928447
v -4.350315 68.967400 -0.968198
v -3.921211 69.190193 -1.325005
v -4.182310 68.969650 -1.384958
v -3.724455 69.193199 -1.701281
v -3.971776 68.972664 -1.781310
v -3.487762 69.196213 -2.053574
v -3.718168 68.975677 -2.153237
v -3.211393 69.198097 -2.378647
v -3.422179 68.977554 -2.496924
v -2.895571 69.198837 -2.673275
v -3.084479 68.978302 -2.808551
v -2.545027 69.198456 -2.934253
v -2.164467 69.197311 -3.158356
v -3.226900 68.707535 -2.910560
v -3.580637 68.706406 -2.585787
v -3.891305 68.704155 -2.227717
v -4.157683 68.701141 -1.840623
v -4.378635 68.698135 -1.428773
v -4.554727 68.695122 -0.996432
v -4.686706 68.692863 -0.547854
v -4.773938 68.690994 -0.091686
v -4.815933 68.688362 0.363416
v -4.602607 68.962898 0.353660
v -4.845989 68.312225 -0.084976
v -4.886018 68.310349 0.374408
v -4.887530 68.309982 0.801908
v -4.819897 68.687996 0.792411
v -4.795844 67.933464 -0.060859
v -4.828584 67.931969 0.400597
v -4.820501 67.930466 0.829074
v -4.606269 68.963669 0.786554
v -4.575112 68.968590 1.190480
v -4.793082 68.693291 1.170277
v -4.859584 68.311127 1.167999
v -4.782622 67.926315 1.192460
v -4.570091 67.643097 1.252486
v -4.630210 67.649887 0.887945
v -4.659404 67.654411 0.455907
v -4.642637 67.658920 -0.008115
v -4.711103 67.937599 -0.523185
v -4.564845 67.664955 -0.468599
v -4.578102 67.943260 -0.977759
v -4.434942 67.671738 -0.918828
v -4.186833 67.402557 1.590332
v -4.513409 67.644623 1.557044
v -4.738363 67.925949 1.534103
v -4.821328 68.312645 1.525636
v -4.756528 68.696320 1.532232
v -4.538254 68.967087 1.554471
v -4.224480 69.192909 1.586450
v -4.281429 69.190254 1.219650
v -4.319683 69.187599 0.782512
v -4.317683 69.186073 0.344534
v -4.276448 69.185318 -0.089625
v -3.333180 67.480995 -2.400328
v -3.614949 67.476097 -2.051096
v -3.783077 67.692101 -2.150917
v -4.044696 67.686066 -1.764138
v -3.866722 67.468933 -1.672629
v -4.261761 67.679291 -1.352059
v -4.076038 67.461014 -1.268395
v -4.243329 67.452713 -0.842361
v -4.369119 67.444420 -0.398508
v -4.437925 67.436119 0.058944
v -4.434295 67.427452 0.525778
v -4.378259 67.418777 0.962668
v -4.289849 67.410484 1.330289
v -4.400536 67.949280 -1.415953
v -4.177701 67.954941 -1.833484
v -3.908862 67.959839 -2.226056
v -3.484545 67.696251 -2.508392
v -3.597707 67.963608 -2.589284
v -3.156639 67.698891 -2.832582
v -3.247916 67.965485 -2.918808
v -2.790643 67.699631 -3.119784
v -2.859241 67.965851 -3.210769
v -2.377860 67.699242 -3.366323
v -2.431437 67.965096 -3.461336
v -1.917662 67.697350 -3.577868
v -1.967767 67.963585 -3.671412
v -2.446548 68.335175 -3.489751
v -1.983332 68.333282 -3.698085
v -1.850283 67.482857 -3.450933
v -2.305056 67.484756 -3.238009
v -2.697731 67.485138 -2.997238
v -3.033939 67.484009 -2.716858
v -2.879205 68.335938 -3.238650
v -3.276358 68.335564 -2.946058
v -3.634442 68.334435 -2.615832
v -3.949914 68.331436 -2.251821
v -4.220864 68.327660 -1.858495
v -4.445438 68.323517 -1.440316
v -4.624363 68.319000 -1.001622
v -4.758306 68.315231 -0.546749
v -1.809205 66.034103 5.132757
v -2.022393 65.965004 5.134984
v -2.025566 65.899292 5.134801
v -1.812956 65.972931 5.132566
v -1.596016 66.103600 5.130565
v -1.600340 66.046570 5.130298
v -1.814712 65.868324 5.134305
v -1.610155 65.952911 5.133399
v -1.812479 65.677628 5.139942
v -1.630954 65.786377 5.143223
v -1.809847 65.451424 5.145607
v -1.662192 65.582840 5.152442
v -1.810399 65.239944 5.147427
v -1.703345 65.378532 5.153694
v -1.812534 65.036026 5.147318
v -1.875614 64.898186 5.143624
v -1.753694 65.190849 5.150751
v -2.019264 65.783737 5.135178
v -1.994007 65.569244 5.136657
v -1.957503 65.320381 5.138818
v -1.917443 65.101738 5.141162
v 4.240036 67.402557 1.663257
v 4.276515 67.498848 1.649510
v 4.294337 68.303207 1.647309
v 4.549353 67.635544 1.583260
v 4.549617 67.694458 1.582011
v 4.757466 67.946716 1.531410
v 4.784655 67.921410 1.523287
v 4.871776 68.313393 1.503369
v 4.834880 68.313019 1.514604
v 4.777177 68.677055 1.530973
v 4.805688 68.701225 1.522555
v 4.581378 68.975388 1.579904
v 4.579601 68.921761 1.579905
v 4.277874 69.192902 1.656339
v 4.312124 69.107185 1.645113
v 4.258954 68.297920 1.659797
v 1.066520 63.479446 6.430926
v 1.057404 63.538742 6.427751
v 0.946223 63.484734 6.305550
v 1.034878 63.591988 6.409772
v 1.001655 63.632011 6.379260
v 0.961750 63.654289 6.339875
v 0.919968 63.656181 6.296296
v 0.881355 63.637680 6.253888
v 0.850563 63.600288 6.217675
v 0.831310 63.549309 6.192072
v 0.825921 63.490021 6.180138
v 0.835036 63.430733 6.183348
v 0.857566 63.377487 6.201292
v 0.890786 63.337456 6.231805
v 0.930693 63.315178 6.271190
v 0.972472 63.313286 6.314771
v 1.011088 63.331802 6.357217
v 1.041877 63.369186 6.393390
v 1.061127 63.420166 6.419031
v -4.213116 69.107185 1.522904
v -4.258544 69.107193 1.582978
v -4.524663 68.921768 1.555862
v -4.480062 68.921761 1.457694
v -4.721217 68.677055 1.535833
v -4.677340 68.676682 1.408776
v -4.778618 68.313019 1.529992
v -4.735340 68.313019 1.392434
v -4.658191 67.947098 1.408956
v -4.701583 67.946716 1.537850
v -4.450005 67.696724 1.458632
v -4.494789 67.694466 1.558934
v -4.176293 67.504135 1.524887
v -4.223159 67.498856 1.586630
v 4.504794 67.696724 1.458612
v 4.231083 67.504135 1.524868
v 4.712980 67.947098 1.408937
v 4.790168 68.313019 1.392414
v 4.732165 68.676682 1.408756
v 4.534852 68.921761 1.457675
v 4.267904 69.107185 1.522886
v 0.437050 63.896324 5.279742
v 0.470350 63.708267 5.280312
v 1.054294 63.904274 5.850983
v 0.969309 64.082146 5.802984
v 0.201408 64.280380 5.277765
v 0.232226 63.897461 5.278382
v 0.248876 63.709404 5.278653
v 0.488778 63.618393 5.280540
v 1.083830 63.781540 5.859864
v 1.123029 63.436005 5.853411
v 0.537827 63.370285 5.280281
v 0.258090 63.619522 5.278766
v 0.027405 63.710159 5.277856
v 0.027405 63.898216 5.277704
v -0.194069 63.709404 5.278654
v -0.177419 63.897461 5.278384
v -0.415539 63.708267 5.280314
v 0.282618 63.371414 5.278663
v -1.029017 63.781540 5.859867
v -0.433971 63.618393 5.280543
v -0.203283 63.619522 5.278766
v -0.483016 63.370285 5.280284
v -1.068219 63.436005 5.853415
v -1.624061 63.945076 6.439226
v 0.027405 63.620277 5.277898
v -0.227807 63.371414 5.278663
v -0.611311 62.753990 5.277847
v -1.126641 62.726814 5.820844
v -1.653415 63.501732 6.426513
v -1.643994 63.951492 6.490621
v -1.601506 64.110481 6.475627
v -1.459243 64.283051 6.380682
v -1.140424 64.506233 6.142918
v -1.673895 63.499466 6.478248
v -1.659671 62.683777 6.419167
v -1.641975 62.699646 6.363808
v 0.027405 63.371796 5.277830
v -0.291953 62.753990 5.277431
v -0.647929 62.556107 5.277285
v -1.085416 62.547813 5.757068
v -1.522903 62.539894 6.236814
v -1.535674 62.519882 6.288586
v -1.313252 62.494576 6.013633
v -1.319788 62.472679 6.063140
v -1.014185 62.454536 5.674371
v -1.014605 62.432640 5.728825
v -0.670405 62.417137 5.277061
v -0.665709 62.405441 5.435516
v 0.027405 62.754364 5.277238
v -0.310267 62.556107 5.277172
v 0.027405 62.556488 5.277094
v -0.321501 62.417137 5.277060
v 0.027405 62.417137 5.277059
v -0.318682 62.396378 5.333212
v 0.027405 62.396378 5.329814
v 0.376309 62.417137 5.277059
v 0.365074 62.556107 5.277171
v 0.346763 62.753990 5.277429
v 0.666122 62.753990 5.277846
v 1.181457 62.726814 5.820839
v 1.708230 63.501732 6.426504
v 1.696789 62.699646 6.363801
v 1.714479 62.683777 6.419162
v 1.728707 63.499466 6.478240
v 1.068996 62.454536 5.674365
v 1.069419 62.432640 5.728822
v 1.374601 62.472679 6.063134
v 1.368066 62.494576 6.013627
v 1.590486 62.519882 6.288583
v 1.577721 62.539894 6.236808
v 1.140229 62.547813 5.757066
v 0.702740 62.556107 5.277282
v 0.725218 62.417137 5.277060
v 0.720519 62.405434 5.435511
v 0.373496 62.396378 5.333212
v -0.543148 67.580902 5.529532
v -0.717490 67.807098 5.190219
v -0.543120 67.571083 5.521640
v -0.729984 67.830124 5.116582
v -0.467092 63.115120 -4.886474
v -0.466152 62.783966 -4.017459
v -0.701055 62.792274 -3.983357
v -0.702384 63.115120 -4.886473
v -0.579050 66.213493 5.907311
v -1.084445 66.138718 5.517557
v -1.262452 65.900055 5.433843
v -0.542270 66.448387 5.885664
v -0.680743 64.919731 5.948503
v -1.175770 65.144791 5.576493
v -0.573584 65.069267 5.974367
v -1.031512 65.305290 5.644162
v -0.502451 65.349098 6.019186
v -0.770597 65.494858 5.828143
v -0.451353 65.699165 6.070197
v -0.915612 65.665550 5.719793
v -0.469690 65.756195 6.049386
v -0.520657 65.915558 5.993417
v -0.814355 65.886093 5.776888
v -0.589964 66.131554 5.916673
v -1.073226 65.875137 5.582821
v -1.597686 65.781471 5.194050
v -1.576248 65.956322 5.184266
v -1.629182 65.576035 5.203233
v -1.670795 65.369850 5.204486
v -0.912087 66.531830 5.542056
v -0.760005 66.955536 5.536304
v -0.489511 66.753891 5.864282
v -0.642837 67.286720 5.529311
v -0.898970 67.467979 5.252313
v -1.243018 67.534805 5.073805
v -1.151672 67.842583 5.061262
v -1.622688 67.551430 4.919431
v -1.565211 67.884125 4.908167
v -1.985703 67.581253 4.714907
v -1.937453 67.936226 4.706891
v -2.279037 67.992859 4.464108
v -2.326761 67.617882 4.467820
v -2.600600 68.046860 4.186625
v -2.640558 67.653366 4.185726
v -2.918694 68.113693 3.848875
v -0.430653 67.047691 5.855518
v -0.368751 67.335449 5.853089
v -1.330193 67.214958 5.091147
v -1.409029 66.869812 5.118082
v -1.333495 66.682877 5.177111
v -1.059406 67.090721 5.242506
v -1.374052 66.461967 5.192825
v -1.212486 66.556000 5.282926
v -1.564801 66.070732 5.181245
v -1.660712 67.182480 4.946741
v -2.012341 67.190781 4.732212
v -2.355129 67.219093 4.469831
v -1.558351 66.155701 5.181616
v -1.995751 66.729309 4.768019
v -1.659828 66.741402 5.006115
v -3.841715 67.015884 2.486570
v -3.810105 66.645805 2.490249
v -3.590106 66.588417 2.867315
v -3.638125 66.971329 2.861755
v -3.347075 66.529129 3.219634
v -3.409417 66.923759 3.214018
v -3.088395 66.470985 3.551385
v -3.158147 66.882980 3.549501
v -2.830369 66.415100 3.863939
v -2.896061 66.845978 3.868613
v -2.589314 66.361488 4.158685
v -2.634917 66.810486 4.171741
v -2.315088 66.302956 4.465168
v -2.344783 66.772736 4.468369
v -1.957549 66.232353 4.813046
v -3.999716 66.696770 2.084264
v -4.017613 67.047966 2.082327
v -4.156469 67.046074 1.711766
v -4.031133 67.489044 2.080928
v -3.864146 67.435814 2.480435
v -3.678174 67.387108 2.842060
v -3.464185 67.343307 3.186082
v -3.213207 67.306305 3.532792
v -2.939950 67.273842 3.869063
v -2.659127 67.245903 4.181734
v -2.940226 67.695648 3.861082
v -3.238889 67.752289 3.486422
v -3.503819 67.813835 3.113503
v -3.702281 67.869339 2.794090
v -3.868298 67.955811 2.469389
v -4.035853 68.109871 2.080622
v -4.205677 68.297928 1.588390
v -3.249887 68.209976 3.425219
v -3.535887 68.308907 3.018613
v -3.718420 68.384422 2.731989
v -3.816561 68.485252 2.564656
v -4.017877 68.661598 2.130394
v -3.963423 68.895729 2.279227
v -3.849379 68.659714 2.515905
v -3.820450 68.817192 2.577947
v -4.157188 66.742081 1.684189
v -4.215077 69.253334 1.611402
v -4.079845 69.238617 2.042412
v -4.128637 69.267685 1.913639
v -3.938802 69.280540 2.373986
v -4.085510 69.295631 2.007747
v -4.199063 69.291855 1.633756
v -2.929493 68.936172 3.857331
v -2.934250 68.798721 3.846880
v -2.614128 68.777580 4.182942
v -3.271446 68.827782 3.424712
v -3.246982 68.951653 3.465684
v -2.926399 69.068344 3.865131
v -3.229146 69.073250 3.496381
v -2.926633 69.189568 3.867644
v -3.224589 69.190315 3.506523
v -3.219597 69.276413 3.502028
v -3.491349 69.276405 3.127880
v -3.496516 69.190308 3.131951
v -3.720755 69.276016 2.772082
v -3.726084 69.189545 2.775699
v -3.906438 69.188782 2.451024
v -4.030678 69.189529 2.171192
v -4.037286 69.087181 2.133879
v -2.921875 69.276039 3.862720
v -3.559793 68.853828 3.021672
v -3.868335 68.952003 2.498455
v -3.733352 68.865906 2.742976
v -3.728513 68.970139 2.759404
v -3.527030 68.964859 3.076877
v -3.503021 69.076645 3.118251
v -3.725482 69.077011 2.771692
v -3.901793 69.078499 2.446851
v 2.399517 64.122932 6.089601
v 2.417529 63.918633 6.092894
v 2.967324 63.926544 5.641619
v 2.424394 63.477554 6.096153
v 2.953485 63.478302 5.644275
v 3.395566 63.951088 5.213570
v 3.370847 63.481689 5.211845
v 3.754632 63.996765 4.786733
v 3.741115 63.530014 4.798263
v 4.084754 64.259964 4.335984
v 3.743328 64.209373 4.782835
v 4.096878 64.068504 4.339046
v 4.072408 63.562469 4.329846
v 5.295817 64.523109 1.899176
v 5.136309 64.485733 2.413812
v 5.155152 64.354698 2.413484
v 4.945792 64.303360 2.910765
v 4.926159 63.695747 2.886461
v 4.675445 63.646660 3.376982
v 4.553699 62.898567 3.306023
v 4.270779 62.864220 3.778064
v 4.388826 63.599846 3.857433
v 3.959537 62.835915 4.246747
v 3.628670 62.807602 4.702058
v 3.286952 62.772484 5.133960
v 2.883680 62.726051 5.564503
v 2.368176 62.662621 6.015736
v 1.796554 62.590881 6.477358
v 3.755531 64.736908 4.036431
v 4.064022 64.774658 3.634472
v 3.919883 64.878502 3.541535
v 3.906588 64.606628 4.178727
v 4.217945 64.645508 3.747187
v 4.029888 64.448021 4.294780
v 4.342793 64.492950 3.839821
v 4.399776 64.317726 3.872495
v 4.414089 64.151955 3.874795
v 4.697915 64.232742 3.398289
v 4.927403 64.439308 2.909264
v 5.077323 64.631874 2.400002
v 5.238004 64.668495 1.891855
v 4.681263 64.380402 3.396206
v 4.868154 64.590736 2.888447
v 4.956857 64.773872 2.358058
v 5.118897 64.809731 1.865294
v 4.972793 64.938881 1.829847
v 5.073016 64.973610 1.316680
v 4.933516 65.084633 1.297124
v 4.979814 65.120125 0.779384
v 4.842921 65.224350 0.773671
v 4.846358 65.261719 0.273858
v 5.219498 64.845215 1.336803
v 5.120181 65.007973 0.785174
v 4.983512 65.154846 0.265119
v 4.806930 65.295692 -0.218989
v 4.797572 65.186974 1.277851
v 4.834126 65.049149 1.795873
v 4.809845 64.903778 2.303827
v 4.745951 64.735367 2.829791
v 4.622766 64.542404 3.369716
v 4.671105 65.012917 2.253162
v 4.456686 64.972511 2.689617
v 4.596784 64.864891 2.755961
v 4.498678 64.690437 3.295187
v 4.346305 64.819588 3.203577
v 4.202956 64.925323 3.125843
v 4.699159 65.149605 1.762635
v 4.536552 65.111473 2.204283
v 4.321076 65.069572 2.627010
v 4.064098 65.019348 3.055052
v 3.780611 64.969894 3.458490
v 3.485698 64.929115 3.807440
v 1.839447 63.478699 6.557771
v 1.806956 63.919395 6.555796
v 1.786784 64.112366 6.554015
v 1.658008 64.328751 6.475918
v 2.353898 64.319298 6.015842
v 2.262701 64.482048 5.798664
v 2.793852 64.508095 5.388514
v 2.682647 64.639122 5.148905
v 3.081403 64.670082 4.786263
v 2.974988 64.770531 4.598881
v 3.300694 64.805267 4.264222
v 3.184438 64.892494 4.121511
v 3.617388 64.839996 3.916370
v 3.690148 64.407631 4.732836
v 3.570225 64.571510 4.592463
v 3.426202 64.703308 4.417620
v 3.214504 64.538300 4.991095
v 2.900443 64.342323 5.573375
v 2.951653 64.139534 5.637274
v 3.382612 64.168968 5.209152
v 3.329767 64.372139 5.152386
v -0.320601 64.279625 5.278523
v -0.146601 64.280380 5.277768
v -0.118173 64.756958 5.277191
v 0.027405 64.757713 5.277076
v 0.027405 64.281143 5.277390
v -1.330535 65.413795 -4.079573
v -0.689445 65.412659 -4.221110
v -0.689445 65.275574 -4.363663
v -1.359504 65.275955 -4.218725
v -0.689446 65.134712 -4.510295
v -1.389153 65.136223 -4.361014
v -0.689446 64.990067 -4.663345
v -1.420171 64.991966 -4.509534
v -0.689447 64.831467 -4.785581
v -1.444370 64.833351 -4.629011
v -0.689447 64.649445 -4.839691
v -1.453572 64.650581 -4.684214
v -0.689447 64.455719 -4.859776
v -1.455280 64.456100 -4.707325
v -0.689447 64.417953 -4.841344
v -0.689447 64.380569 -4.822916
v -0.689447 63.854530 -4.826227
v -2.715872 64.457237 -4.290226
v -2.153345 64.456863 -4.526815
v -2.150213 64.652100 -4.501669
v -2.133132 64.835251 -4.446235
v -2.088135 64.993866 -4.330309
v -2.030457 65.137741 -4.187074
v -1.975313 65.276718 -4.049847
v -2.554932 65.139641 -3.963815
v -2.482617 65.277466 -3.833046
v -3.003294 65.141907 -3.693697
v -2.918469 65.278236 -3.570740
v -3.092021 64.999535 -3.822011
v -3.187174 64.655136 -3.977472
v -2.711872 64.653618 -4.264929
v -3.161148 64.840546 -3.926385
v -2.689548 64.837898 -4.211120
v -2.630574 64.996506 -4.100291
v -3.595443 64.843201 -3.594823
v -3.517020 65.002563 -3.497977
v -3.416255 65.144188 -3.379138
v -3.319920 65.278618 -3.265271
v -3.225805 65.409668 -3.153889
v -2.835597 65.411545 -3.450458
v -2.411968 65.412674 -3.705146
v -1.921440 65.413422 -3.915641
v -3.681566 65.277878 -2.920433
v -3.788250 65.145699 -3.024034
v -3.899843 65.005226 -3.132168
v -3.986624 64.845100 -3.220574
v -4.328980 64.845490 -2.807658
v -4.621949 64.843231 -2.360164
v -4.865028 64.836075 -1.882168
v -5.058490 64.825134 -1.378287
v -3.998028 65.275627 -2.539982
v -4.113768 65.145332 -2.632265
v -4.234800 65.006744 -2.728591
v -4.521502 65.004486 -2.291243
v -4.759552 64.996567 -1.824124
v -4.947992 64.983368 -1.331961
v -4.268975 65.268082 -2.127692
v -4.392385 65.141190 -2.207708
v -4.623872 65.129875 -1.754250
v -4.807251 65.113647 -1.276470
v -4.494082 65.252991 -1.687327
v -4.672625 65.232979 -1.223336
v -4.541058 65.347404 -1.171378
v -4.367271 65.371185 -1.621879
v -4.148357 65.390434 -2.049427
v -3.884962 65.401375 -2.449714
v -3.577327 65.406654 -2.819088
v -4.248912 66.989044 1.437650
v -4.322327 67.213722 1.215474
v -4.285960 67.106102 1.325563
v -4.369945 66.817963 0.954367
v -4.280749 66.782097 1.324836
v -4.383352 67.147629 0.930495
v -4.429313 67.139313 0.523356
v -4.424364 66.850800 0.520935
v -4.431956 67.159698 0.059245
v -4.426031 66.882889 0.059542
v -4.363077 67.180077 -0.396656
v -4.356995 66.915733 -0.394808
v -4.237592 67.199318 -0.839563
v -4.231851 66.946304 -0.836766
v -4.070563 67.216309 -1.264686
v -4.065125 66.971603 -1.260978
v -3.861547 67.231407 -1.668059
v -3.856375 66.993500 -1.663487
v -3.610104 67.244987 -2.045715
v -3.605262 67.013878 -2.040333
v -3.328722 67.256683 -2.394200
v -3.324265 67.032372 -2.388073
v -3.029922 67.266869 -2.710056
v -3.025907 67.049355 -2.703258
v -2.694205 67.273666 -2.989842
v -2.690681 67.062561 -2.982450
v -2.302072 67.276672 -3.230104
v -2.299088 67.068977 -3.222200
v -1.835520 67.070854 -3.445715
v 0.027386 67.265327 -3.877852
v -0.351527 67.267601 -3.876340
v -0.336153 67.013451 -3.915948
v -0.779622 67.271751 -3.821281
v -0.689444 67.068962 -3.910172
v -1.306082 67.275154 -3.661995
v -1.284380 67.070480 -3.676189
v -1.842902 67.277046 -3.448324
v -0.310400 63.654388 -4.584727
v -0.331029 63.945930 -4.376320
v -0.567174 63.630592 -4.590007
v -0.661935 63.558090 -4.635626
v -0.689446 63.655525 -4.562521
v -0.689446 63.946686 -4.357699
v -0.689446 64.155128 -4.321529
v -0.331029 64.154381 -4.339841
v -0.689446 64.372269 -4.286565
v -0.331029 64.371521 -4.304617
v -0.689445 64.607170 -4.254096
v -0.331029 64.606781 -4.271843
v -0.331028 66.249115 -4.035110
v -0.331027 66.665649 -3.970505
v -0.331028 65.789536 -4.104922
v -0.331028 65.371498 -4.167107
v -0.331028 65.079582 -4.208791
v -0.331028 64.846970 -4.240278
v -0.689445 64.846970 -4.222869
v -0.689445 65.079956 -4.191684
v -0.689445 65.371872 -4.150264
v -0.689445 65.789909 -4.088306
v -0.689444 66.250244 -4.020947
v -0.689444 66.669807 -3.963143
v 3.948761 69.304985 -1.313508
v 3.753257 69.304977 -1.687057
v 3.687305 69.304977 -1.653270
v 3.456537 69.304970 -1.996535
v 3.518204 69.304970 -2.036633
v 3.187310 69.304962 -2.312981
v 3.243830 69.304962 -2.359119
v 2.879768 69.304955 -2.599716
v 2.930357 69.304955 -2.651378
v 2.538367 69.304947 -2.853714
v 2.582412 69.304947 -2.910253
v 2.167592 69.304947 -3.071915
v 2.204648 69.304939 -3.132579
v 1.771593 69.304939 -3.252295
v 1.801285 69.304939 -3.316322
v 1.354564 69.304932 -3.392811
v 1.376564 69.304932 -3.459432
v 0.921443 69.304932 -3.492851
v 0.935790 69.304932 -3.561261
v 0.477198 69.304932 -3.551815
v 0.484274 69.304932 -3.621153
v 3.157270 69.304977 -1.801913
v 2.913007 69.304970 -2.089057
v 2.634243 69.304962 -2.349003
v 2.324609 69.304955 -2.579299
v 1.987742 69.304947 -2.777482
v 1.627512 69.304947 -2.941535
v 1.247796 69.304947 -3.069450
v 0.851832 69.304939 -3.160836
v 0.442859 69.304939 -3.215318
v 0.027388 69.304939 -3.233333
v 1.383538 69.290581 -3.480852
v 0.940333 69.290207 -3.583237
v 0.486514 69.290207 -3.643431
v 0.027387 69.289825 -3.662953
v 0.027387 69.304932 -3.640597
v 0.027387 69.304932 -3.571037
v -0.422427 69.304932 -3.551813
v -0.429499 69.304932 -3.621151
v -0.431746 69.290207 -3.643428
v -0.881014 69.304932 -3.561256
v -0.885559 69.290207 -3.583233
v -1.328763 69.290581 -3.480846
v -1.321786 69.304932 -3.459426
v -1.755933 69.290962 -3.336899
v -1.746505 69.304939 -3.316313
v -2.161638 69.291344 -3.152073
v -2.149868 69.304939 -3.132570
v -2.541628 69.291351 -2.928412
v -2.527640 69.304947 -2.910241
v -2.891647 69.291740 -2.667967
v -2.875579 69.304955 -2.651365
v -0.866671 69.304932 -3.492848
v -1.299783 69.304939 -3.392807
v -1.716820 69.304939 -3.252286
v -2.112810 69.304947 -3.071907
v -2.483592 69.304947 -2.853703
v -2.824987 69.304955 -2.599704
v -3.189051 69.304962 -2.359104
v -3.132534 69.304962 -2.312966
v -3.463423 69.304970 -2.036618
v -3.401760 69.304970 -1.996520
v -3.698478 69.304977 -1.687041
v -3.632524 69.304985 -1.653253
v -0.388086 69.304939 -3.215315
v -0.797056 69.304939 -3.160834
v -1.193016 69.304947 -3.069447
v -1.572733 69.304947 -2.941527
v -1.932961 69.304955 -2.777473
v -2.269828 69.304955 -2.579289
v -2.579458 69.304962 -2.348992
v -2.858227 69.304970 -2.089044
v -3.102486 69.304977 -1.801899
v -3.312433 69.304985 -1.489270
v -3.824651 69.304993 -1.286052
v -3.488249 69.304993 -1.152884
v -3.893985 69.304993 -1.313491
v -4.050359 69.305000 -0.919624
v -3.978498 69.305000 -0.898459
v -3.629822 69.305000 -0.795755
v -3.207010 69.291367 -2.373925
v -3.483009 69.291374 -2.049500
v -3.719422 69.291000 -1.697886
v -3.916002 69.290642 -1.322291
v -4.073171 69.290276 -0.926400
v -4.167991 69.305008 -0.509094
v -4.094391 69.305008 -0.494033
v -3.737030 69.305016 -0.420918
v -4.172447 69.305023 -0.076892
v -3.809618 69.305023 -0.032760
v -4.212888 69.305031 0.348833
v -3.979208 69.305077 2.010635
v -4.099219 69.305069 1.620953
v -4.172707 69.305069 1.636702
v -4.252123 69.305054 1.215415
v -4.177354 69.305054 1.206173
v -4.290188 69.305046 0.781026
v -4.214853 69.305046 0.778176
v -4.288226 69.305031 0.345642
v -4.247216 69.305023 -0.085985
v -4.191368 69.289902 -0.513914
v -4.050693 69.305077 2.032778
v -4.275840 69.290703 1.218422
v -4.314056 69.290321 0.781979
v -4.312135 69.289925 0.344647
v -4.270933 69.289917 -0.088879
v -3.847268 69.305031 0.364320
v -3.849194 69.305046 0.764341
v -3.814564 69.305054 1.161316
v -3.742501 69.305061 1.544496
v -3.632169 69.305077 1.903148
v -3.486995 69.305084 2.242947
v -3.822263 69.305084 2.378720
v -3.310404 69.305092 2.569573
v -3.633384 69.305092 2.728705
v -3.097497 69.305099 2.899464
v -3.407480 69.305107 3.078965
v -2.843377 69.305107 3.249073
v -3.139470 69.305115 3.447852
v -2.566585 69.305115 3.585027
v -3.891330 69.305084 2.406691
v -3.699934 69.305099 2.761492
v -3.471349 69.305107 3.115942
v -3.200475 69.305115 3.488809
v -2.846191 69.305122 3.803247
v -2.903800 69.305122 3.848209
v -2.544481 69.305130 4.112990
v -2.597806 69.305130 4.162270
v -2.228965 69.305138 4.382543
v -2.277004 69.305138 4.436246
v -1.894264 69.305145 4.617284
v -1.935925 69.305145 4.675359
v -1.540248 69.305145 4.812516
v -2.285670 69.305122 3.873952
v -1.995784 69.305130 4.122015
v -1.692063 69.305138 4.335454
v -1.373999 69.305138 4.511166
v -1.041092 69.305145 4.646128
v -1.166778 69.305153 4.963645
v -0.694826 69.305145 4.740499
v -0.778008 69.305153 5.069832
v -0.336680 69.305145 4.794503
v -0.378090 69.305153 5.130406
v 0.027406 69.305145 4.811417
v 0.027406 69.305153 5.149321
v 0.432902 69.305153 5.130404
v -1.574498 69.305153 4.874634
v -1.192674 69.305153 5.029051
v -0.795147 69.305161 5.137693
v -0.386622 69.305161 5.199625
v 0.027407 69.305161 5.218919
v 0.441435 69.305161 5.199624
v 0.444114 69.275330 5.221939
v 0.855344 69.275330 5.159555
v 0.849964 69.305153 5.137690
v 1.255622 69.275322 5.050116
v 1.247490 69.305153 5.029047
v 1.640074 69.275322 4.894645
v 1.629314 69.305145 4.874629
v 2.003824 69.275696 4.694084
v 0.027407 69.275330 5.241390
v -0.389298 69.275330 5.221941
v -0.800531 69.275330 5.159559
v -1.200809 69.275322 5.050125
v -1.585265 69.275322 4.894651
v -1.949011 69.275696 4.694092
v -2.292099 69.275688 4.453543
v -2.614551 69.276047 4.178171
v 1.990733 69.305145 4.675351
v 2.346910 69.275688 4.453533
v 2.331810 69.305138 4.436237
v 2.669357 69.276047 4.178160
v 2.652611 69.305130 4.162258
v 2.976686 69.276039 3.862707
v 2.958611 69.305122 3.848194
v 3.274407 69.276413 3.502014
v 3.255284 69.305115 3.488796
v 3.546151 69.276398 3.127866
v 3.526150 69.305099 3.115927
v 3.775558 69.276009 2.772065
v 3.754735 69.305092 2.761475
v 3.993598 69.280540 2.373969
v 3.946126 69.305084 2.406674
v 4.140338 69.295631 2.007729
v 4.105484 69.305077 2.032761
v 4.253893 69.291847 1.633738
v 0.832821 69.305153 5.069829
v 1.221591 69.305153 4.963641
v 1.595056 69.305145 4.812507
v 1.949075 69.305145 4.617277
v 2.283775 69.305138 4.382535
v 2.599288 69.305130 4.112978
v 2.900996 69.305122 3.803235
v 3.194273 69.305115 3.447839
v 0.391493 69.305145 4.794498
v 0.749641 69.305145 4.740496
v 1.095907 69.305145 4.646122
v 1.428813 69.305138 4.511158
v 1.746872 69.305138 4.335450
v 2.050594 69.305130 4.122006
v 2.340477 69.305122 3.873938
v 2.621391 69.305115 3.585016
v 2.898175 69.305107 3.249060
v 3.462281 69.305099 3.078948
v 3.688190 69.305092 2.728688
v 3.877059 69.305084 2.378703
v 4.033998 69.305077 2.010618
v 4.227499 69.305061 1.636683
v 4.154011 69.305061 1.620934
v 4.306912 69.305054 1.215396
v 4.232143 69.305054 1.206154
v 4.344976 69.305038 0.781007
v 4.269640 69.305038 0.778157
v 4.343012 69.305031 0.345623
v 4.267674 69.305031 0.348815
v 4.302000 69.305023 -0.086004
v 4.227230 69.305023 -0.076910
v 4.149173 69.305008 -0.494051
v 3.152301 69.305099 2.899451
v 3.365199 69.305092 2.569558
v 3.541788 69.305084 2.242931
v 3.686960 69.305069 1.903131
v 3.797302 69.305061 1.544479
v 3.869353 69.305054 1.161298
v 3.904016 69.305038 0.764324
v 3.902053 69.305031 0.364304
v 3.864403 69.305023 -0.032776
v 3.791825 69.305008 -0.420934
v 3.684608 69.305000 -0.795771
v 4.033315 69.305000 -0.898477
v 3.543035 69.304993 -1.152900
v 3.879470 69.304985 -1.286069
v 3.367217 69.304985 -1.489285
v 4.105141 69.305000 -0.919642
v 4.222810 69.305008 -0.509112
v 4.330627 69.290703 1.218404
v 4.368880 69.290314 0.781960
v 4.366916 69.289925 0.344628
v 4.325715 69.289917 -0.088898
v 4.246148 69.289902 -0.513933
v 4.127944 69.290276 -0.926418
v 3.970778 69.290634 -1.322308
v 3.774199 69.291000 -1.697902
v 3.537793 69.291374 -2.049516
v 3.261790 69.291367 -2.373940
v 2.946428 69.291740 -2.667980
v 2.596400 69.291351 -2.928421
v 2.216413 69.291344 -3.152084
v 1.810709 69.290962 -3.336907
v -2.896435 69.252083 -2.673410
v -3.212351 69.251343 -2.378782
v -2.545788 69.251701 -2.934381
v -2.165121 69.250938 -3.158484
v -1.758710 69.249809 -3.343671
v -1.330809 69.248291 -3.487899
v -0.886879 69.246780 -3.590484
v -0.432388 69.245644 -3.650791
v 0.027387 69.245636 -3.670353
v -3.725621 69.249084 -1.701413
v -3.488832 69.250587 -2.053705
v -4.321120 69.246140 0.782384
v -4.282827 69.247650 1.219514
v -4.319118 69.245361 0.344400
v -4.277882 69.244980 -0.089756
v -4.198202 69.245338 -0.515433
v -4.079853 69.246094 -0.928575
v -3.922493 69.247589 -1.325138
v 1.859403 64.972198 5.196630
v 1.782396 65.166687 5.201124
v 1.351289 64.996758 5.565239
v 1.541550 64.845703 5.550588
v 0.942593 64.790970 6.013873
v 1.946524 64.781876 5.191500
v 2.575529 64.823784 4.698612
v 2.262645 64.800758 4.951440
v 2.205683 64.714279 5.230625
v 1.820107 64.736191 5.462417
v 1.348349 64.716942 5.870147
v 1.404452 64.584015 6.120859
v 1.313345 64.574577 6.242798
v 1.754944 64.495651 6.087479
v 2.191456 64.612709 5.512227
v 2.617552 64.739204 4.920887
v 2.881917 64.855873 4.420259
v 1.711980 64.627052 5.783522
v 5.208655 63.559311 -1.001563
v 5.126821 63.205849 -0.911461
v 5.072707 63.202835 -0.930714
v 5.147971 63.533257 -1.018199
v 5.018558 63.199814 -0.949962
v 5.184221 64.384056 -1.431652
v 5.322173 63.728882 -0.668824
v 5.195818 63.219086 -0.616708
v 3.208275 64.417595 -3.987073
v 3.170141 64.379082 -3.972191
v 2.707211 64.381340 -4.253265
v 3.640095 64.412697 -3.655439
v 3.684216 64.452339 -3.666313
v 4.078661 64.445564 -3.287432
v 4.029305 64.404778 -3.281098
v 4.424345 64.434624 -2.869425
v 4.370795 64.394218 -2.868295
v 4.720147 64.420280 -2.416221
v 4.663312 64.381004 -2.420095
v 4.964930 64.402924 -1.931752
v 4.905412 64.364403 -1.939566
v 5.122366 64.345917 -1.442873
v 5.087245 63.507210 -1.034835
v 4.850243 63.668053 -1.735102
v 4.761724 63.237183 -1.657353
v 4.845900 64.325882 -1.947375
v 4.606442 64.341736 -2.423966
v 4.317286 64.354179 -2.867164
v 3.979949 64.363991 -3.274766
v 3.595977 64.373047 -3.644559
v 2.691849 63.842079 -4.251436
v 2.080753 63.813004 -4.514004
v 3.147442 63.842461 -3.970974
v 3.568683 63.840958 -3.642657
v 3.951780 63.837952 -3.271594
v 4.293006 63.833427 -2.862891
v 4.592429 63.789642 -2.367181
v 5.060469 64.308151 -1.454087
v 4.490358 63.267372 -2.294982
v 4.189798 63.282463 -2.793099
v 3.851820 63.290382 -3.199917
v 3.468010 63.298683 -3.563670
v 3.050725 63.305092 -3.882590
v 2.612251 63.307358 -4.154939
v 2.098777 63.298294 -4.379860
v 1.456513 63.270340 -4.556512
v 1.420353 63.581505 -4.651869
v 1.238427 63.687233 -4.709046
v 0.915413 63.242020 -4.671499
v 0.744220 63.364357 -4.767305
v 0.744220 63.606422 -4.801941
v 1.423687 63.874924 -4.685602
v 2.160906 64.380951 -4.485584
v 2.738925 64.419098 -4.271772
v 3.246413 64.456116 -4.001952
v 3.679497 64.655136 -3.642792
v 4.073677 64.653267 -3.265007
v 4.041428 64.845100 -3.220590
v 4.383755 64.845482 -2.807676
v 4.289568 65.006744 -2.728608
v 4.576271 65.004478 -2.291262
v 4.548855 65.252983 -1.687347
v 4.422046 65.371178 -1.621898
v 4.595836 65.347404 -1.171397
v 4.323746 65.268082 -2.127710
v 4.447197 65.141182 -2.207727
v 4.168536 65.145332 -2.632284
v 3.954611 65.005219 -3.132186
v 3.650208 64.843201 -3.594876
v 3.241944 64.655128 -3.977489
v 2.770643 64.457237 -4.290238
v 2.184505 64.419098 -4.506204
v 1.484973 64.380943 -4.666994
v 0.744220 63.854530 -4.826231
v 0.744220 64.380562 -4.822917
v 1.497512 64.418709 -4.687163
v 2.208107 64.456856 -4.526822
v 2.766644 64.653610 -4.264940
v 3.215919 64.840546 -3.926396
v 3.571788 65.002563 -3.497996
v 3.843022 65.145699 -3.024050
v 4.052794 65.275620 -2.540000
v 4.203129 65.390434 -2.049443
v 0.744220 64.417953 -4.841345
v 1.510051 64.456100 -4.707327
v 2.204982 64.652100 -4.501678
v 2.744318 64.837898 -4.211130
v 3.146791 64.999535 -3.822024
v 3.471020 65.144188 -3.379153
v 3.736341 65.277878 -2.920448
v 3.939733 65.401375 -2.449732
v 2.187899 64.835251 -4.446243
v 3.058064 65.141899 -3.693709
v 3.374692 65.278618 -3.265285
v 2.973236 65.278236 -3.570755
v 3.280576 65.409660 -3.153903
v 3.632101 65.406647 -2.819101
v 1.508345 64.650581 -4.684221
v 1.499145 64.833351 -4.629016
v 0.744220 64.455719 -4.859777
v 0.744220 64.649445 -4.839694
v 0.744220 64.831467 -4.785583
v 1.474945 64.991966 -4.509538
v 2.142908 64.993858 -4.330318
v 2.685344 64.996506 -4.100303
v 2.609699 65.139641 -3.963827
v 2.537390 65.277466 -3.833056
v 2.466738 65.412666 -3.705156
v 2.890367 65.411537 -3.450471
v 0.744221 64.990067 -4.663345
v 1.443930 65.136223 -4.361020
v 2.085227 65.137741 -4.187084
v 2.030082 65.276718 -4.049855
v 1.976208 65.413422 -3.915651
v 0.744221 65.134712 -4.510297
v 1.414278 65.275955 -4.218733
v 1.385312 65.413795 -4.079578
v 0.744221 65.275574 -4.363665
v 0.744222 65.412659 -4.221110
v 1.897673 67.277046 -3.448332
v 1.905061 67.482857 -3.450940
v 2.359832 67.484756 -3.238021
v 1.360862 67.275154 -3.662001
v 1.382567 67.479836 -3.647768
v 0.834398 67.271751 -3.821282
v 0.865445 67.476433 -3.791266
v 0.406299 67.267601 -3.876342
v 0.426799 67.474922 -3.844213
v 3.669734 67.476097 -2.051112
v 3.921535 67.468925 -1.672645
v 3.916322 67.231400 -1.668076
v 3.664886 67.244987 -2.045731
v 3.387955 67.480995 -2.400342
v 3.383502 67.256683 -2.394216
v 3.088722 67.484009 -2.716872
v 3.084702 67.266869 -2.710070
v 2.752509 67.485138 -2.997251
v 2.748986 67.273666 -2.989853
v 2.356847 67.276672 -3.230114
v 1.890292 67.070854 -3.445724
v 1.339153 67.070480 -3.676194
v 3.379045 67.032372 -2.388088
v 3.080681 67.049355 -2.703271
v 2.745456 67.062561 -2.982461
v 2.353863 67.068977 -3.222208
v 4.424731 66.817963 0.954347
v 4.438138 67.147629 0.930478
v 4.377152 67.213722 1.215456
v 4.484134 67.139313 0.523336
v 4.479151 66.850800 0.520916
v 4.486775 67.159698 0.059227
v 4.480810 66.882889 0.059524
v 4.417856 67.180077 -0.396676
v 4.411815 66.915733 -0.394827
v 4.292370 67.199318 -0.839582
v 4.286630 66.946304 -0.836785
v 4.125338 67.216309 -1.264706
v 4.119901 66.971603 -1.260996
v 3.911150 66.993492 -1.663504
v 3.660038 67.013878 -2.040349
v 4.340748 67.106094 1.325544
v 4.303701 66.989044 1.437631
v 4.344636 67.410477 1.330271
v 4.433041 67.418777 0.962650
v 4.489079 67.427452 0.525760
v 4.492707 67.436119 0.058925
v 4.423901 67.444420 -0.398527
v 4.298108 67.452713 -0.842379
v 4.130814 67.461014 -1.268412
v 3.304692 68.209976 3.425206
v 2.973499 68.113693 3.848861
v 2.995026 67.695648 3.861068
v 3.293700 67.752289 3.486410
v 3.590686 68.308907 3.018597
v 3.558625 67.813828 3.113489
v 3.773221 68.384422 2.731973
v 3.757084 67.869331 2.794073
v 3.871356 68.485252 2.564639
v 3.923090 67.955803 2.469374
v 4.072667 68.661598 2.130376
v 4.090644 68.109871 2.080606
v 4.085922 67.489044 2.080910
v 4.211258 67.046074 1.711748
v 4.335537 66.782089 1.324819
v 4.018214 68.895729 2.279209
v 3.904171 68.659706 2.515887
v 3.875246 68.817192 2.577931
v 2.067146 67.190781 4.732203
v 2.409930 67.219093 4.469820
v 2.381567 67.617882 4.467809
v 2.695364 67.653366 4.185716
v 2.713933 67.245903 4.181723
v 2.994756 67.273842 3.869049
v 3.268017 67.306305 3.532779
v 3.518991 67.343307 3.186064
v 3.732975 67.387108 2.842044
v 3.918972 67.435806 2.480417
v 1.714639 66.741402 5.006109
v 1.715527 67.182480 4.946733
v 1.385007 67.214958 5.091142
v 2.050560 66.729309 4.768011
v 2.399590 66.772736 4.468358
v 2.689723 66.810486 4.171730
v 2.950862 66.845978 3.868600
v 3.212945 66.882980 3.549495
v 3.464216 66.923759 3.214003
v 3.692926 66.971329 2.861739
v 3.896508 67.015877 2.486553
v 4.072403 67.047966 2.082309
v 4.211978 66.742081 1.684171
v 4.054504 66.696770 2.084246
v 3.864897 66.645798 2.490234
v 3.644902 66.588417 2.867300
v 3.401881 66.529129 3.219619
v 3.143196 66.470985 3.551370
v 2.885174 66.415100 3.863927
v 2.644120 66.361488 4.158675
v 2.369895 66.302956 4.465158
v 2.012357 66.232353 4.813038
v 1.613169 66.155701 5.181610
v 1.463840 66.869804 5.118076
v 1.388308 66.682877 5.177104
v 1.114218 67.090721 5.242503
v 1.428864 66.461967 5.192817
v 1.267299 66.556000 5.282922
v 1.619618 66.070732 5.181238
v 1.631060 65.956322 5.184258
v 1.652498 65.781471 5.194044
v 1.139255 66.138718 5.517549
v 0.966900 66.531830 5.542051
v 0.814816 66.955536 5.536301
v 0.953785 67.467979 5.252312
v 1.297829 67.534805 5.073800
v 1.677503 67.551430 4.919423
v 2.040513 67.581253 4.714898
v 2.333843 67.992859 4.464098
v 2.655406 68.046860 4.186615
v 0.772302 67.807098 5.190216
v 1.206483 67.842583 5.061256
v 1.620022 67.884125 4.908161
v 1.992267 67.936226 4.706882
v 0.697653 67.286720 5.529309
v 0.597934 67.571083 5.521635
v 0.597078 66.448387 5.885662
v 0.633861 66.213493 5.907309
v 0.544323 66.753891 5.864280
v 0.485468 67.047691 5.855513
v 0.423571 67.335449 5.853087
v 0.735561 64.919731 5.948499
v 1.230582 65.144791 5.576487
v 1.725610 65.369850 5.204479
v 1.086328 65.305290 5.644156
v 1.683990 65.576035 5.203225
v 0.825415 65.494858 5.828141
v 0.970423 65.665543 5.719788
v 0.506174 65.699165 6.070195
v 0.524507 65.756195 6.049384
v 0.575478 65.915550 5.993416
v 0.869169 65.886093 5.776883
v 0.644781 66.131554 5.916674
v 1.128040 65.875137 5.582816
v 1.317264 65.900055 5.433839
v 0.628395 65.069267 5.974365
v 0.557269 65.349098 6.019184
v -4.547467 65.559349 2.229242
v -4.592405 65.956619 2.258417
v -4.761436 65.999657 1.798692
v -4.332595 65.510262 2.656946
v -4.376401 65.902618 2.692460
v -4.078789 65.448341 3.076370
v -4.122970 65.832397 3.106689
v -3.795110 65.384155 3.474204
v -3.837934 65.759140 3.500726
v -3.490626 65.330162 3.837129
v -3.527056 65.695328 3.874183
v -3.176539 65.285233 4.167812
v -3.206027 65.643608 4.216594
v -2.864100 65.249359 4.468973
v -2.890501 65.606239 4.517530
v -4.640256 66.724686 0.885642
v -4.570241 66.686562 1.332667
v -4.849049 66.590240 0.831987
v -4.792175 66.551750 1.334329
v -4.934811 66.373482 0.808475
v -4.879032 66.337624 1.323659
v -4.874047 66.035141 1.307415
v -4.713439 65.599739 1.779100
v -3.837481 66.483437 3.039864
v -3.569052 66.419624 3.413773
v -4.080902 66.544220 2.640866
v -4.289093 66.597458 2.211102
v -4.454646 66.644646 1.768914
v -4.681567 66.509453 1.825195
v -4.767326 66.298355 1.824591
v -4.595808 66.252678 2.296060
v -4.375307 66.197189 2.739171
v -4.116590 66.127327 3.155042
v -4.510462 66.461891 2.295755
v -4.289922 66.406769 2.740749
v -4.030941 66.341827 3.154936
v -3.744712 66.273857 3.544628
v -3.827739 66.054459 3.548910
v -3.442400 66.210052 3.916168
v -3.516887 65.988762 3.925997
v -3.140150 66.152664 4.254608
v -3.200670 65.933258 4.270288
v -2.854088 66.103951 4.544973
v -2.895734 65.890213 4.565784
v -2.604747 65.870209 4.812150
v -2.547722 65.587357 4.809930
v -2.573424 66.062035 4.790999
v -2.554440 65.203300 4.737886
v -2.248693 65.129288 4.971867
v -2.260884 65.406853 5.002905
v -2.215750 65.582451 5.055239
v -2.298825 65.728218 5.011205
v -2.330369 65.882668 5.009124
v -1.944901 65.040558 5.188406
v -1.993551 65.301125 5.185528
v -2.033122 65.565468 5.183218
v -2.058434 65.785248 5.181702
v -2.064299 65.911758 5.181360
v -2.060441 65.991814 5.181584
v -2.287384 66.025787 4.996431
v -1.809399 66.073761 5.181619
v -2.146852 66.136818 4.920563
v -2.463825 66.196854 4.656444
v -2.739846 66.249718 4.386285
v -3.004133 66.301819 4.095207
v -3.285903 66.358833 3.768286
v 4.134638 69.238617 2.042393
v 4.269868 69.253326 1.611383
v 4.183428 69.267677 1.913621
v 3.581831 68.964851 3.076863
v 3.557820 69.076645 3.118235
v 3.283952 69.073250 3.496365
v 3.783309 68.970131 2.759387
v 3.788148 68.865906 2.742961
v 3.923128 68.951996 2.498439
v 4.092081 69.087181 2.133862
v 4.085471 69.189522 2.171174
v 3.961232 69.188774 2.451007
v 3.780885 69.189537 2.775682
v 3.551322 69.190308 3.131934
v 3.279397 69.190315 3.506509
v 3.780282 69.077003 2.771675
v 3.956625 69.078499 2.446836
v 3.614597 68.853828 3.021655
v 3.301786 68.951653 3.465670
v 2.981208 69.068344 3.865121
v 2.984299 68.936172 3.857317
v 3.326256 68.827774 3.424698
v 2.989053 68.798721 3.846869
v 2.670511 68.924858 4.183304
v 2.668936 68.777580 4.182931
v 2.346879 68.760971 4.458682
v 0.027406 68.705101 5.249069
v 0.443885 68.708878 5.229584
v 0.444216 68.887878 5.229618
v 0.855608 68.892029 5.167042
v 0.855000 68.716812 5.166968
v 1.256182 68.896179 5.057227
v 1.255383 68.724731 5.057078
v 1.640952 68.901466 4.901263
v 1.640014 68.734169 4.901001
v 2.004955 68.907875 4.700135
v 2.003875 68.746628 4.699761
v 2.348145 68.916176 4.459090
v 2.672121 69.064575 4.183530
v 2.981442 69.189568 3.867632
v 2.349478 69.061562 4.459388
v 2.006085 69.058556 4.700397
v 1.641923 69.056290 4.901446
v 1.256984 69.054405 5.057336
v 0.856206 69.053276 5.167038
v 2.673798 69.188820 4.183527
v 2.350934 69.188072 4.459384
v 2.007324 69.187325 4.700391
v 1.642954 69.186569 4.901404
v 1.257792 69.186195 5.057257
v 0.856766 69.186203 5.166958
v 0.444818 69.186203 5.229456
v 0.444531 69.052147 5.229576
v 0.027407 69.186203 5.248945
v 0.027407 69.051392 5.249059
v 0.027406 68.885986 5.249064
v -0.389718 69.052147 5.229577
v -0.389401 68.887878 5.229620
v -0.801394 69.053284 5.167042
v -0.800799 68.892029 5.167046
v -1.202168 69.054405 5.057341
v -1.201370 68.896179 5.057234
v -1.587107 69.056290 4.901454
v -1.586143 68.901466 4.901269
v -1.951273 69.058556 4.700406
v -1.950141 68.907875 4.700143
v -2.294667 69.061562 4.459397
v -2.293339 68.916176 4.459099
v -2.617310 69.064575 4.183542
v -2.615703 68.924858 4.183314
v -0.390007 69.186203 5.229460
v -0.801956 69.186203 5.166961
v -1.202976 69.186195 5.057262
v -1.588138 69.186577 4.901412
v -1.952514 69.187325 4.700401
v -2.296119 69.188072 4.459394
v -2.618984 69.188820 4.183538
v -1.324200 66.587471 -4.214830
v -0.689445 66.588226 -4.329898
v -0.689445 66.244576 -4.371052
v -0.689445 65.843918 -4.318966
v -1.331821 65.843163 -4.174894
v -1.330554 66.243828 -4.232572
v -1.926638 66.242691 -4.067844
v -1.916174 66.586342 -4.067515
v -2.432667 66.241188 -3.850708
v -2.422596 66.584084 -3.855625
v -2.876166 66.238556 -3.585569
v -2.868616 66.579941 -3.589618
v -3.284650 66.234787 -3.276808
v -3.279392 66.572006 -3.279833
v -3.652615 66.228752 -2.928243
v -3.649372 66.561447 -2.930130
v -3.974574 66.221222 -2.543687
v -3.972989 66.549004 -2.544319
v -4.250207 66.211029 -2.126942
v -2.426404 65.841278 -3.791522
v -2.861448 65.839775 -3.530719
v -1.926654 65.842415 -4.007034
v -1.313652 66.844635 -4.112877
v -0.689445 66.845390 -4.222581
v -1.896282 66.843513 -3.970431
v -2.395749 66.841248 -3.762545
v -2.834692 66.835594 -3.500358
v -3.235747 66.823891 -3.195046
v -3.596476 66.808426 -2.850375
v -3.914454 66.791443 -2.470132
v -4.187860 66.772568 -2.058116
v -4.249981 66.534660 -2.126249
v -4.414888 66.751053 -1.618131
v -4.480070 66.517677 -1.679780
v -1.299834 66.986259 -3.917793
v -0.689444 66.986252 -4.076179
v -1.868000 66.985886 -3.741138
v -2.351717 66.983627 -3.527788
v -2.770308 66.977592 -3.275343
v -3.143085 66.964378 -2.981369
v -3.477010 66.947395 -2.649502
v -3.779072 66.928902 -2.283373
v -4.042847 66.908524 -1.886636
v -4.261949 66.886253 -1.462942
v -4.436903 66.859833 -1.016482
v -4.568205 66.828117 -0.551434
v -4.648188 66.793770 -0.073617
v -4.669222 66.760170 0.411141
v -4.858983 66.626862 0.327029
v -4.938548 66.409348 0.294262
v -4.931599 66.068359 0.798854
v -4.820537 65.635612 1.292349
v -4.596153 66.726143 -1.154547
v -4.732100 66.695564 -0.671710
v -4.820506 66.661972 -0.175794
v -4.893163 66.443321 -0.215987
v -4.935490 66.103836 0.287290
v -4.873597 65.669952 0.786867
v -4.663750 66.497292 -1.209317
v -4.801508 66.472382 -0.719286
v -4.889798 66.135933 -0.222107
v -4.877299 65.705818 0.280529
v -4.479277 66.197449 -1.681840
v -4.662052 66.180840 -1.212780
v -4.798788 66.160843 -0.724168
v -4.834062 65.738663 -0.222075
v -4.746297 65.763573 -0.716366
v -4.613298 65.783951 -1.196909
v -4.434299 65.802818 -1.658267
v -4.209496 65.818291 -2.096078
v -3.939039 65.827721 -2.505972
v -3.623151 65.833374 -2.884206
v -3.262160 65.837143 -3.227032
v -4.240869 68.303215 1.584802
v 3.331134 68.335564 -2.946074
v 3.302685 67.965485 -2.918822
v 2.914014 67.965851 -3.210782
v 2.933985 68.335938 -3.238663
v 2.889496 68.707146 -3.198313
v 2.463500 68.706383 -3.445285
v 2.501323 68.335175 -3.489761
v 2.008893 68.704498 -3.649575
v 2.038105 68.333275 -3.698092
v 1.530891 68.701843 -3.809314
v 1.549262 68.331017 -3.862435
v 1.045487 68.328735 -3.987658
v 1.018567 67.957909 -3.970276
v 1.526277 67.961311 -3.841886
v 2.022538 67.963577 -3.671421
v 2.486211 67.965096 -3.461346
v 1.036890 68.700333 -3.930831
v 3.689217 68.334435 -2.615847
v 3.281675 68.707535 -2.910575
v 3.635417 68.706406 -2.585804
v 4.212461 68.701141 -1.840641
v 3.946079 68.704147 -2.227734
v 3.772943 68.975677 -2.153253
v 3.476959 68.977547 -2.496938
v 3.139259 68.978294 -2.808565
v 2.764724 68.977913 -3.084623
v 2.358227 68.976776 -3.321622
v 1.924670 68.974876 -3.517463
v 1.468925 68.971848 -3.670085
v 0.996954 68.969963 -3.783301
v 0.514737 68.970337 -3.860941
v 0.534286 68.701454 -4.020557
v 0.537493 68.327225 -4.078819
v 0.487013 69.186737 -3.650641
v 0.941361 69.188622 -3.590371
v 1.385158 69.191643 -3.487775
v 1.812943 69.195053 -3.343549
v 2.219247 69.197311 -3.158365
v 2.599802 69.198456 -2.934264
v 2.950346 69.198837 -2.673288
v 3.266168 69.198097 -2.378661
v 3.542542 69.196213 -2.053589
v 4.026551 68.972664 -1.781328
v 3.779233 69.193199 -1.701298
v 4.237083 68.969650 -1.384976
v 3.975991 69.190186 -1.325022
v 4.405093 68.967400 -0.968218
v 4.133312 69.187553 -0.928465
v 4.531223 68.965515 -0.535070
v 4.251583 69.186050 -0.515317
v 4.615322 68.964386 -0.092222
v 4.331230 69.185318 -0.089644
v 4.657392 68.962898 0.353640
v 4.372507 69.186073 0.344515
v 4.661090 68.963669 0.786532
v 4.374472 69.187592 0.782493
v 4.942315 68.309982 0.801887
v 4.914370 68.311127 1.167978
v 4.837410 67.926315 1.192439
v 4.847871 68.693291 1.170257
v 4.874680 68.687988 0.792391
v 4.629901 68.968590 1.190460
v 4.870717 68.688362 0.363394
v 4.828720 68.690994 -0.091708
v 4.741487 68.692863 -0.547874
v 4.609506 68.695114 -0.996452
v 4.433412 68.698135 -1.428792
v 4.004686 68.331429 -2.251835
v 4.275637 68.327660 -1.858514
v 4.500214 68.323517 -1.440335
v 4.679140 68.318993 -1.001641
v 4.813088 68.315231 -0.546769
v 4.900774 68.312225 -0.084995
v 4.940804 68.310349 0.374387
v 4.875287 67.930466 0.829053
v 4.883367 67.931961 0.400576
v 4.850625 67.933464 -0.060880
v 4.765883 67.937599 -0.523206
v 4.632883 67.943260 -0.977780
v 4.455317 67.949280 -1.415973
v 4.232475 67.954941 -1.833501
v 3.963638 67.959831 -2.226065
v 3.652483 67.963608 -2.589307
v 3.539325 67.696243 -2.508406
v 3.211411 67.698883 -2.832589
v 3.837848 67.692101 -2.150933
v 4.099471 67.686066 -1.764155
v 4.316537 67.679283 -1.352078
v 4.489721 67.671738 -0.918847
v 4.619665 67.664948 -0.468620
v 4.697419 67.658920 -0.008136
v 4.714188 67.654404 0.455887
v 4.684997 67.649887 0.887924
v 4.624918 67.643097 1.252467
v 4.336217 69.190254 1.219631
v -0.738240 67.856178 5.111787
v -0.746491 67.882233 5.106951
v -0.543180 67.590340 5.537422
v -0.368773 67.344887 5.854112
v -0.689445 66.629013 -4.146523
v -0.689445 66.247604 -4.195982
v -0.689445 65.816719 -4.203634
v -0.689446 64.396065 -4.520546
v -0.689446 64.610184 -4.485356
v -0.689446 64.852997 -4.405534
v -0.689445 65.104889 -4.303504
v -0.689447 64.631317 -4.778172
v -0.689446 64.845062 -4.686866
v -0.689446 65.059944 -4.539330
v -0.689446 65.106392 -4.418378
v -0.689446 64.853752 -4.567160
v -0.689446 64.616966 -4.674209
v -0.689446 64.230286 -4.488630
v -0.689446 64.153992 -4.585416
v -0.689447 63.893433 -4.630161
v -0.689447 63.719719 -4.653872
v -4.523829 62.746750 2.720193
v -4.325609 62.630440 2.624835
v -4.099558 62.589661 3.064308
v -4.720577 62.785629 2.249769
v -4.858336 62.874756 2.299426
v -5.008789 62.914772 1.802411
v -3.842127 62.549644 3.500135
v -3.557747 62.511139 3.937310
v -3.720400 62.618774 4.083403
v -4.018138 62.664452 3.632104
v -4.287807 62.706734 3.179335
v -4.657283 62.835876 2.784849
v -5.099759 62.957436 1.295438
v -5.138583 62.999336 0.775556
v -5.132463 63.038216 0.239826
v -5.095838 63.070679 -0.239389
v -4.515977 62.670456 2.176729
v -4.868270 62.824898 1.768920
v -4.957166 62.866051 1.278508
v -4.994553 62.906822 0.774863
v -4.987791 62.945694 0.254323
v -4.951655 62.977783 -0.210300
v -5.043116 63.092575 -0.589705
v -4.900940 62.999680 -0.546187
v -4.982319 63.109566 -0.875576
v -4.842974 63.016289 -0.817708
v -4.798903 63.017044 -0.840092
v -4.595925 62.896584 -0.754965
v -4.554461 62.896965 -0.778241
v -4.358773 62.762520 -0.655441
v -4.739049 62.858452 -0.166920
v -4.774131 62.826370 0.276265
v -4.781417 62.788239 0.774458
v -4.745690 62.749352 1.254039
v -4.659665 62.710098 1.719851
v -4.317680 62.575668 2.103415
v -4.132867 62.534142 2.529577
v -4.569941 62.727051 0.294804
v -4.577230 62.689682 0.771535
v -4.542374 62.653053 1.227946
v -4.458236 62.615685 1.669934
v -3.398525 62.423149 3.789311
v -3.670313 62.455231 3.368008
v -3.564332 62.430313 3.278399
v -3.803797 62.466927 2.872845
v -3.916065 62.493362 2.949603
v -4.015837 62.506577 2.465238
v -4.198764 62.547722 2.052932
v -4.339284 62.587364 1.633903
v -4.424097 62.622849 1.206133
v -4.460015 62.657204 0.763306
v -4.453710 62.693443 0.299110
v -4.536107 62.759132 -0.128049
v -4.691355 62.879974 -0.481460
v -3.230654 62.650398 0.585398
v -3.204591 62.625099 0.906912
v -3.143002 62.599434 1.217492
v -3.040987 62.570740 1.521725
v -2.908188 62.540916 1.821074
v -2.754227 62.512222 2.117020
v -2.580364 62.485420 2.411472
v -3.299155 62.397469 3.684549
v -2.387833 62.461632 2.706354
v -3.013855 62.365753 4.074874
v -2.180686 62.438606 2.989735
v -2.714020 62.330269 4.432874
v -1.962994 62.412941 3.249678
v -3.106043 62.391060 4.193151
v -2.798170 62.352547 4.559226
v -2.268419 62.297043 4.751441
v -1.639473 62.388771 3.480976
v -2.323640 62.306862 4.955931
v -2.934492 62.425819 4.743851
v -3.252989 62.470741 4.357871
v -1.545821 62.272125 5.023412
v -1.554436 62.272133 5.173370
v -1.520484 62.283089 5.459424
v -1.899273 62.310654 5.490090
v -1.052126 62.281204 5.754546
v -1.367923 62.326157 6.107631
v -2.209417 62.357101 5.464260
v -2.148452 62.404312 5.722558
v -2.590539 62.384659 5.108342
v -2.675435 62.465103 5.323703
v -3.074121 62.519852 4.928055
v -3.402961 62.570442 4.519873
v -0.693517 62.255524 5.442732
v -0.333426 62.247208 5.333371
v -1.599560 62.394135 6.340930
v -2.213326 62.475311 5.902421
v -2.758929 62.548569 5.470865
v -3.168202 62.605576 5.053164
v -3.504224 62.654655 4.630100
v -3.830080 62.704498 4.182530
v -4.136566 62.752441 3.721232
v -4.414464 62.795479 3.257065
v 0.520553 67.954124 -4.054225
v 0.479662 67.687904 -3.965283
v 0.951933 67.691299 -3.895198
v 1.464196 67.694702 -3.760118
v 1.972436 67.697350 -3.577877
v 2.432635 67.699242 -3.366333
v 2.845417 67.699623 -3.119795
v -4.206018 62.765541 -0.820592
v -4.289327 62.761765 -0.642924
v -3.046273 62.728912 -0.564584
v -3.106735 62.726280 -0.435589
v -2.921889 62.736458 -0.917458
v -4.637427 62.896202 -0.731687
v -4.448423 62.795753 -0.662568
v -4.330981 62.757614 -0.569844
v -3.136983 62.723259 -0.382531
v -4.377465 62.746292 -0.397599
v -3.170727 62.714951 -0.257468
v -4.420967 62.725525 -0.112506
v -3.202307 62.699852 -0.050477
v -3.226090 62.676826 0.248373
v -4.491246 62.779900 -0.422826
v -1.878467 64.898186 5.192297
v -1.920304 65.101738 5.189837
v -1.960360 65.320381 5.187491
v -1.996867 65.569244 5.185335
v -2.022123 65.783737 5.183859
v -2.028419 65.899292 5.183476
v -2.025244 65.965004 5.183661
v -3.732144 63.153687 -3.135907
v -4.064981 63.145012 -2.734678
v -4.360403 63.135582 -2.243272
v -4.629159 63.123512 -1.614599
v -4.884592 63.110321 -0.917298
v -3.961285 63.052116 -2.645274
v -4.247223 63.042686 -2.165395
v -4.507447 63.030991 -1.548252
v -4.754796 63.017418 -0.862475
v -4.933454 63.109940 -0.896435
v -4.319350 62.910538 -1.447129
v -4.072001 62.922607 -2.046991
v -3.800110 62.931282 -2.508782
v -3.637275 63.060410 -3.035854
v -3.489808 62.939194 -2.882272
v -3.262902 63.069847 -3.385121
v -3.127131 62.947876 -3.217222
v -0.819369 62.816818 -3.930377
v -0.826248 62.850052 -4.040952
v -0.648043 62.849289 -4.083813
v -1.244191 62.817955 -3.825207
v -1.268184 62.851936 -3.933626
v -1.795611 62.853828 -3.774643
v -1.751278 62.819084 -3.669318
v -2.230308 62.854210 -3.576992
v -2.332263 62.956543 -3.760823
v -2.615864 62.851570 -3.338464
v -2.733987 62.954285 -3.510961
v -2.995871 62.845169 -3.056846
v -3.346473 62.837234 -2.735860
v -3.643818 62.830460 -2.379187
v -3.902596 62.822159 -1.935326
v -4.137519 62.810089 -1.352746
v -4.387701 62.796509 -0.698070
v -4.034730 62.776100 -1.306618
v -3.807058 62.787796 -1.877679
v -3.554729 62.796089 -2.310465
v -3.264009 62.802505 -2.657295
v -2.921165 62.809669 -2.970501
v -2.549695 62.816086 -3.245358
v -2.173084 62.818718 -3.477163
v -2.756593 62.745132 -1.332073
v -2.573388 62.750793 -1.646296
v -2.362314 62.755699 -1.898112
v -2.113389 62.760979 -2.125510
v -1.843690 62.765503 -2.325072
v -1.570253 62.767380 -2.493373
v -1.264000 62.767761 -2.632879
v -0.895832 62.766998 -2.746065
v -0.587394 62.765869 -2.822423
v -0.644351 62.816437 -3.970372
v -0.534638 62.849289 -4.098692
v -0.529059 62.816437 -3.983172
v -0.287154 62.849663 -4.122256
v -0.283424 62.816063 -4.006774
v 0.027384 62.849663 -4.136191
v 0.027384 62.816063 -4.021277
v 0.338190 62.816063 -4.006776
v -0.460324 62.765869 -2.851470
v -0.376620 62.765869 -2.860769
v -0.198274 62.765869 -2.877895
v 0.027387 62.765488 -2.888416
v 0.253045 62.765869 -2.877895
v 0.431391 62.765869 -2.860771
v 0.583826 62.816437 -3.983175
v 0.699120 62.816437 -3.970375
v 0.589406 62.849289 -4.098693
v 0.702808 62.849289 -4.083816
v 0.591694 62.947464 -4.308509
v 0.704485 62.947090 -4.294538
v 0.592253 63.064911 -4.521988
v 0.705079 63.064911 -4.510771
v 0.515098 62.765869 -2.851471
v 0.642171 62.765869 -2.822425
v 0.341919 62.849663 -4.122257
v 0.027384 62.947845 -4.339099
v 0.343411 62.947464 -4.327994
v 0.343741 63.065659 -4.536751
v 0.343992 63.158180 -4.661145
v 0.592676 63.157425 -4.648421
v 0.344187 63.233696 -4.729047
v 0.592899 63.232948 -4.717037
v -0.650308 63.064911 -4.510769
v -0.649713 62.947090 -4.294535
v -0.837432 62.948227 -4.249294
v -0.537486 63.064911 -4.521985
v -0.537910 63.157425 -4.648419
v -0.289223 63.158180 -4.661143
v 0.027383 63.158554 -4.668699
v 0.027383 63.065659 -4.544986
v -0.288640 62.947464 -4.327993
v -0.288975 63.065659 -4.536751
v -0.536922 62.947464 -4.308509
v -2.856985 63.076637 -3.691226
v -2.438343 63.078514 -3.952398
v -1.873817 62.955406 -3.968559
v -1.310504 62.951622 -4.136041
v -3.351130 63.163116 -3.494040
v -2.937782 63.170280 -3.807728
v -2.507936 63.172539 -4.075547
v -1.954830 63.076622 -4.170180
v -0.650751 63.157043 -4.640566
v -0.848797 63.066422 -4.464887
v -1.354310 63.071335 -4.346194
v -2.007601 63.170654 -4.298615
v -0.856212 63.158928 -4.597171
v -1.382760 63.164604 -4.477843
v 3.255476 65.933250 4.270274
v 3.260829 65.643600 4.216580
v 3.581861 65.695328 3.874170
v 2.918908 65.249359 4.468963
v 3.231336 65.285233 4.167799
v 3.545429 65.330162 3.837114
v 2.602523 65.587349 4.809919
v 2.353626 65.728218 5.011195
v 2.270561 65.582451 5.055231
v 2.315694 65.406853 5.002893
v 2.303499 65.129288 4.971859
v 2.609251 65.203300 4.737877
v 2.945307 65.606232 4.517518
v 2.950541 65.890213 4.565772
v 2.908890 66.103943 4.544960
v 2.659554 65.870201 4.812138
v 2.628236 66.062035 4.790990
v 1.999712 65.040558 5.188399
v 2.048357 65.301125 5.185519
v 2.087937 65.565468 5.183210
v 2.113244 65.785248 5.181694
v 2.119112 65.911758 5.181352
v 2.385180 65.882668 5.009116
v 3.849908 65.384155 3.474189
v 3.892733 65.759140 3.500710
v 3.571690 65.988754 3.925983
v 3.194955 66.152657 4.254595
v 3.058939 66.301819 4.095192
v 2.794652 66.249718 4.386272
v 2.518636 66.196854 4.656436
v 2.201657 66.136818 4.920553
v 2.342189 66.025787 4.996422
v 2.115258 65.991814 5.181574
v 1.864210 66.073761 5.181611
v 3.340708 66.358833 3.768273
v 3.497210 66.210045 3.916152
v 3.882534 66.054459 3.548893
v 3.623852 66.419624 3.413759
v 3.799513 66.273857 3.544611
v 4.171385 66.127327 3.155027
v 4.177802 65.832397 3.106671
v 4.431193 65.902618 2.692442
v 4.133582 65.448334 3.076352
v 4.387388 65.510262 2.656927
v 4.647197 65.956619 2.258398
v 4.602260 65.559349 2.229222
v 4.816227 65.999657 1.798671
v 4.768227 65.599739 1.779080
v 4.928874 66.035133 1.307394
v 4.875363 65.635605 1.292327
v 4.986383 66.068359 0.798833
v 4.928380 65.669952 0.786845
v 4.932081 65.705818 0.280507
v 4.990273 66.103836 0.287269
v 4.944578 66.135925 -0.222130
v 4.888880 65.738655 -0.222096
v 4.853567 66.160835 -0.724189
v 4.801114 65.763565 -0.716386
v 4.716827 66.180840 -1.212800
v 4.668073 65.783951 -1.196930
v 4.534051 66.197441 -1.681860
v 4.489075 65.802811 -1.658287
v 4.304979 66.211029 -2.126962
v 4.264268 65.818291 -2.096095
v 4.029341 66.221214 -2.543703
v 3.993812 65.827713 -2.505988
v 3.707395 66.228752 -2.928260
v 3.677927 65.833374 -2.884223
v 3.339422 66.234787 -3.276824
v 3.316935 65.837143 -3.227048
v 4.723780 65.323250 -0.702249
v 2.916214 65.839775 -3.530735
v 2.930938 66.238556 -3.585581
v 2.487441 66.241188 -3.850718
v 2.481173 65.841278 -3.791533
v 1.981407 66.242691 -4.067855
v 1.981426 65.842407 -4.007043
v 1.385331 66.243828 -4.232577
v 1.386594 65.843163 -4.174902
v 0.744222 66.244576 -4.371052
v 0.744222 65.843910 -4.318968
v 2.923386 66.579941 -3.589632
v 2.477364 66.584084 -3.855635
v 1.970942 66.586342 -4.067526
v 1.378971 66.587471 -4.214834
v 0.744222 66.588226 -4.329900
v 1.368427 66.844635 -4.112881
v 1.951050 66.843513 -3.970439
v 2.450520 66.841248 -3.762557
v 2.889466 66.835594 -3.500371
v 3.290519 66.823891 -3.195058
v 3.334161 66.572006 -3.279850
v 3.651253 66.808418 -2.850391
v 3.704139 66.561447 -2.930146
v 3.969227 66.791443 -2.470149
v 4.027757 66.548996 -2.544337
v 4.242630 66.772568 -2.058133
v 4.304752 66.534660 -2.126269
v 4.097619 66.908524 -1.886654
v 3.833848 66.928902 -2.283389
v 3.531793 66.947395 -2.649518
v 3.197855 66.964378 -2.981384
v 2.825078 66.977592 -3.275354
v 2.406487 66.983627 -3.527799
v 1.922769 66.985886 -3.741143
v 1.354610 66.986259 -3.917799
v 0.744222 66.845390 -4.222584
v 0.744222 66.986252 -4.076180
v 4.702970 66.793770 -0.073637
v 4.622985 66.828117 -0.551453
v 4.491683 66.859825 -1.016500
v 4.316724 66.886253 -1.462961
v 4.933821 66.337616 1.323638
v 4.989592 66.373482 0.808453
v 4.846963 66.551743 1.334307
v 4.903873 66.590240 0.831965
v 4.625029 66.686554 1.332646
v 4.695078 66.724686 0.885621
v 4.913763 66.626862 0.327007
v 4.724009 66.760162 0.411123
v 4.875285 66.661964 -0.175814
v 4.786918 66.695564 -0.671730
v 4.650927 66.726143 -1.154567
v 4.469703 66.751045 -1.618150
v 4.534845 66.517670 -1.679800
v 4.718565 66.497292 -1.209337
v 4.856289 66.472374 -0.719306
v 4.947938 66.443314 -0.216009
v 4.993330 66.409348 0.294240
v 2.268136 62.475311 5.902413
v 2.813730 62.548561 5.470852
v 3.223008 62.605576 5.053151
v 3.559022 62.654655 4.630085
v 3.884879 62.704498 4.182515
v 4.191361 62.752434 3.721213
v 4.469299 62.795471 3.257047
v 4.800779 62.936699 2.825189
v 5.004664 62.975960 2.330101
v 4.712074 62.835876 2.784829
v 4.342597 62.706734 3.179317
v 4.072933 62.664444 3.632087
v 3.775206 62.618767 4.083387
v 1.654374 62.394127 6.340923
v 5.157038 63.018616 1.822606
v 5.249671 63.065811 1.304539
v 5.290833 63.117912 0.774132
v 5.288640 63.174164 0.229617
v 5.187243 63.038216 0.239802
v 5.253518 63.214554 -0.257752
v 4.374124 62.910530 -1.447149
v 4.609238 62.896957 -0.778261
v 4.853683 63.017036 -0.840113
v 5.037132 63.109558 -0.875598
v 5.097895 63.092567 -0.589727
v 5.150616 63.070679 -0.239411
v 4.988230 63.109940 -0.896457
v 4.809614 63.017418 -0.862496
v 4.562222 63.030991 -1.548272
v 4.301993 63.042679 -2.165413
v 4.119749 63.145012 -2.734696
v 4.939367 63.110313 -0.917319
v 4.683933 63.123512 -1.614620
v 4.415172 63.135582 -2.243291
v 0.705518 63.157043 -4.640567
v 0.705422 63.232948 -4.711449
v 0.910981 63.158928 -4.597180
v 1.437528 63.164604 -4.477846
v 2.062369 63.170654 -4.298628
v 2.562709 63.172539 -4.075561
v 2.992543 63.170280 -3.807742
v 3.405900 63.163116 -3.494054
v 0.881017 62.850052 -4.040956
v 0.892201 62.948227 -4.249301
v 0.903568 63.066422 -4.464891
v 1.409078 63.071335 -4.346203
v 2.009592 63.076622 -4.170189
v 2.493109 63.078514 -3.952409
v 1.806042 62.819084 -3.669327
v 1.850385 62.853828 -3.774653
v 2.285082 62.854210 -3.577000
v 2.387032 62.956543 -3.760834
v 1.928583 62.955399 -3.968567
v 1.365273 62.951622 -4.136047
v 1.322953 62.851936 -3.933633
v 1.298961 62.817947 -3.825213
v 0.874138 62.816818 -3.930382
v 0.950610 62.766998 -2.746067
v 0.744220 64.153992 -4.585419
v 0.744221 64.230286 -4.488633
v 0.744220 64.616966 -4.674212
v 0.744221 64.852997 -4.405534
v 0.744221 64.610184 -4.485357
v 0.744221 64.396065 -4.520549
v 0.744220 63.893433 -4.630124
v 0.744220 63.719719 -4.653874
v 0.744220 63.655525 -4.562522
v 0.744220 64.631317 -4.778175
v 0.744221 64.853752 -4.567162
v 0.744221 65.104889 -4.303506
v 0.744222 65.816719 -4.203637
v 0.744222 66.247604 -4.195982
v 0.744222 66.629013 -4.146524
v 0.744221 65.106392 -4.418379
v 0.744220 64.845062 -4.686868
v 0.744221 65.059944 -4.539333
v -1.598876 66.103600 5.179238
v -1.812062 66.034103 5.181472
v 3.725150 69.646851 2.602293
v 3.758023 68.958809 2.640688
v 3.315772 68.913483 2.424196
v 3.285589 69.581131 2.386938
v 3.776680 70.172882 2.362522
v 3.335705 70.045990 2.173728
v 0.597966 67.580902 5.529526
v 0.423590 67.344887 5.854111
v 0.597991 67.590340 5.537419
v 0.801309 67.882233 5.106949
v 0.793053 67.856178 5.111783
v 1.758155 65.378532 5.153684
v 1.808505 65.190849 5.150743
v 1.867344 65.036026 5.147312
v 1.865203 65.239944 5.147418
v 1.717003 65.582840 5.152433
v 1.864656 65.451424 5.145602
v 1.685765 65.786377 5.143217
v 1.867293 65.677620 5.139933
v 1.664967 65.952904 5.133392
v 1.869524 65.868317 5.134296
v 1.655158 66.046562 5.130291
v 1.867767 65.972923 5.132558
v 1.650834 66.103592 5.130557
v 1.864013 66.034096 5.132748
v 2.080379 65.899284 5.134789
v 2.074069 65.783737 5.135170
v 2.077199 65.964996 5.134976
v 2.048818 65.569244 5.136648
v 2.012312 65.320381 5.138810
v 1.972254 65.101738 5.141156
v 1.930424 64.898186 5.143615
v 1.653688 66.103600 5.179232
v 1.658011 66.046570 5.178969
v 1.667824 65.952911 5.182070
v 1.688619 65.786377 5.191895
v 1.719857 65.582840 5.201111
v 1.761012 65.378532 5.202398
v 1.811362 65.190475 5.199422
v 1.870195 65.036026 5.195984
v 1.933285 64.898186 5.192290
v -0.438142 71.291672 -3.046763
v -0.868484 71.256554 -3.015828
v -0.930456 71.489548 -2.850358
v -0.469350 71.546196 -2.872578
v 0.027386 71.304886 -3.056259
v 0.027389 71.564323 -2.879521
v 0.524126 71.546196 -2.872582
v 0.573103 71.807144 -2.644070
v -1.228840 71.202171 -2.960808
v -1.320836 71.393257 -2.811587
v -1.476448 71.587746 -2.607601
v -1.030634 71.727844 -2.630355
v -0.518326 71.807144 -2.644068
v 0.027387 71.831696 -2.648626
v 0.637775 72.076790 -2.354602
v -1.470050 71.152702 -2.904897
v -1.623620 71.252785 -2.788496
v -1.836500 71.397423 -2.594956
v -2.088511 71.569244 -2.333409
v -1.670422 71.802246 -2.339062
v -1.159765 71.976707 -2.348336
v -0.582999 72.076790 -2.354595
v 0.027388 72.107758 -2.356966
v 0.712491 72.358124 -1.963317
v 1.361341 72.239174 -1.962303
v 1.513879 72.515991 -1.431740
v -1.826278 71.063583 -2.812995
v -2.096985 71.166687 -2.611210
v -2.394067 71.294334 -2.338067
v -2.700578 71.438591 -1.954387
v -2.359376 71.761093 -1.959922
v -1.885648 72.034119 -1.961833
v -1.306566 72.239174 -1.962294
v -0.657707 72.358124 -1.963313
v 0.027389 72.396271 -1.963958
v 0.791083 72.654213 -1.430525
v 1.642372 72.759956 -0.779981
v -2.605611 71.007706 -2.352226
v -2.935455 71.100235 -1.956825
v -3.255363 71.195793 -1.419033
v -2.998722 71.590042 -1.423008
v -2.627582 71.964653 -1.432795
v -2.103970 72.279594 -1.434055
v -1.459105 72.515991 -1.431740
v -0.736303 72.654213 -1.430523
v 0.027390 72.699150 -1.430185
v 0.857683 72.915169 -0.778904
v 1.717825 72.923126 -0.031078
v -2.847006 72.142914 -0.778291
v -2.285334 72.495995 -0.781168
v -3.240021 71.721092 -0.766976
v -3.514457 71.276245 -0.758559
v -3.713984 70.850647 -0.764316
v -3.431594 70.819664 -1.435233
v -3.088355 70.779633 -1.978877
v -2.740575 70.737701 -2.375091
v -2.276891 70.924240 -2.639342
v -2.393947 70.699173 -2.662181
v -1.959667 70.857773 -2.853950
v -2.053293 70.668198 -2.880023
v -1.631366 70.815857 -3.012292
v -1.700469 70.648941 -3.044581
v -2.974499 72.259995 -0.022969
v -3.379802 71.805336 -0.009872
v -3.405401 71.829147 0.800320
v -3.692754 71.332558 0.817313
v -3.665756 71.324226 0.004092
v -3.910406 70.856361 0.841822
v -3.882425 70.863892 0.012922
v -4.098805 70.391495 0.870114
v -4.069617 70.415260 0.019424
v -3.880012 70.436401 -0.776790
v -3.570282 70.454117 -1.461152
v -3.201905 70.468460 -2.010333
v -2.838341 70.478271 -2.401841
v -2.480060 70.484299 -2.681861
v -3.768981 70.823906 1.668382
v -3.925018 70.366219 1.718494
v -3.721884 70.172882 2.362538
v -3.576296 71.292549 1.630279
v -3.520733 70.736694 2.419701
v -3.312313 70.048668 3.093366
v -3.353071 69.513939 3.139090
v -3.004337 69.411606 3.643224
v -1.383492 72.519508 2.892264
v -1.232336 72.243088 3.354360
v -0.618953 72.370728 3.350687
v -0.697047 72.666031 2.884665
v -1.516542 72.749855 2.324634
v -0.765913 72.909966 2.315907
v -1.621472 72.914108 1.588090
v -0.820286 73.083656 1.581148
v -1.677186 72.982056 0.772321
v -2.411072 72.690140 0.778943
v -2.332685 72.626717 1.599901
v -2.997883 72.298920 0.788285
v -2.903414 72.241531 1.611158
v -3.301703 71.780449 1.616269
v -3.358601 71.201561 2.369159
v -3.229671 70.564880 3.024822
v -2.184706 72.477196 2.339689
v -1.996472 72.269516 2.906013
v 0.027401 72.077324 3.779229
v 0.591774 72.044090 3.778206
v 0.673753 72.370728 3.350684
v 0.027400 72.411896 3.349756
v 0.751846 72.666031 2.884662
v 0.027399 72.713234 2.882407
v 0.820703 72.910339 2.315907
v 0.027398 72.962082 2.313134
v 0.875080 73.083656 1.581145
v 0.027394 73.138405 1.578896
v 0.027408 73.210136 0.686505
v -0.849235 73.154251 0.768478
v -1.663058 72.923126 -0.031073
v -2.391375 72.639893 -0.029050
v -1.587583 72.759956 -0.779968
v -0.802900 72.915169 -0.778894
v -0.841999 73.090034 -0.031945
v 0.027393 73.144035 -0.032082
v 0.904019 73.154251 0.768474
v 0.896782 73.090034 -0.031949
v 0.027391 72.965775 -0.778380
v 1.438288 72.519508 2.892258
v 1.571329 72.749855 2.324628
v 1.676262 72.914101 1.588083
v 1.731976 72.982056 0.772311
v 2.239518 72.477196 2.339692
v 2.387470 72.626717 1.599891
v 2.465862 72.690132 0.778931
v 2.446152 72.639893 -0.029061
v 2.340115 72.495995 -0.781182
v 2.158748 72.279594 -1.434057
v 1.940413 72.034119 -1.961828
v 1.214538 71.976707 -2.348339
v 1.725198 71.802246 -2.339069
v 1.085408 71.727844 -2.630363
v 1.531223 71.587746 -2.607608
v 0.985235 71.489548 -2.850368
v 1.375615 71.393257 -2.811597
v 2.958156 72.241531 1.611133
v 3.356463 71.780441 1.616245
v 3.460215 71.829147 0.800306
v 3.052670 72.298531 0.788274
v 3.029282 72.259995 -0.022982
v 2.901788 72.142914 -0.778310
v 2.682359 71.964653 -1.432803
v 2.414163 71.761093 -1.959935
v 2.143312 71.569244 -2.333443
v 1.891281 71.397423 -2.594965
v 1.678406 71.252777 -2.788518
v 1.283629 71.202553 -2.960837
v 1.524807 71.152702 -2.904863
v 1.602329 71.002411 -2.958872
v 1.881060 71.063583 -2.813006
v 2.151761 71.166687 -2.611219
v 2.448838 71.294334 -2.338076
v 2.755363 71.438591 -1.954405
v 3.053488 71.590042 -1.423015
v 3.294804 71.721092 -0.766990
v 3.434571 71.805336 -0.009876
v 1.280416 71.000137 -3.063608
v 0.923262 71.256554 -3.015828
v 0.908308 71.024681 -3.132740
v 1.323738 70.807159 -3.130311
v 1.686141 70.815857 -3.012300
v 2.014446 70.857773 -2.853955
v 2.331672 70.924240 -2.639358
v 2.660387 71.007706 -2.352238
v 2.990224 71.100235 -1.956828
v 3.310138 71.195793 -1.419040
v 3.569240 71.276245 -0.758578
v 2.448722 70.699173 -2.662188
v 2.108073 70.668198 -2.880034
v 2.795366 70.737701 -2.375112
v 3.143140 70.779633 -1.978895
v 3.486382 70.819664 -1.435248
v 3.768767 70.850647 -0.764331
v 3.937210 70.863892 0.012904
v 3.720536 71.324226 0.004080
v 3.965271 70.856361 0.841805
v 3.747541 71.332558 0.817297
v 3.823812 70.823898 1.668379
v 3.631088 71.292542 1.630264
v 3.575526 70.736694 2.419685
v 3.413399 71.201561 2.369146
v 1.372130 70.644028 -3.171756
v 1.755247 70.648941 -3.044593
v 1.817016 70.492981 -3.065858
v 2.181961 70.489197 -2.898018
v 2.534836 70.484299 -2.681872
v 2.893070 70.478271 -2.401807
v 3.256685 70.468460 -2.010347
v 3.625026 70.454117 -1.461147
v 3.934793 70.436394 -0.776807
v 4.124403 70.415260 0.019406
v 4.153593 70.391495 0.870096
v 3.979846 70.366219 1.718486
v 3.367139 70.048660 3.093361
v 3.284467 70.564880 3.024807
v 3.024595 69.872696 3.596155
v 2.950139 70.386276 3.520626
v 2.627311 69.795296 4.029587
v 2.573642 70.278282 3.943772
v 2.227324 69.770004 4.375499
v 2.194075 70.212204 4.282327
v 1.875384 69.750755 4.616771
v 1.850516 70.161232 4.524127
v 1.537831 69.737915 4.786328
v 1.517321 70.128006 4.695157
v 1.180964 69.731880 4.916913
v 1.168393 70.116295 4.821476
v 0.807402 69.729607 5.008226
v 3.431756 68.972031 3.173544
v 3.407871 69.513931 3.139078
v 3.059137 69.411606 3.643212
v 2.652519 69.368195 4.081864
v 2.244679 69.354988 4.433403
v 1.890029 69.344795 4.678105
v 1.550876 69.336868 4.850613
v 1.190111 69.332344 4.985545
v 0.812273 69.329704 5.081045
v 0.422581 69.328568 5.135086
v 0.420522 69.729233 5.059588
v 3.076477 68.978462 3.676265
v 2.666331 68.970543 4.117328
v 2.257358 68.955826 4.473553
v 1.902779 68.942619 4.723622
v 1.563248 68.932426 4.901412
v 1.200032 68.927139 5.040605
v 0.818821 68.924881 5.139324
v 0.425842 68.924126 5.195323
v 0.027406 68.923752 5.212658
v 0.027406 69.328194 5.151739
v 0.027406 69.729607 5.075293
v 0.419125 70.118576 4.954105
v 0.027406 70.120468 4.968416
v 0.419615 70.482986 4.834764
v 0.027406 70.487518 4.847220
v 0.423370 70.811516 4.716935
v 0.027406 70.820206 4.727128
v 0.437204 71.117783 4.577315
v 0.027403 71.131378 4.585091
v 0.468282 71.412331 4.393248
v 0.027402 71.431587 4.398761
v 0.519029 71.714432 4.136415
v 0.027402 71.740479 4.139700
v -0.364803 70.482986 4.834764
v -0.364316 70.118950 4.954104
v -0.365710 69.729233 5.059587
v -0.367765 69.328568 5.135088
v -0.371027 68.924126 5.195327
v -0.536966 72.044090 3.778203
v -0.464225 71.714432 4.136415
v -0.413478 71.412331 4.393250
v -0.382391 71.117783 4.577315
v -0.368558 70.811516 4.716935
v -0.752590 69.729607 5.008231
v -0.757461 69.329704 5.081048
v -0.747642 70.116302 4.906636
v -0.743831 70.474297 4.793038
v -0.742692 70.791130 4.683215
v -0.763548 71.080765 4.552092
v -0.826403 71.354927 4.375391
v -0.930122 71.633987 4.125656
v -1.073248 71.938728 3.775218
v -1.088009 71.024124 4.507421
v -1.096485 70.465988 4.717512
v -1.073679 70.763939 4.622488
v -1.369321 70.772240 4.519965
v -1.309155 70.967476 4.455422
v -1.462103 71.101158 4.328949
v -1.183721 71.259384 4.343787
v -1.344830 71.494644 4.106592
v -1.554208 71.757088 3.770400
v -1.781602 72.022934 3.361689
v -2.724257 72.110893 2.352625
v -2.494550 71.930405 2.921468
v -2.230262 71.719315 3.376152
v -1.948418 71.498032 3.775774
v -1.681566 71.285439 4.100365
v -1.916279 70.996544 4.127639
v -2.229176 71.162323 3.803045
v -2.549159 71.340935 3.400803
v -2.846941 71.518402 2.933810
v -3.103554 71.672462 2.354623
v -2.063489 70.636284 4.188294
v -1.742023 70.541512 4.429189
v -2.413335 70.754478 3.857302
v -2.762666 70.894943 3.445651
v -3.082837 71.056183 2.962026
v -1.639762 70.857964 4.360788
v -1.427221 70.480713 4.599200
v -1.462522 70.128006 4.695163
v -1.795708 70.161232 4.524135
v -2.139264 70.212212 4.282338
v -2.518836 70.278282 3.943783
v -2.895339 70.386276 3.520638
v -2.969795 69.872696 3.596167
v -2.572489 69.795296 4.029599
v -2.172516 69.770004 4.375508
v -1.820576 69.750755 4.616779
v -1.483015 69.737915 4.786334
v -1.126145 69.731880 4.916920
v -1.113590 70.116295 4.821481
v -2.597720 69.368195 4.081875
v -2.189873 69.354988 4.433410
v -1.835225 69.344795 4.678118
v -1.496060 69.336876 4.850618
v -1.135302 69.332344 4.985581
v -3.670351 69.646851 2.602310
v -3.376958 68.972031 3.173560
v -3.021672 68.978470 3.676277
v -2.611538 68.970543 4.117379
v -2.202551 68.955826 4.473564
v -1.847991 68.942619 4.723629
v -1.508437 68.932426 4.901420
v -1.145222 68.927139 5.040612
v -0.764012 68.924881 5.139325
v -3.703218 68.958809 2.640704
v 1.643610 69.278503 -3.152448
v 1.187587 69.278488 -3.958304
v 0.607483 69.278481 -4.032317
v 0.835498 69.278503 -3.324250
v 0.027383 69.278481 -4.106293
v 0.027381 69.278496 -3.496050
v -0.780731 69.278503 -3.324247
v -0.552717 69.278481 -4.032314
v -1.588843 69.278503 -3.152442
v -1.132820 69.278488 -3.958300
v 1.424132 70.772240 4.519959
v 1.694569 70.857964 4.360781
v 1.516891 71.101151 4.328944
v 1.971088 70.996544 4.127632
v 1.736372 71.285439 4.100357
v 2.283973 71.162323 3.803031
v 2.003222 71.498032 3.775766
v 2.603956 71.340927 3.400793
v 2.285058 71.719315 3.376140
v 2.901741 71.518402 2.933794
v 2.549320 71.930405 2.921432
v 3.158372 71.672462 2.354622
v 2.779063 72.110893 2.352615
v 2.051272 72.269516 2.906003
v 1.836410 72.022934 3.361683
v 1.609006 71.757088 3.770392
v 1.399633 71.494644 4.106586
v 1.238529 71.259384 4.343779
v 0.797504 70.791130 4.683210
v 1.128487 70.763939 4.622484
v 1.142824 71.024124 4.507416
v 1.363964 70.967476 4.455418
v 0.818354 71.080765 4.552090
v 0.881210 71.354927 4.375388
v 0.984923 71.633987 4.125649
v 1.128050 71.938728 3.775215
v 1.287137 72.243088 3.354357
v 0.802455 70.116302 4.906632
v 0.798646 70.474297 4.793036
v 3.137635 71.056183 2.962012
v 2.817476 70.894943 3.445638
v 2.468150 70.754478 3.857298
v 2.118293 70.636284 4.188285
v 1.796835 70.541122 4.429180
v 1.482026 70.480705 4.599192
v 1.151298 70.465988 4.717507
v -1.559013 70.357414 -2.646250
v -1.873383 70.344955 -2.505651
v -2.127218 70.489197 -2.898060
v -1.762238 70.492981 -3.065846
v -1.215687 70.361946 -2.762386
v -1.368272 70.496368 -3.200267
v -0.837488 70.360809 -2.851213
v -0.938434 70.499390 -3.300274
v -0.415988 70.355148 -2.911566
v -0.466209 70.501648 -3.364673
v 0.027389 70.350990 -2.933718
v 0.027388 70.502785 -3.388055
v 0.520988 70.501648 -3.364737
v 0.470696 70.355148 -2.910985
v 0.993210 70.499390 -3.300279
v 0.892263 70.360809 -2.851215
v 1.423043 70.496368 -3.200263
v 1.270511 70.361938 -2.762513
v 1.613787 70.357414 -2.646253
v 1.928475 70.345337 -2.506143
v 2.236191 70.328720 -2.323382
v 2.549438 70.309845 -2.087843
v 2.870922 70.291725 -1.751459
v 3.207139 70.271362 -1.263608
v 3.493387 70.246071 -0.650628
v 3.671129 70.220024 0.067395
v 3.696378 70.200035 0.833351
v 3.528919 70.194763 1.598829
v -0.473376 65.097702 -4.814326
v -0.480227 67.305344 -4.410879
v -0.480226 67.305359 -3.716715
v -0.473351 65.089401 -4.108566
v -0.472039 64.666809 -4.888896
v -0.472330 64.761246 -4.139109
v -0.469533 63.860588 -4.094865
v -0.469790 63.942131 -4.869543
v 0.526815 64.666809 -4.888899
v 0.528148 65.097702 -4.814326
v 0.892165 65.094673 -4.801451
v 0.873119 64.666435 -4.888859
v 0.524559 63.942131 -4.869545
v 0.823561 63.942131 -4.869545
v 0.521865 63.115120 -4.886478
v 0.757160 63.115120 -4.886479
v -0.768785 63.942131 -4.869541
v -0.818347 64.666435 -4.888856
v -0.837398 65.094673 -4.801446
v -0.991823 67.305344 -4.369148
v 0.027382 67.305344 -4.456500
v 0.534994 67.305344 -4.410881
v 1.046590 67.305344 -4.369158
v 0.492917 71.291672 -3.046765
v 0.481514 71.043938 -3.172051
v 0.027389 71.052246 -3.184290
v 0.924101 70.815468 -3.211384
v 0.485500 70.824150 -3.258829
v 0.027388 70.828690 -3.274221
v -0.430723 70.824150 -3.258832
v -0.426736 71.043938 -3.172056
v -0.869324 70.815468 -3.211376
v -0.853533 71.024681 -3.132731
v -1.268962 70.807159 -3.130303
v -1.225637 71.000137 -3.063598
v -1.547563 71.002411 -2.958896
v -1.317356 70.644028 -3.171751
v -0.900177 70.647049 -3.262642
v -0.445785 70.651199 -3.318538
v 0.027388 70.653465 -3.337723
v 0.500565 70.651199 -3.318577
v 0.954963 70.647049 -3.262695
v 0.338952 68.752808 -4.436255
v 0.446731 68.627060 -4.458118
v 0.252419 68.525848 -4.535041
v 0.195073 68.593071 -4.523413
v 0.193918 68.835136 -4.422855
v 0.029135 68.863838 -4.419491
v 0.117901 68.636879 -4.516237
v 0.030961 68.403496 -4.579560
v 0.283030 68.443909 -4.549765
v 0.504265 68.472237 -4.485835
v 0.283218 68.356293 -4.565809
v 0.504615 68.307587 -4.515966
v 0.252944 68.273964 -4.581217
v 0.447724 68.153130 -4.544964
v 0.195878 68.206749 -4.594168
v 0.340472 68.026993 -4.569275
v 0.118894 68.162941 -4.603078
v 0.195789 67.944664 -4.586042
v 0.031276 68.147835 -4.606854
v 0.031120 67.916344 -4.593142
v -0.056408 68.162941 -4.605082
v 0.030217 68.651985 -4.514462
v -0.057400 68.636879 -4.518239
v -0.134384 68.593071 -4.527150
v -0.191451 68.525848 -4.540102
v -0.221728 68.443909 -4.555542
v -0.221537 68.356285 -4.571586
v -0.190923 68.273964 -4.586312
v -0.133573 68.206749 -4.597944
v -0.133662 67.944664 -4.589779
v -0.278696 68.026993 -4.576378
v -0.386482 68.153130 -4.554516
v -0.444013 68.307587 -4.526837
v -0.444360 68.472237 -4.496669
v -0.387475 68.627060 -4.467671
v -0.280220 68.752808 -4.443355
v -0.135536 68.835136 -4.426630
v 0.030513 67.736603 -4.540043
v -0.191505 67.775116 -4.535549
v -0.386905 67.885765 -4.517461
v -0.532117 68.055702 -4.487977
v -0.609636 68.263779 -4.450668
v -0.610097 68.485443 -4.410040
v -0.533462 68.693901 -4.370999
v -0.388953 68.863838 -4.338224
v -0.194018 68.974480 -4.315685
v 0.027828 69.013000 -4.306097
v 0.249853 68.974480 -4.310587
v 0.026486 69.081741 -4.187897
v -0.225799 69.038315 -4.198808
v -0.447471 68.912178 -4.224445
v -0.611795 68.718834 -4.261714
v -0.698948 68.482056 -4.306119
v -0.698417 68.230171 -4.352331
v -0.610272 67.993019 -4.394734
v -0.445143 67.800041 -4.428263
v -0.222940 67.673920 -4.448807
v 0.029520 67.630112 -4.453940
v 0.278949 69.038315 -4.193030
v 0.025239 69.062103 -4.079215
v -0.227044 69.018295 -4.090126
v -0.448718 68.892166 -4.115759
v -0.613039 68.699196 -4.153029
v -0.700192 68.462036 -4.197433
v -0.699660 68.210159 -4.243650
v -0.611515 67.972992 -4.286051
v -0.446383 67.780029 -4.319541
v -0.224184 67.653900 -4.340124
v 0.028286 67.610092 -4.345257
v 0.280571 67.653900 -4.334345
v 0.281812 67.673920 -4.443029
v 0.502239 67.780029 -4.308708
v 0.503483 67.800041 -4.417391
v 0.666560 67.973000 -4.271439
v 0.667798 67.993019 -4.380123
v 0.753707 68.210159 -4.226999
v 0.754957 68.230171 -4.335722
v 0.753185 68.462036 -4.180821
v 0.754425 68.482056 -4.289504
v 0.665037 68.699196 -4.138420
v 0.666284 68.718834 -4.247103
v 0.499908 68.892166 -4.104888
v 0.501155 68.912178 -4.213573
v 0.277708 69.018295 -4.084347
v 0.252359 67.775116 -4.530453
v 0.447301 67.885765 -4.507909
v 0.591803 68.055702 -4.475135
v 0.668443 68.263779 -4.436059
v 0.667979 68.485443 -4.395432
v 0.590467 68.693901 -4.358123
v 0.445255 68.863838 -4.328670
v -3.280910 70.045990 2.173742
v -3.474594 70.195137 1.598965
v -3.641587 70.200035 0.833366
v -3.616341 70.220024 0.067410
v -3.438605 70.246071 -0.650613
v -3.151977 70.270981 -1.263416
v -2.816144 70.291725 -1.751452
v -2.494184 70.309845 -2.087404
v -2.181410 70.328720 -2.323365
v -0.286747 64.429550 5.456536
v -0.290616 66.639839 5.481214
v -0.290616 66.639832 5.160265
v -0.286754 64.429543 5.160322
v -0.478155 63.227158 5.160353
v -0.478155 63.227165 5.361403
v -0.622514 62.639565 5.160367
v -0.622508 62.638062 5.292953
v -0.679428 62.429604 5.160373
v -0.679371 62.416008 5.265847
v -0.678757 62.261185 5.160376
v -0.678757 62.261185 5.265850
v -0.678756 62.261192 5.632604
v -0.679319 62.402802 5.632602
v -0.622968 62.764954 5.727192
v -0.479613 63.741898 5.953783
v -0.287808 65.036430 6.252117
v -0.288323 65.330223 6.221107
v -0.290833 66.768623 6.079460
v -0.291377 67.079796 6.046142
v -0.291378 67.079788 5.889613
v -0.291417 67.097527 5.485999
v -0.291408 67.097519 5.160254
v 0.677777 62.764954 5.727187
v 0.534420 63.741898 5.953780
v 0.027407 63.741898 5.953781
v 0.027406 62.764954 5.727188
v 0.734130 62.402802 5.632598
v 0.027405 62.402802 5.632599
v 0.027405 62.261192 5.632601
v 0.733564 62.261192 5.632601
v 0.027408 65.036430 6.252114
v 0.342626 65.036430 6.252116
v -3.260972 68.913483 2.424212
v -3.230793 69.581131 2.386952
v 0.137672 67.419273 5.486107
v 0.137671 67.419266 5.160244
v 0.074304 67.435120 5.160244
v 0.233933 67.371315 5.486107
v 0.233932 67.371307 5.160245
v 0.318387 67.295029 5.486110
v 0.318387 67.295021 5.160247
v 0.346392 67.193451 5.486112
v 0.346392 67.193443 5.160250
v 0.346220 67.097527 5.485998
v 0.346220 67.097519 5.160252
v 0.346190 67.079788 5.889613
v 0.346393 67.193459 5.889610
v 0.318388 67.295036 5.889604
v 0.233933 67.371323 5.889603
v 0.137672 67.419281 5.889603
v 0.074305 67.435135 5.889604
v 0.074305 67.435127 5.486108
v 0.027407 67.435135 5.889603
v 0.027407 67.435127 5.486107
v -0.291577 67.193443 5.160251
v -0.291576 67.193451 5.486113
v -0.291576 67.193459 5.889612
v -0.263577 67.295036 5.889606
v -0.263577 67.295029 5.486111
v -0.179125 67.371323 5.889605
v -0.179125 67.371315 5.486110
v -0.082864 67.419281 5.889604
v -0.082864 67.419273 5.486106
v -0.019500 67.435135 5.889603
v -0.019500 67.435127 5.486109
v 0.027406 67.435120 5.160243
v -0.019501 67.435120 5.160244
v -0.082865 67.419266 5.160245
v -0.179126 67.371307 5.160246
v -0.263578 67.295021 5.160247
v 0.027407 67.371323 5.889603
v -0.075861 67.371323 5.889604
v -0.118091 67.295036 5.889607
v 0.027407 67.295036 5.889604
v 0.172899 67.295036 5.889606
v 0.186899 67.193459 5.889610
v 0.027407 67.193459 5.889609
v -0.132084 67.193459 5.889610
v 0.130672 67.371323 5.889603
v 0.186800 67.079788 5.889613
v 0.027407 67.079788 5.889613
v -0.131992 67.079788 5.889613
v 0.345647 66.768623 6.079459
v 0.346191 67.079796 6.046140
v 0.734178 62.416008 5.265842
v 0.677312 62.638062 5.292951
v 0.532962 63.227165 5.361402
v 0.343132 65.330223 6.221106
v 0.341559 64.429550 5.456533
v 0.345422 66.639839 5.481213
v 0.345422 66.639832 5.160264
v 0.341558 64.429543 5.160321
v 0.532962 63.227158 5.160352
v 0.677320 62.639557 5.160363
v 0.734231 62.429604 5.160370
v 0.733563 62.261185 5.265847
v 0.733563 62.261177 5.160373
v 0.534995 67.305359 -3.716718
v 0.528122 65.089401 -4.108569
v 0.527107 64.761246 -4.139112
v 0.524310 63.860588 -4.094868
v 0.520927 62.783966 -4.017462
v -0.073799 63.525894 6.007939
v -0.073800 63.557983 5.887700
v -0.209321 63.559868 5.871426
v -0.209320 63.528160 5.991662
v -0.073799 63.466980 6.110885
v -0.209320 63.469246 6.094608
v -0.073799 63.383148 6.194988
v -0.209320 63.385406 6.178748
v -0.073799 63.280441 6.254579
v -0.209320 63.282700 6.238337
v -0.073799 63.166016 6.285583
v -0.209320 63.168282 6.269309
v -0.073799 63.041771 6.285889
v -0.209320 63.043663 6.269655
v -0.209321 62.511574 6.071332
v -0.073800 62.509308 6.087608
v -0.209321 62.449638 6.046979
v -0.073800 62.447754 6.063250
v -0.209321 62.399033 5.994638
v -0.073800 62.396767 6.010876
v -0.209321 62.359383 5.916694
v -0.073800 62.357491 5.932934
v -0.209321 62.334076 5.818473
v -0.073800 62.332191 5.834750
v -0.209321 62.324638 5.706694
v -0.073800 62.322739 5.722972
v -0.209322 62.332184 5.583287
v -0.073801 62.329918 5.599561
v -1.313330 67.305367 -3.504059
v -1.011302 65.089409 -3.898904
v -0.965965 64.761253 -3.948216
v -0.842490 63.860596 -3.955406
v -0.209321 63.376724 5.949374
v -0.209321 63.404289 5.845598
v -0.345789 63.404663 5.842689
v -0.345789 63.377106 5.946429
v -0.209320 63.329147 6.032565
v -0.345788 63.329521 6.029621
v -0.209320 63.261177 6.100545
v -0.345788 63.261551 6.097637
v -0.209320 63.178474 6.148694
v -0.345788 63.178848 6.145785
v -0.209320 63.085953 6.173766
v -0.345788 63.086334 6.170826
v -0.345788 62.978706 6.171092
v -0.209320 62.978333 6.174035
v -0.345789 62.525917 5.983043
v -0.209321 62.525543 5.985949
v -0.345789 62.472672 5.962046
v -0.209321 62.472298 5.964953
v -0.345789 62.431511 5.919715
v -0.209321 62.431137 5.922623
v -0.345789 62.399788 5.856728
v -0.209321 62.399406 5.859636
v -0.345789 62.379387 5.777348
v -0.209321 62.379021 5.780256
v -0.345789 62.371460 5.687021
v -0.209321 62.371078 5.689926
v -0.345790 62.377876 5.580526
v -0.209322 62.377502 5.583433
v 4.519820 68.309242 1.458146
v 4.249477 68.305466 1.523876
v 0.186801 67.079796 6.046141
v 0.027408 67.079796 6.046141
v -0.131991 67.079796 6.046141
v -0.481644 62.416397 5.683431
v -0.481645 62.421684 5.593819
v -0.345790 62.423569 5.580680
v -0.345789 62.417908 5.670254
v -0.481644 62.422066 5.752312
v -0.345789 62.423950 5.739172
v -0.481644 62.437553 5.812846
v -0.345789 62.439438 5.799668
v -0.481644 62.462090 5.860918
v -0.345789 62.463608 5.847739
v -0.481644 62.493439 5.893166
v -0.345789 62.494949 5.879986
v -0.481644 62.538002 5.910839
v -0.345789 62.539886 5.897661
v -0.481643 62.913750 6.070494
v -0.345788 62.915642 6.057311
v -0.345788 63.005890 6.057084
v -0.481643 63.004005 6.070265
v -0.345788 63.076508 6.037976
v -0.481643 63.074623 6.051153
v -0.345789 63.139954 6.001230
v -0.481643 63.138062 6.014407
v -0.345789 63.191299 5.949378
v -0.481644 63.189796 5.962558
v -0.345789 63.227936 5.885935
v -0.481644 63.226051 5.899113
v -0.345789 63.250969 5.798664
v -0.481644 63.249077 5.811808
v 0.536449 62.421677 5.593818
v 0.536450 63.249077 5.811806
v 0.536450 63.226044 5.899111
v 0.536449 62.416397 5.683430
v 0.536450 63.189796 5.962554
v 0.536450 62.422058 5.752311
v 0.536450 62.437553 5.812845
v 0.536450 63.138062 6.014405
v 0.536450 62.462090 5.860916
v 0.536450 63.074615 6.051153
v 0.536450 62.493439 5.893164
v 0.536451 63.004005 6.070263
v 0.536450 62.538002 5.910836
v 0.536450 62.913750 6.070490
v 1.453148 63.852173 6.429217
v 1.525621 63.681488 6.486923
v 1.635510 63.692818 6.381977
v 1.563034 63.863503 6.324270
v 1.346275 63.981323 6.331028
v 1.456161 63.992653 6.226084
v 1.217891 64.053444 6.204255
v 1.327777 64.064400 6.099312
v 1.083481 64.059486 6.064115
v 1.193370 64.070435 5.959209
v 0.959258 63.998680 5.927605
v 1.069143 64.010010 5.822658
v 0.860202 63.878975 5.811145
v 0.970091 63.890297 5.706201
v 0.798268 63.714325 5.728749
v 0.908157 63.725647 5.623804
v 0.780915 63.524750 5.690387
v 0.890807 63.536072 5.585441
v 0.810247 63.332909 5.700703
v 0.920139 63.344238 5.595755
v 0.882722 63.162224 5.758409
v 0.992608 63.173553 5.653500
v 0.762337 63.175446 5.922075
v 0.695668 63.332542 5.868975
v 0.668687 63.508888 5.859491
v 0.684647 63.683357 5.894760
v 0.741624 63.834793 5.970545
v 0.832742 63.945068 6.077715
v 0.947015 64.000580 6.203275
v 1.070659 63.994919 6.332164
v 1.188760 63.928833 6.448813
v 1.287075 63.809883 6.539109
v 0.685372 63.167519 5.995562
v 0.618703 63.324608 5.942461
v 0.591722 63.500961 5.932978
v 0.607682 63.675430 5.968246
v 0.664660 63.826866 6.044035
v 0.755777 63.937134 6.151203
v 0.870051 63.992653 6.276800
v 0.993694 63.987366 6.405651
v 1.111796 63.920906 6.522302
v 1.210110 63.802330 6.612594
v 1.353741 63.653168 6.592204
v 1.380725 63.476433 6.601686
v 1.554949 63.489647 6.497238
v 1.364765 63.302345 6.566422
v 1.537603 63.300072 6.458873
v 1.307787 63.150536 6.490637
v 1.475665 63.135429 6.376516
v 1.216666 63.040642 6.383467
v 1.376613 63.015717 6.260020
v 1.102396 62.984749 6.257910
v 1.252390 62.955284 6.123507
v 0.978750 62.990410 6.129020
v 1.117979 62.961327 5.983368
v 0.860651 63.056488 6.012367
v 0.989595 63.033073 5.856595
v 1.099484 63.044403 5.751650
v 1.227868 62.972275 5.878461
v 1.362278 62.966240 6.018563
v 1.486502 63.026657 6.155074
v 1.585554 63.146751 6.271571
v 1.647492 63.311401 6.353927
v 1.664841 63.500977 6.392288
v 1.276776 63.645241 6.665694
v 1.303756 63.468887 6.675175
v 1.287800 63.294418 6.639911
v 1.230822 63.142990 6.564124
v 1.139701 63.032715 6.456991
v 1.025431 62.976822 6.331392
v 0.901785 62.982483 6.202507
v 0.783683 63.048943 6.085858
v 1.206639 63.610878 6.588622
v 1.227870 63.472282 6.596102
v 1.154182 63.734734 6.546851
v 1.076825 63.828011 6.475778
v 0.983898 63.880119 6.384014
v 0.886608 63.884651 6.282622
v 0.796694 63.840836 6.183790
v 0.724998 63.753983 6.099471
v 0.680168 63.634651 6.039846
v 0.667610 63.497574 6.012091
v 0.688837 63.358597 6.019533
v 0.741294 63.235115 6.061309
v 0.818654 63.141838 6.132379
v 0.911581 63.089737 6.224142
v 1.008867 63.085197 6.325572
v 1.098785 63.129005 6.424401
v 1.170478 63.215866 6.508685
v 1.215311 63.334824 6.568310
v 1.226082 63.613136 6.570042
v 1.172460 63.586700 6.511133
v 1.189292 63.476814 6.517024
v 1.173626 63.736626 6.528271
v 1.130869 63.684883 6.478011
v 1.096271 63.829895 6.457201
v 1.069533 63.758896 6.421666
v 1.003341 63.882011 6.365434
v 0.995854 63.800064 6.348897
v 0.906054 63.886536 6.264037
v 0.918714 63.803833 6.268501
v 0.816140 63.842728 6.165214
v 0.847422 63.769089 6.190138
v 0.744441 63.755875 6.080894
v 0.790575 63.700363 6.123299
v 0.699614 63.636909 6.021264
v 0.755030 63.605576 6.075985
v 0.687052 63.499451 5.993515
v 0.745077 63.496811 6.054012
v 0.708283 63.360863 6.000956
v 0.761908 63.386925 6.059903
v 0.760741 63.237000 6.042764
v 0.803499 63.288742 6.093026
v 0.838097 63.143730 6.113797
v 0.864836 63.214722 6.149369
v 0.931024 63.091621 6.205602
v 0.938514 63.173569 6.222141
v 1.028314 63.087090 6.306993
v 1.015654 63.170166 6.302535
v 1.118228 63.130898 6.405819
v 1.086943 63.204910 6.380893
v 1.189924 63.217758 6.490146
v 1.143793 63.273643 6.447737
v 1.234754 63.337090 6.549772
v 1.179336 63.368050 6.495045
v 1.247313 63.474167 6.577521
v -0.707100 63.386925 6.059905
v -0.653476 63.360863 6.000958
v -0.632245 63.499451 5.993517
v -0.748691 63.288742 6.093029
v -0.705933 63.237000 6.042765
v -0.810028 63.214722 6.149373
v -0.783289 63.143730 6.113797
v -0.883706 63.173569 6.222145
v -0.876216 63.091621 6.205610
v -0.960846 63.170166 6.302540
v -0.973503 63.087090 6.307000
v -1.032134 63.204910 6.380898
v -1.063419 63.130898 6.405825
v -1.088984 63.273643 6.447740
v -1.135115 63.217758 6.490152
v -1.124527 63.368050 6.495055
v -1.179945 63.337090 6.549776
v -1.134482 63.476814 6.517030
v -1.192503 63.474167 6.577525
v -1.117648 63.586700 6.511137
v -1.171272 63.613136 6.570044
v -1.076060 63.684883 6.478015
v -1.118816 63.736626 6.528275
v -1.014724 63.758896 6.421669
v -1.041456 63.829895 6.457206
v -0.941045 63.800064 6.348903
v -0.948532 63.882011 6.365436
v -0.863906 63.803833 6.268504
v -0.851247 63.886536 6.264041
v -0.792614 63.769096 6.190142
v -0.761332 63.842728 6.165216
v -0.735767 63.700363 6.123304
v -0.689633 63.755875 6.080893
v -0.700222 63.605576 6.075990
v -0.644806 63.636909 6.021271
v -0.690269 63.496819 6.054015
v -0.634030 63.358597 6.019536
v -0.563897 63.324608 5.942467
v -0.536915 63.500961 5.932979
v -0.686486 63.235115 6.061310
v -0.630565 63.167519 5.995564
v -0.763846 63.141838 6.132381
v -0.728876 63.048943 6.085862
v -0.856773 63.089737 6.224146
v -0.846977 62.982483 6.202513
v -0.954059 63.085197 6.325578
v -0.970623 62.976830 6.331397
v -1.043973 63.129005 6.424405
v -1.084892 63.032715 6.456995
v -1.115669 63.215866 6.508689
v -1.176013 63.142990 6.564130
v -1.160502 63.334824 6.568315
v -1.232984 63.294418 6.639919
v -1.173060 63.472282 6.596107
v -1.248946 63.468887 6.675179
v -1.151829 63.610878 6.588626
v -1.221966 63.645241 6.665699
v -1.099372 63.734734 6.546859
v -1.155300 63.802330 6.612597
v -1.022013 63.828011 6.475783
v -1.056986 63.920906 6.522306
v -0.929089 63.880119 6.384018
v -0.938885 63.987366 6.405654
v -0.831800 63.884651 6.282626
v -0.815243 63.992653 6.276803
v -0.741886 63.840836 6.183794
v -0.700969 63.937134 6.151206
v -0.670190 63.753983 6.099472
v -0.609852 63.826866 6.044036
v -0.625360 63.634651 6.039851
v -0.552875 63.675430 5.968245
v -0.612802 63.497574 6.012092
v -1.042245 63.367302 6.550980
v -0.956642 63.415253 6.466466
v -0.962035 63.474167 6.478360
v -1.051653 63.470009 6.571786
v -1.062840 63.361633 6.553929
v -1.072799 63.470390 6.575940
v -1.035748 63.574242 6.566194
v -1.055962 63.580658 6.570044
v -0.996435 63.666763 6.534884
v -1.014370 63.678467 6.536927
v -0.938465 63.737000 6.481636
v -0.953037 63.752861 6.480583
v -0.868831 63.775894 6.412872
v -0.879359 63.794022 6.407811
v -0.795927 63.779289 6.336891
v -0.802220 63.797417 6.327411
v -0.728545 63.746437 6.262836
v -0.730928 63.762672 6.249053
v -0.674816 63.681480 6.199661
v -0.674084 63.693939 6.182214
v -0.726827 63.544022 6.239505
v -0.641220 63.591980 6.154954
v -0.746079 63.595383 6.265105
v -0.776865 63.632385 6.301322
v -0.815477 63.651276 6.343766
v -0.857259 63.649384 6.387308
v -0.897167 63.627106 6.426697
v -0.930387 63.587074 6.457248
v -0.952916 63.533836 6.475184
v -0.638535 63.599533 6.134900
v -0.631809 63.489258 6.134146
v -0.628583 63.490776 6.112886
v -0.647721 63.385033 6.139740
v -0.645414 63.380501 6.118819
v -0.687030 63.292519 6.171048
v -0.687005 63.282700 6.151937
v -0.745001 63.222664 6.224293
v -0.748341 63.208687 6.208283
v -0.814638 63.183388 6.293065
v -0.822020 63.167145 6.281052
v -0.887543 63.180367 6.369082
v -0.899160 63.163750 6.361450
v -0.954924 63.213219 6.443133
v -0.970447 63.198494 6.439811
v -1.008650 63.278175 6.506312
v -1.027298 63.267227 6.506651
v -0.937390 63.364273 6.440864
v -0.906597 63.326889 6.404649
v -0.867985 63.308006 6.362202
v -0.826203 63.309891 6.318664
v -0.786299 63.332176 6.279235
v -0.753076 63.372581 6.248724
v -0.730549 63.425446 6.230788
v -0.721434 63.485115 6.227577
v -1.200568 68.724731 5.057086
v -1.166676 68.724731 4.972569
v -0.777525 68.716805 5.079286
v -0.800184 68.716812 5.166973
v -0.377721 68.708878 5.140011
v -0.389073 68.708878 5.229585
v 0.027406 68.704727 5.158892
v 0.432530 68.708870 5.140008
v 0.832337 68.716805 5.079285
v 1.221492 68.724731 4.972565
v 1.595479 68.734161 4.820754
v 1.949797 68.746254 4.624649
v 2.284581 68.760971 4.389080
v 2.599986 68.777580 4.118810
v 2.914917 68.798721 3.787660
v 3.248266 68.827774 3.369438
v 3.533426 68.853455 2.970380
v 3.703763 68.865906 2.696730
v 3.788736 68.816811 2.535239
v -0.891415 63.484734 6.305557
v -1.002595 63.538742 6.427757
v -1.011711 63.479446 6.430929
v -0.980066 63.591988 6.409776
v -0.946846 63.632011 6.379266
v -0.906939 63.654289 6.339880
v -0.865160 63.656181 6.296297
v -0.826547 63.637680 6.253889
v -0.795755 63.600288 6.217678
v -0.776502 63.549316 6.192076
v -0.771113 63.490021 6.180144
v -0.780228 63.430733 6.183352
v -0.802758 63.377487 6.201294
v -0.835978 63.337456 6.231810
v -0.875886 63.315178 6.271196
v -0.917664 63.313286 6.314773
v -0.956280 63.331802 6.357219
v -0.987068 63.369186 6.393393
v -1.006318 63.420166 6.419035
v -0.287195 67.417770 5.854111
v -0.287179 67.408325 5.853089
v -0.196882 67.480835 5.854107
v -0.196873 67.471390 5.853085
v -0.089103 67.523888 5.854107
v -0.089100 67.514442 5.853084
v 0.027407 67.540497 5.854105
v 0.027407 67.530678 5.853084
v 0.143911 67.514442 5.853085
v 0.143917 67.523888 5.854106
v 0.251684 67.471390 5.853084
v 0.251694 67.480835 5.854107
v 0.341996 67.408325 5.853087
v 0.342009 67.417770 5.854108
v 0.784803 67.830124 5.116579
v -1.815387 65.036026 5.195992
v -1.756548 65.190849 5.199428
v -1.706198 65.378532 5.202405
v -1.665049 65.582840 5.201120
v -1.633805 65.786377 5.191899
v -1.613013 65.952911 5.182076
v -1.603200 66.046570 5.178975
v 1.063459 63.278175 6.506305
v 0.992199 63.364273 6.440861
v 0.961406 63.326889 6.404644
v 1.009733 63.213219 6.443126
v 1.082107 63.267227 6.506646
v 1.025256 63.198494 6.439805
v 0.942351 63.180367 6.369077
v 0.953968 63.163750 6.361449
v 0.869446 63.183388 6.293063
v 0.876828 63.167145 6.281050
v 0.799809 63.222664 6.224292
v 0.803149 63.208687 6.208279
v 0.741838 63.292519 6.171044
v 0.741813 63.282700 6.151935
v 0.702529 63.385033 6.139738
v 0.700222 63.380501 6.118813
v 0.686617 63.489258 6.134144
v 0.683391 63.490776 6.112884
v 0.696028 63.591980 6.154952
v 0.693343 63.599533 6.134897
v 0.800887 63.595383 6.265100
v 0.729624 63.681480 6.199655
v 0.781635 63.544022 6.239503
v 0.776242 63.485115 6.227571
v 0.785357 63.425446 6.230783
v 0.807884 63.372581 6.248720
v 0.841107 63.332176 6.279232
v 0.881011 63.309891 6.318662
v 0.922793 63.308006 6.362199
v 0.728892 63.693939 6.182213
v 0.783353 63.746437 6.262834
v 0.785736 63.762672 6.249050
v 0.850735 63.779289 6.336890
v 0.857028 63.797417 6.327409
v 0.923640 63.775894 6.412868
v 0.934168 63.794022 6.407807
v 0.993275 63.737000 6.481634
v 1.007846 63.752861 6.480577
v 1.051245 63.666763 6.534880
v 1.069184 63.678467 6.536920
v 1.090558 63.574242 6.566191
v 1.110778 63.580658 6.570041
v 1.106467 63.470009 6.571781
v 1.127609 63.470390 6.575938
v 1.097054 63.367302 6.550976
v 1.117650 63.361633 6.553923
v 1.011451 63.415253 6.466462
v 1.016844 63.474167 6.478356
v 1.007725 63.533829 6.475179
v 0.985197 63.587074 6.457244
v 0.951976 63.627106 6.426691
v 0.912068 63.649384 6.387303
v 0.870292 63.651276 6.343761
v 0.831673 63.632385 6.301319
v -3.733937 68.816811 2.535253
v -3.648961 68.865906 2.696746
v -3.478626 68.853455 2.970395
v -3.193470 68.827782 3.369452
v -2.860111 68.798721 3.787672
v -2.545178 68.777580 4.118820
v -2.229773 68.760971 4.389089
v -2.292071 68.760971 4.458690
v -1.894987 68.746254 4.624658
v -1.949065 68.746628 4.699769
v -1.540667 68.734161 4.820761
v -1.585202 68.734169 4.901011
v -4.465031 68.309242 1.458165
v -4.194687 68.305466 1.523895
v 1.975111 65.101738 5.189831
v 2.015165 65.320381 5.187485
v 2.051670 65.569244 5.185325
v 2.076929 65.783737 5.183849
v 2.083230 65.899292 5.183467
v 2.080055 65.965004 5.183651
v 1.866873 66.034103 5.181464
v 5.409904 64.420753 1.352527
v 5.458351 64.433952 0.792742
v 5.442225 64.581993 0.794809
v 5.474359 64.425255 0.230996
v 5.453627 64.599342 0.233951
v 5.392262 64.766266 0.238806
v 5.350798 64.790421 -0.312275
v 5.229653 64.941093 -0.291588
v 5.257371 64.809662 -0.853158
v 5.140682 64.964874 -0.819489
v 5.113264 64.825127 -1.378310
v 5.002767 64.983360 -1.331983
v 4.919800 64.836075 -1.882189
v 5.313871 64.392448 1.897162
v 5.393701 64.555946 1.354698
v 5.386447 64.737579 0.795056
v 5.271344 64.912415 0.246807
v 5.083245 65.070236 -0.266488
v 4.996390 65.094017 -0.778968
v 4.862025 65.113647 -1.276490
v 4.814331 64.996567 -1.824144
v 4.676719 64.843231 -2.360187
v 4.678645 65.129875 -1.754271
v 4.727400 65.232979 -1.223357
v 4.858477 65.211464 -0.740175
v 4.943446 65.186180 -0.242468
v 5.124030 65.040802 0.256171
v 5.267381 64.879944 0.791124
v 5.338038 64.704361 1.351476
v 5.388263 63.835052 1.326240
v 5.437847 63.878464 0.775094
v 5.291854 63.787483 1.865085
v 5.134685 63.741806 2.383826
v 4.418831 64.649117 -2.848186
v 4.714180 64.641571 -2.396385
v 4.958961 64.630638 -1.913623
v 5.157069 64.620453 -1.403947
v 5.312467 64.615181 -0.871384
v 5.414769 64.609917 -0.323052
v 5.438446 64.401459 -0.320410
v 5.386444 63.840668 -0.276969
v 5.418547 63.859947 0.228196
v 5.330970 64.368210 -0.849156
v 0.027405 62.261185 5.265848
v 0.027404 62.261185 5.160374
v 0.755831 62.792267 -3.983360
v 1.499277 70.381767 4.531640
v 0.775013 70.376869 4.756254
v 0.805051 69.710732 4.956869
v 1.553026 69.714127 4.715673
v 2.172045 70.389320 4.167295
v 2.238816 69.720154 4.316739
v 2.747508 70.392319 3.686234
v 2.839627 69.724289 3.790627
v 3.230206 70.398346 3.082669
v 3.356528 69.728432 3.153755
v 3.786566 69.734451 2.433490
v 3.628778 70.412300 2.378656
v 4.093553 69.740097 1.652837
v 3.917425 70.430031 1.614638
v 4.225836 69.746872 0.819334
v 4.043929 70.446259 0.819944
v 4.203928 69.757423 -0.020943
v 4.026857 70.466621 0.021235
v 4.028366 69.771751 -0.834101
v 3.862137 70.491150 -0.751488
v 0.026203 70.374222 4.832120
v 0.026229 69.709221 5.036512
v 0.026280 68.921852 5.136189
v 0.815185 68.921852 5.054730
v 1.567766 68.922981 4.802886
v 2.249105 68.925995 4.379145
v 2.859910 68.928619 3.820876
v 3.397758 68.928986 3.166353
v 3.848170 68.925186 2.447632
v 4.165605 68.916870 1.669641
v 4.247211 68.911926 0.737013
v 4.273942 68.910019 -0.043389
v 4.091958 68.911888 -0.877023
v 3.751089 68.917526 -1.650044
v 3.694915 69.788727 -1.587978
v 3.248394 68.922798 -2.331489
v 3.199239 69.802681 -2.252418
v 2.587142 68.923164 -2.893748
v 2.547575 69.808334 -2.798830
v 1.806038 68.919754 -3.309200
v 1.778291 69.807571 -3.200682
v 0.939760 68.912567 -3.559824
v 0.925386 69.802277 -3.443678
v 0.029398 68.909172 -3.642892
v 0.029256 69.799255 -3.524962
v 0.887859 70.542824 -3.223940
v 0.029059 70.539421 -3.300729
v 3.544513 70.516434 -1.467739
v 3.068486 70.536804 -2.098885
v 2.443114 70.546234 -2.616067
v 1.705412 70.546600 -2.994504
v 0.027383 67.305359 -3.748552
v 4.344716 66.406761 2.740730
v 4.565252 66.461891 2.295735
v 4.343885 66.597450 2.211083
v 4.135733 66.544220 2.640849
v 4.085736 66.341827 3.154917
v 3.892277 66.483429 3.039849
v 4.430100 66.197182 2.739151
v 4.650599 66.252678 2.296039
v 4.822114 66.298355 1.824570
v 4.736356 66.509453 1.825175
v 4.509437 66.644646 1.768896
v 0.128606 62.357491 5.932933
v 0.128606 62.396767 6.010877
v 0.128606 62.364677 6.082895
v 0.128606 62.317467 5.989994
v 0.128606 62.332191 5.834751
v 0.128606 62.287628 5.872928
v 0.128606 62.322739 5.722972
v 0.128606 62.276291 5.739744
v 0.128605 62.329918 5.599563
v 0.128605 62.284607 5.599411
v 0.128607 63.525894 6.007941
v 0.128606 63.557983 5.887700
v 0.128606 63.739632 5.916891
v 0.128607 63.703377 6.053590
v 0.128607 63.466980 6.110885
v 0.128607 63.632767 6.176249
v 0.128607 63.383148 6.194988
v 0.128607 63.533073 6.276552
v 0.128607 63.280441 6.254579
v 0.128607 63.410721 6.347546
v 0.128607 63.166016 6.285584
v 0.128607 63.274399 6.384486
v 0.128607 63.041771 6.285890
v 0.128607 63.132790 6.384865
v 0.128606 62.509308 6.087608
v 0.128607 62.495331 6.172953
v 0.128606 62.447754 6.063251
v 0.128606 62.425095 6.145274
v 0.264123 62.399406 5.859635
v 0.264123 62.431137 5.922623
v 0.264123 62.399033 5.994638
v 0.264123 62.359383 5.916694
v 0.264123 62.379021 5.780258
v 0.264123 62.334076 5.818474
v 0.264122 62.371078 5.689926
v 0.264122 62.324638 5.706693
v 0.264122 62.377502 5.583434
v 0.264122 62.332184 5.583287
v 0.264123 63.376724 5.949375
v 0.264123 63.404289 5.845599
v 0.264123 63.559868 5.871426
v 0.264123 63.528160 5.991662
v 0.264123 63.329147 6.032565
v 0.264124 63.469246 6.094611
v 0.264124 63.261177 6.100543
v 0.264124 63.385406 6.178748
v 0.264124 63.178474 6.148693
v 0.264124 63.282700 6.238337
v 0.264124 63.085953 6.173766
v 0.264124 63.168282 6.269309
v 0.264124 62.978333 6.174034
v 0.264124 63.043663 6.269655
v 0.264123 62.525543 5.985949
v 0.264123 62.511574 6.071332
v 0.264123 62.472298 5.964952
v 0.264123 62.449638 6.046978
v 0.702953 63.363983 -4.774633
v 0.400595 62.439438 5.799667
v 0.400595 62.463608 5.847740
v 0.400595 62.431511 5.919713
v 0.400595 62.399788 5.856727
v 0.400595 62.423950 5.739171
v 0.400595 62.379387 5.777347
v 0.400594 62.417908 5.670252
v 0.400594 62.371460 5.687021
v 0.400594 62.423569 5.580678
v 0.400594 62.377876 5.580526
v 0.400595 63.250969 5.798663
v 0.400595 63.404663 5.842687
v 0.400595 63.377106 5.946429
v 0.400595 63.227936 5.885933
v 0.400595 63.191299 5.949378
v 0.400595 63.329521 6.029622
v 0.400595 63.139954 6.001226
v 0.400596 63.261551 6.097636
v 0.400595 63.076508 6.037974
v 0.400596 63.178848 6.145782
v 0.400595 63.005890 6.057083
v 0.400596 63.086334 6.170824
v 0.400595 62.915642 6.057310
v 0.400596 62.978706 6.171091
v 0.400595 62.539886 5.897661
v 0.400595 62.525917 5.983042
v 0.400595 62.494949 5.880026
v 0.400595 62.472672 5.962046
v -3.637036 68.384048 2.680303
v -3.732092 68.484879 2.518028
v -3.763015 68.659714 2.472682
v -1.135989 67.854675 4.981994
v -1.526099 67.887512 4.826259
v -1.884424 67.936981 4.628229
v -2.217638 67.992859 4.391756
v -2.532416 68.046104 4.120767
v -2.845581 68.112938 3.788178
v -3.173944 68.209221 3.366804
v -3.457702 68.308144 2.962300
v -0.805844 63.056488 6.012370
v -0.934789 63.033073 5.856599
v -0.827916 63.162224 5.758416
v -0.707530 63.175446 5.922077
v -0.640862 63.332542 5.868978
v -0.613881 63.508888 5.859495
v -0.629840 63.683357 5.894763
v -0.686817 63.834793 5.970547
v -0.777934 63.945068 6.077719
v -0.892208 64.000580 6.203280
v -1.015850 63.994919 6.332167
v -1.291467 63.981323 6.331034
v -1.133951 63.928833 6.448819
v -1.163083 64.053444 6.204261
v -1.028673 64.059494 6.064122
v -0.904451 63.998680 5.927608
v -0.805396 63.878975 5.811147
v -0.743462 63.714325 5.728753
v -0.726109 63.524750 5.690389
v -0.755441 63.332909 5.700705
v -1.272969 64.064400 6.099317
v -1.401353 63.992653 6.226089
v -1.138562 64.070435 5.959215
v -1.014336 64.010010 5.822665
v -0.915285 63.890297 5.706203
v -0.853351 63.725647 5.623810
v -0.836001 63.536072 5.585449
v -0.865333 63.344238 5.595760
v -0.937802 63.173553 5.653506
v -1.044678 63.044411 5.751653
v -1.173062 62.972275 5.878465
v -1.063172 62.961327 5.983373
v -1.307471 62.966240 6.018569
v -1.197582 62.955284 6.123514
v -1.431694 63.026657 6.155082
v -1.321805 63.015717 6.260024
v -1.530746 63.146751 6.271579
v -1.420856 63.135429 6.376520
v -1.592683 63.311401 6.353934
v -1.482794 63.300072 6.458879
v -1.610032 63.500977 6.392296
v -1.500140 63.489647 6.497243
v -1.580701 63.692818 6.381985
v -1.470812 63.681488 6.486932
v -1.508225 63.863503 6.324279
v -1.398339 63.852173 6.429222
v -0.923942 62.990410 6.129025
v -1.047588 62.984749 6.257913
v -1.161858 63.040642 6.383474
v -1.252978 63.150536 6.490641
v -1.309952 63.302345 6.566428
v -1.325915 63.476433 6.601693
v -1.298931 63.653168 6.592212
v -1.232265 63.809883 6.539113
v -3.177479 70.398354 3.082683
v -3.575778 70.412300 2.378672
v -3.733508 69.734451 2.433508
v -3.303750 69.728432 3.153769
v -2.787024 69.724289 3.790638
v -2.694956 70.392326 3.686246
v -2.186311 69.720154 4.316749
v -2.119585 70.389320 4.167305
v -1.500556 69.714127 4.715680
v -1.446856 70.381767 4.531643
v -0.752590 69.710732 4.956872
v -0.722603 70.376869 4.756257
v -0.762619 68.921852 5.054736
v -1.515192 68.922981 4.802893
v -2.196500 68.925995 4.379156
v -2.807199 68.928619 3.820886
v -3.344870 68.928986 3.166364
v -3.795000 68.925186 2.447648
v -4.112021 68.916870 1.669661
v -4.040119 69.740105 1.652856
v -4.193100 68.911934 0.737031
v -4.171839 69.746872 0.819351
v -1.647691 70.546600 -2.994499
v -0.829842 70.542824 -3.223938
v -0.866989 69.802277 -3.443675
v -1.720212 69.807571 -3.200675
v -2.385869 70.546234 -2.616054
v -2.490016 69.808342 -2.798818
v -3.011867 70.536804 -2.098866
v -3.142339 69.802681 -2.252400
v -3.488585 70.516434 -1.467720
v -3.638760 69.788734 -1.587962
v -3.806937 70.491158 -0.751471
v -3.973022 69.771751 -0.834083
v -3.972340 70.466621 0.021253
v -4.149300 69.757423 -0.020925
v -3.990051 70.446259 0.819962
v -3.864032 70.430038 1.614655
v -4.219160 68.910019 -0.043370
v -4.036425 68.911888 -0.877005
v -3.694742 68.917534 -1.650028
v -3.191278 68.922798 -2.331469
v -2.529335 68.923164 -2.893740
v -1.747692 68.919754 -3.309189
v -0.881076 68.912567 -3.559816
v -0.073799 63.533073 6.276550
v -0.073799 63.410721 6.347545
v -0.073799 63.632767 6.176247
v -0.073799 63.703377 6.053590
v -0.073800 63.739632 5.916889
v -0.073801 62.284607 5.599413
v -0.073800 62.276291 5.739743
v -0.073800 62.287628 5.872928
v -0.073800 62.317467 5.989994
v -0.073800 62.364677 6.082891
v -0.073799 62.425095 6.145274
v -0.073799 62.495331 6.172953
v -0.073799 63.132790 6.384865
v -0.073799 63.274399 6.384483
v 0.716708 63.558090 -4.635633
v 2.600559 69.251701 -2.934393
v 2.951210 69.252083 -2.673422
v 3.267135 69.251343 -2.378796
v 3.543607 69.250587 -2.053718
v 3.780404 69.249084 -1.701429
v 3.977273 69.247581 -1.325155
v 4.134631 69.246094 -0.928593
v 4.253019 69.245338 -0.515452
v 4.332664 69.244980 -0.089775
v 4.373940 69.245361 0.344381
v 2.219896 69.250938 -3.158494
v 1.813483 69.249809 -3.343678
v 1.385581 69.248291 -3.487906
v 0.941647 69.246780 -3.590489
v 0.487160 69.245644 -3.650795
v 0.897267 63.860588 -3.955411
v 1.020735 64.761253 -3.948219
v 1.066081 65.089409 -3.898908
v 1.368098 67.305367 -3.504066
v 4.375905 69.246132 0.782365
v 4.337615 69.247650 1.219495
v 3.817810 68.659706 2.472666
v 3.786895 68.484871 2.518011
v 3.691837 68.384048 2.680286
v 3.512504 68.308144 2.962284
v 3.228749 68.209213 3.366790
v 2.900378 68.112938 3.788165
v 2.587223 68.046104 4.120755
v 2.272439 67.992859 4.391744
v 1.939228 67.936981 4.628222
v 1.580907 67.887512 4.826251
v 1.190800 67.854675 4.981990
v 0.027408 66.768623 6.079458
v 0.027408 65.330223 6.221104
v 0.027407 67.818054 5.554481
v 0.187599 67.796906 5.552104
v 0.339021 67.744789 5.547348
v 0.472897 67.672287 5.542403
v 0.625467 67.973236 5.134892
v 0.440812 68.054428 5.161325
v 0.238517 68.115616 5.184733
v 0.027406 68.141678 5.195684
v -0.183705 68.115616 5.184734
v -0.132787 67.796906 5.552105
v -0.386000 68.054436 5.161326
v -0.284207 67.744789 5.547347
v -0.570655 67.973236 5.134892
v -0.418076 67.672287 5.542404
v 0.027392 62.540649 0.113904
v -3.642998 68.624977 2.688527
v -3.468163 68.580803 2.966346
v -3.183707 68.518509 3.368126
v -2.852844 68.455826 3.787925
v -2.538799 68.412033 4.119812
v -2.223703 68.376915 4.390425
v -1.889702 68.341423 4.626445
v -1.512436 68.325577 4.826399
v -1.067538 68.348236 4.988853
v -0.964420 68.051414 5.014391
v -0.853322 67.913956 5.058465
v -0.631482 68.385239 5.104069
v -0.280714 68.412437 5.162372
v 0.027406 68.423393 5.177289
v 0.335530 68.412437 5.162373
v 0.686291 68.385239 5.104065
v 1.122354 68.348236 4.988849
v 1.567245 68.325569 4.826393
v 1.944510 68.341423 4.626434
v 3.697798 68.624977 2.688512
v 3.522959 68.580803 2.966331
v 3.238508 68.518501 3.368113
v 2.907648 68.455826 3.787913
v 2.593604 68.412033 4.119802
v 2.278507 68.376915 4.390415
v 1.019229 68.051414 5.014389
v 0.908131 67.913956 5.058460
vn 0.0084 -0.9993 -0.0357
vn -0.0000 -0.9981 -0.0622
vn -0.0000 -0.9977 -0.0684
vn 0.1033 -0.9946 -0.0097
vn 0.0257 -0.9972 -0.0709
vn 0.0200 -0.9976 -0.0669
vn 0.0868 -0.9961 -0.0147
vn 0.0259 -0.9970 -0.0727
vn 0.0477 -0.9986 -0.0223
vn 0.0180 -0.9974 -0.0691
vn 0.0078 -0.9980 -0.0633
vn 0.0192 -0.9993 -0.0310
vn 0.0105 -0.9992 -0.0380
vn 0.0235 -0.9996 0.0129
vn 0.0047 -0.9985 -0.0546
vn -0.0000 -0.9981 -0.0615
vn -0.0046 -0.9985 -0.0547
vn -0.0016 -0.9981 -0.0622
vn -0.0044 -0.9979 -0.0639
vn -0.0107 -0.9992 -0.0377
vn -0.0078 -0.9980 -0.0633
vn 0.0016 -0.9981 -0.0622
vn 0.0027 -0.9980 -0.0632
vn 0.2156 -0.9711 0.1020
vn 0.1300 -0.9882 0.0806
vn 0.0407 -0.9987 0.0300
vn 0.0515 -0.9970 0.0585
vn 0.0452 -0.9971 0.0608
vn 0.1216 -0.9858 0.1159
vn 0.1517 -0.9772 0.1488
vn 0.2169 -0.9578 0.1886
vn 0.2528 -0.9422 0.2200
vn 0.2606 -0.9479 0.1830
vn 0.3385 -0.9067 0.2518
vn 0.3150 -0.9322 0.1781
vn 0.3890 -0.8908 0.2348
vn 0.3562 -0.9173 0.1782
vn 0.4205 -0.8799 0.2211
vn 0.3828 -0.9062 0.1797
vn 0.2584 -0.9598 0.1095
vn 0.2744 -0.9553 0.1099
vn 0.2912 -0.9516 0.0985
vn 0.4047 -0.8985 0.1701
vn 0.3050 -0.9490 0.0793
vn 0.4197 -0.8952 0.1496
vn 0.3146 -0.9474 0.0581
vn 0.4280 -0.8958 0.1198
vn 0.4372 -0.8956 0.0822
vn 0.4878 -0.8667 0.1046
vn 0.5024 -0.8631 0.0505
vn 0.6335 -0.7687 0.0880
vn 0.6524 -0.7576 0.0184
vn 0.4747 -0.8679 0.1465
vn 0.6101 -0.7770 0.1551
vn 0.6651 -0.7457 -0.0396
vn 0.5110 -0.8596 -0.0058
vn 0.4479 -0.8934 0.0348
vn 0.3222 -0.9461 0.0329
vn 0.1266 -0.9908 -0.0470
vn 0.1230 -0.9917 -0.0386
vn 0.1171 -0.9927 -0.0285
vn 0.1071 -0.9941 -0.0183
vn 0.1019 -0.9947 -0.0097
vn 0.4562 -0.8898 -0.0146
vn 0.3320 -0.9433 0.0017
vn 0.1309 -0.9899 -0.0537
vn 0.1447 -0.9860 -0.0834
vn 0.0306 -0.9964 -0.0788
vn 0.0307 -0.9965 -0.0783
vn 0.1436 -0.9869 -0.0728
vn 0.0304 -0.9966 -0.0772
vn 0.1375 -0.9886 -0.0614
vn 0.0302 -0.9966 -0.0761
vn 0.0313 -0.9963 -0.0797
vn 0.0329 -0.9959 -0.0837
vn 0.0322 -0.9961 -0.0824
vn 0.0290 -0.9966 -0.0776
vn 0.0246 -0.9971 -0.0724
vn 0.3522 -0.9338 -0.0627
vn 0.3447 -0.9382 -0.0313
vn 0.4588 -0.8868 -0.0557
vn 0.4546 -0.8864 -0.0869
vn 0.5058 -0.8585 -0.0846
vn 0.5119 -0.8576 -0.0509
vn 0.4959 -0.8608 -0.1144
vn 0.4445 -0.8885 -0.1137
vn 0.4847 -0.8630 -0.1427
vn 0.4370 -0.8890 -0.1371
vn 0.4851 -0.8606 -0.1549
vn 0.4341 -0.8894 -0.1436
vn 0.2670 -0.7843 -0.5600
vn 0.2709 -0.8234 -0.4986
vn 0.2670 -0.8238 -0.5000
vn 0.5666 -0.4927 -0.6604
vn 0.3144 -0.7890 -0.5278
vn 0.3350 -0.9341 -0.1233
vn 0.2706 -0.9621 -0.0338
vn 0.1354 -0.9864 -0.0934
vn 0.1423 -0.9857 -0.0901
vn 0.3454 -0.9322 -0.1080
vn 0.3510 -0.9322 -0.0879
vn 0.4241 -0.8485 -0.3164
vn 0.3731 -0.8500 -0.3719
vn 0.5077 -0.7064 -0.4932
vn 0.3763 -0.8825 -0.2820
vn 0.4134 -0.8828 -0.2232
vn 0.3244 -0.9291 -0.1778
vn 0.3377 -0.9293 -0.1496
vn 0.1426 -0.9869 -0.0756
vn 0.4268 -0.8608 -0.2772
vn 0.1146 -0.9926 -0.0401
vn 0.2214 -0.9563 -0.1910
vn 0.2439 -0.8996 -0.3622
vn 0.0048 -0.9950 -0.1002
vn 0.1248 -0.9920 0.0191
vn -0.2927 0.0972 0.9513
vn 0.1224 -0.9906 -0.0606
vn 0.0304 -0.9968 -0.0739
vn 0.0308 -0.9966 -0.0759
vn 0.0386 -0.9986 -0.0368
vn 0.0355 -0.9976 -0.0602
vn 0.0776 -0.9852 -0.1526
vn 0.0246 -0.9983 -0.0536
vn 0.0215 -0.9982 -0.0552
vn 0.0884 -0.9851 -0.1476
vn 0.2009 -0.9287 -0.3116
vn 0.2253 -0.9287 -0.2945
vn 0.2561 -0.8848 -0.3892
vn 0.2894 -0.8833 -0.3688
vn 0.2889 -0.8532 -0.4341
vn 0.3266 -0.8516 -0.4100
vn 0.3305 -0.8829 -0.3335
vn 0.2946 -0.9289 -0.2244
vn 0.1407 -0.9861 -0.0882
vn 0.0383 -0.9986 -0.0355
vn 0.0368 -0.9986 -0.0375
vn 0.1275 -0.9859 -0.1081
vn 0.2573 -0.9291 -0.2656
vn 0.0974 -0.9852 -0.1409
vn 0.0248 -0.9982 -0.0539
vn 0.0250 -0.9983 -0.0533
vn 0.1111 -0.9856 -0.1272
vn 0.0290 -0.9984 -0.0489
vn 0.0329 -0.9985 -0.0434
vn -0.7343 0.0159 0.6786
vn -0.7402 -0.0959 0.6656
vn -0.6848 -0.0769 0.7247
vn -0.6739 0.0241 0.7384
vn -0.6341 -0.0515 0.7715
vn -0.6222 0.0414 0.7818
vn -0.5898 0.2544 0.7664
vn -0.7187 -0.3530 0.5991
vn -0.7851 -0.1076 0.6100
vn -0.6626 -0.3591 0.6573
vn -0.6094 -0.3908 0.6898
vn -0.5918 -0.4102 0.6939
vn -0.6194 -0.0388 0.7841
vn -0.6071 0.0506 0.7930
vn -0.5676 0.2794 0.7744
vn -0.3797 0.7482 0.5441
vn -0.4472 0.6482 0.6164
vn -0.2767 0.8645 0.4196
vn -0.3183 0.8456 0.4286
vn -0.2375 0.9037 0.3562
vn -0.2773 0.8916 0.3580
vn -0.2370 0.9111 0.3373
vn -0.7093 0.2105 0.6727
vn -0.6464 0.2228 0.7297
vn -0.5105 0.6039 0.6121
vn -0.3695 0.8265 0.4246
vn -0.3171 0.8764 0.3626
vn -0.2734 0.8963 0.3492
vn -0.3171 0.8773 0.3603
vn -0.3566 0.8585 0.3685
vn -0.4118 0.8089 0.4197
vn -0.4484 0.7920 0.4144
vn -0.6134 0.5637 0.5531
vn -0.6455 0.5523 0.5275
vn -0.7521 0.2035 0.6268
vn -0.7816 0.2057 0.5889
vn -0.5705 0.5804 0.5811
vn -0.7794 0.0145 0.6264
vn -0.8129 0.0097 0.5824
vn -0.8184 -0.1172 0.5625
vn -0.2457 0.9049 0.3476
vn -0.3019 0.8813 0.3636
vn -0.3638 0.8586 0.3613
vn -0.4004 0.8401 0.3660
vn -0.4888 0.7739 0.4026
vn -0.6772 0.5458 0.4934
vn -0.8106 0.2185 0.5432
vn -0.8428 0.0136 0.5381
vn -0.8434 -0.1213 0.5234
vn -0.8739 0.0260 0.4853
vn -0.3468 0.8582 0.3784
vn -0.8390 0.2367 0.4899
vn -0.7088 0.5426 0.4507
vn -0.5324 0.7557 0.3815
vn -0.4469 0.8214 0.3543
vn -0.4100 0.8418 0.3510
vn -0.3964 0.8449 0.3592
vn -0.4587 0.8259 0.3279
vn -0.4468 0.8301 0.3336
vn -0.5107 0.8114 0.2842
vn -0.4968 0.8152 0.2977
vn -0.5601 0.7998 0.2158
vn -0.5459 0.8052 0.2317
vn -0.5822 0.7997 0.1467
vn -0.7417 0.5387 0.3997
vn -0.8676 0.2513 0.4291
vn -0.5777 0.7379 0.3489
vn -0.4967 0.8028 0.3298
vn -0.5477 0.7863 0.2861
vn -0.6262 0.7206 0.2978
vn -0.5939 0.7756 0.2139
vn -0.5924 0.7933 0.1406
vn -0.6016 0.7938 0.0897
vn -0.6112 0.7871 0.0833
vn -0.6171 0.7861 0.0353
vn -0.6235 0.7813 0.0282
vn -0.6244 0.7806 -0.0298
vn -0.6277 0.7777 -0.0346
vn -0.6236 0.7753 -0.1004
vn -0.6369 0.7636 -0.1067
vn -0.6455 0.7627 -0.0410
vn -0.7140 0.6880 -0.1299
vn -0.7183 0.6935 -0.0554
vn -0.8699 0.4581 -0.1826
vn -0.6221 0.7775 -0.0922
vn -0.8701 0.4846 -0.0899
vn -0.9694 0.2135 -0.1209
vn -0.9729 0.2303 -0.0181
vn -0.8683 0.4960 -0.0034
vn -0.7174 0.6965 0.0139
vn -0.6448 0.7640 0.0227
vn -0.6371 0.7667 0.0795
vn -0.6226 0.7701 0.1392
vn -0.6695 0.7088 0.2220
vn -0.7804 0.5298 0.3323
vn -0.9005 0.2567 0.3510
vn -0.8207 0.5182 0.2406
vn -0.6972 0.7027 0.1420
vn -0.7099 0.7002 0.0761
vn -0.8635 0.4995 0.0701
vn -0.9715 0.2291 0.0611
vn -0.9366 0.2494 0.2459
vn -0.8500 0.5061 0.1464
vn -0.9616 0.2355 0.1407
vn -0.9576 0.1869 -0.2191
vn -0.9923 0.0041 -0.1236
vn -0.9995 0.0158 -0.0262
vn -0.9983 0.0291 0.0501
vn -0.9905 0.0369 0.1321
vn -0.9707 0.0412 0.2367
vn -0.9383 0.0415 0.3434
vn -0.9050 0.0372 0.4237
vn -0.8738 -0.1184 0.4716
vn -0.9056 -0.1144 0.4085
vn -0.9380 -0.1142 0.3272
vn -0.9682 -0.1134 0.2228
vn -0.9863 -0.1122 0.1208
vn -0.9922 -0.1205 0.0313
vn -0.9897 -0.1377 -0.0393
vn -0.9827 -0.1515 -0.1066
vn -0.9753 -0.0012 -0.2207
vn -0.9344 0.1728 -0.3116
vn -0.9062 -0.4227 -0.0059
vn -0.8969 -0.4354 0.0775
vn -0.8784 -0.4459 0.1721
vn -0.8509 -0.4530 0.2660
vn -0.8217 -0.4556 0.3424
vn -0.7958 -0.4501 0.4050
vn -0.7775 -0.4327 0.4564
vn -0.7658 -0.4041 0.5002
vn -0.7509 -0.3740 0.5443
vn -0.7210 0.1807 -0.6690
vn -0.6389 0.1929 -0.7448
vn -0.6468 0.1070 -0.7551
vn -0.7306 0.0960 -0.6760
vn -0.7944 0.1683 -0.5836
vn -0.8038 0.0850 -0.5889
vn -0.8565 0.1556 -0.4922
vn -0.8652 0.0731 -0.4960
vn -0.9009 0.1588 -0.4040
vn -0.9114 0.0715 -0.4052
vn -0.9554 0.1422 -0.2588
vn -0.9677 -0.1676 -0.1884
vn -0.8780 -0.4500 -0.1628
vn -0.9025 -0.4155 -0.1134
vn -0.9098 -0.4096 -0.0669
vn -0.2908 -0.5183 -0.8042
vn -0.3365 -0.4441 -0.8304
vn -0.3790 -0.3649 -0.8504
vn -0.3651 -0.4167 -0.8325
vn -0.3671 -0.4707 -0.8023
vn -0.9619 -0.1467 -0.2309
vn -0.8682 -0.4675 -0.1663
vn -0.3056 -0.3912 -0.8681
vn -0.8241 -0.4464 -0.3487
vn -0.9036 -0.1875 -0.3851
vn -0.8697 -0.1574 -0.4677
vn -0.8112 -0.4630 -0.3573
vn -0.8719 -0.2821 -0.4004
vn -0.4290 -0.3342 -0.8392
vn -0.4024 -0.4147 -0.8162
vn -0.5469 -0.7870 -0.2854
vn -0.5399 -0.7987 -0.2656
vn -0.4908 -0.8144 -0.3096
vn -0.5432 -0.7896 -0.2854
vn -0.5497 -0.7622 -0.3420
vn -0.5465 -0.7687 -0.3324
vn -0.5398 -0.7302 -0.4187
vn -0.5390 -0.7367 -0.4084
vn -0.5132 -0.7020 -0.4937
vn -0.5150 -0.7082 -0.4830
vn -0.4726 -0.6785 -0.5624
vn -0.4760 -0.6874 -0.5486
vn -0.4220 -0.6571 -0.6246
vn -0.4315 -0.6634 -0.6113
vn -0.4715 -0.6744 -0.5682
vn -0.5071 -0.6938 -0.5113
vn -0.5316 -0.7269 -0.4347
vn -0.5418 -0.7564 -0.3665
vn -0.5390 -0.7822 -0.3124
vn -0.5526 -0.7914 -0.2616
vn -0.4034 -0.4304 -0.8075
vn -0.8919 -0.1798 -0.4149
vn -0.9064 -0.1475 -0.3959
vn -0.8761 -0.0930 -0.4731
vn -0.8123 -0.0536 -0.5808
vn -0.8019 -0.1380 -0.5814
vn -0.7250 -0.1315 -0.6761
vn -0.3532 -0.6263 -0.6950
vn -0.2630 -0.5748 -0.7749
vn -0.2599 -0.5749 -0.7758
vn -0.3329 -0.6276 -0.7037
vn -0.4101 -0.6528 -0.6369
vn -0.7365 -0.0451 -0.6749
vn -0.6470 -0.1310 -0.7512
vn -0.6486 -0.0357 -0.7603
vn -0.5638 -0.1280 -0.8159
vn -0.5719 -0.0267 -0.8199
vn -0.4589 -0.1207 -0.8803
vn -0.4671 -0.0171 -0.8840
vn -0.3140 -0.1163 -0.9423
vn -0.3258 -0.0042 -0.9454
vn -0.2262 -0.0461 -0.9730
vn -0.2347 0.0012 -0.9721
vn -0.1956 -0.5083 -0.8387
vn -0.1959 -0.5079 -0.8388
vn -0.2170 -0.1158 -0.9693
vn -0.2058 -0.1171 -0.9716
vn -0.2400 -0.1997 -0.9500
vn -0.2361 -0.4477 -0.8625
vn -0.3160 -0.4126 -0.8544
vn -0.4273 -0.4050 -0.8083
vn -0.5174 -0.4062 -0.7532
vn -0.5909 -0.4026 -0.6991
vn -0.6667 -0.3959 -0.6315
vn -0.7428 -0.3968 -0.5392
vn -0.8042 -0.4114 -0.4291
vn -0.2077 -0.0819 -0.9748
vn -0.1947 -0.5146 -0.8350
vn -0.1253 0.0807 -0.9888
vn -0.1122 -0.5608 -0.8203
vn -0.0543 0.0791 -0.9954
vn -0.0439 -0.5646 -0.8242
vn -0.0318 0.0791 -0.9964
vn -0.0280 -0.5614 -0.8271
vn -0.0000 0.0801 -0.9968
vn -0.0000 -0.5600 -0.8285
vn -0.2103 0.9202 0.3302
vn -0.1972 0.9252 0.3241
vn -0.1869 0.9243 0.3327
vn -0.2075 0.9200 0.3325
vn -0.2096 0.9183 0.3359
vn -0.2281 0.9054 0.3579
vn -0.2851 0.8744 0.3927
vn -0.3672 0.8197 0.4397
vn -0.3350 0.7417 0.5811
vn -0.4805 0.4791 0.7346
vn -0.5485 0.3141 0.7749
vn -0.5810 0.4725 0.6627
vn -0.4968 0.6133 0.6140
vn -0.3500 0.8154 0.4611
vn -0.2778 0.8738 0.3992
vn -0.2966 0.8757 0.3811
vn -0.3743 0.7247 0.5785
vn -0.3036 0.8710 0.3862
vn 0.9796 -0.1457 -0.1385
vn 0.9879 0.0097 -0.1545
vn 0.9857 0.0549 -0.1590
vn 0.9497 -0.1543 -0.2724
vn 0.9811 -0.1388 -0.1350
vn 0.9028 -0.0406 0.4282
vn 0.9276 0.1071 0.3579
vn 0.9173 0.0646 0.3929
vn 0.9385 0.1877 0.2897
vn 0.9211 0.3356 0.1971
vn 0.9665 0.1734 -0.1893
vn 0.9823 0.0454 -0.1817
vn 0.8983 -0.0466 0.4369
vn 0.9589 0.1981 0.2031
vn 0.9255 0.3177 0.2061
vn 0.9584 0.1863 -0.2162
vn 0.9418 0.1578 -0.2969
vn 0.9776 0.1535 -0.1443
vn 0.9580 0.1824 -0.2213
vn 0.9863 0.0736 -0.1480
vn 0.9799 0.0032 -0.1994
vn 0.9469 -0.2587 -0.1911
vn 0.9116 -0.2889 -0.2926
vn 0.8720 -0.1504 -0.4658
vn 0.8104 -0.0848 -0.5797
vn 0.7615 -0.2691 -0.5897
vn -0.0000 -0.0000 1.0000
vn 0.1596 0.0899 0.9831
vn 0.0268 -0.0075 0.9996
vn 0.9380 -0.0347 0.3448
vn 0.9727 -0.0146 0.2315
vn 0.9850 -0.0956 0.1437
vn 0.9222 0.3610 0.1389
vn 0.9713 -0.1141 0.2086
vn 0.9234 -0.1424 0.3565
vn 0.8909 -0.2406 0.3854
vn 0.7167 -0.5150 -0.4703
vn 0.5565 -0.8111 0.1799
vn 0.5731 -0.7943 0.2015
vn 0.6212 -0.6602 -0.4221
vn 0.7728 -0.2857 -0.5667
vn 0.7887 -0.3681 0.4925
vn 0.8191 -0.2720 0.5051
vn 0.6961 -0.2254 0.6816
vn 0.0001 0.0003 1.0000
vn 0.1318 0.0560 0.9897
vn -0.0000 0.0002 1.0000
vn -0.0001 0.0003 1.0000
vn -0.0012 0.0009 1.0000
vn -0.1063 0.0961 0.9897
vn -0.0249 0.0074 0.9997
vn -0.7057 -0.2638 0.6576
vn -0.6702 -0.1050 0.7348
vn -0.6848 -0.1550 0.7121
vn 0.7028 -0.2712 0.6576
vn 0.6847 -0.1548 0.7122
vn 0.7136 -0.3756 0.5914
vn 0.6721 -0.1100 0.7323
vn 0.6740 -0.1296 0.7273
vn 0.6741 -0.1183 0.7291
vn 0.6965 -0.1360 0.7046
vn 0.6951 -0.1551 0.7020
vn 0.6649 -0.2146 0.7155
vn 0.7116 -0.3357 0.6172
vn 0.7151 -0.4262 0.5541
vn -0.6621 -0.1769 0.7282
vn -0.6884 -0.1911 0.6997
vn -0.7028 -0.2711 0.6577
vn -0.7136 -0.3755 0.5914
vn -0.8191 -0.2720 0.5051
vn -0.6695 -0.4817 0.5654
vn -0.7615 -0.4290 0.4859
vn -0.7124 -0.3312 0.6188
vn -0.8461 -0.3628 0.3906
vn -0.9197 -0.1203 0.3738
vn -0.9276 -0.1168 0.3548
vn -0.9096 -0.2806 0.3065
vn -0.7631 -0.5514 0.3369
vn -0.8018 -0.5287 0.2787
vn -0.6667 -0.6572 0.3516
vn -0.6995 -0.6451 0.3073
vn -0.5703 -0.7969 0.1994
vn -0.5565 -0.8112 0.1798
vn -0.7082 -0.5179 -0.4798
vn -0.6662 -0.6071 -0.4332
vn -0.7687 -0.2408 -0.5925
vn -0.7976 -0.2248 -0.5597
vn -0.8919 -0.1140 -0.4376
vn -0.8903 -0.2820 0.3575
vn -0.9234 -0.1423 0.3565
vn -0.9419 -0.0680 0.3290
vn -0.0106 0.0262 0.9996
vn -0.0931 0.1577 0.9831
vn -0.9728 -0.0144 0.2314
vn -0.9204 -0.1147 0.3738
vn -0.9447 -0.2838 0.1643
vn -0.9665 -0.0935 -0.2389
vn -0.9855 -0.0900 -0.1436
vn -0.8689 -0.1142 -0.4817
vn -0.9948 -0.0578 0.0834
vn -0.9589 0.1981 0.2031
vn -0.9385 0.1877 0.2897
vn -0.9211 0.3357 0.1970
vn -0.9270 0.3119 0.2082
vn -0.9222 0.3610 0.1388
vn -0.9757 0.0067 -0.2188
vn -0.9970 0.0538 -0.0562
vn -0.9572 0.1841 -0.2233
vn -0.9776 0.1535 -0.1442
vn -0.9569 0.1787 -0.2288
vn -0.9568 0.1921 -0.2184
vn -0.9544 0.1852 -0.2341
vn -0.9665 0.1734 -0.1893
vn -0.9878 0.0123 -0.1552
vn -0.9829 0.0694 -0.1706
vn -0.9243 0.0913 0.3706
vn -0.9173 0.0645 0.3929
vn -0.8907 0.0090 0.4546
vn -0.0250 -0.0106 0.9996
vn -0.0420 0.0155 0.9990
vn -0.0183 -0.0063 0.9998
vn -0.0085 -0.0027 1.0000
vn -0.0034 -0.0007 1.0000
vn -0.9651 -0.0527 0.2565
vn -0.9543 -0.1313 0.2684
vn -0.9402 -0.2686 0.2095
vn -0.9419 -0.0145 0.3355
vn -0.9359 -0.0772 0.3438
vn -0.9191 -0.0112 0.3938
vn -0.9164 -0.0468 0.3976
vn -0.9056 -0.0068 0.4242
vn -0.9045 -0.0257 0.4257
vn -0.8908 -0.3768 0.2541
vn -0.6482 -0.7178 0.2542
vn -0.9283 -0.2059 0.3096
vn -0.9156 -0.1479 0.3738
vn -0.9054 -0.0849 0.4161
vn -0.9025 -0.0398 0.4289
vn -0.9796 -0.1473 -0.1370
vn -0.9809 -0.1396 -0.1358
vn -0.9497 -0.1547 -0.2722
vn -0.9483 -0.1440 -0.2827
vn -0.9141 -0.1620 -0.3718
vn -0.9211 -0.1614 -0.3542
vn -0.9376 -0.2252 -0.2649
vn -0.9391 -0.2485 -0.2374
vn -0.9053 -0.4248 -0.0079
vn -0.9147 -0.4036 0.0190
vn -0.6777 -0.6814 0.2765
vn -0.7230 -0.6201 0.3046
vn -0.3996 -0.8278 0.3938
vn -0.4194 -0.8016 0.4261
vn -0.7669 -0.5968 0.2358
vn -0.4338 -0.8580 0.2750
vn -0.9829 -0.0306 0.1814
vn -0.9359 -0.2688 0.2275
vn -0.4467 -0.8470 0.2881
vn -0.2682 -0.9113 0.3123
vn -0.2329 -0.8778 0.4187
vn -0.2555 -0.8701 0.4215
vn 0.0170 -0.9169 0.3988
vn 0.6500 -0.7080 0.2760
vn 0.9158 -0.4015 -0.0057
vn 0.9155 -0.4016 0.0232
vn 0.6901 -0.6521 0.3137
vn 0.4031 -0.8273 0.3913
vn 0.4103 -0.8058 0.4270
vn 0.2403 -0.8806 0.4084
vn 0.2696 -0.8656 0.4220
vn 0.0066 -0.9152 0.4028
vn -0.2185 -0.9183 0.3302
vn -0.0067 -0.9387 0.3447
vn -0.4491 -0.7637 0.4637
vn -0.0290 -0.2203 0.9750
vn -0.1062 -0.1906 0.9759
vn -0.0196 -0.0287 0.9994
vn -0.0107 -0.0173 0.9998
vn 0.0066 -0.0341 0.9994
vn -0.1529 -0.9160 0.3709
vn -0.0000 -0.9360 0.3519
vn 0.2185 -0.9183 0.3302
vn 0.2546 -0.9154 0.3118
vn 0.4467 -0.8470 0.2881
vn 0.4426 -0.8538 0.2741
vn 0.7670 -0.5968 0.2356
vn 0.6817 -0.6888 0.2469
vn 0.9402 -0.2686 0.2097
vn 0.8909 -0.3793 0.2500
vn 0.0110 -0.9257 0.3781
vn 0.1668 -0.9122 0.3742
vn 0.3328 -0.8524 0.4034
vn 0.8739 -0.3516 0.3356
vn 0.9723 -0.0766 0.2209
vn 0.1483 -0.1655 0.9750
vn 0.0922 -0.0484 0.9946
vn 0.2014 -0.0842 0.9759
vn 0.0442 -0.0072 0.9990
vn 0.9654 -0.0299 0.2592
vn 0.9543 -0.1316 0.2684
vn 0.9222 -0.2391 0.3041
vn 0.9358 -0.0774 0.3440
vn 0.9196 -0.1419 0.3663
vn 0.9164 -0.0468 0.3976
vn 0.9069 -0.0839 0.4129
vn 0.9044 -0.0258 0.4259
vn 0.9058 -0.0059 0.4237
vn 0.8968 -0.0266 0.4416
vn 0.0028 -0.0017 1.0000
vn 0.0106 0.0250 0.9996
vn 0.9420 -0.0145 0.3354
vn 0.9491 -0.1452 -0.2796
vn 0.9145 -0.1612 -0.3710
vn 0.9227 -0.1684 -0.3469
vn 0.9379 -0.2245 -0.2644
vn 0.9485 -0.2163 -0.2317
vn 0.0028 0.0090 1.0000
vn 0.9212 -0.0229 0.3885
vn 0.0182 -0.0062 0.9998
vn -0.0500 -0.0913 0.9946
vn -0.0432 0.5844 -0.8103
vn 0.0485 0.5797 -0.8134
vn 0.0273 0.5799 -0.8142
vn 0.0308 0.5786 -0.8150
vn 0.0502 0.1649 -0.9850
vn 0.0587 0.2563 -0.9648
vn 0.0375 0.1727 -0.9843
vn 0.0375 0.1660 -0.9854
vn 0.0497 0.1479 -0.9878
vn 0.0371 0.1489 -0.9882
vn 0.0491 0.1330 -0.9899
vn 0.0366 0.1340 -0.9903
vn 0.0478 0.1316 -0.9901
vn 0.0359 0.1321 -0.9906
vn 0.0474 0.1367 -0.9895
vn 0.0351 0.1376 -0.9899
vn 0.0465 0.1436 -0.9885
vn 0.0346 0.1441 -0.9890
vn 0.0448 0.1464 -0.9882
vn 0.0332 0.1482 -0.9884
vn 0.0355 0.1460 -0.9887
vn 0.0268 0.1494 -0.9884
vn 0.0174 0.1437 -0.9895
vn 0.0537 0.0782 -0.9955
vn 0.0312 0.0785 -0.9964
vn -0.0000 0.5801 -0.8146
vn 0.0014 0.5771 -0.8167
vn -0.0013 0.1740 -0.9847
vn -0.0000 0.1667 -0.9860
vn -0.0000 0.1496 -0.9887
vn -0.0000 0.1348 -0.9909
vn -0.0000 0.1328 -0.9911
vn -0.0000 0.1382 -0.9904
vn -0.0000 0.1444 -0.9895
vn -0.0000 0.1500 -0.9887
vn -0.0000 0.1542 -0.9880
vn 0.0136 0.1510 -0.9884
vn 0.0635 0.1739 -0.9827
vn 0.0172 0.1781 -0.9839
vn -0.0000 0.1581 -0.9874
vn -0.0000 0.1556 -0.9878
vn -0.0874 -0.4199 -0.9033
vn -0.1853 -0.4138 -0.8913
vn -0.2029 -0.1959 -0.9594
vn -0.1117 -0.2019 -0.9730
vn -0.0054 -0.5223 -0.8527
vn -0.0552 -0.4915 -0.8691
vn -0.1521 -0.4686 -0.8702
vn -0.2693 -0.4355 -0.8590
vn -0.2585 -0.5263 -0.8101
vn -0.2815 -0.2079 -0.9368
vn -0.2810 0.0402 -0.9589
vn -0.2076 0.0436 -0.9772
vn -0.1223 0.0415 -0.9916
vn -0.1935 0.3295 -0.9241
vn -0.1146 0.3385 -0.9340
vn -0.0874 0.6086 -0.7886
vn -0.1564 0.5916 -0.7909
vn -0.2619 0.3244 -0.9089
vn -0.2206 0.5848 -0.7806
vn -0.3430 0.3270 -0.8806
vn -0.2921 0.5893 -0.7533
vn -0.4299 0.3335 -0.8390
vn -0.3648 0.5998 -0.7121
vn -0.5146 0.3418 -0.7864
vn -0.4335 0.6122 -0.6612
vn -0.2589 0.6765 -0.6894
vn -0.1995 0.6692 -0.7158
vn -0.1253 0.6718 -0.7300
vn -0.0707 0.6947 -0.7158
vn -0.0053 0.7078 -0.7063
vn -0.0000 0.6185 -0.7858
vn -0.0000 0.3446 -0.9388
vn -0.0000 0.0387 -0.9993
vn -0.0000 -0.2095 -0.9778
vn -0.0000 -0.4325 -0.9016
vn -0.6045 0.7822 -0.1506
vn -0.6966 0.6983 -0.1648
vn -0.7042 0.7033 -0.0977
vn -0.6021 0.7736 -0.1976
vn -0.6839 0.6913 -0.2333
vn -0.5888 0.7645 -0.2624
vn -0.6658 0.6808 -0.3054
vn -0.5684 0.7534 -0.3307
vn -0.6383 0.6691 -0.3806
vn -0.5383 0.7408 -0.4018
vn -0.6013 0.6554 -0.4571
vn -0.4983 0.7268 -0.4727
vn -0.5535 0.6408 -0.5320
vn -0.4499 0.7126 -0.5384
vn -0.4970 0.6257 -0.6012
vn -0.3946 0.6991 -0.5963
vn -0.3332 0.6866 -0.6462
vn -0.5959 0.3497 -0.7229
vn -0.6707 0.3589 -0.6491
vn -0.7370 0.3684 -0.5667
vn -0.7917 0.3792 -0.4790
vn -0.8350 0.3889 -0.3892
vn -0.8674 0.3967 -0.3005
vn -0.8898 0.4036 -0.2131
vn -0.9044 0.4079 -0.1255
vn -0.9117 0.4084 -0.0441
vn -0.7079 0.7054 -0.0357
vn -0.9907 0.0205 -0.1348
vn -0.9990 0.0137 -0.0418
vn -0.9992 0.0032 0.0404
vn -0.9128 0.4075 0.0277
vn -0.9369 -0.3288 -0.1189
vn -0.9381 -0.3457 -0.0223
vn -0.9279 -0.3684 0.0583
vn -0.7065 0.7074 0.0203
vn -0.6993 0.7122 0.0612
vn -0.9106 0.4060 0.0775
vn -0.9954 -0.0088 0.0952
vn -0.9129 -0.3931 0.1100
vn -0.7327 -0.6680 0.1298
vn -0.7644 -0.6399 0.0792
vn -0.7864 -0.6178 0.0055
vn -0.7935 -0.6022 -0.0882
vn -0.9206 -0.3218 -0.2212
vn -0.7812 -0.5957 -0.1867
vn -0.8934 -0.3205 -0.3149
vn -0.7580 -0.5939 -0.2698
vn -0.6391 -0.7496 0.1722
vn -0.7147 -0.6836 0.1477
vn -0.9053 -0.4065 0.1229
vn -0.9938 -0.0151 0.1099
vn -0.9094 0.4055 0.0922
vn -0.6948 0.7150 0.0770
vn -0.6152 0.7878 -0.0304
vn -0.6193 0.7818 0.0724
vn -0.6158 0.7875 0.0271
vn -0.6185 0.7853 -0.0286
vn -0.6150 0.7844 -0.0807
vn -0.5699 -0.6484 -0.5049
vn -0.5965 -0.6693 -0.4429
vn -0.6509 -0.5745 -0.4964
vn -0.6915 -0.5851 -0.4237
vn -0.6241 -0.6773 -0.3894
vn -0.7284 -0.5911 -0.3464
vn -0.6629 -0.6821 -0.3086
vn -0.6866 -0.6835 -0.2480
vn -0.7113 -0.6826 -0.1678
vn -0.7289 -0.6827 -0.0524
vn -0.7199 -0.6923 0.0491
vn -0.6943 -0.7075 0.1323
vn -0.6546 -0.7155 0.2440
vn -0.8573 -0.3176 -0.4051
vn -0.8102 -0.3141 -0.4950
vn -0.7540 -0.3065 -0.5810
vn -0.6097 -0.5545 -0.5664
vn -0.6926 -0.2908 -0.6601
vn -0.5620 -0.5239 -0.6401
vn -0.6216 -0.2688 -0.7358
vn -0.4919 -0.4951 -0.7162
vn -0.5378 -0.2482 -0.8057
vn -0.4106 -0.4759 -0.7777
vn -0.4477 -0.2359 -0.8625
vn -0.3371 -0.4605 -0.8212
vn -0.3624 -0.2254 -0.9044
vn -0.4572 0.0330 -0.8887
vn -0.3657 0.0345 -0.9301
vn -0.3299 -0.5555 -0.7633
vn -0.3925 -0.5688 -0.7228
vn -0.4686 -0.5881 -0.6592
vn -0.5337 -0.6214 -0.5736
vn -0.5492 0.0303 -0.8352
vn -0.6378 0.0273 -0.7697
vn -0.7194 0.0209 -0.6943
vn -0.7920 0.0173 -0.6103
vn -0.8541 0.0171 -0.5198
vn -0.9050 0.0184 -0.4249
vn -0.9439 0.0203 -0.3297
vn -0.9721 0.0223 -0.2336
vn 0.0116 -0.0038 0.9999
vn 0.0115 -0.0033 0.9999
vn 0.0078 0.0029 1.0000
vn 0.0062 0.0065 1.0000
vn 0.0124 -0.0053 0.9999
vn 0.0051 0.0101 0.9999
vn -0.0099 0.0237 0.9997
vn -0.0152 0.0346 0.9993
vn -0.0354 0.0281 0.9990
vn -0.0437 0.0416 0.9982
vn -0.0551 0.0175 0.9983
vn -0.0624 0.0263 0.9977
vn -0.0597 0.0046 0.9982
vn -0.0623 0.0070 0.9980
vn -0.0586 0.0001 0.9983
vn -0.0585 0.0001 0.9983
vn -0.0595 0.0003 0.9982
vn -0.0055 0.0132 0.9999
vn -0.0274 0.0149 0.9995
vn -0.0480 0.0086 0.9988
vn -0.0583 0.0001 0.9983
vn 0.2826 0.0196 0.9590
vn 0.2825 0.0194 0.9591
vn 0.3333 -0.0034 0.9428
vn 0.2293 0.0211 0.9731
vn 0.2292 0.0211 0.9731
vn 0.2636 -0.0082 0.9646
vn 0.2857 -0.0066 0.9583
vn 0.2856 -0.0066 0.9583
vn 0.2696 0.0043 0.9630
vn 0.2695 0.0042 0.9630
vn 0.2374 -0.0106 0.9714
vn 0.2372 -0.0098 0.9714
vn 0.2710 -0.0151 0.9625
vn 0.2711 -0.0151 0.9624
vn -0.7212 -0.0733 0.6888
vn -0.7213 -0.0734 0.6887
vn -0.7213 -0.0733 0.6888
vn -0.7213 -0.0731 0.6888
vn -0.7211 -0.0734 0.6890
vn -0.7213 -0.0734 0.6888
vn -0.7214 -0.0733 0.6886
vn -0.7213 -0.0732 0.6888
vn -0.7211 -0.0721 0.6891
vn -0.7211 -0.0735 0.6889
vn -0.7213 -0.0735 0.6887
vn -0.7215 -0.0734 0.6885
vn -0.7212 -0.0732 0.6888
vn -0.7212 -0.0734 0.6888
vn -0.7213 -0.0732 0.6887
vn 0.5118 -0.8082 0.2913
vn 0.5118 -0.8082 0.2914
vn 0.6256 -0.7237 0.2914
vn 0.6256 -0.7237 0.2913
vn 0.8611 -0.4048 0.3075
vn 0.8611 -0.4049 0.3074
vn 0.9502 0.0243 0.3108
vn 0.9501 0.0244 0.3109
vn 0.8495 0.4323 0.3024
vn 0.8495 0.4323 0.3023
vn 0.6205 0.7214 0.3076
vn 0.6205 0.7214 0.3075
vn 0.5106 0.7960 0.3252
vn 0.5106 0.7959 0.3254
vn -0.6278 0.7391 0.2441
vn -0.5291 0.8203 0.2171
vn -0.5291 0.8203 0.2172
vn -0.8425 0.4404 0.3103
vn -0.8424 0.4405 0.3103
vn -0.9388 0.0235 0.3436
vn -0.9388 0.0244 0.3435
vn -0.8545 -0.4140 0.3139
vn -0.8545 -0.4139 0.3138
vn -0.6321 -0.7395 0.2313
vn -0.6320 -0.7396 0.2313
vn -0.5275 -0.8274 0.1928
vn -0.5274 -0.8279 0.1908
vn -0.6751 -0.1073 0.7298
vn -0.6670 -0.1283 0.7340
vn -0.6739 -0.1186 0.7292
vn -0.6739 -0.1292 0.7274
vn -0.0034 0.0013 1.0000
vn -0.0073 -0.0041 1.0000
vn -0.0050 0.0011 1.0000
vn -0.0129 0.0024 0.9999
vn -0.0055 0.0008 1.0000
vn -0.0111 0.0110 0.9999
vn -0.6679 -0.1454 0.7299
vn -0.6811 -0.1028 0.7249
vn -0.7058 -0.1105 0.6997
vn -0.6858 -0.0976 0.7212
vn -0.6968 -0.0928 0.7112
vn -0.6873 -0.1261 0.7153
vn -0.0124 -0.0008 0.9999
vn -0.0055 -0.0003 1.0000
vn -0.0000 0.0007 1.0000
vn -0.0000 0.0009 1.0000
vn 0.0055 0.0008 1.0000
vn 0.0050 0.0011 1.0000
vn 0.0076 -0.0052 1.0000
vn 0.0113 -0.0014 0.9999
vn 0.6711 -0.1205 0.7315
vn -0.0045 -0.0020 1.0000
vn 0.6811 -0.1028 0.7249
vn 0.6630 -0.1410 0.7352
vn 0.0179 0.0062 0.9998
vn 0.0055 -0.0003 1.0000
vn 0.0068 -0.0102 0.9999
vn 0.6918 -0.1165 0.7127
vn 0.6970 -0.0929 0.7111
vn 0.6940 -0.0820 0.7153
vn 0.0034 -0.0017 1.0000
vn 0.0072 -0.0249 0.9997
vn 0.7194 -0.0820 0.6898
vn 0.7190 -0.1237 0.6839
vn 0.7025 -0.0627 0.7089
vn 0.9297 -0.0445 0.3657
vn 0.9134 -0.1370 0.3833
vn 0.9223 -0.1563 0.3535
vn 0.8601 -0.3311 0.3880
vn 0.8643 -0.3819 0.3273
vn 0.7300 -0.5753 0.3690
vn 0.7381 -0.5917 0.3242
vn 0.6935 -0.6359 0.3387
vn 0.6630 -0.6751 0.3236
vn 0.9300 -0.0494 0.3642
vn 0.9248 0.2048 0.3208
vn 0.8904 0.1981 0.4098
vn 0.7790 -0.0283 0.6264
vn -0.0000 -0.0011 1.0000
vn 0.0010 -0.0017 1.0000
vn 0.0064 -0.0211 0.9998
vn 0.7263 -0.1046 0.6794
vn 0.7381 -0.0480 0.6730
vn 0.7194 0.1227 0.6836
vn 0.7551 0.5245 0.3935
vn 0.8247 0.4819 0.2961
vn 0.5438 0.6977 0.4664
vn 0.5672 0.7310 0.3794
vn 0.5248 0.7895 0.3182
vn 0.4662 0.8368 0.2870
vn 0.1532 0.9747 0.1626
vn 0.0265 0.9991 0.0342
vn 0.6614 -0.0392 0.7490
vn 0.7231 0.0353 0.6898
vn 0.7068 0.5110 0.4892
vn -0.0011 -0.0009 1.0000
vn 0.0003 -0.0011 1.0000
vn -0.0000 -0.0019 1.0000
vn 0.0743 0.1085 0.9913
vn 0.0390 0.0126 0.9992
vn 0.0082 -0.0002 1.0000
vn 0.0104 0.9467 0.3221
vn 0.0925 0.9386 0.3325
vn -0.0028 0.9323 0.3618
vn -0.0082 0.9305 0.3662
vn -0.0296 0.9387 0.3435
vn -0.0197 0.0356 0.9992
vn -0.0003 -0.0011 1.0000
vn -0.0010 -0.0017 1.0000
vn -0.0072 -0.0250 0.9997
vn -0.7190 -0.1236 0.6840
vn -0.7194 -0.0819 0.6898
vn -0.7034 -0.0632 0.7080
vn -0.9293 -0.0441 0.3668
vn -0.7790 -0.0284 0.6264
vn -0.8905 0.1982 0.4097
vn -0.9248 0.2048 0.3207
vn -0.9300 -0.0493 0.3641
vn -0.5225 0.7819 0.3399
vn -0.4221 0.8485 0.3192
vn -0.5634 0.7338 0.3796
vn -0.6171 0.6855 0.3864
vn -0.8146 0.4975 0.2983
vn -0.7568 0.5276 0.3858
vn -0.7380 -0.0477 0.6731
vn -0.7152 0.1212 0.6884
vn -0.7171 -0.1350 0.6838
vn -0.0175 0.0088 0.9998
vn -0.0214 0.1294 0.9914
vn -0.0265 0.9991 0.0342
vn -0.1835 0.9798 0.0801
vn -0.0407 0.9411 0.3357
vn -0.7352 0.0489 0.6760
vn -0.6360 0.5233 0.5672
vn -0.6429 -0.0998 0.7594
vn 0.4431 0.8342 0.3283
vn 0.4888 0.8724 -0.0016
vn 0.4429 0.8342 0.3285
vn 0.7896 0.6133 -0.0211
vn 0.0260 -0.9308 -0.3646
vn -0.0420 -0.9373 -0.3460
vn -0.0857 -0.9457 -0.3134
vn -0.0857 -0.9457 -0.3135
vn 0.0261 -0.9308 -0.3646
vn -0.6161 0.1652 0.7702
vn -0.6130 0.1892 0.7671
vn -0.6055 0.1465 0.7823
vn -0.6442 0.2091 0.7357
vn -0.4627 0.3908 0.7957
vn -0.5085 0.2887 0.8112
vn -0.5551 0.0947 0.8264
vn -0.5631 0.0849 0.8220
vn -0.5852 -0.0094 0.8108
vn -0.5903 0.0048 0.8072
vn -0.5975 -0.0058 0.8018
vn -0.5963 0.0483 0.8013
vn -0.6022 0.0483 0.7969
vn -0.5985 0.0843 0.7967
vn -0.5997 0.0926 0.7948
vn -0.6024 0.1080 0.7908
vn -0.6049 0.1233 0.7867
vn -0.6023 0.1370 0.7864
vn -0.5716 0.1906 0.7981
vn -0.5855 0.0882 0.8059
vn -0.5470 0.1855 0.8163
vn -0.6313 0.2224 0.7430
vn -0.6557 0.2268 0.7202
vn -0.6857 0.2148 0.6955
vn -0.6835 0.2623 0.6812
vn -0.5097 0.2558 0.8214
vn -0.4870 0.3079 0.8173
vn -0.3744 0.1632 0.9128
vn -0.3407 0.1804 0.9227
vn -0.4287 0.1091 0.8968
vn -0.4130 0.1069 0.9044
vn -0.5354 0.0851 0.8403
vn -0.5235 0.0929 0.8469
vn -0.6136 0.0830 0.7853
vn -0.6245 0.0662 0.7783
vn -0.6893 0.0713 0.7210
vn -0.6989 0.0495 0.7135
vn -0.7517 0.0631 0.6565
vn -0.7257 0.2035 0.6572
vn -0.7357 0.2213 0.6402
vn -0.8316 0.1055 0.5453
vn -0.4150 0.1449 0.8982
vn -0.4262 0.1527 0.8916
vn -0.3932 0.1491 0.9073
vn -0.5260 0.1976 0.8272
vn -0.4096 0.1552 0.8990
vn -0.5658 0.2136 0.7964
vn -0.3498 0.1338 0.9272
vn -0.4681 0.1105 0.8768
vn -0.5688 0.0608 0.8202
vn -0.6518 0.0180 0.7582
vn -0.3200 0.2720 0.9075
vn -0.6229 0.0372 0.7814
vn -0.5140 0.1164 0.8499
vn -0.8989 -0.0584 0.4343
vn -0.8918 -0.0505 0.4497
vn -0.8421 -0.0833 0.5329
vn -0.8603 -0.0785 0.5037
vn -0.8067 -0.1084 0.5809
vn -0.8216 -0.0938 0.5623
vn -0.7840 -0.1252 0.6080
vn -0.7893 -0.1013 0.6056
vn -0.7810 -0.1174 0.6134
vn -0.7685 -0.0956 0.6327
vn -0.7632 -0.0900 0.6399
vn -0.7403 -0.0713 0.6685
vn -0.7199 -0.0389 0.6930
vn -0.6873 -0.0288 0.7258
vn -0.6810 0.0248 0.7318
vn -0.9174 -0.0269 0.3972
vn -0.9288 -0.0339 0.3691
vn -0.9434 -0.0117 0.3316
vn -0.9353 -0.0143 0.3536
vn -0.9053 -0.0224 0.4243
vn -0.8689 -0.0271 0.4942
vn -0.8302 -0.0294 0.5567
vn -0.7947 -0.0307 0.6062
vn -0.7624 -0.0278 0.6465
vn -0.7187 -0.0119 0.6952
vn -0.7553 0.0405 0.6541
vn -0.7949 0.0386 0.6055
vn -0.8286 0.0330 0.5589
vn -0.8654 0.0176 0.5008
vn -0.9010 0.0042 0.4337
vn -0.9319 -0.0063 0.3627
vn -0.9461 -0.0130 0.3236
vn -0.9454 -0.0018 0.3259
vn -0.7937 0.0605 0.6053
vn -0.8258 0.0512 0.5616
vn -0.8607 0.0292 0.5082
vn -0.9029 -0.0103 0.4297
vn -0.9286 -0.0258 0.3702
vn -0.9550 -0.0853 0.2840
vn -0.9195 -0.0471 0.3904
vn -0.9102 -0.0415 0.4121
vn -0.8926 -0.0341 0.4496
vn -0.9411 -0.0207 0.3376
vn -0.9650 0.1351 0.2247
vn -0.9380 0.0076 0.3465
vn -0.9391 0.1392 0.3143
vn -0.8334 0.3855 0.3959
vn -0.7427 0.6144 0.2662
vn -0.7438 0.6460 0.1716
vn -0.7498 -0.0257 0.6612
vn -0.7520 -0.0268 0.6586
vn -0.6871 -0.0127 0.7265
vn -0.7964 -0.0381 0.6036
vn -0.7947 -0.0360 0.6059
vn -0.7470 -0.0187 0.6646
vn -0.7919 -0.0277 0.6100
vn -0.7445 0.0316 0.6669
vn -0.7904 0.0280 0.6120
vn -0.7345 0.3694 0.5692
vn -0.7669 0.3692 0.5250
vn -0.8244 0.0272 0.5653
vn -0.7920 0.3859 0.4730
vn -0.8587 0.0255 0.5119
vn -0.8977 0.0060 0.4405
vn -0.9283 -0.0335 0.3703
vn -0.9298 -0.0630 0.3626
vn -0.6922 0.3678 0.6210
vn -0.8300 -0.0345 0.5567
vn -0.8951 -0.0404 0.4440
vn -0.8637 -0.0314 0.5030
vn -0.8625 -0.0313 0.5050
vn -0.8279 -0.0329 0.5599
vn -0.8259 -0.0265 0.5631
vn -0.8600 -0.0297 0.5093
vn -0.8967 -0.0506 0.4397
vn 0.5899 0.2545 0.7664
vn 0.6223 0.0414 0.7817
vn 0.6739 0.0242 0.7384
vn 0.6341 -0.0515 0.7715
vn 0.6847 -0.0769 0.7247
vn 0.7344 0.0158 0.6785
vn 0.7402 -0.0959 0.6656
vn 0.7795 0.0143 0.6263
vn 0.7851 -0.1076 0.6099
vn 0.7816 0.2056 0.5889
vn 0.7519 0.2041 0.6269
vn 0.8129 0.0097 0.5824
vn 0.8184 -0.1171 0.5626
vn 0.9367 0.2494 0.2459
vn 0.9013 0.2548 0.3504
vn 0.9383 0.0414 0.3434
vn 0.9050 0.0372 0.4237
vn 0.9056 -0.1157 0.4080
vn 0.8738 -0.1184 0.4716
vn 0.7959 -0.4500 0.4051
vn 0.7775 -0.4328 0.4564
vn 0.8439 -0.1225 0.5224
vn 0.7662 -0.4040 0.4997
vn 0.7510 -0.3740 0.5442
vn 0.7187 -0.3530 0.5991
vn 0.6626 -0.3590 0.6573
vn 0.6094 -0.3907 0.6899
vn 0.5918 -0.4102 0.6939
vn 0.3566 0.8585 0.3685
vn 0.4004 0.8400 0.3661
vn 0.3638 0.8586 0.3611
vn 0.4490 0.7915 0.4146
vn 0.4888 0.7740 0.4026
vn 0.6454 0.5524 0.5275
vn 0.6771 0.5459 0.4934
vn 0.8109 0.2178 0.5432
vn 0.8428 0.0136 0.5381
vn 0.8739 0.0262 0.4853
vn 0.8675 0.2515 0.4291
vn 0.7806 0.5293 0.3324
vn 0.8207 0.5182 0.2406
vn 0.8390 0.2367 0.4900
vn 0.7419 0.5383 0.3998
vn 0.6261 0.7206 0.2978
vn 0.6696 0.7087 0.2220
vn 0.5938 0.7757 0.2139
vn 0.6224 0.7702 0.1393
vn 0.5932 0.7927 0.1406
vn 0.6112 0.7871 0.0833
vn 0.6017 0.7936 0.0899
vn 0.6174 0.7859 0.0347
vn 0.6974 0.7024 0.1421
vn 0.6371 0.7667 0.0795
vn 0.6235 0.7813 0.0282
vn 0.6246 0.7803 -0.0303
vn 0.5818 0.8018 0.1366
vn 0.5593 0.8009 0.2139
vn 0.5478 0.7865 0.2852
vn 0.5796 0.7362 0.3494
vn 0.7084 0.5432 0.4507
vn 0.5108 0.8114 0.2841
vn 0.4587 0.8263 0.3269
vn 0.4966 0.8031 0.3294
vn 0.5325 0.7555 0.3816
vn 0.4471 0.8214 0.3542
vn 0.4103 0.8418 0.3508
vn 0.5459 0.8051 0.2318
vn 0.5035 0.8168 0.2816
vn 0.4450 0.8306 0.3348
vn 0.4011 0.8462 0.3507
vn 0.3594 0.8607 0.3606
vn 0.3116 0.8822 0.3530
vn 0.6194 -0.0387 0.7841
vn 0.6071 0.0505 0.7930
vn 0.5676 0.2794 0.7744
vn 0.3797 0.7481 0.5441
vn 0.4472 0.6482 0.6163
vn 0.2767 0.8645 0.4196
vn 0.3182 0.8457 0.4284
vn 0.2375 0.9037 0.3562
vn 0.2766 0.8918 0.3579
vn 0.2369 0.9111 0.3372
vn 0.2745 0.8960 0.3491
vn 0.2482 0.9042 0.3476
vn 0.3170 0.8773 0.3604
vn 0.6134 0.5639 0.5530
vn 0.4115 0.8091 0.4195
vn 0.3160 0.8767 0.3628
vn 0.3697 0.8264 0.4247
vn 0.5104 0.6041 0.6120
vn 0.6464 0.2224 0.7298
vn 0.7094 0.2102 0.6728
vn 0.5705 0.5804 0.5811
vn 0.0160 0.0199 0.9997
vn 0.0034 0.0013 1.0000
vn 0.0012 0.0009 1.0000
vn -0.0000 0.0006 1.0000
vn -0.0000 0.0010 1.0000
vn 0.6758 -0.1171 0.7277
vn -0.1659 0.7179 -0.6761
vn -0.1518 0.6987 -0.6991
vn -0.1467 0.7164 -0.6821
vn -0.1636 0.7192 -0.6753
vn -0.1438 0.7192 -0.6797
vn -0.1613 0.7222 -0.6726
vn -0.1521 0.6659 -0.7304
vn -0.1705 0.6682 -0.7242
vn -0.1797 0.4536 -0.8729
vn -0.2029 0.4576 -0.8657
vn -0.1949 0.1986 -0.9605
vn -0.2211 0.2049 -0.9535
vn -0.2210 0.1012 -0.9700
vn -0.2239 0.1185 -0.9674
vn -0.1944 -0.5148 -0.8350
vn -0.1738 -0.4533 -0.8742
vn -0.1770 -0.4731 -0.8630
vn -0.1939 -0.4374 -0.8781
vn -0.2060 -0.0072 -0.9785
vn -0.2031 -0.0392 -0.9784
vn -0.3675 -0.6349 -0.6796
vn -0.2752 -0.5887 -0.7600
vn -0.3121 0.1302 -0.9411
vn -0.3139 0.2123 -0.9254
vn -0.2847 0.4656 -0.8379
vn -0.2384 0.6741 -0.6991
vn -0.2220 0.7297 -0.6467
vn -0.2253 0.7273 -0.6483
vn -0.3059 0.7356 -0.6044
vn -0.3083 0.7342 -0.6048
vn -0.3766 0.7387 -0.5590
vn -0.3785 0.7387 -0.5577
vn -0.4088 0.6809 -0.6076
vn -0.4434 0.1255 -0.8875
vn -0.5554 0.1148 -0.8236
vn -0.5514 0.2035 -0.8090
vn -0.4434 0.2116 -0.8710
vn -0.4969 0.4635 -0.7336
vn -0.3998 0.4674 -0.7885
vn -0.3306 0.6797 -0.6547
vn -0.5773 0.4565 -0.6770
vn -0.4732 0.6811 -0.5588
vn -0.4338 0.7416 -0.5118
vn -0.4342 0.7434 -0.5088
vn -0.4329 0.7414 -0.5127
vn -0.3858 0.7379 -0.5538
vn -0.3168 0.7304 -0.6051
vn -0.2333 0.7235 -0.6498
vn -0.4866 0.7480 -0.4513
vn -0.4875 0.7446 -0.4559
vn -0.5349 0.6801 -0.5013
vn -0.6533 0.4495 -0.6092
vn -0.7231 0.4405 -0.5321
vn -0.7831 0.4309 -0.4484
vn -0.8298 0.4257 -0.3609
vn -0.8590 0.4333 -0.2728
vn -0.5338 0.7525 -0.3856
vn -0.5361 0.7476 -0.3920
vn -0.5916 0.6785 -0.4355
vn -0.6399 0.6775 -0.3626
vn -0.6760 0.6795 -0.2851
vn -0.7000 0.6835 -0.2069
vn -0.5719 0.7586 -0.3123
vn -0.5761 0.7518 -0.3209
vn -0.6043 0.7576 -0.2468
vn -0.6234 0.7620 -0.1752
vn -0.5978 0.7658 -0.2372
vn -0.6128 0.7724 -0.1670
vn -0.6144 0.7733 -0.1566
vn -0.6003 0.7663 -0.2291
vn -0.5745 0.7589 -0.3067
vn -0.5379 0.7527 -0.3796
vn -0.4925 0.7473 -0.4461
vn -0.9546 -0.0071 0.2978
vn -0.9613 -0.0449 0.2720
vn -0.9630 -0.0159 0.2691
vn -0.9574 -0.0121 0.2885
vn -0.9877 0.1226 0.0968
vn -0.9645 0.0197 0.2632
vn -0.9846 -0.0157 0.1741
vn -0.9979 -0.0179 0.0617
vn -0.9980 -0.0022 0.0636
vn -0.9971 -0.0213 -0.0732
vn -0.9972 -0.0073 -0.0749
vn -0.9769 -0.0238 -0.2125
vn -0.9766 -0.0125 -0.2148
vn -0.9470 -0.0250 -0.3203
vn -0.9463 -0.0160 -0.3229
vn -0.9098 -0.0266 -0.4141
vn -0.9081 -0.0161 -0.4185
vn -0.8606 -0.0285 -0.5085
vn -0.8577 -0.0172 -0.5138
vn -0.8052 -0.0307 -0.5922
vn -0.8021 -0.0212 -0.5968
vn -0.7519 -0.0329 -0.6585
vn -0.7491 -0.0246 -0.6620
vn -0.7483 -0.0400 -0.6621
vn -0.8009 -0.0310 -0.5980
vn -0.8634 -0.0285 -0.5038
vn -0.9078 -0.0267 -0.4186
vn -0.9479 -0.0267 -0.3173
vn -0.9778 -0.0244 -0.2083
vn -0.9965 -0.0221 -0.0804
vn -0.9983 -0.0202 0.0545
vn -0.9868 -0.0109 0.1615
vn -0.6836 -0.0354 -0.7290
vn -0.6807 -0.0239 -0.7322
vn -0.5821 -0.0381 -0.8122
vn -0.5778 -0.0252 -0.8158
vn -0.4763 -0.0371 -0.8785
vn -0.4744 -0.0314 -0.8797
vn -0.4075 -0.0223 -0.9130
vn -0.0701 0.1368 -0.9881
vn 0.0053 0.1357 -0.9907
vn -0.0000 0.1495 -0.9888
vn -0.0465 0.1730 -0.9838
vn -0.0172 0.1780 -0.9839
vn -0.1971 0.1527 -0.9684
vn -0.0635 0.1739 -0.9827
vn -0.3368 0.0538 -0.9400
vn -0.3997 0.0310 -0.9161
vn -0.3996 -0.0169 -0.9165
vn -0.4707 -0.0387 -0.8814
vn -0.5777 -0.0379 -0.8154
vn -0.6773 -0.0363 -0.7348
vn -0.3885 -0.0215 -0.9212
vn -0.3210 0.0385 -0.9463
vn -0.2103 0.0970 -0.9728
vn -0.0273 0.5799 -0.8142
vn -0.0306 0.5792 -0.8146
vn -0.0482 0.5797 -0.8134
vn -0.0863 0.5761 -0.8128
vn -0.1007 0.5742 -0.8125
vn 0.0431 0.5843 -0.8104
vn -0.0377 0.1720 -0.9844
vn -0.0587 0.2564 -0.9648
vn -0.0503 0.1650 -0.9850
vn -0.0375 0.1661 -0.9854
vn -0.0497 0.1479 -0.9878
vn -0.0371 0.1489 -0.9882
vn -0.0491 0.1330 -0.9899
vn -0.0366 0.1340 -0.9903
vn -0.0268 0.1494 -0.9884
vn -0.0132 0.1513 -0.9884
vn -0.0332 0.1482 -0.9884
vn -0.0346 0.1441 -0.9890
vn -0.0352 0.1376 -0.9899
vn -0.0359 0.1321 -0.9906
vn -0.0476 0.1319 -0.9901
vn -0.0474 0.1367 -0.9895
vn -0.0465 0.1436 -0.9885
vn -0.0445 0.1467 -0.9882
vn -0.0355 0.1460 -0.9886
vn -0.0175 0.1436 -0.9895
vn 0.2447 0.9631 -0.1118
vn 0.2276 0.9644 -0.1350
vn -0.0000 1.0000 -0.0000
vn 0.2079 0.9654 -0.1573
vn 0.1871 0.9660 -0.1783
vn 0.1654 0.9661 -0.1984
vn 0.1439 0.9655 -0.2171
vn -0.0000 1.0000 -0.0001
vn 0.1218 0.9644 -0.2349
vn 0.0988 0.9628 -0.2516
vn 0.0751 0.9609 -0.2664
vn 0.0503 0.9592 -0.2783
vn 0.0248 0.9580 -0.2855
vn 0.2258 0.5569 -0.7993
vn 0.1486 0.5501 -0.8218
vn 0.0727 0.5461 -0.8346
vn -0.0000 0.5448 -0.8386
vn -0.0000 0.9577 -0.2877
vn -0.0248 0.9581 -0.2854
vn -0.0728 0.5461 -0.8345
vn -0.0502 0.9592 -0.2783
vn -0.1486 0.5503 -0.8216
vn -0.2258 0.5568 -0.7993
vn -0.0751 0.9609 -0.2666
vn -0.3027 0.5642 -0.7681
vn -0.0988 0.9628 -0.2515
vn -0.3786 0.5707 -0.7286
vn -0.1217 0.9644 -0.2346
vn -0.4524 0.5747 -0.6820
vn -0.1440 0.9655 -0.2171
vn -0.5236 0.5764 -0.6273
vn -0.1654 0.9661 -0.1984
vn -0.1870 0.9660 -0.1784
vn -0.2078 0.9655 -0.1571
vn -0.2274 0.9644 -0.1351
vn -0.2447 0.9631 -0.1117
vn -0.2580 0.9622 -0.0878
vn -0.5915 0.5754 -0.5648
vn -0.6541 0.5720 -0.4950
vn -0.7083 0.5664 -0.4214
vn -0.7532 0.5602 -0.3447
vn -0.7871 0.5556 -0.2679
vn -0.2673 0.9616 -0.0631
vn -0.2212 0.9739 0.0516
vn -0.2570 0.9658 0.0342
vn -0.2712 0.9625 0.0110
vn -0.2736 0.9617 -0.0137
vn -0.2726 0.9614 -0.0384
vn -0.8111 0.5526 -0.1916
vn -0.2299 0.9693 0.0874
vn -0.8068 0.5812 0.1066
vn -0.8301 0.5565 0.0340
vn -0.8320 0.5533 -0.0415
vn -0.8258 0.5518 -0.1164
vn -0.3065 0.9392 0.1548
vn -0.3572 0.9093 0.2133
vn -0.3552 0.9026 0.2432
vn -0.3405 0.9024 0.2641
vn -0.3221 0.9015 0.2891
vn -0.2973 0.9004 0.3177
vn -0.2679 0.8993 0.3457
vn -0.2327 0.8981 0.3732
vn -0.1897 0.8971 0.3990
vn -0.1419 0.8962 0.4204
vn -0.0920 0.8956 0.4352
vn -0.0438 0.8953 0.4433
vn -0.0000 0.8951 0.4458
vn 0.0438 0.8953 0.4433
vn 0.0919 0.3577 0.9293
vn 0.1934 0.3581 0.9135
vn 0.0921 0.8956 0.4353
vn 0.2985 0.3588 0.8844
vn 0.1418 0.8962 0.4204
vn 0.4006 0.3606 0.8423
vn 0.1897 0.8971 0.3991
vn 0.4932 0.3624 0.7909
vn -0.0000 0.3572 0.9340
vn -0.0919 0.3577 0.9293
vn -0.1934 0.3580 0.9135
vn -0.2985 0.3591 0.8843
vn -0.4007 0.3605 0.8423
vn -0.4932 0.3624 0.7908
vn -0.5703 0.3643 0.7362
vn -0.6361 0.3661 0.6793
vn 0.2326 0.8982 0.3731
vn 0.5704 0.3644 0.7362
vn 0.2680 0.8992 0.3458
vn 0.6361 0.3660 0.6793
vn 0.2974 0.9003 0.3177
vn 0.6921 0.3680 0.6209
vn 0.3221 0.9015 0.2890
vn 0.7353 0.3679 0.5692
vn 0.3406 0.9023 0.2642
vn 0.7670 0.3691 0.5249
vn 0.3553 0.9026 0.2431
vn 0.7921 0.3857 0.4730
vn 0.3573 0.9093 0.2133
vn 0.8334 0.3855 0.3959
vn 0.3064 0.9392 0.1549
vn 0.7429 0.6142 0.2664
vn 0.2300 0.9693 0.0874
vn 0.7438 0.6461 0.1715
vn 0.2211 0.9739 0.0516
vn 0.2569 0.9658 0.0343
vn 0.2709 0.9625 0.0110
vn 0.2737 0.9617 -0.0137
vn 0.2725 0.9614 -0.0384
vn 0.2581 0.9621 -0.0878
vn 0.2673 0.9615 -0.0631
vn 0.8066 0.5814 0.1066
vn 0.8300 0.5567 0.0341
vn 0.8321 0.5531 -0.0415
vn 0.8259 0.5517 -0.1163
vn 0.8109 0.5529 -0.1916
vn 0.7873 0.5553 -0.2679
vn 0.7530 0.5606 -0.3446
vn 0.7083 0.5663 -0.4214
vn 0.6542 0.5717 -0.4951
vn 0.5916 0.5755 -0.5646
vn 0.5235 0.5762 -0.6276
vn 0.4523 0.5747 -0.6821
vn 0.3788 0.5704 -0.7288
vn 0.3027 0.5642 -0.7682
vn -0.6386 0.0839 -0.7650
vn -0.7202 0.0817 -0.6889
vn -0.5507 0.0844 -0.8304
vn -0.4601 0.0850 -0.8838
vn -0.3662 0.0847 -0.9267
vn -0.2716 0.0834 -0.9588
vn -0.1778 0.0823 -0.9806
vn -0.0869 0.0805 -0.9930
vn -0.0842 -0.0022 -0.9964
vn 0.0052 0.0005 -1.0000
vn -0.0000 0.0814 -0.9967
vn -0.8571 0.0745 -0.5098
vn -0.8559 -0.0162 -0.5169
vn -0.9062 -0.0184 -0.4225
vn -0.7949 0.0783 -0.6017
vn -0.7932 -0.0147 -0.6088
vn -0.7185 -0.0125 -0.6954
vn -0.6355 -0.0102 -0.7720
vn -0.5481 -0.0080 -0.8364
vn -0.4572 -0.0062 -0.8893
vn -0.3714 -0.0051 -0.9285
vn -0.2685 -0.0039 -0.9633
vn -0.1827 -0.0016 -0.9832
vn -0.9969 0.0669 0.0412
vn -0.9869 0.0992 0.1269
vn -0.9966 0.0654 -0.0496
vn -0.9881 0.0650 -0.1391
vn -0.9711 0.0660 -0.2293
vn -0.9445 0.0676 -0.3216
vn -0.9069 0.0708 -0.4155
vn -0.9930 -0.0081 0.1176
vn -0.9991 -0.0235 0.0364
vn -0.9982 -0.0222 -0.0552
vn -0.9891 -0.0211 -0.1458
vn -0.9745 -0.0234 -0.2231
vn -0.9442 -0.0188 -0.3288
vn 0.5810 0.4725 0.6627
vn 0.5485 0.3141 0.7749
vn 0.4805 0.4791 0.7346
vn 0.4969 0.6133 0.6140
vn 0.3743 0.7248 0.5785
vn 0.3351 0.7417 0.5810
vn 0.1887 0.9240 0.3326
vn 0.2025 0.9245 0.3230
vn 0.2102 0.9202 0.3302
vn 0.3672 0.8196 0.4397
vn 0.3500 0.8154 0.4611
vn 0.2969 0.8756 0.3810
vn 0.3037 0.8710 0.3862
vn 0.2778 0.8738 0.3992
vn 0.2282 0.9054 0.3580
vn 0.2075 0.9200 0.3325
vn 0.2096 0.9183 0.3359
vn 0.2851 0.8744 0.3927
vn 0.3522 -0.4049 -0.8438
vn 0.3299 -0.3757 -0.8660
vn 0.3366 -0.4442 -0.8303
vn 0.3790 -0.3649 -0.8504
vn 0.3640 -0.4105 -0.8361
vn 0.3966 -0.4750 -0.7856
vn 0.9677 -0.1676 -0.1884
vn 0.9668 -0.1520 -0.2052
vn 0.9237 0.1162 -0.3651
vn 0.8505 -0.4935 -0.1816
vn 0.8780 -0.4500 -0.1629
vn 0.4221 -0.6569 -0.6247
vn 0.4159 -0.6492 -0.6369
vn 0.3512 -0.6266 -0.6957
vn 0.4719 -0.6793 -0.5620
vn 0.4809 -0.6853 -0.5468
vn 0.5145 -0.7056 -0.4873
vn 0.5130 -0.7023 -0.4936
vn 0.5391 -0.7340 -0.4131
vn 0.5391 -0.7310 -0.4185
vn 0.5473 -0.7661 -0.3369
vn 0.5496 -0.7622 -0.3420
vn 0.5483 -0.7895 -0.2758
vn 0.5470 -0.7870 -0.2854
vn 0.4823 -0.8290 -0.2831
vn 0.5384 -0.7995 -0.2662
vn 0.4038 -0.4143 -0.8157
vn 0.4149 -0.3185 -0.8523
vn 0.9036 -0.1876 -0.3851
vn 0.8755 -0.2946 -0.3830
vn 0.7477 -0.5740 -0.3338
vn 0.8240 -0.4465 -0.3488
vn 0.5596 -0.7712 -0.3034
vn 0.5585 -0.7574 -0.3382
vn 0.5408 -0.7271 -0.4229
vn 0.5142 -0.6956 -0.5018
vn 0.4718 -0.6744 -0.5680
vn 0.4496 -0.0184 -0.8930
vn 0.4588 -0.1208 -0.8803
vn 0.3139 -0.1163 -0.9423
vn 0.5679 -0.0313 -0.8225
vn 0.5636 -0.1278 -0.8161
vn 0.6483 -0.0358 -0.7605
vn 0.6471 -0.1311 -0.7511
vn 0.7287 -0.0430 -0.6835
vn 0.7250 -0.1314 -0.6761
vn 0.8035 -0.0537 -0.5928
vn 0.8019 -0.1379 -0.5814
vn 0.8697 -0.1574 -0.4678
vn 0.8600 -0.0927 -0.5018
vn 0.8969 -0.1651 -0.4103
vn 0.8921 -0.1909 -0.4096
vn 0.4129 -0.4240 -0.8061
vn 0.5479 -0.7908 -0.2729
vn 0.8042 -0.4113 -0.4290
vn 0.7429 -0.3967 -0.5392
vn 0.6667 -0.3958 -0.6315
vn 0.5909 -0.4027 -0.6990
vn 0.5174 -0.4062 -0.7532
vn 0.4272 -0.4051 -0.8083
vn 0.3159 -0.4126 -0.8544
vn 0.2360 -0.4478 -0.8624
vn 0.2401 -0.1996 -0.9500
vn 0.2171 -0.1158 -0.9693
vn 0.1947 -0.5147 -0.8350
vn 0.2075 -0.0819 -0.9748
vn 0.2053 -0.1163 -0.9718
vn 0.2263 -0.0461 -0.9730
vn 0.3301 -0.0069 -0.9439
vn 0.3532 -0.6265 -0.6948
vn 0.2561 -0.5724 -0.7789
vn 0.4311 -0.6634 -0.6116
vn 0.6388 0.1928 -0.7448
vn 0.6433 0.1041 -0.7585
vn 0.5558 0.1146 -0.8234
vn 0.7210 0.1806 -0.6690
vn 0.6534 0.4494 -0.6093
vn 0.7232 0.4403 -0.5321
vn 0.5928 0.6770 -0.4362
vn 0.6395 0.6780 -0.3625
vn 0.5978 0.7658 -0.2372
vn 0.6014 0.7646 -0.2318
vn 0.6119 0.7726 -0.1693
vn 0.5718 0.7586 -0.3123
vn 0.5761 0.7518 -0.3209
vn 0.5361 0.7476 -0.3920
vn 0.5352 0.6798 -0.5015
vn 0.5772 0.4567 -0.6770
vn 0.5514 0.2035 -0.8090
vn 0.4485 0.1287 -0.8845
vn 0.3616 -0.6374 -0.6804
vn 0.2630 -0.5746 -0.7751
vn 0.1997 -0.5094 -0.8371
vn 0.2306 0.0025 -0.9731
vn 0.2033 -0.0397 -0.9783
vn 0.2061 -0.0074 -0.9785
vn 0.1959 -0.5082 -0.8387
vn 0.1942 -0.4372 -0.8781
vn 0.2751 -0.5887 -0.7601
vn 0.4434 0.2116 -0.8710
vn 0.3121 0.1300 -0.9411
vn 0.4969 0.4635 -0.7336
vn 0.4734 0.6808 -0.5590
vn 0.4876 0.7446 -0.4559
vn 0.5338 0.7525 -0.3856
vn 0.5747 0.7588 -0.3065
vn 0.1769 -0.4731 -0.8631
vn 0.1967 -0.5156 -0.8339
vn 0.3137 0.2135 -0.9252
vn 0.2213 0.1197 -0.9678
vn 0.3998 0.4675 -0.7885
vn 0.4097 0.6796 -0.6085
vn 0.4337 0.7416 -0.5118
vn 0.4866 0.7480 -0.4513
vn 0.5375 0.7528 -0.3800
vn 0.2849 0.4650 -0.8382
vn 0.3766 0.7387 -0.5590
vn 0.4343 0.7433 -0.5088
vn 0.3785 0.7387 -0.5577
vn 0.4408 0.7427 -0.5041
vn 0.4861 0.7464 -0.4545
vn 0.2211 0.2049 -0.9535
vn 0.2029 0.4575 -0.8658
vn 0.1737 -0.4533 -0.8743
vn 0.2209 0.1012 -0.9700
vn 0.1950 0.1985 -0.9605
vn 0.1797 0.4535 -0.8729
vn 0.1705 0.6682 -0.7242
vn 0.2384 0.6741 -0.6991
vn 0.3305 0.6798 -0.6547
vn 0.3059 0.7356 -0.6044
vn 0.3083 0.7342 -0.6048
vn 0.3166 0.7305 -0.6051
vn 0.3858 0.7379 -0.5538
vn 0.1521 0.6658 -0.7304
vn 0.1610 0.7224 -0.6725
vn 0.2220 0.7297 -0.6467
vn 0.2253 0.7273 -0.6483
vn 0.2331 0.7235 -0.6498
vn 0.1437 0.7195 -0.6795
vn 0.1636 0.7192 -0.6753
vn 0.1679 0.7172 -0.6763
vn 0.1468 0.7163 -0.6822
vn 0.1518 0.6987 -0.6991
vn 0.3996 -0.0169 -0.9165
vn 0.3914 -0.0266 -0.9198
vn 0.4781 -0.0426 -0.8773
vn 0.3368 0.0538 -0.9400
vn 0.3203 0.0381 -0.9465
vn 0.1971 0.1528 -0.9684
vn 0.2187 0.1049 -0.9701
vn 0.0465 0.1730 -0.9838
vn 0.0742 0.1414 -0.9872
vn 0.8022 -0.0357 -0.5960
vn 0.8602 -0.0342 -0.5089
vn 0.8606 -0.0286 -0.5085
vn 0.8052 -0.0307 -0.5922
vn 0.7482 -0.0402 -0.6623
vn 0.7519 -0.0329 -0.6585
vn 0.6796 -0.0419 -0.7324
vn 0.6836 -0.0354 -0.7290
vn 0.5791 -0.0416 -0.8142
vn 0.5821 -0.0381 -0.8122
vn 0.4762 -0.0367 -0.8786
vn 0.4108 -0.0238 -0.9114
vn 0.3893 0.0472 -0.9199
vn 0.7579 -0.0279 -0.6518
vn 0.6881 -0.0235 -0.7253
vn 0.5870 -0.0244 -0.8092
vn 0.4812 -0.0305 -0.8761
vn 0.9670 0.1434 0.2104
vn 0.9846 -0.0157 0.1743
vn 0.9674 -0.0157 0.2526
vn 0.9979 -0.0178 0.0622
vn 0.9971 -0.0055 0.0762
vn 0.9971 -0.0213 -0.0732
vn 0.9980 -0.0090 -0.0631
vn 0.9769 -0.0237 -0.2125
vn 0.9786 -0.0130 -0.2053
vn 0.9470 -0.0250 -0.3203
vn 0.9488 -0.0160 -0.3154
vn 0.9098 -0.0266 -0.4141
vn 0.9120 -0.0149 -0.4098
vn 0.8632 -0.0154 -0.5047
vn 0.8075 -0.0195 -0.5896
vn 0.9613 -0.0243 0.2745
vn 0.9550 -0.0236 0.2956
vn 0.9417 -0.0325 0.3350
vn 0.9610 -0.0286 0.2752
vn 0.9834 -0.0258 0.1795
vn 0.9973 -0.0303 0.0665
vn 0.9969 -0.0284 -0.0732
vn 0.9764 -0.0271 -0.2144
vn 0.9458 -0.0283 -0.3236
vn 0.9083 -0.0303 -0.4173
vn 0.7939 0.0605 0.6050
vn 0.7518 0.0631 0.6563
vn 0.7553 0.0405 0.6541
vn 0.7949 0.0386 0.6055
vn 0.8258 0.0512 0.5616
vn 0.8286 0.0330 0.5589
vn 0.8607 0.0292 0.5082
vn 0.8655 0.0175 0.5006
vn 0.9029 -0.0103 0.4296
vn 0.9010 0.0043 0.4339
vn 0.9212 -0.0260 0.3883
vn 0.9236 -0.0065 0.3834
vn 0.9494 0.0111 0.3138
vn 0.9301 -0.0132 0.3670
vn 0.9283 -0.0200 0.3713
vn 0.9412 -0.0301 0.3366
vn 0.9646 0.0197 0.2632
vn 0.9163 -0.0467 0.3978
vn 0.9102 -0.0415 0.4120
vn 0.8926 -0.0338 0.4495
vn 0.5690 0.0606 0.8201
vn 0.6510 0.0191 0.7588
vn 0.6239 0.0670 0.7786
vn 0.6986 0.0499 0.7138
vn 0.7194 -0.0126 0.6945
vn 0.7622 -0.0274 0.6468
vn 0.7945 -0.0300 0.6066
vn 0.8297 -0.0285 0.5574
vn 0.8686 -0.0264 0.4949
vn 0.9051 -0.0223 0.4245
vn 0.5140 0.1165 0.8498
vn 0.4680 0.1105 0.8768
vn 0.4150 0.1449 0.8982
vn 0.6219 0.0383 0.7822
vn 0.6872 -0.0286 0.7259
vn 0.7405 -0.0718 0.6682
vn 0.7684 -0.0955 0.6328
vn 0.7892 -0.1010 0.6058
vn 0.8218 -0.0945 0.5619
vn 0.8603 -0.0784 0.5038
vn 0.8989 -0.0584 0.4343
vn 0.9257 -0.0393 0.3762
vn 0.9362 -0.0230 0.3506
vn 0.9139 -0.0352 0.4044
vn 0.8814 -0.0593 0.4686
vn 0.8408 -0.0867 0.5343
vn 0.8056 -0.1105 0.5820
vn 0.7831 -0.1252 0.6092
vn 0.7796 -0.1162 0.6154
vn 0.7607 -0.0893 0.6429
vn 0.7154 -0.0388 0.6976
vn 0.6762 0.0255 0.7363
vn 0.3200 0.2719 0.9075
vn 0.4262 0.1527 0.8916
vn 0.3931 0.1491 0.9073
vn 0.5264 0.1977 0.8270
vn 0.4096 0.1553 0.8990
vn 0.5658 0.2136 0.7964
vn 0.3498 0.1338 0.9272
vn 0.5716 0.1906 0.7981
vn 0.6022 0.1368 0.7865
vn 0.6130 0.1892 0.7671
vn 0.6313 0.2223 0.7430
vn 0.6557 0.2267 0.7202
vn 0.5097 0.2557 0.8214
vn 0.3744 0.1631 0.9128
vn 0.4288 0.1093 0.8968
vn 0.5353 0.0850 0.8404
vn 0.6135 0.0830 0.7853
vn 0.6893 0.0713 0.7210
vn 0.6951 0.1300 0.7071
vn 0.3407 0.1804 0.9227
vn 0.4130 0.1069 0.9044
vn 0.5236 0.0930 0.8469
vn 0.6836 0.2622 0.6811
vn 0.8816 0.0659 0.4673
vn 0.6442 0.2090 0.7357
vn 0.6161 0.1653 0.7701
vn 0.6857 0.2148 0.6954
vn 0.7356 0.2213 0.6402
vn 0.8317 0.1054 0.5452
vn 0.4627 0.3908 0.7957
vn 0.5085 0.2887 0.8112
vn 0.5470 0.1855 0.8163
vn 0.5631 0.0849 0.8220
vn 0.5854 0.0884 0.8059
vn 0.5903 0.0048 0.8072
vn 0.5963 0.0481 0.8014
vn 0.5974 -0.0058 0.8019
vn 0.6020 0.0484 0.7971
vn 0.5988 0.0845 0.7964
vn 0.5997 0.0926 0.7948
vn 0.6025 0.1081 0.7908
vn 0.6049 0.1232 0.7867
vn 0.6055 0.1466 0.7822
vn 0.5551 0.0947 0.8264
vn 0.5852 -0.0092 0.8109
vn -0.9129 -0.1445 0.3817
vn -0.9179 -0.0958 0.3851
vn -0.9576 -0.0861 0.2750
vn -0.8736 -0.1498 0.4631
vn -0.8764 -0.1038 0.4702
vn -0.8367 -0.1499 0.5267
vn -0.8356 -0.1049 0.5393
vn -0.7927 -0.1453 0.5920
vn -0.7943 -0.1057 0.5983
vn -0.7484 -0.1498 0.6461
vn -0.7548 -0.1170 0.6454
vn -0.7119 -0.1543 0.6852
vn -0.7145 -0.1308 0.6873
vn -0.6782 -0.1476 0.7199
vn -0.6726 -0.1381 0.7270
vn -0.3253 0.9261 0.1911
vn -0.4636 0.8469 0.2604
vn -0.4555 0.8822 0.1191
vn -0.4113 0.8959 0.1678
vn -0.7794 0.6182 0.1020
vn -0.7517 0.6335 0.1835
vn -0.9821 0.1741 0.0716
vn -0.9697 0.1711 0.1746
vn -0.9840 -0.0810 0.1588
vn -0.9528 -0.1454 0.2664
vn -0.9130 -0.1512 0.3789
vn -0.8713 -0.1593 0.4643
vn -0.8372 -0.1588 0.5234
vn -0.7948 -0.1500 0.5880
vn -0.7474 -0.1513 0.6469
vn -0.2674 0.9432 0.1972
vn -0.2185 0.9358 0.2767
vn -0.2932 0.8938 0.3393
vn -0.2822 0.8866 0.3664
vn -0.2272 0.9388 0.2590
vn -0.3112 0.9033 0.2953
vn -0.2489 0.9447 0.2135
vn -0.3340 0.9094 0.2480
vn -0.3664 0.9068 0.2085
vn -0.7154 0.6431 0.2733
vn -0.9430 0.1613 0.2911
vn -0.9030 0.1464 0.4039
vn -0.8582 0.1297 0.4966
vn -0.8143 0.1176 0.5685
vn -0.6774 0.6400 0.3626
vn -0.6410 0.6258 0.4443
vn -0.6082 0.6071 0.5115
vn -0.5849 0.5922 0.5543
vn -0.7769 0.1079 0.6203
vn -0.5684 0.5784 0.5851
vn -0.7447 0.0890 0.6614
vn -0.5528 0.5610 0.6161
vn -0.7110 0.0619 0.7005
vn -0.5310 0.5389 0.6540
vn -0.6701 0.0367 0.7414
vn -0.6136 0.0361 0.7888
vn -0.6181 -0.1224 0.7765
vn -0.4887 0.5260 0.6961
vn -0.6408 -0.1349 0.7557
vn -0.6096 -0.1213 0.7834
vn -0.5961 -0.1028 0.7963
vn -0.5818 -0.0807 0.8093
vn -0.5739 -0.0856 0.8144
vn -0.5742 0.0474 0.8174
vn -0.7166 -0.1623 0.6783
vn -0.6912 -0.1491 0.7071
vn -0.6564 -0.1287 0.7434
vn -0.6177 -0.1247 0.7765
vn -0.7469 0.0610 0.6621
vn -0.5982 -0.1144 0.7931
vn -0.5881 -0.0970 0.8029
vn -0.5760 -0.0757 0.8139
vn -0.5614 -0.0668 0.8249
vn -0.5686 0.0503 0.8211
vn -0.4656 0.5163 0.7188
vn -0.4636 0.5198 0.7175
vn -0.2604 0.8260 0.4999
vn -0.2534 0.8352 0.4881
vn -0.4678 0.7673 0.4387
vn -0.2100 0.8773 0.4315
vn -0.2530 0.8545 0.4537
vn -0.1993 0.9048 0.3762
vn -0.1912 0.9183 0.3467
vn -0.2644 0.8695 0.4172
vn -0.1851 0.9257 0.3298
vn -0.2694 0.8780 0.3955
vn -0.1880 0.9308 0.3134
vn -0.2748 0.8824 0.3820
vn -0.2052 0.9314 0.3006
vn 0.9317 0.0718 0.3561
vn 0.9522 0.2118 0.2203
vn 0.9253 0.2145 0.3127
vn 0.8280 -0.0328 0.5598
vn 0.8255 -0.0269 0.5638
vn 0.7921 -0.0273 0.6098
vn 0.8625 -0.0313 0.5050
vn 0.8636 -0.0313 0.5032
vn 0.8951 -0.0404 0.4440
vn 0.9236 -0.0567 0.3792
vn 0.9239 -0.0253 0.3819
vn 0.8977 0.0060 0.4406
vn 0.8590 0.0250 0.5114
vn 0.8244 0.0272 0.5654
vn 0.7908 0.0286 0.6114
vn 0.8602 -0.0300 0.5091
vn 0.8967 -0.0506 0.4397
vn 0.8300 -0.0345 0.5566
vn 0.7947 -0.0359 0.6059
vn 0.7465 -0.0202 0.6651
vn 0.7499 -0.0254 0.6610
vn 0.7963 -0.0380 0.6037
vn 0.7519 -0.0270 0.6587
vn 0.6863 -0.0125 0.7272
vn 0.6873 -0.0130 0.7263
vn 0.6132 -0.0072 0.7899
vn 0.0982 -0.0004 0.9952
vn 0.0986 -0.0002 0.9951
vn 0.2077 -0.0010 0.9782
vn 0.2071 -0.0012 0.9783
vn 0.3206 -0.0023 0.9472
vn 0.3199 -0.0024 0.9474
vn 0.4304 -0.0038 0.9026
vn 0.4296 -0.0040 0.9030
vn 0.5300 -0.0055 0.8480
vn 0.5300 -0.0056 0.8479
vn 0.6845 -0.0104 0.7289
vn 0.7445 0.0316 0.6668
vn 0.6129 -0.0071 0.7902
vn 0.5297 -0.0052 0.8482
vn 0.4301 -0.0034 0.9028
vn 0.3202 -0.0018 0.9473
vn 0.2074 -0.0005 0.9783
vn 0.6833 0.0352 0.7292
vn 0.6122 0.0368 0.7898
vn 0.5291 0.0381 0.8477
vn 0.4295 0.0396 0.9022
vn 0.3198 0.0410 0.9466
vn 0.2071 0.0419 0.9774
vn 0.0984 0.0425 0.9942
vn 0.0985 0.0004 0.9951
vn -0.0000 0.0426 0.9991
vn -0.0000 0.0004 1.0000
vn -0.0985 0.0004 0.9951
vn -0.0986 -0.0002 0.9951
vn -0.2074 -0.0005 0.9783
vn -0.2077 -0.0010 0.9782
vn -0.3202 -0.0018 0.9473
vn -0.3206 -0.0023 0.9472
vn -0.4301 -0.0034 0.9028
vn -0.4304 -0.0038 0.9026
vn -0.5297 -0.0053 0.8482
vn -0.5300 -0.0055 0.8480
vn -0.6128 -0.0071 0.7902
vn -0.6132 -0.0072 0.7899
vn -0.6847 -0.0112 0.7287
vn -0.6862 -0.0123 0.7273
vn -0.0984 0.0425 0.9942
vn -0.2071 0.0419 0.9774
vn -0.3198 0.0409 0.9466
vn -0.4295 0.0396 0.9022
vn -0.5291 0.0381 0.8477
vn -0.6122 0.0368 0.7898
vn -0.6833 0.0351 0.7293
vn -0.2117 0.2166 -0.9530
vn -0.1808 0.2329 -0.9556
vn -0.2049 -0.0235 -0.9785
vn -0.2128 -0.1734 -0.9616
vn -0.2301 -0.2145 -0.9492
vn -0.2377 -0.2119 -0.9479
vn -0.2391 -0.1735 -0.9554
vn -0.2332 -0.0392 -0.9717
vn -0.3262 -0.0621 -0.9433
vn -0.3130 0.1915 -0.9303
vn -0.4526 -0.0671 -0.8892
vn -0.4450 0.1788 -0.8775
vn -0.5571 -0.0655 -0.8279
vn -0.5527 0.1762 -0.8146
vn -0.6444 -0.0639 -0.7620
vn -0.6384 0.1774 -0.7490
vn -0.7262 -0.0632 -0.6846
vn -0.7195 0.1798 -0.6708
vn -0.7993 -0.0629 -0.5977
vn -0.7919 0.1794 -0.5837
vn -0.8603 -0.0630 -0.5060
vn -0.4490 -0.1652 -0.8781
vn -0.5521 -0.1596 -0.8184
vn -0.3278 -0.1713 -0.9291
vn -0.3228 -0.1966 -0.9258
vn -0.1754 0.6061 -0.7758
vn -0.1546 0.5879 -0.7940
vn -0.2498 0.6294 -0.7358
vn -0.3551 0.6308 -0.6900
vn -0.4464 0.6261 -0.6393
vn -0.5198 0.6265 -0.5807
vn -0.5816 0.6294 -0.5153
vn -0.6370 0.6287 -0.4462
vn -0.6878 0.6219 -0.3744
vn -0.8522 0.1766 -0.4925
vn -0.7319 0.6122 -0.2994
vn -0.9009 0.1726 -0.3982
vn -0.1296 0.8770 -0.4627
vn -0.1295 0.8529 -0.5057
vn -0.1490 0.9058 -0.3966
vn -0.1964 0.9113 -0.3618
vn -0.2526 0.9082 -0.3337
vn -0.3001 0.9065 -0.2969
vn -0.3331 0.9067 -0.2586
vn -0.3616 0.9054 -0.2224
vn -0.3944 0.9000 -0.1854
vn -0.4270 0.8927 -0.1440
vn -0.0926 0.9317 -0.3511
vn -0.2572 0.8917 -0.3724
vn -0.1188 0.9544 -0.2737
vn -0.1534 0.9561 -0.2498
vn -0.2068 0.9508 -0.2308
vn -0.2438 0.9490 -0.1998
vn -0.2586 0.9511 -0.1688
vn -0.2785 0.9497 -0.1433
vn -0.3055 0.9451 -0.1159
vn -0.3315 0.9396 -0.0848
vn -0.3583 0.9323 -0.0500
vn -0.4584 0.8833 -0.0984
vn -0.3881 0.9216 -0.0070
vn -0.4832 0.8742 -0.0477
vn -0.4083 0.9117 0.0461
vn -0.4942 0.8693 0.0087
vn -0.4007 0.9108 0.0989
vn -0.4845 0.8723 0.0659
vn -0.7976 0.6027 0.0221
vn -0.9850 0.1704 -0.0256
vn -0.9955 -0.0778 0.0534
vn -0.9771 -0.1552 0.1454
vn -0.9543 -0.1558 0.2551
vn -0.7668 0.6024 -0.2216
vn -0.7918 0.5940 -0.1422
vn -0.8028 0.5933 -0.0602
vn -0.9790 0.1656 -0.1193
vn -0.9960 -0.0763 -0.0458
vn -0.9855 -0.1639 0.0430
vn -0.9760 -0.1743 0.1309
vn -0.9372 0.1684 -0.3056
vn -0.9631 0.1650 -0.2128
vn -0.9878 -0.0729 -0.1374
vn -0.9852 -0.1642 -0.0492
vn -0.9818 -0.1871 0.0312
vn -0.9093 -0.0651 -0.4110
vn -0.9458 -0.0650 -0.3181
vn -0.9716 -0.0686 -0.2264
vn -0.9776 -0.1594 -0.1376
vn -0.9816 -0.1837 -0.0529
vn -0.9747 -0.1771 -0.1367
vn -0.9621 -0.1538 -0.2251
vn -0.9365 -0.1506 -0.3166
vn -0.8996 -0.1503 -0.4100
vn -0.8513 -0.1515 -0.5022
vn -0.7914 -0.1529 -0.5919
vn -0.7194 -0.1545 -0.6772
vn -0.6385 -0.1566 -0.7535
vn -0.9584 -0.1737 -0.2264
vn -0.9317 -0.1716 -0.3201
vn -0.8950 -0.1725 -0.4113
vn -0.8477 -0.1746 -0.5010
vn -0.7872 -0.1763 -0.5910
vn -0.7147 -0.1783 -0.6763
vn -0.6423 -0.1792 -0.7452
vn -0.5468 -0.1841 -0.8168
vn -0.4447 -0.1856 -0.8763
vn -0.1014 -0.0000 0.9948
vn -0.1015 0.0001 0.9948
vn -0.1015 -0.0000 0.9948
vn -0.1013 0.0001 0.9949
vn 0.6378 0.0258 -0.7698
vn 0.6216 -0.2686 -0.7358
vn 0.5378 -0.2485 -0.8056
vn 0.5492 0.0299 -0.8352
vn 0.5148 0.3415 -0.7863
vn 0.4302 0.3331 -0.8391
vn 0.4572 0.0330 -0.8888
vn 0.3428 0.3276 -0.8804
vn 0.3657 0.0345 -0.9301
vn 0.2618 0.3246 -0.9089
vn 0.2810 0.0402 -0.9589
vn 0.2077 0.0433 -0.9772
vn 0.2029 -0.1959 -0.9594
vn 0.2814 -0.2085 -0.9367
vn 0.3608 -0.2254 -0.9050
vn 0.4477 -0.2359 -0.8625
vn 0.1938 0.3285 -0.9244
vn 0.7194 0.0209 -0.6943
vn 0.5960 0.3496 -0.7229
vn 0.6707 0.3588 -0.6491
vn 0.7915 0.3795 -0.4790
vn 0.7367 0.3690 -0.5667
vn 0.6014 0.6552 -0.4572
vn 0.5538 0.6403 -0.5323
vn 0.4969 0.6259 -0.6011
vn 0.4334 0.6124 -0.6612
vn 0.3646 0.6003 -0.7118
vn 0.2919 0.5899 -0.7529
vn 0.2206 0.5846 -0.7807
vn 0.1564 0.5914 -0.7911
vn 0.0886 0.6089 -0.7883
vn 0.1151 0.3387 -0.9338
vn 0.1220 0.0419 -0.9917
vn 0.0651 0.6945 -0.7166
vn 0.1266 0.6702 -0.7313
vn 0.1929 0.6684 -0.7183
vn 0.2591 0.6765 -0.6893
vn 0.3245 0.6871 -0.6501
vn 0.3847 0.6999 -0.6017
vn 0.4398 0.7136 -0.5453
vn 0.4884 0.7279 -0.4813
vn 0.5292 0.7422 -0.4112
vn 0.6384 0.6690 -0.3806
vn 0.5596 0.7553 -0.3412
vn 0.6655 0.6811 -0.3052
vn 0.5812 0.7663 -0.2738
vn 0.6839 0.6913 -0.2333
vn 0.5998 0.7756 -0.1964
vn 0.6965 0.6984 -0.1647
vn 0.6046 0.7822 -0.1502
vn 0.7050 0.7025 -0.0975
vn 0.6109 0.7862 -0.0934
vn 0.7079 0.7054 -0.0357
vn 0.6167 0.7862 -0.0395
vn 0.7062 0.7077 0.0202
vn 0.6157 0.7875 0.0275
vn 0.9992 0.0033 0.0405
vn 0.9944 -0.0093 0.1054
vn 0.9119 -0.3924 0.1203
vn 0.9103 0.4055 0.0833
vn 0.9128 0.4074 0.0277
vn 0.6996 0.7118 0.0619
vn 0.9118 0.4082 -0.0441
vn 0.9047 0.4073 -0.1254
vn 0.8896 0.4039 -0.2131
vn 0.8675 0.3965 -0.3005
vn 0.8351 0.3887 -0.3892
vn 0.7912 0.0174 -0.6113
vn 0.8536 0.0175 -0.5206
vn 0.9050 0.0184 -0.4249
vn 0.9439 0.0203 -0.3297
vn 0.9717 0.0222 -0.2350
vn 0.9907 0.0211 -0.1347
vn 0.9990 0.0137 -0.0419
vn 0.9278 -0.3684 0.0583
vn 0.9380 -0.3459 -0.0220
vn 0.9368 -0.3289 -0.1189
vn 0.9205 -0.3221 -0.2212
vn 0.8933 -0.3207 -0.3148
vn 0.8570 -0.3185 -0.4051
vn 0.8099 -0.3146 -0.4951
vn 0.7543 -0.3062 -0.5808
vn 0.6923 -0.2911 -0.6603
vn 0.6099 -0.5547 -0.5659
vn 0.5620 -0.5240 -0.6400
vn 0.5338 -0.6168 -0.5784
vn 0.6509 -0.5745 -0.4964
vn 0.6911 -0.5855 -0.4237
vn 0.7282 -0.5914 -0.3464
vn 0.7582 -0.5936 -0.2699
vn 0.7813 -0.5956 -0.1867
vn 0.7935 -0.6022 -0.0882
vn 0.7864 -0.6177 0.0055
vn 0.7643 -0.6400 0.0792
vn 0.7356 -0.6647 0.1307
vn 0.7280 -0.6846 0.0375
vn 0.7328 -0.6778 -0.0598
vn 0.7144 -0.6806 -0.1622
vn 0.6898 -0.6823 -0.2420
vn 0.6646 -0.6795 -0.3109
vn 0.6307 -0.6730 -0.3863
vn 0.5977 -0.6657 -0.4467
vn 0.5701 -0.6482 -0.5048
vn 0.6326 0.7701 0.0817
vn 0.6132 0.7850 -0.0875
vn 0.6962 0.7138 0.0762
vn 0.9088 0.4041 0.1040
vn 0.9913 -0.0162 0.1304
vn 0.9030 -0.4050 0.1435
vn 0.7193 -0.6784 0.1495
vn 0.6452 -0.7486 0.1527
vn 0.6792 -0.7150 0.1656
vn 0.7081 -0.6965 0.1161
vn -0.9303 -0.2446 0.2735
vn -0.9246 -0.2285 0.3048
vn -0.9304 -0.2419 0.2753
vn -0.9305 -0.2402 0.2765
vn -0.9239 -0.2474 0.2918
vn -0.9167 -0.2151 0.3368
vn -0.9227 -0.0095 0.3854
vn -0.9123 -0.1885 0.3636
vn 1.0000 -0.0000 -0.0000
vn -0.4747 -0.8679 0.1465
vn -0.4280 -0.8958 0.1198
vn -0.4197 -0.8952 0.1496
vn -0.4878 -0.8667 0.1046
vn -0.6104 -0.7768 0.1552
vn -0.6335 -0.7687 0.0880
vn -0.4051 -0.8983 0.1702
vn -0.3831 -0.9061 0.1798
vn -0.4379 -0.8735 0.2127
vn -0.4525 -0.8690 0.2001
vn -0.4634 -0.8681 0.1779
vn -0.5908 -0.7792 0.2092
vn -0.6521 -0.7579 0.0182
vn -0.6652 -0.7456 -0.0395
vn -0.6726 -0.7352 -0.0840
vn -0.6673 -0.7348 -0.1217
vn -0.4372 -0.8956 0.0822
vn -0.5024 -0.8631 0.0505
vn -0.5126 -0.8586 -0.0050
vn -0.5123 -0.8573 -0.0507
vn -0.5058 -0.8585 -0.0846
vn -0.4959 -0.8608 -0.1144
vn -0.6420 -0.7513 -0.1527
vn -0.4846 -0.8630 -0.1428
vn -0.5943 -0.7863 -0.1689
vn -0.4851 -0.8606 -0.1548
vn -0.2688 -0.7849 -0.5583
vn -0.2670 -0.7843 -0.5600
vn -0.3137 -0.6210 -0.7183
vn -0.2671 -0.8238 -0.5000
vn -0.2721 -0.8304 -0.4862
vn -0.2461 -0.9216 -0.3001
vn -0.4446 -0.8885 -0.1137
vn -0.4546 -0.8865 -0.0869
vn -0.4587 -0.8868 -0.0558
vn -0.4562 -0.8898 -0.0146
vn -0.4479 -0.8934 0.0348
vn -0.3228 -0.9459 0.0331
vn -0.3144 -0.9475 0.0580
vn -0.3508 -0.9323 -0.0879
vn -0.3526 -0.9337 -0.0627
vn -0.3443 -0.9383 -0.0315
vn -0.3322 -0.9432 0.0018
vn -0.2741 -0.9554 0.1095
vn -0.2911 -0.9516 0.0985
vn -0.1071 -0.9941 -0.0183
vn -0.1161 -0.9928 -0.0293
vn -0.3047 -0.9492 0.0791
vn -0.1227 -0.9917 -0.0387
vn -0.1267 -0.9908 -0.0470
vn -0.1309 -0.9899 -0.0537
vn -0.1378 -0.9886 -0.0613
vn -0.1443 -0.9869 -0.0728
vn -0.1450 -0.9859 -0.0834
vn -0.3444 -0.9326 -0.1080
vn -0.4375 -0.8888 -0.1367
vn -0.0312 -0.9965 -0.0770
vn -0.0311 -0.9966 -0.0759
vn -0.0313 -0.9963 -0.0797
vn -0.0329 -0.9959 -0.0837
vn -0.0322 -0.9961 -0.0824
vn -0.0290 -0.9966 -0.0776
vn -0.0252 -0.9973 -0.0697
vn -0.1023 -0.9947 -0.0096
vn -0.0200 -0.9976 -0.0669
vn -0.1031 -0.9946 -0.0098
vn -0.0248 -0.9974 -0.0680
vn -0.0868 -0.9961 -0.0147
vn -0.0259 -0.9970 -0.0727
vn -0.2594 -0.9593 0.1113
vn -0.2156 -0.9711 0.1020
vn -0.0478 -0.9986 -0.0223
vn -0.0168 -0.9975 -0.0679
vn -0.1300 -0.9882 0.0805
vn -0.3154 -0.9322 0.1776
vn -0.3571 -0.9168 0.1790
vn -0.0191 -0.9993 -0.0313
vn -0.0406 -0.9987 0.0299
vn -0.0514 -0.9970 0.0583
vn -0.1216 -0.9858 0.1159
vn -0.0457 -0.9971 0.0613
vn -0.1518 -0.9772 0.1488
vn -0.2169 -0.9578 0.1886
vn -0.2528 -0.9422 0.2201
vn -0.2606 -0.9479 0.1830
vn -0.3385 -0.9067 0.2517
vn -0.3893 -0.8906 0.2350
vn -0.4185 -0.8811 0.2204
vn -0.0235 -0.9996 0.0128
vn -0.0084 -0.9993 -0.0356
vn -0.3711 -0.8500 0.3738
vn -0.4157 -0.8120 0.4098
vn -0.4996 -0.7480 0.4369
vn -0.5628 -0.7190 0.4077
vn -0.5857 -0.7216 0.3690
vn -0.5833 -0.7407 0.3333
vn -0.5770 -0.7618 0.2947
vn -0.5777 -0.7758 0.2539
vn 0.1116 -0.2018 -0.9731
vn 0.0866 -0.4204 -0.9032
vn 0.1853 -0.4139 -0.8913
vn 0.2695 -0.4337 -0.8598
vn 0.3376 -0.4611 -0.8206
vn 0.4105 -0.4765 -0.7775
vn 0.4919 -0.4950 -0.7163
vn 0.4685 -0.5849 -0.6621
vn 0.3861 -0.5654 -0.7289
vn 0.3281 -0.5513 -0.7671
vn 0.2589 -0.5261 -0.8101
vn 0.1427 -0.4757 -0.8679
vn 0.0509 -0.4956 -0.8670
vn -0.2169 -0.9583 -0.1863
vn -0.1038 -0.9927 0.0611
vn -0.0144 -0.9899 -0.1409
vn -0.1141 -0.9897 -0.0865
vn -0.0387 -0.9986 -0.0368
vn -0.0381 -0.9977 -0.0553
vn -0.0383 -0.9986 -0.0355
vn -0.4378 -0.8875 -0.1440
vn -0.2672 -0.8249 -0.4982
vn -0.2256 -0.8428 -0.4886
vn -0.1223 -0.9906 -0.0607
vn -0.3852 -0.9205 -0.0653
vn -0.0304 -0.9968 -0.0739
vn -0.1353 -0.9864 -0.0935
vn -0.0308 -0.9966 -0.0759
vn -0.1424 -0.9857 -0.0901
vn -0.0307 -0.9965 -0.0783
vn -0.0306 -0.9964 -0.0788
vn -0.3349 -0.9342 -0.1234
vn 0.9778 0.2016 0.0573
vn 0.9799 0.1911 0.0576
vn 0.9849 0.1630 0.0578
vn 0.9896 0.1313 0.0581
vn 0.9946 0.0859 0.0584
vn 0.9983 0.0031 0.0585
vn 0.9971 -0.0483 0.0584
vn -0.5076 -0.7065 -0.4931
vn -0.5712 -0.7052 -0.4200
vn -0.6178 -0.7127 -0.3322
vn -0.6252 -0.7337 -0.2661
vn -0.5698 -0.7816 -0.2537
vn -0.3120 -0.6747 -0.6689
vn -0.4238 -0.8487 -0.3163
vn -0.4649 -0.8489 -0.2514
vn -0.4839 -0.8507 -0.2055
vn -0.4715 -0.8607 -0.1922
vn -0.2935 -0.6651 -0.6866
vn -0.2784 -0.7884 -0.5486
vn -0.4461 -0.8756 -0.1852
vn -0.4337 -0.8817 -0.1855
vn -0.4136 -0.8826 -0.2233
vn -0.3764 -0.8825 -0.2820
vn -0.3736 -0.8496 -0.3722
vn -0.3316 -0.8822 -0.3344
vn -0.3266 -0.8516 -0.4100
vn -0.2894 -0.8833 -0.3688
vn -0.0425 -0.9855 -0.1644
vn -0.0892 -0.9317 -0.3520
vn -0.0653 -0.9342 -0.3508
vn -0.0480 -0.9853 -0.1637
vn -0.0998 -0.9306 -0.3523
vn -0.1308 -0.9306 -0.3420
vn -0.0611 -0.9854 -0.1589
vn -0.1710 -0.9300 -0.3252
vn -0.2171 -0.8861 -0.4095
vn -0.2007 -0.9289 -0.3112
vn -0.2561 -0.8848 -0.3892
vn -0.2254 -0.9287 -0.2945
vn -0.2577 -0.9289 -0.2659
vn -0.2941 -0.9291 -0.2242
vn -0.3245 -0.9290 -0.1778
vn -0.3369 -0.9295 -0.1499
vn -0.4071 -0.8677 -0.2853
vn -0.1419 -0.9870 -0.0752
vn -0.1405 -0.9861 -0.0881
vn -0.1275 -0.9859 -0.1081
vn -0.1108 -0.9857 -0.1270
vn -0.0974 -0.9852 -0.1409
vn -0.0884 -0.9851 -0.1476
vn -0.0775 -0.9853 -0.1523
vn -0.2791 -0.8979 -0.3404
vn -0.0368 -0.9986 -0.0375
vn -0.0338 -0.9985 -0.0424
vn -0.0290 -0.9984 -0.0489
vn -0.0250 -0.9983 -0.0533
vn -0.0248 -0.9982 -0.0539
vn -0.0247 -0.9983 -0.0536
vn -0.0215 -0.9982 -0.0552
vn -0.0186 -0.9982 -0.0568
vn -0.0171 -0.9982 -0.0575
vn -0.0297 -0.9863 -0.1622
vn -0.0364 -0.9355 -0.3514
vn -0.0168 -0.9869 -0.1603
vn -0.0233 -0.9347 -0.3547
vn -0.0117 -0.9867 -0.1622
vn -0.0000 -0.9342 -0.3567
vn -0.0000 -0.9867 -0.1626
vn 0.0116 -0.9867 -0.1619
vn -0.0099 -0.9983 -0.0583
vn -0.0061 -0.9982 -0.0594
vn -0.0051 -0.9982 -0.0592
vn 0.0001 -0.9983 -0.0591
vn 0.0050 -0.9982 -0.0592
vn 0.0062 -0.9982 -0.0593
vn 0.0168 -0.9869 -0.1603
vn 0.0300 -0.9861 -0.1636
vn 0.0378 -0.9357 -0.3507
vn 0.0650 -0.9343 -0.3505
vn 0.0434 -0.8901 -0.4537
vn 0.0826 -0.8894 -0.4497
vn 0.0412 -0.8423 -0.5374
vn 0.0880 -0.8446 -0.5282
vn 0.0099 -0.9983 -0.0583
vn 0.0156 -0.9982 -0.0577
vn 0.0234 -0.9346 -0.3549
vn -0.0000 -0.8857 -0.4642
vn 0.0259 -0.8869 -0.4612
vn 0.0230 -0.8384 -0.5445
vn 0.0243 -0.7389 -0.6734
vn 0.0389 -0.7444 -0.6666
vn 0.0280 -0.5614 -0.8271
vn 0.0438 -0.5646 -0.8242
vn -0.0877 -0.8449 -0.5276
vn -0.0826 -0.8894 -0.4497
vn -0.1126 -0.8877 -0.4465
vn -0.0412 -0.8423 -0.5374
vn -0.0394 -0.7439 -0.6671
vn -0.0243 -0.7389 -0.6734
vn -0.0000 -0.7381 -0.6746
vn -0.0000 -0.8364 -0.5481
vn -0.0259 -0.8869 -0.4612
vn -0.0231 -0.8380 -0.5452
vn -0.0434 -0.8901 -0.4537
vn -0.2890 -0.8532 -0.4341
vn -0.2453 -0.8530 -0.4607
vn -0.1656 -0.8862 -0.4327
vn -0.1253 -0.8868 -0.4449
vn -0.4452 -0.7120 -0.5430
vn -0.3916 -0.7147 -0.5796
vn -0.3284 -0.7142 -0.6181
vn -0.1861 -0.8512 -0.4907
vn -0.0966 -0.7471 -0.6576
vn -0.1270 -0.8450 -0.5195
vn -0.1419 -0.8488 -0.5094
vn -0.2458 -0.7147 -0.6549
vn -0.1558 -0.7385 -0.6560
vn -0.1823 -0.7244 -0.6649
vn 0.7113 0.0605 0.7002
vn 0.7145 -0.1311 0.6872
vn 0.7543 -0.1165 0.6461
vn 0.6786 -0.1479 0.7195
vn 0.7118 -0.1542 0.6852
vn 0.7484 -0.1498 0.6461
vn 0.6181 -0.1223 0.7765
vn 0.5739 -0.0856 0.8144
vn 0.5819 -0.0811 0.8092
vn 0.5960 -0.1025 0.7964
vn 0.6096 -0.1213 0.7834
vn 0.6408 -0.1349 0.7557
vn 0.6726 -0.1382 0.7270
vn 0.6702 0.0368 0.7413
vn 0.5310 0.5390 0.6538
vn 0.6136 0.0359 0.7888
vn 0.4887 0.5260 0.6961
vn 0.7156 -0.1604 0.6798
vn 0.7379 -0.1523 0.6575
vn 0.6912 -0.1491 0.7071
vn 0.6553 -0.1277 0.7445
vn 0.6140 -0.1223 0.7798
vn 0.7468 0.0610 0.6622
vn 0.5981 -0.1144 0.7932
vn 0.5877 -0.0966 0.8033
vn 0.5761 -0.0758 0.8138
vn 0.5613 -0.0668 0.8249
vn 0.5686 0.0503 0.8211
vn 0.5742 0.0475 0.8173
vn 0.7813 -0.1529 0.6051
vn 0.7927 -0.1453 0.5920
vn 0.7943 -0.1056 0.5982
vn 0.7441 0.0887 0.6621
vn 0.5528 0.5610 0.6161
vn 0.2694 0.8780 0.3955
vn 0.2645 0.8693 0.4176
vn 0.2528 0.8545 0.4538
vn 0.2534 0.8352 0.4881
vn 0.4636 0.5198 0.7176
vn 0.4656 0.5163 0.7188
vn 0.2604 0.8260 0.4999
vn 0.4678 0.7673 0.4387
vn 0.2157 0.8776 0.4281
vn 0.2044 0.9054 0.3722
vn 0.1945 0.9184 0.3446
vn 0.1877 0.9255 0.3289
vn 0.1891 0.9310 0.3123
vn 0.2754 0.8821 0.3823
vn 0.5691 0.5774 0.5854
vn 0.7769 0.1079 0.6203
vn 0.2047 0.9323 0.2981
vn 0.2824 0.8866 0.3664
vn 0.5846 0.5926 0.5541
vn 0.8142 0.1176 0.5685
vn 0.8353 -0.1052 0.5396
vn 0.8763 -0.1036 0.4706
vn 0.8367 -0.1499 0.5267
vn 0.8733 -0.1492 0.4638
vn 0.9181 -0.0961 0.3844
vn 0.9130 -0.1439 0.3818
vn 0.9578 -0.0849 0.2747
vn 0.9529 -0.1461 0.2659
vn 0.9840 -0.0807 0.1590
vn 0.9771 -0.1552 0.1454
vn 0.9955 -0.0778 0.0533
vn 0.9854 -0.1654 0.0417
vn 0.8318 -0.1605 0.5313
vn 0.8721 -0.1601 0.4623
vn 0.9060 -0.1530 0.3948
vn 0.9543 -0.1557 0.2549
vn 0.9741 -0.1772 0.1406
vn 0.9819 -0.1870 0.0310
vn 0.9849 -0.1654 -0.0505
vn 0.9817 -0.1833 -0.0524
vn 0.9960 -0.0763 -0.0458
vn 0.9878 -0.0729 -0.1374
vn 0.9776 -0.1593 -0.1376
vn 0.9720 -0.0693 -0.2245
vn 0.9621 -0.1538 -0.2251
vn 0.9458 -0.0650 -0.3182
vn 0.9365 -0.1506 -0.3166
vn 0.9090 -0.0634 -0.4120
vn 0.8996 -0.1503 -0.4100
vn 0.8602 -0.0630 -0.5060
vn 0.8513 -0.1515 -0.5022
vn 0.7993 -0.0629 -0.5977
vn 0.7914 -0.1529 -0.5919
vn 0.7270 -0.0634 -0.6837
vn 0.7194 -0.1545 -0.6772
vn 0.6444 -0.0639 -0.7620
vn 0.6385 -0.1566 -0.7535
vn 0.9748 -0.1767 -0.1363
vn 0.9605 -0.1701 -0.2202
vn 0.9360 -0.1702 -0.3081
vn 0.8963 -0.1699 -0.4096
vn 0.8476 -0.1745 -0.5012
vn 0.7875 -0.1764 -0.5906
vn 0.7220 -0.1770 -0.6688
vn 0.6332 -0.1810 -0.7525
vn 0.5521 -0.1596 -0.8184
vn 0.5468 -0.1841 -0.8168
vn 0.5571 -0.0655 -0.8279
vn 0.4520 -0.0674 -0.8895
vn 0.4493 -0.1642 -0.8781
vn 0.3267 -0.0615 -0.9431
vn 0.3283 -0.1702 -0.9291
vn 0.2332 -0.0392 -0.9716
vn 0.2395 -0.1727 -0.9554
vn 0.2048 -0.0234 -0.9785
vn 0.2128 -0.1734 -0.9616
vn 0.4448 -0.1858 -0.8762
vn 0.3228 -0.1967 -0.9258
vn 0.2361 -0.2109 -0.9486
vn 0.2301 -0.2145 -0.9492
vn 0.5518 0.1756 -0.8153
vn 0.4450 0.1788 -0.8775
vn 0.3129 0.1913 -0.9303
vn 0.2118 0.2166 -0.9530
vn 0.1809 0.2327 -0.9556
vn 0.1753 0.6062 -0.7758
vn 0.2498 0.6295 -0.7358
vn 0.3550 0.6307 -0.6900
vn 0.4464 0.6261 -0.6393
vn 0.5199 0.6264 -0.5808
vn 0.6391 0.1774 -0.7484
vn 0.5816 0.6295 -0.5153
vn 0.7198 0.1797 -0.6705
vn 0.6370 0.6286 -0.4462
vn 0.7916 0.1794 -0.5840
vn 0.6878 0.6219 -0.3744
vn 0.8522 0.1766 -0.4926
vn 0.3941 0.9002 -0.1853
vn 0.3615 0.9055 -0.2224
vn 0.3335 0.9065 -0.2590
vn 0.3003 0.9064 -0.2970
vn 0.2525 0.9083 -0.3336
vn 0.1966 0.9111 -0.3623
vn 0.1491 0.9058 -0.3967
vn 0.1297 0.8769 -0.4628
vn 0.1546 0.5879 -0.7940
vn 0.1295 0.8529 -0.5057
vn 0.1471 0.9559 -0.2544
vn 0.1148 0.9549 -0.2739
vn 0.1086 0.9261 -0.3612
vn 0.2572 0.8917 -0.3724
vn 0.4067 0.9129 0.0341
vn 0.4942 0.8693 0.0086
vn 0.4834 0.8741 -0.0477
vn 0.3862 0.9223 -0.0167
vn 0.4580 0.8835 -0.0983
vn 0.3563 0.9326 -0.0578
vn 0.4272 0.8926 -0.1441
vn 0.3291 0.9396 -0.0943
vn 0.3021 0.9449 -0.1261
vn 0.2748 0.9495 -0.1517
vn 0.2476 0.9525 -0.1774
vn 0.2368 0.9492 -0.2073
vn 0.1982 0.9507 -0.2384
vn 0.9695 0.1710 0.1754
vn 0.9821 0.1738 0.0720
vn 0.7517 0.6335 0.1834
vn 0.7794 0.6182 0.1019
vn 0.4125 0.8954 0.1676
vn 0.4559 0.8820 0.1194
vn 0.7977 0.6027 0.0220
vn 0.4844 0.8724 0.0658
vn 0.8027 0.5933 -0.0601
vn 0.7920 0.5937 -0.1424
vn 0.7669 0.6021 -0.2219
vn 0.7318 0.6123 -0.2993
vn 0.9006 0.1726 -0.3990
vn 0.9373 0.1684 -0.3050
vn 0.9632 0.1651 -0.2121
vn 0.9789 0.1655 -0.1197
vn 0.9850 0.1705 -0.0258
vn 0.4157 -0.8120 0.4098
vn 0.4996 -0.7480 0.4369
vn 0.5628 -0.7191 0.4077
vn 0.5857 -0.7216 0.3690
vn 0.5832 -0.7408 0.3333
vn 0.5770 -0.7618 0.2947
vn 0.5780 -0.7754 0.2544
vn 0.8217 -0.4556 0.3424
vn 0.8505 -0.4539 0.2659
vn 0.5908 -0.7792 0.2092
vn 0.4639 -0.8675 0.1795
vn 0.4522 -0.8692 0.2000
vn 0.4380 -0.8734 0.2128
vn 0.3710 -0.8500 0.3738
vn 0.8794 -0.4439 0.1722
vn 0.8969 -0.4354 0.0776
vn 0.9065 -0.4222 -0.0053
vn 0.9101 -0.4089 -0.0668
vn 0.6723 -0.7354 -0.0841
vn 0.9025 -0.4155 -0.1135
vn 0.4341 -0.8816 -0.1856
vn 0.4407 -0.8796 -0.1792
vn 0.2770 -0.8256 -0.4916
vn 0.2687 -0.7849 -0.5583
vn 0.3069 -0.6191 -0.7229
vn 0.5987 -0.7844 -0.1622
vn 0.6421 -0.7513 -0.1527
vn 0.6673 -0.7348 -0.1217
vn 0.2935 -0.6650 -0.6867
vn 0.2621 -0.7980 -0.5426
vn 0.4839 -0.8507 -0.2055
vn 0.4875 -0.8505 -0.1977
vn 0.4654 -0.8486 -0.2515
vn 0.5710 -0.7054 -0.4199
vn 0.2579 -0.7029 -0.6628
vn 0.6253 -0.7336 -0.2661
vn 0.6171 -0.7448 -0.2538
vn 0.6178 -0.7128 -0.3322
vn 0.0973 -0.7470 -0.6576
vn 0.1112 -0.5604 -0.8207
vn 0.1558 -0.7384 -0.6561
vn 0.1823 -0.7243 -0.6650
vn 0.2458 -0.7148 -0.6548
vn 0.3283 -0.7144 -0.6179
vn 0.3912 -0.7152 -0.5792
vn 0.4452 -0.7119 -0.5431
vn 0.0892 -0.9317 -0.3520
vn 0.1126 -0.8877 -0.4465
vn 0.1270 -0.8450 -0.5195
vn 0.1413 -0.8479 -0.5111
vn 0.1865 -0.8507 -0.4915
vn 0.2453 -0.8530 -0.4607
vn 0.0612 -0.9853 -0.1593
vn 0.1304 -0.9308 -0.3414
vn 0.1715 -0.9296 -0.3264
vn 0.2171 -0.8861 -0.4095
vn 0.1652 -0.8865 -0.4322
vn 0.1253 -0.8868 -0.4449
vn 0.0997 -0.9309 -0.3515
vn 0.0480 -0.9854 -0.1635
vn 0.0418 -0.9859 -0.1621
vn 0.0186 -0.9982 -0.0568
vn -1.0000 -0.0000 -0.0000
vn 0.3101 -0.9505 0.0182
vn 0.3092 -0.9508 0.0181
vn 0.3093 -0.9508 0.0181
vn 0.3085 -0.9511 0.0181
vn 0.4567 -0.2234 -0.8611
vn 0.4433 -0.0299 -0.8959
vn 0.4425 -0.0293 -0.8963
vn 0.4568 -0.2234 -0.8611
vn 0.4333 -0.7472 -0.5039
vn 0.4443 -0.7229 -0.5292
vn 0.9214 -0.2310 0.3124
vn 0.9228 -0.0092 0.3851
vn 0.9172 -0.2148 0.3357
vn 0.9238 -0.2489 0.2910
vn 0.9305 -0.2401 0.2766
vn 0.9305 -0.2404 0.2764
vn 0.0624 0.0070 0.9980
vn 0.0589 0.0010 0.9983
vn 0.0587 0.0001 0.9983
vn 0.0598 0.0047 0.9982
vn 0.0624 0.0263 0.9977
vn 0.0550 0.0175 0.9983
vn 0.0436 0.0416 0.9982
vn 0.0361 0.0285 0.9989
vn 0.0152 0.0346 0.9993
vn 0.0103 0.0239 0.9997
vn -0.0053 0.0092 0.9999
vn -0.0077 0.0055 1.0000
vn -0.0124 -0.0053 0.9999
vn -0.0116 -0.0038 0.9999
vn -0.0079 0.0029 1.0000
vn 0.0054 0.0131 0.9999
vn -0.0116 -0.0034 0.9999
vn 0.0275 0.0149 0.9995
vn 0.0478 0.0083 0.9988
vn 0.0585 0.0001 0.9983
vn 0.0586 0.0001 0.9983
vn 0.9943 0.0888 -0.0583
vn 0.9954 0.0758 -0.0584
vn 0.9954 0.0757 -0.0584
vn 0.9943 0.0891 -0.0583
vn 0.9921 0.1115 -0.0582
vn 0.9921 0.1109 -0.0582
vn 0.9891 0.1352 -0.0580
vn 0.9893 0.1341 -0.0580
vn 0.9832 0.1734 -0.0576
vn 0.9833 0.1724 -0.0577
vn 0.9719 0.2282 -0.0570
vn 0.9720 0.2279 -0.0569
vn 0.9496 0.3083 -0.0561
vn 0.9496 0.3084 -0.0560
vn 0.9206 0.3868 -0.0537
vn 0.9206 0.3868 -0.0539
vn 0.9075 0.4167 -0.0533
vn -0.0673 0.5047 -0.8606
vn -0.1532 0.4936 -0.8561
vn -0.1659 0.5869 -0.7925
vn -0.0727 0.6055 -0.7925
vn -0.0000 0.5089 -0.8608
vn -0.0000 0.6102 -0.7923
vn 0.0727 0.6055 -0.7925
vn 0.0805 0.6859 -0.7232
vn -0.2448 0.4776 -0.8438
vn -0.2626 0.5501 -0.7927
vn -0.2839 0.6093 -0.7404
vn -0.1802 0.6598 -0.7295
vn -0.0805 0.6859 -0.7232
vn -0.0000 0.6916 -0.7222
vn 0.0899 0.7608 -0.6428
vn -0.3005 0.4663 -0.8321
vn -0.3308 0.5039 -0.7979
vn -0.3707 0.5432 -0.7533
vn -0.4228 0.5904 -0.6875
vn -0.3108 0.6740 -0.6701
vn -0.1966 0.7321 -0.6522
vn -0.0898 0.7615 -0.6419
vn -0.0000 0.7688 -0.6395
vn 0.1003 0.8334 -0.5435
vn 0.2166 0.8047 -0.5527
vn 0.2396 0.8651 -0.4407
vn -0.3765 0.4474 -0.8112
vn -0.4428 0.4711 -0.7629
vn -0.5231 0.4957 -0.6933
vn -0.6153 0.5272 -0.5861
vn -0.4895 0.6485 -0.5830
vn -0.3474 0.7470 -0.5669
vn -0.2166 0.8046 -0.5529
vn -0.1003 0.8334 -0.5435
vn -0.0000 0.8403 -0.5422
vn 0.1114 0.8927 -0.4366
vn 0.2620 0.9152 -0.3063
vn -0.5941 0.4089 -0.6927
vn -0.6930 0.4261 -0.5815
vn -0.7772 0.4416 -0.4483
vn -0.6970 0.5547 -0.4544
vn -0.5545 0.6960 -0.4563
vn -0.3866 0.8055 -0.4492
vn -0.2396 0.8651 -0.4407
vn -0.1114 0.8927 -0.4366
vn -0.0000 0.9002 -0.4355
vn 0.1223 0.9443 -0.3054
vn 0.2799 0.9477 -0.1531
vn -0.6092 0.7316 -0.3060
vn -0.4239 0.8520 -0.3073
vn -0.7626 0.5748 -0.2966
vn -0.8415 0.4557 -0.2901
vn -0.8753 0.3876 -0.2892
vn -0.8131 0.3715 -0.4481
vn -0.7316 0.3576 -0.5805
vn -0.6327 0.3403 -0.6956
vn -0.5008 0.3919 -0.7718
vn -0.5359 0.3212 -0.7808
vn -0.4156 0.3722 -0.8299
vn -0.4422 0.3018 -0.8446
vn -0.3288 0.3502 -0.8771
vn -0.3461 0.2879 -0.8929
vn -0.6460 0.7506 -0.1385
vn -0.8011 0.5849 -0.1275
vn -0.8118 0.5820 0.0477
vn -0.8870 0.4581 0.0586
vn -0.8782 0.4636 -0.1179
vn -0.9171 0.3919 0.0728
vn -0.9098 0.3988 -0.1151
vn -0.9254 0.3704 0.0806
vn -0.9190 0.3771 -0.1148
vn -0.8845 0.3640 -0.2919
vn -0.8233 0.3460 -0.4499
vn -0.7428 0.3309 -0.5821
vn -0.6445 0.3134 -0.6975
vn -0.5461 0.2924 -0.7851
vn -0.8985 0.3589 0.2528
vn -0.9040 0.3335 0.2674
vn -0.8632 0.2222 0.4533
vn -0.8710 0.4340 0.2303
vn -0.8596 0.3057 0.4094
vn -0.8196 0.1685 0.5477
vn -0.8303 0.0975 0.5488
vn -0.7685 0.0993 0.6321
vn -0.2495 0.8377 0.4858
vn -0.2277 0.7753 0.5891
vn -0.1068 0.8074 0.5803
vn -0.1171 0.8718 0.4757
vn -0.2720 0.9031 0.3324
vn -0.1279 0.9386 0.3205
vn -0.2852 0.9427 0.1734
vn -0.1323 0.9777 0.1628
vn -0.2867 0.9579 0.0126
vn -0.4636 0.8857 0.0230
vn -0.4581 0.8689 0.1878
vn -0.6588 0.7515 0.0360
vn -0.6478 0.7340 0.2038
vn -0.7964 0.5647 0.2164
vn -0.8306 0.3978 0.3896
vn -0.7986 0.2610 0.5423
vn -0.4359 0.8299 0.3483
vn -0.3979 0.7674 0.5028
vn -0.0000 0.7615 0.6481
vn 0.0979 0.7536 0.6500
vn 0.1066 0.8068 0.5812
vn -0.0000 0.8161 0.5779
vn 0.1171 0.8718 0.4757
vn -0.0000 0.8812 0.4727
vn 0.1276 0.9384 0.3211
vn -0.0002 0.9484 0.3171
vn 0.1319 0.9776 0.1641
vn -0.0000 0.9871 0.1601
vn -0.0000 1.0000 -0.0010
vn -0.1336 0.9910 0.0035
vn -0.2786 0.9482 -0.1527
vn -0.4537 0.8789 -0.1471
vn -0.2612 0.9153 -0.3066
vn -0.1223 0.9443 -0.3054
vn -0.1297 0.9791 -0.1566
vn -0.0000 0.9872 -0.1593
vn 0.1336 0.9910 0.0035
vn 0.1297 0.9791 -0.1566
vn -0.0000 0.9523 -0.3051
vn 0.2493 0.8374 0.4864
vn 0.2716 0.9030 0.3330
vn 0.2858 0.9425 0.1730
vn 0.2876 0.9577 0.0121
vn 0.4358 0.8299 0.3484
vn 0.4591 0.8684 0.1874
vn 0.4633 0.8859 0.0234
vn 0.4517 0.8800 -0.1470
vn 0.4238 0.8520 -0.3073
vn 0.3876 0.8054 -0.4484
vn 0.3472 0.7466 -0.5675
vn 0.1966 0.7321 -0.6522
vn 0.3110 0.6745 -0.6695
vn 0.1803 0.6596 -0.7297
vn 0.2839 0.6093 -0.7404
vn 0.1661 0.5868 -0.7925
vn 0.2627 0.5500 -0.7928
vn 0.6473 0.7344 0.2040
vn 0.7964 0.5647 0.2165
vn 0.8120 0.5817 0.0474
vn 0.6588 0.7514 0.0359
vn 0.6459 0.7507 -0.1385
vn 0.6093 0.7315 -0.3059
vn 0.5543 0.6960 -0.4564
vn 0.4899 0.6483 -0.5828
vn 0.4232 0.5901 -0.6875
vn 0.3707 0.5432 -0.7534
vn 0.3307 0.5035 -0.7982
vn 0.2448 0.4775 -0.8438
vn 0.3005 0.4661 -0.8322
vn 0.3129 0.4200 -0.8519
vn 0.3763 0.4472 -0.8114
vn 0.4428 0.4710 -0.7629
vn 0.5231 0.4957 -0.6933
vn 0.6155 0.5272 -0.5859
vn 0.6969 0.5547 -0.4547
vn 0.7624 0.5750 -0.2970
vn 0.8018 0.5839 -0.1273
vn 0.2383 0.4026 -0.8838
vn 0.1526 0.4936 -0.8562
vn 0.1487 0.4007 -0.9041
vn 0.2422 0.3372 -0.9097
vn 0.3287 0.3501 -0.8772
vn 0.4151 0.3719 -0.8303
vn 0.5008 0.3919 -0.7718
vn 0.5940 0.4085 -0.6930
vn 0.6931 0.4262 -0.5814
vn 0.7773 0.4417 -0.4479
vn 0.8416 0.4558 -0.2896
vn 0.5357 0.3209 -0.7810
vn 0.4428 0.3005 -0.8448
vn 0.6329 0.3406 -0.6953
vn 0.7311 0.3571 -0.5814
vn 0.8138 0.3715 -0.4470
vn 0.8750 0.3875 -0.2903
vn 0.9100 0.3982 -0.1157
vn 0.8783 0.4630 -0.1193
vn 0.9172 0.3918 0.0727
vn 0.8870 0.4581 0.0586
vn 0.8984 0.3590 0.2529
vn 0.8708 0.4342 0.2306
vn 0.8595 0.3056 0.4097
vn 0.8306 0.3978 0.3896
vn 0.2534 0.2883 -0.9234
vn 0.3462 0.2884 -0.8927
vn 0.3542 0.2647 -0.8969
vn 0.4516 0.2738 -0.8492
vn 0.5462 0.2922 -0.7850
vn 0.6445 0.3132 -0.6976
vn 0.7428 0.3308 -0.5821
vn 0.8234 0.3459 -0.4499
vn 0.8845 0.3639 -0.2919
vn 0.9190 0.3770 -0.1149
vn 0.9254 0.3703 0.0805
vn 0.9040 0.3335 0.2675
vn 0.8632 0.2221 0.4533
vn 0.8195 0.1686 0.5477
vn 0.7987 0.2609 0.5422
vn 0.7533 0.1602 0.6379
vn 0.7293 0.2428 0.6397
vn 0.6769 0.1659 0.7172
vn 0.6596 0.2386 0.7127
vn 0.5955 0.1723 0.7847
vn 0.5793 0.2415 0.7785
vn 0.4935 0.1837 0.8501
vn 0.4801 0.2476 0.8416
vn 0.3853 0.1939 0.9022
vn 0.3722 0.2551 0.8924
vn 0.2827 0.2042 0.9372
vn 0.2705 0.2634 0.9260
vn 0.1792 0.2147 0.9601
vn 0.8334 0.0714 0.5480
vn 0.8515 0.0697 0.5197
vn 0.8504 0.0998 0.5166
vn 0.8303 0.0974 0.5488
vn 0.7685 0.0993 0.6321
vn 0.6867 0.1082 0.7188
vn 0.6054 0.1177 0.7872
vn 0.5058 0.1299 0.8528
vn 0.3962 0.1421 0.9071
vn 0.2930 0.1518 0.9440
vn 0.1877 0.1601 0.9691
vn 0.0877 0.1656 0.9823
vn 0.0830 0.2222 0.9714
vn 0.7727 0.0792 0.6298
vn 0.6900 0.0885 0.7183
vn 0.6094 0.0980 0.7868
vn 0.5108 0.1127 0.8522
vn 0.4019 0.1252 0.9071
vn 0.2978 0.1347 0.9451
vn 0.1915 0.1419 0.9712
vn 0.0896 0.1475 0.9850
vn -0.0000 0.1483 0.9889
vn -0.0000 0.1675 0.9859
vn -0.0000 0.2248 0.9744
vn 0.0772 0.2849 0.9554
vn 0.0001 0.2881 0.9576
vn 0.0715 0.3225 0.9439
vn -0.0000 0.3260 0.9454
vn 0.0671 0.3739 0.9250
vn -0.0000 0.3776 0.9260
vn 0.0686 0.4685 0.8808
vn -0.0000 0.4718 0.8817
vn 0.0760 0.5830 0.8089
vn -0.0000 0.5867 0.8098
vn 0.0874 0.6825 0.7256
vn -0.0000 0.6890 0.7247
vn -0.0715 0.3226 0.9438
vn -0.0772 0.2849 0.9554
vn -0.0831 0.2222 0.9715
vn -0.0877 0.1656 0.9823
vn -0.0900 0.1465 0.9851
vn -0.0979 0.7536 0.6500
vn -0.0874 0.6825 0.7257
vn -0.0757 0.5837 0.8085
vn -0.0690 0.4679 0.8811
vn -0.0679 0.3733 0.9252
vn -0.1792 0.2147 0.9601
vn -0.1885 0.1602 0.9689
vn -0.1687 0.2756 0.9464
vn -0.1588 0.3115 0.9369
vn -0.1508 0.3611 0.9203
vn -0.1531 0.4552 0.8771
vn -0.1684 0.5657 0.8072
vn -0.1909 0.6582 0.7283
vn -0.2103 0.7247 0.6562
vn -0.2516 0.4306 0.8667
vn -0.2588 0.3011 0.9178
vn -0.2504 0.3485 0.9032
vn -0.3450 0.3472 0.8720
vn -0.3255 0.4046 0.8546
vn -0.3689 0.4539 0.8111
vn -0.2744 0.5246 0.8059
vn -0.3071 0.6051 0.7345
vn -0.3355 0.6619 0.6703
vn -0.3618 0.7080 0.6065
vn -0.6148 0.6986 0.3661
vn -0.5590 0.6449 0.5211
vn -0.5052 0.5965 0.6237
vn -0.4633 0.5584 0.6882
vn -0.4211 0.5130 0.7480
vn -0.5072 0.4021 0.7623
vn -0.5673 0.4309 0.7018
vn -0.6245 0.4559 0.6342
vn -0.6921 0.4902 0.5299
vn -0.7576 0.5323 0.3779
vn -0.5552 0.3109 0.7714
vn -0.4631 0.3010 0.8336
vn -0.6287 0.3212 0.7083
vn -0.6938 0.3351 0.6375
vn -0.7641 0.3606 0.5349
vn -0.4316 0.3688 0.8232
vn -0.3605 0.2961 0.8845
vn -0.3734 0.2538 0.8923
vn -0.4794 0.2478 0.8419
vn -0.5792 0.2415 0.7786
vn -0.6594 0.2388 0.7129
vn -0.7295 0.2425 0.6396
vn -0.7533 0.1602 0.6379
vn -0.6773 0.1643 0.7172
vn -0.5953 0.1731 0.7846
vn -0.4935 0.1837 0.8501
vn -0.3853 0.1939 0.9022
vn -0.2827 0.2042 0.9372
vn -0.2705 0.2634 0.9260
vn -0.6867 0.1083 0.7188
vn -0.6054 0.1177 0.7872
vn -0.5052 0.1303 0.8531
vn -0.3972 0.1418 0.9067
vn -0.2930 0.1518 0.9440
vn -0.8503 0.0999 0.5167
vn -0.8329 0.0728 0.5486
vn -0.7722 0.0781 0.6305
vn -0.6895 0.0872 0.7190
vn -0.6093 0.0990 0.7867
vn -0.5110 0.1120 0.8523
vn -0.4019 0.1252 0.9071
vn -0.2976 0.1351 0.9451
vn -0.1912 0.1425 0.9712
vn -0.8515 0.0697 0.5197
vn 0.3450 0.3472 0.8720
vn 0.4316 0.3688 0.8232
vn 0.3689 0.4538 0.8111
vn 0.5071 0.4021 0.7624
vn 0.4211 0.5130 0.7480
vn 0.5676 0.4312 0.7013
vn 0.4634 0.5586 0.6879
vn 0.6246 0.4560 0.6340
vn 0.5047 0.5962 0.6243
vn 0.6919 0.4902 0.5301
vn 0.5591 0.6449 0.5211
vn 0.7574 0.5323 0.3781
vn 0.6139 0.6989 0.3670
vn 0.3978 0.7673 0.5030
vn 0.3621 0.7085 0.6057
vn 0.3355 0.6617 0.6705
vn 0.3071 0.6052 0.7344
vn 0.2743 0.5248 0.8058
vn 0.1508 0.3611 0.9203
vn 0.2505 0.3486 0.9032
vn 0.2518 0.4305 0.8667
vn 0.3247 0.4058 0.8543
vn 0.1523 0.4557 0.8770
vn 0.1686 0.5655 0.8073
vn 0.1906 0.6587 0.7278
vn 0.2104 0.7239 0.6571
vn 0.2277 0.7753 0.5891
vn 0.1686 0.2756 0.9464
vn 0.1595 0.3128 0.9363
vn 0.7640 0.3606 0.5350
vn 0.6938 0.3350 0.6375
vn 0.6286 0.3212 0.7083
vn 0.5545 0.3109 0.7719
vn 0.4623 0.3012 0.8340
vn 0.3607 0.2959 0.8845
vn 0.2590 0.3005 0.9179
vn -0.0910 -0.9584 -0.2707
vn -0.1193 -0.9539 -0.2756
vn -0.1194 -0.9539 -0.2753
vn -0.0911 -0.9584 -0.2704
vn -0.0722 -0.9594 -0.2726
vn -0.0716 -0.9593 -0.2733
vn -0.0534 -0.9567 -0.2860
vn -0.0535 -0.9568 -0.2858
vn -0.0313 -0.9525 -0.3030
vn -0.0312 -0.9525 -0.3030
vn 0.0001 -0.9504 -0.3111
vn -0.0000 -0.9503 -0.3114
vn 0.0313 -0.9525 -0.3029
vn 0.0316 -0.9526 -0.3026
vn 0.0536 -0.9568 -0.2857
vn 0.0533 -0.9567 -0.2861
vn 0.0716 -0.9593 -0.2733
vn 0.0911 -0.9584 -0.2704
vn 0.0908 -0.9583 -0.2709
vn 0.1194 -0.9539 -0.2754
vn 0.1193 -0.9539 -0.2754
vn 0.1592 -0.9467 -0.2801
vn 0.1593 -0.9467 -0.2800
vn 0.2097 -0.9395 -0.2708
vn 0.2096 -0.9395 -0.2709
vn 0.2631 -0.9335 -0.2437
vn 0.2631 -0.9336 -0.2433
vn 0.3103 -0.9282 -0.2052
vn 0.3103 -0.9282 -0.2053
vn 0.3530 -0.9233 -0.1514
vn 0.3531 -0.9232 -0.1514
vn 0.3816 -0.9210 -0.0785
vn 0.3819 -0.9209 -0.0787
vn 0.3763 -0.9264 0.0105
vn 0.3763 -0.9265 0.0104
vn 0.3615 -0.9314 -0.0421
vn 0.3614 -0.9314 -0.0421
vn 1.0000 0.0031 -0.0000
vn 1.0000 0.0021 -0.0010
vn 1.0000 0.0020 -0.0011
vn 1.0000 0.0033 0.0002
vn 0.0096 0.0794 -0.9968
vn 0.0402 0.1840 -0.9821
vn 0.0402 0.1841 -0.9821
vn 0.0094 0.0795 -0.9968
vn -0.0000 -0.0031 -1.0000
vn -0.0000 -0.0042 -1.0000
vn -0.0000 0.0205 -0.9998
vn -0.0000 -0.0035 -1.0000
vn -0.0094 0.0796 -0.9968
vn -0.0095 0.0795 -0.9968
vn -0.0403 0.1841 -0.9821
vn -0.0402 0.1840 -0.9821
vn -0.0825 0.1866 -0.9790
vn -0.0910 0.1839 -0.9787
vn -0.1035 0.1897 -0.9764
vn -0.1055 0.1842 -0.9772
vn -0.0000 0.1799 -0.9837
vn -0.0000 0.1795 -0.9838
vn 0.1055 0.1842 -0.9772
vn 0.0909 0.1839 -0.9787
vn 0.1035 0.1897 -0.9764
vn 0.0826 0.1866 -0.9790
vn 0.0682 0.5044 -0.8608
vn 0.0670 0.4071 -0.9109
vn -0.0000 0.4120 -0.9112
vn 0.1530 0.3377 -0.9288
vn 0.0719 0.3484 -0.9346
vn -0.0000 0.3535 -0.9354
vn -0.0725 0.3466 -0.9352
vn -0.0670 0.4071 -0.9109
vn -0.1531 0.3377 -0.9287
vn -0.1486 0.4006 -0.9041
vn -0.2421 0.3370 -0.9098
vn -0.2381 0.4026 -0.8839
vn -0.3116 0.4189 -0.8529
vn -0.2534 0.2883 -0.9234
vn -0.1635 0.2995 -0.9400
vn -0.0799 0.3143 -0.9459
vn -0.0000 0.3222 -0.9467
vn 0.0798 0.3147 -0.9458
vn 0.1632 0.2993 -0.9401
vn -0.4515 0.2739 -0.8492
vn -0.3543 0.2649 -0.8968
vn -0.2607 0.2697 -0.9270
vn -0.1696 0.2838 -0.9438
vn -0.0841 0.3005 -0.9501
vn -0.0000 0.3087 -0.9512
vn 0.0841 0.3005 -0.9501
vn 0.1695 0.2836 -0.9438
vn 0.2607 0.2696 -0.9270
vn 0.2330 0.4305 -0.8720
vn 0.3105 0.3398 -0.8878
vn 0.1468 0.2552 -0.9557
vn 0.1116 0.2961 -0.9486
vn 0.1285 0.4898 -0.8623
vn 0.0098 0.5103 -0.8600
vn 0.0644 0.3230 -0.9442
vn 0.0112 0.1803 -0.9835
vn 0.1656 0.2049 -0.9647
vn 0.3521 0.2284 -0.9077
vn 0.1657 0.1512 -0.9745
vn 0.3524 0.1097 -0.9294
vn 0.1472 0.1007 -0.9840
vn 0.3113 -0.0015 -0.9503
vn 0.1122 0.0598 -0.9919
vn 0.2342 -0.0923 -0.9678
vn 0.0650 0.0331 -0.9973
vn 0.1298 -0.1515 -0.9799
vn 0.0114 0.0238 -0.9997
vn 0.0113 -0.1722 -0.9850
vn -0.0422 0.0330 -0.9986
vn 0.0108 0.3324 -0.9431
vn -0.0427 0.3229 -0.9455
vn -0.0900 0.2962 -0.9509
vn -0.1249 0.2553 -0.9588
vn -0.1436 0.2049 -0.9682
vn -0.1434 0.1511 -0.9781
vn -0.1244 0.1010 -0.9871
vn -0.0896 0.0597 -0.9942
vn -0.1073 -0.1516 -0.9826
vn -0.2118 -0.0923 -0.9729
vn -0.2896 -0.0016 -0.9571
vn -0.3309 0.1098 -0.9372
vn -0.3311 0.2282 -0.9156
vn -0.2903 0.3399 -0.8945
vn -0.2130 0.4305 -0.8771
vn -0.1089 0.4897 -0.8650
vn 0.0102 -0.4649 -0.8853
vn -0.2008 -0.4283 -0.8810
vn -0.3867 -0.3229 -0.8638
vn -0.5247 -0.1614 -0.8358
vn -0.5984 0.0364 -0.8004
vn -0.5989 0.2471 -0.7617
vn -0.5260 0.4452 -0.7247
vn -0.3886 0.6067 -0.6935
vn -0.2033 0.7121 -0.6720
vn 0.0076 0.7487 -0.6629
vn 0.2186 0.7121 -0.6671
vn 0.0020 0.9849 -0.1732
vn -0.3185 0.9293 -0.1871
vn -0.6002 0.7691 -0.2197
vn -0.8089 0.5238 -0.2669
vn -0.9196 0.2230 -0.3234
vn -0.9189 -0.0973 -0.3823
vn -0.8069 -0.3983 -0.4361
vn -0.5972 -0.6436 -0.4788
vn -0.3149 -0.8036 -0.5049
vn 0.0059 -0.8594 -0.5113
vn 0.3227 0.9293 -0.1798
vn -0.0020 0.9835 0.1807
vn -0.3437 0.9243 0.1659
vn -0.6444 0.7534 0.1313
vn -0.8670 0.4919 0.0792
vn -0.9851 0.1707 0.0200
vn -0.9844 -0.1707 -0.0427
vn -0.8649 -0.4918 -0.1005
vn -0.6411 -0.7534 -0.1460
vn -0.3402 -0.9241 -0.1741
vn 0.0021 -0.9836 -0.1805
vn 0.3441 -0.9241 -0.1663
vn 0.3265 -0.8037 -0.4974
vn 0.6443 -0.7534 -0.1314
vn 0.6079 -0.6437 -0.4649
vn 0.8670 -0.4918 -0.0807
vn 0.8167 -0.3983 -0.4176
vn 0.9851 -0.1707 -0.0201
vn 0.9274 -0.0974 -0.3611
vn 0.9844 0.1705 0.0427
vn 0.9267 0.2229 -0.3025
vn 0.8650 0.4916 0.1004
vn 0.8148 0.5238 -0.2485
vn 0.6414 0.7532 0.1458
vn 0.6050 0.7691 -0.2058
vn 0.3403 0.9241 0.1741
vn 0.2210 -0.4284 -0.8762
vn 0.4062 -0.3230 -0.8548
vn 0.5438 -0.1614 -0.8236
vn 0.6165 0.0364 -0.7865
vn 0.6161 0.2472 -0.7479
vn 0.5424 0.4453 -0.7124
vn 0.4044 0.6067 -0.6843
vn -0.4295 -0.7252 -0.5382
vn -0.4362 -0.7369 -0.5165
vn -0.4067 -0.9109 -0.0696
vn -0.3615 -0.9314 -0.0421
vn -0.3761 -0.9265 0.0103
vn -0.3763 -0.9265 0.0104
vn -0.3819 -0.9209 -0.0787
vn -0.3819 -0.9208 -0.0788
vn -0.3531 -0.9233 -0.1515
vn -0.3529 -0.9234 -0.1512
vn -0.3103 -0.9282 -0.2051
vn -0.3103 -0.9282 -0.2052
vn -0.2631 -0.9336 -0.2433
vn -0.2630 -0.9336 -0.2433
vn -0.2097 -0.9395 -0.2708
vn -0.2097 -0.9395 -0.2709
vn -0.1592 -0.9467 -0.2801
vn -0.1592 -0.9467 -0.2799
vn -0.9954 0.0814 -0.0508
vn -1.0000 -0.0017 -0.0000
vn -0.9970 0.0780 -0.0000
vn -0.9802 0.1981 -0.0000
vn -0.9808 0.1797 -0.0754
vn -0.9692 0.2459 0.0087
vn -0.9742 0.2230 -0.0349
vn -0.9920 0.1260 0.0082
vn -0.9938 0.1109 -0.0028
vn -1.0000 -0.0040 -0.0000
vn -0.9952 0.0965 -0.0143
vn -0.9768 0.1995 -0.0785
vn -0.9824 0.1652 -0.0877
vn -0.9908 0.1271 -0.0464
vn -0.9916 0.0988 -0.0831
vn -1.0000 -0.0018 -0.0000
vn -0.0000 -0.2406 0.9706
vn -0.0000 -0.2253 0.9743
vn -0.0000 -0.2393 0.9709
vn -0.0000 -0.1274 0.9919
vn -0.0000 -0.1272 0.9919
vn -0.0000 -0.2394 0.9709
vn -0.0000 -0.0606 0.9982
vn -0.0000 -0.0608 0.9982
vn -0.0000 -0.0605 0.9982
vn -0.4425 -0.0293 -0.8963
vn -0.4429 -0.0296 -0.8961
vn -0.4568 -0.2232 -0.8611
vn -0.4568 -0.2234 -0.8611
vn 0.3464 0.9381 -0.0000
vn 0.1233 0.9924 -0.0000
vn 0.5633 0.8262 -0.0000
vn 0.5634 0.8262 -0.0000
vn 0.8512 0.5249 -0.0000
vn 0.9911 0.1332 -0.0000
vn 1.0000 -0.0018 -0.0000
vn 0.8512 0.5248 -0.0000
vn 0.3462 0.9382 -0.0000
vn 0.1222 0.9925 -0.0000
vn 0.1223 0.9925 -0.0000
vn -0.9911 0.1332 -0.0000
vn -0.9911 0.1333 -0.0000
vn -0.8512 0.5248 -0.0000
vn -0.8512 0.5249 -0.0000
vn -0.5633 0.8263 -0.0000
vn -0.5633 0.8262 -0.0000
vn -0.3462 0.9381 -0.0000
vn -0.3463 0.9381 -0.0000
vn -0.1222 0.9925 -0.0000
vn -0.1224 0.9925 -0.0000
vn -0.3465 0.9380 -0.0000
vn -0.5634 0.8262 -0.0000
vn -0.0000 0.0001 1.0000
vn 1.0000 -0.0017 -0.0000
vn 0.9768 0.1995 -0.0785
vn 0.9952 0.0964 -0.0142
vn 0.9938 0.1113 -0.0032
vn 0.9742 0.2230 -0.0349
vn 0.9896 0.1381 0.0396
vn 0.9793 0.1889 -0.0730
vn 0.9942 0.0670 0.0838
vn 0.9961 0.0776 -0.0412
vn 0.9970 0.0780 -0.0000
vn 0.9802 0.1981 -0.0000
vn 0.9693 0.2459 0.0088
vn 0.9920 0.1258 0.0081
vn 1.0000 -0.0040 -0.0000
vn 0.9125 0.0414 0.4070
vn -1.0000 0.0031 -0.0000
vn -1.0000 0.0032 0.0001
vn -1.0000 0.0033 0.0002
vn -0.0312 0.9245 0.3800
vn -0.0166 0.9663 0.2570
vn -0.0154 0.9665 0.2561
vn -0.0153 0.9666 0.2560
vn -0.0313 0.9244 0.3802
vn -0.0604 0.7934 0.6056
vn -0.0604 0.7935 0.6056
vn -0.0852 0.6086 0.7889
vn -0.0852 0.6087 0.7888
vn -0.1043 0.3829 0.9179
vn -0.1043 0.3831 0.9178
vn -0.1161 0.1319 0.9844
vn -0.1162 0.1319 0.9844
vn -0.1197 -0.1741 0.9774
vn -0.1195 -0.1756 0.9772
vn -0.1172 -0.3552 0.9274
vn -0.1169 -0.3556 0.9273
vn -0.1079 -0.5516 0.8271
vn -0.1079 -0.5517 0.8270
vn -0.0820 -0.8115 0.5786
vn -0.0568 -0.9344 0.3517
vn -0.0566 -0.9344 0.3517
vn -0.0353 -0.9853 0.1670
vn -0.0352 -0.9853 0.1672
vn -0.0169 -0.9998 0.0122
vn -0.0170 -0.9998 0.0122
vn -0.0081 -0.9982 -0.0596
vn -0.0083 -0.9981 -0.0603
vn -0.9193 0.0760 -0.3861
vn -0.9065 -0.0141 -0.4220
vn -0.9230 -0.0781 -0.3767
vn -0.9231 -0.0782 -0.3765
vn -0.9373 -0.0316 -0.3470
vn -0.9194 0.0759 -0.3859
vn -0.9742 -0.0511 -0.2197
vn -0.9865 -0.0796 -0.1432
vn -0.9865 -0.0797 -0.1432
vn -0.9902 -0.1068 -0.0901
vn -0.9902 -0.1067 -0.0903
vn -0.9921 -0.1077 -0.0638
vn -0.9922 -0.1073 -0.0634
vn -0.0057 0.9249 0.3802
vn -0.0028 0.9665 0.2567
vn -0.0029 0.9665 0.2567
vn -0.0056 0.9249 0.3803
vn -0.0056 0.9248 0.3804
vn -0.0108 0.7950 0.6065
vn -0.0108 0.7956 0.6058
vn -0.0153 0.6092 0.7929
vn -0.0152 0.6112 0.7913
vn -0.0186 0.3848 0.9228
vn -0.0187 0.3851 0.9227
vn -0.0209 0.1326 0.9909
vn -0.0210 0.1334 0.9908
vn -0.0217 -0.1945 0.9807
vn -0.0217 -0.1941 0.9807
vn -0.0208 -0.3751 0.9267
vn -0.0208 -0.3752 0.9267
vn -0.0193 -0.5553 0.8315
vn -0.0193 -0.5531 0.8329
vn -0.0146 -0.8145 0.5799
vn -0.0146 -0.8135 0.5814
vn -0.0101 -0.9356 0.3528
vn -0.0101 -0.9357 0.3526
vn -0.0062 -0.9858 0.1676
vn -0.0062 -0.9859 0.1672
vn -0.0030 -0.9999 0.0127
vn -0.0030 -0.9999 0.0116
vn -0.0015 -0.9982 -0.0602
vn -0.0014 -0.9982 -0.0602
vn 0.2363 -0.0053 0.9717
vn 0.2356 -0.0054 0.9718
vn 0.2357 -0.0050 0.9718
vn 0.2363 -0.0047 0.9717
vn 0.2348 -0.0047 0.9720
vn 0.2363 -0.0042 0.9717
vn 0.2378 -0.0048 0.9713
vn 0.2384 -0.0053 0.9711
vn 0.2373 -0.0055 0.9714
vn -0.0292 -0.9996 -0.0049
vn 0.0068 -0.9982 -0.0599
vn 0.0080 -0.9980 -0.0633
vn 0.0080 -0.9980 -0.0632
vn 0.0137 -0.9998 0.0120
vn -0.0294 -0.9996 -0.0048
vn 0.0287 -0.9854 0.1677
vn 0.0287 -0.9856 0.1668
vn 0.0458 -0.9350 0.3517
vn 0.0458 -0.9349 0.3519
vn 0.0663 -0.8124 0.5792
vn 0.0664 -0.8126 0.5791
vn 0.0873 -0.5527 0.8288
vn 0.0873 -0.5526 0.8289
vn 0.0942 -0.3781 0.9210
vn 0.0946 -0.3767 0.9215
vn 0.0974 -0.1967 0.9756
vn 0.0974 -0.1981 0.9753
vn 0.0939 0.1335 0.9866
vn 0.0940 0.1324 0.9867
vn 0.0843 0.3837 0.9196
vn 0.0844 0.3834 0.9197
vn 0.0689 0.6094 0.7899
vn 0.0689 0.6093 0.7900
vn 0.0487 0.7941 0.6059
vn 0.0488 0.7939 0.6061
vn 0.0253 0.9245 0.3804
vn 0.0127 0.9665 0.2563
vn 0.4265 0.6048 0.6726
vn 0.5568 0.3015 0.7740
vn 0.6393 0.3116 0.7030
vn 0.5095 0.6168 0.6000
vn 0.2373 0.8343 0.4977
vn 0.3186 0.8476 0.4244
vn 0.0099 0.9624 0.2715
vn 0.0894 0.9762 0.1974
vn -0.2299 0.9729 0.0235
vn -0.1506 0.9871 -0.0540
vn -0.4505 0.8654 -0.2192
vn -0.3735 0.8791 -0.2962
vn -0.6258 0.6527 -0.4270
vn -0.5506 0.6649 -0.5048
vn -0.7369 0.3599 -0.5722
vn -0.6612 0.3705 -0.6524
vn -0.7667 0.0231 -0.6416
vn -0.6920 0.0315 -0.7212
vn -0.7146 -0.3178 -0.6232
vn -0.6393 -0.3114 -0.7031
vn -0.5859 -0.6211 -0.5205
vn -0.5094 -0.6167 -0.6002
vn -0.5869 -0.6210 -0.5195
vn -0.7163 -0.3177 -0.6212
vn -0.7674 0.0230 -0.6408
vn -0.7370 0.3599 -0.5721
vn -0.6276 0.6523 -0.4250
vn -0.4512 0.8654 -0.2179
vn -0.2296 0.9730 0.0233
vn 0.0084 0.9619 0.2732
vn 0.2370 0.8343 0.4978
vn 0.4272 0.6050 0.6719
vn -0.5098 -0.6167 -0.5998
vn -0.6392 -0.3116 -0.7031
vn -0.6919 0.0311 -0.7213
vn -0.6612 0.3702 -0.6525
vn -0.5507 0.6646 -0.5051
vn -0.3736 0.8790 -0.2964
vn -0.1505 0.9872 -0.0531
vn 0.0890 0.9762 0.1976
vn 0.3185 0.8477 0.4242
vn 0.5097 0.6167 0.5999
vn 0.5544 0.3017 0.7756
vn 0.6067 -0.0397 0.7939
vn 0.6089 -0.0393 0.7923
vn 0.5758 -0.3759 0.7260
vn 0.5768 -0.3762 0.7251
vn 0.4666 -0.6688 0.5788
vn 0.4681 -0.6688 0.5776
vn 0.2902 -0.8816 0.3723
vn 0.2913 -0.8817 0.3710
vn 0.0699 -0.9891 0.1296
vn 0.0709 -0.9892 0.1282
vn -0.1694 -0.9783 -0.1195
vn -0.1690 -0.9783 -0.1197
vn -0.3968 -0.8505 -0.3452
vn -0.3967 -0.8505 -0.3453
vn -0.3186 -0.8476 -0.4244
vn -0.0897 -0.9763 -0.1972
vn 0.1511 -0.9871 0.0530
vn 0.3724 -0.8791 0.2976
vn 0.5502 -0.6647 0.5054
vn 0.6613 -0.3702 0.6524
vn 0.6920 -0.0312 0.7212
vn 0.6394 0.3117 0.7029
vn 0.6918 -0.0311 0.7215
vn 0.6610 -0.3706 0.6525
vn 0.5494 -0.6643 0.5067
vn 0.3735 -0.8788 0.2970
vn 0.1512 -0.9871 0.0530
vn -0.0894 -0.9764 -0.1966
vn -0.3190 -0.8477 -0.4239
vn -0.7211 -0.0732 0.6889
vn -0.7212 -0.0732 0.6889
vn -0.7211 -0.0733 0.6889
vn -0.7212 -0.0733 0.6889
vn -0.7213 -0.0733 0.6887
vn -0.7214 -0.0732 0.6887
vn -0.7212 -0.0731 0.6888
vn -0.7210 -0.0733 0.6890
vn -0.7210 -0.0733 0.6891
vn -0.7214 -0.0733 0.6887
vn -0.7216 -0.0724 0.6885
vn -0.7213 -0.0730 0.6888
vn -0.7214 -0.0730 0.6886
vn -0.7215 -0.0730 0.6886
vn -0.7214 -0.0731 0.6886
vn 0.7214 -0.0734 0.6887
vn 0.7213 -0.0733 0.6887
vn 0.7214 -0.0733 0.6887
vn 0.7213 -0.0732 0.6888
vn 0.7212 -0.0732 0.6888
vn 0.7212 -0.0735 0.6888
vn 0.7212 -0.0734 0.6888
vn 0.7212 -0.0731 0.6888
vn 0.7213 -0.0730 0.6888
vn 0.7213 -0.0730 0.6887
vn 0.7213 -0.0729 0.6887
vn 0.7214 -0.0730 0.6887
vn 0.7216 -0.0731 0.6885
vn 0.7215 -0.0731 0.6886
vn 0.7212 -0.0733 0.6889
vn 0.7213 -0.0734 0.6887
vn 0.7216 -0.0736 0.6883
vn 0.7210 -0.0731 0.6891
vn 0.7211 -0.0732 0.6889
vn 0.7211 -0.0733 0.6889
vn 0.7213 -0.0731 0.6888
vn 0.7213 -0.0732 0.6887
vn 0.7214 -0.0732 0.6887
vn 0.7208 -0.0721 0.6894
vn 0.7212 -0.0733 0.6888
vn 0.7213 -0.0734 0.6888
vn 0.7213 -0.0733 0.6888
vn 0.7214 -0.0731 0.6887
vn 0.7215 -0.0722 0.6886
vn 0.7212 -0.0732 0.6889
vn 0.7214 -0.0748 0.6884
vn 0.7214 -0.0733 0.6886
vn 0.7214 -0.0732 0.6886
vn 0.4885 -0.1816 0.8534
vn 0.4792 -0.0793 0.8741
vn 0.2086 -0.2733 0.9390
vn 0.1909 -0.0780 0.9785
vn 0.4951 0.0240 0.8685
vn 0.2206 0.1197 0.9680
vn 0.5339 0.1161 0.8376
vn 0.2959 0.2948 0.9086
vn 0.5915 0.1857 0.7846
vn 0.4067 0.4272 0.8075
vn 0.6606 0.2245 0.7164
vn 0.5384 0.5020 0.6768
vn 0.7333 0.2275 0.6407
vn 0.6767 0.5088 0.5322
vn 0.8001 0.1950 0.5672
vn 0.8044 0.4466 0.3919
vn 0.8536 0.1304 0.5044
vn 0.9066 0.3231 0.2716
vn 0.8870 0.0417 0.4599
vn 0.7216 -0.0743 0.6883
vn 0.9701 0.1536 0.1877
vn 0.8963 -0.0605 0.4393
vn 0.9883 -0.0416 0.1470
vn 0.8805 -0.1638 0.4448
vn 0.9581 -0.2394 0.1574
vn 0.8415 -0.2558 0.4760
vn 0.8833 -0.4152 0.2175
vn 0.7838 -0.3255 0.5289
vn 0.7733 -0.5488 0.3177
vn 0.7148 -0.3639 0.5972
vn 0.6409 -0.6227 0.4488
vn 0.6420 -0.3676 0.6728
vn 0.5022 -0.6288 0.5936
vn 0.5751 -0.3350 0.7464
vn 0.3741 -0.5665 0.7342
vn 0.5219 -0.2703 0.8091
vn 0.2724 -0.4430 0.8541
vn -0.0208 -0.9998 -0.0064
vn -0.0197 -0.9998 -0.0081
vn -0.0188 -0.9998 -0.0049
vn -0.0188 -0.9998 -0.0046
vn -0.0140 -0.9999 -0.0010
vn -0.0146 -0.9999 -0.0015
vn -0.0000 -1.0000 -0.0001
vn 0.0146 -0.9999 -0.0014
vn 0.0145 -0.9999 -0.0019
vn 0.0188 -0.9998 -0.0046
vn 0.0188 -0.9998 -0.0049
vn 0.0198 -0.9998 -0.0077
vn 0.0196 -0.9998 -0.0081
vn 0.0236 -0.9996 -0.0128
vn 0.0233 -0.9996 -0.0128
vn 0.0264 -0.9995 -0.0184
vn 0.0263 -0.9995 -0.0186
vn 0.0283 -0.9993 -0.0246
vn 0.0281 -0.9993 -0.0239
vn 0.0294 -0.9991 -0.0312
vn 0.0299 -0.9991 -0.0307
vn 0.0314 -0.9987 -0.0390
vn 0.0323 -0.9987 -0.0382
vn 0.0310 -0.9986 -0.0434
vn 0.0322 -0.9986 -0.0424
vn 0.0261 -0.9990 -0.0368
vn 0.0256 -0.9990 -0.0373
vn -0.0481 -0.9939 0.0993
vn -0.0480 -0.9939 0.0993
vn -0.2882 -0.7574 0.5859
vn -0.2894 -0.7595 0.5827
vn 0.7213 -0.0731 0.6887
vn 0.7211 -0.0734 0.6890
vn 0.7211 -0.0735 0.6889
vn 0.7213 -0.0735 0.6887
vn 0.7215 -0.0735 0.6885
vn 0.0841 -0.1061 0.9908
vn 0.0942 -0.1050 0.9900
vn 0.1089 -0.0436 0.9931
vn 0.0842 -0.1067 0.9907
vn 0.0582 -0.1063 0.9926
vn 0.0565 -0.0994 0.9934
vn 0.0284 -0.1066 0.9939
vn 0.0254 -0.0961 0.9951
vn -0.0000 -0.1057 0.9944
vn -0.0000 -0.0876 0.9962
vn -0.0189 -0.1025 0.9946
vn -0.0276 -0.1071 0.9939
vn -0.0534 -0.1047 0.9931
vn -0.0585 -0.1061 0.9926
vn -0.0848 -0.1090 0.9904
vn -0.0848 -0.1059 0.9908
vn -0.1090 -0.0437 0.9931
vn -0.0952 -0.1065 0.9897
vn 0.1021 0.8306 0.5475
vn 0.1029 0.8305 0.5474
vn 0.0524 0.9184 0.3922
vn 0.0517 0.9184 0.3922
vn -0.0586 -0.0000 0.9983
vn -0.0586 -0.0001 0.9983
vn -0.0582 -0.0000 0.9983
vn -0.0588 0.0001 0.9983
vn -0.0590 0.0001 0.9983
vn -0.0566 0.0086 0.9984
vn -0.0566 0.0085 0.9984
vn -0.0522 0.0346 0.9980
vn -0.0523 0.0350 0.9980
vn -0.0530 0.0582 0.9969
vn -0.0538 0.0585 0.9968
vn -0.0641 0.0499 0.9967
vn -0.0644 0.0505 0.9966
vn -0.0652 0.0183 0.9977
vn -0.0213 -0.0175 0.9996
vn -0.0212 -0.0176 0.9996
vn 0.0061 -0.0041 1.0000
vn -0.0313 0.0135 0.9994
vn -0.0589 0.0001 0.9983
vn -0.0593 -0.0001 0.9982
vn -0.0582 0.0006 0.9983
vn -0.0584 0.0001 0.9983
vn -0.0590 -0.0000 0.9983
vn -0.5219 -0.2702 0.8091
vn -0.5751 -0.3350 0.7463
vn -0.2729 -0.4429 0.8541
vn -0.3745 -0.5662 0.7342
vn -0.6420 -0.3676 0.6728
vn -0.5024 -0.6285 0.5938
vn -0.7147 -0.3642 0.5971
vn -0.6413 -0.6216 0.4498
vn -0.7838 -0.3254 0.5289
vn -0.7733 -0.5488 0.3176
vn -0.8414 -0.2558 0.4760
vn -0.8833 -0.4156 0.2170
vn -0.8805 -0.1638 0.4449
vn -0.9580 -0.2395 0.1575
vn -0.8963 -0.0605 0.4393
vn -0.9883 -0.0415 0.1470
vn -0.8870 0.0417 0.4600
vn -0.9702 0.1533 0.1874
vn -0.8535 0.1306 0.5044
vn -0.7215 -0.0734 0.6886
vn -0.9065 0.3235 0.2715
vn -0.8003 0.1949 0.5670
vn -0.8046 0.4468 0.3911
vn -0.7331 0.2277 0.6409
vn -0.6763 0.5088 0.5327
vn -0.6608 0.2245 0.7162
vn -0.5390 0.5018 0.6766
vn -0.5913 0.1857 0.7848
vn -0.4053 0.4285 0.8076
vn -0.5339 0.1161 0.8375
vn -0.2954 0.2961 0.9083
vn -0.4948 0.0240 0.8686
vn -0.2203 0.1197 0.9681
vn -0.4791 -0.0794 0.8741
vn -0.1911 -0.0781 0.9785
vn -0.4885 -0.1815 0.8535
vn -0.2080 -0.2731 0.9392
vn -0.7214 -0.0722 0.6887
vn -0.7211 -0.0734 0.6889
vn 0.2882 -0.7574 0.5859
vn 0.2897 -0.7594 0.5825
vn 0.0482 -0.9939 0.0992
vn 0.0482 -0.9939 0.0993
vn -0.0266 -0.9990 -0.0360
vn -0.0268 -0.9990 -0.0355
vn -0.0310 -0.9986 -0.0435
vn -0.0321 -0.9986 -0.0422
vn -0.0320 -0.9987 -0.0384
vn -0.0318 -0.9987 -0.0387
vn -0.0298 -0.9991 -0.0308
vn -0.0294 -0.9991 -0.0312
vn -0.0281 -0.9993 -0.0239
vn -0.0283 -0.9993 -0.0246
vn -0.0267 -0.9995 -0.0182
vn -0.0234 -0.9996 -0.0128
vn -0.0236 -0.9996 -0.0128
vn -0.2363 -0.0053 0.9717
vn -0.2381 -0.0059 0.9712
vn -0.2379 -0.0052 0.9713
vn -0.2363 -0.0047 0.9717
vn -0.2368 -0.0044 0.9716
vn -0.2363 -0.0042 0.9717
vn -0.2348 -0.0047 0.9720
vn -0.2343 -0.0052 0.9722
vn -0.2357 -0.0053 0.9718
vn 0.6123 -0.0720 0.7873
vn 0.6037 -0.1111 0.7894
vn 0.5630 -0.0109 0.8264
vn 0.5709 -0.3101 0.7602
vn 0.5679 -0.3156 0.7602
vn 0.4143 -0.4631 0.7835
vn 0.5067 -0.4518 0.7342
vn 0.5907 -0.3788 0.7124
vn 0.5730 -0.3810 0.7256
vn 0.6960 -0.2396 0.6769
vn 0.5995 -0.2381 0.7641
vn 0.7780 -0.0008 0.6282
vn 0.7053 -0.0275 0.7083
vn 0.7841 0.1104 0.6107
vn 0.7828 0.3966 0.4795
vn 0.7805 0.3905 0.4882
vn 0.7604 0.4083 0.5050
vn 0.6926 0.3960 0.6030
vn 0.7158 0.2754 0.6417
vn 0.6489 0.5174 0.5578
vn 0.6885 0.2287 0.6882
vn 0.6453 -0.0142 0.7638
vn 0.6382 -0.0037 0.7699
vn 0.6439 -0.0417 0.7640
vn 0.6409 -0.0430 0.7664
vn 0.6448 -0.0802 0.7601
vn 0.6319 -0.0937 0.7693
vn 0.6242 -0.1220 0.7716
vn 0.6208 -0.1300 0.7731
vn 0.4573 -0.2683 0.8479
vn 0.5140 -0.2181 0.8296
vn 0.3373 -0.3886 0.8574
vn 0.4420 -0.3426 0.8290
vn 0.2302 -0.4493 0.8632
vn 0.2233 -0.4156 0.8817
vn 0.1187 -0.4642 0.8778
vn 0.1330 -0.4365 0.8898
vn -0.0000 -0.4738 0.8807
vn -0.0196 -0.4537 0.8910
vn -0.1415 -0.4466 0.8835
vn -0.1248 -0.4593 0.8795
vn -0.2278 -0.4164 0.8802
vn -0.2334 -0.4452 0.8645
vn -0.4146 -0.3723 0.8304
vn -0.3370 -0.3867 0.8584
vn -0.5220 -0.1928 0.8309
vn -0.4572 -0.2683 0.8479
vn -0.6204 -0.1292 0.7735
vn -0.6241 -0.1221 0.7717
vn -0.6314 -0.0927 0.7699
vn -0.6448 -0.0802 0.7601
vn -0.6410 -0.0426 0.7663
vn -0.6440 -0.0417 0.7639
vn -0.6395 -0.0022 0.7688
vn -0.6452 -0.0143 0.7639
vn -0.7006 0.2419 0.6713
vn -0.6967 0.2156 0.6842
vn -0.7449 0.3971 0.5361
vn -0.7436 0.3795 0.5505
vn -0.7477 0.3819 0.5433
vn -0.7804 0.3884 0.4901
vn -0.7828 0.3967 0.4795
vn -0.7607 0.0960 0.6419
vn -0.7960 0.1063 0.5959
vn -0.7017 -0.2270 0.6753
vn -0.6823 -0.2150 0.6987
vn -0.6873 -0.2427 0.6846
vn -0.5559 -0.4034 0.7268
vn -0.5908 -0.3788 0.7124
vn -0.4161 -0.4552 0.7872
vn -0.5067 -0.4519 0.7342
vn -0.5678 -0.3155 0.7603
vn -0.5709 -0.3101 0.7602
vn -0.6036 -0.1109 0.7895
vn -0.5802 -0.1051 0.8077
vn -0.5628 -0.0109 0.8265
vn -0.5069 0.0282 0.8616
vn -0.5277 -0.0245 0.8491
vn -0.4800 -0.0478 0.8760
vn -0.5395 -0.0503 0.8405
vn -0.5183 -0.0748 0.8519
vn -0.5789 -0.0471 0.8141
vn -0.5893 -0.0450 0.8067
vn -0.6306 -0.0550 0.7742
vn -0.6370 -0.1177 0.7619
vn -0.6864 -0.0534 0.7253
vn -0.6355 -0.0903 0.7668
vn -0.7166 -0.0446 0.6960
vn -0.7239 -0.0478 0.6882
vn -0.7002 -0.0674 0.7107
vn -0.6935 -0.0553 0.7183
vn -0.4802 -0.1072 0.8706
vn -0.4766 -0.0379 0.8783
vn -0.1656 -0.0240 0.9859
vn -0.1498 -0.0094 0.9887
vn 0.0028 -0.0049 1.0000
vn -0.0000 -0.0016 1.0000
vn 0.1499 -0.0094 0.9887
vn 0.1181 -0.0192 0.9928
vn 0.4766 -0.0379 0.8783
vn 0.4802 -0.1072 0.8706
vn 0.6934 -0.0553 0.7184
vn 0.6622 -0.0535 0.7474
vn 0.7240 -0.0477 0.6882
vn 0.7149 -0.0403 0.6981
vn 0.6862 -0.0532 0.7254
vn 0.6335 -0.0620 0.7712
vn 0.6370 -0.1177 0.7618
vn 0.6307 -0.0549 0.7741
vn 0.5893 -0.0449 0.8067
vn 0.5787 -0.0470 0.8142
vn 0.5223 -0.0301 0.8523
vn 0.5394 -0.0503 0.8405
vn 0.5288 0.0820 0.8448
vn 0.5276 -0.0245 0.8491
vn 0.5806 0.1005 0.8080
vn -0.9799 0.1911 0.0575
vn -0.9778 0.2016 0.0575
vn -0.9849 0.1630 0.0577
vn -0.9896 0.1313 0.0580
vn -0.9946 0.0859 0.0584
vn -0.9983 0.0031 0.0585
vn -0.9971 -0.0484 0.0585
vn -0.9971 -0.0483 0.0585
vn -0.3084 -0.9511 0.0182
vn -0.3091 -0.9509 0.0182
vn -0.3086 -0.9510 0.0181
vn -0.3093 -0.9508 0.0183
vn -0.3084 -0.9511 0.0179
vn -0.3098 -0.9506 0.0179
vn 0.9905 0.0369 0.1321
vn 0.9983 0.0288 0.0501
vn 0.9715 0.2290 0.0611
vn 0.9995 0.0158 -0.0262
vn 0.9729 0.2304 -0.0181
vn 0.8684 0.4959 -0.0034
vn 0.8702 0.4845 -0.0898
vn 0.7189 0.6928 -0.0571
vn 0.8700 0.4580 -0.1826
vn 0.7136 0.6884 -0.1299
vn 0.8590 0.4333 -0.2728
vn 0.7005 0.6830 -0.2069
vn 0.8298 0.4256 -0.3609
vn 0.9707 0.0412 0.2367
vn 0.9615 0.2361 0.1409
vn 0.8635 0.4995 0.0701
vn 0.7174 0.6965 0.0139
vn 0.6451 0.7631 -0.0399
vn 0.6368 0.7636 -0.1067
vn 0.6225 0.7627 -0.1752
vn 0.6757 0.6798 -0.2850
vn 0.7831 0.4309 -0.4483
vn 0.6043 0.7576 -0.2468
vn 0.6128 0.7724 -0.1670
vn 0.6235 0.7753 -0.1004
vn 0.6276 0.7778 -0.0346
vn 0.6448 0.7640 0.0227
vn 0.7112 0.6988 0.0764
vn 0.8496 0.5066 0.1464
vn 0.6239 0.7752 -0.0992
vn 0.9863 -0.1120 0.1210
vn 0.9922 -0.1204 0.0313
vn 0.9685 -0.1136 0.2217
vn 0.9380 -0.1142 0.3272
vn 0.7944 0.1682 -0.5836
vn 0.8565 0.1556 -0.4922
vn 0.9008 0.1589 -0.4040
vn 0.9344 0.1727 -0.3116
vn 0.9576 0.1869 -0.2191
vn 0.9694 0.2135 -0.1209
vn 0.9923 0.0040 -0.1237
vn 0.9827 -0.1515 -0.1066
vn 0.9897 -0.1377 -0.0393
vn 0.9753 -0.0011 -0.2207
vn 0.7332 0.0919 -0.6738
vn 0.8063 0.0807 -0.5860
vn 0.8672 0.0692 -0.4931
vn 0.9070 0.0712 -0.4151
vn 0.9397 -0.0220 -0.3414
vn 0.9401 -0.0217 -0.3401
vn 0.9395 -0.0220 -0.3418
vn 0.9391 -0.0218 -0.3431
vn 0.9390 -0.0217 -0.3432
vn -0.0000 -1.0000 -0.0000
vn -0.0000 -1.0000 0.0001
vn 0.0420 -0.9373 -0.3460
vn -0.0000 -0.9381 -0.3463
vn 0.3818 0.2690 0.8842
vn 0.1931 0.2880 0.9380
vn 0.1991 0.2053 0.9582
vn 0.3993 0.1866 0.8976
vn 0.5557 0.2361 0.7972
vn 0.5760 0.1545 0.8027
vn 0.7005 0.2116 0.6816
vn 0.7136 0.1319 0.6880
vn 0.8030 0.2142 0.5562
vn 0.8114 0.1351 0.5687
vn 0.8862 0.1545 0.4368
vn 0.8750 0.2347 0.4235
vn 0.9545 0.1590 0.2523
vn 0.9344 0.2489 0.2550
vn 0.9862 0.1519 0.0657
vn 0.9658 0.2502 0.0686
vn 0.9815 0.1591 -0.1067
vn 0.9629 0.2471 -0.1082
vn 0.9387 0.1666 -0.3017
vn 0.9233 0.2481 -0.2933
vn -0.0000 0.2933 0.9560
vn -0.0000 0.2089 0.9779
vn -0.0000 0.1250 0.9922
vn 0.2072 0.1208 0.9708
vn 0.4140 0.1029 0.9044
vn 0.5920 0.0729 0.8026
vn 0.7218 0.0516 0.6902
vn 0.8144 0.0552 0.5777
vn 0.8914 0.0734 0.4472
vn 0.9665 0.0675 0.2475
vn 0.9967 0.0527 0.0618
vn 0.9919 0.0700 -0.1058
vn 0.9473 0.0863 -0.3085
vn 0.8610 0.0912 -0.5003
vn 0.8523 0.1736 -0.4935
vn 0.7258 0.1015 -0.6804
vn 0.7164 0.1828 -0.6733
vn 0.5555 0.1133 -0.8238
vn 0.5463 0.1935 -0.8149
vn 0.3693 0.1224 -0.9212
vn 0.3619 0.2032 -0.9098
vn 0.1812 0.1293 -0.9749
vn 0.1778 0.2085 -0.9617
vn -0.0000 0.1311 -0.9914
vn -0.0000 0.2105 -0.9776
vn 0.1723 0.2886 -0.9418
vn -0.0000 0.2882 -0.9576
vn 0.8374 0.2544 -0.4837
vn 0.7018 0.2647 -0.6613
vn 0.5329 0.2745 -0.8004
vn 0.3522 0.2829 -0.8922
vn 0.6411 0.6256 0.4445
vn 0.6774 0.6401 0.3625
vn 0.3341 0.9094 0.2479
vn 0.3111 0.9034 0.2952
vn 0.6083 0.6069 0.5116
vn 0.2930 0.8939 0.3392
vn 0.8582 0.1297 0.4966
vn 0.9032 0.1470 0.4032
vn 0.9431 0.1613 0.2906
vn 0.7155 0.6430 0.2732
vn 0.3664 0.9069 0.2082
vn 0.2715 0.9447 0.1837
vn 0.2456 0.9479 0.2028
vn 0.2322 0.9435 0.2366
vn 0.2171 0.9371 0.2732
vn 0.3253 0.9261 0.1911
vn 0.5129 0.8448 0.1526
vn 0.3993 0.9128 0.0859
vn 0.1253 0.0808 -0.9888
vn -0.7974 -0.0191 -0.6031
vn -0.7975 -0.0191 -0.6030
vn -0.7964 -0.0190 -0.6045
vn -0.7963 -0.0190 -0.6046
vn -0.7957 -0.0189 -0.6055
vn -0.7956 -0.0189 -0.6055
vn 0.1872 0.9384 0.2906
vn 0.1874 0.9383 0.2905
vn 0.3708 0.6436 0.6696
vn 0.3708 0.6436 0.6695
vn 0.4550 -0.0495 0.8891
vn 0.4551 -0.0494 0.8890
vn -0.1803 0.8414 0.5095
vn 0.1150 0.9369 0.3300
vn 0.0245 0.9855 0.1682
vn 0.0245 0.9855 0.1681
vn 0.0715 0.9928 0.0957
vn 0.0715 0.9928 0.0956
vn 0.0998 0.9916 0.0820
vn 0.1000 0.9916 0.0816
vn 0.1000 0.9914 0.0842
vn 0.0998 0.9914 0.0852
vn 0.0973 0.9908 0.0941
vn 0.0969 0.9908 0.0946
vn 0.1085 0.9871 0.1176
vn 0.1087 0.9870 0.1184
vn 0.1208 0.9824 0.1423
vn 0.1210 0.9824 0.1423
vn 0.1267 0.9782 0.1647
vn 0.1267 0.9781 0.1651
vn 0.3972 -0.8505 -0.3448
vn 0.3960 -0.8506 -0.3459
vn 0.5870 -0.6211 -0.5193
vn 0.5872 -0.6210 -0.5192
vn 0.3198 -0.8474 -0.4238
vn 0.5093 -0.6170 -0.5999
vn 0.7164 -0.3176 -0.6212
vn 0.6405 -0.3114 -0.7020
vn 0.7672 0.0230 -0.6410
vn 0.6919 0.0311 -0.7213
vn 0.7368 0.3600 -0.5724
vn 0.6612 0.3702 -0.6525
vn 0.6269 0.6525 -0.4258
vn 0.5507 0.6646 -0.5051
vn 0.4507 0.8654 -0.2190
vn 0.3736 0.8790 -0.2964
vn 0.2300 0.9729 0.0236
vn 0.1511 0.9871 -0.0526
vn -0.0082 0.9620 0.2729
vn -0.0891 0.9762 0.1978
vn -0.2379 0.8344 0.4971
vn -0.2372 0.8344 0.4976
vn -0.0103 0.9623 0.2717
vn 0.2288 0.9732 0.0221
vn 0.4501 0.8653 -0.2205
vn 0.6266 0.6525 -0.4261
vn 0.7366 0.3600 -0.5726
vn 0.7667 0.0231 -0.6416
vn 0.7153 -0.3177 -0.6224
vn -0.0899 0.9763 0.1968
vn -0.3179 0.8478 0.4244
vn 0.1510 0.9871 -0.0530
vn 0.3735 0.8788 -0.2969
vn 0.5498 0.6646 -0.5059
vn 0.6612 0.3705 -0.6524
vn 0.6920 0.0315 -0.7212
vn 0.6393 -0.3114 -0.7031
vn 0.5100 -0.6168 -0.5996
vn 0.3185 -0.8472 -0.4251
vn 0.0889 -0.9761 -0.1983
vn 0.1676 -0.9785 -0.1203
vn -0.1506 -0.9872 0.0533
vn -0.0709 -0.9892 0.1284
vn -0.3723 -0.8789 0.2982
vn -0.2914 -0.8818 0.3709
vn -0.5505 -0.6645 0.5054
vn -0.4671 -0.6688 0.5784
vn -0.6613 -0.3702 0.6524
vn -0.5773 -0.3762 0.7247
vn -0.6920 -0.0313 0.7212
vn -0.6084 -0.0392 0.7927
vn -0.6393 0.3116 0.7030
vn -0.5563 0.3016 0.7743
vn -0.5094 0.6168 0.6000
vn -0.4270 0.6049 0.6722
vn 0.1690 -0.9784 -0.1194
vn -0.0702 -0.9891 0.1297
vn -0.2908 -0.8816 0.3717
vn -0.4669 -0.6687 0.5786
vn -0.5760 -0.3759 0.7259
vn -0.6082 -0.0390 0.7928
vn -0.5546 0.3016 0.7755
vn -0.4262 0.6048 0.6728
vn -0.3187 0.8479 0.4236
vn -0.5099 0.6168 0.5996
vn -0.6394 0.3113 0.7031
vn -0.6919 -0.0311 0.7213
vn -0.6610 -0.3701 0.6528
vn -0.5492 -0.6650 0.5061
vn -0.3742 -0.8785 0.2970
vn -0.1519 -0.9870 0.0527
vn 0.0892 -0.9762 -0.1978
vn -0.8031 0.2142 0.5560
vn -0.8751 0.2346 0.4232
vn -0.8864 0.1545 0.4363
vn -0.8117 0.1353 0.5682
vn -0.7137 0.1318 0.6879
vn -0.7007 0.2114 0.6814
vn -0.5759 0.1551 0.8027
vn -0.5559 0.2357 0.7971
vn -0.3994 0.1865 0.8976
vn -0.3818 0.2691 0.8842
vn -0.1991 0.2053 0.9582
vn -0.1928 0.2885 0.9379
vn -0.2061 0.1203 0.9711
vn -0.4141 0.1025 0.9044
vn -0.5922 0.0726 0.8025
vn -0.7219 0.0515 0.6900
vn -0.8144 0.0549 0.5776
vn -0.8915 0.0731 0.4470
vn -0.9667 0.0674 0.2469
vn -0.9546 0.1589 0.2519
vn -0.9967 0.0525 0.0611
vn -0.9863 0.1518 0.0649
vn -0.3520 0.2827 -0.8923
vn -0.1723 0.2885 -0.9418
vn -0.1777 0.2084 -0.9618
vn -0.3617 0.2031 -0.9099
vn -0.5322 0.2752 -0.8007
vn -0.5458 0.1941 -0.8151
vn -0.7015 0.2645 -0.6618
vn -0.7160 0.1826 -0.6738
vn -0.8378 0.2535 -0.4836
vn -0.8520 0.1724 -0.4943
vn -0.9230 0.2479 -0.2941
vn -0.9385 0.1664 -0.3025
vn -0.9627 0.2474 -0.1094
vn -0.9814 0.1590 -0.1076
vn -0.9658 0.2500 0.0679
vn -0.9345 0.2487 0.2545
vn -0.9921 0.0694 -0.1049
vn -0.9472 0.0861 -0.3088
vn -0.8609 0.0922 -0.5004
vn -0.7254 0.1020 -0.6808
vn -0.5553 0.1115 -0.8241
vn -0.3695 0.1229 -0.9211
vn -0.1821 0.1293 -0.9747
vn -0.0223 -0.9997 -0.0038
vn 0.0083 -0.9982 -0.0602
vn 0.0095 -0.9981 -0.0610
vn 0.0094 -0.9981 -0.0610
vn 0.0169 -0.9998 0.0122
vn -0.0224 -0.9997 -0.0037
vn 0.0353 -0.9853 0.1671
vn 0.0353 -0.9853 0.1669
vn 0.0567 -0.9344 0.3517
vn 0.0820 -0.8115 0.5786
vn 0.0820 -0.8116 0.5784
vn 0.1079 -0.5516 0.8271
vn 0.1078 -0.5519 0.8269
vn 0.1170 -0.3556 0.9273
vn 0.1172 -0.3552 0.9274
vn 0.1197 -0.1741 0.9774
vn 0.1205 -0.1743 0.9773
vn 0.1162 0.1321 0.9844
vn 0.1161 0.1313 0.9845
vn 0.1043 0.3832 0.9178
vn 0.1043 0.3829 0.9179
vn 0.0853 0.6086 0.7889
vn 0.0853 0.6085 0.7890
vn 0.0604 0.7934 0.6058
vn 0.0604 0.7933 0.6058
vn 0.0312 0.9244 0.3801
vn 0.0313 0.9244 0.3801
vn 0.0159 0.9665 0.2563
vn 0.0156 0.9665 0.2561
vn -0.3186 0.8476 0.4243
vn -0.3192 0.8477 0.4236
vn -0.5106 0.6170 0.5988
vn -0.5098 0.6165 0.6000
vn -0.6397 0.3115 0.7026
vn -0.6396 0.3116 0.7027
vn -0.6920 -0.0318 0.7212
vn -0.6921 -0.0309 0.7211
vn -0.6612 -0.3702 0.6525
vn -0.6612 -0.3703 0.6525
vn -0.5500 -0.6647 0.5056
vn -0.5490 -0.6647 0.5068
vn -0.3726 -0.8789 0.2977
vn -0.3730 -0.8789 0.2973
vn -0.1511 -0.9871 0.0532
vn -0.1510 -0.9871 0.0533
vn 0.0892 -0.9763 -0.1973
vn 0.0900 -0.9763 -0.1968
vn 0.3187 -0.8477 -0.4241
vn 0.5105 -0.6169 -0.5991
vn 0.5104 -0.6168 -0.5992
vn 0.6392 -0.3116 -0.7030
vn 0.6921 0.0309 -0.7212
vn 0.6914 0.0305 -0.7218
vn 0.6615 0.3707 -0.6520
vn 0.6613 0.3702 -0.6525
vn 0.5502 0.6646 -0.5056
vn 0.5503 0.6646 -0.5054
vn 0.3729 0.8789 -0.2974
vn 0.3726 0.8790 -0.2977
vn 0.1505 0.9872 -0.0535
vn 0.1507 0.9871 -0.0533
vn -0.0889 0.9763 0.1975
vn -0.0891 0.9763 0.1974
vn 0.3734 0.8789 -0.2967
vn 0.3730 0.8789 -0.2972
vn 0.5499 0.6647 -0.5058
vn 0.5507 0.6648 -0.5048
vn 0.6614 0.3702 -0.6523
vn 0.6604 0.3696 -0.6537
vn 0.6917 0.0317 -0.7215
vn 0.6916 0.0310 -0.7216
vn 0.6391 -0.3120 -0.7030
vn 0.6395 -0.3114 -0.7029
vn 0.5108 -0.6168 -0.5988
vn 0.5097 -0.6167 -0.5999
vn 0.3197 -0.8475 -0.4237
vn 0.3190 -0.8476 -0.4240
vn 0.0885 -0.9762 -0.1978
vn 0.0894 -0.9762 -0.1974
vn -0.1508 -0.9871 0.0532
vn -0.1522 -0.9870 0.0525
vn -0.3732 -0.8789 0.2971
vn -0.3742 -0.8788 0.2962
vn -0.5498 -0.6646 0.5061
vn -0.5501 -0.6647 0.5055
vn -0.6611 -0.3708 0.6523
vn -0.6612 -0.3704 0.6524
vn -0.6920 -0.0317 0.7212
vn -0.6921 -0.0311 0.7211
vn -0.6399 0.3121 0.7023
vn -0.6398 0.3113 0.7026
vn -0.5100 0.6165 0.5999
vn -0.5100 0.6162 0.6002
vn -0.3198 0.8480 0.4227
vn -0.3188 0.8476 0.4242
vn -0.0891 0.9761 0.1980
vn -0.0904 0.9764 0.1962
vn 0.1511 0.9871 -0.0525
vn 0.1511 0.9871 -0.0528
vn 0.0652 0.0180 0.9977
vn 0.0643 0.0503 0.9967
vn 0.0646 0.0508 0.9966
vn 0.0523 0.0576 0.9970
vn 0.0538 0.0585 0.9968
vn 0.0523 0.0349 0.9980
vn 0.0522 0.0352 0.9980
vn 0.0567 0.0086 0.9984
vn 0.0566 0.0085 0.9984
vn 0.0587 -0.0000 0.9983
vn 0.0590 0.0001 0.9983
vn 0.0588 0.0001 0.9983
vn 0.0586 -0.0000 0.9983
vn 0.0582 0.0007 0.9983
vn 0.0582 -0.0000 0.9983
vn 0.0591 -0.0000 0.9983
vn 0.0574 0.0001 0.9984
vn 0.0583 0.0001 0.9983
vn 0.0582 0.0001 0.9983
vn 0.0592 -0.0001 0.9982
vn 0.0313 0.0133 0.9994
vn 0.0313 0.0135 0.9994
vn -0.0062 -0.0041 1.0000
vn -0.0061 -0.0041 1.0000
vn 0.0213 -0.0175 0.9996
vn 0.0212 -0.0175 0.9996
vn 0.0652 0.0183 0.9977
vn 0.0101 -0.9360 0.3519
vn 0.0146 -0.8146 0.5799
vn 0.0146 -0.8135 0.5814
vn 0.0101 -0.9357 0.3526
vn 0.0063 -0.9858 0.1676
vn 0.0063 -0.9859 0.1672
vn 0.0030 -0.9999 0.0127
vn -0.0383 -0.9992 -0.0068
vn 0.0030 -0.9982 -0.0600
vn -0.0383 -0.9992 -0.0069
vn 0.0015 -0.9982 -0.0602
vn 0.0030 -0.9982 -0.0601
vn 0.0028 0.9665 0.2567
vn 0.0029 0.9665 0.2567
vn 0.0056 0.9252 0.3796
vn 0.0056 0.9249 0.3802
vn 0.0109 0.7946 0.6070
vn 0.0108 0.7947 0.6069
vn 0.0153 0.6106 0.7918
vn 0.0152 0.6112 0.7913
vn 0.0186 0.3848 0.9228
vn 0.0187 0.3863 0.9222
vn 0.0209 0.1326 0.9909
vn 0.0210 0.1335 0.9908
vn 0.0217 -0.1945 0.9807
vn 0.0217 -0.1941 0.9807
vn 0.0208 -0.3751 0.9267
vn 0.0208 -0.3752 0.9267
vn 0.0192 -0.5553 0.8314
vn 0.0193 -0.5548 0.8317
vn -0.9954 0.0757 -0.0585
vn -0.9943 0.0888 -0.0584
vn -0.9943 0.0891 -0.0584
vn -0.9921 0.1115 -0.0583
vn -0.9921 0.1109 -0.0582
vn -0.9891 0.1352 -0.0579
vn -0.9893 0.1341 -0.0580
vn -0.9832 0.1734 -0.0577
vn -0.9833 0.1723 -0.0577
vn -0.9719 0.2285 -0.0569
vn -0.9720 0.2281 -0.0569
vn -0.9497 0.3080 -0.0557
vn -0.9207 0.3865 -0.0540
vn -0.9205 0.3871 -0.0540
vn -0.9075 0.4167 -0.0532
vn -0.0252 0.9246 0.3800
vn -0.0122 0.9666 0.2560
vn -0.0129 0.9664 0.2566
vn -0.0131 0.9664 0.2567
vn -0.0253 0.9245 0.3803
vn -0.0253 0.9246 0.3802
vn -0.0488 0.7939 0.6061
vn -0.0489 0.7940 0.6060
vn -0.0689 0.6093 0.7900
vn -0.0689 0.6093 0.7899
vn -0.0843 0.3833 0.9198
vn -0.0843 0.3840 0.9195
vn -0.0940 0.1322 0.9868
vn -0.0939 0.1334 0.9866
vn -0.0974 -0.1967 0.9756
vn -0.0974 -0.1981 0.9753
vn -0.0942 -0.3770 0.9214
vn -0.0941 -0.3780 0.9210
vn -0.0873 -0.5528 0.8287
vn -0.0873 -0.5526 0.8289
vn -0.0664 -0.8125 0.5792
vn -0.0663 -0.8125 0.5792
vn -0.0458 -0.9349 0.3520
vn -0.0458 -0.9349 0.3518
vn -0.0287 -0.9855 0.1670
vn -0.0286 -0.9855 0.1673
vn -0.0138 -0.9998 0.0120
vn -0.0136 -0.9998 0.0127
vn -0.0069 -0.9982 -0.0593
vn -0.0069 -0.9982 -0.0596
vn -0.0000 0.6108 0.7918
vn -0.0000 0.3850 0.9229
vn -0.0000 0.7947 0.6070
vn -0.0000 0.7952 0.6064
vn -0.0000 0.9246 0.3809
vn -0.0000 0.9248 0.3805
vn -0.0000 0.9666 0.2564
vn 0.0001 -0.9981 -0.0609
vn -0.0000 -0.9982 -0.0607
vn -0.0000 -0.9999 0.0129
vn -0.0000 -0.9860 0.1665
vn -0.0000 -0.9359 0.3522
vn -0.0000 -0.8140 0.5809
vn -0.0000 -0.5537 0.8327
vn -0.0000 -0.5550 0.8318
vn -0.0000 -0.3412 0.9400
vn -0.0000 -0.1585 0.9874
vn -0.0000 0.1333 0.9911
vn 0.0862 0.5761 -0.8128
vn 0.1014 0.5742 -0.8124
vn -0.1000 -0.0000 0.9950
vn -0.2071 -0.0012 0.9783
vn -0.3199 -0.0024 0.9474
vn -0.4296 -0.0039 0.9030
vn -0.5306 -0.0055 0.8476
vn -0.6124 -0.0072 0.7905
vn 0.5512 0.0854 -0.8300
vn 0.6386 0.0838 -0.7650
vn 0.7202 0.0817 -0.6889
vn 0.7949 0.0783 -0.6017
vn 0.8570 0.0745 -0.5098
vn 0.9069 0.0708 -0.4155
vn 0.9444 0.0686 -0.3217
vn 0.9711 0.0660 -0.2293
vn 0.9881 0.0650 -0.1391
vn 0.9966 0.0658 -0.0495
vn 0.9744 -0.0240 -0.2236
vn 0.9440 -0.0220 -0.3293
vn 0.9118 -0.0212 -0.4102
vn 0.8627 -0.0192 -0.5053
vn 0.8010 -0.0167 -0.5985
vn 0.7276 -0.0142 -0.6859
vn 0.6449 -0.0117 -0.7641
vn 0.5574 -0.0092 -0.8302
vn 0.4600 0.0850 -0.8838
vn 0.4656 -0.0070 -0.8850
vn 0.3662 0.0847 -0.9267
vn 0.3712 -0.0050 -0.9285
vn 0.2716 0.0834 -0.9588
vn 0.1778 0.0823 -0.9806
vn 0.0868 0.0805 -0.9930
vn 0.2751 -0.0030 -0.9614
vn 0.1817 0.0006 -0.9834
vn 0.0900 -0.0019 -0.9959
vn 0.9922 -0.1073 -0.0634
vn 0.9902 -0.1067 -0.0903
vn 0.9865 -0.0797 -0.1432
vn 0.9865 -0.0796 -0.1432
vn 0.9742 -0.0511 -0.2197
vn 0.9373 -0.0316 -0.3470
vn 0.9066 -0.0142 -0.4219
vn 0.9065 -0.0141 -0.4220
vn 0.9968 0.0685 0.0413
vn 0.9852 0.1189 0.1234
vn 0.9957 0.0115 0.0924
vn 0.9991 -0.0233 0.0362
vn 0.9987 -0.0237 -0.0442
vn 0.9909 -0.0240 -0.1327
vn -0.4551 -0.0494 0.8891
vn -0.4551 -0.0493 0.8891
vn -0.3703 0.6439 0.6696
vn -0.3709 0.6435 0.6696
vn -0.1882 0.9382 0.2904
vn -0.1876 0.9383 0.2905
vn -0.1267 0.9781 0.1651
vn -0.1267 0.9782 0.1647
vn -0.1195 0.9825 0.1431
vn -0.1203 0.9824 0.1430
vn -0.1088 0.9871 0.1177
vn -0.1088 0.9871 0.1174
vn -0.0976 0.9908 0.0936
vn -0.0973 0.9908 0.0942
vn -0.0998 0.9914 0.0852
vn -0.1000 0.9914 0.0842
vn -0.0999 0.9917 0.0815
vn -0.0999 0.9917 0.0814
vn -0.0714 0.9928 0.0958
vn -0.0715 0.9928 0.0957
vn -0.0245 0.9854 0.1682
vn -0.0244 0.9855 0.1681
vn -0.0000 0.1065 0.9943
vn -0.0000 0.1033 0.9947
vn -0.0000 0.1079 0.9942
vn -0.0000 0.1022 0.9948
vn -0.0000 0.1015 0.9948
vn -0.6610 0.3705 -0.6525
vn -0.6608 0.3705 -0.6528
vn -0.5498 0.6648 -0.5057
vn -0.5501 0.6647 -0.5056
vn -0.3729 0.8789 -0.2974
vn -0.3734 0.8789 -0.2968
vn -0.1510 0.9871 -0.0528
vn -0.1507 0.9872 -0.0531
vn 0.0892 0.9763 0.1974
vn 0.0889 0.9763 0.1976
vn 0.3190 0.8476 0.4240
vn 0.3191 0.8477 0.4239
vn 0.5097 0.6168 0.5998
vn 0.5097 0.6169 0.5997
vn 0.6396 0.3116 0.7027
vn 0.6394 0.3116 0.7029
vn 0.6920 -0.0309 0.7213
vn 0.6922 -0.0317 0.7210
vn 0.6609 -0.3704 0.6527
vn 0.6612 -0.3703 0.6524
vn 0.5501 -0.6646 0.5056
vn 0.5501 -0.6646 0.5057
vn 0.3733 -0.8789 0.2971
vn 0.3729 -0.8789 0.2974
vn 0.1513 -0.9871 0.0531
vn 0.1510 -0.9871 0.0532
vn -0.0895 -0.9762 -0.1975
vn -0.3191 -0.8477 -0.4238
vn -0.3187 -0.8477 -0.4241
vn -0.5106 -0.6171 -0.5988
vn -0.5102 -0.6171 -0.5990
vn -0.6395 -0.3114 -0.7029
vn -0.6921 0.0316 -0.7211
vn -0.6922 0.0308 -0.7210
vn -0.3741 0.8789 -0.2960
vn -0.3743 0.8788 -0.2961
vn -0.1510 0.9871 -0.0531
vn -0.1504 0.9872 -0.0540
vn 0.0894 0.9763 0.1972
vn 0.0894 0.9763 0.1973
vn 0.3192 0.8476 0.4238
vn 0.3187 0.8476 0.4243
vn 0.5103 0.6166 0.5995
vn 0.6398 0.3115 0.7025
vn 0.6403 0.3108 0.7025
vn 0.6921 -0.0316 0.7211
vn 0.6920 -0.0311 0.7212
vn 0.6607 -0.3699 0.6532
vn 0.6613 -0.3703 0.6524
vn 0.5508 -0.6650 0.5044
vn 0.5501 -0.6647 0.5055
vn 0.3732 -0.8789 0.2971
vn 0.3731 -0.8789 0.2972
vn 0.1513 -0.9871 0.0530
vn 0.1508 -0.9871 0.0532
vn -0.0885 -0.9760 -0.1990
vn -0.0887 -0.9762 -0.1981
vn -0.3188 -0.8476 -0.4242
vn -0.3189 -0.8476 -0.4241
vn -0.5102 -0.6169 -0.5993
vn -0.5105 -0.6173 -0.5986
vn -0.6394 -0.3115 -0.7029
vn -0.6393 -0.3108 -0.7033
vn -0.6916 0.0317 -0.7215
vn -0.6917 0.0310 -0.7215
vn -0.6618 0.3697 -0.6522
vn -0.6607 0.3700 -0.6531
vn -0.5509 0.6644 -0.5050
vn -0.5503 0.6647 -0.5054
vn 0.0891 0.9762 0.1975
vn 0.3188 0.8476 0.4241
vn 0.3183 0.8476 0.4246
vn 0.5104 0.6161 0.6000
vn 0.5098 0.6168 0.5997
vn 0.6392 0.3115 0.7031
vn 0.6385 0.3127 0.7032
vn 0.6917 -0.0304 0.7216
vn 0.6921 -0.0314 0.7211
vn 0.6614 -0.3712 0.6518
vn 0.6604 -0.3708 0.6530
vn 0.5501 -0.6640 0.5064
vn 0.3731 -0.8788 0.2975
vn 0.3731 -0.8792 0.2963
vn 0.1500 -0.9873 0.0528
vn 0.1507 -0.9871 0.0535
vn -0.0893 -0.9762 -0.1974
vn -0.0893 -0.9762 -0.1977
vn -0.3190 -0.8478 -0.4236
vn -0.3188 -0.8475 -0.4243
vn -0.5109 -0.6170 -0.5986
vn -0.5108 -0.6171 -0.5986
vn -0.6401 -0.3110 -0.7025
vn -0.6399 -0.3110 -0.7027
vn -0.6919 0.0309 -0.7213
vn -0.6918 0.0315 -0.7214
vn -0.6604 0.3711 -0.6528
vn -0.6603 0.3710 -0.6530
vn -0.5493 0.6648 -0.5062
vn -0.5495 0.6646 -0.5064
vn -0.3723 0.8792 -0.2973
vn -0.3729 0.8789 -0.2976
vn -0.1512 0.9871 -0.0529
vn -0.1513 0.9871 -0.0529
vn 0.5493 0.6650 -0.5061
vn 0.5500 0.6647 -0.5056
vn 0.3731 0.8788 -0.2975
vn 0.3728 0.8790 -0.2974
vn 0.1512 0.9871 -0.0529
vn 0.1510 0.9871 -0.0531
vn -0.0893 0.9762 0.1974
vn -0.0893 0.9762 0.1975
vn -0.3185 0.8475 0.4246
vn -0.3194 0.8476 0.4236
vn -0.5100 0.6168 0.5996
vn -0.5099 0.6172 0.5992
vn -0.6391 0.3119 0.7031
vn -0.6397 0.3118 0.7026
vn -0.6917 -0.0315 0.7215
vn -0.6921 -0.0304 0.7212
vn -0.6614 -0.3697 0.6526
vn -0.5493 -0.6657 0.5051
vn -0.5505 -0.6643 0.5056
vn -0.3734 -0.8789 0.2969
vn -0.3735 -0.8789 0.2967
vn -0.1501 -0.9873 0.0529
vn -0.1503 -0.9872 0.0529
vn 0.0902 -0.9765 -0.1956
vn 0.0895 -0.9763 -0.1972
vn 0.3189 -0.8478 -0.4237
vn 0.3190 -0.8477 -0.4239
vn 0.5108 -0.6170 -0.5986
vn 0.5109 -0.6169 -0.5987
vn 0.6401 -0.3110 -0.7025
vn 0.6400 -0.3109 -0.7027
vn 0.6921 0.0316 -0.7211
vn 0.6917 0.0304 -0.7215
vn 0.6605 0.3706 -0.6530
vn 0.6603 0.3708 -0.6531
vn -0.1868 0.7140 0.6748
vn -0.0000 0.7336 0.6796
vn -0.0000 0.7393 0.6734
vn 0.1870 0.7140 0.6747
vn 0.1930 0.7204 0.6661
vn 0.3320 0.6638 0.6702
vn 0.3323 0.6767 0.6570
vn 0.4232 0.6053 0.6742
vn 0.4170 0.6293 0.6558
vn 0.4509 0.5789 0.6794
vn 0.4439 0.6082 0.6580
vn 0.2723 0.6047 0.7485
vn 0.2935 0.6852 0.6666
vn 0.2695 0.6978 0.6637
vn 0.2078 0.7092 0.6737
vn -0.0000 0.7242 0.6896
vn -0.2110 0.7089 0.6730
vn -0.1929 0.7205 0.6661
vn -0.2714 0.6898 0.6712
vn -0.3321 0.6768 0.6570
vn -0.2946 0.6727 0.6787
vn -0.4171 0.6293 0.6558
vn -0.2723 0.6048 0.7484
vn -0.4438 0.6083 0.6580
vn -0.4510 0.5788 0.6794
vn -0.4233 0.6053 0.6742
vn -0.3320 0.6638 0.6702
vn -0.0000 -0.9980 -0.0637
vn -0.8639 -0.0369 0.5023
vn -0.8777 -0.0340 0.4781
vn -0.8760 -0.0334 0.4812
vn -0.8739 -0.0342 0.4849
vn -0.8613 -0.0370 0.5068
vn -0.8625 -0.0373 0.5047
vn -0.8337 -0.0368 0.5510
vn -0.8328 -0.0366 0.5524
vn -0.8028 -0.0278 0.5956
vn -0.8007 -0.0278 0.5984
vn -0.7578 -0.0173 0.6523
vn -0.7561 -0.0169 0.6542
vn -0.6903 -0.0103 0.7234
vn -0.6905 -0.0097 0.7233
vn -0.6155 -0.0069 0.7881
vn -0.6149 -0.0067 0.7886
vn -0.5273 -0.0035 0.8496
vn -0.5273 -0.0085 0.8496
vn -0.4105 -0.0112 0.9118
vn -0.4180 -0.0219 0.9082
vn -0.2985 -0.0208 0.9542
vn -0.8345 -0.0368 0.5498
vn -0.8046 -0.0281 0.5932
vn -0.7591 -0.0172 0.6507
vn -0.6913 -0.0107 0.7225
vn -0.6162 -0.0068 0.7875
vn -0.5279 0.0007 0.8493
vn -0.3789 0.0440 0.9244
vn -0.2922 0.0696 0.9538
vn -0.2560 0.0665 0.9644
vn -0.3047 0.1952 0.9322
vn -0.3166 0.1650 0.9341
vn -0.4352 0.4231 0.7947
vn -0.4973 0.3086 0.8109
vn -0.3148 0.2417 0.9179
vn -0.3046 0.1971 0.9319
vn -0.2048 0.0027 0.9788
vn -0.0991 0.0717 0.9925
vn -0.1031 0.0446 0.9937
vn -0.0000 0.0869 0.9962
vn -0.0000 0.0613 0.9981
vn 0.1032 0.0445 0.9937
vn 0.1026 0.0717 0.9921
vn 0.2048 0.0027 0.9788
vn 0.2550 0.0549 0.9654
vn 0.2981 -0.0206 0.9543
vn -0.3085 -0.0328 0.9507
vn -0.2080 -0.0100 0.9781
vn -0.1027 0.0379 0.9940
vn -0.0000 0.0620 0.9981
vn 0.1027 0.0379 0.9940
vn 0.2080 -0.0100 0.9781
vn 0.3085 -0.0328 0.9507
vn 0.4180 -0.0219 0.9082
vn 0.4105 -0.0112 0.9118
vn 0.5271 -0.0086 0.8498
vn 0.5272 -0.0034 0.8497
vn 0.6140 -0.0071 0.7893
vn 0.8344 -0.0368 0.5499
vn 0.8614 -0.0370 0.5066
vn 0.8625 -0.0366 0.5048
vn 0.8338 -0.0371 0.5509
vn 0.8049 -0.0276 0.5928
vn 0.8028 -0.0278 0.5956
vn 0.7591 -0.0172 0.6507
vn 0.7573 -0.0160 0.6528
vn 0.6913 -0.0107 0.7225
vn 0.6903 -0.0103 0.7234
vn 0.6162 -0.0068 0.7876
vn 0.6155 -0.0069 0.7881
vn 0.5279 0.0001 0.8493
vn 0.3789 0.0440 0.9244
vn 0.2922 0.0696 0.9538
vn 0.3046 0.1952 0.9322
vn 0.3166 0.1650 0.9341
vn 0.4340 0.4078 0.8034
vn 0.4973 0.3087 0.8108
vn 0.3147 0.2418 0.9179
vn 0.3044 0.1972 0.9319
vn 0.6905 -0.0097 0.7233
vn 0.7562 -0.0158 0.6542
vn 0.8007 -0.0275 0.5984
vn 0.8333 -0.0374 0.5515
vn 0.8638 -0.0369 0.5024
vn 0.8756 -0.0349 0.4818
vn 0.8740 -0.0343 0.4847
vn 0.8777 -0.0340 0.4781
vt 0.585700 0.552100
vt 0.585700 0.563500
vt 0.583900 0.563700
vt 0.545000 0.466700
vt 0.510300 0.492100
vt 0.501400 0.485300
vt 0.556200 0.476400
vt 0.518500 0.499300
vt 0.566200 0.490600
vt 0.525900 0.509700
vt 0.532500 0.526300
vt 0.575100 0.513400
vt 0.581500 0.536700
vt 0.588700 0.540500
vt 0.583800 0.552200
vt 0.539200 0.562000
vt 0.583900 0.575200
vt 0.539600 0.569900
vt 0.538000 0.580700
vt 0.581500 0.590400
vt 0.533100 0.597200
vt 0.539100 0.554000
vt 0.537100 0.543100
vt 0.560200 0.473800
vt 0.572700 0.489000
vt 0.579800 0.513300
vt 0.588800 0.514300
vt 0.598100 0.529100
vt 0.589600 0.502300
vt 0.609200 0.518900
vt 0.588700 0.492400
vt 0.597000 0.494100
vt 0.577500 0.480300
vt 0.584500 0.477300
vt 0.566200 0.469200
vt 0.572300 0.464300
vt 0.554200 0.458800
vt 0.559700 0.453500
vt 0.541200 0.448800
vt 0.548800 0.463800
vt 0.536300 0.454300
vt 0.523200 0.445400
vt 0.527600 0.439400
vt 0.510200 0.437200
vt 0.514100 0.430900
vt 0.497200 0.429900
vt 0.500500 0.423300
vt 0.486500 0.416800
vt 0.489000 0.409500
vt 0.473900 0.404200
vt 0.475000 0.399000
vt 0.459000 0.395400
vt 0.503800 0.416200
vt 0.490700 0.404400
vt 0.442500 0.393300
vt 0.458500 0.400700
vt 0.472200 0.411700
vt 0.484000 0.423600
vt 0.482300 0.427400
vt 0.495100 0.433600
vt 0.507700 0.440800
vt 0.520300 0.448700
vt 0.532900 0.457400
vt 0.457600 0.408200
vt 0.470500 0.418600
vt 0.469300 0.422400
vt 0.427500 0.416700
vt 0.424300 0.455200
vt 0.414800 0.455500
vt 0.442100 0.417300
vt 0.434900 0.455600
vt 0.455900 0.419100
vt 0.445100 0.457000
vt 0.454800 0.459500
vt 0.464300 0.463100
vt 0.473700 0.467800
vt 0.482900 0.473000
vt 0.492100 0.478900
vt 0.442400 0.413500
vt 0.456700 0.415300
vt 0.442500 0.406300
vt 0.426800 0.405700
vt 0.425900 0.398000
vt 0.442500 0.398600
vt 0.411100 0.398600
vt 0.412700 0.406200
vt 0.400300 0.399900
vt 0.402600 0.407300
vt 0.391600 0.401500
vt 0.394600 0.408800
vt 0.393800 0.410000
vt 0.397400 0.418300
vt 0.397100 0.415400
vt 0.404700 0.414300
vt 0.405500 0.418000
vt 0.414500 0.417100
vt 0.414000 0.413300
vt 0.427400 0.412900
vt 0.334300 0.430900
vt 0.322000 0.441300
vt 0.318100 0.437700
vt 0.339300 0.436600
vt 0.353600 0.427700
vt 0.357600 0.433600
vt 0.375600 0.425600
vt 0.377200 0.429000
vt 0.395900 0.417200
vt 0.392300 0.423200
vt 0.397700 0.420500
vt 0.400100 0.419300
vt 0.404200 0.456600
vt 0.408300 0.456000
vt 0.401300 0.459800
vt 0.405300 0.458000
vt 0.309300 0.487900
vt 0.339900 0.507100
vt 0.335100 0.516600
vt 0.316900 0.476300
vt 0.313800 0.474200
vt 0.322800 0.462400
vt 0.307700 0.470000
vt 0.317100 0.457800
vt 0.301100 0.465600
vt 0.310900 0.453000
vt 0.327700 0.446500
vt 0.344000 0.442100
vt 0.359600 0.436700
vt 0.390300 0.463800
vt 0.377500 0.469300
vt 0.346300 0.444900
vt 0.332900 0.451500
vt 0.325600 0.464800
vt 0.345600 0.498600
vt 0.352200 0.490100
vt 0.335500 0.454200
vt 0.359700 0.482200
vt 0.367700 0.475400
vt 0.069800 0.216100
vt 0.056100 0.211100
vt 0.062600 0.193300
vt 0.075600 0.198200
vt 0.070400 0.172900
vt 0.083500 0.177300
vt 0.089700 0.179300
vt 0.035100 0.203900
vt 0.051900 0.228200
vt 0.040400 0.185700
vt 0.046200 0.164800
vt 0.051900 0.142400
vt 0.078700 0.150900
vt 0.092500 0.155000
vt 0.098600 0.156900
vt 0.107200 0.158800
vt 0.096000 0.182100
vt 0.103500 0.187200
vt 0.095600 0.206600
vt 0.103000 0.212000
vt 0.097300 0.228000
vt 0.103500 0.232100
vt 0.076300 0.218000
vt 0.082000 0.200100
vt 0.088300 0.202500
vt 0.089900 0.223700
vt 0.092800 0.243200
vt 0.099100 0.246200
vt 0.094700 0.260500
vt 0.088500 0.258400
vt 0.085400 0.239700
vt 0.081200 0.255700
vt 0.078300 0.236700
vt 0.074400 0.253300
vt 0.072000 0.234700
vt 0.068300 0.251700
vt 0.082700 0.220200
vt 0.065500 0.233000
vt 0.062400 0.250400
vt 0.047300 0.245800
vt 0.104700 0.249200
vt 0.100400 0.262400
vt 0.090700 0.275300
vt 0.084600 0.273800
vt 0.077600 0.271800
vt 0.071000 0.270000
vt 0.065200 0.268800
vt 0.060100 0.267800
vt 0.043400 0.263500
vt 0.058200 0.285100
vt 0.096400 0.276300
vt 0.062800 0.285800
vt 0.068200 0.286700
vt 0.074600 0.288100
vt 0.081300 0.289600
vt 0.087300 0.290900
vt 0.092900 0.291700
vt 0.084400 0.306600
vt 0.089900 0.307500
vt 0.081800 0.321800
vt 0.087200 0.322600
vt 0.080000 0.337000
vt 0.085400 0.337700
vt 0.084700 0.353500
vt 0.065900 0.303200
vt 0.060800 0.302500
vt 0.072000 0.304200
vt 0.078600 0.305500
vt 0.076100 0.321000
vt 0.069800 0.320100
vt 0.074400 0.336500
vt 0.079400 0.353200
vt 0.084900 0.369800
vt 0.079500 0.369600
vt 0.085600 0.385800
vt 0.080100 0.385900
vt 0.086800 0.401600
vt 0.081300 0.402100
vt 0.083000 0.418000
vt 0.077300 0.418900
vt 0.075600 0.402600
vt 0.071000 0.419600
vt 0.069400 0.403100
vt 0.064800 0.420200
vt 0.088600 0.417100
vt 0.063200 0.403500
vt 0.057200 0.403900
vt 0.056600 0.386900
vt 0.062200 0.386600
vt 0.068200 0.386400
vt 0.074400 0.386100
vt 0.073800 0.369500
vt 0.073800 0.352900
vt 0.068300 0.336000
vt 0.063900 0.319400
vt 0.059000 0.319000
vt 0.062400 0.335700
vt 0.067600 0.352600
vt 0.067700 0.369500
vt 0.061800 0.369600
vt 0.056500 0.369700
vt 0.057500 0.335500
vt 0.061800 0.352500
vt 0.056800 0.352400
vt 0.058300 0.420800
vt 0.050600 0.403900
vt 0.051100 0.386800
vt 0.051800 0.369600
vt 0.052500 0.352400
vt 0.053400 0.335300
vt 0.054900 0.318700
vt 0.056500 0.302000
vt 0.040300 0.281200
vt 0.037800 0.298700
vt 0.035900 0.316200
vt 0.034600 0.333700
vt 0.034200 0.351500
vt 0.034300 0.369400
vt 0.033200 0.387100
vt 0.033000 0.403300
vt 0.050500 0.420600
vt 0.060400 0.437500
vt 0.010300 0.367100
vt 0.010000 0.348400
vt 0.010600 0.329900
vt 0.012100 0.311600
vt 0.014400 0.293400
vt 0.017300 0.275300
vt 0.020900 0.257200
vt 0.025200 0.239100
vt 0.030100 0.221200
vt 0.074800 0.501900
vt 0.079000 0.518000
vt 0.072900 0.519700
vt 0.068500 0.503600
vt 0.070800 0.486000
vt 0.064300 0.487500
vt 0.067200 0.470000
vt 0.060400 0.471500
vt 0.063600 0.453800
vt 0.056700 0.455200
vt 0.052800 0.438900
vt 0.030000 0.416100
vt 0.013700 0.416700
vt 0.013100 0.403800
vt 0.011600 0.386400
vt 0.013200 0.430900
vt 0.013500 0.429000
vt 0.024400 0.429700
vt 0.025500 0.427800
vt 0.013900 0.427100
vt 0.017800 0.455400
vt 0.031500 0.455200
vt 0.039700 0.476200
vt 0.023300 0.431700
vt 0.051000 0.440300
vt 0.054900 0.456600
vt 0.058700 0.472800
vt 0.062700 0.488800
vt 0.066900 0.504800
vt 0.071400 0.520800
vt 0.076400 0.537000
vt 0.077700 0.535900
vt 0.070000 0.522000
vt 0.065300 0.506000
vt 0.061000 0.490100
vt 0.057000 0.474100
vt 0.053100 0.458000
vt 0.049400 0.441800
vt 0.045200 0.494000
vt 0.049500 0.510300
vt 0.081600 0.553200
vt 0.087600 0.571000
vt 0.086400 0.571800
vt 0.080400 0.554200
vt 0.075000 0.538100
vt 0.054200 0.526700
vt 0.059300 0.542900
vt 0.064700 0.558900
vt 0.070400 0.579000
vt 0.078300 0.598900
vt 0.093300 0.592700
vt 0.094500 0.592100
vt 0.074000 0.605900
vt 0.075200 0.621800
vt 0.069100 0.601000
vt 0.058800 0.601500
vt 0.053700 0.581300
vt 0.048300 0.564100
vt 0.043200 0.548500
vt 0.037900 0.532200
vt 0.032900 0.515300
vt 0.028200 0.497900
vt 0.023200 0.478400
vt 0.067500 0.623400
vt 0.062000 0.618600
vt 0.067700 0.624700
vt 0.063200 0.625200
vt 0.068200 0.628100
vt 0.063700 0.628700
vt 0.069300 0.635800
vt 0.064800 0.636400
vt 0.070500 0.645700
vt 0.066100 0.646200
vt 0.115100 0.202700
vt 0.118200 0.211700
vt 0.113400 0.223700
vt 0.108600 0.217700
vt 0.109000 0.236200
vt 0.110800 0.194400
vt 0.119500 0.179500
vt 0.122500 0.190500
vt 0.123000 0.200000
vt 0.137100 0.181300
vt 0.135800 0.199600
vt 0.129400 0.199300
vt 0.129900 0.183900
vt 0.128500 0.171500
vt 0.112500 0.171500
vt 0.121900 0.165300
vt 0.137500 0.161300
vt 0.122300 0.160500
vt 0.181300 0.305200
vt 0.184400 0.304900
vt 0.185100 0.306000
vt 0.172700 0.306600
vt 0.182200 0.306200
vt 0.190300 0.314500
vt 0.193300 0.313100
vt 0.187000 0.305600
vt 0.186400 0.304400
vt 0.202400 0.323300
vt 0.196300 0.308300
vt 0.192300 0.304200
vt 0.191700 0.303000
vt 0.197400 0.302400
vt 0.196800 0.301200
vt 0.199200 0.301700
vt 0.198500 0.300500
vt 0.202000 0.302100
vt 0.201500 0.300800
vt 0.210300 0.302900
vt 0.210100 0.301000
vt 0.219200 0.300400
vt 0.202600 0.327700
vt 0.214600 0.323000
vt 0.202200 0.311500
vt 0.212600 0.312800
vt 0.224900 0.299600
vt 0.230800 0.295100
vt 0.232100 0.296100
vt 0.226000 0.301300
vt 0.219700 0.302800
vt 0.222400 0.311800
vt 0.229100 0.322200
vt 0.214700 0.327700
vt 0.202700 0.332300
vt 0.214700 0.332300
vt 0.214700 0.337000
vt 0.229200 0.337400
vt 0.229100 0.342400
vt 0.244100 0.343600
vt 0.241500 0.362000
vt 0.231800 0.308200
vt 0.241500 0.302600
vt 0.226800 0.308300
vt 0.256300 0.319400
vt 0.251300 0.295800
vt 0.256900 0.292700
vt 0.252300 0.266600
vt 0.246800 0.271800
vt 0.239600 0.283900
vt 0.246800 0.392800
vt 0.239600 0.380700
vt 0.231800 0.356400
vt 0.226800 0.356300
vt 0.222400 0.352800
vt 0.226000 0.363300
vt 0.219700 0.361800
vt 0.232100 0.368500
vt 0.252300 0.398000
vt 0.257200 0.399400
vt 0.256900 0.401100
vt 0.251800 0.399800
vt 0.246100 0.394500
vt 0.238500 0.382000
vt 0.230800 0.369500
vt 0.224900 0.365000
vt 0.219200 0.364300
vt 0.210300 0.361700
vt 0.212600 0.351800
vt 0.214600 0.341600
vt 0.189500 0.332300
vt 0.195300 0.332300
vt 0.195100 0.336800
vt 0.202600 0.336900
vt 0.202400 0.341400
vt 0.202200 0.353100
vt 0.202000 0.362500
vt 0.201500 0.363900
vt 0.210100 0.363700
vt 0.199200 0.362900
vt 0.196300 0.356300
vt 0.193300 0.351600
vt 0.187000 0.359000
vt 0.192300 0.360400
vt 0.197400 0.362200
vt 0.198500 0.364100
vt 0.196800 0.363400
vt 0.191700 0.361600
vt 0.186400 0.360200
vt 0.184400 0.359700
vt 0.185100 0.358600
vt 0.190300 0.350100
vt 0.194800 0.341200
vt 0.189200 0.336700
vt 0.182300 0.332300
vt 0.181800 0.328000
vt 0.174800 0.332300
vt 0.174100 0.336500
vt 0.167100 0.336200
vt 0.181800 0.336600
vt 0.167800 0.332300
vt 0.165700 0.340000
vt 0.172900 0.340500
vt 0.181000 0.340800
vt 0.188700 0.341000
vt 0.160300 0.346000
vt 0.154200 0.343400
vt 0.168500 0.347800
vt 0.177800 0.349100
vt 0.185800 0.349800
vt 0.147600 0.346500
vt 0.144700 0.343300
vt 0.154000 0.350700
vt 0.163100 0.354400
vt 0.173700 0.357000
vt 0.182200 0.358400
vt 0.181300 0.359400
vt 0.172700 0.358000
vt 0.161900 0.355100
vt 0.152600 0.351100
vt 0.146300 0.346500
vt 0.143500 0.343200
vt 0.142000 0.340200
vt 0.143300 0.340400
vt 0.151600 0.341200
vt 0.160500 0.339300
vt 0.158200 0.338800
vt 0.150300 0.339100
vt 0.142100 0.336600
vt 0.140900 0.336300
vt 0.140400 0.332300
vt 0.143500 0.321400
vt 0.146300 0.318100
vt 0.147600 0.318200
vt 0.144700 0.321300
vt 0.142000 0.324400
vt 0.143300 0.324200
vt 0.140900 0.328300
vt 0.142100 0.328100
vt 0.141600 0.332300
vt 0.149400 0.336000
vt 0.157300 0.337600
vt 0.156700 0.335300
vt 0.158500 0.335500
vt 0.156700 0.332300
vt 0.158600 0.332300
vt 0.158500 0.329100
vt 0.156700 0.329300
vt 0.149100 0.332300
vt 0.149400 0.328600
vt 0.150300 0.325500
vt 0.151600 0.323400
vt 0.154200 0.321200
vt 0.157300 0.327100
vt 0.158200 0.325800
vt 0.160500 0.325300
vt 0.161600 0.328800
vt 0.165700 0.324600
vt 0.160300 0.318600
vt 0.154000 0.313900
vt 0.168500 0.316800
vt 0.163100 0.310300
vt 0.177800 0.315500
vt 0.173700 0.307600
vt 0.185800 0.314800
vt 0.188700 0.323600
vt 0.194800 0.323400
vt 0.189200 0.327900
vt 0.195100 0.327900
vt 0.172900 0.324100
vt 0.161900 0.309500
vt 0.152600 0.313600
vt 0.181000 0.323800
vt 0.174100 0.328100
vt 0.167100 0.328400
vt 0.162000 0.332300
vt 0.161600 0.335800
vt 0.233300 0.532600
vt 0.237300 0.520300
vt 0.245400 0.521100
vt 0.244600 0.532400
vt 0.233300 0.539200
vt 0.244600 0.539100
vt 0.233300 0.546100
vt 0.244600 0.546000
vt 0.233300 0.553600
vt 0.244600 0.553500
vt 0.233300 0.561200
vt 0.244600 0.561100
vt 0.233300 0.568600
vt 0.244600 0.568400
vt 0.233400 0.577800
vt 0.244700 0.577700
vt 0.233400 0.591100
vt 0.244700 0.591000
vt 0.233400 0.605800
vt 0.244700 0.605600
vt 0.233500 0.619100
vt 0.238400 0.510000
vt 0.246200 0.509900
vt 0.256200 0.509900
vt 0.256000 0.521100
vt 0.255800 0.532400
vt 0.255800 0.539000
vt 0.255800 0.545900
vt 0.255900 0.553400
vt 0.255900 0.561000
vt 0.255900 0.568400
vt 0.255900 0.577600
vt 0.256000 0.590900
vt 0.256000 0.605500
vt 0.244800 0.618900
vt 0.233500 0.631700
vt 0.244600 0.629900
vt 0.256000 0.618800
vt 0.256000 0.629800
vt 0.834300 0.261500
vt 0.834300 0.246500
vt 0.843100 0.244900
vt 0.843200 0.260700
vt 0.825800 0.275100
vt 0.826600 0.262600
vt 0.826700 0.248600
vt 0.834000 0.229800
vt 0.826200 0.231400
vt 0.842900 0.228600
vt 0.854400 0.228100
vt 0.854700 0.244200
vt 0.855000 0.260300
vt 0.866500 0.243800
vt 0.867000 0.259700
vt 0.876800 0.259000
vt 0.876200 0.243600
vt 0.866200 0.227900
vt 0.875900 0.228200
vt 0.866100 0.212200
vt 0.875800 0.212900
vt 0.866000 0.196700
vt 0.875800 0.197800
vt 0.865900 0.181500
vt 0.875900 0.182800
vt 0.885200 0.214400
vt 0.885200 0.229100
vt 0.885500 0.243800
vt 0.886200 0.258400
vt 0.887700 0.272800
vt 0.878100 0.274300
vt 0.867700 0.275700
vt 0.855200 0.276300
vt 0.842900 0.276200
vt 0.833800 0.275700
vt 0.888200 0.083500
vt 0.877200 0.081100
vt 0.877600 0.066700
vt 0.887700 0.098000
vt 0.876900 0.095500
vt 0.887200 0.112500
vt 0.876600 0.109900
vt 0.886800 0.127000
vt 0.876400 0.124300
vt 0.886400 0.141400
vt 0.876200 0.138700
vt 0.886100 0.155800
vt 0.876100 0.153200
vt 0.885800 0.170300
vt 0.876000 0.167900
vt 0.885500 0.185000
vt 0.885300 0.199600
vt 0.865900 0.166400
vt 0.865900 0.151700
vt 0.865900 0.137100
vt 0.865900 0.122600
vt 0.866100 0.108200
vt 0.866200 0.093900
vt 0.866500 0.079600
vt 0.866700 0.065300
vt 0.866900 0.051300
vt 0.877800 0.052300
vt 0.854600 0.064800
vt 0.854900 0.050700
vt 0.855100 0.037500
vt 0.867100 0.038000
vt 0.842700 0.064400
vt 0.842900 0.050100
vt 0.843000 0.036900
vt 0.878000 0.038600
vt 0.878500 0.026000
vt 0.867400 0.026400
vt 0.855200 0.026200
vt 0.842800 0.025500
vt 0.831600 0.023600
vt 0.832400 0.035100
vt 0.832800 0.048800
vt 0.832800 0.063500
vt 0.842400 0.078800
vt 0.832600 0.078300
vt 0.842100 0.093300
vt 0.832300 0.093100
vt 0.818000 0.010000
vt 0.830700 0.015700
vt 0.842200 0.017700
vt 0.855200 0.018300
vt 0.868000 0.018100
vt 0.879100 0.016900
vt 0.891200 0.011200
vt 0.890000 0.025100
vt 0.889400 0.039200
vt 0.889100 0.054000
vt 0.888700 0.068800
vt 0.823700 0.153300
vt 0.823200 0.138400
vt 0.832300 0.137200
vt 0.832200 0.122400
vt 0.823000 0.123200
vt 0.832200 0.107700
vt 0.822900 0.107800
vt 0.823000 0.092500
vt 0.823300 0.077200
vt 0.823400 0.061900
vt 0.822900 0.046700
vt 0.821900 0.032600
vt 0.820200 0.020800
vt 0.842000 0.107700
vt 0.842000 0.122200
vt 0.842000 0.136800
vt 0.832600 0.152000
vt 0.842100 0.151400
vt 0.832900 0.166700
vt 0.842200 0.166200
vt 0.833200 0.181400
vt 0.842300 0.181200
vt 0.833400 0.196700
vt 0.842500 0.196500
vt 0.833700 0.212700
vt 0.842600 0.212300
vt 0.854100 0.196600
vt 0.854300 0.212200
vt 0.825600 0.213400
vt 0.825300 0.197200
vt 0.824900 0.182100
vt 0.824300 0.167700
vt 0.854000 0.181300
vt 0.854000 0.166200
vt 0.853900 0.151400
vt 0.853900 0.136700
vt 0.853900 0.122100
vt 0.854000 0.107700
vt 0.854100 0.093400
vt 0.854400 0.079000
vt 0.102700 0.420400
vt 0.105600 0.414000
vt 0.107600 0.414100
vt 0.104600 0.420500
vt 0.099800 0.426800
vt 0.101600 0.426900
vt 0.107900 0.420800
vt 0.104600 0.426900
vt 0.113800 0.421500
vt 0.109900 0.426800
vt 0.120900 0.422300
vt 0.116300 0.426500
vt 0.127500 0.423000
vt 0.122900 0.425900
vt 0.133900 0.423600
vt 0.138400 0.422000
vt 0.128900 0.424900
vt 0.111200 0.414700
vt 0.117800 0.416100
vt 0.125500 0.418100
vt 0.132200 0.420100
vt 0.010000 0.980100
vt 0.012900 0.978600
vt 0.037000 0.977800
vt 0.016700 0.969700
vt 0.018600 0.969400
vt 0.026100 0.962100
vt 0.025200 0.961400
vt 0.037800 0.958000
vt 0.037500 0.959200
vt 0.049000 0.962200
vt 0.049900 0.961400
vt 0.058000 0.969300
vt 0.056200 0.969200
vt 0.063800 0.979800
vt 0.061400 0.978300
vt 0.037000 0.978900
vt 0.382500 0.879900
vt 0.383200 0.878100
vt 0.387900 0.880900
vt 0.384400 0.876700
vt 0.386100 0.875700
vt 0.387900 0.875400
vt 0.389800 0.875700
vt 0.391400 0.876700
vt 0.392700 0.878100
vt 0.393300 0.879900
vt 0.393300 0.881800
vt 0.392700 0.883600
vt 0.391400 0.885100
vt 0.389800 0.886000
vt 0.387900 0.886300
vt 0.386100 0.886000
vt 0.384400 0.885100
vt 0.383200 0.883600
vt 0.382500 0.881800
vt 0.391400 0.990000
vt 0.391300 0.985900
vt 0.401700 0.984900
vt 0.401700 0.989000
vt 0.411700 0.984100
vt 0.411700 0.988200
vt 0.423300 0.983900
vt 0.423300 0.988000
vt 0.435100 0.988200
vt 0.435100 0.984100
vt 0.445400 0.988900
vt 0.445400 0.984800
vt 0.456100 0.989900
vt 0.456200 0.985700
vt 0.503100 0.791500
vt 0.513800 0.790500
vt 0.513800 0.794700
vt 0.503100 0.795600
vt 0.492700 0.796300
vt 0.492700 0.792200
vt 0.480900 0.796600
vt 0.481000 0.792500
vt 0.469400 0.792200
vt 0.469400 0.796300
vt 0.459400 0.795600
vt 0.459400 0.791500
vt 0.449000 0.790400
vt 0.449000 0.794500
vt 0.256300 0.345200
vt 0.262200 0.346300
vt 0.256900 0.372000
vt 0.251300 0.368800
vt 0.244000 0.338000
vt 0.256000 0.338800
vt 0.261900 0.339300
vt 0.265000 0.346900
vt 0.260800 0.373100
vt 0.271600 0.374400
vt 0.272800 0.348400
vt 0.264700 0.339600
vt 0.261800 0.332300
vt 0.255900 0.332300
vt 0.261900 0.325400
vt 0.256000 0.325800
vt 0.262200 0.318400
vt 0.272600 0.340300
vt 0.260800 0.291600
vt 0.265000 0.317700
vt 0.264700 0.325000
vt 0.272800 0.316200
vt 0.271600 0.290200
vt 0.257200 0.265200
vt 0.264600 0.332300
vt 0.272600 0.324300
vt 0.291900 0.312800
vt 0.294200 0.289500
vt 0.271100 0.264700
vt 0.256900 0.263500
vt 0.251800 0.264800
vt 0.246100 0.270100
vt 0.238500 0.282600
vt 0.271300 0.262900
vt 0.297100 0.264600
vt 0.296500 0.266400
vt 0.272500 0.332300
vt 0.292100 0.322500
vt 0.297700 0.311800
vt 0.300000 0.291900
vt 0.301400 0.271800
vt 0.302300 0.270300
vt 0.302600 0.281300
vt 0.303800 0.280000
vt 0.303000 0.295300
vt 0.304500 0.294200
vt 0.301600 0.311100
vt 0.305700 0.308600
vt 0.292200 0.332300
vt 0.298500 0.322000
vt 0.298700 0.332300
vt 0.303100 0.321600
vt 0.303300 0.332300
vt 0.305000 0.321400
vt 0.305100 0.332300
vt 0.303100 0.343000
vt 0.298400 0.342600
vt 0.292100 0.342100
vt 0.291900 0.351900
vt 0.294200 0.375100
vt 0.271100 0.400000
vt 0.296500 0.398200
vt 0.297100 0.400000
vt 0.271300 0.401700
vt 0.303000 0.369300
vt 0.304500 0.370400
vt 0.303800 0.384600
vt 0.302600 0.383300
vt 0.302300 0.394300
vt 0.301400 0.392800
vt 0.300000 0.372800
vt 0.297700 0.352900
vt 0.301600 0.353500
vt 0.305700 0.356000
vt 0.305000 0.343300
vt 0.169400 0.495400
vt 0.167400 0.481500
vt 0.169800 0.495300
vt 0.166300 0.479300
vt 0.563700 0.901100
vt 0.563700 0.871800
vt 0.571100 0.870900
vt 0.571100 0.901100
vt 0.597400 0.815700
vt 0.597700 0.835900
vt 0.590800 0.842800
vt 0.604700 0.814300
vt 0.562000 0.845100
vt 0.551400 0.828100
vt 0.557100 0.822600
vt 0.566400 0.841100
vt 0.561400 0.818800
vt 0.570900 0.835500
vt 0.569800 0.815100
vt 0.575700 0.824800
vt 0.580500 0.811500
vt 0.581700 0.829800
vt 0.582300 0.812100
vt 0.587600 0.813800
vt 0.588100 0.825300
vt 0.594800 0.816100
vt 0.589100 0.835400
vt 0.588700 0.856100
vt 0.594200 0.855100
vt 0.582400 0.857600
vt 0.576100 0.859400
vt 0.569900 0.861900
vt 0.609600 0.829600
vt 0.622700 0.824200
vt 0.614200 0.812100
vt 0.632900 0.820100
vt 0.640600 0.830900
vt 0.651800 0.825800
vt 0.643600 0.843000
vt 0.653200 0.839900
vt 0.645000 0.855800
vt 0.655400 0.853500
vt 0.647100 0.868800
vt 0.658200 0.866600
vt 0.661300 0.879600
vt 0.649600 0.881800
vt 0.664300 0.892800
vt 0.652000 0.894900
vt 0.667900 0.907100
vt 0.641700 0.816500
vt 0.623200 0.809600
vt 0.631900 0.806700
vt 0.633600 0.846000
vt 0.622800 0.848800
vt 0.616700 0.846400
vt 0.628900 0.836600
vt 0.609700 0.847900
vt 0.612100 0.841800
vt 0.597700 0.854400
vt 0.633500 0.857400
vt 0.634900 0.870300
vt 0.637200 0.883700
vt 0.600400 0.854100
vt 0.620400 0.870700
vt 0.619500 0.857800
vt 0.638500 0.962200
vt 0.626900 0.962800
vt 0.623700 0.949200
vt 0.635900 0.949000
vt 0.620500 0.936000
vt 0.633100 0.936000
vt 0.617400 0.922900
vt 0.630500 0.923000
vt 0.614400 0.910400
vt 0.628100 0.910200
vt 0.611600 0.898600
vt 0.625700 0.897800
vt 0.608500 0.885900
vt 0.623200 0.885000
vt 0.604700 0.870600
vt 0.629800 0.976700
vt 0.640800 0.975900
vt 0.641900 0.988300
vt 0.654700 0.974800
vt 0.651700 0.961500
vt 0.649000 0.948900
vt 0.646400 0.936400
vt 0.643900 0.923200
vt 0.641600 0.909700
vt 0.639400 0.896700
vt 0.654800 0.908600
vt 0.658100 0.923400
vt 0.661400 0.937500
vt 0.664200 0.949100
vt 0.668000 0.960300
vt 0.674100 0.973100
vt 0.681300 0.986700
vt 0.653200 0.989000
vt 0.672600 0.923700
vt 0.677200 0.939000
vt 0.680600 0.949500
vt 0.684300 0.955300
vt 0.691200 0.969800
vt 0.709400 0.984400
vt 0.698100 0.964100
vt 0.689900 0.956600
vt 0.694600 0.953900
vt 0.632400 0.990000
vt 0.711500 0.985500
vt 0.709600 0.971400
vt 0.710900 0.975600
vt 0.709800 0.960000
vt 0.711500 0.972300
vt 0.712700 0.984500
vt 0.696000 0.904200
vt 0.691700 0.904600
vt 0.691300 0.889800
vt 0.692900 0.921800
vt 0.696700 0.920100
vt 0.700200 0.903900
vt 0.700400 0.918900
vt 0.704000 0.903800
vt 0.704100 0.918400
vt 0.706800 0.918400
vt 0.707400 0.932700
vt 0.704700 0.932900
vt 0.708400 0.945900
vt 0.705700 0.946100
vt 0.706700 0.957700
vt 0.707600 0.967200
vt 0.704500 0.968700
vt 0.706700 0.903800
vt 0.694400 0.937500
vt 0.699100 0.956400
vt 0.695600 0.947900
vt 0.698800 0.947100
vt 0.697800 0.935200
vt 0.701200 0.933500
vt 0.702200 0.946400
vt 0.703300 0.958000
vt 0.427100 0.331200
vt 0.425000 0.325000
vt 0.445600 0.316500
vt 0.420100 0.312000
vt 0.440300 0.303700
vt 0.463400 0.310200
vt 0.457900 0.296700
vt 0.480100 0.305400
vt 0.474900 0.291900
vt 0.498900 0.307600
vt 0.482000 0.311800
vt 0.497400 0.301800
vt 0.492400 0.286800
vt 0.582300 0.294500
vt 0.565900 0.296400
vt 0.565400 0.292300
vt 0.548800 0.294400
vt 0.545000 0.275800
vt 0.527500 0.278800
vt 0.521000 0.256000
vt 0.503000 0.260100
vt 0.510000 0.282400
vt 0.485000 0.265000
vt 0.467200 0.270300
vt 0.450200 0.275800
vt 0.432100 0.281600
vt 0.411300 0.288100
vt 0.389100 0.294400
vt 0.506100 0.327600
vt 0.521400 0.323200
vt 0.523100 0.329300
vt 0.503300 0.320500
vt 0.519300 0.316300
vt 0.500700 0.313700
vt 0.517300 0.309800
vt 0.515900 0.304100
vt 0.514800 0.299000
vt 0.531900 0.296600
vt 0.549500 0.298700
vt 0.566400 0.301300
vt 0.582600 0.299400
vt 0.532800 0.301200
vt 0.550300 0.303800
vt 0.567300 0.307200
vt 0.583200 0.305200
vt 0.583800 0.311300
vt 0.600100 0.310200
vt 0.600600 0.315800
vt 0.617100 0.315400
vt 0.617400 0.320800
vt 0.633400 0.321100
vt 0.599700 0.304000
vt 0.616800 0.309800
vt 0.633400 0.315600
vt 0.649200 0.321900
vt 0.601100 0.321100
vt 0.584500 0.316900
vt 0.568300 0.313500
vt 0.551500 0.309900
vt 0.533800 0.306500
vt 0.569300 0.319200
vt 0.554200 0.322100
vt 0.552900 0.316300
vt 0.535400 0.312900
vt 0.537200 0.319500
vt 0.538600 0.325500
vt 0.585300 0.322200
vt 0.570300 0.324500
vt 0.555200 0.327600
vt 0.539600 0.331100
vt 0.524300 0.335000
vt 0.510400 0.339500
vt 0.398500 0.320900
vt 0.402900 0.334600
vt 0.405000 0.340700
vt 0.407100 0.349200
vt 0.430100 0.337300
vt 0.435400 0.344700
vt 0.454500 0.336200
vt 0.460200 0.343500
vt 0.476000 0.337400
vt 0.480300 0.343400
vt 0.494300 0.338500
vt 0.497400 0.344100
vt 0.508400 0.333800
vt 0.484100 0.318100
vt 0.487300 0.325100
vt 0.491000 0.332400
vt 0.471500 0.330000
vt 0.450200 0.329100
vt 0.447700 0.322800
vt 0.465400 0.316600
vt 0.467800 0.322900
vt 0.244100 0.321000
vt 0.244000 0.326600
vt 0.229200 0.327300
vt 0.229200 0.332300
vt 0.243900 0.332300
vt 0.130400 0.575100
vt 0.139000 0.594000
vt 0.133800 0.597800
vt 0.124900 0.578000
vt 0.128200 0.601800
vt 0.119200 0.581000
vt 0.122000 0.606000
vt 0.113300 0.584100
vt 0.115700 0.609600
vt 0.107500 0.587000
vt 0.109500 0.612400
vt 0.101800 0.589300
vt 0.102800 0.614800
vt 0.095800 0.591400
vt 0.101400 0.615100
vt 0.100000 0.615400
vt 0.083100 0.620000
vt 0.082900 0.552200
vt 0.088800 0.570100
vt 0.094500 0.568300
vt 0.100000 0.566300
vt 0.105700 0.564100
vt 0.111600 0.561700
vt 0.117300 0.559400
vt 0.106100 0.544600
vt 0.112000 0.542700
vt 0.101700 0.528900
vt 0.107700 0.526900
vt 0.095400 0.530800
vt 0.083600 0.534200
vt 0.088600 0.550400
vt 0.089400 0.532500
vt 0.094200 0.548700
vt 0.100100 0.546800
vt 0.085000 0.516400
vt 0.091100 0.514800
vt 0.097400 0.513100
vt 0.103400 0.511300
vt 0.109200 0.509600
vt 0.113600 0.525500
vt 0.117900 0.541000
vt 0.123000 0.557300
vt 0.099300 0.495800
vt 0.093300 0.497400
vt 0.087000 0.499000
vt 0.080800 0.500500
vt 0.077100 0.484600
vt 0.073500 0.468700
vt 0.070100 0.452800
vt 0.067100 0.436700
vt 0.095400 0.480300
vt 0.089500 0.481900
vt 0.083200 0.483300
vt 0.079700 0.467600
vt 0.076300 0.451800
vt 0.073300 0.435800
vt 0.091800 0.464800
vt 0.085900 0.466300
vt 0.082500 0.450600
vt 0.079600 0.434900
vt 0.088400 0.449400
vt 0.085400 0.433800
vt 0.090900 0.432600
vt 0.094000 0.447900
vt 0.097400 0.463200
vt 0.101100 0.478400
vt 0.105000 0.493800
vt 0.729200 0.967700
vt 0.720200 0.965800
vt 0.722100 0.954600
vt 0.733000 0.954500
vt 0.736700 0.960800
vt 0.733000 0.964100
vt 0.744800 0.973400
vt 0.732800 0.974300
vt 0.720900 0.975400
vt 0.745800 0.963000
vt 0.758700 0.963500
vt 0.758600 0.972600
vt 0.773300 0.963200
vt 0.773100 0.971900
vt 0.787800 0.962800
vt 0.787600 0.971200
vt 0.802300 0.962600
vt 0.802000 0.970600
vt 0.816600 0.962500
vt 0.816400 0.970200
vt 0.830900 0.962500
vt 0.830600 0.969900
vt 0.845200 0.962500
vt 0.844900 0.969800
vt 0.859300 0.962700
vt 0.858900 0.969700
vt 0.859600 0.955600
vt 0.845500 0.955300
vt 0.831200 0.955000
vt 0.816900 0.954800
vt 0.802500 0.954700
vt 0.788000 0.954500
vt 0.773500 0.954500
vt 0.758800 0.954400
vt 0.744900 0.954500
vt 0.872900 0.962900
vt 0.872600 0.969700
vt 0.886700 0.963300
vt 0.886300 0.969900
vt 0.901100 0.963900
vt 0.900700 0.970500
vt 0.916900 0.971300
vt 0.965400 0.960700
vt 0.978000 0.960600
vt 0.978000 0.967200
vt 0.966100 0.967300
vt 0.978100 0.975400
vt 0.966700 0.975400
vt 0.952500 0.966900
vt 0.955600 0.973800
vt 0.935200 0.965900
vt 0.935600 0.972300
vt 0.917100 0.964800
vt 0.901500 0.957400
vt 0.887000 0.956700
vt 0.873300 0.956100
vt 0.917300 0.958300
vt 0.934800 0.959400
vt 0.951600 0.960400
vt 0.010200 0.561300
vt 0.020800 0.561300
vt 0.021600 0.572600
vt 0.010000 0.550100
vt 0.020000 0.550000
vt 0.028800 0.560500
vt 0.027800 0.550100
vt 0.031200 0.550300
vt 0.031800 0.557800
vt 0.032700 0.561600
vt 0.032900 0.572700
vt 0.032900 0.579400
vt 0.021600 0.579200
vt 0.032800 0.586300
vt 0.021600 0.586200
vt 0.032800 0.593800
vt 0.021500 0.593600
vt 0.032600 0.550400
vt 0.010100 0.645700
vt 0.021400 0.645800
vt 0.021300 0.659000
vt 0.021400 0.631200
vt 0.010100 0.631100
vt 0.021500 0.617900
vt 0.010200 0.617800
vt 0.021500 0.608600
vt 0.010200 0.608500
vt 0.021500 0.601200
vt 0.010200 0.601200
vt 0.010300 0.593500
vt 0.010300 0.586100
vt 0.010300 0.579200
vt 0.010300 0.572500
vt 0.010100 0.658900
vt 0.032800 0.601400
vt 0.032800 0.608700
vt 0.032700 0.618000
vt 0.032700 0.631300
vt 0.032600 0.645900
vt 0.032600 0.659200
vt 0.032600 0.671900
vt 0.021500 0.670100
vt 0.010000 0.670000
vt 0.300400 0.424400
vt 0.288100 0.429400
vt 0.287100 0.427300
vt 0.274600 0.430900
vt 0.275300 0.433100
vt 0.261600 0.433000
vt 0.262100 0.435300
vt 0.248400 0.433700
vt 0.248600 0.435900
vt 0.235000 0.432800
vt 0.234900 0.435100
vt 0.221600 0.430500
vt 0.221300 0.432700
vt 0.208400 0.426800
vt 0.207800 0.428900
vt 0.195400 0.421600
vt 0.194700 0.423600
vt 0.183000 0.415100
vt 0.182000 0.417000
vt 0.171100 0.407300
vt 0.169900 0.409200
vt 0.271100 0.420100
vt 0.259400 0.422100
vt 0.247400 0.422600
vt 0.235200 0.421900
vt 0.223100 0.419800
vt 0.211100 0.416300
vt 0.199400 0.411600
vt 0.188000 0.405700
vt 0.177200 0.398600
vt 0.166900 0.390500
vt 0.194400 0.424400
vt 0.181600 0.417800
vt 0.169400 0.409900
vt 0.158000 0.400800
vt 0.158600 0.400200
vt 0.160000 0.398500
vt 0.149700 0.388800
vt 0.148100 0.390300
vt 0.147400 0.390800
vt 0.138500 0.379500
vt 0.137800 0.380000
vt 0.129300 0.368400
vt 0.130100 0.368000
vt 0.122100 0.356100
vt 0.122800 0.355800
vt 0.116100 0.343300
vt 0.116900 0.343100
vt 0.111600 0.330200
vt 0.112400 0.330000
vt 0.108500 0.316700
vt 0.109300 0.316600
vt 0.140300 0.378200
vt 0.132000 0.366900
vt 0.124900 0.354900
vt 0.119100 0.342400
vt 0.114600 0.329600
vt 0.111600 0.316500
vt 0.107700 0.303200
vt 0.110000 0.303300
vt 0.107700 0.289800
vt 0.110000 0.290200
vt 0.109100 0.276600
vt 0.111300 0.277200
vt 0.157400 0.381500
vt 0.148800 0.371800
vt 0.141200 0.361400
vt 0.134700 0.350600
vt 0.129400 0.339200
vt 0.125400 0.327500
vt 0.122600 0.315600
vt 0.121200 0.303700
vt 0.121100 0.291800
vt 0.122400 0.279900
vt 0.114100 0.264400
vt 0.124900 0.268200
vt 0.111900 0.263600
vt 0.116100 0.250900
vt 0.118200 0.251900
vt 0.128700 0.256700
vt 0.106900 0.303200
vt 0.106800 0.289700
vt 0.108200 0.276400
vt 0.111100 0.263300
vt 0.115300 0.250600
vt 0.121500 0.238600
vt 0.123600 0.239800
vt 0.133700 0.245400
vt 0.130100 0.228100
vt 0.139700 0.234600
vt 0.137700 0.217000
vt 0.177000 0.181800
vt 0.166200 0.188700
vt 0.164800 0.186800
vt 0.154400 0.195300
vt 0.155900 0.197000
vt 0.144600 0.204900
vt 0.146400 0.206600
vt 0.135900 0.215500
vt 0.128200 0.226800
vt 0.120800 0.238200
vt 0.175800 0.179800
vt 0.164100 0.186200
vt 0.153800 0.194600
vt 0.144000 0.204300
vt 0.135200 0.214900
vt 0.127400 0.226300
vt 0.146800 0.224200
vt 0.154800 0.214400
vt 0.163500 0.205600
vt 0.173000 0.197800
vt 0.182900 0.191600
vt 0.193300 0.186500
vt 0.188300 0.176300
vt 0.204100 0.182300
vt 0.199900 0.171900
vt 0.215900 0.178800
vt 0.212400 0.168200
vt 0.229100 0.175800
vt 0.226300 0.164900
vt 0.242500 0.173500
vt 0.187200 0.174200
vt 0.199100 0.169700
vt 0.211700 0.166000
vt 0.225800 0.162700
vt 0.240600 0.162600
vt 0.240200 0.160300
vt 0.254000 0.161500
vt 0.253900 0.159200
vt 0.267000 0.161600
vt 0.267100 0.159300
vt 0.279700 0.162900
vt 0.280000 0.160700
vt 0.292100 0.165500
vt 0.225600 0.161600
vt 0.211400 0.164900
vt 0.198700 0.168600
vt 0.185300 0.173700
vt 0.174400 0.179600
vt 0.255100 0.172500
vt 0.267100 0.172600
vt 0.278600 0.173700
vt 0.289800 0.176100
vt 0.300400 0.179600
vt 0.304000 0.169500
vt 0.310600 0.184400
vt 0.315400 0.174900
vt 0.320200 0.190400
vt 0.326100 0.181600
vt 0.329200 0.197400
vt 0.336100 0.189400
vt 0.345300 0.198200
vt 0.292600 0.163300
vt 0.304800 0.167500
vt 0.316400 0.173000
vt 0.327400 0.179800
vt 0.337600 0.187800
vt 0.346900 0.196700
vt 0.347800 0.195900
vt 0.356200 0.205900
vt 0.355200 0.206600
vt 0.363400 0.216700
vt 0.362400 0.217300
vt 0.369300 0.228200
vt 0.368300 0.228700
vt 0.373900 0.240400
vt 0.338400 0.186900
vt 0.328100 0.178800
vt 0.317000 0.171900
vt 0.305300 0.166400
vt 0.292900 0.162200
vt 0.280200 0.159500
vt 0.267100 0.158200
vt 0.253800 0.158000
vt 0.240000 0.159200
vt 0.372800 0.240800
vt 0.377300 0.253100
vt 0.376200 0.253300
vt 0.379500 0.266200
vt 0.378400 0.266300
vt 0.380600 0.279900
vt 0.379500 0.280000
vt 0.380600 0.294600
vt 0.379500 0.294600
vt 0.379800 0.309000
vt 0.378600 0.308900
vt 0.378300 0.322200
vt 0.377100 0.322000
vt 0.375600 0.336200
vt 0.374800 0.334400
vt 0.371700 0.348000
vt 0.371300 0.346700
vt 0.367100 0.359300
vt 0.353500 0.207900
vt 0.360500 0.218400
vt 0.366200 0.229600
vt 0.370700 0.241400
vt 0.373900 0.253700
vt 0.376100 0.266500
vt 0.377200 0.280000
vt 0.377200 0.294400
vt 0.337400 0.205400
vt 0.344700 0.214000
vt 0.351000 0.223400
vt 0.356100 0.233400
vt 0.360100 0.244100
vt 0.363100 0.255400
vt 0.365100 0.267200
vt 0.366000 0.279800
vt 0.366000 0.293500
vt 0.376300 0.308600
vt 0.374900 0.321600
vt 0.372500 0.333800
vt 0.369100 0.345900
vt 0.366400 0.358700
vt 0.364300 0.357700
vt 0.359900 0.370500
vt 0.357900 0.369300
vt 0.352200 0.381800
vt 0.350300 0.380400
vt 0.343400 0.392300
vt 0.341600 0.390800
vt 0.333700 0.401900
vt 0.332100 0.400200
vt 0.321800 0.408700
vt 0.365200 0.307000
vt 0.363800 0.319200
vt 0.361700 0.330600
vt 0.358500 0.341800
vt 0.354000 0.352600
vt 0.348100 0.363300
vt 0.341000 0.373500
vt 0.332900 0.383100
vt 0.324000 0.391900
vt 0.314400 0.399800
vt 0.304300 0.406700
vt 0.310800 0.416100
vt 0.293600 0.412400
vt 0.299200 0.422400
vt 0.282500 0.416900
vt 0.312100 0.418100
vt 0.323300 0.410600
vt 0.360700 0.370900
vt 0.352900 0.382300
vt 0.344100 0.392900
vt 0.334400 0.402600
vt 0.323800 0.411200
vt 0.312600 0.418800
vt 0.300800 0.425200
vt 0.288400 0.430200
vt 0.275600 0.433900
vt 0.262300 0.436100
vt 0.248700 0.436800
vt 0.234900 0.435900
vt 0.221200 0.433600
vt 0.207600 0.429700
vt 0.496400 0.776200
vt 0.496100 0.777500
vt 0.482800 0.774400
vt 0.510000 0.778600
vt 0.509800 0.779900
vt 0.523900 0.779600
vt 0.523800 0.780900
vt 0.537500 0.777300
vt 0.537800 0.778500
vt 0.546700 0.767100
vt 0.547700 0.768100
vt 0.544200 0.754300
vt 0.545500 0.753800
vt 0.536700 0.742300
vt 0.535600 0.743200
vt 0.538300 0.741200
vt 0.529300 0.729600
vt 0.527800 0.730800
vt 0.526700 0.731700
vt 0.456700 0.767300
vt 0.456200 0.769000
vt 0.443300 0.765100
vt 0.469700 0.771000
vt 0.469200 0.772600
vt 0.482400 0.776000
vt 0.495900 0.779100
vt 0.509700 0.781500
vt 0.524000 0.782500
vt 0.538800 0.779900
vt 0.549300 0.768400
vt 0.547200 0.753000
vt 0.379100 0.740200
vt 0.378700 0.741500
vt 0.365600 0.736800
vt 0.392200 0.744800
vt 0.391800 0.746200
vt 0.405300 0.749400
vt 0.404800 0.750700
vt 0.418300 0.753700
vt 0.417900 0.755100
vt 0.431300 0.758000
vt 0.430800 0.759300
vt 0.444200 0.762100
vt 0.443800 0.763400
vt 0.457100 0.766000
vt 0.470000 0.769700
vt 0.483100 0.773200
vt 0.366100 0.735500
vt 0.353500 0.730800
vt 0.353800 0.732200
vt 0.351800 0.733600
vt 0.364900 0.738500
vt 0.378000 0.743300
vt 0.391100 0.748000
vt 0.404200 0.752500
vt 0.417300 0.756900
vt 0.430300 0.761100
vt 0.448300 0.370200
vt 0.448800 0.376600
vt 0.430500 0.378400
vt 0.432900 0.371200
vt 0.410500 0.379500
vt 0.448800 0.363900
vt 0.472100 0.353500
vt 0.460300 0.358600
vt 0.451300 0.355900
vt 0.439200 0.363600
vt 0.420500 0.370100
vt 0.414000 0.363700
vt 0.409300 0.364300
vt 0.419900 0.354100
vt 0.442800 0.351800
vt 0.466100 0.349000
vt 0.484600 0.348800
vt 0.428200 0.360900
vt 0.673700 0.259900
vt 0.672700 0.248200
vt 0.674600 0.247800
vt 0.675600 0.258700
vt 0.676500 0.247400
vt 0.685500 0.286800
vt 0.662100 0.264700
vt 0.662200 0.248300
vt 0.784200 0.307600
vt 0.785300 0.306200
vt 0.801600 0.311100
vt 0.768000 0.303100
vt 0.766800 0.304600
vt 0.750600 0.300600
vt 0.751800 0.299000
vt 0.734500 0.296900
vt 0.735700 0.295200
vt 0.718300 0.293500
vt 0.719600 0.291800
vt 0.702000 0.290200
vt 0.703300 0.288400
vt 0.686900 0.285000
vt 0.677500 0.257500
vt 0.701300 0.265100
vt 0.701000 0.251400
vt 0.704600 0.286600
vt 0.720900 0.290000
vt 0.737000 0.293600
vt 0.753000 0.297400
vt 0.769100 0.301700
vt 0.805800 0.295300
vt 0.826100 0.300500
vt 0.789700 0.290400
vt 0.773400 0.285800
vt 0.756900 0.281500
vt 0.740400 0.277700
vt 0.722500 0.272700
vt 0.688300 0.283300
vt 0.724200 0.256100
vt 0.743900 0.260600
vt 0.761400 0.264700
vt 0.778400 0.269300
vt 0.794800 0.274200
vt 0.810600 0.278800
vt 0.828000 0.283800
vt 0.848300 0.288300
vt 0.848100 0.298600
vt 0.853100 0.303300
vt 0.865500 0.291000
vt 0.870400 0.296400
vt 0.869000 0.304100
vt 0.846200 0.307900
vt 0.819400 0.316700
vt 0.800600 0.312400
vt 0.783200 0.309000
vt 0.765300 0.310800
vt 0.749200 0.307000
vt 0.747900 0.313100
vt 0.731900 0.309700
vt 0.730800 0.316000
vt 0.715000 0.312800
vt 0.697000 0.322000
vt 0.695700 0.327700
vt 0.680300 0.325100
vt 0.712600 0.325000
vt 0.713800 0.319100
vt 0.729500 0.322300
vt 0.746600 0.319300
vt 0.763900 0.316800
vt 0.781600 0.314900
vt 0.799700 0.313700
vt 0.818600 0.317900
vt 0.840400 0.323000
vt 0.867400 0.312100
vt 0.863300 0.329100
vt 0.839800 0.324300
vt 0.817700 0.319100
vt 0.798000 0.319500
vt 0.780100 0.320800
vt 0.762500 0.322900
vt 0.745200 0.325700
vt 0.728100 0.328300
vt 0.711100 0.330700
vt 0.863000 0.330500
vt 0.839200 0.325600
vt 0.816000 0.324800
vt 0.796400 0.325100
vt 0.778600 0.326900
vt 0.761000 0.329300
vt 0.743700 0.331700
vt 0.726400 0.334000
vt 0.814200 0.330400
vt 0.776800 0.333200
vt 0.759300 0.335300
vt 0.775100 0.339200
vt 0.757800 0.341200
vt 0.741900 0.337500
vt 0.837300 0.331600
vt 0.835100 0.337400
vt 0.862700 0.332000
vt 0.860500 0.338600
vt 0.857900 0.345000
vt 0.832400 0.343200
vt 0.812100 0.336100
vt 0.794700 0.331000
vt 0.792700 0.337200
vt 0.790900 0.343100
vt 0.789400 0.349000
vt 0.773800 0.345100
vt 0.854400 0.351300
vt 0.829400 0.349200
vt 0.809900 0.342100
vt 0.807800 0.348000
vt 0.805800 0.353700
vt 0.850500 0.357600
vt 0.826600 0.355000
vt 0.823800 0.360500
vt 0.846600 0.363400
vt 0.842900 0.368700
vt 0.644600 0.417400
vt 0.651000 0.417200
vt 0.651900 0.433000
vt 0.643500 0.399200
vt 0.650000 0.399700
vt 0.642500 0.381900
vt 0.649000 0.382900
vt 0.642200 0.368300
vt 0.648800 0.369000
vt 0.634100 0.367700
vt 0.634200 0.356300
vt 0.642300 0.356400
vt 0.648900 0.356500
vt 0.653900 0.489000
vt 0.654100 0.503300
vt 0.646600 0.503500
vt 0.646600 0.489300
vt 0.653600 0.474900
vt 0.646500 0.475200
vt 0.653100 0.461200
vt 0.646300 0.461500
vt 0.652600 0.447400
vt 0.646000 0.447800
vt 0.645400 0.433300
vt 0.638100 0.417500
vt 0.637100 0.398800
vt 0.635700 0.378800
vt 0.639500 0.475500
vt 0.639500 0.461800
vt 0.639300 0.448100
vt 0.638900 0.433700
vt 0.635500 0.589700
vt 0.645900 0.588700
vt 0.648100 0.597800
vt 0.645400 0.575800
vt 0.636300 0.575900
vt 0.645800 0.561200
vt 0.637100 0.561400
vt 0.646100 0.546700
vt 0.637800 0.546900
vt 0.646400 0.532200
vt 0.638500 0.532400
vt 0.646600 0.517800
vt 0.638900 0.518100
vt 0.639200 0.503800
vt 0.639400 0.489600
vt 0.644800 0.601500
vt 0.641100 0.605200
vt 0.654200 0.612400
vt 0.654300 0.601500
vt 0.654400 0.589600
vt 0.654500 0.575700
vt 0.654500 0.561000
vt 0.654500 0.546500
vt 0.654400 0.532000
vt 0.654300 0.517600
vt 0.680300 0.675300
vt 0.677400 0.692300
vt 0.664300 0.692200
vt 0.665900 0.677200
vt 0.683300 0.659600
vt 0.667700 0.662800
vt 0.685500 0.648800
vt 0.669400 0.651000
vt 0.688600 0.642700
vt 0.671900 0.639500
vt 0.694000 0.627600
vt 0.676600 0.626100
vt 0.710600 0.611200
vt 0.682400 0.611800
vt 0.657100 0.626400
vt 0.643000 0.614300
vt 0.634600 0.601700
vt 0.701400 0.632500
vt 0.694100 0.640800
vt 0.699000 0.642900
vt 0.648600 0.732400
vt 0.649400 0.718900
vt 0.662000 0.719400
vt 0.663000 0.706100
vt 0.650200 0.705700
vt 0.651000 0.692500
vt 0.651900 0.678900
vt 0.653000 0.665500
vt 0.654200 0.652800
vt 0.655600 0.640000
vt 0.634600 0.746600
vt 0.648500 0.745400
vt 0.649900 0.756700
vt 0.634100 0.733600
vt 0.635400 0.719100
vt 0.636500 0.706100
vt 0.637500 0.693500
vt 0.638600 0.680500
vt 0.639800 0.667300
vt 0.641100 0.654100
vt 0.642400 0.640600
vt 0.643200 0.626800
vt 0.633500 0.613600
vt 0.632200 0.627200
vt 0.630700 0.641300
vt 0.629100 0.655100
vt 0.627300 0.668700
vt 0.625500 0.682000
vt 0.623900 0.694800
vt 0.622300 0.706800
vt 0.620700 0.719700
vt 0.618500 0.735400
vt 0.616000 0.752300
vt 0.638900 0.755100
vt 0.633000 0.758200
vt 0.646200 0.766500
vt 0.626000 0.757400
vt 0.629000 0.763200
vt 0.613300 0.752200
vt 0.609700 0.752000
vt 0.604200 0.751500
vt 0.615300 0.770700
vt 0.627800 0.775600
vt 0.641400 0.779500
vt 0.658500 0.771000
vt 0.660200 0.758700
vt 0.660200 0.745800
vt 0.660900 0.732700
vt 0.673800 0.720400
vt 0.675400 0.706900
vt 0.670100 0.774800
vt 0.670000 0.760700
vt 0.670800 0.746900
vt 0.672200 0.733600
vt 0.652000 0.782500
vt 0.661100 0.785200
vt 0.624600 0.791400
vt 0.617200 0.790700
vt 0.634300 0.792500
vt 0.643500 0.794100
vt 0.652400 0.796000
vt 0.576300 0.788300
vt 0.570100 0.783400
vt 0.578800 0.765300
vt 0.583700 0.768900
vt 0.584900 0.747800
vt 0.591300 0.749600
vt 0.588700 0.773900
vt 0.597700 0.750800
vt 0.594600 0.784100
vt 0.600100 0.778500
vt 0.600800 0.796800
vt 0.602600 0.795900
vt 0.607700 0.793700
vt 0.607000 0.782200
vt 0.614600 0.790600
vt 0.606800 0.772000
vt 0.607700 0.764500
vt 0.581100 0.791600
vt 0.589900 0.794300
vt 0.784100 0.813900
vt 0.772000 0.811100
vt 0.774200 0.795900
vt 0.781500 0.829100
vt 0.769600 0.826100
vt 0.778700 0.844700
vt 0.767100 0.841200
vt 0.775600 0.860000
vt 0.764400 0.856200
vt 0.772200 0.874800
vt 0.761300 0.871100
vt 0.768500 0.888800
vt 0.757800 0.885400
vt 0.764700 0.902000
vt 0.754000 0.898500
vt 0.741700 0.779200
vt 0.743700 0.766700
vt 0.752700 0.764300
vt 0.751300 0.778500
vt 0.760600 0.763000
vt 0.759500 0.778400
vt 0.768000 0.763400
vt 0.766700 0.779100
vt 0.776100 0.780200
vt 0.786400 0.798600
vt 0.797600 0.817900
vt 0.794600 0.833400
vt 0.791200 0.849500
vt 0.787600 0.865200
vt 0.783900 0.879500
vt 0.739500 0.791500
vt 0.732800 0.834100
vt 0.742500 0.837000
vt 0.739800 0.851300
vt 0.735100 0.819900
vt 0.745000 0.822400
vt 0.737300 0.805300
vt 0.747400 0.807500
vt 0.749600 0.792700
vt 0.757900 0.793700
vt 0.764900 0.794600
vt 0.762800 0.809700
vt 0.760400 0.824700
vt 0.757900 0.839700
vt 0.755800 0.808800
vt 0.753300 0.823900
vt 0.750700 0.838700
vt 0.747800 0.853500
vt 0.755100 0.854500
vt 0.744800 0.868000
vt 0.752000 0.869300
vt 0.741700 0.881900
vt 0.748700 0.883400
vt 0.738800 0.894200
vt 0.745400 0.896100
vt 0.741600 0.907400
vt 0.749300 0.911800
vt 0.735800 0.905500
vt 0.761300 0.914600
vt 0.759000 0.926600
vt 0.750700 0.923900
vt 0.744700 0.923900
vt 0.741400 0.919500
vt 0.737200 0.917000
vt 0.780100 0.893100
vt 0.776300 0.906100
vt 0.772400 0.918700
vt 0.768500 0.930700
vt 0.764800 0.942600
vt 0.757600 0.938500
vt 0.750200 0.934400
vt 0.742700 0.930500
vt 0.736300 0.927400
vt 0.732500 0.925700
vt 0.730100 0.924800
vt 0.732500 0.915900
vt 0.722700 0.928600
vt 0.726400 0.915700
vt 0.715400 0.932400
vt 0.719000 0.915700
vt 0.729400 0.903100
vt 0.721700 0.900100
vt 0.723700 0.886800
vt 0.731900 0.891100
vt 0.725500 0.874500
vt 0.734300 0.878800
vt 0.727900 0.861500
vt 0.737000 0.865400
vt 0.730400 0.848000
vt 0.712200 0.624100
vt 0.712600 0.609900
vt 0.713000 0.619800
vt 0.713600 0.635500
vt 0.714000 0.623000
vt 0.713900 0.610700
vt 0.703600 0.661100
vt 0.707100 0.662600
vt 0.706900 0.677300
vt 0.703800 0.649300
vt 0.700600 0.648700
vt 0.703200 0.640000
vt 0.707400 0.627300
vt 0.710700 0.628500
vt 0.710700 0.638100
vt 0.710700 0.649800
vt 0.713400 0.649800
vt 0.710700 0.663100
vt 0.713400 0.663100
vt 0.710600 0.677600
vt 0.713300 0.677700
vt 0.707200 0.649600
vt 0.707200 0.638000
vt 0.700100 0.659000
vt 0.703100 0.676100
vt 0.706600 0.692300
vt 0.702400 0.692000
vt 0.699200 0.674600
vt 0.698100 0.691600
vt 0.701900 0.706100
vt 0.697200 0.706100
vt 0.696500 0.719400
vt 0.692000 0.797700
vt 0.692700 0.784600
vt 0.698300 0.784800
vt 0.699000 0.771700
vt 0.693500 0.771500
vt 0.699600 0.758700
vt 0.694200 0.758500
vt 0.700200 0.745600
vt 0.695000 0.745500
vt 0.700800 0.732600
vt 0.695700 0.732500
vt 0.701400 0.719400
vt 0.706300 0.706200
vt 0.710400 0.692400
vt 0.706000 0.719500
vt 0.705500 0.732700
vt 0.705100 0.745700
vt 0.704600 0.758800
vt 0.704100 0.771800
vt 0.710200 0.706200
vt 0.710000 0.719600
vt 0.709600 0.732800
vt 0.709200 0.745900
vt 0.708700 0.758900
vt 0.708200 0.772000
vt 0.713100 0.692400
vt 0.713000 0.706300
vt 0.712700 0.719700
vt 0.712400 0.732900
vt 0.712000 0.746000
vt 0.711500 0.759100
vt 0.711100 0.772200
vt 0.710400 0.785200
vt 0.707600 0.785100
vt 0.703400 0.784900
vt 0.709900 0.798400
vt 0.707100 0.798200
vt 0.702900 0.798100
vt 0.697700 0.797900
vt 0.702400 0.811200
vt 0.697200 0.811000
vt 0.701900 0.824300
vt 0.696800 0.824100
vt 0.701500 0.837300
vt 0.696500 0.837100
vt 0.701100 0.850400
vt 0.696200 0.850200
vt 0.700800 0.863400
vt 0.696100 0.863300
vt 0.700500 0.876600
vt 0.696000 0.876500
vt 0.700300 0.889900
vt 0.695900 0.889900
vt 0.706600 0.811400
vt 0.706100 0.824400
vt 0.705600 0.837500
vt 0.705200 0.850500
vt 0.704800 0.863600
vt 0.704500 0.876700
vt 0.704200 0.890000
vt 0.707000 0.890100
vt 0.707300 0.876800
vt 0.707600 0.863600
vt 0.708000 0.850600
vt 0.708400 0.837600
vt 0.708900 0.824500
vt 0.709400 0.811500
vt 0.746500 0.559400
vt 0.740600 0.540400
vt 0.751600 0.537000
vt 0.764800 0.534300
vt 0.778800 0.532200
vt 0.784100 0.552500
vt 0.770100 0.554400
vt 0.757200 0.556600
vt 0.762700 0.575200
vt 0.752200 0.577400
vt 0.766900 0.591800
vt 0.756400 0.593800
vt 0.770300 0.607600
vt 0.759800 0.609300
vt 0.773000 0.623200
vt 0.762600 0.624700
vt 0.775200 0.638800
vt 0.764900 0.640000
vt 0.776900 0.654300
vt 0.766700 0.655200
vt 0.778100 0.669700
vt 0.779500 0.590300
vt 0.782900 0.606300
vt 0.775300 0.573400
vt 0.789200 0.572000
vt 0.738200 0.562400
vt 0.731700 0.543800
vt 0.744000 0.580000
vt 0.748200 0.596000
vt 0.751500 0.611300
vt 0.754300 0.626300
vt 0.756700 0.641300
vt 0.758600 0.656300
vt 0.760000 0.671200
vt 0.768000 0.670300
vt 0.761000 0.686300
vt 0.768900 0.685500
vt 0.731300 0.565900
vt 0.725600 0.547000
vt 0.736400 0.583900
vt 0.740500 0.600000
vt 0.743800 0.615100
vt 0.746400 0.629700
vt 0.748700 0.644400
vt 0.750600 0.659100
vt 0.752300 0.674000
vt 0.753400 0.688900
vt 0.724300 0.570200
vt 0.720500 0.550200
vt 0.728200 0.589200
vt 0.732100 0.605700
vt 0.735400 0.620500
vt 0.737900 0.634700
vt 0.739800 0.648800
vt 0.741800 0.663400
vt 0.743700 0.678100
vt 0.745100 0.692900
vt 0.746100 0.707700
vt 0.754200 0.703900
vt 0.746800 0.722600
vt 0.754700 0.719100
vt 0.746700 0.737600
vt 0.754700 0.734200
vt 0.745500 0.752500
vt 0.753900 0.749400
vt 0.761500 0.747600
vt 0.768900 0.747700
vt 0.777600 0.764300
vt 0.788500 0.782600
vt 0.800100 0.802400
vt 0.761700 0.701500
vt 0.762000 0.716800
vt 0.762000 0.732200
vt 0.769300 0.732000
vt 0.778500 0.748400
vt 0.790100 0.766200
vt 0.802300 0.785900
vt 0.769400 0.700900
vt 0.769500 0.716400
vt 0.779000 0.732500
vt 0.791100 0.749900
vt 0.804100 0.768900
vt 0.778900 0.685200
vt 0.779300 0.700900
vt 0.779300 0.716600
vt 0.791600 0.733600
vt 0.805100 0.752100
vt 0.805600 0.735500
vt 0.791900 0.717500
vt 0.791900 0.701400
vt 0.791400 0.685500
vt 0.790600 0.669700
vt 0.789400 0.653900
vt 0.787700 0.638100
vt 0.785600 0.622200
vt 0.805900 0.719000
vt 0.805700 0.702600
vt 0.805100 0.686400
vt 0.804200 0.670300
vt 0.803000 0.654200
vt 0.801400 0.638100
vt 0.799300 0.621900
vt 0.796600 0.605600
vt 0.793300 0.589300
vt 0.486900 0.755200
vt 0.485200 0.752000
vt 0.492200 0.745200
vt 0.475400 0.759000
vt 0.474700 0.755500
vt 0.463500 0.755600
vt 0.463000 0.759000
vt 0.454300 0.751400
vt 0.452700 0.754500
vt 0.442700 0.745200
vt 0.446000 0.745100
vt 0.470900 0.736300
vt 0.470700 0.735100
vt 0.497600 0.736700
vt 0.500300 0.735700
vt 0.495000 0.747900
vt 0.426400 0.944000
vt 0.426300 0.955800
vt 0.411300 0.955500
vt 0.411300 0.943800
vt 0.411300 0.931900
vt 0.396100 0.931700
vt 0.396000 0.943500
vt 0.380600 0.931400
vt 0.380400 0.943100
vt 0.364900 0.931000
vt 0.364500 0.942800
vt 0.348400 0.942300
vt 0.347500 0.953900
vt 0.363800 0.954400
vt 0.380200 0.954800
vt 0.395900 0.955200
vt 0.349000 0.930500
vt 0.441200 0.944300
vt 0.426300 0.932100
vt 0.441100 0.932300
vt 0.470100 0.932700
vt 0.455700 0.932500
vt 0.454200 0.922200
vt 0.439700 0.922100
vt 0.425000 0.922000
vt 0.410100 0.921900
vt 0.395100 0.921800
vt 0.380000 0.921600
vt 0.364700 0.921300
vt 0.349300 0.920800
vt 0.333900 0.920000
vt 0.333100 0.929800
vt 0.332300 0.941800
vt 0.316300 0.941400
vt 0.317100 0.928900
vt 0.318600 0.918600
vt 0.320300 0.908900
vt 0.334600 0.910600
vt 0.349200 0.911600
vt 0.363900 0.912000
vt 0.378700 0.912200
vt 0.393400 0.912300
vt 0.408100 0.912300
vt 0.422700 0.912200
vt 0.437200 0.912100
vt 0.451600 0.911900
vt 0.468600 0.922200
vt 0.466000 0.911700
vt 0.483000 0.922100
vt 0.480500 0.911500
vt 0.497400 0.922000
vt 0.495000 0.911200
vt 0.511800 0.921900
vt 0.509600 0.910900
vt 0.526200 0.921800
vt 0.524200 0.910600
vt 0.540500 0.921700
vt 0.539000 0.910400
vt 0.554300 0.921700
vt 0.553800 0.910300
vt 0.555100 0.944600
vt 0.566400 0.944700
vt 0.566900 0.957100
vt 0.566400 0.932400
vt 0.554800 0.932600
vt 0.566900 0.921300
vt 0.541500 0.932600
vt 0.527400 0.932600
vt 0.513200 0.932700
vt 0.498800 0.932700
vt 0.484500 0.932700
vt 0.455900 0.944500
vt 0.470500 0.944700
vt 0.484900 0.944800
vt 0.499200 0.944800
vt 0.513600 0.944800
vt 0.527800 0.944700
vt 0.541900 0.944600
vt 0.555600 0.956700
vt 0.542300 0.956600
vt 0.528100 0.956700
vt 0.513600 0.956800
vt 0.499200 0.956800
vt 0.484700 0.956800
vt 0.470200 0.956600
vt 0.455700 0.956400
vt 0.441000 0.956100
vt 0.440300 0.965600
vt 0.425600 0.965100
vt 0.424500 0.973600
vt 0.455100 0.966100
vt 0.469900 0.966400
vt 0.484600 0.966600
vt 0.499200 0.966600
vt 0.514100 0.966500
vt 0.528900 0.966500
vt 0.543500 0.966800
vt 0.557200 0.967300
vt 0.568700 0.968300
vt 0.545400 0.976700
vt 0.530200 0.976000
vt 0.515000 0.975900
vt 0.499700 0.976000
vt 0.484400 0.975900
vt 0.469000 0.975600
vt 0.453800 0.975100
vt 0.438900 0.974500
vt 0.567900 0.909800
vt 0.581700 0.908800
vt 0.579100 0.920400
vt 0.577300 0.931800
vt 0.576900 0.944800
vt 0.577300 0.958000
vt 0.579200 0.969900
vt 0.582000 0.982100
vt 0.571300 0.979700
vt 0.559500 0.977900
vt 0.165500 0.478800
vt 0.164800 0.478300
vt 0.169100 0.495500
vt 0.172600 0.508900
vt 0.172900 0.509000
vt 0.153000 0.555700
vt 0.153700 0.566600
vt 0.148200 0.568900
vt 0.147600 0.556800
vt 0.145300 0.543500
vt 0.149000 0.543600
vt 0.143500 0.530900
vt 0.146900 0.497700
vt 0.139500 0.498400
vt 0.139300 0.491400
vt 0.139800 0.505800
vt 0.147000 0.504600
vt 0.140300 0.513400
vt 0.146000 0.512500
vt 0.140700 0.520800
vt 0.144300 0.520900
vt 0.141100 0.530000
vt 0.141600 0.543300
vt 0.142200 0.557900
vt 0.142800 0.571200
vt 0.143500 0.583900
vt 0.148100 0.580300
vt 0.151900 0.575100
vt 0.158200 0.503700
vt 0.156200 0.503500
vt 0.156900 0.496600
vt 0.154600 0.510700
vt 0.157600 0.509700
vt 0.151300 0.518100
vt 0.154700 0.515300
vt 0.150800 0.520600
vt 0.147100 0.525800
vt 0.147800 0.520300
vt 0.150900 0.511600
vt 0.152900 0.503700
vt 0.156100 0.495500
vt 0.144900 0.492800
vt 0.147500 0.489900
vt 0.157700 0.497600
vt 0.139200 0.484800
vt 0.147300 0.481600
vt 0.153200 0.479200
vt 0.151000 0.471700
vt 0.147100 0.476100
vt 0.148500 0.464400
vt 0.143900 0.474600
vt 0.498300 0.705300
vt 0.495500 0.698000
vt 0.509600 0.691500
vt 0.483200 0.710900
vt 0.484600 0.716100
vt 0.468700 0.720300
vt 0.523600 0.684000
vt 0.537700 0.675600
vt 0.542200 0.681800
vt 0.527600 0.690700
vt 0.513100 0.698600
vt 0.500200 0.710500
vt 0.485600 0.720400
vt 0.469300 0.724700
vt 0.452700 0.727300
vt 0.452700 0.722700
vt 0.435800 0.728400
vt 0.436200 0.723600
vt 0.418500 0.728300
vt 0.419300 0.723000
vt 0.403000 0.726900
vt 0.404300 0.721400
vt 0.481200 0.703400
vt 0.467900 0.715000
vt 0.452400 0.717300
vt 0.436500 0.718200
vt 0.420200 0.717600
vt 0.405600 0.716100
vt 0.393300 0.719500
vt 0.395100 0.714300
vt 0.384400 0.717300
vt 0.386600 0.712200
vt 0.385800 0.710900
vt 0.389100 0.703700
vt 0.388300 0.702500
vt 0.393000 0.695500
vt 0.407500 0.708500
vt 0.421300 0.710000
vt 0.436900 0.710500
vt 0.452000 0.709700
vt 0.466700 0.707400
vt 0.479100 0.696300
vt 0.492700 0.691100
vt 0.422300 0.702800
vt 0.437200 0.703300
vt 0.451500 0.702600
vt 0.465400 0.700300
vt 0.533200 0.669800
vt 0.519700 0.677700
vt 0.517100 0.674100
vt 0.504100 0.681000
vt 0.506200 0.684800
vt 0.491000 0.687100
vt 0.477800 0.692400
vt 0.464600 0.696400
vt 0.451100 0.698700
vt 0.437200 0.699500
vt 0.422700 0.699000
vt 0.409200 0.701500
vt 0.397700 0.706800
vt 0.432800 0.660700
vt 0.443000 0.660100
vt 0.452900 0.658300
vt 0.462600 0.655400
vt 0.472200 0.651500
vt 0.481800 0.646900
vt 0.491400 0.641800
vt 0.530200 0.666300
vt 0.500900 0.636100
vt 0.542700 0.657900
vt 0.510100 0.629900
vt 0.554300 0.648900
vt 0.518500 0.623300
vt 0.546200 0.661100
vt 0.558000 0.651900
vt 0.564900 0.635400
vt 0.526100 0.613300
vt 0.571200 0.637600
vt 0.563700 0.656900
vt 0.551200 0.666600
vt 0.574700 0.613200
vt 0.579400 0.613800
vt 0.588400 0.613300
vt 0.588800 0.625400
vt 0.598600 0.599300
vt 0.609400 0.610400
vt 0.587400 0.635300
vt 0.595800 0.634200
vt 0.575600 0.646600
vt 0.582300 0.650200
vt 0.569400 0.662300
vt 0.556200 0.672300
vt 0.589000 0.587100
vt 0.585800 0.575500
vt 0.585800 0.564000
vt 0.616500 0.618600
vt 0.622100 0.625500
vt 0.606600 0.642900
vt 0.601500 0.637200
vt 0.587000 0.653700
vt 0.573400 0.666100
vt 0.559800 0.676400
vt 0.545300 0.686200
vt 0.530400 0.695300
vt 0.515400 0.703500
vt 0.501500 0.714700
vt 0.517200 0.707600
vt 0.532600 0.699500
vt 0.548000 0.690600
vt 0.563100 0.681000
vt 0.577300 0.670800
vt 0.591500 0.658600
vt 0.331700 0.953600
vt 0.330800 0.962400
vt 0.345900 0.962600
vt 0.362600 0.963200
vt 0.379600 0.963800
vt 0.395700 0.964200
vt 0.410900 0.964600
vt 0.410100 0.972900
vt 0.395100 0.972300
vt 0.378800 0.971800
vt 0.360800 0.971000
vt 0.343700 0.970300
vt 0.329700 0.970200
vt 0.317100 0.970800
vt 0.316600 0.962800
vt 0.316200 0.953700
vt 0.387900 0.690600
vt 0.393300 0.693300
vt 0.397100 0.654200
vt 0.400900 0.656300
vt 0.386400 0.649800
vt 0.389900 0.705000
vt 0.392500 0.698400
vt 0.395600 0.694600
vt 0.402500 0.657300
vt 0.401000 0.696200
vt 0.406400 0.658300
vt 0.409800 0.697700
vt 0.412900 0.659400
vt 0.422200 0.660400
vt 0.400000 0.699900
vt 0.434800 0.737500
vt 0.434800 0.739100
vt 0.428300 0.739100
vt 0.428300 0.737500
vt 0.421300 0.739100
vt 0.421300 0.737500
vt 0.413400 0.739100
vt 0.413400 0.737500
vt 0.406600 0.739100
vt 0.406600 0.737500
vt 0.403000 0.739100
vt 0.403000 0.737500
vt 0.400900 0.739100
vt 0.400900 0.737500
vt 0.314800 0.674800
vt 0.311100 0.678400
vt 0.299800 0.666000
vt 0.327000 0.685600
vt 0.323600 0.689500
vt 0.342000 0.695600
vt 0.339000 0.699700
vt 0.361200 0.705200
vt 0.358800 0.709100
vt 0.382700 0.714500
vt 0.380800 0.717900
vt 0.381600 0.719600
vt 0.330500 0.681700
vt 0.345100 0.691400
vt 0.363900 0.700700
vt 0.385000 0.709600
vt 0.383500 0.715900
vt 0.382600 0.721200
vt 0.391700 0.724400
vt 0.367800 0.694000
vt 0.349600 0.685200
vt 0.335600 0.676000
vt 0.318600 0.671200
vt 0.324200 0.665900
vt 0.307900 0.659300
vt 0.314000 0.654400
vt 0.292600 0.582100
vt 0.289000 0.582300
vt 0.287700 0.576800
vt 0.295900 0.595300
vt 0.292300 0.596100
vt 0.297500 0.612500
vt 0.301000 0.611100
vt 0.303700 0.625900
vt 0.297200 0.629500
vt 0.311000 0.637900
vt 0.304900 0.642100
vt 0.319600 0.649800
vt 0.329400 0.661000
vt 0.340200 0.670600
vt 0.353600 0.679400
vt 0.371300 0.687800
vt 0.391500 0.696600
vt 0.372900 0.684400
vt 0.355600 0.676300
vt 0.342500 0.667800
vt 0.332100 0.658300
vt 0.322600 0.647500
vt 0.314200 0.635800
vt 0.307000 0.624100
vt 0.373800 0.644000
vt 0.364400 0.637500
vt 0.356700 0.630500
vt 0.349600 0.622400
vt 0.343300 0.613800
vt 0.338000 0.605100
vt 0.333500 0.595500
vt 0.329900 0.584000
vt 0.327500 0.574600
vt 0.291400 0.576600
vt 0.287300 0.573300
vt 0.291000 0.573000
vt 0.286600 0.565600
vt 0.290400 0.565400
vt 0.286300 0.555800
vt 0.290000 0.555800
vt 0.290600 0.546200
vt 0.326700 0.570700
vt 0.326400 0.568100
vt 0.325900 0.562700
vt 0.325700 0.555900
vt 0.325900 0.549100
vt 0.326400 0.543700
vt 0.291600 0.538500
vt 0.292200 0.535000
vt 0.287800 0.538300
vt 0.288400 0.534800
vt 0.280500 0.538100
vt 0.281000 0.534500
vt 0.272800 0.537900
vt 0.273200 0.534300
vt 0.327600 0.541400
vt 0.328500 0.537500
vt 0.286800 0.546000
vt 0.279200 0.555800
vt 0.279600 0.545800
vt 0.272100 0.545800
vt 0.267200 0.545700
vt 0.267800 0.537800
vt 0.264000 0.545700
vt 0.264600 0.537700
vt 0.263700 0.555900
vt 0.272700 0.577200
vt 0.280400 0.577000
vt 0.281800 0.582900
vt 0.272400 0.573600
vt 0.267500 0.573800
vt 0.267100 0.565900
vt 0.263900 0.565900
vt 0.266800 0.555800
vt 0.271700 0.555800
vt 0.279400 0.565700
vt 0.271900 0.565800
vt 0.280000 0.573500
vt 0.298400 0.646500
vt 0.290300 0.633300
vt 0.290700 0.615200
vt 0.285300 0.597700
vt 0.303800 0.662600
vt 0.294000 0.649500
vt 0.285600 0.635900
vt 0.283400 0.618100
vt 0.264300 0.573900
vt 0.267800 0.577400
vt 0.274100 0.583500
vt 0.277700 0.599300
vt 0.278500 0.620200
vt 0.281200 0.638600
vt 0.289800 0.652600
vt 0.264500 0.577500
vt 0.269000 0.583900
vt 0.272700 0.600500
vt 0.274100 0.622200
vt 0.268700 0.601600
vt 0.265600 0.584300
vt 0.454800 0.229800
vt 0.452900 0.220800
vt 0.467200 0.217400
vt 0.436400 0.213700
vt 0.449600 0.210000
vt 0.463600 0.206500
vt 0.426400 0.229000
vt 0.418600 0.236800
vt 0.414300 0.233600
vt 0.414400 0.227600
vt 0.411700 0.219200
vt 0.423700 0.217000
vt 0.439700 0.224400
vt 0.442000 0.233100
vt 0.443900 0.239700
vt 0.430800 0.236800
vt 0.432600 0.242600
vt 0.445400 0.198400
vt 0.459000 0.194700
vt 0.432300 0.202100
vt 0.419700 0.205900
vt 0.407600 0.209700
vt 0.395800 0.213300
vt 0.399800 0.220600
vt 0.403800 0.227900
vt 0.407600 0.235500
vt 0.410700 0.241900
vt 0.412400 0.245700
vt 0.421100 0.241100
vt 0.473300 0.191200
vt 0.478400 0.203200
vt 0.482200 0.214400
vt 0.468900 0.226700
vt 0.456300 0.236800
vt 0.459300 0.244400
vt 0.447000 0.246600
vt 0.435000 0.249000
vt 0.422300 0.251900
vt 0.422100 0.245800
vt 0.413200 0.248100
vt 0.409400 0.255500
vt 0.405500 0.262800
vt 0.422300 0.259300
vt 0.437900 0.256700
vt 0.451200 0.254900
vt 0.463500 0.253100
vt 0.476500 0.250900
vt 0.472700 0.241800
vt 0.470100 0.233900
vt 0.483700 0.223700
vt 0.490100 0.248400
vt 0.486800 0.239100
vt 0.484700 0.231000
vt 0.498600 0.221100
vt 0.497200 0.211800
vt 0.512200 0.209500
vt 0.493800 0.200200
vt 0.509300 0.197500
vt 0.527200 0.207200
vt 0.524600 0.195100
vt 0.542500 0.205100
vt 0.539900 0.192800
vt 0.558200 0.203300
vt 0.555900 0.190900
vt 0.574100 0.201900
vt 0.572300 0.189400
vt 0.489000 0.187600
vt 0.505100 0.184300
vt 0.520700 0.181500
vt 0.536200 0.179100
vt 0.552700 0.177000
vt 0.569700 0.175400
vt 0.588700 0.188600
vt 0.586500 0.174500
vt 0.590000 0.201200
vt 0.605900 0.200700
vt 0.604900 0.188100
vt 0.621800 0.200600
vt 0.621100 0.188000
vt 0.637600 0.200700
vt 0.637100 0.188100
vt 0.653200 0.201200
vt 0.653000 0.188700
vt 0.668700 0.202100
vt 0.668900 0.189700
vt 0.684200 0.203400
vt 0.684600 0.191000
vt 0.699600 0.205200
vt 0.700400 0.192800
vt 0.715200 0.207600
vt 0.716300 0.195000
vt 0.603200 0.174100
vt 0.619700 0.174000
vt 0.636000 0.174300
vt 0.652200 0.175000
vt 0.668300 0.176100
vt 0.684400 0.177400
vt 0.700500 0.179100
vt 0.716700 0.181400
vt 0.732200 0.197900
vt 0.733000 0.184200
vt 0.730800 0.210400
vt 0.746500 0.213900
vt 0.748100 0.201400
vt 0.763100 0.218300
vt 0.765000 0.205700
vt 0.781700 0.223900
vt 0.784000 0.211000
vt 0.801200 0.229700
vt 0.804000 0.216600
vt 0.749200 0.187600
vt 0.766500 0.191900
vt 0.786000 0.197100
vt 0.806200 0.202500
vt 0.729000 0.221000
vt 0.744500 0.224400
vt 0.760800 0.228800
vt 0.778800 0.234600
vt 0.797700 0.240700
vt 0.775700 0.242900
vt 0.758200 0.237000
vt 0.742200 0.232600
vt 0.727000 0.229200
vt 0.711900 0.226300
vt 0.713600 0.218000
vt 0.696900 0.223800
vt 0.698300 0.215600
vt 0.682000 0.221800
vt 0.683200 0.213700
vt 0.667000 0.220200
vt 0.668000 0.212200
vt 0.664200 0.228000
vt 0.679100 0.229700
vt 0.693800 0.231800
vt 0.708400 0.234100
vt 0.723100 0.236900
vt 0.738100 0.240300
vt 0.754200 0.244500
vt 0.772200 0.249800
vt 0.794200 0.249500
vt 0.791000 0.255600
vt 0.732400 0.248700
vt 0.748800 0.252700
vt 0.767800 0.256700
vt 0.787800 0.260700
vt 0.600600 0.233000
vt 0.604000 0.225100
vt 0.619200 0.225200
vt 0.615600 0.233100
vt 0.634300 0.225800
vt 0.630500 0.233900
vt 0.649300 0.226700
vt 0.645300 0.235000
vt 0.660000 0.236500
vt 0.674700 0.238500
vt 0.689300 0.240600
vt 0.703500 0.242700
vt 0.717600 0.245200
vt 0.559200 0.212700
vt 0.575000 0.211500
vt 0.559900 0.219900
vt 0.575300 0.218900
vt 0.559800 0.228100
vt 0.573900 0.226800
vt 0.590700 0.218200
vt 0.588800 0.225700
vt 0.606100 0.217800
vt 0.621500 0.217900
vt 0.636800 0.218300
vt 0.652000 0.219100
vt 0.652800 0.211200
vt 0.637500 0.210600
vt 0.621900 0.210400
vt 0.606300 0.210400
vt 0.590700 0.210800
vt 0.594400 0.469600
vt 0.608300 0.486300
vt 0.602900 0.491600
vt 0.589500 0.474100
vt 0.576600 0.460800
vt 0.581000 0.456500
vt 0.563600 0.449700
vt 0.567300 0.445400
vt 0.549700 0.438900
vt 0.552800 0.434800
vt 0.535400 0.428700
vt 0.537800 0.424800
vt 0.522800 0.415500
vt 0.520800 0.419500
vt 0.507600 0.407200
vt 0.491900 0.400200
vt 0.506000 0.411300
vt 0.518100 0.424200
vt 0.532200 0.433100
vt 0.546200 0.443000
vt 0.616500 0.511300
vt 0.622500 0.504800
vt 0.475800 0.394700
vt 0.459300 0.390800
vt 0.442200 0.388500
vt 0.424700 0.387400
vt 0.425300 0.392700
vt 0.408900 0.387800
vt 0.372200 0.419200
vt 0.392900 0.411200
vt 0.390700 0.402800
vt 0.389600 0.396400
vt 0.398700 0.394600
vt 0.410000 0.393300
vt 0.397300 0.389700
vt 0.388000 0.392500
vt 0.388600 0.397800
vt 0.389700 0.404000
vt 0.368400 0.412500
vt 0.349200 0.421500
vt 0.330700 0.427100
vt 0.314400 0.434100
vt 0.302800 0.446400
vt 0.386900 0.394100
vt 0.387600 0.399100
vt 0.365700 0.408000
vt 0.346100 0.417300
vt 0.327300 0.423200
vt 0.385900 0.395600
vt 0.363300 0.404100
vt 0.343100 0.413300
vt 0.268200 0.534200
vt 0.264900 0.534100
vt 0.269700 0.527700
vt 0.266200 0.527300
vt 0.274100 0.511100
vt 0.270100 0.510000
vt 0.276200 0.489600
vt 0.280600 0.491700
vt 0.283700 0.473400
vt 0.288100 0.476100
vt 0.292600 0.459600
vt 0.296700 0.462600
vt 0.306700 0.449700
vt 0.289900 0.529300
vt 0.282600 0.528700
vt 0.274800 0.528100
vt 0.279100 0.512200
vt 0.285500 0.493700
vt 0.292700 0.478700
vt 0.302900 0.500800
vt 0.299400 0.499400
vt 0.306000 0.486100
vt 0.299600 0.482500
vt 0.292700 0.496600
vt 0.286700 0.513900
vt 0.293800 0.515500
vt 0.297400 0.516400
vt 0.293600 0.529600
vt 0.331100 0.528100
vt 0.358800 0.803100
vt 0.367400 0.797300
vt 0.369900 0.800200
vt 0.358000 0.804100
vt 0.362200 0.811200
vt 0.369200 0.819900
vt 0.374900 0.820700
vt 0.374700 0.828100
vt 0.368000 0.812000
vt 0.368100 0.805200
vt 0.375500 0.798700
vt 0.375500 0.792100
vt 0.367300 0.789000
vt 0.361500 0.786800
vt 0.363500 0.779200
vt 0.367500 0.783500
vt 0.365900 0.771900
vt 0.370700 0.782000
vt 0.375500 0.805700
vt 0.375200 0.813100
vt 0.356900 0.811300
vt 0.357300 0.805200
vt 0.358900 0.811100
vt 0.364200 0.819100
vt 0.371100 0.828300
vt 0.372000 0.838200
vt 0.374400 0.837400
vt 0.370400 0.850900
vt 0.374200 0.850600
vt 0.368400 0.864300
vt 0.373800 0.865300
vt 0.373500 0.878600
vt 0.368000 0.876300
vt 0.373000 0.891200
vt 0.368300 0.887800
vt 0.362500 0.874100
vt 0.364500 0.882700
vt 0.366700 0.851100
vt 0.363000 0.863300
vt 0.367500 0.827700
vt 0.360600 0.818200
vt 0.357600 0.817300
vt 0.364000 0.825600
vt 0.360500 0.822800
vt 0.364500 0.828100
vt 0.368300 0.833200
vt 0.328100 0.886900
vt 0.329600 0.887000
vt 0.329600 0.894000
vt 0.328100 0.893900
vt 0.329600 0.901100
vt 0.328100 0.901000
vt 0.314100 0.355800
vt 0.314500 0.334100
vt 0.330100 0.334000
vt 0.329600 0.355100
vt 0.314500 0.374000
vt 0.329900 0.371200
vt 0.173800 0.520300
vt 0.173500 0.520200
vt 0.177000 0.506700
vt 0.169800 0.533600
vt 0.169500 0.533600
vt 0.174200 0.520500
vt 0.179900 0.503700
vt 0.179200 0.504200
vt 0.212200 0.402200
vt 0.206200 0.401200
vt 0.201200 0.399800
vt 0.207500 0.399300
vt 0.218700 0.402800
vt 0.214100 0.398600
vt 0.225200 0.403100
vt 0.221200 0.397800
vt 0.230500 0.403200
vt 0.227200 0.397100
vt 0.233400 0.403200
vt 0.230400 0.396800
vt 0.235200 0.403100
vt 0.232400 0.396700
vt 0.227400 0.390400
vt 0.223900 0.390900
vt 0.229500 0.390300
vt 0.217200 0.392400
vt 0.209600 0.394400
vt 0.202900 0.396300
vt 0.196600 0.398300
vt 0.132500 0.551200
vt 0.132500 0.553000
vt 0.130900 0.553000
vt 0.131000 0.551200
vt 0.130900 0.548200
vt 0.132500 0.548300
vt 0.130700 0.542900
vt 0.132200 0.543000
vt 0.130500 0.536500
vt 0.132100 0.536500
vt 0.130600 0.529900
vt 0.132100 0.529900
vt 0.130700 0.523800
vt 0.132300 0.523800
vt 0.132400 0.518600
vt 0.130900 0.518600
vt 0.131000 0.513800
vt 0.132500 0.513900
vt 0.152000 0.965400
vt 0.136400 0.964300
vt 0.135200 0.955800
vt 0.151400 0.956500
vt 0.168900 0.965800
vt 0.168900 0.956800
vt 0.186300 0.956500
vt 0.187500 0.946300
vt 0.123200 0.962700
vt 0.121200 0.955100
vt 0.116800 0.946000
vt 0.132600 0.945900
vt 0.150300 0.946300
vt 0.168900 0.946400
vt 0.189200 0.934500
vt 0.114300 0.961000
vt 0.109800 0.955500
vt 0.103100 0.947000
vt 0.095500 0.935900
vt 0.111200 0.934800
vt 0.129000 0.934400
vt 0.148500 0.934500
vt 0.168900 0.934600
vt 0.191200 0.920100
vt 0.212700 0.920100
vt 0.216700 0.901700
vt 0.100900 0.958200
vt 0.092000 0.949400
vt 0.082500 0.937800
vt 0.073000 0.922500
vt 0.087700 0.921200
vt 0.105100 0.920500
vt 0.125000 0.920100
vt 0.146500 0.920100
vt 0.168900 0.920200
vt 0.193300 0.901900
vt 0.219800 0.880200
vt 0.071700 0.940500
vt 0.060600 0.924400
vt 0.050200 0.903300
vt 0.064200 0.902400
vt 0.080300 0.901900
vt 0.099400 0.901700
vt 0.121000 0.901700
vt 0.144500 0.901900
vt 0.168900 0.902000
vt 0.194900 0.880700
vt 0.221300 0.856600
vt 0.074800 0.879000
vt 0.095000 0.879700
vt 0.057500 0.878400
vt 0.042300 0.877900
vt 0.029000 0.877800
vt 0.038400 0.904900
vt 0.050600 0.927200
vt 0.063400 0.943700
vt 0.082900 0.952600
vt 0.076200 0.956100
vt 0.094000 0.961900
vt 0.088900 0.965500
vt 0.105700 0.969000
vt 0.102100 0.972900
vt 0.072000 0.853700
vt 0.054100 0.851600
vt 0.054300 0.823500
vt 0.038400 0.819200
vt 0.038100 0.849300
vt 0.024500 0.814500
vt 0.024000 0.847000
vt 0.011500 0.810100
vt 0.010800 0.844700
vt 0.016600 0.877600
vt 0.027600 0.906600
vt 0.041900 0.930200
vt 0.056500 0.947300
vt 0.070900 0.959800
vt 0.030700 0.782300
vt 0.019300 0.775400
vt 0.026000 0.745100
vt 0.043400 0.789700
vt 0.040200 0.754400
vt 0.041900 0.717300
vt 0.034200 0.702800
vt 0.049700 0.685800
vt 0.125600 0.764500
vt 0.129800 0.747900
vt 0.149000 0.749600
vt 0.146800 0.766300
vt 0.121800 0.783300
vt 0.144800 0.785100
vt 0.118500 0.806600
vt 0.143200 0.808200
vt 0.116600 0.831800
vt 0.092900 0.829800
vt 0.095700 0.803900
vt 0.072200 0.827100
vt 0.075600 0.800200
vt 0.058400 0.795600
vt 0.051700 0.763300
vt 0.050900 0.731000
vt 0.100400 0.780200
vt 0.105900 0.761200
vt 0.168900 0.733700
vt 0.186400 0.733300
vt 0.188800 0.749600
vt 0.168900 0.750100
vt 0.190900 0.766300
vt 0.168900 0.766900
vt 0.192900 0.785100
vt 0.168900 0.785700
vt 0.194600 0.808200
vt 0.168900 0.808700
vt 0.168900 0.835900
vt 0.142200 0.833000
vt 0.116400 0.856600
vt 0.092700 0.855400
vt 0.118000 0.880200
vt 0.142900 0.880700
vt 0.142100 0.857500
vt 0.168900 0.857700
vt 0.195600 0.833000
vt 0.195600 0.857500
vt 0.168900 0.880900
vt 0.212100 0.764500
vt 0.215900 0.783400
vt 0.219200 0.806600
vt 0.221100 0.831800
vt 0.237300 0.780200
vt 0.242000 0.803900
vt 0.244800 0.829800
vt 0.245000 0.855400
vt 0.242800 0.879700
vt 0.238400 0.901700
vt 0.232600 0.920500
vt 0.208700 0.934400
vt 0.226600 0.934800
vt 0.205100 0.945900
vt 0.221000 0.946000
vt 0.202500 0.955800
vt 0.216500 0.955100
vt 0.262100 0.800200
vt 0.279300 0.795600
vt 0.283400 0.823500
vt 0.265500 0.827000
vt 0.265800 0.853700
vt 0.263000 0.879000
vt 0.257400 0.901900
vt 0.250100 0.921200
vt 0.242200 0.935900
vt 0.234600 0.947000
vt 0.227900 0.955500
vt 0.214500 0.962700
vt 0.223500 0.961000
vt 0.227400 0.964700
vt 0.236900 0.958100
vt 0.245800 0.949400
vt 0.255300 0.937800
vt 0.264700 0.922500
vt 0.273600 0.902300
vt 0.280200 0.878400
vt 0.283600 0.851600
vt 0.215800 0.969100
vt 0.201400 0.964300
vt 0.201800 0.971700
vt 0.218500 0.974300
vt 0.232000 0.969000
vt 0.243800 0.961800
vt 0.254800 0.952600
vt 0.266100 0.940400
vt 0.277100 0.924400
vt 0.287500 0.903200
vt 0.295400 0.877900
vt 0.261600 0.956100
vt 0.248900 0.965500
vt 0.274400 0.943700
vt 0.287100 0.927200
vt 0.299400 0.904800
vt 0.308800 0.877700
vt 0.313700 0.847000
vt 0.299600 0.849300
vt 0.313300 0.814500
vt 0.299400 0.819200
vt 0.307100 0.782300
vt 0.294300 0.789700
vt 0.297500 0.754400
vt 0.286000 0.763300
vt 0.221100 0.978500
vt 0.235600 0.972800
vt 0.238500 0.976500
vt 0.252800 0.969200
vt 0.266900 0.959700
vt 0.281200 0.947300
vt 0.295900 0.930200
vt 0.310100 0.906600
vt 0.321200 0.877600
vt 0.326900 0.844700
vt 0.326200 0.810100
vt 0.318500 0.775500
vt 0.311700 0.745100
vt 0.295800 0.717400
vt 0.286900 0.731000
vt 0.282300 0.698300
vt 0.275000 0.711800
vt 0.266100 0.683700
vt 0.260600 0.697000
vt 0.249800 0.673300
vt 0.246000 0.685900
vt 0.236100 0.666300
vt 0.233300 0.678200
vt 0.223500 0.661400
vt 0.221300 0.672700
vt 0.210400 0.657700
vt 0.208900 0.669000
vt 0.196800 0.655300
vt 0.311100 0.688300
vt 0.327700 0.702400
vt 0.315700 0.722300
vt 0.303600 0.702800
vt 0.288100 0.685800
vt 0.270500 0.672000
vt 0.253200 0.661700
vt 0.238800 0.654900
vt 0.225500 0.650000
vt 0.211800 0.646300
vt 0.197600 0.643800
vt 0.183300 0.642400
vt 0.183000 0.653800
vt 0.293200 0.674200
vt 0.274600 0.661300
vt 0.256700 0.650900
vt 0.241500 0.643900
vt 0.227400 0.638800
vt 0.212800 0.635000
vt 0.197900 0.632300
vt 0.183100 0.630800
vt 0.168900 0.630200
vt 0.168900 0.641900
vt 0.168900 0.653400
vt 0.182600 0.665300
vt 0.168900 0.664900
vt 0.182300 0.676300
vt 0.168900 0.676000
vt 0.182000 0.686400
vt 0.168900 0.686300
vt 0.182100 0.696400
vt 0.168900 0.696300
vt 0.182900 0.706700
vt 0.168900 0.706800
vt 0.184300 0.718600
vt 0.168900 0.718900
vt 0.155500 0.676300
vt 0.155200 0.665300
vt 0.154800 0.653800
vt 0.154500 0.642400
vt 0.154600 0.630800
vt 0.151300 0.733300
vt 0.153500 0.718600
vt 0.154900 0.706700
vt 0.155600 0.696400
vt 0.155700 0.686400
vt 0.140900 0.655200
vt 0.140100 0.643800
vt 0.141700 0.666600
vt 0.142500 0.677400
vt 0.143200 0.687200
vt 0.143200 0.696600
vt 0.141700 0.706400
vt 0.138700 0.717800
vt 0.134400 0.732000
vt 0.132500 0.696900
vt 0.130400 0.679400
vt 0.132100 0.688400
vt 0.122200 0.691400
vt 0.124900 0.697100
vt 0.120300 0.703200
vt 0.129900 0.705700
vt 0.125100 0.716200
vt 0.118800 0.729500
vt 0.112000 0.744800
vt 0.081600 0.775800
vt 0.088600 0.756500
vt 0.096400 0.740000
vt 0.105000 0.725200
vt 0.113400 0.712700
vt 0.104200 0.706500
vt 0.093800 0.718600
vt 0.083300 0.733300
vt 0.073900 0.750200
vt 0.065600 0.770400
vt 0.097000 0.697600
vt 0.108200 0.689000
vt 0.084500 0.709300
vt 0.072200 0.724000
vt 0.061300 0.741900
vt 0.113300 0.697500
vt 0.119000 0.683000
vt 0.116400 0.672700
vt 0.104400 0.678200
vt 0.091700 0.685900
vt 0.077200 0.696900
vt 0.062700 0.711800
vt 0.055400 0.698300
vt 0.071700 0.683600
vt 0.087900 0.673300
vt 0.101600 0.666300
vt 0.114300 0.661400
vt 0.127400 0.657700
vt 0.128800 0.669000
vt 0.067300 0.672000
vt 0.084600 0.661700
vt 0.099000 0.654800
vt 0.112200 0.650000
vt 0.126000 0.646300
vt 0.022000 0.722300
vt 0.026700 0.688200
vt 0.044500 0.674200
vt 0.063100 0.661300
vt 0.081000 0.650900
vt 0.096200 0.643800
vt 0.110300 0.638800
vt 0.125000 0.635000
vt 0.139800 0.632300
vt 0.010000 0.702400
vt 0.428000 0.899500
vt 0.442400 0.874100
vt 0.460600 0.871800
vt 0.453400 0.894100
vt 0.478800 0.869500
vt 0.478800 0.888700
vt 0.504200 0.894100
vt 0.497100 0.871800
vt 0.529600 0.899500
vt 0.515300 0.874100
vt 0.215500 0.691400
vt 0.224400 0.697500
vt 0.217400 0.703200
vt 0.233600 0.706500
vt 0.224300 0.712700
vt 0.243900 0.718600
vt 0.232700 0.725200
vt 0.254400 0.733300
vt 0.241400 0.740000
vt 0.263800 0.750200
vt 0.249100 0.756500
vt 0.272200 0.770400
vt 0.256100 0.775900
vt 0.231800 0.761200
vt 0.225700 0.744800
vt 0.219000 0.729500
vt 0.212600 0.716200
vt 0.207800 0.705700
vt 0.194500 0.687200
vt 0.205600 0.688400
vt 0.205300 0.696900
vt 0.212800 0.697100
vt 0.194600 0.696600
vt 0.196100 0.706400
vt 0.199000 0.717800
vt 0.203300 0.732000
vt 0.207900 0.747900
vt 0.196000 0.666600
vt 0.195200 0.677400
vt 0.276400 0.741900
vt 0.265500 0.724000
vt 0.253200 0.709300
vt 0.240800 0.697600
vt 0.229600 0.689000
vt 0.218700 0.683000
vt 0.207300 0.679400
vt 0.845700 0.493100
vt 0.855600 0.488800
vt 0.863600 0.501900
vt 0.852000 0.507000
vt 0.834800 0.496600
vt 0.839600 0.511100
vt 0.822900 0.499300
vt 0.826100 0.514100
vt 0.809600 0.501000
vt 0.811200 0.516000
vt 0.795700 0.501700
vt 0.795700 0.516700
vt 0.780200 0.516000
vt 0.781800 0.501000
vt 0.765300 0.514100
vt 0.768500 0.499300
vt 0.751800 0.511100
vt 0.756600 0.496700
vt 0.739300 0.507000
vt 0.745700 0.493200
vt 0.727800 0.502000
vt 0.735800 0.488800
vt 0.716500 0.495400
vt 0.726000 0.483200
vt 0.705000 0.486900
vt 0.716000 0.476000
vt 0.693100 0.475100
vt 0.705600 0.465700
vt 0.680800 0.458400
vt 0.694400 0.450800
vt 0.669800 0.437500
vt 0.684400 0.432000
vt 0.662000 0.412900
vt 0.677300 0.409800
vt 0.658800 0.386300
vt 0.674400 0.385900
vt 0.676800 0.361400
vt 0.661400 0.359200
vt 0.682300 0.342600
vt 0.667400 0.338000
vt 0.410900 0.566700
vt 0.341000 0.557400
vt 0.340000 0.535600
vt 0.410100 0.544500
vt 0.424600 0.568400
vt 0.420500 0.545000
vt 0.448700 0.542300
vt 0.447300 0.566700
vt 0.482400 0.538200
vt 0.473300 0.566000
vt 0.659400 0.090100
vt 0.673200 0.090200
vt 0.673200 0.101600
vt 0.659400 0.101000
vt 0.636700 0.090000
vt 0.636600 0.099400
vt 0.610700 0.089900
vt 0.610600 0.097300
vt 0.610700 0.058900
vt 0.610600 0.051500
vt 0.636600 0.049400
vt 0.636700 0.058800
vt 0.659400 0.047800
vt 0.659400 0.058700
vt 0.673200 0.047200
vt 0.673200 0.058700
vt 0.744000 0.042300
vt 0.743700 0.058400
vt 0.807300 0.037700
vt 0.806900 0.056000
vt 0.743500 0.074400
vt 0.806500 0.074400
vt 0.806900 0.092800
vt 0.743700 0.090400
vt 0.807300 0.111200
vt 0.744000 0.106600
vt 0.185700 0.965400
vt 0.185800 0.973300
vt 0.168900 0.973900
vt 0.203300 0.977800
vt 0.186500 0.979900
vt 0.168900 0.980700
vt 0.151200 0.979900
vt 0.151900 0.973300
vt 0.134500 0.977800
vt 0.135900 0.971700
vt 0.119200 0.974300
vt 0.122000 0.969100
vt 0.110300 0.964700
vt 0.116700 0.978500
vt 0.132700 0.982400
vt 0.150200 0.984900
vt 0.168900 0.985800
vt 0.187600 0.984900
vt 0.205100 0.982400
vt 0.085000 0.969200
vt 0.099200 0.976500
vt 0.114300 0.982200
vt 0.130700 0.986400
vt 0.148900 0.989100
vt 0.168900 0.990000
vt 0.188900 0.989100
vt 0.207000 0.986400
vt 0.223400 0.982200
vt 0.250600 0.484600
vt 0.246100 0.487200
vt 0.243800 0.480300
vt 0.246200 0.478900
vt 0.254100 0.480600
vt 0.255900 0.475700
vt 0.247900 0.476800
vt 0.241000 0.472900
vt 0.241100 0.480800
vt 0.240900 0.488000
vt 0.238400 0.480400
vt 0.235700 0.487100
vt 0.236000 0.479000
vt 0.231200 0.484400
vt 0.234200 0.476900
vt 0.227900 0.480400
vt 0.233200 0.474400
vt 0.226100 0.475400
vt 0.233200 0.471600
vt 0.226100 0.470200
vt 0.234100 0.469000
vt 0.248800 0.474200
vt 0.248800 0.471500
vt 0.247900 0.468900
vt 0.246100 0.466800
vt 0.243700 0.465500
vt 0.241000 0.465000
vt 0.238300 0.465500
vt 0.235900 0.466900
vt 0.228000 0.465200
vt 0.231400 0.461200
vt 0.236000 0.458700
vt 0.241100 0.457800
vt 0.246300 0.458700
vt 0.250800 0.461400
vt 0.254200 0.465500
vt 0.255900 0.470400
vt 0.220600 0.468900
vt 0.223100 0.462200
vt 0.227900 0.456700
vt 0.234200 0.453200
vt 0.241400 0.452100
vt 0.248500 0.453400
vt 0.254700 0.457200
vt 0.259200 0.462800
vt 0.261600 0.469600
vt 0.261500 0.476900
vt 0.258900 0.483600
vt 0.265500 0.477700
vt 0.265700 0.469000
vt 0.262800 0.460800
vt 0.257400 0.454100
vt 0.249900 0.449600
vt 0.241400 0.448000
vt 0.232900 0.449300
vt 0.225300 0.453500
vt 0.219600 0.460100
vt 0.216500 0.468200
vt 0.262400 0.485700
vt 0.268800 0.477800
vt 0.268800 0.468000
vt 0.265500 0.458800
vt 0.259200 0.451300
vt 0.250700 0.446400
vt 0.241000 0.444700
vt 0.231400 0.446400
vt 0.222900 0.451300
vt 0.216600 0.458800
vt 0.213200 0.468000
vt 0.213200 0.477800
vt 0.216400 0.476800
vt 0.216600 0.487000
vt 0.219200 0.485000
vt 0.222900 0.494500
vt 0.224700 0.491700
vt 0.231400 0.499400
vt 0.232100 0.496200
vt 0.241000 0.501200
vt 0.240600 0.497800
vt 0.250700 0.499400
vt 0.249200 0.496500
vt 0.259200 0.494500
vt 0.256700 0.492300
vt 0.265500 0.487000
vt 0.220400 0.476200
vt 0.222800 0.483000
vt 0.227400 0.488700
vt 0.233600 0.492400
vt 0.240700 0.493800
vt 0.247800 0.492600
vt 0.254100 0.489100
vt 0.909200 0.342500
vt 0.924100 0.338000
vt 0.930100 0.359200
vt 0.914600 0.361400
vt 0.932700 0.386300
vt 0.917100 0.385900
vt 0.914100 0.409800
vt 0.929400 0.412900
vt 0.907000 0.432000
vt 0.921600 0.437400
vt 0.897000 0.450700
vt 0.910700 0.458400
vt 0.885800 0.465600
vt 0.898300 0.475100
vt 0.875300 0.475900
vt 0.886400 0.486900
vt 0.865400 0.483200
vt 0.874900 0.495400
vt 0.277100 0.126400
vt 0.346600 0.124800
vt 0.346700 0.134900
vt 0.277200 0.135700
vt 0.238900 0.135900
vt 0.238900 0.129600
vt 0.219900 0.135900
vt 0.219800 0.131700
vt 0.213000 0.135900
vt 0.212600 0.132600
vt 0.207800 0.135900
vt 0.207800 0.132600
vt 0.207700 0.121100
vt 0.212200 0.121100
vt 0.223700 0.118000
vt 0.254700 0.110600
vt 0.295900 0.101000
vt 0.305100 0.102000
vt 0.350400 0.106000
vt 0.360200 0.106900
vt 0.360300 0.111800
vt 0.361000 0.124500
vt 0.361100 0.134800
vt 0.430400 0.530800
vt 0.398900 0.526300
vt 0.398900 0.510400
vt 0.430400 0.510400
vt 0.442200 0.532600
vt 0.442200 0.510400
vt 0.446700 0.510400
vt 0.446700 0.532600
vt 0.442200 0.488100
vt 0.430400 0.489900
vt 0.398900 0.494400
vt 0.357100 0.510400
vt 0.357100 0.520300
vt 0.357100 0.500500
vt 0.446700 0.488200
vt 0.626500 0.587400
vt 0.610900 0.587300
vt 0.610400 0.565700
vt 0.626000 0.566400
vt 0.610900 0.547400
vt 0.626300 0.550200
vt 0.578200 0.724400
vt 0.568000 0.724400
vt 0.568000 0.722400
vt 0.578200 0.727800
vt 0.568000 0.727800
vt 0.578200 0.731400
vt 0.568000 0.731400
vt 0.578200 0.734700
vt 0.568000 0.734700
vt 0.578200 0.737700
vt 0.568000 0.737700
vt 0.590900 0.738300
vt 0.590900 0.734700
vt 0.590900 0.731400
vt 0.590900 0.727800
vt 0.590900 0.724400
vt 0.590900 0.722400
vt 0.578200 0.722400
vt 0.590900 0.720900
vt 0.578200 0.720900
vt 0.568000 0.707100
vt 0.568000 0.704100
vt 0.578200 0.704100
vt 0.578200 0.707100
vt 0.590900 0.703500
vt 0.590900 0.707100
vt 0.590900 0.710400
vt 0.578200 0.710400
vt 0.590900 0.714000
vt 0.578200 0.714000
vt 0.590900 0.717400
vt 0.578200 0.717400
vt 0.590900 0.719400
vt 0.578200 0.719400
vt 0.568000 0.720900
vt 0.568000 0.719400
vt 0.568000 0.717400
vt 0.568000 0.714000
vt 0.568000 0.710400
vt 0.280500 0.968300
vt 0.283800 0.968300
vt 0.285100 0.970700
vt 0.280500 0.970700
vt 0.276000 0.970700
vt 0.275500 0.973900
vt 0.280500 0.973900
vt 0.285500 0.973900
vt 0.282000 0.966300
vt 0.284000 0.966800
vt 0.287000 0.968300
vt 0.280500 0.966300
vt 0.277300 0.968300
vt 0.271400 0.970700
vt 0.270500 0.973900
vt 0.270500 0.977500
vt 0.275500 0.977500
vt 0.280500 0.977500
vt 0.285500 0.977500
vt 0.290600 0.977500
vt 0.290600 0.973900
vt 0.289700 0.970700
vt 0.279100 0.966300
vt 0.274000 0.968300
vt 0.277100 0.966800
vt 0.010100 0.124500
vt 0.010800 0.111800
vt 0.020700 0.106000
vt 0.010900 0.106900
vt 0.147400 0.118100
vt 0.158900 0.121100
vt 0.158500 0.132600
vt 0.151300 0.131800
vt 0.116300 0.110700
vt 0.132200 0.129600
vt 0.066000 0.102000
vt 0.094000 0.126500
vt 0.024500 0.124800
vt 0.010000 0.134800
vt 0.024400 0.134900
vt 0.093900 0.135800
vt 0.132200 0.135900
vt 0.151200 0.135900
vt 0.158100 0.136000
vt 0.163300 0.132600
vt 0.163300 0.121100
vt 0.075200 0.100900
vt 0.163300 0.136000
vt 0.484200 0.573800
vt 0.483200 0.595600
vt 0.413200 0.605000
vt 0.414000 0.582800
vt 0.399600 0.606700
vt 0.403700 0.583300
vt 0.375500 0.580600
vt 0.376900 0.605000
vt 0.341800 0.576500
vt 0.350900 0.604300
vt 0.014800 0.955400
vt 0.014300 0.959300
vt 0.010000 0.959200
vt 0.010500 0.955400
vt 0.015200 0.951700
vt 0.010900 0.951700
vt 0.015600 0.948000
vt 0.011300 0.947900
vt 0.015900 0.944300
vt 0.011600 0.944200
vt 0.016100 0.940500
vt 0.011800 0.940500
vt 0.016200 0.936600
vt 0.011900 0.936600
vt 0.011600 0.918700
vt 0.015900 0.918800
vt 0.011500 0.916600
vt 0.015800 0.916700
vt 0.011400 0.914400
vt 0.015700 0.914400
vt 0.011100 0.911600
vt 0.015400 0.911700
vt 0.010800 0.908500
vt 0.015100 0.908500
vt 0.010400 0.905000
vt 0.014700 0.905000
vt 0.010000 0.901100
vt 0.014300 0.901100
vt 0.567200 0.072100
vt 0.562300 0.100800
vt 0.498800 0.104000
vt 0.503600 0.075400
vt 0.427900 0.107200
vt 0.432300 0.078600
vt 0.414200 0.107800
vt 0.421800 0.078700
vt 0.391700 0.104000
vt 0.393400 0.075100
vt 0.359800 0.071200
vt 0.365800 0.100800
vt 0.286700 0.985600
vt 0.290100 0.985700
vt 0.290000 0.990000
vt 0.286700 0.989900
vt 0.283700 0.985600
vt 0.283700 0.989900
vt 0.280700 0.985500
vt 0.280600 0.989800
vt 0.277600 0.985500
vt 0.277600 0.989800
vt 0.274600 0.985400
vt 0.274600 0.989700
vt 0.271200 0.989700
vt 0.271200 0.985400
vt 0.255800 0.989800
vt 0.255800 0.985500
vt 0.254000 0.989800
vt 0.254000 0.985500
vt 0.252200 0.989800
vt 0.252200 0.985500
vt 0.249900 0.989800
vt 0.250000 0.985500
vt 0.247400 0.989900
vt 0.247400 0.985600
vt 0.244500 0.989900
vt 0.244500 0.985600
vt 0.241200 0.990000
vt 0.241200 0.985700
vt 0.174300 0.596600
vt 0.176400 0.585300
vt 0.183000 0.577700
vt 0.183000 0.597000
vt 0.191800 0.572100
vt 0.191700 0.597300
vt 0.191700 0.622500
vt 0.183000 0.616200
vt 0.176500 0.608200
vt 0.023800 0.937700
vt 0.023800 0.932700
vt 0.028800 0.932700
vt 0.028800 0.937700
vt 0.023800 0.942700
vt 0.028800 0.942700
vt 0.028800 0.947700
vt 0.023800 0.947700
vt 0.028800 0.952700
vt 0.023800 0.952700
vt 0.598200 0.546300
vt 0.598500 0.543500
vt 0.602700 0.543500
vt 0.602500 0.546300
vt 0.598000 0.548500
vt 0.602300 0.548400
vt 0.597900 0.550400
vt 0.602100 0.550400
vt 0.597700 0.552100
vt 0.602000 0.552100
vt 0.597700 0.553500
vt 0.601900 0.553500
vt 0.597600 0.555100
vt 0.601900 0.555000
vt 0.597400 0.567900
vt 0.601700 0.567900
vt 0.601800 0.570700
vt 0.597500 0.570700
vt 0.601900 0.573000
vt 0.597600 0.573000
vt 0.602000 0.575300
vt 0.597700 0.575300
vt 0.602200 0.577600
vt 0.597900 0.577600
vt 0.602400 0.579900
vt 0.598200 0.579900
vt 0.602700 0.582700
vt 0.598500 0.582700
vt 0.507200 0.613800
vt 0.507200 0.586900
vt 0.510100 0.586900
vt 0.510000 0.613300
vt 0.512300 0.587500
vt 0.512000 0.612600
vt 0.513800 0.611600
vt 0.514300 0.588700
vt 0.515000 0.610500
vt 0.515900 0.590300
vt 0.515800 0.609300
vt 0.517100 0.592300
vt 0.515900 0.607800
vt 0.517800 0.595100
vt 0.603900 0.400000
vt 0.603800 0.394100
vt 0.608600 0.394000
vt 0.608700 0.400100
vt 0.603800 0.405900
vt 0.608600 0.406100
vt 0.603600 0.411900
vt 0.608400 0.412200
vt 0.603200 0.417800
vt 0.608000 0.418200
vt 0.602700 0.423700
vt 0.607500 0.424200
vt 0.602000 0.429600
vt 0.606800 0.430300
vt 0.601200 0.435500
vt 0.605900 0.436300
vt 0.600200 0.441400
vt 0.605000 0.442300
vt 0.599100 0.447300
vt 0.603800 0.448200
vt 0.597800 0.453200
vt 0.602500 0.454200
vt 0.591600 0.451300
vt 0.592800 0.445800
vt 0.593900 0.440200
vt 0.594900 0.434500
vt 0.595600 0.428800
vt 0.596300 0.423100
vt 0.596800 0.417300
vt 0.597200 0.411500
vt 0.597400 0.405800
vt 0.597400 0.400000
vt 0.588300 0.450600
vt 0.589600 0.445100
vt 0.590600 0.439500
vt 0.591600 0.433900
vt 0.592300 0.428300
vt 0.593000 0.422600
vt 0.593500 0.417000
vt 0.593800 0.411300
vt 0.594000 0.405600
vt 0.594100 0.399900
vt 0.597400 0.394200
vt 0.597200 0.388500
vt 0.603600 0.388100
vt 0.596800 0.382700
vt 0.603200 0.382200
vt 0.596300 0.376900
vt 0.602700 0.376300
vt 0.595600 0.371200
vt 0.602000 0.370400
vt 0.594800 0.365500
vt 0.601200 0.364500
vt 0.593900 0.359800
vt 0.600200 0.358700
vt 0.592900 0.354200
vt 0.599100 0.352800
vt 0.591700 0.348700
vt 0.597800 0.346900
vt 0.602500 0.345900
vt 0.603800 0.351900
vt 0.605000 0.357800
vt 0.605900 0.363800
vt 0.606800 0.369900
vt 0.607500 0.375900
vt 0.608000 0.381900
vt 0.608400 0.387900
vt 0.594000 0.394200
vt 0.593800 0.388500
vt 0.593400 0.382900
vt 0.592900 0.377200
vt 0.592300 0.371500
vt 0.591500 0.365900
vt 0.590600 0.360300
vt 0.589600 0.354800
vt 0.588400 0.349300
vt 0.540000 0.822300
vt 0.539400 0.818900
vt 0.543500 0.817400
vt 0.534400 0.822300
vt 0.535000 0.818900
vt 0.529100 0.820400
vt 0.530800 0.817400
vt 0.524800 0.816800
vt 0.527400 0.814600
vt 0.522000 0.811900
vt 0.525200 0.810700
vt 0.521000 0.806400
vt 0.524400 0.806400
vt 0.522000 0.800800
vt 0.525200 0.802000
vt 0.524800 0.796000
vt 0.527400 0.798200
vt 0.529100 0.792400
vt 0.530800 0.795400
vt 0.534400 0.790400
vt 0.535000 0.793800
vt 0.540000 0.790400
vt 0.539400 0.793800
vt 0.545300 0.792400
vt 0.543500 0.795400
vt 0.549600 0.796000
vt 0.546900 0.798200
vt 0.552400 0.800800
vt 0.549100 0.802000
vt 0.553300 0.806400
vt 0.549900 0.806400
vt 0.552400 0.811900
vt 0.549100 0.810700
vt 0.549600 0.816800
vt 0.546900 0.814600
vt 0.545300 0.820400
vt 0.540200 0.705600
vt 0.541500 0.707900
vt 0.538800 0.710200
vt 0.544300 0.704100
vt 0.544800 0.706700
vt 0.548800 0.704100
vt 0.548300 0.706700
vt 0.552900 0.705600
vt 0.551600 0.707900
vt 0.556300 0.708500
vt 0.554300 0.710200
vt 0.558500 0.712300
vt 0.556000 0.713200
vt 0.559300 0.716700
vt 0.556600 0.716700
vt 0.558500 0.721000
vt 0.556000 0.720100
vt 0.556300 0.724800
vt 0.554300 0.723100
vt 0.552900 0.727700
vt 0.551600 0.725400
vt 0.548800 0.729200
vt 0.548300 0.726600
vt 0.544300 0.729200
vt 0.544800 0.726600
vt 0.540200 0.727700
vt 0.541500 0.725400
vt 0.536800 0.724800
vt 0.538800 0.723100
vt 0.534600 0.721000
vt 0.537100 0.720100
vt 0.533800 0.716700
vt 0.536500 0.716700
vt 0.534600 0.712300
vt 0.537100 0.713200
vt 0.536800 0.708500
vt 0.509900 0.766900
vt 0.508600 0.769200
vt 0.505200 0.766300
vt 0.513200 0.768100
vt 0.512700 0.770700
vt 0.516700 0.768100
vt 0.517100 0.770700
vt 0.520000 0.766900
vt 0.521300 0.769200
vt 0.522700 0.764600
vt 0.524700 0.766300
vt 0.524400 0.761600
vt 0.526900 0.762500
vt 0.525000 0.758200
vt 0.527700 0.758200
vt 0.524400 0.754700
vt 0.526900 0.753800
vt 0.522700 0.751700
vt 0.524700 0.750000
vt 0.520000 0.749400
vt 0.521300 0.747100
vt 0.516700 0.748200
vt 0.517100 0.745600
vt 0.513200 0.748200
vt 0.512700 0.745600
vt 0.509900 0.749400
vt 0.508600 0.747100
vt 0.507200 0.751700
vt 0.505200 0.750000
vt 0.505500 0.754700
vt 0.503000 0.753800
vt 0.504800 0.758200
vt 0.502200 0.758200
vt 0.505500 0.761600
vt 0.503000 0.762500
vt 0.507200 0.764600
vt 0.535100 0.837500
vt 0.537700 0.835200
vt 0.540500 0.840100
vt 0.531700 0.834600
vt 0.533400 0.831600
vt 0.527500 0.833100
vt 0.528100 0.829700
vt 0.523100 0.833100
vt 0.522500 0.829700
vt 0.519000 0.834600
vt 0.517200 0.831600
vt 0.515600 0.837500
vt 0.512900 0.835200
vt 0.513400 0.841300
vt 0.510100 0.840100
vt 0.512600 0.845600
vt 0.509100 0.845600
vt 0.513400 0.850000
vt 0.510100 0.851200
vt 0.515600 0.853800
vt 0.512900 0.856000
vt 0.519000 0.856700
vt 0.517200 0.859700
vt 0.523100 0.858200
vt 0.522500 0.861600
vt 0.527500 0.858200
vt 0.528100 0.861600
vt 0.531700 0.856700
vt 0.533400 0.859700
vt 0.535100 0.853800
vt 0.537700 0.856000
vt 0.537300 0.850000
vt 0.540500 0.851200
vt 0.538000 0.845600
vt 0.541500 0.845600
vt 0.537300 0.841300
vt 0.121900 0.471000
vt 0.121300 0.475000
vt 0.119400 0.475000
vt 0.118600 0.471000
vt 0.122100 0.470400
vt 0.118500 0.470400
vt 0.115500 0.472200
vt 0.115200 0.471600
vt 0.113000 0.474300
vt 0.112500 0.473900
vt 0.111400 0.477200
vt 0.110700 0.477000
vt 0.110800 0.480500
vt 0.110100 0.480400
vt 0.111400 0.483700
vt 0.110800 0.483900
vt 0.113100 0.486600
vt 0.112500 0.487000
vt 0.115600 0.488700
vt 0.115300 0.489300
vt 0.119400 0.485800
vt 0.118700 0.489800
vt 0.117600 0.485100
vt 0.116200 0.483900
vt 0.115200 0.482300
vt 0.114900 0.480400
vt 0.115200 0.478500
vt 0.116100 0.476900
vt 0.117600 0.475700
vt 0.118600 0.490500
vt 0.122000 0.489800
vt 0.122100 0.490500
vt 0.125100 0.488700
vt 0.125500 0.489300
vt 0.127700 0.486500
vt 0.128200 0.487000
vt 0.129300 0.483700
vt 0.129900 0.483900
vt 0.129800 0.480400
vt 0.130500 0.480400
vt 0.129300 0.477100
vt 0.129900 0.476900
vt 0.127600 0.474300
vt 0.128100 0.473800
vt 0.125100 0.472200
vt 0.125400 0.471600
vt 0.123000 0.475700
vt 0.124500 0.476900
vt 0.125400 0.478600
vt 0.125800 0.480400
vt 0.125500 0.482300
vt 0.124500 0.483900
vt 0.123100 0.485200
vt 0.121300 0.485800
vt 0.187800 0.545200
vt 0.185100 0.544200
vt 0.188400 0.531900
vt 0.191200 0.532600
vt 0.190300 0.519300
vt 0.193100 0.519700
vt 0.190900 0.506600
vt 0.193700 0.506600
vt 0.193200 0.493500
vt 0.190300 0.493900
vt 0.191200 0.480600
vt 0.188500 0.481300
vt 0.187800 0.468000
vt 0.185100 0.469000
vt 0.182900 0.455900
vt 0.180400 0.457300
vt 0.176600 0.444400
vt 0.174200 0.446100
vt 0.169000 0.433600
vt 0.166800 0.435600
vt 0.160400 0.423500
vt 0.158400 0.425600
vt 0.149800 0.413400
vt 0.147900 0.415700
vt 0.136500 0.402800
vt 0.134800 0.405200
vt 0.123800 0.393700
vt 0.122200 0.396200
vt 0.115100 0.388200
vt 0.113600 0.390900
vt 0.109700 0.385400
vt 0.108400 0.388100
vt 0.083600 0.633800
vt 0.086300 0.638500
vt 0.084500 0.639200
vt 0.087800 0.637300
vt 0.088700 0.635700
vt 0.089000 0.633800
vt 0.088700 0.631900
vt 0.087800 0.630300
vt 0.086300 0.629100
vt 0.084500 0.628400
vt 0.082600 0.628400
vt 0.080800 0.629100
vt 0.079400 0.630300
vt 0.078400 0.631900
vt 0.078100 0.633800
vt 0.078400 0.635700
vt 0.079400 0.637300
vt 0.080800 0.638500
vt 0.082600 0.639200
vt 0.169800 0.511000
vt 0.170100 0.511100
vt 0.167400 0.513600
vt 0.167700 0.513600
vt 0.165600 0.516800
vt 0.165900 0.516800
vt 0.164700 0.520400
vt 0.165000 0.520400
vt 0.165100 0.524200
vt 0.164800 0.524100
vt 0.166100 0.527700
vt 0.165800 0.527700
vt 0.167800 0.530800
vt 0.167500 0.530700
vt 0.178400 0.504600
vt 0.594500 0.916200
vt 0.594500 0.919900
vt 0.592500 0.926100
vt 0.596000 0.924500
vt 0.596600 0.922500
vt 0.597300 0.929500
vt 0.598300 0.928900
vt 0.598200 0.935500
vt 0.599400 0.935400
vt 0.599900 0.942000
vt 0.598800 0.942100
vt 0.600200 0.948500
vt 0.599000 0.948500
vt 0.600200 0.954100
vt 0.599100 0.953800
vt 0.600200 0.957700
vt 0.599000 0.956800
vt 0.600100 0.960400
vt 0.599000 0.958600
vt 0.592600 0.955700
vt 0.592500 0.956900
vt 0.585000 0.953400
vt 0.586200 0.952700
vt 0.586300 0.950700
vt 0.585100 0.950900
vt 0.586900 0.947100
vt 0.585800 0.947000
vt 0.588500 0.940500
vt 0.587300 0.940200
vt 0.589500 0.932100
vt 0.590500 0.932800
vt 0.592000 0.924100
vt 0.554700 0.881400
vt 0.550600 0.882100
vt 0.550000 0.880300
vt 0.553500 0.878200
vt 0.555300 0.881200
vt 0.554100 0.877900
vt 0.551400 0.875700
vt 0.551800 0.875200
vt 0.548500 0.874000
vt 0.548800 0.873400
vt 0.545300 0.873500
vt 0.545300 0.872800
vt 0.542000 0.874000
vt 0.541800 0.873400
vt 0.539200 0.875700
vt 0.538700 0.875100
vt 0.537000 0.878200
vt 0.536400 0.877900
vt 0.535900 0.881300
vt 0.535200 0.881200
vt 0.539900 0.883900
vt 0.535900 0.884600
vt 0.539900 0.882000
vt 0.540600 0.880200
vt 0.541800 0.878800
vt 0.543400 0.877800
vt 0.545300 0.877500
vt 0.547200 0.877900
vt 0.548800 0.878800
vt 0.535200 0.884700
vt 0.537000 0.887700
vt 0.536400 0.888100
vt 0.539100 0.890300
vt 0.538700 0.890800
vt 0.542000 0.891900
vt 0.541800 0.892600
vt 0.545300 0.892500
vt 0.545300 0.893200
vt 0.548500 0.892000
vt 0.548800 0.892600
vt 0.551400 0.890300
vt 0.551800 0.890800
vt 0.553500 0.887800
vt 0.554100 0.888100
vt 0.554700 0.884700
vt 0.555300 0.884800
vt 0.550600 0.884000
vt 0.550000 0.885700
vt 0.548800 0.887200
vt 0.547100 0.888100
vt 0.545300 0.888400
vt 0.543400 0.888100
vt 0.541800 0.887100
vt 0.540600 0.885700
vt 0.110700 0.628900
vt 0.109300 0.626200
vt 0.114500 0.623400
vt 0.116000 0.626000
vt 0.123000 0.617800
vt 0.124700 0.620300
vt 0.135400 0.608600
vt 0.137200 0.611000
vt 0.148400 0.597900
vt 0.150300 0.600200
vt 0.158700 0.587800
vt 0.160700 0.589900
vt 0.167000 0.577800
vt 0.169200 0.579700
vt 0.174300 0.567100
vt 0.176700 0.568800
vt 0.180400 0.555900
vt 0.182900 0.557300
vt 0.436600 0.824000
vt 0.448200 0.826300
vt 0.456200 0.832800
vt 0.436900 0.832800
vt 0.462500 0.841500
vt 0.437300 0.841500
vt 0.412000 0.841500
vt 0.417700 0.832700
vt 0.425200 0.826200
vt 0.405800 0.879000
vt 0.408100 0.883800
vt 0.400500 0.896900
vt 0.412200 0.866200
vt 0.414800 0.870100
vt 0.416700 0.860000
vt 0.419400 0.863700
vt 0.424800 0.861500
vt 0.422200 0.857800
vt 0.433900 0.860400
vt 0.431700 0.856600
vt 0.445100 0.859800
vt 0.440400 0.856100
vt 0.443400 0.855900
vt 0.447100 0.859500
vt 0.445200 0.855500
vt 0.452600 0.858400
vt 0.450500 0.854500
vt 0.460000 0.857000
vt 0.455800 0.853500
vt 0.457700 0.853100
vt 0.462400 0.856200
vt 0.460300 0.852200
vt 0.469500 0.853600
vt 0.467800 0.849600
vt 0.478600 0.850200
vt 0.477100 0.846300
vt 0.487500 0.846900
vt 0.485000 0.843400
vt 0.496200 0.843700
vt 0.490900 0.841000
vt 0.498300 0.841000
vt 0.493700 0.839100
vt 0.500200 0.838100
vt 0.495100 0.837000
vt 0.501500 0.834700
vt 0.496300 0.834200
vt 0.502000 0.831000
vt 0.496900 0.831000
vt 0.496300 0.827800
vt 0.501500 0.827400
vt 0.495200 0.824900
vt 0.500300 0.823900
vt 0.493900 0.822800
vt 0.498500 0.821000
vt 0.491000 0.820900
vt 0.496400 0.818300
vt 0.485200 0.818400
vt 0.487700 0.814900
vt 0.477300 0.815400
vt 0.478900 0.811500
vt 0.468100 0.812000
vt 0.469800 0.808000
vt 0.460600 0.809200
vt 0.462800 0.805300
vt 0.458000 0.808300
vt 0.460300 0.804400
vt 0.452900 0.803000
vt 0.456100 0.807900
vt 0.450800 0.806900
vt 0.445600 0.805900
vt 0.447400 0.801900
vt 0.443700 0.805500
vt 0.445500 0.801600
vt 0.434200 0.801000
vt 0.440700 0.805300
vt 0.432000 0.804800
vt 0.422500 0.803700
vt 0.425100 0.800000
vt 0.417000 0.801500
vt 0.419700 0.797800
vt 0.415100 0.791400
vt 0.412500 0.795400
vt 0.408200 0.777800
vt 0.406000 0.782600
vt 0.400500 0.764800
vt 0.399000 0.770200
vt 0.393700 0.760100
vt 0.393600 0.764800
vt 0.387600 0.759500
vt 0.388600 0.763500
vt 0.373800 0.758700
vt 0.374400 0.763000
vt 0.345800 0.761300
vt 0.348700 0.764500
vt 0.339600 0.767400
vt 0.343500 0.770100
vt 0.341800 0.779900
vt 0.337200 0.777700
vt 0.340100 0.794200
vt 0.335400 0.792700
vt 0.339000 0.808600
vt 0.334300 0.807600
vt 0.338700 0.820000
vt 0.334100 0.819500
vt 0.338700 0.830900
vt 0.334100 0.830900
vt 0.334000 0.842300
vt 0.338700 0.841800
vt 0.334300 0.854200
vt 0.339000 0.853300
vt 0.335400 0.869200
vt 0.340100 0.867700
vt 0.337200 0.884100
vt 0.341700 0.881900
vt 0.339600 0.894500
vt 0.343400 0.891800
vt 0.348700 0.897400
vt 0.345800 0.900600
vt 0.374400 0.898800
vt 0.373800 0.903100
vt 0.388600 0.898200
vt 0.387600 0.902200
vt 0.393600 0.896800
vt 0.393700 0.901600
vt 0.398900 0.891500
vt 0.011500 0.758600
vt 0.011500 0.765100
vt 0.010000 0.765100
vt 0.010000 0.758600
vt 0.010000 0.751600
vt 0.011500 0.751600
vt 0.011500 0.743700
vt 0.010000 0.743700
vt 0.010000 0.736900
vt 0.011500 0.736900
vt 0.011500 0.733200
vt 0.010000 0.733200
vt 0.011500 0.731200
vt 0.010000 0.731200
vt 0.261700 0.640300
vt 0.268700 0.640300
vt 0.268800 0.641800
vt 0.261800 0.641800
vt 0.254600 0.640300
vt 0.254700 0.641800
vt 0.599100 0.289000
vt 0.616300 0.287800
vt 0.616500 0.292500
vt 0.633500 0.286600
vt 0.633700 0.292100
vt 0.633600 0.297700
vt 0.650400 0.298200
vt 0.650200 0.304400
vt 0.667200 0.299300
vt 0.666800 0.305600
vt 0.683700 0.301100
vt 0.683000 0.307400
vt 0.699900 0.303700
vt 0.582000 0.290400
vt 0.599200 0.293200
vt 0.616600 0.297700
vt 0.633500 0.303700
vt 0.649900 0.310600
vt 0.666200 0.311800
vt 0.682300 0.313700
vt 0.699100 0.309900
vt 0.715900 0.306600
vt 0.698100 0.316200
vt 0.681400 0.319500
vt 0.665600 0.317600
vt 0.649600 0.316300
vt 0.633400 0.309900
vt 0.616600 0.303600
vt 0.599400 0.298200
vt 0.664800 0.323200
vt 0.597600 0.270700
vt 0.615500 0.270300
vt 0.579900 0.271600
vt 0.562400 0.273400
vt 0.593800 0.246600
vt 0.612600 0.246400
vt 0.575400 0.247700
vt 0.557200 0.249800
vt 0.539000 0.252600
vt 0.733100 0.303500
vt 0.717000 0.300300
vt 0.700800 0.297200
vt 0.684400 0.294400
vt 0.667600 0.292800
vt 0.650700 0.292200
vt 0.650500 0.285600
vt 0.649400 0.268000
vt 0.633200 0.268700
vt 0.667200 0.285000
vt 0.649300 0.248100
vt 0.631900 0.247100
vt 0.199700 0.539500
vt 0.203800 0.539500
vt 0.203800 0.564800
vt 0.199700 0.564800
vt 0.199700 0.590000
vt 0.203800 0.590100
vt 0.185500 0.132600
vt 0.185500 0.121100
vt 0.185600 0.135900
vt 0.021900 0.542000
vt 0.014400 0.541100
vt 0.014500 0.511900
vt 0.021900 0.511900
vt 0.432700 0.172300
vt 0.409300 0.177600
vt 0.403500 0.156500
vt 0.427400 0.151100
vt 0.456500 0.167900
vt 0.451800 0.146700
vt 0.479900 0.164200
vt 0.476500 0.143000
vt 0.504100 0.161200
vt 0.501900 0.139800
vt 0.527900 0.137100
vt 0.529500 0.158900
vt 0.554100 0.135000
vt 0.555300 0.157400
vt 0.580400 0.134100
vt 0.580700 0.156800
vt 0.606600 0.133900
vt 0.606000 0.156900
vt 0.632500 0.134700
vt 0.631000 0.158000
vt 0.386300 0.183900
vt 0.379800 0.162900
vt 0.373100 0.138800
vt 0.397200 0.132400
vt 0.421700 0.126800
vt 0.446700 0.122200
vt 0.472600 0.118300
vt 0.499300 0.114700
vt 0.526000 0.111600
vt 0.552500 0.109100
vt 0.582200 0.107800
vt 0.607000 0.107200
vt 0.634100 0.107600
vt 0.660800 0.109100
vt 0.658200 0.136500
vt 0.687600 0.111600
vt 0.683900 0.139200
vt 0.714900 0.115200
vt 0.710100 0.142800
vt 0.742500 0.119900
vt 0.736800 0.147400
vt 0.770400 0.125600
vt 0.763900 0.153000
vt 0.798300 0.132400
vt 0.791300 0.159800
vt 0.758200 0.176700
vt 0.784600 0.183300
vt 0.655700 0.160000
vt 0.680600 0.162900
vt 0.706000 0.166600
vt 0.731900 0.171100
vt 0.506400 0.547100
vt 0.528200 0.547100
vt 0.529600 0.563100
vt 0.507400 0.563100
vt 0.506400 0.579000
vt 0.528200 0.579000
vt 0.514400 0.225700
vt 0.529400 0.223300
vt 0.530700 0.231800
vt 0.515800 0.234000
vt 0.499500 0.228300
vt 0.501200 0.236500
vt 0.513600 0.218700
vt 0.528600 0.216400
vt 0.543700 0.214400
vt 0.544600 0.221400
vt 0.545500 0.229700
vt 0.546700 0.239800
vt 0.532800 0.241900
vt 0.518200 0.244000
vt 0.504000 0.246100
vt 0.559000 0.237600
vt 0.571400 0.235800
vt 0.585600 0.234100
vt 0.452000 0.472200
vt 0.450200 0.470100
vt 0.450700 0.467600
vt 0.452800 0.470200
vt 0.453400 0.475000
vt 0.454500 0.473500
vt 0.454500 0.478400
vt 0.455800 0.477500
vt 0.455100 0.482200
vt 0.456500 0.481900
vt 0.415600 0.478000
vt 0.415500 0.481900
vt 0.409700 0.482200
vt 0.409900 0.477800
vt 0.416700 0.474400
vt 0.411200 0.473500
vt 0.418700 0.471200
vt 0.413500 0.469800
vt 0.421400 0.468700
vt 0.416800 0.466700
vt 0.424700 0.467000
vt 0.420700 0.464700
vt 0.428600 0.466100
vt 0.425100 0.463700
vt 0.446300 0.468500
vt 0.446100 0.465800
vt 0.448300 0.468800
vt 0.448400 0.466100
vt 0.575100 0.428900
vt 0.576800 0.427500
vt 0.579200 0.427900
vt 0.577100 0.429700
vt 0.572800 0.430100
vt 0.574300 0.431200
vt 0.570100 0.431000
vt 0.571000 0.432300
vt 0.566800 0.431600
vt 0.567100 0.432900
vt 0.570800 0.398300
vt 0.567400 0.398300
vt 0.567100 0.393300
vt 0.571000 0.393400
vt 0.573700 0.399200
vt 0.574500 0.394500
vt 0.576200 0.400800
vt 0.577700 0.396400
vt 0.578300 0.403000
vt 0.580300 0.399100
vt 0.579700 0.405600
vt 0.582100 0.402400
vt 0.580500 0.408900
vt 0.583000 0.406200
vt 0.578100 0.424100
vt 0.580800 0.423900
vt 0.577800 0.425900
vt 0.580500 0.426000
vt 0.164700 0.612700
vt 0.149200 0.613800
vt 0.161900 0.612000
vt 0.147700 0.614000
vt 0.166700 0.613800
vt 0.146500 0.614700
vt 0.168300 0.615500
vt 0.145400 0.616000
vt 0.169400 0.617400
vt 0.144400 0.617700
vt 0.143700 0.619700
vt 0.170000 0.619700
vt 0.143100 0.622500
vt 0.170000 0.622500
vt 0.883300 0.293400
vt 0.893200 0.294400
vt 0.892800 0.298800
vt 0.882900 0.297900
vt 0.875600 0.292500
vt 0.875100 0.297000
vt 0.872000 0.292000
vt 0.871700 0.296600
vt 0.345200 0.722900
vt 0.344000 0.724100
vt 0.341500 0.723700
vt 0.343200 0.722200
vt 0.347000 0.722000
vt 0.345400 0.720900
vt 0.349000 0.721300
vt 0.348100 0.720000
vt 0.351800 0.720700
vt 0.351400 0.719300
vt 0.351800 0.747600
vt 0.351700 0.752600
vt 0.348300 0.752600
vt 0.349000 0.747600
vt 0.346800 0.747000
vt 0.345400 0.751800
vt 0.344800 0.745900
vt 0.342800 0.750300
vt 0.343100 0.744200
vt 0.340700 0.748200
vt 0.342000 0.742200
vt 0.339200 0.745600
vt 0.341300 0.739500
vt 0.338300 0.742300
vt 0.343100 0.726800
vt 0.340400 0.727100
vt 0.343200 0.725300
vt 0.340600 0.725300
vt 0.330100 0.773800
vt 0.326000 0.773800
vt 0.326000 0.748600
vt 0.330100 0.748600
vt 0.325900 0.723400
vt 0.330100 0.723300
vt 0.589400 0.869800
vt 0.592800 0.869800
vt 0.592900 0.874800
vt 0.590000 0.874800
vt 0.587800 0.875400
vt 0.586500 0.870500
vt 0.585800 0.876500
vt 0.583900 0.872000
vt 0.584200 0.878100
vt 0.581700 0.874200
vt 0.583000 0.880100
vt 0.580200 0.876800
vt 0.582300 0.882900
vt 0.579400 0.880000
vt 0.584100 0.895600
vt 0.581400 0.895300
vt 0.584300 0.897100
vt 0.581600 0.897100
vt 0.585000 0.898300
vt 0.582600 0.898700
vt 0.586300 0.899400
vt 0.584200 0.900200
vt 0.588000 0.900400
vt 0.586500 0.901400
vt 0.590000 0.901100
vt 0.589200 0.902400
vt 0.592800 0.901700
vt 0.592400 0.903100
vt 0.211200 0.501500
vt 0.208200 0.502300
vt 0.206400 0.495800
vt 0.209300 0.494900
vt 0.207700 0.489300
vt 0.204900 0.490300
vt 0.206200 0.484200
vt 0.203300 0.485100
vt 0.203100 0.624700
vt 0.201700 0.622700
vt 0.207300 0.610500
vt 0.209500 0.611900
vt 0.212100 0.598200
vt 0.214900 0.599000
vt 0.218200 0.586100
vt 0.215300 0.585600
vt 0.220000 0.572900
vt 0.217000 0.572700
vt 0.220600 0.559400
vt 0.217600 0.559600
vt 0.219600 0.544700
vt 0.216700 0.545100
vt 0.214100 0.528200
vt 0.217000 0.527800
vt 0.210900 0.512700
vt 0.213800 0.512100
vt 0.477400 0.382600
vt 0.475700 0.376500
vt 0.481600 0.375200
vt 0.483000 0.381400
vt 0.478100 0.385900
vt 0.483600 0.384700
vt 0.488600 0.380400
vt 0.489100 0.383700
vt 0.494300 0.379500
vt 0.494700 0.382800
vt 0.500000 0.378700
vt 0.500300 0.382000
vt 0.505700 0.378000
vt 0.506000 0.381400
vt 0.511500 0.377500
vt 0.511600 0.380900
vt 0.517200 0.377200
vt 0.517300 0.380500
vt 0.523000 0.376900
vt 0.523000 0.380300
vt 0.528800 0.370500
vt 0.528800 0.376900
vt 0.522800 0.370500
vt 0.516900 0.370800
vt 0.511000 0.371100
vt 0.505100 0.371700
vt 0.499200 0.372300
vt 0.493300 0.373100
vt 0.487400 0.374100
vt 0.522800 0.365700
vt 0.528800 0.365600
vt 0.516700 0.365900
vt 0.510700 0.366300
vt 0.504600 0.366900
vt 0.498600 0.367500
vt 0.492600 0.368400
vt 0.486600 0.369400
vt 0.480600 0.370500
vt 0.474600 0.371800
vt 0.577000 0.370500
vt 0.583000 0.371800
vt 0.581900 0.376600
vt 0.576000 0.375200
vt 0.571000 0.369400
vt 0.570100 0.374100
vt 0.565000 0.368400
vt 0.564200 0.373100
vt 0.559000 0.367500
vt 0.558400 0.372300
vt 0.553000 0.366900
vt 0.552500 0.371600
vt 0.547000 0.366300
vt 0.546500 0.371100
vt 0.540900 0.365900
vt 0.540600 0.370800
vt 0.534900 0.365700
vt 0.534700 0.370500
vt 0.580100 0.382700
vt 0.574600 0.381500
vt 0.568900 0.380400
vt 0.563300 0.379500
vt 0.557500 0.378700
vt 0.551800 0.378000
vt 0.546100 0.377500
vt 0.540300 0.377200
vt 0.534500 0.376900
vt 0.528700 0.380200
vt 0.534400 0.380300
vt 0.540000 0.380500
vt 0.545700 0.380800
vt 0.551400 0.381300
vt 0.557000 0.382000
vt 0.562700 0.382800
vt 0.568300 0.383700
vt 0.573800 0.384800
vt 0.579300 0.386000
vt 0.811400 0.813700
vt 0.813600 0.788200
vt 0.835500 0.789800
vt 0.832800 0.815800
vt 0.829600 0.841200
vt 0.808400 0.837900
vt 0.825900 0.865900
vt 0.804800 0.861300
vt 0.821600 0.890300
vt 0.800400 0.885100
vt 0.816200 0.914200
vt 0.795100 0.908500
vt 0.809900 0.937900
vt 0.788900 0.931400
vt 0.834000 0.944600
vt 0.840400 0.920500
vt 0.846000 0.896000
vt 0.850500 0.871000
vt 0.854400 0.845000
vt 0.857900 0.818400
vt 0.861000 0.791700
vt 0.863500 0.765200
vt 0.837500 0.763700
vt 0.864900 0.735500
vt 0.838600 0.737400
vt 0.801700 0.585700
vt 0.796200 0.559400
vt 0.819800 0.553700
vt 0.825500 0.580800
vt 0.806200 0.611600
vt 0.830000 0.607500
vt 0.809900 0.637100
vt 0.833600 0.633800
vt 0.812700 0.662000
vt 0.836300 0.659500
vt 0.814700 0.686700
vt 0.838000 0.685200
vt 0.815800 0.711700
vt 0.838800 0.711100
vt 0.815900 0.737000
vt 0.815100 0.762500
vt 0.865500 0.710800
vt 0.865100 0.683700
vt 0.863600 0.656900
vt 0.861100 0.630100
vt 0.857600 0.602800
vt 0.853000 0.575100
vt 0.847200 0.547200
vt 0.840400 0.519300
vt 0.813100 0.526300
vt 0.789600 0.533000
vt 0.329100 0.988500
vt 0.325300 0.988100
vt 0.325200 0.983800
vt 0.329100 0.984200
vt 0.332600 0.988900
vt 0.332600 0.984600
vt 0.335800 0.989200
vt 0.335800 0.984900
vt 0.338500 0.989500
vt 0.338500 0.985200
vt 0.340800 0.989600
vt 0.340800 0.985300
vt 0.342900 0.989700
vt 0.342900 0.985400
vt 0.360800 0.990000
vt 0.360700 0.985700
vt 0.364700 0.985600
vt 0.364700 0.989900
vt 0.368400 0.985400
vt 0.368400 0.989700
vt 0.372100 0.985100
vt 0.372100 0.989400
vt 0.375800 0.984700
vt 0.375800 0.989000
vt 0.379500 0.984300
vt 0.379500 0.988600
vt 0.383400 0.983800
vt 0.383400 0.988100
vt 0.434500 0.614600
vt 0.434500 0.613700
vt 0.439000 0.613700
vt 0.439000 0.614600
vt 0.443400 0.613700
vt 0.443400 0.614600
vt 0.447800 0.613700
vt 0.447800 0.614600
vt 0.452200 0.613700
vt 0.452200 0.614600
vt 0.456600 0.613700
vt 0.456600 0.614600
vt 0.461100 0.613700
vt 0.461100 0.614600
vt 0.465500 0.613700
vt 0.465500 0.614600
vt 0.469900 0.613700
vt 0.469900 0.614500
vt 0.474300 0.613700
vt 0.474300 0.614500
vt 0.394700 0.614500
vt 0.394800 0.613700
vt 0.399200 0.613700
vt 0.399200 0.614500
vt 0.403600 0.613700
vt 0.403600 0.614600
vt 0.408000 0.613700
vt 0.408000 0.614600
vt 0.412400 0.613700
vt 0.412400 0.614600
vt 0.416900 0.613700
vt 0.416900 0.614600
vt 0.421300 0.613700
vt 0.421300 0.614600
vt 0.425700 0.613700
vt 0.425700 0.614600
vt 0.430100 0.613700
vt 0.430100 0.614600
vt 0.430900 0.644900
vt 0.430900 0.642300
vt 0.434400 0.642300
vt 0.434400 0.644900
vt 0.437900 0.642300
vt 0.437900 0.644900
vt 0.441400 0.642300
vt 0.441400 0.644900
vt 0.444900 0.642300
vt 0.444900 0.644900
vt 0.448400 0.642300
vt 0.448400 0.644900
vt 0.451900 0.642300
vt 0.451900 0.644900
vt 0.455400 0.642300
vt 0.455400 0.644900
vt 0.459000 0.642300
vt 0.459000 0.644900
vt 0.462500 0.642300
vt 0.462500 0.644900
vt 0.399400 0.644900
vt 0.399400 0.642300
vt 0.402900 0.642300
vt 0.402900 0.644900
vt 0.406400 0.642300
vt 0.406400 0.644900
vt 0.409900 0.642300
vt 0.409900 0.644900
vt 0.413400 0.642300
vt 0.413400 0.644900
vt 0.416900 0.642300
vt 0.416900 0.644900
vt 0.420400 0.642300
vt 0.420400 0.644900
vt 0.423900 0.642300
vt 0.423900 0.644900
vt 0.427400 0.642300
vt 0.427400 0.644900
vt 0.609900 0.695000
vt 0.606300 0.695100
vt 0.606100 0.693900
vt 0.600800 0.693900
vt 0.600800 0.695000
vt 0.594300 0.694800
vt 0.594300 0.693600
vt 0.587800 0.693100
vt 0.587700 0.694200
vt 0.581100 0.693200
vt 0.581800 0.692200
vt 0.574800 0.691400
vt 0.576700 0.690900
vt 0.568500 0.689400
vt 0.572200 0.689400
vt 0.578400 0.687400
vt 0.576400 0.686800
vt 0.585100 0.685300
vt 0.584400 0.684400
vt 0.592700 0.683300
vt 0.592500 0.682200
vt 0.599300 0.680600
vt 0.599300 0.681700
vt 0.603200 0.680000
vt 0.602900 0.681100
vt 0.605700 0.679800
vt 0.605000 0.681000
vt 0.607900 0.687400
vt 0.609200 0.687300
vt 0.612600 0.694900
vt 0.610800 0.693800
vt 0.609100 0.693900
vt 0.300600 0.981200
vt 0.300600 0.979000
vt 0.304900 0.979000
vt 0.304900 0.981200
vt 0.300600 0.983800
vt 0.304900 0.983800
vt 0.300500 0.986600
vt 0.304800 0.986600
vt 0.300400 0.990000
vt 0.304700 0.990000
vt 0.300400 0.941100
vt 0.304700 0.941100
vt 0.304800 0.944500
vt 0.300500 0.944500
vt 0.304900 0.947500
vt 0.300600 0.947500
vt 0.304900 0.950500
vt 0.300600 0.950500
vt 0.305000 0.953500
vt 0.300700 0.953500
vt 0.305000 0.956500
vt 0.300700 0.956600
vt 0.300700 0.959900
vt 0.305000 0.959900
vt 0.300700 0.975400
vt 0.305000 0.975300
vt 0.300700 0.977100
vt 0.305000 0.977100
vt 0.464500 0.989600
vt 0.464400 0.988100
vt 0.466200 0.988000
vt 0.466300 0.989500
vt 0.469200 0.989600
vt 0.469200 0.988100
vt 0.474500 0.989800
vt 0.474500 0.988300
vt 0.481000 0.990000
vt 0.481000 0.988500
vt 0.487500 0.990000
vt 0.487500 0.988400
vt 0.493600 0.988300
vt 0.493700 0.989800
vt 0.498800 0.988200
vt 0.498800 0.989700
vt 0.503600 0.988000
vt 0.503600 0.989600
vt 0.354400 0.866400
vt 0.354100 0.869200
vt 0.349800 0.869200
vt 0.350100 0.866400
vt 0.354700 0.864100
vt 0.350400 0.864100
vt 0.354900 0.861800
vt 0.350600 0.861800
vt 0.355000 0.859500
vt 0.350700 0.859500
vt 0.355100 0.857200
vt 0.350800 0.857200
vt 0.355200 0.854400
vt 0.350900 0.854300
vt 0.350700 0.841500
vt 0.354900 0.841500
vt 0.350600 0.840000
vt 0.354900 0.840000
vt 0.350600 0.838600
vt 0.354800 0.838600
vt 0.350400 0.836900
vt 0.354700 0.836900
vt 0.350300 0.834900
vt 0.354600 0.835000
vt 0.350100 0.832800
vt 0.354400 0.832800
vt 0.349800 0.830000
vt 0.354100 0.830000
vt 0.491700 0.592800
vt 0.491700 0.588300
vt 0.498000 0.588300
vt 0.498000 0.592800
vt 0.491700 0.597200
vt 0.498000 0.597200
vt 0.498000 0.601700
vt 0.491700 0.601700
vt 0.498000 0.606100
vt 0.491700 0.606100
vt 0.491700 0.537500
vt 0.498000 0.537500
vt 0.498000 0.542000
vt 0.491700 0.542000
vt 0.491700 0.546200
vt 0.498000 0.546200
vt 0.491700 0.550000
vt 0.498000 0.550000
vt 0.491700 0.553200
vt 0.498000 0.553200
vt 0.491700 0.556000
vt 0.498000 0.556000
vt 0.491700 0.558300
vt 0.498000 0.558300
vt 0.498000 0.579500
vt 0.491700 0.579500
vt 0.498000 0.583900
vt 0.491700 0.583900
vt 0.418200 0.778100
vt 0.418000 0.774600
vt 0.428400 0.775600
vt 0.425700 0.778500
vt 0.440700 0.779400
vt 0.429500 0.779400
vt 0.418300 0.779400
vt 0.691600 0.810800
vt 0.691300 0.823900
vt 0.691100 0.836900
vt 0.691000 0.850000
vt 0.691000 0.863100
vt 0.691100 0.876400
vt 0.903000 0.214500
vt 0.903400 0.200600
vt 0.904600 0.200700
vt 0.904900 0.186900
vt 0.903600 0.186900
vt 0.905100 0.173400
vt 0.903800 0.173400
vt 0.905100 0.160000
vt 0.903800 0.160000
vt 0.905100 0.146600
vt 0.903700 0.146600
vt 0.904900 0.133300
vt 0.903500 0.133300
vt 0.904600 0.119900
vt 0.903200 0.119900
vt 0.904200 0.106400
vt 0.902800 0.106400
vt 0.903700 0.092800
vt 0.902300 0.092800
vt 0.903100 0.079100
vt 0.906100 0.106300
vt 0.906500 0.119800
vt 0.906700 0.133300
vt 0.906800 0.146600
vt 0.906800 0.160000
vt 0.906800 0.173400
vt 0.906600 0.187000
vt 0.906300 0.200700
vt 0.904300 0.214500
vt 0.905900 0.214600
vt 0.903700 0.228600
vt 0.905500 0.228700
vt 0.903100 0.242700
vt 0.902400 0.228500
vt 0.901800 0.242700
vt 0.901000 0.257000
vt 0.902400 0.257000
vt 0.901500 0.271400
vt 0.900100 0.271300
vt 0.904900 0.242800
vt 0.904200 0.257100
vt 0.903400 0.271500
vt 0.902400 0.286000
vt 0.900500 0.285800
vt 0.899100 0.285700
vt 0.693700 0.423900
vt 0.699800 0.394400
vt 0.725600 0.391200
vt 0.727400 0.420100
vt 0.755700 0.416500
vt 0.748100 0.387400
vt 0.766300 0.416600
vt 0.761900 0.388100
vt 0.837600 0.419800
vt 0.832800 0.391200
vt 0.901100 0.423200
vt 0.896200 0.394500
vt 0.901700 0.079200
vt 0.902400 0.065400
vt 0.901000 0.065400
vt 0.901500 0.051600
vt 0.900200 0.051700
vt 0.899200 0.038500
vt 0.900500 0.039100
vt 0.902400 0.037700
vt 0.903300 0.051500
vt 0.904200 0.065300
vt 0.905000 0.079000
vt 0.905600 0.092700
vt 0.359700 0.617500
vt 0.360700 0.614600
vt 0.365800 0.616300
vt 0.364800 0.619200
vt 0.371300 0.618000
vt 0.370400 0.620900
vt 0.377700 0.620100
vt 0.376900 0.623000
vt 0.387400 0.626000
vt 0.388100 0.623000
vt 0.402900 0.629600
vt 0.403500 0.626700
vt 0.419800 0.632700
vt 0.420300 0.629800
vt 0.434700 0.631100
vt 0.434500 0.634100
vt 0.447900 0.631000
vt 0.448000 0.634000
vt 0.460800 0.629600
vt 0.461200 0.632600
vt 0.473500 0.626900
vt 0.474300 0.629600
vt 0.487300 0.624600
vt 0.485900 0.622400
vt 0.500200 0.618700
vt 0.498300 0.617100
vt 0.393200 0.864900
vt 0.388200 0.864900
vt 0.393200 0.855000
vt 0.383100 0.864900
vt 0.383200 0.855000
vt 0.393200 0.809600
vt 0.383200 0.809600
vt 0.383300 0.800300
vt 0.393200 0.800300
vt 0.403100 0.800300
vt 0.403100 0.809600
vt 0.403200 0.855000
vt 0.403200 0.864900
vt 0.398200 0.864900
vt 0.059700 0.989200
vt 0.059700 0.990000
vt 0.055200 0.990000
vt 0.055200 0.989200
vt 0.050800 0.990000
vt 0.050800 0.989200
vt 0.046400 0.990000
vt 0.046400 0.989100
vt 0.042000 0.990000
vt 0.042000 0.989100
vt 0.037600 0.990000
vt 0.037600 0.989100
vt 0.033100 0.990000
vt 0.033100 0.989100
vt 0.028700 0.990000
vt 0.028700 0.989100
vt 0.024300 0.990000
vt 0.024300 0.989100
vt 0.019900 0.990000
vt 0.019900 0.989100
vt 0.099400 0.989100
vt 0.099400 0.990000
vt 0.095000 0.990000
vt 0.095000 0.989100
vt 0.090600 0.990000
vt 0.090600 0.989100
vt 0.086200 0.990000
vt 0.086200 0.989100
vt 0.081800 0.990000
vt 0.081800 0.989100
vt 0.077300 0.990000
vt 0.077300 0.989100
vt 0.072900 0.990000
vt 0.072900 0.989100
vt 0.068500 0.990000
vt 0.068500 0.989100
vt 0.064100 0.990000
vt 0.064100 0.989100
vt 0.043600 0.630300
vt 0.040900 0.630300
vt 0.040900 0.626800
vt 0.043600 0.626800
vt 0.040900 0.623300
vt 0.043600 0.623300
vt 0.040900 0.619800
vt 0.043600 0.619800
vt 0.040900 0.616300
vt 0.043600 0.616300
vt 0.040900 0.612800
vt 0.043600 0.612800
vt 0.040900 0.609300
vt 0.043600 0.609300
vt 0.040900 0.605800
vt 0.043600 0.605800
vt 0.040900 0.602300
vt 0.043600 0.602300
vt 0.040900 0.598800
vt 0.043600 0.598800
vt 0.043600 0.661900
vt 0.040900 0.661900
vt 0.040900 0.658400
vt 0.043600 0.658400
vt 0.040900 0.654900
vt 0.043600 0.654900
vt 0.040900 0.651400
vt 0.043600 0.651400
vt 0.040900 0.647900
vt 0.043600 0.647900
vt 0.040900 0.644300
vt 0.043600 0.644300
vt 0.040900 0.640800
vt 0.043600 0.640800
vt 0.040900 0.637300
vt 0.043600 0.637300
vt 0.040900 0.633800
vt 0.043600 0.633800
vt 0.051500 0.641600
vt 0.053700 0.641600
vt 0.053700 0.643500
vt 0.051500 0.643500
vt 0.053700 0.645400
vt 0.051500 0.645400
vt 0.053700 0.647300
vt 0.051500 0.647300
vt 0.053700 0.649200
vt 0.051500 0.649200
vt 0.053700 0.651100
vt 0.051500 0.651100
vt 0.053700 0.652900
vt 0.051500 0.652900
vt 0.053700 0.654800
vt 0.051500 0.654800
vt 0.053700 0.656700
vt 0.051500 0.656700
vt 0.053700 0.658600
vt 0.051500 0.658600
vt 0.051500 0.624500
vt 0.053700 0.624500
vt 0.053700 0.626400
vt 0.051500 0.626400
vt 0.053700 0.628300
vt 0.051500 0.628300
vt 0.053700 0.630200
vt 0.051500 0.630200
vt 0.053700 0.632100
vt 0.051500 0.632100
vt 0.053700 0.634000
vt 0.051500 0.634000
vt 0.053700 0.635900
vt 0.051500 0.635900
vt 0.053700 0.637800
vt 0.051500 0.637800
vt 0.053700 0.639700
vt 0.051500 0.639700
vt 0.223200 0.611300
vt 0.225400 0.611300
vt 0.225400 0.613200
vt 0.223200 0.613200
vt 0.225400 0.615100
vt 0.223200 0.615100
vt 0.225400 0.617000
vt 0.223200 0.617000
vt 0.225400 0.618900
vt 0.223200 0.618900
vt 0.225400 0.620800
vt 0.223200 0.620800
vt 0.225400 0.622700
vt 0.223200 0.622700
vt 0.225400 0.624600
vt 0.223200 0.624600
vt 0.225400 0.626500
vt 0.223200 0.626500
vt 0.225400 0.628400
vt 0.223200 0.628400
vt 0.223200 0.594300
vt 0.225400 0.594300
vt 0.225400 0.596200
vt 0.223200 0.596200
vt 0.225400 0.598100
vt 0.223200 0.598100
vt 0.225400 0.600000
vt 0.223200 0.600000
vt 0.225400 0.601900
vt 0.223200 0.601900
vt 0.225400 0.603800
vt 0.223200 0.603800
vt 0.225400 0.605700
vt 0.223200 0.605700
vt 0.225400 0.607600
vt 0.223200 0.607600
vt 0.225400 0.609400
vt 0.223200 0.609400
vt 0.484000 0.526400
vt 0.480400 0.526100
vt 0.480300 0.513200
vt 0.476600 0.526400
vt 0.475300 0.513600
vt 0.473000 0.527300
vt 0.470300 0.514600
vt 0.469800 0.528700
vt 0.465800 0.516000
vt 0.466700 0.530300
vt 0.461300 0.517600
vt 0.454600 0.501500
vt 0.460700 0.500200
vt 0.467000 0.499100
vt 0.473700 0.498300
vt 0.480300 0.498000
vt 0.487000 0.498300
vt 0.485400 0.513600
vt 0.493700 0.499100
vt 0.490300 0.514600
vt 0.500000 0.500200
vt 0.494900 0.516000
vt 0.506100 0.501500
vt 0.499300 0.517600
vt 0.493900 0.530300
vt 0.490900 0.528700
vt 0.487700 0.527300
vt 0.114600 0.442000
vt 0.115100 0.444400
vt 0.113400 0.446500
vt 0.112500 0.444500
vt 0.111900 0.449300
vt 0.110800 0.447900
vt 0.110800 0.452700
vt 0.109500 0.451900
vt 0.110200 0.456500
vt 0.108800 0.456200
vt 0.155600 0.456500
vt 0.149900 0.456200
vt 0.149700 0.452300
vt 0.155500 0.452100
vt 0.148600 0.448700
vt 0.154200 0.447800
vt 0.146600 0.445500
vt 0.151800 0.444100
vt 0.143900 0.443000
vt 0.148500 0.441100
vt 0.140600 0.441300
vt 0.144600 0.439000
vt 0.136800 0.440400
vt 0.140300 0.438000
vt 0.119100 0.442800
vt 0.119200 0.440100
vt 0.117000 0.443100
vt 0.116900 0.440500
vt 0.554300 0.403800
vt 0.553800 0.401300
vt 0.555200 0.399600
vt 0.556000 0.401700
vt 0.556400 0.397300
vt 0.557500 0.398800
vt 0.557300 0.394600
vt 0.558600 0.395500
vt 0.557900 0.391300
vt 0.559300 0.391700
vt 0.519600 0.391600
vt 0.524600 0.391900
vt 0.524700 0.395300
vt 0.519700 0.395500
vt 0.525500 0.398200
vt 0.520800 0.399100
vt 0.527100 0.400700
vt 0.522700 0.402200
vt 0.529300 0.402800
vt 0.525500 0.404800
vt 0.531900 0.404300
vt 0.528700 0.406600
vt 0.535200 0.405000
vt 0.532500 0.407500
vt 0.550500 0.402600
vt 0.550300 0.405300
vt 0.552200 0.402300
vt 0.552300 0.405000
vt 0.869500 0.587100
vt 0.871000 0.581400
vt 0.876000 0.579200
vt 0.881500 0.580900
vt 0.884600 0.586900
vt 0.877100 0.587000
vt 0.878500 0.597300
vt 0.869900 0.597300
vt 0.880500 0.612800
vt 0.870800 0.612700
vt 0.882600 0.629600
vt 0.871800 0.629500
vt 0.884000 0.643900
vt 0.872500 0.643800
vt 0.885200 0.657000
vt 0.873200 0.656900
vt 0.886500 0.669800
vt 0.873700 0.669800
vt 0.887100 0.683300
vt 0.874200 0.682500
vt 0.886500 0.698200
vt 0.887000 0.597400
vt 0.890200 0.612900
vt 0.893300 0.629700
vt 0.895500 0.644000
vt 0.897300 0.657100
vt 0.899200 0.669900
vt 0.900900 0.682700
vt 0.895900 0.701400
vt 0.896000 0.720200
vt 0.900300 0.705100
vt 0.902100 0.695900
vt 0.898500 0.714300
vt 0.901400 0.708800
vt 0.902200 0.709000
vt 0.903100 0.709300
vt 0.885500 0.712300
vt 0.894100 0.726600
vt 0.884700 0.723500
vt 0.893300 0.733200
vt 0.884400 0.733200
vt 0.884700 0.742900
vt 0.894100 0.739900
vt 0.885500 0.754100
vt 0.895900 0.746300
vt 0.886500 0.768300
vt 0.874600 0.695200
vt 0.875000 0.707800
vt 0.875400 0.720500
vt 0.875500 0.733200
vt 0.875400 0.746000
vt 0.875000 0.758700
vt 0.874600 0.771300
vt 0.874200 0.784000
vt 0.887100 0.783200
vt 0.873700 0.796700
vt 0.886500 0.796700
vt 0.873200 0.809600
vt 0.887000 0.869100
vt 0.884600 0.879600
vt 0.877100 0.879500
vt 0.878500 0.869200
vt 0.890200 0.853600
vt 0.880500 0.853700
vt 0.893300 0.836800
vt 0.882600 0.836900
vt 0.895500 0.822500
vt 0.884000 0.822600
vt 0.897300 0.809400
vt 0.885200 0.809500
vt 0.899200 0.796600
vt 0.900900 0.783800
vt 0.895900 0.765100
vt 0.900300 0.761400
vt 0.902100 0.770600
vt 0.898500 0.752200
vt 0.901400 0.757700
vt 0.902200 0.757500
vt 0.903100 0.757200
vt 0.872500 0.822600
vt 0.871800 0.837000
vt 0.870800 0.853800
vt 0.869900 0.869200
vt 0.869500 0.879400
vt 0.876000 0.887300
vt 0.881500 0.885500
vt 0.871000 0.885100
s 1
usemtl airborne_helmet
f 1/1/1 2/2/2 3/3/3
f 4/4/4 5/5/5 6/6/6
f 5/5/5 4/4/4 7/7/7
f 7/7/7 8/8/8 5/5/5
f 8/8/8 7/7/7 9/9/9
f 9/9/9 10/10/10 8/8/8
f 11/11/11 10/10/10 9/9/9
f 9/9/9 12/12/12 11/11/11
f 11/11/11 12/12/12 13/13/13
f 14/14/14 13/13/13 12/12/12
f 13/13/13 14/14/14 1/1/1
f 1/1/1 15/15/15 13/13/13
f 3/3/3 15/15/15 1/1/1
f 15/15/15 3/3/3 16/16/16
f 16/16/16 3/3/3 17/17/17
f 17/17/17 18/18/18 16/16/16
f 19/19/19 18/18/18 17/17/17
f 17/17/17 20/20/20 19/19/19
f 21/21/21 19/19/19 20/20/20
f 16/16/16 22/22/22 15/15/15
f 15/15/15 22/22/22 23/23/23
f 23/23/23 13/13/13 15/15/15
f 13/13/13 23/23/23 11/11/11
f 7/7/7 24/24/24 25/25/25
f 25/25/25 9/9/9 7/7/7
f 9/9/9 25/25/25 26/26/26
f 26/26/26 12/12/12 9/9/9
f 12/12/12 26/26/26 14/14/14
f 14/14/14 26/26/26 27/27/27
f 27/27/27 28/28/28 14/14/14
f 28/28/28 27/27/27 29/29/29
f 29/29/29 30/30/30 28/28/28
f 30/30/30 29/29/29 31/31/31
f 31/31/31 32/32/32 30/30/30
f 32/32/32 31/31/31 33/33/33
f 33/33/33 34/34/34 32/32/32
f 34/34/34 33/33/33 35/35/35
f 35/35/35 36/36/36 34/34/34
f 36/36/36 35/35/35 37/37/37
f 37/37/37 38/38/38 36/36/36
f 38/38/38 37/37/37 39/39/39
f 25/25/25 29/29/29 27/27/27
f 27/27/27 26/26/26 25/25/25
f 33/33/33 31/31/31 29/29/29
f 29/29/29 25/25/25 33/33/33
f 35/35/35 33/33/33 25/25/25
f 25/25/25 24/24/24 35/35/35
f 35/35/35 24/24/24 40/40/40
f 40/40/40 37/37/37 35/35/35
f 37/37/37 40/40/40 41/41/41
f 41/41/41 39/39/39 37/37/37
f 39/39/39 41/41/41 42/42/42
f 42/42/42 43/43/43 39/39/39
f 43/43/43 42/42/42 44/44/44
f 44/44/44 45/45/45 43/43/43
f 45/45/45 44/44/44 46/46/46
f 46/46/46 47/47/47 45/45/45
f 48/48/48 47/47/47 46/46/46
f 47/47/47 48/48/48 49/49/49
f 50/50/50 49/49/49 48/48/48
f 49/49/49 50/50/50 51/51/51
f 52/52/52 51/51/51 50/50/50
f 45/45/45 47/47/47 53/53/53
f 49/49/49 53/53/53 47/47/47
f 53/53/53 49/49/49 54/54/54
f 51/51/51 54/54/54 49/49/49
f 55/55/55 52/52/52 56/56/56
f 50/50/50 56/56/56 52/52/52
f 56/56/56 50/50/50 57/57/57
f 48/48/48 57/57/57 50/50/50
f 57/57/57 48/48/48 58/58/58
f 46/46/46 58/58/58 48/48/48
f 59/59/59 58/58/58 46/46/46
f 46/46/46 60/60/60 59/59/59
f 60/60/60 46/46/46 44/44/44
f 44/44/44 61/61/61 60/60/60
f 61/61/61 44/44/44 42/42/42
f 42/42/42 62/62/62 61/61/61
f 62/62/62 42/42/42 41/41/41
f 41/41/41 63/63/63 62/62/62
f 63/63/63 41/41/41 40/40/40
f 40/40/40 4/4/4 63/63/63
f 4/4/4 40/40/40 24/24/24
f 24/24/24 7/7/7 4/4/4
f 57/57/57 64/64/64 56/56/56
f 64/64/64 57/57/57 65/65/65
f 58/58/58 65/65/65 57/57/57
f 66/66/66 65/65/65 58/58/58
f 58/58/58 59/59/59 66/66/66
f 67/67/67 68/68/68 69/69/69
f 68/68/68 67/67/67 70/70/70
f 70/70/70 71/71/71 68/68/68
f 71/71/71 70/70/70 72/72/72
f 72/72/72 73/73/73 71/71/71
f 73/73/73 72/72/72 66/66/66
f 66/66/66 74/74/74 73/73/73
f 74/74/74 66/66/66 59/59/59
f 59/59/59 75/75/75 74/74/74
f 75/75/75 59/59/59 60/60/60
f 60/60/60 76/76/76 75/75/75
f 76/76/76 60/60/60 61/61/61
f 61/61/61 77/77/77 76/76/76
f 77/77/77 61/61/61 62/62/62
f 62/62/62 78/78/78 77/77/77
f 78/78/78 62/62/62 63/63/63
f 63/63/63 6/6/6 78/78/78
f 6/6/6 63/63/63 4/4/4
f 79/79/79 70/70/70 67/67/67
f 70/70/70 79/79/79 80/80/80
f 80/80/80 72/72/72 70/70/70
f 80/80/80 79/79/79 81/81/81
f 81/81/81 82/82/82 83/83/83
f 83/83/83 84/84/84 81/81/81
f 64/64/64 81/81/81 84/84/84
f 81/81/81 64/64/64 80/80/80
f 65/65/65 80/80/80 64/64/64
f 72/72/72 80/80/80 65/65/65
f 65/65/65 66/66/66 72/72/72
f 85/85/85 83/83/83 82/82/82
f 82/82/82 86/86/86 85/85/85
f 87/87/87 85/85/85 86/86/86
f 86/86/86 88/88/88 87/87/87
f 89/89/89 87/87/87 88/88/88
f 88/88/88 90/90/90 89/89/89
f 89/89/91 90/90/92 91/91/93
f 92/92/94 91/91/93 90/90/92
f 90/90/92 93/93/95 92/92/94
f 94/94/96 93/93/97 90/90/90
f 93/93/97 94/94/96 95/95/98
f 96/96/99 95/95/98 94/94/96
f 94/94/96 97/97/100 96/96/99
f 67/67/67 96/96/99 97/97/100
f 97/97/100 98/98/101 67/67/67
f 67/67/67 98/98/101 79/79/79
f 79/79/79 98/98/101 82/82/82
f 82/82/82 81/81/81 79/79/79
f 90/90/90 88/88/88 94/94/96
f 97/97/100 94/94/96 88/88/88
f 88/88/88 86/86/86 97/97/100
f 98/98/101 97/97/100 86/86/86
f 86/86/86 82/82/82 98/98/101
f 99/99/102 100/100/103 101/101/104
f 100/100/103 99/99/102 102/102/105
f 103/103/106 102/102/105 99/99/102
f 102/102/105 103/103/106 104/104/107
f 105/105/108 104/104/107 103/103/106
f 104/104/107 105/105/108 106/106/109
f 106/106/109 105/105/108 107/107/110
f 107/107/110 108/108/111 106/106/109
f 108/108/112 107/107/113 92/92/94
f 92/92/94 109/109/114 108/108/112
f 109/109/115 92/92/116 93/93/97
f 93/93/97 110/110/117 109/109/115
f 95/95/98 110/110/117 93/93/97
f 111/111/118 110/110/117 95/95/98
f 95/95/98 112/112/119 111/111/118
f 112/112/119 95/95/98 96/96/99
f 96/96/99 69/69/69 112/112/119
f 69/69/69 96/96/99 67/67/67
f 113/113/120 108/108/111 109/109/115
f 109/109/115 114/114/121 113/113/120
f 114/114/121 109/109/115 110/110/117
f 110/110/117 111/111/118 114/114/121
f 115/115/122 116/116/123 117/117/124
f 116/116/123 115/115/122 118/118/125
f 119/119/126 118/118/125 115/115/122
f 118/118/125 119/119/126 120/120/127
f 120/120/127 119/119/126 121/121/128
f 121/121/128 122/122/129 120/120/127
f 122/122/129 121/121/128 123/123/130
f 123/123/130 124/124/131 122/122/129
f 125/125/132 122/122/129 124/124/131
f 124/124/131 100/100/103 125/125/132
f 102/102/105 125/125/132 100/100/103
f 125/125/132 102/102/105 126/126/133
f 104/104/107 126/126/133 102/102/105
f 126/126/133 104/104/107 127/127/134
f 106/106/109 127/127/134 104/104/107
f 127/127/134 106/106/109 128/128/135
f 128/128/135 106/106/109 108/108/111
f 108/108/111 113/113/120 128/128/135
f 128/128/135 129/129/136 127/127/134
f 130/130/137 127/127/134 129/129/136
f 127/127/134 130/130/137 126/126/133
f 131/131/138 126/126/133 130/130/137
f 126/126/133 131/131/138 125/125/132
f 122/122/129 125/125/132 131/131/138
f 131/131/138 120/120/127 122/122/129
f 132/132/139 120/120/127 131/131/138
f 120/120/127 132/132/139 118/118/125
f 133/133/140 118/118/125 132/132/139
f 118/118/125 133/133/140 116/116/123
f 132/132/139 134/134/141 133/133/140
f 134/134/141 132/132/139 135/135/142
f 131/131/138 135/135/142 132/132/139
f 130/130/137 135/135/142 131/131/138
f 136/136/143 135/135/142 130/130/137
f 130/130/137 137/137/144 136/136/143
f 129/129/136 137/137/144 130/130/137
f 135/135/142 136/136/143 134/134/141
f 138/138/145 139/139/146 140/140/147
f 140/140/147 141/141/148 138/138/145
f 141/141/148 140/140/147 142/142/149
f 142/142/149 143/143/150 141/141/148
f 141/141/148 143/143/150 144/144/151
f 145/145/152 139/139/146 146/146/153
f 139/139/146 145/145/152 147/147/154
f 147/147/154 140/140/147 139/139/146
f 140/140/147 147/147/154 148/148/155
f 148/148/155 142/142/149 140/140/147
f 142/142/149 148/148/155 149/149/156
f 149/149/156 150/150/157 142/142/149
f 142/142/149 150/150/157 151/151/158
f 151/151/158 143/143/150 142/142/149
f 143/143/150 151/151/158 152/152/159
f 152/152/159 144/144/151 143/143/150
f 144/144/151 152/152/159 153/153/160
f 153/153/160 154/154/161 144/144/151
f 155/155/162 154/154/161 153/153/160
f 154/154/161 155/155/162 156/156/163
f 157/157/164 156/156/163 155/155/162
f 156/156/163 157/157/164 158/158/165
f 159/159/166 158/158/165 157/157/164
f 160/160/167 138/138/145 141/141/148
f 141/141/148 161/161/168 160/160/167
f 144/144/151 161/161/168 141/141/148
f 162/162/169 161/161/168 144/144/151
f 144/144/151 154/154/161 162/162/169
f 156/156/163 162/162/169 154/154/161
f 162/162/169 156/156/163 163/163/170
f 158/158/165 163/163/170 156/156/163
f 163/163/170 158/158/165 164/164/171
f 165/165/172 164/164/171 158/158/165
f 164/164/171 165/165/172 166/166/173
f 166/166/173 167/167/174 164/164/171
f 168/168/175 164/164/171 167/167/174
f 167/167/174 169/169/176 168/168/175
f 170/170/177 168/168/175 169/169/176
f 169/169/176 171/171/178 170/170/177
f 172/172/179 170/170/177 171/171/178
f 171/171/178 173/173/180 172/172/179
f 164/164/171 168/168/175 163/163/170
f 174/174/181 163/163/170 168/168/175
f 168/168/175 170/170/177 174/174/181
f 160/160/167 174/174/181 170/170/177
f 170/170/177 172/172/179 160/160/167
f 138/138/145 160/160/167 172/172/179
f 172/172/179 175/175/182 138/138/145
f 139/139/146 138/138/145 175/175/182
f 175/175/182 146/146/153 139/139/146
f 163/163/170 174/174/181 162/162/169
f 161/161/168 162/162/169 174/174/181
f 174/174/181 160/160/167 161/161/168
f 175/175/182 172/172/179 173/173/180
f 173/173/180 176/176/183 175/175/182
f 146/146/153 175/175/182 176/176/183
f 176/176/183 177/177/184 146/146/153
f 158/158/165 159/159/166 165/165/172
f 178/178/185 165/165/172 159/159/166
f 165/165/172 178/178/185 179/179/186
f 179/179/186 166/166/173 165/165/172
f 180/180/187 166/166/173 179/179/186
f 167/167/174 166/166/173 180/180/187
f 180/180/187 181/181/188 167/167/174
f 169/169/176 167/167/174 181/181/188
f 181/181/188 182/182/189 169/169/176
f 171/171/178 169/169/176 182/182/189
f 182/182/189 183/183/190 171/171/178
f 173/173/180 171/171/178 183/183/190
f 183/183/190 184/184/191 173/173/180
f 176/176/183 173/173/180 184/184/191
f 184/184/191 185/185/192 176/176/183
f 177/177/184 176/176/183 185/185/192
f 185/185/192 186/186/193 177/177/184
f 186/186/193 185/185/192 187/187/194
f 179/179/186 188/188/195 180/180/187
f 189/189/196 187/187/194 185/185/192
f 185/185/192 184/184/191 189/189/196
f 190/190/197 189/189/196 184/184/191
f 184/184/191 183/183/190 190/190/197
f 191/191/198 190/190/197 183/183/190
f 183/183/190 182/182/189 191/191/198
f 192/192/199 191/191/198 182/182/189
f 182/182/189 181/181/188 192/192/199
f 192/192/199 181/181/188 180/180/187
f 180/180/187 193/193/200 192/192/199
f 193/193/200 180/180/187 188/188/195
f 188/188/195 194/194/201 193/193/200
f 195/195/202 193/193/200 194/194/201
f 194/194/201 196/196/203 195/195/202
f 197/197/204 195/195/202 196/196/203
f 196/196/203 198/198/205 197/197/204
f 199/199/206 197/197/204 198/198/205
f 198/198/205 200/200/207 199/199/206
f 199/199/206 200/200/207 201/201/208
f 202/202/209 203/203/210 189/189/196
f 189/189/196 190/190/197 202/202/209
f 204/204/211 202/202/209 190/190/197
f 190/190/197 191/191/198 204/204/211
f 205/205/212 204/204/211 191/191/198
f 191/191/198 192/192/199 205/205/212
f 195/195/202 205/205/212 192/192/199
f 192/192/199 193/193/200 195/195/202
f 206/206/213 197/197/204 199/199/206
f 195/195/202 197/197/204 206/206/213
f 206/206/213 205/205/212 195/195/202
f 204/204/211 205/205/212 206/206/213
f 202/202/209 204/204/211 207/207/214
f 206/206/213 207/207/214 204/204/211
f 207/207/214 206/206/213 208/208/215
f 199/199/206 208/208/215 206/206/213
f 208/208/215 199/199/206 209/209/216
f 201/201/208 209/209/216 199/199/206
f 209/209/216 201/201/208 210/210/217
f 210/210/217 211/211/218 209/209/216
f 211/211/218 210/210/217 212/212/219
f 212/212/219 213/213/220 211/211/218
f 213/213/220 212/212/219 214/214/221
f 214/214/221 215/215/222 213/213/220
f 216/216/223 215/215/222 214/214/221
f 215/215/222 216/216/223 217/217/224
f 217/217/224 218/218/225 215/215/222
f 218/218/225 217/217/224 219/219/226
f 219/219/226 220/220/227 218/218/225
f 220/220/227 219/219/226 221/221/228
f 214/214/221 222/222/229 216/216/223
f 223/223/230 224/224/231 225/225/232
f 225/225/232 226/226/233 223/223/230
f 220/220/227 223/223/230 226/226/233
f 226/226/233 227/227/234 220/220/227
f 218/218/225 220/220/227 227/227/234
f 227/227/234 228/228/235 218/218/225
f 215/215/222 218/218/225 228/228/235
f 228/228/235 213/213/220 215/215/222
f 213/213/220 228/228/235 229/229/236
f 229/229/236 211/211/218 213/213/220
f 211/211/218 229/229/236 230/230/237
f 230/230/237 209/209/216 211/211/218
f 209/209/216 230/230/237 208/208/215
f 231/231/238 208/208/215 230/230/237
f 208/208/215 231/231/238 207/207/214
f 232/232/239 207/207/214 231/231/238
f 207/207/214 232/232/239 202/202/209
f 203/203/210 202/202/209 232/232/239
f 232/232/239 233/233/240 203/203/210
f 233/233/240 232/232/239 234/234/241
f 231/231/238 234/234/241 232/232/239
f 234/234/241 231/231/238 235/235/242
f 230/230/237 235/235/242 231/231/238
f 235/235/242 230/230/237 229/229/236
f 229/229/236 236/236/243 235/235/242
f 236/236/243 229/229/236 228/228/235
f 228/228/235 227/227/234 236/236/243
f 237/237/244 236/236/243 227/227/234
f 227/227/234 226/226/233 237/237/244
f 238/238/245 237/237/244 226/226/233
f 226/226/233 225/225/232 238/238/245
f 234/234/241 239/239/246 233/233/240
f 239/239/246 234/234/241 240/240/247
f 235/235/242 240/240/247 234/234/241
f 240/240/247 235/235/242 236/236/243
f 236/236/243 237/237/244 240/240/247
f 241/241/248 240/240/247 237/237/244
f 237/237/244 238/238/245 241/241/248
f 240/240/247 241/241/248 239/239/246
f 221/221/228 223/223/230 220/220/227
f 223/223/230 221/221/228 242/242/249
f 242/242/249 224/224/231 223/223/230
f 243/243/250 224/224/231 242/242/249
f 225/225/232 224/224/231 243/243/250
f 243/243/250 244/244/251 225/225/232
f 238/238/245 225/225/232 244/244/251
f 244/244/251 245/245/252 238/238/245
f 238/238/245 245/245/252 246/246/253
f 246/246/253 241/241/248 238/238/245
f 241/241/248 246/246/253 247/247/254
f 247/247/254 239/239/246 241/241/248
f 239/239/246 247/247/254 248/248/255
f 248/248/255 233/233/240 239/239/246
f 233/233/240 248/248/255 249/249/256
f 249/249/256 203/203/210 233/233/240
f 203/203/210 249/249/256 187/187/194
f 187/187/194 189/189/196 203/203/210
f 187/187/194 250/250/257 186/186/193
f 250/250/257 187/187/194 249/249/256
f 249/249/256 251/251/258 250/250/257
f 251/251/258 249/249/256 248/248/255
f 248/248/255 252/252/259 251/251/258
f 252/252/259 248/248/255 247/247/254
f 247/247/254 253/253/260 252/252/259
f 253/253/260 247/247/254 246/246/253
f 246/246/253 254/254/261 253/253/260
f 254/254/261 246/246/253 245/245/252
f 245/245/252 255/255/262 254/254/261
f 256/256/263 255/255/262 245/245/252
f 245/245/252 244/244/251 256/256/263
f 257/257/264 256/256/263 244/244/251
f 244/244/251 243/243/250 257/257/264
f 257/257/264 243/243/250 258/258/265
f 242/242/249 258/258/265 243/243/250
f 258/258/265 242/242/249 259/259/266
f 260/260/267 255/255/262 256/256/263
f 255/255/262 260/260/267 261/261/268
f 261/261/268 254/254/261 255/255/262
f 254/254/261 261/261/268 262/262/269
f 262/262/269 253/253/260 254/254/261
f 253/253/260 262/262/269 263/263/270
f 263/263/270 252/252/259 253/253/260
f 252/252/259 263/263/270 264/264/271
f 264/264/271 251/251/258 252/252/259
f 251/251/258 264/264/271 265/265/272
f 265/265/272 250/250/257 251/251/258
f 250/250/257 265/265/272 266/266/273
f 266/266/273 186/186/193 250/250/257
f 186/186/193 266/266/273 267/267/274
f 267/267/274 177/177/184 186/186/193
f 177/177/184 267/267/274 268/268/275
f 268/268/275 146/146/153 177/177/184
f 146/146/153 268/268/275 145/145/152
f 269/269/276 270/270/277 271/271/278
f 271/271/278 272/272/279 269/269/276
f 273/273/280 269/269/276 272/272/279
f 272/272/279 274/274/281 273/273/280
f 275/275/282 273/273/280 274/274/281
f 274/274/281 276/276/283 275/275/282
f 277/277/284 275/275/282 276/276/283
f 276/276/283 278/278/285 277/277/284
f 259/259/266 277/277/284 278/278/285
f 278/278/285 279/279/286 259/259/266
f 259/259/266 279/279/286 258/258/265
f 280/280/287 258/258/265 279/279/286
f 258/258/265 280/280/287 257/257/264
f 257/257/264 280/280/287 281/281/288
f 281/281/288 282/282/289 257/257/264
f 257/257/264 282/282/289 283/283/290
f 283/283/290 256/256/263 257/257/264
f 256/256/263 283/283/290 260/260/267
f 284/284/291 285/285/292 286/286/293
f 287/287/294 286/286/293 285/285/292
f 286/286/293 287/287/294 279/279/295
f 279/279/286 287/287/296 280/280/287
f 280/280/287 287/287/296 288/288/297
f 288/288/297 281/281/288 280/280/287
f 285/285/292 288/288/298 287/287/294
f 289/289/299 290/290/300 291/291/301
f 290/290/300 289/289/299 284/284/302
f 284/284/302 292/292/303 290/290/300
f 286/286/293 292/292/304 284/284/291
f 292/292/304 286/286/293 293/293/305
f 279/279/295 293/293/305 286/286/293
f 294/294/306 293/293/307 279/279/308
f 279/279/308 278/278/309 294/294/306
f 295/295/310 294/294/306 278/278/309
f 278/278/309 276/276/311 295/295/310
f 296/296/312 295/295/310 276/276/311
f 276/276/311 274/274/313 296/296/312
f 297/297/314 296/296/312 274/274/313
f 274/274/313 272/272/315 297/297/314
f 298/298/316 297/297/314 272/272/315
f 272/272/315 271/271/317 298/298/316
f 299/299/318 298/298/316 271/271/317
f 271/271/317 300/300/319 299/299/318
f 297/297/314 298/298/316 301/301/320
f 301/301/320 302/302/321 297/297/314
f 296/296/312 297/297/314 302/302/321
f 302/302/321 303/303/322 296/296/312
f 295/295/310 296/296/312 303/303/322
f 303/303/322 304/304/323 295/295/310
f 294/294/306 295/295/310 304/304/323
f 304/304/323 305/305/324 294/294/306
f 293/293/307 294/294/306 305/305/324
f 305/305/324 306/306/325 293/293/307
f 293/293/305 306/306/326 292/292/304
f 292/292/303 306/306/327 305/305/328
f 305/305/328 290/290/300 292/292/303
f 290/290/300 305/305/328 304/304/329
f 304/304/329 291/291/301 290/290/300
f 291/291/301 304/304/329 303/303/330
f 303/303/330 307/307/331 291/291/301
f 308/308/332 307/307/331 303/303/330
f 309/309/333 310/310/334 311/311/335
f 311/311/335 312/312/336 309/309/333
f 299/299/318 309/309/333 312/312/336
f 312/312/336 313/313/337 299/299/318
f 298/298/316 299/299/318 313/313/337
f 313/313/337 301/301/320 298/298/316
f 303/303/330 302/302/338 308/308/332
f 314/314/339 308/308/332 302/302/338
f 302/302/338 301/301/340 314/314/339
f 315/315/341 314/314/339 301/301/340
f 301/301/340 313/313/342 315/315/341
f 316/316/343 315/315/341 313/313/342
f 313/313/342 312/312/344 316/316/343
f 317/317/345 316/316/343 312/312/344
f 312/312/344 311/311/346 317/317/345
f 318/318/347 317/317/345 311/311/346
f 311/311/346 319/319/348 318/318/347
f 319/319/349 311/311/335 310/310/334
f 310/310/334 320/320/350 319/319/349
f 317/317/345 318/318/347 321/321/351
f 322/322/352 321/321/351 318/318/347
f 323/323/353 321/321/351 322/322/352
f 321/321/351 323/323/353 317/317/345
f 317/317/345 323/323/353 324/324/354
f 324/324/354 325/325/355 317/317/345
f 316/316/343 317/317/345 325/325/355
f 325/325/355 326/326/356 316/316/343
f 315/315/341 316/316/343 326/326/356
f 326/326/356 327/327/357 315/315/341
f 314/314/339 315/315/341 327/327/357
f 327/327/357 328/328/358 314/314/339
f 308/308/332 314/314/339 328/328/358
f 328/328/358 329/329/359 308/308/332
f 307/307/331 308/308/332 329/329/359
f 329/329/359 330/330/360 307/307/331
f 307/307/331 330/330/360 331/331/361
f 331/331/361 291/291/301 307/307/331
f 291/291/301 331/331/361 289/289/299
f 322/322/352 332/332/362 323/323/353
f 324/324/354 323/323/353 332/332/362
f 332/332/362 333/333/363 324/324/354
f 333/333/363 332/332/362 334/334/364
f 334/334/364 335/335/365 333/333/363
f 335/335/365 334/334/364 336/336/366
f 336/336/366 337/337/367 335/335/365
f 337/337/367 336/336/366 338/338/368
f 338/338/368 339/339/369 337/337/367
f 339/339/369 338/338/368 340/340/370
f 340/340/370 341/341/371 339/339/369
f 342/342/372 343/343/373 344/344/374
f 345/345/375 344/344/374 346/346/376
f 344/344/374 345/345/375 342/342/372
f 347/347/377 342/342/372 345/345/375
f 342/342/372 347/347/377 348/348/378
f 348/348/378 349/349/379 342/342/372
f 343/343/373 342/342/372 349/349/379
f 349/349/379 350/350/380 343/343/373
f 351/351/381 352/352/382 353/353/383
f 353/353/383 354/354/384 351/351/381
f 354/354/384 353/353/383 350/350/380
f 350/350/380 349/349/379 354/354/384
f 355/355/385 354/354/384 349/349/379
f 349/349/379 348/348/378 355/355/385
f 355/355/385 348/348/378 356/356/386
f 356/356/386 348/348/378 347/347/377
f 347/347/377 155/155/162 356/356/386
f 155/155/162 347/347/377 157/157/164
f 345/345/375 157/157/164 347/347/377
f 157/157/164 345/345/375 159/159/166
f 346/346/376 159/159/166 345/345/375
f 159/159/166 346/346/376 178/178/185
f 153/153/160 356/356/386 155/155/162
f 357/357/387 356/356/386 153/153/160
f 356/356/386 357/357/387 355/355/385
f 358/358/388 355/355/385 357/357/387
f 354/354/384 355/355/385 358/358/388
f 358/358/388 351/351/381 354/354/384
f 357/357/387 359/359/389 358/358/388
f 153/153/160 359/359/389 357/357/387
f 360/360/390 361/361/391 362/362/392
f 363/363/393 360/360/390 364/364/394
f 362/362/392 364/364/394 360/360/390
f 364/364/395 362/362/396 365/365/397
f 366/366/398 365/365/397 362/362/396
f 362/362/396 367/367/399 366/366/398
f 367/367/400 362/362/392 361/361/391
f 361/361/391 368/368/401 367/367/400
f 365/365/397 366/366/398 369/369/402
f 369/369/402 366/366/398 370/370/403
f 370/370/403 366/366/398 367/367/399
f 367/367/399 371/371/404 370/370/403
f 371/371/405 367/367/400 368/368/401
f 368/368/401 372/372/406 371/371/405
f 373/373/407 371/371/405 372/372/406
f 372/372/406 374/374/408 373/373/407
f 375/375/409 373/373/407 374/374/408
f 374/374/408 376/376/410 375/375/409
f 377/377/411 375/375/409 376/376/410
f 376/376/410 378/378/412 377/377/411
f 379/379/413 377/377/411 378/378/412
f 378/378/412 380/380/414 379/379/413
f 379/379/413 380/380/414 381/381/415
f 382/382/416 369/369/417 383/383/418
f 383/383/419 369/369/402 384/384/420
f 370/370/403 384/384/420 369/369/402
f 384/384/420 370/370/403 375/375/421
f 370/370/403 373/373/422 375/375/421
f 370/370/403 371/371/404 373/373/422
f 375/375/421 377/377/423 384/384/420
f 384/384/420 385/385/424 383/383/419
f 385/385/424 384/384/420 377/377/423
f 377/377/423 379/379/425 385/385/424
f 386/386/426 387/387/427 388/388/428
f 388/388/428 389/389/429 386/386/426
f 381/381/415 386/386/426 389/389/429
f 389/389/429 390/390/430 381/381/415
f 381/381/415 390/390/430 379/379/413
f 379/379/425 390/390/431 391/391/432
f 391/391/432 385/385/424 379/379/425
f 385/385/424 391/391/432 392/392/433
f 392/392/433 383/383/419 385/385/424
f 393/393/434 383/383/418 392/392/435
f 383/383/418 393/393/434 382/382/416
f 394/394/416 382/382/416 393/393/434
f 393/393/434 395/395/436 394/394/416
f 394/394/416 395/395/436 396/396/437
f 397/397/438 396/396/437 395/395/436
f 396/396/437 397/397/438 398/398/439
f 399/399/440 398/398/439 397/397/438
f 398/398/441 399/399/442 400/400/443
f 392/392/433 401/401/444 402/402/445
f 403/403/446 401/401/444 392/392/433
f 392/392/433 391/391/432 403/403/446
f 404/404/447 405/405/448 406/406/449
f 407/407/450 406/406/449 405/405/448
f 405/405/448 408/408/451 407/407/450
f 408/408/451 405/405/448 402/402/445
f 402/402/445 409/409/452 408/408/451
f 409/409/452 402/402/445 401/401/444
f 401/401/444 388/388/453 409/409/452
f 388/388/453 401/401/444 403/403/446
f 403/403/446 389/389/454 388/388/453
f 389/389/454 403/403/446 391/391/432
f 391/391/432 390/390/431 389/389/454
f 410/410/455 411/411/456 400/400/443
f 412/412/457 400/400/443 411/411/456
f 400/400/443 412/412/457 398/398/441
f 398/398/441 412/412/457 413/413/458
f 413/413/458 414/414/459 398/398/441
f 414/414/459 413/413/458 415/415/460
f 415/415/460 416/416/461 414/414/459
f 417/417/462 415/415/460 413/413/458
f 413/413/458 412/412/457 417/417/462
f 411/411/456 417/417/462 412/412/457
f 418/418/463 419/419/464 420/420/465
f 420/420/465 421/421/466 418/418/463
f 410/410/467 418/418/463 421/421/466
f 421/421/466 422/422/468 410/410/467
f 411/411/469 410/410/467 422/422/468
f 422/422/468 423/423/470 411/411/469
f 417/417/471 411/411/469 423/423/470
f 423/423/470 424/424/472 417/417/471
f 417/417/471 424/424/472 425/425/473
f 425/425/473 415/415/474 417/417/471
f 415/415/474 425/425/473 426/426/475
f 426/426/475 416/416/476 415/415/474
f 427/427/477 416/416/476 426/426/475
f 414/414/459 416/416/461 427/427/478
f 427/427/478 428/428/479 414/414/459
f 398/398/441 414/414/459 428/428/479
f 428/428/479 429/429/480 398/398/441
f 398/398/439 429/429/481 396/396/437
f 430/430/416 431/431/416 432/432/416
f 433/433/416 432/432/416 431/431/416
f 432/432/416 433/433/416 434/434/482
f 429/429/481 434/434/482 433/433/416
f 435/435/483 434/434/484 429/429/480
f 429/429/480 428/428/479 435/435/483
f 436/436/485 435/435/483 428/428/479
f 428/428/479 427/427/478 436/436/485
f 437/437/486 436/436/487 427/427/477
f 427/427/477 438/438/488 437/437/486
f 426/426/475 438/438/488 427/427/477
f 435/435/483 436/436/485 439/439/489
f 439/439/489 440/440/490 435/435/483
f 434/434/484 435/435/483 440/440/490
f 440/440/490 441/441/491 434/434/484
f 442/442/492 441/441/491 440/440/490
f 440/440/490 443/443/493 442/442/492
f 440/440/490 444/444/494 443/443/493
f 440/440/490 439/439/489 444/444/494
f 436/436/487 437/437/486 445/445/495
f 445/445/495 439/439/496 436/436/487
f 439/439/496 445/445/495 446/446/497
f 446/446/497 444/444/498 439/439/496
f 444/444/498 446/446/497 447/447/499
f 447/447/499 443/443/500 444/444/498
f 443/443/500 447/447/499 448/448/501
f 448/448/501 442/442/502 443/443/500
f 442/442/502 448/448/501 449/449/503
f 449/449/503 450/450/504 442/442/502
f 441/441/491 442/442/492 450/450/505
f 450/450/505 451/451/506 441/441/491
f 434/434/484 441/441/491 451/451/506
f 451/451/506 452/452/507 434/434/484
f 434/434/482 452/452/508 432/432/416
f 453/453/416 432/432/416 452/452/508
f 432/432/416 453/453/416 430/430/416
f 454/454/416 430/430/416 453/453/416
f 455/455/416 454/454/416 456/456/416
f 456/456/416 457/457/416 458/458/416
f 459/459/416 457/457/416 456/456/416
f 456/456/416 454/454/416 459/459/416
f 453/453/416 459/459/416 454/454/416
f 458/458/416 460/460/416 456/456/416
f 461/461/509 458/458/416 457/457/416
f 457/457/416 462/462/510 461/461/509
f 463/463/511 462/462/510 457/457/416
f 457/457/416 459/459/416 463/463/511
f 464/464/512 463/463/511 459/459/416
f 459/459/416 453/453/416 464/464/512
f 452/452/508 464/464/512 453/453/416
f 461/461/513 465/465/514 466/466/515
f 465/465/514 461/461/513 462/462/516
f 462/462/516 467/467/517 465/465/514
f 467/467/517 462/462/516 463/463/518
f 463/463/518 468/468/519 467/467/517
f 468/468/519 463/463/518 464/464/520
f 464/464/520 469/469/521 468/468/519
f 469/469/521 464/464/520 452/452/507
f 452/452/507 451/451/506 469/469/521
f 466/466/515 470/470/522 471/471/523
f 470/470/522 466/466/515 465/465/514
f 465/465/514 472/472/524 470/470/522
f 472/472/524 465/465/514 467/467/517
f 467/467/517 473/473/525 472/472/524
f 473/473/525 467/467/517 468/468/519
f 468/468/519 474/474/526 473/473/525
f 474/474/526 468/468/519 469/469/521
f 469/469/521 475/475/527 474/474/526
f 475/475/527 469/469/521 451/451/506
f 451/451/506 450/450/505 475/475/527
f 450/450/504 449/449/503 476/476/528
f 476/476/528 475/475/529 450/450/504
f 475/475/529 476/476/528 477/477/530
f 477/477/530 474/474/531 475/475/529
f 474/474/531 477/477/530 478/478/532
f 478/478/532 473/473/533 474/474/531
f 473/473/533 478/478/532 479/479/534
f 479/479/534 472/472/535 473/473/533
f 472/472/535 479/479/534 480/480/536
f 480/480/536 470/470/537 472/472/535
f 470/470/537 480/480/536 481/481/538
f 481/481/538 471/471/539 470/470/537
f 471/471/539 481/481/538 482/482/540
f 482/482/540 483/483/541 471/471/539
f 484/484/542 471/471/523 483/483/543
f 471/471/523 484/484/542 466/466/515
f 485/485/544 466/466/515 484/484/542
f 466/466/515 485/485/544 461/461/513
f 486/486/545 484/484/542 487/487/546
f 483/483/543 487/487/546 484/484/542
f 487/487/546 483/483/543 488/488/547
f 489/489/548 488/488/549 483/483/541
f 483/483/541 482/482/540 489/489/548
f 488/488/549 489/489/548 490/490/550
f 491/491/551 492/492/552 493/493/553
f 493/493/553 494/494/554 491/491/551
f 495/495/555 491/491/551 494/494/554
f 494/494/554 496/496/556 495/495/555
f 497/497/557 495/495/555 496/496/556
f 496/496/556 498/498/558 497/497/557
f 490/490/550 497/497/557 498/498/558
f 498/498/558 499/499/559 490/490/550
f 490/490/550 499/499/559 488/488/549
f 500/500/560 488/488/547 499/499/561
f 488/488/547 500/500/560 487/487/546
f 501/501/562 487/487/546 500/500/560
f 487/487/546 501/501/562 486/486/545
f 486/486/563 501/501/564 502/502/565
f 502/502/565 503/503/416 486/486/563
f 503/503/416 502/502/565 504/504/566
f 504/504/566 505/505/416 503/503/416
f 506/506/416 505/505/416 504/504/566
f 504/504/566 507/507/567 506/506/416
f 500/500/560 502/502/568 501/501/562
f 502/502/568 500/500/560 508/508/569
f 499/499/561 508/508/569 500/500/560
f 509/509/570 508/508/569 499/499/561
f 499/499/561 498/498/571 509/509/570
f 510/510/572 509/509/570 498/498/571
f 498/498/571 496/496/573 510/510/572
f 511/511/574 510/510/572 496/496/573
f 496/496/573 494/494/575 511/511/574
f 512/512/576 511/511/574 494/494/575
f 494/494/575 493/493/577 512/512/576
f 508/508/569 504/504/578 502/502/568
f 507/507/579 504/504/578 508/508/569
f 508/508/569 509/509/570 507/507/579
f 513/513/580 507/507/579 509/509/570
f 509/509/570 510/510/572 513/513/580
f 514/514/581 513/513/580 510/510/572
f 510/510/572 511/511/574 514/514/581
f 515/515/582 514/514/581 511/511/574
f 511/511/574 512/512/576 515/515/582
f 506/506/416 514/514/583 515/515/584
f 514/514/583 506/506/416 507/507/567
f 507/507/567 513/513/585 514/514/583
f 505/505/416 506/506/416 516/516/416
f 515/515/584 516/516/416 506/506/416
f 516/516/416 515/515/584 517/517/586
f 517/517/587 515/515/582 512/512/576
f 512/512/576 518/518/588 517/517/587
f 518/518/588 512/512/576 493/493/577
f 493/493/577 519/519/589 518/518/588
f 520/520/590 518/518/588 519/519/589
f 519/519/589 521/521/591 520/520/590
f 522/522/592 520/520/590 521/521/591
f 521/521/591 523/523/593 522/522/592
f 524/524/594 522/522/592 523/523/593
f 522/522/592 524/524/594 525/525/595
f 526/526/596 525/525/595 524/524/594
f 527/527/416 525/525/597 526/526/598
f 526/526/598 528/528/416 527/527/416
f 430/430/416 527/527/416 528/528/416
f 528/528/416 431/431/416 430/430/416
f 529/529/599 517/517/587 518/518/588
f 518/518/588 520/520/590 529/529/599
f 433/433/416 396/396/437 429/429/481
f 396/396/437 433/433/416 394/394/416
f 431/431/416 394/394/416 433/433/416
f 382/382/416 394/394/416 431/431/416
f 431/431/416 528/528/416 382/382/416
f 369/369/417 382/382/416 528/528/416
f 528/528/416 526/526/598 369/369/417
f 369/369/402 526/526/596 365/365/397
f 524/524/594 365/365/397 526/526/596
f 365/365/397 524/524/594 364/364/395
f 523/523/593 364/364/395 524/524/594
f 364/364/394 523/523/600 363/363/393
f 530/530/601 363/363/393 523/523/600
f 523/523/600 521/521/602 530/530/601
f 531/531/603 530/530/601 521/521/602
f 521/521/602 519/519/604 531/531/603
f 492/492/552 531/531/603 519/519/604
f 519/519/604 493/493/553 492/492/552
f 527/527/416 430/430/416 454/454/416
f 454/454/416 455/455/416 527/527/416
f 525/525/597 527/527/416 455/455/416
f 455/455/416 532/532/605 525/525/597
f 525/525/595 532/532/606 522/522/592
f 520/520/590 522/522/592 532/532/606
f 532/532/606 529/529/599 520/520/590
f 533/533/416 529/529/607 532/532/605
f 517/517/586 529/529/607 533/533/416
f 533/533/416 534/534/416 517/517/586
f 517/517/586 534/534/416 516/516/416
f 535/535/416 516/516/416 534/534/416
f 516/516/416 535/535/416 505/505/416
f 505/505/416 535/535/416 536/536/416
f 536/536/416 503/503/416 505/505/416
f 503/503/416 536/536/416 485/485/608
f 485/485/608 486/486/563 503/503/416
f 484/484/542 486/486/545 485/485/544
f 461/461/509 485/485/608 536/536/416
f 536/536/416 458/458/416 461/461/509
f 458/458/416 536/536/416 535/535/416
f 535/535/416 460/460/416 458/458/416
f 534/534/416 460/460/416 535/535/416
f 456/456/416 460/460/416 534/534/416
f 534/534/416 533/533/416 456/456/416
f 456/456/416 533/533/416 455/455/416
f 532/532/605 455/455/416 533/533/416
f 537/537/609 538/538/610 539/539/611
f 539/539/611 540/540/612 537/537/609
f 541/541/613 537/537/614 540/540/615
f 540/540/615 542/542/616 541/541/613
f 543/543/617 541/541/613 542/542/616
f 542/542/616 544/544/618 543/543/617
f 545/545/619 543/543/617 544/544/618
f 544/544/618 546/546/620 545/545/619
f 547/547/621 545/545/619 546/546/620
f 546/546/620 548/548/622 547/547/621
f 549/549/623 547/547/621 548/548/622
f 548/548/622 550/550/624 549/549/623
f 551/551/625 549/549/623 550/550/624
f 550/550/624 552/552/626 551/551/625
f 553/553/627 551/551/625 552/552/626
f 552/552/626 554/554/628 553/553/627
f 555/555/629 553/553/627 554/554/628
f 554/554/628 556/556/630 555/555/629
f 557/557/631 555/555/629 556/556/630
f 538/538/610 558/558/632 559/559/633
f 559/559/633 539/539/611 538/538/610
f 539/539/611 559/559/633 340/560/370
f 340/560/370 560/561/634 539/539/611
f 540/540/612 539/539/611 560/561/634
f 560/561/634 561/562/635 540/540/612
f 542/542/616 540/540/615 561/562/636
f 561/562/636 562/563/637 542/542/616
f 544/544/618 542/542/616 562/563/637
f 562/563/637 563/564/638 544/544/618
f 546/546/620 544/544/618 563/564/638
f 563/564/638 564/565/639 546/546/620
f 548/548/622 546/546/620 564/565/639
f 564/565/639 565/566/640 548/548/622
f 548/548/622 565/566/640 566/567/641
f 566/567/641 550/550/624 548/548/622
f 550/550/624 566/567/641 567/568/642
f 567/568/642 552/552/626 550/550/624
f 552/552/626 567/568/642 568/569/643
f 568/569/643 554/554/628 552/552/626
f 554/554/628 568/569/643 569/570/644
f 569/570/644 556/556/630 554/554/628
f 570/571/645 556/556/630 569/570/644
f 556/556/630 570/571/645 557/557/631
f 571/572/646 557/557/631 570/571/645
f 570/571/645 572/573/647 571/572/646
f 572/573/647 570/571/645 573/574/648
f 573/574/648 574/575/649 572/573/647
f 569/570/644 573/574/648 570/571/645
f 575/576/650 576/577/651 577/578/652
f 577/578/652 578/579/653 575/576/650
f 579/580/654 580/581/655 575/576/650
f 576/577/651 575/576/650 580/581/655
f 580/581/655 581/582/656 576/577/651
f 582/583/657 576/577/651 581/582/656
f 581/582/656 583/584/658 582/583/657
f 576/577/651 582/583/657 584/585/659
f 584/585/659 577/578/652 576/577/651
f 577/578/652 584/585/659 585/586/660
f 585/586/660 586/587/661 577/578/652
f 578/579/653 577/578/652 586/587/661
f 586/587/661 587/588/662 578/579/653
f 587/588/662 586/587/661 588/589/663
f 588/589/663 589/590/664 587/588/662
f 590/591/665 589/590/664 588/589/663
f 588/589/663 591/592/666 590/591/665
f 591/592/666 588/589/663 592/593/667
f 592/593/667 593/594/668 591/592/666
f 593/594/668 592/593/667 594/595/669
f 594/595/669 595/596/670 593/594/668
f 595/596/670 594/595/669 596/597/671
f 596/597/671 597/598/672 595/596/670
f 597/598/672 596/597/671 598/599/673
f 598/599/673 599/600/674 597/598/672
f 600/601/675 595/596/670 597/598/672
f 595/596/670 600/601/675 601/602/676
f 601/602/676 593/594/668 595/596/670
f 593/594/668 601/602/676 602/603/677
f 602/603/677 591/592/666 593/594/668
f 591/592/666 602/603/677 603/604/678
f 603/604/678 590/591/665 591/592/666
f 590/591/665 603/604/678 604/605/679
f 604/605/679 605/606/680 590/591/665
f 589/590/664 590/591/665 605/606/680
f 605/606/680 606/607/681 589/590/664
f 589/590/664 606/607/681 607/608/682
f 607/608/682 587/588/662 589/590/664
f 587/588/662 607/608/682 608/609/683
f 608/609/683 578/579/653 587/588/662
f 578/579/653 608/609/683 609/610/684
f 609/610/684 575/576/650 578/579/653
f 575/576/650 609/610/684 579/580/654
f 610/611/685 611/612/686 612/613/687
f 611/612/686 610/611/685 613/614/688
f 613/614/688 614/615/689 611/612/686
f 614/615/689 613/614/688 615/616/690
f 615/616/690 616/617/691 614/615/689
f 616/617/691 615/616/690 617/618/692
f 617/618/692 618/619/693 616/617/691
f 618/619/693 617/618/692 619/620/694
f 619/620/694 620/621/695 618/619/693
f 620/621/695 619/620/694 621/622/696
f 621/622/696 622/623/697 620/621/695
f 622/623/697 621/622/696 623/624/698
f 623/624/698 624/625/699 622/623/697
f 624/625/699 623/624/698 625/626/700
f 625/626/700 599/600/674 624/625/699
f 599/600/674 625/626/700 626/627/701
f 626/627/701 597/598/672 599/600/674
f 597/598/672 626/627/701 600/601/675
f 599/600/674 598/599/673 627/628/702
f 627/628/702 624/625/699 599/600/674
f 624/625/699 627/628/702 628/629/703
f 628/629/703 622/623/697 624/625/699
f 622/623/697 628/629/703 629/630/704
f 629/630/704 620/621/695 622/623/697
f 620/621/695 629/630/704 630/631/705
f 630/631/705 618/619/693 620/621/695
f 618/619/693 630/631/705 631/632/706
f 631/632/706 616/617/691 618/619/693
f 616/617/691 631/632/706 632/633/707
f 632/633/707 614/615/689 616/617/691
f 614/615/689 632/633/707 633/634/708
f 633/634/708 611/612/686 614/615/689
f 611/612/686 633/634/708 634/635/709
f 634/635/709 612/613/687 611/612/686
f 612/613/687 634/635/709 635/636/710
f 635/636/710 636/637/711 612/613/687
f 637/638/712 634/635/709 633/634/708
f 634/635/709 637/638/712 638/639/713
f 638/639/713 635/636/710 634/635/709
f 635/636/710 638/639/713 639/640/714
f 639/640/714 640/641/715 635/636/710
f 637/638/712 641/642/716 642/643/717
f 642/643/717 638/639/713 637/638/712
f 638/639/713 642/643/717 643/644/718
f 643/644/718 639/640/714 638/639/713
f 636/637/711 635/636/710 640/641/715
f 640/641/715 644/645/719 636/637/711
f 645/646/720 644/645/719 640/641/715
f 640/641/715 646/647/721 645/646/720
f 646/647/721 640/641/715 639/640/714
f 639/640/714 647/648/722 646/647/721
f 648/649/723 647/648/722 639/640/714
f 639/640/714 643/644/718 648/649/723
f 649/650/724 648/649/723 643/644/718
f 643/644/718 650/651/725 649/650/724
f 650/651/725 643/644/718 642/643/717
f 642/643/717 651/652/726 650/651/725
f 651/652/726 642/643/717 641/642/716
f 641/642/716 652/653/727 651/652/726
f 652/653/727 641/642/716 653/654/728
f 653/654/728 654/655/729 652/653/727
f 654/655/729 653/654/728 655/656/730
f 655/656/730 656/657/731 654/655/729
f 657/658/732 658/659/733 649/650/724
f 648/649/723 649/650/724 658/659/733
f 658/659/733 659/660/734 648/649/723
f 647/648/722 648/649/723 659/660/734
f 659/660/734 660/661/735 647/648/722
f 647/648/722 660/661/735 661/662/736
f 661/662/736 646/647/721 647/648/722
f 646/647/721 661/662/736 662/663/737
f 662/663/737 645/646/720 646/647/721
f 645/646/720 662/663/737 663/664/738
f 663/664/738 664/665/739 645/646/720
f 644/645/719 645/646/720 664/665/739
f 664/665/739 665/666/740 644/645/719
f 644/645/719 665/666/740 666/667/741
f 666/667/741 636/637/711 644/645/719
f 636/637/711 666/667/741 667/668/742
f 667/668/742 612/613/687 636/637/711
f 612/613/687 667/668/742 610/611/685
f 668/669/743 669/670/744 670/671/745
f 671/672/746 670/671/745 669/670/744
f 669/670/744 672/673/747 671/672/746
f 673/674/748 671/672/746 672/673/747
f 672/673/747 674/675/749 673/674/748
f 673/674/748 674/675/749 675/676/750
f 675/676/750 656/657/731 673/674/748
f 656/657/731 675/676/750 676/677/751
f 676/677/751 654/655/729 656/657/731
f 654/655/729 676/677/751 677/678/752
f 677/678/752 652/653/727 654/655/729
f 652/653/727 677/678/752 678/679/753
f 678/679/753 651/652/726 652/653/727
f 651/652/726 678/679/753 679/680/754
f 679/680/754 650/651/725 651/652/726
f 650/651/725 679/680/754 680/681/755
f 680/681/755 649/650/724 650/651/725
f 649/650/724 680/681/755 657/658/732
f 656/657/731 655/656/730 681/682/756
f 681/682/756 673/674/748 656/657/731
f 673/674/748 681/682/756 682/683/757
f 682/683/757 671/672/746 673/674/748
f 670/671/745 671/672/746 682/683/757
f 682/683/757 683/684/758 670/671/745
f 684/685/759 670/671/745 683/684/758
f 683/684/758 685/686/760 684/685/759
f 686/687/761 684/685/759 685/686/760
f 685/686/760 687/688/762 686/687/761
f 688/689/763 686/687/761 687/688/762
f 687/688/762 689/690/764 688/689/763
f 690/691/765 688/689/763 689/690/764
f 689/690/764 691/692/766 690/691/765
f 692/693/767 690/691/765 691/692/766
f 691/692/766 693/694/768 692/693/767
f 693/694/768 691/692/766 694/695/769
f 694/695/769 695/696/770 693/694/768
f 594/595/669 695/696/770 694/695/769
f 695/696/770 594/595/669 592/593/667
f 592/593/667 588/589/663 586/587/661
f 586/587/661 585/586/660 592/593/667
f 592/593/667 585/586/660 695/696/770
f 695/696/770 585/586/660 584/585/659
f 584/585/659 693/694/768 695/696/770
f 693/694/768 584/585/659 582/583/657
f 582/583/657 692/693/767 693/694/768
f 692/693/767 582/583/657 583/584/658
f 583/584/658 696/697/771 692/693/767
f 690/691/765 692/693/767 696/697/771
f 696/697/771 697/698/772 690/691/765
f 688/689/763 690/691/765 697/698/772
f 697/698/772 698/699/773 688/689/763
f 686/687/761 688/689/763 698/699/773
f 698/699/773 699/700/774 686/687/761
f 684/685/759 686/687/761 699/700/774
f 699/700/774 668/669/743 684/685/759
f 670/671/745 684/685/759 668/669/743
f 694/695/769 596/597/671 594/595/669
f 596/597/671 694/695/769 700/701/775
f 700/701/775 598/599/673 596/597/671
f 598/599/673 700/701/775 701/702/776
f 701/702/776 627/628/702 598/599/673
f 627/628/702 701/702/776 702/703/777
f 702/703/777 628/629/703 627/628/702
f 628/629/703 702/703/777 703/704/778
f 703/704/778 629/630/704 628/629/703
f 629/630/704 703/704/778 704/705/779
f 704/705/779 630/631/705 629/630/704
f 630/631/705 704/705/779 705/706/780
f 705/706/780 631/632/706 630/631/705
f 631/632/706 705/706/780 706/707/781
f 706/707/781 632/633/707 631/632/706
f 632/633/707 706/707/781 707/708/782
f 707/708/782 633/634/708 632/633/707
f 633/634/708 707/708/782 637/638/712
f 700/701/775 694/695/769 691/692/766
f 691/692/766 689/690/764 700/701/775
f 701/702/776 700/701/775 689/690/764
f 689/690/764 687/688/762 701/702/776
f 702/703/777 701/702/776 687/688/762
f 687/688/762 685/686/760 702/703/777
f 703/704/778 702/703/777 685/686/760
f 685/686/760 683/684/758 703/704/778
f 703/704/778 683/684/758 682/683/757
f 682/683/757 704/705/779 703/704/778
f 704/705/779 682/683/757 681/682/756
f 681/682/756 705/706/780 704/705/779
f 705/706/780 681/682/756 655/656/730
f 655/656/730 706/707/781 705/706/780
f 706/707/781 655/656/730 653/654/728
f 653/654/728 707/708/782 706/707/781
f 707/708/782 653/654/728 641/642/716
f 641/642/716 637/638/712 707/708/782
f 708/709/783 709/710/784 710/711/785
f 710/711/785 711/712/786 708/709/783
f 712/713/787 708/709/783 711/712/786
f 711/712/786 713/714/788 712/713/787
f 713/714/788 711/712/786 714/715/789
f 714/715/789 715/716/790 713/714/788
f 715/716/790 714/715/789 716/717/791
f 716/717/791 717/718/792 715/716/790
f 717/718/792 716/717/791 718/719/793
f 718/719/793 719/720/794 717/718/792
f 719/720/794 718/719/793 720/721/795
f 720/721/795 721/722/796 719/720/794
f 721/722/796 720/721/795 722/723/797
f 723/724/798 722/723/797 720/721/795
f 722/723/797 724/725/799 721/722/796
f 711/712/786 710/711/785 725/726/800
f 725/726/800 714/715/789 711/712/786
f 714/715/789 725/726/800 726/727/801
f 726/727/801 716/717/791 714/715/789
f 716/717/791 726/727/801 727/728/802
f 727/728/802 718/719/793 716/717/791
f 718/719/793 727/728/802 728/729/803
f 728/729/803 720/721/795 718/719/793
f 720/721/795 728/729/803 723/724/798
f 729/730/804 730/731/805 731/732/806
f 730/731/805 729/730/804 732/733/807
f 732/733/807 733/734/808 730/731/805
f 734/735/809 733/734/808 732/733/807
f 732/733/807 735/736/809 734/735/809
f 734/735/809 735/736/809 736/737/810
f 736/737/810 737/738/811 734/735/809
f 738/739/812 737/738/811 736/737/810
f 736/737/810 739/740/813 738/739/812
f 738/739/812 739/740/813 740/741/814
f 740/741/814 741/742/815 738/739/812
f 741/742/815 740/741/814 742/743/816
f 742/743/816 743/744/817 741/742/815
f 731/732/806 743/744/817 742/743/816
f 742/743/816 744/745/806 731/732/806
f 731/732/806 744/745/806 729/730/804
f 745/746/818 746/747/819 747/748/820
f 746/747/819 748/749/821 747/748/820
f 748/749/821 749/750/822 747/748/820
f 749/750/822 750/751/823 747/748/820
f 750/751/823 751/752/824 747/748/820
f 751/752/824 752/753/825 747/748/820
f 752/753/825 753/754/820 747/748/820
f 753/754/820 754/755/826 747/748/820
f 754/755/826 755/756/820 747/748/820
f 755/756/820 756/757/819 747/748/820
f 756/757/819 757/758/820 747/748/820
f 757/758/820 758/759/827 747/748/820
f 758/759/827 759/760/828 747/748/820
f 759/760/828 760/761/829 747/748/820
f 760/761/829 761/762/830 747/748/820
f 761/762/830 762/763/831 747/748/820
f 762/763/831 763/764/832 747/748/820
f 763/764/832 745/746/818 747/748/820
f 764/765/833 765/766/834 766/767/835
f 766/767/835 767/768/836 764/765/833
f 767/768/836 766/767/835 768/769/837
f 768/769/837 769/770/838 767/768/836
f 769/770/838 768/769/837 770/771/839
f 770/771/839 771/772/840 769/770/838
f 772/773/841 771/772/840 770/771/839
f 770/771/839 773/774/842 772/773/841
f 774/775/843 772/773/841 773/774/842
f 773/774/842 775/776/844 774/775/843
f 776/777/845 774/775/843 775/776/844
f 775/776/844 777/778/846 776/777/845
f 778/779/847 779/780/848 730/781/849
f 730/781/849 733/782/847 778/779/847
f 778/779/847 733/782/847 734/783/850
f 734/783/850 780/784/851 778/779/847
f 780/784/851 734/783/850 737/785/852
f 737/785/852 781/786/853 780/784/851
f 782/787/854 781/786/853 737/785/852
f 737/785/852 738/788/855 782/787/854
f 782/787/854 738/788/855 741/789/856
f 741/789/856 783/790/857 782/787/854
f 784/791/858 783/790/857 741/789/856
f 741/789/856 743/792/859 784/791/858
f 785/793/860 786/794/861 787/795/862
f 787/795/862 788/796/863 785/793/860
f 399/399/442 785/793/860 788/796/863
f 397/397/438 789/797/864 399/399/440
f 785/793/865 399/399/440 789/797/864
f 789/797/864 790/798/866 785/793/865
f 786/794/867 785/793/865 790/798/866
f 790/798/866 791/799/868 786/794/867
f 792/800/869 786/794/867 791/799/868
f 787/795/862 786/794/861 792/800/870
f 792/800/870 793/801/871 787/795/862
f 788/796/863 400/400/443 399/399/442
f 400/400/443 788/796/863 410/410/455
f 418/418/872 410/410/455 788/796/863
f 788/796/863 787/795/862 418/418/872
f 419/419/873 418/418/872 787/795/862
f 787/795/862 793/801/871 419/419/873
f 419/419/873 793/801/871 794/802/874
f 795/803/875 794/802/874 793/801/871
f 793/801/871 792/800/870 795/803/875
f 795/803/876 792/800/869 796/804/877
f 791/799/868 796/804/877 792/800/869
f 796/804/877 791/799/868 797/805/878
f 798/806/879 797/805/878 791/799/868
f 799/807/880 797/805/878 798/806/879
f 798/806/879 800/808/881 799/807/880
f 801/809/882 799/807/880 800/808/881
f 800/808/881 404/404/883 801/809/882
f 406/406/449 801/809/884 404/404/447
f 796/804/877 802/810/885 795/803/876
f 406/406/449 803/811/886 804/812/887
f 804/812/887 801/809/884 406/406/449
f 799/807/880 801/809/882 804/812/888
f 797/805/878 799/807/880 805/813/889
f 804/812/888 805/813/889 799/807/880
f 805/813/889 804/812/888 806/814/890
f 806/814/891 804/812/887 803/811/886
f 803/811/886 807/815/892 806/814/891
f 807/815/892 803/811/886 808/816/893
f 808/816/893 803/811/886 406/406/449
f 406/406/449 407/407/450 808/816/893
f 797/805/878 809/817/416 796/804/877
f 805/813/889 809/817/416 797/805/878
f 809/817/416 805/813/889 810/818/894
f 806/814/890 810/818/894 805/813/889
f 810/818/894 806/814/890 811/819/895
f 812/820/896 811/819/897 806/814/891
f 806/814/891 807/815/892 812/820/896
f 812/820/896 807/815/892 813/821/898
f 808/816/893 813/821/898 807/815/892
f 813/821/899 808/816/900 814/822/901
f 814/822/901 808/816/900 407/407/902
f 407/407/902 815/823/903 814/822/901
f 815/823/903 407/407/902 408/408/904
f 408/408/904 816/824/905 815/823/903
f 816/824/905 408/408/904 409/409/906
f 409/409/906 817/825/907 816/824/905
f 817/825/907 409/409/906 388/388/428
f 388/388/428 387/387/427 817/825/907
f 814/822/901 818/826/908 813/821/899
f 813/821/899 818/826/908 819/827/909
f 819/827/909 820/828/910 813/821/899
f 813/821/898 820/828/911 812/820/896
f 802/810/885 796/804/877 809/817/416
f 809/817/416 821/829/912 802/810/885
f 810/818/894 821/829/912 809/817/416
f 821/829/912 810/818/894 822/830/913
f 811/819/895 822/830/913 810/818/894
f 822/830/913 811/819/895 823/831/914
f 823/831/915 811/819/897 812/820/896
f 812/820/896 824/832/916 823/831/915
f 824/832/916 812/820/896 820/828/911
f 820/828/911 825/833/917 824/832/916
f 825/833/918 820/828/910 819/827/909
f 819/827/909 826/834/919 825/833/918
f 827/835/920 825/833/918 826/834/919
f 826/834/919 828/836/921 827/835/920
f 829/837/922 827/835/920 828/836/921
f 828/836/921 830/838/923 829/837/922
f 831/839/924 829/837/922 830/838/923
f 830/838/923 832/840/925 831/839/924
f 831/839/926 823/831/915 824/832/916
f 824/832/916 829/837/927 831/839/926
f 829/837/927 824/832/916 825/833/917
f 825/833/917 827/835/928 829/837/927
f 822/830/913 833/841/929 821/829/912
f 833/841/929 822/830/913 834/842/930
f 834/842/930 835/843/931 833/841/929
f 823/831/914 834/842/930 822/830/913
f 834/842/930 823/831/914 831/839/932
f 831/839/932 836/844/933 834/842/930
f 835/843/931 834/842/930 836/844/933
f 836/844/933 837/845/934 835/843/931
f 836/844/935 831/839/924 832/840/925
f 832/840/925 838/846/936 836/844/935
f 836/844/935 838/846/936 839/847/937
f 839/847/937 837/845/938 836/844/935
f 840/848/939 837/845/938 839/847/937
f 835/843/931 837/845/934 840/848/940
f 840/848/940 841/849/941 835/843/931
f 833/841/929 835/843/931 841/849/941
f 841/849/941 842/850/942 833/841/929
f 821/829/912 833/841/929 842/850/942
f 842/850/942 802/810/885 821/829/912
f 802/810/885 842/850/942 843/851/943
f 843/851/943 795/803/876 802/810/885
f 795/803/875 843/851/944 844/852/945
f 844/852/945 794/802/874 795/803/875
f 845/853/946 794/802/874 844/852/945
f 794/802/874 845/853/946 419/419/873
f 420/420/465 419/419/464 845/853/947
f 844/852/945 846/854/948 845/853/946
f 845/853/947 846/854/949 847/855/950
f 847/855/950 848/856/951 845/853/947
f 845/853/947 848/856/951 420/420/465
f 849/857/952 850/858/953 851/859/954
f 851/859/954 852/860/955 849/857/952
f 852/860/955 851/859/954 853/861/956
f 853/861/956 854/862/957 852/860/955
f 854/862/957 853/861/956 847/855/950
f 847/855/950 846/854/949 854/862/957
f 855/863/958 854/862/959 846/854/948
f 846/854/948 844/852/945 855/863/958
f 856/864/960 855/863/958 844/852/945
f 844/852/945 843/851/944 856/864/960
f 856/864/961 843/851/943 842/850/942
f 842/850/942 841/849/941 856/864/961
f 857/865/962 856/864/961 841/849/941
f 841/849/941 840/848/940 857/865/962
f 858/866/963 857/865/964 840/848/939
f 840/848/939 859/867/965 858/866/963
f 839/847/937 859/867/965 840/848/939
f 857/865/964 858/866/963 850/858/953
f 850/858/953 849/857/952 857/865/964
f 849/857/966 852/860/967 854/862/959
f 854/862/959 855/863/958 849/857/966
f 857/865/968 849/857/966 855/863/958
f 855/863/958 856/864/960 857/865/968
f 860/868/969 861/869/970 862/870/971
f 860/868/969 863/871/972 861/869/970
f 864/872/973 865/873/974 866/874/975
f 866/874/976 867/875/974 864/872/977
f 868/876/978 869/877/979 870/878/980
f 869/877/979 868/876/978 871/879/981
f 351/880/381 358/881/388 872/882/982
f 872/882/982 873/883/983 351/880/381
f 873/883/983 872/882/982 874/884/984
f 874/884/984 875/885/985 873/883/983
f 875/885/985 874/884/984 876/886/986
f 876/886/986 877/887/987 875/885/985
f 876/886/986 878/888/988 877/887/987
f 879/889/989 877/887/987 878/888/988
f 878/888/988 880/890/990 879/889/989
f 879/889/989 880/890/990 881/891/991
f 881/891/991 882/892/992 879/889/989
f 881/891/991 883/893/993 882/892/992
f 884/894/994 882/892/992 883/893/993
f 883/893/993 868/876/978 884/894/994
f 870/878/980 884/894/994 868/876/978
f 884/894/994 870/878/980 885/895/995
f 885/895/995 870/878/980 869/877/979
f 869/877/979 886/896/996 885/895/995
f 885/895/995 887/897/997 884/894/994
f 882/892/992 884/894/994 887/897/997
f 887/897/997 879/889/989 882/892/992
f 877/887/987 879/889/989 887/897/997
f 887/897/997 875/885/985 877/887/987
f 875/885/985 887/897/997 888/898/998
f 888/898/998 873/883/983 875/885/985
f 873/883/983 888/898/998 352/899/382
f 352/899/382 351/880/381 873/883/983
f 886/896/996 869/877/979 889/900/999
f 871/879/981 889/900/999 869/877/979
f 890/901/1000 889/900/999 871/879/981
f 871/879/981 891/902/1001 890/901/1000
f 892/903/1002 890/901/1000 891/902/1001
f 890/901/1000 892/903/1002 893/904/1003
f 861/905/1004 893/904/1003 892/903/1002
f 894/906/1005 893/904/1003 861/905/1004
f 861/905/1004 895/907/1006 894/906/1005
f 896/908/1007 894/906/1005 895/907/1006
f 895/907/1006 897/909/1008 896/908/1007
f 898/910/1009 896/908/1007 897/909/1008
f 897/909/1008 899/911/1010 898/910/1009
f 898/910/1009 899/911/1010 900/912/1011
f 900/912/1011 901/913/1012 898/910/1009
f 901/913/1012 900/912/1011 902/914/1013
f 902/914/1013 903/915/1014 901/913/1012
f 903/915/1014 902/914/1013 904/916/1015
f 892/903/1002 862/917/1016 861/905/1004
f 862/917/1016 892/903/1002 905/918/1017
f 891/902/1001 905/918/1017 892/903/1002
f 905/918/1017 906/919/1018 862/917/1016
f 907/920/1019 908/921/1020 909/922/1021
f 909/922/1021 910/923/1022 907/920/1019
f 910/923/1022 909/922/1021 911/924/1023
f 911/924/1023 912/925/1024 910/923/1022
f 912/925/1024 911/924/1023 913/926/1025
f 913/926/1025 886/896/996 912/925/1024
f 889/900/999 912/925/1024 886/896/996
f 912/925/1024 889/900/999 890/901/1000
f 890/901/1000 910/923/1022 912/925/1024
f 893/904/1003 910/923/1022 890/901/1000
f 907/920/1019 910/923/1022 893/904/1003
f 893/904/1003 894/906/1005 907/920/1019
f 914/927/1026 907/920/1019 894/906/1005
f 894/906/1005 896/908/1007 914/927/1026
f 915/928/1027 914/927/1026 896/908/1007
f 896/908/1007 898/910/1009 915/928/1027
f 915/928/1027 898/910/1009 901/913/1012
f 901/913/1012 916/929/1028 915/928/1027
f 917/930/1029 909/922/1021 908/921/1020
f 909/922/1021 917/930/1029 913/926/1025
f 913/926/1025 911/924/1023 909/922/1021
f 918/931/1030 915/928/1027 916/929/1028
f 915/928/1027 918/931/1030 919/932/1031
f 919/932/1031 914/927/1026 915/928/1027
f 907/920/1019 914/927/1026 919/932/1031
f 920/933/1032 921/934/1033 922/935/1034
f 922/935/1034 923/936/1035 920/933/1032
f 923/936/1035 922/935/1034 924/937/1036
f 924/937/1036 925/938/1037 923/936/1035
f 925/938/1037 924/937/1036 926/939/1038
f 926/939/1038 927/940/1039 925/938/1037
f 927/940/1039 926/939/1038 928/941/1040
f 928/941/1040 929/942/1041 927/940/1039
f 929/942/1041 928/941/1040 930/943/1042
f 930/943/1042 931/944/1043 929/942/1041
f 931/944/1043 930/943/1042 932/945/1044
f 932/945/1044 933/946/1045 931/944/1043
f 933/946/1045 932/945/1044 934/947/1046
f 934/947/1046 918/931/1030 933/946/1045
f 918/931/1030 934/947/1046 917/930/1029
f 917/930/1029 919/932/1031 918/931/1030
f 908/921/1020 919/932/1031 917/930/1029
f 919/932/1031 908/921/1020 907/920/1019
f 935/948/1047 936/949/1048 937/950/1049
f 936/949/1048 935/948/1047 921/934/1033
f 921/934/1033 920/933/1032 936/949/1048
f 938/951/1050 936/949/1048 920/933/1032
f 920/933/1032 939/952/1051 938/951/1050
f 939/952/1051 920/933/1032 923/936/1035
f 923/936/1035 940/953/1052 939/952/1051
f 940/953/1052 923/936/1035 925/938/1037
f 925/938/1037 941/954/1053 940/953/1052
f 941/954/1053 925/938/1037 927/940/1039
f 927/940/1039 942/955/1054 941/954/1053
f 942/955/1054 927/940/1039 929/942/1041
f 929/942/1041 943/956/1055 942/955/1054
f 943/956/1055 929/942/1041 931/944/1043
f 931/944/1043 944/957/1056 943/956/1055
f 944/957/1056 931/944/1043 933/946/1045
f 933/946/1045 916/929/1028 944/957/1056
f 916/929/1028 933/946/1045 918/931/1030
f 916/929/1028 901/913/1012 903/915/1014
f 903/915/1014 944/957/1056 916/929/1028
f 944/957/1056 903/915/1014 945/958/1057
f 945/958/1057 943/956/1055 944/957/1056
f 943/956/1055 945/958/1057 946/959/1058
f 946/959/1058 942/955/1054 943/956/1055
f 942/955/1054 946/959/1058 947/960/1059
f 947/960/1059 941/954/1053 942/955/1054
f 941/954/1053 947/960/1059 948/961/1060
f 948/961/1060 940/953/1052 941/954/1053
f 940/953/1052 948/961/1060 949/962/1061
f 949/962/1061 939/952/1051 940/953/1052
f 939/952/1051 949/962/1061 950/963/1062
f 950/963/1062 938/951/1050 939/952/1051
f 938/951/1050 950/963/1062 951/964/1063
f 951/964/1063 657/965/1064 938/951/1050
f 938/951/1050 657/965/1064 937/950/1049
f 937/950/1049 936/949/1048 938/951/1050
f 904/916/1015 945/958/1057 903/915/1014
f 945/958/1057 904/916/1015 952/966/1065
f 952/966/1065 946/959/1058 945/958/1057
f 946/959/1058 952/966/1065 953/967/1066
f 953/967/1066 947/960/1059 946/959/1058
f 947/960/1059 953/967/1066 954/968/1067
f 954/968/1067 948/961/1060 947/960/1059
f 948/961/1060 954/968/1067 955/969/1068
f 955/969/1068 949/962/1061 948/961/1060
f 949/962/1061 955/969/1068 956/970/1069
f 956/970/1069 950/963/1062 949/962/1061
f 950/963/1062 956/970/1069 663/971/1070
f 663/971/1070 951/964/1063 950/963/1062
f 663/971/1070 956/970/1069 957/972/1071
f 957/972/1071 956/970/1069 955/969/1068
f 955/969/1068 958/973/1072 957/972/1071
f 957/972/1071 958/973/1072 959/974/1073
f 937/950/1049 960/975/1074 935/948/1047
f 961/976/1075 663/971/1070 962/977/1076
f 962/977/1076 963/978/1077 961/976/1075
f 963/978/1077 962/977/1076 964/979/1078
f 964/979/1078 965/980/1079 963/978/1077
f 961/976/1075 963/978/1077 965/980/1079
f 965/980/1079 966/981/1080 961/976/1075
f 967/982/1081 968/983/1082 969/984/1083
f 970/985/1084 968/983/1082 967/982/1081
f 967/982/1081 971/986/1085 970/985/1084
f 971/986/1085 967/982/1081 972/987/1086
f 972/987/1086 973/988/1087 971/986/1085
f 973/988/1087 972/987/1086 974/989/1088
f 974/989/1088 975/990/1089 973/988/1087
f 976/991/1090 975/990/1089 974/989/1088
f 975/990/1089 976/991/1090 977/992/1091
f 977/992/1091 978/993/1092 975/990/1089
f 978/993/1092 977/992/1091 979/994/1093
f 979/994/1093 980/995/1094 978/993/1092
f 980/995/1094 979/994/1093 964/979/1078
f 964/979/1078 981/996/1095 980/995/1094
f 981/996/1095 964/979/1078 962/977/1076
f 962/977/1076 982/997/1096 981/996/1095
f 982/997/1096 962/977/1076 663/971/1070
f 663/971/1070 983/998/1097 982/997/1096
f 974/989/1088 984/999/1098 976/991/1090
f 985/1000/1099 970/985/1084 971/986/1085
f 957/972/1071 983/998/1097 663/971/1070
f 983/998/1097 957/972/1071 986/1001/1100
f 959/974/1073 986/1001/1100 957/972/1071
f 986/1001/1100 959/974/1073 987/1002/1101
f 987/1002/1101 988/1003/1102 986/1001/1100
f 989/1004/1103 988/1003/1102 987/1002/1101
f 988/1003/1102 989/1004/1103 990/1005/1104
f 973/988/1087 990/1005/1104 989/1004/1103
f 990/1005/1104 973/988/1087 975/990/1089
f 975/990/1089 978/993/1092 990/1005/1104
f 991/1006/1105 990/1005/1104 978/993/1092
f 978/993/1092 980/995/1094 991/1006/1105
f 992/1007/1106 991/1006/1105 980/995/1094
f 980/995/1094 981/996/1095 992/1007/1106
f 983/998/1097 992/1007/1106 981/996/1095
f 981/996/1095 982/997/1096 983/998/1097
f 986/1001/1100 992/1007/1106 983/998/1097
f 992/1007/1106 986/1001/1100 988/1003/1102
f 988/1003/1102 991/1006/1105 992/1007/1106
f 990/1005/1104 991/1006/1105 988/1003/1102
f 989/1004/1103 971/986/1085 973/988/1087
f 971/986/1085 989/1004/1103 985/1000/1099
f 987/1002/1101 985/1000/1099 989/1004/1103
f 993/1008/1107 994/1009/1108 995/1010/1109
f 995/1010/1109 994/1009/1108 996/1011/1110
f 996/1011/1110 997/1012/1111 995/1010/1109
f 998/1013/1112 995/1010/1109 997/1012/1111
f 997/1012/1111 999/1014/1113 998/1013/1112
f 1000/1015/1114 998/1013/1112 999/1014/1113
f 999/1014/1113 1001/1016/1115 1000/1015/1114
f 1002/1017/1116 1003/1018/1117 1000/1015/1114
f 1000/1015/1114 1004/1019/1118 1002/1017/1116
f 1004/1019/1118 1000/1015/1114 1001/1016/1115
f 1001/1016/1115 1005/1020/1119 1004/1019/1118
f 1006/1021/1120 1007/1022/1121 1008/1023/1122
f 1009/1024/1123 1008/1023/1122 1007/1022/1121
f 1008/1023/1122 1009/1024/1123 1010/1025/1124
f 1011/1026/1125 1010/1025/1124 1009/1024/1123
f 1010/1025/1124 1011/1026/1125 1012/1027/1126
f 1013/1028/1127 1012/1027/1126 1011/1026/1125
f 1011/1026/1125 1014/1029/1128 1013/1028/1127
f 1015/1030/1129 1013/1028/1127 1014/1029/1128
f 1014/1029/1128 1005/1020/1119 1015/1030/1129
f 1016/1031/1130 1015/1030/1129 1005/1020/1119
f 1005/1020/1119 1001/1016/1115 1016/1031/1130
f 1017/1032/1131 1016/1031/1130 1001/1016/1115
f 1001/1016/1115 999/1014/1113 1017/1032/1131
f 1018/1033/1132 1017/1032/1131 999/1014/1113
f 999/1014/1113 997/1012/1111 1018/1033/1132
f 1019/1034/1133 1018/1033/1132 997/1012/1111
f 997/1012/1111 996/1011/1110 1019/1034/1133
f 1020/1035/1134 1019/1034/1133 996/1011/1110
f 1021/1036/1135 1022/1037/1136 1023/1038/1137
f 1022/1037/1136 1021/1036/1135 1024/1039/1138
f 1024/1039/1138 1025/1040/1139 1022/1037/1136
f 1025/1040/1139 1024/1039/1138 1026/1041/1140
f 1026/1041/1140 1027/1042/1141 1025/1040/1139
f 1027/1042/1141 1026/1041/1140 1002/1017/1116
f 1002/1017/1116 1028/1043/1142 1027/1042/1141
f 1028/1043/1142 1002/1017/1116 1004/1019/1118
f 1004/1019/1118 1029/1044/1143 1028/1043/1142
f 1029/1044/1143 1004/1019/1118 1005/1020/1119
f 1005/1020/1119 1014/1029/1128 1029/1044/1143
f 1030/1045/1144 1029/1044/1143 1014/1029/1128
f 1014/1029/1128 1011/1026/1125 1030/1045/1144
f 1009/1024/1123 1030/1045/1144 1011/1026/1125
f 1030/1045/1144 1009/1024/1123 1031/1046/1145
f 1007/1022/1121 1031/1046/1145 1009/1024/1123
f 1031/1046/1145 1007/1022/1121 1032/1047/1146
f 1033/1048/1147 1032/1047/1146 1007/1022/1121
f 1029/1044/1143 1030/1045/1144 1034/1049/1148
f 1031/1046/1145 1034/1049/1148 1030/1045/1144
f 1034/1049/1148 1031/1046/1145 1035/1050/1149
f 1032/1047/1146 1035/1050/1149 1031/1046/1145
f 1035/1050/1149 1032/1047/1146 1036/1051/1150
f 1037/1052/1151 1036/1051/1150 1032/1047/1146
f 1036/1051/1150 1037/1052/1151 1038/1053/1152
f 1039/1054/1153 1038/1053/1152 1037/1052/1151
f 1038/1053/1152 1039/1054/1153 1040/1055/1154
f 1041/1056/1155 1040/1055/1154 1039/1054/1153
f 1040/1055/1154 1041/1056/1155 1042/1057/1156
f 1043/1058/1157 1042/1057/1156 1041/1056/1155
f 1032/1047/1146 1033/1048/1147 1037/1052/1151
f 1044/1059/1158 1037/1052/1151 1033/1048/1147
f 1037/1052/1151 1044/1059/1158 1039/1054/1153
f 1045/1060/1159 1039/1054/1153 1044/1059/1158
f 1039/1054/1153 1045/1060/1159 1041/1056/1155
f 1046/1061/1160 1041/1056/1155 1045/1060/1159
f 1041/1056/1155 1046/1061/1160 1043/1058/1157
f 1047/1062/1161 1043/1058/1157 1046/1061/1160
f 1042/1057/1156 1048/1063/1162 1040/1055/1154
f 1049/1064/1163 1040/1055/1154 1048/1063/1162
f 1040/1055/1154 1049/1064/1163 1038/1053/1152
f 1050/1065/1164 1038/1053/1152 1049/1064/1163
f 1038/1053/1152 1050/1065/1164 1036/1051/1150
f 1051/1066/1165 1036/1051/1150 1050/1065/1164
f 1036/1051/1150 1051/1066/1165 1035/1050/1149
f 1052/1067/1166 1035/1050/1149 1051/1066/1165
f 1035/1050/1149 1052/1067/1166 1034/1049/1148
f 1049/1064/1163 1053/1068/1167 1050/1065/1164
f 1050/1065/1164 1053/1068/1167 1054/1069/1168
f 1054/1069/1168 1055/1070/1169 1050/1065/1164
f 1050/1065/1164 1055/1070/1169 1051/1066/1165
f 1056/1071/1170 1051/1066/1165 1055/1070/1169
f 1051/1066/1165 1056/1071/1170 1052/1067/1166
f 1055/1070/1169 1057/1072/1171 1056/1071/1170
f 1057/1072/1171 1055/1070/1169 1054/1069/1168
f 1054/1069/1168 1058/1073/1172 1057/1072/1171
f 1048/1063/1162 1059/1074/1173 1049/1064/1163
f 1049/1064/1163 1059/1074/1173 1060/1075/1174
f 1060/1075/1174 1053/1068/1167 1049/1064/1163
f 1053/1068/1167 1060/1075/1174 1061/1076/1175
f 1061/1076/1175 1054/1069/1168 1053/1068/1167
f 1054/1069/1168 1061/1076/1175 1062/1077/1176
f 1062/1077/1176 1058/1073/1172 1054/1069/1168
f 1058/1073/1172 1062/1077/1176 1063/1078/1177
f 1063/1078/1177 1023/1038/1137 1058/1073/1172
f 1057/1072/1171 1058/1073/1172 1023/1038/1137
f 1023/1038/1137 1022/1037/1136 1057/1072/1171
f 1057/1072/1171 1022/1037/1136 1025/1040/1139
f 1025/1040/1139 1056/1071/1170 1057/1072/1171
f 1056/1071/1170 1025/1040/1139 1027/1042/1141
f 1027/1042/1141 1052/1067/1166 1056/1071/1170
f 1052/1067/1166 1027/1042/1141 1028/1043/1142
f 1028/1043/1142 1034/1049/1148 1052/1067/1166
f 1034/1049/1148 1028/1043/1142 1029/1044/1143
f 1023/1038/1137 1063/1078/1177 1064/1079/1178
f 996/1011/1110 1065/1080/1179 1020/1035/1134
f 1066/1081/1180 1065/1080/1179 996/1011/1110
f 996/1011/1110 994/1009/1108 1066/1081/1180
f 1067/1082/1181 1066/1081/1180 994/1009/1108
f 994/1009/1108 993/1008/1107 1067/1082/1181
f 1068/1083/1182 1067/1082/1181 993/1008/1107
f 993/1008/1107 1069/1084/1183 1068/1083/1182
f 1068/1083/1182 1069/1084/1183 1070/1085/1184
f 1071/1086/1185 1070/1085/1184 1069/1084/1183
f 1070/1085/1184 1071/1086/1185 1072/1087/1186
f 1073/1088/1187 1072/1087/1186 1071/1086/1185
f 1072/1087/1186 1073/1088/1187 1074/1089/1188
f 1075/1090/1189 1074/1089/1188 1073/1088/1187
f 1074/1089/1188 1075/1090/1189 1076/1091/1190
f 1064/1079/1178 1076/1091/1190 1075/1090/1189
f 1075/1090/1189 1077/1092/1191 1064/1079/1178
f 1064/1079/1178 1077/1092/1191 1023/1038/1137
f 1023/1038/1137 1077/1092/1191 1021/1036/1135
f 1078/1093/1192 1026/1041/1140 1024/1039/1138
f 1024/1039/1138 1079/1094/1193 1078/1093/1192
f 1079/1094/1193 1024/1039/1138 1021/1036/1135
f 1021/1036/1135 1080/1095/1194 1079/1094/1193
f 1080/1095/1194 1021/1036/1135 1077/1092/1191
f 1077/1092/1191 1075/1090/1189 1080/1095/1194
f 1073/1088/1187 1080/1095/1194 1075/1090/1189
f 1080/1095/1194 1073/1088/1187 1081/1096/1195
f 1071/1086/1185 1081/1096/1195 1073/1088/1187
f 1081/1096/1195 1071/1086/1185 1082/1097/1196
f 1069/1084/1183 1082/1097/1196 1071/1086/1185
f 1082/1097/1196 1069/1084/1183 993/1008/1107
f 993/1008/1107 1083/1098/1197 1082/1097/1196
f 995/1010/1109 1083/1098/1197 993/1008/1107
f 1084/1099/1198 1083/1098/1197 995/1010/1109
f 995/1010/1109 998/1013/1112 1084/1099/1198
f 1003/1018/1117 1084/1099/1198 998/1013/1112
f 998/1013/1112 1000/1015/1114 1003/1018/1117
f 1081/1096/1195 1079/1094/1193 1080/1095/1194
f 1079/1094/1193 1081/1096/1195 1085/1100/1199
f 1085/1100/1199 1078/1093/1192 1079/1094/1193
f 1078/1093/1192 1085/1100/1199 1084/1099/1198
f 1084/1099/1198 1003/1018/1117 1078/1093/1192
f 1026/1041/1140 1078/1093/1192 1003/1018/1117
f 1003/1018/1117 1002/1017/1116 1026/1041/1140
f 1082/1097/1196 1085/1100/1199 1081/1096/1195
f 1085/1100/1199 1082/1097/1196 1083/1098/1197
f 1083/1098/1197 1084/1099/1198 1085/1100/1199
f 1086/1101/1200 1087/1102/1201 1088/1103/1202
f 1089/1104/1203 1088/1103/1202 1087/1102/1201
f 1087/1102/1201 1090/1105/1204 1089/1104/1203
f 791/799/868 790/798/866 798/806/879
f 1090/1105/1204 798/806/879 790/798/866
f 790/798/866 789/797/864 1090/1105/1204
f 1089/1104/1203 1090/1105/1204 789/797/864
f 789/797/864 397/397/438 1089/1104/1203
f 395/395/436 1089/1104/1203 397/397/438
f 1088/1103/1202 1089/1104/1203 395/395/436
f 395/395/436 393/393/434 1088/1103/1202
f 392/392/435 1088/1103/1202 393/393/434
f 1088/1103/1202 392/392/435 1086/1101/1200
f 402/402/445 1086/1101/1205 392/392/433
f 1086/1101/1205 402/402/445 405/405/448
f 405/405/448 404/404/447 1086/1101/1205
f 1087/1102/1201 1086/1101/1200 404/404/883
f 404/404/883 800/808/881 1087/1102/1201
f 1090/1105/1204 1087/1102/1201 800/808/881
f 800/808/881 798/806/879 1090/1105/1204
f 1091/1106/1206 1092/1107/1207 1093/1108/1208
f 1093/1108/1208 1094/1109/1209 1091/1106/1206
f 1094/1109/1209 1093/1108/1208 1095/1110/1210
f 1095/1110/1210 1096/1111/1211 1094/1109/1209
f 1096/1111/1211 1095/1110/1210 1097/1112/1212
f 1097/1112/1212 1098/1113/1213 1096/1111/1211
f 1098/1113/1213 1097/1112/1212 1099/1114/1214
f 1099/1114/1214 1100/1115/1215 1098/1113/1213
f 1100/1115/1215 1099/1114/1214 1101/1116/1216
f 1101/1116/1216 1102/1117/1217 1100/1115/1215
f 1102/1117/1217 1101/1116/1216 1103/1118/1218
f 1103/1118/1218 1104/1119/1219 1102/1117/1217
f 1104/1119/1220 1103/1118/1221 1105/1120/1222
f 1105/1120/1222 320/320/350 1104/1119/1220
f 320/320/350 1105/1120/1222 1106/1121/1223
f 1106/1121/1223 319/319/349 320/320/350
f 319/319/348 1106/1121/1224 1107/1122/1225
f 1107/1122/1225 318/318/347 319/319/348
f 318/318/347 1107/1122/1225 322/322/352
f 309/309/333 299/299/318 300/300/319
f 300/300/319 1108/1123/1226 309/309/333
f 310/310/334 309/309/333 1108/1123/1226
f 1108/1123/1226 1109/1124/1227 310/310/334
f 320/320/350 310/310/334 1109/1124/1227
f 1109/1124/1227 1104/1119/1220 320/320/350
f 1104/1119/1219 1109/1124/1228 1110/1125/1229
f 1110/1125/1229 1102/1117/1217 1104/1119/1219
f 1102/1117/1217 1110/1125/1229 1111/1126/1230
f 1111/1126/1230 1100/1115/1215 1102/1117/1217
f 1098/1113/1213 1100/1115/1215 1111/1126/1230
f 1111/1126/1230 1112/1127/1231 1098/1113/1213
f 1096/1111/1211 1098/1113/1213 1112/1127/1231
f 1112/1127/1231 1113/1128/1232 1096/1111/1211
f 1094/1109/1209 1096/1111/1211 1113/1128/1232
f 1113/1128/1232 1114/1129/1233 1094/1109/1209
f 1114/1129/1233 1113/1128/1232 1115/1130/1234
f 1115/1130/1234 1116/1131/1235 1114/1129/1233
f 1116/1131/1235 1115/1130/1234 1117/1132/1236
f 1117/1132/1236 1118/1133/1237 1116/1131/1235
f 1119/1134/1238 1117/1132/1236 1115/1130/1234
f 1108/1123/1239 300/300/1240 1120/1135/1241
f 1120/1135/1241 1121/1136/1242 1108/1123/1239
f 1121/1136/1242 1120/1135/1241 1122/1137/1243
f 1122/1137/1243 1123/1138/1244 1121/1136/1242
f 1123/1138/1244 1122/1137/1243 1119/1134/1238
f 1119/1134/1238 1124/1139/1245 1123/1138/1244
f 1115/1130/1234 1124/1139/1245 1119/1134/1238
f 1124/1139/1245 1115/1130/1234 1113/1128/1232
f 1113/1128/1232 1112/1127/1231 1124/1139/1245
f 1123/1138/1244 1124/1139/1245 1112/1127/1231
f 1112/1127/1231 1111/1126/1230 1123/1138/1244
f 1123/1138/1244 1111/1126/1230 1110/1125/1229
f 1110/1125/1229 1121/1136/1242 1123/1138/1244
f 1121/1136/1242 1110/1125/1229 1109/1124/1228
f 1109/1124/1228 1108/1123/1239 1121/1136/1242
f 300/300/1240 271/271/278 270/270/277
f 270/270/277 1120/1135/1241 300/300/1240
f 1120/1135/1241 270/270/277 1125/1140/1246
f 1125/1140/1246 1122/1137/1243 1120/1135/1241
f 1122/1137/1243 1125/1140/1246 1126/1141/1247
f 1126/1141/1247 1119/1134/1238 1122/1137/1243
f 1119/1134/1238 1126/1141/1247 1127/1142/1248
f 1127/1142/1248 1117/1132/1236 1119/1134/1238
f 1117/1132/1236 1127/1142/1248 1128/1143/1249
f 1128/1143/1249 1118/1133/1237 1117/1132/1236
f 1118/1133/1237 1128/1143/1249 1129/1144/1250
f 1129/1144/1250 1130/1145/1251 1118/1133/1237
f 1118/1133/1237 1130/1145/1251 1131/1146/1252
f 1131/1146/1252 1116/1131/1235 1118/1133/1237
f 1116/1131/1235 1131/1146/1252 1132/1147/1253
f 1132/1147/1253 1114/1129/1233 1116/1131/1235
f 1114/1129/1233 1132/1147/1253 1091/1106/1206
f 1091/1106/1206 1094/1109/1209 1114/1129/1233
f 1133/1148/1254 1128/1143/1249 1127/1142/1248
f 1127/1142/1248 1134/1149/1255 1133/1148/1254
f 1134/1149/1255 1127/1142/1248 1126/1141/1247
f 1126/1141/1247 1135/1150/1256 1134/1149/1255
f 1135/1150/1256 1126/1141/1247 1125/1140/1246
f 1125/1140/1246 1136/1151/1257 1135/1150/1256
f 1136/1151/1257 1125/1140/1246 270/270/277
f 270/270/277 269/269/276 1136/1151/1257
f 1137/1152/1258 1136/1151/1257 269/269/276
f 269/269/276 273/273/280 1137/1152/1258
f 1138/1153/1259 1137/1152/1258 273/273/280
f 273/273/280 275/275/282 1138/1153/1259
f 1139/1154/1260 1138/1153/1259 275/275/282
f 275/275/282 277/277/284 1139/1154/1260
f 1140/1155/1261 1139/1154/1260 277/277/284
f 277/277/284 259/259/266 1140/1155/1261
f 1141/1156/1262 1133/1148/1254 1134/1149/1255
f 1134/1149/1255 1142/1157/1263 1141/1156/1262
f 1142/1157/1263 1134/1149/1255 1135/1150/1256
f 1135/1150/1256 1143/1158/1264 1142/1157/1263
f 1143/1158/1264 1135/1150/1256 1136/1151/1257
f 1136/1151/1257 1137/1152/1258 1143/1158/1264
f 1144/1159/1265 1143/1158/1264 1137/1152/1258
f 1137/1152/1258 1138/1153/1259 1144/1159/1265
f 1145/1160/1266 1144/1159/1265 1138/1153/1259
f 1138/1153/1259 1139/1154/1260 1145/1160/1266
f 1146/1161/1267 1145/1160/1266 1139/1154/1260
f 1139/1154/1260 1140/1155/1261 1146/1161/1267
f 1147/1162/1268 1141/1156/1262 1142/1157/1263
f 1142/1157/1263 1148/1163/1269 1147/1162/1268
f 1148/1163/1269 1142/1157/1263 1143/1158/1264
f 1143/1158/1264 1144/1159/1265 1148/1163/1269
f 1149/1164/1270 1148/1163/1269 1144/1159/1265
f 1144/1159/1265 1145/1160/1266 1149/1164/1270
f 1150/1165/1271 1149/1164/1270 1145/1160/1266
f 1145/1160/1266 1146/1161/1267 1150/1165/1271
f 1151/1166/1272 1147/1162/1268 1148/1163/1269
f 1148/1163/1269 1149/1164/1270 1151/1166/1272
f 1152/1167/1273 1151/1166/1272 1149/1164/1270
f 1149/1164/1270 1150/1165/1271 1152/1167/1273
f 259/259/266 242/242/249 221/221/228
f 221/221/228 1140/1155/1261 259/259/266
f 1140/1155/1261 221/221/228 219/219/226
f 219/219/226 1146/1161/1267 1140/1155/1261
f 1146/1161/1267 219/219/226 217/217/224
f 217/217/224 1150/1165/1271 1146/1161/1267
f 1150/1165/1271 217/217/224 216/216/223
f 216/216/223 1152/1167/1273 1150/1165/1271
f 1152/1167/1273 216/216/223 222/222/229
f 222/222/229 1153/1168/1274 1152/1167/1273
f 1151/1166/1272 1152/1167/1273 1153/1168/1274
f 1153/1168/1274 1154/1169/1275 1151/1166/1272
f 1147/1162/1268 1151/1166/1272 1154/1169/1275
f 1154/1169/1275 1155/1170/1276 1147/1162/1268
f 1141/1156/1262 1147/1162/1268 1155/1170/1276
f 1155/1170/1276 1156/1171/1277 1141/1156/1262
f 1133/1148/1254 1141/1156/1262 1156/1171/1277
f 1156/1171/1277 1157/1172/1278 1133/1148/1254
f 1128/1143/1249 1133/1148/1254 1157/1172/1278
f 1157/1172/1278 1129/1144/1250 1128/1143/1249
f 1158/1173/1279 937/1174/1049 657/1175/1064
f 657/1175/1064 680/1176/1280 1159/1177/1281
f 1159/1177/1281 1160/1178/1282 657/1175/1064
f 657/1175/1064 1160/1178/1282 1158/1173/1279
f 1158/1173/1279 1160/1178/1282 1161/1179/1283
f 1161/1179/1283 1162/1180/1284 1158/1173/1279
f 937/1174/1049 1158/1173/1279 1162/1180/1284
f 1162/1180/1284 960/1181/1074 937/1174/1049
f 1161/1179/1283 1160/1178/1282 1159/1177/1281
f 1159/1177/1281 1163/1182/1285 1161/1179/1283
f 1161/1179/1283 1163/1182/1285 1164/1183/1286
f 1164/1183/1286 1165/1184/1287 1161/1179/1283
f 1165/1184/1287 1164/1183/1286 1166/1185/1288
f 1166/1185/1288 1167/1186/1289 1165/1184/1287
f 1167/1186/1289 1166/1185/1288 1168/1187/1290
f 1168/1187/1290 1169/1188/1291 1167/1186/1289
f 1169/1188/1291 1168/1187/1290 1170/1189/1292
f 1170/1189/1292 1171/1190/1293 1169/1188/1291
f 1171/1190/1293 1170/1189/1292 1172/1191/1294
f 1172/1191/1294 1173/1192/1295 1171/1190/1293
f 1173/1192/1295 1172/1191/1294 1174/1193/1296
f 1174/1193/1296 1175/1194/1297 1173/1192/1295
f 1175/1194/1297 1174/1193/1296 1176/1195/1298
f 1176/1195/1298 1177/1196/1299 1175/1194/1297
f 1177/1196/1299 1176/1195/1298 1178/1197/1300
f 1178/1197/1300 1179/1198/1301 1177/1196/1299
f 668/1199/1302 1178/1197/1300 1176/1195/1298
f 1176/1195/1298 669/1200/1303 668/1199/1302
f 669/1200/1303 1176/1195/1298 1174/1193/1296
f 1174/1193/1296 672/1201/1304 669/1200/1303
f 672/1201/1304 1174/1193/1296 1172/1191/1294
f 1172/1191/1294 674/1202/1305 672/1201/1304
f 674/1202/1305 1172/1191/1294 1170/1189/1292
f 1170/1189/1292 675/1203/1306 674/1202/1305
f 675/1203/1306 1170/1189/1292 1168/1187/1290
f 1168/1187/1290 676/1204/1307 675/1203/1306
f 676/1204/1307 1168/1187/1290 1166/1185/1288
f 1166/1185/1288 677/1205/1308 676/1204/1307
f 677/1205/1308 1166/1185/1288 1164/1183/1286
f 1164/1183/1286 678/1206/1309 677/1205/1308
f 679/1207/1310 678/1206/1309 1164/1183/1286
f 1164/1183/1286 1163/1182/1285 679/1207/1310
f 680/1176/1280 679/1207/1310 1163/1182/1285
f 1163/1182/1285 1159/1177/1281 680/1176/1280
f 1179/1198/1301 1178/1197/1300 1180/1208/1311
f 1180/1208/1311 1181/1209/1312 1179/1198/1301
f 1181/1209/1312 1180/1208/1311 1182/1210/1313
f 1182/1210/1313 1183/1211/1314 1181/1209/1312
f 1183/1211/1314 1182/1210/1313 1184/1212/1315
f 1184/1212/1315 1185/1213/1316 1183/1211/1314
f 1186/1214/1317 1185/1213/1316 1184/1212/1315
f 580/1215/1318 579/1216/1319 1187/1217/1320
f 1187/1217/1320 1188/1218/1321 580/1215/1318
f 1188/1218/1321 1187/1217/1320 574/1219/649
f 574/1219/649 1189/1220/1322 1188/1218/1321
f 1190/1221/1323 1188/1218/1321 1189/1220/1322
f 1189/1220/1322 1191/1222/1324 1190/1221/1323
f 1192/1223/1325 1190/1221/1323 1191/1222/1324
f 1191/1222/1324 1193/1224/1326 1192/1223/1325
f 1194/1225/1327 1192/1223/1325 1193/1224/1326
f 1193/1224/1326 1186/1214/1317 1194/1225/1327
f 1184/1212/1315 1194/1225/1327 1186/1214/1317
f 1194/1225/1327 1184/1212/1315 697/1226/1328
f 697/1226/1328 1184/1212/1315 1182/1210/1313
f 1182/1210/1313 698/1227/1329 697/1226/1328
f 698/1227/1329 1182/1210/1313 1180/1208/1311
f 1180/1208/1311 699/1228/1330 698/1227/1329
f 699/1228/1330 1180/1208/1311 1178/1197/1300
f 1178/1197/1300 668/1199/1302 699/1228/1330
f 697/1226/1328 696/1229/1331 1194/1225/1327
f 1192/1223/1325 1194/1225/1327 696/1229/1331
f 696/1229/1331 583/1230/1332 1192/1223/1325
f 1190/1221/1323 1192/1223/1325 583/1230/1332
f 583/1230/1332 581/1231/1333 1190/1221/1323
f 1188/1218/1321 1190/1221/1323 581/1231/1333
f 581/1231/1333 580/1215/1318 1188/1218/1321
f 560/1232/634 1195/1233/1334 1196/1234/1335
f 1195/1233/1334 560/1232/634 340/1235/370
f 340/1235/370 338/1236/368 1195/1233/1334
f 1197/1237/1336 1195/1233/1334 338/1236/368
f 338/1236/368 336/1238/366 1197/1237/1336
f 1197/1237/1336 336/1238/366 334/1239/364
f 334/1239/364 1198/1240/1337 1197/1237/1336
f 1199/1241/1338 1198/1240/1337 334/1239/364
f 1198/1240/1337 1199/1241/1338 1200/1242/1339
f 1200/1242/1339 1197/1237/1336 1198/1240/1337
f 1195/1233/1334 1197/1237/1336 1200/1242/1339
f 1200/1242/1339 1196/1234/1335 1195/1233/1334
f 1196/1234/1340 1200/1242/1341 1201/1243/1342
f 1201/1243/1342 1202/1244/1343 1196/1234/1340
f 1202/1244/1343 1201/1243/1342 1203/1245/1344
f 1203/1245/1344 1204/1246/1345 1202/1244/1343
f 1204/1246/1345 1203/1245/1344 1205/1247/1346
f 1205/1247/1346 1206/1248/1347 1204/1246/1345
f 334/1239/364 332/1249/362 1199/1241/1338
f 569/1250/644 1207/1251/1348 1208/1252/1349
f 1209/1253/1350 1207/1251/1348 569/1250/644
f 569/1250/644 568/1254/643 1209/1253/1350
f 1210/1255/1351 1209/1253/1350 568/1254/643
f 568/1254/643 567/1256/642 1210/1255/1351
f 1211/1257/1352 1210/1255/1351 567/1256/642
f 567/1256/642 566/1258/641 1211/1257/1352
f 1212/1259/1353 1211/1257/1352 566/1258/641
f 566/1258/641 565/1260/640 1212/1259/1353
f 1212/1259/1353 565/1260/640 564/1261/639
f 564/1261/639 1206/1248/1347 1212/1259/1353
f 1206/1248/1347 564/1261/639 563/1262/638
f 563/1262/638 1204/1246/1345 1206/1248/1347
f 1204/1246/1345 563/1262/638 562/1263/637
f 562/1263/637 1202/1244/1343 1204/1246/1345
f 1202/1244/1343 562/1263/637 561/1264/636
f 561/1264/636 1196/1234/1340 1202/1244/1343
f 1196/1234/1335 561/1264/635 560/1232/634
f 1208/1252/1349 573/1265/648 569/1250/644
f 1206/1248/1347 1205/1247/1346 1213/1266/1354
f 1213/1266/1354 1212/1259/1353 1206/1248/1347
f 1212/1259/1353 1213/1266/1354 1214/1267/1355
f 1214/1267/1355 1211/1257/1352 1212/1259/1353
f 1211/1257/1352 1214/1267/1355 1215/1268/1356
f 1215/1268/1356 1210/1255/1351 1211/1257/1352
f 1210/1255/1351 1215/1268/1356 1216/1269/1357
f 1216/1269/1357 1209/1253/1350 1210/1255/1351
f 1209/1253/1350 1216/1269/1357 1217/1270/1358
f 1217/1270/1358 1207/1251/1348 1209/1253/1350
f 1207/1251/1348 1217/1270/1358 1218/1271/1359
f 1218/1271/1359 1208/1252/1349 1207/1251/1348
f 1208/1252/1349 1218/1271/1359 1191/1272/1324
f 1191/1272/1324 1189/1273/1322 1208/1252/1349
f 573/1265/648 1208/1252/1349 1189/1273/1322
f 1189/1273/1322 574/1274/649 573/1265/648
f 1219/1275/1360 1220/1276/1361 1221/1277/1362
f 1222/1278/1362 1221/1277/1362 1220/1276/1361
f 1220/1276/1361 1223/1279/1363 1222/1278/1362
f 1224/1280/1362 1222/1278/1362 1223/1279/1363
f 1223/1279/1363 1225/1281/1364 1224/1280/1362
f 1226/1282/1362 1224/1280/1362 1225/1281/1364
f 1225/1281/1364 1227/1283/1365 1226/1282/1362
f 1228/1284/1362 1226/1282/1362 1227/1283/1365
f 1227/1283/1365 1229/1285/1366 1228/1284/1362
f 1230/1286/1367 1228/1284/1362 1229/1285/1366
f 1229/1285/1366 1231/1287/1368 1230/1286/1367
f 1232/1288/1362 1230/1286/1367 1231/1287/1368
f 1231/1287/1368 1233/1289/1369 1232/1288/1362
f 1234/1290/1362 1232/1288/1362 1233/1289/1369
f 1233/1289/1369 1235/1291/1370 1234/1290/1362
f 1236/1292/1362 1234/1290/1362 1235/1291/1370
f 1235/1291/1370 1237/1293/1371 1236/1292/1362
f 1238/1294/1362 1236/1292/1362 1237/1293/1371
f 1237/1293/1371 1239/1295/1372 1238/1294/1362
f 1221/1277/1362 1222/1278/1362 1240/1296/1362
f 1241/1297/1362 1240/1296/1362 1222/1278/1362
f 1222/1278/1362 1224/1280/1362 1241/1297/1362
f 1242/1298/1362 1241/1297/1362 1224/1280/1362
f 1224/1280/1362 1226/1282/1362 1242/1298/1362
f 1243/1299/1362 1242/1298/1362 1226/1282/1362
f 1226/1282/1362 1228/1284/1362 1243/1299/1362
f 1244/1300/1362 1243/1299/1362 1228/1284/1362
f 1228/1284/1362 1230/1286/1367 1244/1300/1362
f 1245/1301/1362 1244/1300/1362 1230/1286/1367
f 1230/1286/1367 1232/1288/1362 1245/1301/1362
f 1246/1302/1362 1245/1301/1362 1232/1288/1362
f 1232/1288/1362 1234/1290/1362 1246/1302/1362
f 1247/1303/1362 1246/1302/1362 1234/1290/1362
f 1234/1290/1362 1236/1292/1362 1247/1303/1362
f 1248/1304/1362 1247/1303/1362 1236/1292/1362
f 1236/1292/1362 1238/1294/1362 1248/1304/1362
f 1249/1305/1362 1248/1304/1362 1238/1294/1362
f 1250/1306/1373 1251/1307/1374 1237/1293/1371
f 1237/1293/1371 1251/1307/1374 1252/1308/1375
f 1252/1308/1375 1239/1295/1372 1237/1293/1371
f 1239/1295/1372 1252/1308/1375 1253/1309/1376
f 1253/1309/1376 1254/1310/1377 1239/1295/1372
f 1238/1294/1362 1239/1295/1372 1254/1310/1377
f 1254/1310/1377 1255/1311/1362 1238/1294/1362
f 1238/1294/1362 1255/1311/1362 1249/1305/1362
f 1249/1305/1362 1255/1311/1362 1256/1312/1362
f 1256/1312/1362 1255/1311/1362 1254/1310/1377
f 1254/1310/1377 1257/1313/1378 1256/1312/1362
f 1257/1313/1378 1254/1310/1377 1253/1309/1376
f 1253/1309/1376 1258/1314/1379 1257/1313/1378
f 1259/1315/1380 1257/1313/1378 1258/1314/1379
f 1258/1314/1379 1260/1316/1381 1259/1315/1380
f 1259/1315/1380 1260/1316/1381 1261/1317/1382
f 1261/1317/1382 1262/1318/1383 1259/1315/1380
f 1262/1318/1383 1261/1317/1382 1263/1319/1384
f 1263/1319/1384 1264/1320/1385 1262/1318/1383
f 1264/1320/1385 1263/1319/1384 1265/1321/1386
f 1265/1321/1386 1266/1322/1387 1264/1320/1385
f 1266/1322/1387 1265/1321/1386 1267/1323/1388
f 1267/1323/1388 1268/1324/1389 1266/1322/1387
f 1268/1324/1389 1267/1323/1388 1269/1325/1390
f 1269/1325/1390 1270/1326/1391 1268/1324/1389
f 1256/1312/1362 1257/1313/1378 1259/1315/1380
f 1259/1315/1380 1271/1327/1362 1256/1312/1362
f 1271/1327/1362 1259/1315/1380 1262/1318/1383
f 1262/1318/1383 1272/1328/1367 1271/1327/1362
f 1272/1328/1367 1262/1318/1383 1264/1320/1385
f 1264/1320/1385 1273/1329/1362 1272/1328/1367
f 1273/1329/1362 1264/1320/1385 1266/1322/1387
f 1266/1322/1387 1274/1330/1367 1273/1329/1362
f 1274/1330/1367 1266/1322/1387 1268/1324/1389
f 1268/1324/1389 1275/1331/1362 1274/1330/1367
f 1275/1331/1362 1268/1324/1389 1270/1326/1391
f 1270/1326/1391 1276/1332/1362 1275/1331/1362
f 1276/1332/1362 1270/1326/1391 1277/1333/1392
f 1277/1333/1392 1278/1334/1362 1276/1332/1362
f 1278/1334/1362 1277/1333/1392 1279/1335/1393
f 1279/1335/1393 1280/1336/1362 1278/1334/1362
f 1280/1336/1362 1279/1335/1393 1281/1337/1394
f 1281/1337/1394 1282/1338/1367 1280/1336/1362
f 1256/1312/1362 1283/1339/1362 1249/1305/1362
f 1283/1339/1362 1256/1312/1362 1271/1327/1362
f 1271/1327/1362 1284/1340/1362 1283/1339/1362
f 1284/1340/1362 1271/1327/1362 1272/1328/1367
f 1272/1328/1367 1285/1341/1362 1284/1340/1362
f 1285/1341/1362 1272/1328/1367 1273/1329/1362
f 1273/1329/1362 1286/1342/1362 1285/1341/1362
f 1286/1342/1362 1273/1329/1362 1274/1330/1367
f 1274/1330/1367 1287/1343/1362 1286/1342/1362
f 1287/1343/1362 1274/1330/1367 1275/1331/1362
f 1275/1331/1362 1288/1344/1362 1287/1343/1362
f 1288/1344/1362 1275/1331/1362 1276/1332/1362
f 1276/1332/1362 1289/1345/1362 1288/1344/1362
f 1289/1345/1362 1276/1332/1362 1278/1334/1362
f 1278/1334/1362 1290/1346/1362 1289/1345/1362
f 1290/1346/1362 1278/1334/1362 1280/1336/1362
f 1280/1336/1362 1291/1347/1362 1290/1346/1362
f 1291/1347/1362 1280/1336/1362 1282/1338/1367
f 1282/1338/1367 1292/1348/1362 1291/1347/1362
f 1292/1348/1362 1282/1338/1367 1293/1349/1362
f 1293/1349/1362 1294/1350/1362 1292/1348/1362
f 1282/1338/1367 1281/1337/1394 1295/1351/1395
f 1295/1351/1395 1293/1349/1362 1282/1338/1367
f 1293/1349/1362 1295/1351/1395 1296/1352/1396
f 1296/1352/1396 1297/1353/1362 1293/1349/1362
f 1294/1350/1362 1293/1349/1362 1297/1353/1362
f 1297/1353/1362 1298/1354/1362 1294/1350/1362
f 1270/1326/1391 1269/1325/1390 1299/1355/1397
f 1299/1355/1397 1277/1333/1392 1270/1326/1391
f 1277/1333/1392 1299/1355/1397 1300/1356/1398
f 1300/1356/1398 1279/1335/1393 1277/1333/1392
f 1279/1335/1393 1300/1356/1398 1301/1357/1399
f 1301/1357/1399 1281/1337/1394 1279/1335/1393
f 1281/1337/1394 1301/1357/1399 1302/1358/1400
f 1302/1358/1400 1295/1351/1395 1281/1337/1394
f 1295/1351/1395 1302/1358/1400 1303/1359/1401
f 1303/1359/1401 1296/1352/1396 1295/1351/1395
f 1304/1360/1402 1296/1352/1396 1303/1359/1401
f 1297/1353/1362 1296/1352/1396 1304/1360/1402
f 1304/1360/1402 1305/1361/1362 1297/1353/1362
f 1298/1354/1362 1297/1353/1362 1305/1361/1362
f 1305/1361/1362 1306/1362/1362 1298/1354/1362
f 1306/1362/1362 1305/1361/1362 1307/1363/1362
f 1307/1363/1362 1308/1364/1362 1306/1362/1362
f 1308/1364/1362 1307/1363/1362 1309/1365/1362
f 1310/1366/1362 1311/1367/1362 1312/1368/1403
f 1313/1369/1404 1312/1368/1403 1311/1367/1362
f 1311/1367/1362 1314/1370/1362 1313/1369/1404
f 1315/1371/1405 1313/1369/1404 1314/1370/1362
f 1314/1370/1362 1316/1372/1362 1315/1371/1405
f 1317/1373/1406 1315/1371/1405 1316/1372/1362
f 1316/1372/1362 1309/1365/1362 1317/1373/1406
f 1318/1374/1407 1317/1373/1406 1309/1365/1362
f 1309/1365/1362 1307/1363/1362 1318/1374/1407
f 1318/1374/1407 1307/1363/1362 1305/1361/1362
f 1305/1361/1362 1304/1360/1402 1318/1374/1407
f 1318/1374/1407 1304/1360/1402 1319/1375/1408
f 1303/1359/1401 1319/1375/1408 1304/1360/1402
f 1320/1376/1409 1312/1368/1403 966/1377/1080
f 1321/1378/1410 966/1377/1080 1312/1368/1403
f 1312/1368/1403 1313/1369/1404 1321/1378/1410
f 1322/1379/1411 1321/1378/1410 1313/1369/1404
f 1313/1369/1404 1315/1371/1405 1322/1379/1411
f 1323/1380/1412 1322/1379/1411 1315/1371/1405
f 1315/1371/1405 1317/1373/1406 1323/1380/1412
f 1324/1381/1413 1323/1380/1412 1317/1373/1406
f 1317/1373/1406 1318/1374/1407 1324/1381/1413
f 1319/1375/1408 1324/1381/1413 1318/1374/1407
f 1309/1365/1362 1325/1382/1362 1308/1364/1362
f 1325/1382/1362 1309/1365/1362 1316/1372/1362
f 1316/1372/1362 1326/1383/1362 1325/1382/1362
f 1327/1384/1362 1326/1383/1362 1316/1372/1362
f 1316/1372/1362 1314/1370/1362 1327/1384/1362
f 1328/1385/1362 1327/1384/1362 1314/1370/1362
f 1314/1370/1362 1311/1367/1362 1328/1385/1362
f 1329/1386/1362 1328/1385/1362 1311/1367/1362
f 1311/1367/1362 1310/1366/1362 1329/1386/1362
f 1330/1387/1362 1329/1386/1362 1310/1366/1362
f 1310/1366/1362 1331/1388/1362 1330/1387/1362
f 1332/1389/1362 1330/1387/1362 1331/1388/1362
f 1331/1388/1362 1333/1390/1367 1332/1389/1362
f 1334/1391/1362 1332/1389/1362 1333/1390/1367
f 1333/1390/1367 1335/1392/1362 1334/1391/1362
f 1336/1393/1362 1334/1391/1362 1335/1392/1362
f 1335/1392/1362 1337/1394/1362 1336/1393/1362
f 1338/1395/1362 1336/1393/1362 1337/1394/1362
f 1312/1368/1403 1320/1376/1409 1310/1366/1362
f 1331/1388/1362 1310/1366/1362 1320/1376/1409
f 1320/1376/1409 1339/1396/1414 1331/1388/1362
f 1333/1390/1367 1331/1388/1362 1339/1396/1414
f 1339/1396/1414 1340/1397/1415 1333/1390/1367
f 1335/1392/1362 1333/1390/1367 1340/1397/1415
f 1340/1397/1415 1341/1398/1416 1335/1392/1362
f 1337/1394/1362 1335/1392/1362 1341/1398/1416
f 1341/1398/1416 1342/1399/1417 1337/1394/1362
f 1343/1400/1362 1337/1394/1362 1342/1399/1417
f 1342/1399/1417 1344/1401/1418 1343/1400/1362
f 1345/1402/1362 1343/1400/1362 1344/1401/1418
f 1344/1401/1418 1346/1403/1419 1345/1402/1362
f 1347/1404/1362 1345/1402/1362 1346/1403/1419
f 1346/1403/1419 1348/1405/1420 1347/1404/1362
f 1349/1406/1362 1347/1404/1362 1348/1405/1420
f 1348/1405/1420 1350/1407/1421 1349/1406/1362
f 1351/1408/1367 1349/1406/1362 1350/1407/1421
f 1344/1401/1418 1342/1399/1417 976/1409/1090
f 977/1410/1091 976/1409/1090 1342/1399/1417
f 1342/1399/1417 1341/1398/1416 977/1410/1091
f 979/1411/1093 977/1410/1091 1341/1398/1416
f 1341/1398/1416 1340/1397/1415 979/1411/1093
f 964/1412/1078 979/1411/1093 1340/1397/1415
f 1340/1397/1415 1339/1396/1414 964/1412/1078
f 965/1413/1079 964/1412/1078 1339/1396/1414
f 1339/1396/1414 1320/1376/1409 965/1413/1079
f 966/1377/1080 965/1413/1079 1320/1376/1409
f 1337/1394/1362 1343/1400/1362 1338/1395/1362
f 1352/1414/1362 1338/1395/1362 1343/1400/1362
f 1343/1400/1362 1345/1402/1362 1352/1414/1362
f 1353/1415/1362 1352/1414/1362 1345/1402/1362
f 1345/1402/1362 1347/1404/1362 1353/1415/1362
f 1354/1416/1362 1353/1415/1362 1347/1404/1362
f 1347/1404/1362 1349/1406/1362 1354/1416/1362
f 1355/1417/1362 1354/1416/1362 1349/1406/1362
f 1349/1406/1362 1351/1408/1367 1355/1417/1362
f 1356/1418/1362 1355/1417/1362 1351/1408/1367
f 1351/1408/1367 1357/1419/1362 1356/1418/1362
f 1358/1420/1362 1356/1418/1362 1357/1419/1362
f 1357/1419/1362 1359/1421/1367 1358/1420/1362
f 1360/1422/1362 1358/1420/1362 1359/1421/1367
f 1359/1421/1367 1361/1423/1367 1360/1422/1362
f 1362/1424/1362 1360/1422/1362 1361/1423/1367
f 1361/1423/1367 1363/1425/1367 1362/1424/1362
f 1362/1424/1362 1363/1425/1367 1364/1426/1367
f 1350/1407/1421 1365/1427/1422 1351/1408/1367
f 1357/1419/1362 1351/1408/1367 1365/1427/1422
f 1365/1427/1422 1366/1428/1423 1357/1419/1362
f 1359/1421/1367 1357/1419/1362 1366/1428/1423
f 1366/1428/1423 1367/1429/1424 1359/1421/1367
f 1361/1423/1367 1359/1421/1367 1367/1429/1424
f 1367/1429/1424 1368/1430/1425 1361/1423/1367
f 1363/1425/1367 1361/1423/1367 1368/1430/1425
f 1368/1430/1425 1369/1431/1426 1363/1425/1367
f 1363/1425/1367 1369/1431/1426 1370/1432/1427
f 1371/1433/1428 1370/1432/1427 1369/1431/1426
f 1370/1432/1427 1371/1433/1428 1372/1434/1429
f 1372/1434/1429 1373/1435/1430 1370/1432/1427
f 1373/1435/1430 1372/1434/1429 1374/1436/1431
f 1374/1436/1431 1375/1437/1432 1373/1435/1430
f 1375/1437/1432 1374/1436/1431 1376/1438/1433
f 1376/1438/1433 1377/1439/1434 1375/1437/1432
f 1377/1439/1434 1376/1438/1433 1378/1440/1435
f 1369/1431/1426 1379/1441/1436 1371/1433/1428
f 1380/1442/1437 1379/1441/1436 1369/1431/1426
f 1369/1431/1426 1368/1430/1425 1380/1442/1437
f 1381/1443/1438 1380/1442/1437 1368/1430/1425
f 1368/1430/1425 1367/1429/1424 1381/1443/1438
f 1382/1444/1439 1381/1443/1438 1367/1429/1424
f 1367/1429/1424 1366/1428/1423 1382/1444/1439
f 1383/1445/1440 1382/1444/1439 1366/1428/1423
f 1366/1428/1423 1365/1427/1422 1383/1445/1440
f 1384/1446/1441 1383/1445/1440 1365/1427/1422
f 1365/1427/1422 1350/1407/1421 1384/1446/1441
f 1385/1447/1442 1384/1446/1441 1350/1407/1421
f 1350/1407/1421 1348/1405/1420 1385/1447/1442
f 1386/1448/1443 1385/1447/1442 1348/1405/1420
f 1348/1405/1420 1346/1403/1419 1386/1448/1443
f 984/1449/1098 1386/1448/1443 1346/1403/1419
f 1346/1403/1419 1344/1401/1418 984/1449/1098
f 976/1409/1090 984/1449/1098 1344/1401/1418
f 1378/1440/1435 1387/1450/1444 1377/1439/1434
f 1387/1450/1444 1378/1440/1435 1388/1451/1445
f 1388/1451/1445 1389/1452/1446 1387/1450/1444
f 1389/1452/1446 1388/1451/1445 1390/1453/1447
f 1390/1453/1447 1391/1454/1448 1389/1452/1446
f 1391/1454/1448 1390/1453/1447 1392/1455/1449
f 1392/1455/1449 1393/1456/1450 1391/1454/1448
f 1393/1456/1450 1392/1455/1449 1394/1457/1451
f 1394/1457/1451 1395/1458/1452 1393/1456/1450
f 1395/1458/1452 1394/1457/1451 1396/1459/1453
f 1396/1459/1453 1397/1460/1454 1395/1458/1452
f 1397/1460/1454 1396/1459/1453 1398/1461/1455
f 1398/1461/1455 1399/1462/1456 1397/1460/1454
f 1399/1462/1456 1398/1461/1455 1400/1463/1457
f 1400/1463/1457 1401/1464/1458 1399/1462/1456
f 1401/1464/1458 1400/1463/1457 1402/1465/1459
f 1402/1465/1459 1403/1466/1460 1401/1464/1458
f 1403/1466/1460 1402/1465/1459 1404/1467/1461
f 1370/1432/1427 1364/1426/1367 1363/1425/1367
f 1364/1426/1367 1370/1432/1427 1373/1435/1430
f 1373/1435/1430 1405/1468/1362 1364/1426/1367
f 1405/1468/1362 1373/1435/1430 1375/1437/1432
f 1375/1437/1432 1406/1469/1362 1405/1468/1362
f 1406/1469/1362 1375/1437/1432 1377/1439/1434
f 1377/1439/1434 1407/1470/1362 1406/1469/1362
f 1407/1470/1362 1377/1439/1434 1387/1450/1444
f 1387/1450/1444 1408/1471/1362 1407/1470/1362
f 1408/1471/1362 1387/1450/1444 1389/1452/1446
f 1389/1452/1446 1409/1472/1362 1408/1471/1362
f 1409/1472/1362 1389/1452/1446 1391/1454/1448
f 1391/1454/1448 1410/1473/1362 1409/1472/1362
f 1410/1473/1362 1391/1454/1448 1393/1456/1450
f 1393/1456/1450 1411/1474/1362 1410/1473/1362
f 1411/1474/1362 1393/1456/1450 1395/1458/1452
f 1395/1458/1452 1412/1475/1362 1411/1474/1362
f 1412/1475/1362 1395/1458/1452 1397/1460/1454
f 1364/1426/1367 1413/1476/1362 1362/1424/1362
f 1413/1476/1362 1364/1426/1367 1405/1468/1362
f 1405/1468/1362 1414/1477/1362 1413/1476/1362
f 1414/1477/1362 1405/1468/1362 1406/1469/1362
f 1406/1469/1362 1415/1478/1362 1414/1477/1362
f 1415/1478/1362 1406/1469/1362 1407/1470/1362
f 1407/1470/1362 1416/1479/1362 1415/1478/1362
f 1416/1479/1362 1407/1470/1362 1408/1471/1362
f 1408/1471/1362 1417/1480/1362 1416/1479/1362
f 1417/1480/1362 1408/1471/1362 1409/1472/1362
f 1409/1472/1362 1418/1481/1362 1417/1480/1362
f 1418/1481/1362 1409/1472/1362 1410/1473/1362
f 1410/1473/1362 1419/1482/1362 1418/1481/1362
f 1419/1482/1362 1410/1473/1362 1411/1474/1362
f 1411/1474/1362 1420/1483/1362 1419/1482/1362
f 1420/1483/1362 1411/1474/1362 1412/1475/1362
f 1412/1475/1362 1421/1484/1362 1420/1483/1362
f 1421/1484/1362 1412/1475/1362 1422/1485/1362
f 1397/1460/1454 1422/1485/1362 1412/1475/1362
f 1422/1485/1362 1397/1460/1454 1399/1462/1456
f 1399/1462/1456 1423/1486/1362 1422/1485/1362
f 1423/1486/1362 1399/1462/1456 1401/1464/1458
f 1401/1464/1458 1424/1487/1362 1423/1486/1362
f 1424/1487/1362 1401/1464/1458 1403/1466/1460
f 1403/1466/1460 1425/1488/1362 1424/1487/1362
f 1425/1488/1362 1403/1466/1460 1426/1489/1462
f 1426/1489/1462 1427/1490/1362 1425/1488/1362
f 1427/1490/1362 1426/1489/1462 1428/1491/1463
f 1428/1491/1463 1429/1492/1362 1427/1490/1362
f 1429/1492/1362 1428/1491/1463 1430/1493/1464
f 1430/1493/1464 1431/1494/1362 1429/1492/1362
f 1431/1494/1362 1430/1493/1464 1432/1495/1465
f 1432/1495/1465 1433/1496/1362 1431/1494/1362
f 1433/1496/1362 1432/1495/1465 1434/1497/1466
f 1434/1497/1466 1435/1498/1362 1433/1496/1362
f 1436/1499/1362 1435/1498/1362 1434/1497/1466
f 1422/1485/1362 1437/1500/1362 1421/1484/1362
f 1437/1500/1362 1422/1485/1362 1423/1486/1362
f 1423/1486/1362 1438/1501/1362 1437/1500/1362
f 1438/1501/1362 1423/1486/1362 1424/1487/1362
f 1424/1487/1362 1439/1502/1362 1438/1501/1362
f 1439/1502/1362 1424/1487/1362 1425/1488/1362
f 1425/1488/1362 1440/1503/1362 1439/1502/1362
f 1440/1503/1362 1425/1488/1362 1427/1490/1362
f 1427/1490/1362 1441/1504/1362 1440/1503/1362
f 1441/1504/1362 1427/1490/1362 1429/1492/1362
f 1429/1492/1362 1442/1505/1362 1441/1504/1362
f 1442/1505/1362 1429/1492/1362 1431/1494/1362
f 1431/1494/1362 1443/1506/1362 1442/1505/1362
f 1444/1507/1362 1443/1506/1362 1431/1494/1362
f 1431/1494/1362 1433/1496/1362 1444/1507/1362
f 1445/1508/1362 1444/1507/1362 1433/1496/1362
f 1433/1496/1362 1435/1498/1362 1445/1508/1362
f 1446/1509/1362 1445/1508/1362 1435/1498/1362
f 1435/1498/1362 1436/1499/1362 1446/1509/1362
f 1447/1510/1362 1446/1509/1362 1436/1499/1362
f 1436/1499/1362 1448/1511/1362 1447/1510/1362
f 1449/1512/1362 1447/1510/1362 1448/1511/1362
f 1448/1511/1362 1450/1513/1362 1449/1512/1362
f 1451/1514/1362 1449/1512/1362 1450/1513/1362
f 1450/1513/1362 1448/1511/1362 1452/1515/1467
f 1453/1516/1468 1452/1515/1467 1448/1511/1362
f 1448/1511/1362 1436/1499/1362 1453/1516/1468
f 1434/1497/1466 1453/1516/1468 1436/1499/1362
f 1404/1467/1461 1426/1489/1462 1403/1466/1460
f 1426/1489/1462 1404/1467/1461 1454/1517/1469
f 1454/1517/1469 1428/1491/1463 1426/1489/1462
f 1428/1491/1463 1454/1517/1469 1455/1518/1470
f 1455/1518/1470 1430/1493/1464 1428/1491/1463
f 1430/1493/1464 1455/1518/1470 1456/1519/1471
f 1456/1519/1471 1432/1495/1465 1430/1493/1464
f 1432/1495/1465 1456/1519/1471 1457/1520/1472
f 1457/1520/1472 1434/1497/1466 1432/1495/1465
f 1434/1497/1466 1457/1520/1472 1458/1521/1473
f 1458/1521/1473 1453/1516/1468 1434/1497/1466
f 1453/1516/1468 1458/1521/1473 1459/1522/1474
f 1459/1522/1474 1452/1515/1467 1453/1516/1468
f 1219/1275/1360 1452/1515/1467 1459/1522/1474
f 1452/1515/1467 1219/1275/1360 1450/1513/1362
f 1221/1277/1362 1450/1513/1362 1219/1275/1360
f 1450/1513/1362 1221/1277/1362 1451/1514/1362
f 1240/1296/1362 1451/1514/1362 1221/1277/1362
f 1459/1522/1474 1460/1523/1475 1219/1275/1360
f 1220/1276/1361 1219/1275/1360 1460/1523/1475
f 1460/1523/1475 1461/1524/1476 1220/1276/1361
f 1223/1279/1363 1220/1276/1361 1461/1524/1476
f 1461/1524/1476 1462/1525/1477 1223/1279/1363
f 1225/1281/1364 1223/1279/1363 1462/1525/1477
f 1462/1525/1477 1463/1526/1478 1225/1281/1364
f 1227/1283/1365 1225/1281/1364 1463/1526/1478
f 1463/1526/1478 1464/1527/1479 1227/1283/1365
f 1229/1285/1366 1227/1283/1365 1464/1527/1479
f 1464/1527/1479 1465/1528/1480 1229/1285/1366
f 1231/1287/1368 1229/1285/1366 1465/1528/1480
f 1465/1528/1480 1466/1529/1481 1231/1287/1368
f 1233/1289/1369 1231/1287/1368 1466/1529/1481
f 1466/1529/1481 1467/1530/1482 1233/1289/1369
f 1235/1291/1370 1233/1289/1369 1467/1530/1482
f 1467/1530/1482 1250/1306/1373 1235/1291/1370
f 1237/1293/1371 1235/1291/1370 1250/1306/1373
f 1269/1531/1390 1468/1532/1483 1469/1533/1484
f 1468/1532/1483 1269/1531/1390 1267/1534/1388
f 1267/1534/1388 1470/1535/1485 1468/1532/1483
f 1470/1535/1485 1267/1534/1388 1265/1536/1386
f 1265/1536/1386 1471/1537/1486 1470/1535/1485
f 1471/1537/1486 1265/1536/1386 1263/1538/1384
f 1263/1538/1384 1472/1539/1487 1471/1537/1486
f 1472/1539/1487 1263/1538/1384 1261/1540/1382
f 1261/1540/1382 1473/1541/1488 1472/1539/1487
f 1473/1541/1488 1261/1540/1382 1260/1542/1381
f 1260/1542/1381 1474/1543/1489 1473/1541/1488
f 1475/1544/1490 1474/1543/1489 1260/1542/1381
f 1260/1542/1381 1258/1545/1379 1475/1544/1490
f 1474/1543/1489 1475/1544/1490 603/1546/1491
f 604/1547/1492 603/1546/1491 1475/1544/1490
f 1475/1544/1490 1476/1548/1493 604/1547/1492
f 1476/1548/1493 1475/1544/1490 1258/1545/1379
f 1258/1545/1379 1253/1549/1376 1476/1548/1493
f 1477/1550/1494 617/1551/1495 615/1552/1496
f 617/1551/1495 1477/1550/1494 1478/1553/1497
f 1478/1553/1497 619/1554/1498 617/1551/1495
f 619/1554/1498 1478/1553/1497 1469/1533/1484
f 1469/1533/1484 621/1555/1499 619/1554/1498
f 621/1555/1499 1469/1533/1484 1468/1532/1483
f 1468/1532/1483 623/1556/1500 621/1555/1499
f 623/1556/1500 1468/1532/1483 1470/1535/1485
f 1470/1535/1485 625/1557/1501 623/1556/1500
f 625/1557/1501 1470/1535/1485 1471/1537/1486
f 1471/1537/1486 626/1558/1502 625/1557/1501
f 626/1558/1502 1471/1537/1486 1472/1539/1487
f 1472/1539/1487 600/1559/1503 626/1558/1502
f 600/1559/1503 1472/1539/1487 1473/1541/1488
f 1473/1541/1488 601/1560/1504 600/1559/1503
f 601/1560/1504 1473/1541/1488 1474/1543/1489
f 1474/1543/1489 602/1561/1505 601/1560/1504
f 603/1546/1491 602/1561/1505 1474/1543/1489
f 1322/1562/1411 1479/1563/1506 1480/1564/1507
f 1479/1563/1506 1322/1562/1411 1323/1565/1412
f 1323/1565/1412 1481/1566/1508 1479/1563/1506
f 1481/1566/1508 1323/1565/1412 1324/1567/1413
f 1324/1567/1413 1482/1568/1509 1481/1566/1508
f 1482/1568/1509 1324/1567/1413 1319/1569/1408
f 1319/1569/1408 1483/1570/1510 1482/1568/1509
f 1483/1570/1510 1319/1569/1408 1303/1571/1401
f 1303/1571/1401 1484/1572/1511 1483/1570/1510
f 1484/1572/1511 1303/1571/1401 1302/1573/1400
f 1302/1573/1400 1485/1574/1512 1484/1572/1511
f 1485/1574/1512 1302/1573/1400 1301/1575/1399
f 1301/1575/1399 1477/1550/1494 1485/1574/1512
f 1477/1550/1494 1301/1575/1399 1300/1576/1398
f 1300/1576/1398 1478/1553/1497 1477/1550/1494
f 1478/1553/1497 1300/1576/1398 1299/1577/1397
f 1299/1577/1397 1469/1533/1484 1478/1553/1497
f 1469/1533/1484 1299/1577/1397 1269/1531/1390
f 1480/1564/1507 1321/1578/1410 1322/1562/1411
f 966/1579/1080 1321/1578/1410 1480/1564/1507
f 1480/1564/1507 961/1580/1075 966/1579/1080
f 663/1581/1070 961/1580/1075 1480/1564/1507
f 1480/1564/1507 664/1582/1513 663/1581/1070
f 664/1582/1513 1480/1564/1507 1479/1563/1506
f 1479/1563/1506 665/1583/1514 664/1582/1513
f 665/1583/1514 1479/1563/1506 1481/1566/1508
f 1481/1566/1508 666/1584/1515 665/1583/1514
f 666/1584/1515 1481/1566/1508 1482/1568/1509
f 1482/1568/1509 667/1585/1516 666/1584/1515
f 667/1585/1516 1482/1568/1509 1483/1570/1510
f 1483/1570/1510 610/1586/1517 667/1585/1516
f 610/1586/1517 1483/1570/1510 1484/1572/1511
f 1484/1572/1511 613/1587/1518 610/1586/1517
f 613/1587/1518 1484/1572/1511 1485/1574/1512
f 1485/1574/1512 615/1552/1496 613/1587/1518
f 615/1552/1496 1485/1574/1512 1477/1550/1494
f 1486/1588/1519 1487/1589/1520 1488/1590/1521
f 1489/1591/1522 1488/1590/1521 1490/1592/1523
f 1488/1590/1521 1489/1591/1522 1486/1588/1519
f 1491/1593/1524 1486/1588/1519 1489/1591/1522
f 1492/1594/1525 1493/1595/1526 1494/1596/1527
f 1495/1597/1528 1494/1596/1527 1493/1595/1526
f 1493/1595/1526 1491/1593/1524 1495/1597/1528
f 1489/1591/1522 1495/1597/1528 1491/1593/1524
f 1495/1597/1528 1489/1591/1522 1496/1598/1529
f 1490/1592/1523 1496/1598/1529 1489/1591/1522
f 1497/1599/1530 1496/1598/1529 1490/1592/1523
f 1490/1592/1523 1498/1600/1531 1497/1599/1530
f 1497/1599/1530 1498/1600/1531 1068/1083/1182
f 1068/1083/1182 1499/1601/1532 1497/1599/1530
f 1070/1085/1184 1499/1601/1532 1068/1083/1182
f 1499/1601/1532 1070/1085/1184 1500/1602/1533
f 1072/1087/1186 1500/1602/1533 1070/1085/1184
f 1500/1602/1533 1072/1087/1186 1501/1603/1534
f 1074/1089/1188 1501/1603/1534 1072/1087/1186
f 1501/1603/1534 1074/1089/1188 1502/1604/1535
f 1076/1091/1190 1502/1604/1535 1074/1089/1188
f 1496/1598/1529 1497/1599/1530 1499/1601/1532
f 1499/1601/1532 1503/1605/1536 1496/1598/1529
f 1500/1602/1533 1503/1605/1536 1499/1601/1532
f 1503/1605/1536 1500/1602/1533 1494/1596/1527
f 1501/1603/1534 1494/1596/1527 1500/1602/1533
f 1494/1596/1527 1501/1603/1534 1492/1594/1525
f 1502/1604/1535 1492/1594/1525 1501/1603/1534
f 1496/1598/1529 1503/1605/1536 1495/1597/1528
f 1494/1596/1527 1495/1597/1528 1503/1605/1536
f 1504/1606/1537 1505/1607/1538 1506/1608/1539
f 1507/1609/1540 1506/1608/1539 1508/1610/1541
f 1506/1608/1539 1507/1609/1540 1504/1606/1537
f 1509/1611/1542 1504/1606/1537 1507/1609/1540
f 1510/1612/1543 1504/1606/1544 1509/1611/1545
f 1505/1607/1546 1504/1606/1544 1510/1612/1543
f 1510/1612/1543 1511/1613/1547 1505/1607/1546
f 1512/1614/1548 1513/1615/1549 1514/1616/1550
f 1513/1615/1549 1512/1614/1548 1515/1617/1551
f 1516/1618/1552 1515/1617/1551 1512/1614/1548
f 1515/1617/1551 1516/1618/1552 1517/1619/1553
f 1517/1619/1553 1518/1620/1554 1515/1617/1551
f 1518/1620/1554 1517/1619/1553 1519/1621/1555
f 1519/1621/1555 1520/1622/1556 1518/1620/1554
f 1520/1622/1556 1519/1621/1555 1521/1623/1557
f 1521/1623/1557 1522/1624/1558 1520/1622/1556
f 1522/1624/1558 1521/1623/1557 1523/1625/1559
f 1523/1625/1559 1524/1626/1560 1522/1624/1558
f 1524/1626/1560 1523/1625/1559 1509/1611/1561
f 1509/1611/1561 1525/1627/1562 1524/1626/1560
f 1507/1609/1540 1525/1627/1563 1509/1611/1542
f 1525/1627/1563 1507/1609/1540 1526/1628/1564
f 1508/1610/1541 1526/1628/1564 1507/1609/1540
f 1527/1629/1565 1526/1628/1566 1508/1610/1567
f 1508/1610/1567 1528/1630/1568 1527/1629/1565
f 1524/1626/1560 1529/1631/1569 1530/1632/1570
f 1530/1632/1570 1522/1624/1558 1524/1626/1560
f 1522/1624/1558 1530/1632/1570 1531/1633/1571
f 1531/1633/1571 1520/1622/1556 1522/1624/1558
f 1520/1622/1556 1531/1633/1571 1532/1634/1572
f 1532/1634/1572 1518/1620/1554 1520/1622/1556
f 1518/1620/1554 1532/1634/1572 1533/1635/1573
f 1533/1635/1573 1515/1617/1551 1518/1620/1554
f 1515/1617/1551 1533/1635/1573 1513/1615/1549
f 1514/1616/1574 1534/1636/1575 1535/1637/1576
f 1534/1636/1575 1514/1616/1574 1513/1615/1577
f 1513/1615/1577 1536/1638/1578 1534/1636/1575
f 1536/1638/1578 1513/1615/1577 1533/1635/1579
f 1533/1635/1579 1537/1639/1580 1536/1638/1578
f 1537/1639/1580 1533/1635/1579 1532/1634/1581
f 1532/1634/1581 1538/1640/1582 1537/1639/1580
f 1538/1640/1582 1532/1634/1581 1531/1633/1583
f 1531/1633/1583 1539/1641/1584 1538/1640/1582
f 1540/1642/1585 1539/1641/1584 1531/1633/1583
f 1531/1633/1583 1530/1632/1586 1540/1642/1585
f 1527/1629/1565 1540/1642/1585 1530/1632/1586
f 1530/1632/1586 1529/1631/1587 1527/1629/1565
f 1526/1628/1566 1527/1629/1565 1529/1631/1587
f 1529/1631/1587 1541/1643/1588 1526/1628/1566
f 1526/1628/1564 1541/1643/1589 1525/1627/1563
f 1525/1627/1562 1541/1643/1590 1529/1631/1569
f 1529/1631/1569 1524/1626/1560 1525/1627/1562
f 1540/1642/1585 1527/1629/1565 1528/1630/1568
f 1528/1630/1568 1542/1644/1591 1540/1642/1585
f 1539/1641/1584 1540/1642/1585 1542/1644/1591
f 1542/1644/1591 1543/1645/1592 1539/1641/1584
f 1539/1641/1584 1543/1645/1592 1544/1646/1593
f 1544/1646/1593 1538/1640/1582 1539/1641/1584
f 1538/1640/1582 1544/1646/1593 1545/1647/1594
f 1545/1647/1594 1537/1639/1580 1538/1640/1582
f 1537/1639/1580 1545/1647/1594 1546/1648/1595
f 1546/1648/1595 1536/1638/1578 1537/1639/1580
f 1536/1638/1578 1546/1648/1595 1547/1649/1596
f 1547/1649/1596 1534/1636/1575 1536/1638/1578
f 1534/1636/1575 1547/1649/1596 1548/1650/1597
f 1548/1650/1597 1535/1637/1576 1534/1636/1575
f 1535/1637/1576 1548/1650/1597 1549/1651/1598
f 1549/1651/1598 1550/1652/1599 1535/1637/1576
f 1535/1637/1576 1550/1652/1599 1551/1653/1600
f 1549/1651/1598 1552/1654/1601 1553/1655/1602
f 1553/1655/1602 1550/1652/1599 1549/1651/1598
f 1550/1652/1599 1553/1655/1602 1554/1656/1603
f 1554/1656/1603 1551/1653/1600 1550/1652/1599
f 1555/1657/1604 1551/1653/1600 1554/1656/1603
f 1551/1653/1600 1555/1657/1604 1535/1637/1576
f 1556/1658/1605 1535/1637/1576 1555/1657/1604
f 1535/1637/1576 1556/1658/1605 1514/1616/1574
f 1557/1659/1606 1514/1616/1550 1556/1658/1607
f 1514/1616/1550 1557/1659/1606 1512/1614/1548
f 1558/1660/1608 1512/1614/1548 1557/1659/1606
f 1512/1614/1548 1558/1660/1608 1516/1618/1552
f 1559/1661/1609 1516/1618/1610 1558/1660/1611
f 1516/1618/1610 1559/1661/1609 1560/1662/1612
f 1561/1663/1613 1560/1662/1612 1559/1661/1609
f 1560/1662/1612 1561/1663/1613 1562/1664/1614
f 1563/1665/1615 1562/1664/1614 1561/1663/1613
f 1562/1664/1614 1563/1665/1615 1564/1666/1616
f 1565/1667/1617 1566/1668/1618 1567/1669/1619
f 1566/1668/1618 1565/1667/1617 1568/1670/1620
f 1569/1671/1621 1568/1670/1620 1565/1667/1617
f 1568/1670/1620 1569/1671/1621 1570/1672/1622
f 1563/1665/1615 1570/1672/1622 1569/1671/1621
f 1570/1672/1622 1563/1665/1615 1571/1673/1623
f 1561/1663/1613 1571/1673/1623 1563/1665/1615
f 1571/1673/1623 1561/1663/1613 1572/1674/1624
f 1559/1661/1609 1572/1674/1624 1561/1663/1613
f 1572/1674/1624 1559/1661/1609 1573/1675/1625
f 1558/1660/1611 1573/1675/1625 1559/1661/1609
f 1573/1675/1625 1558/1660/1611 1574/1676/1626
f 1557/1659/1606 1574/1676/1627 1558/1660/1608
f 1574/1676/1627 1557/1659/1606 1575/1677/1628
f 1556/1658/1607 1575/1677/1628 1557/1659/1606
f 1575/1677/1628 1556/1658/1607 1576/1678/1629
f 1555/1657/1604 1576/1678/1630 1556/1658/1605
f 1576/1678/1630 1555/1657/1604 1577/1679/1631
f 1554/1656/1603 1577/1679/1631 1555/1657/1604
f 1577/1679/1631 1578/1680/1632 1576/1678/1630
f 1579/1681/1633 1576/1678/1629 1578/1680/1634
f 1576/1678/1629 1579/1681/1633 1575/1677/1628
f 1580/1682/1635 1575/1677/1628 1579/1681/1633
f 1575/1677/1628 1580/1682/1635 1574/1676/1627
f 1581/1683/1636 1574/1676/1626 1580/1682/1637
f 1574/1676/1626 1581/1683/1636 1573/1675/1625
f 1582/1684/1638 1573/1675/1625 1581/1683/1636
f 1573/1675/1625 1582/1684/1638 1572/1674/1624
f 1583/1685/1639 1572/1674/1624 1582/1684/1638
f 1572/1674/1624 1583/1685/1639 1571/1673/1623
f 1584/1686/1640 1571/1673/1623 1583/1685/1639
f 1571/1673/1623 1584/1686/1640 1570/1672/1622
f 1585/1687/1641 1570/1672/1622 1584/1686/1640
f 1570/1672/1622 1585/1687/1641 1568/1670/1620
f 1586/1688/1642 1568/1670/1620 1585/1687/1641
f 1568/1670/1620 1586/1688/1642 1566/1668/1618
f 1578/1680/1634 1587/1689/1643 1579/1681/1633
f 1588/1690/1644 1579/1681/1633 1587/1689/1643
f 1579/1681/1633 1588/1690/1644 1580/1682/1635
f 1589/1691/1645 1580/1682/1637 1588/1690/1646
f 1580/1682/1637 1589/1691/1645 1581/1683/1636
f 1590/1692/1647 1581/1683/1636 1589/1691/1645
f 1581/1683/1636 1590/1692/1647 1582/1684/1638
f 1591/1693/1648 1582/1684/1638 1590/1692/1647
f 1582/1684/1638 1591/1693/1648 1583/1685/1639
f 1592/1694/1649 1583/1685/1639 1591/1693/1648
f 1583/1685/1639 1592/1694/1649 1584/1686/1640
f 1593/1695/1650 1584/1686/1640 1592/1694/1649
f 1584/1686/1640 1593/1695/1650 1585/1687/1641
f 1594/1696/1651 1585/1687/1641 1593/1695/1650
f 1585/1687/1641 1594/1696/1651 1586/1688/1642
f 1589/1691/1645 1595/1697/1652 1590/1692/1647
f 1591/1693/1648 1596/1698/1653 1592/1694/1649
f 1592/1694/1649 1597/1699/1654 1593/1695/1650
f 1597/1699/1654 1592/1694/1649 1596/1698/1653
f 1596/1698/1653 1598/1700/1655 1597/1699/1654
f 1599/1701/1656 1597/1699/1654 1598/1700/1655
f 1597/1699/1654 1599/1701/1656 1600/1702/1657
f 1600/1702/1657 1593/1695/1650 1597/1699/1654
f 1593/1695/1650 1600/1702/1657 1594/1696/1651
f 1588/1690/1646 1601/1703/1658 1589/1691/1645
f 1595/1697/1652 1589/1691/1645 1601/1703/1658
f 1601/1703/1658 1602/1704/1659 1595/1697/1652
f 1587/1689/1643 1603/1705/1660 1588/1690/1644
f 1601/1703/1658 1588/1690/1646 1603/1705/1661
f 1603/1705/1661 1604/1706/1662 1601/1703/1658
f 1602/1704/1659 1601/1703/1658 1604/1706/1662
f 1604/1706/1662 1605/1707/1663 1602/1704/1659
f 1606/1708/1664 1602/1704/1659 1605/1707/1663
f 1595/1697/1652 1602/1704/1659 1606/1708/1664
f 1606/1708/1664 1607/1709/1665 1595/1697/1652
f 1590/1692/1647 1595/1697/1652 1607/1709/1665
f 1607/1709/1665 1608/1710/1666 1590/1692/1647
f 1590/1692/1647 1608/1710/1666 1591/1693/1648
f 1591/1693/1648 1608/1710/1666 1609/1711/1667
f 1609/1711/1667 1596/1698/1653 1591/1693/1648
f 1596/1698/1653 1609/1711/1667 1610/1712/1668
f 1610/1712/1668 1598/1700/1655 1596/1698/1653
f 1598/1700/1655 1610/1712/1668 1611/1713/1669
f 1611/1713/1669 1612/1714/1670 1598/1700/1655
f 1598/1700/1655 1612/1714/1670 1599/1701/1656
f 1605/1707/1663 1613/1715/1671 1606/1708/1664
f 1614/1716/1672 1606/1708/1664 1613/1715/1671
f 1607/1709/1665 1606/1708/1664 1614/1716/1672
f 1614/1716/1672 1615/1717/1673 1607/1709/1665
f 1608/1710/1666 1607/1709/1665 1615/1717/1673
f 1615/1717/1673 1609/1711/1667 1608/1710/1666
f 1609/1711/1667 1615/1717/1673 1616/1718/1674
f 1616/1718/1674 1610/1712/1668 1609/1711/1667
f 1610/1712/1668 1616/1718/1674 1617/1719/1675
f 1617/1719/1675 1611/1713/1669 1610/1712/1668
f 1613/1715/1671 1618/1720/1676 1614/1716/1672
f 1619/1721/1677 1614/1716/1672 1618/1720/1676
f 1615/1717/1673 1614/1716/1672 1619/1721/1677
f 1619/1721/1677 1616/1718/1674 1615/1717/1673
f 1616/1718/1674 1619/1721/1677 1620/1722/1678
f 1620/1722/1678 1617/1719/1675 1616/1718/1674
f 1618/1720/1676 1621/1723/1679 1619/1721/1677
f 1620/1722/1678 1619/1721/1677 1621/1723/1679
f 1621/1723/1679 1622/1724/1680 1620/1722/1678
f 1623/1725/1681 1624/1726/1682 1625/1727/1683
f 1624/1726/1682 1623/1725/1681 1626/1728/1684
f 1626/1728/1684 1627/1729/1685 1624/1726/1682
f 1627/1729/1685 1626/1728/1684 1628/1730/1686
f 1628/1730/1686 1629/1731/1687 1627/1729/1685
f 1629/1731/1687 1628/1730/1686 1630/1732/1688
f 1630/1732/1688 1631/1733/1689 1629/1731/1687
f 1630/1732/1688 572/1734/647 574/1735/649
f 574/1735/649 1187/1736/1320 1630/1732/1688
f 1631/1733/1689 1630/1732/1688 1187/1736/1320
f 1187/1736/1320 579/1737/1319 1631/1733/1689
f 1632/1738/1690 1633/1739/1691 1634/1740/1692
f 1634/1740/1692 1635/1741/1693 1632/1738/1690
f 1636/1742/1694 1632/1738/1690 1635/1741/1693
f 1635/1741/1693 1637/1743/1695 1636/1742/1694
f 1638/1744/1696 1636/1742/1694 1637/1743/1695
f 1637/1743/1695 1639/1745/1697 1638/1744/1696
f 1640/1746/1698 1638/1744/1696 1639/1745/1697
f 1639/1745/1697 1641/1747/1699 1640/1746/1698
f 1625/1727/1683 1640/1746/1698 1641/1747/1699
f 1641/1747/1699 1642/1748/1700 1625/1727/1683
f 1625/1727/1683 1642/1748/1700 1623/1725/1681
f 1643/1749/1701 1623/1725/1681 1642/1748/1700
f 1623/1725/1681 1643/1749/1701 1644/1750/1702
f 1644/1750/1702 1626/1728/1684 1623/1725/1681
f 1626/1728/1684 1644/1750/1702 571/1751/646
f 571/1751/646 1628/1730/1686 1626/1728/1684
f 1628/1730/1686 571/1751/646 572/1734/647
f 572/1734/647 1630/1732/1688 1628/1730/1686
f 1645/1752/1703 1646/1753/1704 1639/1745/1697
f 1641/1747/1699 1639/1745/1697 1646/1753/1704
f 1646/1753/1704 1647/1754/1705 1641/1747/1699
f 1642/1748/1700 1641/1747/1699 1647/1754/1705
f 1647/1754/1705 1648/1755/1706 1642/1748/1700
f 1642/1748/1700 1648/1755/1706 1643/1749/1701
f 1649/1756/1707 1650/1757/1708 1651/1758/1709
f 1652/1759/1710 1650/1757/1708 1649/1756/1707
f 1649/1756/1707 1653/1760/1711 1652/1759/1710
f 1654/1761/1712 1652/1759/1710 1653/1760/1711
f 1653/1760/1711 1655/1762/1713 1654/1761/1712
f 1656/1763/1714 1654/1761/1712 1655/1762/1713
f 1655/1762/1713 1657/1764/1715 1656/1763/1714
f 1658/1765/1716 1656/1763/1714 1657/1764/1715
f 1657/1764/1715 1659/1766/1717 1658/1765/1716
f 1660/1767/1718 1658/1765/1716 1659/1766/1717
f 1659/1766/1717 1661/1768/1719 1660/1767/1718
f 1634/1740/1692 1660/1767/1718 1661/1768/1719
f 1661/1768/1719 1662/1769/1720 1634/1740/1692
f 1635/1741/1693 1634/1740/1692 1662/1769/1720
f 1662/1769/1720 1663/1770/1721 1635/1741/1693
f 1637/1743/1695 1635/1741/1693 1663/1770/1721
f 1663/1770/1721 1645/1752/1703 1637/1743/1695
f 1639/1745/1697 1637/1743/1695 1645/1752/1703
f 1649/1756/1707 1664/1771/1722 1665/1772/1723
f 1651/1758/1709 1664/1771/1722 1649/1756/1707
f 729/1773/1724 1664/1771/1722 1651/1758/1709
f 1651/1758/1709 1666/1774/1725 729/1773/1724
f 1666/1774/1725 1651/1758/1709 1650/1757/1708
f 1650/1757/1708 1667/1775/1726 1666/1774/1725
f 1667/1775/1726 1650/1757/1708 1652/1759/1710
f 1652/1759/1710 1668/1776/1727 1667/1775/1726
f 1669/1777/1728 1668/1776/1727 1652/1759/1710
f 1652/1759/1710 1654/1761/1712 1669/1777/1728
f 1670/1778/1729 1669/1777/1728 1654/1761/1712
f 1654/1761/1712 1656/1763/1714 1670/1778/1729
f 1671/1779/1730 1670/1778/1729 1656/1763/1714
f 1656/1763/1714 1658/1765/1716 1671/1779/1730
f 1672/1780/1731 1671/1779/1730 1658/1765/1716
f 1658/1765/1716 1660/1767/1718 1672/1780/1731
f 1633/1739/1691 1672/1780/1731 1660/1767/1718
f 1660/1767/1718 1634/1740/1692 1633/1739/1691
f 1665/1772/1723 1664/1771/1722 729/1773/1724
f 1673/1781/1732 1674/1782/1733 1675/1783/1734
f 1675/1783/1734 1676/1784/1735 1673/1781/1732
f 1677/1785/1736 1673/1781/1732 1676/1784/1735
f 1676/1784/1735 1678/1786/1737 1677/1785/1736
f 1679/1787/1738 1677/1785/1736 1678/1786/1737
f 1678/1786/1737 1680/1788/1739 1679/1787/1738
f 1681/1789/1740 1679/1787/1738 1680/1788/1739
f 1680/1788/1739 1682/1790/1741 1681/1789/1740
f 1683/1791/1742 1681/1789/1740 1682/1790/1741
f 1682/1790/1741 1684/1792/1743 1683/1791/1742
f 742/1793/1744 1683/1791/1742 1684/1792/1743
f 1684/1792/1743 744/1794/1745 742/1793/1744
f 744/1794/1745 1684/1792/1743 1685/1795/1746
f 1685/1795/1746 729/1773/1724 744/1794/1745
f 1686/1796/1747 729/1773/1724 1685/1795/1746
f 729/1773/1724 1686/1796/1747 1665/1772/1723
f 1687/1797/1748 1665/1772/1723 1686/1796/1747
f 1665/1772/1723 1687/1797/1748 1649/1756/1707
f 1688/1798/1749 1683/1791/1742 742/1793/1744
f 1681/1789/1740 1683/1791/1742 1688/1798/1749
f 1688/1798/1749 1689/1799/1750 1681/1789/1740
f 1690/1800/1751 1689/1799/1750 1688/1798/1749
f 1691/1801/1752 1692/1802/1753 1693/1803/1754
f 1694/1804/1755 1693/1803/1754 1692/1802/1753
f 1692/1802/1753 1695/1805/1756 1694/1804/1755
f 1675/1783/1734 1694/1804/1755 1695/1805/1756
f 1695/1805/1756 1696/1806/1757 1675/1783/1734
f 1676/1784/1735 1675/1783/1734 1696/1806/1757
f 1696/1806/1757 1697/1807/1758 1676/1784/1735
f 1678/1786/1737 1676/1784/1735 1697/1807/1758
f 1697/1807/1758 1698/1808/1759 1678/1786/1737
f 1680/1788/1739 1678/1786/1737 1698/1808/1759
f 1698/1808/1759 1699/1809/1760 1680/1788/1739
f 1682/1790/1741 1680/1788/1739 1699/1809/1760
f 1699/1809/1760 1700/1810/1761 1682/1790/1741
f 1684/1792/1743 1682/1790/1741 1700/1810/1761
f 1700/1810/1761 1685/1795/1746 1684/1792/1743
f 1701/1811/1762 1702/1812/1763 1703/1813/1764
f 1691/1801/1752 1702/1812/1763 1701/1811/1762
f 1701/1811/1762 1704/1814/1765 1691/1801/1752
f 1692/1802/1753 1691/1801/1752 1704/1814/1765
f 1704/1814/1765 1705/1815/1766 1692/1802/1753
f 1695/1805/1756 1692/1802/1753 1705/1815/1766
f 1705/1815/1766 1706/1816/1767 1695/1805/1756
f 1696/1806/1757 1695/1805/1756 1706/1816/1767
f 1706/1816/1767 1707/1817/1768 1696/1806/1757
f 1697/1807/1758 1696/1806/1757 1707/1817/1768
f 1707/1817/1768 1708/1818/1769 1697/1807/1758
f 1698/1808/1759 1697/1807/1758 1708/1818/1769
f 1708/1818/1769 1709/1819/1770 1698/1808/1759
f 1699/1809/1760 1698/1808/1759 1709/1819/1770
f 1709/1819/1770 1710/1820/1771 1699/1809/1760
f 1700/1810/1761 1699/1809/1760 1710/1820/1771
f 1710/1820/1771 1711/1821/1772 1700/1810/1761
f 1685/1795/1746 1700/1810/1761 1711/1821/1772
f 1711/1821/1772 1712/1822/1773 1685/1795/1746
f 1685/1795/1746 1712/1822/1773 1686/1796/1747
f 1686/1796/1747 1713/1823/1774 1687/1797/1748
f 1714/1824/1775 1713/1823/1774 1686/1796/1747
f 1686/1796/1747 1712/1822/1773 1714/1824/1775
f 1715/1825/1776 1714/1824/1775 1712/1822/1773
f 1712/1822/1773 1711/1821/1772 1715/1825/1776
f 1716/1826/1777 1715/1825/1776 1711/1821/1772
f 1711/1821/1772 1710/1820/1771 1716/1826/1777
f 1717/1827/1778 1716/1826/1777 1710/1820/1771
f 1710/1820/1771 1709/1819/1770 1717/1827/1778
f 1718/1828/1779 1717/1827/1778 1709/1819/1770
f 1709/1819/1770 1708/1818/1769 1718/1828/1779
f 1719/1829/1780 1718/1828/1779 1708/1818/1769
f 1708/1818/1769 1707/1817/1768 1719/1829/1780
f 1720/1830/1781 1719/1829/1780 1707/1817/1768
f 1707/1817/1768 1706/1816/1767 1720/1830/1781
f 1721/1831/1782 1720/1830/1781 1706/1816/1767
f 1706/1816/1767 1705/1815/1766 1721/1831/1782
f 1722/1832/1783 1721/1831/1782 1705/1815/1766
f 1705/1815/1766 1704/1814/1765 1722/1832/1783
f 1723/1833/1784 1722/1832/1783 1704/1814/1765
f 1704/1814/1765 1701/1811/1762 1723/1833/1784
f 1723/1833/1784 1701/1811/1762 1724/1834/1785
f 1703/1813/1764 1724/1834/1785 1701/1811/1762
f 1725/1835/1786 1724/1834/1785 1703/1813/1764
f 1703/1813/1764 1726/1836/1787 1725/1835/1786
f 1727/1837/1788 1725/1835/1786 1726/1836/1787
f 1726/1836/1787 1728/1838/1789 1727/1837/1788
f 1729/1839/1790 1727/1837/1788 1728/1838/1789
f 1728/1838/1789 1730/1840/1791 1729/1839/1790
f 1725/1835/1786 1727/1837/1788 1729/1839/1790
f 1729/1839/1790 1723/1833/1784 1725/1835/1786
f 1724/1834/1785 1725/1835/1786 1723/1833/1784
f 1731/1841/1792 1730/1840/1791 1732/1842/1793
f 1733/1843/1794 1732/1842/1793 1730/1840/1791
f 1730/1840/1791 1728/1838/1789 1733/1843/1794
f 1734/1844/1795 1733/1843/1794 1728/1838/1789
f 1728/1838/1789 1726/1836/1787 1734/1844/1795
f 1734/1844/1795 1726/1836/1787 1735/1845/1796
f 1735/1845/1796 1726/1836/1787 1703/1813/1764
f 1703/1813/1764 1736/1846/1797 1735/1845/1796
f 1736/1846/1797 1703/1813/1764 1702/1812/1763
f 1702/1812/1763 1737/1847/1798 1736/1846/1797
f 1737/1847/1798 1702/1812/1763 1691/1801/1752
f 1691/1801/1752 1738/1848/1799 1737/1847/1798
f 1693/1803/1754 1738/1848/1799 1691/1801/1752
f 1738/1848/1799 1693/1803/1754 1739/1849/1800
f 1740/1850/1801 1739/1849/1800 1693/1803/1754
f 1693/1803/1754 1694/1804/1755 1740/1850/1801
f 1674/1782/1733 1740/1850/1801 1694/1804/1755
f 1694/1804/1755 1675/1783/1734 1674/1782/1733
f 1741/1851/1802 1735/1845/1796 1736/1846/1797
f 1736/1846/1797 1742/1852/1803 1741/1851/1802
f 1742/1852/1803 1736/1846/1797 1737/1847/1798
f 1737/1847/1798 1743/1853/1804 1742/1852/1803
f 1743/1853/1804 1737/1847/1798 1738/1848/1799
f 1738/1848/1799 1744/1854/1805 1743/1853/1804
f 1739/1849/1800 1744/1854/1805 1738/1848/1799
f 1735/1845/1796 1745/1855/1806 1734/1844/1795
f 1745/1855/1806 1735/1845/1796 1741/1851/1802
f 1741/1851/1802 1746/1856/1807 1745/1855/1806
f 1747/1857/1808 1748/1858/1809 1732/1842/1793
f 1732/1842/1793 1733/1843/1794 1747/1857/1808
f 1747/1857/1808 1733/1843/1794 1734/1844/1795
f 1734/1844/1795 1749/1859/1810 1747/1857/1808
f 1749/1859/1810 1734/1844/1795 1745/1855/1806
f 1745/1855/1806 1750/1860/1811 1749/1859/1810
f 1750/1860/1811 1745/1855/1806 1746/1856/1807
f 1746/1856/1807 1751/1861/1812 1750/1860/1811
f 1752/1862/1813 1490/1863/1523 1488/1864/1521
f 1488/1864/1521 1753/1865/1814 1752/1862/1813
f 1753/1865/1814 1488/1864/1521 1487/1866/1520
f 1487/1866/1520 1754/1867/1815 1753/1865/1814
f 1755/1868/1816 1753/1865/1814 1754/1867/1815
f 1754/1867/1815 1756/1869/1817 1755/1868/1816
f 1757/1870/1818 1755/1868/1816 1756/1869/1817
f 1756/1869/1817 1758/1871/1819 1757/1870/1818
f 1759/1872/1820 1757/1870/1818 1758/1871/1819
f 1758/1871/1819 1760/1873/1821 1759/1872/1820
f 1761/1874/1822 1760/1873/1821 1758/1871/1819
f 1758/1871/1819 1762/1875/1823 1761/1874/1822
f 1763/1876/1824 1761/1874/1822 1762/1875/1823
f 1763/1876/1824 1762/1875/1823 1764/1877/1825
f 1764/1877/1825 1748/1858/1809 1763/1876/1824
f 1748/1858/1809 1764/1877/1825 1765/1878/1826
f 1765/1878/1826 1732/1842/1793 1748/1858/1809
f 1732/1842/1793 1765/1878/1826 1731/1841/1792
f 1731/1841/1792 1765/1878/1826 1764/1877/1825
f 1764/1877/1825 1756/1869/1817 1731/1841/1792
f 1756/1869/1817 1764/1877/1825 1762/1875/1823
f 1762/1875/1823 1758/1871/1819 1756/1869/1817
f 1766/1879/1827 1752/1862/1813 1753/1865/1814
f 1753/1865/1814 1755/1868/1816 1766/1879/1827
f 1767/1880/1828 1766/1879/1827 1755/1868/1816
f 1755/1868/1816 1757/1870/1818 1767/1880/1828
f 1759/1872/1820 1767/1880/1828 1757/1870/1818
f 1768/1881/1829 1769/1882/1830 1770/1883/1831
f 1769/1882/1830 1768/1881/1829 1771/1884/1832
f 1771/1884/1832 1772/1885/1833 1769/1882/1830
f 1772/1885/1833 1771/1884/1832 1773/1886/1834
f 1773/1886/1834 1774/1887/1835 1772/1885/1833
f 1774/1887/1835 1773/1886/1834 1775/1888/1836
f 1775/1888/1836 1776/1889/1837 1774/1887/1835
f 1776/1889/1837 1775/1888/1836 1777/1890/1838
f 1777/1890/1838 1778/1891/1839 1776/1889/1837
f 1778/1891/1839 1777/1890/1838 1779/1892/1840
f 1779/1892/1840 1780/1893/1841 1778/1891/1839
f 1780/1893/1841 1779/1892/1840 1781/1894/1842
f 1781/1894/1842 1782/1895/1843 1780/1893/1841
f 1162/1896/1844 1161/1897/1845 1783/1898/1846
f 1783/1898/1846 1784/1899/1847 1162/1896/1844
f 1784/1899/1847 1783/1898/1846 1785/1900/1848
f 1785/1900/1848 1786/1901/1849 1784/1899/1847
f 1786/1901/1849 1785/1900/1848 1787/1902/1850
f 1787/1902/1850 1788/1903/1851 1786/1901/1849
f 1789/1904/1852 1788/1903/1851 1787/1902/1850
f 1788/1903/1851 1789/1904/1852 1770/1883/1831
f 1790/1905/1853 1770/1883/1831 1789/1904/1852
f 1770/1883/1831 1790/1905/1853 1768/1881/1829
f 198/1906/1854 1768/1881/1829 1790/1905/1853
f 1768/1881/1829 198/1906/1854 196/1907/1855
f 196/1907/1855 1771/1884/1832 1768/1881/1829
f 1771/1884/1832 196/1907/1855 194/1908/1856
f 194/1908/1856 1773/1886/1834 1771/1884/1832
f 1773/1886/1834 194/1908/1856 188/1909/1857
f 188/1909/1857 1775/1888/1836 1773/1886/1834
f 1775/1888/1836 188/1909/1857 179/1910/1858
f 960/1911/1859 1162/1896/1844 1784/1899/1847
f 922/1912/1860 1791/1913/1861 1792/1914/1862
f 1791/1913/1861 922/1912/1860 921/1915/1863
f 921/1915/1863 1793/1916/1864 1791/1913/1861
f 1793/1916/1864 921/1915/1863 935/1917/1865
f 935/1917/1865 1794/1918/1866 1793/1916/1864
f 1794/1918/1866 935/1917/1865 960/1911/1859
f 960/1911/1859 1795/1919/1867 1794/1918/1866
f 1784/1899/1847 1795/1919/1867 960/1911/1859
f 1795/1919/1867 1784/1899/1847 1786/1901/1849
f 1786/1901/1849 1796/1920/1868 1795/1919/1867
f 1796/1920/1868 1786/1901/1849 1788/1903/1851
f 1788/1903/1851 1797/1921/1869 1796/1920/1868
f 1770/1883/1831 1797/1921/1869 1788/1903/1851
f 1798/1922/1870 1797/1921/1869 1770/1883/1831
f 1770/1883/1831 1769/1882/1830 1798/1922/1870
f 1799/1923/1871 1798/1922/1870 1769/1882/1830
f 1769/1882/1830 1772/1885/1833 1799/1923/1871
f 1800/1924/1872 1799/1923/1871 1772/1885/1833
f 1801/1925/1873 1794/1918/1866 1795/1919/1867
f 1795/1919/1867 1796/1920/1868 1801/1925/1873
f 1801/1925/1873 1796/1920/1868 1797/1921/1869
f 1797/1921/1869 1798/1922/1870 1801/1925/1873
f 1802/1926/1874 1801/1925/1873 1798/1922/1870
f 1798/1922/1870 1799/1923/1871 1802/1926/1874
f 1803/1927/1875 1802/1926/1874 1799/1923/1871
f 1799/1923/1871 1800/1924/1872 1803/1927/1875
f 1804/1928/1876 1803/1927/1875 1800/1924/1872
f 1800/1924/1872 1805/1929/1877 1804/1928/1876
f 1806/1930/1878 1804/1928/1876 1805/1929/1877
f 1805/1929/1877 1807/1931/1879 1806/1930/1878
f 1808/1932/1880 1806/1930/1878 1807/1931/1879
f 1807/1931/1879 1809/1933/1881 1808/1932/1880
f 1810/1934/1882 1808/1932/1880 1809/1933/1881
f 1809/1933/1881 1811/1935/1883 1810/1934/1882
f 1810/1934/1882 1811/1935/1883 1812/1936/1884
f 1813/1937/1885 1812/1936/1884 1811/1935/1883
f 1812/1936/1884 1814/1938/1886 1810/1934/1882
f 1772/1885/1833 1774/1887/1835 1800/1924/1872
f 1805/1929/1877 1800/1924/1872 1774/1887/1835
f 1774/1887/1835 1776/1889/1837 1805/1929/1877
f 1807/1931/1879 1805/1929/1877 1776/1889/1837
f 1776/1889/1837 1778/1891/1839 1807/1931/1879
f 1809/1933/1881 1807/1931/1879 1778/1891/1839
f 1778/1891/1839 1780/1893/1841 1809/1933/1881
f 1811/1935/1883 1809/1933/1881 1780/1893/1841
f 1780/1893/1841 1782/1895/1843 1811/1935/1883
f 1811/1935/1883 1782/1895/1843 1813/1937/1885
f 1813/1937/1885 1782/1895/1843 1781/1894/1842
f 1781/1894/1842 1815/1939/1887 1813/1937/1885
f 1813/1937/1885 1815/1939/1887 1816/1940/1888
f 1816/1940/1888 1817/1941/1889 1813/1937/1885
f 1813/1937/1885 1817/1941/1889 1818/1942/1890
f 1818/1942/1890 1819/1943/1891 1813/1937/1885
f 1813/1937/1885 1819/1943/1891 1820/1944/1892
f 1820/1944/1892 1812/1936/1884 1813/1937/1885
f 179/1910/1858 1777/1890/1838 1775/1888/1836
f 1777/1890/1838 179/1910/1858 178/1945/1893
f 178/1945/1893 1779/1892/1840 1777/1890/1838
f 1779/1892/1840 178/1945/1893 346/1946/1894
f 346/1946/1894 1781/1894/1842 1779/1892/1840
f 1781/1894/1842 346/1946/1894 344/1947/1895
f 344/1947/1895 1815/1939/1887 1781/1894/1842
f 1815/1939/1887 344/1947/1895 343/1948/1896
f 343/1948/1896 1816/1940/1888 1815/1939/1887
f 1816/1940/1888 343/1948/1896 350/1949/1897
f 350/1949/1897 1821/1950/1898 1816/1940/1888
f 1817/1941/1889 1816/1940/1888 1821/1950/1898
f 1821/1950/1898 1822/1951/1899 1817/1941/1889
f 1818/1942/1890 1817/1941/1889 1822/1951/1899
f 1822/1951/1899 1823/1952/1900 1818/1942/1890
f 1819/1943/1891 1818/1942/1890 1823/1952/1900
f 1823/1952/1900 1824/1953/1901 1819/1943/1891
f 1819/1943/1891 1824/1953/1901 1825/1954/1902
f 1825/1954/1902 1820/1944/1892 1819/1943/1891
f 1820/1944/1892 1825/1954/1902 1826/1955/1903
f 1826/1955/1903 1827/1956/1904 1820/1944/1892
f 1827/1956/1904 1826/1955/1903 1828/1957/1905
f 1828/1957/1905 1829/1958/1906 1827/1956/1904
f 1829/1958/1906 1828/1957/1905 917/1959/1907
f 917/1959/1907 934/1960/1908 1829/1958/1906
f 1830/1961/1909 1829/1958/1906 934/1960/1908
f 934/1960/1908 932/1962/1910 1830/1961/1909
f 1830/1961/1909 932/1962/1910 930/1963/1911
f 930/1963/1911 1831/1964/1912 1830/1961/1909
f 1831/1964/1912 930/1963/1911 928/1965/1913
f 928/1965/1913 1832/1966/1914 1831/1964/1912
f 1832/1966/1914 928/1965/1913 926/1967/1915
f 926/1967/1915 1833/1968/1916 1832/1966/1914
f 1833/1968/1916 926/1967/1915 924/1969/1917
f 924/1969/1917 1792/1914/1862 1833/1968/1916
f 1792/1914/1862 924/1969/1917 922/1912/1860
f 1812/1936/1884 1820/1944/1892 1827/1956/1904
f 1827/1956/1904 1814/1938/1886 1812/1936/1884
f 1814/1938/1886 1827/1956/1904 1829/1958/1906
f 1829/1958/1906 1830/1961/1909 1814/1938/1886
f 1814/1938/1886 1830/1961/1909 1831/1964/1912
f 1831/1964/1912 1810/1934/1882 1814/1938/1886
f 1810/1934/1882 1831/1964/1912 1832/1966/1914
f 1832/1966/1914 1808/1932/1880 1810/1934/1882
f 1808/1932/1880 1832/1966/1914 1833/1968/1916
f 1833/1968/1916 1806/1930/1878 1808/1932/1880
f 1806/1930/1878 1833/1968/1916 1792/1914/1862
f 1792/1914/1862 1804/1928/1876 1806/1930/1878
f 1804/1928/1876 1792/1914/1862 1791/1913/1861
f 1791/1913/1861 1803/1927/1875 1804/1928/1876
f 1803/1927/1875 1791/1913/1861 1793/1916/1864
f 1793/1916/1864 1802/1926/1874 1803/1927/1875
f 1802/1926/1874 1793/1916/1864 1794/1918/1866
f 1794/1918/1866 1801/1925/1873 1802/1926/1874
f 1834/1970/1918 742/1793/1744 1835/1971/1919
f 1835/1971/1919 1836/1972/1920 1834/1970/1918
f 1400/1973/1457 1834/1970/1918 1836/1972/1920
f 1836/1972/1920 1402/1974/1459 1400/1973/1457
f 1402/1974/1459 1836/1972/1920 1835/1971/1919
f 1835/1971/1919 1404/1975/1461 1402/1974/1459
f 1837/1976/1921 1838/1977/1922 1839/1978/1923
f 1838/1977/1922 1837/1976/1921 1840/1979/1924
f 1841/1980/1925 1840/1979/1924 1837/1976/1921
f 1842/1981/1926 1840/1979/1924 1841/1980/1925
f 1841/1980/1925 1690/1800/1751 1842/1981/1926
f 1688/1798/1749 1842/1981/1926 1690/1800/1751
f 1842/1981/1926 1688/1798/1749 1843/1982/1927
f 742/1793/1744 1843/1982/1927 1688/1798/1749
f 1844/1983/1928 1843/1982/1927 742/1793/1744
f 742/1793/1744 1834/1970/1918 1844/1983/1928
f 1845/1984/1929 1844/1983/1928 1834/1970/1918
f 1834/1970/1918 1400/1973/1457 1845/1984/1929
f 1846/1985/1930 1845/1984/1929 1400/1973/1457
f 1400/1973/1457 1398/1986/1455 1846/1985/1930
f 1847/1987/1931 1846/1985/1930 1398/1986/1455
f 1398/1986/1455 1396/1988/1453 1847/1987/1931
f 1848/1989/1932 1847/1987/1931 1396/1988/1453
f 1396/1988/1453 1394/1990/1451 1848/1989/1932
f 1838/1977/1922 1847/1987/1931 1848/1989/1932
f 1847/1987/1931 1838/1977/1922 1849/1991/1933
f 1840/1979/1924 1849/1991/1933 1838/1977/1922
f 1850/1992/1934 1849/1991/1933 1840/1979/1924
f 1840/1979/1924 1842/1981/1926 1850/1992/1934
f 1843/1982/1927 1850/1992/1934 1842/1981/1926
f 1845/1984/1929 1850/1992/1934 1843/1982/1927
f 1843/1982/1927 1844/1983/1928 1845/1984/1929
f 1850/1992/1934 1845/1984/1929 1846/1985/1930
f 1846/1985/1930 1849/1991/1933 1850/1992/1934
f 1849/1991/1933 1846/1985/1930 1847/1987/1931
f 1837/1976/1921 1851/1993/1935 1841/1980/1925
f 1851/1993/1935 1837/1976/1921 1852/1994/1936
f 1839/1978/1923 1852/1994/1936 1837/1976/1921
f 1852/1994/1936 1839/1978/1923 1853/1995/1937
f 1853/1995/1937 1854/1996/1938 1852/1994/1936
f 1855/1997/1939 1852/1994/1936 1854/1996/1938
f 1854/1996/1938 1856/1998/1940 1855/1997/1939
f 1852/1994/1936 1855/1997/1939 1851/1993/1935
f 1857/1999/1941 1854/1996/1938 1853/1995/1937
f 1854/1996/1938 1857/1999/1941 1858/2000/1942
f 1858/2000/1942 1856/1998/1940 1854/1996/1938
f 1859/2001/1943 1858/2000/1942 1857/1999/1941
f 1860/2002/416 1861/2003/1944 1862/2004/1945
f 1863/2005/1946 1862/2004/1945 1861/2003/1944
f 1861/2003/1944 1864/2006/1947 1863/2005/1946
f 1865/2007/1948 1863/2005/1946 1864/2006/1947
f 1864/2006/1947 1866/2008/1949 1865/2007/1948
f 1867/2009/1950 1865/2007/1948 1866/2008/1949
f 1866/2008/1949 1868/2010/1951 1867/2009/1950
f 1869/2011/1952 1867/2009/1950 1868/2010/1951
f 1868/2010/1951 1870/2012/1953 1869/2011/1952
f 1871/2013/1943 1869/2011/1952 1870/2012/1953
f 1870/2012/1953 1859/2001/1943 1871/2013/1943
f 1857/1999/1941 1871/2013/1943 1859/2001/1943
f 1871/2013/1943 1857/1999/1941 1872/2014/1954
f 1853/1995/1937 1872/2014/1954 1857/1999/1941
f 1872/2014/1954 1853/1995/1937 1873/2015/1955
f 1873/2015/1955 1853/1995/1937 1839/1978/1923
f 1839/1978/1923 1848/1989/1932 1873/2015/1955
f 1848/1989/1932 1839/1978/1923 1838/1977/1922
f 1872/2014/1954 1874/2016/1956 1871/2013/1943
f 1869/2011/1952 1871/2013/1943 1874/2016/1956
f 1874/2016/1956 1875/2017/1957 1869/2011/1952
f 1867/2009/1950 1869/2011/1952 1875/2017/1957
f 1875/2017/1957 1876/2018/1958 1867/2009/1950
f 1865/2007/1948 1867/2009/1950 1876/2018/1958
f 1876/2018/1958 1877/2019/1959 1865/2007/1948
f 1863/2005/1946 1865/2007/1948 1877/2019/1959
f 1877/2019/1959 1878/2020/1960 1863/2005/1946
f 1862/2004/1945 1863/2005/1946 1878/2020/1960
f 1873/2015/1955 1879/2021/1961 1872/2014/1954
f 1874/2016/1956 1872/2014/1954 1879/2021/1961
f 1879/2021/1961 1880/2022/1962 1874/2016/1956
f 1875/2017/1957 1874/2016/1956 1880/2022/1962
f 1880/2022/1962 1881/2023/1963 1875/2017/1957
f 1876/2018/1958 1875/2017/1957 1881/2023/1963
f 1881/2023/1963 1882/2024/1964 1876/2018/1958
f 1877/2019/1959 1876/2018/1958 1882/2024/1964
f 1882/2024/1964 1883/2025/1965 1877/2019/1959
f 1878/2020/1960 1877/2019/1959 1883/2025/1965
f 1883/2025/1965 1884/2026/1966 1878/2020/1960
f 1873/2015/1955 1848/1989/1932 1394/1990/1451
f 1394/1990/1451 1392/2027/1449 1873/2015/1955
f 1879/2021/1961 1873/2015/1955 1392/2027/1449
f 1392/2027/1449 1390/2028/1447 1879/2021/1961
f 1880/2022/1962 1879/2021/1961 1390/2028/1447
f 1390/2028/1447 1388/2029/1445 1880/2022/1962
f 1881/2023/1963 1880/2022/1962 1388/2029/1445
f 1388/2029/1445 1378/2030/1435 1881/2023/1963
f 1882/2024/1964 1881/2023/1963 1378/2030/1435
f 1378/2030/1435 1376/2031/1433 1882/2024/1964
f 1883/2025/1965 1882/2024/1964 1376/2031/1433
f 1376/2031/1433 1374/2032/1431 1883/2025/1965
f 1884/2026/1966 1883/2025/1965 1374/2032/1431
f 1374/2032/1431 1372/2033/1429 1884/2026/1966
f 1884/2026/1966 1372/2033/1429 1371/2034/1428
f 1371/2034/1428 1885/2035/1967 1884/2026/1966
f 1878/2020/1960 1884/2026/1966 1885/2035/1967
f 1885/2035/1967 1886/2036/1968 1878/2020/1960
f 1885/2035/1967 1371/2034/1428 1379/2037/1436
f 1379/2037/1436 1887/2038/1969 1885/2035/1967
f 1886/2036/1968 1885/2035/1967 1887/2038/1969
f 1887/2038/1969 1888/2039/1970 1886/2036/1968
f 1886/2036/1968 1888/2039/1970 1889/2040/416
f 1889/2040/416 1888/2039/1970 1890/2041/1971
f 1890/2041/1971 1891/2042/1972 1889/2040/416
f 1891/2042/1972 1890/2041/1971 1892/2043/1973
f 1892/2043/1973 1893/2044/1974 1891/2042/1972
f 1893/2044/1974 1892/2043/1973 1894/2045/1975
f 1894/2045/1975 1895/2046/1976 1893/2044/1974
f 1895/2046/1976 1894/2045/1975 1896/2047/1977
f 1896/2047/1977 1897/2048/1978 1895/2046/1976
f 1897/2048/1978 1896/2047/1977 1898/2049/1979
f 1898/2049/1979 1899/2050/1980 1897/2048/1978
f 1899/2050/1980 1898/2049/1979 1900/2051/1981
f 1900/2051/1981 1901/2052/1982 1899/2050/1980
f 1901/2052/1982 1900/2051/1981 1902/2053/1983
f 1902/2053/1983 1903/2054/1984 1901/2052/1982
f 1903/2054/1984 1902/2053/1983 972/987/1086
f 972/987/1086 967/982/1081 1903/2054/1984
f 1890/2041/1971 1888/2039/1970 1887/2038/1969
f 1887/2038/1969 1904/2055/1985 1890/2041/1971
f 1892/2043/1973 1890/2041/1971 1904/2055/1985
f 1904/2055/1985 1905/2056/1986 1892/2043/1973
f 1892/2043/1973 1905/2056/1986 1906/2057/1987
f 1906/2057/1987 1894/2045/1975 1892/2043/1973
f 1894/2045/1975 1906/2057/1987 1907/2058/1988
f 1907/2058/1988 1896/2047/1977 1894/2045/1975
f 1896/2047/1977 1907/2058/1988 1908/2059/1989
f 1908/2059/1989 1898/2049/1979 1896/2047/1977
f 1898/2049/1979 1908/2059/1989 1909/2060/1990
f 1909/2060/1990 1900/2051/1981 1898/2049/1979
f 1900/2051/1981 1909/2060/1990 1910/2061/1991
f 1910/2061/1991 1902/2053/1983 1900/2051/1981
f 974/989/1088 972/987/1086 1902/2053/1983
f 1902/2053/1983 1910/2061/1991 974/989/1088
f 984/999/1098 974/989/1088 1910/2061/1991
f 1910/2061/1991 1386/2062/1443 984/999/1098
f 1386/2062/1443 1910/2061/1991 1909/2060/1990
f 1909/2060/1990 1385/2063/1442 1386/2062/1443
f 1385/2063/1442 1909/2060/1990 1908/2059/1989
f 1908/2059/1989 1384/2064/1441 1385/2063/1442
f 1384/2064/1441 1908/2059/1989 1907/2058/1988
f 1907/2058/1988 1383/2065/1440 1384/2064/1441
f 1383/2065/1440 1907/2058/1988 1906/2057/1987
f 1906/2057/1987 1382/2066/1439 1383/2065/1440
f 1382/2066/1439 1906/2057/1987 1905/2056/1986
f 1905/2056/1986 1381/2067/1438 1382/2066/1439
f 1380/2068/1437 1381/2067/1438 1905/2056/1986
f 1905/2056/1986 1904/2055/1985 1380/2068/1437
f 1379/2037/1436 1380/2068/1437 1904/2055/1985
f 1904/2055/1985 1887/2038/1969 1379/2037/1436
f 1911/2069/1992 1912/2070/1993 1913/2071/1994
f 1914/2072/1995 1092/2073/1996 1091/2074/1997
f 1091/2074/1997 1915/2075/1998 1914/2072/1995
f 1913/2071/1994 1914/2072/1995 1915/2075/1998
f 1915/2075/1998 1916/2076/1999 1913/2071/1994
f 1913/2071/1994 1916/2076/1999 1911/2069/1992
f 1911/2069/1992 1916/2076/1999 1917/2077/2000
f 1917/2077/2000 1918/2078/2001 1911/2069/1992
f 1918/2078/2001 1917/2077/2000 1919/2079/2002
f 1919/2079/2002 1920/2080/2003 1918/2078/2001
f 1920/2080/2003 1919/2079/2002 1921/2081/2004
f 1921/2081/2004 1922/2082/2005 1920/2080/2003
f 1922/2082/2005 1921/2081/2004 1923/2083/2006
f 1923/2083/2006 1924/2084/2007 1922/2082/2005
f 1924/2084/2007 1923/2083/2006 1925/2085/2008
f 1925/2085/2008 1926/2086/2009 1924/2084/2007
f 1926/2086/2009 1925/2085/2008 1927/2087/2010
f 1927/2087/2010 1928/2088/2011 1926/2086/2009
f 1928/2088/2011 1927/2087/2010 1929/2089/2012
f 1919/2079/2002 1930/2090/2013 1931/2091/2014
f 1930/2090/2013 1919/2079/2002 1917/2077/2000
f 1917/2077/2000 1932/2092/2015 1930/2090/2013
f 1932/2092/2015 1917/2077/2000 1916/2076/1999
f 1916/2076/1999 1915/2075/1998 1932/2092/2015
f 1132/2093/2016 1932/2092/2015 1915/2075/1998
f 1915/2075/1998 1091/2074/1997 1132/2093/2016
f 1933/2094/2017 1934/2095/2018 1912/2070/1993
f 1912/2070/1993 1911/2069/1992 1933/2094/2017
f 1935/2096/2019 1933/2094/2017 1911/2069/1992
f 1911/2069/1992 1918/2078/2001 1935/2096/2019
f 1936/2097/2020 1935/2096/2019 1918/2078/2001
f 1918/2078/2001 1920/2080/2003 1936/2097/2020
f 1937/2098/2021 1936/2097/2020 1920/2080/2003
f 1920/2080/2003 1922/2082/2005 1937/2098/2021
f 1938/2099/2022 1937/2098/2021 1922/2082/2005
f 1922/2082/2005 1924/2084/2007 1938/2099/2022
f 1939/2100/2023 1938/2099/2022 1924/2084/2007
f 1924/2084/2007 1926/2086/2009 1939/2100/2023
f 1940/2101/2024 1939/2100/2023 1926/2086/2009
f 1926/2086/2009 1928/2088/2011 1940/2101/2024
f 1941/2102/2025 1940/2101/2024 1928/2088/2011
f 1928/2088/2011 1942/2103/2026 1941/2102/2025
f 1943/2104/2027 1941/2102/2025 1942/2103/2026
f 1942/2103/2026 1944/2105/2028 1943/2104/2027
f 1945/2106/2029 1946/2107/2030 1934/2095/2018
f 1934/2095/2018 1933/2094/2017 1945/2106/2029
f 1947/2108/2031 1945/2106/2029 1933/2094/2017
f 1933/2094/2017 1935/2096/2019 1947/2108/2031
f 1948/2109/2032 1947/2108/2031 1935/2096/2019
f 1935/2096/2019 1936/2097/2020 1948/2109/2032
f 1949/2110/2033 1948/2109/2032 1936/2097/2020
f 1936/2097/2020 1937/2098/2021 1949/2110/2033
f 1950/2111/2034 1949/2110/2033 1937/2098/2021
f 1937/2098/2021 1938/2099/2022 1950/2111/2034
f 1951/2112/2035 1950/2111/2034 1938/2099/2022
f 1938/2099/2022 1939/2100/2023 1951/2112/2035
f 1952/2113/2036 1951/2112/2035 1939/2100/2023
f 1939/2100/2023 1940/2101/2024 1952/2113/2036
f 1953/2114/2037 1952/2113/2036 1940/2101/2024
f 1940/2101/2024 1941/2102/2025 1953/2114/2037
f 1954/2115/2038 1953/2114/2037 1941/2102/2025
f 1941/2102/2025 1943/2104/2027 1954/2115/2038
f 1193/2116/2039 1191/2117/2040 1946/2107/2030
f 1946/2107/2030 1945/2106/2029 1193/2116/2039
f 1186/2118/2041 1193/2116/2039 1945/2106/2029
f 1945/2106/2029 1947/2108/2031 1186/2118/2041
f 1185/2119/2042 1186/2118/2041 1947/2108/2031
f 1947/2108/2031 1948/2109/2032 1185/2119/2042
f 1183/2120/2043 1185/2119/2042 1948/2109/2032
f 1948/2109/2032 1949/2110/2033 1183/2120/2043
f 1181/2121/2044 1183/2120/2043 1949/2110/2033
f 1949/2110/2033 1950/2111/2034 1181/2121/2044
f 1179/2122/2045 1181/2121/2044 1950/2111/2034
f 1950/2111/2034 1951/2112/2035 1179/2122/2045
f 1177/2123/2046 1179/2122/2045 1951/2112/2035
f 1951/2112/2035 1952/2113/2036 1177/2123/2046
f 1175/2124/2047 1177/2123/2046 1952/2113/2036
f 1952/2113/2036 1953/2114/2037 1175/2124/2047
f 1173/2125/2048 1175/2124/2047 1953/2114/2037
f 1953/2114/2037 1954/2115/2038 1173/2125/2048
f 1171/2126/2049 1173/2125/2048 1954/2115/2038
f 1954/2115/2038 1955/2127/2050 1171/2126/2049
f 1169/2128/2051 1171/2126/2049 1955/2127/2050
f 1955/2127/2050 1956/2129/2052 1169/2128/2051
f 1167/2130/2053 1169/2128/2051 1956/2129/2052
f 1956/2129/2052 1957/2131/2054 1167/2130/2053
f 1165/2132/2055 1167/2130/2053 1957/2131/2054
f 1957/2131/2054 1958/2133/2056 1165/2132/2055
f 1161/1897/1845 1165/2132/2055 1958/2133/2056
f 1958/2133/2056 1783/1898/1846 1161/1897/1845
f 1783/1898/1846 1958/2133/2056 1959/2134/2057
f 1959/2134/2057 1785/1900/1848 1783/1898/1846
f 1785/1900/1848 1959/2134/2057 1960/2135/2058
f 1960/2135/2058 1787/1902/1850 1785/1900/1848
f 1961/2136/2059 1787/1902/1850 1960/2135/2058
f 1787/1902/1850 1961/2136/2059 1789/1904/1852
f 1962/2137/2060 1789/1904/1852 1961/2136/2059
f 1789/1904/1852 1962/2137/2060 1790/1905/1853
f 200/2138/2061 1790/1905/1853 1962/2137/2060
f 1790/1905/1853 200/2138/2061 198/1906/1854
f 1955/2127/2050 1954/2115/2038 1943/2104/2027
f 1943/2104/2027 1963/2139/2062 1955/2127/2050
f 1956/2129/2052 1955/2127/2050 1963/2139/2062
f 1963/2139/2062 1964/2140/2063 1956/2129/2052
f 1957/2131/2054 1956/2129/2052 1964/2140/2063
f 1964/2140/2063 1965/2141/2064 1957/2131/2054
f 1958/2133/2056 1957/2131/2054 1965/2141/2064
f 1965/2141/2064 1959/2134/2057 1958/2133/2056
f 1959/2134/2057 1965/2141/2064 1966/2142/2065
f 1966/2142/2065 1960/2135/2058 1959/2134/2057
f 1967/2143/2066 1960/2135/2058 1966/2142/2065
f 1960/2135/2058 1967/2143/2066 1961/2136/2059
f 1968/2144/2067 1961/2136/2059 1967/2143/2066
f 1961/2136/2059 1968/2144/2067 1962/2137/2060
f 201/2145/2068 1962/2137/2060 1968/2144/2067
f 1962/2137/2060 201/2145/2068 200/2138/2061
f 1963/2139/2062 1943/2104/2027 1944/2105/2028
f 1944/2105/2028 1969/2146/2069 1963/2139/2062
f 1964/2140/2063 1963/2139/2062 1969/2146/2069
f 1969/2146/2069 1970/2147/2070 1964/2140/2063
f 1965/2141/2064 1964/2140/2063 1970/2147/2070
f 1970/2147/2070 1966/2142/2065 1965/2141/2064
f 1971/2148/2071 1966/2142/2065 1970/2147/2070
f 1966/2142/2065 1971/2148/2071 1967/2143/2066
f 1972/2149/2072 1967/2143/2066 1971/2148/2071
f 1967/2143/2066 1972/2149/2072 1968/2144/2067
f 210/2150/2073 1968/2144/2067 1972/2149/2072
f 1968/2144/2067 210/2150/2073 201/2145/2068
f 1929/2089/2012 1942/2103/2026 1928/2088/2011
f 1942/2103/2026 1929/2089/2012 1973/2151/2074
f 1973/2151/2074 1944/2105/2028 1942/2103/2026
f 1944/2105/2028 1973/2151/2074 1974/2152/2075
f 1974/2152/2075 1969/2146/2069 1944/2105/2028
f 1969/2146/2069 1974/2152/2075 1975/2153/2076
f 1975/2153/2076 1970/2147/2070 1969/2146/2069
f 1970/2147/2070 1975/2153/2076 1971/2148/2071
f 1976/2154/2077 1971/2148/2071 1975/2153/2076
f 1971/2148/2071 1976/2154/2077 1972/2149/2072
f 212/2155/2078 1972/2149/2072 1976/2154/2077
f 1972/2149/2072 212/2155/2078 210/2150/2073
f 1976/2154/2077 214/2156/2079 212/2155/2078
f 214/2156/2079 1976/2154/2077 1977/2157/2080
f 1975/2153/2076 1977/2157/2080 1976/2154/2077
f 1977/2157/2080 1975/2153/2076 1974/2152/2075
f 1974/2152/2075 1978/2158/2081 1977/2157/2080
f 1978/2158/2081 1974/2152/2075 1973/2151/2074
f 1973/2151/2074 1979/2159/2082 1978/2158/2081
f 1979/2159/2082 1973/2151/2074 1929/2089/2012
f 1929/2089/2012 1980/2160/2083 1979/2159/2082
f 1980/2160/2083 1929/2089/2012 1927/2087/2010
f 1927/2087/2010 1981/2161/2084 1980/2160/2083
f 1981/2161/2084 1927/2087/2010 1925/2085/2008
f 1925/2085/2008 1982/2162/2085 1981/2161/2084
f 1982/2162/2085 1925/2085/2008 1923/2083/2006
f 1923/2083/2006 1983/2163/2086 1982/2162/2085
f 1983/2163/2086 1923/2083/2006 1921/2081/2004
f 1921/2081/2004 1931/2091/2014 1983/2163/2086
f 1931/2091/2014 1921/2081/2004 1919/2079/2002
f 1977/2157/2080 222/2164/2087 214/2156/2079
f 222/2164/2087 1977/2157/2080 1978/2158/2081
f 1978/2158/2081 1153/2165/2088 222/2164/2087
f 1153/2165/2088 1978/2158/2081 1979/2159/2082
f 1979/2159/2082 1154/2166/2089 1153/2165/2088
f 1154/2166/2089 1979/2159/2082 1980/2160/2083
f 1980/2160/2083 1155/2167/2090 1154/2166/2089
f 1155/2167/2090 1980/2160/2083 1981/2161/2084
f 1981/2161/2084 1156/2168/2091 1155/2167/2090
f 1156/2168/2091 1981/2161/2084 1982/2162/2085
f 1982/2162/2085 1157/2169/2092 1156/2168/2091
f 1157/2169/2092 1982/2162/2085 1983/2163/2086
f 1983/2163/2086 1129/2170/2093 1157/2169/2092
f 1129/2170/2093 1983/2163/2086 1931/2091/2014
f 1931/2091/2014 1130/2171/2094 1129/2170/2093
f 1130/2171/2094 1931/2091/2014 1930/2090/2013
f 1930/2090/2013 1131/2172/2095 1130/2171/2094
f 1131/2172/2095 1930/2090/2013 1932/2092/2015
f 1932/2092/2015 1132/2093/2016 1131/2172/2095
f 661/2173/2096 768/2174/2096 766/2175/2097
f 768/2174/2096 661/2173/2096 660/2176/2098
f 660/2176/2098 770/2177/2098 768/2174/2096
f 773/2178/2096 770/2177/2098 660/2176/2098
f 660/2176/2098 659/2179/2096 773/2178/2096
f 775/2180/2099 773/2178/2096 659/2179/2096
f 659/2179/2096 658/2181/2099 775/2180/2099
f 775/2180/2099 658/2181/2099 657/2182/2096
f 657/2182/2096 777/2183/2096 775/2180/2099
f 1984/2184/2096 777/2183/2096 657/2182/2096
f 657/2182/2096 951/2185/2096 1984/2184/2096
f 765/2186/2096 1984/2184/2096 951/2185/2096
f 951/2185/2096 663/2187/2096 765/2186/2096
f 765/2186/2096 663/2187/2096 662/2188/2097
f 662/2188/2097 766/2175/2097 765/2186/2096
f 766/2175/2097 662/2188/2097 661/2173/2096
f 1985/2189/2100 1986/2190/2101 1987/2191/2102
f 1987/2191/2102 1988/2192/2103 1985/2189/2100
f 1985/2189/2100 1988/2192/2103 1989/2193/2104
f 1990/2194/2105 1989/2193/2104 1988/2192/2103
f 1988/2192/2103 1991/2195/2106 1990/2194/2105
f 1992/2196/2107 1990/2194/2105 1991/2195/2106
f 1991/2195/2106 1993/2197/2108 1992/2196/2107
f 1994/2198/2109 1992/2196/2107 1993/2197/2108
f 1993/2197/2108 1995/2199/2110 1994/2198/2109
f 1994/2198/2109 1995/2199/2110 1996/2200/2111
f 1997/2201/2112 1996/2200/2111 1995/2199/2110
f 1995/2199/2110 1998/2202/2113 1997/2201/2112
f 1998/2202/2113 1995/2199/2110 1993/2197/2108
f 1993/2197/2108 1999/2203/2114 1998/2202/2113
f 1999/2203/2114 1993/2197/2108 1991/2195/2106
f 1991/2195/2106 2000/2204/2115 1999/2203/2114
f 2000/2204/2115 1991/2195/2106 1988/2192/2103
f 1988/2192/2103 1987/2191/2102 2000/2204/2115
f 1996/2200/2111 2001/2205/2116 1994/2198/2109
f 1986/2190/2101 1985/2189/2100 2002/2206/2117
f 2002/2206/2117 1985/2189/2100 2003/2207/2118
f 1989/2193/2104 2003/2207/2118 1985/2189/2100
f 2003/2207/2118 2004/2208/2119 2002/2206/2117
f 2005/2209/2120 2006/2210/2121 2007/2211/2122
f 2008/2212/2123 2007/2211/2122 2006/2210/2121
f 2006/2210/2121 2004/2208/2119 2008/2212/2123
f 2009/2213/2124 2008/2212/2123 2004/2208/2119
f 2004/2208/2119 2003/2207/2118 2009/2213/2124
f 2010/2214/2125 2009/2213/2124 2003/2207/2118
f 2003/2207/2118 1989/2193/2104 2010/2214/2125
f 2011/2215/2126 2010/2214/2125 1989/2193/2104
f 1989/2193/2104 1990/2194/2105 2011/2215/2126
f 2012/2216/2127 2011/2215/2126 1990/2194/2105
f 1990/2194/2105 1992/2196/2107 2012/2216/2127
f 2013/2217/2128 2012/2216/2127 1992/2196/2107
f 1992/2196/2107 1994/2198/2109 2013/2217/2128
f 2014/2218/2129 2013/2217/2128 1994/2198/2109
f 1994/2198/2109 2001/2205/2116 2014/2218/2129
f 2015/2219/2130 2014/2218/2129 2001/2205/2116
f 2001/2205/2116 2016/2220/2131 2015/2219/2130
f 2017/2221/2132 2016/2220/2131 2001/2205/2116
f 2016/2220/2131 2017/2221/2132 607/2222/682
f 607/2222/682 606/2223/681 2016/2220/2131
f 2016/2220/2131 606/2223/681 605/2224/680
f 605/2224/680 2015/2219/2130 2016/2220/2131
f 2015/2219/2130 605/2224/680 604/2225/679
f 604/2225/679 2018/2226/2133 2015/2219/2130
f 2014/2218/2129 2015/2219/2130 2018/2226/2133
f 2018/2226/2133 2019/2227/2134 2014/2218/2129
f 2013/2217/2128 2014/2218/2129 2019/2227/2134
f 2019/2227/2134 2020/2228/2135 2013/2217/2128
f 2012/2216/2127 2013/2217/2128 2020/2228/2135
f 2020/2228/2135 2021/2229/2136 2012/2216/2127
f 2011/2215/2126 2012/2216/2127 2021/2229/2136
f 2021/2229/2136 2022/2230/2137 2011/2215/2126
f 2010/2214/2125 2011/2215/2126 2022/2230/2137
f 2022/2230/2137 2023/2231/2138 2010/2214/2125
f 2009/2213/2124 2010/2214/2125 2023/2231/2138
f 2023/2231/2138 2024/2232/2139 2009/2213/2124
f 2008/2212/2123 2009/2213/2124 2024/2232/2139
f 2024/2232/2139 2025/2233/2140 2008/2212/2123
f 2007/2211/2122 2008/2212/2123 2025/2233/2140
f 2025/2233/2140 2026/2234/2141 2007/2211/2122
f 2027/2235/2142 2007/2211/2122 2026/2234/2141
f 2026/2234/2141 2028/2236/2143 2027/2235/2142
f 2029/2237/2144 2027/2235/2142 2028/2236/2143
f 2028/2236/2143 2030/2238/2145 2029/2237/2144
f 2031/2239/2146 2029/2237/2144 2030/2238/2145
f 2030/2238/2145 2032/2240/2147 2031/2239/2146
f 2033/2241/2148 2031/2239/2146 2032/2240/2147
f 2032/2240/2147 2034/2242/2149 2033/2241/2148
f 2035/2243/2150 2033/2241/2148 2034/2242/2149
f 2034/2242/2149 2036/2244/2151 2035/2243/2150
f 2037/2245/2152 2035/2243/2150 2036/2244/2151
f 2036/2244/2151 2038/2246/2153 2037/2245/2152
f 2039/2247/2154 2037/2245/2152 2038/2246/2153
f 2038/2246/2153 2040/2248/2155 2039/2247/2154
f 2041/2249/2156 2042/2250/2157 2043/2251/2158
f 2044/2252/2159 2042/2250/2157 2041/2249/2156
f 2041/2249/2156 2045/2253/2160 2044/2252/2159
f 2046/2254/2161 2044/2252/2159 2045/2253/2160
f 2045/2253/2160 2039/2247/2154 2046/2254/2161
f 2037/2245/2152 2039/2247/2154 2045/2253/2160
f 2045/2253/2160 2047/2255/2162 2037/2245/2152
f 2035/2243/2150 2037/2245/2152 2047/2255/2162
f 2047/2255/2162 2048/2256/2163 2035/2243/2150
f 2033/2241/2148 2035/2243/2150 2048/2256/2163
f 2048/2256/2163 2049/2257/2164 2033/2241/2148
f 2031/2239/2146 2033/2241/2148 2049/2257/2164
f 2049/2257/2164 2050/2258/2165 2031/2239/2146
f 2029/2237/2144 2031/2239/2146 2050/2258/2165
f 2050/2258/2165 2051/2259/2166 2029/2237/2144
f 2027/2235/2142 2029/2237/2144 2051/2259/2166
f 2051/2259/2166 2005/2209/2120 2027/2235/2142
f 2007/2211/2122 2027/2235/2142 2005/2209/2120
f 2052/2260/2167 2002/2206/2117 2004/2208/2119
f 2004/2208/2119 2006/2210/2121 2052/2260/2167
f 2053/2261/2168 2052/2260/2167 2006/2210/2121
f 2006/2210/2121 2005/2209/2120 2053/2261/2168
f 2054/2262/2169 2053/2261/2168 2005/2209/2120
f 2005/2209/2120 2051/2259/2166 2054/2262/2169
f 2055/2263/2170 2054/2262/2169 2051/2259/2166
f 2051/2259/2166 2050/2258/2165 2055/2263/2170
f 2056/2264/2171 2055/2263/2170 2050/2258/2165
f 2050/2258/2165 2049/2257/2164 2056/2264/2171
f 2057/2265/2172 2056/2264/2171 2049/2257/2164
f 2049/2257/2164 2048/2256/2163 2057/2265/2172
f 2058/2266/2173 2057/2265/2172 2048/2256/2163
f 2048/2256/2163 2047/2255/2162 2058/2266/2173
f 2041/2249/2156 2058/2266/2173 2047/2255/2162
f 2047/2255/2162 2045/2253/2160 2041/2249/2156
f 2058/2266/2173 2041/2249/2156 2059/2267/2174
f 2059/2267/2174 2060/2268/2175 2058/2266/2173
f 2057/2265/2172 2058/2266/2173 2060/2268/2175
f 2060/2268/2175 2061/2269/2176 2057/2265/2172
f 2056/2264/2171 2057/2265/2172 2061/2269/2176
f 2061/2269/2176 2062/2270/2177 2056/2264/2171
f 2055/2263/2170 2056/2264/2171 2062/2270/2177
f 2062/2270/2177 2063/2271/2178 2055/2263/2170
f 2054/2262/2169 2055/2263/2170 2063/2271/2178
f 2063/2271/2178 2064/2272/2179 2054/2262/2169
f 2053/2261/2168 2054/2262/2169 2064/2272/2179
f 2064/2272/2179 2065/2273/2180 2053/2261/2168
f 2052/2260/2167 2053/2261/2168 2065/2273/2180
f 2065/2273/2180 2066/2274/2181 2052/2260/2167
f 2052/2260/2167 2066/2274/2181 2067/2275/2182
f 2068/2276/2183 2067/2275/2182 2066/2274/2181
f 2067/2275/2182 2068/2276/2183 2069/2277/2184
f 1638/2278/2185 2069/2277/2184 2068/2276/2183
f 2066/2274/2181 2070/2279/2186 2068/2276/2183
f 2070/2279/2186 2066/2274/2181 2065/2273/2180
f 2065/2273/2180 2071/2280/2187 2070/2279/2186
f 2072/2281/2188 2071/2280/2187 2065/2273/2180
f 2065/2273/2180 2064/2272/2179 2072/2281/2188
f 2073/2282/2189 2072/2281/2188 2064/2272/2179
f 2064/2272/2179 2063/2271/2178 2073/2282/2189
f 2074/2283/2190 2073/2282/2189 2063/2271/2178
f 2063/2271/2178 2062/2270/2177 2074/2283/2190
f 2075/2284/2191 2074/2283/2190 2062/2270/2177
f 2062/2270/2177 2061/2269/2176 2075/2284/2191
f 2076/2285/2192 2075/2284/2191 2061/2269/2176
f 2061/2269/2176 2060/2268/2175 2076/2285/2192
f 2077/2286/2193 2076/2285/2192 2060/2268/2175
f 2060/2268/2175 2059/2267/2174 2077/2286/2193
f 2078/2287/2194 2077/2286/2193 2059/2267/2174
f 2059/2267/2174 2043/2251/2158 2078/2287/2194
f 2043/2251/2158 2059/2267/2174 2041/2249/2156
f 2075/2284/2191 2076/2285/2192 1668/2288/2195
f 1668/2288/2195 1669/2289/2196 2075/2284/2191
f 2074/2283/2190 2075/2284/2191 1669/2289/2196
f 1669/2289/2196 1670/2290/2197 2074/2283/2190
f 2073/2282/2189 2074/2283/2190 1670/2290/2197
f 1670/2290/2197 1671/2291/2198 2073/2282/2189
f 2072/2281/2188 2073/2282/2189 1671/2291/2198
f 1671/2291/2198 1672/2292/2199 2072/2281/2188
f 2072/2281/2188 1672/2292/2199 1633/2293/2200
f 1633/2293/2200 2071/2280/2187 2072/2281/2188
f 2071/2280/2187 1633/2293/2200 1632/2294/2201
f 1632/2294/2201 2070/2279/2186 2071/2280/2187
f 2070/2279/2186 1632/2294/2201 1636/2295/2202
f 1636/2295/2202 2068/2276/2183 2070/2279/2186
f 2068/2276/2183 1636/2295/2202 1638/2278/2185
f 2039/2247/2154 2040/2248/2155 2079/2296/2203
f 2079/2296/2203 2046/2254/2161 2039/2247/2154
f 2046/2254/2161 2079/2296/2203 742/2297/2204
f 742/2297/2204 740/2298/2205 2046/2254/2161
f 2044/2252/2159 2046/2254/2161 740/2298/2205
f 740/2298/2205 739/2299/2206 2044/2252/2159
f 2042/2250/2157 2044/2252/2159 739/2299/2206
f 739/2299/2206 736/2300/2207 2042/2250/2157
f 2042/2250/2157 736/2300/2207 735/2301/2208
f 735/2301/2208 2043/2251/2158 2042/2250/2157
f 2043/2251/2158 735/2301/2208 732/2302/2209
f 732/2302/2209 2078/2287/2194 2043/2251/2158
f 2078/2287/2194 732/2302/2209 729/2303/2210
f 729/2303/2210 1666/2304/2211 2078/2287/2194
f 2077/2286/2193 2078/2287/2194 1666/2304/2211
f 1666/2304/2211 1667/2305/2212 2077/2286/2193
f 2076/2285/2192 2077/2286/2193 1667/2305/2212
f 1667/2305/2212 1668/2288/2195 2076/2285/2192
f 863/871/2213 860/868/2214 2080/2306/2215
f 2081/2307/2216 2080/2306/2215 860/868/2214
f 860/868/2214 2082/2308/2217 2081/2307/2216
f 2082/2308/2217 860/868/2214 2083/2309/2218
f 906/2310/2219 2083/2309/2218 860/868/2214
f 860/868/2214 862/870/2220 906/2310/2219
f 1913/2311/2221 1912/2312/2221 2084/2313/2221
f 2084/2313/2221 2085/2314/2221 1913/2311/2221
f 1913/2311/2221 2085/2314/2221 2086/2315/2221
f 2086/2315/2221 1914/2316/2221 1913/2311/2221
f 2086/2315/2221 1092/2317/2221 1914/2316/2221
f 2087/2318/2221 1203/2319/2221 1201/2320/2221
f 1205/2321/2221 1203/2319/2221 2087/2318/2221
f 2087/2318/2221 2088/2322/2221 1205/2321/2221
f 1213/2323/2221 1205/2321/2221 2088/2322/2221
f 2088/2322/2221 2089/2324/2221 1213/2323/2221
f 1214/2325/2221 1213/2323/2221 2089/2324/2221
f 2089/2324/2221 2090/2326/2221 1214/2325/2221
f 1214/2325/2221 2090/2326/2221 1092/2317/2221
f 1092/2317/2221 1215/2327/2221 1214/2325/2221
f 1215/2327/2221 1092/2317/2221 2086/2315/2221
f 2086/2315/2221 1216/2328/2221 1215/2327/2221
f 1216/2328/2221 2086/2315/2221 2085/2314/2221
f 2085/2314/2221 1217/2329/2221 1216/2328/2221
f 1218/2330/2221 1217/2329/2221 2085/2314/2221
f 2085/2314/2221 2084/2313/2221 1218/2330/2221
f 1191/2331/2221 1218/2330/2221 2084/2313/2221
f 2084/2313/2221 1946/2332/2221 1191/2331/2221
f 1946/2332/2221 2084/2313/2221 1912/2312/2221
f 1912/2312/2221 1934/2333/2221 1946/2332/2221
f 1101/2334/2221 2091/2335/2221 1105/2336/2221
f 2092/2337/2221 2091/2335/2221 1101/2334/2221
f 1101/2334/2221 1099/2338/2221 2092/2337/2221
f 2093/2339/2221 2092/2337/2221 1099/2338/2221
f 1099/2338/2221 1097/2340/2221 2093/2339/2221
f 2093/2339/2221 1097/2340/2221 1095/2341/2221
f 2093/2339/2221 1095/2341/2221 1093/2342/2221
f 2093/2339/2221 1093/2342/2221 1092/2317/2221
f 1092/2317/2221 2094/2343/2221 2093/2339/2221
f 2094/2343/2221 1092/2317/2221 2090/2326/2221
f 2095/2344/2221 2094/2343/2221 2090/2326/2221
f 2090/2326/2221 2089/2324/2221 2095/2344/2221
f 2096/2345/2221 2095/2344/2221 2089/2324/2221
f 2089/2324/2221 2088/2322/2221 2096/2345/2221
f 1106/2346/2221 2096/2345/2221 2088/2322/2221
f 2088/2322/2221 2087/2318/2221 1106/2346/2221
f 1106/2346/2221 2087/2318/2221 2097/2347/2221
f 1201/2320/2221 2097/2347/2221 2087/2318/2221
f 2092/2337/2221 2093/2339/2221 2094/2343/2221
f 2094/2343/2221 2095/2344/2221 2092/2337/2221
f 2091/2335/2221 2092/2337/2221 2095/2344/2221
f 2095/2344/2221 2096/2345/2221 2091/2335/2221
f 1105/2336/2221 2091/2335/2221 2096/2345/2221
f 2096/2345/2221 1106/2346/2221 1105/2336/2221
f 2097/2347/2221 2098/2348/2221 1106/2346/2221
f 1105/2336/2221 1103/2349/2221 1101/2334/2221
f 2097/2347/2221 1201/2320/2221 1200/2350/2221
f 1200/2350/2221 2098/2348/2221 2097/2347/2221
f 2099/2351/2221 2098/2348/2221 1200/2350/2221
f 1106/2346/2221 2098/2348/2221 2099/2351/2221
f 2099/2351/2221 1107/2352/2221 1106/2346/2221
f 322/2353/2221 1107/2352/2221 2099/2351/2221
f 2099/2351/2221 2100/2354/2221 322/2353/2221
f 332/2355/2221 322/2353/2221 2100/2354/2221
f 2100/2354/2221 1199/2356/2221 332/2355/2221
f 1200/2350/2221 1199/2356/2221 2100/2354/2221
f 2100/2354/2221 2099/2351/2221 1200/2350/2221
f 2101/2357/2222 2102/2358/2223 2103/2359/2224
f 2102/2358/2223 2101/2357/2222 2104/2360/2225
f 2105/2361/2226 2104/2360/2225 2101/2357/2222
f 2104/2360/2225 2105/2361/2226 2106/2362/2227
f 2107/2363/2228 2108/2364/2229 2109/2365/2230
f 2109/2365/2230 2110/2366/2231 2107/2363/2228
f 2103/2359/2224 2107/2363/2228 2110/2366/2231
f 2110/2366/2231 2111/2367/2232 2103/2359/2224
f 2103/2359/2224 2111/2367/2232 2101/2357/2222
f 2112/2368/2233 2101/2357/2222 2111/2367/2232
f 2101/2357/2222 2112/2368/2233 2105/2361/2226
f 263/2369/270 2105/2361/2226 2112/2368/2233
f 2105/2361/2226 263/2369/270 262/2370/269
f 262/2370/269 2106/2362/2227 2105/2361/2226
f 2106/2362/2227 262/2370/269 261/2371/268
f 261/2371/268 2113/2372/2234 2106/2362/2227
f 2113/2372/2234 261/2371/268 260/2373/267
f 260/2373/267 2114/2374/2235 2113/2372/2234
f 2114/2374/2235 260/2373/267 283/2375/290
f 283/2375/290 2115/2376/2236 2114/2374/2235
f 2115/2376/2236 283/2375/290 282/2377/289
f 282/2377/289 2116/2378/2237 2115/2376/2236
f 2117/2379/2238 2104/2360/2225 2118/2380/2239
f 2106/2362/2227 2118/2380/2239 2104/2360/2225
f 2118/2380/2239 2106/2362/2227 2113/2372/2234
f 2113/2372/2234 2119/2381/2240 2118/2380/2239
f 2119/2381/2240 2113/2372/2234 2114/2374/2235
f 2114/2374/2235 2120/2382/2241 2119/2381/2240
f 2120/2382/2241 2114/2374/2235 2115/2376/2236
f 2115/2376/2236 2121/2383/2242 2120/2382/2241
f 2121/2383/2242 2115/2376/2236 2116/2378/2237
f 2116/2378/2237 2122/2384/2243 2121/2383/2242
f 2122/2384/2243 2116/2378/2237 2123/2385/2244
f 2123/2385/2244 2124/2386/2245 2122/2384/2243
f 2124/2386/2245 2123/2385/2244 2125/2387/2246
f 2125/2387/2246 2126/2388/2247 2124/2386/2245
f 2127/2389/2248 2126/2388/2249 2125/2387/2250
f 2126/2388/2249 2127/2389/2248 2128/2390/2251
f 2129/2391/2252 2128/2390/2251 2127/2389/2248
f 2130/2392/2253 2128/2390/2251 2129/2391/2252
f 2131/2393/2254 2122/2384/2243 2124/2386/2245
f 2122/2384/2243 2131/2393/2254 2132/2394/2255
f 2132/2394/2255 2121/2383/2242 2122/2384/2243
f 2121/2383/2242 2132/2394/2255 2133/2395/2256
f 2133/2395/2256 2120/2382/2241 2121/2383/2242
f 2120/2382/2241 2133/2395/2256 2134/2396/2257
f 2134/2396/2257 2119/2381/2240 2120/2382/2241
f 2119/2381/2240 2134/2396/2257 2135/2397/2258
f 2135/2397/2258 2118/2380/2239 2119/2381/2240
f 2118/2380/2239 2135/2397/2258 2117/2379/2238
f 2136/2398/2259 2117/2379/2238 2135/2397/2258
f 2117/2379/2238 2136/2398/2259 2137/2399/2260
f 2138/2400/2261 2132/2394/2255 2131/2393/2254
f 2132/2394/2255 2138/2400/2261 2139/2401/2262
f 2139/2401/2262 2133/2395/2256 2132/2394/2255
f 2133/2395/2256 2139/2401/2262 2140/2402/2263
f 2140/2402/2263 2134/2396/2257 2133/2395/2256
f 2134/2396/2257 2140/2402/2263 2141/2403/2264
f 2141/2403/2264 2135/2397/2258 2134/2396/2257
f 2135/2397/2258 2141/2403/2264 2136/2398/2259
f 2142/2404/2265 2143/2405/2266 2144/2406/2267
f 2145/2407/2268 2144/2406/2267 2143/2405/2266
f 2143/2405/2266 2146/2408/2269 2145/2407/2268
f 2147/2409/2270 2145/2407/2268 2146/2408/2269
f 2146/2408/2269 2137/2399/2260 2147/2409/2270
f 2148/2410/2271 2147/2409/2270 2137/2399/2260
f 2137/2399/2260 2136/2398/2259 2148/2410/2271
f 2149/2411/2272 2148/2410/2271 2136/2398/2259
f 2136/2398/2259 2141/2403/2264 2149/2411/2272
f 2150/2412/2273 2149/2411/2272 2141/2403/2264
f 2141/2403/2264 2140/2402/2263 2150/2412/2273
f 2151/2413/2274 2150/2412/2273 2140/2402/2263
f 2140/2402/2263 2139/2401/2262 2151/2413/2274
f 2152/2414/2275 2151/2413/2274 2139/2401/2262
f 2139/2401/2262 2138/2400/2261 2152/2414/2275
f 2152/2414/2275 2138/2400/2261 2153/2415/2276
f 2131/2393/2254 2153/2415/2276 2138/2400/2261
f 2153/2415/2276 2131/2393/2254 2154/2416/2277
f 2150/2412/2273 2151/2413/2274 2155/2417/2278
f 2155/2417/2278 2156/2418/2279 2150/2412/2273
f 2149/2411/2272 2150/2412/2273 2156/2418/2279
f 2156/2418/2279 2157/2419/2280 2149/2411/2272
f 2148/2410/2271 2149/2411/2272 2157/2419/2280
f 2157/2419/2280 2158/2420/2281 2148/2410/2271
f 2147/2409/2270 2148/2410/2271 2158/2420/2281
f 2158/2420/2281 2159/2421/2282 2147/2409/2270
f 2145/2407/2268 2147/2409/2270 2159/2421/2282
f 2159/2421/2282 2160/2422/2283 2145/2407/2268
f 2144/2406/2267 2145/2407/2268 2160/2422/2283
f 2160/2422/2283 2161/2423/2284 2144/2406/2267
f 2162/2424/2285 2144/2406/2267 2161/2423/2284
f 2161/2423/2284 2163/2425/2286 2162/2424/2285
f 2164/2426/2287 2162/2424/2285 2163/2425/2286
f 2163/2425/2286 2165/2427/2288 2164/2426/2287
f 2166/2428/2289 2164/2426/2287 2165/2427/2288
f 2165/2427/2288 2167/2429/2290 2166/2428/2289
f 2144/2406/2267 2162/2424/2285 2142/2404/2265
f 2168/2430/2291 2142/2404/2265 2162/2424/2285
f 2162/2424/2285 2164/2426/2287 2168/2430/2291
f 2169/2431/2292 2168/2430/2291 2164/2426/2287
f 2164/2426/2287 2166/2428/2289 2169/2431/2292
f 2170/2432/2293 2171/2433/2294 21/21/21
f 2167/2429/2290 2171/2433/2294 2170/2432/2293
f 2170/2432/2293 2166/2428/2289 2167/2429/2290
f 2166/2428/2289 2170/2432/2293 2172/2434/2295
f 2172/2434/2295 2169/2431/2292 2166/2428/2289
f 2173/2435/2296 2169/2431/2292 2172/2434/2295
f 2168/2430/2291 2169/2431/2292 2173/2435/2296
f 2173/2435/2296 2174/2436/2297 2168/2430/2291
f 2142/2404/2265 2168/2430/2291 2174/2436/2297
f 2174/2436/2297 2108/2364/2229 2142/2404/2265
f 2143/2405/2266 2142/2404/2265 2108/2364/2229
f 2108/2364/2229 2107/2363/2228 2143/2405/2266
f 2146/2408/2269 2143/2405/2266 2107/2363/2228
f 2107/2363/2228 2103/2359/2224 2146/2408/2269
f 2137/2399/2260 2146/2408/2269 2103/2359/2224
f 2103/2359/2224 2102/2358/2223 2137/2399/2260
f 2137/2399/2260 2102/2358/2223 2117/2379/2238
f 2104/2360/2225 2117/2379/2238 2102/2358/2223
f 20/20/20 2175/2437/2298 21/21/21
f 21/21/21 2175/2437/2298 2170/2432/2293
f 2170/2432/2293 2175/2437/2298 2176/2438/2299
f 2176/2438/2299 2172/2434/2295 2170/2432/2293
f 2172/2434/2295 2176/2438/2299 2177/2439/2300
f 2177/2439/2300 2178/2440/2301 2172/2434/2295
f 2178/2440/2301 2177/2439/2300 2179/2441/2302
f 2179/2441/2302 2180/2442/2303 2178/2440/2301
f 2181/2443/2304 2178/2440/2301 2180/2442/2303
f 2180/2442/2303 2182/2444/2305 2181/2443/2304
f 2183/2445/2306 2181/2443/2304 2182/2444/2305
f 2182/2444/2305 2184/2446/2307 2183/2445/2306
f 2173/2435/2296 2183/2445/2306 2184/2446/2307
f 2184/2446/2307 2185/2447/2308 2173/2435/2296
f 2174/2436/2297 2173/2435/2296 2185/2447/2308
f 2185/2447/2308 2186/2448/2309 2174/2436/2297
f 2108/2364/2229 2174/2436/2297 2186/2448/2309
f 2186/2448/2309 2109/2365/2230 2108/2364/2229
f 2172/2434/2295 2183/2445/2306 2173/2435/2296
f 2183/2445/2306 2172/2434/2295 2178/2440/2301
f 2178/2440/2301 2181/2443/2304 2183/2445/2306
f 2187/2449/2310 2179/2441/2302 2177/2439/2300
f 2177/2439/2300 2176/2438/2299 2187/2449/2310
f 2187/2449/2310 2176/2438/2299 2175/2437/2298
f 2175/2437/2298 20/20/20 2187/2449/2310
f 2188/2450/2311 2187/2449/2310 20/20/20
f 20/20/20 17/17/17 2188/2450/2311
f 2188/2450/2311 17/17/17 3/3/3
f 3/3/3 2/2451/2 2188/2450/2311
f 2189/2452/2312 149/2453/156 148/2454/155
f 148/2454/155 2190/2455/2313 2189/2452/2312
f 2180/2442/2303 2189/2452/2312 2190/2455/2313
f 2190/2455/2313 2182/2444/2305 2180/2442/2303
f 2184/2446/2307 2182/2444/2305 2190/2455/2313
f 2190/2455/2313 2191/2456/2314 2184/2446/2307
f 2185/2447/2308 2184/2446/2307 2191/2456/2314
f 2191/2456/2314 2192/2457/2315 2185/2447/2308
f 2186/2448/2309 2185/2447/2308 2192/2457/2315
f 2192/2457/2315 2193/2458/2316 2186/2448/2309
f 2109/2365/2230 2186/2448/2309 2193/2458/2316
f 2193/2458/2316 2194/2459/2317 2109/2365/2230
f 2110/2366/2231 2109/2365/2230 2194/2459/2317
f 2194/2459/2317 2195/2460/2318 2110/2366/2231
f 2111/2367/2232 2110/2366/2231 2195/2460/2318
f 2195/2460/2318 2196/2461/2319 2111/2367/2232
f 2111/2367/2232 2196/2461/2319 2112/2368/2233
f 264/2462/271 2112/2368/2233 2196/2461/2319
f 2112/2368/2233 264/2462/271 263/2369/270
f 2196/2461/2319 265/2463/272 264/2462/271
f 265/2463/272 2196/2461/2319 2195/2460/2318
f 2195/2460/2318 266/2464/273 265/2463/272
f 267/2465/274 266/2464/273 2195/2460/2318
f 2195/2460/2318 2194/2459/2317 267/2465/274
f 268/2466/275 267/2465/274 2194/2459/2317
f 2194/2459/2317 2193/2458/2316 268/2466/275
f 145/2467/152 268/2466/275 2193/2458/2316
f 2193/2458/2316 2192/2457/2315 145/2467/152
f 147/2468/154 145/2467/152 2192/2457/2315
f 2192/2457/2315 2191/2456/2314 147/2468/154
f 147/2468/154 2191/2456/2314 2190/2455/2313
f 2190/2455/2313 148/2454/155 147/2468/154
f 2001/2205/2116 1996/2200/2111 2017/2221/2132
f 2197/2469/2320 2017/2221/2132 1996/2200/2111
f 1996/2200/2111 1997/2201/2112 2197/2469/2320
f 2198/2470/2321 2197/2469/2320 1997/2201/2112
f 1997/2201/2112 2199/2471/2322 2198/2470/2321
f 2199/2471/2322 1997/2201/2112 1998/2202/2113
f 1998/2202/2113 2200/2472/2323 2199/2471/2322
f 2200/2472/2323 1998/2202/2113 1999/2203/2114
f 1999/2203/2114 2201/2473/2324 2200/2472/2323
f 2201/2473/2324 1999/2203/2114 2000/2204/2115
f 2000/2204/2115 2202/2474/2325 2201/2473/2324
f 2202/2474/2325 2000/2204/2115 1987/2191/2102
f 1987/2191/2102 2203/2475/2326 2202/2474/2325
f 2203/2475/2326 1987/2191/2102 1986/2190/2101
f 1986/2190/2101 2069/2277/2184 2203/2475/2326
f 2069/2277/2184 1986/2190/2101 2067/2275/2182
f 2002/2206/2117 2067/2275/2182 1986/2190/2101
f 2067/2275/2182 2002/2206/2117 2052/2260/2167
f 2069/2277/2184 1638/2278/2185 1640/2476/2327
f 1640/2476/2327 2203/2475/2326 2069/2277/2184
f 2203/2475/2326 1640/2476/2327 1625/2477/2328
f 1625/2477/2328 2202/2474/2325 2203/2475/2326
f 2202/2474/2325 1625/2477/2328 1624/2478/2329
f 1624/2478/2329 2201/2473/2324 2202/2474/2325
f 2201/2473/2324 1624/2478/2329 1627/2479/2330
f 1627/2479/2330 2200/2472/2323 2201/2473/2324
f 2200/2472/2323 1627/2479/2330 1629/2480/2331
f 1629/2480/2331 2199/2471/2322 2200/2472/2323
f 2199/2471/2322 1629/2480/2331 1631/2481/2332
f 1631/2481/2332 2198/2470/2321 2199/2471/2322
f 2198/2470/2321 1631/2481/2332 579/2482/654
f 579/2482/654 609/2483/684 2198/2470/2321
f 2197/2469/2320 2198/2470/2321 609/2483/684
f 609/2483/684 608/2484/683 2197/2469/2320
f 2017/2221/2132 2197/2469/2320 608/2484/683
f 608/2484/683 607/2222/682 2017/2221/2132
f 2204/2485/2333 2205/2486/2334 2130/2392/2253
f 2205/2486/2335 2204/2485/2336 2206/2487/2337
f 2206/2487/2337 2207/2488/2338 2205/2486/2335
f 2208/2489/2339 2206/2487/2337 2204/2485/2336
f 2124/2386/2245 2154/2416/2277 2131/2393/2254
f 2154/2416/2277 2124/2386/2245 2126/2388/2247
f 2126/2388/2247 2209/2490/2340 2154/2416/2277
f 2128/2390/2251 2209/2490/2341 2126/2388/2249
f 2209/2490/2341 2128/2390/2251 2130/2392/2253
f 2130/2392/2253 2210/2491/2342 2209/2490/2341
f 2210/2491/2342 2130/2392/2253 2205/2486/2334
f 2205/2486/2335 2211/2492/2343 2210/2491/2344
f 2211/2492/2343 2205/2486/2335 2207/2488/2338
f 2207/2488/2338 2212/2493/2345 2211/2492/2343
f 2213/2494/2346 2211/2492/2343 2212/2493/2345
f 2212/2493/2345 2214/2495/2347 2213/2494/2346
f 2215/2496/2348 2213/2494/2346 2214/2495/2347
f 2214/2495/2347 2216/2497/2349 2215/2496/2348
f 2152/2414/2275 2215/2496/2348 2216/2497/2349
f 2216/2497/2349 2217/2498/2350 2152/2414/2275
f 2151/2413/2274 2152/2414/2275 2217/2498/2350
f 2217/2498/2350 2155/2417/2278 2151/2413/2274
f 2218/2499/2351 2213/2494/2346 2215/2496/2348
f 2210/2491/2344 2211/2492/2343 2213/2494/2346
f 2213/2494/2346 2218/2499/2351 2210/2491/2344
f 2209/2490/2340 2210/2491/2344 2218/2499/2351
f 2218/2499/2351 2154/2416/2277 2209/2490/2340
f 2154/2416/2277 2218/2499/2351 2153/2415/2276
f 2215/2496/2348 2153/2415/2276 2218/2499/2351
f 2153/2415/2276 2215/2496/2348 2152/2414/2275
f 2219/2500/2352 723/2501/2352 728/2502/2353
f 728/2502/2353 2220/2503/2353 2219/2500/2352
f 2220/2503/2353 728/2502/2353 727/2504/2354
f 727/2504/2354 2221/2505/2354 2220/2503/2353
f 2221/2505/2354 727/2504/2354 726/2506/2355
f 726/2506/2355 2222/2507/2355 2221/2505/2354
f 2222/2507/2355 726/2506/2355 725/2508/2356
f 725/2508/2356 2223/2509/2356 2222/2507/2355
f 2223/2509/2356 725/2508/2356 710/2510/2357
f 710/2510/2357 2224/2511/2357 2223/2509/2356
f 2224/2511/2357 710/2510/2357 709/2512/2358
f 709/2512/2358 2225/2513/2358 2224/2511/2357
f 2226/2514/2359 329/2515/359 328/2516/358
f 329/2515/359 2226/2514/2359 2227/2517/2360
f 2227/2517/2360 330/2518/360 329/2515/359
f 330/2518/360 2227/2517/2360 2228/2519/2361
f 2228/2519/2361 331/2520/361 330/2518/360
f 331/2520/361 2228/2519/2361 2229/2521/2362
f 2229/2521/2362 289/2522/299 331/2520/361
f 289/2522/299 2229/2521/2362 2230/2523/2363
f 2230/2523/2363 284/2524/302 289/2522/299
f 285/2525/292 284/2524/291 2230/2523/2364
f 2231/2526/2365 2227/2517/2360 2226/2514/2359
f 2227/2517/2360 2231/2526/2365 2232/2527/2366
f 2232/2527/2366 2228/2519/2361 2227/2517/2360
f 2228/2519/2361 2232/2527/2366 2233/2528/2367
f 2233/2528/2367 2229/2521/2362 2228/2519/2361
f 2229/2521/2362 2233/2528/2367 2234/2529/2368
f 2234/2529/2368 2230/2523/2363 2229/2521/2362
f 2235/2530/2369 2230/2523/2364 2234/2529/2370
f 2230/2523/2364 2235/2530/2369 285/2525/292
f 288/2531/298 285/2525/292 2235/2530/2369
f 2116/2378/2237 282/2377/289 281/2532/288
f 281/2532/288 2123/2385/2244 2116/2378/2237
f 2123/2385/2244 281/2532/288 288/2531/297
f 288/2531/297 2125/2387/2246 2123/2385/2244
f 2235/2530/2369 2125/2387/2250 288/2531/298
f 2125/2387/2250 2235/2530/2369 2127/2389/2248
f 2234/2529/2370 2127/2389/2248 2235/2530/2369
f 2127/2389/2248 2234/2529/2370 2129/2391/2252
f 2129/2391/2371 2234/2529/2368 2233/2528/2367
f 2233/2528/2367 2236/2533/2372 2129/2391/2371
f 2236/2533/2372 2233/2528/2367 2232/2527/2366
f 2232/2527/2366 2237/2534/2373 2236/2533/2372
f 2237/2534/2373 2232/2527/2366 2231/2526/2365
f 2231/2526/2365 2238/2535/2374 2237/2534/2373
f 2238/2535/2374 2231/2526/2365 2239/2536/2375
f 2239/2536/2375 2240/2537/2376 2238/2535/2374
f 2240/2537/2376 2239/2536/2375 2241/2538/2377
f 2241/2538/2377 2242/2539/2378 2240/2537/2376
f 2243/2540/2379 2244/2541/2380 2245/2542/2381
f 2244/2541/2380 2243/2540/2379 2246/2543/2382
f 2246/2543/2382 2247/2544/2383 2244/2541/2380
f 2248/2545/2384 2247/2544/2383 2246/2543/2382
f 2246/2543/2382 2249/2546/2385 2248/2545/2384
f 2250/2547/2386 2248/2545/2384 2249/2546/2385
f 2248/2545/2384 2250/2547/2386 2251/2548/2387
f 2251/2548/2387 2250/2547/2386 2252/2549/2388
f 2252/2549/2388 2253/2550/2389 2251/2548/2387
f 2253/2550/2389 2252/2549/2388 2254/2551/2390
f 2254/2551/2390 2242/2539/2378 2253/2550/2389
f 2242/2539/2378 2254/2551/2390 2255/2552/2391
f 2255/2552/2391 2240/2537/2376 2242/2539/2378
f 2240/2537/2376 2255/2552/2391 2256/2553/2392
f 2256/2553/2392 2238/2535/2374 2240/2537/2376
f 2238/2535/2374 2256/2553/2392 2257/2554/2393
f 2257/2554/2393 2237/2534/2373 2238/2535/2374
f 2237/2534/2373 2257/2554/2393 2258/2555/2394
f 2258/2555/2394 2236/2533/2372 2237/2534/2373
f 2236/2533/2372 2258/2555/2394 2259/2556/2395
f 2259/2556/2395 2129/2391/2371 2236/2533/2372
f 2259/2556/2395 2258/2555/2394 2260/2557/2396
f 2260/2557/2396 2258/2555/2394 2257/2554/2393
f 2257/2554/2393 2261/2558/2397 2260/2557/2396
f 2261/2558/2397 2257/2554/2393 2256/2553/2392
f 2256/2553/2392 2262/2559/2398 2261/2558/2397
f 2262/2559/2398 2256/2553/2392 2255/2552/2391
f 2255/2552/2391 2263/2560/2399 2262/2559/2398
f 2264/2561/2400 2263/2560/2399 2255/2552/2391
f 2255/2552/2391 2254/2551/2390 2264/2561/2400
f 2265/2562/2401 2264/2561/2400 2254/2551/2390
f 2254/2551/2390 2252/2549/2388 2265/2562/2401
f 2266/2563/2402 2265/2562/2401 2252/2549/2388
f 2252/2549/2388 2250/2547/2386 2266/2563/2402
f 2249/2546/2385 2266/2563/2402 2250/2547/2386
f 2129/2391/2252 2259/2556/2403 2130/2392/2253
f 2130/2392/2253 2259/2556/2403 2204/2485/2333
f 2260/2557/2396 2204/2485/2336 2259/2556/2395
f 2204/2485/2336 2260/2557/2396 2208/2489/2339
f 2208/2489/2339 2260/2557/2396 2261/2558/2397
f 2261/2558/2397 2267/2564/2404 2208/2489/2339
f 2267/2564/2404 2261/2558/2397 2262/2559/2398
f 2262/2559/2398 2268/2565/2405 2267/2564/2404
f 2269/2566/2406 2268/2565/2405 2262/2559/2398
f 2262/2559/2398 2263/2560/2399 2269/2566/2406
f 2270/2567/2407 2269/2566/2406 2263/2560/2399
f 2263/2560/2399 2264/2561/2400 2270/2567/2407
f 2271/2568/2408 2270/2567/2407 2264/2561/2400
f 2264/2561/2400 2265/2562/2401 2271/2568/2408
f 2272/2569/2409 2271/2568/2408 2265/2562/2401
f 2265/2562/2401 2266/2563/2402 2272/2569/2409
f 2273/2570/2410 2272/2569/2409 2266/2563/2402
f 2266/2563/2402 2249/2546/2385 2273/2570/2410
f 2274/2571/2411 2273/2570/2410 2249/2546/2385
f 2249/2546/2385 2246/2543/2382 2274/2571/2411
f 2275/2572/2412 2274/2571/2411 2246/2543/2382
f 2246/2543/2382 2243/2540/2379 2275/2572/2412
f 2275/2572/2412 2243/2540/2379 2276/2573/2413
f 2245/2542/2381 2276/2573/2413 2243/2540/2379
f 2276/2573/2413 2245/2542/2381 2277/2574/2414
f 2277/2574/2414 2278/2575/2415 2276/2573/2413
f 2278/2575/2415 2277/2574/2414 2279/2576/2416
f 2279/2576/2416 2280/2577/2417 2278/2575/2415
f 2280/2577/2417 2279/2576/2416 2281/2578/2418
f 2281/2578/2418 2282/2579/2419 2280/2577/2417
f 2283/2580/2420 2282/2579/2419 2281/2578/2418
f 2276/2573/2413 2284/2581/2421 2275/2572/2412
f 2285/2582/2422 2284/2581/2421 2276/2573/2413
f 2276/2573/2413 2278/2575/2415 2285/2582/2422
f 2286/2583/2423 2285/2582/2422 2278/2575/2415
f 2278/2575/2415 2280/2577/2417 2286/2583/2423
f 2287/2584/2424 2286/2583/2423 2280/2577/2417
f 2280/2577/2417 2282/2579/2419 2287/2584/2424
f 2288/2585/2425 2287/2584/2424 2282/2579/2419
f 2282/2579/2419 2283/2580/2420 2288/2585/2425
f 2289/2586/2426 2288/2585/2425 2283/2580/2420
f 2283/2580/2420 2290/2587/2427 2289/2586/2426
f 2289/2586/2426 2290/2587/2427 2291/2588/2428
f 2291/2588/2428 2290/2587/2427 2292/2589/2429
f 2292/2589/2429 2293/2590/2430 2291/2588/2428
f 2293/2590/2430 2292/2589/2429 2294/2591/2431
f 2294/2591/2431 2295/2592/2432 2293/2590/2430
f 2295/2592/2432 2294/2591/2431 2296/2593/2433
f 2296/2593/2433 2297/2594/2434 2295/2592/2432
f 2291/2588/2428 2298/2595/2435 2289/2586/2426
f 2299/2596/2436 2298/2595/2435 2291/2588/2428
f 2300/2597/2437 2281/2578/2418 2301/2598/2438
f 2281/2578/2418 2300/2597/2437 2283/2580/2420
f 2290/2587/2427 2283/2580/2420 2300/2597/2437
f 2300/2597/2437 2292/2589/2429 2290/2587/2427
f 2292/2589/2429 2300/2597/2437 2302/2599/2439
f 2302/2599/2439 2294/2591/2431 2292/2589/2429
f 2294/2591/2431 2302/2599/2439 2303/2600/2440
f 2303/2600/2440 2296/2593/2433 2294/2591/2431
f 2296/2593/2433 2303/2600/2440 2304/2601/2441
f 2304/2601/2441 2305/2602/2442 2296/2593/2433
f 2305/2602/2442 2304/2601/2441 2306/2603/2443
f 2306/2603/2443 2307/2604/2444 2305/2602/2442
f 341/2605/371 2306/2603/2443 2304/2601/2441
f 2308/2606/2445 2309/2607/2446 2310/2608/2447
f 2309/2607/2446 2308/2606/2445 2311/2609/2448
f 2312/2610/2449 2311/2609/2448 2308/2606/2445
f 2311/2609/2448 2312/2610/2449 2313/2611/2450
f 339/2612/369 2313/2611/2450 2312/2610/2449
f 2313/2611/2450 339/2612/369 341/2605/371
f 341/2605/371 2314/2613/2451 2313/2611/2450
f 2304/2601/2441 2314/2613/2451 341/2605/371
f 2314/2613/2451 2304/2601/2441 2303/2600/2440
f 2303/2600/2440 2315/2614/2452 2314/2613/2451
f 2315/2614/2452 2303/2600/2440 2302/2599/2439
f 2302/2599/2439 2301/2598/2438 2315/2614/2452
f 2301/2598/2438 2302/2599/2439 2300/2597/2437
f 2315/2614/2452 2301/2598/2438 2316/2615/2453
f 2316/2615/2453 2317/2616/2454 2315/2614/2452
f 2314/2613/2451 2315/2614/2452 2317/2616/2454
f 2317/2616/2454 2313/2611/2450 2314/2613/2451
f 2313/2611/2450 2317/2616/2454 2311/2609/2448
f 2318/2617/2455 2311/2609/2448 2317/2616/2454
f 2311/2609/2448 2318/2617/2455 2309/2607/2446
f 2317/2616/2454 2316/2615/2453 2318/2617/2455
f 2242/2539/2378 2241/2538/2377 2319/2618/2456
f 2319/2618/2456 2253/2550/2389 2242/2539/2378
f 2253/2550/2389 2319/2618/2456 2320/2619/2457
f 2320/2619/2457 2251/2548/2387 2253/2550/2389
f 2321/2620/2458 2251/2548/2387 2320/2619/2457
f 2251/2548/2387 2321/2620/2458 2248/2545/2384
f 2248/2545/2384 2321/2620/2458 2322/2621/2459
f 2322/2621/2459 2247/2544/2383 2248/2545/2384
f 2247/2544/2383 2322/2621/2459 2310/2608/2447
f 2310/2608/2447 2244/2541/2380 2247/2544/2383
f 2244/2541/2380 2310/2608/2447 2309/2607/2446
f 2309/2607/2446 2245/2542/2381 2244/2541/2380
f 2245/2542/2381 2309/2607/2446 2318/2617/2455
f 2318/2617/2455 2277/2574/2414 2245/2542/2381
f 2277/2574/2414 2318/2617/2455 2316/2615/2453
f 2316/2615/2453 2279/2576/2416 2277/2574/2414
f 2279/2576/2416 2316/2615/2453 2301/2598/2438
f 2301/2598/2438 2281/2578/2418 2279/2576/2416
f 2323/2622/2460 2241/2538/2377 2239/2536/2375
f 2241/2538/2377 2323/2622/2460 2324/2623/2461
f 2324/2623/2461 2319/2618/2456 2241/2538/2377
f 2320/2619/2457 2319/2618/2456 2324/2623/2461
f 2324/2623/2461 2325/2624/2462 2320/2619/2457
f 2326/2625/2463 2320/2619/2457 2325/2624/2462
f 2320/2619/2457 2326/2625/2463 2321/2620/2458
f 2322/2621/2459 2321/2620/2458 2326/2625/2463
f 2312/2610/2449 337/2626/367 339/2612/369
f 337/2626/367 2312/2610/2449 2327/2627/2464
f 2308/2606/2445 2327/2627/2464 2312/2610/2449
f 2327/2627/2464 2308/2606/2445 2328/2628/2465
f 2310/2608/2447 2328/2628/2465 2308/2606/2445
f 2328/2628/2465 2310/2608/2447 2322/2621/2459
f 2322/2621/2459 2329/2629/2466 2328/2628/2465
f 2326/2625/2463 2329/2629/2466 2322/2621/2459
f 2329/2629/2466 2326/2625/2463 2330/2630/2467
f 2325/2624/2462 2330/2630/2467 2326/2625/2463
f 2330/2630/2467 2325/2624/2462 326/2631/356
f 327/2632/357 326/2631/356 2325/2624/2462
f 2325/2624/2462 2324/2623/2461 327/2632/357
f 328/2516/358 327/2632/357 2324/2623/2461
f 2324/2623/2461 2323/2622/2460 328/2516/358
f 328/2516/358 2323/2622/2460 2226/2514/2359
f 2239/2536/2375 2226/2514/2359 2323/2622/2460
f 2226/2514/2359 2239/2536/2375 2231/2526/2365
f 2327/2627/2464 335/2633/365 337/2626/367
f 335/2633/365 2327/2627/2464 2331/2634/2468
f 2328/2628/2465 2331/2634/2468 2327/2627/2464
f 2331/2634/2468 2328/2628/2465 2329/2629/2466
f 2329/2629/2466 2332/2635/2469 2331/2634/2468
f 2330/2630/2467 2332/2635/2469 2329/2629/2466
f 2332/2635/2469 2330/2630/2467 325/2636/355
f 326/2631/356 325/2636/355 2330/2630/2467
f 325/2636/355 324/2637/354 2332/2635/2469
f 2332/2635/2469 324/2637/354 333/2638/363
f 333/2638/363 2331/2634/2468 2332/2635/2469
f 2331/2634/2468 333/2638/363 335/2633/365
f 2333/2639/2470 2334/2640/2471 2335/2641/2472
f 2336/2642/2473 2337/2643/2474 2334/2640/2471
f 2335/2641/2472 2334/2640/2471 2337/2643/2474
f 2337/2643/2474 2338/2644/2475 2335/2641/2472
f 2339/2645/2476 2340/2646/2477 2341/2647/2478
f 2341/2647/2478 2342/2648/2479 2339/2645/2476
f 2339/2645/2476 2342/2648/2479 2343/2649/2480
f 2343/2649/2480 2344/2650/2481 2339/2645/2476
f 2339/2645/2476 2344/2650/2481 2336/2642/2473
f 2336/2642/2473 2345/2651/2482 2339/2645/2476
f 2334/2640/2471 2345/2651/2482 2336/2642/2473
f 2346/2652/2483 2345/2651/2482 2334/2640/2471
f 2334/2640/2471 2333/2639/2470 2346/2652/2483
f 2347/2653/2484 2346/2652/2483 2333/2639/2470
f 2348/2654/2485 2346/2652/2483 2347/2653/2484
f 2347/2653/2484 2349/2655/2486 2348/2654/2485
f 2346/2652/2483 2348/2654/2485 2339/2645/2476
f 2339/2645/2476 2345/2651/2482 2346/2652/2483
f 1076/2656/2487 1064/2657/2488 2338/2644/2475
f 2338/2644/2475 2337/2643/2474 1076/2656/2487
f 1502/2658/2489 1076/2656/2487 2337/2643/2474
f 2337/2643/2474 2336/2642/2473 1502/2658/2489
f 1492/2659/2490 1502/2658/2489 2336/2642/2473
f 2336/2642/2473 2344/2650/2481 1492/2659/2490
f 1493/2660/2491 1492/2659/2490 2344/2650/2481
f 2344/2650/2481 2343/2649/2480 1493/2660/2491
f 1491/2661/2492 1493/2660/2491 2343/2649/2480
f 2343/2649/2480 2350/2662/2493 1491/2661/2492
f 2350/2662/2493 2343/2649/2480 2342/2648/2479
f 2342/2648/2479 2351/2663/2494 2350/2662/2493
f 2351/2663/2494 2342/2648/2479 2341/2647/2478
f 2341/2647/2478 2352/2664/2495 2351/2663/2494
f 2352/2664/2495 2341/2647/2478 2340/2646/2477
f 2340/2646/2477 2353/2665/2496 2352/2664/2495
f 2354/2666/2497 2353/2665/2496 2340/2646/2477
f 2340/2646/2477 2355/2667/2498 2354/2666/2497
f 1064/2657/2488 1063/2668/2499 2356/2669/2500
f 2356/2669/2500 2338/2644/2475 1064/2657/2488
f 2338/2644/2475 2356/2669/2500 2357/2670/2501
f 2357/2670/2501 2335/2641/2472 2338/2644/2475
f 2358/2671/2502 2335/2641/2472 2357/2670/2501
f 2335/2641/2472 2358/2671/2502 2333/2639/2470
f 2359/2672/2503 2333/2639/2470 2358/2671/2502
f 2333/2639/2470 2359/2672/2503 2347/2653/2484
f 2347/2653/2484 2359/2672/2503 2360/2673/2504
f 2360/2673/2504 2361/2674/2505 2347/2653/2484
f 2349/2655/2486 2347/2653/2484 2361/2674/2505
f 2361/2674/2505 2362/2675/2506 2349/2655/2486
f 2349/2655/2486 2362/2675/2506 2363/2676/2507
f 2363/2676/2507 2364/2677/2508 2349/2655/2486
f 2348/2654/2485 2349/2655/2486 2364/2677/2508
f 2364/2677/2508 2355/2667/2498 2348/2654/2485
f 2339/2645/2476 2348/2654/2485 2355/2667/2498
f 2355/2667/2498 2340/2646/2477 2339/2645/2476
f 2365/2678/2509 2354/2666/2497 2355/2667/2498
f 2355/2667/2498 2364/2677/2508 2365/2678/2509
f 2366/2679/2510 2365/2678/2509 2364/2677/2508
f 2364/2677/2508 2363/2676/2507 2366/2679/2510
f 1723/2680/2511 2366/2679/2510 2363/2676/2507
f 2363/2676/2507 1722/2681/2512 1723/2680/2511
f 1722/2681/2512 2363/2676/2507 2362/2675/2506
f 2362/2675/2506 1721/2682/2513 1722/2681/2512
f 1720/2683/2514 1721/2682/2513 2362/2675/2506
f 2362/2675/2506 2361/2674/2505 1720/2683/2514
f 1719/2684/2515 1720/2683/2514 2361/2674/2505
f 2361/2674/2505 2360/2673/2504 1719/2684/2515
f 1718/2685/2516 1719/2684/2515 2360/2673/2504
f 2360/2673/2504 2367/2686/2517 1718/2685/2516
f 2367/2686/2517 2360/2673/2504 2359/2672/2503
f 2359/2672/2503 2368/2687/2518 2367/2686/2517
f 2358/2671/2502 2368/2687/2518 2359/2672/2503
f 2368/2687/2518 2358/2671/2502 2369/2688/2519
f 1717/2689/2520 1718/2685/2516 2367/2686/2517
f 2367/2686/2517 2370/2690/2521 1717/2689/2520
f 2370/2690/2521 2367/2686/2517 2368/2687/2518
f 2368/2687/2518 2371/2691/2522 2370/2690/2521
f 2369/2688/2519 2371/2691/2522 2368/2687/2518
f 2371/2691/2522 2369/2688/2519 2372/2692/2523
f 2373/2693/2524 2372/2692/2523 2369/2688/2519
f 2372/2692/2523 2373/2693/2524 2374/2694/2525
f 2374/2694/2525 2373/2693/2524 2375/2695/2526
f 2375/2695/2526 2376/2696/2527 2374/2694/2525
f 2377/2697/2528 2374/2694/2525 2376/2696/2527
f 2376/2696/2527 2378/2698/2529 2377/2697/2528
f 2379/2699/2530 2377/2697/2528 2378/2698/2529
f 2378/2698/2529 2380/2700/2531 2379/2699/2530
f 2381/2701/2532 2379/2699/2530 2380/2700/2531
f 2380/2700/2531 2382/2702/2533 2381/2701/2532
f 2383/2703/2534 2381/2701/2532 2382/2702/2533
f 2382/2702/2533 2384/2704/2535 2383/2703/2534
f 2357/2670/2501 2369/2688/2519 2358/2671/2502
f 2369/2688/2519 2357/2670/2501 2373/2693/2524
f 2373/2693/2524 2357/2670/2501 2356/2669/2500
f 2356/2669/2500 2375/2695/2526 2373/2693/2524
f 2375/2695/2526 2356/2669/2500 1063/2668/2499
f 1063/2668/2499 1062/2705/2536 2375/2695/2526
f 2376/2696/2527 2375/2695/2526 1062/2705/2536
f 1062/2705/2536 1061/2706/2537 2376/2696/2527
f 2378/2698/2529 2376/2696/2527 1061/2706/2537
f 1061/2706/2537 1060/2707/2538 2378/2698/2529
f 2380/2700/2531 2378/2698/2529 1060/2707/2538
f 1060/2707/2538 1059/2708/2539 2380/2700/2531
f 2382/2702/2533 2380/2700/2531 1059/2708/2539
f 1059/2708/2539 1048/2709/2540 2382/2702/2533
f 2384/2704/2535 2382/2702/2533 1048/2709/2540
f 1048/2709/2540 1042/2710/2541 2384/2704/2535
f 2385/2711/2542 2384/2704/2535 1042/2710/2541
f 1042/2710/2541 1043/2712/2543 2385/2711/2542
f 2386/2713/2544 2383/2703/2534 2384/2704/2535
f 2384/2704/2535 2385/2711/2542 2386/2713/2544
f 2387/2714/2545 2386/2713/2544 2385/2711/2542
f 2385/2711/2542 2388/2715/2546 2387/2714/2545
f 2389/2716/2547 2387/2714/2545 2388/2715/2546
f 2388/2715/2546 2390/2717/2548 2389/2716/2547
f 2391/2718/2549 2389/2716/2547 2390/2717/2548
f 2390/2717/2548 2392/2719/2550 2391/2718/2549
f 2393/2720/2551 2391/2718/2549 2392/2719/2550
f 2392/2719/2550 2394/2721/2552 2393/2720/2551
f 2395/2722/2553 2393/2720/2551 2394/2721/2552
f 2394/2721/2552 2396/2723/2554 2395/2722/2553
f 2397/2724/2555 2395/2722/2553 2396/2723/2554
f 2396/2723/2554 2398/2725/2556 2397/2724/2555
f 2399/2726/2557 2397/2724/2555 2398/2725/2556
f 2398/2725/2556 2400/2727/2558 2399/2726/2557
f 2401/2728/2559 2399/2726/2557 2400/2727/2558
f 2400/2727/2558 2402/2729/2560 2401/2728/2559
f 2388/2715/2546 2385/2711/2542 1043/2712/2543
f 1043/2712/2543 1047/2730/2561 2388/2715/2546
f 2390/2717/2548 2388/2715/2546 1047/2730/2561
f 1047/2730/2561 2403/2731/2562 2390/2717/2548
f 2392/2719/2550 2390/2717/2548 2403/2731/2562
f 2403/2731/2562 1567/2732/2563 2392/2719/2550
f 2394/2721/2552 2392/2719/2550 1567/2732/2563
f 1567/2732/2563 1566/2733/2564 2394/2721/2552
f 2396/2723/2554 2394/2721/2552 1566/2733/2564
f 1566/2733/2564 1586/2734/2565 2396/2723/2554
f 2398/2725/2556 2396/2723/2554 1586/2734/2565
f 1586/2734/2565 1594/2735/2566 2398/2725/2556
f 2400/2727/2558 2398/2725/2556 1594/2735/2566
f 1594/2735/2566 1600/2736/2567 2400/2727/2558
f 2402/2729/2560 2400/2727/2558 1600/2736/2567
f 1600/2736/2567 1599/2737/2568 2402/2729/2560
f 2404/2738/2569 2402/2729/2560 1599/2737/2568
f 1599/2737/2568 1612/2739/2570 2404/2738/2569
f 2405/2740/2571 2401/2728/2559 2402/2729/2560
f 2402/2729/2560 2404/2738/2569 2405/2740/2571
f 2406/2741/2572 2405/2740/2571 2404/2738/2569
f 2404/2738/2569 2407/2742/2573 2406/2741/2572
f 2408/2743/2574 2406/2741/2572 2407/2742/2573
f 2407/2742/2573 2409/2744/2575 2408/2743/2574
f 2410/2745/2576 2408/2743/2574 2409/2744/2575
f 2409/2744/2575 2411/2746/2577 2410/2745/2576
f 2412/2747/2578 2410/2745/2576 2411/2746/2577
f 2411/2746/2577 2413/2748/2579 2412/2747/2578
f 2407/2742/2573 2404/2738/2569 1612/2739/2570
f 1612/2739/2570 1611/2749/2580 2407/2742/2573
f 2409/2744/2575 2407/2742/2573 1611/2749/2580
f 1611/2749/2580 1617/2750/2581 2409/2744/2575
f 2411/2746/2577 2409/2744/2575 1617/2750/2581
f 1617/2750/2581 1620/2751/2582 2411/2746/2577
f 2413/2748/2579 2411/2746/2577 1620/2751/2582
f 1620/2751/2582 1622/2752/2583 2413/2748/2579
f 2401/2728/2559 2405/2740/2571 2414/2753/2584
f 2415/2754/2585 2414/2753/2584 2405/2740/2571
f 2405/2740/2571 2406/2741/2572 2415/2754/2585
f 2416/2755/2586 2415/2754/2585 2406/2741/2572
f 2406/2741/2572 2408/2743/2574 2416/2755/2586
f 2417/2756/2587 2416/2755/2586 2408/2743/2574
f 2408/2743/2574 2410/2745/2576 2417/2756/2587
f 2417/2756/2587 2410/2745/2576 2412/2747/2578
f 2412/2747/2578 2418/2757/2588 2417/2756/2587
f 2419/2758/2589 2417/2756/2587 2418/2757/2588
f 2417/2756/2587 2419/2758/2589 2420/2759/2590
f 2420/2759/2590 2416/2755/2586 2417/2756/2587
f 2416/2755/2586 2420/2759/2590 2421/2760/2591
f 2421/2760/2591 2415/2754/2585 2416/2755/2586
f 2415/2754/2585 2421/2760/2591 2422/2761/2592
f 2422/2761/2592 2414/2753/2584 2415/2754/2585
f 2414/2753/2584 2422/2761/2592 2423/2762/2593
f 2423/2762/2593 2424/2763/2594 2414/2753/2584
f 2424/2763/2594 2423/2762/2593 2425/2764/2595
f 2425/2764/2595 2426/2765/2596 2424/2763/2594
f 2426/2765/2596 2425/2764/2595 2427/2766/2597
f 2427/2766/2597 2428/2767/2598 2426/2765/2596
f 2428/2767/2598 2427/2766/2597 2429/2768/2599
f 2429/2768/2599 2430/2769/2600 2428/2767/2598
f 2431/2770/2601 2429/2768/2599 2427/2766/2597
f 2427/2766/2597 2432/2771/2602 2431/2770/2601
f 2432/2771/2602 2427/2766/2597 2425/2764/2595
f 2425/2764/2595 2433/2772/2603 2432/2771/2602
f 2433/2772/2603 2425/2764/2595 2423/2762/2593
f 2423/2762/2593 2434/2773/2604 2433/2772/2603
f 2434/2773/2604 2423/2762/2593 2422/2761/2592
f 2422/2761/2592 2435/2774/2605 2434/2773/2604
f 2435/2774/2605 2422/2761/2592 2421/2760/2591
f 2421/2760/2591 2436/2775/2606 2435/2774/2605
f 2436/2775/2606 2421/2760/2591 2420/2759/2590
f 2420/2759/2590 2437/2776/2607 2436/2775/2606
f 2437/2776/2607 2420/2759/2590 2419/2758/2589
f 2419/2758/2589 2438/2777/2608 2437/2776/2607
f 2438/2777/2608 2419/2758/2589 2439/2778/2609
f 2418/2757/2588 2439/2778/2609 2419/2758/2589
f 2439/2778/2609 2440/2779/2610 2438/2777/2608
f 1648/2780/2611 2436/2775/2606 2437/2776/2607
f 2437/2776/2607 1643/2781/2612 1648/2780/2611
f 1643/2781/2612 2437/2776/2607 2438/2777/2608
f 2438/2777/2608 1644/2782/2613 1643/2781/2612
f 1644/2782/2613 2438/2777/2608 2440/2779/2610
f 2440/2779/2610 571/2783/2614 1644/2782/2613
f 1655/2784/2615 2441/2785/2616 2442/2786/2617
f 2442/2786/2617 1657/2787/2618 1655/2784/2615
f 1657/2787/2618 2442/2786/2617 2443/2788/2619
f 2443/2788/2619 1659/2789/2620 1657/2787/2618
f 1659/2789/2620 2443/2788/2619 2444/2790/2621
f 2444/2790/2621 1661/2791/2622 1659/2789/2620
f 1661/2791/2622 2444/2790/2621 2431/2770/2601
f 2431/2770/2601 1662/2792/2623 1661/2791/2622
f 1662/2792/2623 2431/2770/2601 2432/2771/2602
f 2432/2771/2602 1663/2793/2624 1662/2792/2623
f 1663/2793/2624 2432/2771/2602 2433/2772/2603
f 2433/2772/2603 1645/2794/2625 1663/2793/2624
f 1645/2794/2625 2433/2772/2603 2434/2773/2604
f 2434/2773/2604 1646/2795/2626 1645/2794/2625
f 1646/2795/2626 2434/2773/2604 2435/2774/2605
f 2435/2774/2605 1647/2796/2627 1646/2795/2626
f 1647/2796/2627 2435/2774/2605 2436/2775/2606
f 2436/2775/2606 1648/2780/2611 1647/2796/2627
f 2379/2699/2530 2381/2701/2532 2445/2797/2628
f 2446/2798/2629 2445/2797/2628 2381/2701/2532
f 2447/2799/2630 2445/2797/2628 2446/2798/2629
f 2446/2798/2629 2448/2800/2631 2447/2799/2630
f 2449/2801/2632 2447/2799/2630 2448/2800/2631
f 2448/2800/2631 2450/2802/2633 2449/2801/2632
f 2450/2802/2633 2448/2800/2631 2451/2803/2634
f 2451/2803/2634 2452/2804/2635 2450/2802/2633
f 2452/2804/2635 2451/2803/2634 2453/2805/2636
f 2453/2805/2636 2441/2785/2616 2452/2804/2635
f 2441/2785/2616 2453/2805/2636 2454/2806/2637
f 2454/2806/2637 2442/2786/2617 2441/2785/2616
f 2442/2786/2617 2454/2806/2637 2455/2807/2638
f 2455/2807/2638 2443/2788/2619 2442/2786/2617
f 2443/2788/2619 2455/2807/2638 2456/2808/2639
f 2456/2808/2639 2444/2790/2621 2443/2788/2619
f 2444/2790/2621 2456/2808/2639 2429/2768/2599
f 2429/2768/2599 2431/2770/2601 2444/2790/2621
f 2430/2769/2600 2429/2768/2599 2456/2808/2639
f 2456/2808/2639 2457/2809/2640 2430/2769/2600
f 2457/2809/2640 2456/2808/2639 2455/2807/2638
f 2455/2807/2638 2458/2810/2641 2457/2809/2640
f 2458/2810/2641 2455/2807/2638 2454/2806/2637
f 2454/2806/2637 2459/2811/2642 2458/2810/2641
f 2459/2811/2642 2454/2806/2637 2453/2805/2636
f 2453/2805/2636 2460/2812/2643 2459/2811/2642
f 2460/2812/2643 2453/2805/2636 2451/2803/2634
f 2451/2803/2634 2461/2813/2644 2460/2812/2643
f 2461/2813/2644 2451/2803/2634 2448/2800/2631
f 2448/2800/2631 2446/2798/2629 2461/2813/2644
f 2461/2813/2644 2446/2798/2629 2383/2703/2534
f 2381/2701/2532 2383/2703/2534 2446/2798/2629
f 2383/2703/2534 2386/2713/2544 2461/2813/2644
f 2460/2812/2643 2461/2813/2644 2386/2713/2544
f 2386/2713/2544 2387/2714/2545 2460/2812/2643
f 2459/2811/2642 2460/2812/2643 2387/2714/2545
f 2387/2714/2545 2389/2716/2547 2459/2811/2642
f 2458/2810/2641 2459/2811/2642 2389/2716/2547
f 2389/2716/2547 2391/2718/2549 2458/2810/2641
f 2457/2809/2640 2458/2810/2641 2391/2718/2549
f 2391/2718/2549 2393/2720/2551 2457/2809/2640
f 2430/2769/2600 2457/2809/2640 2393/2720/2551
f 2393/2720/2551 2395/2722/2553 2430/2769/2600
f 2428/2767/2598 2430/2769/2600 2395/2722/2553
f 2395/2722/2553 2397/2724/2555 2428/2767/2598
f 2426/2765/2596 2428/2767/2598 2397/2724/2555
f 2397/2724/2555 2399/2726/2557 2426/2765/2596
f 2424/2763/2594 2426/2765/2596 2399/2726/2557
f 2399/2726/2557 2401/2728/2559 2424/2763/2594
f 2414/2753/2584 2424/2763/2594 2401/2728/2559
f 1018/2814/1132 1019/2815/1133 2462/2816/2645
f 2462/2816/2645 2463/2817/2646 1018/2814/1132
f 1018/2814/1132 2463/2817/2646 2464/2818/2647
f 2464/2818/2647 1017/2819/1131 1018/2814/1132
f 1017/2819/1131 2464/2818/2647 2465/2820/2648
f 2465/2820/2648 1016/2821/1130 1017/2819/1131
f 1016/2821/1130 2465/2820/2648 2466/2822/2649
f 2466/2822/2649 1015/2823/1129 1016/2821/1130
f 1015/2823/1129 2466/2822/2649 2467/2824/2650
f 2467/2824/2650 1013/2825/1127 1015/2823/1129
f 1012/2826/1126 1013/2825/1127 2467/2824/2650
f 2467/2824/2650 2468/2827/2651 1012/2826/1126
f 2469/2828/2652 1012/2826/1126 2468/2827/2651
f 2470/2829/2653 2469/2828/2652 2471/2830/2654
f 2468/2827/2651 2471/2830/2654 2469/2828/2652
f 2471/2830/2654 2468/2827/2651 2472/2831/2655
f 2472/2831/2655 2468/2827/2651 2467/2824/2650
f 2467/2824/2650 2473/2832/2656 2472/2831/2655
f 2473/2832/2656 2467/2824/2650 2466/2822/2649
f 2466/2822/2649 2474/2833/2657 2473/2832/2656
f 2474/2833/2657 2466/2822/2649 2465/2820/2648
f 2465/2820/2648 38/38/38 2474/2833/2657
f 38/38/38 2465/2820/2648 2464/2818/2647
f 2464/2818/2647 36/36/36 38/38/38
f 36/36/36 2464/2818/2647 2463/2817/2646
f 2463/2817/2646 34/34/34 36/36/36
f 34/34/34 2463/2817/2646 2462/2816/2645
f 2462/2816/2645 32/32/32 34/34/34
f 30/30/30 32/32/32 2462/2816/2645
f 2462/2816/2645 2475/2834/2658 30/30/30
f 2475/2834/2658 2462/2816/2645 1019/2815/1133
f 1019/2815/1133 1020/2835/1134 2475/2834/2658
f 39/39/39 2474/2833/2657 38/38/38
f 2474/2833/2657 39/39/39 43/43/43
f 43/43/43 2473/2832/2656 2474/2833/2657
f 2473/2832/2656 43/43/43 45/45/45
f 45/45/45 2472/2831/2655 2473/2832/2656
f 53/53/53 2472/2831/2655 45/45/45
f 2472/2831/2655 53/53/53 2471/2830/2654
f 54/54/54 2471/2830/2654 53/53/53
f 2471/2830/2654 54/54/54 2470/2829/2653
f 2476/2836/2659 2470/2829/2653 54/54/54
f 54/54/54 51/51/51 2476/2836/2659
f 2477/2837/2660 2476/2836/2659 51/51/51
f 51/51/51 52/52/52 2477/2837/2660
f 2478/2838/2661 2477/2837/2660 52/52/52
f 52/52/52 55/55/55 2478/2838/2661
f 2479/2839/2662 2478/2838/2661 55/55/55
f 55/55/55 2480/2840/2663 2479/2839/2662
f 2481/2841/2664 2479/2839/2662 2480/2840/2663
f 103/103/106 2482/2842/2665 105/105/108
f 107/107/110 105/105/108 2482/2842/2665
f 2482/2842/2665 2483/2843/2666 107/107/110
f 92/92/94 107/107/113 2483/2843/2667
f 2483/2843/2667 91/91/93 92/92/94
f 2484/2844/2668 91/91/93 2483/2843/2667
f 91/91/93 2484/2844/2668 89/89/91
f 2485/2845/2669 89/89/91 2484/2844/2668
f 87/87/87 89/89/89 2485/2845/2670
f 2485/2845/2670 2486/2846/2671 87/87/87
f 85/85/85 87/87/87 2486/2846/2671
f 2486/2846/2671 2487/2847/2672 85/85/85
f 83/83/83 85/85/85 2487/2847/2672
f 2487/2847/2672 2480/2840/2663 83/83/83
f 84/84/84 83/83/83 2480/2840/2663
f 2480/2840/2663 55/55/55 84/84/84
f 56/56/56 84/84/84 55/55/55
f 84/84/84 56/56/56 64/64/64
f 2480/2840/2663 2487/2847/2672 2481/2841/2664
f 1511/2848/1547 2481/2841/2664 2487/2847/2672
f 2487/2847/2672 2486/2846/2671 1511/2848/1547
f 1505/2849/1546 1511/2848/1547 2486/2846/2671
f 2486/2846/2671 2485/2845/2670 1505/2849/1546
f 1505/2849/1538 2485/2845/2669 2488/2850/2673
f 2484/2844/2668 2488/2850/2673 2485/2845/2669
f 2488/2850/2673 2484/2844/2668 2489/2851/2674
f 2483/2843/2667 2489/2851/2674 2484/2844/2668
f 2490/2852/2675 2489/2851/2676 2483/2843/2666
f 2483/2843/2666 2482/2842/2665 2490/2852/2675
f 2491/2853/2677 2490/2852/2675 2482/2842/2665
f 2482/2842/2665 103/103/106 2491/2853/2677
f 99/99/102 2491/2853/2677 103/103/106
f 2491/2853/2677 99/99/102 2492/2854/2678
f 101/101/104 2492/2854/2678 99/99/102
f 2492/2854/2678 101/101/104 1544/2855/1593
f 1545/2856/1594 1544/2855/1593 101/101/104
f 2488/2850/2673 1506/2857/1539 1505/2849/1538
f 1506/2857/1539 2488/2850/2673 2493/2858/2679
f 2489/2851/2674 2493/2858/2679 2488/2850/2673
f 2494/2859/2680 2493/2858/2681 2489/2851/2676
f 2489/2851/2676 2490/2852/2675 2494/2859/2680
f 2495/2860/2682 2494/2859/2680 2490/2852/2675
f 2490/2852/2675 2491/2853/2677 2495/2860/2682
f 2492/2854/2678 2495/2860/2682 2491/2853/2677
f 2495/2860/2682 2492/2854/2678 1543/2861/1592
f 1544/2855/1593 1543/2861/1592 2492/2854/2678
f 2493/2858/2679 1508/2862/1541 1506/2857/1539
f 1528/2863/1568 1508/2862/1567 2493/2858/2681
f 2493/2858/2681 2494/2859/2680 1528/2863/1568
f 1542/2864/1591 1528/2863/1568 2494/2859/2680
f 2494/2859/2680 2495/2860/2682 1542/2864/1591
f 1543/2861/1592 1542/2864/1591 2495/2860/2682
f 2297/2594/2434 2296/2593/2433 2305/2602/2442
f 2305/2602/2442 2496/2865/2683 2297/2594/2434
f 2496/2865/2683 2305/2602/2442 2307/2604/2444
f 2307/2604/2444 2497/2866/2684 2496/2865/2683
f 2498/2867/2685 2496/2865/2683 2497/2866/2684
f 2497/2866/2684 1552/2868/1601 2498/2867/2685
f 2499/2869/2686 2498/2867/2685 1552/2868/1601
f 1552/2868/1601 1549/2870/1598 2499/2869/2686
f 2499/2869/2686 1549/2870/1598 1548/2871/1597
f 1548/2871/1597 2500/2872/2687 2499/2869/2686
f 2500/2872/2687 1548/2871/1597 1547/2873/1596
f 1547/2873/1596 2501/2874/2688 2500/2872/2687
f 2501/2874/2688 1547/2873/1596 1546/2875/1595
f 1546/2875/1595 2502/2876/2689 2501/2874/2688
f 2502/2876/2689 1546/2875/1595 1545/2856/1594
f 1545/2856/1594 2503/2877/2690 2502/2876/2689
f 101/101/104 2503/2877/2690 1545/2856/1594
f 2503/2877/2690 101/101/104 100/100/103
f 2504/2878/2691 2293/2590/2430 2295/2592/2432
f 2295/2592/2432 2505/2879/2692 2504/2878/2691
f 2505/2879/2692 2295/2592/2432 2297/2594/2434
f 2297/2594/2434 2506/2880/2693 2505/2879/2692
f 2506/2880/2693 2297/2594/2434 2496/2865/2683
f 2496/2865/2683 2498/2867/2685 2506/2880/2693
f 2507/2881/2694 2506/2880/2693 2498/2867/2685
f 2498/2867/2685 2499/2869/2686 2507/2881/2694
f 2507/2881/2694 2499/2869/2686 2500/2872/2687
f 2500/2872/2687 2508/2882/2695 2507/2881/2694
f 2508/2882/2695 2500/2872/2687 2501/2874/2688
f 2501/2874/2688 2509/2883/2696 2508/2882/2695
f 2509/2883/2696 2501/2874/2688 2502/2876/2689
f 2510/2884/2697 2511/2885/2698 2512/2886/2699
f 2513/2887/2700 2512/2886/2699 2511/2885/2698
f 2511/2885/2698 2514/2888/2701 2513/2887/2700
f 2509/2883/2696 2513/2887/2700 2514/2888/2701
f 2514/2888/2701 2508/2882/2695 2509/2883/2696
f 2508/2882/2695 2514/2888/2701 2515/2889/2702
f 2515/2889/2702 2507/2881/2694 2508/2882/2695
f 2506/2880/2693 2507/2881/2694 2515/2889/2702
f 2515/2889/2702 2505/2879/2692 2506/2880/2693
f 2505/2879/2692 2515/2889/2702 2516/2890/2703
f 2516/2890/2703 2504/2878/2691 2505/2879/2692
f 2504/2878/2691 2516/2890/2703 2517/2891/2704
f 2517/2891/2704 2518/2892/2705 2504/2878/2691
f 2515/2889/2702 2514/2888/2701 2511/2885/2698
f 2511/2885/2698 2516/2890/2703 2515/2889/2702
f 2517/2891/2704 2516/2890/2703 2511/2885/2698
f 2511/2885/2698 2510/2884/2697 2517/2891/2704
f 100/100/103 124/124/131 2503/2877/2690
f 2502/2876/2689 2503/2877/2690 124/124/131
f 124/124/131 123/123/130 2502/2876/2689
f 2502/2876/2689 123/123/130 2509/2883/2696
f 2509/2883/2696 123/123/130 121/121/128
f 121/121/128 2513/2887/2700 2509/2883/2696
f 2513/2887/2700 121/121/128 119/119/126
f 119/119/126 2512/2886/2699 2513/2887/2700
f 115/115/122 2512/2886/2699 119/119/126
f 2512/2886/2699 115/115/122 2510/2884/2697
f 117/117/124 2510/2884/2697 115/115/122
f 2510/2884/2697 117/117/124 2519/2893/2706
f 2519/2893/2706 2517/2891/2704 2510/2884/2697
f 2517/2891/2704 2519/2893/2706 2299/2596/2436
f 2299/2596/2436 2518/2892/2705 2517/2891/2704
f 2291/2588/2428 2518/2892/2705 2299/2596/2436
f 2518/2892/2705 2291/2588/2428 2293/2590/2430
f 2293/2590/2430 2504/2878/2691 2518/2892/2705
f 1578/2894/2707 2520/2895/2707 2521/2896/2707
f 1587/2897/2707 1578/2894/2707 2522/2898/2707
f 2523/2899/2707 547/2900/2707 549/2901/2707
f 547/2900/2707 2523/2899/2707 2524/2902/2707
f 2522/2898/2707 2524/2902/2707 2523/2899/2707
f 2524/2902/2707 2522/2898/2707 1578/2894/2707
f 1578/2894/2707 2525/2903/2707 2524/2902/2707
f 2521/2896/2707 2525/2903/2707 1578/2894/2707
f 2525/2903/2707 2521/2896/2707 541/2904/2707
f 537/2905/2707 541/2904/2707 2521/2896/2707
f 2521/2896/2707 2520/2895/2707 537/2905/2707
f 2520/2895/2707 2526/2906/2707 537/2905/2707
f 2526/2906/2707 2520/2895/2707 1578/2894/2707
f 1578/2894/2707 1577/2907/2707 2526/2906/2707
f 2526/2906/2707 1577/2907/2707 1554/2908/2707
f 1554/2908/2707 2527/2909/2707 2526/2906/2707
f 2527/2909/2707 1554/2908/2707 1553/2910/2707
f 1553/2910/2707 2528/2911/2707 2527/2909/2707
f 2527/2909/2707 2528/2911/2707 537/2905/2707
f 537/2905/2707 2526/2906/2707 2527/2909/2707
f 541/2904/2707 543/2912/2707 2525/2903/2707
f 2525/2903/2707 543/2912/2707 545/2913/2707
f 545/2913/2707 2524/2902/2707 2525/2903/2707
f 2524/2902/2707 545/2913/2707 547/2900/2707
f 1604/2914/2707 1603/2915/2707 1587/2897/2707
f 1587/2897/2707 2529/2916/2707 1604/2914/2707
f 2522/2898/2707 2529/2916/2707 1587/2897/2707
f 2529/2916/2707 2522/2898/2707 2530/2917/2707
f 2523/2899/2707 2530/2917/2707 2522/2898/2707
f 2530/2917/2707 2523/2899/2707 2531/2918/2707
f 549/2901/2707 2531/2918/2707 2523/2899/2707
f 1622/2919/2707 2531/2918/2707 549/2901/2707
f 549/2901/2707 551/2920/2707 1622/2919/2707
f 2532/2921/2707 1622/2919/2707 551/2920/2707
f 551/2920/2707 553/2922/2707 2532/2921/2707
f 2533/2923/2707 2532/2921/2707 553/2922/2707
f 553/2922/2707 555/2924/2707 2533/2923/2707
f 2533/2923/2707 555/2924/2707 557/2925/2707
f 557/2925/2707 2534/2926/2707 2533/2923/2707
f 2534/2926/2707 557/2925/2707 571/2927/2707
f 571/2927/2707 2440/2928/2707 2534/2926/2707
f 2418/2929/2707 2534/2926/2707 2440/2928/2707
f 2440/2928/2707 2439/2930/2707 2418/2929/2707
f 2413/2931/2707 1622/2919/2707 2532/2921/2707
f 2412/2932/2707 2413/2931/2707 2532/2921/2707
f 2532/2921/2707 2533/2923/2707 2412/2932/2707
f 2412/2932/2707 2533/2923/2707 2534/2926/2707
f 2534/2926/2707 2418/2929/2707 2412/2932/2707
f 1622/2919/2707 2535/2933/2707 2531/2918/2707
f 2531/2918/2707 2535/2933/2707 2530/2917/2707
f 2536/2934/2707 2530/2917/2707 2535/2933/2707
f 2530/2917/2707 2536/2934/2707 2529/2916/2707
f 1604/2914/2707 2529/2916/2707 2536/2934/2707
f 2536/2934/2707 1605/2935/2707 1604/2914/2707
f 1605/2935/2707 2536/2934/2707 2537/2936/2707
f 2537/2936/2707 1613/2937/2707 1605/2935/2707
f 2537/2936/2707 1618/2938/2707 1613/2937/2707
f 2537/2936/2707 1621/2939/2707 1618/2938/2707
f 1622/2919/2707 1621/2939/2707 2537/2936/2707
f 2537/2936/2707 2535/2933/2707 1622/2919/2707
f 2535/2933/2707 2537/2936/2707 2536/2934/2707
f 712/2940/2708 2538/2941/2708 2539/2942/2709
f 2539/2942/2709 708/2943/2710 712/2940/2708
f 708/2943/2710 2539/2942/2709 2225/2944/2711
f 2225/2944/2711 709/2945/2711 708/2943/2710
f 2540/2946/2712 2541/2947/2713 2542/2948/2714
f 2542/2948/2714 2543/2949/2715 2540/2946/2712
f 2544/2950/2716 2540/2946/2712 2543/2949/2715
f 2543/2949/2715 2545/2951/2717 2544/2950/2716
f 2546/2952/2718 1746/2953/1807 1741/2954/1802
f 1751/2955/2719 1746/2953/1807 2546/2952/2718
f 2546/2952/2718 2547/2956/2720 1751/2955/2719
f 2547/2956/2720 2546/2952/2718 2548/2957/2721
f 2549/2958/2722 2548/2957/2721 2546/2952/2718
f 2546/2952/2718 2550/2959/2723 2549/2958/2722
f 2551/2960/2724 2552/2961/2725 2553/2962/2726
f 2553/2962/2726 2554/2963/2727 2551/2960/2724
f 2555/2964/2728 2551/2960/2724 2554/2963/2727
f 2554/2963/2727 2556/2965/2729 2555/2964/2728
f 2557/2966/2730 2555/2964/2728 2556/2965/2729
f 2556/2965/2729 2558/2967/2731 2557/2966/2730
f 2559/2968/2732 2557/2966/2730 2558/2967/2731
f 2558/2967/2731 2560/2969/2733 2559/2968/2732
f 2561/2970/2734 2559/2968/2732 2560/2969/2733
f 2560/2969/2733 2562/2971/2735 2561/2970/2734
f 2563/2972/2736 2561/2970/2734 2562/2971/2735
f 2562/2971/2735 2564/2973/2737 2563/2972/2736
f 2564/2973/2737 2562/2971/2735 2565/2974/2738
f 2566/2975/2739 2565/2974/2738 2562/2971/2735
f 2565/2974/2738 2567/2976/2740 2564/2973/2737
f 2562/2971/2735 2560/2969/2733 2566/2975/2739
f 2568/2977/2741 2566/2975/2739 2560/2969/2733
f 2560/2969/2733 2558/2967/2731 2568/2977/2741
f 2569/2978/2742 2568/2977/2741 2558/2967/2731
f 2558/2967/2731 2556/2965/2729 2569/2978/2742
f 2570/2979/2743 2569/2978/2742 2556/2965/2729
f 2556/2965/2729 2554/2963/2727 2570/2979/2743
f 2571/2980/2744 2570/2979/2743 2554/2963/2727
f 2554/2963/2727 2553/2962/2726 2571/2980/2744
f 2561/2981/2745 2563/2982/2746 2572/2983/2747
f 2572/2983/2747 2573/2984/2748 2561/2981/2745
f 2561/2981/2745 2573/2984/2748 2574/2985/2749
f 2574/2985/2749 2559/2986/2750 2561/2981/2745
f 2559/2986/2750 2574/2985/2749 2575/2987/2751
f 2575/2987/2751 2557/2988/2752 2559/2986/2750
f 2557/2988/2752 2575/2987/2751 2576/2989/2753
f 2576/2989/2753 2555/2990/2754 2557/2988/2752
f 2555/2990/2754 2576/2989/2753 2577/2991/2755
f 2577/2991/2755 2551/2992/2756 2555/2990/2754
f 2551/2992/2756 2577/2991/2755 2578/2993/2757
f 2578/2993/2757 2552/2994/2758 2551/2992/2756
f 2553/2995/2759 2552/2994/2758 2578/2993/2757
f 2578/2993/2757 2579/2996/2760 2553/2995/2759
f 2553/2995/2759 2579/2996/2760 2580/2997/2761
f 2580/2997/2761 2571/2998/2761 2553/2995/2759
f 2581/2999/2762 2582/3000/2763 2583/3001/2764
f 2583/3001/2764 2584/3002/2765 2581/2999/2762
f 2585/3003/2766 2581/2999/2762 2584/3002/2765
f 2584/3002/2765 2586/3004/2767 2585/3003/2766
f 2585/3003/2766 2586/3004/2767 2587/3005/2768
f 2588/3006/2769 2587/3005/2768 2586/3004/2767
f 2582/3000/2763 2589/3007/2770 2590/3008/2771
f 2590/3008/2771 2583/3001/2764 2582/3000/2763
f 2583/3001/2764 2590/3008/2771 2591/3009/2772
f 2591/3009/2772 2592/3010/2773 2583/3001/2764
f 2584/3002/2765 2583/3001/2764 2592/3010/2773
f 2592/3010/2773 2593/3011/2774 2584/3002/2765
f 2586/3004/2767 2584/3002/2765 2593/3011/2774
f 2593/3011/2774 2594/3012/2775 2586/3004/2767
f 2586/3004/2767 2594/3012/2775 2588/3006/2769
f 2595/3013/2776 2588/3006/2769 2594/3012/2775
f 2589/3007/2770 2596/3014/2777 2597/3015/2778
f 2597/3015/2778 2590/3008/2771 2589/3007/2770
f 2590/3008/2771 2597/3015/2778 2598/3016/2779
f 2598/3016/2779 2591/3009/2772 2590/3008/2771
f 2591/3009/2772 2598/3016/2779 2599/3017/2780
f 2599/3017/2780 2600/3018/2781 2591/3009/2772
f 2592/3010/2773 2591/3009/2772 2600/3018/2781
f 2600/3018/2781 2601/3019/2782 2592/3010/2773
f 2593/3011/2774 2592/3010/2773 2601/3019/2782
f 2601/3019/2782 2602/3020/2783 2593/3011/2774
f 2594/3012/2775 2593/3011/2774 2602/3020/2783
f 2602/3020/2783 2603/3021/2784 2594/3012/2775
f 2594/3012/2775 2603/3021/2784 2595/3013/2776
f 2604/3022/2785 2595/3013/2776 2603/3021/2784
f 2595/3013/2776 2604/3022/2785 2605/3023/2786
f 2606/3024/2787 2605/3023/2786 2604/3022/2785
f 2597/3015/2778 2607/3025/2788 2608/3026/2789
f 2608/3026/2789 2598/3016/2779 2597/3015/2778
f 2598/3016/2779 2608/3026/2789 2609/3027/2790
f 2609/3027/2790 2599/3017/2780 2598/3016/2779
f 2599/3017/2780 2609/3027/2790 2610/3028/2791
f 2610/3028/2791 2611/3029/2792 2599/3017/2780
f 2600/3018/2781 2599/3017/2780 2611/3029/2792
f 2611/3029/2792 2612/3030/2793 2600/3018/2781
f 2601/3019/2782 2600/3018/2781 2612/3030/2793
f 2612/3030/2793 2613/3031/2794 2601/3019/2782
f 2602/3020/2783 2601/3019/2782 2613/3031/2794
f 2613/3031/2794 2614/3032/2795 2602/3020/2783
f 2603/3021/2784 2602/3020/2783 2614/3032/2795
f 2614/3032/2795 2615/3033/2796 2603/3021/2784
f 2603/3021/2784 2615/3033/2796 2604/3022/2785
f 2616/3034/2797 2604/3022/2785 2615/3033/2796
f 2604/3022/2785 2616/3034/2797 2606/3024/2787
f 2617/3035/2798 2606/3024/2787 2616/3034/2797
f 2618/3036/2799 2609/3027/2790 2608/3026/2789
f 2609/3027/2790 2618/3036/2799 2619/3037/2800
f 2619/3037/2800 2610/3028/2791 2609/3027/2790
f 2610/3028/2791 2619/3037/2800 2620/3038/2801
f 2620/3038/2801 2621/3039/2802 2610/3028/2791
f 2611/3029/2792 2610/3028/2791 2621/3039/2802
f 2621/3039/2802 2622/3040/2803 2611/3029/2792
f 2612/3030/2793 2611/3029/2792 2622/3040/2803
f 2622/3040/2803 2623/3041/2804 2612/3030/2793
f 2613/3031/2794 2612/3030/2793 2623/3041/2804
f 2623/3041/2804 2624/3042/2805 2613/3031/2794
f 2614/3032/2795 2613/3031/2794 2624/3042/2805
f 2624/3042/2805 2625/3043/2806 2614/3032/2795
f 2615/3033/2796 2614/3032/2795 2625/3043/2806
f 2625/3043/2806 2626/3044/2807 2615/3033/2796
f 2615/3033/2796 2626/3044/2807 2616/3034/2797
f 2627/3045/2808 2616/3034/2797 2626/3044/2807
f 2616/3034/2797 2627/3045/2808 2617/3035/2798
f 2628/3046/2809 2617/3035/2798 2627/3045/2808
f 2629/3047/2810 2630/3048/2811 2623/3041/2804
f 2623/3041/2804 2622/3040/2803 2629/3047/2810
f 2631/3049/2812 2629/3047/2810 2622/3040/2803
f 2622/3040/2803 2621/3039/2802 2631/3049/2812
f 2632/3050/2813 2631/3049/2812 2621/3039/2802
f 2621/3039/2802 2620/3038/2801 2632/3050/2813
f 2633/3051/2814 2632/3050/2813 2620/3038/2801
f 2620/3038/2801 2634/3052/2815 2633/3051/2814
f 2634/3052/2815 2620/3038/2801 2619/3037/2800
f 2619/3037/2800 2635/3053/2816 2634/3052/2815
f 2635/3053/2816 2619/3037/2800 2618/3036/2799
f 2618/3036/2799 2636/3054/2817 2635/3053/2816
f 2636/3054/2817 2618/3036/2799 2637/3055/2818
f 2637/3055/2818 2638/3056/2819 2636/3054/2817
f 2638/3056/2819 2637/3055/2818 2639/3057/2820
f 2639/3057/2820 2640/3058/2821 2638/3056/2819
f 2640/3058/2821 2639/3057/2820 2641/3059/2822
f 2641/3059/2822 2642/3060/2823 2640/3058/2821
f 2643/3061/2824 2644/3062/2825 2645/3063/2826
f 2646/3064/2827 2645/3063/2826 2644/3062/2825
f 2644/3062/2825 2647/3065/2828 2646/3064/2827
f 2648/3066/2829 2646/3064/2827 2647/3065/2828
f 2647/3065/2828 2649/3067/2830 2648/3066/2829
f 2650/3068/2831 2648/3066/2829 2649/3067/2830
f 2649/3067/2830 2651/3069/2832 2650/3068/2831
f 2651/3069/2832 2649/3067/2830 2633/3051/2814
f 2633/3051/2814 2652/3070/2833 2651/3069/2832
f 2652/3070/2833 2633/3051/2814 2634/3052/2815
f 2634/3052/2815 2653/3071/2834 2652/3070/2833
f 2653/3071/2834 2634/3052/2815 2635/3053/2816
f 2635/3053/2816 2654/3072/2835 2653/3071/2834
f 2654/3072/2835 2635/3053/2816 2636/3054/2817
f 2636/3054/2817 2655/3073/2836 2654/3072/2835
f 2655/3073/2836 2636/3054/2817 2638/3056/2819
f 2638/3056/2819 2656/3074/2837 2655/3073/2836
f 2656/3074/2837 2638/3056/2819 2640/3058/2821
f 2646/3064/2827 2648/3066/2829 2657/3075/2838
f 2658/3076/2839 2657/3075/2838 2648/3066/2829
f 2648/3066/2829 2650/3068/2831 2658/3076/2839
f 2657/3075/2838 2658/3076/2839 2659/3077/2840
f 2645/3063/2826 2646/3064/2827 2660/3078/2841
f 2657/3075/2838 2660/3078/2841 2646/3064/2827
f 2660/3078/2841 2657/3075/2838 2661/3079/2842
f 2659/3077/2840 2661/3079/2842 2657/3075/2838
f 2661/3079/2842 2659/3077/2840 2662/3080/2843
f 2663/3081/2844 2662/3080/2843 2659/3077/2840
f 2662/3080/2843 2663/3081/2844 2664/3082/2845
f 2665/3083/2846 2666/3084/2847 2667/3085/2848
f 2667/3085/2848 2668/3086/2849 2665/3083/2846
f 2669/3087/2850 2665/3083/2846 2668/3086/2849
f 2668/3086/2849 2670/3088/2851 2669/3087/2850
f 2671/3089/2852 2669/3087/2850 2670/3088/2851
f 2670/3088/2851 2672/3090/2853 2671/3089/2852
f 2673/3091/2854 2671/3089/2852 2672/3090/2853
f 2671/3089/2852 2673/3091/2854 2674/3092/2855
f 2674/3092/2855 2675/3093/2856 2671/3089/2852
f 2675/3093/2856 2674/3092/2855 2676/3094/2857
f 2676/3094/2857 2677/3095/2858 2675/3093/2856
f 2677/3095/2858 2676/3094/2857 2645/3063/2826
f 2645/3063/2826 2678/3096/2859 2677/3095/2858
f 2660/3078/2841 2678/3096/2859 2645/3063/2826
f 2678/3096/2859 2660/3078/2841 2679/3097/2860
f 2661/3079/2842 2679/3097/2860 2660/3078/2841
f 2679/3097/2860 2661/3079/2842 2680/3098/2861
f 2662/3080/2843 2680/3098/2861 2661/3079/2842
f 2681/3099/2862 2682/3100/2863 2665/3083/2846
f 2665/3083/2846 2669/3087/2850 2681/3099/2862
f 2675/3093/2856 2681/3099/2862 2669/3087/2850
f 2669/3087/2850 2671/3089/2852 2675/3093/2856
f 2683/3101/2864 2684/3102/2865 2685/3103/2866
f 2685/3103/2866 2686/3104/2867 2683/3101/2864
f 2686/3104/2867 2685/3103/2866 2687/3105/2868
f 2687/3105/2868 2688/3106/2869 2686/3104/2867
f 2688/3106/2869 2687/3105/2868 2689/3107/2870
f 2689/3107/2870 2690/3108/2871 2688/3106/2869
f 2690/3108/2871 2689/3107/2870 2691/3109/2872
f 2691/3109/2872 2692/3110/2873 2690/3108/2871
f 2693/3111/2874 2692/3110/2873 2691/3109/2872
f 2672/3090/2853 2692/3110/2873 2693/3111/2874
f 2693/3111/2874 2694/3112/2875 2672/3090/2853
f 2672/3090/2853 2694/3112/2875 2673/3091/2854
f 2695/3113/2876 2673/3091/2854 2694/3112/2875
f 2674/3092/2855 2673/3091/2854 2695/3113/2876
f 2695/3113/2876 2696/3114/2877 2674/3092/2855
f 2676/3094/2857 2674/3092/2855 2696/3114/2877
f 2696/3114/2877 2643/3061/2824 2676/3094/2857
f 2645/3063/2826 2676/3094/2857 2643/3061/2824
f 2632/3050/2813 2633/3051/2814 2649/3067/2830
f 2649/3067/2830 2647/3065/2828 2632/3050/2813
f 2631/3049/2812 2632/3050/2813 2647/3065/2828
f 2647/3065/2828 2644/3062/2825 2631/3049/2812
f 2629/3047/2810 2631/3049/2812 2644/3062/2825
f 2644/3062/2825 2643/3061/2824 2629/3047/2810
f 2630/3048/2811 2629/3047/2810 2643/3061/2824
f 2643/3061/2824 2696/3114/2877 2630/3048/2811
f 2697/3115/2878 2630/3048/2811 2696/3114/2877
f 2696/3114/2877 2695/3113/2876 2697/3115/2878
f 2698/3116/2879 2697/3115/2878 2695/3113/2876
f 2695/3113/2876 2699/3117/2880 2698/3116/2879
f 2694/3112/2875 2699/3117/2880 2695/3113/2876
f 2700/3118/2881 2699/3117/2880 2694/3112/2875
f 2694/3112/2875 2693/3111/2874 2700/3118/2881
f 2700/3118/2881 2693/3111/2874 2701/3119/2882
f 2691/3109/2872 2701/3119/2882 2693/3111/2874
f 2701/3119/2882 2702/3120/2883 2700/3118/2881
f 2703/3121/2884 2700/3118/2881 2702/3120/2883
f 2699/3117/2880 2700/3118/2881 2703/3121/2884
f 2703/3121/2884 2698/3116/2879 2699/3117/2880
f 2704/3122/2885 2687/3105/2868 2685/3103/2866
f 2687/3105/2868 2704/3122/2885 2705/3123/2886
f 2705/3123/2886 2689/3107/2870 2687/3105/2868
f 2689/3107/2870 2705/3123/2886 2706/3124/2887
f 2706/3124/2887 2691/3109/2872 2689/3107/2870
f 2691/3109/2872 2706/3124/2887 2707/3125/2888
f 2707/3125/2888 2701/3119/2882 2691/3109/2872
f 2701/3119/2882 2707/3125/2888 2628/3046/2809
f 2628/3046/2809 2702/3120/2883 2701/3119/2882
f 2627/3045/2808 2702/3120/2883 2628/3046/2809
f 2702/3120/2883 2627/3045/2808 2703/3121/2884
f 2626/3044/2807 2703/3121/2884 2627/3045/2808
f 2698/3116/2879 2703/3121/2884 2626/3044/2807
f 2626/3044/2807 2625/3043/2806 2698/3116/2879
f 2697/3115/2878 2698/3116/2879 2625/3043/2806
f 2625/3043/2806 2624/3042/2805 2697/3115/2878
f 2630/3048/2811 2697/3115/2878 2624/3042/2805
f 2624/3042/2805 2623/3041/2804 2630/3048/2811
f 2705/3123/2886 2708/3126/2889 2709/3127/2890
f 2709/3127/2890 2706/3124/2887 2705/3123/2886
f 2706/3124/2887 2709/3127/2890 2710/3128/2891
f 2710/3128/2891 2707/3125/2888 2706/3124/2887
f 2628/3046/2809 2707/3125/2888 2710/3128/2891
f 2710/3128/2891 2711/3129/2892 2628/3046/2809
f 2617/3035/2798 2628/3046/2809 2711/3129/2892
f 2711/3129/2892 2712/3130/2893 2617/3035/2798
f 2606/3024/2787 2617/3035/2798 2712/3130/2893
f 2712/3130/2893 2713/3131/2894 2606/3024/2787
f 2605/3023/2786 2606/3024/2787 2713/3131/2894
f 2713/3131/2894 2714/3132/2895 2605/3023/2786
f 2715/3133/2896 2605/3023/2786 2714/3132/2895
f 2714/3132/2895 2716/3134/2897 2715/3133/2896
f 2717/3135/2898 2715/3133/2896 2716/3134/2897
f 2716/3134/2897 2718/3136/2899 2717/3135/2898
f 2719/3137/2900 2717/3135/2898 2718/3136/2899
f 2718/3136/2899 2720/3138/2901 2719/3137/2900
f 2721/3139/2902 2722/3140/2903 2723/3141/2904
f 2723/3141/2904 2724/3142/2905 2721/3139/2902
f 2709/3127/2890 2721/3139/2902 2724/3142/2905
f 2724/3142/2905 2710/3128/2891 2709/3127/2890
f 2711/3129/2892 2710/3128/2891 2724/3142/2905
f 2724/3142/2905 2725/3143/2906 2711/3129/2892
f 2712/3130/2893 2711/3129/2892 2725/3143/2906
f 2725/3143/2906 2726/3144/2907 2712/3130/2893
f 2713/3131/2894 2712/3130/2893 2726/3144/2907
f 2726/3144/2907 2727/3145/2908 2713/3131/2894
f 2714/3132/2895 2713/3131/2894 2727/3145/2908
f 2727/3145/2908 2728/3146/2909 2714/3132/2895
f 2716/3134/2897 2714/3132/2895 2728/3146/2909
f 2728/3146/2909 2729/3147/2910 2716/3134/2897
f 2718/3136/2899 2716/3134/2897 2729/3147/2910
f 2729/3147/2910 2730/3148/2911 2718/3136/2899
f 2720/3138/2901 2718/3136/2899 2730/3148/2911
f 2730/3148/2911 2731/3149/2912 2720/3138/2901
f 2732/3150/2913 2720/3138/2901 2731/3149/2912
f 2731/3149/2912 2733/3151/2914 2732/3150/2913
f 2732/3150/2913 2733/3151/2914 2734/3152/2915
f 2735/3153/2916 2734/3152/2915 2733/3151/2914
f 2733/3151/2914 2731/3149/2912 2735/3153/2916
f 2736/3154/2917 2735/3153/2916 2731/3149/2912
f 2731/3149/2912 2730/3148/2911 2736/3154/2917
f 2737/3155/2918 2736/3154/2917 2730/3148/2911
f 2730/3148/2911 2729/3147/2910 2737/3155/2918
f 2738/3156/2919 2737/3155/2918 2729/3147/2910
f 2729/3147/2910 2728/3146/2909 2738/3156/2919
f 2739/3157/2920 2738/3156/2919 2728/3146/2909
f 2728/3146/2909 2727/3145/2908 2739/3157/2920
f 2740/3158/2921 2739/3157/2920 2727/3145/2908
f 2727/3145/2908 2726/3144/2907 2740/3158/2921
f 2741/3159/2922 2740/3158/2921 2726/3144/2907
f 2726/3144/2907 2725/3143/2906 2741/3159/2922
f 2723/3141/2904 2741/3159/2922 2725/3143/2906
f 2725/3143/2906 2724/3142/2905 2723/3141/2904
f 2734/3152/2915 2742/3160/2923 2732/3150/2913
f 2743/3161/2924 2719/3137/2900 2720/3138/2901
f 2720/3138/2901 2732/3150/2913 2743/3161/2924
f 2744/3162/2925 2743/3161/2924 2732/3150/2913
f 2732/3150/2913 2742/3160/2923 2744/3162/2925
f 2744/3162/2925 2742/3160/2923 2745/3163/2926
f 2746/3164/2927 2745/3163/2926 2742/3160/2923
f 2742/3160/2923 2734/3152/2915 2746/3164/2927
f 2747/3165/2928 2746/3164/2927 2734/3152/2915
f 2734/3152/2915 2735/3153/2916 2747/3165/2928
f 2748/3166/2929 2747/3165/2928 2735/3153/2916
f 2735/3153/2916 2736/3154/2917 2748/3166/2929
f 2749/3167/2930 2748/3166/2929 2736/3154/2917
f 2736/3154/2917 2737/3155/2918 2749/3167/2930
f 2750/3168/2931 2749/3167/2930 2737/3155/2918
f 2737/3155/2918 2738/3156/2919 2750/3168/2931
f 2751/3169/2932 2750/3168/2931 2738/3156/2919
f 2738/3156/2919 2739/3157/2920 2751/3169/2932
f 2752/3170/2933 2751/3169/2932 2739/3157/2920
f 2753/3171/2934 2754/3172/2935 2747/3165/2928
f 2747/3165/2928 2748/3166/2929 2753/3171/2934
f 2755/3173/2936 2753/3171/2934 2748/3166/2929
f 2748/3166/2929 2749/3167/2930 2755/3173/2936
f 2756/3174/2937 2755/3173/2936 2749/3167/2930
f 2749/3167/2930 2750/3168/2931 2756/3174/2937
f 2757/3175/2938 2756/3174/2937 2750/3168/2931
f 2750/3168/2931 2751/3169/2932 2757/3175/2938
f 2758/3176/2939 2757/3175/2938 2751/3169/2932
f 2751/3169/2932 2752/3170/2933 2758/3176/2939
f 2759/3177/2940 2758/3176/2939 2752/3170/2933
f 2752/3170/2933 2760/3178/2941 2759/3177/2940
f 2761/3179/2942 2759/3177/2940 2760/3178/2941
f 2760/3178/2941 2762/3180/2943 2761/3179/2942
f 2763/3181/2944 2761/3179/2942 2762/3180/2943
f 2762/3180/2943 2764/3182/2945 2763/3181/2944
f 2765/3183/2946 2763/3181/2944 2764/3182/2945
f 2764/3182/2945 2766/3184/2947 2765/3183/2946
f 2767/3185/2948 2768/3186/2949 2769/3187/2950
f 2770/3188/2951 2769/3187/2950 2768/3186/2949
f 2768/3186/2949 2754/3172/2935 2770/3188/2951
f 2771/3189/2952 2770/3188/2951 2754/3172/2935
f 2754/3172/2935 2753/3171/2934 2771/3189/2952
f 2772/3190/2953 2771/3189/2952 2753/3171/2934
f 2753/3171/2934 2755/3173/2936 2772/3190/2953
f 2773/3191/2954 2772/3190/2953 2755/3173/2936
f 2755/3173/2936 2756/3174/2937 2773/3191/2954
f 2774/3192/2955 2773/3191/2954 2756/3174/2937
f 2756/3174/2937 2757/3175/2938 2774/3192/2955
f 2775/3193/2956 2774/3192/2955 2757/3175/2938
f 2757/3175/2938 2758/3176/2939 2775/3193/2956
f 2776/3194/2957 2775/3193/2956 2758/3176/2939
f 2758/3176/2939 2759/3177/2940 2776/3194/2957
f 2777/3195/2958 2776/3194/2957 2759/3177/2940
f 2759/3177/2940 2761/3179/2942 2777/3195/2958
f 2778/3196/2959 2777/3195/2958 2761/3179/2942
f 2761/3179/2942 2763/3181/2944 2778/3196/2959
f 2544/3197/2960 2778/3196/2959 2763/3181/2944
f 2763/3181/2944 2765/3183/2946 2544/3197/2960
f 2779/3198/2961 2544/3197/2960 2765/3183/2946
f 2765/3183/2946 2780/3199/2962 2779/3198/2961
f 2781/3200/2963 2779/3198/2961 2780/3199/2962
f 2780/3199/2962 2782/3201/2964 2781/3200/2963
f 2783/3202/2965 2781/3200/2963 2782/3201/2964
f 2782/3201/2964 2784/3203/2966 2783/3202/2965
f 2785/3204/2967 2783/3202/2965 2784/3203/2966
f 2784/3203/2966 2786/3205/2968 2785/3204/2967
f 2787/3206/2969 2785/3204/2967 2786/3205/2968
f 2786/3205/2968 2788/3207/2970 2787/3206/2969
f 2789/3208/2971 2787/3206/2969 2788/3207/2970
f 2788/3207/2970 2790/3209/2972 2789/3208/2971
f 2791/3210/2973 2789/3208/2971 2790/3209/2972
f 2790/3209/2972 2792/3211/2974 2791/3210/2973
f 2793/3212/2975 2791/3210/2973 2792/3211/2974
f 2794/3213/2976 2541/3214/2977 2540/3215/2978
f 2540/3215/2978 2795/3216/2979 2794/3213/2976
f 2795/3216/2979 2540/3215/2978 2544/3197/2960
f 2544/3197/2960 2779/3198/2961 2795/3216/2979
f 2796/3217/2980 2795/3216/2979 2779/3198/2961
f 2779/3198/2961 2781/3200/2963 2796/3217/2980
f 2797/3218/2981 2796/3217/2980 2781/3200/2963
f 2781/3200/2963 2783/3202/2965 2797/3218/2981
f 2798/3219/2982 2797/3218/2981 2783/3202/2965
f 2783/3202/2965 2785/3204/2967 2798/3219/2982
f 2799/3220/2983 2798/3219/2982 2785/3204/2967
f 2785/3204/2967 2787/3206/2969 2799/3220/2983
f 2800/3221/2984 2799/3220/2983 2787/3206/2969
f 2787/3206/2969 2789/3208/2971 2800/3221/2984
f 2801/3222/2985 2800/3221/2984 2789/3208/2971
f 2789/3208/2971 2791/3210/2973 2801/3222/2985
f 2802/3223/2986 2801/3222/2985 2791/3210/2973
f 2791/3210/2973 2793/3212/2975 2802/3223/2986
f 2803/3224/2987 2802/3223/2986 2793/3212/2975
f 2793/3212/2975 2804/3225/2988 2803/3224/2987
f 2805/3226/2989 2794/3213/2976 2795/3216/2979
f 2795/3216/2979 2796/3217/2980 2805/3226/2989
f 2806/3227/2990 2805/3226/2989 2796/3217/2980
f 2796/3217/2980 2797/3218/2981 2806/3227/2990
f 2807/3228/2991 2806/3227/2990 2797/3218/2981
f 2797/3218/2981 2798/3219/2982 2807/3228/2991
f 2808/3229/2992 2807/3228/2991 2798/3219/2982
f 2798/3219/2982 2799/3220/2983 2808/3229/2992
f 2809/3230/2993 2808/3229/2992 2799/3220/2983
f 2799/3220/2983 2800/3221/2984 2809/3230/2993
f 2810/3231/2994 2809/3230/2993 2800/3221/2984
f 2800/3221/2984 2801/3222/2985 2810/3231/2994
f 2811/3232/2995 2810/3231/2994 2801/3222/2985
f 2801/3222/2985 2802/3223/2986 2811/3232/2995
f 2812/3233/2996 2811/3232/2995 2802/3223/2986
f 2802/3223/2986 2803/3224/2987 2812/3233/2996
f 2813/3234/2997 2812/3233/2996 2803/3224/2987
f 2803/3224/2987 2814/3235/2998 2813/3234/2997
f 2814/3235/2998 2803/3224/2987 2804/3225/2988
f 2804/3225/2988 2815/3236/2999 2814/3235/2998
f 2815/3236/2999 2804/3225/2988 2816/3237/3000
f 2816/3237/3000 2817/3238/3001 2815/3236/2999
f 2817/3238/3001 2816/3237/3000 2818/3239/3002
f 2818/3239/3002 2819/3240/3003 2817/3238/3001
f 2819/3240/3003 2818/3239/3002 2820/3241/3004
f 2820/3241/3004 2821/3242/3005 2819/3240/3003
f 2821/3242/3005 2820/3241/3004 2822/3243/3006
f 2822/3243/3006 2823/3244/3007 2821/3242/3005
f 2823/3244/3007 2822/3243/3006 2824/3245/3008
f 2824/3245/3008 2825/3246/3009 2823/3244/3007
f 2825/3246/3009 2824/3245/3008 2826/3247/3010
f 2826/3247/3010 2827/3248/3011 2825/3246/3009
f 2827/3248/3011 2826/3247/3010 2684/3102/2865
f 2684/3102/2865 2683/3101/2864 2827/3248/3011
f 2817/3238/3001 2819/3240/3003 2828/3249/3012
f 2828/3249/3012 2829/3250/3013 2817/3238/3001
f 2815/3236/2999 2817/3238/3001 2829/3250/3013
f 2829/3250/3013 2830/3251/3014 2815/3236/2999
f 2814/3235/2998 2815/3236/2999 2830/3251/3014
f 2830/3251/3014 2831/3252/3015 2814/3235/2998
f 2813/3234/2997 2814/3235/2998 2831/3252/3015
f 2831/3252/3015 2832/3253/3016 2813/3234/2997
f 2690/3108/2871 2692/3110/2873 2672/3090/2853
f 2672/3090/2853 2670/3088/2851 2690/3108/2871
f 2688/3106/2869 2690/3108/2871 2670/3088/2851
f 2670/3088/2851 2668/3086/2849 2688/3106/2869
f 2686/3104/2867 2688/3106/2869 2668/3086/2849
f 2668/3086/2849 2667/3085/2848 2686/3104/2867
f 2683/3101/2864 2686/3104/2867 2667/3085/2848
f 2667/3085/2848 2833/3254/3017 2683/3101/2864
f 2827/3248/3011 2683/3101/2864 2833/3254/3017
f 2833/3254/3017 2834/3255/3018 2827/3248/3011
f 2825/3246/3009 2827/3248/3011 2834/3255/3018
f 2834/3255/3018 2835/3256/3019 2825/3246/3009
f 2823/3244/3007 2825/3246/3009 2835/3256/3019
f 2835/3256/3019 2836/3257/3020 2823/3244/3007
f 2821/3242/3005 2823/3244/3007 2836/3257/3020
f 2836/3257/3020 2837/3258/3021 2821/3242/3005
f 2819/3240/3003 2821/3242/3005 2837/3258/3021
f 2837/3258/3021 2828/3249/3012 2819/3240/3003
f 2838/3259/3022 2839/3260/3023 2831/3252/3015
f 2831/3252/3015 2830/3251/3014 2838/3259/3022
f 2840/3261/3024 2838/3259/3022 2830/3251/3014
f 2830/3251/3014 2829/3250/3013 2840/3261/3024
f 2841/3262/3025 2840/3261/3024 2829/3250/3013
f 2829/3250/3013 2828/3249/3012 2841/3262/3025
f 2842/3263/3026 2841/3262/3025 2828/3249/3012
f 2828/3249/3012 2837/3258/3021 2842/3263/3026
f 2843/3264/3027 2842/3263/3026 2837/3258/3021
f 2837/3258/3021 2836/3257/3020 2843/3264/3027
f 2844/3265/3028 2843/3264/3027 2836/3257/3020
f 2836/3257/3020 2835/3256/3019 2844/3265/3028
f 2845/3266/3029 2844/3265/3028 2835/3256/3019
f 2835/3256/3019 2834/3255/3018 2845/3266/3029
f 2846/3267/3030 2845/3266/3029 2834/3255/3018
f 2834/3255/3018 2833/3254/3017 2846/3267/3030
f 2666/3084/2847 2846/3267/3030 2833/3254/3017
f 2833/3254/3017 2667/3085/2848 2666/3084/2847
f 2842/3263/3026 2843/3264/3027 2847/3268/3031
f 2848/3269/3032 2841/3262/3025 2842/3263/3026
f 2842/3263/3026 2849/3270/3033 2848/3269/3032
f 2847/3268/3031 2849/3270/3033 2842/3263/3026
f 2850/3271/3034 2849/3270/3033 2847/3268/3031
f 2847/3268/3031 2851/3272/3035 2850/3271/3034
f 2850/3271/3034 2851/3272/3035 2852/3273/3036
f 2852/3273/3036 2851/3272/3035 2847/3268/3031
f 2847/3268/3031 2853/3274/3037 2852/3273/3036
f 2853/3274/3037 2847/3268/3031 2843/3264/3027
f 2843/3264/3027 2844/3265/3028 2853/3274/3037
f 2854/3275/3038 2853/3274/3037 2844/3265/3028
f 2844/3265/3028 2845/3266/3029 2854/3275/3038
f 2855/3276/3039 2854/3275/3038 2845/3266/3029
f 2845/3266/3029 2846/3267/3030 2855/3276/3039
f 2856/3277/3040 2855/3276/3039 2846/3267/3030
f 2846/3267/3030 2666/3084/2847 2856/3277/3040
f 2682/3100/2863 2856/3277/3040 2666/3084/2847
f 2666/3084/2847 2665/3083/2846 2682/3100/2863
f 2682/3100/2863 2681/3099/2862 2857/3278/3041
f 2857/3278/3041 2858/3279/3042 2682/3100/2863
f 2856/3277/3040 2682/3100/2863 2858/3279/3042
f 2858/3279/3042 2859/3280/3043 2856/3277/3040
f 2855/3276/3039 2856/3277/3040 2859/3280/3043
f 2859/3280/3043 2860/3281/3044 2855/3276/3039
f 2854/3275/3038 2855/3276/3039 2860/3281/3044
f 2860/3281/3044 2861/3282/3045 2854/3275/3038
f 2853/3274/3037 2854/3275/3038 2861/3282/3045
f 2861/3282/3045 2852/3273/3036 2853/3274/3037
f 2852/3273/3036 2861/3282/3045 2862/3283/3046
f 2863/3284/3047 2862/3283/3046 2861/3282/3045
f 2861/3282/3045 2860/3281/3044 2863/3284/3047
f 2864/3285/3048 2863/3284/3047 2860/3281/3044
f 2860/3281/3044 2859/3280/3043 2864/3285/3048
f 2865/3286/3049 2864/3285/3048 2859/3280/3043
f 2859/3280/3043 2858/3279/3042 2865/3286/3049
f 2866/3287/3050 2865/3286/3049 2858/3279/3042
f 2858/3279/3042 2857/3278/3041 2866/3287/3050
f 2678/3096/2859 2866/3287/3050 2857/3278/3041
f 2857/3278/3041 2677/3095/2858 2678/3096/2859
f 2677/3095/2858 2857/3278/3041 2681/3099/2862
f 2681/3099/2862 2675/3093/2856 2677/3095/2858
f 2862/3283/3046 2867/3288/3051 2868/3289/3052
f 2867/3288/3051 2862/3283/3046 2863/3284/3047
f 2863/3284/3047 2869/3290/3053 2867/3288/3051
f 2869/3290/3053 2863/3284/3047 2864/3285/3048
f 2864/3285/3048 2870/3291/3054 2869/3290/3053
f 2870/3291/3054 2864/3285/3048 2865/3286/3049
f 2865/3286/3049 2871/3292/3055 2870/3291/3054
f 2871/3292/3055 2865/3286/3049 2866/3287/3050
f 2868/3289/3052 2872/3293/3056 2862/3283/3046
f 2872/3293/3056 2868/3289/3052 2873/3294/3057
f 2874/3295/3058 2873/3294/3057 2868/3289/3052
f 2868/3289/3052 2875/3296/3059 2874/3295/3058
f 2875/3296/3059 2868/3289/3052 2867/3288/3051
f 2867/3288/3051 2876/3297/3060 2875/3296/3059
f 2876/3297/3060 2867/3288/3051 2869/3290/3053
f 2869/3290/3053 2877/3298/3061 2876/3297/3060
f 2877/3298/3061 2869/3290/3053 2870/3291/3054
f 2870/3291/3054 2878/3299/3062 2877/3298/3061
f 2878/3299/3062 2870/3291/3054 2871/3292/3055
f 2871/3292/3055 2680/3098/2861 2878/3299/3062
f 2680/3098/2861 2871/3292/3055 2679/3097/2860
f 2866/3287/3050 2679/3097/2860 2871/3292/3055
f 2679/3097/2860 2866/3287/3050 2678/3096/2859
f 2879/3300/3063 2878/3299/3062 2680/3098/2861
f 2878/3299/3062 2879/3300/3063 2880/3301/3064
f 2880/3301/3064 2877/3298/3061 2878/3299/3062
f 2877/3298/3061 2880/3301/3064 2881/3302/3065
f 2881/3302/3065 2876/3297/3060 2877/3298/3061
f 2876/3297/3060 2881/3302/3065 2882/3303/3066
f 2882/3303/3066 2875/3296/3059 2876/3297/3060
f 2875/3296/3059 2882/3303/3066 2883/3304/3067
f 2883/3304/3067 2874/3295/3058 2875/3296/3059
f 2874/3295/3058 2883/3304/3067 2884/3305/3068
f 2884/3305/3068 2885/3306/3069 2874/3295/3058
f 2873/3294/3057 2874/3295/3058 2885/3306/3069
f 2885/3306/3069 2848/3269/3032 2873/3294/3057
f 2873/3294/3057 2848/3269/3032 2849/3270/3033
f 2849/3270/3033 2850/3271/3034 2873/3294/3057
f 2873/3294/3057 2850/3271/3034 2872/3293/3056
f 2852/3273/3036 2872/3293/3056 2850/3271/3034
f 2862/3283/3046 2872/3293/3056 2852/3273/3036
f 2680/3098/2861 2662/3080/2843 2879/3300/3063
f 2664/3082/2845 2879/3300/3063 2662/3080/2843
f 2879/3300/3063 2664/3082/2845 2886/3307/3070
f 2886/3307/3070 2880/3301/3064 2879/3300/3063
f 2880/3301/3064 2886/3307/3070 2887/3308/3071
f 2887/3308/3071 2881/3302/3065 2880/3301/3064
f 2881/3302/3065 2887/3308/3071 2888/3309/3072
f 2888/3309/3072 2882/3303/3066 2881/3302/3065
f 2882/3303/3066 2888/3309/3072 2889/3310/3073
f 2889/3310/3073 2883/3304/3067 2882/3303/3066
f 2883/3304/3067 2889/3310/3073 2890/3311/3074
f 2890/3311/3074 2884/3305/3068 2883/3304/3067
f 2884/3305/3068 2890/3311/3074 2839/3260/3023
f 2839/3260/3023 2838/3259/3022 2884/3305/3068
f 2885/3306/3069 2884/3305/3068 2838/3259/3022
f 2838/3259/3022 2840/3261/3024 2885/3306/3069
f 2848/3269/3032 2885/3306/3069 2840/3261/3024
f 2840/3261/3024 2841/3262/3025 2848/3269/3032
f 2659/3077/2840 2891/3312/3075 2663/3081/2844
f 2892/3313/3076 2663/3081/2844 2891/3312/3075
f 2663/3081/2844 2892/3313/3076 2893/3314/3077
f 2893/3314/3077 2664/3082/2845 2663/3081/2844
f 2664/3082/2845 2893/3314/3077 2894/3315/3078
f 2894/3315/3078 2886/3307/3070 2664/3082/2845
f 2886/3307/3070 2894/3315/3078 2895/3316/3079
f 2895/3316/3079 2887/3308/3071 2886/3307/3070
f 2887/3308/3071 2895/3316/3079 2896/3317/3080
f 2896/3317/3080 2888/3309/3072 2887/3308/3071
f 2888/3309/3072 2896/3317/3080 2897/3318/3081
f 2897/3318/3081 2889/3310/3073 2888/3309/3072
f 2889/3310/3073 2897/3318/3081 2898/3319/3082
f 2898/3319/3082 2890/3311/3074 2889/3310/3073
f 2890/3311/3074 2898/3319/3082 2899/3320/3083
f 2899/3320/3083 2839/3260/3023 2890/3311/3074
f 2839/3260/3023 2899/3320/3083 2832/3253/3016
f 2832/3253/3016 2831/3252/3015 2839/3260/3023
f 2891/3312/3075 2900/3321/3084 2892/3313/3076
f 2901/3322/1362 2902/3323/1362 2903/3324/1362
f 2903/3324/1362 2904/3325/1362 2901/3322/1362
f 2904/3325/1362 2903/3324/1362 2905/3326/1362
f 2905/3326/1362 2906/3327/1362 2904/3325/1362
f 2907/3328/1362 2906/3327/1362 2905/3326/1362
f 2905/3326/1362 2908/3329/1362 2907/3328/1362
f 2909/3330/1362 2907/3328/1362 2908/3329/1362
f 2908/3329/1362 2910/3331/1362 2909/3330/1362
f 2911/3332/3085 2912/3333/3086 2913/3334/3087
f 2913/3334/3087 2912/3333/3086 2914/3335/3088
f 2914/3335/3088 2915/3336/3089 2913/3334/3087
f 2915/3336/3089 2914/3335/3088 2916/3337/3090
f 2916/3337/3090 2917/3338/3091 2915/3336/3089
f 2917/3338/3091 2916/3337/3090 2918/3339/3092
f 2918/3339/3092 2919/3340/3093 2917/3338/3091
f 2919/3340/3093 2918/3339/3092 2920/3341/3094
f 2920/3341/3094 2921/3342/3095 2919/3340/3093
f 2921/3342/3095 2920/3341/3094 2922/3343/3096
f 2922/3343/3096 2923/3344/3097 2921/3342/3095
f 2923/3344/3097 2922/3343/3096 2722/3140/2903
f 2722/3140/2903 2721/3139/2902 2923/3344/3097
f 2721/3139/2902 2709/3127/2890 2708/3126/2889
f 2708/3126/2889 2923/3344/3097 2721/3139/2902
f 2923/3344/3097 2708/3126/2889 2924/3345/3098
f 2924/3345/3098 2921/3342/3095 2923/3344/3097
f 2921/3342/3095 2924/3345/3098 2925/3346/3099
f 2925/3346/3099 2919/3340/3093 2921/3342/3095
f 2919/3340/3093 2925/3346/3099 2926/3347/3100
f 2926/3347/3100 2917/3338/3091 2919/3340/3093
f 2917/3338/3091 2926/3347/3100 2927/3348/3101
f 2927/3348/3101 2915/3336/3089 2917/3338/3091
f 2915/3336/3089 2927/3348/3101 2928/3349/3102
f 2928/3349/3102 2913/3334/3087 2915/3336/3089
f 2929/3350/3103 2930/3351/3104 2931/3352/3105
f 2931/3352/3105 2930/3351/3104 2911/3332/3085
f 2911/3332/3085 2932/3353/3106 2931/3352/3105
f 2913/3334/3087 2932/3353/3106 2911/3332/3085
f 2931/3352/3105 2932/3353/3106 2913/3334/3087
f 2913/3334/3087 2928/3349/3102 2931/3352/3105
f 2933/3354/3107 2931/3352/3105 2928/3349/3102
f 2928/3349/3102 2934/3355/3108 2933/3354/3107
f 2934/3355/3108 2928/3349/3102 2927/3348/3101
f 2927/3348/3101 2935/3356/3109 2934/3355/3108
f 2935/3356/3109 2927/3348/3101 2926/3347/3100
f 2926/3347/3100 2936/3357/3110 2935/3356/3109
f 2936/3357/3110 2926/3347/3100 2925/3346/3099
f 2925/3346/3099 2937/3358/3111 2936/3357/3110
f 2937/3358/3111 2925/3346/3099 2924/3345/3098
f 2924/3345/3098 2704/3122/2885 2937/3358/3111
f 2704/3122/2885 2924/3345/3098 2708/3126/2889
f 2708/3126/2889 2705/3123/2886 2704/3122/2885
f 2931/3352/3105 2933/3354/3107 2929/3350/3103
f 2792/3211/2974 2938/3359/3112 2793/3212/2975
f 2804/3225/2988 2793/3212/2975 2938/3359/3112
f 2938/3359/3112 2816/3237/3000 2804/3225/2988
f 2816/3237/3000 2938/3359/3112 2939/3360/3113
f 2939/3360/3113 2818/3239/3002 2816/3237/3000
f 2818/3239/3002 2939/3360/3113 2929/3350/3103
f 2929/3350/3103 2820/3241/3004 2818/3239/3002
f 2820/3241/3004 2929/3350/3103 2933/3354/3107
f 2933/3354/3107 2822/3243/3006 2820/3241/3004
f 2822/3243/3006 2933/3354/3107 2934/3355/3108
f 2934/3355/3108 2824/3245/3008 2822/3243/3006
f 2824/3245/3008 2934/3355/3108 2935/3356/3109
f 2935/3356/3109 2826/3247/3010 2824/3245/3008
f 2826/3247/3010 2935/3356/3109 2936/3357/3110
f 2936/3357/3110 2684/3102/2865 2826/3247/3010
f 2684/3102/2865 2936/3357/3110 2937/3358/3111
f 2937/3358/3111 2685/3103/2866 2684/3102/2865
f 2685/3103/2866 2937/3358/3111 2704/3122/2885
f 2780/3199/2962 2765/3183/2946 2766/3184/2947
f 2766/3184/2947 2940/3361/3114 2780/3199/2962
f 2782/3201/2964 2780/3199/2962 2940/3361/3114
f 2940/3361/3114 2941/3362/3115 2782/3201/2964
f 2784/3203/2966 2782/3201/2964 2941/3362/3115
f 2941/3362/3115 2942/3363/3116 2784/3203/2966
f 2786/3205/2968 2784/3203/2966 2942/3363/3116
f 2942/3363/3116 2943/3364/3117 2786/3205/2968
f 2788/3207/2970 2786/3205/2968 2943/3364/3117
f 2943/3364/3117 2944/3365/3118 2788/3207/2970
f 2790/3209/2972 2788/3207/2970 2944/3365/3118
f 2944/3365/3118 2945/3366/3119 2790/3209/2972
f 2792/3211/2974 2790/3209/2972 2945/3366/3119
f 2945/3366/3119 2946/3367/3120 2792/3211/2974
f 2938/3359/3112 2792/3211/2974 2946/3367/3120
f 2946/3367/3120 2939/3360/3113 2938/3359/3112
f 2929/3350/3103 2939/3360/3113 2946/3367/3120
f 2946/3367/3120 2930/3351/3104 2929/3350/3103
f 2914/3335/3088 2912/3333/3086 2944/3365/3118
f 2945/3366/3119 2944/3365/3118 2912/3333/3086
f 2912/3333/3086 2911/3332/3085 2945/3366/3119
f 2945/3366/3119 2911/3332/3085 2930/3351/3104
f 2930/3351/3104 2946/3367/3120 2945/3366/3119
f 2739/3157/2920 2740/3158/2921 2752/3170/2933
f 2760/3178/2941 2752/3170/2933 2740/3158/2921
f 2740/3158/2921 2741/3159/2922 2760/3178/2941
f 2762/3180/2943 2760/3178/2941 2741/3159/2922
f 2741/3159/2922 2723/3141/2904 2762/3180/2943
f 2764/3182/2945 2762/3180/2943 2723/3141/2904
f 2723/3141/2904 2722/3140/2903 2764/3182/2945
f 2766/3184/2947 2764/3182/2945 2722/3140/2903
f 2722/3140/2903 2922/3343/3096 2766/3184/2947
f 2940/3361/3114 2766/3184/2947 2922/3343/3096
f 2922/3343/3096 2920/3341/3094 2940/3361/3114
f 2941/3362/3115 2940/3361/3114 2920/3341/3094
f 2920/3341/3094 2918/3339/3092 2941/3362/3115
f 2942/3363/3116 2941/3362/3115 2918/3339/3092
f 2918/3339/3092 2916/3337/3090 2942/3363/3116
f 2943/3364/3117 2942/3363/3116 2916/3337/3090
f 2916/3337/3090 2914/3335/3088 2943/3364/3117
f 2944/3365/3118 2943/3364/3117 2914/3335/3088
f 2947/3368/3121 2948/3369/3122 2949/3370/3123
f 2949/3370/3123 2950/3371/3124 2947/3368/3121
f 2951/3372/3125 2947/3368/3121 2950/3371/3124
f 2950/3371/3124 2952/3373/3126 2951/3372/3125
f 2953/3374/3127 2951/3372/3125 2952/3373/3126
f 2952/3373/3126 2954/3375/3128 2953/3374/3127
f 2955/3376/3129 2953/3374/3127 2954/3375/3128
f 2954/3375/3128 2956/3377/3130 2955/3376/3129
f 2957/3378/3131 2955/3376/3129 2956/3377/3130
f 2956/3377/3130 2958/3379/3132 2957/3378/3131
f 2957/3378/3131 2958/3379/3132 2959/3380/3133
f 2959/3380/3133 2960/3381/3134 2957/3378/3131
f 2960/3381/3134 2959/3380/3133 2961/3382/3135
f 2961/3382/3135 2962/3383/3136 2960/3381/3134
f 2962/3383/3136 2961/3382/3135 2963/3384/3137
f 2963/3384/3137 2964/3385/3137 2962/3383/3136
f 2964/3385/3137 2963/3384/3137 2769/3386/3138
f 2769/3386/3138 2965/3387/3139 2964/3385/3137
f 2965/3387/3139 2769/3386/3138 2770/3388/3140
f 2770/3388/3140 2966/3389/3141 2965/3387/3139
f 2966/3389/3141 2770/3388/3140 2771/3390/3142
f 2771/3390/3142 2967/3391/3143 2966/3389/3141
f 2967/3391/3143 2771/3390/3142 2772/3392/3144
f 2772/3392/3144 2968/3393/3145 2967/3391/3143
f 2968/3393/3145 2772/3392/3144 2773/3394/3146
f 2773/3394/3146 2969/3395/3147 2968/3393/3145
f 2969/3395/3147 2773/3394/3146 2774/3396/3148
f 2774/3396/3148 2970/3397/3149 2969/3395/3147
f 2970/3397/3149 2774/3396/3148 2775/3398/3150
f 2775/3398/3150 2971/3399/3151 2970/3397/3149
f 2971/3399/3151 2775/3398/3150 2776/3400/3152
f 2776/3400/3152 2972/3401/3153 2971/3399/3151
f 2972/3401/3153 2776/3400/3152 2777/3402/3154
f 2777/3402/3154 2973/3403/3155 2972/3401/3153
f 2974/3404/3156 2973/3403/3155 2777/3402/3154
f 2777/3402/3154 2778/3405/3157 2974/3404/3156
f 2545/3406/2717 2974/3404/3156 2778/3405/3157
f 2778/3405/3157 2544/3407/2716 2545/3406/2717
f 2975/3408/3158 2976/3409/3158 2977/3410/3158
f 2977/3410/3158 2978/3411/3158 2975/3408/3158
f 2979/3412/3158 2975/3408/3158 2978/3411/3158
f 2978/3411/3158 2980/3413/3158 2979/3412/3158
f 2979/3412/3158 2980/3413/3158 2981/3414/3158
f 2981/3414/3158 2982/3415/3158 2979/3412/3158
f 2982/3415/3158 2981/3414/3158 865/3416/3159
f 865/3416/3160 864/3417/3161 2982/3415/3161
f 2983/3418/3162 2984/3419/3163 2985/3420/3164
f 2985/3420/3164 2986/3421/3165 2983/3418/3162
f 2987/3422/3166 2983/3418/3162 2986/3421/3165
f 2986/3421/3165 2988/3423/3167 2987/3422/3166
f 2989/3424/3168 2987/3422/3166 2988/3423/3167
f 2988/3423/3167 2990/3425/3168 2989/3424/3168
f 864/3426/3168 867/3427/3168 2991/3428/3169
f 2991/3428/3169 2982/3429/3166 864/3426/3168
f 2982/3429/3166 2991/3428/3169 2992/3430/3170
f 2992/3430/3170 2979/3431/3171 2982/3429/3166
f 2979/3431/3171 2992/3430/3170 2993/3432/3172
f 2993/3432/3172 2975/3433/3173 2979/3431/3171
f 2975/3433/3173 2993/3432/3172 2994/3434/3174
f 2994/3434/3174 2976/3435/3175 2975/3433/3173
f 2976/3435/3175 2994/3434/3174 2910/3436/3176
f 2910/3436/3176 2908/3437/3177 2976/3435/3175
f 2995/3438/3178 2976/3435/3175 2908/3437/3177
f 2908/3437/3177 2905/3439/3179 2995/3438/3178
f 2995/3438/3178 2905/3439/3179 2903/3440/3180
f 2903/3440/3180 2996/3441/3181 2995/3438/3178
f 2996/3441/3181 2903/3440/3180 2902/3442/3182
f 2902/3442/3182 2997/3443/3183 2996/3441/3181
f 2984/3419/3163 2996/3441/3181 2997/3443/3183
f 2997/3443/3183 2985/3420/3164 2984/3419/3163
f 2998/3444/3184 2999/3445/3185 3000/3446/3186
f 2719/3137/2900 2743/3161/2924 2998/3444/3184
f 2999/3445/3185 2998/3444/3184 2743/3161/2924
f 2743/3161/2924 2744/3162/2925 2999/3445/3185
f 2745/3163/2926 3001/3447/3187 2744/3162/2925
f 2999/3445/3185 2744/3162/2925 3001/3447/3187
f 3001/3447/3187 3002/3448/3188 2999/3445/3185
f 3000/3446/3186 2999/3445/3185 3002/3448/3188
f 3002/3448/3188 3003/3449/3189 3000/3446/3186
f 3000/3446/3186 3003/3449/3189 3004/3450/3190
f 3004/3450/3190 3005/3451/3191 3000/3446/3186
f 3005/3451/3191 3004/3450/3190 3006/3452/3192
f 3006/3452/3192 3007/3453/3193 3005/3451/3191
f 3007/3453/3193 3006/3452/3192 3008/3454/3194
f 3008/3454/3194 3009/3455/3195 3007/3453/3193
f 3009/3455/3195 3008/3454/3194 2641/3059/2822
f 2641/3059/2822 3010/3456/3196 3009/3455/3195
f 3010/3456/3196 2641/3059/2822 2639/3057/2820
f 2639/3057/2820 2607/3025/2788 3010/3456/3196
f 2607/3025/2788 2639/3057/2820 2637/3055/2818
f 2637/3055/2818 2608/3026/2789 2607/3025/2788
f 2608/3026/2789 2637/3055/2818 2618/3036/2799
f 2642/3060/2823 2641/3059/2822 3008/3454/3194
f 3008/3454/3194 3011/3457/3197 2642/3060/2823
f 3011/3457/3197 3008/3454/3194 3006/3452/3192
f 3006/3452/3192 3012/3458/3198 3011/3457/3197
f 3012/3458/3198 3006/3452/3192 3004/3450/3190
f 3004/3450/3190 3013/3459/3199 3012/3458/3198
f 3013/3459/3199 3004/3450/3190 3003/3449/3189
f 3003/3449/3189 3014/3460/3200 3013/3459/3199
f 3015/3461/3201 3014/3460/3200 3003/3449/3189
f 3003/3449/3189 3002/3448/3188 3015/3461/3201
f 3016/3462/3202 3015/3461/3201 3002/3448/3188
f 3002/3448/3188 3001/3447/3187 3016/3462/3202
f 2767/3185/2948 3016/3462/3202 3001/3447/3187
f 3001/3447/3187 2745/3163/2926 2767/3185/2948
f 2768/3186/2949 2767/3185/2948 2745/3163/2926
f 2745/3163/2926 2746/3164/2927 2768/3186/2949
f 2754/3172/2935 2768/3186/2949 2746/3164/2927
f 2746/3164/2927 2747/3165/2928 2754/3172/2935
f 2640/3058/2821 2949/3463/3203 2656/3074/2837
f 2949/3463/3203 2640/3058/2821 2642/3060/2823
f 2642/3060/2823 2950/3464/3204 2949/3463/3203
f 2950/3464/3204 2642/3060/2823 3011/3457/3197
f 3011/3457/3197 2952/3465/3205 2950/3464/3204
f 2952/3465/3205 3011/3457/3197 3012/3458/3198
f 3012/3458/3198 2954/3466/3206 2952/3465/3205
f 2954/3466/3206 3012/3458/3198 3013/3459/3199
f 3013/3459/3199 2956/3467/3207 2954/3466/3206
f 2956/3467/3207 3013/3459/3199 3014/3460/3200
f 3014/3460/3200 2958/3468/3208 2956/3467/3207
f 2959/3469/3209 2958/3468/3208 3014/3460/3200
f 3014/3460/3200 3015/3461/3201 2959/3469/3209
f 2961/3470/3210 2959/3469/3209 3015/3461/3201
f 3015/3461/3201 3016/3462/3202 2961/3470/3210
f 2963/3471/3211 2961/3470/3210 3016/3462/3202
f 3016/3462/3202 2767/3185/2948 2963/3471/3211
f 2769/3187/2950 2963/3471/3211 2767/3185/2948
f 3017/3472/3212 3018/3473/3213 3019/3474/3214
f 3019/3474/3214 3020/3475/3215 3017/3472/3212
f 3021/3476/3216 3017/3472/3212 3020/3475/3215
f 3022/3477/3217 3021/3476/3216 3023/3478/3218
f 3020/3475/3215 3023/3478/3218 3021/3476/3216
f 3024/3479/3219 3023/3478/3218 3020/3475/3215
f 3024/3479/3219 3020/3475/3215 3019/3474/3214
f 3024/3479/3219 3019/3474/3214 3025/3480/3220
f 3025/3480/3220 3019/3474/3214 3018/3473/3213
f 3018/3473/3213 3026/3481/3221 3025/3480/3220
f 3027/3482/3222 3025/3480/3220 3026/3481/3221
f 3026/3481/3221 3028/3483/3223 3027/3482/3222
f 3029/3484/3224 3027/3482/3222 3028/3483/3223
f 3028/3483/3223 3030/3485/3225 3029/3484/3224
f 3031/3486/3226 3029/3484/3224 3030/3485/3225
f 3030/3485/3225 3032/3487/3227 3031/3486/3226
f 3033/3488/3228 3031/3486/3226 3032/3487/3227
f 3032/3487/3227 3034/3489/3229 3033/3488/3228
f 3035/3490/3230 3033/3488/3228 3034/3489/3229
f 3034/3489/3229 3036/3491/3231 3035/3490/3230
f 3037/3492/3232 3035/3490/3230 3036/3491/3231
f 3024/3479/3219 3038/3493/3233 3023/3478/3218
f 3024/3479/3219 3039/3494/3234 3038/3493/3233
f 3024/3479/3219 3040/3495/3235 3039/3494/3234
f 3024/3479/3219 3041/3496/3236 3040/3495/3235
f 3024/3479/3219 3042/3497/3237 3041/3496/3236
f 3024/3479/3219 3043/3498/3238 3042/3497/3237
f 3024/3479/3219 3044/3499/3239 3043/3498/3238
f 3024/3479/3219 3045/3500/3240 3044/3499/3239
f 3024/3479/3219 3037/3492/3232 3045/3500/3240
f 3024/3479/3219 3035/3490/3230 3037/3492/3232
f 3024/3479/3219 3033/3488/3228 3035/3490/3230
f 3024/3479/3219 3031/3486/3226 3033/3488/3228
f 3024/3479/3219 3029/3484/3224 3031/3486/3226
f 3024/3479/3219 3027/3482/3222 3029/3484/3224
f 3024/3479/3219 3025/3480/3220 3027/3482/3222
f 3036/3491/3231 3046/3501/3241 3037/3492/3232
f 3045/3500/3240 3037/3492/3232 3046/3501/3241
f 3046/3501/3241 3047/3502/3242 3045/3500/3240
f 3044/3499/3239 3045/3500/3240 3047/3502/3242
f 3047/3502/3242 3048/3503/3243 3044/3499/3239
f 3043/3498/3238 3044/3499/3239 3048/3503/3243
f 3048/3503/3243 3049/3504/3244 3043/3498/3238
f 3042/3497/3237 3043/3498/3238 3049/3504/3244
f 3049/3504/3244 3050/3505/3245 3042/3497/3237
f 3041/3496/3236 3042/3497/3237 3050/3505/3245
f 3050/3505/3245 3051/3506/3246 3041/3496/3236
f 3040/3495/3235 3041/3496/3236 3051/3506/3246
f 3051/3506/3246 3052/3507/3247 3040/3495/3235
f 3039/3494/3234 3040/3495/3235 3052/3507/3247
f 3052/3507/3247 3053/3508/3248 3039/3494/3234
f 3038/3493/3233 3039/3494/3234 3053/3508/3248
f 3053/3508/3248 3022/3477/3217 3038/3493/3233
f 3023/3478/3218 3038/3493/3233 3022/3477/3217
f 3054/3509/3249 3055/3510/3250 3046/3501/3241
f 3047/3502/3242 3046/3501/3241 3055/3510/3250
f 3055/3510/3250 3056/3511/3251 3047/3502/3242
f 3048/3503/3243 3047/3502/3242 3056/3511/3251
f 3056/3511/3251 3057/3512/3252 3048/3503/3243
f 3049/3504/3244 3048/3503/3243 3057/3512/3252
f 3057/3512/3252 3058/3513/3253 3049/3504/3244
f 3050/3505/3245 3049/3504/3244 3058/3513/3253
f 3058/3513/3253 3059/3514/3254 3050/3505/3245
f 3051/3506/3246 3050/3505/3245 3059/3514/3254
f 3059/3514/3254 3060/3515/3255 3051/3506/3246
f 3052/3507/3247 3051/3506/3246 3060/3515/3255
f 3060/3515/3255 3061/3516/3256 3052/3507/3247
f 3053/3508/3248 3052/3507/3247 3061/3516/3256
f 3061/3516/3256 3062/3517/3257 3053/3508/3248
f 3022/3477/3217 3053/3508/3248 3062/3517/3257
f 3062/3517/3257 3063/3518/3258 3022/3477/3217
f 3021/3476/3216 3022/3477/3217 3063/3518/3258
f 3064/3519/3259 3063/3518/3258 3065/3520/3260
f 3066/3521/3261 3065/3520/3260 3063/3518/3258
f 3063/3518/3258 3062/3517/3257 3066/3521/3261
f 3067/3522/3262 3066/3521/3261 3062/3517/3257
f 3062/3517/3257 3061/3516/3256 3067/3522/3262
f 3068/3523/3263 3067/3522/3262 3061/3516/3256
f 3061/3516/3256 3060/3515/3255 3068/3523/3263
f 3069/3524/3264 3068/3523/3263 3060/3515/3255
f 3060/3515/3255 3059/3514/3254 3069/3524/3264
f 3070/3525/3265 3069/3524/3264 3059/3514/3254
f 3059/3514/3254 3058/3513/3253 3070/3525/3265
f 3071/3526/3266 3070/3525/3265 3058/3513/3253
f 3058/3513/3253 3057/3512/3252 3071/3526/3266
f 3072/3527/3267 3071/3526/3266 3057/3512/3252
f 3057/3512/3252 3056/3511/3251 3072/3527/3267
f 3073/3528/3268 3072/3527/3267 3056/3511/3251
f 3056/3511/3251 3055/3510/3250 3073/3528/3268
f 3074/3529/3269 3073/3528/3268 3055/3510/3250
f 3075/3530/3270 3065/3520/3260 3076/3531/3271
f 3077/3532/3272 3076/3531/3271 3065/3520/3260
f 3065/3520/3260 3066/3521/3261 3077/3532/3272
f 3078/3533/3273 3077/3532/3272 3066/3521/3261
f 3066/3521/3261 3067/3522/3262 3078/3533/3273
f 3079/3534/3274 3078/3533/3273 3067/3522/3262
f 3067/3522/3262 3068/3523/3263 3079/3534/3274
f 3080/3535/3275 3079/3534/3274 3068/3523/3263
f 3068/3523/3263 3069/3524/3264 3080/3535/3275
f 3081/3536/3276 3080/3535/3275 3069/3524/3264
f 3069/3524/3264 3070/3525/3265 3081/3536/3276
f 3082/3537/3277 3081/3536/3276 3070/3525/3265
f 3070/3525/3265 3071/3526/3266 3082/3537/3277
f 3083/3538/3278 3082/3537/3277 3071/3526/3266
f 3071/3526/3266 3072/3527/3267 3083/3538/3278
f 3084/3539/3279 3083/3538/3278 3072/3527/3267
f 3072/3527/3267 3073/3528/3268 3084/3539/3279
f 3085/3540/3280 3084/3539/3279 3073/3528/3268
f 3073/3528/3268 3074/3529/3269 3085/3540/3280
f 3086/3541/3281 3085/3540/3280 3074/3529/3269
f 3074/3529/3269 3087/3542/3282 3086/3541/3281
f 3088/3543/3283 3086/3541/3281 3087/3542/3282
f 3087/3542/3282 3089/3544/3284 3088/3543/3283
f 3090/3545/3285 3088/3543/3283 3089/3544/3284
f 3089/3544/3284 3091/3546/3286 3090/3545/3285
f 3092/3547/3287 3090/3545/3285 3091/3546/3286
f 3091/3546/3286 3093/3548/3288 3092/3547/3287
f 3094/3549/3289 3092/3547/3287 3093/3548/3288
f 3093/3548/3288 3095/3550/3290 3094/3549/3289
f 3096/3551/3291 3094/3549/3289 3095/3550/3290
f 3095/3550/3290 3097/3552/3292 3096/3551/3291
f 3098/3553/3293 3096/3551/3291 3097/3552/3292
f 3097/3552/3292 3099/3554/3294 3098/3553/3293
f 3100/3555/3295 3098/3553/3293 3099/3554/3294
f 3099/3554/3294 3075/3530/3270 3100/3555/3295
f 3076/3531/3271 3100/3555/3295 3075/3530/3270
f 3055/3510/3250 3054/3509/3249 3074/3529/3269
f 3087/3542/3282 3074/3529/3269 3054/3509/3249
f 3054/3509/3249 3101/3556/3296 3087/3542/3282
f 3089/3544/3284 3087/3542/3282 3101/3556/3296
f 3101/3556/3296 3102/3557/3297 3089/3544/3284
f 3091/3546/3286 3089/3544/3284 3102/3557/3297
f 3102/3557/3297 3103/3558/3298 3091/3546/3286
f 3093/3548/3288 3091/3546/3286 3103/3558/3298
f 3103/3558/3298 3104/3559/3299 3093/3548/3288
f 3095/3550/3290 3093/3548/3288 3104/3559/3299
f 3104/3559/3299 3105/3560/3300 3095/3550/3290
f 3097/3552/3292 3095/3550/3290 3105/3560/3300
f 3105/3560/3300 3106/3561/3301 3097/3552/3292
f 3099/3554/3294 3097/3552/3292 3106/3561/3301
f 3106/3561/3301 3107/3562/3302 3099/3554/3294
f 3075/3530/3270 3099/3554/3294 3107/3562/3302
f 3107/3562/3302 3064/3519/3259 3075/3530/3270
f 3065/3520/3260 3075/3530/3270 3064/3519/3259
f 3063/3518/3258 3064/3519/3259 3021/3476/3216
f 3017/3472/3212 3021/3476/3216 3064/3519/3259
f 3064/3519/3259 3107/3562/3302 3017/3472/3212
f 3018/3473/3213 3017/3472/3212 3107/3562/3302
f 3107/3562/3302 3106/3561/3301 3018/3473/3213
f 3026/3481/3221 3018/3473/3213 3106/3561/3301
f 3106/3561/3301 3105/3560/3300 3026/3481/3221
f 3028/3483/3223 3026/3481/3221 3105/3560/3300
f 3105/3560/3300 3104/3559/3299 3028/3483/3223
f 3030/3485/3225 3028/3483/3223 3104/3559/3299
f 3104/3559/3299 3103/3558/3298 3030/3485/3225
f 3032/3487/3227 3030/3485/3225 3103/3558/3298
f 3103/3558/3298 3102/3557/3297 3032/3487/3227
f 3034/3489/3229 3032/3487/3227 3102/3557/3297
f 3102/3557/3297 3101/3556/3296 3034/3489/3229
f 3036/3491/3231 3034/3489/3229 3101/3556/3296
f 3101/3556/3296 3054/3509/3249 3036/3491/3231
f 3046/3501/3241 3036/3491/3231 3054/3509/3249
f 2605/3023/2786 2715/3133/2896 2595/3013/2776
f 2588/3006/2769 2595/3013/2776 2715/3133/2896
f 2715/3133/2896 2717/3135/2898 2588/3006/2769
f 2587/3005/2768 2588/3006/2769 2717/3135/2898
f 2717/3135/2898 2719/3137/2900 2587/3005/2768
f 2998/3444/3184 2587/3005/2768 2719/3137/2900
f 2587/3005/2768 2998/3444/3184 2585/3003/2766
f 3000/3446/3186 2585/3003/2766 2998/3444/3184
f 2581/2999/2762 2585/3003/2766 3000/3446/3186
f 3000/3446/3186 3005/3451/3191 2581/2999/2762
f 2582/3000/2763 2581/2999/2762 3005/3451/3191
f 3005/3451/3191 3007/3453/3193 2582/3000/2763
f 2589/3007/2770 2582/3000/2763 3007/3453/3193
f 3007/3453/3193 3009/3455/3195 2589/3007/2770
f 2589/3007/2770 3009/3455/3195 3010/3456/3196
f 3010/3456/3196 2596/3014/2777 2589/3007/2770
f 2596/3014/2777 3010/3456/3196 2607/3025/2788
f 2607/3025/2788 2597/3015/2778 2596/3014/2777
f 3108/3563/3303 2659/3564/3304 2658/3565/3305
f 2658/3565/3305 3109/3566/3306 3108/3563/3303
f 3109/3566/3306 2658/3565/3305 2650/3567/3307
f 2650/3567/3307 3110/3568/3308 3109/3566/3306
f 3111/3569/3309 3110/3568/3308 2650/3567/3307
f 2650/3567/3307 2651/3570/3310 3111/3569/3309
f 3112/3571/3311 3111/3569/3309 2651/3570/3310
f 2651/3570/3310 2652/3572/3312 3112/3571/3311
f 3113/3573/3313 3112/3571/3311 2652/3572/3312
f 2652/3572/3312 2653/3574/3314 3113/3573/3313
f 3114/3575/3315 3113/3573/3313 2653/3574/3314
f 2653/3574/3314 2654/3576/3316 3114/3575/3315
f 3115/3577/3317 3114/3575/3315 2654/3576/3316
f 2654/3576/3316 2655/3578/3318 3115/3577/3317
f 3116/3579/3319 3115/3577/3317 2655/3578/3318
f 2655/3578/3318 2656/3580/3320 3116/3579/3319
f 2948/3369/3122 3116/3579/3319 2656/3580/3320
f 2656/3580/3320 2949/3370/3123 2948/3369/3122
f 3117/3581/3321 3118/3582/3322 3119/3583/3322
f 3119/3583/3322 3120/3584/3323 3117/3581/3321
f 3117/3581/3321 3120/3584/3323 3121/3585/3324
f 3121/3585/3324 3122/3586/3325 3117/3581/3321
f 3122/3586/3325 3121/3585/3324 3123/3587/3326
f 3123/3587/3326 3124/3588/3327 3122/3586/3325
f 3124/3588/3327 3123/3587/3326 3125/3589/3328
f 3125/3589/3328 3126/3590/3329 3124/3588/3327
f 3125/3589/3328 3127/3591/3330 3128/3592/3330
f 3128/3592/3330 3126/3590/3329 3125/3589/3328
f 3126/3590/3329 3128/3592/3330 3129/3593/3330
f 3129/3593/3330 3130/3594/3331 3126/3590/3329
f 3126/3590/3329 3130/3594/3331 3131/3595/3332
f 3131/3595/3332 3124/3588/3327 3126/3590/3329
f 3124/3588/3327 3131/3595/3332 3132/3596/3333
f 3132/3596/3333 3122/3586/3325 3124/3588/3327
f 3122/3586/3325 3132/3596/3333 3133/3597/3334
f 3133/3597/3334 3134/3598/3335 3122/3586/3325
f 3122/3586/3325 3134/3598/3335 3117/3581/3321
f 3117/3581/3321 3134/3598/3335 3135/3599/3322
f 3135/3599/3322 3118/3582/3322 3117/3581/3321
f 3118/3582/3322 3135/3599/3322 3136/3600/3322
f 3136/3600/3322 3137/3601/3322 3118/3582/3322
f 3137/3601/3322 3138/3602/3322 3118/3582/3322
f 3118/3582/3322 3138/3602/3322 3139/3603/3336
f 3139/3603/3336 3119/3583/3322 3118/3582/3322
f 3140/3604/3337 3141/3605/3338 3142/3606/3338
f 3142/3606/3338 3143/3607/3339 3140/3604/3337
f 3144/3608/3340 3140/3604/3337 3143/3607/3339
f 3143/3607/3339 3145/3609/3340 3144/3608/3340
f 3146/3610/416 3147/3611/416 3144/3608/3340
f 3144/3608/3340 3145/3609/3340 3146/3610/416
f 3146/3610/416 3145/3609/3340 3130/3612/3341
f 3130/3612/3341 3145/3609/3340 3143/3607/3339
f 3143/3607/3339 3131/3613/3342 3130/3612/3341
f 3131/3613/3342 3143/3607/3339 3142/3606/3338
f 3142/3606/3338 3132/3614/3338 3131/3613/3342
f 3132/3614/3338 3142/3606/3338 3148/3615/3343
f 3148/3615/3343 3142/3606/3338 3141/3605/3338
f 3141/3605/3338 3149/3616/3344 3148/3615/3343
f 3148/3615/3343 3133/3617/3345 3132/3614/3338
f 3130/3612/3341 3129/3618/416 3146/3610/416
f 3150/3619/3346 2900/3620/3347 2891/3621/3348
f 2891/3621/3348 3151/3622/3349 3150/3619/3346
f 3151/3622/3349 2891/3621/3348 2659/3623/3304
f 2659/3623/3304 3108/3624/3303 3151/3622/3349
f 3152/3625/3350 3153/3626/3350 3154/3627/3351
f 3153/3626/3350 3152/3625/3350 3155/3628/3352
f 3155/3628/3352 3156/3629/3353 3153/3626/3350
f 3156/3629/3353 3155/3628/3352 3157/3630/3354
f 3157/3630/3354 3158/3631/3354 3156/3629/3353
f 3158/3631/3354 3157/3630/3354 3159/3632/3355
f 3159/3632/3355 3160/3633/3355 3158/3631/3354
f 3160/3633/3355 3159/3632/3355 3161/3634/3356
f 3161/3634/3356 3162/3635/3356 3160/3633/3355
f 3163/3636/3356 3161/3634/3356 3159/3632/3355
f 3159/3632/3355 3164/3637/3355 3163/3636/3356
f 3165/3638/3357 3164/3637/3355 3159/3632/3355
f 3159/3632/3355 3157/3630/3354 3165/3638/3357
f 3166/3639/3353 3165/3638/3357 3157/3630/3354
f 3157/3630/3354 3155/3628/3352 3166/3639/3353
f 3167/3640/3358 3166/3639/3353 3155/3628/3352
f 3155/3628/3352 3152/3625/3350 3167/3640/3358
f 3168/3641/3359 3167/3640/3358 3152/3625/3350
f 3152/3625/3350 3169/3642/3360 3168/3641/3359
f 3170/3643/1362 3168/3641/3359 3169/3642/3360
f 3169/3642/3360 3171/3644/1362 3170/3643/1362
f 3172/3645/3361 3139/3646/3336 3138/3647/3322
f 3138/3647/3322 3173/3648/3362 3172/3645/3361
f 3173/3648/3362 3138/3647/3322 3137/3649/3322
f 3137/3649/3322 3174/3650/3361 3173/3648/3362
f 3173/3648/3362 3174/3650/3361 3175/3651/3363
f 3175/3651/3363 3176/3652/3364 3173/3648/3362
f 3176/3652/3364 3175/3651/3363 3177/3653/3365
f 3177/3653/3365 3178/3654/3366 3176/3652/3364
f 3178/3654/3366 3177/3653/3365 3179/3655/3367
f 3179/3655/3367 3180/3656/3368 3178/3654/3366
f 3180/3656/3368 3179/3655/3367 3181/3657/3369
f 3181/3657/3369 3182/3658/3369 3180/3656/3368
f 3182/3658/3369 3181/3657/3369 3170/3643/1362
f 3170/3643/1362 3171/3644/1362 3182/3658/3369
f 3182/3658/3369 3171/3644/1362 3183/3659/1362
f 3183/3659/1362 3171/3644/1362 3169/3642/3360
f 3169/3642/3360 3154/3627/3351 3183/3659/1362
f 3154/3627/3351 3169/3642/3360 3152/3625/3350
f 3183/3659/1362 3184/3660/3370 3182/3658/3369
f 3180/3656/3368 3182/3658/3369 3184/3660/3370
f 3184/3660/3370 3185/3661/3371 3180/3656/3368
f 3178/3654/3366 3180/3656/3368 3185/3661/3371
f 3185/3661/3371 3186/3662/3372 3178/3654/3366
f 3176/3652/3364 3178/3654/3366 3186/3662/3372
f 3186/3662/3372 3187/3663/3364 3176/3652/3364
f 3173/3648/3362 3176/3652/3364 3187/3663/3364
f 3187/3663/3364 3172/3645/3361 3173/3648/3362
f 3188/3664/416 3189/3665/416 3190/3666/416
f 3190/3666/416 3191/3667/416 3188/3664/416
f 3188/3664/416 3191/3667/416 3192/3668/416
f 3193/3669/416 3192/3668/416 3191/3667/416
f 3191/3667/416 3194/3670/416 3193/3669/416
f 3195/3671/416 3194/3670/416 3191/3667/416
f 3191/3667/416 3190/3666/416 3195/3671/416
f 3181/3672/416 3179/3673/3373 3177/3674/416
f 3177/3674/416 3189/3665/416 3181/3672/416
f 3170/3675/416 3181/3672/416 3189/3665/416
f 3189/3665/416 3188/3664/416 3170/3675/416
f 3170/3675/416 3188/3664/416 3196/3676/416
f 3192/3668/416 3196/3676/416 3188/3664/416
f 3196/3676/416 3192/3668/416 3165/3677/3373
f 3164/3678/416 3165/3677/3373 3192/3668/416
f 3192/3668/416 3193/3669/416 3164/3678/416
f 3163/3679/416 3164/3678/416 3193/3669/416
f 3193/3669/416 3197/3680/416 3163/3679/416
f 3197/3680/416 3193/3669/416 3194/3670/416
f 3194/3670/416 3198/3681/416 3197/3680/416
f 3199/3682/416 3198/3681/416 3194/3670/416
f 3194/3670/416 3195/3671/416 3199/3682/416
f 3137/3683/416 3199/3682/416 3195/3671/416
f 3195/3671/416 3174/3684/416 3137/3683/416
f 3174/3684/416 3195/3671/416 3190/3666/416
f 3190/3666/416 3175/3685/416 3174/3684/416
f 3175/3685/416 3190/3666/416 3189/3665/416
f 3189/3665/416 3177/3674/416 3175/3685/416
f 3196/3676/416 3168/3686/416 3170/3675/416
f 3168/3686/416 3196/3676/416 3166/3687/416
f 3165/3677/3373 3166/3687/416 3196/3676/416
f 3166/3687/416 3167/3688/3373 3168/3686/416
f 3161/3689/3356 3163/3690/3356 3200/3691/3374
f 3163/3690/3356 3201/3692/3374 3200/3691/3374
f 3140/3693/3375 3144/3694/3376 3202/3695/3377
f 3202/3695/3377 3203/3696/3378 3140/3693/3375
f 3141/3697/3379 3140/3693/3375 3203/3696/3378
f 3203/3696/3378 3204/3698/3380 3141/3697/3379
f 3205/3699/3381 3141/3697/3379 3204/3698/3380
f 3204/3698/3380 3206/3700/3382 3205/3699/3381
f 3200/3691/3374 3205/3699/3381 3206/3700/3382
f 3206/3700/3382 3207/3701/3374 3200/3691/3374
f 3200/3691/3374 3207/3701/3374 3161/3689/3356
f 3162/3702/3356 3161/3689/3356 3207/3701/3374
f 3207/3701/3374 3208/3703/3374 3162/3702/3356
f 3209/3704/3383 3208/3703/3374 3207/3701/3374
f 3207/3701/3374 3206/3700/3382 3209/3704/3383
f 3210/3705/3384 3209/3704/3383 3206/3700/3382
f 3206/3700/3382 3204/3698/3380 3210/3705/3384
f 3211/3706/3385 3210/3705/3384 3204/3698/3380
f 3204/3698/3380 3203/3696/3378 3211/3706/3385
f 3212/3707/3386 3211/3706/3385 3203/3696/3378
f 3203/3696/3378 3202/3695/3377 3212/3707/3386
f 3212/3707/3386 3202/3695/3377 3213/3708/3387
f 3147/3709/3387 3213/3708/3387 3202/3695/3377
f 3202/3695/3377 3144/3694/3376 3147/3709/3387
f 3205/3699/3381 3149/3710/3388 3141/3697/3379
f 3213/3708/3387 3214/3711/3387 3212/3707/3386
f 3215/3712/3389 2996/3713/3389 2984/3714/3389
f 2984/3714/3389 3216/3715/3389 3215/3712/3389
f 3216/3715/3389 2984/3714/3389 2983/3716/3389
f 2983/3716/3389 3217/3717/3389 3216/3715/3389
f 3218/3718/3389 3217/3717/3389 2983/3716/3389
f 2983/3716/3389 2987/3719/3389 3218/3718/3389
f 3219/3720/3390 3218/3718/3389 2987/3719/3389
f 2987/3719/3389 2989/3721/3391 3219/3720/3390
f 3220/3722/3392 3221/3723/3393 3222/3724/3394
f 3222/3724/3395 3223/3725/3392 3220/3722/3396
f 3224/3726/3397 3220/3722/3396 3223/3725/3392
f 3223/3725/3392 3225/3727/3398 3224/3726/3397
f 3226/3728/3399 3224/3726/3397 3225/3727/3398
f 3225/3727/3398 3227/3729/3400 3226/3728/3399
f 3228/3730/3401 3226/3728/3399 3227/3729/3400
f 3227/3729/3400 3229/3731/3402 3228/3730/3401
f 3230/3732/3403 3228/3730/3401 3229/3731/3402
f 3229/3731/3402 3231/3733/3404 3230/3732/3403
f 3232/3734/3405 3230/3732/3403 3231/3733/3404
f 3231/3733/3404 3233/3735/3406 3232/3734/3405
f 3232/3734/3405 3233/3735/3406 3234/3736/3407
f 3234/3736/3407 3235/3737/3408 3232/3734/3405
f 3235/3737/3408 3234/3736/3407 3236/3738/3409
f 3236/3738/3409 3237/3739/3410 3235/3737/3408
f 3237/3739/3410 3236/3738/3409 3238/3740/3411
f 3238/3740/3411 3239/3741/3411 3237/3739/3410
f 3239/3741/3411 3238/3740/3411 3240/3742/3412
f 3240/3742/3412 3241/3743/3413 3239/3741/3411
f 3241/3743/3413 3240/3742/3412 3242/3744/3414
f 3242/3744/3414 3243/3745/3415 3241/3743/3413
f 3243/3745/3415 3242/3744/3414 3244/3746/3416
f 3244/3746/3416 3245/3747/3417 3243/3745/3415
f 3245/3747/3417 3244/3746/3416 3246/3748/3418
f 3246/3748/3418 3247/3749/3419 3245/3747/3417
f 2909/3750/3420 2910/3751/3421 2994/3752/3422
f 2994/3752/3423 3248/3753/3424 2909/3750/3425
f 3248/3753/3424 2994/3752/3423 2993/3754/3426
f 2993/3754/3426 3249/3755/3426 3248/3753/3424
f 3249/3755/3426 2993/3754/3426 2992/3756/3427
f 2992/3756/3427 3250/3757/3428 3249/3755/3426
f 3250/3757/3428 2992/3756/3427 2991/3758/3429
f 2991/3758/3429 3251/3759/3430 3250/3757/3428
f 866/3760/3431 3251/3759/3430 2991/3758/3429
f 2991/3758/3429 867/3761/3432 866/3760/3431
f 3252/3762/3433 3253/3763/3434 3254/3764/3434
f 3254/3764/3435 3255/3765/3436 3252/3762/3437
f 3256/3766/3438 3252/3762/3437 3255/3765/3436
f 3255/3765/3436 3257/3767/3439 3256/3766/3438
f 3258/3768/3440 3256/3766/3438 3257/3767/3439
f 3257/3767/3439 3259/3769/3441 3258/3768/3440
f 3260/3770/3442 3258/3768/3440 3259/3769/3441
f 3259/3769/3441 3261/3771/3443 3260/3770/3442
f 3262/3772/3444 3260/3770/3442 3261/3771/3443
f 3261/3771/3443 3263/3773/3445 3262/3772/3444
f 3262/3772/3444 3263/3773/3445 3264/3774/3446
f 3264/3774/3446 3265/3775/3447 3262/3772/3444
f 3265/3775/3447 3264/3774/3446 3266/3776/3448
f 3266/3776/3448 3267/3777/3449 3265/3775/3447
f 3267/3777/3449 3266/3776/3448 3268/3778/3450
f 3268/3778/3450 3269/3779/3451 3267/3777/3449
f 3269/3779/3451 3268/3778/3450 3270/3780/3452
f 3270/3780/3452 3271/3781/3453 3269/3779/3451
f 3271/3781/3453 3270/3780/3452 3272/3782/3454
f 3272/3782/3454 3273/3783/3455 3271/3781/3453
f 3273/3783/3455 3272/3782/3454 3274/3784/3456
f 3274/3784/3456 3275/3785/3457 3273/3783/3455
f 3275/3785/3457 3274/3784/3456 3276/3786/3458
f 3276/3786/3458 3277/3787/3459 3275/3785/3457
f 3277/3787/3459 3276/3786/3458 3278/3788/3460
f 3278/3788/3460 3279/3789/3461 3277/3787/3459
f 781/3790/3462 782/3791/3463 783/3792/3464
f 783/3792/3464 3280/3793/3465 781/3790/3462
f 3280/3793/3465 783/3792/3464 784/3794/3466
f 784/3794/3466 3281/3795/3467 3280/3793/3465
f 3280/3793/3465 3281/3795/3467 779/3796/3468
f 779/3796/3468 778/3797/3469 3280/3793/3465
f 781/3790/3462 3280/3793/3465 778/3797/3469
f 778/3797/3469 780/3798/3470 781/3790/3462
f 3282/3799/1362 3201/3800/1362 3163/3801/1362
f 3163/3801/1362 3197/3802/1362 3282/3799/1362
f 3283/3803/1362 3282/3799/1362 3197/3802/1362
f 3197/3802/1362 3198/3804/1362 3283/3803/1362
f 3283/3803/1362 3198/3804/1362 3199/3805/1362
f 3199/3805/1362 3284/3806/1362 3283/3803/1362
f 3284/3806/1362 3199/3805/1362 3137/3807/1362
f 3137/3807/1362 3136/3808/1362 3284/3806/1362
f 3285/3809/3471 3286/3810/3472 3287/3811/3473
f 3287/3811/3474 3288/3812/3475 3285/3809/3476
f 3289/3813/3477 3285/3809/3476 3288/3812/3475
f 3288/3812/3475 3290/3814/3478 3289/3813/3477
f 3291/3815/3479 3289/3813/3477 3290/3814/3478
f 3290/3814/3478 3292/3816/3480 3291/3815/3479
f 3293/3817/3481 3291/3815/3479 3292/3816/3480
f 3292/3816/3480 3294/3818/3482 3293/3817/3481
f 3295/3819/3483 3293/3817/3481 3294/3818/3482
f 3294/3818/3482 3296/3820/3484 3295/3819/3483
f 3297/3821/3485 3295/3819/3483 3296/3820/3484
f 3296/3820/3484 3298/3822/3486 3297/3821/3485
f 3299/3823/3487 3297/3821/3485 3298/3822/3486
f 3298/3822/3486 3300/3824/3488 3299/3823/3487
f 3299/3823/3487 3300/3824/3488 3301/3825/3489
f 3301/3825/3489 3302/3826/3490 3299/3823/3487
f 3302/3826/3490 3301/3825/3489 3303/3827/3491
f 3303/3827/3491 3304/3828/3492 3302/3826/3490
f 3304/3828/3492 3303/3827/3491 3305/3829/3493
f 3305/3829/3493 3306/3830/3494 3304/3828/3492
f 3306/3830/3494 3305/3829/3493 3307/3831/3495
f 3307/3831/3495 3308/3832/3496 3306/3830/3494
f 3308/3832/3496 3307/3831/3495 3309/3833/3497
f 3309/3833/3497 3310/3834/3497 3308/3832/3496
f 3310/3834/3497 3309/3833/3497 3311/3835/3498
f 3311/3835/3498 3312/3836/3498 3310/3834/3497
f 3313/3837/2221 3314/3838/2221 3315/3839/2221
f 3315/3839/2221 3316/3840/2221 3313/3837/2221
f 3316/3840/2221 3315/3839/2221 3317/3841/2221
f 3317/3841/2221 3318/3842/2221 3316/3840/2221
f 3319/3843/2221 3318/3842/2221 3317/3841/2221
f 3317/3841/2221 3320/3844/2221 3319/3843/2221
f 3321/3845/2221 3319/3843/2221 3320/3844/2221
f 3320/3844/2221 3322/3846/2221 3321/3845/2221
f 3323/3847/2221 3321/3845/2221 3322/3846/2221
f 3322/3846/2221 3324/3848/2221 3323/3847/2221
f 3324/3848/2221 3325/3849/2221 3323/3847/2221
f 3324/3848/2221 3326/3850/2221 3325/3849/2221
f 3327/3851/3499 3328/3852/3500 3329/3853/3501
f 3329/3853/3501 3330/3854/3502 3327/3851/3499
f 3331/3855/3503 3327/3851/3499 3330/3854/3502
f 3330/3854/3502 3332/3856/3504 3331/3855/3503
f 3333/3857/3505 3331/3855/3503 3332/3856/3504
f 3332/3856/3504 3334/3858/3506 3333/3857/3505
f 3335/3859/3507 3333/3857/3505 3334/3858/3506
f 3334/3858/3506 3336/3860/3508 3335/3859/3507
f 3337/3861/3509 3335/3859/3507 3336/3860/3508
f 3336/3860/3508 3338/3862/3510 3337/3861/3509
f 3339/3863/3511 3337/3861/3509 3338/3862/3510
f 3338/3862/3510 3340/3864/3512 3339/3863/3511
f 3341/3865/3513 3339/3863/3511 3340/3864/3512
f 3340/3864/3512 3342/3866/3514 3341/3865/3513
f 3343/3867/3515 3341/3865/3513 3342/3866/3514
f 3342/3866/3514 3344/3868/3516 3343/3867/3515
f 3345/3869/3517 3343/3867/3515 3344/3868/3516
f 3344/3868/3516 3346/3870/3518 3345/3869/3517
f 3347/3871/3519 3345/3869/3517 3346/3870/3518
f 3346/3870/3518 3348/3872/3520 3347/3871/3519
f 3347/3871/3519 3349/3873/3521 3350/3874/3522
f 3350/3874/3522 3345/3869/3517 3347/3871/3519
f 3345/3869/3517 3350/3874/3522 3351/3875/3523
f 3351/3875/3523 3343/3867/3515 3345/3869/3517
f 3343/3867/3515 3351/3875/3523 3352/3876/3524
f 3352/3876/3524 3341/3865/3513 3343/3867/3515
f 3341/3865/3513 3352/3876/3524 3353/3877/3525
f 3353/3877/3525 3339/3863/3511 3341/3865/3513
f 3339/3863/3511 3353/3877/3525 3354/3878/3526
f 3354/3878/3526 3337/3861/3509 3339/3863/3511
f 3337/3861/3509 3354/3878/3526 3355/3879/3527
f 3355/3879/3527 3335/3859/3507 3337/3861/3509
f 3335/3859/3507 3355/3879/3527 3356/3880/3528
f 3356/3880/3528 3333/3857/3505 3335/3859/3507
f 3333/3857/3505 3356/3880/3528 3357/3881/3529
f 3357/3881/3529 3331/3855/3503 3333/3857/3505
f 3331/3855/3503 3357/3881/3529 3358/3882/3530
f 3358/3882/3530 3327/3851/3499 3331/3855/3503
f 3349/3873/3521 3359/3883/3531 3360/3884/3532
f 3360/3884/3532 3350/3874/3522 3349/3873/3521
f 3350/3874/3522 3360/3884/3532 3361/3885/3533
f 3361/3885/3533 3351/3875/3523 3350/3874/3522
f 3351/3875/3523 3361/3885/3533 3362/3886/3534
f 3362/3886/3534 3352/3876/3524 3351/3875/3523
f 3352/3876/3524 3362/3886/3534 3363/3887/3535
f 3363/3887/3535 3353/3877/3525 3352/3876/3524
f 3353/3877/3525 3363/3887/3535 3364/3888/3536
f 3364/3888/3536 3354/3878/3526 3353/3877/3525
f 3354/3878/3526 3364/3888/3536 3365/3889/3537
f 3365/3889/3537 3355/3879/3527 3354/3878/3526
f 3355/3879/3527 3365/3889/3537 3366/3890/3538
f 3366/3890/3538 3356/3880/3528 3355/3879/3527
f 3356/3880/3528 3366/3890/3538 3367/3891/3539
f 3367/3891/3539 3357/3881/3529 3356/3880/3528
f 3357/3881/3529 3367/3891/3539 3368/3892/3540
f 3368/3892/3540 3358/3882/3530 3357/3881/3529
f 3327/3851/3499 3358/3882/3530 3369/3893/3541
f 3369/3893/3541 3328/3852/3500 3327/3851/3499
f 3328/3852/3500 3369/3893/3541 3370/3894/3542
f 3370/3894/3542 3371/3895/3543 3328/3852/3500
f 3371/3895/3543 3370/3894/3542 3372/3896/3544
f 3372/3896/3544 3373/3897/3545 3371/3895/3543
f 3373/3897/3545 3372/3896/3544 3374/3898/3546
f 3374/3898/3546 3375/3899/3547 3373/3897/3545
f 3375/3899/3547 3374/3898/3546 3376/3900/3548
f 3376/3900/3548 3377/3901/3549 3375/3899/3547
f 3377/3901/3549 3376/3900/3548 3378/3902/3550
f 3378/3902/3550 3379/3903/3551 3377/3901/3549
f 3379/3903/3551 3378/3902/3550 3380/3904/3552
f 3380/3904/3552 3381/3905/3553 3379/3903/3551
f 3381/3905/3553 3380/3904/3552 3382/3906/3554
f 3382/3906/3554 3383/3907/3555 3381/3905/3553
f 3383/3907/3555 3382/3906/3554 3349/3908/3521
f 3349/3908/3521 3347/3909/3519 3383/3907/3555
f 3383/3907/3555 3347/3909/3519 3348/3910/3520
f 3348/3910/3520 3384/3911/3556 3383/3907/3555
f 3381/3905/3553 3383/3907/3555 3384/3911/3556
f 3384/3911/3556 3385/3912/3557 3381/3905/3553
f 3379/3903/3551 3381/3905/3553 3385/3912/3557
f 3385/3912/3557 3386/3913/3558 3379/3903/3551
f 3377/3901/3549 3379/3903/3551 3386/3913/3558
f 3386/3913/3558 3387/3914/3559 3377/3901/3549
f 3375/3899/3547 3377/3901/3549 3387/3914/3559
f 3387/3914/3559 3388/3915/3560 3375/3899/3547
f 3373/3897/3545 3375/3899/3547 3388/3915/3560
f 3388/3915/3560 3389/3916/3561 3373/3897/3545
f 3371/3895/3543 3373/3897/3545 3389/3916/3561
f 3389/3916/3561 3390/3917/3562 3371/3895/3543
f 3328/3852/3500 3371/3895/3543 3390/3917/3562
f 3390/3917/3562 3329/3853/3501 3328/3852/3500
f 3358/3882/3530 3368/3892/3540 3391/3918/3563
f 3391/3918/3563 3369/3893/3541 3358/3882/3530
f 3369/3893/3541 3391/3918/3563 3392/3919/3564
f 3392/3919/3564 3370/3894/3542 3369/3893/3541
f 3370/3894/3542 3392/3919/3564 3393/3920/3565
f 3393/3920/3565 3372/3896/3544 3370/3894/3542
f 3372/3896/3544 3393/3920/3565 3394/3921/3566
f 3394/3921/3566 3374/3898/3546 3372/3896/3544
f 3374/3898/3546 3394/3921/3566 3395/3922/3567
f 3395/3922/3567 3376/3900/3548 3374/3898/3546
f 3376/3900/3548 3395/3922/3567 3396/3923/3568
f 3396/3923/3568 3378/3902/3550 3376/3900/3548
f 3378/3902/3550 3396/3923/3568 3397/3924/3569
f 3397/3924/3569 3380/3904/3552 3378/3902/3550
f 3380/3904/3552 3397/3924/3569 3398/3925/3570
f 3398/3925/3570 3382/3906/3554 3380/3904/3552
f 3382/3906/3554 3398/3925/3570 3359/3926/3531
f 3359/3926/3531 3349/3908/3521 3382/3906/3554
f 3391/3927/3571 3399/3928/3572 3400/3929/3573
f 3399/3928/3572 3391/3927/3571 3368/3930/3574
f 3368/3930/3574 3401/3931/818 3399/3928/3572
f 3401/3931/818 3368/3930/3574 3367/3932/3575
f 3367/3932/3575 3402/3933/3575 3401/3931/818
f 3402/3933/3575 3367/3932/3575 3366/3934/830
f 3366/3934/830 3403/3935/3572 3402/3933/3575
f 3403/3935/3572 3366/3934/830 3365/3936/831
f 3365/3936/831 3404/3937/823 3403/3935/3572
f 3404/3937/823 3365/3936/831 3364/3938/823
f 3364/3938/823 3405/3939/819 3404/3937/823
f 3405/3939/819 3364/3938/823 3363/3940/820
f 3363/3940/820 3406/3941/832 3405/3939/819
f 3406/3941/832 3363/3940/820 3362/3942/3576
f 3362/3942/3576 3407/3943/3576 3406/3941/832
f 3407/3943/3576 3362/3942/3576 3361/3944/3575
f 3361/3944/3575 3408/3945/3575 3407/3943/3576
f 3408/3945/3575 3361/3944/3575 3360/3946/3575
f 3360/3946/3575 3409/3947/3575 3408/3945/3575
f 3409/3947/3575 3360/3946/3575 3359/3948/831
f 3359/3948/831 3410/3949/831 3409/3947/3575
f 3410/3949/831 3359/3948/831 3398/3950/3575
f 3398/3950/3575 3411/3951/820 3410/3949/831
f 3411/3951/820 3398/3950/3575 3397/3952/821
f 3397/3952/821 3412/3953/3577 3411/3951/820
f 3412/3953/3577 3397/3952/821 3396/3954/825
f 3396/3954/825 3413/3955/3575 3412/3953/3577
f 3413/3955/3575 3396/3954/825 3395/3956/818
f 3395/3956/818 3414/3957/820 3413/3955/3575
f 3414/3957/820 3395/3956/818 3394/3958/818
f 3394/3958/818 3415/3959/830 3414/3957/820
f 3415/3959/830 3394/3958/818 3393/3960/818
f 3393/3960/818 3416/3961/831 3415/3959/830
f 3416/3961/831 3393/3960/818 3392/3962/3573
f 3392/3962/3573 3400/3929/3573 3416/3961/831
f 3400/3929/3573 3392/3962/3573 3391/3927/3571
f 3417/3963/3578 3418/3964/3579 3419/3965/825
f 3418/3964/3579 3417/3963/3578 3420/3966/3572
f 3420/3966/3572 3421/3967/3572 3418/3964/3579
f 3421/3967/3572 3420/3966/3572 3422/3968/830
f 3422/3968/830 3423/3969/3572 3421/3967/3572
f 3423/3969/3572 3422/3968/830 3424/3970/3577
f 3424/3970/3577 3425/3971/821 3423/3969/3572
f 3425/3971/821 3424/3970/3577 3426/3972/832
f 3426/3972/832 3427/3973/3575 3425/3971/821
f 3427/3973/3575 3426/3972/832 3428/3974/3575
f 3428/3974/3575 3429/3975/3575 3427/3973/3575
f 3429/3975/3575 3428/3974/3575 3430/3976/3575
f 3430/3976/3575 3431/3977/3575 3429/3975/3575
f 3431/3977/3575 3430/3976/3575 3432/3978/3576
f 3432/3978/3576 3433/3979/3576 3431/3977/3575
f 3433/3979/3576 3432/3978/3576 3434/3980/3580
f 3434/3980/3580 3435/3981/3575 3433/3979/3576
f 3435/3981/3575 3434/3980/3580 3436/3982/3581
f 3436/3982/3581 3437/3983/3575 3435/3981/3575
f 3437/3983/3575 3436/3982/3581 3438/3984/830
f 3438/3984/830 3439/3985/3574 3437/3983/3575
f 3439/3985/3574 3438/3984/830 3440/3986/819
f 3440/3986/819 3441/3987/3575 3439/3985/3574
f 3441/3987/3575 3440/3986/819 3442/3988/821
f 3442/3988/821 3443/3989/3577 3441/3987/3575
f 3443/3989/3577 3442/3988/821 3444/3990/3582
f 3444/3990/3582 3445/3991/3582 3443/3989/3577
f 3445/3991/3582 3444/3990/3582 3446/3992/3583
f 3446/3992/3583 3447/3993/3583 3445/3991/3582
f 3447/3993/3583 3446/3992/3583 3448/3994/3584
f 3448/3994/3584 3449/3995/3585 3447/3993/3583
f 3449/3995/3585 3448/3994/3584 3450/3996/819
f 3450/3996/819 3451/3997/819 3449/3995/3585
f 3451/3997/819 3450/3996/819 3452/3998/832
f 3452/3998/832 3419/3965/825 3451/3997/819
f 3419/3965/825 3452/3998/832 3417/3963/3578
f 3453/3999/3586 3454/4000/3587 3455/4001/3588
f 3454/4000/3587 3453/3999/3586 3456/4002/3589
f 3456/4002/3589 3457/4003/3590 3454/4000/3587
f 3457/4003/3590 3456/4002/3589 3458/4004/3591
f 3458/4004/3591 3459/4005/3592 3457/4003/3590
f 3459/4005/3592 3458/4004/3591 3460/4006/3593
f 3460/4006/3593 3461/4007/3594 3459/4005/3592
f 3461/4007/3594 3460/4006/3593 3462/4008/3595
f 3462/4008/3595 3463/4009/3596 3461/4007/3594
f 3463/4009/3596 3462/4008/3595 3464/4010/3597
f 3464/4010/3597 3465/4011/3597 3463/4009/3596
f 3465/4011/3597 3464/4010/3597 3466/4012/3598
f 3466/4012/3598 3467/4013/3599 3465/4011/3597
f 3467/4013/3599 3466/4012/3598 3468/4014/3590
f 3468/4014/3590 3469/4015/3600 3467/4013/3599
f 3469/4015/3600 3468/4014/3590 3470/4016/3601
f 3470/4016/3601 3471/4017/3587 3469/4015/3600
f 3471/4017/3587 3470/4016/3601 3472/4018/3602
f 3472/4018/3602 3473/4019/3603 3471/4017/3587
f 3473/4019/3603 3472/4018/3602 3474/4020/3604
f 3474/4020/3604 3475/4021/3605 3473/4019/3603
f 3475/4021/3605 3474/4020/3604 3476/4022/3590
f 3476/4022/3590 3477/4023/3590 3475/4021/3605
f 3477/4023/3590 3476/4022/3590 3478/4024/3606
f 3478/4024/3606 3479/4025/3606 3477/4023/3590
f 3479/4025/3606 3478/4024/3606 3480/4026/3607
f 3480/4026/3607 3481/4027/3607 3479/4025/3606
f 3481/4027/3607 3480/4026/3607 3482/4028/3587
f 3482/4028/3587 3483/4029/3587 3481/4027/3607
f 3483/4029/3587 3482/4028/3587 3484/4030/3587
f 3484/4030/3587 3485/4031/3587 3483/4029/3587
f 3485/4031/3587 3484/4030/3587 3486/4032/3608
f 3486/4032/3608 3487/4033/3608 3485/4031/3587
f 3487/4033/3608 3486/4032/3608 3488/4034/3586
f 3488/4034/3586 3455/4001/3588 3487/4033/3608
f 3455/4001/3588 3488/4034/3586 3453/3999/3586
f 3489/4035/3601 3490/4036/3587 3491/4037/3587
f 3490/4036/3587 3489/4035/3601 3492/4038/3609
f 3492/4038/3609 3493/4039/3610 3490/4036/3587
f 3493/4039/3610 3492/4038/3609 3494/4040/3611
f 3494/4040/3611 3495/4041/3612 3493/4039/3610
f 3495/4041/3612 3494/4040/3611 3496/4042/3613
f 3496/4042/3613 3497/4043/3614 3495/4041/3612
f 3497/4043/3614 3496/4042/3613 3498/4044/3607
f 3498/4044/3607 3499/4045/3587 3497/4043/3614
f 3499/4045/3587 3498/4044/3607 3500/4046/3600
f 3500/4046/3600 3501/4047/3610 3499/4045/3587
f 3501/4047/3610 3500/4046/3600 3502/4048/3612
f 3502/4048/3612 3503/4049/3612 3501/4047/3610
f 3503/4049/3612 3502/4048/3612 3504/4050/3601
f 3504/4050/3601 3505/4051/3612 3503/4049/3612
f 3505/4051/3612 3504/4050/3601 3506/4052/3600
f 3506/4052/3600 3507/4053/3605 3505/4051/3612
f 3507/4053/3605 3506/4052/3600 3508/4054/3615
f 3508/4054/3615 3509/4055/3615 3507/4053/3605
f 3509/4055/3615 3508/4054/3615 3510/4056/3615
f 3510/4056/3615 3511/4057/3610 3509/4055/3615
f 3511/4057/3610 3510/4056/3615 3512/4058/3592
f 3512/4058/3592 3513/4059/3612 3511/4057/3610
f 3513/4059/3612 3512/4058/3592 3514/4060/3606
f 3514/4060/3606 3515/4061/3616 3513/4059/3612
f 3515/4061/3616 3514/4060/3606 3516/4062/3592
f 3516/4062/3592 3517/4063/3592 3515/4061/3616
f 3517/4063/3592 3516/4062/3592 3518/4064/3611
f 3518/4064/3611 3519/4065/3601 3517/4063/3592
f 3519/4065/3601 3518/4064/3611 3520/4066/3612
f 3520/4066/3612 3521/4067/3587 3519/4065/3601
f 3521/4067/3587 3520/4066/3612 3522/4068/3617
f 3522/4068/3617 3523/4069/3618 3521/4067/3587
f 3523/4069/3618 3522/4068/3617 3524/4070/3587
f 3524/4070/3587 3491/4037/3587 3523/4069/3618
f 3491/4037/3587 3524/4070/3587 3489/4035/3601
f 3525/4071/3619 3526/4072/3600 3527/4073/3601
f 3527/4073/3601 3528/4074/3620 3525/4071/3619
f 3529/4075/3621 3525/4071/3619 3528/4074/3620
f 3528/4074/3620 3530/4076/3622 3529/4075/3621
f 3530/4076/3622 3528/4074/3620 3531/4077/3623
f 3531/4077/3623 3532/4078/3624 3530/4076/3622
f 3532/4078/3624 3531/4077/3623 3533/4079/3625
f 3533/4079/3625 3534/4080/3626 3532/4078/3624
f 3534/4080/3626 3533/4079/3625 3535/4081/3627
f 3535/4081/3627 3536/4082/3628 3534/4080/3626
f 3536/4082/3628 3535/4081/3627 3537/4083/3629
f 3537/4083/3629 3538/4084/3630 3536/4082/3628
f 3538/4084/3630 3537/4083/3629 3539/4085/3631
f 3539/4085/3631 3540/4086/3632 3538/4084/3630
f 3540/4086/3632 3539/4085/3631 3541/4087/3633
f 3541/4087/3633 3542/4088/3634 3540/4086/3632
f 3542/4088/3634 3541/4087/3633 3543/4089/3635
f 3543/4089/3635 3544/4090/3636 3542/4088/3634
f 3545/4091/3612 3546/4092/3637 3543/4089/3635
f 3543/4089/3635 3547/4093/3610 3545/4091/3612
f 3547/4093/3610 3543/4089/3635 3541/4087/3633
f 3541/4087/3633 3548/4094/3617 3547/4093/3610
f 3548/4094/3617 3541/4087/3633 3539/4085/3631
f 3539/4085/3631 3549/4095/3589 3548/4094/3617
f 3549/4095/3589 3539/4085/3631 3537/4083/3629
f 3537/4083/3629 3550/4096/3605 3549/4095/3589
f 3550/4096/3605 3537/4083/3629 3535/4081/3627
f 3535/4081/3627 3551/4097/3610 3550/4096/3605
f 3551/4097/3610 3535/4081/3627 3533/4079/3625
f 3533/4079/3625 3552/4098/3606 3551/4097/3610
f 3552/4098/3606 3533/4079/3625 3531/4077/3623
f 3531/4077/3623 3553/4099/3638 3552/4098/3606
f 3553/4099/3638 3531/4077/3623 3528/4074/3620
f 3528/4074/3620 3527/4073/3601 3553/4099/3638
f 3544/4090/3636 3543/4089/3635 3546/4092/3637
f 3546/4092/3637 3554/4100/3639 3544/4090/3636
f 3554/4100/3639 3546/4092/3637 3555/4101/3640
f 3555/4101/3640 3556/4102/3641 3554/4100/3639
f 3556/4102/3641 3555/4101/3640 3557/4103/3642
f 3557/4103/3642 3558/4104/3643 3556/4102/3641
f 3558/4104/3643 3557/4103/3642 3559/4105/3644
f 3559/4105/3644 3560/4106/3645 3558/4104/3643
f 3560/4106/3645 3559/4105/3644 3561/4107/3646
f 3561/4107/3646 3562/4108/3647 3560/4106/3645
f 3562/4108/3647 3561/4107/3646 3563/4109/3648
f 3563/4109/3648 3564/4110/3649 3562/4108/3647
f 3564/4110/3649 3563/4109/3648 3565/4111/3650
f 3565/4111/3650 3566/4112/3651 3564/4110/3649
f 3566/4112/3651 3565/4111/3650 3567/4113/3652
f 3567/4113/3652 3568/4114/3653 3566/4112/3651
f 3568/4114/3653 3567/4113/3652 3569/4115/3654
f 3569/4115/3654 3570/4116/3655 3568/4114/3653
f 3570/4116/3655 3569/4115/3654 3525/4071/3619
f 3525/4071/3619 3529/4075/3621 3570/4116/3655
f 3526/4072/3600 3525/4071/3619 3569/4115/3654
f 3569/4115/3654 3571/4117/3611 3526/4072/3600
f 3571/4117/3611 3569/4115/3654 3567/4113/3652
f 3567/4113/3652 3572/4118/3592 3571/4117/3611
f 3572/4118/3592 3567/4113/3652 3565/4111/3650
f 3565/4111/3650 3573/4119/3592 3572/4118/3592
f 3573/4119/3592 3565/4111/3650 3563/4109/3648
f 3563/4109/3648 3574/4120/3601 3573/4119/3592
f 3574/4120/3601 3563/4109/3648 3561/4107/3646
f 3561/4107/3646 3575/4121/3586 3574/4120/3601
f 3575/4121/3586 3561/4107/3646 3559/4105/3644
f 3559/4105/3644 3576/4122/3612 3575/4121/3586
f 3576/4122/3612 3559/4105/3644 3557/4103/3642
f 3557/4103/3642 3577/4123/3611 3576/4122/3612
f 3577/4123/3611 3557/4103/3642 3555/4101/3640
f 3555/4101/3640 3578/4124/3587 3577/4123/3611
f 3578/4124/3587 3555/4101/3640 3546/4092/3637
f 3546/4092/3637 3545/4091/3612 3578/4124/3587
f 3579/4125/3656 3580/4126/3657 3581/4127/3658
f 3581/4127/3658 3582/4128/3659 3579/4125/3656
f 3582/4128/3659 3581/4127/3658 3583/4129/3660
f 3583/4129/3660 3584/4130/3661 3582/4128/3659
f 3584/4130/3661 3583/4129/3660 3585/4131/3662
f 3585/4131/3662 1860/4132/3662 3584/4130/3661
f 1861/4133/3663 1860/4132/3662 3585/4131/3662
f 3585/4131/3662 3586/4134/3664 1861/4133/3663
f 1864/4135/3665 1861/4133/3663 3586/4134/3664
f 3586/4134/3664 3587/4136/3666 1864/4135/3665
f 1866/4137/3667 1864/4135/3665 3587/4136/3666
f 3587/4136/3666 3588/4138/3668 1866/4137/3667
f 1868/4139/3669 1866/4137/3667 3588/4138/3668
f 3588/4138/3668 3589/4140/3670 1868/4139/3669
f 1870/4141/3671 1868/4139/3669 3589/4140/3670
f 3589/4140/3670 3590/4142/3672 1870/4141/3671
f 1859/4143/3673 1870/4141/3671 3590/4142/3672
f 3590/4142/3672 3591/4144/3674 1859/4143/3673
f 1858/4145/3675 1859/4143/3673 3591/4144/3674
f 3591/4144/3674 3592/4146/3676 1858/4145/3675
f 1856/4147/3677 1858/4145/3675 3592/4146/3676
f 3592/4146/3676 3593/4148/3678 1856/4147/3677
f 1855/4149/3679 1856/4147/3677 3593/4148/3678
f 3593/4148/3678 3594/4150/3680 1855/4149/3679
f 1851/4151/3681 1855/4149/3679 3594/4150/3680
f 3594/4150/3680 3595/4152/3682 1851/4151/3681
f 1841/4153/3683 1851/4151/3681 3595/4152/3682
f 3595/4152/3682 3596/4154/3684 1841/4153/3683
f 1690/4155/3685 1841/4153/3683 3596/4154/3684
f 3596/4154/3684 3597/4156/3686 1690/4155/3685
f 3598/4157/3612 3599/4158/3601 3600/4159/3600
f 3598/4157/3612 3601/4160/3687 3599/4158/3601
f 3598/4157/3612 3602/4161/3688 3601/4160/3687
f 3598/4157/3612 3603/4162/3611 3602/4161/3688
f 3598/4157/3612 3604/4163/3617 3603/4162/3611
f 3598/4157/3612 3605/4164/3589 3604/4163/3617
f 3598/4157/3612 3606/4165/3612 3605/4164/3589
f 3598/4157/3612 3607/4166/3607 3606/4165/3612
f 3598/4157/3612 3608/4167/3612 3607/4166/3607
f 3598/4157/3612 3609/4168/3601 3608/4167/3612
f 3598/4157/3612 3610/4169/3587 3609/4168/3601
f 3598/4157/3612 3611/4170/3689 3610/4169/3587
f 3598/4157/3612 3612/4171/3690 3611/4170/3689
f 3598/4157/3612 3613/4172/3691 3612/4171/3690
f 3598/4157/3612 3614/4173/3589 3613/4172/3691
f 3598/4157/3612 3615/4174/3592 3614/4173/3589
f 3598/4157/3612 3616/4175/3607 3615/4174/3592
f 3598/4157/3612 3600/4159/3600 3616/4175/3607
f 3617/4176/3692 2083/2309/3693 906/2310/3694
f 906/2310/3694 3618/4177/3695 3617/4176/3692
f 3619/4178/3696 3617/4176/3692 3618/4177/3695
f 3618/4177/3695 3620/4179/3697 3619/4178/3696
f 3621/4180/3698 3619/4178/3696 3620/4179/3697
f 3620/4179/3697 3622/4181/3699 3621/4180/3698
f 3623/4182/3700 3621/4180/3698 3622/4181/3699
f 3622/4181/3699 3624/4183/3701 3623/4182/3700
f 3623/4182/3700 3624/4183/3701 3625/4184/3702
f 3625/4184/3702 3626/4185/3703 3623/4182/3700
f 3626/4185/3703 3625/4184/3702 3627/4186/3704
f 3627/4186/3704 3628/4187/3705 3626/4185/3703
f 3628/4187/3705 3627/4186/3704 3629/4188/3706
f 3629/4188/3706 3630/4189/3707 3628/4187/3705
f 3630/4189/3707 3629/4188/3706 1751/2955/3708
f 1751/2955/3708 2547/2956/3709 3630/4189/3707
f 2550/2959/3710 2546/2952/3711 1741/2954/3712
f 1741/2954/3712 3631/4190/3713 2550/2959/3710
f 350/4191/3714 2219/4192/3715 2220/4193/3716
f 3632/4194/3717 2219/4192/3715 350/4191/3714
f 350/4191/3714 353/4195/3718 3632/4194/3717
f 3633/4196/3714 3632/4194/3717 353/4195/3718
f 353/4195/3718 352/4197/3714 3633/4196/3714
f 3634/4198/3719 3633/4196/3714 352/4197/3714
f 352/4197/3714 888/4199/3720 3634/4198/3719
f 3634/4198/3719 888/4199/3720 887/4200/3721
f 887/4200/3721 3635/4201/3722 3634/4198/3719
f 3635/4201/3722 887/4200/3721 885/4202/3723
f 885/4202/3723 3636/4203/3724 3635/4201/3722
f 3636/4203/3724 885/4202/3723 886/4204/3725
f 886/4204/3725 3637/4205/3726 3636/4203/3724
f 3637/4205/3726 886/4204/3725 913/4206/3727
f 913/4206/3727 3638/4207/3727 3637/4205/3726
f 3638/4207/3727 913/4206/3727 917/4208/3728
f 917/4208/3728 2538/4209/3729 3638/4207/3727
f 2539/4210/3730 2538/4209/3729 917/4208/3728
f 917/4208/3728 1828/4211/3730 2539/4210/3730
f 2539/4210/3730 1828/4211/3730 1826/4212/3731
f 1826/4212/3731 2225/4213/3731 2539/4210/3730
f 2224/4214/3732 2225/4213/3731 1826/4212/3731
f 1826/4212/3731 1825/4215/3732 2224/4214/3732
f 2223/4216/3733 2224/4214/3732 1825/4215/3732
f 1825/4215/3732 1824/4217/3734 2223/4216/3733
f 2222/4218/3735 2223/4216/3733 1824/4217/3734
f 1824/4217/3734 1823/4219/803 2222/4218/3735
f 2222/4218/3735 1823/4219/803 1822/4220/3736
f 1822/4220/3736 2221/4221/3736 2222/4218/3735
f 2221/4221/3736 1822/4220/3736 1821/4222/3716
f 1821/4222/3716 2220/4193/3716 2221/4221/3736
f 2220/4193/3716 1821/4222/3716 350/4191/3714
f 3639/4223/3737 3640/4224/831 3641/4225/831
f 3641/4225/831 3642/4226/3738 3639/4223/3737
f 3643/4227/3739 3639/4223/3737 3642/4226/3738
f 3642/4226/3738 3644/4228/3740 3643/4227/3739
f 3644/4228/3740 3642/4226/3738 3645/4229/3741
f 3645/4229/3741 3646/4230/3742 3644/4228/3740
f 3646/4230/3742 3645/4229/3741 3647/4231/3743
f 3647/4231/3743 3648/4232/3744 3646/4230/3742
f 3648/4232/3744 3647/4231/3743 3649/4233/3745
f 3649/4233/3745 3650/4234/3746 3648/4232/3744
f 3650/4234/3746 3649/4233/3745 3651/4235/3747
f 3651/4235/3747 3652/4236/3748 3650/4234/3746
f 3652/4236/3748 3651/4235/3747 3653/4237/3749
f 3653/4237/3749 3654/4238/3750 3652/4236/3748
f 3654/4238/3750 3653/4237/3749 3655/4239/3751
f 3655/4239/3751 3656/4240/3752 3654/4238/3750
f 3656/4240/3752 3655/4239/3751 3657/4241/3753
f 3657/4241/3753 3658/4242/3754 3656/4240/3752
f 3659/4243/819 3660/4244/3755 3657/4241/3753
f 3657/4241/3753 3661/4245/825 3659/4243/819
f 3661/4245/825 3657/4241/3753 3655/4239/3751
f 3655/4239/3751 3662/4246/3575 3661/4245/825
f 3662/4246/3575 3655/4239/3751 3653/4237/3749
f 3653/4237/3749 3663/4247/820 3662/4246/3575
f 3663/4247/820 3653/4237/3749 3651/4235/3747
f 3651/4235/3747 3664/4248/831 3663/4247/820
f 3664/4248/831 3651/4235/3747 3649/4233/3745
f 3649/4233/3745 3665/4249/3756 3664/4248/831
f 3665/4249/3756 3649/4233/3745 3647/4231/3743
f 3647/4231/3743 3666/4250/819 3665/4249/3756
f 3666/4250/819 3647/4231/3743 3645/4229/3741
f 3645/4229/3741 3667/4251/831 3666/4250/819
f 3667/4251/831 3645/4229/3741 3642/4226/3738
f 3642/4226/3738 3641/4225/831 3667/4251/831
f 3658/4242/3754 3657/4241/3753 3660/4244/3755
f 3660/4244/3755 3668/4252/3757 3658/4242/3754
f 3668/4252/3757 3660/4244/3755 3669/4253/3758
f 3669/4253/3758 3670/4254/3759 3668/4252/3757
f 3670/4254/3759 3669/4253/3758 3671/4255/3760
f 3671/4255/3760 3672/4256/3761 3670/4254/3759
f 3672/4256/3761 3671/4255/3760 3673/4257/3762
f 3673/4257/3762 3674/4258/3763 3672/4256/3761
f 3674/4258/3763 3673/4257/3762 3675/4259/3764
f 3675/4259/3764 3676/4260/3765 3674/4258/3763
f 3676/4260/3765 3675/4259/3764 3677/4261/3766
f 3677/4261/3766 3678/4262/3767 3676/4260/3765
f 3678/4262/3767 3677/4261/3766 3679/4263/3768
f 3679/4263/3768 3680/4264/3769 3678/4262/3767
f 3680/4264/3769 3679/4263/3768 3681/4265/3770
f 3681/4265/3770 3682/4266/3771 3680/4264/3769
f 3682/4266/3771 3681/4265/3770 3683/4267/3772
f 3683/4267/3772 3684/4268/3773 3682/4266/3771
f 3684/4268/3773 3683/4267/3772 3639/4223/3737
f 3639/4223/3737 3643/4227/3739 3684/4268/3773
f 3640/4224/831 3639/4223/3737 3683/4267/3772
f 3683/4267/3772 3685/4269/823 3640/4224/831
f 3685/4269/823 3683/4267/3772 3681/4265/3770
f 3681/4265/3770 3686/4270/3774 3685/4269/823
f 3686/4270/3774 3681/4265/3770 3679/4263/3768
f 3679/4263/3768 3687/4271/3775 3686/4270/3774
f 3687/4271/3775 3679/4263/3768 3677/4261/3766
f 3677/4261/3766 3688/4272/832 3687/4271/3775
f 3688/4272/832 3677/4261/3766 3675/4259/3764
f 3675/4259/3764 3689/4273/825 3688/4272/832
f 3689/4273/825 3675/4259/3764 3673/4257/3762
f 3673/4257/3762 3690/4274/3573 3689/4273/825
f 3690/4274/3573 3673/4257/3762 3671/4255/3760
f 3671/4255/3760 3691/4275/825 3690/4274/3573
f 3691/4275/825 3671/4255/3760 3669/4253/3758
f 3669/4253/3758 3692/4276/3575 3691/4275/825
f 3692/4276/3575 3669/4253/3758 3660/4244/3755
f 3660/4244/3755 3659/4243/819 3692/4276/3575
f 959/4277/3776 3693/4278/3777 3694/4279/3778
f 3694/4279/3778 987/4280/3779 959/4277/3776
f 987/4280/3779 3694/4279/3778 3695/4281/3780
f 3695/4281/3780 985/4282/3781 987/4280/3779
f 985/4282/3781 3695/4281/3780 3696/4283/3782
f 3696/4283/3782 970/4284/3783 985/4282/3781
f 970/4284/3783 3696/4283/3782 3697/4285/3784
f 3697/4285/3784 968/4286/3785 970/4284/3783
f 968/4286/3785 3697/4285/3784 3698/4287/3786
f 3698/4287/3786 969/4288/3787 968/4286/3785
f 969/4288/3787 3698/4287/3786 3699/4289/3788
f 3699/4289/3788 3700/4290/3789 969/4288/3787
f 3700/4290/3789 3699/4289/3788 3701/4291/3790
f 3701/4291/3790 3702/4292/3790 3700/4290/3789
f 3702/4292/3790 3701/4291/3790 3703/4293/3791
f 3703/4293/3791 3704/4294/3792 3702/4292/3790
f 3704/4294/3792 3703/4293/3791 3580/4126/3657
f 3580/4126/3657 3579/4125/3656 3704/4294/3792
f 771/4295/3793 772/4296/3794 774/4297/3795
f 774/4297/3795 3705/4298/3796 771/4295/3793
f 3705/4298/3796 774/4297/3795 776/4299/3797
f 776/4299/3797 3706/4300/3798 3705/4298/3796
f 3705/4298/3796 3706/4300/3798 764/4301/3799
f 764/4301/3799 767/4302/3800 3705/4298/3796
f 771/4295/3793 3705/4298/3796 767/4302/3800
f 767/4302/3800 769/4303/3801 771/4295/3793
f 817/4304/3802 359/4305/3803 153/4306/3804
f 359/4305/3803 817/4304/3802 387/4307/3805
f 387/4307/3805 358/4308/3806 359/4305/3803
f 358/4308/3806 387/4307/3805 386/4309/3807
f 386/4309/3807 872/4310/3808 358/4308/3806
f 874/4311/3809 872/4310/3808 386/4309/3807
f 386/4309/3807 381/4312/3810 874/4311/3809
f 876/4313/3811 874/4311/3809 381/4312/3810
f 381/4312/3810 380/4314/3812 876/4313/3811
f 878/4315/3813 876/4313/3811 380/4314/3812
f 878/4315/3813 380/4314/3812 378/4316/3814
f 878/4315/3813 378/4316/3814 376/4317/3815
f 880/4318/3816 878/4315/3813 376/4317/3815
f 376/4317/3815 374/4319/3817 880/4318/3816
f 881/4320/3818 880/4318/3816 374/4319/3817
f 374/4319/3817 372/4321/3819 881/4320/3818
f 883/4322/3820 881/4320/3818 372/4321/3819
f 883/4322/3820 372/4321/3819 368/4323/3821
f 883/4322/3820 368/4323/3821 361/4324/3822
f 868/4325/3823 883/4322/3820 361/4324/3822
f 361/4324/3822 360/4326/3824 868/4325/3823
f 871/4327/3825 868/4325/3823 360/4326/3824
f 360/4326/3824 363/4328/3826 871/4327/3825
f 891/4329/3827 871/4327/3825 363/4328/3826
f 363/4328/3826 530/4330/3828 891/4329/3827
f 905/4331/3829 891/4329/3827 530/4330/3828
f 530/4330/3828 531/4332/3830 905/4331/3829
f 906/4333/3831 905/4331/3829 531/4332/3830
f 531/4332/3830 492/4334/3832 906/4333/3831
f 3618/4335/3833 906/4333/3831 492/4334/3832
f 492/4334/3832 491/4336/3834 3618/4335/3833
f 3620/4337/3835 3618/4335/3833 491/4336/3834
f 491/4336/3834 495/4338/3836 3620/4337/3835
f 3622/4339/3837 3620/4337/3835 495/4338/3836
f 495/4338/3836 497/4340/3838 3622/4339/3837
f 3624/4341/3839 3622/4339/3837 497/4340/3838
f 497/4340/3838 490/4342/3840 3624/4341/3839
f 3624/4341/3839 490/4342/3840 489/4343/3841
f 489/4343/3841 3625/4344/3842 3624/4341/3839
f 3625/4344/3842 489/4343/3841 482/4345/3843
f 482/4345/3843 3627/4346/3844 3625/4344/3842
f 3627/4346/3844 482/4345/3843 481/4347/3845
f 481/4347/3845 3629/4348/3846 3627/4346/3844
f 3629/4348/3846 481/4347/3845 480/4349/3847
f 480/4349/3847 1751/4350/3848 3629/4348/3846
f 1751/4350/3848 480/4349/3847 479/4351/3849
f 479/4351/3849 1750/4352/3850 1751/4350/3848
f 1750/4352/3850 479/4351/3849 478/4353/3851
f 478/4353/3851 1749/4354/3852 1750/4352/3850
f 1749/4354/3852 478/4353/3851 477/4355/3853
f 477/4355/3853 1747/4356/3854 1749/4354/3852
f 1747/4356/3854 477/4355/3853 476/4357/3855
f 476/4357/3855 1748/4358/3856 1747/4356/3854
f 1748/4358/3856 476/4357/3855 449/4359/3857
f 449/4359/3857 1763/4360/3858 1748/4358/3856
f 1761/4361/3859 1763/4360/3858 449/4359/3857
f 449/4359/3857 448/4362/3860 1761/4361/3859
f 1761/4361/3859 448/4362/3860 447/4363/3861
f 1761/4361/3859 447/4363/3861 446/4364/3862
f 446/4364/3862 1760/4365/3863 1761/4361/3859
f 1760/4365/3863 446/4364/3862 445/4366/3864
f 445/4366/3864 1759/4367/3865 1760/4365/3863
f 1767/4368/3866 1759/4367/3865 445/4366/3864
f 445/4366/3864 437/4369/3867 1767/4368/3866
f 1767/4368/3866 437/4369/3867 438/4370/3868
f 1767/4368/3866 438/4370/3868 426/4371/3869
f 426/4371/3869 1766/4372/3870 1767/4368/3866
f 1766/4372/3870 426/4371/3869 425/4373/3871
f 425/4373/3871 1752/4374/3872 1766/4372/3870
f 1490/4375/3873 1752/4374/3872 425/4373/3871
f 425/4373/3871 424/4376/3874 1490/4375/3873
f 1498/4377/3875 1490/4375/3873 424/4376/3874
f 424/4376/3874 423/4378/3876 1498/4377/3875
f 1068/4379/3877 1498/4377/3875 423/4378/3876
f 423/4378/3876 422/4380/3878 1068/4379/3877
f 1067/4381/3879 1068/4379/3877 422/4380/3878
f 422/4380/3878 421/4382/3880 1067/4381/3879
f 1066/4383/3881 1067/4381/3879 421/4382/3880
f 421/4382/3880 420/4384/3882 1066/4383/3881
f 1065/4385/3883 1066/4383/3881 420/4384/3882
f 420/4384/3882 848/4386/3884 1065/4385/3883
f 1020/4387/3885 1065/4385/3883 848/4386/3884
f 848/4386/3884 847/4388/3886 1020/4387/3885
f 2475/4389/3887 1020/4387/3885 847/4388/3886
f 847/4388/3886 853/4390/3888 2475/4389/3887
f 2475/4389/3887 853/4390/3888 851/4391/3889
f 851/4391/3889 30/4392/3890 2475/4389/3887
f 30/4392/3890 851/4391/3889 850/4393/3891
f 850/4393/3891 28/4394/3892 30/4392/3890
f 28/4394/3892 850/4393/3891 858/4395/3893
f 858/4395/3893 14/4396/3894 28/4394/3892
f 14/4396/3894 858/4395/3893 859/4397/3895
f 859/4397/3895 1/4398/3896 14/4396/3894
f 1/4398/3896 859/4397/3895 839/4399/3897
f 839/4399/3897 2/4400/3898 1/4398/3896
f 2188/4401/3899 2/4400/3898 839/4399/3897
f 839/4399/3897 838/4402/3900 2188/4401/3899
f 2187/4403/3901 2188/4401/3899 838/4402/3900
f 838/4402/3900 832/4404/3902 2187/4403/3901
f 2179/4405/3903 2187/4403/3901 832/4404/3902
f 832/4404/3902 830/4406/3904 2179/4405/3903
f 2180/4407/3905 2179/4405/3903 830/4406/3904
f 830/4406/3904 828/4408/3906 2180/4407/3905
f 2189/4409/3907 2180/4407/3905 828/4408/3906
f 828/4408/3906 826/4410/3908 2189/4409/3907
f 2189/4409/3907 826/4410/3908 819/4411/3909
f 819/4411/3909 149/4412/3910 2189/4409/3907
f 149/4412/3910 819/4411/3909 818/4413/3911
f 818/4413/3911 150/4414/3912 149/4412/3910
f 150/4414/3912 818/4413/3911 814/4415/3913
f 814/4415/3913 151/4416/3914 150/4414/3912
f 151/4416/3914 814/4415/3913 815/4417/3915
f 815/4417/3915 152/4418/3916 151/4416/3914
f 152/4418/3916 815/4417/3915 816/4419/3917
f 816/4419/3917 153/4306/3804 152/4418/3916
f 153/4306/3804 816/4419/3917 817/4304/3802
f 2570/4420/3918 2571/4421/3919 2580/4422/3919
f 2580/4422/3919 3707/4423/3918 2570/4420/3918
f 2570/4420/3918 3707/4423/3918 3708/4424/3920
f 3708/4424/3920 2569/4425/3920 2570/4420/3918
f 2568/4426/3921 2569/4425/3920 3708/4424/3920
f 3708/4424/3920 3709/4427/3921 2568/4426/3921
f 2568/4426/3921 3709/4427/3921 3710/4428/3922
f 3710/4428/3922 2566/4429/3922 2568/4426/3921
f 2565/4430/3923 2566/4429/3922 3710/4428/3922
f 3710/4428/3922 3711/4431/3923 2565/4430/3923
f 2567/4432/3924 2565/4430/3923 3711/4431/3923
f 3711/4431/3923 3712/4433/3925 2567/4432/3924
f 3713/4434/3926 2572/4435/3927 2563/4436/3928
f 2563/4436/3928 2564/4437/3929 3713/4434/3926
f 3712/4438/3930 3713/4434/3926 2564/4437/3929
f 2564/4437/3929 2567/4439/3931 3712/4438/3930
f 3714/4440/3932 3715/4441/3933 3716/4442/3934
f 3716/4442/3934 3715/4441/3933 3717/4443/3935
f 3717/4443/3935 3718/4444/3936 3716/4442/3934
f 3716/4442/3934 3718/4444/3936 3719/4445/3937
f 3720/4446/3938 3719/4445/3937 3718/4444/3936
f 3719/4445/3937 3720/4446/3938 3721/4447/3939
f 3721/4447/3939 3720/4446/3938 3722/4448/3940
f 3722/4448/3940 3723/4449/3941 3721/4447/3939
f 3723/4449/3941 3722/4448/3940 3724/4450/3942
f 3724/4450/3942 3725/4451/3943 3723/4449/3941
f 3725/4451/3943 3724/4450/3942 3726/4452/3944
f 3727/4453/3945 3714/4440/3932 3728/4454/3946
f 3716/4442/3934 3728/4454/3946 3714/4440/3932
f 3728/4454/3946 3716/4442/3934 3729/4455/3947
f 3719/4445/3937 3729/4455/3947 3716/4442/3934
f 3729/4455/3947 3719/4445/3937 3730/4456/3948
f 3721/4447/3939 3730/4456/3948 3719/4445/3937
f 3730/4456/3948 3721/4447/3939 3731/4457/3949
f 3731/4457/3949 3721/4447/3939 3723/4449/3941
f 3723/4449/3941 3732/4458/3950 3731/4457/3949
f 3732/4458/3950 3723/4449/3941 3725/4451/3943
f 3725/4451/3943 3733/4459/3951 3732/4458/3950
f 3733/4459/3951 3725/4451/3943 3734/4460/3952
f 3726/4452/3944 3734/4460/3952 3725/4451/3943
f 3734/4460/3952 3726/4452/3944 3735/4461/3953
f 1564/1666/1616 3735/4461/3953 1562/1664/1614
f 3735/4461/3953 1564/1666/1616 3734/4460/3952
f 3736/4462/3954 3734/4460/3952 1564/1666/1616
f 3734/4460/3952 3736/4462/3954 3733/4459/3951
f 3737/4463/3955 3733/4459/3951 3736/4462/3954
f 3733/4459/3951 3737/4463/3955 3738/4464/3956
f 3738/4464/3956 3732/4458/3950 3733/4459/3951
f 3732/4458/3950 3738/4464/3956 3739/4465/3957
f 3739/4465/3957 3731/4457/3949 3732/4458/3950
f 3740/4466/3958 3731/4457/3949 3739/4465/3957
f 3731/4457/3949 3740/4466/3958 3730/4456/3948
f 3741/4467/3959 3730/4456/3948 3740/4466/3958
f 3730/4456/3948 3741/4467/3959 3729/4455/3947
f 3742/4468/3960 3729/4455/3947 3741/4467/3959
f 3729/4455/3947 3742/4468/3960 3728/4454/3946
f 1006/1021/1120 3728/4454/3946 3742/4468/3960
f 3728/4454/3946 1006/1021/1120 3727/4453/3945
f 1008/1023/1122 3727/4453/3945 1006/1021/1120
f 1569/1671/1621 1564/1666/1616 1563/1665/1615
f 1564/1666/1616 1569/1671/1621 3736/4462/3954
f 1565/1667/1617 3736/4462/3954 1569/1671/1621
f 3736/4462/3954 1565/1667/1617 3737/4463/3955
f 1567/1669/1619 3737/4463/3955 1565/1667/1617
f 3737/4463/3955 1567/1669/1619 2403/4469/3961
f 2403/4469/3961 3738/4464/3956 3737/4463/3955
f 3738/4464/3956 2403/4469/3961 1047/1062/1161
f 1047/1062/1161 3739/4465/3957 3738/4464/3956
f 1046/1061/1160 3739/4465/3957 1047/1062/1161
f 3739/4465/3957 1046/1061/1160 3740/4466/3958
f 1045/1060/1159 3740/4466/3958 1046/1061/1160
f 3740/4466/3958 1045/1060/1159 3741/4467/3959
f 1044/1059/1158 3741/4467/3959 1045/1060/1159
f 3741/4467/3959 1044/1059/1158 3742/4468/3960
f 1033/1048/1147 3742/4468/3960 1044/1059/1158
f 3742/4468/3960 1033/1048/1147 1006/1021/1120
f 1007/1022/1121 1006/1021/1120 1033/1048/1147
f 3743/4470/3962 3744/4471/3963 3715/4441/3933
f 3715/4441/3933 3714/4440/3932 3743/4470/3962
f 3745/4472/3964 3743/4470/3962 3714/4440/3932
f 3714/4440/3932 3727/4453/3945 3745/4472/3964
f 3746/4473/3965 3745/4472/3964 3727/4453/3945
f 3727/4453/3945 1008/1023/1122 3746/4473/3965
f 1010/1025/1124 3746/4473/3965 1008/1023/1122
f 2477/4474/2660 2478/4475/2661 3744/4471/3963
f 3744/4471/3963 3743/4470/3962 2477/4474/2660
f 2476/4476/2659 2477/4474/2660 3743/4470/3962
f 3743/4470/3962 3745/4472/3964 2476/4476/2659
f 2470/4477/2653 2476/4476/2659 3745/4472/3964
f 3745/4472/3964 3746/4473/3965 2470/4477/2653
f 2469/4478/2652 2470/4477/2653 3746/4473/3965
f 3746/4473/3965 1010/1025/1124 2469/4478/2652
f 1012/1027/1126 2469/4478/2652 1010/1025/1124
f 1562/1664/1614 3747/4479/3966 1560/1662/1612
f 3747/4479/3966 1562/1664/1614 3735/4461/3953
f 3735/4461/3953 3748/4480/3967 3747/4479/3966
f 3748/4480/3967 3735/4461/3953 3726/4452/3944
f 3726/4452/3944 3749/4481/3968 3748/4480/3967
f 3749/4481/3968 3726/4452/3944 3724/4450/3942
f 3724/4450/3942 3750/4482/3969 3749/4481/3968
f 3750/4482/3969 3724/4450/3942 3722/4448/3940
f 3722/4448/3940 3751/4483/3970 3750/4482/3969
f 3751/4483/3970 3722/4448/3940 3720/4446/3938
f 3720/4446/3938 3752/4484/3971 3751/4483/3970
f 3718/4444/3936 3752/4484/3971 3720/4446/3938
f 3753/4485/3972 3752/4484/3971 3718/4444/3936
f 3718/4444/3936 3717/4443/3935 3753/4485/3972
f 3754/4486/3973 3753/4485/3972 3717/4443/3935
f 3717/4443/3935 3755/4487/3974 3754/4486/3973
f 3755/4487/3974 3717/4443/3935 3715/4441/3933
f 3715/4441/3933 3744/4471/3963 3755/4487/3974
f 3756/4488/3975 3753/4485/3972 3754/4486/3973
f 3753/4485/3972 3756/4488/3975 3751/4483/3970
f 3751/4483/3970 3752/4484/3971 3753/4485/3972
f 3750/4482/3969 3751/4483/3970 3756/4488/3975
f 1560/1662/1612 1517/1619/3976 1516/1618/1610
f 1517/1619/3976 1560/1662/1612 3747/4479/3966
f 3747/4479/3966 1519/1621/3977 1517/1619/3976
f 1519/1621/3977 3747/4479/3966 3748/4480/3967
f 3748/4480/3967 1521/1623/3978 1519/1621/3977
f 1521/1623/3978 3748/4480/3967 3749/4481/3968
f 3749/4481/3968 1523/1625/3979 1521/1623/3978
f 1523/1625/3979 3749/4481/3968 3750/4482/3969
f 3750/4482/3969 1509/1611/1545 1523/1625/3979
f 3756/4488/3975 1509/1611/1545 3750/4482/3969
f 1509/1611/1545 3756/4488/3975 1510/1612/1543
f 3754/4486/3973 1510/1612/1543 3756/4488/3975
f 1511/1613/1547 1510/1612/1543 3754/4486/3973
f 3754/4486/3973 2481/4489/2664 1511/1613/1547
f 2479/4490/2662 2481/4489/2664 3754/4486/3973
f 3754/4486/3973 3755/4487/3974 2479/4490/2662
f 2478/4475/2661 2479/4490/2662 3755/4487/3974
f 3755/4487/3974 3744/4471/3963 2478/4475/2661
f 784/4491/3980 743/4492/3981 731/4493/3982
f 731/4493/3982 3281/4494/3982 784/4491/3980
f 779/4495/3983 3281/4494/3982 731/4493/3982
f 731/4493/3982 730/4496/3984 779/4495/3983
f 3757/4497/3985 3146/4498/3985 3129/3593/3985
f 3147/3709/3985 3146/4498/3985 3757/4497/3985
f 3757/4497/3985 3213/3708/3985 3147/3709/3985
f 3214/3711/3986 3213/3708/3985 3757/4497/3985
f 3757/4497/3985 3758/4499/3985 3214/3711/3985
f 3127/3591/3985 3758/4499/3985 3757/4497/3985
f 3757/4497/3985 3128/3592/3985 3127/3591/3985
f 3129/3593/3985 3128/3592/3985 3757/4497/3985
f 3759/4500/3987 3219/4501/3987 2989/4502/3988
f 2989/4502/3988 2990/4503/3987 3759/4500/3987
f 3760/4504/3989 3761/4505/3990 3762/4506/3991
f 3762/4506/3991 3763/4507/3992 3760/4504/3989
f 3764/4508/3993 3760/4504/3989 3763/4507/3992
f 3763/4507/3992 3765/4509/3994 3764/4508/3993
f 3766/4510/3995 3764/4508/3993 3765/4509/3994
f 3765/4509/3994 3767/4511/3996 3766/4510/3995
f 3768/4512/3997 3766/4510/3995 3767/4511/3996
f 3767/4511/3996 3769/4513/3998 3768/4512/3997
f 3768/4512/3997 3769/4513/3998 3770/4514/3999
f 3770/4514/3999 3771/4515/4000 3768/4512/3997
f 3771/4515/4000 3770/4514/3999 3772/4516/4001
f 3772/4516/4001 3773/4517/4002 3771/4515/4000
f 3773/4517/4002 3772/4516/4001 3774/4518/4003
f 3774/4518/4003 3775/4519/4004 3773/4517/4002
f 3775/4519/4004 3774/4518/4003 3776/4520/4005
f 3776/4520/4005 3777/4521/4006 3775/4519/4004
f 3777/4521/4006 3776/4520/4005 3778/4522/4007
f 3778/4522/4007 3779/4523/4008 3777/4521/4006
f 3761/4505/3990 3780/4524/4009 3781/4525/4010
f 3781/4525/4010 3762/4506/3991 3761/4505/3990
f 3762/4506/3991 3781/4525/4010 3782/4526/4011
f 3782/4526/4011 3783/4527/4012 3762/4506/3991
f 3763/4507/3992 3762/4506/3991 3783/4527/4012
f 3783/4527/4012 3784/4528/4013 3763/4507/3992
f 3765/4509/3994 3763/4507/3992 3784/4528/4013
f 3784/4528/4013 3785/4529/4014 3765/4509/3994
f 3767/4511/3996 3765/4509/3994 3785/4529/4014
f 3785/4529/4014 3786/4530/4015 3767/4511/3996
f 3767/4511/3996 3786/4530/4015 3787/4531/4016
f 3787/4531/4016 3769/4513/3998 3767/4511/3996
f 3769/4513/3998 3787/4531/4016 3788/4532/4017
f 3788/4532/4017 3770/4514/3999 3769/4513/3998
f 3770/4514/3999 3788/4532/4017 3789/4533/4018
f 3789/4533/4018 3772/4516/4001 3770/4514/3999
f 3772/4516/4001 3789/4533/4018 3790/4534/4019
f 3790/4534/4019 3774/4518/4003 3772/4516/4001
f 3774/4518/4003 3790/4534/4019 3791/4535/4020
f 3791/4535/4020 3776/4520/4005 3774/4518/4003
f 3776/4520/4005 3791/4535/4020 3792/4536/4021
f 3792/4536/4021 3778/4522/4007 3776/4520/4005
f 3778/4522/4007 3792/4536/4021 3793/4537/4022
f 3793/4537/4022 3794/4538/4023 3778/4522/4007
f 3794/4538/4023 3793/4537/4022 3795/4539/4024
f 3795/4539/4024 3796/4540/4025 3794/4538/4023
f 3796/4540/4025 3795/4539/4024 3797/4541/4026
f 3797/4541/4026 3798/4542/4027 3796/4540/4025
f 3798/4542/4027 3797/4541/4026 3799/4543/4028
f 3799/4543/4028 3800/4544/4029 3798/4542/4027
f 3800/4544/4029 3799/4543/4028 3801/4545/4030
f 3801/4545/4030 3802/4546/4031 3800/4544/4029
f 3802/4546/4031 3801/4545/4030 3803/4547/4032
f 3803/4547/4032 3804/4548/4033 3802/4546/4031
f 3805/4549/4034 3802/4546/4031 3804/4548/4033
f 3804/4548/4033 3806/4550/4035 3805/4549/4034
f 3779/4523/4008 3778/4522/4007 3794/4538/4023
f 3794/4538/4023 3807/4551/4036 3779/4523/4008
f 3807/4551/4036 3794/4538/4023 3796/4540/4025
f 3796/4540/4025 3808/4552/4037 3807/4551/4036
f 3808/4552/4037 3796/4540/4025 3798/4542/4027
f 3798/4542/4027 3809/4553/4038 3808/4552/4037
f 3809/4553/4038 3798/4542/4027 3800/4544/4029
f 3800/4544/4029 3810/4554/4039 3809/4553/4038
f 3810/4554/4039 3800/4544/4029 3802/4546/4031
f 3802/4546/4031 3805/4549/4034 3810/4554/4039
f 2977/4555/3985 2976/4556/3985 2995/4557/3985
f 2995/4557/3985 3811/4558/3985 2977/4555/3985
f 3215/4559/3985 3811/4558/3985 2995/4557/3985
f 2995/4557/3985 2996/4560/3985 3215/4559/3985
f 3812/4561/4040 3813/4562/4041 3814/4563/4042
f 3814/4563/4042 3815/4564/4043 3812/4561/4040
f 3816/4565/4044 3812/4561/4040 3815/4564/4043
f 3815/4564/4043 3817/4566/4045 3816/4565/4044
f 2371/2691/2522 3816/4565/4044 3817/4566/4045
f 3817/4566/4045 2370/2690/2521 2371/2691/2522
f 2372/2692/2523 3816/4565/4044 2371/2691/2522
f 3816/4565/4044 2372/2692/2523 3818/4567/4046
f 3818/4567/4046 3812/4561/4040 3816/4565/4044
f 3812/4561/4040 3818/4567/4046 3819/4568/4047
f 3819/4568/4047 3813/4562/4041 3812/4561/4040
f 3813/4562/4041 3819/4568/4047 3820/4569/4048
f 3820/4569/4048 3821/4570/4049 3813/4562/4041
f 3813/4562/4041 3821/4570/4049 3822/4571/4050
f 3822/4571/4050 3814/4563/4042 3813/4562/4041
f 3814/4563/4042 3822/4571/4050 1713/4572/4051
f 1713/4572/4051 1714/4573/4052 3814/4563/4042
f 3815/4564/4043 3814/4563/4042 1714/4573/4052
f 1714/4573/4052 1715/4574/4053 3815/4564/4043
f 3817/4566/4045 3815/4564/4043 1715/4574/4053
f 1715/4574/4053 1716/4575/4054 3817/4566/4045
f 2370/2690/2521 3817/4566/4045 1716/4575/4054
f 1716/4575/4054 1717/2689/2520 2370/2690/2521
f 2374/2694/2525 3818/4567/4046 2372/2692/2523
f 3818/4567/4046 2374/2694/2525 2377/2697/2528
f 2377/2697/2528 3819/4568/4047 3818/4567/4046
f 3819/4568/4047 2377/2697/2528 2379/2699/2530
f 2379/2699/2530 3820/4569/4048 3819/4568/4047
f 2445/2797/2628 3820/4569/4048 2379/2699/2530
f 3821/4570/4049 3820/4569/4048 2445/2797/2628
f 2445/2797/2628 2447/2799/2630 3821/4570/4049
f 3822/4571/4050 3821/4570/4049 2447/2799/2630
f 2447/2799/2630 2449/2801/2632 3822/4571/4050
f 1713/4572/4051 3822/4571/4050 2449/2801/2632
f 2449/2801/2632 1687/4576/4055 1713/4572/4051
f 1687/4576/4055 2449/2801/2632 2450/2802/2633
f 2450/2802/2633 1649/4577/4056 1687/4576/4055
f 1649/4577/4056 2450/2802/2633 2452/2804/2635
f 2452/2804/2635 1653/4578/4057 1649/4577/4056
f 1653/4578/4057 2452/2804/2635 2441/2785/2616
f 2441/2785/2616 1655/2784/2615 1653/4578/4057
f 3823/4579/2221 3824/4580/2221 3825/4581/2221
f 3825/4581/2221 3826/4582/2221 3823/4579/2221
f 3827/4583/2221 3823/4579/2221 3826/4582/2221
f 3826/4582/2221 3828/4584/2221 3827/4583/2221
f 3829/4585/2221 3827/4583/2221 3828/4584/2221
f 3828/4584/2221 3830/4586/2221 3829/4585/2221
f 3831/4587/2221 3829/4585/2221 3830/4586/2221
f 3830/4586/2221 3832/4588/2221 3831/4587/2221
f 3833/4589/2221 3834/4590/2221 3835/4591/2221
f 3835/4591/2221 3836/4592/2221 3833/4589/2221
f 3837/4593/2221 3833/4589/2221 3836/4592/2221
f 3836/4592/2221 3838/4594/2221 3837/4593/2221
f 3839/4595/2221 3837/4593/2221 3838/4594/2221
f 3838/4594/2221 3840/4596/2221 3839/4595/2221
f 3841/4597/2221 3839/4595/2221 3840/4596/2221
f 3840/4596/2221 3842/4598/2221 3841/4597/2221
f 3843/4599/2221 3841/4597/2221 3842/4598/2221
f 3842/4598/2221 3844/4600/2221 3843/4599/2221
f 3845/4601/2221 3843/4599/2221 3844/4600/2221
f 3844/4600/2221 3846/4602/2221 3845/4601/2221
f 3847/4603/2221 3845/4601/2221 3846/4602/2221
f 3846/4602/2221 3848/4604/2221 3847/4603/2221
f 3849/4605/2221 3847/4603/2221 3848/4604/2221
f 3848/4604/2221 3850/4606/2221 3849/4605/2221
f 3824/4580/2221 3849/4605/2221 3850/4606/2221
f 3850/4606/2221 3825/4581/2221 3824/4580/2221
f 3851/4607/2221 3852/4608/2221 3853/4609/2221
f 3853/4609/2221 3854/4610/2221 3851/4607/2221
f 3855/4611/2221 3851/4607/2221 3854/4610/2221
f 3854/4610/2221 3856/4612/2221 3855/4611/2221
f 3857/4613/2221 3855/4611/2221 3856/4612/2221
f 3856/4612/2221 3858/4614/2221 3857/4613/2221
f 3859/4615/2221 3857/4613/2221 3858/4614/2221
f 3858/4614/2221 3860/4616/2221 3859/4615/2221
f 3861/4617/2221 3862/4618/2221 3863/4619/2221
f 3863/4619/2221 3864/4620/2221 3861/4617/2221
f 3865/4621/2221 3861/4617/2221 3864/4620/2221
f 3864/4620/2221 3866/4622/2221 3865/4621/2221
f 3867/4623/2221 3865/4621/2221 3866/4622/2221
f 3866/4622/2221 3868/4624/2221 3867/4623/2221
f 3869/4625/2221 3867/4623/2221 3868/4624/2221
f 3868/4624/2221 3870/4626/2221 3869/4625/2221
f 3871/4627/2221 3869/4625/2221 3870/4626/2221
f 3870/4626/2221 3872/4628/2221 3871/4627/2221
f 3873/4629/2221 3871/4627/2221 3872/4628/2221
f 3872/4628/2221 3874/4630/2221 3873/4629/2221
f 3875/4631/2221 3873/4629/2221 3874/4630/2221
f 3874/4630/2221 3876/4632/2221 3875/4631/2221
f 3877/4633/2221 3875/4631/2221 3876/4632/2221
f 3876/4632/2221 3878/4634/2221 3877/4633/2221
f 3852/4608/2221 3877/4633/2221 3878/4634/2221
f 3878/4634/2221 3853/4609/2221 3852/4608/2221
f 3302/4635/2707 3297/4636/2707 3299/4637/2707
f 3302/4635/2707 3295/4638/2707 3297/4636/2707
f 3295/4638/2707 3302/4635/2707 3304/4639/2707
f 3304/4639/2707 3293/4640/2707 3295/4638/2707
f 3293/4640/2707 3304/4639/2707 3306/4641/2707
f 3306/4641/2707 3291/4642/2707 3293/4640/2707
f 3291/4642/2707 3306/4641/2707 3308/4643/2707
f 3308/4643/2707 3289/4644/2707 3291/4642/2707
f 3285/4645/2707 3289/4644/2707 3308/4643/2707
f 3308/4643/2707 3310/4646/2707 3285/4645/2707
f 3286/4647/2707 3285/4645/2707 3310/4646/2707
f 3310/4646/2707 3312/4648/2707 3286/4647/2707
f 2306/4649/2443 341/4650/371 340/4651/370
f 340/4651/370 559/4652/633 2306/4649/2443
f 2307/4653/2444 2306/4649/2443 559/4652/633
f 559/4652/633 558/4654/632 2307/4653/2444
f 2497/4655/2684 2307/4653/2444 558/4654/632
f 558/4654/632 3879/4656/4058 2497/4655/2684
f 1552/1654/1601 2497/4655/2684 3879/4656/4058
f 3879/4656/4058 1553/1655/1602 1552/1654/1601
f 3880/4657/2221 3881/4658/2221 3882/4659/2221
f 3882/4659/2221 3883/4660/2221 3880/4657/2221
f 3884/4661/2221 3880/4657/2221 3883/4660/2221
f 3883/4660/2221 3885/4662/2221 3884/4661/2221
f 3886/4663/2221 3884/4661/2221 3885/4662/2221
f 3885/4662/2221 3887/4664/2221 3886/4663/2221
f 3888/4665/2221 3886/4663/2221 3887/4664/2221
f 3887/4664/2221 3889/4666/2221 3888/4665/2221
f 3890/4667/2221 3891/4668/2221 3892/4669/2221
f 3892/4669/2221 3893/4670/2221 3890/4667/2221
f 3894/4671/2221 3893/4670/2221 3892/4669/2221
f 3892/4669/2221 3895/4672/2221 3894/4671/2221
f 3896/4673/2221 3894/4671/2221 3895/4672/2221
f 3895/4672/2221 3897/4674/2221 3896/4673/2221
f 3898/4675/2221 3896/4673/2221 3897/4674/2221
f 3897/4674/2221 3899/4676/2221 3898/4675/2221
f 3900/4677/2221 3898/4675/2221 3899/4676/2221
f 3899/4676/2221 3901/4678/2221 3900/4677/2221
f 3902/4679/2221 3900/4677/2221 3901/4678/2221
f 3901/4678/2221 3903/4680/2221 3902/4679/2221
f 3904/4681/2221 3902/4679/2221 3903/4680/2221
f 3903/4680/2221 3905/4682/2221 3904/4681/2221
f 3906/4683/2221 3904/4681/2221 3905/4682/2221
f 3905/4682/2221 3907/4684/2221 3906/4683/2221
f 3881/4658/2221 3906/4683/2221 3907/4684/2221
f 3907/4684/2221 3882/4659/2221 3881/4658/2221
f 765/4685/4059 764/4686/4060 3706/4687/4061
f 3706/4687/4061 1984/4688/4062 765/4685/4059
f 1984/4688/4062 3706/4687/4061 776/4689/4063
f 776/4689/4063 777/4690/4064 1984/4688/4062
f 3255/4691/2707 3254/4692/2707 3311/4693/2707
f 3311/4693/2707 3309/4694/2707 3255/4691/2707
f 3255/4691/2707 3309/4694/2707 3307/4695/2707
f 3307/4695/2707 3257/4696/2707 3255/4691/2707
f 3257/4696/2707 3307/4695/2707 3305/4697/2707
f 3305/4697/2707 3259/4698/2707 3257/4696/2707
f 3259/4698/2707 3305/4697/2707 3303/4699/2707
f 3303/4699/2707 3261/4700/2707 3259/4698/2707
f 3261/4700/2707 3303/4699/2707 3301/4701/2707
f 3301/4701/2707 3263/4702/2707 3261/4700/2707
f 3263/4702/2707 3301/4701/2707 3300/4703/2707
f 3300/4703/2707 3264/4704/2707 3263/4702/2707
f 3264/4704/2707 3300/4703/2707 3298/4705/2707
f 3298/4705/2707 3266/4706/2707 3264/4704/2707
f 3266/4706/2707 3298/4705/2707 3296/4707/2707
f 3296/4707/2707 3268/4708/2707 3266/4706/2707
f 3268/4708/2707 3296/4707/2707 3294/4709/2707
f 3294/4709/2707 3270/4710/2707 3268/4708/2707
f 3270/4710/2707 3294/4709/2707 3292/4711/2707
f 3292/4711/2707 3272/4712/2707 3270/4710/2707
f 3272/4712/2707 3292/4711/2707 3290/4713/2707
f 3290/4713/2707 3274/4714/2707 3272/4712/2707
f 3274/4714/2707 3290/4713/2707 3288/4715/2707
f 3288/4715/2707 3276/4716/2707 3274/4714/2707
f 3276/4716/2707 3288/4715/2707 3287/4717/2707
f 3287/4717/2707 3278/4718/2707 3276/4716/2707
f 954/4719/4065 3908/4720/4066 3909/4721/4067
f 3909/4721/4067 955/4722/4068 954/4719/4065
f 958/4723/4069 955/4722/4068 3909/4721/4067
f 3909/4721/4067 3910/4724/4070 958/4723/4069
f 959/4725/3776 958/4723/4069 3910/4724/4070
f 3910/4724/4070 3693/4726/3777 959/4725/3776
f 861/4727/4071 863/4728/4072 3911/4729/4073
f 3911/4729/4073 895/4730/4074 861/4727/4071
f 895/4730/4074 3911/4729/4073 3912/4731/4075
f 3912/4731/4075 897/4732/4076 895/4730/4074
f 899/4733/4077 897/4732/4076 3912/4731/4075
f 3912/4731/4075 3913/4734/4078 899/4733/4077
f 900/4735/4079 899/4733/4077 3913/4734/4078
f 3913/4734/4078 3914/4736/4080 900/4735/4079
f 902/4737/4081 900/4735/4079 3914/4736/4080
f 3914/4736/4080 3915/4738/4082 902/4737/4081
f 904/4739/4083 902/4737/4081 3915/4738/4082
f 3915/4738/4082 3916/4740/4084 904/4739/4083
f 904/4739/4083 3916/4740/4084 3917/4741/4085
f 3917/4741/4085 952/4742/4086 904/4739/4083
f 952/4742/4086 3917/4741/4085 3918/4743/4087
f 3918/4743/4087 953/4744/4088 952/4742/4086
f 953/4744/4088 3918/4743/4087 3908/4720/4066
f 3908/4720/4066 954/4719/4065 953/4744/4088
f 3919/4745/4089 3920/4746/4090 3921/4747/4091
f 3921/4747/4091 3922/4748/4092 3919/4745/4089
f 3495/4749/4093 3919/4745/4089 3922/4748/4092
f 3922/4748/4092 3493/4750/4094 3495/4749/4093
f 3493/4750/4094 3922/4748/4092 3923/4751/4095
f 3923/4751/4095 3490/4752/4096 3493/4750/4094
f 3490/4752/4096 3923/4751/4095 3924/4753/4097
f 3924/4753/4097 3491/4754/4098 3490/4752/4096
f 3491/4754/4098 3924/4753/4097 3925/4755/4099
f 3925/4755/4099 3523/4756/4100 3491/4754/4098
f 3523/4756/4100 3925/4755/4099 3926/4757/4101
f 3926/4757/4101 3521/4758/4102 3523/4756/4100
f 3521/4758/4102 3926/4757/4101 3927/4759/4103
f 3927/4759/4103 3519/4760/4104 3521/4758/4102
f 3519/4760/4104 3927/4759/4103 3928/4761/4105
f 3928/4761/4105 3517/4762/4106 3519/4760/4104
f 3517/4762/4106 3928/4761/4105 3929/4763/4107
f 3929/4763/4107 3515/4764/4108 3517/4762/4106
f 3930/4765/4109 3931/4766/4110 3929/4763/4107
f 3929/4763/4107 3932/4767/4111 3930/4765/4109
f 3932/4767/4111 3929/4763/4107 3928/4761/4105
f 3928/4761/4105 3933/4768/4112 3932/4767/4111
f 3933/4768/4112 3928/4761/4105 3927/4759/4103
f 3927/4759/4103 3934/4769/4113 3933/4768/4112
f 3934/4769/4113 3927/4759/4103 3926/4757/4101
f 3926/4757/4101 3935/4770/4114 3934/4769/4113
f 3935/4770/4114 3926/4757/4101 3925/4755/4099
f 3925/4755/4099 3936/4771/4115 3935/4770/4114
f 3936/4771/4115 3925/4755/4099 3924/4753/4097
f 3924/4753/4097 3937/4772/4116 3936/4771/4115
f 3937/4772/4116 3924/4753/4097 3923/4751/4095
f 3923/4751/4095 3938/4773/4117 3937/4772/4116
f 3938/4773/4117 3923/4751/4095 3922/4748/4092
f 3922/4748/4092 3921/4747/4091 3938/4773/4117
f 3939/4774/4118 3940/4775/4119 3930/4765/4109
f 3930/4765/4109 3932/4767/4111 3939/4774/4118
f 3941/4776/4120 3939/4774/4118 3932/4767/4111
f 3932/4767/4111 3933/4768/4112 3941/4776/4120
f 3942/4777/4121 3941/4776/4120 3933/4768/4112
f 3933/4768/4112 3934/4769/4113 3942/4777/4121
f 3943/4778/4122 3942/4777/4121 3934/4769/4113
f 3934/4769/4113 3935/4770/4114 3943/4778/4122
f 3944/4779/4123 3943/4778/4122 3935/4770/4114
f 3935/4770/4114 3936/4771/4115 3944/4779/4123
f 3945/4780/4124 3944/4779/4123 3936/4771/4115
f 3936/4771/4115 3937/4772/4116 3945/4780/4124
f 3946/4781/4125 3945/4780/4124 3937/4772/4116
f 3937/4772/4116 3938/4773/4117 3946/4781/4125
f 3947/4782/4126 3946/4781/4125 3938/4773/4117
f 3938/4773/4117 3921/4747/4091 3947/4782/4126
f 3948/4783/4127 3947/4782/4126 3921/4747/4091
f 3921/4747/4091 3920/4746/4090 3948/4783/4127
f 3949/4784/4128 3948/4785/4127 3920/4786/4090
f 3920/4786/4090 3950/4787/4129 3949/4784/4128
f 3951/4788/4130 3949/4784/4128 3950/4787/4129
f 3950/4787/4129 3952/4789/4131 3951/4788/4130
f 3953/4790/4132 3951/4788/4130 3952/4789/4131
f 3952/4789/4131 3954/4791/4133 3953/4790/4132
f 3955/4792/4134 3953/4790/4132 3954/4791/4133
f 3954/4791/4133 3956/4793/4135 3955/4792/4134
f 3957/4794/4136 3955/4792/4134 3956/4793/4135
f 3956/4793/4135 3958/4795/4137 3957/4794/4136
f 3959/4796/4138 3957/4794/4136 3958/4795/4137
f 3958/4795/4137 3960/4797/4139 3959/4796/4138
f 3961/4798/4140 3959/4796/4138 3960/4797/4139
f 3960/4797/4139 3962/4799/4141 3961/4798/4140
f 3963/4800/4142 3961/4798/4140 3962/4799/4141
f 3962/4799/4141 3964/4801/4143 3963/4800/4142
f 3940/4775/4119 3963/4800/4142 3964/4801/4143
f 3964/4801/4143 3930/4765/4109 3940/4775/4119
f 3920/4786/4090 3919/4802/4089 3965/4803/4144
f 3965/4803/4144 3950/4787/4129 3920/4786/4090
f 3950/4787/4129 3965/4803/4144 3966/4804/4145
f 3966/4804/4145 3952/4789/4131 3950/4787/4129
f 3952/4789/4131 3966/4804/4145 3967/4805/4146
f 3967/4805/4146 3954/4791/4133 3952/4789/4131
f 3954/4791/4133 3967/4805/4146 3968/4806/4147
f 3968/4806/4147 3956/4793/4135 3954/4791/4133
f 3956/4793/4135 3968/4806/4147 3969/4807/4148
f 3969/4807/4148 3958/4795/4137 3956/4793/4135
f 3958/4795/4137 3969/4807/4148 3970/4808/4149
f 3970/4808/4149 3960/4797/4139 3958/4795/4137
f 3960/4797/4139 3970/4808/4149 3971/4809/4150
f 3971/4809/4150 3962/4799/4141 3960/4797/4139
f 3962/4799/4141 3971/4809/4150 3972/4810/4151
f 3972/4810/4151 3964/4801/4143 3962/4799/4141
f 3964/4801/4143 3972/4810/4151 3931/4766/4110
f 3931/4766/4110 3930/4765/4109 3964/4801/4143
f 3515/4764/4108 3929/4763/4107 3931/4766/4110
f 3931/4766/4110 3513/4811/4152 3515/4764/4108
f 3513/4811/4152 3931/4766/4110 3972/4810/4151
f 3972/4810/4151 3511/4812/4153 3513/4811/4152
f 3511/4812/4153 3972/4810/4151 3971/4809/4150
f 3971/4809/4150 3509/4813/4154 3511/4812/4153
f 3509/4813/4154 3971/4809/4150 3970/4808/4149
f 3970/4808/4149 3507/4814/4155 3509/4813/4154
f 3507/4814/4155 3970/4808/4149 3969/4807/4148
f 3969/4807/4148 3505/4815/4156 3507/4814/4155
f 3505/4815/4156 3969/4807/4148 3968/4806/4147
f 3968/4806/4147 3503/4816/4157 3505/4815/4156
f 3503/4816/4157 3968/4806/4147 3967/4805/4146
f 3967/4805/4146 3501/4817/4158 3503/4816/4157
f 3501/4817/4158 3967/4805/4146 3966/4804/4145
f 3966/4804/4145 3499/4818/4159 3501/4817/4158
f 3499/4818/4159 3966/4804/4145 3965/4803/4144
f 3965/4803/4144 3497/4819/4160 3499/4818/4159
f 3497/4819/4160 3965/4803/4144 3919/4802/4089
f 3919/4802/4089 3495/4820/4093 3497/4819/4160
f 3973/4821/4161 3974/4822/4162 3975/4823/4163
f 3975/4823/4163 3976/4824/4164 3973/4821/4161
f 3973/4821/4161 3976/4824/4164 3977/4825/4165
f 3977/4825/4165 3978/4826/4166 3973/4821/4161
f 3978/4826/4166 3977/4825/4165 3979/4827/4167
f 3979/4827/4167 3980/4828/4168 3978/4826/4166
f 3980/4828/4168 3979/4827/4167 3981/4829/4169
f 3981/4829/4169 3982/4830/4170 3980/4828/4168
f 3982/4830/4170 3981/4829/4169 3983/4831/4171
f 3983/4831/4171 3984/4832/4172 3982/4830/4170
f 3781/4833/4010 3780/4834/4009 3984/4832/4172
f 3984/4832/4172 3983/4831/4171 3781/4833/4010
f 3782/4835/4011 3781/4833/4010 3983/4831/4171
f 3983/4831/4171 3985/4836/4173 3782/4835/4011
f 3985/4836/4173 3983/4831/4171 3981/4829/4169
f 3981/4829/4169 3986/4837/4174 3985/4836/4173
f 3986/4837/4174 3981/4829/4169 3979/4827/4167
f 3979/4827/4167 3987/4838/4175 3986/4837/4174
f 3987/4838/4175 3979/4827/4167 3977/4825/4165
f 3977/4825/4165 3988/4839/4176 3987/4838/4175
f 3989/4840/4177 3988/4839/4176 3977/4825/4165
f 3977/4825/4165 3976/4824/4164 3989/4840/4177
f 3990/4841/4178 3989/4840/4177 3976/4824/4164
f 3976/4824/4164 3975/4823/4163 3990/4841/4178
f 3991/4842/4179 3990/4841/4178 3975/4823/4163
f 3975/4823/4163 3992/4843/4180 3991/4842/4179
f 3993/4844/4181 3991/4842/4179 3992/4843/4180
f 3992/4843/4180 3994/4845/4182 3993/4844/4181
f 3995/4846/4183 3996/4847/4184 3997/4848/4185
f 3997/4848/4185 3998/4849/4186 3995/4846/4183
f 3999/4850/4187 3995/4846/4183 3998/4849/4186
f 3998/4849/4186 4000/4851/4188 3999/4850/4187
f 4001/4852/4189 3999/4850/4187 4000/4851/4188
f 4000/4851/4188 4002/4853/4190 4001/4852/4189
f 4003/4854/4191 4001/4852/4189 4002/4853/4190
f 4002/4853/4190 4004/4855/4192 4003/4854/4191
f 4005/4856/4193 4003/4854/4191 4004/4855/4192
f 4004/4855/4192 4006/4857/4194 4005/4856/4193
f 4007/4858/4195 4005/4856/4193 4006/4857/4194
f 4006/4857/4194 4008/4859/4196 4007/4858/4195
f 4009/4860/4197 4007/4858/4195 4008/4859/4196
f 4008/4859/4196 3994/4845/4182 4009/4860/4197
f 4010/4861/4198 4009/4860/4197 3994/4845/4182
f 3994/4845/4182 3992/4843/4180 4010/4861/4198
f 3974/4822/4162 4010/4861/4198 3992/4843/4180
f 3992/4843/4180 3975/4823/4163 3974/4822/4162
f 4011/4862/4199 3993/4844/4181 3994/4845/4182
f 3994/4845/4182 4008/4859/4196 4011/4862/4199
f 4012/4863/4200 4011/4862/4199 4008/4859/4196
f 4008/4859/4196 4006/4857/4194 4012/4863/4200
f 4013/4864/4201 4012/4863/4200 4006/4857/4194
f 4006/4857/4194 4004/4855/4192 4013/4864/4201
f 4014/4865/4202 4013/4864/4201 4004/4855/4192
f 4004/4855/4192 4002/4853/4190 4014/4865/4202
f 4015/4866/4203 4014/4865/4202 4002/4853/4190
f 4002/4853/4190 4000/4851/4188 4015/4866/4203
f 4016/4867/4204 4015/4866/4203 4000/4851/4188
f 4000/4851/4188 3998/4849/4186 4016/4867/4204
f 4017/4868/4205 4016/4867/4204 3998/4849/4186
f 3998/4849/4186 3997/4848/4185 4017/4868/4205
f 3803/4869/4032 4017/4868/4205 3997/4848/4185
f 3997/4848/4185 3804/4870/4033 3803/4869/4032
f 3804/4870/4033 3997/4848/4185 3996/4847/4184
f 3996/4847/4184 3806/4871/4035 3804/4870/4033
f 3829/4872/4206 3831/4873/4207 3860/4874/4208
f 3860/4874/4209 3858/4875/4210 3829/4872/4211
f 3827/4876/4212 3829/4872/4211 3858/4875/4210
f 3858/4875/4210 3856/4877/4213 3827/4876/4212
f 3823/4878/4214 3827/4876/4212 3856/4877/4213
f 3856/4877/4213 3854/4879/4214 3823/4878/4214
f 3824/4880/4215 3823/4878/4214 3854/4879/4214
f 3854/4879/4214 3853/4881/4216 3824/4880/4215
f 3849/4882/4217 3824/4880/4215 3853/4881/4216
f 3853/4881/4216 3878/4883/4218 3849/4882/4217
f 3847/4884/4219 3849/4882/4217 3878/4883/4218
f 3878/4883/4218 3876/4885/4220 3847/4884/4219
f 3845/4886/4221 3847/4884/4219 3876/4885/4220
f 3876/4885/4220 3874/4887/4222 3845/4886/4221
f 3845/4886/4221 3874/4887/4222 3872/4888/4223
f 3872/4888/4223 3843/4889/4224 3845/4886/4221
f 3843/4889/4224 3872/4888/4223 3870/4890/4225
f 3870/4890/4225 3841/4891/4226 3843/4889/4224
f 3841/4891/4226 3870/4890/4225 3868/4892/4227
f 3868/4892/4227 3839/4893/4228 3841/4891/4226
f 3839/4893/4228 3868/4892/4227 3866/4894/4229
f 3866/4894/4229 3837/4895/4230 3839/4893/4228
f 3837/4895/4230 3866/4894/4229 3864/4896/4231
f 3864/4896/4231 3833/4897/4232 3837/4895/4230
f 3833/4897/4232 3864/4896/4231 3863/4898/4233
f 3863/4898/4233 3834/4899/4234 3833/4897/4232
f 3459/4900/4235 3494/4901/4236 3492/4902/4237
f 3492/4902/4237 3457/4903/4238 3459/4900/4235
f 3457/4903/4238 3492/4902/4237 3489/4904/4239
f 3489/4904/4239 3454/4905/4240 3457/4903/4238
f 3454/4905/4240 3489/4904/4239 3524/4906/4241
f 3524/4906/4241 3455/4907/4242 3454/4905/4240
f 3455/4907/4242 3524/4906/4241 3522/4908/4243
f 3522/4908/4243 3487/4909/4244 3455/4907/4242
f 3487/4909/4244 3522/4908/4243 3520/4910/4245
f 3520/4910/4245 3485/4911/4246 3487/4909/4244
f 3485/4911/4246 3520/4910/4245 3518/4912/4247
f 3518/4912/4247 3483/4913/4248 3485/4911/4246
f 3483/4913/4248 3518/4912/4247 3516/4914/4249
f 3516/4914/4249 3481/4915/4250 3483/4913/4248
f 3481/4915/4250 3516/4914/4249 3514/4916/4251
f 3514/4916/4251 3479/4917/4252 3481/4915/4250
f 3479/4917/4252 3514/4916/4251 3512/4918/4253
f 3512/4918/4253 3477/4919/4253 3479/4917/4252
f 3477/4920/4253 3512/4921/4253 3510/4922/4254
f 3510/4922/4254 3475/4923/4255 3477/4920/4253
f 3475/4923/4255 3510/4922/4254 3508/4924/4125
f 3508/4924/4125 3473/4925/4256 3475/4923/4255
f 3473/4925/4256 3508/4924/4125 3506/4926/4257
f 3506/4926/4257 3471/4927/4258 3473/4925/4256
f 3471/4927/4258 3506/4926/4257 3504/4928/4259
f 3504/4928/4259 3469/4929/4260 3471/4927/4258
f 3469/4929/4260 3504/4928/4259 3502/4930/4261
f 3502/4930/4261 3467/4931/4262 3469/4929/4260
f 3467/4931/4262 3502/4930/4261 3500/4932/4263
f 3500/4932/4263 3465/4933/4264 3467/4931/4262
f 3465/4933/4264 3500/4932/4263 3498/4934/4265
f 3498/4934/4265 3463/4935/4266 3465/4933/4264
f 3463/4935/4266 3498/4934/4265 3496/4936/4267
f 3496/4936/4267 3461/4937/4268 3463/4935/4266
f 3461/4937/4268 3496/4936/4267 3494/4901/4236
f 3494/4901/4236 3459/4900/4235 3461/4937/4268
f 3482/4938/4269 3542/4939/4270 3544/4940/4271
f 3544/4940/4271 3484/4941/4272 3482/4938/4269
f 3484/4941/4272 3544/4940/4271 3554/4942/4273
f 3554/4942/4273 3486/4943/4274 3484/4941/4272
f 3486/4943/4274 3554/4942/4273 3556/4944/4275
f 3556/4944/4275 3488/4945/4276 3486/4943/4274
f 3488/4945/4276 3556/4944/4275 3558/4946/4277
f 3558/4946/4277 3453/4947/4278 3488/4945/4276
f 3453/4947/4278 3558/4946/4277 3560/4948/4279
f 3560/4948/4279 3456/4949/4280 3453/4947/4278
f 3456/4949/4280 3560/4948/4279 3562/4950/4281
f 3562/4950/4281 3458/4951/4282 3456/4949/4280
f 3458/4951/4282 3562/4950/4281 3564/4952/4283
f 3564/4952/4283 3460/4953/4284 3458/4951/4282
f 3460/4953/4284 3564/4952/4283 3566/4954/4285
f 3566/4954/4285 3462/4955/4286 3460/4953/4284
f 3462/4955/4286 3566/4954/4285 3568/4956/4287
f 3568/4956/4287 3464/4957/4288 3462/4955/4286
f 3464/4958/4288 3568/4959/4287 3570/4960/4289
f 3570/4960/4289 3466/4961/4290 3464/4958/4288
f 3466/4961/4290 3570/4960/4289 3529/4962/4291
f 3529/4962/4291 3468/4963/4292 3466/4961/4290
f 3468/4963/4292 3529/4962/4291 3530/4964/4293
f 3530/4964/4293 3470/4965/4294 3468/4963/4292
f 3470/4965/4294 3530/4964/4293 3532/4966/4295
f 3532/4966/4295 3472/4967/4296 3470/4965/4294
f 3472/4967/4296 3532/4966/4295 3534/4968/4297
f 3534/4968/4297 3474/4969/4298 3472/4967/4296
f 3474/4969/4298 3534/4968/4297 3536/4970/4299
f 3536/4970/4299 3476/4971/4300 3474/4969/4298
f 3476/4971/4300 3536/4970/4299 3538/4972/4301
f 3538/4972/4301 3478/4973/4302 3476/4971/4300
f 3478/4973/4302 3538/4972/4301 3540/4974/4303
f 3540/4974/4303 3480/4975/4304 3478/4973/4302
f 3480/4975/4304 3540/4974/4303 3542/4939/4270
f 3542/4939/4270 3482/4938/4269 3480/4975/4304
f 1729/4976/4305 1730/4977/4306 2574/4978/4307
f 2575/4979/4308 2574/4978/4307 1730/4977/4306
f 1730/4977/4306 1731/4980/4309 2575/4979/4308
f 2575/4979/4308 1731/4980/4309 1756/4981/4310
f 1756/4981/4310 2576/4982/4311 2575/4979/4308
f 2577/4983/4312 2576/4982/4311 1756/4981/4310
f 1756/4981/4310 1754/4984/4313 2577/4983/4312
f 2577/4983/4312 1754/4984/4313 1487/4985/2744
f 1487/4985/2744 2578/4986/4314 2577/4983/4312
f 2578/4986/4314 1487/4985/2744 1486/4987/4315
f 1486/4987/4315 2579/4988/4316 2578/4986/4314
f 2579/4988/4316 1486/4987/4315 1491/4989/4317
f 1491/4989/4317 2580/4990/4318 2579/4988/4316
f 3707/4991/4319 2580/4990/4318 1491/4989/4317
f 1491/4989/4317 2350/4992/4319 3707/4991/4319
f 3708/4993/4320 3707/4991/4319 2350/4992/4319
f 2350/4992/4319 2351/4994/4321 3708/4993/4320
f 3709/4995/4322 3708/4993/4320 2351/4994/4321
f 2351/4994/4321 2352/4996/4323 3709/4995/4322
f 3709/4995/4322 2352/4996/4323 2353/4997/4324
f 2353/4997/4324 3710/4998/4324 3709/4995/4322
f 3710/4998/4324 2353/4997/4324 2354/4999/4316
f 2354/4999/4316 3711/5000/4316 3710/4998/4324
f 3711/5000/4316 2354/4999/4316 2365/5001/4325
f 2365/5001/4325 3712/5002/4326 3711/5000/4316
f 3713/5003/4327 3712/5002/4326 2365/5001/4325
f 2365/5001/4325 2366/5004/4328 3713/5003/4327
f 3713/5003/4327 2366/5004/4328 1723/5005/4329
f 1723/5005/4329 2572/5006/4330 3713/5003/4327
f 2573/5007/4331 2572/5006/4330 1723/5005/4329
f 1723/5005/4329 1729/4976/4305 2573/5007/4331
f 2574/4978/4307 2573/5007/4331 1729/4976/4305
f 3883/5008/4332 3882/5009/4333 3852/5010/4334
f 3852/5010/4334 3851/5011/4335 3883/5008/4332
f 3885/5012/4336 3883/5008/4332 3851/5011/4335
f 3851/5011/4335 3855/5013/4337 3885/5012/4336
f 3887/5014/4338 3885/5012/4336 3855/5013/4337
f 3855/5013/4337 3857/5015/4339 3887/5014/4338
f 3889/5016/4340 3887/5014/4338 3857/5015/4339
f 3857/5015/4341 3859/5017/4342 3889/5016/4343
f 3891/5018/4344 3862/5019/4345 3861/5020/4346
f 3861/5020/4346 3892/5021/4347 3891/5018/4344
f 3892/5021/4347 3861/5020/4346 3865/5022/4348
f 3865/5022/4348 3895/5023/4349 3892/5021/4347
f 3895/5023/4349 3865/5022/4348 3867/5024/4350
f 3867/5024/4350 3897/5025/4351 3895/5023/4349
f 3897/5025/4351 3867/5024/4350 3869/5026/4352
f 3869/5026/4352 3899/5027/4353 3897/5025/4351
f 3899/5027/4353 3869/5026/4352 3871/5028/4354
f 3871/5028/4354 3901/5029/4355 3899/5027/4353
f 3903/5030/4356 3901/5029/4355 3871/5028/4354
f 3871/5028/4354 3873/5031/4357 3903/5030/4356
f 3905/5032/4358 3903/5030/4356 3873/5031/4357
f 3873/5031/4357 3875/5033/4359 3905/5032/4358
f 3907/5034/4360 3905/5032/4358 3875/5033/4359
f 3875/5033/4359 3877/5035/4361 3907/5034/4360
f 3882/5009/4333 3907/5034/4360 3877/5035/4361
f 3877/5035/4361 3852/5010/4334 3882/5009/4333
f 2538/5036/4362 712/5037/4362 713/5038/4363
f 713/5038/4363 3638/5039/4364 2538/5036/4362
f 3637/5040/4365 3638/5039/4364 713/5038/4363
f 713/5038/4363 715/5041/4366 3637/5040/4365
f 3636/5042/4367 3637/5040/4365 715/5041/4366
f 715/5041/4366 717/5043/4368 3636/5042/4367
f 3635/5044/4369 3636/5042/4367 717/5043/4368
f 717/5043/4368 719/5045/4370 3635/5044/4369
f 3634/5046/4371 3635/5044/4369 719/5045/4370
f 719/5045/4370 721/5047/4372 3634/5046/4371
f 3634/5046/4371 721/5047/4372 724/5048/4373
f 724/5048/4373 3633/5049/4373 3634/5046/4371
f 3633/5049/4373 724/5048/4373 722/5050/4374
f 722/5050/4374 3632/5051/4375 3633/5049/4373
f 3632/5051/4375 722/5050/4374 723/5052/4376
f 723/5052/4376 2219/5053/4376 3632/5051/4375
f 3315/5054/4377 3314/5055/4378 3890/5056/4379
f 3890/5056/4380 3893/5057/4381 3315/5054/4382
f 3317/5058/4383 3315/5054/4382 3893/5057/4381
f 3893/5057/4381 3894/5059/4384 3317/5058/4383
f 3320/5060/4385 3317/5058/4383 3894/5059/4384
f 3894/5059/4384 3896/5061/4386 3320/5060/4385
f 3322/5062/4387 3320/5060/4385 3896/5061/4386
f 3896/5061/4386 3898/5063/4388 3322/5062/4387
f 3324/5064/4389 3322/5062/4387 3898/5063/4388
f 3898/5063/4388 3900/5065/4390 3324/5064/4389
f 3326/5066/4391 3324/5064/4389 3900/5065/4390
f 3900/5065/4390 3902/5067/4392 3326/5066/4391
f 3326/5066/4391 3902/5067/4392 3904/5068/4393
f 3904/5068/4393 3325/5069/4394 3326/5066/4391
f 3325/5069/4394 3904/5068/4393 3906/5070/4395
f 3906/5070/4395 3323/5071/4396 3325/5069/4394
f 3323/5071/4396 3906/5070/4395 3881/5072/4397
f 3881/5072/4397 3321/5073/4398 3323/5071/4396
f 3321/5073/4398 3881/5072/4397 3880/5074/4399
f 3880/5074/4399 3319/5075/4400 3321/5073/4398
f 3319/5075/4400 3880/5074/4399 3884/5076/4401
f 3884/5076/4401 3318/5077/4402 3319/5075/4400
f 3318/5077/4402 3884/5076/4401 3886/5078/4403
f 3886/5078/4403 3316/5079/4404 3318/5077/4402
f 3316/5079/4404 3886/5078/4403 3888/5080/4405
f 3888/5080/4405 3313/5081/4406 3316/5079/4404
f 4018/5082/4407 4019/5083/4408 3842/5084/4408
f 3842/5084/4408 3840/5085/4407 4018/5082/4407
f 4020/5086/4409 4018/5082/4407 3840/5085/4407
f 3840/5085/4407 3838/5087/4410 4020/5086/4409
f 4020/5086/4409 3838/5087/4410 3836/5088/4411
f 3836/5088/4411 4021/5089/4412 4020/5086/4409
f 4021/5089/4412 3836/5088/4411 3835/5090/4413
f 3835/5090/4413 4022/5091/4413 4021/5089/4412
f 4023/5092/4414 3832/5093/4415 3830/5094/4416
f 3830/5094/4416 4024/5095/4416 4023/5092/4414
f 4025/5096/4417 4024/5095/4416 3830/5094/4416
f 3830/5094/4416 3828/5097/4417 4025/5096/4417
f 4026/5098/4418 4025/5096/4417 3828/5097/4417
f 3828/5097/4417 3826/5099/4418 4026/5098/4418
f 4027/5100/4419 4026/5098/4418 3826/5099/4418
f 3826/5099/4418 3825/5101/4419 4027/5100/4419
f 4028/5102/4420 4027/5100/4419 3825/5101/4419
f 3825/5101/4419 3850/5103/4421 4028/5102/4420
f 4029/5104/4422 4028/5102/4420 3850/5103/4421
f 3850/5103/4421 3848/5105/4422 4029/5104/4422
f 4029/5104/4422 3848/5105/4422 3846/5106/4423
f 3846/5106/4423 4030/5107/4423 4029/5104/4422
f 4030/5107/4423 3846/5106/4423 3844/5108/4424
f 3844/5108/4424 4031/5109/4424 4030/5107/4423
f 4031/5109/4424 3844/5108/4424 3842/5084/4408
f 3842/5084/4408 4019/5083/4408 4031/5109/4424
f 3879/5110/4058 558/5111/632 538/5112/610
f 538/5112/610 4032/5113/4425 3879/5110/4058
f 4032/5113/4425 538/5112/610 537/5114/609
f 537/5114/609 2528/5115/4426 4032/5113/4425
f 3879/5110/4058 4032/5113/4425 2528/5115/4426
f 2528/5115/4426 1553/5116/1602 3879/5110/4058
f 1878/2020/1960 1886/2036/1968 1862/2004/1945
f 1889/2040/416 1862/2004/1945 1886/2036/1968
f 1862/2004/1945 1889/2040/416 1860/2002/416
f 1860/2002/416 1889/2040/416 1891/2042/1972
f 1891/2042/1972 3584/5117/4427 1860/2002/416
f 3584/5117/4427 1891/2042/1972 1893/2044/1974
f 1893/2044/1974 3582/5118/4428 3584/5117/4427
f 3582/5118/4428 1893/2044/1974 1895/2046/1976
f 1895/2046/1976 3579/5119/4429 3582/5118/4428
f 3579/5119/4429 1895/2046/1976 1897/2048/1978
f 1897/2048/1978 3704/5120/4430 3579/5119/4429
f 3704/5120/4430 1897/2048/1978 1899/2050/1980
f 1899/2050/1980 3702/5121/4431 3704/5120/4430
f 3702/5121/4431 1899/2050/1980 1901/2052/1982
f 1901/2052/1982 3700/5122/4432 3702/5121/4431
f 3700/5122/4432 1901/2052/1982 1903/2054/1984
f 1903/2054/1984 969/984/1083 3700/5122/4432
f 969/984/1083 1903/2054/1984 967/982/1081
f 1466/5123/1481 1465/5124/1480 4033/5125/4433
f 4034/5126/4434 4033/5125/4433 1465/5124/1480
f 1465/5124/1480 1464/5127/1479 4034/5126/4434
f 4035/5128/4435 4034/5126/4434 1464/5127/1479
f 1464/5127/1479 1463/5129/1478 4035/5128/4435
f 4036/5130/4436 4035/5128/4435 1463/5129/1478
f 1463/5129/1478 1462/5131/1477 4036/5130/4436
f 4037/5132/4437 4036/5130/4436 1462/5131/1477
f 1462/5131/1477 1461/5133/1476 4037/5132/4437
f 4038/5134/4438 4037/5132/4437 1461/5133/1476
f 1461/5133/1476 1460/5135/1475 4038/5134/4438
f 4039/5136/4439 4038/5134/4438 1460/5135/1475
f 1460/5135/1475 1459/5137/1474 4039/5136/4439
f 4040/5138/4440 4039/5136/4439 1459/5137/1474
f 1459/5137/1474 1458/5139/1473 4040/5138/4440
f 4041/5140/4441 4040/5138/4440 1458/5139/1473
f 1458/5139/1473 1457/5141/1472 4041/5140/4441
f 4042/5142/4442 4041/5140/4441 1457/5141/1472
f 2034/5143/4443 2032/5144/4444 4039/5136/4439
f 4038/5134/4438 4039/5136/4439 2032/5144/4444
f 2032/5144/4444 2030/5145/4445 4038/5134/4438
f 4037/5132/4437 4038/5134/4438 2030/5145/4445
f 2030/5145/4445 2028/5146/4446 4037/5132/4437
f 4036/5130/4436 4037/5132/4437 2028/5146/4446
f 2028/5146/4446 2026/5147/4447 4036/5130/4436
f 4035/5128/4435 4036/5130/4436 2026/5147/4447
f 2026/5147/4447 2025/5148/4448 4035/5128/4435
f 4034/5126/4434 4035/5128/4435 2025/5148/4448
f 2025/5148/4448 2024/5149/4449 4034/5126/4434
f 4033/5125/4433 4034/5126/4434 2024/5149/4449
f 2024/5149/4449 2023/5150/4450 4033/5125/4433
f 4043/5151/4451 4033/5125/4433 2023/5150/4450
f 2023/5150/4450 2022/5152/4452 4043/5151/4451
f 4044/5153/4453 4043/5151/4451 2022/5152/4452
f 2022/5152/4452 2021/5154/4454 4044/5153/4453
f 4045/5155/4455 4044/5153/4453 2021/5154/4454
f 4033/5125/4433 4043/5151/4451 1466/5123/1481
f 1467/5156/1482 1466/5123/1481 4043/5151/4451
f 4043/5151/4451 4044/5153/4453 1467/5156/1482
f 1250/5157/1373 1467/5156/1482 4044/5153/4453
f 4044/5153/4453 4045/5155/4455 1250/5157/1373
f 1251/5158/1374 1250/5157/1373 4045/5155/4455
f 4045/5155/4455 4046/5159/4456 1251/5158/1374
f 1251/5158/1374 4046/5159/4456 4047/5160/4457
f 4047/5160/4457 1252/5161/1375 1251/5158/1374
f 2021/5154/4454 2020/5162/4458 4045/5155/4455
f 4046/5159/4456 4045/5155/4455 2020/5162/4458
f 2020/5162/4458 2019/5163/4459 4046/5159/4456
f 4046/5159/4456 2019/5163/4459 2018/5164/4460
f 2018/5164/4460 4047/5160/4457 4046/5159/4456
f 4047/5160/4457 2018/5164/4460 604/5165/1492
f 604/5165/1492 1476/5166/1493 4047/5160/4457
f 1252/5161/1375 4047/5160/4457 1476/5166/1493
f 1476/5166/1493 1253/5167/1376 1252/5161/1375
f 3759/5168/4461 2990/5169/4461 2988/5170/4462
f 2988/5170/4462 4048/5171/4462 3759/5168/4461
f 4049/5172/4463 4048/5171/4462 2988/5170/4462
f 2988/5170/4462 2986/5173/4464 4049/5172/4463
f 4050/5174/4465 4049/5172/4463 2986/5173/4464
f 2986/5173/4464 2985/5175/4465 4050/5174/4465
f 4051/5176/4466 4050/5174/4465 2985/5175/4465
f 2985/5175/4465 2997/5177/4466 4051/5176/4466
f 2901/5178/4467 4051/5176/4466 2997/5177/4466
f 2997/5177/4466 2902/5179/4468 2901/5178/4467
f 1457/5141/1472 1456/5180/1471 4042/5142/4442
f 4052/5181/4469 4042/5142/4442 1456/5180/1471
f 1456/5180/1471 1455/5182/1470 4052/5181/4469
f 4053/5183/4470 4052/5181/4469 1455/5182/1470
f 1455/5182/1470 1454/5184/1469 4053/5183/4470
f 4053/5183/4470 1454/5184/1469 1404/5185/1461
f 1404/5185/1461 1835/5186/1919 4053/5183/4470
f 4053/5183/4470 1835/5186/1919 742/5187/1744
f 742/5187/1744 2079/5188/4471 4053/5183/4470
f 4052/5181/4469 4053/5183/4470 2079/5188/4471
f 2079/5188/4471 2040/5189/4472 4052/5181/4469
f 4042/5142/4442 4052/5181/4469 2040/5189/4472
f 2040/5189/4472 2038/5190/4473 4042/5142/4442
f 4041/5140/4441 4042/5142/4442 2038/5190/4473
f 2038/5190/4473 2036/5191/4474 4041/5140/4441
f 4040/5138/4440 4041/5140/4441 2036/5191/4474
f 2036/5191/4474 2034/5143/4443 4040/5138/4440
f 4039/5136/4439 4040/5138/4440 2034/5143/4443
f 1690/5192/3685 3597/5193/3686 4054/5194/4475
f 4054/5194/4475 1689/5195/4476 1690/5192/3685
f 1689/5195/4476 4054/5194/4475 4055/5196/4477
f 4055/5196/4477 1681/5197/4478 1689/5195/4476
f 1681/5197/4478 4055/5196/4477 4056/5198/4479
f 4056/5198/4479 1679/5199/4480 1681/5197/4478
f 1677/5200/4481 1679/5199/4480 4056/5198/4479
f 4056/5198/4479 4057/5201/4482 1677/5200/4481
f 1673/5202/4483 1677/5200/4481 4057/5201/4482
f 4057/5201/4482 4058/5203/4484 1673/5202/4483
f 1674/5204/4485 1673/5202/4483 4058/5203/4484
f 4058/5203/4484 4059/5205/4486 1674/5204/4485
f 1674/5204/4485 4059/5205/4486 4060/5206/4487
f 4060/5206/4487 1740/5207/4488 1674/5204/4485
f 1740/5207/4488 4060/5206/4487 4061/5208/4489
f 4061/5208/4489 1739/5209/4490 1740/5207/4488
f 1739/5209/4490 4061/5208/4489 4062/5210/4491
f 4062/5210/4491 1744/5211/4492 1739/5209/4490
f 1744/5211/4492 4062/5210/4491 4063/5212/4493
f 4063/5212/4493 1743/5213/4494 1744/5211/4492
f 1742/5214/4495 1743/5213/4494 4063/5212/4493
f 4063/5212/4493 4064/5215/4496 1742/5214/4495
f 1741/5216/3712 1742/5214/4495 4064/5215/4496
f 4064/5215/4496 3631/5217/3713 1741/5216/3712
f 3283/5218/4497 3284/5219/4497 4065/5220/4498
f 4065/5220/4498 3284/5219/4497 3136/5221/4499
f 3136/5221/4499 3135/5222/4500 4065/5220/4498
f 4066/5223/4501 4065/5220/4498 3135/5222/4500
f 3135/5222/4500 3134/5224/4501 4066/5223/4501
f 4066/5223/4501 3134/5224/4501 3133/5225/3345
f 3133/5225/3345 3148/5226/3343 4066/5223/4501
f 4066/5223/4501 3148/5226/3343 3149/5227/3344
f 3149/5227/3344 3205/5228/4501 4066/5223/4501
f 4066/5223/4501 3205/5228/4501 3200/5229/4500
f 3200/5229/4500 4065/5220/4498 4066/5223/4501
f 4065/5220/4498 3200/5229/4500 3201/5230/4497
f 3201/5230/4497 3282/5231/4497 4065/5220/4498
f 3283/5218/4497 4065/5220/4498 3282/5231/4497
f 3416/5232/4502 3450/5233/4503 3448/5234/4504
f 3448/5234/4504 3415/5235/4505 3416/5232/4502
f 3415/5235/4505 3448/5234/4504 3446/5236/4506
f 3446/5236/4506 3414/5237/4507 3415/5235/4505
f 3414/5237/4507 3446/5236/4506 3444/5238/4508
f 3444/5238/4508 3413/5239/4509 3414/5237/4507
f 3413/5239/4509 3444/5238/4508 3442/5240/4510
f 3442/5240/4510 3412/5241/4511 3413/5239/4509
f 3412/5241/4511 3442/5240/4510 3440/5242/4512
f 3440/5242/4512 3411/5243/4513 3412/5241/4511
f 3411/5243/4513 3440/5242/4512 3438/5244/4514
f 3438/5244/4514 3410/5245/4515 3411/5243/4513
f 3410/5245/4515 3438/5244/4514 3436/5246/4516
f 3436/5246/4516 3409/5247/4517 3410/5245/4515
f 3409/5247/4517 3436/5246/4516 3434/5248/4518
f 3434/5248/4518 3408/5249/4519 3409/5247/4517
f 3408/5249/4519 3434/5248/4518 3432/5250/4520
f 3432/5250/4520 3407/5251/4521 3408/5249/4519
f 3407/5252/4521 3432/5253/4520 3430/5254/4522
f 3430/5254/4522 3406/5255/4523 3407/5252/4521
f 3406/5255/4523 3430/5254/4522 3428/5256/4524
f 3428/5256/4524 3405/5257/4525 3406/5255/4523
f 3405/5257/4525 3428/5256/4524 3426/5258/4526
f 3426/5258/4526 3404/5259/4527 3405/5257/4525
f 3404/5259/4527 3426/5258/4526 3424/5260/4528
f 3424/5260/4528 3403/5261/4528 3404/5259/4527
f 3403/5261/4528 3424/5260/4528 3422/5262/4529
f 3422/5262/4529 3402/5263/4530 3403/5261/4528
f 3402/5263/4530 3422/5262/4529 3420/5264/4531
f 3420/5264/4531 3401/5265/4532 3402/5263/4530
f 3401/5265/4532 3420/5264/4531 3417/5266/3532
f 3417/5266/3532 3399/5267/4533 3401/5265/4532
f 3399/5267/4533 3417/5266/3532 3452/5268/4534
f 3452/5268/4534 3400/5269/4535 3399/5267/4533
f 3400/5269/4535 3452/5268/4534 3450/5233/4503
f 3450/5233/4503 3416/5232/4502 3400/5269/4535
f 3429/5270/4536 3670/5271/4537 3672/5272/4538
f 3672/5272/4538 3427/5273/4539 3429/5270/4536
f 3427/5273/4539 3672/5272/4538 3674/5274/4540
f 3674/5274/4540 3425/5275/4541 3427/5273/4539
f 3425/5275/4541 3674/5274/4540 3676/5276/4542
f 3676/5276/4542 3423/5277/4543 3425/5275/4541
f 3423/5277/4543 3676/5276/4542 3678/5278/3540
f 3678/5278/3540 3421/5279/4544 3423/5277/4543
f 3421/5279/4544 3678/5278/3540 3680/5280/4545
f 3680/5280/4545 3418/5281/4546 3421/5279/4544
f 3418/5281/4546 3680/5280/4545 3682/5282/4547
f 3682/5282/4547 3419/5283/4548 3418/5281/4546
f 3419/5283/4548 3682/5282/4547 3684/5284/4549
f 3684/5284/4549 3451/5285/4550 3419/5283/4548
f 3451/5285/4550 3684/5284/4549 3643/5286/4551
f 3643/5286/4551 3449/5287/4552 3451/5285/4550
f 3449/5287/4552 3643/5286/4551 3644/5288/4553
f 3644/5288/4553 3447/5289/4554 3449/5287/4552
f 3447/5290/4554 3644/5291/4553 3646/5292/4555
f 3646/5292/4555 3445/5293/4556 3447/5290/4554
f 3445/5293/4556 3646/5292/4555 3648/5294/4557
f 3648/5294/4557 3443/5295/4558 3445/5293/4556
f 3443/5295/4558 3648/5294/4557 3650/5296/4559
f 3650/5296/4559 3441/5297/4560 3443/5295/4558
f 3441/5297/4560 3650/5296/4559 3652/5298/4561
f 3652/5298/4561 3439/5299/4562 3441/5297/4560
f 3439/5299/4562 3652/5298/4561 3654/5300/4563
f 3654/5300/4563 3437/5301/4564 3439/5299/4562
f 3437/5301/4564 3654/5300/4563 3656/5302/4565
f 3656/5302/4565 3435/5303/4566 3437/5301/4564
f 3435/5303/4566 3656/5302/4565 3658/5304/4567
f 3658/5304/4567 3433/5305/4568 3435/5303/4566
f 3433/5305/4568 3658/5304/4567 3668/5306/4569
f 3668/5306/4569 3431/5307/4570 3433/5305/4568
f 3431/5307/4570 3668/5306/4569 3670/5271/4537
f 3670/5271/4537 3429/5270/4536 3431/5307/4570
f 3666/5308/3506 759/5309/4571 758/5310/4572
f 758/5310/4572 3665/5311/4573 3666/5308/3506
f 3665/5311/4573 758/5310/4572 757/5312/4574
f 757/5312/4574 3664/5313/4575 3665/5311/4573
f 3664/5313/4575 757/5312/4574 756/5314/4576
f 756/5314/4576 3663/5315/4577 3664/5313/4575
f 3663/5315/4577 756/5314/4576 755/5316/4578
f 755/5316/4578 3662/5317/4579 3663/5315/4577
f 3662/5317/4579 755/5316/4578 754/5318/4580
f 754/5318/4580 3661/5319/4581 3662/5317/4579
f 3661/5319/4581 754/5318/4580 753/5320/4582
f 753/5320/4582 3659/5321/4523 3661/5319/4581
f 3659/5321/4523 753/5320/4582 752/5322/4583
f 752/5322/4583 3692/5323/4584 3659/5321/4523
f 3692/5323/4584 752/5322/4583 751/5324/4585
f 751/5324/4585 3691/5325/4586 3692/5323/4584
f 3691/5325/4586 751/5324/4585 750/5326/4587
f 750/5326/4587 3690/5327/4588 3691/5325/4586
f 3690/5328/4588 750/5329/4587 749/5330/4589
f 749/5330/4589 3689/5331/4590 3690/5328/4588
f 3689/5331/4590 749/5330/4589 748/5332/4591
f 748/5332/4591 3688/5333/4592 3689/5331/4590
f 3688/5333/4592 748/5332/4591 746/5334/4593
f 746/5334/4593 3687/5335/4594 3688/5333/4592
f 3687/5335/4594 746/5334/4593 745/5336/4595
f 745/5336/4595 3686/5337/4596 3687/5335/4594
f 3686/5337/4596 745/5336/4595 763/5338/4597
f 763/5338/4597 3685/5339/4598 3686/5337/4596
f 3685/5339/4598 763/5338/4597 762/5340/4599
f 762/5340/4599 3640/5341/4600 3685/5339/4598
f 3640/5341/4600 762/5340/4599 761/5342/4601
f 761/5342/4601 3641/5343/4602 3640/5341/4600
f 3641/5343/4602 761/5342/4601 760/5344/4603
f 760/5344/4603 3667/5345/4604 3641/5343/4602
f 3667/5345/4604 760/5344/4603 759/5309/4571
f 759/5309/4571 3666/5308/3506 3667/5345/4604
f 3615/5346/4605 3571/5347/4606 3572/5348/4607
f 3572/5348/4607 3614/5349/4608 3615/5346/4605
f 3614/5349/4608 3572/5348/4607 3573/5350/4609
f 3573/5350/4609 3613/5351/4610 3614/5349/4608
f 3613/5351/4610 3573/5350/4609 3574/5352/4611
f 3574/5352/4611 3612/5353/4612 3613/5351/4610
f 3612/5353/4612 3574/5352/4611 3575/5354/4613
f 3575/5354/4613 3611/5355/4614 3612/5353/4612
f 3611/5355/4614 3575/5354/4613 3576/5356/4615
f 3576/5356/4615 3610/5357/4616 3611/5355/4614
f 3610/5357/4616 3576/5356/4615 3577/5358/4617
f 3577/5358/4617 3609/5359/4618 3610/5357/4616
f 3609/5359/4618 3577/5358/4617 3578/5360/4619
f 3578/5360/4619 3608/5361/4620 3609/5359/4618
f 3608/5361/4620 3578/5360/4619 3545/5362/4621
f 3545/5362/4621 3607/5363/4136 3608/5361/4620
f 3607/5363/4136 3545/5362/4621 3547/5364/4622
f 3547/5364/4622 3606/5365/4623 3607/5363/4136
f 3606/5366/4623 3547/5367/4622 3548/5368/4624
f 3548/5368/4624 3605/5369/4625 3606/5366/4623
f 3605/5369/4625 3548/5368/4624 3549/5370/4626
f 3549/5370/4626 3604/5371/4627 3605/5369/4625
f 3604/5371/4627 3549/5370/4626 3550/5372/4628
f 3550/5372/4628 3603/5373/4629 3604/5371/4627
f 3603/5373/4629 3550/5372/4628 3551/5374/4630
f 3551/5374/4630 3602/5375/4631 3603/5373/4629
f 3602/5375/4631 3551/5374/4630 3552/5376/4632
f 3552/5376/4632 3601/5377/4633 3602/5375/4631
f 3601/5377/4633 3552/5376/4632 3553/5378/4634
f 3553/5378/4634 3599/5379/4635 3601/5377/4633
f 3599/5379/4635 3553/5378/4634 3527/5380/4636
f 3527/5380/4636 3600/5381/4637 3599/5379/4635
f 3600/5381/4637 3527/5380/4636 3526/5382/4638
f 3526/5382/4638 3616/5383/4639 3600/5381/4637
f 3616/5383/4639 3526/5382/4638 3571/5347/4606
f 3571/5347/4606 3615/5346/4605 3616/5383/4639
f 3621/5384/4640 3623/5385/4641 4067/5386/4642
f 4067/5386/4642 3623/5385/4641 3626/5387/4643
f 3626/5387/4643 4068/5388/4644 4067/5386/4642
f 4068/5388/4644 3626/5387/4643 3628/5389/4645
f 3628/5389/4645 4069/5390/4646 4068/5388/4644
f 4069/5390/4646 3628/5389/4645 3630/5391/4647
f 3630/5391/4647 4070/5392/4648 4069/5390/4646
f 4070/5392/4648 3630/5391/4647 2547/5393/4649
f 2547/5393/4649 2548/5394/4650 4070/5392/4648
f 4070/5392/4648 2548/5394/4650 2549/5395/4651
f 2549/5395/4651 4071/5396/4652 4070/5392/4648
f 4069/5390/4646 4070/5392/4648 4071/5396/4652
f 4071/5396/4652 4072/5397/4653 4069/5390/4646
f 4068/5388/4644 4069/5390/4646 4072/5397/4653
f 4072/5397/4653 4073/5398/4654 4068/5388/4644
f 4067/5386/4642 4068/5388/4644 4073/5398/4654
f 4073/5398/4654 4074/5399/4655 4067/5386/4642
f 4067/5386/4642 4074/5399/4655 4075/5400/4656
f 4075/5400/4656 4076/5401/4657 4067/5386/4642
f 4076/5401/4657 4075/5400/4656 4077/5402/4658
f 4077/5402/4658 4078/5403/4659 4076/5401/4657
f 4078/5403/4659 4077/5402/4658 4079/5404/4660
f 4079/5404/4660 4080/5405/4661 4078/5403/4659
f 4080/5405/4661 4079/5404/4660 2081/5406/4662
f 2081/5406/4662 2082/5407/4663 4080/5405/4661
f 4080/5405/4661 2082/5407/4663 2083/5408/4664
f 2083/5408/4664 3617/5409/4665 4080/5405/4661
f 4078/5403/4659 4080/5405/4661 3617/5409/4665
f 3617/5409/4665 3619/5410/4666 4078/5403/4659
f 4076/5401/4657 4078/5403/4659 3619/5410/4666
f 3619/5410/4666 3621/5384/4640 4076/5401/4657
f 4067/5386/4642 4076/5401/4657 3621/5384/4640
f 4027/5411/2707 3239/5412/2707 3241/5413/2707
f 3241/5413/2707 4026/5414/2707 4027/5411/2707
f 4026/5414/2707 3241/5413/2707 3243/5415/2707
f 3243/5415/2707 4025/5416/2707 4026/5414/2707
f 4025/5416/2707 3243/5415/2707 3245/5417/2707
f 3245/5417/2707 4024/5418/2707 4025/5416/2707
f 4024/5418/2707 3245/5417/2707 3247/5419/2707
f 3247/5419/2707 4023/5420/2707 4024/5418/2707
f 4022/5421/2707 3221/5422/2707 3220/5423/2707
f 3220/5423/2707 4021/5424/2707 4022/5421/2707
f 4021/5424/2707 3220/5423/2707 3224/5425/2707
f 3224/5425/2707 4020/5426/2707 4021/5424/2707
f 4020/5426/2707 3224/5425/2707 3226/5427/2707
f 3226/5427/2707 4018/5428/2707 4020/5426/2707
f 4018/5428/2707 3226/5427/2707 3228/5429/2707
f 3228/5429/2707 4019/5430/2707 4018/5428/2707
f 4019/5430/2707 3228/5429/2707 3230/5431/2707
f 3230/5431/2707 4031/5432/2707 4019/5430/2707
f 4031/5432/2707 3230/5431/2707 3232/5433/2707
f 3232/5433/2707 4030/5434/2707 4031/5432/2707
f 4030/5434/2707 3232/5433/2707 3235/5435/2707
f 3235/5435/2707 4029/5436/2707 4030/5434/2707
f 4029/5436/2707 3235/5435/2707 3237/5437/2707
f 3237/5437/2707 4028/5438/2707 4029/5436/2707
f 4028/5438/2707 3237/5437/2707 3239/5412/2707
f 3239/5412/2707 4027/5411/2707 4028/5438/2707
f 3238/5439/2707 3271/5440/2707 3273/5441/2707
f 3273/5441/2707 3240/5442/2707 3238/5439/2707
f 3240/5442/2707 3273/5441/2707 3275/5443/2707
f 3275/5443/2707 3242/5444/2707 3240/5442/2707
f 3242/5444/2707 3275/5443/2707 3277/5445/2707
f 3277/5445/2707 3244/5446/2707 3242/5444/2707
f 3244/5446/2707 3277/5445/2707 3279/5447/2707
f 3279/5447/2707 3246/5448/2707 3244/5446/2707
f 3222/5449/2707 3253/5450/2707 3252/5451/2707
f 3252/5451/2707 3223/5452/2707 3222/5449/2707
f 3223/5452/2707 3252/5451/2707 3256/5453/2707
f 3256/5453/2707 3225/5454/2707 3223/5452/2707
f 3225/5454/2707 3256/5453/2707 3258/5455/2707
f 3258/5455/2707 3227/5456/2707 3225/5454/2707
f 3227/5456/2707 3258/5455/2707 3260/5457/2707
f 3260/5457/2707 3229/5458/2707 3227/5456/2707
f 3229/5458/2707 3260/5457/2707 3262/5459/2707
f 3262/5459/2707 3231/5460/2707 3229/5458/2707
f 3231/5460/2707 3262/5459/2707 3265/5461/2707
f 3265/5461/2707 3233/5462/2707 3231/5460/2707
f 3233/5462/2707 3265/5461/2707 3267/5463/2707
f 3267/5463/2707 3234/5464/2707 3233/5462/2707
f 3234/5464/2707 3267/5463/2707 3269/5465/2707
f 3269/5465/2707 3236/5466/2707 3234/5464/2707
f 3236/5466/2707 3269/5465/2707 3271/5440/2707
f 3271/5440/2707 3238/5439/2707 3236/5466/2707
f 2159/2421/2282 2158/2420/2281 4081/2421/4667
f 2206/2487/2337 2208/2489/2339 4081/2487/4667
f 68/68/68 71/71/71 4081/68/4667
f 2269/2566/2406 2270/2567/2407 4081/2566/4667
f 111/111/118 112/112/119 4081/111/4667
f 2299/2596/2436 2519/2893/2706 4081/2596/4667
f 2155/2417/2278 2217/2498/2350 4081/2417/4667
f 21/21/21 2171/2433/2294 4081/21/4667
f 6/6/6 5/5/5 4081/6/4667
f 2160/2422/2283 2159/2421/2282 4081/2422/4667
f 16/16/16 18/18/18 4081/16/4667
f 2270/2567/2407 2271/2568/2408 4081/2567/4667
f 71/71/71 73/73/73 4081/71/4667
f 2171/2433/2294 2167/2429/2290 4081/2433/4667
f 112/112/119 69/69/69 4081/112/4667
f 18/18/18 19/19/19 4081/18/4667
f 2161/2423/2284 2160/2422/2283 4081/2423/4667
f 116/116/123 133/133/140 4081/116/4667
f 5/5/5 8/8/8 4081/5/4667
f 2271/2568/2408 2272/2569/2409 4081/2568/4667
f 133/133/140 134/134/141 4081/133/4667
f 73/73/73 74/74/74 4081/73/4667
f 113/113/120 114/114/121 4081/113/4667
f 19/19/19 21/21/21 4081/19/4667
f 2275/2572/2412 2284/2581/2421 4081/2572/4667
f 2163/2425/2286 2161/2423/2284 4081/2425/4667
f 2272/2569/2409 2273/2570/2410 4081/2569/4667
f 22/22/22 16/16/16 4081/22/4667
f 114/114/121 111/111/118 4081/114/4667
f 8/8/8 10/10/10 4081/8/4667
f 74/74/74 75/75/75 4081/74/4667
f 2284/2581/2421 2285/2582/2422 4081/2581/4667
f 10/10/10 11/11/11 4081/10/4667
f 2273/2570/2410 2274/2571/2411 4081/2570/4667
f 2212/2493/2345 2207/2488/2338 4081/2493/4667
f 23/23/23 22/22/22 4081/23/4667
f 117/117/124 116/116/123 4081/117/4667
f 2165/2427/2288 2163/2425/2286 4081/2427/4667
f 75/75/75 76/76/76 4081/75/4667
f 2285/2582/2422 2286/2583/2423 4081/2582/4667
f 11/11/11 23/23/23 4081/11/4667
f 2289/2586/2426 2298/2595/2435 4081/2586/4667
f 2274/2571/2411 2275/2572/2412 4081/2571/4667
f 136/136/143 137/137/144 4081/136/4667
f 128/128/135 113/113/120 4081/128/4667
f 2156/2418/2279 2155/2417/2278 4081/2418/4667
f 137/137/144 129/129/136 4081/137/4667
f 2214/2495/2347 2212/2493/2345 4081/2495/4667
f 76/76/76 77/77/77 4081/76/4667
f 129/129/136 128/128/135 4081/129/4667
f 2298/2595/2435 2299/2596/2436 4081/2595/4667
f 2286/2583/2423 2287/2584/2424 4081/2583/4667
f 2167/2429/2290 2165/2427/2288 4081/2429/4667
f 134/134/141 136/136/143 4081/134/4667
f 2208/2489/2339 2267/2564/2404 4081/2489/4667
f 2157/2419/2280 2156/2418/2279 4081/2419/4667
f 77/77/77 78/78/78 4081/77/4667
f 2287/2584/2424 2288/2585/2425 4081/2584/4667
f 2216/2497/2349 2214/2495/2347 4081/2497/4667
f 2267/2564/2404 2268/2565/2405 4081/2564/4667
f 69/69/69 68/68/68 4081/69/4667
f 2158/2420/2281 2157/2419/2280 4081/2420/4667
f 78/78/78 6/6/6 4081/78/4667
f 2207/2488/2338 2206/2487/2337 4081/2488/4667
f 2288/2585/2425 2289/2586/2426 4081/2585/4667
f 2268/2565/2405 2269/2566/2406 4081/2565/4667
f 2519/2893/2706 117/117/124 4081/2893/4667
f 2217/2498/2350 2216/2497/2349 4081/2498/4667
usemtl airborne_helmet
f 3694/5467/4668 3693/5468/4669 3910/5469/4670
f 3910/5469/4670 3909/5470/4671 3908/5471/4672
f 3908/5471/4672 4082/5472/4673 3910/5469/4670
f 3910/5469/4670 4082/5472/4673 3694/5467/4668
f 3694/5467/4668 4082/5472/4673 4083/5473/4674
f 4083/5473/4674 3695/5474/4675 3694/5467/4668
f 3695/5474/4675 4083/5473/4674 4084/5475/4676
f 4084/5475/4676 3696/5476/4677 3695/5474/4675
f 3696/5476/4677 4084/5475/4676 4085/5477/4678
f 4085/5477/4678 3697/5478/4679 3696/5476/4677
f 3697/5478/4679 4085/5477/4678 4086/5479/4680
f 4086/5479/4680 3698/5480/4681 3697/5478/4679
f 3698/5480/4681 4086/5479/4680 4087/5481/4682
f 4087/5481/4682 3699/5482/4683 3698/5480/4681
f 3699/5482/4683 4087/5481/4682 4088/5483/4684
f 4088/5483/4684 3701/5484/4685 3699/5482/4683
f 3701/5484/4685 4088/5483/4684 4089/5485/4686
f 4089/5485/4686 3703/5486/4687 3701/5484/4685
f 3703/5486/4687 4089/5485/4686 4090/5487/4688
f 4082/5472/4673 3908/5471/4672 3918/5488/4689
f 3918/5488/4689 4083/5473/4674 4082/5472/4673
f 4083/5473/4674 3918/5488/4689 3917/5489/4690
f 3917/5489/4690 4084/5475/4676 4083/5473/4674
f 4084/5475/4676 3917/5489/4690 3916/5490/4691
f 3916/5490/4691 4085/5477/4678 4084/5475/4676
f 4085/5477/4678 3916/5490/4691 3915/5491/4692
f 3915/5491/4692 4086/5479/4680 4085/5477/4678
f 4086/5479/4680 3915/5491/4692 3914/5492/4693
f 3914/5492/4693 4087/5481/4682 4086/5479/4680
f 4087/5481/4682 3914/5492/4693 3913/5493/4694
f 3913/5493/4694 4088/5483/4684 4087/5481/4682
f 4088/5483/4684 3913/5493/4694 3912/5494/4695
f 3912/5494/4695 4089/5485/4686 4088/5483/4684
f 4090/5487/4688 4089/5485/4686 3912/5494/4695
f 3912/5494/4695 4091/5495/4696 4090/5487/4688
f 4090/5487/4688 4091/5495/4696 4077/5496/4697
f 4077/5496/4697 4091/5495/4696 4092/5497/4698
f 4092/5497/4698 4091/5495/4696 3912/5494/4695
f 3912/5494/4695 3911/5498/4699 4092/5497/4698
f 4092/5497/4698 4079/5499/4700 4077/5496/4697
f 4092/5497/4698 2081/5500/4701 4079/5499/4700
f 4092/5497/4698 2080/5501/4702 2081/5500/4701
f 2080/5501/4702 4092/5497/4698 3911/5498/4699
f 3911/5498/4699 863/5502/4703 2080/5501/4702
f 4077/5496/4697 4093/5503/4704 4090/5487/4688
f 4093/5503/4704 4077/5496/4697 4075/5504/4705
f 4075/5504/4705 4094/5505/4706 4093/5503/4704
f 4094/5505/4706 4075/5504/4705 4074/5506/4707
f 4074/5506/4707 4095/5507/4708 4094/5505/4706
f 4096/5508/4709 4095/5507/4708 4074/5506/4707
f 4074/5506/4707 4073/5509/4710 4096/5508/4709
f 4097/5510/4711 4096/5508/4709 4073/5509/4710
f 4073/5509/4710 4072/5511/4712 4097/5510/4711
f 4098/5512/4713 4097/5510/4711 4072/5511/4712
f 4090/5487/4688 3580/5513/4714 3703/5486/4687
f 3580/5513/4714 4090/5487/4688 4093/5503/4704
f 4093/5503/4704 3581/5514/4715 3580/5513/4714
f 3581/5514/4715 4093/5503/4704 4094/5505/4706
f 4094/5505/4706 3583/5515/4716 3581/5514/4715
f 3583/5515/4716 4094/5505/4706 4095/5507/4708
f 4095/5507/4708 3585/5516/4717 3583/5515/4716
f 3586/5517/4718 3585/5516/4717 4095/5507/4708
f 4095/5507/4708 4096/5508/4709 3586/5517/4718
f 3587/5518/4719 3586/5517/4718 4096/5508/4709
f 4096/5508/4709 4097/5510/4711 3587/5518/4719
f 3588/5519/4720 3587/5518/4719 4097/5510/4711
f 4097/5510/4711 4098/5512/4713 3588/5519/4720
f 3589/5520/4721 3588/5519/4720 4098/5512/4713
f 4098/5512/4713 4099/5521/4722 3589/5520/4721
f 3590/5522/4723 3589/5520/4721 4099/5521/4722
f 4099/5521/4722 4100/5523/4724 3590/5522/4723
f 3591/5524/4725 3590/5522/4723 4100/5523/4724
f 4057/5525/4726 4056/5526/4727 4101/5527/4728
f 4101/5527/4728 4102/5528/4729 4057/5525/4726
f 4058/5529/4730 4057/5525/4726 4102/5528/4729
f 4102/5528/4729 4103/5530/4731 4058/5529/4730
f 4059/5531/4732 4058/5529/4730 4103/5530/4731
f 4103/5530/4731 4104/5532/4733 4059/5531/4732
f 4060/5533/4734 4059/5531/4732 4104/5532/4733
f 4104/5532/4733 4105/5534/4735 4060/5533/4734
f 4061/5535/4736 4060/5533/4734 4105/5534/4735
f 4105/5534/4735 4106/5536/4737 4061/5535/4736
f 4062/5537/4738 4061/5535/4736 4106/5536/4737
f 4106/5536/4737 4100/5523/4724 4062/5537/4738
f 4063/5538/4739 4062/5537/4738 4100/5523/4724
f 4100/5523/4724 4099/5521/4722 4063/5538/4739
f 4063/5538/4739 4099/5521/4722 4098/5512/4713
f 4098/5512/4713 4107/5539/4740 4063/5538/4739
f 4072/5511/4712 4107/5539/4740 4098/5512/4713
f 4108/5540/4741 4107/5539/4740 4072/5511/4712
f 4063/5538/4739 4107/5539/4740 4108/5540/4741
f 4108/5540/4741 4064/5541/4742 4063/5538/4739
f 4072/5511/4712 4071/5542/4743 4108/5540/4741
f 4108/5540/4741 4071/5542/4743 2549/5543/4744
f 4108/5540/4741 2549/5543/4744 2550/5544/4745
f 4064/5541/4742 4108/5540/4741 2550/5544/4745
f 2550/5544/4745 3631/5545/4746 4064/5541/4742
f 4100/5523/4724 4106/5536/4737 3591/5524/4725
f 3592/5546/4747 3591/5524/4725 4106/5536/4737
f 4106/5536/4737 4105/5534/4735 3592/5546/4747
f 3593/5547/4748 3592/5546/4747 4105/5534/4735
f 4105/5534/4735 4104/5532/4733 3593/5547/4748
f 3594/5548/4749 3593/5547/4748 4104/5532/4733
f 4104/5532/4733 4103/5530/4731 3594/5548/4749
f 3595/5549/4750 3594/5548/4749 4103/5530/4731
f 4103/5530/4731 4102/5528/4729 3595/5549/4750
f 3596/5550/4751 3595/5549/4750 4102/5528/4729
f 4102/5528/4729 4101/5527/4728 3596/5550/4751
f 3596/5550/4751 4101/5527/4728 4054/5551/4752
f 4054/5551/4752 4101/5527/4728 4056/5526/4727
f 4056/5526/4727 4055/5552/4753 4054/5551/4752
f 4054/5551/4752 3597/5553/4754 3596/5550/4751
